manuscript_id,work_id,record_type,institution,collection,shelfmark,catalog_title,catalog_url,digitized_url,iiif_manifest,folio_count,date,place,scribe,material,script,language,description,rights_statement,rights_url,download_allowed,local_hosting_allowed,attribution,image_resolution,ocr_available,rights_status,ingestion_priority,transcription_url
openiti_mss_MS0000Unknown.FieldCT133_4.IEDC1261-mpp1,,TRANSCRIPTION,Unknown collection,,location unknown (field no. CT-133/4),,https://www.invisible-east.org/corpus/1261/,https://www.invisible-east.org/corpus/1261/,,,,Unknown,,,,mpp,OpenITI MSS machine-readable transcription; page-image rights are separate.,OpenITI transcription under CC BY-NC-SA 4.0; image rights separate,https://kitab-project.org/docs/openITI,True,True,OpenITI URI MS0000Unknown.FieldCT133_4.IEDC1261-mpp1,,False,CLEARED_WITH_ATTRIBUTION,P1,https://raw.githubusercontent.com/OpenITI/RELEASE/v2025.1.9/data/MS0000Unknown/MS0000Unknown.FieldCT133_4/MS0000Unknown.FieldCT133_4.IEDC1261-mpp1
openiti_mss_MS0000UnknownPrivate.HuartI.IEDC0150-ara1,,TRANSCRIPTION,Private Collection,,Huart I,,https://www.invisible-east.org/corpus/150/,https://www.invisible-east.org/corpus/150/,,,,unknown,,,,ara,OpenITI MSS machine-readable transcription; page-image rights are separate.,OpenITI transcription under CC BY-NC-SA 4.0; image rights separate,https://kitab-project.org/docs/openITI,True,True,OpenITI URI MS0000UnknownPrivate.HuartI.IEDC0150-ara1,,False,CLEARED_WITH_ATTRIBUTION,P1,https://raw.githubusercontent.com/OpenITI/RELEASE/v2025.1.9/data/MS0000UnknownPrivate/MS0000UnknownPrivate.HuartI/MS0000UnknownPrivate.HuartI.IEDC0150-ara1
openiti_mss_MS0000UnknownPrivate.HuartII.IEDC0151-ara1ugo1,,TRANSCRIPTION,Private Collection,,Huart II,,https://www.invisible-east.org/corpus/151/,https://www.invisible-east.org/corpus/151/,,,,unknown,,,,"ara,ugo",OpenITI MSS machine-readable transcription; page-image rights are separate.,OpenITI transcription under CC BY-NC-SA 4.0; image rights separate,https://kitab-project.org/docs/openITI,True,True,OpenITI URI MS0000UnknownPrivate.HuartII.IEDC0151-ara1ugo1,,False,CLEARED_WITH_ATTRIBUTION,P1,https://raw.githubusercontent.com/OpenITI/RELEASE/v2025.1.9/data/MS0000UnknownPrivate/MS0000UnknownPrivate.HuartII/MS0000UnknownPrivate.HuartII.IEDC0151-ara1ugo1
openiti_mss_MS0000UnknownPrivate.HuartIII.IEDC0152-ara1ugo1,,TRANSCRIPTION,Private Collection,,Huart III,,https://www.invisible-east.org/corpus/152/,https://www.invisible-east.org/corpus/152/,,,,unknown,,,,"ara,ugo",OpenITI MSS machine-readable transcription; page-image rights are separate.,OpenITI transcription under CC BY-NC-SA 4.0; image rights separate,https://kitab-project.org/docs/openITI,True,True,OpenITI URI MS0000UnknownPrivate.HuartIII.IEDC0152-ara1ugo1,,False,CLEARED_WITH_ATTRIBUTION,P1,https://raw.githubusercontent.com/OpenITI/RELEASE/v2025.1.9/data/MS0000UnknownPrivate/MS0000UnknownPrivate.HuartIII/MS0000UnknownPrivate.HuartIII.IEDC0152-ara1ugo1
openiti_mss_MS0000UnknownPrivate.SimsWilliamsJg.IEDC0025-bac1,,TRANSCRIPTION,Private Collection,,Sims-Williams jg,,https://www.invisible-east.org/corpus/25/,https://www.invisible-east.org/corpus/25/,,,,unknown,,,,bac,OpenITI MSS machine-readable transcription; page-image rights are separate.,OpenITI transcription under CC BY-NC-SA 4.0; image rights separate,https://kitab-project.org/docs/openITI,True,True,OpenITI URI MS0000UnknownPrivate.SimsWilliamsJg.IEDC0025-bac1,,False,CLEARED_WITH_ATTRIBUTION,P1,https://raw.githubusercontent.com/OpenITI/RELEASE/v2025.1.9/data/MS0000UnknownPrivate/MS0000UnknownPrivate.SimsWilliamsJg/MS0000UnknownPrivate.SimsWilliamsJg.IEDC0025-bac1
openiti_mss_MS0000UnknownPrivate.SimsWilliamsJj.IEDC0014-bac1,,TRANSCRIPTION,Private Collection,,Sims-Williams jj,,https://www.invisible-east.org/corpus/14/,https://www.invisible-east.org/corpus/14/,,,,unknown,,,,bac,OpenITI MSS machine-readable transcription; page-image rights are separate.,OpenITI transcription under CC BY-NC-SA 4.0; image rights separate,https://kitab-project.org/docs/openITI,True,True,OpenITI URI MS0000UnknownPrivate.SimsWilliamsJj.IEDC0014-bac1,,False,CLEARED_WITH_ATTRIBUTION,P1,https://raw.githubusercontent.com/OpenITI/RELEASE/v2025.1.9/data/MS0000UnknownPrivate/MS0000UnknownPrivate.SimsWilliamsJj/MS0000UnknownPrivate.SimsWilliamsJj.IEDC0014-bac1
openiti_mss_MS0000UnknownPrivate.SimsWilliamsUv.IEDC0013-bac1,,TRANSCRIPTION,Private Collection,,Sims-Williams Uv,,https://www.invisible-east.org/corpus/13/,https://www.invisible-east.org/corpus/13/,,,,unknown,,,,bac,OpenITI MSS machine-readable transcription; page-image rights are separate.,OpenITI transcription under CC BY-NC-SA 4.0; image rights separate,https://kitab-project.org/docs/openITI,True,True,OpenITI URI MS0000UnknownPrivate.SimsWilliamsUv.IEDC0013-bac1,,False,CLEARED_WITH_ATTRIBUTION,P1,https://raw.githubusercontent.com/OpenITI/RELEASE/v2025.1.9/data/MS0000UnknownPrivate/MS0000UnknownPrivate.SimsWilliamsUv/MS0000UnknownPrivate.SimsWilliamsUv.IEDC0013-bac1
openiti_mss_MS0001ChicagoISAC.ISACMA154067FieldCT205_1.IEDC1267-mpp1,,TRANSCRIPTION,Institute for the Study of Ancient Cultures,,ISACM A154067 (field no. CT-205.1),,https://www.invisible-east.org/corpus/1267/,https://www.invisible-east.org/corpus/1267/,,,,Chicago,,,,mpp,OpenITI MSS machine-readable transcription; page-image rights are separate.,OpenITI transcription under CC BY-NC-SA 4.0; image rights separate,https://kitab-project.org/docs/openITI,True,True,OpenITI URI MS0001ChicagoISAC.ISACMA154067FieldCT205_1.IEDC1267-mpp1,,False,CLEARED_WITH_ATTRIBUTION,P1,https://raw.githubusercontent.com/OpenITI/RELEASE/v2025.1.9/data/MS0001ChicagoISAC/MS0001ChicagoISAC.ISACMA154067FieldCT205_1/MS0001ChicagoISAC.ISACMA154067FieldCT205_1.IEDC1267-mpp1
openiti_mss_MS0001ChicagoISAC.ISACMA154068FieldCT205_4.IEDC1270-mpp1,,TRANSCRIPTION,Institute for the Study of Ancient Cultures,,ISACM A154068 (field no. CT-205/4),,https://www.invisible-east.org/corpus/1270/,https://www.invisible-east.org/corpus/1270/,,,,Chicago,,,,mpp,OpenITI MSS machine-readable transcription; page-image rights are separate.,OpenITI transcription under CC BY-NC-SA 4.0; image rights separate,https://kitab-project.org/docs/openITI,True,True,OpenITI URI MS0001ChicagoISAC.ISACMA154068FieldCT205_4.IEDC1270-mpp1,,False,CLEARED_WITH_ATTRIBUTION,P1,https://raw.githubusercontent.com/OpenITI/RELEASE/v2025.1.9/data/MS0001ChicagoISAC/MS0001ChicagoISAC.ISACMA154068FieldCT205_4/MS0001ChicagoISAC.ISACMA154068FieldCT205_4.IEDC1270-mpp1
openiti_mss_MS0001ChicagoISAC.ISACMA154069FieldCT205_3a.IEDC1268-mpp1,,TRANSCRIPTION,Institute for the Study of Ancient Cultures,,ISACM A154069 (field no. CT-205/3a),,https://www.invisible-east.org/corpus/1268/,https://www.invisible-east.org/corpus/1268/,,,,Chicago,,,,mpp,OpenITI MSS machine-readable transcription; page-image rights are separate.,OpenITI transcription under CC BY-NC-SA 4.0; image rights separate,https://kitab-project.org/docs/openITI,True,True,OpenITI URI MS0001ChicagoISAC.ISACMA154069FieldCT205_3a.IEDC1268-mpp1,,False,CLEARED_WITH_ATTRIBUTION,P1,https://raw.githubusercontent.com/OpenITI/RELEASE/v2025.1.9/data/MS0001ChicagoISAC/MS0001ChicagoISAC.ISACMA154069FieldCT205_3a/MS0001ChicagoISAC.ISACMA154069FieldCT205_3a.IEDC1268-mpp1
openiti_mss_MS0001ChicagoISAC.ISACMA154070FieldCT205_3b.IEDC1269-mpp1,,TRANSCRIPTION,Institute for the Study of Ancient Cultures,,ISACM A154070 (field no. CT-205/3b),,https://www.invisible-east.org/corpus/1269/,https://www.invisible-east.org/corpus/1269/,,,,Chicago,,,,mpp,OpenITI MSS machine-readable transcription; page-image rights are separate.,OpenITI transcription under CC BY-NC-SA 4.0; image rights separate,https://kitab-project.org/docs/openITI,True,True,OpenITI URI MS0001ChicagoISAC.ISACMA154070FieldCT205_3b.IEDC1269-mpp1,,False,CLEARED_WITH_ATTRIBUTION,P1,https://raw.githubusercontent.com/OpenITI/RELEASE/v2025.1.9/data/MS0001ChicagoISAC/MS0001ChicagoISAC.ISACMA154070FieldCT205_3b/MS0001ChicagoISAC.ISACMA154070FieldCT205_3b.IEDC1269-mpp1
openiti_mss_MS0001PhiladelphiaPenn.PM37_33_21FieldCT135_5.IEDC1265-mpp1,,TRANSCRIPTION,Penn Museum,,PM 37-33-21 (field no. CT-135/5),,https://www.invisible-east.org/corpus/1265/,https://www.invisible-east.org/corpus/1265/,,,,Philadelphia,,,,mpp,OpenITI MSS machine-readable transcription; page-image rights are separate.,OpenITI transcription under CC BY-NC-SA 4.0; image rights separate,https://kitab-project.org/docs/openITI,True,True,OpenITI URI MS0001PhiladelphiaPenn.PM37_33_21FieldCT135_5.IEDC1265-mpp1,,False,CLEARED_WITH_ATTRIBUTION,P1,https://raw.githubusercontent.com/OpenITI/RELEASE/v2025.1.9/data/MS0001PhiladelphiaPenn/MS0001PhiladelphiaPenn.PM37_33_21FieldCT135_5/MS0001PhiladelphiaPenn.PM37_33_21FieldCT135_5.IEDC1265-mpp1
openiti_mss_MS0001PhiladelphiaPenn.PM37_33_42FieldCT135_6.IEDC1266-mpp1,,TRANSCRIPTION,Penn Museum,,PM 37-33-42 (field no. CT-135/6),,https://www.invisible-east.org/corpus/1266/,https://www.invisible-east.org/corpus/1266/,,,,Philadelphia,,,,mpp,OpenITI MSS machine-readable transcription; page-image rights are separate.,OpenITI transcription under CC BY-NC-SA 4.0; image rights separate,https://kitab-project.org/docs/openITI,True,True,OpenITI URI MS0001PhiladelphiaPenn.PM37_33_42FieldCT135_6.IEDC1266-mpp1,,False,CLEARED_WITH_ATTRIBUTION,P1,https://raw.githubusercontent.com/OpenITI/RELEASE/v2025.1.9/data/MS0001PhiladelphiaPenn/MS0001PhiladelphiaPenn.PM37_33_42FieldCT135_6/MS0001PhiladelphiaPenn.PM37_33_42FieldCT135_6.IEDC1266-mpp1
openiti_mss_MS0001PhiladelphiaPenn.PM37_33_50FieldCT135_4.IEDC1264-mpp1,,TRANSCRIPTION,Penn Museum,,PM 37-33-50 (field no. CT-135/4),,https://www.invisible-east.org/corpus/1264/,https://www.invisible-east.org/corpus/1264/,,,,Philadelphia,,,,mpp,OpenITI MSS machine-readable transcription; page-image rights are separate.,OpenITI transcription under CC BY-NC-SA 4.0; image rights separate,https://kitab-project.org/docs/openITI,True,True,OpenITI URI MS0001PhiladelphiaPenn.PM37_33_50FieldCT135_4.IEDC1264-mpp1,,False,CLEARED_WITH_ATTRIBUTION,P1,https://raw.githubusercontent.com/OpenITI/RELEASE/v2025.1.9/data/MS0001PhiladelphiaPenn/MS0001PhiladelphiaPenn.PM37_33_50FieldCT135_4/MS0001PhiladelphiaPenn.PM37_33_50FieldCT135_4.IEDC1264-mpp1
openiti_mss_MS0001PhiladelphiaPenn.PM37_33_52FieldCT135_2.IEDC1263-mpp1,,TRANSCRIPTION,Penn Museum,,PM 37-33-52 (field no. CT-135/2),,https://www.invisible-east.org/corpus/1263/,https://www.invisible-east.org/corpus/1263/,,,,Philadelphia,,,,mpp,OpenITI MSS machine-readable transcription; page-image rights are separate.,OpenITI transcription under CC BY-NC-SA 4.0; image rights separate,https://kitab-project.org/docs/openITI,True,True,OpenITI URI MS0001PhiladelphiaPenn.PM37_33_52FieldCT135_2.IEDC1263-mpp1,,False,CLEARED_WITH_ATTRIBUTION,P1,https://raw.githubusercontent.com/OpenITI/RELEASE/v2025.1.9/data/MS0001PhiladelphiaPenn/MS0001PhiladelphiaPenn.PM37_33_52FieldCT135_2/MS0001PhiladelphiaPenn.PM37_33_52FieldCT135_2.IEDC1263-mpp1
openiti_mss_MS0001PhiladelphiaPenn.PM37_33_54FieldCT135_1.IEDC1262-mpp1,,TRANSCRIPTION,Penn Museum,,PM 37-33-54 (field no. CT-135/1),,https://www.invisible-east.org/corpus/1262/,https://www.invisible-east.org/corpus/1262/,,,,Philadelphia,,,,mpp,OpenITI MSS machine-readable transcription; page-image rights are separate.,OpenITI transcription under CC BY-NC-SA 4.0; image rights separate,https://kitab-project.org/docs/openITI,True,True,OpenITI URI MS0001PhiladelphiaPenn.PM37_33_54FieldCT135_1.IEDC1262-mpp1,,False,CLEARED_WITH_ATTRIBUTION,P1,https://raw.githubusercontent.com/OpenITI/RELEASE/v2025.1.9/data/MS0001PhiladelphiaPenn/MS0001PhiladelphiaPenn.PM37_33_54FieldCT135_1/MS0001PhiladelphiaPenn.PM37_33_54FieldCT135_1.IEDC1262-mpp1
openiti_mss_MS0001PrincetonUL.Garett247B.SK202503-per1,,TRANSCRIPTION,Princeton University Library,,Garett 247B,,,,,,,Princeton :: New Jersey,,,,per,OpenITI MSS machine-readable transcription; page-image rights are separate.,OpenITI transcription under CC BY-NC-SA 4.0; image rights separate,https://kitab-project.org/docs/openITI,True,True,OpenITI URI MS0001PrincetonUL.Garett247B.SK202503-per1,,False,CLEARED_WITH_ATTRIBUTION,P1,https://raw.githubusercontent.com/OpenITI/RELEASE/v2025.1.9/data/MS0001PrincetonUL/MS0001PrincetonUL.Garett247B/MS0001PrincetonUL.Garett247B.SK202503-per1
openiti_mss_MS0001VirginiaPrivate.SimsWilliamsO.IEDC0001-bac1,,TRANSCRIPTION,Private Collection,,Sims-Williams O,,https://www.invisible-east.org/corpus/1/,https://www.invisible-east.org/corpus/1/,,,,Virginia,,,,bac,OpenITI MSS machine-readable transcription; page-image rights are separate.,OpenITI transcription under CC BY-NC-SA 4.0; image rights separate,https://kitab-project.org/docs/openITI,True,True,OpenITI URI MS0001VirginiaPrivate.SimsWilliamsO.IEDC0001-bac1,,False,CLEARED_WITH_ATTRIBUTION,P1,https://raw.githubusercontent.com/OpenITI/RELEASE/v2025.1.9/data/MS0001VirginiaPrivate/MS0001VirginiaPrivate.SimsWilliamsO/MS0001VirginiaPrivate.SimsWilliamsO.IEDC0001-bac1
openiti_mss_MS0044LondonBL.Or8212_166.IEDC1281-jup1,,TRANSCRIPTION,British Library,,Or.8212/166,,https://www.invisible-east.org/corpus/1281/,https://www.invisible-east.org/corpus/1281/,,,,London,,,,jup,OpenITI MSS machine-readable transcription; page-image rights are separate.,OpenITI transcription under CC BY-NC-SA 4.0; image rights separate,https://kitab-project.org/docs/openITI,True,True,OpenITI URI MS0044LondonBL.Or8212_166.IEDC1281-jup1,,False,CLEARED_WITH_ATTRIBUTION,P1,https://raw.githubusercontent.com/OpenITI/RELEASE/v2025.1.9/data/MS0044LondonBL/MS0044LondonBL.Or8212_166/MS0044LondonBL.Or8212_166.IEDC1281-jup1
openiti_mss_MS0044LondonKhalili.DOC10.IEDC0008-bac1,,TRANSCRIPTION,Khalili Collection,,DOC 10,,https://www.invisible-east.org/corpus/8/,https://www.invisible-east.org/corpus/8/,,,,London,,,,bac,OpenITI MSS machine-readable transcription; page-image rights are separate.,OpenITI transcription under CC BY-NC-SA 4.0; image rights separate,https://kitab-project.org/docs/openITI,True,True,OpenITI URI MS0044LondonKhalili.DOC10.IEDC0008-bac1,,False,CLEARED_WITH_ATTRIBUTION,P1,https://raw.githubusercontent.com/OpenITI/RELEASE/v2025.1.9/data/MS0044LondonKhalili/MS0044LondonKhalili.DOC10/MS0044LondonKhalili.DOC10.IEDC0008-bac1
openiti_mss_MS0044LondonKhalili.DOC112.IEDC0003-bac1,,TRANSCRIPTION,Khalili Collection,,DOC 112,,https://www.invisible-east.org/corpus/3/,https://www.invisible-east.org/corpus/3/,,,,London,,,,bac,OpenITI MSS machine-readable transcription; page-image rights are separate.,OpenITI transcription under CC BY-NC-SA 4.0; image rights separate,https://kitab-project.org/docs/openITI,True,True,OpenITI URI MS0044LondonKhalili.DOC112.IEDC0003-bac1,,False,CLEARED_WITH_ATTRIBUTION,P1,https://raw.githubusercontent.com/OpenITI/RELEASE/v2025.1.9/data/MS0044LondonKhalili/MS0044LondonKhalili.DOC112/MS0044LondonKhalili.DOC112.IEDC0003-bac1
openiti_mss_MS0044LondonKhalili.DOC113.IEDC0011-bac1,,TRANSCRIPTION,Khalili Collection,,DOC 113,,https://www.invisible-east.org/corpus/11/,https://www.invisible-east.org/corpus/11/,,,,London,,,,bac,OpenITI MSS machine-readable transcription; page-image rights are separate.,OpenITI transcription under CC BY-NC-SA 4.0; image rights separate,https://kitab-project.org/docs/openITI,True,True,OpenITI URI MS0044LondonKhalili.DOC113.IEDC0011-bac1,,False,CLEARED_WITH_ATTRIBUTION,P1,https://raw.githubusercontent.com/OpenITI/RELEASE/v2025.1.9/data/MS0044LondonKhalili/MS0044LondonKhalili.DOC113/MS0044LondonKhalili.DOC113.IEDC0011-bac1
openiti_mss_MS0044LondonKhalili.DOC114.IEDC0017-bac1,,TRANSCRIPTION,Khalili Collection,,DOC 114,,https://www.invisible-east.org/corpus/17/,https://www.invisible-east.org/corpus/17/,,,,London,,,,bac,OpenITI MSS machine-readable transcription; page-image rights are separate.,OpenITI transcription under CC BY-NC-SA 4.0; image rights separate,https://kitab-project.org/docs/openITI,True,True,OpenITI URI MS0044LondonKhalili.DOC114.IEDC0017-bac1,,False,CLEARED_WITH_ATTRIBUTION,P1,https://raw.githubusercontent.com/OpenITI/RELEASE/v2025.1.9/data/MS0044LondonKhalili/MS0044LondonKhalili.DOC114/MS0044LondonKhalili.DOC114.IEDC0017-bac1
openiti_mss_MS0044LondonKhalili.DOC115.IEDC0019-bac1,,TRANSCRIPTION,Khalili Collection,,DOC 115,,https://www.invisible-east.org/corpus/19/,https://www.invisible-east.org/corpus/19/,,,,London,,,,bac,OpenITI MSS machine-readable transcription; page-image rights are separate.,OpenITI transcription under CC BY-NC-SA 4.0; image rights separate,https://kitab-project.org/docs/openITI,True,True,OpenITI URI MS0044LondonKhalili.DOC115.IEDC0019-bac1,,False,CLEARED_WITH_ATTRIBUTION,P1,https://raw.githubusercontent.com/OpenITI/RELEASE/v2025.1.9/data/MS0044LondonKhalili/MS0044LondonKhalili.DOC115/MS0044LondonKhalili.DOC115.IEDC0019-bac1
openiti_mss_MS0044LondonKhalili.DOC116.IEDC0004-bac1,,TRANSCRIPTION,Khalili Collection,,DOC 116,,https://www.invisible-east.org/corpus/4/,https://www.invisible-east.org/corpus/4/,,,,London,,,,bac,OpenITI MSS machine-readable transcription; page-image rights are separate.,OpenITI transcription under CC BY-NC-SA 4.0; image rights separate,https://kitab-project.org/docs/openITI,True,True,OpenITI URI MS0044LondonKhalili.DOC116.IEDC0004-bac1,,False,CLEARED_WITH_ATTRIBUTION,P1,https://raw.githubusercontent.com/OpenITI/RELEASE/v2025.1.9/data/MS0044LondonKhalili/MS0044LondonKhalili.DOC116/MS0044LondonKhalili.DOC116.IEDC0004-bac1
openiti_mss_MS0044LondonKhalili.DOC117.IEDC0005-bac1,,TRANSCRIPTION,Khalili Collection,,DOC 117,,https://www.invisible-east.org/corpus/5/,https://www.invisible-east.org/corpus/5/,,,,London,,,,bac,OpenITI MSS machine-readable transcription; page-image rights are separate.,OpenITI transcription under CC BY-NC-SA 4.0; image rights separate,https://kitab-project.org/docs/openITI,True,True,OpenITI URI MS0044LondonKhalili.DOC117.IEDC0005-bac1,,False,CLEARED_WITH_ATTRIBUTION,P1,https://raw.githubusercontent.com/OpenITI/RELEASE/v2025.1.9/data/MS0044LondonKhalili/MS0044LondonKhalili.DOC117/MS0044LondonKhalili.DOC117.IEDC0005-bac1
openiti_mss_MS0044LondonKhalili.DOC11AR14.IEDC0056-ara1,,TRANSCRIPTION,Khalili Collection,,DOC 11 [AR 14],,https://www.invisible-east.org/corpus/56/,https://www.invisible-east.org/corpus/56/,,,,London,,,,ara,OpenITI MSS machine-readable transcription; page-image rights are separate.,OpenITI transcription under CC BY-NC-SA 4.0; image rights separate,https://kitab-project.org/docs/openITI,True,True,OpenITI URI MS0044LondonKhalili.DOC11AR14.IEDC0056-ara1,,False,CLEARED_WITH_ATTRIBUTION,P1,https://raw.githubusercontent.com/OpenITI/RELEASE/v2025.1.9/data/MS0044LondonKhalili/MS0044LondonKhalili.DOC11AR14/MS0044LondonKhalili.DOC11AR14.IEDC0056-ara1
openiti_mss_MS0044LondonKhalili.DOC12AR11.IEDC0046-ara1,,TRANSCRIPTION,Khalili Collection,,DOC 12 [AR 11],,https://www.invisible-east.org/corpus/46/,https://www.invisible-east.org/corpus/46/,,,,London,,,,ara,OpenITI MSS machine-readable transcription; page-image rights are separate.,OpenITI transcription under CC BY-NC-SA 4.0; image rights separate,https://kitab-project.org/docs/openITI,True,True,OpenITI URI MS0044LondonKhalili.DOC12AR11.IEDC0046-ara1,,False,CLEARED_WITH_ATTRIBUTION,P1,https://raw.githubusercontent.com/OpenITI/RELEASE/v2025.1.9/data/MS0044LondonKhalili/MS0044LondonKhalili.DOC12AR11/MS0044LondonKhalili.DOC12AR11.IEDC0046-ara1
openiti_mss_MS0044LondonKhalili.DOC13AR15.IEDC0032-ara1,,TRANSCRIPTION,Khalili Collection,,DOC 13 [AR 15],,https://www.invisible-east.org/corpus/32/,https://www.invisible-east.org/corpus/32/,,,,London,,,,ara,OpenITI MSS machine-readable transcription; page-image rights are separate.,OpenITI transcription under CC BY-NC-SA 4.0; image rights separate,https://kitab-project.org/docs/openITI,True,True,OpenITI URI MS0044LondonKhalili.DOC13AR15.IEDC0032-ara1,,False,CLEARED_WITH_ATTRIBUTION,P1,https://raw.githubusercontent.com/OpenITI/RELEASE/v2025.1.9/data/MS0044LondonKhalili/MS0044LondonKhalili.DOC13AR15/MS0044LondonKhalili.DOC13AR15.IEDC0032-ara1
openiti_mss_MS0044LondonKhalili.DOC14AR28.IEDC0050-ara1,,TRANSCRIPTION,Khalili Collection,,DOC 14 [AR 28],,https://www.invisible-east.org/corpus/50/,https://www.invisible-east.org/corpus/50/,,,,London,,,,ara,OpenITI MSS machine-readable transcription; page-image rights are separate.,OpenITI transcription under CC BY-NC-SA 4.0; image rights separate,https://kitab-project.org/docs/openITI,True,True,OpenITI URI MS0044LondonKhalili.DOC14AR28.IEDC0050-ara1,,False,CLEARED_WITH_ATTRIBUTION,P1,https://raw.githubusercontent.com/OpenITI/RELEASE/v2025.1.9/data/MS0044LondonKhalili/MS0044LondonKhalili.DOC14AR28/MS0044LondonKhalili.DOC14AR28.IEDC0050-ara1
openiti_mss_MS0044LondonKhalili.DOC151.IEDC1222-per1,,TRANSCRIPTION,Khalili Collection,,DOC 151,,https://www.invisible-east.org/corpus/1222/,https://www.invisible-east.org/corpus/1222/,,,,London,,,,per,OpenITI MSS machine-readable transcription; page-image rights are separate.,OpenITI transcription under CC BY-NC-SA 4.0; image rights separate,https://kitab-project.org/docs/openITI,True,True,OpenITI URI MS0044LondonKhalili.DOC151.IEDC1222-per1,,False,CLEARED_WITH_ATTRIBUTION,P1,https://raw.githubusercontent.com/OpenITI/RELEASE/v2025.1.9/data/MS0044LondonKhalili/MS0044LondonKhalili.DOC151/MS0044LondonKhalili.DOC151.IEDC1222-per1
openiti_mss_MS0044LondonKhalili.DOC152Rectoa.IEDC1226-per1,,TRANSCRIPTION,Khalili Collection,,"DOC 152, recto (a)",,https://www.invisible-east.org/corpus/1226/,https://www.invisible-east.org/corpus/1226/,,,,London,,,,per,OpenITI MSS machine-readable transcription; page-image rights are separate.,OpenITI transcription under CC BY-NC-SA 4.0; image rights separate,https://kitab-project.org/docs/openITI,True,True,OpenITI URI MS0044LondonKhalili.DOC152Rectoa.IEDC1226-per1,,False,CLEARED_WITH_ATTRIBUTION,P1,https://raw.githubusercontent.com/OpenITI/RELEASE/v2025.1.9/data/MS0044LondonKhalili/MS0044LondonKhalili.DOC152Rectoa/MS0044LondonKhalili.DOC152Rectoa.IEDC1226-per1
openiti_mss_MS0044LondonKhalili.DOC152Rectob.IEDC1225-per1,,TRANSCRIPTION,Khalili Collection,,"DOC 152, recto (b)",,https://www.invisible-east.org/corpus/1225/,https://www.invisible-east.org/corpus/1225/,,,,London,,,,per,OpenITI MSS machine-readable transcription; page-image rights are separate.,OpenITI transcription under CC BY-NC-SA 4.0; image rights separate,https://kitab-project.org/docs/openITI,True,True,OpenITI URI MS0044LondonKhalili.DOC152Rectob.IEDC1225-per1,,False,CLEARED_WITH_ATTRIBUTION,P1,https://raw.githubusercontent.com/OpenITI/RELEASE/v2025.1.9/data/MS0044LondonKhalili/MS0044LondonKhalili.DOC152Rectob/MS0044LondonKhalili.DOC152Rectob.IEDC1225-per1
openiti_mss_MS0044LondonKhalili.DOC152Verso.IEDC1223-per1,,TRANSCRIPTION,Khalili Collection,,"DOC 152, verso",,https://www.invisible-east.org/corpus/1223/,https://www.invisible-east.org/corpus/1223/,,,,London,,,,per,OpenITI MSS machine-readable transcription; page-image rights are separate.,OpenITI transcription under CC BY-NC-SA 4.0; image rights separate,https://kitab-project.org/docs/openITI,True,True,OpenITI URI MS0044LondonKhalili.DOC152Verso.IEDC1223-per1,,False,CLEARED_WITH_ATTRIBUTION,P1,https://raw.githubusercontent.com/OpenITI/RELEASE/v2025.1.9/data/MS0044LondonKhalili/MS0044LondonKhalili.DOC152Verso/MS0044LondonKhalili.DOC152Verso.IEDC1223-per1
openiti_mss_MS0044LondonKhalili.DOC15AR23.IEDC0036-ara1,,TRANSCRIPTION,Khalili Collection,,DOC 15 [AR 23],,https://www.invisible-east.org/corpus/36/,https://www.invisible-east.org/corpus/36/,,,,London,,,,ara,OpenITI MSS machine-readable transcription; page-image rights are separate.,OpenITI transcription under CC BY-NC-SA 4.0; image rights separate,https://kitab-project.org/docs/openITI,True,True,OpenITI URI MS0044LondonKhalili.DOC15AR23.IEDC0036-ara1,,False,CLEARED_WITH_ATTRIBUTION,P1,https://raw.githubusercontent.com/OpenITI/RELEASE/v2025.1.9/data/MS0044LondonKhalili/MS0044LondonKhalili.DOC15AR23/MS0044LondonKhalili.DOC15AR23.IEDC0036-ara1
openiti_mss_MS0044LondonKhalili.DOC16AR24.IEDC0049-ara1,,TRANSCRIPTION,Khalili Collection,,DOC 16 [AR 24],,https://www.invisible-east.org/corpus/49/,https://www.invisible-east.org/corpus/49/,,,,London,,,,ara,OpenITI MSS machine-readable transcription; page-image rights are separate.,OpenITI transcription under CC BY-NC-SA 4.0; image rights separate,https://kitab-project.org/docs/openITI,True,True,OpenITI URI MS0044LondonKhalili.DOC16AR24.IEDC0049-ara1,,False,CLEARED_WITH_ATTRIBUTION,P1,https://raw.githubusercontent.com/OpenITI/RELEASE/v2025.1.9/data/MS0044LondonKhalili/MS0044LondonKhalili.DOC16AR24/MS0044LondonKhalili.DOC16AR24.IEDC0049-ara1
openiti_mss_MS0044LondonKhalili.DOC17AR3.IEDC0043-ara1,,TRANSCRIPTION,Khalili Collection,,DOC 17 [AR 3],,https://www.invisible-east.org/corpus/43/,https://www.invisible-east.org/corpus/43/,,,,London,,,,ara,OpenITI MSS machine-readable transcription; page-image rights are separate.,OpenITI transcription under CC BY-NC-SA 4.0; image rights separate,https://kitab-project.org/docs/openITI,True,True,OpenITI URI MS0044LondonKhalili.DOC17AR3.IEDC0043-ara1,,False,CLEARED_WITH_ATTRIBUTION,P1,https://raw.githubusercontent.com/OpenITI/RELEASE/v2025.1.9/data/MS0044LondonKhalili/MS0044LondonKhalili.DOC17AR3/MS0044LondonKhalili.DOC17AR3.IEDC0043-ara1
openiti_mss_MS0044LondonKhalili.DOC18AR27.IEDC0029-ara1,,TRANSCRIPTION,Khalili Collection,,DOC 18 [AR 27],,https://www.invisible-east.org/corpus/29/,https://www.invisible-east.org/corpus/29/,,,,London,,,,ara,OpenITI MSS machine-readable transcription; page-image rights are separate.,OpenITI transcription under CC BY-NC-SA 4.0; image rights separate,https://kitab-project.org/docs/openITI,True,True,OpenITI URI MS0044LondonKhalili.DOC18AR27.IEDC0029-ara1,,False,CLEARED_WITH_ATTRIBUTION,P1,https://raw.githubusercontent.com/OpenITI/RELEASE/v2025.1.9/data/MS0044LondonKhalili/MS0044LondonKhalili.DOC18AR27/MS0044LondonKhalili.DOC18AR27.IEDC0029-ara1
openiti_mss_MS0044LondonKhalili.DOC19AR1.IEDC0031-ara1,,TRANSCRIPTION,Khalili Collection,,DOC 19 [AR 1],,https://www.invisible-east.org/corpus/31/,https://www.invisible-east.org/corpus/31/,,,,London,,,,ara,OpenITI MSS machine-readable transcription; page-image rights are separate.,OpenITI transcription under CC BY-NC-SA 4.0; image rights separate,https://kitab-project.org/docs/openITI,True,True,OpenITI URI MS0044LondonKhalili.DOC19AR1.IEDC0031-ara1,,False,CLEARED_WITH_ATTRIBUTION,P1,https://raw.githubusercontent.com/OpenITI/RELEASE/v2025.1.9/data/MS0044LondonKhalili/MS0044LondonKhalili.DOC19AR1/MS0044LondonKhalili.DOC19AR1.IEDC0031-ara1
openiti_mss_MS0044LondonKhalili.DOC20AR26.IEDC0044-ara1,,TRANSCRIPTION,Khalili Collection,,DOC 20 [AR 26],,https://www.invisible-east.org/corpus/44/,https://www.invisible-east.org/corpus/44/,,,,London,,,,ara,OpenITI MSS machine-readable transcription; page-image rights are separate.,OpenITI transcription under CC BY-NC-SA 4.0; image rights separate,https://kitab-project.org/docs/openITI,True,True,OpenITI URI MS0044LondonKhalili.DOC20AR26.IEDC0044-ara1,,False,CLEARED_WITH_ATTRIBUTION,P1,https://raw.githubusercontent.com/OpenITI/RELEASE/v2025.1.9/data/MS0044LondonKhalili/MS0044LondonKhalili.DOC20AR26/MS0044LondonKhalili.DOC20AR26.IEDC0044-ara1
openiti_mss_MS0044LondonKhalili.DOC21AR25.IEDC0051-ara1,,TRANSCRIPTION,Khalili Collection,,DOC 21 [AR 25],,https://www.invisible-east.org/corpus/51/,https://www.invisible-east.org/corpus/51/,,,,London,,,,ara,OpenITI MSS machine-readable transcription; page-image rights are separate.,OpenITI transcription under CC BY-NC-SA 4.0; image rights separate,https://kitab-project.org/docs/openITI,True,True,OpenITI URI MS0044LondonKhalili.DOC21AR25.IEDC0051-ara1,,False,CLEARED_WITH_ATTRIBUTION,P1,https://raw.githubusercontent.com/OpenITI/RELEASE/v2025.1.9/data/MS0044LondonKhalili/MS0044LondonKhalili.DOC21AR25/MS0044LondonKhalili.DOC21AR25.IEDC0051-ara1
openiti_mss_MS0044LondonKhalili.DOC22AR7.IEDC0034-ara1,,TRANSCRIPTION,Khalili Collection,,DOC 22 [AR 7],,https://www.invisible-east.org/corpus/34/,https://www.invisible-east.org/corpus/34/,,,,London,,,,ara,OpenITI MSS machine-readable transcription; page-image rights are separate.,OpenITI transcription under CC BY-NC-SA 4.0; image rights separate,https://kitab-project.org/docs/openITI,True,True,OpenITI URI MS0044LondonKhalili.DOC22AR7.IEDC0034-ara1,,False,CLEARED_WITH_ATTRIBUTION,P1,https://raw.githubusercontent.com/OpenITI/RELEASE/v2025.1.9/data/MS0044LondonKhalili/MS0044LondonKhalili.DOC22AR7/MS0044LondonKhalili.DOC22AR7.IEDC0034-ara1
openiti_mss_MS0044LondonKhalili.DOC23AR6.IEDC0033-ara1,,TRANSCRIPTION,Khalili Collection,,DOC 23 [AR 6],,https://www.invisible-east.org/corpus/33/,https://www.invisible-east.org/corpus/33/,,,,London,,,,ara,OpenITI MSS machine-readable transcription; page-image rights are separate.,OpenITI transcription under CC BY-NC-SA 4.0; image rights separate,https://kitab-project.org/docs/openITI,True,True,OpenITI URI MS0044LondonKhalili.DOC23AR6.IEDC0033-ara1,,False,CLEARED_WITH_ATTRIBUTION,P1,https://raw.githubusercontent.com/OpenITI/RELEASE/v2025.1.9/data/MS0044LondonKhalili/MS0044LondonKhalili.DOC23AR6/MS0044LondonKhalili.DOC23AR6.IEDC0033-ara1
openiti_mss_MS0044LondonKhalili.DOC24AR31.IEDC0040-ara1,,TRANSCRIPTION,Khalili Collection,,DOC 24 [AR 31],,https://www.invisible-east.org/corpus/40/,https://www.invisible-east.org/corpus/40/,,,,London,,,,ara,OpenITI MSS machine-readable transcription; page-image rights are separate.,OpenITI transcription under CC BY-NC-SA 4.0; image rights separate,https://kitab-project.org/docs/openITI,True,True,OpenITI URI MS0044LondonKhalili.DOC24AR31.IEDC0040-ara1,,False,CLEARED_WITH_ATTRIBUTION,P1,https://raw.githubusercontent.com/OpenITI/RELEASE/v2025.1.9/data/MS0044LondonKhalili/MS0044LondonKhalili.DOC24AR31/MS0044LondonKhalili.DOC24AR31.IEDC0040-ara1
openiti_mss_MS0044LondonKhalili.DOC25AR16.IEDC0047-ara1,,TRANSCRIPTION,Khalili Collection,,DOC 25 [AR 16],,https://www.invisible-east.org/corpus/47/,https://www.invisible-east.org/corpus/47/,,,,London,,,,ara,OpenITI MSS machine-readable transcription; page-image rights are separate.,OpenITI transcription under CC BY-NC-SA 4.0; image rights separate,https://kitab-project.org/docs/openITI,True,True,OpenITI URI MS0044LondonKhalili.DOC25AR16.IEDC0047-ara1,,False,CLEARED_WITH_ATTRIBUTION,P1,https://raw.githubusercontent.com/OpenITI/RELEASE/v2025.1.9/data/MS0044LondonKhalili/MS0044LondonKhalili.DOC25AR16/MS0044LondonKhalili.DOC25AR16.IEDC0047-ara1
openiti_mss_MS0044LondonKhalili.DOC26AR13.IEDC0028-ara1,,TRANSCRIPTION,Khalili Collection,,DOC 26 [AR 13],,https://www.invisible-east.org/corpus/28/,https://www.invisible-east.org/corpus/28/,,,,London,,,,ara,OpenITI MSS machine-readable transcription; page-image rights are separate.,OpenITI transcription under CC BY-NC-SA 4.0; image rights separate,https://kitab-project.org/docs/openITI,True,True,OpenITI URI MS0044LondonKhalili.DOC26AR13.IEDC0028-ara1,,False,CLEARED_WITH_ATTRIBUTION,P1,https://raw.githubusercontent.com/OpenITI/RELEASE/v2025.1.9/data/MS0044LondonKhalili/MS0044LondonKhalili.DOC26AR13/MS0044LondonKhalili.DOC26AR13.IEDC0028-ara1
openiti_mss_MS0044LondonKhalili.DOC27AR30.IEDC0041-ara1,,TRANSCRIPTION,Khalili Collection,,DOC 27 [AR 30],,https://www.invisible-east.org/corpus/41/,https://www.invisible-east.org/corpus/41/,,,,London,,,,ara,OpenITI MSS machine-readable transcription; page-image rights are separate.,OpenITI transcription under CC BY-NC-SA 4.0; image rights separate,https://kitab-project.org/docs/openITI,True,True,OpenITI URI MS0044LondonKhalili.DOC27AR30.IEDC0041-ara1,,False,CLEARED_WITH_ATTRIBUTION,P1,https://raw.githubusercontent.com/OpenITI/RELEASE/v2025.1.9/data/MS0044LondonKhalili/MS0044LondonKhalili.DOC27AR30/MS0044LondonKhalili.DOC27AR30.IEDC0041-ara1
openiti_mss_MS0044LondonKhalili.DOC28AR4.IEDC0055-ara1,,TRANSCRIPTION,Khalili Collection,,DOC 28 [AR 4],,https://www.invisible-east.org/corpus/55/,https://www.invisible-east.org/corpus/55/,,,,London,,,,ara,OpenITI MSS machine-readable transcription; page-image rights are separate.,OpenITI transcription under CC BY-NC-SA 4.0; image rights separate,https://kitab-project.org/docs/openITI,True,True,OpenITI URI MS0044LondonKhalili.DOC28AR4.IEDC0055-ara1,,False,CLEARED_WITH_ATTRIBUTION,P1,https://raw.githubusercontent.com/OpenITI/RELEASE/v2025.1.9/data/MS0044LondonKhalili/MS0044LondonKhalili.DOC28AR4/MS0044LondonKhalili.DOC28AR4.IEDC0055-ara1
openiti_mss_MS0044LondonKhalili.DOC29AR9.IEDC0057-ara1,,TRANSCRIPTION,Khalili Collection,,DOC 29 [AR 9],,https://www.invisible-east.org/corpus/57/,https://www.invisible-east.org/corpus/57/,,,,London,,,,ara,OpenITI MSS machine-readable transcription; page-image rights are separate.,OpenITI transcription under CC BY-NC-SA 4.0; image rights separate,https://kitab-project.org/docs/openITI,True,True,OpenITI URI MS0044LondonKhalili.DOC29AR9.IEDC0057-ara1,,False,CLEARED_WITH_ATTRIBUTION,P1,https://raw.githubusercontent.com/OpenITI/RELEASE/v2025.1.9/data/MS0044LondonKhalili/MS0044LondonKhalili.DOC29AR9/MS0044LondonKhalili.DOC29AR9.IEDC0057-ara1
openiti_mss_MS0044LondonKhalili.DOC30AR8.IEDC0038-ara1,,TRANSCRIPTION,Khalili Collection,,DOC 30 [AR 8],,https://www.invisible-east.org/corpus/38/,https://www.invisible-east.org/corpus/38/,,,,London,,,,ara,OpenITI MSS machine-readable transcription; page-image rights are separate.,OpenITI transcription under CC BY-NC-SA 4.0; image rights separate,https://kitab-project.org/docs/openITI,True,True,OpenITI URI MS0044LondonKhalili.DOC30AR8.IEDC0038-ara1,,False,CLEARED_WITH_ATTRIBUTION,P1,https://raw.githubusercontent.com/OpenITI/RELEASE/v2025.1.9/data/MS0044LondonKhalili/MS0044LondonKhalili.DOC30AR8/MS0044LondonKhalili.DOC30AR8.IEDC0038-ara1
openiti_mss_MS0044LondonKhalili.DOC31AR2.IEDC0052-ara1,,TRANSCRIPTION,Khalili Collection,,DOC 31 [AR 2],,https://www.invisible-east.org/corpus/52/,https://www.invisible-east.org/corpus/52/,,,,London,,,,ara,OpenITI MSS machine-readable transcription; page-image rights are separate.,OpenITI transcription under CC BY-NC-SA 4.0; image rights separate,https://kitab-project.org/docs/openITI,True,True,OpenITI URI MS0044LondonKhalili.DOC31AR2.IEDC0052-ara1,,False,CLEARED_WITH_ATTRIBUTION,P1,https://raw.githubusercontent.com/OpenITI/RELEASE/v2025.1.9/data/MS0044LondonKhalili/MS0044LondonKhalili.DOC31AR2/MS0044LondonKhalili.DOC31AR2.IEDC0052-ara1
openiti_mss_MS0044LondonKhalili.DOC32AR19.IEDC0054-ara1,,TRANSCRIPTION,Khalili Collection,,DOC 32 [AR 19],,https://www.invisible-east.org/corpus/54/,https://www.invisible-east.org/corpus/54/,,,,London,,,,ara,OpenITI MSS machine-readable transcription; page-image rights are separate.,OpenITI transcription under CC BY-NC-SA 4.0; image rights separate,https://kitab-project.org/docs/openITI,True,True,OpenITI URI MS0044LondonKhalili.DOC32AR19.IEDC0054-ara1,,False,CLEARED_WITH_ATTRIBUTION,P1,https://raw.githubusercontent.com/OpenITI/RELEASE/v2025.1.9/data/MS0044LondonKhalili/MS0044LondonKhalili.DOC32AR19/MS0044LondonKhalili.DOC32AR19.IEDC0054-ara1
openiti_mss_MS0044LondonKhalili.DOC33AR32.IEDC0045-ara1,,TRANSCRIPTION,Khalili Collection,,DOC 33 [AR 32],,https://www.invisible-east.org/corpus/45/,https://www.invisible-east.org/corpus/45/,,,,London,,,,ara,OpenITI MSS machine-readable transcription; page-image rights are separate.,OpenITI transcription under CC BY-NC-SA 4.0; image rights separate,https://kitab-project.org/docs/openITI,True,True,OpenITI URI MS0044LondonKhalili.DOC33AR32.IEDC0045-ara1,,False,CLEARED_WITH_ATTRIBUTION,P1,https://raw.githubusercontent.com/OpenITI/RELEASE/v2025.1.9/data/MS0044LondonKhalili/MS0044LondonKhalili.DOC33AR32/MS0044LondonKhalili.DOC33AR32.IEDC0045-ara1
openiti_mss_MS0044LondonKhalili.DOC34AR22.IEDC0048-ara1,,TRANSCRIPTION,Khalili Collection,,DOC 34 [AR 22],,https://www.invisible-east.org/corpus/48/,https://www.invisible-east.org/corpus/48/,,,,London,,,,ara,OpenITI MSS machine-readable transcription; page-image rights are separate.,OpenITI transcription under CC BY-NC-SA 4.0; image rights separate,https://kitab-project.org/docs/openITI,True,True,OpenITI URI MS0044LondonKhalili.DOC34AR22.IEDC0048-ara1,,False,CLEARED_WITH_ATTRIBUTION,P1,https://raw.githubusercontent.com/OpenITI/RELEASE/v2025.1.9/data/MS0044LondonKhalili/MS0044LondonKhalili.DOC34AR22/MS0044LondonKhalili.DOC34AR22.IEDC0048-ara1
openiti_mss_MS0044LondonKhalili.DOC35AR12.IEDC0027-ara1,,TRANSCRIPTION,Khalili Collection,,DOC 35 [AR 12],,https://www.invisible-east.org/corpus/27/,https://www.invisible-east.org/corpus/27/,,,,London,,,,ara,OpenITI MSS machine-readable transcription; page-image rights are separate.,OpenITI transcription under CC BY-NC-SA 4.0; image rights separate,https://kitab-project.org/docs/openITI,True,True,OpenITI URI MS0044LondonKhalili.DOC35AR12.IEDC0027-ara1,,False,CLEARED_WITH_ATTRIBUTION,P1,https://raw.githubusercontent.com/OpenITI/RELEASE/v2025.1.9/data/MS0044LondonKhalili/MS0044LondonKhalili.DOC35AR12/MS0044LondonKhalili.DOC35AR12.IEDC0027-ara1
openiti_mss_MS0044LondonKhalili.DOC36AR5.IEDC0042-ara1,,TRANSCRIPTION,Khalili Collection,,DOC 36 [AR 5],,https://www.invisible-east.org/corpus/42/,https://www.invisible-east.org/corpus/42/,,,,London,,,,ara,OpenITI MSS machine-readable transcription; page-image rights are separate.,OpenITI transcription under CC BY-NC-SA 4.0; image rights separate,https://kitab-project.org/docs/openITI,True,True,OpenITI URI MS0044LondonKhalili.DOC36AR5.IEDC0042-ara1,,False,CLEARED_WITH_ATTRIBUTION,P1,https://raw.githubusercontent.com/OpenITI/RELEASE/v2025.1.9/data/MS0044LondonKhalili/MS0044LondonKhalili.DOC36AR5/MS0044LondonKhalili.DOC36AR5.IEDC0042-ara1
openiti_mss_MS0044LondonKhalili.DOC37.IEDC0255-per1,,TRANSCRIPTION,Khalili Collection,,DOC 37,,https://www.invisible-east.org/corpus/255/,https://www.invisible-east.org/corpus/255/,,,,London,,,,per,OpenITI MSS machine-readable transcription; page-image rights are separate.,OpenITI transcription under CC BY-NC-SA 4.0; image rights separate,https://kitab-project.org/docs/openITI,True,True,OpenITI URI MS0044LondonKhalili.DOC37.IEDC0255-per1,,False,CLEARED_WITH_ATTRIBUTION,P1,https://raw.githubusercontent.com/OpenITI/RELEASE/v2025.1.9/data/MS0044LondonKhalili/MS0044LondonKhalili.DOC37/MS0044LondonKhalili.DOC37.IEDC0255-per1
openiti_mss_MS0044LondonKhalili.DOC38.IEDC0257-per1ara1,,TRANSCRIPTION,Khalili Collection,,DOC 38,,https://www.invisible-east.org/corpus/257/,https://www.invisible-east.org/corpus/257/,,,,London,,,,"per,ara",OpenITI MSS machine-readable transcription; page-image rights are separate.,OpenITI transcription under CC BY-NC-SA 4.0; image rights separate,https://kitab-project.org/docs/openITI,True,True,OpenITI URI MS0044LondonKhalili.DOC38.IEDC0257-per1ara1,,False,CLEARED_WITH_ATTRIBUTION,P1,https://raw.githubusercontent.com/OpenITI/RELEASE/v2025.1.9/data/MS0044LondonKhalili/MS0044LondonKhalili.DOC38/MS0044LondonKhalili.DOC38.IEDC0257-per1ara1
openiti_mss_MS0044LondonKhalili.DOC39.IEDC0254-per1,,TRANSCRIPTION,Khalili Collection,,DOC 39,,https://www.invisible-east.org/corpus/254/,https://www.invisible-east.org/corpus/254/,,,,London,,,,per,OpenITI MSS machine-readable transcription; page-image rights are separate.,OpenITI transcription under CC BY-NC-SA 4.0; image rights separate,https://kitab-project.org/docs/openITI,True,True,OpenITI URI MS0044LondonKhalili.DOC39.IEDC0254-per1,,False,CLEARED_WITH_ATTRIBUTION,P1,https://raw.githubusercontent.com/OpenITI/RELEASE/v2025.1.9/data/MS0044LondonKhalili/MS0044LondonKhalili.DOC39/MS0044LondonKhalili.DOC39.IEDC0254-per1
openiti_mss_MS0044LondonKhalili.DOC40.IEDC0256-ara1,,TRANSCRIPTION,Khalili Collection,,DOC 40,,https://www.invisible-east.org/corpus/256/,https://www.invisible-east.org/corpus/256/,,,,London,,,,ara,OpenITI MSS machine-readable transcription; page-image rights are separate.,OpenITI transcription under CC BY-NC-SA 4.0; image rights separate,https://kitab-project.org/docs/openITI,True,True,OpenITI URI MS0044LondonKhalili.DOC40.IEDC0256-ara1,,False,CLEARED_WITH_ATTRIBUTION,P1,https://raw.githubusercontent.com/OpenITI/RELEASE/v2025.1.9/data/MS0044LondonKhalili/MS0044LondonKhalili.DOC40/MS0044LondonKhalili.DOC40.IEDC0256-ara1
openiti_mss_MS0044LondonKhalili.DOC41.IEDC1224-per1,,TRANSCRIPTION,Khalili Collection,,DOC 41,,https://www.invisible-east.org/corpus/1224/,https://www.invisible-east.org/corpus/1224/,,,,London,,,,per,OpenITI MSS machine-readable transcription; page-image rights are separate.,OpenITI transcription under CC BY-NC-SA 4.0; image rights separate,https://kitab-project.org/docs/openITI,True,True,OpenITI URI MS0044LondonKhalili.DOC41.IEDC1224-per1,,False,CLEARED_WITH_ATTRIBUTION,P1,https://raw.githubusercontent.com/OpenITI/RELEASE/v2025.1.9/data/MS0044LondonKhalili/MS0044LondonKhalili.DOC41/MS0044LondonKhalili.DOC41.IEDC1224-per1
openiti_mss_MS0044LondonKhalili.DOC42AR18.IEDC0037-ara1,,TRANSCRIPTION,Khalili Collection,,DOC 42 [AR 18],,https://www.invisible-east.org/corpus/37/,https://www.invisible-east.org/corpus/37/,,,,London,,,,ara,OpenITI MSS machine-readable transcription; page-image rights are separate.,OpenITI transcription under CC BY-NC-SA 4.0; image rights separate,https://kitab-project.org/docs/openITI,True,True,OpenITI URI MS0044LondonKhalili.DOC42AR18.IEDC0037-ara1,,False,CLEARED_WITH_ATTRIBUTION,P1,https://raw.githubusercontent.com/OpenITI/RELEASE/v2025.1.9/data/MS0044LondonKhalili/MS0044LondonKhalili.DOC42AR18/MS0044LondonKhalili.DOC42AR18.IEDC0037-ara1
openiti_mss_MS0044LondonKhalili.DOC43AR10.IEDC0030-ara1,,TRANSCRIPTION,Khalili Collection,,DOC 43 [AR 10],,https://www.invisible-east.org/corpus/30/,https://www.invisible-east.org/corpus/30/,,,,London,,,,ara,OpenITI MSS machine-readable transcription; page-image rights are separate.,OpenITI transcription under CC BY-NC-SA 4.0; image rights separate,https://kitab-project.org/docs/openITI,True,True,OpenITI URI MS0044LondonKhalili.DOC43AR10.IEDC0030-ara1,,False,CLEARED_WITH_ATTRIBUTION,P1,https://raw.githubusercontent.com/OpenITI/RELEASE/v2025.1.9/data/MS0044LondonKhalili/MS0044LondonKhalili.DOC43AR10/MS0044LondonKhalili.DOC43AR10.IEDC0030-ara1
openiti_mss_MS0044LondonKhalili.DOC44AR17.IEDC0053-ara1,,TRANSCRIPTION,Khalili Collection,,DOC 44 [AR 17],,https://www.invisible-east.org/corpus/53/,https://www.invisible-east.org/corpus/53/,,,,London,,,,ara,OpenITI MSS machine-readable transcription; page-image rights are separate.,OpenITI transcription under CC BY-NC-SA 4.0; image rights separate,https://kitab-project.org/docs/openITI,True,True,OpenITI URI MS0044LondonKhalili.DOC44AR17.IEDC0053-ara1,,False,CLEARED_WITH_ATTRIBUTION,P1,https://raw.githubusercontent.com/OpenITI/RELEASE/v2025.1.9/data/MS0044LondonKhalili/MS0044LondonKhalili.DOC44AR17/MS0044LondonKhalili.DOC44AR17.IEDC0053-ara1
openiti_mss_MS0044LondonKhalili.DOC45AR20.IEDC0058-ara1,,TRANSCRIPTION,Khalili Collection,,DOC 45 [AR 20],,https://www.invisible-east.org/corpus/58/,https://www.invisible-east.org/corpus/58/,,,,London,,,,ara,OpenITI MSS machine-readable transcription; page-image rights are separate.,OpenITI transcription under CC BY-NC-SA 4.0; image rights separate,https://kitab-project.org/docs/openITI,True,True,OpenITI URI MS0044LondonKhalili.DOC45AR20.IEDC0058-ara1,,False,CLEARED_WITH_ATTRIBUTION,P1,https://raw.githubusercontent.com/OpenITI/RELEASE/v2025.1.9/data/MS0044LondonKhalili/MS0044LondonKhalili.DOC45AR20/MS0044LondonKhalili.DOC45AR20.IEDC0058-ara1
openiti_mss_MS0044LondonKhalili.DOC46AR29.IEDC0039-ara1,,TRANSCRIPTION,Khalili Collection,,DOC 46 [AR 29],,https://www.invisible-east.org/corpus/39/,https://www.invisible-east.org/corpus/39/,,,,London,,,,ara,OpenITI MSS machine-readable transcription; page-image rights are separate.,OpenITI transcription under CC BY-NC-SA 4.0; image rights separate,https://kitab-project.org/docs/openITI,True,True,OpenITI URI MS0044LondonKhalili.DOC46AR29.IEDC0039-ara1,,False,CLEARED_WITH_ATTRIBUTION,P1,https://raw.githubusercontent.com/OpenITI/RELEASE/v2025.1.9/data/MS0044LondonKhalili/MS0044LondonKhalili.DOC46AR29/MS0044LondonKhalili.DOC46AR29.IEDC0039-ara1
openiti_mss_MS0044LondonKhalili.DOC47AR21.IEDC0035-ara1,,TRANSCRIPTION,Khalili Collection,,DOC 47 [AR 21],,https://www.invisible-east.org/corpus/35/,https://www.invisible-east.org/corpus/35/,,,,London,,,,ara,OpenITI MSS machine-readable transcription; page-image rights are separate.,OpenITI transcription under CC BY-NC-SA 4.0; image rights separate,https://kitab-project.org/docs/openITI,True,True,OpenITI URI MS0044LondonKhalili.DOC47AR21.IEDC0035-ara1,,False,CLEARED_WITH_ATTRIBUTION,P1,https://raw.githubusercontent.com/OpenITI/RELEASE/v2025.1.9/data/MS0044LondonKhalili/MS0044LondonKhalili.DOC47AR21/MS0044LondonKhalili.DOC47AR21.IEDC0035-ara1
openiti_mss_MS0044LondonKhalili.DOC48.IEDC1227-per1,,TRANSCRIPTION,Khalili Collection,,DOC 48,,https://www.invisible-east.org/corpus/1227/,https://www.invisible-east.org/corpus/1227/,,,,London,,,,per,OpenITI MSS machine-readable transcription; page-image rights are separate.,OpenITI transcription under CC BY-NC-SA 4.0; image rights separate,https://kitab-project.org/docs/openITI,True,True,OpenITI URI MS0044LondonKhalili.DOC48.IEDC1227-per1,,False,CLEARED_WITH_ATTRIBUTION,P1,https://raw.githubusercontent.com/OpenITI/RELEASE/v2025.1.9/data/MS0044LondonKhalili/MS0044LondonKhalili.DOC48/MS0044LondonKhalili.DOC48.IEDC1227-per1
openiti_mss_MS0044LondonKhalili.DOC49.IEDC1253-per1,,TRANSCRIPTION,Khalili Collection,,DOC 49,,https://www.invisible-east.org/corpus/1253/,https://www.invisible-east.org/corpus/1253/,,,,London,,,,per,OpenITI MSS machine-readable transcription; page-image rights are separate.,OpenITI transcription under CC BY-NC-SA 4.0; image rights separate,https://kitab-project.org/docs/openITI,True,True,OpenITI URI MS0044LondonKhalili.DOC49.IEDC1253-per1,,False,CLEARED_WITH_ATTRIBUTION,P1,https://raw.githubusercontent.com/OpenITI/RELEASE/v2025.1.9/data/MS0044LondonKhalili/MS0044LondonKhalili.DOC49/MS0044LondonKhalili.DOC49.IEDC1253-per1
openiti_mss_MS0044LondonKhalili.DOC5.IEDC0024-bac1,,TRANSCRIPTION,Khalili Collection,,DOC 5,,https://www.invisible-east.org/corpus/24/,https://www.invisible-east.org/corpus/24/,,,,London,,,,bac,OpenITI MSS machine-readable transcription; page-image rights are separate.,OpenITI transcription under CC BY-NC-SA 4.0; image rights separate,https://kitab-project.org/docs/openITI,True,True,OpenITI URI MS0044LondonKhalili.DOC5.IEDC0024-bac1,,False,CLEARED_WITH_ATTRIBUTION,P1,https://raw.githubusercontent.com/OpenITI/RELEASE/v2025.1.9/data/MS0044LondonKhalili/MS0044LondonKhalili.DOC5/MS0044LondonKhalili.DOC5.IEDC0024-bac1
openiti_mss_MS0044LondonKhalili.DOC50Recto.IEDC1254-per1,,TRANSCRIPTION,Khalili Collection,,"DOC 50, recto",,https://www.invisible-east.org/corpus/1254/,https://www.invisible-east.org/corpus/1254/,,,,London,,,,per,OpenITI MSS machine-readable transcription; page-image rights are separate.,OpenITI transcription under CC BY-NC-SA 4.0; image rights separate,https://kitab-project.org/docs/openITI,True,True,OpenITI URI MS0044LondonKhalili.DOC50Recto.IEDC1254-per1,,False,CLEARED_WITH_ATTRIBUTION,P1,https://raw.githubusercontent.com/OpenITI/RELEASE/v2025.1.9/data/MS0044LondonKhalili/MS0044LondonKhalili.DOC50Recto/MS0044LondonKhalili.DOC50Recto.IEDC1254-per1
openiti_mss_MS0044LondonKhalili.DOC50Verso.IEDC1255-per1,,TRANSCRIPTION,Khalili Collection,,"DOC 50, verso",,https://www.invisible-east.org/corpus/1255/,https://www.invisible-east.org/corpus/1255/,,,,London,,,,per,OpenITI MSS machine-readable transcription; page-image rights are separate.,OpenITI transcription under CC BY-NC-SA 4.0; image rights separate,https://kitab-project.org/docs/openITI,True,True,OpenITI URI MS0044LondonKhalili.DOC50Verso.IEDC1255-per1,,False,CLEARED_WITH_ATTRIBUTION,P1,https://raw.githubusercontent.com/OpenITI/RELEASE/v2025.1.9/data/MS0044LondonKhalili/MS0044LondonKhalili.DOC50Verso/MS0044LondonKhalili.DOC50Verso.IEDC1255-per1
openiti_mss_MS0044LondonKhalili.DOC51.IEDC1256-per1ara1,,TRANSCRIPTION,Khalili Collection,,DOC 51,,https://www.invisible-east.org/corpus/1256/,https://www.invisible-east.org/corpus/1256/,,,,London,,,,"per,ara",OpenITI MSS machine-readable transcription; page-image rights are separate.,OpenITI transcription under CC BY-NC-SA 4.0; image rights separate,https://kitab-project.org/docs/openITI,True,True,OpenITI URI MS0044LondonKhalili.DOC51.IEDC1256-per1ara1,,False,CLEARED_WITH_ATTRIBUTION,P1,https://raw.githubusercontent.com/OpenITI/RELEASE/v2025.1.9/data/MS0044LondonKhalili/MS0044LondonKhalili.DOC51/MS0044LondonKhalili.DOC51.IEDC1256-per1ara1
openiti_mss_MS0044LondonKhalili.DOC52.IEDC1258-ara1per1,,TRANSCRIPTION,Khalili Collection,,DOC 52,,https://www.invisible-east.org/corpus/1258/,https://www.invisible-east.org/corpus/1258/,,,,London,,,,"ara,per",OpenITI MSS machine-readable transcription; page-image rights are separate.,OpenITI transcription under CC BY-NC-SA 4.0; image rights separate,https://kitab-project.org/docs/openITI,True,True,OpenITI URI MS0044LondonKhalili.DOC52.IEDC1258-ara1per1,,False,CLEARED_WITH_ATTRIBUTION,P1,https://raw.githubusercontent.com/OpenITI/RELEASE/v2025.1.9/data/MS0044LondonKhalili/MS0044LondonKhalili.DOC52/MS0044LondonKhalili.DOC52.IEDC1258-ara1per1
openiti_mss_MS0044LondonKhalili.DOC53.IEDC1259-ara1per1,,TRANSCRIPTION,Khalili Collection,,DOC 53,,https://www.invisible-east.org/corpus/1259/,https://www.invisible-east.org/corpus/1259/,,,,London,,,,"ara,per",OpenITI MSS machine-readable transcription; page-image rights are separate.,OpenITI transcription under CC BY-NC-SA 4.0; image rights separate,https://kitab-project.org/docs/openITI,True,True,OpenITI URI MS0044LondonKhalili.DOC53.IEDC1259-ara1per1,,False,CLEARED_WITH_ATTRIBUTION,P1,https://raw.githubusercontent.com/OpenITI/RELEASE/v2025.1.9/data/MS0044LondonKhalili/MS0044LondonKhalili.DOC53/MS0044LondonKhalili.DOC53.IEDC1259-ara1per1
openiti_mss_MS0044LondonKhalili.DOC54.IEDC1260-ara1per1,,TRANSCRIPTION,Khalili Collection,,DOC 54,,https://www.invisible-east.org/corpus/1260/,https://www.invisible-east.org/corpus/1260/,,,,London,,,,"ara,per",OpenITI MSS machine-readable transcription; page-image rights are separate.,OpenITI transcription under CC BY-NC-SA 4.0; image rights separate,https://kitab-project.org/docs/openITI,True,True,OpenITI URI MS0044LondonKhalili.DOC54.IEDC1260-ara1per1,,False,CLEARED_WITH_ATTRIBUTION,P1,https://raw.githubusercontent.com/OpenITI/RELEASE/v2025.1.9/data/MS0044LondonKhalili/MS0044LondonKhalili.DOC54/MS0044LondonKhalili.DOC54.IEDC1260-ara1per1
openiti_mss_MS0044LondonKhalili.DOC55.IEDC0018-bac1,,TRANSCRIPTION,Khalili Collection,,DOC 55,,https://www.invisible-east.org/corpus/18/,https://www.invisible-east.org/corpus/18/,,,,London,,,,bac,OpenITI MSS machine-readable transcription; page-image rights are separate.,OpenITI transcription under CC BY-NC-SA 4.0; image rights separate,https://kitab-project.org/docs/openITI,True,True,OpenITI URI MS0044LondonKhalili.DOC55.IEDC0018-bac1,,False,CLEARED_WITH_ATTRIBUTION,P1,https://raw.githubusercontent.com/OpenITI/RELEASE/v2025.1.9/data/MS0044LondonKhalili/MS0044LondonKhalili.DOC55/MS0044LondonKhalili.DOC55.IEDC0018-bac1
openiti_mss_MS0044LondonKhalili.DOC58.IEDC0012-bac1,,TRANSCRIPTION,Khalili Collection,,DOC 58,,https://www.invisible-east.org/corpus/12/,https://www.invisible-east.org/corpus/12/,,,,London,,,,bac,OpenITI MSS machine-readable transcription; page-image rights are separate.,OpenITI transcription under CC BY-NC-SA 4.0; image rights separate,https://kitab-project.org/docs/openITI,True,True,OpenITI URI MS0044LondonKhalili.DOC58.IEDC0012-bac1,,False,CLEARED_WITH_ATTRIBUTION,P1,https://raw.githubusercontent.com/OpenITI/RELEASE/v2025.1.9/data/MS0044LondonKhalili/MS0044LondonKhalili.DOC58/MS0044LondonKhalili.DOC58.IEDC0012-bac1
openiti_mss_MS0044LondonKhalili.DOC8.IEDC0021-bac1,,TRANSCRIPTION,Khalili Collection,,DOC 8,,https://www.invisible-east.org/corpus/21/,https://www.invisible-east.org/corpus/21/,,,,London,,,,bac,OpenITI MSS machine-readable transcription; page-image rights are separate.,OpenITI transcription under CC BY-NC-SA 4.0; image rights separate,https://kitab-project.org/docs/openITI,True,True,OpenITI URI MS0044LondonKhalili.DOC8.IEDC0021-bac1,,False,CLEARED_WITH_ATTRIBUTION,P1,https://raw.githubusercontent.com/OpenITI/RELEASE/v2025.1.9/data/MS0044LondonKhalili/MS0044LondonKhalili.DOC8/MS0044LondonKhalili.DOC8.IEDC0021-bac1
openiti_mss_MS0044LondonSOAS.YarkandArabic1GronkeV.IEDC0139-ara1ugo1ota1,,TRANSCRIPTION,Library of the School of Oriental and African Studies (SOAS),,Arabic No. 1 (Gronke V),,https://www.invisible-east.org/corpus/139/,https://www.invisible-east.org/corpus/139/,,,,London,,,,"ara,ugo,ota",OpenITI MSS machine-readable transcription; page-image rights are separate.,OpenITI transcription under CC BY-NC-SA 4.0; image rights separate,https://kitab-project.org/docs/openITI,True,True,OpenITI URI MS0044LondonSOAS.YarkandArabic1GronkeV.IEDC0139-ara1ugo1ota1,,False,CLEARED_WITH_ATTRIBUTION,P1,https://raw.githubusercontent.com/OpenITI/RELEASE/v2025.1.9/data/MS0044LondonSOAS/MS0044LondonSOAS.YarkandArabic1GronkeV/MS0044LondonSOAS.YarkandArabic1GronkeV.IEDC0139-ara1ugo1ota1
openiti_mss_MS0044LondonSOAS.YarkandArabic2GronkeI.IEDC0133-ara1,,TRANSCRIPTION,Library of the School of Oriental and African Studies (SOAS),,Arabic No. 2 (Gronke I),,https://www.invisible-east.org/corpus/133/,https://www.invisible-east.org/corpus/133/,,,,London,,,,ara,OpenITI MSS machine-readable transcription; page-image rights are separate.,OpenITI transcription under CC BY-NC-SA 4.0; image rights separate,https://kitab-project.org/docs/openITI,True,True,OpenITI URI MS0044LondonSOAS.YarkandArabic2GronkeI.IEDC0133-ara1,,False,CLEARED_WITH_ATTRIBUTION,P1,https://raw.githubusercontent.com/OpenITI/RELEASE/v2025.1.9/data/MS0044LondonSOAS/MS0044LondonSOAS.YarkandArabic2GronkeI/MS0044LondonSOAS.YarkandArabic2GronkeI.IEDC0133-ara1
openiti_mss_MS0044LondonSOAS.YarkandArabic5GronkeIII.IEDC0137-ara1ugo1,,TRANSCRIPTION,Library of the School of Oriental and African Studies (SOAS),,Arabic No. 5 (Gronke III),,https://www.invisible-east.org/corpus/137/,https://www.invisible-east.org/corpus/137/,,,,London,,,,"ara,ugo",OpenITI MSS machine-readable transcription; page-image rights are separate.,OpenITI transcription under CC BY-NC-SA 4.0; image rights separate,https://kitab-project.org/docs/openITI,True,True,OpenITI URI MS0044LondonSOAS.YarkandArabic5GronkeIII.IEDC0137-ara1ugo1,,False,CLEARED_WITH_ATTRIBUTION,P1,https://raw.githubusercontent.com/OpenITI/RELEASE/v2025.1.9/data/MS0044LondonSOAS/MS0044LondonSOAS.YarkandArabic5GronkeIII/MS0044LondonSOAS.YarkandArabic5GronkeIII.IEDC0137-ara1ugo1
openiti_mss_MS0044LondonSOAS.YarkandArabic6GronkeII.IEDC0134-ara1,,TRANSCRIPTION,Library of the School of Oriental and African Studies (SOAS),,Arabic No. 6 (Gronke II),,https://www.invisible-east.org/corpus/134/,https://www.invisible-east.org/corpus/134/,,,,London,,,,ara,OpenITI MSS machine-readable transcription; page-image rights are separate.,OpenITI transcription under CC BY-NC-SA 4.0; image rights separate,https://kitab-project.org/docs/openITI,True,True,OpenITI URI MS0044LondonSOAS.YarkandArabic6GronkeII.IEDC0134-ara1,,False,CLEARED_WITH_ATTRIBUTION,P1,https://raw.githubusercontent.com/OpenITI/RELEASE/v2025.1.9/data/MS0044LondonSOAS/MS0044LondonSOAS.YarkandArabic6GronkeII/MS0044LondonSOAS.YarkandArabic6GronkeII.IEDC0134-ara1
openiti_mss_MS0044LondonSOAS.YarkandArabic7GronkeIV.IEDC0138-ara1,,TRANSCRIPTION,Library of the School of Oriental and African Studies (SOAS),,Arabic No. 7 (Gronke IV),,https://www.invisible-east.org/corpus/138/,https://www.invisible-east.org/corpus/138/,,,,London,,,,ara,OpenITI MSS machine-readable transcription; page-image rights are separate.,OpenITI transcription under CC BY-NC-SA 4.0; image rights separate,https://kitab-project.org/docs/openITI,True,True,OpenITI URI MS0044LondonSOAS.YarkandArabic7GronkeIV.IEDC0138-ara1,,False,CLEARED_WITH_ATTRIBUTION,P1,https://raw.githubusercontent.com/OpenITI/RELEASE/v2025.1.9/data/MS0044LondonSOAS/MS0044LondonSOAS.YarkandArabic7GronkeIV/MS0044LondonSOAS.YarkandArabic7GronkeIV.IEDC0138-ara1
openiti_mss_MS0044LondonSamFogg.SimsWilliamsAn.IEDC0016-bac1,,TRANSCRIPTION,Sam Fogg Rare Books,,Sims-Williams an,,https://www.invisible-east.org/corpus/16/,https://www.invisible-east.org/corpus/16/,,,,London,,,,bac,OpenITI MSS machine-readable transcription; page-image rights are separate.,OpenITI transcription under CC BY-NC-SA 4.0; image rights separate,https://kitab-project.org/docs/openITI,True,True,OpenITI URI MS0044LondonSamFogg.SimsWilliamsAn.IEDC0016-bac1,,False,CLEARED_WITH_ATTRIBUTION,P1,https://raw.githubusercontent.com/OpenITI/RELEASE/v2025.1.9/data/MS0044LondonSamFogg/MS0044LondonSamFogg.SimsWilliamsAn/MS0044LondonSamFogg.SimsWilliamsAn.IEDC0016-bac1
openiti_mss_MS0044LondonSamFogg.SimsWilliamsJd.IEDC0026-bac1,,TRANSCRIPTION,Sam Fogg Rare Books,,Sims-Williams jd,,https://www.invisible-east.org/corpus/26/,https://www.invisible-east.org/corpus/26/,,,,London,,,,bac,OpenITI MSS machine-readable transcription; page-image rights are separate.,OpenITI transcription under CC BY-NC-SA 4.0; image rights separate,https://kitab-project.org/docs/openITI,True,True,OpenITI URI MS0044LondonSamFogg.SimsWilliamsJd.IEDC0026-bac1,,False,CLEARED_WITH_ATTRIBUTION,P1,https://raw.githubusercontent.com/OpenITI/RELEASE/v2025.1.9/data/MS0044LondonSamFogg/MS0044LondonSamFogg.SimsWilliamsJd/MS0044LondonSamFogg.SimsWilliamsJd.IEDC0026-bac1
openiti_mss_MS0044LondonSamFogg.SimsWilliamsJi.IEDC0015-bac1,,TRANSCRIPTION,Sam Fogg Rare Books,,Sims-Williams ji,,https://www.invisible-east.org/corpus/15/,https://www.invisible-east.org/corpus/15/,,,,London,,,,bac,OpenITI MSS machine-readable transcription; page-image rights are separate.,OpenITI transcription under CC BY-NC-SA 4.0; image rights separate,https://kitab-project.org/docs/openITI,True,True,OpenITI URI MS0044LondonSamFogg.SimsWilliamsJi.IEDC0015-bac1,,False,CLEARED_WITH_ATTRIBUTION,P1,https://raw.githubusercontent.com/OpenITI/RELEASE/v2025.1.9/data/MS0044LondonSamFogg/MS0044LondonSamFogg.SimsWilliamsJi/MS0044LondonSamFogg.SimsWilliamsJi.IEDC0015-bac1
openiti_mss_MS0044LondonSamFogg.SimsWilliamsNn.IEDC0023-bac1,,TRANSCRIPTION,Sam Fogg Rare Books,,Sims-Williams Nn,,https://www.invisible-east.org/corpus/23/,https://www.invisible-east.org/corpus/23/,,,,London,,,,bac,OpenITI MSS machine-readable transcription; page-image rights are separate.,OpenITI transcription under CC BY-NC-SA 4.0; image rights separate,https://kitab-project.org/docs/openITI,True,True,OpenITI URI MS0044LondonSamFogg.SimsWilliamsNn.IEDC0023-bac1,,False,CLEARED_WITH_ATTRIBUTION,P1,https://raw.githubusercontent.com/OpenITI/RELEASE/v2025.1.9/data/MS0044LondonSamFogg/MS0044LondonSamFogg.SimsWilliamsNn/MS0044LondonSamFogg.SimsWilliamsNn.IEDC0023-bac1
openiti_mss_MS0044LondonSamFogg.SimsWilliamsR.IEDC0022-bac1,,TRANSCRIPTION,Sam Fogg Rare Books,,Sims-Williams R,,https://www.invisible-east.org/corpus/22/,https://www.invisible-east.org/corpus/22/,,,,London,,,,bac,OpenITI MSS machine-readable transcription; page-image rights are separate.,OpenITI transcription under CC BY-NC-SA 4.0; image rights separate,https://kitab-project.org/docs/openITI,True,True,OpenITI URI MS0044LondonSamFogg.SimsWilliamsR.IEDC0022-bac1,,False,CLEARED_WITH_ATTRIBUTION,P1,https://raw.githubusercontent.com/OpenITI/RELEASE/v2025.1.9/data/MS0044LondonSamFogg/MS0044LondonSamFogg.SimsWilliamsR/MS0044LondonSamFogg.SimsWilliamsR.IEDC0022-bac1
openiti_mss_MS0044LondonSamFogg.SimsWilliamsSs.IEDC0006-bac1,,TRANSCRIPTION,Sam Fogg Rare Books,,Sims-Williams Ss,,https://www.invisible-east.org/corpus/6/,https://www.invisible-east.org/corpus/6/,,,,London,,,,bac,OpenITI MSS machine-readable transcription; page-image rights are separate.,OpenITI transcription under CC BY-NC-SA 4.0; image rights separate,https://kitab-project.org/docs/openITI,True,True,OpenITI URI MS0044LondonSamFogg.SimsWilliamsSs.IEDC0006-bac1,,False,CLEARED_WITH_ATTRIBUTION,P1,https://raw.githubusercontent.com/OpenITI/RELEASE/v2025.1.9/data/MS0044LondonSamFogg/MS0044LondonSamFogg.SimsWilliamsSs/MS0044LondonSamFogg.SimsWilliamsSs.IEDC0006-bac1
openiti_mss_MS0044LondonSamFogg.SimsWilliamsTt.IEDC0020-bac1,,TRANSCRIPTION,Sam Fogg Rare Books,,Sims-Williams Tt,,https://www.invisible-east.org/corpus/20/,https://www.invisible-east.org/corpus/20/,,,,London,,,,bac,OpenITI MSS machine-readable transcription; page-image rights are separate.,OpenITI transcription under CC BY-NC-SA 4.0; image rights separate,https://kitab-project.org/docs/openITI,True,True,OpenITI URI MS0044LondonSamFogg.SimsWilliamsTt.IEDC0020-bac1,,False,CLEARED_WITH_ATTRIBUTION,P1,https://raw.githubusercontent.com/OpenITI/RELEASE/v2025.1.9/data/MS0044LondonSamFogg/MS0044LondonSamFogg.SimsWilliamsTt/MS0044LondonSamFogg.SimsWilliamsTt.IEDC0020-bac1
openiti_mss_MS0047OsloSchoeyen.4580.IEDC0009-bac1,,TRANSCRIPTION,Schøyen Collection,,MS 4580,,https://www.invisible-east.org/corpus/9/,https://www.invisible-east.org/corpus/9/,,,,Oslo; London,,,,bac,OpenITI MSS machine-readable transcription; page-image rights are separate.,OpenITI transcription under CC BY-NC-SA 4.0; image rights separate,https://kitab-project.org/docs/openITI,True,True,OpenITI URI MS0047OsloSchoeyen.4580.IEDC0009-bac1,,False,CLEARED_WITH_ATTRIBUTION,P1,https://raw.githubusercontent.com/OpenITI/RELEASE/v2025.1.9/data/MS0047OsloSchoeyen/MS0047OsloSchoeyen.4580/MS0047OsloSchoeyen.4580.IEDC0009-bac1
openiti_mss_MS0047OsloSchoeyen.4581.IEDC0007-bac1,,TRANSCRIPTION,Schøyen Collection,,MS 4581,,https://www.invisible-east.org/corpus/7/,https://www.invisible-east.org/corpus/7/,,,,Oslo; London,,,,bac,OpenITI MSS machine-readable transcription; page-image rights are separate.,OpenITI transcription under CC BY-NC-SA 4.0; image rights separate,https://kitab-project.org/docs/openITI,True,True,OpenITI URI MS0047OsloSchoeyen.4581.IEDC0007-bac1,,False,CLEARED_WITH_ATTRIBUTION,P1,https://raw.githubusercontent.com/OpenITI/RELEASE/v2025.1.9/data/MS0047OsloSchoeyen/MS0047OsloSchoeyen.4581/MS0047OsloSchoeyen.4581.IEDC0007-bac1
openiti_mss_MS0049BerlinSBB.Landberg209P207B.LMN20251021130512-ara1,,TRANSCRIPTION,State Library of Berlin :: Staatsbibliothek zu Berlin,,"Staatsbibliothek zu Berlin, Landberg 209",,Ahlwardt 4346,,,,,Berlin,,,,ara,OpenITI MSS machine-readable transcription; page-image rights are separate.,OpenITI transcription under CC BY-NC-SA 4.0; image rights separate,https://kitab-project.org/docs/openITI,True,True,OpenITI URI MS0049BerlinSBB.Landberg209P207B.LMN20251021130512-ara1,,False,CLEARED_WITH_ATTRIBUTION,P1,https://raw.githubusercontent.com/OpenITI/RELEASE/v2025.1.9/data/MS0049BerlinSBB/MS0049BerlinSBB.Landberg209P207B/MS0049BerlinSBB.Landberg209P207B.LMN20251021130512-ara1
openiti_mss_MS0049LeipzigUBL.Vollers262P2A.LMN20251022140728-ara1,,TRANSCRIPTION,Leipzig University Library :: Universitätsbibliothek Leipzig,,"Universitätsbibliothek Leipzig, Vollers 262",,Vollers :: pp. 73-74,,,,,Leipzig,,,,ara,OpenITI MSS machine-readable transcription; page-image rights are separate.,OpenITI transcription under CC BY-NC-SA 4.0; image rights separate,https://kitab-project.org/docs/openITI,True,True,OpenITI URI MS0049LeipzigUBL.Vollers262P2A.LMN20251022140728-ara1,,False,CLEARED_WITH_ATTRIBUTION,P1,https://raw.githubusercontent.com/OpenITI/RELEASE/v2025.1.9/data/MS0049LeipzigUBL/MS0049LeipzigUBL.Vollers262P2A/MS0049LeipzigUBL.Vollers262P2A.LMN20251022140728-ara1
openiti_mss_MS0049MunichBSB.Arab230P96B.LMN20251023162024-ara1,,TRANSCRIPTION,Bavarian State Library :: Bayerische Staatsbibliothek,,"Bayerische Staatsbibliothek, Cod.Arab.230",,Aumer :: pp. 72–73.,,,,,Munich,,,,ara,OpenITI MSS machine-readable transcription; page-image rights are separate.,OpenITI transcription under CC BY-NC-SA 4.0; image rights separate,https://kitab-project.org/docs/openITI,True,True,OpenITI URI MS0049MunichBSB.Arab230P96B.LMN20251023162024-ara1,,False,CLEARED_WITH_ATTRIBUTION,P1,https://raw.githubusercontent.com/OpenITI/RELEASE/v2025.1.9/data/MS0049MunichBSB/MS0049MunichBSB.Arab230P96B/MS0049MunichBSB.Arab230P96B.LMN20251023162024-ara1
openiti_mss_MS0081TokyoKurita.SimsWilliamsZd.IEDC0010-bac1,,TRANSCRIPTION,Majmūʿaŧ Īsāw Kūrītā,,Sims-Williams zd,,https://www.invisible-east.org/corpus/10/,https://www.invisible-east.org/corpus/10/,,,,Unknown,,,,bac,OpenITI MSS machine-readable transcription; page-image rights are separate.,OpenITI transcription under CC BY-NC-SA 4.0; image rights separate,https://kitab-project.org/docs/openITI,True,True,OpenITI URI MS0081TokyoKurita.SimsWilliamsZd.IEDC0010-bac1,,False,CLEARED_WITH_ATTRIBUTION,P1,https://raw.githubusercontent.com/OpenITI/RELEASE/v2025.1.9/data/MS0081TokyoKurita/MS0081TokyoKurita.SimsWilliamsZd/MS0081TokyoKurita.SimsWilliamsZd.IEDC0010-bac1
openiti_mss_MS0086BeijingCNL.BH1_19.IEDC1282-jup1,,TRANSCRIPTION,National Library of China,,BH1-19,,https://www.invisible-east.org/corpus/1282/,https://www.invisible-east.org/corpus/1282/,,,,Beijing,,,,jup,OpenITI MSS machine-readable transcription; page-image rights are separate.,OpenITI transcription under CC BY-NC-SA 4.0; image rights separate,https://kitab-project.org/docs/openITI,True,True,OpenITI URI MS0086BeijingCNL.BH1_19.IEDC1282-jup1,,False,CLEARED_WITH_ATTRIBUTION,P1,https://raw.githubusercontent.com/OpenITI/RELEASE/v2025.1.9/data/MS0086BeijingCNL/MS0086BeijingCNL.BH1_19/MS0086BeijingCNL.BH1_19.IEDC1282-jup1
openiti_mss_MS0090IstanbulTopkapi.H1653.SK202501-per1,,TRANSCRIPTION,Topkapi Serail,,Topkapı Saray Müzesi ms. H.1653,,,,,,,Istanbul,,,,per,OpenITI MSS machine-readable transcription; page-image rights are separate.,OpenITI transcription under CC BY-NC-SA 4.0; image rights separate,https://kitab-project.org/docs/openITI,True,True,OpenITI URI MS0090IstanbulTopkapi.H1653.SK202501-per1,,False,CLEARED_WITH_ATTRIBUTION,P1,https://raw.githubusercontent.com/OpenITI/RELEASE/v2025.1.9/data/MS0090IstanbulTopkapi/MS0090IstanbulTopkapi.H1653/MS0090IstanbulTopkapi.H1653.SK202501-per1
openiti_mss_MS0092IslamabadAmanUrRahman.SimsWilliamsJf.IEDC0002-bac1,,TRANSCRIPTION,Aman ur Rahman Collection,,Sims-Williams jf,,https://www.invisible-east.org/corpus/2/,https://www.invisible-east.org/corpus/2/,,,,Islamabad; Dubai,,,,bac,OpenITI MSS machine-readable transcription; page-image rights are separate.,OpenITI transcription under CC BY-NC-SA 4.0; image rights separate,https://kitab-project.org/docs/openITI,True,True,OpenITI URI MS0092IslamabadAmanUrRahman.SimsWilliamsJf.IEDC0002-bac1,,False,CLEARED_WITH_ATTRIBUTION,P1,https://raw.githubusercontent.com/OpenITI/RELEASE/v2025.1.9/data/MS0092IslamabadAmanUrRahman/MS0092IslamabadAmanUrRahman.SimsWilliamsJf/MS0092IslamabadAmanUrRahman.SimsWilliamsJf.IEDC0002-bac1
openiti_mss_MS0093KabulANA.Firuzkuh1.IEDC1230-ara1,,TRANSCRIPTION,Afghanistan National Archives,,Firuzkuh 1,,https://www.invisible-east.org/corpus/1230/,https://www.invisible-east.org/corpus/1230/,,,,Kabul,,,,ara,OpenITI MSS machine-readable transcription; page-image rights are separate.,OpenITI transcription under CC BY-NC-SA 4.0; image rights separate,https://kitab-project.org/docs/openITI,True,True,OpenITI URI MS0093KabulANA.Firuzkuh1.IEDC1230-ara1,,False,CLEARED_WITH_ATTRIBUTION,P1,https://raw.githubusercontent.com/OpenITI/RELEASE/v2025.1.9/data/MS0093KabulANA/MS0093KabulANA.Firuzkuh1/MS0093KabulANA.Firuzkuh1.IEDC1230-ara1
openiti_mss_MS0093KabulANA.Firuzkuh10.IEDC0113-per1,,TRANSCRIPTION,Afghanistan National Archives,,Firuzkuh 10,,https://www.invisible-east.org/corpus/113/,https://www.invisible-east.org/corpus/113/,,,,Kabul,,,,per,OpenITI MSS machine-readable transcription; page-image rights are separate.,OpenITI transcription under CC BY-NC-SA 4.0; image rights separate,https://kitab-project.org/docs/openITI,True,True,OpenITI URI MS0093KabulANA.Firuzkuh10.IEDC0113-per1,,False,CLEARED_WITH_ATTRIBUTION,P1,https://raw.githubusercontent.com/OpenITI/RELEASE/v2025.1.9/data/MS0093KabulANA/MS0093KabulANA.Firuzkuh10/MS0093KabulANA.Firuzkuh10.IEDC0113-per1
openiti_mss_MS0093KabulANA.Firuzkuh100.IEDC0159-per1,,TRANSCRIPTION,Afghanistan National Archives,,Firuzkuh 100,,https://www.invisible-east.org/corpus/159/,https://www.invisible-east.org/corpus/159/,,,,Kabul,,,,per,OpenITI MSS machine-readable transcription; page-image rights are separate.,OpenITI transcription under CC BY-NC-SA 4.0; image rights separate,https://kitab-project.org/docs/openITI,True,True,OpenITI URI MS0093KabulANA.Firuzkuh100.IEDC0159-per1,,False,CLEARED_WITH_ATTRIBUTION,P1,https://raw.githubusercontent.com/OpenITI/RELEASE/v2025.1.9/data/MS0093KabulANA/MS0093KabulANA.Firuzkuh100/MS0093KabulANA.Firuzkuh100.IEDC0159-per1
openiti_mss_MS0093KabulANA.Firuzkuh11.IEDC0252-per1,,TRANSCRIPTION,Afghanistan National Archives,,Firuzkuh 11,,https://www.invisible-east.org/corpus/252/,https://www.invisible-east.org/corpus/252/,,,,Kabul,,,,per,OpenITI MSS machine-readable transcription; page-image rights are separate.,OpenITI transcription under CC BY-NC-SA 4.0; image rights separate,https://kitab-project.org/docs/openITI,True,True,OpenITI URI MS0093KabulANA.Firuzkuh11.IEDC0252-per1,,False,CLEARED_WITH_ATTRIBUTION,P1,https://raw.githubusercontent.com/OpenITI/RELEASE/v2025.1.9/data/MS0093KabulANA/MS0093KabulANA.Firuzkuh11/MS0093KabulANA.Firuzkuh11.IEDC0252-per1
openiti_mss_MS0093KabulANA.Firuzkuh12.IEDC0258-per1,,TRANSCRIPTION,Afghanistan National Archives,,Firuzkuh 12,,https://www.invisible-east.org/corpus/258/,https://www.invisible-east.org/corpus/258/,,,,Kabul,,,,per,OpenITI MSS machine-readable transcription; page-image rights are separate.,OpenITI transcription under CC BY-NC-SA 4.0; image rights separate,https://kitab-project.org/docs/openITI,True,True,OpenITI URI MS0093KabulANA.Firuzkuh12.IEDC0258-per1,,False,CLEARED_WITH_ATTRIBUTION,P1,https://raw.githubusercontent.com/OpenITI/RELEASE/v2025.1.9/data/MS0093KabulANA/MS0093KabulANA.Firuzkuh12/MS0093KabulANA.Firuzkuh12.IEDC0258-per1
openiti_mss_MS0093KabulANA.Firuzkuh13.IEDC0259-per1,,TRANSCRIPTION,Afghanistan National Archives,,Firuzkuh 13,,https://www.invisible-east.org/corpus/259/,https://www.invisible-east.org/corpus/259/,,,,Kabul,,,,per,OpenITI MSS machine-readable transcription; page-image rights are separate.,OpenITI transcription under CC BY-NC-SA 4.0; image rights separate,https://kitab-project.org/docs/openITI,True,True,OpenITI URI MS0093KabulANA.Firuzkuh13.IEDC0259-per1,,False,CLEARED_WITH_ATTRIBUTION,P1,https://raw.githubusercontent.com/OpenITI/RELEASE/v2025.1.9/data/MS0093KabulANA/MS0093KabulANA.Firuzkuh13/MS0093KabulANA.Firuzkuh13.IEDC0259-per1
openiti_mss_MS0093KabulANA.Firuzkuh14.IEDC0260-per1,,TRANSCRIPTION,Afghanistan National Archives,,Firuzkuh 14,,https://www.invisible-east.org/corpus/260/,https://www.invisible-east.org/corpus/260/,,,,Kabul,,,,per,OpenITI MSS machine-readable transcription; page-image rights are separate.,OpenITI transcription under CC BY-NC-SA 4.0; image rights separate,https://kitab-project.org/docs/openITI,True,True,OpenITI URI MS0093KabulANA.Firuzkuh14.IEDC0260-per1,,False,CLEARED_WITH_ATTRIBUTION,P1,https://raw.githubusercontent.com/OpenITI/RELEASE/v2025.1.9/data/MS0093KabulANA/MS0093KabulANA.Firuzkuh14/MS0093KabulANA.Firuzkuh14.IEDC0260-per1
openiti_mss_MS0093KabulANA.Firuzkuh15.IEDC0251-per1,,TRANSCRIPTION,Afghanistan National Archives,,Firuzkuh 15,,https://www.invisible-east.org/corpus/251/,https://www.invisible-east.org/corpus/251/,,,,Kabul,,,,per,OpenITI MSS machine-readable transcription; page-image rights are separate.,OpenITI transcription under CC BY-NC-SA 4.0; image rights separate,https://kitab-project.org/docs/openITI,True,True,OpenITI URI MS0093KabulANA.Firuzkuh15.IEDC0251-per1,,False,CLEARED_WITH_ATTRIBUTION,P1,https://raw.githubusercontent.com/OpenITI/RELEASE/v2025.1.9/data/MS0093KabulANA/MS0093KabulANA.Firuzkuh15/MS0093KabulANA.Firuzkuh15.IEDC0251-per1
openiti_mss_MS0093KabulANA.Firuzkuh16.IEDC0261-per1,,TRANSCRIPTION,Afghanistan National Archives,,Firuzkuh 16,,https://www.invisible-east.org/corpus/261/,https://www.invisible-east.org/corpus/261/,,,,Kabul,,,,per,OpenITI MSS machine-readable transcription; page-image rights are separate.,OpenITI transcription under CC BY-NC-SA 4.0; image rights separate,https://kitab-project.org/docs/openITI,True,True,OpenITI URI MS0093KabulANA.Firuzkuh16.IEDC0261-per1,,False,CLEARED_WITH_ATTRIBUTION,P1,https://raw.githubusercontent.com/OpenITI/RELEASE/v2025.1.9/data/MS0093KabulANA/MS0093KabulANA.Firuzkuh16/MS0093KabulANA.Firuzkuh16.IEDC0261-per1
openiti_mss_MS0093KabulANA.Firuzkuh17.IEDC0262-per1,,TRANSCRIPTION,Afghanistan National Archives,,Firuzkuh 17,,https://www.invisible-east.org/corpus/262/,https://www.invisible-east.org/corpus/262/,,,,Kabul,,,,per,OpenITI MSS machine-readable transcription; page-image rights are separate.,OpenITI transcription under CC BY-NC-SA 4.0; image rights separate,https://kitab-project.org/docs/openITI,True,True,OpenITI URI MS0093KabulANA.Firuzkuh17.IEDC0262-per1,,False,CLEARED_WITH_ATTRIBUTION,P1,https://raw.githubusercontent.com/OpenITI/RELEASE/v2025.1.9/data/MS0093KabulANA/MS0093KabulANA.Firuzkuh17/MS0093KabulANA.Firuzkuh17.IEDC0262-per1
openiti_mss_MS0093KabulANA.Firuzkuh18.IEDC0263-per1,,TRANSCRIPTION,Afghanistan National Archives,,Firuzkuh 18,,https://www.invisible-east.org/corpus/263/,https://www.invisible-east.org/corpus/263/,,,,Kabul,,,,per,OpenITI MSS machine-readable transcription; page-image rights are separate.,OpenITI transcription under CC BY-NC-SA 4.0; image rights separate,https://kitab-project.org/docs/openITI,True,True,OpenITI URI MS0093KabulANA.Firuzkuh18.IEDC0263-per1,,False,CLEARED_WITH_ATTRIBUTION,P1,https://raw.githubusercontent.com/OpenITI/RELEASE/v2025.1.9/data/MS0093KabulANA/MS0093KabulANA.Firuzkuh18/MS0093KabulANA.Firuzkuh18.IEDC0263-per1
openiti_mss_MS0093KabulANA.Firuzkuh19.IEDC1221-per1,,TRANSCRIPTION,Afghanistan National Archives,,Firuzkuh 19,,https://www.invisible-east.org/corpus/1221/,https://www.invisible-east.org/corpus/1221/,,,,Kabul,,,,per,OpenITI MSS machine-readable transcription; page-image rights are separate.,OpenITI transcription under CC BY-NC-SA 4.0; image rights separate,https://kitab-project.org/docs/openITI,True,True,OpenITI URI MS0093KabulANA.Firuzkuh19.IEDC1221-per1,,False,CLEARED_WITH_ATTRIBUTION,P1,https://raw.githubusercontent.com/OpenITI/RELEASE/v2025.1.9/data/MS0093KabulANA/MS0093KabulANA.Firuzkuh19/MS0093KabulANA.Firuzkuh19.IEDC1221-per1
openiti_mss_MS0093KabulANA.Firuzkuh2.IEDC1231-per1,,TRANSCRIPTION,Afghanistan National Archives,,Firuzkuh 2,,https://www.invisible-east.org/corpus/1231/,https://www.invisible-east.org/corpus/1231/,,,,Kabul,,,,per,OpenITI MSS machine-readable transcription; page-image rights are separate.,OpenITI transcription under CC BY-NC-SA 4.0; image rights separate,https://kitab-project.org/docs/openITI,True,True,OpenITI URI MS0093KabulANA.Firuzkuh2.IEDC1231-per1,,False,CLEARED_WITH_ATTRIBUTION,P1,https://raw.githubusercontent.com/OpenITI/RELEASE/v2025.1.9/data/MS0093KabulANA/MS0093KabulANA.Firuzkuh2/MS0093KabulANA.Firuzkuh2.IEDC1231-per1
openiti_mss_MS0093KabulANA.Firuzkuh21_27.IEDC1165-per1,,TRANSCRIPTION,Afghanistan National Archives,,Firuzkuh 21 & 27,,https://www.invisible-east.org/corpus/1165/,https://www.invisible-east.org/corpus/1165/,,,,Kabul,,,,per,OpenITI MSS machine-readable transcription; page-image rights are separate.,OpenITI transcription under CC BY-NC-SA 4.0; image rights separate,https://kitab-project.org/docs/openITI,True,True,OpenITI URI MS0093KabulANA.Firuzkuh21_27.IEDC1165-per1,,False,CLEARED_WITH_ATTRIBUTION,P1,https://raw.githubusercontent.com/OpenITI/RELEASE/v2025.1.9/data/MS0093KabulANA/MS0093KabulANA.Firuzkuh21_27/MS0093KabulANA.Firuzkuh21_27.IEDC1165-per1
openiti_mss_MS0093KabulANA.Firuzkuh22.IEDC1166-per1,,TRANSCRIPTION,Afghanistan National Archives,,Firuzkuh 22,,https://www.invisible-east.org/corpus/1166/,https://www.invisible-east.org/corpus/1166/,,,,Kabul,,,,per,OpenITI MSS machine-readable transcription; page-image rights are separate.,OpenITI transcription under CC BY-NC-SA 4.0; image rights separate,https://kitab-project.org/docs/openITI,True,True,OpenITI URI MS0093KabulANA.Firuzkuh22.IEDC1166-per1,,False,CLEARED_WITH_ATTRIBUTION,P1,https://raw.githubusercontent.com/OpenITI/RELEASE/v2025.1.9/data/MS0093KabulANA/MS0093KabulANA.Firuzkuh22/MS0093KabulANA.Firuzkuh22.IEDC1166-per1
openiti_mss_MS0093KabulANA.Firuzkuh23.IEDC1167-per1,,TRANSCRIPTION,Afghanistan National Archives,,Firuzkuh 23,,https://www.invisible-east.org/corpus/1167/,https://www.invisible-east.org/corpus/1167/,,,,Kabul,,,,per,OpenITI MSS machine-readable transcription; page-image rights are separate.,OpenITI transcription under CC BY-NC-SA 4.0; image rights separate,https://kitab-project.org/docs/openITI,True,True,OpenITI URI MS0093KabulANA.Firuzkuh23.IEDC1167-per1,,False,CLEARED_WITH_ATTRIBUTION,P1,https://raw.githubusercontent.com/OpenITI/RELEASE/v2025.1.9/data/MS0093KabulANA/MS0093KabulANA.Firuzkuh23/MS0093KabulANA.Firuzkuh23.IEDC1167-per1
openiti_mss_MS0093KabulANA.Firuzkuh24.IEDC1168-per1,,TRANSCRIPTION,Afghanistan National Archives,,Firuzkuh 24,,https://www.invisible-east.org/corpus/1168/,https://www.invisible-east.org/corpus/1168/,,,,Kabul,,,,per,OpenITI MSS machine-readable transcription; page-image rights are separate.,OpenITI transcription under CC BY-NC-SA 4.0; image rights separate,https://kitab-project.org/docs/openITI,True,True,OpenITI URI MS0093KabulANA.Firuzkuh24.IEDC1168-per1,,False,CLEARED_WITH_ATTRIBUTION,P1,https://raw.githubusercontent.com/OpenITI/RELEASE/v2025.1.9/data/MS0093KabulANA/MS0093KabulANA.Firuzkuh24/MS0093KabulANA.Firuzkuh24.IEDC1168-per1
openiti_mss_MS0093KabulANA.Firuzkuh25.IEDC1169-per1,,TRANSCRIPTION,Afghanistan National Archives,,Firuzkuh 25,,https://www.invisible-east.org/corpus/1169/,https://www.invisible-east.org/corpus/1169/,,,,Kabul,,,,per,OpenITI MSS machine-readable transcription; page-image rights are separate.,OpenITI transcription under CC BY-NC-SA 4.0; image rights separate,https://kitab-project.org/docs/openITI,True,True,OpenITI URI MS0093KabulANA.Firuzkuh25.IEDC1169-per1,,False,CLEARED_WITH_ATTRIBUTION,P1,https://raw.githubusercontent.com/OpenITI/RELEASE/v2025.1.9/data/MS0093KabulANA/MS0093KabulANA.Firuzkuh25/MS0093KabulANA.Firuzkuh25.IEDC1169-per1
openiti_mss_MS0093KabulANA.Firuzkuh26.IEDC1170-per1,,TRANSCRIPTION,Afghanistan National Archives,,Firuzkuh 26,,https://www.invisible-east.org/corpus/1170/,https://www.invisible-east.org/corpus/1170/,,,,Kabul,,,,per,OpenITI MSS machine-readable transcription; page-image rights are separate.,OpenITI transcription under CC BY-NC-SA 4.0; image rights separate,https://kitab-project.org/docs/openITI,True,True,OpenITI URI MS0093KabulANA.Firuzkuh26.IEDC1170-per1,,False,CLEARED_WITH_ATTRIBUTION,P1,https://raw.githubusercontent.com/OpenITI/RELEASE/v2025.1.9/data/MS0093KabulANA/MS0093KabulANA.Firuzkuh26/MS0093KabulANA.Firuzkuh26.IEDC1170-per1
openiti_mss_MS0093KabulANA.Firuzkuh28.IEDC0114-per1,,TRANSCRIPTION,Afghanistan National Archives,,Firuzkuh 28,,https://www.invisible-east.org/corpus/114/,https://www.invisible-east.org/corpus/114/,,,,Kabul,,,,per,OpenITI MSS machine-readable transcription; page-image rights are separate.,OpenITI transcription under CC BY-NC-SA 4.0; image rights separate,https://kitab-project.org/docs/openITI,True,True,OpenITI URI MS0093KabulANA.Firuzkuh28.IEDC0114-per1,,False,CLEARED_WITH_ATTRIBUTION,P1,https://raw.githubusercontent.com/OpenITI/RELEASE/v2025.1.9/data/MS0093KabulANA/MS0093KabulANA.Firuzkuh28/MS0093KabulANA.Firuzkuh28.IEDC0114-per1
openiti_mss_MS0093KabulANA.Firuzkuh29.IEDC0115-per1,,TRANSCRIPTION,Afghanistan National Archives,,Firuzkuh 29,,https://www.invisible-east.org/corpus/115/,https://www.invisible-east.org/corpus/115/,,,,Kabul,,,,per,OpenITI MSS machine-readable transcription; page-image rights are separate.,OpenITI transcription under CC BY-NC-SA 4.0; image rights separate,https://kitab-project.org/docs/openITI,True,True,OpenITI URI MS0093KabulANA.Firuzkuh29.IEDC0115-per1,,False,CLEARED_WITH_ATTRIBUTION,P1,https://raw.githubusercontent.com/OpenITI/RELEASE/v2025.1.9/data/MS0093KabulANA/MS0093KabulANA.Firuzkuh29/MS0093KabulANA.Firuzkuh29.IEDC0115-per1
openiti_mss_MS0093KabulANA.Firuzkuh3.IEDC1257-per1,,TRANSCRIPTION,Afghanistan National Archives,,Firuzkuh 3,,https://www.invisible-east.org/corpus/1257/,https://www.invisible-east.org/corpus/1257/,,,,Kabul,,,,per,OpenITI MSS machine-readable transcription; page-image rights are separate.,OpenITI transcription under CC BY-NC-SA 4.0; image rights separate,https://kitab-project.org/docs/openITI,True,True,OpenITI URI MS0093KabulANA.Firuzkuh3.IEDC1257-per1,,False,CLEARED_WITH_ATTRIBUTION,P1,https://raw.githubusercontent.com/OpenITI/RELEASE/v2025.1.9/data/MS0093KabulANA/MS0093KabulANA.Firuzkuh3/MS0093KabulANA.Firuzkuh3.IEDC1257-per1
openiti_mss_MS0093KabulANA.Firuzkuh30.IEDC0116-per1,,TRANSCRIPTION,Afghanistan National Archives,,Firuzkuh 30,,https://www.invisible-east.org/corpus/116/,https://www.invisible-east.org/corpus/116/,,,,Kabul,,,,per,OpenITI MSS machine-readable transcription; page-image rights are separate.,OpenITI transcription under CC BY-NC-SA 4.0; image rights separate,https://kitab-project.org/docs/openITI,True,True,OpenITI URI MS0093KabulANA.Firuzkuh30.IEDC0116-per1,,False,CLEARED_WITH_ATTRIBUTION,P1,https://raw.githubusercontent.com/OpenITI/RELEASE/v2025.1.9/data/MS0093KabulANA/MS0093KabulANA.Firuzkuh30/MS0093KabulANA.Firuzkuh30.IEDC0116-per1
openiti_mss_MS0093KabulANA.Firuzkuh31.IEDC0117-per1,,TRANSCRIPTION,Afghanistan National Archives,,Firuzkuh 31,,https://www.invisible-east.org/corpus/117/,https://www.invisible-east.org/corpus/117/,,,,Kabul,,,,per,OpenITI MSS machine-readable transcription; page-image rights are separate.,OpenITI transcription under CC BY-NC-SA 4.0; image rights separate,https://kitab-project.org/docs/openITI,True,True,OpenITI URI MS0093KabulANA.Firuzkuh31.IEDC0117-per1,,False,CLEARED_WITH_ATTRIBUTION,P1,https://raw.githubusercontent.com/OpenITI/RELEASE/v2025.1.9/data/MS0093KabulANA/MS0093KabulANA.Firuzkuh31/MS0093KabulANA.Firuzkuh31.IEDC0117-per1
openiti_mss_MS0093KabulANA.Firuzkuh32.IEDC0118-per1,,TRANSCRIPTION,Afghanistan National Archives,,Firuzkuh 32,,https://www.invisible-east.org/corpus/118/,https://www.invisible-east.org/corpus/118/,,,,Kabul,,,,per,OpenITI MSS machine-readable transcription; page-image rights are separate.,OpenITI transcription under CC BY-NC-SA 4.0; image rights separate,https://kitab-project.org/docs/openITI,True,True,OpenITI URI MS0093KabulANA.Firuzkuh32.IEDC0118-per1,,False,CLEARED_WITH_ATTRIBUTION,P1,https://raw.githubusercontent.com/OpenITI/RELEASE/v2025.1.9/data/MS0093KabulANA/MS0093KabulANA.Firuzkuh32/MS0093KabulANA.Firuzkuh32.IEDC0118-per1
openiti_mss_MS0093KabulANA.Firuzkuh33.IEDC0119-per1,,TRANSCRIPTION,Afghanistan National Archives,,Firuzkuh 33,,https://www.invisible-east.org/corpus/119/,https://www.invisible-east.org/corpus/119/,,,,Kabul,,,,per,OpenITI MSS machine-readable transcription; page-image rights are separate.,OpenITI transcription under CC BY-NC-SA 4.0; image rights separate,https://kitab-project.org/docs/openITI,True,True,OpenITI URI MS0093KabulANA.Firuzkuh33.IEDC0119-per1,,False,CLEARED_WITH_ATTRIBUTION,P1,https://raw.githubusercontent.com/OpenITI/RELEASE/v2025.1.9/data/MS0093KabulANA/MS0093KabulANA.Firuzkuh33/MS0093KabulANA.Firuzkuh33.IEDC0119-per1
openiti_mss_MS0093KabulANA.Firuzkuh34.IEDC0120-per1,,TRANSCRIPTION,Afghanistan National Archives,,Firuzkuh 34,,https://www.invisible-east.org/corpus/120/,https://www.invisible-east.org/corpus/120/,,,,Kabul,,,,per,OpenITI MSS machine-readable transcription; page-image rights are separate.,OpenITI transcription under CC BY-NC-SA 4.0; image rights separate,https://kitab-project.org/docs/openITI,True,True,OpenITI URI MS0093KabulANA.Firuzkuh34.IEDC0120-per1,,False,CLEARED_WITH_ATTRIBUTION,P1,https://raw.githubusercontent.com/OpenITI/RELEASE/v2025.1.9/data/MS0093KabulANA/MS0093KabulANA.Firuzkuh34/MS0093KabulANA.Firuzkuh34.IEDC0120-per1
openiti_mss_MS0093KabulANA.Firuzkuh35.IEDC1162-per1,,TRANSCRIPTION,Afghanistan National Archives,,Firuzkuh 35,,https://www.invisible-east.org/corpus/1162/,https://www.invisible-east.org/corpus/1162/,,,,Kabul,,,,per,OpenITI MSS machine-readable transcription; page-image rights are separate.,OpenITI transcription under CC BY-NC-SA 4.0; image rights separate,https://kitab-project.org/docs/openITI,True,True,OpenITI URI MS0093KabulANA.Firuzkuh35.IEDC1162-per1,,False,CLEARED_WITH_ATTRIBUTION,P1,https://raw.githubusercontent.com/OpenITI/RELEASE/v2025.1.9/data/MS0093KabulANA/MS0093KabulANA.Firuzkuh35/MS0093KabulANA.Firuzkuh35.IEDC1162-per1
openiti_mss_MS0093KabulANA.Firuzkuh36.IEDC0121-per1,,TRANSCRIPTION,Afghanistan National Archives,,Firuzkuh 36,,https://www.invisible-east.org/corpus/121/,https://www.invisible-east.org/corpus/121/,,,,Kabul,,,,per,OpenITI MSS machine-readable transcription; page-image rights are separate.,OpenITI transcription under CC BY-NC-SA 4.0; image rights separate,https://kitab-project.org/docs/openITI,True,True,OpenITI URI MS0093KabulANA.Firuzkuh36.IEDC0121-per1,,False,CLEARED_WITH_ATTRIBUTION,P1,https://raw.githubusercontent.com/OpenITI/RELEASE/v2025.1.9/data/MS0093KabulANA/MS0093KabulANA.Firuzkuh36/MS0093KabulANA.Firuzkuh36.IEDC0121-per1
openiti_mss_MS0093KabulANA.Firuzkuh37.IEDC0122-per1,,TRANSCRIPTION,Afghanistan National Archives,,Firuzkuh 37,,https://www.invisible-east.org/corpus/122/,https://www.invisible-east.org/corpus/122/,,,,Kabul,,,,per,OpenITI MSS machine-readable transcription; page-image rights are separate.,OpenITI transcription under CC BY-NC-SA 4.0; image rights separate,https://kitab-project.org/docs/openITI,True,True,OpenITI URI MS0093KabulANA.Firuzkuh37.IEDC0122-per1,,False,CLEARED_WITH_ATTRIBUTION,P1,https://raw.githubusercontent.com/OpenITI/RELEASE/v2025.1.9/data/MS0093KabulANA/MS0093KabulANA.Firuzkuh37/MS0093KabulANA.Firuzkuh37.IEDC0122-per1
openiti_mss_MS0093KabulANA.Firuzkuh38.IEDC0123-per1,,TRANSCRIPTION,Afghanistan National Archives,,Firuzkuh 38,,https://www.invisible-east.org/corpus/123/,https://www.invisible-east.org/corpus/123/,,,,Kabul,,,,per,OpenITI MSS machine-readable transcription; page-image rights are separate.,OpenITI transcription under CC BY-NC-SA 4.0; image rights separate,https://kitab-project.org/docs/openITI,True,True,OpenITI URI MS0093KabulANA.Firuzkuh38.IEDC0123-per1,,False,CLEARED_WITH_ATTRIBUTION,P1,https://raw.githubusercontent.com/OpenITI/RELEASE/v2025.1.9/data/MS0093KabulANA/MS0093KabulANA.Firuzkuh38/MS0093KabulANA.Firuzkuh38.IEDC0123-per1
openiti_mss_MS0093KabulANA.Firuzkuh39.IEDC0124-per1,,TRANSCRIPTION,Afghanistan National Archives,,Firuzkuh 39,,https://www.invisible-east.org/corpus/124/,https://www.invisible-east.org/corpus/124/,,,,Kabul,,,,per,OpenITI MSS machine-readable transcription; page-image rights are separate.,OpenITI transcription under CC BY-NC-SA 4.0; image rights separate,https://kitab-project.org/docs/openITI,True,True,OpenITI URI MS0093KabulANA.Firuzkuh39.IEDC0124-per1,,False,CLEARED_WITH_ATTRIBUTION,P1,https://raw.githubusercontent.com/OpenITI/RELEASE/v2025.1.9/data/MS0093KabulANA/MS0093KabulANA.Firuzkuh39/MS0093KabulANA.Firuzkuh39.IEDC0124-per1
openiti_mss_MS0093KabulANA.Firuzkuh4.IEDC0253-per1,,TRANSCRIPTION,Afghanistan National Archives,,Firuzkuh 4,,https://www.invisible-east.org/corpus/253/,https://www.invisible-east.org/corpus/253/,,,,Kabul,,,,per,OpenITI MSS machine-readable transcription; page-image rights are separate.,OpenITI transcription under CC BY-NC-SA 4.0; image rights separate,https://kitab-project.org/docs/openITI,True,True,OpenITI URI MS0093KabulANA.Firuzkuh4.IEDC0253-per1,,False,CLEARED_WITH_ATTRIBUTION,P1,https://raw.githubusercontent.com/OpenITI/RELEASE/v2025.1.9/data/MS0093KabulANA/MS0093KabulANA.Firuzkuh4/MS0093KabulANA.Firuzkuh4.IEDC0253-per1
openiti_mss_MS0093KabulANA.Firuzkuh40.IEDC0126-per1,,TRANSCRIPTION,Afghanistan National Archives,,Firuzkuh 40,,https://www.invisible-east.org/corpus/126/,https://www.invisible-east.org/corpus/126/,,,,Kabul,,,,per,OpenITI MSS machine-readable transcription; page-image rights are separate.,OpenITI transcription under CC BY-NC-SA 4.0; image rights separate,https://kitab-project.org/docs/openITI,True,True,OpenITI URI MS0093KabulANA.Firuzkuh40.IEDC0126-per1,,False,CLEARED_WITH_ATTRIBUTION,P1,https://raw.githubusercontent.com/OpenITI/RELEASE/v2025.1.9/data/MS0093KabulANA/MS0093KabulANA.Firuzkuh40/MS0093KabulANA.Firuzkuh40.IEDC0126-per1
openiti_mss_MS0093KabulANA.Firuzkuh41.IEDC0127-per1,,TRANSCRIPTION,Afghanistan National Archives,,Firuzkuh 41,,https://www.invisible-east.org/corpus/127/,https://www.invisible-east.org/corpus/127/,,,,Kabul,,,,per,OpenITI MSS machine-readable transcription; page-image rights are separate.,OpenITI transcription under CC BY-NC-SA 4.0; image rights separate,https://kitab-project.org/docs/openITI,True,True,OpenITI URI MS0093KabulANA.Firuzkuh41.IEDC0127-per1,,False,CLEARED_WITH_ATTRIBUTION,P1,https://raw.githubusercontent.com/OpenITI/RELEASE/v2025.1.9/data/MS0093KabulANA/MS0093KabulANA.Firuzkuh41/MS0093KabulANA.Firuzkuh41.IEDC0127-per1
openiti_mss_MS0093KabulANA.Firuzkuh42.IEDC0129-per1,,TRANSCRIPTION,Afghanistan National Archives,,Firuzkuh 42,,https://www.invisible-east.org/corpus/129/,https://www.invisible-east.org/corpus/129/,,,,Kabul,,,,per,OpenITI MSS machine-readable transcription; page-image rights are separate.,OpenITI transcription under CC BY-NC-SA 4.0; image rights separate,https://kitab-project.org/docs/openITI,True,True,OpenITI URI MS0093KabulANA.Firuzkuh42.IEDC0129-per1,,False,CLEARED_WITH_ATTRIBUTION,P1,https://raw.githubusercontent.com/OpenITI/RELEASE/v2025.1.9/data/MS0093KabulANA/MS0093KabulANA.Firuzkuh42/MS0093KabulANA.Firuzkuh42.IEDC0129-per1
openiti_mss_MS0093KabulANA.Firuzkuh43.IEDC0130-per1,,TRANSCRIPTION,Afghanistan National Archives,,Firuzkuh 43,,https://www.invisible-east.org/corpus/130/,https://www.invisible-east.org/corpus/130/,,,,Kabul,,,,per,OpenITI MSS machine-readable transcription; page-image rights are separate.,OpenITI transcription under CC BY-NC-SA 4.0; image rights separate,https://kitab-project.org/docs/openITI,True,True,OpenITI URI MS0093KabulANA.Firuzkuh43.IEDC0130-per1,,False,CLEARED_WITH_ATTRIBUTION,P1,https://raw.githubusercontent.com/OpenITI/RELEASE/v2025.1.9/data/MS0093KabulANA/MS0093KabulANA.Firuzkuh43/MS0093KabulANA.Firuzkuh43.IEDC0130-per1
openiti_mss_MS0093KabulANA.Firuzkuh44.IEDC0131-per1,,TRANSCRIPTION,Afghanistan National Archives,,Firuzkuh 44,,https://www.invisible-east.org/corpus/131/,https://www.invisible-east.org/corpus/131/,,,,Kabul,,,,per,OpenITI MSS machine-readable transcription; page-image rights are separate.,OpenITI transcription under CC BY-NC-SA 4.0; image rights separate,https://kitab-project.org/docs/openITI,True,True,OpenITI URI MS0093KabulANA.Firuzkuh44.IEDC0131-per1,,False,CLEARED_WITH_ATTRIBUTION,P1,https://raw.githubusercontent.com/OpenITI/RELEASE/v2025.1.9/data/MS0093KabulANA/MS0093KabulANA.Firuzkuh44/MS0093KabulANA.Firuzkuh44.IEDC0131-per1
openiti_mss_MS0093KabulANA.Firuzkuh45.IEDC0132-per1,,TRANSCRIPTION,Afghanistan National Archives,,Firuzkuh 45,,https://www.invisible-east.org/corpus/132/,https://www.invisible-east.org/corpus/132/,,,,Kabul,,,,per,OpenITI MSS machine-readable transcription; page-image rights are separate.,OpenITI transcription under CC BY-NC-SA 4.0; image rights separate,https://kitab-project.org/docs/openITI,True,True,OpenITI URI MS0093KabulANA.Firuzkuh45.IEDC0132-per1,,False,CLEARED_WITH_ATTRIBUTION,P1,https://raw.githubusercontent.com/OpenITI/RELEASE/v2025.1.9/data/MS0093KabulANA/MS0093KabulANA.Firuzkuh45/MS0093KabulANA.Firuzkuh45.IEDC0132-per1
openiti_mss_MS0093KabulANA.Firuzkuh46.IEDC0135-per1,,TRANSCRIPTION,Afghanistan National Archives,,Firuzkuh 46,,https://www.invisible-east.org/corpus/135/,https://www.invisible-east.org/corpus/135/,,,,Kabul,,,,per,OpenITI MSS machine-readable transcription; page-image rights are separate.,OpenITI transcription under CC BY-NC-SA 4.0; image rights separate,https://kitab-project.org/docs/openITI,True,True,OpenITI URI MS0093KabulANA.Firuzkuh46.IEDC0135-per1,,False,CLEARED_WITH_ATTRIBUTION,P1,https://raw.githubusercontent.com/OpenITI/RELEASE/v2025.1.9/data/MS0093KabulANA/MS0093KabulANA.Firuzkuh46/MS0093KabulANA.Firuzkuh46.IEDC0135-per1
openiti_mss_MS0093KabulANA.Firuzkuh47.IEDC0136-per1,,TRANSCRIPTION,Afghanistan National Archives,,Firuzkuh 47,,https://www.invisible-east.org/corpus/136/,https://www.invisible-east.org/corpus/136/,,,,Kabul,,,,per,OpenITI MSS machine-readable transcription; page-image rights are separate.,OpenITI transcription under CC BY-NC-SA 4.0; image rights separate,https://kitab-project.org/docs/openITI,True,True,OpenITI URI MS0093KabulANA.Firuzkuh47.IEDC0136-per1,,False,CLEARED_WITH_ATTRIBUTION,P1,https://raw.githubusercontent.com/OpenITI/RELEASE/v2025.1.9/data/MS0093KabulANA/MS0093KabulANA.Firuzkuh47/MS0093KabulANA.Firuzkuh47.IEDC0136-per1
openiti_mss_MS0093KabulANA.Firuzkuh48.IEDC0141-per1,,TRANSCRIPTION,Afghanistan National Archives,,Firuzkuh 48,,https://www.invisible-east.org/corpus/141/,https://www.invisible-east.org/corpus/141/,,,,Kabul,,,,per,OpenITI MSS machine-readable transcription; page-image rights are separate.,OpenITI transcription under CC BY-NC-SA 4.0; image rights separate,https://kitab-project.org/docs/openITI,True,True,OpenITI URI MS0093KabulANA.Firuzkuh48.IEDC0141-per1,,False,CLEARED_WITH_ATTRIBUTION,P1,https://raw.githubusercontent.com/OpenITI/RELEASE/v2025.1.9/data/MS0093KabulANA/MS0093KabulANA.Firuzkuh48/MS0093KabulANA.Firuzkuh48.IEDC0141-per1
openiti_mss_MS0093KabulANA.Firuzkuh49.IEDC0142-per1,,TRANSCRIPTION,Afghanistan National Archives,,Firuzkuh 49,,https://www.invisible-east.org/corpus/142/,https://www.invisible-east.org/corpus/142/,,,,Kabul,,,,per,OpenITI MSS machine-readable transcription; page-image rights are separate.,OpenITI transcription under CC BY-NC-SA 4.0; image rights separate,https://kitab-project.org/docs/openITI,True,True,OpenITI URI MS0093KabulANA.Firuzkuh49.IEDC0142-per1,,False,CLEARED_WITH_ATTRIBUTION,P1,https://raw.githubusercontent.com/OpenITI/RELEASE/v2025.1.9/data/MS0093KabulANA/MS0093KabulANA.Firuzkuh49/MS0093KabulANA.Firuzkuh49.IEDC0142-per1
openiti_mss_MS0093KabulANA.Firuzkuh5.IEDC0109-per1,,TRANSCRIPTION,Afghanistan National Archives,,Firuzkuh 5,,https://www.invisible-east.org/corpus/109/,https://www.invisible-east.org/corpus/109/,,,,Kabul,,,,per,OpenITI MSS machine-readable transcription; page-image rights are separate.,OpenITI transcription under CC BY-NC-SA 4.0; image rights separate,https://kitab-project.org/docs/openITI,True,True,OpenITI URI MS0093KabulANA.Firuzkuh5.IEDC0109-per1,,False,CLEARED_WITH_ATTRIBUTION,P1,https://raw.githubusercontent.com/OpenITI/RELEASE/v2025.1.9/data/MS0093KabulANA/MS0093KabulANA.Firuzkuh5/MS0093KabulANA.Firuzkuh5.IEDC0109-per1
openiti_mss_MS0093KabulANA.Firuzkuh50.IEDC0143-per1,,TRANSCRIPTION,Afghanistan National Archives,,Firuzkuh 50,,https://www.invisible-east.org/corpus/143/,https://www.invisible-east.org/corpus/143/,,,,Kabul,,,,per,OpenITI MSS machine-readable transcription; page-image rights are separate.,OpenITI transcription under CC BY-NC-SA 4.0; image rights separate,https://kitab-project.org/docs/openITI,True,True,OpenITI URI MS0093KabulANA.Firuzkuh50.IEDC0143-per1,,False,CLEARED_WITH_ATTRIBUTION,P1,https://raw.githubusercontent.com/OpenITI/RELEASE/v2025.1.9/data/MS0093KabulANA/MS0093KabulANA.Firuzkuh50/MS0093KabulANA.Firuzkuh50.IEDC0143-per1
openiti_mss_MS0093KabulANA.Firuzkuh51.IEDC0264-per1,,TRANSCRIPTION,Afghanistan National Archives,,Firuzkuh 51,,https://www.invisible-east.org/corpus/264/,https://www.invisible-east.org/corpus/264/,,,,Kabul,,,,per,OpenITI MSS machine-readable transcription; page-image rights are separate.,OpenITI transcription under CC BY-NC-SA 4.0; image rights separate,https://kitab-project.org/docs/openITI,True,True,OpenITI URI MS0093KabulANA.Firuzkuh51.IEDC0264-per1,,False,CLEARED_WITH_ATTRIBUTION,P1,https://raw.githubusercontent.com/OpenITI/RELEASE/v2025.1.9/data/MS0093KabulANA/MS0093KabulANA.Firuzkuh51/MS0093KabulANA.Firuzkuh51.IEDC0264-per1
openiti_mss_MS0093KabulANA.Firuzkuh52.IEDC0237-per1,,TRANSCRIPTION,Afghanistan National Archives,,Firuzkuh 52,,https://www.invisible-east.org/corpus/237/,https://www.invisible-east.org/corpus/237/,,,,Kabul,,,,per,OpenITI MSS machine-readable transcription; page-image rights are separate.,OpenITI transcription under CC BY-NC-SA 4.0; image rights separate,https://kitab-project.org/docs/openITI,True,True,OpenITI URI MS0093KabulANA.Firuzkuh52.IEDC0237-per1,,False,CLEARED_WITH_ATTRIBUTION,P1,https://raw.githubusercontent.com/OpenITI/RELEASE/v2025.1.9/data/MS0093KabulANA/MS0093KabulANA.Firuzkuh52/MS0093KabulANA.Firuzkuh52.IEDC0237-per1
openiti_mss_MS0093KabulANA.Firuzkuh53.IEDC1154-per1,,TRANSCRIPTION,Afghanistan National Archives,,Firuzkuh 53,,https://www.invisible-east.org/corpus/1154/,https://www.invisible-east.org/corpus/1154/,,,,Kabul,,,,per,OpenITI MSS machine-readable transcription; page-image rights are separate.,OpenITI transcription under CC BY-NC-SA 4.0; image rights separate,https://kitab-project.org/docs/openITI,True,True,OpenITI URI MS0093KabulANA.Firuzkuh53.IEDC1154-per1,,False,CLEARED_WITH_ATTRIBUTION,P1,https://raw.githubusercontent.com/OpenITI/RELEASE/v2025.1.9/data/MS0093KabulANA/MS0093KabulANA.Firuzkuh53/MS0093KabulANA.Firuzkuh53.IEDC1154-per1
openiti_mss_MS0093KabulANA.Firuzkuh54.IEDC0238-per1,,TRANSCRIPTION,Afghanistan National Archives,,Firuzkuh 54,,https://www.invisible-east.org/corpus/238/,https://www.invisible-east.org/corpus/238/,,,,Kabul,,,,per,OpenITI MSS machine-readable transcription; page-image rights are separate.,OpenITI transcription under CC BY-NC-SA 4.0; image rights separate,https://kitab-project.org/docs/openITI,True,True,OpenITI URI MS0093KabulANA.Firuzkuh54.IEDC0238-per1,,False,CLEARED_WITH_ATTRIBUTION,P1,https://raw.githubusercontent.com/OpenITI/RELEASE/v2025.1.9/data/MS0093KabulANA/MS0093KabulANA.Firuzkuh54/MS0093KabulANA.Firuzkuh54.IEDC0238-per1
openiti_mss_MS0093KabulANA.Firuzkuh55.IEDC0239-per1,,TRANSCRIPTION,Afghanistan National Archives,,Firuzkuh 55,,https://www.invisible-east.org/corpus/239/,https://www.invisible-east.org/corpus/239/,,,,Kabul,,,,per,OpenITI MSS machine-readable transcription; page-image rights are separate.,OpenITI transcription under CC BY-NC-SA 4.0; image rights separate,https://kitab-project.org/docs/openITI,True,True,OpenITI URI MS0093KabulANA.Firuzkuh55.IEDC0239-per1,,False,CLEARED_WITH_ATTRIBUTION,P1,https://raw.githubusercontent.com/OpenITI/RELEASE/v2025.1.9/data/MS0093KabulANA/MS0093KabulANA.Firuzkuh55/MS0093KabulANA.Firuzkuh55.IEDC0239-per1
openiti_mss_MS0093KabulANA.Firuzkuh56.IEDC0240-per1,,TRANSCRIPTION,Afghanistan National Archives,,Firuzkuh 56,,https://www.invisible-east.org/corpus/240/,https://www.invisible-east.org/corpus/240/,,,,Kabul,,,,per,OpenITI MSS machine-readable transcription; page-image rights are separate.,OpenITI transcription under CC BY-NC-SA 4.0; image rights separate,https://kitab-project.org/docs/openITI,True,True,OpenITI URI MS0093KabulANA.Firuzkuh56.IEDC0240-per1,,False,CLEARED_WITH_ATTRIBUTION,P1,https://raw.githubusercontent.com/OpenITI/RELEASE/v2025.1.9/data/MS0093KabulANA/MS0093KabulANA.Firuzkuh56/MS0093KabulANA.Firuzkuh56.IEDC0240-per1
openiti_mss_MS0093KabulANA.Firuzkuh57.IEDC1155-per1,,TRANSCRIPTION,Afghanistan National Archives,,Firuzkuh 57,,https://www.invisible-east.org/corpus/1155/,https://www.invisible-east.org/corpus/1155/,,,,Kabul,,,,per,OpenITI MSS machine-readable transcription; page-image rights are separate.,OpenITI transcription under CC BY-NC-SA 4.0; image rights separate,https://kitab-project.org/docs/openITI,True,True,OpenITI URI MS0093KabulANA.Firuzkuh57.IEDC1155-per1,,False,CLEARED_WITH_ATTRIBUTION,P1,https://raw.githubusercontent.com/OpenITI/RELEASE/v2025.1.9/data/MS0093KabulANA/MS0093KabulANA.Firuzkuh57/MS0093KabulANA.Firuzkuh57.IEDC1155-per1
openiti_mss_MS0093KabulANA.Firuzkuh58.IEDC0144-per1,,TRANSCRIPTION,Afghanistan National Archives,,Firuzkuh 58,,https://www.invisible-east.org/corpus/144/,https://www.invisible-east.org/corpus/144/,,,,Kabul,,,,per,OpenITI MSS machine-readable transcription; page-image rights are separate.,OpenITI transcription under CC BY-NC-SA 4.0; image rights separate,https://kitab-project.org/docs/openITI,True,True,OpenITI URI MS0093KabulANA.Firuzkuh58.IEDC0144-per1,,False,CLEARED_WITH_ATTRIBUTION,P1,https://raw.githubusercontent.com/OpenITI/RELEASE/v2025.1.9/data/MS0093KabulANA/MS0093KabulANA.Firuzkuh58/MS0093KabulANA.Firuzkuh58.IEDC0144-per1
openiti_mss_MS0093KabulANA.Firuzkuh59.IEDC0246-per1,,TRANSCRIPTION,Afghanistan National Archives,,Firuzkuh 59,,https://www.invisible-east.org/corpus/246/,https://www.invisible-east.org/corpus/246/,,,,Kabul,,,,per,OpenITI MSS machine-readable transcription; page-image rights are separate.,OpenITI transcription under CC BY-NC-SA 4.0; image rights separate,https://kitab-project.org/docs/openITI,True,True,OpenITI URI MS0093KabulANA.Firuzkuh59.IEDC0246-per1,,False,CLEARED_WITH_ATTRIBUTION,P1,https://raw.githubusercontent.com/OpenITI/RELEASE/v2025.1.9/data/MS0093KabulANA/MS0093KabulANA.Firuzkuh59/MS0093KabulANA.Firuzkuh59.IEDC0246-per1
openiti_mss_MS0093KabulANA.Firuzkuh6.IEDC0110-per1,,TRANSCRIPTION,Afghanistan National Archives,,Firuzkuh 6,,https://www.invisible-east.org/corpus/110/,https://www.invisible-east.org/corpus/110/,,,,Kabul,,,,per,OpenITI MSS machine-readable transcription; page-image rights are separate.,OpenITI transcription under CC BY-NC-SA 4.0; image rights separate,https://kitab-project.org/docs/openITI,True,True,OpenITI URI MS0093KabulANA.Firuzkuh6.IEDC0110-per1,,False,CLEARED_WITH_ATTRIBUTION,P1,https://raw.githubusercontent.com/OpenITI/RELEASE/v2025.1.9/data/MS0093KabulANA/MS0093KabulANA.Firuzkuh6/MS0093KabulANA.Firuzkuh6.IEDC0110-per1
openiti_mss_MS0093KabulANA.Firuzkuh60.IEDC0248-per1,,TRANSCRIPTION,Afghanistan National Archives,,Firuzkuh 60,,https://www.invisible-east.org/corpus/248/,https://www.invisible-east.org/corpus/248/,,,,Kabul,,,,per,OpenITI MSS machine-readable transcription; page-image rights are separate.,OpenITI transcription under CC BY-NC-SA 4.0; image rights separate,https://kitab-project.org/docs/openITI,True,True,OpenITI URI MS0093KabulANA.Firuzkuh60.IEDC0248-per1,,False,CLEARED_WITH_ATTRIBUTION,P1,https://raw.githubusercontent.com/OpenITI/RELEASE/v2025.1.9/data/MS0093KabulANA/MS0093KabulANA.Firuzkuh60/MS0093KabulANA.Firuzkuh60.IEDC0248-per1
openiti_mss_MS0093KabulANA.Firuzkuh61.IEDC0243-per1,,TRANSCRIPTION,Afghanistan National Archives,,Firuzkuh 61,,https://www.invisible-east.org/corpus/243/,https://www.invisible-east.org/corpus/243/,,,,Kabul,,,,per,OpenITI MSS machine-readable transcription; page-image rights are separate.,OpenITI transcription under CC BY-NC-SA 4.0; image rights separate,https://kitab-project.org/docs/openITI,True,True,OpenITI URI MS0093KabulANA.Firuzkuh61.IEDC0243-per1,,False,CLEARED_WITH_ATTRIBUTION,P1,https://raw.githubusercontent.com/OpenITI/RELEASE/v2025.1.9/data/MS0093KabulANA/MS0093KabulANA.Firuzkuh61/MS0093KabulANA.Firuzkuh61.IEDC0243-per1
openiti_mss_MS0093KabulANA.Firuzkuh62.IEDC0250-per1,,TRANSCRIPTION,Afghanistan National Archives,,Firuzkuh 62,,https://www.invisible-east.org/corpus/250/,https://www.invisible-east.org/corpus/250/,,,,Kabul,,,,per,OpenITI MSS machine-readable transcription; page-image rights are separate.,OpenITI transcription under CC BY-NC-SA 4.0; image rights separate,https://kitab-project.org/docs/openITI,True,True,OpenITI URI MS0093KabulANA.Firuzkuh62.IEDC0250-per1,,False,CLEARED_WITH_ATTRIBUTION,P1,https://raw.githubusercontent.com/OpenITI/RELEASE/v2025.1.9/data/MS0093KabulANA/MS0093KabulANA.Firuzkuh62/MS0093KabulANA.Firuzkuh62.IEDC0250-per1
openiti_mss_MS0093KabulANA.Firuzkuh63.IEDC0244-per1,,TRANSCRIPTION,Afghanistan National Archives,,Firuzkuh 63,,https://www.invisible-east.org/corpus/244/,https://www.invisible-east.org/corpus/244/,,,,Kabul,,,,per,OpenITI MSS machine-readable transcription; page-image rights are separate.,OpenITI transcription under CC BY-NC-SA 4.0; image rights separate,https://kitab-project.org/docs/openITI,True,True,OpenITI URI MS0093KabulANA.Firuzkuh63.IEDC0244-per1,,False,CLEARED_WITH_ATTRIBUTION,P1,https://raw.githubusercontent.com/OpenITI/RELEASE/v2025.1.9/data/MS0093KabulANA/MS0093KabulANA.Firuzkuh63/MS0093KabulANA.Firuzkuh63.IEDC0244-per1
openiti_mss_MS0093KabulANA.Firuzkuh64.IEDC0247-per1,,TRANSCRIPTION,Afghanistan National Archives,,Firuzkuh 64,,https://www.invisible-east.org/corpus/247/,https://www.invisible-east.org/corpus/247/,,,,Kabul,,,,per,OpenITI MSS machine-readable transcription; page-image rights are separate.,OpenITI transcription under CC BY-NC-SA 4.0; image rights separate,https://kitab-project.org/docs/openITI,True,True,OpenITI URI MS0093KabulANA.Firuzkuh64.IEDC0247-per1,,False,CLEARED_WITH_ATTRIBUTION,P1,https://raw.githubusercontent.com/OpenITI/RELEASE/v2025.1.9/data/MS0093KabulANA/MS0093KabulANA.Firuzkuh64/MS0093KabulANA.Firuzkuh64.IEDC0247-per1
openiti_mss_MS0093KabulANA.Firuzkuh65.IEDC0249-per1,,TRANSCRIPTION,Afghanistan National Archives,,Firuzkuh 65,,https://www.invisible-east.org/corpus/249/,https://www.invisible-east.org/corpus/249/,,,,Kabul,,,,per,OpenITI MSS machine-readable transcription; page-image rights are separate.,OpenITI transcription under CC BY-NC-SA 4.0; image rights separate,https://kitab-project.org/docs/openITI,True,True,OpenITI URI MS0093KabulANA.Firuzkuh65.IEDC0249-per1,,False,CLEARED_WITH_ATTRIBUTION,P1,https://raw.githubusercontent.com/OpenITI/RELEASE/v2025.1.9/data/MS0093KabulANA/MS0093KabulANA.Firuzkuh65/MS0093KabulANA.Firuzkuh65.IEDC0249-per1
openiti_mss_MS0093KabulANA.Firuzkuh66.IEDC0157-per1,,TRANSCRIPTION,Afghanistan National Archives,,Firuzkuh 66,,https://www.invisible-east.org/corpus/157/,https://www.invisible-east.org/corpus/157/,,,,Kabul,,,,per,OpenITI MSS machine-readable transcription; page-image rights are separate.,OpenITI transcription under CC BY-NC-SA 4.0; image rights separate,https://kitab-project.org/docs/openITI,True,True,OpenITI URI MS0093KabulANA.Firuzkuh66.IEDC0157-per1,,False,CLEARED_WITH_ATTRIBUTION,P1,https://raw.githubusercontent.com/OpenITI/RELEASE/v2025.1.9/data/MS0093KabulANA/MS0093KabulANA.Firuzkuh66/MS0093KabulANA.Firuzkuh66.IEDC0157-per1
openiti_mss_MS0093KabulANA.Firuzkuh67.IEDC0158-per1,,TRANSCRIPTION,Afghanistan National Archives,,Firuzkuh 67,,https://www.invisible-east.org/corpus/158/,https://www.invisible-east.org/corpus/158/,,,,Kabul,,,,per,OpenITI MSS machine-readable transcription; page-image rights are separate.,OpenITI transcription under CC BY-NC-SA 4.0; image rights separate,https://kitab-project.org/docs/openITI,True,True,OpenITI URI MS0093KabulANA.Firuzkuh67.IEDC0158-per1,,False,CLEARED_WITH_ATTRIBUTION,P1,https://raw.githubusercontent.com/OpenITI/RELEASE/v2025.1.9/data/MS0093KabulANA/MS0093KabulANA.Firuzkuh67/MS0093KabulANA.Firuzkuh67.IEDC0158-per1
openiti_mss_MS0093KabulANA.Firuzkuh68Recto.IEDC0242-per1,,TRANSCRIPTION,Afghanistan National Archives,,"Firuzkuh 68, recto",,https://www.invisible-east.org/corpus/242/,https://www.invisible-east.org/corpus/242/,,,,Kabul,,,,per,OpenITI MSS machine-readable transcription; page-image rights are separate.,OpenITI transcription under CC BY-NC-SA 4.0; image rights separate,https://kitab-project.org/docs/openITI,True,True,OpenITI URI MS0093KabulANA.Firuzkuh68Recto.IEDC0242-per1,,False,CLEARED_WITH_ATTRIBUTION,P1,https://raw.githubusercontent.com/OpenITI/RELEASE/v2025.1.9/data/MS0093KabulANA/MS0093KabulANA.Firuzkuh68Recto/MS0093KabulANA.Firuzkuh68Recto.IEDC0242-per1
openiti_mss_MS0093KabulANA.Firuzkuh69.IEDC1156-per1,,TRANSCRIPTION,Afghanistan National Archives,,Firuzkuh 69,,https://www.invisible-east.org/corpus/1156/,https://www.invisible-east.org/corpus/1156/,,,,Kabul,,,,per,OpenITI MSS machine-readable transcription; page-image rights are separate.,OpenITI transcription under CC BY-NC-SA 4.0; image rights separate,https://kitab-project.org/docs/openITI,True,True,OpenITI URI MS0093KabulANA.Firuzkuh69.IEDC1156-per1,,False,CLEARED_WITH_ATTRIBUTION,P1,https://raw.githubusercontent.com/OpenITI/RELEASE/v2025.1.9/data/MS0093KabulANA/MS0093KabulANA.Firuzkuh69/MS0093KabulANA.Firuzkuh69.IEDC1156-per1
openiti_mss_MS0093KabulANA.Firuzkuh7.IEDC0111-per1,,TRANSCRIPTION,Afghanistan National Archives,,Firuzkuh 7,,https://www.invisible-east.org/corpus/111/,https://www.invisible-east.org/corpus/111/,,,,Kabul,,,,per,OpenITI MSS machine-readable transcription; page-image rights are separate.,OpenITI transcription under CC BY-NC-SA 4.0; image rights separate,https://kitab-project.org/docs/openITI,True,True,OpenITI URI MS0093KabulANA.Firuzkuh7.IEDC0111-per1,,False,CLEARED_WITH_ATTRIBUTION,P1,https://raw.githubusercontent.com/OpenITI/RELEASE/v2025.1.9/data/MS0093KabulANA/MS0093KabulANA.Firuzkuh7/MS0093KabulANA.Firuzkuh7.IEDC0111-per1
openiti_mss_MS0093KabulANA.Firuzkuh70.IEDC1157-per1,,TRANSCRIPTION,Afghanistan National Archives,,Firuzkuh 70,,https://www.invisible-east.org/corpus/1157/,https://www.invisible-east.org/corpus/1157/,,,,Kabul,,,,per,OpenITI MSS machine-readable transcription; page-image rights are separate.,OpenITI transcription under CC BY-NC-SA 4.0; image rights separate,https://kitab-project.org/docs/openITI,True,True,OpenITI URI MS0093KabulANA.Firuzkuh70.IEDC1157-per1,,False,CLEARED_WITH_ATTRIBUTION,P1,https://raw.githubusercontent.com/OpenITI/RELEASE/v2025.1.9/data/MS0093KabulANA/MS0093KabulANA.Firuzkuh70/MS0093KabulANA.Firuzkuh70.IEDC1157-per1
openiti_mss_MS0093KabulANA.Firuzkuh71.IEDC1207-per1,,TRANSCRIPTION,Afghanistan National Archives,,Firuzkuh 71,,https://www.invisible-east.org/corpus/1207/,https://www.invisible-east.org/corpus/1207/,,,,Kabul,,,,per,OpenITI MSS machine-readable transcription; page-image rights are separate.,OpenITI transcription under CC BY-NC-SA 4.0; image rights separate,https://kitab-project.org/docs/openITI,True,True,OpenITI URI MS0093KabulANA.Firuzkuh71.IEDC1207-per1,,False,CLEARED_WITH_ATTRIBUTION,P1,https://raw.githubusercontent.com/OpenITI/RELEASE/v2025.1.9/data/MS0093KabulANA/MS0093KabulANA.Firuzkuh71/MS0093KabulANA.Firuzkuh71.IEDC1207-per1
openiti_mss_MS0093KabulANA.Firuzkuh72.IEDC1208-per1,,TRANSCRIPTION,Afghanistan National Archives,,Firuzkuh 72,,https://www.invisible-east.org/corpus/1208/,https://www.invisible-east.org/corpus/1208/,,,,Kabul,,,,per,OpenITI MSS machine-readable transcription; page-image rights are separate.,OpenITI transcription under CC BY-NC-SA 4.0; image rights separate,https://kitab-project.org/docs/openITI,True,True,OpenITI URI MS0093KabulANA.Firuzkuh72.IEDC1208-per1,,False,CLEARED_WITH_ATTRIBUTION,P1,https://raw.githubusercontent.com/OpenITI/RELEASE/v2025.1.9/data/MS0093KabulANA/MS0093KabulANA.Firuzkuh72/MS0093KabulANA.Firuzkuh72.IEDC1208-per1
openiti_mss_MS0093KabulANA.Firuzkuh73.IEDC1209-per1,,TRANSCRIPTION,Afghanistan National Archives,,Firuzkuh 73,,https://www.invisible-east.org/corpus/1209/,https://www.invisible-east.org/corpus/1209/,,,,Kabul,,,,per,OpenITI MSS machine-readable transcription; page-image rights are separate.,OpenITI transcription under CC BY-NC-SA 4.0; image rights separate,https://kitab-project.org/docs/openITI,True,True,OpenITI URI MS0093KabulANA.Firuzkuh73.IEDC1209-per1,,False,CLEARED_WITH_ATTRIBUTION,P1,https://raw.githubusercontent.com/OpenITI/RELEASE/v2025.1.9/data/MS0093KabulANA/MS0093KabulANA.Firuzkuh73/MS0093KabulANA.Firuzkuh73.IEDC1209-per1
openiti_mss_MS0093KabulANA.Firuzkuh74.IEDC1211-per1,,TRANSCRIPTION,Afghanistan National Archives,,Firuzkuh 74,,https://www.invisible-east.org/corpus/1211/,https://www.invisible-east.org/corpus/1211/,,,,Kabul,,,,per,OpenITI MSS machine-readable transcription; page-image rights are separate.,OpenITI transcription under CC BY-NC-SA 4.0; image rights separate,https://kitab-project.org/docs/openITI,True,True,OpenITI URI MS0093KabulANA.Firuzkuh74.IEDC1211-per1,,False,CLEARED_WITH_ATTRIBUTION,P1,https://raw.githubusercontent.com/OpenITI/RELEASE/v2025.1.9/data/MS0093KabulANA/MS0093KabulANA.Firuzkuh74/MS0093KabulANA.Firuzkuh74.IEDC1211-per1
openiti_mss_MS0093KabulANA.Firuzkuh75Recto.IEDC1164-per1,,TRANSCRIPTION,Afghanistan National Archives,,"Firuzkuh 75, recto",,https://www.invisible-east.org/corpus/1164/,https://www.invisible-east.org/corpus/1164/,,,,Kabul,,,,per,OpenITI MSS machine-readable transcription; page-image rights are separate.,OpenITI transcription under CC BY-NC-SA 4.0; image rights separate,https://kitab-project.org/docs/openITI,True,True,OpenITI URI MS0093KabulANA.Firuzkuh75Recto.IEDC1164-per1,,False,CLEARED_WITH_ATTRIBUTION,P1,https://raw.githubusercontent.com/OpenITI/RELEASE/v2025.1.9/data/MS0093KabulANA/MS0093KabulANA.Firuzkuh75Recto/MS0093KabulANA.Firuzkuh75Recto.IEDC1164-per1
openiti_mss_MS0093KabulANA.Firuzkuh75Verso.IEDC1210-per1,,TRANSCRIPTION,Afghanistan National Archives,,"Firuzkuh 75, verso",,https://www.invisible-east.org/corpus/1210/,https://www.invisible-east.org/corpus/1210/,,,,Kabul,,,,per,OpenITI MSS machine-readable transcription; page-image rights are separate.,OpenITI transcription under CC BY-NC-SA 4.0; image rights separate,https://kitab-project.org/docs/openITI,True,True,OpenITI URI MS0093KabulANA.Firuzkuh75Verso.IEDC1210-per1,,False,CLEARED_WITH_ATTRIBUTION,P1,https://raw.githubusercontent.com/OpenITI/RELEASE/v2025.1.9/data/MS0093KabulANA/MS0093KabulANA.Firuzkuh75Verso/MS0093KabulANA.Firuzkuh75Verso.IEDC1210-per1
openiti_mss_MS0093KabulANA.Firuzkuh76.IEDC1212-per1,,TRANSCRIPTION,Afghanistan National Archives,,Firuzkuh 76,,https://www.invisible-east.org/corpus/1212/,https://www.invisible-east.org/corpus/1212/,,,,Kabul,,,,per,OpenITI MSS machine-readable transcription; page-image rights are separate.,OpenITI transcription under CC BY-NC-SA 4.0; image rights separate,https://kitab-project.org/docs/openITI,True,True,OpenITI URI MS0093KabulANA.Firuzkuh76.IEDC1212-per1,,False,CLEARED_WITH_ATTRIBUTION,P1,https://raw.githubusercontent.com/OpenITI/RELEASE/v2025.1.9/data/MS0093KabulANA/MS0093KabulANA.Firuzkuh76/MS0093KabulANA.Firuzkuh76.IEDC1212-per1
openiti_mss_MS0093KabulANA.Firuzkuh77.IEDC1213-per1,,TRANSCRIPTION,Afghanistan National Archives,,Firuzkuh 77,,https://www.invisible-east.org/corpus/1213/,https://www.invisible-east.org/corpus/1213/,,,,Kabul,,,,per,OpenITI MSS machine-readable transcription; page-image rights are separate.,OpenITI transcription under CC BY-NC-SA 4.0; image rights separate,https://kitab-project.org/docs/openITI,True,True,OpenITI URI MS0093KabulANA.Firuzkuh77.IEDC1213-per1,,False,CLEARED_WITH_ATTRIBUTION,P1,https://raw.githubusercontent.com/OpenITI/RELEASE/v2025.1.9/data/MS0093KabulANA/MS0093KabulANA.Firuzkuh77/MS0093KabulANA.Firuzkuh77.IEDC1213-per1
openiti_mss_MS0093KabulANA.Firuzkuh78.IEDC1214-per1,,TRANSCRIPTION,Afghanistan National Archives,,Firuzkuh 78,,https://www.invisible-east.org/corpus/1214/,https://www.invisible-east.org/corpus/1214/,,,,Kabul,,,,per,OpenITI MSS machine-readable transcription; page-image rights are separate.,OpenITI transcription under CC BY-NC-SA 4.0; image rights separate,https://kitab-project.org/docs/openITI,True,True,OpenITI URI MS0093KabulANA.Firuzkuh78.IEDC1214-per1,,False,CLEARED_WITH_ATTRIBUTION,P1,https://raw.githubusercontent.com/OpenITI/RELEASE/v2025.1.9/data/MS0093KabulANA/MS0093KabulANA.Firuzkuh78/MS0093KabulANA.Firuzkuh78.IEDC1214-per1
openiti_mss_MS0093KabulANA.Firuzkuh79.IEDC1158-per1,,TRANSCRIPTION,Afghanistan National Archives,,Firuzkuh 79,,https://www.invisible-east.org/corpus/1158/,https://www.invisible-east.org/corpus/1158/,,,,Kabul,,,,per,OpenITI MSS machine-readable transcription; page-image rights are separate.,OpenITI transcription under CC BY-NC-SA 4.0; image rights separate,https://kitab-project.org/docs/openITI,True,True,OpenITI URI MS0093KabulANA.Firuzkuh79.IEDC1158-per1,,False,CLEARED_WITH_ATTRIBUTION,P1,https://raw.githubusercontent.com/OpenITI/RELEASE/v2025.1.9/data/MS0093KabulANA/MS0093KabulANA.Firuzkuh79/MS0093KabulANA.Firuzkuh79.IEDC1158-per1
openiti_mss_MS0093KabulANA.Firuzkuh8.IEDC0112-per1,,TRANSCRIPTION,Afghanistan National Archives,,Firuzkuh 8,,https://www.invisible-east.org/corpus/112/,https://www.invisible-east.org/corpus/112/,,,,Kabul,,,,per,OpenITI MSS machine-readable transcription; page-image rights are separate.,OpenITI transcription under CC BY-NC-SA 4.0; image rights separate,https://kitab-project.org/docs/openITI,True,True,OpenITI URI MS0093KabulANA.Firuzkuh8.IEDC0112-per1,,False,CLEARED_WITH_ATTRIBUTION,P1,https://raw.githubusercontent.com/OpenITI/RELEASE/v2025.1.9/data/MS0093KabulANA/MS0093KabulANA.Firuzkuh8/MS0093KabulANA.Firuzkuh8.IEDC0112-per1
openiti_mss_MS0093KabulANA.Firuzkuh80.IEDC1159-per1,,TRANSCRIPTION,Afghanistan National Archives,,Firuzkuh 80,,https://www.invisible-east.org/corpus/1159/,https://www.invisible-east.org/corpus/1159/,,,,Kabul,,,,per,OpenITI MSS machine-readable transcription; page-image rights are separate.,OpenITI transcription under CC BY-NC-SA 4.0; image rights separate,https://kitab-project.org/docs/openITI,True,True,OpenITI URI MS0093KabulANA.Firuzkuh80.IEDC1159-per1,,False,CLEARED_WITH_ATTRIBUTION,P1,https://raw.githubusercontent.com/OpenITI/RELEASE/v2025.1.9/data/MS0093KabulANA/MS0093KabulANA.Firuzkuh80/MS0093KabulANA.Firuzkuh80.IEDC1159-per1
openiti_mss_MS0093KabulANA.Firuzkuh81.IEDC1232-per1,,TRANSCRIPTION,Afghanistan National Archives,,Firuzkuh 81,,https://www.invisible-east.org/corpus/1232/,https://www.invisible-east.org/corpus/1232/,,,,Kabul,,,,per,OpenITI MSS machine-readable transcription; page-image rights are separate.,OpenITI transcription under CC BY-NC-SA 4.0; image rights separate,https://kitab-project.org/docs/openITI,True,True,OpenITI URI MS0093KabulANA.Firuzkuh81.IEDC1232-per1,,False,CLEARED_WITH_ATTRIBUTION,P1,https://raw.githubusercontent.com/OpenITI/RELEASE/v2025.1.9/data/MS0093KabulANA/MS0093KabulANA.Firuzkuh81/MS0093KabulANA.Firuzkuh81.IEDC1232-per1
openiti_mss_MS0093KabulANA.Firuzkuh82.IEDC1215-per1,,TRANSCRIPTION,Afghanistan National Archives,,Firuzkuh 82,,https://www.invisible-east.org/corpus/1215/,https://www.invisible-east.org/corpus/1215/,,,,Kabul,,,,per,OpenITI MSS machine-readable transcription; page-image rights are separate.,OpenITI transcription under CC BY-NC-SA 4.0; image rights separate,https://kitab-project.org/docs/openITI,True,True,OpenITI URI MS0093KabulANA.Firuzkuh82.IEDC1215-per1,,False,CLEARED_WITH_ATTRIBUTION,P1,https://raw.githubusercontent.com/OpenITI/RELEASE/v2025.1.9/data/MS0093KabulANA/MS0093KabulANA.Firuzkuh82/MS0093KabulANA.Firuzkuh82.IEDC1215-per1
openiti_mss_MS0093KabulANA.Firuzkuh83.IEDC1171-per1,,TRANSCRIPTION,Afghanistan National Archives,,Firuzkuh 83,,https://www.invisible-east.org/corpus/1171/,https://www.invisible-east.org/corpus/1171/,,,,Kabul,,,,per,OpenITI MSS machine-readable transcription; page-image rights are separate.,OpenITI transcription under CC BY-NC-SA 4.0; image rights separate,https://kitab-project.org/docs/openITI,True,True,OpenITI URI MS0093KabulANA.Firuzkuh83.IEDC1171-per1,,False,CLEARED_WITH_ATTRIBUTION,P1,https://raw.githubusercontent.com/OpenITI/RELEASE/v2025.1.9/data/MS0093KabulANA/MS0093KabulANA.Firuzkuh83/MS0093KabulANA.Firuzkuh83.IEDC1171-per1
openiti_mss_MS0093KabulANA.Firuzkuh84.IEDC1160-per1,,TRANSCRIPTION,Afghanistan National Archives,,Firuzkuh 84,,https://www.invisible-east.org/corpus/1160/,https://www.invisible-east.org/corpus/1160/,,,,Kabul,,,,per,OpenITI MSS machine-readable transcription; page-image rights are separate.,OpenITI transcription under CC BY-NC-SA 4.0; image rights separate,https://kitab-project.org/docs/openITI,True,True,OpenITI URI MS0093KabulANA.Firuzkuh84.IEDC1160-per1,,False,CLEARED_WITH_ATTRIBUTION,P1,https://raw.githubusercontent.com/OpenITI/RELEASE/v2025.1.9/data/MS0093KabulANA/MS0093KabulANA.Firuzkuh84/MS0093KabulANA.Firuzkuh84.IEDC1160-per1
openiti_mss_MS0093KabulANA.Firuzkuh85.IEDC0145-per1,,TRANSCRIPTION,Afghanistan National Archives,,Firuzkuh 85,,https://www.invisible-east.org/corpus/145/,https://www.invisible-east.org/corpus/145/,,,,Kabul,,,,per,OpenITI MSS machine-readable transcription; page-image rights are separate.,OpenITI transcription under CC BY-NC-SA 4.0; image rights separate,https://kitab-project.org/docs/openITI,True,True,OpenITI URI MS0093KabulANA.Firuzkuh85.IEDC0145-per1,,False,CLEARED_WITH_ATTRIBUTION,P1,https://raw.githubusercontent.com/OpenITI/RELEASE/v2025.1.9/data/MS0093KabulANA/MS0093KabulANA.Firuzkuh85/MS0093KabulANA.Firuzkuh85.IEDC0145-per1
openiti_mss_MS0093KabulANA.Firuzkuh86.IEDC1217-per1,,TRANSCRIPTION,Afghanistan National Archives,,Firuzkuh 86,,https://www.invisible-east.org/corpus/1217/,https://www.invisible-east.org/corpus/1217/,,,,Kabul,,,,per,OpenITI MSS machine-readable transcription; page-image rights are separate.,OpenITI transcription under CC BY-NC-SA 4.0; image rights separate,https://kitab-project.org/docs/openITI,True,True,OpenITI URI MS0093KabulANA.Firuzkuh86.IEDC1217-per1,,False,CLEARED_WITH_ATTRIBUTION,P1,https://raw.githubusercontent.com/OpenITI/RELEASE/v2025.1.9/data/MS0093KabulANA/MS0093KabulANA.Firuzkuh86/MS0093KabulANA.Firuzkuh86.IEDC1217-per1
openiti_mss_MS0093KabulANA.Firuzkuh87.IEDC1218-per1,,TRANSCRIPTION,Afghanistan National Archives,,Firuzkuh 87,,https://www.invisible-east.org/corpus/1218/,https://www.invisible-east.org/corpus/1218/,,,,Kabul,,,,per,OpenITI MSS machine-readable transcription; page-image rights are separate.,OpenITI transcription under CC BY-NC-SA 4.0; image rights separate,https://kitab-project.org/docs/openITI,True,True,OpenITI URI MS0093KabulANA.Firuzkuh87.IEDC1218-per1,,False,CLEARED_WITH_ATTRIBUTION,P1,https://raw.githubusercontent.com/OpenITI/RELEASE/v2025.1.9/data/MS0093KabulANA/MS0093KabulANA.Firuzkuh87/MS0093KabulANA.Firuzkuh87.IEDC1218-per1
openiti_mss_MS0093KabulANA.Firuzkuh88.IEDC1233-ara1,,TRANSCRIPTION,Afghanistan National Archives,,Firuzkuh 88,,https://www.invisible-east.org/corpus/1233/,https://www.invisible-east.org/corpus/1233/,,,,Kabul,,,,ara,OpenITI MSS machine-readable transcription; page-image rights are separate.,OpenITI transcription under CC BY-NC-SA 4.0; image rights separate,https://kitab-project.org/docs/openITI,True,True,OpenITI URI MS0093KabulANA.Firuzkuh88.IEDC1233-ara1,,False,CLEARED_WITH_ATTRIBUTION,P1,https://raw.githubusercontent.com/OpenITI/RELEASE/v2025.1.9/data/MS0093KabulANA/MS0093KabulANA.Firuzkuh88/MS0093KabulANA.Firuzkuh88.IEDC1233-ara1
openiti_mss_MS0093KabulANA.Firuzkuh89.IEDC1234-ara1,,TRANSCRIPTION,Afghanistan National Archives,,Firuzkuh 89,,https://www.invisible-east.org/corpus/1234/,https://www.invisible-east.org/corpus/1234/,,,,Kabul,,,,ara,OpenITI MSS machine-readable transcription; page-image rights are separate.,OpenITI transcription under CC BY-NC-SA 4.0; image rights separate,https://kitab-project.org/docs/openITI,True,True,OpenITI URI MS0093KabulANA.Firuzkuh89.IEDC1234-ara1,,False,CLEARED_WITH_ATTRIBUTION,P1,https://raw.githubusercontent.com/OpenITI/RELEASE/v2025.1.9/data/MS0093KabulANA/MS0093KabulANA.Firuzkuh89/MS0093KabulANA.Firuzkuh89.IEDC1234-ara1
openiti_mss_MS0093KabulANA.Firuzkuh9.IEDC1216-per1,,TRANSCRIPTION,Afghanistan National Archives,,Firuzkuh 9,,https://www.invisible-east.org/corpus/1216/,https://www.invisible-east.org/corpus/1216/,,,,Kabul,,,,per,OpenITI MSS machine-readable transcription; page-image rights are separate.,OpenITI transcription under CC BY-NC-SA 4.0; image rights separate,https://kitab-project.org/docs/openITI,True,True,OpenITI URI MS0093KabulANA.Firuzkuh9.IEDC1216-per1,,False,CLEARED_WITH_ATTRIBUTION,P1,https://raw.githubusercontent.com/OpenITI/RELEASE/v2025.1.9/data/MS0093KabulANA/MS0093KabulANA.Firuzkuh9/MS0093KabulANA.Firuzkuh9.IEDC1216-per1
openiti_mss_MS0093KabulANA.Firuzkuh90.IEDC1235-ara1,,TRANSCRIPTION,Afghanistan National Archives,,Firuzkuh 90,,https://www.invisible-east.org/corpus/1235/,https://www.invisible-east.org/corpus/1235/,,,,Kabul,,,,ara,OpenITI MSS machine-readable transcription; page-image rights are separate.,OpenITI transcription under CC BY-NC-SA 4.0; image rights separate,https://kitab-project.org/docs/openITI,True,True,OpenITI URI MS0093KabulANA.Firuzkuh90.IEDC1235-ara1,,False,CLEARED_WITH_ATTRIBUTION,P1,https://raw.githubusercontent.com/OpenITI/RELEASE/v2025.1.9/data/MS0093KabulANA/MS0093KabulANA.Firuzkuh90/MS0093KabulANA.Firuzkuh90.IEDC1235-ara1
openiti_mss_MS0093KabulANA.Firuzkuh91.IEDC1219-per1,,TRANSCRIPTION,Afghanistan National Archives,,Firuzkuh 91,,https://www.invisible-east.org/corpus/1219/,https://www.invisible-east.org/corpus/1219/,,,,Kabul,,,,per,OpenITI MSS machine-readable transcription; page-image rights are separate.,OpenITI transcription under CC BY-NC-SA 4.0; image rights separate,https://kitab-project.org/docs/openITI,True,True,OpenITI URI MS0093KabulANA.Firuzkuh91.IEDC1219-per1,,False,CLEARED_WITH_ATTRIBUTION,P1,https://raw.githubusercontent.com/OpenITI/RELEASE/v2025.1.9/data/MS0093KabulANA/MS0093KabulANA.Firuzkuh91/MS0093KabulANA.Firuzkuh91.IEDC1219-per1
openiti_mss_MS0093KabulANA.Firuzkuh92.IEDC1172-per1,,TRANSCRIPTION,Afghanistan National Archives,,Firuzkuh 92,,https://www.invisible-east.org/corpus/1172/,https://www.invisible-east.org/corpus/1172/,,,,Kabul,,,,per,OpenITI MSS machine-readable transcription; page-image rights are separate.,OpenITI transcription under CC BY-NC-SA 4.0; image rights separate,https://kitab-project.org/docs/openITI,True,True,OpenITI URI MS0093KabulANA.Firuzkuh92.IEDC1172-per1,,False,CLEARED_WITH_ATTRIBUTION,P1,https://raw.githubusercontent.com/OpenITI/RELEASE/v2025.1.9/data/MS0093KabulANA/MS0093KabulANA.Firuzkuh92/MS0093KabulANA.Firuzkuh92.IEDC1172-per1
openiti_mss_MS0093KabulANA.Firuzkuh93.IEDC0146-per1,,TRANSCRIPTION,Afghanistan National Archives,,Firuzkuh 93,,https://www.invisible-east.org/corpus/146/,https://www.invisible-east.org/corpus/146/,,,,Kabul,,,,per,OpenITI MSS machine-readable transcription; page-image rights are separate.,OpenITI transcription under CC BY-NC-SA 4.0; image rights separate,https://kitab-project.org/docs/openITI,True,True,OpenITI URI MS0093KabulANA.Firuzkuh93.IEDC0146-per1,,False,CLEARED_WITH_ATTRIBUTION,P1,https://raw.githubusercontent.com/OpenITI/RELEASE/v2025.1.9/data/MS0093KabulANA/MS0093KabulANA.Firuzkuh93/MS0093KabulANA.Firuzkuh93.IEDC0146-per1
openiti_mss_MS0093KabulANA.Firuzkuh94.IEDC1161-per1,,TRANSCRIPTION,Afghanistan National Archives,,Firuzkuh 94,,https://www.invisible-east.org/corpus/1161/,https://www.invisible-east.org/corpus/1161/,,,,Kabul,,,,per,OpenITI MSS machine-readable transcription; page-image rights are separate.,OpenITI transcription under CC BY-NC-SA 4.0; image rights separate,https://kitab-project.org/docs/openITI,True,True,OpenITI URI MS0093KabulANA.Firuzkuh94.IEDC1161-per1,,False,CLEARED_WITH_ATTRIBUTION,P1,https://raw.githubusercontent.com/OpenITI/RELEASE/v2025.1.9/data/MS0093KabulANA/MS0093KabulANA.Firuzkuh94/MS0093KabulANA.Firuzkuh94.IEDC1161-per1
openiti_mss_MS0093KabulANA.Firuzkuh95.IEDC0241-per1,,TRANSCRIPTION,Afghanistan National Archives,,Firuzkuh 95,,https://www.invisible-east.org/corpus/241/,https://www.invisible-east.org/corpus/241/,,,,Kabul,,,,per,OpenITI MSS machine-readable transcription; page-image rights are separate.,OpenITI transcription under CC BY-NC-SA 4.0; image rights separate,https://kitab-project.org/docs/openITI,True,True,OpenITI URI MS0093KabulANA.Firuzkuh95.IEDC0241-per1,,False,CLEARED_WITH_ATTRIBUTION,P1,https://raw.githubusercontent.com/OpenITI/RELEASE/v2025.1.9/data/MS0093KabulANA/MS0093KabulANA.Firuzkuh95/MS0093KabulANA.Firuzkuh95.IEDC0241-per1
openiti_mss_MS0093KabulANA.Firuzkuh96.IEDC0147-per1,,TRANSCRIPTION,Afghanistan National Archives,,Firuzkuh 96,,https://www.invisible-east.org/corpus/147/,https://www.invisible-east.org/corpus/147/,,,,Kabul,,,,per,OpenITI MSS machine-readable transcription; page-image rights are separate.,OpenITI transcription under CC BY-NC-SA 4.0; image rights separate,https://kitab-project.org/docs/openITI,True,True,OpenITI URI MS0093KabulANA.Firuzkuh96.IEDC0147-per1,,False,CLEARED_WITH_ATTRIBUTION,P1,https://raw.githubusercontent.com/OpenITI/RELEASE/v2025.1.9/data/MS0093KabulANA/MS0093KabulANA.Firuzkuh96/MS0093KabulANA.Firuzkuh96.IEDC0147-per1
openiti_mss_MS0093KabulANA.Firuzkuh97.IEDC1163-per1,,TRANSCRIPTION,Afghanistan National Archives,,Firuzkuh 97,,https://www.invisible-east.org/corpus/1163/,https://www.invisible-east.org/corpus/1163/,,,,Kabul,,,,per,OpenITI MSS machine-readable transcription; page-image rights are separate.,OpenITI transcription under CC BY-NC-SA 4.0; image rights separate,https://kitab-project.org/docs/openITI,True,True,OpenITI URI MS0093KabulANA.Firuzkuh97.IEDC1163-per1,,False,CLEARED_WITH_ATTRIBUTION,P1,https://raw.githubusercontent.com/OpenITI/RELEASE/v2025.1.9/data/MS0093KabulANA/MS0093KabulANA.Firuzkuh97/MS0093KabulANA.Firuzkuh97.IEDC1163-per1
openiti_mss_MS0093KabulANA.Firuzkuh98.IEDC1220-per1,,TRANSCRIPTION,Afghanistan National Archives,,Firuzkuh 98,,https://www.invisible-east.org/corpus/1220/,https://www.invisible-east.org/corpus/1220/,,,,Kabul,,,,per,OpenITI MSS machine-readable transcription; page-image rights are separate.,OpenITI transcription under CC BY-NC-SA 4.0; image rights separate,https://kitab-project.org/docs/openITI,True,True,OpenITI URI MS0093KabulANA.Firuzkuh98.IEDC1220-per1,,False,CLEARED_WITH_ATTRIBUTION,P1,https://raw.githubusercontent.com/OpenITI/RELEASE/v2025.1.9/data/MS0093KabulANA/MS0093KabulANA.Firuzkuh98/MS0093KabulANA.Firuzkuh98.IEDC1220-per1
openiti_mss_MS0093KabulANA.Firuzkuh99.IEDC1236-per1,,TRANSCRIPTION,Afghanistan National Archives,,Firuzkuh 99,,https://www.invisible-east.org/corpus/1236/,https://www.invisible-east.org/corpus/1236/,,,,Kabul,,,,per,OpenITI MSS machine-readable transcription; page-image rights are separate.,OpenITI transcription under CC BY-NC-SA 4.0; image rights separate,https://kitab-project.org/docs/openITI,True,True,OpenITI URI MS0093KabulANA.Firuzkuh99.IEDC1236-per1,,False,CLEARED_WITH_ATTRIBUTION,P1,https://raw.githubusercontent.com/OpenITI/RELEASE/v2025.1.9/data/MS0093KabulANA/MS0093KabulANA.Firuzkuh99/MS0093KabulANA.Firuzkuh99.IEDC1236-per1
openiti_mss_MS0098TehranUL.Ms9067.SK202502-per1,,TRANSCRIPTION,Tihran University Library,,Tehran University Library ms. 9067,,,,,,,Tehran,,,,per,OpenITI MSS machine-readable transcription; page-image rights are separate.,OpenITI transcription under CC BY-NC-SA 4.0; image rights separate,https://kitab-project.org/docs/openITI,True,True,OpenITI URI MS0098TehranUL.Ms9067.SK202502-per1,,False,CLEARED_WITH_ATTRIBUTION,P1,https://raw.githubusercontent.com/OpenITI/RELEASE/v2025.1.9/data/MS0098TehranUL/MS0098TehranUL.Ms9067/MS0098TehranUL.Ms9067.SK202502-per1
openiti_mss_MS0972JerusalemNLI.Heb8333_100.IEDC0077-per1,,TRANSCRIPTION,National Library of Israel,,Ms.Heb.8333.100,,https://www.invisible-east.org/corpus/77/,https://www.invisible-east.org/corpus/77/,,,,Jerusalem,,,,per,OpenITI MSS machine-readable transcription; page-image rights are separate.,OpenITI transcription under CC BY-NC-SA 4.0; image rights separate,https://kitab-project.org/docs/openITI,True,True,OpenITI URI MS0972JerusalemNLI.Heb8333_100.IEDC0077-per1,,False,CLEARED_WITH_ATTRIBUTION,P1,https://raw.githubusercontent.com/OpenITI/RELEASE/v2025.1.9/data/MS0972JerusalemNLI/MS0972JerusalemNLI.Heb8333_100/MS0972JerusalemNLI.Heb8333_100.IEDC0077-per1
openiti_mss_MS0972JerusalemNLI.Heb8333_101Recto.IEDC0267-per1,,TRANSCRIPTION,National Library of Israel,,"Ms.Heb.8333.101, recto",,https://www.invisible-east.org/corpus/267/,https://www.invisible-east.org/corpus/267/,,,,Jerusalem,,,,per,OpenITI MSS machine-readable transcription; page-image rights are separate.,OpenITI transcription under CC BY-NC-SA 4.0; image rights separate,https://kitab-project.org/docs/openITI,True,True,OpenITI URI MS0972JerusalemNLI.Heb8333_101Recto.IEDC0267-per1,,False,CLEARED_WITH_ATTRIBUTION,P1,https://raw.githubusercontent.com/OpenITI/RELEASE/v2025.1.9/data/MS0972JerusalemNLI/MS0972JerusalemNLI.Heb8333_101Recto/MS0972JerusalemNLI.Heb8333_101Recto.IEDC0267-per1
openiti_mss_MS0972JerusalemNLI.Heb8333_101Verso.IEDC0212-per1,,TRANSCRIPTION,National Library of Israel,,"Ms.Heb.8333.101, verso",,https://www.invisible-east.org/corpus/212/,https://www.invisible-east.org/corpus/212/,,,,Jerusalem,,,,per,OpenITI MSS machine-readable transcription; page-image rights are separate.,OpenITI transcription under CC BY-NC-SA 4.0; image rights separate,https://kitab-project.org/docs/openITI,True,True,OpenITI URI MS0972JerusalemNLI.Heb8333_101Verso.IEDC0212-per1,,False,CLEARED_WITH_ATTRIBUTION,P1,https://raw.githubusercontent.com/OpenITI/RELEASE/v2025.1.9/data/MS0972JerusalemNLI/MS0972JerusalemNLI.Heb8333_101Verso/MS0972JerusalemNLI.Heb8333_101Verso.IEDC0212-per1
openiti_mss_MS0972JerusalemNLI.Heb8333_102.IEDC1188-per1,,TRANSCRIPTION,National Library of Israel,,Ms.Heb.8333.102,,https://www.invisible-east.org/corpus/1188/,https://www.invisible-east.org/corpus/1188/,,,,Jerusalem,,,,per,OpenITI MSS machine-readable transcription; page-image rights are separate.,OpenITI transcription under CC BY-NC-SA 4.0; image rights separate,https://kitab-project.org/docs/openITI,True,True,OpenITI URI MS0972JerusalemNLI.Heb8333_102.IEDC1188-per1,,False,CLEARED_WITH_ATTRIBUTION,P1,https://raw.githubusercontent.com/OpenITI/RELEASE/v2025.1.9/data/MS0972JerusalemNLI/MS0972JerusalemNLI.Heb8333_102/MS0972JerusalemNLI.Heb8333_102.IEDC1188-per1
openiti_mss_MS0972JerusalemNLI.Heb8333_103.IEDC0231-per1,,TRANSCRIPTION,National Library of Israel,,Ms.Heb.8333.103,,https://www.invisible-east.org/corpus/231/,https://www.invisible-east.org/corpus/231/,,,,Jerusalem,,,,per,OpenITI MSS machine-readable transcription; page-image rights are separate.,OpenITI transcription under CC BY-NC-SA 4.0; image rights separate,https://kitab-project.org/docs/openITI,True,True,OpenITI URI MS0972JerusalemNLI.Heb8333_103.IEDC0231-per1,,False,CLEARED_WITH_ATTRIBUTION,P1,https://raw.githubusercontent.com/OpenITI/RELEASE/v2025.1.9/data/MS0972JerusalemNLI/MS0972JerusalemNLI.Heb8333_103/MS0972JerusalemNLI.Heb8333_103.IEDC0231-per1
openiti_mss_MS0972JerusalemNLI.Heb8333_104.IEDC0060-per1,,TRANSCRIPTION,National Library of Israel,,Ms.Heb.8333.104,,https://www.invisible-east.org/corpus/60/,https://www.invisible-east.org/corpus/60/,,,,Jerusalem,,,,per,OpenITI MSS machine-readable transcription; page-image rights are separate.,OpenITI transcription under CC BY-NC-SA 4.0; image rights separate,https://kitab-project.org/docs/openITI,True,True,OpenITI URI MS0972JerusalemNLI.Heb8333_104.IEDC0060-per1,,False,CLEARED_WITH_ATTRIBUTION,P1,https://raw.githubusercontent.com/OpenITI/RELEASE/v2025.1.9/data/MS0972JerusalemNLI/MS0972JerusalemNLI.Heb8333_104/MS0972JerusalemNLI.Heb8333_104.IEDC0060-per1
openiti_mss_MS0972JerusalemNLI.Heb8333_105Recto.IEDC1196-per1,,TRANSCRIPTION,National Library of Israel,,"Ms.Heb.8333.105, recto",,https://www.invisible-east.org/corpus/1196/,https://www.invisible-east.org/corpus/1196/,,,,Jerusalem,,,,per,OpenITI MSS machine-readable transcription; page-image rights are separate.,OpenITI transcription under CC BY-NC-SA 4.0; image rights separate,https://kitab-project.org/docs/openITI,True,True,OpenITI URI MS0972JerusalemNLI.Heb8333_105Recto.IEDC1196-per1,,False,CLEARED_WITH_ATTRIBUTION,P1,https://raw.githubusercontent.com/OpenITI/RELEASE/v2025.1.9/data/MS0972JerusalemNLI/MS0972JerusalemNLI.Heb8333_105Recto/MS0972JerusalemNLI.Heb8333_105Recto.IEDC1196-per1
openiti_mss_MS0972JerusalemNLI.Heb8333_105Verso.IEDC0092-per1,,TRANSCRIPTION,National Library of Israel,,"Ms.Heb.8333.105, verso",,https://www.invisible-east.org/corpus/92/,https://www.invisible-east.org/corpus/92/,,,,Jerusalem,,,,per,OpenITI MSS machine-readable transcription; page-image rights are separate.,OpenITI transcription under CC BY-NC-SA 4.0; image rights separate,https://kitab-project.org/docs/openITI,True,True,OpenITI URI MS0972JerusalemNLI.Heb8333_105Verso.IEDC0092-per1,,False,CLEARED_WITH_ATTRIBUTION,P1,https://raw.githubusercontent.com/OpenITI/RELEASE/v2025.1.9/data/MS0972JerusalemNLI/MS0972JerusalemNLI.Heb8333_105Verso/MS0972JerusalemNLI.Heb8333_105Verso.IEDC0092-per1
openiti_mss_MS0972JerusalemNLI.Heb8333_106.IEDC0093-per1,,TRANSCRIPTION,National Library of Israel,,Ms.Heb.8333.106,,https://www.invisible-east.org/corpus/93/,https://www.invisible-east.org/corpus/93/,,,,Jerusalem,,,,per,OpenITI MSS machine-readable transcription; page-image rights are separate.,OpenITI transcription under CC BY-NC-SA 4.0; image rights separate,https://kitab-project.org/docs/openITI,True,True,OpenITI URI MS0972JerusalemNLI.Heb8333_106.IEDC0093-per1,,False,CLEARED_WITH_ATTRIBUTION,P1,https://raw.githubusercontent.com/OpenITI/RELEASE/v2025.1.9/data/MS0972JerusalemNLI/MS0972JerusalemNLI.Heb8333_106/MS0972JerusalemNLI.Heb8333_106.IEDC0093-per1
openiti_mss_MS0972JerusalemNLI.Heb8333_107.IEDC1192-per1,,TRANSCRIPTION,National Library of Israel,,Ms.Heb.8333.107,,https://www.invisible-east.org/corpus/1192/,https://www.invisible-east.org/corpus/1192/,,,,Jerusalem,,,,per,OpenITI MSS machine-readable transcription; page-image rights are separate.,OpenITI transcription under CC BY-NC-SA 4.0; image rights separate,https://kitab-project.org/docs/openITI,True,True,OpenITI URI MS0972JerusalemNLI.Heb8333_107.IEDC1192-per1,,False,CLEARED_WITH_ATTRIBUTION,P1,https://raw.githubusercontent.com/OpenITI/RELEASE/v2025.1.9/data/MS0972JerusalemNLI/MS0972JerusalemNLI.Heb8333_107/MS0972JerusalemNLI.Heb8333_107.IEDC1192-per1
openiti_mss_MS0972JerusalemNLI.Heb8333_108.IEDC0229-per1,,TRANSCRIPTION,National Library of Israel,,Ms.Heb.8333.108,,https://www.invisible-east.org/corpus/229/,https://www.invisible-east.org/corpus/229/,,,,Jerusalem,,,,per,OpenITI MSS machine-readable transcription; page-image rights are separate.,OpenITI transcription under CC BY-NC-SA 4.0; image rights separate,https://kitab-project.org/docs/openITI,True,True,OpenITI URI MS0972JerusalemNLI.Heb8333_108.IEDC0229-per1,,False,CLEARED_WITH_ATTRIBUTION,P1,https://raw.githubusercontent.com/OpenITI/RELEASE/v2025.1.9/data/MS0972JerusalemNLI/MS0972JerusalemNLI.Heb8333_108/MS0972JerusalemNLI.Heb8333_108.IEDC0229-per1
openiti_mss_MS0972JerusalemNLI.Heb8333_109Recto.IEDC0228-per1,,TRANSCRIPTION,National Library of Israel,,"Ms.Heb.8333.109, recto",,https://www.invisible-east.org/corpus/228/,https://www.invisible-east.org/corpus/228/,,,,Jerusalem,,,,per,OpenITI MSS machine-readable transcription; page-image rights are separate.,OpenITI transcription under CC BY-NC-SA 4.0; image rights separate,https://kitab-project.org/docs/openITI,True,True,OpenITI URI MS0972JerusalemNLI.Heb8333_109Recto.IEDC0228-per1,,False,CLEARED_WITH_ATTRIBUTION,P1,https://raw.githubusercontent.com/OpenITI/RELEASE/v2025.1.9/data/MS0972JerusalemNLI/MS0972JerusalemNLI.Heb8333_109Recto/MS0972JerusalemNLI.Heb8333_109Recto.IEDC0228-per1
openiti_mss_MS0972JerusalemNLI.Heb8333_109Verso.IEDC0268-per1,,TRANSCRIPTION,National Library of Israel,,"Ms.Heb.8333.109, verso",,https://www.invisible-east.org/corpus/268/,https://www.invisible-east.org/corpus/268/,,,,Jerusalem,,,,per,OpenITI MSS machine-readable transcription; page-image rights are separate.,OpenITI transcription under CC BY-NC-SA 4.0; image rights separate,https://kitab-project.org/docs/openITI,True,True,OpenITI URI MS0972JerusalemNLI.Heb8333_109Verso.IEDC0268-per1,,False,CLEARED_WITH_ATTRIBUTION,P1,https://raw.githubusercontent.com/OpenITI/RELEASE/v2025.1.9/data/MS0972JerusalemNLI/MS0972JerusalemNLI.Heb8333_109Verso/MS0972JerusalemNLI.Heb8333_109Verso.IEDC0268-per1
openiti_mss_MS0972JerusalemNLI.Heb8333_11.IEDC0097-per1,,TRANSCRIPTION,National Library of Israel,,Ms.Heb.8333.11,,https://www.invisible-east.org/corpus/97/,https://www.invisible-east.org/corpus/97/,,,,Jerusalem,,,,per,OpenITI MSS machine-readable transcription; page-image rights are separate.,OpenITI transcription under CC BY-NC-SA 4.0; image rights separate,https://kitab-project.org/docs/openITI,True,True,OpenITI URI MS0972JerusalemNLI.Heb8333_11.IEDC0097-per1,,False,CLEARED_WITH_ATTRIBUTION,P1,https://raw.githubusercontent.com/OpenITI/RELEASE/v2025.1.9/data/MS0972JerusalemNLI/MS0972JerusalemNLI.Heb8333_11/MS0972JerusalemNLI.Heb8333_11.IEDC0097-per1
openiti_mss_MS0972JerusalemNLI.Heb8333_110Recto.IEDC1197-per1,,TRANSCRIPTION,National Library of Israel,,"Ms.Heb.8333.110, recto",,https://www.invisible-east.org/corpus/1197/,https://www.invisible-east.org/corpus/1197/,,,,Jerusalem,,,,per,OpenITI MSS machine-readable transcription; page-image rights are separate.,OpenITI transcription under CC BY-NC-SA 4.0; image rights separate,https://kitab-project.org/docs/openITI,True,True,OpenITI URI MS0972JerusalemNLI.Heb8333_110Recto.IEDC1197-per1,,False,CLEARED_WITH_ATTRIBUTION,P1,https://raw.githubusercontent.com/OpenITI/RELEASE/v2025.1.9/data/MS0972JerusalemNLI/MS0972JerusalemNLI.Heb8333_110Recto/MS0972JerusalemNLI.Heb8333_110Recto.IEDC1197-per1
openiti_mss_MS0972JerusalemNLI.Heb8333_110Verso.IEDC0269-per1,,TRANSCRIPTION,National Library of Israel,,"Ms.Heb.8333.110, verso",,https://www.invisible-east.org/corpus/269/,https://www.invisible-east.org/corpus/269/,,,,Jerusalem,,,,per,OpenITI MSS machine-readable transcription; page-image rights are separate.,OpenITI transcription under CC BY-NC-SA 4.0; image rights separate,https://kitab-project.org/docs/openITI,True,True,OpenITI URI MS0972JerusalemNLI.Heb8333_110Verso.IEDC0269-per1,,False,CLEARED_WITH_ATTRIBUTION,P1,https://raw.githubusercontent.com/OpenITI/RELEASE/v2025.1.9/data/MS0972JerusalemNLI/MS0972JerusalemNLI.Heb8333_110Verso/MS0972JerusalemNLI.Heb8333_110Verso.IEDC0269-per1
openiti_mss_MS0972JerusalemNLI.Heb8333_111Recto.IEDC1198-per1,,TRANSCRIPTION,National Library of Israel,,"Ms.Heb.8333.111, recto",,https://www.invisible-east.org/corpus/1198/,https://www.invisible-east.org/corpus/1198/,,,,Jerusalem,,,,per,OpenITI MSS machine-readable transcription; page-image rights are separate.,OpenITI transcription under CC BY-NC-SA 4.0; image rights separate,https://kitab-project.org/docs/openITI,True,True,OpenITI URI MS0972JerusalemNLI.Heb8333_111Recto.IEDC1198-per1,,False,CLEARED_WITH_ATTRIBUTION,P1,https://raw.githubusercontent.com/OpenITI/RELEASE/v2025.1.9/data/MS0972JerusalemNLI/MS0972JerusalemNLI.Heb8333_111Recto/MS0972JerusalemNLI.Heb8333_111Recto.IEDC1198-per1
openiti_mss_MS0972JerusalemNLI.Heb8333_111Verso.IEDC0285-per1,,TRANSCRIPTION,National Library of Israel,,"Ms.Heb.8333.111, verso",,https://www.invisible-east.org/corpus/285/,https://www.invisible-east.org/corpus/285/,,,,Jerusalem,,,,per,OpenITI MSS machine-readable transcription; page-image rights are separate.,OpenITI transcription under CC BY-NC-SA 4.0; image rights separate,https://kitab-project.org/docs/openITI,True,True,OpenITI URI MS0972JerusalemNLI.Heb8333_111Verso.IEDC0285-per1,,False,CLEARED_WITH_ATTRIBUTION,P1,https://raw.githubusercontent.com/OpenITI/RELEASE/v2025.1.9/data/MS0972JerusalemNLI/MS0972JerusalemNLI.Heb8333_111Verso/MS0972JerusalemNLI.Heb8333_111Verso.IEDC0285-per1
openiti_mss_MS0972JerusalemNLI.Heb8333_112RectoHeb8333_141Recto.IEDC0286-per1,,TRANSCRIPTION,National Library of Israel,,"Ms.Heb.8333.112, recto & Ms.Heb.8333.141, recto",,https://www.invisible-east.org/corpus/286/,https://www.invisible-east.org/corpus/286/,,,,Jerusalem,,,,per,OpenITI MSS machine-readable transcription; page-image rights are separate.,OpenITI transcription under CC BY-NC-SA 4.0; image rights separate,https://kitab-project.org/docs/openITI,True,True,OpenITI URI MS0972JerusalemNLI.Heb8333_112RectoHeb8333_141Recto.IEDC0286-per1,,False,CLEARED_WITH_ATTRIBUTION,P1,https://raw.githubusercontent.com/OpenITI/RELEASE/v2025.1.9/data/MS0972JerusalemNLI/MS0972JerusalemNLI.Heb8333_112RectoHeb8333_141Recto/MS0972JerusalemNLI.Heb8333_112RectoHeb8333_141Recto.IEDC0286-per1
openiti_mss_MS0972JerusalemNLI.Heb8333_112Verso.IEDC0088-per1,,TRANSCRIPTION,National Library of Israel,,"Ms.Heb.8333.112, verso",,https://www.invisible-east.org/corpus/88/,https://www.invisible-east.org/corpus/88/,,,,Jerusalem,,,,per,OpenITI MSS machine-readable transcription; page-image rights are separate.,OpenITI transcription under CC BY-NC-SA 4.0; image rights separate,https://kitab-project.org/docs/openITI,True,True,OpenITI URI MS0972JerusalemNLI.Heb8333_112Verso.IEDC0088-per1,,False,CLEARED_WITH_ATTRIBUTION,P1,https://raw.githubusercontent.com/OpenITI/RELEASE/v2025.1.9/data/MS0972JerusalemNLI/MS0972JerusalemNLI.Heb8333_112Verso/MS0972JerusalemNLI.Heb8333_112Verso.IEDC0088-per1
openiti_mss_MS0972JerusalemNLI.Heb8333_113Recto.IEDC1277-per1ara1,,TRANSCRIPTION,National Library of Israel,,"Ms.Heb.8333.113, recto",,https://www.invisible-east.org/corpus/1277/,https://www.invisible-east.org/corpus/1277/,,,,Jerusalem,,,,"per,ara",OpenITI MSS machine-readable transcription; page-image rights are separate.,OpenITI transcription under CC BY-NC-SA 4.0; image rights separate,https://kitab-project.org/docs/openITI,True,True,OpenITI URI MS0972JerusalemNLI.Heb8333_113Recto.IEDC1277-per1ara1,,False,CLEARED_WITH_ATTRIBUTION,P1,https://raw.githubusercontent.com/OpenITI/RELEASE/v2025.1.9/data/MS0972JerusalemNLI/MS0972JerusalemNLI.Heb8333_113Recto/MS0972JerusalemNLI.Heb8333_113Recto.IEDC1277-per1ara1
openiti_mss_MS0972JerusalemNLI.Heb8333_113Verso.IEDC0226-per1,,TRANSCRIPTION,National Library of Israel,,"Ms.Heb.8333.113, verso",,https://www.invisible-east.org/corpus/226/,https://www.invisible-east.org/corpus/226/,,,,Jerusalem,,,,per,OpenITI MSS machine-readable transcription; page-image rights are separate.,OpenITI transcription under CC BY-NC-SA 4.0; image rights separate,https://kitab-project.org/docs/openITI,True,True,OpenITI URI MS0972JerusalemNLI.Heb8333_113Verso.IEDC0226-per1,,False,CLEARED_WITH_ATTRIBUTION,P1,https://raw.githubusercontent.com/OpenITI/RELEASE/v2025.1.9/data/MS0972JerusalemNLI/MS0972JerusalemNLI.Heb8333_113Verso/MS0972JerusalemNLI.Heb8333_113Verso.IEDC0226-per1
openiti_mss_MS0972JerusalemNLI.Heb8333_114Recto.IEDC0271-per1,,TRANSCRIPTION,National Library of Israel,,"Ms.Heb.8333.114, recto",,https://www.invisible-east.org/corpus/271/,https://www.invisible-east.org/corpus/271/,,,,Jerusalem,,,,per,OpenITI MSS machine-readable transcription; page-image rights are separate.,OpenITI transcription under CC BY-NC-SA 4.0; image rights separate,https://kitab-project.org/docs/openITI,True,True,OpenITI URI MS0972JerusalemNLI.Heb8333_114Recto.IEDC0271-per1,,False,CLEARED_WITH_ATTRIBUTION,P1,https://raw.githubusercontent.com/OpenITI/RELEASE/v2025.1.9/data/MS0972JerusalemNLI/MS0972JerusalemNLI.Heb8333_114Recto/MS0972JerusalemNLI.Heb8333_114Recto.IEDC0271-per1
openiti_mss_MS0972JerusalemNLI.Heb8333_114Verso.IEDC0287-per1,,TRANSCRIPTION,National Library of Israel,,"Ms.Heb.8333.114, verso",,https://www.invisible-east.org/corpus/287/,https://www.invisible-east.org/corpus/287/,,,,Jerusalem,,,,per,OpenITI MSS machine-readable transcription; page-image rights are separate.,OpenITI transcription under CC BY-NC-SA 4.0; image rights separate,https://kitab-project.org/docs/openITI,True,True,OpenITI URI MS0972JerusalemNLI.Heb8333_114Verso.IEDC0287-per1,,False,CLEARED_WITH_ATTRIBUTION,P1,https://raw.githubusercontent.com/OpenITI/RELEASE/v2025.1.9/data/MS0972JerusalemNLI/MS0972JerusalemNLI.Heb8333_114Verso/MS0972JerusalemNLI.Heb8333_114Verso.IEDC0287-per1
openiti_mss_MS0972JerusalemNLI.Heb8333_115Recto.IEDC1278-per1,,TRANSCRIPTION,National Library of Israel,,"Ms.Heb.8333.115, recto",,https://www.invisible-east.org/corpus/1278/,https://www.invisible-east.org/corpus/1278/,,,,Jerusalem,,,,per,OpenITI MSS machine-readable transcription; page-image rights are separate.,OpenITI transcription under CC BY-NC-SA 4.0; image rights separate,https://kitab-project.org/docs/openITI,True,True,OpenITI URI MS0972JerusalemNLI.Heb8333_115Recto.IEDC1278-per1,,False,CLEARED_WITH_ATTRIBUTION,P1,https://raw.githubusercontent.com/OpenITI/RELEASE/v2025.1.9/data/MS0972JerusalemNLI/MS0972JerusalemNLI.Heb8333_115Recto/MS0972JerusalemNLI.Heb8333_115Recto.IEDC1278-per1
openiti_mss_MS0972JerusalemNLI.Heb8333_115Verso.IEDC0288-per1,,TRANSCRIPTION,National Library of Israel,,"Ms.Heb.8333.115, verso",,https://www.invisible-east.org/corpus/288/,https://www.invisible-east.org/corpus/288/,,,,Jerusalem,,,,per,OpenITI MSS machine-readable transcription; page-image rights are separate.,OpenITI transcription under CC BY-NC-SA 4.0; image rights separate,https://kitab-project.org/docs/openITI,True,True,OpenITI URI MS0972JerusalemNLI.Heb8333_115Verso.IEDC0288-per1,,False,CLEARED_WITH_ATTRIBUTION,P1,https://raw.githubusercontent.com/OpenITI/RELEASE/v2025.1.9/data/MS0972JerusalemNLI/MS0972JerusalemNLI.Heb8333_115Verso/MS0972JerusalemNLI.Heb8333_115Verso.IEDC0288-per1
openiti_mss_MS0972JerusalemNLI.Heb8333_116Recto.IEDC0289-per1,,TRANSCRIPTION,National Library of Israel,,"Ms.Heb.8333.116, recto",,https://www.invisible-east.org/corpus/289/,https://www.invisible-east.org/corpus/289/,,,,Jerusalem,,,,per,OpenITI MSS machine-readable transcription; page-image rights are separate.,OpenITI transcription under CC BY-NC-SA 4.0; image rights separate,https://kitab-project.org/docs/openITI,True,True,OpenITI URI MS0972JerusalemNLI.Heb8333_116Recto.IEDC0289-per1,,False,CLEARED_WITH_ATTRIBUTION,P1,https://raw.githubusercontent.com/OpenITI/RELEASE/v2025.1.9/data/MS0972JerusalemNLI/MS0972JerusalemNLI.Heb8333_116Recto/MS0972JerusalemNLI.Heb8333_116Recto.IEDC0289-per1
openiti_mss_MS0972JerusalemNLI.Heb8333_116Verso.IEDC0225-per1,,TRANSCRIPTION,National Library of Israel,,"Ms.Heb.8333.116, verso",,https://www.invisible-east.org/corpus/225/,https://www.invisible-east.org/corpus/225/,,,,Jerusalem,,,,per,OpenITI MSS machine-readable transcription; page-image rights are separate.,OpenITI transcription under CC BY-NC-SA 4.0; image rights separate,https://kitab-project.org/docs/openITI,True,True,OpenITI URI MS0972JerusalemNLI.Heb8333_116Verso.IEDC0225-per1,,False,CLEARED_WITH_ATTRIBUTION,P1,https://raw.githubusercontent.com/OpenITI/RELEASE/v2025.1.9/data/MS0972JerusalemNLI/MS0972JerusalemNLI.Heb8333_116Verso/MS0972JerusalemNLI.Heb8333_116Verso.IEDC0225-per1
openiti_mss_MS0972JerusalemNLI.Heb8333_117.IEDC0224-per1,,TRANSCRIPTION,National Library of Israel,,Ms.Heb.8333.117,,https://www.invisible-east.org/corpus/224/,https://www.invisible-east.org/corpus/224/,,,,Jerusalem,,,,per,OpenITI MSS machine-readable transcription; page-image rights are separate.,OpenITI transcription under CC BY-NC-SA 4.0; image rights separate,https://kitab-project.org/docs/openITI,True,True,OpenITI URI MS0972JerusalemNLI.Heb8333_117.IEDC0224-per1,,False,CLEARED_WITH_ATTRIBUTION,P1,https://raw.githubusercontent.com/OpenITI/RELEASE/v2025.1.9/data/MS0972JerusalemNLI/MS0972JerusalemNLI.Heb8333_117/MS0972JerusalemNLI.Heb8333_117.IEDC0224-per1
openiti_mss_MS0972JerusalemNLI.Heb8333_118Recto.IEDC0095-per1,,TRANSCRIPTION,National Library of Israel,,Ms.Heb.8333.118 recto,,https://www.invisible-east.org/corpus/95/,https://www.invisible-east.org/corpus/95/,,,,Jerusalem,,,,per,OpenITI MSS machine-readable transcription; page-image rights are separate.,OpenITI transcription under CC BY-NC-SA 4.0; image rights separate,https://kitab-project.org/docs/openITI,True,True,OpenITI URI MS0972JerusalemNLI.Heb8333_118Recto.IEDC0095-per1,,False,CLEARED_WITH_ATTRIBUTION,P1,https://raw.githubusercontent.com/OpenITI/RELEASE/v2025.1.9/data/MS0972JerusalemNLI/MS0972JerusalemNLI.Heb8333_118Recto/MS0972JerusalemNLI.Heb8333_118Recto.IEDC0095-per1
openiti_mss_MS0972JerusalemNLI.Heb8333_118Verso.IEDC1199-ara1,,TRANSCRIPTION,National Library of Israel,,"Ms.Heb.8333.118, verso",,https://www.invisible-east.org/corpus/1199/,https://www.invisible-east.org/corpus/1199/,,,,Jerusalem,,,,ara,OpenITI MSS machine-readable transcription; page-image rights are separate.,OpenITI transcription under CC BY-NC-SA 4.0; image rights separate,https://kitab-project.org/docs/openITI,True,True,OpenITI URI MS0972JerusalemNLI.Heb8333_118Verso.IEDC1199-ara1,,False,CLEARED_WITH_ATTRIBUTION,P1,https://raw.githubusercontent.com/OpenITI/RELEASE/v2025.1.9/data/MS0972JerusalemNLI/MS0972JerusalemNLI.Heb8333_118Verso/MS0972JerusalemNLI.Heb8333_118Verso.IEDC1199-ara1
openiti_mss_MS0972JerusalemNLI.Heb8333_119Recto.IEDC0294-per1,,TRANSCRIPTION,National Library of Israel,,"Ms.Heb.8333.119, recto",,https://www.invisible-east.org/corpus/294/,https://www.invisible-east.org/corpus/294/,,,,Jerusalem,,,,per,OpenITI MSS machine-readable transcription; page-image rights are separate.,OpenITI transcription under CC BY-NC-SA 4.0; image rights separate,https://kitab-project.org/docs/openITI,True,True,OpenITI URI MS0972JerusalemNLI.Heb8333_119Recto.IEDC0294-per1,,False,CLEARED_WITH_ATTRIBUTION,P1,https://raw.githubusercontent.com/OpenITI/RELEASE/v2025.1.9/data/MS0972JerusalemNLI/MS0972JerusalemNLI.Heb8333_119Recto/MS0972JerusalemNLI.Heb8333_119Recto.IEDC0294-per1
openiti_mss_MS0972JerusalemNLI.Heb8333_119Verso.IEDC0295-per1,,TRANSCRIPTION,National Library of Israel,,"Ms.Heb.8333.119, verso",,https://www.invisible-east.org/corpus/295/,https://www.invisible-east.org/corpus/295/,,,,Jerusalem,,,,per,OpenITI MSS machine-readable transcription; page-image rights are separate.,OpenITI transcription under CC BY-NC-SA 4.0; image rights separate,https://kitab-project.org/docs/openITI,True,True,OpenITI URI MS0972JerusalemNLI.Heb8333_119Verso.IEDC0295-per1,,False,CLEARED_WITH_ATTRIBUTION,P1,https://raw.githubusercontent.com/OpenITI/RELEASE/v2025.1.9/data/MS0972JerusalemNLI/MS0972JerusalemNLI.Heb8333_119Verso/MS0972JerusalemNLI.Heb8333_119Verso.IEDC0295-per1
openiti_mss_MS0972JerusalemNLI.Heb8333_12.IEDC0098-per1jup1,,TRANSCRIPTION,National Library of Israel,,Ms.Heb.8333.12,,https://www.invisible-east.org/corpus/98/,https://www.invisible-east.org/corpus/98/,,,,Jerusalem,,,,"per,jup",OpenITI MSS machine-readable transcription; page-image rights are separate.,OpenITI transcription under CC BY-NC-SA 4.0; image rights separate,https://kitab-project.org/docs/openITI,True,True,OpenITI URI MS0972JerusalemNLI.Heb8333_12.IEDC0098-per1jup1,,False,CLEARED_WITH_ATTRIBUTION,P1,https://raw.githubusercontent.com/OpenITI/RELEASE/v2025.1.9/data/MS0972JerusalemNLI/MS0972JerusalemNLI.Heb8333_12/MS0972JerusalemNLI.Heb8333_12.IEDC0098-per1jup1
openiti_mss_MS0972JerusalemNLI.Heb8333_120Recto.IEDC0223-per1,,TRANSCRIPTION,National Library of Israel,,"Ms.Heb.8333.120, recto",,https://www.invisible-east.org/corpus/223/,https://www.invisible-east.org/corpus/223/,,,,Jerusalem,,,,per,OpenITI MSS machine-readable transcription; page-image rights are separate.,OpenITI transcription under CC BY-NC-SA 4.0; image rights separate,https://kitab-project.org/docs/openITI,True,True,OpenITI URI MS0972JerusalemNLI.Heb8333_120Recto.IEDC0223-per1,,False,CLEARED_WITH_ATTRIBUTION,P1,https://raw.githubusercontent.com/OpenITI/RELEASE/v2025.1.9/data/MS0972JerusalemNLI/MS0972JerusalemNLI.Heb8333_120Recto/MS0972JerusalemNLI.Heb8333_120Recto.IEDC0223-per1
openiti_mss_MS0972JerusalemNLI.Heb8333_120Verso.IEDC1193-per1,,TRANSCRIPTION,National Library of Israel,,"Ms.Heb.8333.120, verso",,https://www.invisible-east.org/corpus/1193/,https://www.invisible-east.org/corpus/1193/,,,,Jerusalem,,,,per,OpenITI MSS machine-readable transcription; page-image rights are separate.,OpenITI transcription under CC BY-NC-SA 4.0; image rights separate,https://kitab-project.org/docs/openITI,True,True,OpenITI URI MS0972JerusalemNLI.Heb8333_120Verso.IEDC1193-per1,,False,CLEARED_WITH_ATTRIBUTION,P1,https://raw.githubusercontent.com/OpenITI/RELEASE/v2025.1.9/data/MS0972JerusalemNLI/MS0972JerusalemNLI.Heb8333_120Verso/MS0972JerusalemNLI.Heb8333_120Verso.IEDC1193-per1
openiti_mss_MS0972JerusalemNLI.Heb8333_121.IEDC1279-per1,,TRANSCRIPTION,National Library of Israel,,Ms.Heb.8333.121,,https://www.invisible-east.org/corpus/1279/,https://www.invisible-east.org/corpus/1279/,,,,Jerusalem,,,,per,OpenITI MSS machine-readable transcription; page-image rights are separate.,OpenITI transcription under CC BY-NC-SA 4.0; image rights separate,https://kitab-project.org/docs/openITI,True,True,OpenITI URI MS0972JerusalemNLI.Heb8333_121.IEDC1279-per1,,False,CLEARED_WITH_ATTRIBUTION,P1,https://raw.githubusercontent.com/OpenITI/RELEASE/v2025.1.9/data/MS0972JerusalemNLI/MS0972JerusalemNLI.Heb8333_121/MS0972JerusalemNLI.Heb8333_121.IEDC1279-per1
openiti_mss_MS0972JerusalemNLI.Heb8333_122Recto.IEDC1200-per1,,TRANSCRIPTION,National Library of Israel,,"Ms.Heb.8333.122, recto",,https://www.invisible-east.org/corpus/1200/,https://www.invisible-east.org/corpus/1200/,,,,Jerusalem,,,,per,OpenITI MSS machine-readable transcription; page-image rights are separate.,OpenITI transcription under CC BY-NC-SA 4.0; image rights separate,https://kitab-project.org/docs/openITI,True,True,OpenITI URI MS0972JerusalemNLI.Heb8333_122Recto.IEDC1200-per1,,False,CLEARED_WITH_ATTRIBUTION,P1,https://raw.githubusercontent.com/OpenITI/RELEASE/v2025.1.9/data/MS0972JerusalemNLI/MS0972JerusalemNLI.Heb8333_122Recto/MS0972JerusalemNLI.Heb8333_122Recto.IEDC1200-per1
openiti_mss_MS0972JerusalemNLI.Heb8333_122Verso.IEDC0222-per1,,TRANSCRIPTION,National Library of Israel,,"Ms.Heb.8333.122, verso",,https://www.invisible-east.org/corpus/222/,https://www.invisible-east.org/corpus/222/,,,,Jerusalem,,,,per,OpenITI MSS machine-readable transcription; page-image rights are separate.,OpenITI transcription under CC BY-NC-SA 4.0; image rights separate,https://kitab-project.org/docs/openITI,True,True,OpenITI URI MS0972JerusalemNLI.Heb8333_122Verso.IEDC0222-per1,,False,CLEARED_WITH_ATTRIBUTION,P1,https://raw.githubusercontent.com/OpenITI/RELEASE/v2025.1.9/data/MS0972JerusalemNLI/MS0972JerusalemNLI.Heb8333_122Verso/MS0972JerusalemNLI.Heb8333_122Verso.IEDC0222-per1
openiti_mss_MS0972JerusalemNLI.Heb8333_123Recto.IEDC0221-per1,,TRANSCRIPTION,National Library of Israel,,"Ms.Heb.8333.123, recto",,https://www.invisible-east.org/corpus/221/,https://www.invisible-east.org/corpus/221/,,,,Jerusalem,,,,per,OpenITI MSS machine-readable transcription; page-image rights are separate.,OpenITI transcription under CC BY-NC-SA 4.0; image rights separate,https://kitab-project.org/docs/openITI,True,True,OpenITI URI MS0972JerusalemNLI.Heb8333_123Recto.IEDC0221-per1,,False,CLEARED_WITH_ATTRIBUTION,P1,https://raw.githubusercontent.com/OpenITI/RELEASE/v2025.1.9/data/MS0972JerusalemNLI/MS0972JerusalemNLI.Heb8333_123Recto/MS0972JerusalemNLI.Heb8333_123Recto.IEDC0221-per1
openiti_mss_MS0972JerusalemNLI.Heb8333_123Verso.IEDC0220-per1,,TRANSCRIPTION,National Library of Israel,,"Ms.Heb.8333.123, verso",,https://www.invisible-east.org/corpus/220/,https://www.invisible-east.org/corpus/220/,,,,Jerusalem,,,,per,OpenITI MSS machine-readable transcription; page-image rights are separate.,OpenITI transcription under CC BY-NC-SA 4.0; image rights separate,https://kitab-project.org/docs/openITI,True,True,OpenITI URI MS0972JerusalemNLI.Heb8333_123Verso.IEDC0220-per1,,False,CLEARED_WITH_ATTRIBUTION,P1,https://raw.githubusercontent.com/OpenITI/RELEASE/v2025.1.9/data/MS0972JerusalemNLI/MS0972JerusalemNLI.Heb8333_123Verso/MS0972JerusalemNLI.Heb8333_123Verso.IEDC0220-per1
openiti_mss_MS0972JerusalemNLI.Heb8333_124Recto.IEDC1201-per1,,TRANSCRIPTION,National Library of Israel,,"Ms.Heb.8333.124, recto",,https://www.invisible-east.org/corpus/1201/,https://www.invisible-east.org/corpus/1201/,,,,Jerusalem,,,,per,OpenITI MSS machine-readable transcription; page-image rights are separate.,OpenITI transcription under CC BY-NC-SA 4.0; image rights separate,https://kitab-project.org/docs/openITI,True,True,OpenITI URI MS0972JerusalemNLI.Heb8333_124Recto.IEDC1201-per1,,False,CLEARED_WITH_ATTRIBUTION,P1,https://raw.githubusercontent.com/OpenITI/RELEASE/v2025.1.9/data/MS0972JerusalemNLI/MS0972JerusalemNLI.Heb8333_124Recto/MS0972JerusalemNLI.Heb8333_124Recto.IEDC1201-per1
openiti_mss_MS0972JerusalemNLI.Heb8333_125.IEDC1131-per1,,TRANSCRIPTION,National Library of Israel,,Ms.Heb.8333.125,,https://www.invisible-east.org/corpus/1131/,https://www.invisible-east.org/corpus/1131/,,,,Jerusalem,,,,per,OpenITI MSS machine-readable transcription; page-image rights are separate.,OpenITI transcription under CC BY-NC-SA 4.0; image rights separate,https://kitab-project.org/docs/openITI,True,True,OpenITI URI MS0972JerusalemNLI.Heb8333_125.IEDC1131-per1,,False,CLEARED_WITH_ATTRIBUTION,P1,https://raw.githubusercontent.com/OpenITI/RELEASE/v2025.1.9/data/MS0972JerusalemNLI/MS0972JerusalemNLI.Heb8333_125/MS0972JerusalemNLI.Heb8333_125.IEDC1131-per1
openiti_mss_MS0972JerusalemNLI.Heb8333_126Recto.IEDC1202-per1,,TRANSCRIPTION,National Library of Israel,,"Ms.Heb.8333.126, recto",,https://www.invisible-east.org/corpus/1202/,https://www.invisible-east.org/corpus/1202/,,,,Jerusalem,,,,per,OpenITI MSS machine-readable transcription; page-image rights are separate.,OpenITI transcription under CC BY-NC-SA 4.0; image rights separate,https://kitab-project.org/docs/openITI,True,True,OpenITI URI MS0972JerusalemNLI.Heb8333_126Recto.IEDC1202-per1,,False,CLEARED_WITH_ATTRIBUTION,P1,https://raw.githubusercontent.com/OpenITI/RELEASE/v2025.1.9/data/MS0972JerusalemNLI/MS0972JerusalemNLI.Heb8333_126Recto/MS0972JerusalemNLI.Heb8333_126Recto.IEDC1202-per1
openiti_mss_MS0972JerusalemNLI.Heb8333_126Verso.IEDC0219-per1,,TRANSCRIPTION,National Library of Israel,,"Ms.Heb.8333.126, verso",,https://www.invisible-east.org/corpus/219/,https://www.invisible-east.org/corpus/219/,,,,Jerusalem,,,,per,OpenITI MSS machine-readable transcription; page-image rights are separate.,OpenITI transcription under CC BY-NC-SA 4.0; image rights separate,https://kitab-project.org/docs/openITI,True,True,OpenITI URI MS0972JerusalemNLI.Heb8333_126Verso.IEDC0219-per1,,False,CLEARED_WITH_ATTRIBUTION,P1,https://raw.githubusercontent.com/OpenITI/RELEASE/v2025.1.9/data/MS0972JerusalemNLI/MS0972JerusalemNLI.Heb8333_126Verso/MS0972JerusalemNLI.Heb8333_126Verso.IEDC0219-per1
openiti_mss_MS0972JerusalemNLI.Heb8333_127.IEDC0218-per1,,TRANSCRIPTION,National Library of Israel,,Ms.Heb.8333.127,,https://www.invisible-east.org/corpus/218/,https://www.invisible-east.org/corpus/218/,,,,Jerusalem,,,,per,OpenITI MSS machine-readable transcription; page-image rights are separate.,OpenITI transcription under CC BY-NC-SA 4.0; image rights separate,https://kitab-project.org/docs/openITI,True,True,OpenITI URI MS0972JerusalemNLI.Heb8333_127.IEDC0218-per1,,False,CLEARED_WITH_ATTRIBUTION,P1,https://raw.githubusercontent.com/OpenITI/RELEASE/v2025.1.9/data/MS0972JerusalemNLI/MS0972JerusalemNLI.Heb8333_127/MS0972JerusalemNLI.Heb8333_127.IEDC0218-per1
openiti_mss_MS0972JerusalemNLI.Heb8333_128.IEDC1189-per1,,TRANSCRIPTION,National Library of Israel,,Ms.Heb.8333.128,,https://www.invisible-east.org/corpus/1189/,https://www.invisible-east.org/corpus/1189/,,,,Jerusalem,,,,per,OpenITI MSS machine-readable transcription; page-image rights are separate.,OpenITI transcription under CC BY-NC-SA 4.0; image rights separate,https://kitab-project.org/docs/openITI,True,True,OpenITI URI MS0972JerusalemNLI.Heb8333_128.IEDC1189-per1,,False,CLEARED_WITH_ATTRIBUTION,P1,https://raw.githubusercontent.com/OpenITI/RELEASE/v2025.1.9/data/MS0972JerusalemNLI/MS0972JerusalemNLI.Heb8333_128/MS0972JerusalemNLI.Heb8333_128.IEDC1189-per1
openiti_mss_MS0972JerusalemNLI.Heb8333_129.IEDC1274-per1,,TRANSCRIPTION,National Library of Israel,,Ms.Heb.8333.129,,https://www.invisible-east.org/corpus/1274/,https://www.invisible-east.org/corpus/1274/,,,,Jerusalem,,,,per,OpenITI MSS machine-readable transcription; page-image rights are separate.,OpenITI transcription under CC BY-NC-SA 4.0; image rights separate,https://kitab-project.org/docs/openITI,True,True,OpenITI URI MS0972JerusalemNLI.Heb8333_129.IEDC1274-per1,,False,CLEARED_WITH_ATTRIBUTION,P1,https://raw.githubusercontent.com/OpenITI/RELEASE/v2025.1.9/data/MS0972JerusalemNLI/MS0972JerusalemNLI.Heb8333_129/MS0972JerusalemNLI.Heb8333_129.IEDC1274-per1
openiti_mss_MS0972JerusalemNLI.Heb8333_13.IEDC0290-per1,,TRANSCRIPTION,National Library of Israel,,Ms.Heb.8333.13,,https://www.invisible-east.org/corpus/290/,https://www.invisible-east.org/corpus/290/,,,,Jerusalem,,,,per,OpenITI MSS machine-readable transcription; page-image rights are separate.,OpenITI transcription under CC BY-NC-SA 4.0; image rights separate,https://kitab-project.org/docs/openITI,True,True,OpenITI URI MS0972JerusalemNLI.Heb8333_13.IEDC0290-per1,,False,CLEARED_WITH_ATTRIBUTION,P1,https://raw.githubusercontent.com/OpenITI/RELEASE/v2025.1.9/data/MS0972JerusalemNLI/MS0972JerusalemNLI.Heb8333_13/MS0972JerusalemNLI.Heb8333_13.IEDC0290-per1
openiti_mss_MS0972JerusalemNLI.Heb8333_130.IEDC0296-per1,,TRANSCRIPTION,National Library of Israel,,Ms.Heb.8333.130,,https://www.invisible-east.org/corpus/296/,https://www.invisible-east.org/corpus/296/,,,,Jerusalem,,,,per,OpenITI MSS machine-readable transcription; page-image rights are separate.,OpenITI transcription under CC BY-NC-SA 4.0; image rights separate,https://kitab-project.org/docs/openITI,True,True,OpenITI URI MS0972JerusalemNLI.Heb8333_130.IEDC0296-per1,,False,CLEARED_WITH_ATTRIBUTION,P1,https://raw.githubusercontent.com/OpenITI/RELEASE/v2025.1.9/data/MS0972JerusalemNLI/MS0972JerusalemNLI.Heb8333_130/MS0972JerusalemNLI.Heb8333_130.IEDC0296-per1
openiti_mss_MS0972JerusalemNLI.Heb8333_131.IEDC1203-per1,,TRANSCRIPTION,National Library of Israel,,Ms.Heb.8333.131,,https://www.invisible-east.org/corpus/1203/,https://www.invisible-east.org/corpus/1203/,,,,Jerusalem,,,,per,OpenITI MSS machine-readable transcription; page-image rights are separate.,OpenITI transcription under CC BY-NC-SA 4.0; image rights separate,https://kitab-project.org/docs/openITI,True,True,OpenITI URI MS0972JerusalemNLI.Heb8333_131.IEDC1203-per1,,False,CLEARED_WITH_ATTRIBUTION,P1,https://raw.githubusercontent.com/OpenITI/RELEASE/v2025.1.9/data/MS0972JerusalemNLI/MS0972JerusalemNLI.Heb8333_131/MS0972JerusalemNLI.Heb8333_131.IEDC1203-per1
openiti_mss_MS0972JerusalemNLI.Heb8333_132.IEDC1204-per1,,TRANSCRIPTION,National Library of Israel,,Ms.Heb.8333.132,,https://www.invisible-east.org/corpus/1204/,https://www.invisible-east.org/corpus/1204/,,,,Jerusalem,,,,per,OpenITI MSS machine-readable transcription; page-image rights are separate.,OpenITI transcription under CC BY-NC-SA 4.0; image rights separate,https://kitab-project.org/docs/openITI,True,True,OpenITI URI MS0972JerusalemNLI.Heb8333_132.IEDC1204-per1,,False,CLEARED_WITH_ATTRIBUTION,P1,https://raw.githubusercontent.com/OpenITI/RELEASE/v2025.1.9/data/MS0972JerusalemNLI/MS0972JerusalemNLI.Heb8333_132/MS0972JerusalemNLI.Heb8333_132.IEDC1204-per1
openiti_mss_MS0972JerusalemNLI.Heb8333_133.IEDC0217-per1,,TRANSCRIPTION,National Library of Israel,,Ms.Heb.8333.133,,https://www.invisible-east.org/corpus/217/,https://www.invisible-east.org/corpus/217/,,,,Jerusalem,,,,per,OpenITI MSS machine-readable transcription; page-image rights are separate.,OpenITI transcription under CC BY-NC-SA 4.0; image rights separate,https://kitab-project.org/docs/openITI,True,True,OpenITI URI MS0972JerusalemNLI.Heb8333_133.IEDC0217-per1,,False,CLEARED_WITH_ATTRIBUTION,P1,https://raw.githubusercontent.com/OpenITI/RELEASE/v2025.1.9/data/MS0972JerusalemNLI/MS0972JerusalemNLI.Heb8333_133/MS0972JerusalemNLI.Heb8333_133.IEDC0217-per1
openiti_mss_MS0972JerusalemNLI.Heb8333_134.IEDC0298-per1,,TRANSCRIPTION,National Library of Israel,,Ms.Heb.8333.134,,https://www.invisible-east.org/corpus/298/,https://www.invisible-east.org/corpus/298/,,,,Jerusalem,,,,per,OpenITI MSS machine-readable transcription; page-image rights are separate.,OpenITI transcription under CC BY-NC-SA 4.0; image rights separate,https://kitab-project.org/docs/openITI,True,True,OpenITI URI MS0972JerusalemNLI.Heb8333_134.IEDC0298-per1,,False,CLEARED_WITH_ATTRIBUTION,P1,https://raw.githubusercontent.com/OpenITI/RELEASE/v2025.1.9/data/MS0972JerusalemNLI/MS0972JerusalemNLI.Heb8333_134/MS0972JerusalemNLI.Heb8333_134.IEDC0298-per1
openiti_mss_MS0972JerusalemNLI.Heb8333_135Recto.IEDC1133-per1,,TRANSCRIPTION,National Library of Israel,,"Ms.Heb.8333.135, recto",,https://www.invisible-east.org/corpus/1133/,https://www.invisible-east.org/corpus/1133/,,,,Jerusalem,,,,per,OpenITI MSS machine-readable transcription; page-image rights are separate.,OpenITI transcription under CC BY-NC-SA 4.0; image rights separate,https://kitab-project.org/docs/openITI,True,True,OpenITI URI MS0972JerusalemNLI.Heb8333_135Recto.IEDC1133-per1,,False,CLEARED_WITH_ATTRIBUTION,P1,https://raw.githubusercontent.com/OpenITI/RELEASE/v2025.1.9/data/MS0972JerusalemNLI/MS0972JerusalemNLI.Heb8333_135Recto/MS0972JerusalemNLI.Heb8333_135Recto.IEDC1133-per1
openiti_mss_MS0972JerusalemNLI.Heb8333_135Verso.IEDC1132-per1,,TRANSCRIPTION,National Library of Israel,,"Ms.Heb.8333.135, verso",,https://www.invisible-east.org/corpus/1132/,https://www.invisible-east.org/corpus/1132/,,,,Jerusalem,,,,per,OpenITI MSS machine-readable transcription; page-image rights are separate.,OpenITI transcription under CC BY-NC-SA 4.0; image rights separate,https://kitab-project.org/docs/openITI,True,True,OpenITI URI MS0972JerusalemNLI.Heb8333_135Verso.IEDC1132-per1,,False,CLEARED_WITH_ATTRIBUTION,P1,https://raw.githubusercontent.com/OpenITI/RELEASE/v2025.1.9/data/MS0972JerusalemNLI/MS0972JerusalemNLI.Heb8333_135Verso/MS0972JerusalemNLI.Heb8333_135Verso.IEDC1132-per1
openiti_mss_MS0972JerusalemNLI.Heb8333_136Recto.IEDC1135-per1,,TRANSCRIPTION,National Library of Israel,,"Ms.Heb.8333.136, recto",,https://www.invisible-east.org/corpus/1135/,https://www.invisible-east.org/corpus/1135/,,,,Jerusalem,,,,per,OpenITI MSS machine-readable transcription; page-image rights are separate.,OpenITI transcription under CC BY-NC-SA 4.0; image rights separate,https://kitab-project.org/docs/openITI,True,True,OpenITI URI MS0972JerusalemNLI.Heb8333_136Recto.IEDC1135-per1,,False,CLEARED_WITH_ATTRIBUTION,P1,https://raw.githubusercontent.com/OpenITI/RELEASE/v2025.1.9/data/MS0972JerusalemNLI/MS0972JerusalemNLI.Heb8333_136Recto/MS0972JerusalemNLI.Heb8333_136Recto.IEDC1135-per1
openiti_mss_MS0972JerusalemNLI.Heb8333_136Verso.IEDC1134-per1,,TRANSCRIPTION,National Library of Israel,,"Ms.Heb.8333.136, verso",,https://www.invisible-east.org/corpus/1134/,https://www.invisible-east.org/corpus/1134/,,,,Jerusalem,,,,per,OpenITI MSS machine-readable transcription; page-image rights are separate.,OpenITI transcription under CC BY-NC-SA 4.0; image rights separate,https://kitab-project.org/docs/openITI,True,True,OpenITI URI MS0972JerusalemNLI.Heb8333_136Verso.IEDC1134-per1,,False,CLEARED_WITH_ATTRIBUTION,P1,https://raw.githubusercontent.com/OpenITI/RELEASE/v2025.1.9/data/MS0972JerusalemNLI/MS0972JerusalemNLI.Heb8333_136Verso/MS0972JerusalemNLI.Heb8333_136Verso.IEDC1134-per1
openiti_mss_MS0972JerusalemNLI.Heb8333_137.IEDC1136-per1,,TRANSCRIPTION,National Library of Israel,,Ms.Heb.8333.137,,https://www.invisible-east.org/corpus/1136/,https://www.invisible-east.org/corpus/1136/,,,,Jerusalem,,,,per,OpenITI MSS machine-readable transcription; page-image rights are separate.,OpenITI transcription under CC BY-NC-SA 4.0; image rights separate,https://kitab-project.org/docs/openITI,True,True,OpenITI URI MS0972JerusalemNLI.Heb8333_137.IEDC1136-per1,,False,CLEARED_WITH_ATTRIBUTION,P1,https://raw.githubusercontent.com/OpenITI/RELEASE/v2025.1.9/data/MS0972JerusalemNLI/MS0972JerusalemNLI.Heb8333_137/MS0972JerusalemNLI.Heb8333_137.IEDC1136-per1
openiti_mss_MS0972JerusalemNLI.Heb8333_138.IEDC1205-per1,,TRANSCRIPTION,National Library of Israel,,Ms.Heb.8333.138,,https://www.invisible-east.org/corpus/1205/,https://www.invisible-east.org/corpus/1205/,,,,Jerusalem,,,,per,OpenITI MSS machine-readable transcription; page-image rights are separate.,OpenITI transcription under CC BY-NC-SA 4.0; image rights separate,https://kitab-project.org/docs/openITI,True,True,OpenITI URI MS0972JerusalemNLI.Heb8333_138.IEDC1205-per1,,False,CLEARED_WITH_ATTRIBUTION,P1,https://raw.githubusercontent.com/OpenITI/RELEASE/v2025.1.9/data/MS0972JerusalemNLI/MS0972JerusalemNLI.Heb8333_138/MS0972JerusalemNLI.Heb8333_138.IEDC1205-per1
openiti_mss_MS0972JerusalemNLI.Heb8333_139.IEDC1140-per1,,TRANSCRIPTION,National Library of Israel,,Ms.Heb.8333.139,,https://www.invisible-east.org/corpus/1140/,https://www.invisible-east.org/corpus/1140/,,,,Jerusalem,,,,per,OpenITI MSS machine-readable transcription; page-image rights are separate.,OpenITI transcription under CC BY-NC-SA 4.0; image rights separate,https://kitab-project.org/docs/openITI,True,True,OpenITI URI MS0972JerusalemNLI.Heb8333_139.IEDC1140-per1,,False,CLEARED_WITH_ATTRIBUTION,P1,https://raw.githubusercontent.com/OpenITI/RELEASE/v2025.1.9/data/MS0972JerusalemNLI/MS0972JerusalemNLI.Heb8333_139/MS0972JerusalemNLI.Heb8333_139.IEDC1140-per1
openiti_mss_MS0972JerusalemNLI.Heb8333_140.IEDC1141-per1,,TRANSCRIPTION,National Library of Israel,,Ms.Heb.8333.140,,https://www.invisible-east.org/corpus/1141/,https://www.invisible-east.org/corpus/1141/,,,,Jerusalem,,,,per,OpenITI MSS machine-readable transcription; page-image rights are separate.,OpenITI transcription under CC BY-NC-SA 4.0; image rights separate,https://kitab-project.org/docs/openITI,True,True,OpenITI URI MS0972JerusalemNLI.Heb8333_140.IEDC1141-per1,,False,CLEARED_WITH_ATTRIBUTION,P1,https://raw.githubusercontent.com/OpenITI/RELEASE/v2025.1.9/data/MS0972JerusalemNLI/MS0972JerusalemNLI.Heb8333_140/MS0972JerusalemNLI.Heb8333_140.IEDC1141-per1
openiti_mss_MS0972JerusalemNLI.Heb8333_141Verso.IEDC1142-per1,,TRANSCRIPTION,National Library of Israel,,"Ms.Heb.8333.141, verso",,https://www.invisible-east.org/corpus/1142/,https://www.invisible-east.org/corpus/1142/,,,,Jerusalem,,,,per,OpenITI MSS machine-readable transcription; page-image rights are separate.,OpenITI transcription under CC BY-NC-SA 4.0; image rights separate,https://kitab-project.org/docs/openITI,True,True,OpenITI URI MS0972JerusalemNLI.Heb8333_141Verso.IEDC1142-per1,,False,CLEARED_WITH_ATTRIBUTION,P1,https://raw.githubusercontent.com/OpenITI/RELEASE/v2025.1.9/data/MS0972JerusalemNLI/MS0972JerusalemNLI.Heb8333_141Verso/MS0972JerusalemNLI.Heb8333_141Verso.IEDC1142-per1
openiti_mss_MS0972JerusalemNLI.Heb8333_142Recto.IEDC1206-per1,,TRANSCRIPTION,National Library of Israel,,"Ms.Heb.8333.142, recto",,https://www.invisible-east.org/corpus/1206/,https://www.invisible-east.org/corpus/1206/,,,,Jerusalem,,,,per,OpenITI MSS machine-readable transcription; page-image rights are separate.,OpenITI transcription under CC BY-NC-SA 4.0; image rights separate,https://kitab-project.org/docs/openITI,True,True,OpenITI URI MS0972JerusalemNLI.Heb8333_142Recto.IEDC1206-per1,,False,CLEARED_WITH_ATTRIBUTION,P1,https://raw.githubusercontent.com/OpenITI/RELEASE/v2025.1.9/data/MS0972JerusalemNLI/MS0972JerusalemNLI.Heb8333_142Recto/MS0972JerusalemNLI.Heb8333_142Recto.IEDC1206-per1
openiti_mss_MS0972JerusalemNLI.Heb8333_142Verso.IEDC1194-per1,,TRANSCRIPTION,National Library of Israel,,"Ms.Heb.8333.142, verso",,https://www.invisible-east.org/corpus/1194/,https://www.invisible-east.org/corpus/1194/,,,,Jerusalem,,,,per,OpenITI MSS machine-readable transcription; page-image rights are separate.,OpenITI transcription under CC BY-NC-SA 4.0; image rights separate,https://kitab-project.org/docs/openITI,True,True,OpenITI URI MS0972JerusalemNLI.Heb8333_142Verso.IEDC1194-per1,,False,CLEARED_WITH_ATTRIBUTION,P1,https://raw.githubusercontent.com/OpenITI/RELEASE/v2025.1.9/data/MS0972JerusalemNLI/MS0972JerusalemNLI.Heb8333_142Verso/MS0972JerusalemNLI.Heb8333_142Verso.IEDC1194-per1
openiti_mss_MS0972JerusalemNLI.Heb8333_143.IEDC1143-per1,,TRANSCRIPTION,National Library of Israel,,Ms.Heb.8333.143,,https://www.invisible-east.org/corpus/1143/,https://www.invisible-east.org/corpus/1143/,,,,Jerusalem,,,,per,OpenITI MSS machine-readable transcription; page-image rights are separate.,OpenITI transcription under CC BY-NC-SA 4.0; image rights separate,https://kitab-project.org/docs/openITI,True,True,OpenITI URI MS0972JerusalemNLI.Heb8333_143.IEDC1143-per1,,False,CLEARED_WITH_ATTRIBUTION,P1,https://raw.githubusercontent.com/OpenITI/RELEASE/v2025.1.9/data/MS0972JerusalemNLI/MS0972JerusalemNLI.Heb8333_143/MS0972JerusalemNLI.Heb8333_143.IEDC1143-per1
openiti_mss_MS0972JerusalemNLI.Heb8333_144Recto.IEDC1144-per1,,TRANSCRIPTION,National Library of Israel,,"Ms.Heb.8333.144, recto",,https://www.invisible-east.org/corpus/1144/,https://www.invisible-east.org/corpus/1144/,,,,Jerusalem,,,,per,OpenITI MSS machine-readable transcription; page-image rights are separate.,OpenITI transcription under CC BY-NC-SA 4.0; image rights separate,https://kitab-project.org/docs/openITI,True,True,OpenITI URI MS0972JerusalemNLI.Heb8333_144Recto.IEDC1144-per1,,False,CLEARED_WITH_ATTRIBUTION,P1,https://raw.githubusercontent.com/OpenITI/RELEASE/v2025.1.9/data/MS0972JerusalemNLI/MS0972JerusalemNLI.Heb8333_144Recto/MS0972JerusalemNLI.Heb8333_144Recto.IEDC1144-per1
openiti_mss_MS0972JerusalemNLI.Heb8333_144Verso.IEDC1145-per1,,TRANSCRIPTION,National Library of Israel,,"Ms.Heb.8333.144, verso",,https://www.invisible-east.org/corpus/1145/,https://www.invisible-east.org/corpus/1145/,,,,Jerusalem,,,,per,OpenITI MSS machine-readable transcription; page-image rights are separate.,OpenITI transcription under CC BY-NC-SA 4.0; image rights separate,https://kitab-project.org/docs/openITI,True,True,OpenITI URI MS0972JerusalemNLI.Heb8333_144Verso.IEDC1145-per1,,False,CLEARED_WITH_ATTRIBUTION,P1,https://raw.githubusercontent.com/OpenITI/RELEASE/v2025.1.9/data/MS0972JerusalemNLI/MS0972JerusalemNLI.Heb8333_144Verso/MS0972JerusalemNLI.Heb8333_144Verso.IEDC1145-per1
openiti_mss_MS0972JerusalemNLI.Heb8333_145Recto.IEDC1146-per1,,TRANSCRIPTION,National Library of Israel,,"Ms.Heb.8333.145, recto",,https://www.invisible-east.org/corpus/1146/,https://www.invisible-east.org/corpus/1146/,,,,Jerusalem,,,,per,OpenITI MSS machine-readable transcription; page-image rights are separate.,OpenITI transcription under CC BY-NC-SA 4.0; image rights separate,https://kitab-project.org/docs/openITI,True,True,OpenITI URI MS0972JerusalemNLI.Heb8333_145Recto.IEDC1146-per1,,False,CLEARED_WITH_ATTRIBUTION,P1,https://raw.githubusercontent.com/OpenITI/RELEASE/v2025.1.9/data/MS0972JerusalemNLI/MS0972JerusalemNLI.Heb8333_145Recto/MS0972JerusalemNLI.Heb8333_145Recto.IEDC1146-per1
openiti_mss_MS0972JerusalemNLI.Heb8333_145Verso.IEDC1147-per1,,TRANSCRIPTION,National Library of Israel,,"Ms.Heb.8333.145, verso",,https://www.invisible-east.org/corpus/1147/,https://www.invisible-east.org/corpus/1147/,,,,Jerusalem,,,,per,OpenITI MSS machine-readable transcription; page-image rights are separate.,OpenITI transcription under CC BY-NC-SA 4.0; image rights separate,https://kitab-project.org/docs/openITI,True,True,OpenITI URI MS0972JerusalemNLI.Heb8333_145Verso.IEDC1147-per1,,False,CLEARED_WITH_ATTRIBUTION,P1,https://raw.githubusercontent.com/OpenITI/RELEASE/v2025.1.9/data/MS0972JerusalemNLI/MS0972JerusalemNLI.Heb8333_145Verso/MS0972JerusalemNLI.Heb8333_145Verso.IEDC1147-per1
openiti_mss_MS0972JerusalemNLI.Heb8333_146Recto.IEDC1148-per1,,TRANSCRIPTION,National Library of Israel,,"Ms.Heb.8333.146, recto",,https://www.invisible-east.org/corpus/1148/,https://www.invisible-east.org/corpus/1148/,,,,Jerusalem,,,,per,OpenITI MSS machine-readable transcription; page-image rights are separate.,OpenITI transcription under CC BY-NC-SA 4.0; image rights separate,https://kitab-project.org/docs/openITI,True,True,OpenITI URI MS0972JerusalemNLI.Heb8333_146Recto.IEDC1148-per1,,False,CLEARED_WITH_ATTRIBUTION,P1,https://raw.githubusercontent.com/OpenITI/RELEASE/v2025.1.9/data/MS0972JerusalemNLI/MS0972JerusalemNLI.Heb8333_146Recto/MS0972JerusalemNLI.Heb8333_146Recto.IEDC1148-per1
openiti_mss_MS0972JerusalemNLI.Heb8333_146Verso.IEDC1149-per1,,TRANSCRIPTION,National Library of Israel,,"Ms.Heb.8333.146, verso",,https://www.invisible-east.org/corpus/1149/,https://www.invisible-east.org/corpus/1149/,,,,Jerusalem,,,,per,OpenITI MSS machine-readable transcription; page-image rights are separate.,OpenITI transcription under CC BY-NC-SA 4.0; image rights separate,https://kitab-project.org/docs/openITI,True,True,OpenITI URI MS0972JerusalemNLI.Heb8333_146Verso.IEDC1149-per1,,False,CLEARED_WITH_ATTRIBUTION,P1,https://raw.githubusercontent.com/OpenITI/RELEASE/v2025.1.9/data/MS0972JerusalemNLI/MS0972JerusalemNLI.Heb8333_146Verso/MS0972JerusalemNLI.Heb8333_146Verso.IEDC1149-per1
openiti_mss_MS0972JerusalemNLI.Heb8333_147.IEDC1150-per1,,TRANSCRIPTION,National Library of Israel,,Ms.Heb.8333.147,,https://www.invisible-east.org/corpus/1150/,https://www.invisible-east.org/corpus/1150/,,,,Jerusalem,,,,per,OpenITI MSS machine-readable transcription; page-image rights are separate.,OpenITI transcription under CC BY-NC-SA 4.0; image rights separate,https://kitab-project.org/docs/openITI,True,True,OpenITI URI MS0972JerusalemNLI.Heb8333_147.IEDC1150-per1,,False,CLEARED_WITH_ATTRIBUTION,P1,https://raw.githubusercontent.com/OpenITI/RELEASE/v2025.1.9/data/MS0972JerusalemNLI/MS0972JerusalemNLI.Heb8333_147/MS0972JerusalemNLI.Heb8333_147.IEDC1150-per1
openiti_mss_MS0972JerusalemNLI.Heb8333_148.IEDC1151-per1,,TRANSCRIPTION,National Library of Israel,,Ms.Heb.8333.148,,https://www.invisible-east.org/corpus/1151/,https://www.invisible-east.org/corpus/1151/,,,,Jerusalem,,,,per,OpenITI MSS machine-readable transcription; page-image rights are separate.,OpenITI transcription under CC BY-NC-SA 4.0; image rights separate,https://kitab-project.org/docs/openITI,True,True,OpenITI URI MS0972JerusalemNLI.Heb8333_148.IEDC1151-per1,,False,CLEARED_WITH_ATTRIBUTION,P1,https://raw.githubusercontent.com/OpenITI/RELEASE/v2025.1.9/data/MS0972JerusalemNLI/MS0972JerusalemNLI.Heb8333_148/MS0972JerusalemNLI.Heb8333_148.IEDC1151-per1
openiti_mss_MS0972JerusalemNLI.Heb8333_149.IEDC1152-per1,,TRANSCRIPTION,National Library of Israel,,Ms.Heb.8333.149,,https://www.invisible-east.org/corpus/1152/,https://www.invisible-east.org/corpus/1152/,,,,Jerusalem,,,,per,OpenITI MSS machine-readable transcription; page-image rights are separate.,OpenITI transcription under CC BY-NC-SA 4.0; image rights separate,https://kitab-project.org/docs/openITI,True,True,OpenITI URI MS0972JerusalemNLI.Heb8333_149.IEDC1152-per1,,False,CLEARED_WITH_ATTRIBUTION,P1,https://raw.githubusercontent.com/OpenITI/RELEASE/v2025.1.9/data/MS0972JerusalemNLI/MS0972JerusalemNLI.Heb8333_149/MS0972JerusalemNLI.Heb8333_149.IEDC1152-per1
openiti_mss_MS0972JerusalemNLI.Heb8333_15.IEDC0099-per1jup1,,TRANSCRIPTION,National Library of Israel,,Ms.Heb.8333.15,,https://www.invisible-east.org/corpus/99/,https://www.invisible-east.org/corpus/99/,,,,Jerusalem,,,,"per,jup",OpenITI MSS machine-readable transcription; page-image rights are separate.,OpenITI transcription under CC BY-NC-SA 4.0; image rights separate,https://kitab-project.org/docs/openITI,True,True,OpenITI URI MS0972JerusalemNLI.Heb8333_15.IEDC0099-per1jup1,,False,CLEARED_WITH_ATTRIBUTION,P1,https://raw.githubusercontent.com/OpenITI/RELEASE/v2025.1.9/data/MS0972JerusalemNLI/MS0972JerusalemNLI.Heb8333_15/MS0972JerusalemNLI.Heb8333_15.IEDC0099-per1jup1
openiti_mss_MS0972JerusalemNLI.Heb8333_150.IEDC1228-per1,,TRANSCRIPTION,National Library of Israel,,Ms.Heb.8333.150,,https://www.invisible-east.org/corpus/1228/,https://www.invisible-east.org/corpus/1228/,,,,Jerusalem,,,,per,OpenITI MSS machine-readable transcription; page-image rights are separate.,OpenITI transcription under CC BY-NC-SA 4.0; image rights separate,https://kitab-project.org/docs/openITI,True,True,OpenITI URI MS0972JerusalemNLI.Heb8333_150.IEDC1228-per1,,False,CLEARED_WITH_ATTRIBUTION,P1,https://raw.githubusercontent.com/OpenITI/RELEASE/v2025.1.9/data/MS0972JerusalemNLI/MS0972JerusalemNLI.Heb8333_150/MS0972JerusalemNLI.Heb8333_150.IEDC1228-per1
openiti_mss_MS0972JerusalemNLI.Heb8333_151.IEDC1173-per1,,TRANSCRIPTION,National Library of Israel,,Ms.Heb.8333.151,,https://www.invisible-east.org/corpus/1173/,https://www.invisible-east.org/corpus/1173/,,,,Jerusalem,,,,per,OpenITI MSS machine-readable transcription; page-image rights are separate.,OpenITI transcription under CC BY-NC-SA 4.0; image rights separate,https://kitab-project.org/docs/openITI,True,True,OpenITI URI MS0972JerusalemNLI.Heb8333_151.IEDC1173-per1,,False,CLEARED_WITH_ATTRIBUTION,P1,https://raw.githubusercontent.com/OpenITI/RELEASE/v2025.1.9/data/MS0972JerusalemNLI/MS0972JerusalemNLI.Heb8333_151/MS0972JerusalemNLI.Heb8333_151.IEDC1173-per1
openiti_mss_MS0972JerusalemNLI.Heb8333_152Recto.IEDC1174-per1,,TRANSCRIPTION,National Library of Israel,,"Ms.Heb.8333.152, recto",,https://www.invisible-east.org/corpus/1174/,https://www.invisible-east.org/corpus/1174/,,,,Jerusalem,,,,per,OpenITI MSS machine-readable transcription; page-image rights are separate.,OpenITI transcription under CC BY-NC-SA 4.0; image rights separate,https://kitab-project.org/docs/openITI,True,True,OpenITI URI MS0972JerusalemNLI.Heb8333_152Recto.IEDC1174-per1,,False,CLEARED_WITH_ATTRIBUTION,P1,https://raw.githubusercontent.com/OpenITI/RELEASE/v2025.1.9/data/MS0972JerusalemNLI/MS0972JerusalemNLI.Heb8333_152Recto/MS0972JerusalemNLI.Heb8333_152Recto.IEDC1174-per1
openiti_mss_MS0972JerusalemNLI.Heb8333_153Recto.IEDC1190-per1,,TRANSCRIPTION,National Library of Israel,,"Ms.Heb.8333.153, recto",,https://www.invisible-east.org/corpus/1190/,https://www.invisible-east.org/corpus/1190/,,,,Jerusalem,,,,per,OpenITI MSS machine-readable transcription; page-image rights are separate.,OpenITI transcription under CC BY-NC-SA 4.0; image rights separate,https://kitab-project.org/docs/openITI,True,True,OpenITI URI MS0972JerusalemNLI.Heb8333_153Recto.IEDC1190-per1,,False,CLEARED_WITH_ATTRIBUTION,P1,https://raw.githubusercontent.com/OpenITI/RELEASE/v2025.1.9/data/MS0972JerusalemNLI/MS0972JerusalemNLI.Heb8333_153Recto/MS0972JerusalemNLI.Heb8333_153Recto.IEDC1190-per1
openiti_mss_MS0972JerusalemNLI.Heb8333_153Verso.IEDC1175-per1,,TRANSCRIPTION,National Library of Israel,,"Ms.Heb.8333.153, verso",,https://www.invisible-east.org/corpus/1175/,https://www.invisible-east.org/corpus/1175/,,,,Jerusalem,,,,per,OpenITI MSS machine-readable transcription; page-image rights are separate.,OpenITI transcription under CC BY-NC-SA 4.0; image rights separate,https://kitab-project.org/docs/openITI,True,True,OpenITI URI MS0972JerusalemNLI.Heb8333_153Verso.IEDC1175-per1,,False,CLEARED_WITH_ATTRIBUTION,P1,https://raw.githubusercontent.com/OpenITI/RELEASE/v2025.1.9/data/MS0972JerusalemNLI/MS0972JerusalemNLI.Heb8333_153Verso/MS0972JerusalemNLI.Heb8333_153Verso.IEDC1175-per1
openiti_mss_MS0972JerusalemNLI.Heb8333_154.IEDC0299-per1,,TRANSCRIPTION,National Library of Israel,,Ms.Heb.8333.154,,https://www.invisible-east.org/corpus/299/,https://www.invisible-east.org/corpus/299/,,,,Jerusalem,,,,per,OpenITI MSS machine-readable transcription; page-image rights are separate.,OpenITI transcription under CC BY-NC-SA 4.0; image rights separate,https://kitab-project.org/docs/openITI,True,True,OpenITI URI MS0972JerusalemNLI.Heb8333_154.IEDC0299-per1,,False,CLEARED_WITH_ATTRIBUTION,P1,https://raw.githubusercontent.com/OpenITI/RELEASE/v2025.1.9/data/MS0972JerusalemNLI/MS0972JerusalemNLI.Heb8333_154/MS0972JerusalemNLI.Heb8333_154.IEDC0299-per1
openiti_mss_MS0972JerusalemNLI.Heb8333_155Recto.IEDC0301-per1,,TRANSCRIPTION,National Library of Israel,,"Ms.Heb.8333.155, recto",,https://www.invisible-east.org/corpus/301/,https://www.invisible-east.org/corpus/301/,,,,Jerusalem,,,,per,OpenITI MSS machine-readable transcription; page-image rights are separate.,OpenITI transcription under CC BY-NC-SA 4.0; image rights separate,https://kitab-project.org/docs/openITI,True,True,OpenITI URI MS0972JerusalemNLI.Heb8333_155Recto.IEDC0301-per1,,False,CLEARED_WITH_ATTRIBUTION,P1,https://raw.githubusercontent.com/OpenITI/RELEASE/v2025.1.9/data/MS0972JerusalemNLI/MS0972JerusalemNLI.Heb8333_155Recto/MS0972JerusalemNLI.Heb8333_155Recto.IEDC0301-per1
openiti_mss_MS0972JerusalemNLI.Heb8333_155Verso.IEDC0300-per1,,TRANSCRIPTION,National Library of Israel,,"Ms.Heb.8333.155, verso",,https://www.invisible-east.org/corpus/300/,https://www.invisible-east.org/corpus/300/,,,,Jerusalem,,,,per,OpenITI MSS machine-readable transcription; page-image rights are separate.,OpenITI transcription under CC BY-NC-SA 4.0; image rights separate,https://kitab-project.org/docs/openITI,True,True,OpenITI URI MS0972JerusalemNLI.Heb8333_155Verso.IEDC0300-per1,,False,CLEARED_WITH_ATTRIBUTION,P1,https://raw.githubusercontent.com/OpenITI/RELEASE/v2025.1.9/data/MS0972JerusalemNLI/MS0972JerusalemNLI.Heb8333_155Verso/MS0972JerusalemNLI.Heb8333_155Verso.IEDC0300-per1
openiti_mss_MS0972JerusalemNLI.Heb8333_156Recto.IEDC0272-per1,,TRANSCRIPTION,National Library of Israel,,"Ms.Heb.8333.156, recto",,https://www.invisible-east.org/corpus/272/,https://www.invisible-east.org/corpus/272/,,,,Jerusalem,,,,per,OpenITI MSS machine-readable transcription; page-image rights are separate.,OpenITI transcription under CC BY-NC-SA 4.0; image rights separate,https://kitab-project.org/docs/openITI,True,True,OpenITI URI MS0972JerusalemNLI.Heb8333_156Recto.IEDC0272-per1,,False,CLEARED_WITH_ATTRIBUTION,P1,https://raw.githubusercontent.com/OpenITI/RELEASE/v2025.1.9/data/MS0972JerusalemNLI/MS0972JerusalemNLI.Heb8333_156Recto/MS0972JerusalemNLI.Heb8333_156Recto.IEDC0272-per1
openiti_mss_MS0972JerusalemNLI.Heb8333_157Recto.IEDC1176-per1,,TRANSCRIPTION,National Library of Israel,,"Ms.Heb.8333.157, recto",,https://www.invisible-east.org/corpus/1176/,https://www.invisible-east.org/corpus/1176/,,,,Jerusalem,,,,per,OpenITI MSS machine-readable transcription; page-image rights are separate.,OpenITI transcription under CC BY-NC-SA 4.0; image rights separate,https://kitab-project.org/docs/openITI,True,True,OpenITI URI MS0972JerusalemNLI.Heb8333_157Recto.IEDC1176-per1,,False,CLEARED_WITH_ATTRIBUTION,P1,https://raw.githubusercontent.com/OpenITI/RELEASE/v2025.1.9/data/MS0972JerusalemNLI/MS0972JerusalemNLI.Heb8333_157Recto/MS0972JerusalemNLI.Heb8333_157Recto.IEDC1176-per1
openiti_mss_MS0972JerusalemNLI.Heb8333_157Verso.IEDC1177-per1,,TRANSCRIPTION,National Library of Israel,,"Ms.Heb.8333.157, verso",,https://www.invisible-east.org/corpus/1177/,https://www.invisible-east.org/corpus/1177/,,,,Jerusalem,,,,per,OpenITI MSS machine-readable transcription; page-image rights are separate.,OpenITI transcription under CC BY-NC-SA 4.0; image rights separate,https://kitab-project.org/docs/openITI,True,True,OpenITI URI MS0972JerusalemNLI.Heb8333_157Verso.IEDC1177-per1,,False,CLEARED_WITH_ATTRIBUTION,P1,https://raw.githubusercontent.com/OpenITI/RELEASE/v2025.1.9/data/MS0972JerusalemNLI/MS0972JerusalemNLI.Heb8333_157Verso/MS0972JerusalemNLI.Heb8333_157Verso.IEDC1177-per1
openiti_mss_MS0972JerusalemNLI.Heb8333_158Recto.IEDC0096-per1,,TRANSCRIPTION,National Library of Israel,,Ms.Heb.8333.158 recto,,https://www.invisible-east.org/corpus/96/,https://www.invisible-east.org/corpus/96/,,,,Jerusalem,,,,per,OpenITI MSS machine-readable transcription; page-image rights are separate.,OpenITI transcription under CC BY-NC-SA 4.0; image rights separate,https://kitab-project.org/docs/openITI,True,True,OpenITI URI MS0972JerusalemNLI.Heb8333_158Recto.IEDC0096-per1,,False,CLEARED_WITH_ATTRIBUTION,P1,https://raw.githubusercontent.com/OpenITI/RELEASE/v2025.1.9/data/MS0972JerusalemNLI/MS0972JerusalemNLI.Heb8333_158Recto/MS0972JerusalemNLI.Heb8333_158Recto.IEDC0096-per1
openiti_mss_MS0972JerusalemNLI.Heb8333_158Verso.IEDC0087-per1,,TRANSCRIPTION,National Library of Israel,,Ms.Heb.8333.158 verso,,https://www.invisible-east.org/corpus/87/,https://www.invisible-east.org/corpus/87/,,,,Jerusalem,,,,per,OpenITI MSS machine-readable transcription; page-image rights are separate.,OpenITI transcription under CC BY-NC-SA 4.0; image rights separate,https://kitab-project.org/docs/openITI,True,True,OpenITI URI MS0972JerusalemNLI.Heb8333_158Verso.IEDC0087-per1,,False,CLEARED_WITH_ATTRIBUTION,P1,https://raw.githubusercontent.com/OpenITI/RELEASE/v2025.1.9/data/MS0972JerusalemNLI/MS0972JerusalemNLI.Heb8333_158Verso/MS0972JerusalemNLI.Heb8333_158Verso.IEDC0087-per1
openiti_mss_MS0972JerusalemNLI.Heb8333_159.IEDC0216-per1,,TRANSCRIPTION,National Library of Israel,,Ms.Heb.8333.159,,https://www.invisible-east.org/corpus/216/,https://www.invisible-east.org/corpus/216/,,,,Jerusalem,,,,per,OpenITI MSS machine-readable transcription; page-image rights are separate.,OpenITI transcription under CC BY-NC-SA 4.0; image rights separate,https://kitab-project.org/docs/openITI,True,True,OpenITI URI MS0972JerusalemNLI.Heb8333_159.IEDC0216-per1,,False,CLEARED_WITH_ATTRIBUTION,P1,https://raw.githubusercontent.com/OpenITI/RELEASE/v2025.1.9/data/MS0972JerusalemNLI/MS0972JerusalemNLI.Heb8333_159/MS0972JerusalemNLI.Heb8333_159.IEDC0216-per1
openiti_mss_MS0972JerusalemNLI.Heb8333_16.IEDC1178-per1,,TRANSCRIPTION,National Library of Israel,,Ms.Heb.8333.16,,https://www.invisible-east.org/corpus/1178/,https://www.invisible-east.org/corpus/1178/,,,,Jerusalem,,,,per,OpenITI MSS machine-readable transcription; page-image rights are separate.,OpenITI transcription under CC BY-NC-SA 4.0; image rights separate,https://kitab-project.org/docs/openITI,True,True,OpenITI URI MS0972JerusalemNLI.Heb8333_16.IEDC1178-per1,,False,CLEARED_WITH_ATTRIBUTION,P1,https://raw.githubusercontent.com/OpenITI/RELEASE/v2025.1.9/data/MS0972JerusalemNLI/MS0972JerusalemNLI.Heb8333_16/MS0972JerusalemNLI.Heb8333_16.IEDC1178-per1
openiti_mss_MS0972JerusalemNLI.Heb8333_161.IEDC0215-ara1,,TRANSCRIPTION,National Library of Israel,,Ms.Heb.8333.161,,https://www.invisible-east.org/corpus/215/,https://www.invisible-east.org/corpus/215/,,,,Jerusalem,,,,ara,OpenITI MSS machine-readable transcription; page-image rights are separate.,OpenITI transcription under CC BY-NC-SA 4.0; image rights separate,https://kitab-project.org/docs/openITI,True,True,OpenITI URI MS0972JerusalemNLI.Heb8333_161.IEDC0215-ara1,,False,CLEARED_WITH_ATTRIBUTION,P1,https://raw.githubusercontent.com/OpenITI/RELEASE/v2025.1.9/data/MS0972JerusalemNLI/MS0972JerusalemNLI.Heb8333_161/MS0972JerusalemNLI.Heb8333_161.IEDC0215-ara1
openiti_mss_MS0972JerusalemNLI.Heb8333_162.IEDC0214-per1,,TRANSCRIPTION,National Library of Israel,,Ms.Heb.8333.162,,https://www.invisible-east.org/corpus/214/,https://www.invisible-east.org/corpus/214/,,,,Jerusalem,,,,per,OpenITI MSS machine-readable transcription; page-image rights are separate.,OpenITI transcription under CC BY-NC-SA 4.0; image rights separate,https://kitab-project.org/docs/openITI,True,True,OpenITI URI MS0972JerusalemNLI.Heb8333_162.IEDC0214-per1,,False,CLEARED_WITH_ATTRIBUTION,P1,https://raw.githubusercontent.com/OpenITI/RELEASE/v2025.1.9/data/MS0972JerusalemNLI/MS0972JerusalemNLI.Heb8333_162/MS0972JerusalemNLI.Heb8333_162.IEDC0214-per1
openiti_mss_MS0972JerusalemNLI.Heb8333_163.IEDC0273-per1,,TRANSCRIPTION,National Library of Israel,,Ms.Heb.8333.163,,https://www.invisible-east.org/corpus/273/,https://www.invisible-east.org/corpus/273/,,,,Jerusalem,,,,per,OpenITI MSS machine-readable transcription; page-image rights are separate.,OpenITI transcription under CC BY-NC-SA 4.0; image rights separate,https://kitab-project.org/docs/openITI,True,True,OpenITI URI MS0972JerusalemNLI.Heb8333_163.IEDC0273-per1,,False,CLEARED_WITH_ATTRIBUTION,P1,https://raw.githubusercontent.com/OpenITI/RELEASE/v2025.1.9/data/MS0972JerusalemNLI/MS0972JerusalemNLI.Heb8333_163/MS0972JerusalemNLI.Heb8333_163.IEDC0273-per1
openiti_mss_MS0972JerusalemNLI.Heb8333_164.IEDC0213-per1,,TRANSCRIPTION,National Library of Israel,,Ms.Heb.8333.164,,https://www.invisible-east.org/corpus/213/,https://www.invisible-east.org/corpus/213/,,,,Jerusalem,,,,per,OpenITI MSS machine-readable transcription; page-image rights are separate.,OpenITI transcription under CC BY-NC-SA 4.0; image rights separate,https://kitab-project.org/docs/openITI,True,True,OpenITI URI MS0972JerusalemNLI.Heb8333_164.IEDC0213-per1,,False,CLEARED_WITH_ATTRIBUTION,P1,https://raw.githubusercontent.com/OpenITI/RELEASE/v2025.1.9/data/MS0972JerusalemNLI/MS0972JerusalemNLI.Heb8333_164/MS0972JerusalemNLI.Heb8333_164.IEDC0213-per1
openiti_mss_MS0972JerusalemNLI.Heb8333_165.IEDC0211-per1,,TRANSCRIPTION,National Library of Israel,,Ms.Heb.8333.165,,https://www.invisible-east.org/corpus/211/,https://www.invisible-east.org/corpus/211/,,,,Jerusalem,,,,per,OpenITI MSS machine-readable transcription; page-image rights are separate.,OpenITI transcription under CC BY-NC-SA 4.0; image rights separate,https://kitab-project.org/docs/openITI,True,True,OpenITI URI MS0972JerusalemNLI.Heb8333_165.IEDC0211-per1,,False,CLEARED_WITH_ATTRIBUTION,P1,https://raw.githubusercontent.com/OpenITI/RELEASE/v2025.1.9/data/MS0972JerusalemNLI/MS0972JerusalemNLI.Heb8333_165/MS0972JerusalemNLI.Heb8333_165.IEDC0211-per1
openiti_mss_MS0972JerusalemNLI.Heb8333_166.IEDC0203-per1,,TRANSCRIPTION,National Library of Israel,,Ms.Heb.8333.166,,https://www.invisible-east.org/corpus/203/,https://www.invisible-east.org/corpus/203/,,,,Jerusalem,,,,per,OpenITI MSS machine-readable transcription; page-image rights are separate.,OpenITI transcription under CC BY-NC-SA 4.0; image rights separate,https://kitab-project.org/docs/openITI,True,True,OpenITI URI MS0972JerusalemNLI.Heb8333_166.IEDC0203-per1,,False,CLEARED_WITH_ATTRIBUTION,P1,https://raw.githubusercontent.com/OpenITI/RELEASE/v2025.1.9/data/MS0972JerusalemNLI/MS0972JerusalemNLI.Heb8333_166/MS0972JerusalemNLI.Heb8333_166.IEDC0203-per1
openiti_mss_MS0972JerusalemNLI.Heb8333_167.IEDC0202-per1,,TRANSCRIPTION,National Library of Israel,,Ms.Heb.8333.167,,https://www.invisible-east.org/corpus/202/,https://www.invisible-east.org/corpus/202/,,,,Jerusalem,,,,per,OpenITI MSS machine-readable transcription; page-image rights are separate.,OpenITI transcription under CC BY-NC-SA 4.0; image rights separate,https://kitab-project.org/docs/openITI,True,True,OpenITI URI MS0972JerusalemNLI.Heb8333_167.IEDC0202-per1,,False,CLEARED_WITH_ATTRIBUTION,P1,https://raw.githubusercontent.com/OpenITI/RELEASE/v2025.1.9/data/MS0972JerusalemNLI/MS0972JerusalemNLI.Heb8333_167/MS0972JerusalemNLI.Heb8333_167.IEDC0202-per1
openiti_mss_MS0972JerusalemNLI.Heb8333_168.IEDC0209-per1,,TRANSCRIPTION,National Library of Israel,,Ms.Heb.8333.168,,https://www.invisible-east.org/corpus/209/,https://www.invisible-east.org/corpus/209/,,,,Jerusalem,,,,per,OpenITI MSS machine-readable transcription; page-image rights are separate.,OpenITI transcription under CC BY-NC-SA 4.0; image rights separate,https://kitab-project.org/docs/openITI,True,True,OpenITI URI MS0972JerusalemNLI.Heb8333_168.IEDC0209-per1,,False,CLEARED_WITH_ATTRIBUTION,P1,https://raw.githubusercontent.com/OpenITI/RELEASE/v2025.1.9/data/MS0972JerusalemNLI/MS0972JerusalemNLI.Heb8333_168/MS0972JerusalemNLI.Heb8333_168.IEDC0209-per1
openiti_mss_MS0972JerusalemNLI.Heb8333_169.IEDC0208-per1,,TRANSCRIPTION,National Library of Israel,,Ms.Heb.8333.169,,https://www.invisible-east.org/corpus/208/,https://www.invisible-east.org/corpus/208/,,,,Jerusalem,,,,per,OpenITI MSS machine-readable transcription; page-image rights are separate.,OpenITI transcription under CC BY-NC-SA 4.0; image rights separate,https://kitab-project.org/docs/openITI,True,True,OpenITI URI MS0972JerusalemNLI.Heb8333_169.IEDC0208-per1,,False,CLEARED_WITH_ATTRIBUTION,P1,https://raw.githubusercontent.com/OpenITI/RELEASE/v2025.1.9/data/MS0972JerusalemNLI/MS0972JerusalemNLI.Heb8333_169/MS0972JerusalemNLI.Heb8333_169.IEDC0208-per1
openiti_mss_MS0972JerusalemNLI.Heb8333_17.IEDC0100-per1jup1,,TRANSCRIPTION,National Library of Israel,,Ms.Heb.8333.17,,https://www.invisible-east.org/corpus/100/,https://www.invisible-east.org/corpus/100/,,,,Jerusalem,,,,"per,jup",OpenITI MSS machine-readable transcription; page-image rights are separate.,OpenITI transcription under CC BY-NC-SA 4.0; image rights separate,https://kitab-project.org/docs/openITI,True,True,OpenITI URI MS0972JerusalemNLI.Heb8333_17.IEDC0100-per1jup1,,False,CLEARED_WITH_ATTRIBUTION,P1,https://raw.githubusercontent.com/OpenITI/RELEASE/v2025.1.9/data/MS0972JerusalemNLI/MS0972JerusalemNLI.Heb8333_17/MS0972JerusalemNLI.Heb8333_17.IEDC0100-per1jup1
openiti_mss_MS0972JerusalemNLI.Heb8333_170.IEDC0207-per1,,TRANSCRIPTION,National Library of Israel,,Ms.Heb.8333.170,,https://www.invisible-east.org/corpus/207/,https://www.invisible-east.org/corpus/207/,,,,Jerusalem,,,,per,OpenITI MSS machine-readable transcription; page-image rights are separate.,OpenITI transcription under CC BY-NC-SA 4.0; image rights separate,https://kitab-project.org/docs/openITI,True,True,OpenITI URI MS0972JerusalemNLI.Heb8333_170.IEDC0207-per1,,False,CLEARED_WITH_ATTRIBUTION,P1,https://raw.githubusercontent.com/OpenITI/RELEASE/v2025.1.9/data/MS0972JerusalemNLI/MS0972JerusalemNLI.Heb8333_170/MS0972JerusalemNLI.Heb8333_170.IEDC0207-per1
openiti_mss_MS0972JerusalemNLI.Heb8333_171.IEDC0206-per1,,TRANSCRIPTION,National Library of Israel,,Ms.Heb.8333.171,,https://www.invisible-east.org/corpus/206/,https://www.invisible-east.org/corpus/206/,,,,Jerusalem,,,,per,OpenITI MSS machine-readable transcription; page-image rights are separate.,OpenITI transcription under CC BY-NC-SA 4.0; image rights separate,https://kitab-project.org/docs/openITI,True,True,OpenITI URI MS0972JerusalemNLI.Heb8333_171.IEDC0206-per1,,False,CLEARED_WITH_ATTRIBUTION,P1,https://raw.githubusercontent.com/OpenITI/RELEASE/v2025.1.9/data/MS0972JerusalemNLI/MS0972JerusalemNLI.Heb8333_171/MS0972JerusalemNLI.Heb8333_171.IEDC0206-per1
openiti_mss_MS0972JerusalemNLI.Heb8333_172.IEDC0205-per1,,TRANSCRIPTION,National Library of Israel,,Ms.Heb.8333.172,,https://www.invisible-east.org/corpus/205/,https://www.invisible-east.org/corpus/205/,,,,Jerusalem,,,,per,OpenITI MSS machine-readable transcription; page-image rights are separate.,OpenITI transcription under CC BY-NC-SA 4.0; image rights separate,https://kitab-project.org/docs/openITI,True,True,OpenITI URI MS0972JerusalemNLI.Heb8333_172.IEDC0205-per1,,False,CLEARED_WITH_ATTRIBUTION,P1,https://raw.githubusercontent.com/OpenITI/RELEASE/v2025.1.9/data/MS0972JerusalemNLI/MS0972JerusalemNLI.Heb8333_172/MS0972JerusalemNLI.Heb8333_172.IEDC0205-per1
openiti_mss_MS0972JerusalemNLI.Heb8333_173.IEDC0085-per1,,TRANSCRIPTION,National Library of Israel,,Ms.Heb.8333.173,,https://www.invisible-east.org/corpus/85/,https://www.invisible-east.org/corpus/85/,,,,Jerusalem,,,,per,OpenITI MSS machine-readable transcription; page-image rights are separate.,OpenITI transcription under CC BY-NC-SA 4.0; image rights separate,https://kitab-project.org/docs/openITI,True,True,OpenITI URI MS0972JerusalemNLI.Heb8333_173.IEDC0085-per1,,False,CLEARED_WITH_ATTRIBUTION,P1,https://raw.githubusercontent.com/OpenITI/RELEASE/v2025.1.9/data/MS0972JerusalemNLI/MS0972JerusalemNLI.Heb8333_173/MS0972JerusalemNLI.Heb8333_173.IEDC0085-per1
openiti_mss_MS0972JerusalemNLI.Heb8333_174.IEDC0086-per1,,TRANSCRIPTION,National Library of Israel,,Ms.Heb.8333.174,,https://www.invisible-east.org/corpus/86/,https://www.invisible-east.org/corpus/86/,,,,Jerusalem,,,,per,OpenITI MSS machine-readable transcription; page-image rights are separate.,OpenITI transcription under CC BY-NC-SA 4.0; image rights separate,https://kitab-project.org/docs/openITI,True,True,OpenITI URI MS0972JerusalemNLI.Heb8333_174.IEDC0086-per1,,False,CLEARED_WITH_ATTRIBUTION,P1,https://raw.githubusercontent.com/OpenITI/RELEASE/v2025.1.9/data/MS0972JerusalemNLI/MS0972JerusalemNLI.Heb8333_174/MS0972JerusalemNLI.Heb8333_174.IEDC0086-per1
openiti_mss_MS0972JerusalemNLI.Heb8333_175.IEDC0204-per1,,TRANSCRIPTION,National Library of Israel,,Ms.Heb.8333.175,,https://www.invisible-east.org/corpus/204/,https://www.invisible-east.org/corpus/204/,,,,Jerusalem,,,,per,OpenITI MSS machine-readable transcription; page-image rights are separate.,OpenITI transcription under CC BY-NC-SA 4.0; image rights separate,https://kitab-project.org/docs/openITI,True,True,OpenITI URI MS0972JerusalemNLI.Heb8333_175.IEDC0204-per1,,False,CLEARED_WITH_ATTRIBUTION,P1,https://raw.githubusercontent.com/OpenITI/RELEASE/v2025.1.9/data/MS0972JerusalemNLI/MS0972JerusalemNLI.Heb8333_175/MS0972JerusalemNLI.Heb8333_175.IEDC0204-per1
openiti_mss_MS0972JerusalemNLI.Heb8333_176.IEDC0201-per1,,TRANSCRIPTION,National Library of Israel,,Ms.Heb.8333.176,,https://www.invisible-east.org/corpus/201/,https://www.invisible-east.org/corpus/201/,,,,Jerusalem,,,,per,OpenITI MSS machine-readable transcription; page-image rights are separate.,OpenITI transcription under CC BY-NC-SA 4.0; image rights separate,https://kitab-project.org/docs/openITI,True,True,OpenITI URI MS0972JerusalemNLI.Heb8333_176.IEDC0201-per1,,False,CLEARED_WITH_ATTRIBUTION,P1,https://raw.githubusercontent.com/OpenITI/RELEASE/v2025.1.9/data/MS0972JerusalemNLI/MS0972JerusalemNLI.Heb8333_176/MS0972JerusalemNLI.Heb8333_176.IEDC0201-per1
openiti_mss_MS0972JerusalemNLI.Heb8333_177.IEDC0084-per1,,TRANSCRIPTION,National Library of Israel,,Ms.Heb.8333.177,,https://www.invisible-east.org/corpus/84/,https://www.invisible-east.org/corpus/84/,,,,Jerusalem,,,,per,OpenITI MSS machine-readable transcription; page-image rights are separate.,OpenITI transcription under CC BY-NC-SA 4.0; image rights separate,https://kitab-project.org/docs/openITI,True,True,OpenITI URI MS0972JerusalemNLI.Heb8333_177.IEDC0084-per1,,False,CLEARED_WITH_ATTRIBUTION,P1,https://raw.githubusercontent.com/OpenITI/RELEASE/v2025.1.9/data/MS0972JerusalemNLI/MS0972JerusalemNLI.Heb8333_177/MS0972JerusalemNLI.Heb8333_177.IEDC0084-per1
openiti_mss_MS0972JerusalemNLI.Heb8333_178.IEDC0302-per1,,TRANSCRIPTION,National Library of Israel,,Ms.Heb.8333.178,,https://www.invisible-east.org/corpus/302/,https://www.invisible-east.org/corpus/302/,,,,Jerusalem,,,,per,OpenITI MSS machine-readable transcription; page-image rights are separate.,OpenITI transcription under CC BY-NC-SA 4.0; image rights separate,https://kitab-project.org/docs/openITI,True,True,OpenITI URI MS0972JerusalemNLI.Heb8333_178.IEDC0302-per1,,False,CLEARED_WITH_ATTRIBUTION,P1,https://raw.githubusercontent.com/OpenITI/RELEASE/v2025.1.9/data/MS0972JerusalemNLI/MS0972JerusalemNLI.Heb8333_178/MS0972JerusalemNLI.Heb8333_178.IEDC0302-per1
openiti_mss_MS0972JerusalemNLI.Heb8333_18.IEDC0101-per1,,TRANSCRIPTION,National Library of Israel,,Ms.Heb.8333.18,,https://www.invisible-east.org/corpus/101/,https://www.invisible-east.org/corpus/101/,,,,Jerusalem,,,,per,OpenITI MSS machine-readable transcription; page-image rights are separate.,OpenITI transcription under CC BY-NC-SA 4.0; image rights separate,https://kitab-project.org/docs/openITI,True,True,OpenITI URI MS0972JerusalemNLI.Heb8333_18.IEDC0101-per1,,False,CLEARED_WITH_ATTRIBUTION,P1,https://raw.githubusercontent.com/OpenITI/RELEASE/v2025.1.9/data/MS0972JerusalemNLI/MS0972JerusalemNLI.Heb8333_18/MS0972JerusalemNLI.Heb8333_18.IEDC0101-per1
openiti_mss_MS0972JerusalemNLI.Heb8333_183Recto.IEDC1179-per1,,TRANSCRIPTION,National Library of Israel,,"Ms.Heb.8333.183, recto",,https://www.invisible-east.org/corpus/1179/,https://www.invisible-east.org/corpus/1179/,,,,Jerusalem,,,,per,OpenITI MSS machine-readable transcription; page-image rights are separate.,OpenITI transcription under CC BY-NC-SA 4.0; image rights separate,https://kitab-project.org/docs/openITI,True,True,OpenITI URI MS0972JerusalemNLI.Heb8333_183Recto.IEDC1179-per1,,False,CLEARED_WITH_ATTRIBUTION,P1,https://raw.githubusercontent.com/OpenITI/RELEASE/v2025.1.9/data/MS0972JerusalemNLI/MS0972JerusalemNLI.Heb8333_183Recto/MS0972JerusalemNLI.Heb8333_183Recto.IEDC1179-per1
openiti_mss_MS0972JerusalemNLI.Heb8333_183Verso.IEDC0283-per1,,TRANSCRIPTION,National Library of Israel,,"Ms.Heb.8333.183, verso",,https://www.invisible-east.org/corpus/283/,https://www.invisible-east.org/corpus/283/,,,,Jerusalem,,,,per,OpenITI MSS machine-readable transcription; page-image rights are separate.,OpenITI transcription under CC BY-NC-SA 4.0; image rights separate,https://kitab-project.org/docs/openITI,True,True,OpenITI URI MS0972JerusalemNLI.Heb8333_183Verso.IEDC0283-per1,,False,CLEARED_WITH_ATTRIBUTION,P1,https://raw.githubusercontent.com/OpenITI/RELEASE/v2025.1.9/data/MS0972JerusalemNLI/MS0972JerusalemNLI.Heb8333_183Verso/MS0972JerusalemNLI.Heb8333_183Verso.IEDC0283-per1
openiti_mss_MS0972JerusalemNLI.Heb8333_189.IEDC1285-per1ara1,,TRANSCRIPTION,National Library of Israel,,Ms.Heb.8333.189,,https://www.invisible-east.org/corpus/1285/,https://www.invisible-east.org/corpus/1285/,,,,Jerusalem,,,,"per,ara",OpenITI MSS machine-readable transcription; page-image rights are separate.,OpenITI transcription under CC BY-NC-SA 4.0; image rights separate,https://kitab-project.org/docs/openITI,True,True,OpenITI URI MS0972JerusalemNLI.Heb8333_189.IEDC1285-per1ara1,,False,CLEARED_WITH_ATTRIBUTION,P1,https://raw.githubusercontent.com/OpenITI/RELEASE/v2025.1.9/data/MS0972JerusalemNLI/MS0972JerusalemNLI.Heb8333_189/MS0972JerusalemNLI.Heb8333_189.IEDC1285-per1ara1
openiti_mss_MS0972JerusalemNLI.Heb8333_19.IEDC0104-per1jup1,,TRANSCRIPTION,National Library of Israel,,Ms.Heb.8333.19,,https://www.invisible-east.org/corpus/104/,https://www.invisible-east.org/corpus/104/,,,,Jerusalem,,,,"per,jup",OpenITI MSS machine-readable transcription; page-image rights are separate.,OpenITI transcription under CC BY-NC-SA 4.0; image rights separate,https://kitab-project.org/docs/openITI,True,True,OpenITI URI MS0972JerusalemNLI.Heb8333_19.IEDC0104-per1jup1,,False,CLEARED_WITH_ATTRIBUTION,P1,https://raw.githubusercontent.com/OpenITI/RELEASE/v2025.1.9/data/MS0972JerusalemNLI/MS0972JerusalemNLI.Heb8333_19/MS0972JerusalemNLI.Heb8333_19.IEDC0104-per1jup1
openiti_mss_MS0972JerusalemNLI.Heb8333_192.IEDC1284-ara1,,TRANSCRIPTION,National Library of Israel,,Ms.Heb.8333.192,,https://www.invisible-east.org/corpus/1284/,https://www.invisible-east.org/corpus/1284/,,,,Jerusalem,,,,ara,OpenITI MSS machine-readable transcription; page-image rights are separate.,OpenITI transcription under CC BY-NC-SA 4.0; image rights separate,https://kitab-project.org/docs/openITI,True,True,OpenITI URI MS0972JerusalemNLI.Heb8333_192.IEDC1284-ara1,,False,CLEARED_WITH_ATTRIBUTION,P1,https://raw.githubusercontent.com/OpenITI/RELEASE/v2025.1.9/data/MS0972JerusalemNLI/MS0972JerusalemNLI.Heb8333_192/MS0972JerusalemNLI.Heb8333_192.IEDC1284-ara1
openiti_mss_MS0972JerusalemNLI.Heb8333_20.IEDC0102-per1,,TRANSCRIPTION,National Library of Israel,,Ms.Heb.8333.20,,https://www.invisible-east.org/corpus/102/,https://www.invisible-east.org/corpus/102/,,,,Jerusalem,,,,per,OpenITI MSS machine-readable transcription; page-image rights are separate.,OpenITI transcription under CC BY-NC-SA 4.0; image rights separate,https://kitab-project.org/docs/openITI,True,True,OpenITI URI MS0972JerusalemNLI.Heb8333_20.IEDC0102-per1,,False,CLEARED_WITH_ATTRIBUTION,P1,https://raw.githubusercontent.com/OpenITI/RELEASE/v2025.1.9/data/MS0972JerusalemNLI/MS0972JerusalemNLI.Heb8333_20/MS0972JerusalemNLI.Heb8333_20.IEDC0102-per1
openiti_mss_MS0972JerusalemNLI.Heb8333_201.IEDC1286-jup1,,TRANSCRIPTION,National Library of Israel,,Ms.Heb.8333.201,,https://www.invisible-east.org/corpus/1286/,https://www.invisible-east.org/corpus/1286/,,,,Jerusalem,,,,jup,OpenITI MSS machine-readable transcription; page-image rights are separate.,OpenITI transcription under CC BY-NC-SA 4.0; image rights separate,https://kitab-project.org/docs/openITI,True,True,OpenITI URI MS0972JerusalemNLI.Heb8333_201.IEDC1286-jup1,,False,CLEARED_WITH_ATTRIBUTION,P1,https://raw.githubusercontent.com/OpenITI/RELEASE/v2025.1.9/data/MS0972JerusalemNLI/MS0972JerusalemNLI.Heb8333_201/MS0972JerusalemNLI.Heb8333_201.IEDC1286-jup1
openiti_mss_MS0972JerusalemNLI.Heb8333_206Fol11v.IEDC1280-jup1,,TRANSCRIPTION,National Library of Israel,,"Ms.Heb.8333.206, fol. 11v",,https://www.invisible-east.org/corpus/1280/,https://www.invisible-east.org/corpus/1280/,,,,Jerusalem,,,,jup,OpenITI MSS machine-readable transcription; page-image rights are separate.,OpenITI transcription under CC BY-NC-SA 4.0; image rights separate,https://kitab-project.org/docs/openITI,True,True,OpenITI URI MS0972JerusalemNLI.Heb8333_206Fol11v.IEDC1280-jup1,,False,CLEARED_WITH_ATTRIBUTION,P1,https://raw.githubusercontent.com/OpenITI/RELEASE/v2025.1.9/data/MS0972JerusalemNLI/MS0972JerusalemNLI.Heb8333_206Fol11v/MS0972JerusalemNLI.Heb8333_206Fol11v.IEDC1280-jup1
openiti_mss_MS0972JerusalemNLI.Heb8333_209.IEDC1180-per1,,TRANSCRIPTION,National Library of Israel,,Ms.Heb.8333.209,,https://www.invisible-east.org/corpus/1180/,https://www.invisible-east.org/corpus/1180/,,,,Jerusalem,,,,per,OpenITI MSS machine-readable transcription; page-image rights are separate.,OpenITI transcription under CC BY-NC-SA 4.0; image rights separate,https://kitab-project.org/docs/openITI,True,True,OpenITI URI MS0972JerusalemNLI.Heb8333_209.IEDC1180-per1,,False,CLEARED_WITH_ATTRIBUTION,P1,https://raw.githubusercontent.com/OpenITI/RELEASE/v2025.1.9/data/MS0972JerusalemNLI/MS0972JerusalemNLI.Heb8333_209/MS0972JerusalemNLI.Heb8333_209.IEDC1180-per1
openiti_mss_MS0972JerusalemNLI.Heb8333_21.IEDC0103-per1jup1,,TRANSCRIPTION,National Library of Israel,,Ms.Heb.8333.21,,https://www.invisible-east.org/corpus/103/,https://www.invisible-east.org/corpus/103/,,,,Jerusalem,,,,"per,jup",OpenITI MSS machine-readable transcription; page-image rights are separate.,OpenITI transcription under CC BY-NC-SA 4.0; image rights separate,https://kitab-project.org/docs/openITI,True,True,OpenITI URI MS0972JerusalemNLI.Heb8333_21.IEDC0103-per1jup1,,False,CLEARED_WITH_ATTRIBUTION,P1,https://raw.githubusercontent.com/OpenITI/RELEASE/v2025.1.9/data/MS0972JerusalemNLI/MS0972JerusalemNLI.Heb8333_21/MS0972JerusalemNLI.Heb8333_21.IEDC0103-per1jup1
openiti_mss_MS0972JerusalemNLI.Heb8333_210.IEDC1181-per1,,TRANSCRIPTION,National Library of Israel,,Ms.Heb.8333.210,,https://www.invisible-east.org/corpus/1181/,https://www.invisible-east.org/corpus/1181/,,,,Jerusalem,,,,per,OpenITI MSS machine-readable transcription; page-image rights are separate.,OpenITI transcription under CC BY-NC-SA 4.0; image rights separate,https://kitab-project.org/docs/openITI,True,True,OpenITI URI MS0972JerusalemNLI.Heb8333_210.IEDC1181-per1,,False,CLEARED_WITH_ATTRIBUTION,P1,https://raw.githubusercontent.com/OpenITI/RELEASE/v2025.1.9/data/MS0972JerusalemNLI/MS0972JerusalemNLI.Heb8333_210/MS0972JerusalemNLI.Heb8333_210.IEDC1181-per1
openiti_mss_MS0972JerusalemNLI.Heb8333_211Recto.IEDC1182-per1,,TRANSCRIPTION,National Library of Israel,,"Ms.Heb.8333.211, recto",,https://www.invisible-east.org/corpus/1182/,https://www.invisible-east.org/corpus/1182/,,,,Jerusalem,,,,per,OpenITI MSS machine-readable transcription; page-image rights are separate.,OpenITI transcription under CC BY-NC-SA 4.0; image rights separate,https://kitab-project.org/docs/openITI,True,True,OpenITI URI MS0972JerusalemNLI.Heb8333_211Recto.IEDC1182-per1,,False,CLEARED_WITH_ATTRIBUTION,P1,https://raw.githubusercontent.com/OpenITI/RELEASE/v2025.1.9/data/MS0972JerusalemNLI/MS0972JerusalemNLI.Heb8333_211Recto/MS0972JerusalemNLI.Heb8333_211Recto.IEDC1182-per1
openiti_mss_MS0972JerusalemNLI.Heb8333_211Verso.IEDC1183-per1,,TRANSCRIPTION,National Library of Israel,,"Ms.Heb.8333.211, verso",,https://www.invisible-east.org/corpus/1183/,https://www.invisible-east.org/corpus/1183/,,,,Jerusalem,,,,per,OpenITI MSS machine-readable transcription; page-image rights are separate.,OpenITI transcription under CC BY-NC-SA 4.0; image rights separate,https://kitab-project.org/docs/openITI,True,True,OpenITI URI MS0972JerusalemNLI.Heb8333_211Verso.IEDC1183-per1,,False,CLEARED_WITH_ATTRIBUTION,P1,https://raw.githubusercontent.com/OpenITI/RELEASE/v2025.1.9/data/MS0972JerusalemNLI/MS0972JerusalemNLI.Heb8333_211Verso/MS0972JerusalemNLI.Heb8333_211Verso.IEDC1183-per1
openiti_mss_MS0972JerusalemNLI.Heb8333_212.IEDC1184-per1,,TRANSCRIPTION,National Library of Israel,,Ms.Heb.8333.212,,https://www.invisible-east.org/corpus/1184/,https://www.invisible-east.org/corpus/1184/,,,,Jerusalem,,,,per,OpenITI MSS machine-readable transcription; page-image rights are separate.,OpenITI transcription under CC BY-NC-SA 4.0; image rights separate,https://kitab-project.org/docs/openITI,True,True,OpenITI URI MS0972JerusalemNLI.Heb8333_212.IEDC1184-per1,,False,CLEARED_WITH_ATTRIBUTION,P1,https://raw.githubusercontent.com/OpenITI/RELEASE/v2025.1.9/data/MS0972JerusalemNLI/MS0972JerusalemNLI.Heb8333_212/MS0972JerusalemNLI.Heb8333_212.IEDC1184-per1
openiti_mss_MS0972JerusalemNLI.Heb8333_213.IEDC1185-per1,,TRANSCRIPTION,National Library of Israel,,Ms.Heb.8333.213,,https://www.invisible-east.org/corpus/1185/,https://www.invisible-east.org/corpus/1185/,,,,Jerusalem,,,,per,OpenITI MSS machine-readable transcription; page-image rights are separate.,OpenITI transcription under CC BY-NC-SA 4.0; image rights separate,https://kitab-project.org/docs/openITI,True,True,OpenITI URI MS0972JerusalemNLI.Heb8333_213.IEDC1185-per1,,False,CLEARED_WITH_ATTRIBUTION,P1,https://raw.githubusercontent.com/OpenITI/RELEASE/v2025.1.9/data/MS0972JerusalemNLI/MS0972JerusalemNLI.Heb8333_213/MS0972JerusalemNLI.Heb8333_213.IEDC1185-per1
openiti_mss_MS0972JerusalemNLI.Heb8333_214Recto.IEDC1186-per1,,TRANSCRIPTION,National Library of Israel,,"Ms.Heb.8333.214, recto",,https://www.invisible-east.org/corpus/1186/,https://www.invisible-east.org/corpus/1186/,,,,Jerusalem,,,,per,OpenITI MSS machine-readable transcription; page-image rights are separate.,OpenITI transcription under CC BY-NC-SA 4.0; image rights separate,https://kitab-project.org/docs/openITI,True,True,OpenITI URI MS0972JerusalemNLI.Heb8333_214Recto.IEDC1186-per1,,False,CLEARED_WITH_ATTRIBUTION,P1,https://raw.githubusercontent.com/OpenITI/RELEASE/v2025.1.9/data/MS0972JerusalemNLI/MS0972JerusalemNLI.Heb8333_214Recto/MS0972JerusalemNLI.Heb8333_214Recto.IEDC1186-per1
openiti_mss_MS0972JerusalemNLI.Heb8333_214Verso.IEDC1187-per1,,TRANSCRIPTION,National Library of Israel,,"Ms.Heb.8333.214, verso",,https://www.invisible-east.org/corpus/1187/,https://www.invisible-east.org/corpus/1187/,,,,Jerusalem,,,,per,OpenITI MSS machine-readable transcription; page-image rights are separate.,OpenITI transcription under CC BY-NC-SA 4.0; image rights separate,https://kitab-project.org/docs/openITI,True,True,OpenITI URI MS0972JerusalemNLI.Heb8333_214Verso.IEDC1187-per1,,False,CLEARED_WITH_ATTRIBUTION,P1,https://raw.githubusercontent.com/OpenITI/RELEASE/v2025.1.9/data/MS0972JerusalemNLI/MS0972JerusalemNLI.Heb8333_214Verso/MS0972JerusalemNLI.Heb8333_214Verso.IEDC1187-per1
openiti_mss_MS0972JerusalemNLI.Heb8333_216.IEDC0106-per1jup1,,TRANSCRIPTION,National Library of Israel,,Ms.Heb.8333.216,,https://www.invisible-east.org/corpus/106/,https://www.invisible-east.org/corpus/106/,,,,Jerusalem,,,,"per,jup",OpenITI MSS machine-readable transcription; page-image rights are separate.,OpenITI transcription under CC BY-NC-SA 4.0; image rights separate,https://kitab-project.org/docs/openITI,True,True,OpenITI URI MS0972JerusalemNLI.Heb8333_216.IEDC0106-per1jup1,,False,CLEARED_WITH_ATTRIBUTION,P1,https://raw.githubusercontent.com/OpenITI/RELEASE/v2025.1.9/data/MS0972JerusalemNLI/MS0972JerusalemNLI.Heb8333_216/MS0972JerusalemNLI.Heb8333_216.IEDC0106-per1jup1
openiti_mss_MS0972JerusalemNLI.Heb8333_217.IEDC0108-per1jup1,,TRANSCRIPTION,National Library of Israel,,Ms.Heb.8333.217,,https://www.invisible-east.org/corpus/108/,https://www.invisible-east.org/corpus/108/,,,,Jerusalem,,,,"per,jup",OpenITI MSS machine-readable transcription; page-image rights are separate.,OpenITI transcription under CC BY-NC-SA 4.0; image rights separate,https://kitab-project.org/docs/openITI,True,True,OpenITI URI MS0972JerusalemNLI.Heb8333_217.IEDC0108-per1jup1,,False,CLEARED_WITH_ATTRIBUTION,P1,https://raw.githubusercontent.com/OpenITI/RELEASE/v2025.1.9/data/MS0972JerusalemNLI/MS0972JerusalemNLI.Heb8333_217/MS0972JerusalemNLI.Heb8333_217.IEDC0108-per1jup1
openiti_mss_MS0972JerusalemNLI.Heb8333_218.IEDC0281-per1,,TRANSCRIPTION,National Library of Israel,,Ms.Heb.8333.218,,https://www.invisible-east.org/corpus/281/,https://www.invisible-east.org/corpus/281/,,,,Jerusalem,,,,per,OpenITI MSS machine-readable transcription; page-image rights are separate.,OpenITI transcription under CC BY-NC-SA 4.0; image rights separate,https://kitab-project.org/docs/openITI,True,True,OpenITI URI MS0972JerusalemNLI.Heb8333_218.IEDC0281-per1,,False,CLEARED_WITH_ATTRIBUTION,P1,https://raw.githubusercontent.com/OpenITI/RELEASE/v2025.1.9/data/MS0972JerusalemNLI/MS0972JerusalemNLI.Heb8333_218/MS0972JerusalemNLI.Heb8333_218.IEDC0281-per1
openiti_mss_MS0972JerusalemNLI.Heb8333_219.IEDC0164-per1,,TRANSCRIPTION,National Library of Israel,,Ms.Heb.8333.219,,https://www.invisible-east.org/corpus/164/,https://www.invisible-east.org/corpus/164/,,,,Jerusalem,,,,per,OpenITI MSS machine-readable transcription; page-image rights are separate.,OpenITI transcription under CC BY-NC-SA 4.0; image rights separate,https://kitab-project.org/docs/openITI,True,True,OpenITI URI MS0972JerusalemNLI.Heb8333_219.IEDC0164-per1,,False,CLEARED_WITH_ATTRIBUTION,P1,https://raw.githubusercontent.com/OpenITI/RELEASE/v2025.1.9/data/MS0972JerusalemNLI/MS0972JerusalemNLI.Heb8333_219/MS0972JerusalemNLI.Heb8333_219.IEDC0164-per1
openiti_mss_MS0972JerusalemNLI.Heb8333_22.IEDC0282-per1,,TRANSCRIPTION,National Library of Israel,,Ms.Heb.8333.22,,https://www.invisible-east.org/corpus/282/,https://www.invisible-east.org/corpus/282/,,,,Jerusalem,,,,per,OpenITI MSS machine-readable transcription; page-image rights are separate.,OpenITI transcription under CC BY-NC-SA 4.0; image rights separate,https://kitab-project.org/docs/openITI,True,True,OpenITI URI MS0972JerusalemNLI.Heb8333_22.IEDC0282-per1,,False,CLEARED_WITH_ATTRIBUTION,P1,https://raw.githubusercontent.com/OpenITI/RELEASE/v2025.1.9/data/MS0972JerusalemNLI/MS0972JerusalemNLI.Heb8333_22/MS0972JerusalemNLI.Heb8333_22.IEDC0282-per1
openiti_mss_MS0972JerusalemNLI.Heb8333_24.IEDC0291-per1,,TRANSCRIPTION,National Library of Israel,,Ms.Heb.8333.24,,https://www.invisible-east.org/corpus/291/,https://www.invisible-east.org/corpus/291/,,,,Jerusalem,,,,per,OpenITI MSS machine-readable transcription; page-image rights are separate.,OpenITI transcription under CC BY-NC-SA 4.0; image rights separate,https://kitab-project.org/docs/openITI,True,True,OpenITI URI MS0972JerusalemNLI.Heb8333_24.IEDC0291-per1,,False,CLEARED_WITH_ATTRIBUTION,P1,https://raw.githubusercontent.com/OpenITI/RELEASE/v2025.1.9/data/MS0972JerusalemNLI/MS0972JerusalemNLI.Heb8333_24/MS0972JerusalemNLI.Heb8333_24.IEDC0291-per1
openiti_mss_MS0972JerusalemNLI.Heb8333_25.IEDC0105-per1jup1,,TRANSCRIPTION,National Library of Israel,,Ms.Heb.8333.25,,https://www.invisible-east.org/corpus/105/,https://www.invisible-east.org/corpus/105/,,,,Jerusalem,,,,"per,jup",OpenITI MSS machine-readable transcription; page-image rights are separate.,OpenITI transcription under CC BY-NC-SA 4.0; image rights separate,https://kitab-project.org/docs/openITI,True,True,OpenITI URI MS0972JerusalemNLI.Heb8333_25.IEDC0105-per1jup1,,False,CLEARED_WITH_ATTRIBUTION,P1,https://raw.githubusercontent.com/OpenITI/RELEASE/v2025.1.9/data/MS0972JerusalemNLI/MS0972JerusalemNLI.Heb8333_25/MS0972JerusalemNLI.Heb8333_25.IEDC0105-per1jup1
openiti_mss_MS0972JerusalemNLI.Heb8333_26.IEDC0292-per1,,TRANSCRIPTION,National Library of Israel,,Ms.Heb.8333.26,,https://www.invisible-east.org/corpus/292/,https://www.invisible-east.org/corpus/292/,,,,Jerusalem,,,,per,OpenITI MSS machine-readable transcription; page-image rights are separate.,OpenITI transcription under CC BY-NC-SA 4.0; image rights separate,https://kitab-project.org/docs/openITI,True,True,OpenITI URI MS0972JerusalemNLI.Heb8333_26.IEDC0292-per1,,False,CLEARED_WITH_ATTRIBUTION,P1,https://raw.githubusercontent.com/OpenITI/RELEASE/v2025.1.9/data/MS0972JerusalemNLI/MS0972JerusalemNLI.Heb8333_26/MS0972JerusalemNLI.Heb8333_26.IEDC0292-per1
openiti_mss_MS0972JerusalemNLI.Heb8333_27.IEDC0166-per1,,TRANSCRIPTION,National Library of Israel,,Ms.Heb.8333.27,,https://www.invisible-east.org/corpus/166/,https://www.invisible-east.org/corpus/166/,,,,Jerusalem,,,,per,OpenITI MSS machine-readable transcription; page-image rights are separate.,OpenITI transcription under CC BY-NC-SA 4.0; image rights separate,https://kitab-project.org/docs/openITI,True,True,OpenITI URI MS0972JerusalemNLI.Heb8333_27.IEDC0166-per1,,False,CLEARED_WITH_ATTRIBUTION,P1,https://raw.githubusercontent.com/OpenITI/RELEASE/v2025.1.9/data/MS0972JerusalemNLI/MS0972JerusalemNLI.Heb8333_27/MS0972JerusalemNLI.Heb8333_27.IEDC0166-per1
openiti_mss_MS0972JerusalemNLI.Heb8333_28.IEDC0293-per1,,TRANSCRIPTION,National Library of Israel,,Ms.Heb.8333.28,,https://www.invisible-east.org/corpus/293/,https://www.invisible-east.org/corpus/293/,,,,Jerusalem,,,,per,OpenITI MSS machine-readable transcription; page-image rights are separate.,OpenITI transcription under CC BY-NC-SA 4.0; image rights separate,https://kitab-project.org/docs/openITI,True,True,OpenITI URI MS0972JerusalemNLI.Heb8333_28.IEDC0293-per1,,False,CLEARED_WITH_ATTRIBUTION,P1,https://raw.githubusercontent.com/OpenITI/RELEASE/v2025.1.9/data/MS0972JerusalemNLI/MS0972JerusalemNLI.Heb8333_28/MS0972JerusalemNLI.Heb8333_28.IEDC0293-per1
openiti_mss_MS0972JerusalemNLI.Heb8333_29.IEDC0107-jup1ara1,,TRANSCRIPTION,National Library of Israel,,Ms.Heb.8333.29,,https://www.invisible-east.org/corpus/107/,https://www.invisible-east.org/corpus/107/,,,,Jerusalem,,,,"jup,ara",OpenITI MSS machine-readable transcription; page-image rights are separate.,OpenITI transcription under CC BY-NC-SA 4.0; image rights separate,https://kitab-project.org/docs/openITI,True,True,OpenITI URI MS0972JerusalemNLI.Heb8333_29.IEDC0107-jup1ara1,,False,CLEARED_WITH_ATTRIBUTION,P1,https://raw.githubusercontent.com/OpenITI/RELEASE/v2025.1.9/data/MS0972JerusalemNLI/MS0972JerusalemNLI.Heb8333_29/MS0972JerusalemNLI.Heb8333_29.IEDC0107-jup1ara1
openiti_mss_MS0972JerusalemNLI.Heb8333_36.IEDC0078-per1,,TRANSCRIPTION,National Library of Israel,,Ms.Heb.8333.36,,https://www.invisible-east.org/corpus/78/,https://www.invisible-east.org/corpus/78/,,,,Jerusalem,,,,per,OpenITI MSS machine-readable transcription; page-image rights are separate.,OpenITI transcription under CC BY-NC-SA 4.0; image rights separate,https://kitab-project.org/docs/openITI,True,True,OpenITI URI MS0972JerusalemNLI.Heb8333_36.IEDC0078-per1,,False,CLEARED_WITH_ATTRIBUTION,P1,https://raw.githubusercontent.com/OpenITI/RELEASE/v2025.1.9/data/MS0972JerusalemNLI/MS0972JerusalemNLI.Heb8333_36/MS0972JerusalemNLI.Heb8333_36.IEDC0078-per1
openiti_mss_MS0972JerusalemNLI.Heb8333_37Recto.IEDC0266-per1,,TRANSCRIPTION,National Library of Israel,,"Ms.Heb.8333.37, recto",,https://www.invisible-east.org/corpus/266/,https://www.invisible-east.org/corpus/266/,,,,Jerusalem,,,,per,OpenITI MSS machine-readable transcription; page-image rights are separate.,OpenITI transcription under CC BY-NC-SA 4.0; image rights separate,https://kitab-project.org/docs/openITI,True,True,OpenITI URI MS0972JerusalemNLI.Heb8333_37Recto.IEDC0266-per1,,False,CLEARED_WITH_ATTRIBUTION,P1,https://raw.githubusercontent.com/OpenITI/RELEASE/v2025.1.9/data/MS0972JerusalemNLI/MS0972JerusalemNLI.Heb8333_37Recto/MS0972JerusalemNLI.Heb8333_37Recto.IEDC0266-per1
openiti_mss_MS0972JerusalemNLI.Heb8333_37Verso.IEDC0081-per1,,TRANSCRIPTION,National Library of Israel,,Ms.Heb.8333.37 verso,,https://www.invisible-east.org/corpus/81/,https://www.invisible-east.org/corpus/81/,,,,Jerusalem,,,,per,OpenITI MSS machine-readable transcription; page-image rights are separate.,OpenITI transcription under CC BY-NC-SA 4.0; image rights separate,https://kitab-project.org/docs/openITI,True,True,OpenITI URI MS0972JerusalemNLI.Heb8333_37Verso.IEDC0081-per1,,False,CLEARED_WITH_ATTRIBUTION,P1,https://raw.githubusercontent.com/OpenITI/RELEASE/v2025.1.9/data/MS0972JerusalemNLI/MS0972JerusalemNLI.Heb8333_37Verso/MS0972JerusalemNLI.Heb8333_37Verso.IEDC0081-per1
openiti_mss_MS0972JerusalemNLI.Heb8333_38Recto.IEDC0168-per1,,TRANSCRIPTION,National Library of Israel,,"Ms.Heb.8333.38, recto",,https://www.invisible-east.org/corpus/168/,https://www.invisible-east.org/corpus/168/,,,,Jerusalem,,,,per,OpenITI MSS machine-readable transcription; page-image rights are separate.,OpenITI transcription under CC BY-NC-SA 4.0; image rights separate,https://kitab-project.org/docs/openITI,True,True,OpenITI URI MS0972JerusalemNLI.Heb8333_38Recto.IEDC0168-per1,,False,CLEARED_WITH_ATTRIBUTION,P1,https://raw.githubusercontent.com/OpenITI/RELEASE/v2025.1.9/data/MS0972JerusalemNLI/MS0972JerusalemNLI.Heb8333_38Recto/MS0972JerusalemNLI.Heb8333_38Recto.IEDC0168-per1
openiti_mss_MS0972JerusalemNLI.Heb8333_38Verso.IEDC0167-per1,,TRANSCRIPTION,National Library of Israel,,"Ms.Heb.8333.38, verso",,https://www.invisible-east.org/corpus/167/,https://www.invisible-east.org/corpus/167/,,,,Jerusalem,,,,per,OpenITI MSS machine-readable transcription; page-image rights are separate.,OpenITI transcription under CC BY-NC-SA 4.0; image rights separate,https://kitab-project.org/docs/openITI,True,True,OpenITI URI MS0972JerusalemNLI.Heb8333_38Verso.IEDC0167-per1,,False,CLEARED_WITH_ATTRIBUTION,P1,https://raw.githubusercontent.com/OpenITI/RELEASE/v2025.1.9/data/MS0972JerusalemNLI/MS0972JerusalemNLI.Heb8333_38Verso/MS0972JerusalemNLI.Heb8333_38Verso.IEDC0167-per1
openiti_mss_MS0972JerusalemNLI.Heb8333_39.IEDC0169-per1,,TRANSCRIPTION,National Library of Israel,,Ms.Heb.8333.39,,https://www.invisible-east.org/corpus/169/,https://www.invisible-east.org/corpus/169/,,,,Jerusalem,,,,per,OpenITI MSS machine-readable transcription; page-image rights are separate.,OpenITI transcription under CC BY-NC-SA 4.0; image rights separate,https://kitab-project.org/docs/openITI,True,True,OpenITI URI MS0972JerusalemNLI.Heb8333_39.IEDC0169-per1,,False,CLEARED_WITH_ATTRIBUTION,P1,https://raw.githubusercontent.com/OpenITI/RELEASE/v2025.1.9/data/MS0972JerusalemNLI/MS0972JerusalemNLI.Heb8333_39/MS0972JerusalemNLI.Heb8333_39.IEDC0169-per1
openiti_mss_MS0972JerusalemNLI.Heb8333_40.IEDC0170-per1,,TRANSCRIPTION,National Library of Israel,,Ms.Heb.8333.40,,https://www.invisible-east.org/corpus/170/,https://www.invisible-east.org/corpus/170/,,,,Jerusalem,,,,per,OpenITI MSS machine-readable transcription; page-image rights are separate.,OpenITI transcription under CC BY-NC-SA 4.0; image rights separate,https://kitab-project.org/docs/openITI,True,True,OpenITI URI MS0972JerusalemNLI.Heb8333_40.IEDC0170-per1,,False,CLEARED_WITH_ATTRIBUTION,P1,https://raw.githubusercontent.com/OpenITI/RELEASE/v2025.1.9/data/MS0972JerusalemNLI/MS0972JerusalemNLI.Heb8333_40/MS0972JerusalemNLI.Heb8333_40.IEDC0170-per1
openiti_mss_MS0972JerusalemNLI.Heb8333_41Recto.IEDC0303-per1,,TRANSCRIPTION,National Library of Israel,,"Ms.Heb.8333.41, recto",,https://www.invisible-east.org/corpus/303/,https://www.invisible-east.org/corpus/303/,,,,Jerusalem,,,,per,OpenITI MSS machine-readable transcription; page-image rights are separate.,OpenITI transcription under CC BY-NC-SA 4.0; image rights separate,https://kitab-project.org/docs/openITI,True,True,OpenITI URI MS0972JerusalemNLI.Heb8333_41Recto.IEDC0303-per1,,False,CLEARED_WITH_ATTRIBUTION,P1,https://raw.githubusercontent.com/OpenITI/RELEASE/v2025.1.9/data/MS0972JerusalemNLI/MS0972JerusalemNLI.Heb8333_41Recto/MS0972JerusalemNLI.Heb8333_41Recto.IEDC0303-per1
openiti_mss_MS0972JerusalemNLI.Heb8333_41Verso.IEDC0171-per1,,TRANSCRIPTION,National Library of Israel,,"Ms.Heb.8333.41, verso",,https://www.invisible-east.org/corpus/171/,https://www.invisible-east.org/corpus/171/,,,,Jerusalem,,,,per,OpenITI MSS machine-readable transcription; page-image rights are separate.,OpenITI transcription under CC BY-NC-SA 4.0; image rights separate,https://kitab-project.org/docs/openITI,True,True,OpenITI URI MS0972JerusalemNLI.Heb8333_41Verso.IEDC0171-per1,,False,CLEARED_WITH_ATTRIBUTION,P1,https://raw.githubusercontent.com/OpenITI/RELEASE/v2025.1.9/data/MS0972JerusalemNLI/MS0972JerusalemNLI.Heb8333_41Verso/MS0972JerusalemNLI.Heb8333_41Verso.IEDC0171-per1
openiti_mss_MS0972JerusalemNLI.Heb8333_42.IEDC0304-per1,,TRANSCRIPTION,National Library of Israel,,Ms.Heb.8333.42,,https://www.invisible-east.org/corpus/304/,https://www.invisible-east.org/corpus/304/,,,,Jerusalem,,,,per,OpenITI MSS machine-readable transcription; page-image rights are separate.,OpenITI transcription under CC BY-NC-SA 4.0; image rights separate,https://kitab-project.org/docs/openITI,True,True,OpenITI URI MS0972JerusalemNLI.Heb8333_42.IEDC0304-per1,,False,CLEARED_WITH_ATTRIBUTION,P1,https://raw.githubusercontent.com/OpenITI/RELEASE/v2025.1.9/data/MS0972JerusalemNLI/MS0972JerusalemNLI.Heb8333_42/MS0972JerusalemNLI.Heb8333_42.IEDC0304-per1
openiti_mss_MS0972JerusalemNLI.Heb8333_43.IEDC0172-per1,,TRANSCRIPTION,National Library of Israel,,Ms.Heb.8333.43,,https://www.invisible-east.org/corpus/172/,https://www.invisible-east.org/corpus/172/,,,,Jerusalem,,,,per,OpenITI MSS machine-readable transcription; page-image rights are separate.,OpenITI transcription under CC BY-NC-SA 4.0; image rights separate,https://kitab-project.org/docs/openITI,True,True,OpenITI URI MS0972JerusalemNLI.Heb8333_43.IEDC0172-per1,,False,CLEARED_WITH_ATTRIBUTION,P1,https://raw.githubusercontent.com/OpenITI/RELEASE/v2025.1.9/data/MS0972JerusalemNLI/MS0972JerusalemNLI.Heb8333_43/MS0972JerusalemNLI.Heb8333_43.IEDC0172-per1
openiti_mss_MS0972JerusalemNLI.Heb8333_44.IEDC0073-per1,,TRANSCRIPTION,National Library of Israel,,Ms.Heb.8333.44,,https://www.invisible-east.org/corpus/73/,https://www.invisible-east.org/corpus/73/,,,,Jerusalem,,,,per,OpenITI MSS machine-readable transcription; page-image rights are separate.,OpenITI transcription under CC BY-NC-SA 4.0; image rights separate,https://kitab-project.org/docs/openITI,True,True,OpenITI URI MS0972JerusalemNLI.Heb8333_44.IEDC0073-per1,,False,CLEARED_WITH_ATTRIBUTION,P1,https://raw.githubusercontent.com/OpenITI/RELEASE/v2025.1.9/data/MS0972JerusalemNLI/MS0972JerusalemNLI.Heb8333_44/MS0972JerusalemNLI.Heb8333_44.IEDC0073-per1
openiti_mss_MS0972JerusalemNLI.Heb8333_45.IEDC0192-per1,,TRANSCRIPTION,National Library of Israel,,Ms.Heb.8333.45,,https://www.invisible-east.org/corpus/192/,https://www.invisible-east.org/corpus/192/,,,,Jerusalem,,,,per,OpenITI MSS machine-readable transcription; page-image rights are separate.,OpenITI transcription under CC BY-NC-SA 4.0; image rights separate,https://kitab-project.org/docs/openITI,True,True,OpenITI URI MS0972JerusalemNLI.Heb8333_45.IEDC0192-per1,,False,CLEARED_WITH_ATTRIBUTION,P1,https://raw.githubusercontent.com/OpenITI/RELEASE/v2025.1.9/data/MS0972JerusalemNLI/MS0972JerusalemNLI.Heb8333_45/MS0972JerusalemNLI.Heb8333_45.IEDC0192-per1
openiti_mss_MS0972JerusalemNLI.Heb8333_46Recto.IEDC0274-per1,,TRANSCRIPTION,National Library of Israel,,"Ms.Heb.8333.46, recto",,https://www.invisible-east.org/corpus/274/,https://www.invisible-east.org/corpus/274/,,,,Jerusalem,,,,per,OpenITI MSS machine-readable transcription; page-image rights are separate.,OpenITI transcription under CC BY-NC-SA 4.0; image rights separate,https://kitab-project.org/docs/openITI,True,True,OpenITI URI MS0972JerusalemNLI.Heb8333_46Recto.IEDC0274-per1,,False,CLEARED_WITH_ATTRIBUTION,P1,https://raw.githubusercontent.com/OpenITI/RELEASE/v2025.1.9/data/MS0972JerusalemNLI/MS0972JerusalemNLI.Heb8333_46Recto/MS0972JerusalemNLI.Heb8333_46Recto.IEDC0274-per1
openiti_mss_MS0972JerusalemNLI.Heb8333_46Verso.IEDC0275-per1,,TRANSCRIPTION,National Library of Israel,,"Ms.Heb.8333.46, verso",,https://www.invisible-east.org/corpus/275/,https://www.invisible-east.org/corpus/275/,,,,Jerusalem,,,,per,OpenITI MSS machine-readable transcription; page-image rights are separate.,OpenITI transcription under CC BY-NC-SA 4.0; image rights separate,https://kitab-project.org/docs/openITI,True,True,OpenITI URI MS0972JerusalemNLI.Heb8333_46Verso.IEDC0275-per1,,False,CLEARED_WITH_ATTRIBUTION,P1,https://raw.githubusercontent.com/OpenITI/RELEASE/v2025.1.9/data/MS0972JerusalemNLI/MS0972JerusalemNLI.Heb8333_46Verso/MS0972JerusalemNLI.Heb8333_46Verso.IEDC0275-per1
openiti_mss_MS0972JerusalemNLI.Heb8333_47.IEDC0305-per1,,TRANSCRIPTION,National Library of Israel,,Ms.Heb.8333.47,,https://www.invisible-east.org/corpus/305/,https://www.invisible-east.org/corpus/305/,,,,Jerusalem,,,,per,OpenITI MSS machine-readable transcription; page-image rights are separate.,OpenITI transcription under CC BY-NC-SA 4.0; image rights separate,https://kitab-project.org/docs/openITI,True,True,OpenITI URI MS0972JerusalemNLI.Heb8333_47.IEDC0305-per1,,False,CLEARED_WITH_ATTRIBUTION,P1,https://raw.githubusercontent.com/OpenITI/RELEASE/v2025.1.9/data/MS0972JerusalemNLI/MS0972JerusalemNLI.Heb8333_47/MS0972JerusalemNLI.Heb8333_47.IEDC0305-per1
openiti_mss_MS0972JerusalemNLI.Heb8333_48.IEDC0089-per1,,TRANSCRIPTION,National Library of Israel,,Ms.Heb.8333.48,,https://www.invisible-east.org/corpus/89/,https://www.invisible-east.org/corpus/89/,,,,Jerusalem,,,,per,OpenITI MSS machine-readable transcription; page-image rights are separate.,OpenITI transcription under CC BY-NC-SA 4.0; image rights separate,https://kitab-project.org/docs/openITI,True,True,OpenITI URI MS0972JerusalemNLI.Heb8333_48.IEDC0089-per1,,False,CLEARED_WITH_ATTRIBUTION,P1,https://raw.githubusercontent.com/OpenITI/RELEASE/v2025.1.9/data/MS0972JerusalemNLI/MS0972JerusalemNLI.Heb8333_48/MS0972JerusalemNLI.Heb8333_48.IEDC0089-per1
openiti_mss_MS0972JerusalemNLI.Heb8333_49Verso.IEDC0307-per1,,TRANSCRIPTION,National Library of Israel,,"Ms.Heb.8333.49, verso",,https://www.invisible-east.org/corpus/307/,https://www.invisible-east.org/corpus/307/,,,,Jerusalem,,,,per,OpenITI MSS machine-readable transcription; page-image rights are separate.,OpenITI transcription under CC BY-NC-SA 4.0; image rights separate,https://kitab-project.org/docs/openITI,True,True,OpenITI URI MS0972JerusalemNLI.Heb8333_49Verso.IEDC0307-per1,,False,CLEARED_WITH_ATTRIBUTION,P1,https://raw.githubusercontent.com/OpenITI/RELEASE/v2025.1.9/data/MS0972JerusalemNLI/MS0972JerusalemNLI.Heb8333_49Verso/MS0972JerusalemNLI.Heb8333_49Verso.IEDC0307-per1
openiti_mss_MS0972JerusalemNLI.Heb8333_50Recto.IEDC1237-per1,,TRANSCRIPTION,National Library of Israel,,"Ms.Heb.8333.50, recto",,https://www.invisible-east.org/corpus/1237/,https://www.invisible-east.org/corpus/1237/,,,,Jerusalem,,,,per,OpenITI MSS machine-readable transcription; page-image rights are separate.,OpenITI transcription under CC BY-NC-SA 4.0; image rights separate,https://kitab-project.org/docs/openITI,True,True,OpenITI URI MS0972JerusalemNLI.Heb8333_50Recto.IEDC1237-per1,,False,CLEARED_WITH_ATTRIBUTION,P1,https://raw.githubusercontent.com/OpenITI/RELEASE/v2025.1.9/data/MS0972JerusalemNLI/MS0972JerusalemNLI.Heb8333_50Recto/MS0972JerusalemNLI.Heb8333_50Recto.IEDC1237-per1
openiti_mss_MS0972JerusalemNLI.Heb8333_50Verso.IEDC1238-per1,,TRANSCRIPTION,National Library of Israel,,"Ms.Heb.8333.50, verso",,https://www.invisible-east.org/corpus/1238/,https://www.invisible-east.org/corpus/1238/,,,,Jerusalem,,,,per,OpenITI MSS machine-readable transcription; page-image rights are separate.,OpenITI transcription under CC BY-NC-SA 4.0; image rights separate,https://kitab-project.org/docs/openITI,True,True,OpenITI URI MS0972JerusalemNLI.Heb8333_50Verso.IEDC1238-per1,,False,CLEARED_WITH_ATTRIBUTION,P1,https://raw.githubusercontent.com/OpenITI/RELEASE/v2025.1.9/data/MS0972JerusalemNLI/MS0972JerusalemNLI.Heb8333_50Verso/MS0972JerusalemNLI.Heb8333_50Verso.IEDC1238-per1
openiti_mss_MS0972JerusalemNLI.Heb8333_51Recto.IEDC1239-per1,,TRANSCRIPTION,National Library of Israel,,"Ms.Heb.8333.51, recto",,https://www.invisible-east.org/corpus/1239/,https://www.invisible-east.org/corpus/1239/,,,,Jerusalem,,,,per,OpenITI MSS machine-readable transcription; page-image rights are separate.,OpenITI transcription under CC BY-NC-SA 4.0; image rights separate,https://kitab-project.org/docs/openITI,True,True,OpenITI URI MS0972JerusalemNLI.Heb8333_51Recto.IEDC1239-per1,,False,CLEARED_WITH_ATTRIBUTION,P1,https://raw.githubusercontent.com/OpenITI/RELEASE/v2025.1.9/data/MS0972JerusalemNLI/MS0972JerusalemNLI.Heb8333_51Recto/MS0972JerusalemNLI.Heb8333_51Recto.IEDC1239-per1
openiti_mss_MS0972JerusalemNLI.Heb8333_51Verso.IEDC1240-per1,,TRANSCRIPTION,National Library of Israel,,"Ms.Heb.8333.51, verso",,https://www.invisible-east.org/corpus/1240/,https://www.invisible-east.org/corpus/1240/,,,,Jerusalem,,,,per,OpenITI MSS machine-readable transcription; page-image rights are separate.,OpenITI transcription under CC BY-NC-SA 4.0; image rights separate,https://kitab-project.org/docs/openITI,True,True,OpenITI URI MS0972JerusalemNLI.Heb8333_51Verso.IEDC1240-per1,,False,CLEARED_WITH_ATTRIBUTION,P1,https://raw.githubusercontent.com/OpenITI/RELEASE/v2025.1.9/data/MS0972JerusalemNLI/MS0972JerusalemNLI.Heb8333_51Verso/MS0972JerusalemNLI.Heb8333_51Verso.IEDC1240-per1
openiti_mss_MS0972JerusalemNLI.Heb8333_52.IEDC0310-per1,,TRANSCRIPTION,National Library of Israel,,Ms.Heb.8333.52,,https://www.invisible-east.org/corpus/310/,https://www.invisible-east.org/corpus/310/,,,,Jerusalem,,,,per,OpenITI MSS machine-readable transcription; page-image rights are separate.,OpenITI transcription under CC BY-NC-SA 4.0; image rights separate,https://kitab-project.org/docs/openITI,True,True,OpenITI URI MS0972JerusalemNLI.Heb8333_52.IEDC0310-per1,,False,CLEARED_WITH_ATTRIBUTION,P1,https://raw.githubusercontent.com/OpenITI/RELEASE/v2025.1.9/data/MS0972JerusalemNLI/MS0972JerusalemNLI.Heb8333_52/MS0972JerusalemNLI.Heb8333_52.IEDC0310-per1
openiti_mss_MS0972JerusalemNLI.Heb8333_53.IEDC1241-per1,,TRANSCRIPTION,National Library of Israel,,Ms.Heb.8333.53,,https://www.invisible-east.org/corpus/1241/,https://www.invisible-east.org/corpus/1241/,,,,Jerusalem,,,,per,OpenITI MSS machine-readable transcription; page-image rights are separate.,OpenITI transcription under CC BY-NC-SA 4.0; image rights separate,https://kitab-project.org/docs/openITI,True,True,OpenITI URI MS0972JerusalemNLI.Heb8333_53.IEDC1241-per1,,False,CLEARED_WITH_ATTRIBUTION,P1,https://raw.githubusercontent.com/OpenITI/RELEASE/v2025.1.9/data/MS0972JerusalemNLI/MS0972JerusalemNLI.Heb8333_53/MS0972JerusalemNLI.Heb8333_53.IEDC1241-per1
openiti_mss_MS0972JerusalemNLI.Heb8333_54Recto.IEDC1242-per1,,TRANSCRIPTION,National Library of Israel,,"Ms.Heb.8333.54, recto",,https://www.invisible-east.org/corpus/1242/,https://www.invisible-east.org/corpus/1242/,,,,Jerusalem,,,,per,OpenITI MSS machine-readable transcription; page-image rights are separate.,OpenITI transcription under CC BY-NC-SA 4.0; image rights separate,https://kitab-project.org/docs/openITI,True,True,OpenITI URI MS0972JerusalemNLI.Heb8333_54Recto.IEDC1242-per1,,False,CLEARED_WITH_ATTRIBUTION,P1,https://raw.githubusercontent.com/OpenITI/RELEASE/v2025.1.9/data/MS0972JerusalemNLI/MS0972JerusalemNLI.Heb8333_54Recto/MS0972JerusalemNLI.Heb8333_54Recto.IEDC1242-per1
openiti_mss_MS0972JerusalemNLI.Heb8333_54Verso.IEDC1243-per1,,TRANSCRIPTION,National Library of Israel,,"Ms.Heb.8333.54, verso",,https://www.invisible-east.org/corpus/1243/,https://www.invisible-east.org/corpus/1243/,,,,Jerusalem,,,,per,OpenITI MSS machine-readable transcription; page-image rights are separate.,OpenITI transcription under CC BY-NC-SA 4.0; image rights separate,https://kitab-project.org/docs/openITI,True,True,OpenITI URI MS0972JerusalemNLI.Heb8333_54Verso.IEDC1243-per1,,False,CLEARED_WITH_ATTRIBUTION,P1,https://raw.githubusercontent.com/OpenITI/RELEASE/v2025.1.9/data/MS0972JerusalemNLI/MS0972JerusalemNLI.Heb8333_54Verso/MS0972JerusalemNLI.Heb8333_54Verso.IEDC1243-per1
openiti_mss_MS0972JerusalemNLI.Heb8333_55Recto.IEDC1244-per1,,TRANSCRIPTION,National Library of Israel,,"Ms.Heb.8333.55, recto",,https://www.invisible-east.org/corpus/1244/,https://www.invisible-east.org/corpus/1244/,,,,Jerusalem,,,,per,OpenITI MSS machine-readable transcription; page-image rights are separate.,OpenITI transcription under CC BY-NC-SA 4.0; image rights separate,https://kitab-project.org/docs/openITI,True,True,OpenITI URI MS0972JerusalemNLI.Heb8333_55Recto.IEDC1244-per1,,False,CLEARED_WITH_ATTRIBUTION,P1,https://raw.githubusercontent.com/OpenITI/RELEASE/v2025.1.9/data/MS0972JerusalemNLI/MS0972JerusalemNLI.Heb8333_55Recto/MS0972JerusalemNLI.Heb8333_55Recto.IEDC1244-per1
openiti_mss_MS0972JerusalemNLI.Heb8333_55Verso.IEDC1245-per1,,TRANSCRIPTION,National Library of Israel,,"Ms.Heb.8333.55, verso",,https://www.invisible-east.org/corpus/1245/,https://www.invisible-east.org/corpus/1245/,,,,Jerusalem,,,,per,OpenITI MSS machine-readable transcription; page-image rights are separate.,OpenITI transcription under CC BY-NC-SA 4.0; image rights separate,https://kitab-project.org/docs/openITI,True,True,OpenITI URI MS0972JerusalemNLI.Heb8333_55Verso.IEDC1245-per1,,False,CLEARED_WITH_ATTRIBUTION,P1,https://raw.githubusercontent.com/OpenITI/RELEASE/v2025.1.9/data/MS0972JerusalemNLI/MS0972JerusalemNLI.Heb8333_55Verso/MS0972JerusalemNLI.Heb8333_55Verso.IEDC1245-per1
openiti_mss_MS0972JerusalemNLI.Heb8333_56Recto.IEDC1246-per1,,TRANSCRIPTION,National Library of Israel,,"Ms.Heb.8333.56, recto",,https://www.invisible-east.org/corpus/1246/,https://www.invisible-east.org/corpus/1246/,,,,Jerusalem,,,,per,OpenITI MSS machine-readable transcription; page-image rights are separate.,OpenITI transcription under CC BY-NC-SA 4.0; image rights separate,https://kitab-project.org/docs/openITI,True,True,OpenITI URI MS0972JerusalemNLI.Heb8333_56Recto.IEDC1246-per1,,False,CLEARED_WITH_ATTRIBUTION,P1,https://raw.githubusercontent.com/OpenITI/RELEASE/v2025.1.9/data/MS0972JerusalemNLI/MS0972JerusalemNLI.Heb8333_56Recto/MS0972JerusalemNLI.Heb8333_56Recto.IEDC1246-per1
openiti_mss_MS0972JerusalemNLI.Heb8333_56Verso.IEDC1247-per1,,TRANSCRIPTION,National Library of Israel,,"Ms.Heb.8333.56, verso",,https://www.invisible-east.org/corpus/1247/,https://www.invisible-east.org/corpus/1247/,,,,Jerusalem,,,,per,OpenITI MSS machine-readable transcription; page-image rights are separate.,OpenITI transcription under CC BY-NC-SA 4.0; image rights separate,https://kitab-project.org/docs/openITI,True,True,OpenITI URI MS0972JerusalemNLI.Heb8333_56Verso.IEDC1247-per1,,False,CLEARED_WITH_ATTRIBUTION,P1,https://raw.githubusercontent.com/OpenITI/RELEASE/v2025.1.9/data/MS0972JerusalemNLI/MS0972JerusalemNLI.Heb8333_56Verso/MS0972JerusalemNLI.Heb8333_56Verso.IEDC1247-per1
openiti_mss_MS0972JerusalemNLI.Heb8333_57.IEDC1249-per1,,TRANSCRIPTION,National Library of Israel,,Ms.Heb.8333.57,,https://www.invisible-east.org/corpus/1249/,https://www.invisible-east.org/corpus/1249/,,,,Jerusalem,,,,per,OpenITI MSS machine-readable transcription; page-image rights are separate.,OpenITI transcription under CC BY-NC-SA 4.0; image rights separate,https://kitab-project.org/docs/openITI,True,True,OpenITI URI MS0972JerusalemNLI.Heb8333_57.IEDC1249-per1,,False,CLEARED_WITH_ATTRIBUTION,P1,https://raw.githubusercontent.com/OpenITI/RELEASE/v2025.1.9/data/MS0972JerusalemNLI/MS0972JerusalemNLI.Heb8333_57/MS0972JerusalemNLI.Heb8333_57.IEDC1249-per1
openiti_mss_MS0972JerusalemNLI.Heb8333_58Recto.IEDC1250-per1,,TRANSCRIPTION,National Library of Israel,,"Ms.Heb.8333.58, recto",,https://www.invisible-east.org/corpus/1250/,https://www.invisible-east.org/corpus/1250/,,,,Jerusalem,,,,per,OpenITI MSS machine-readable transcription; page-image rights are separate.,OpenITI transcription under CC BY-NC-SA 4.0; image rights separate,https://kitab-project.org/docs/openITI,True,True,OpenITI URI MS0972JerusalemNLI.Heb8333_58Recto.IEDC1250-per1,,False,CLEARED_WITH_ATTRIBUTION,P1,https://raw.githubusercontent.com/OpenITI/RELEASE/v2025.1.9/data/MS0972JerusalemNLI/MS0972JerusalemNLI.Heb8333_58Recto/MS0972JerusalemNLI.Heb8333_58Recto.IEDC1250-per1
openiti_mss_MS0972JerusalemNLI.Heb8333_58Verso.IEDC1251-per1,,TRANSCRIPTION,National Library of Israel,,"Ms.Heb.8333.58, verso",,https://www.invisible-east.org/corpus/1251/,https://www.invisible-east.org/corpus/1251/,,,,Jerusalem,,,,per,OpenITI MSS machine-readable transcription; page-image rights are separate.,OpenITI transcription under CC BY-NC-SA 4.0; image rights separate,https://kitab-project.org/docs/openITI,True,True,OpenITI URI MS0972JerusalemNLI.Heb8333_58Verso.IEDC1251-per1,,False,CLEARED_WITH_ATTRIBUTION,P1,https://raw.githubusercontent.com/OpenITI/RELEASE/v2025.1.9/data/MS0972JerusalemNLI/MS0972JerusalemNLI.Heb8333_58Verso/MS0972JerusalemNLI.Heb8333_58Verso.IEDC1251-per1
openiti_mss_MS0972JerusalemNLI.Heb8333_5Recto.IEDC0284-per1,,TRANSCRIPTION,National Library of Israel,,"Ms.Heb.8333.5, recto",,https://www.invisible-east.org/corpus/284/,https://www.invisible-east.org/corpus/284/,,,,Jerusalem,,,,per,OpenITI MSS machine-readable transcription; page-image rights are separate.,OpenITI transcription under CC BY-NC-SA 4.0; image rights separate,https://kitab-project.org/docs/openITI,True,True,OpenITI URI MS0972JerusalemNLI.Heb8333_5Recto.IEDC0284-per1,,False,CLEARED_WITH_ATTRIBUTION,P1,https://raw.githubusercontent.com/OpenITI/RELEASE/v2025.1.9/data/MS0972JerusalemNLI/MS0972JerusalemNLI.Heb8333_5Recto/MS0972JerusalemNLI.Heb8333_5Recto.IEDC0284-per1
openiti_mss_MS0972JerusalemNLI.Heb8333_60Recto.IEDC0306-per1,,TRANSCRIPTION,National Library of Israel,,"Ms.Heb.8333.60, recto",,https://www.invisible-east.org/corpus/306/,https://www.invisible-east.org/corpus/306/,,,,Jerusalem,,,,per,OpenITI MSS machine-readable transcription; page-image rights are separate.,OpenITI transcription under CC BY-NC-SA 4.0; image rights separate,https://kitab-project.org/docs/openITI,True,True,OpenITI URI MS0972JerusalemNLI.Heb8333_60Recto.IEDC0306-per1,,False,CLEARED_WITH_ATTRIBUTION,P1,https://raw.githubusercontent.com/OpenITI/RELEASE/v2025.1.9/data/MS0972JerusalemNLI/MS0972JerusalemNLI.Heb8333_60Recto/MS0972JerusalemNLI.Heb8333_60Recto.IEDC0306-per1
openiti_mss_MS0972JerusalemNLI.Heb8333_60Verso.IEDC0068-per1,,TRANSCRIPTION,National Library of Israel,,"Ms.Heb.8333.60, verso",,https://www.invisible-east.org/corpus/68/,https://www.invisible-east.org/corpus/68/,,,,Jerusalem,,,,per,OpenITI MSS machine-readable transcription; page-image rights are separate.,OpenITI transcription under CC BY-NC-SA 4.0; image rights separate,https://kitab-project.org/docs/openITI,True,True,OpenITI URI MS0972JerusalemNLI.Heb8333_60Verso.IEDC0068-per1,,False,CLEARED_WITH_ATTRIBUTION,P1,https://raw.githubusercontent.com/OpenITI/RELEASE/v2025.1.9/data/MS0972JerusalemNLI/MS0972JerusalemNLI.Heb8333_60Verso/MS0972JerusalemNLI.Heb8333_60Verso.IEDC0068-per1
openiti_mss_MS0972JerusalemNLI.Heb8333_61Recto.IEDC0276-per1,,TRANSCRIPTION,National Library of Israel,,"Ms.Heb.8333.61, recto",,https://www.invisible-east.org/corpus/276/,https://www.invisible-east.org/corpus/276/,,,,Jerusalem,,,,per,OpenITI MSS machine-readable transcription; page-image rights are separate.,OpenITI transcription under CC BY-NC-SA 4.0; image rights separate,https://kitab-project.org/docs/openITI,True,True,OpenITI URI MS0972JerusalemNLI.Heb8333_61Recto.IEDC0276-per1,,False,CLEARED_WITH_ATTRIBUTION,P1,https://raw.githubusercontent.com/OpenITI/RELEASE/v2025.1.9/data/MS0972JerusalemNLI/MS0972JerusalemNLI.Heb8333_61Recto/MS0972JerusalemNLI.Heb8333_61Recto.IEDC0276-per1
openiti_mss_MS0972JerusalemNLI.Heb8333_61Verso.IEDC0277-per1,,TRANSCRIPTION,National Library of Israel,,"Ms.Heb.8333.61, verso",,https://www.invisible-east.org/corpus/277/,https://www.invisible-east.org/corpus/277/,,,,Jerusalem,,,,per,OpenITI MSS machine-readable transcription; page-image rights are separate.,OpenITI transcription under CC BY-NC-SA 4.0; image rights separate,https://kitab-project.org/docs/openITI,True,True,OpenITI URI MS0972JerusalemNLI.Heb8333_61Verso.IEDC0277-per1,,False,CLEARED_WITH_ATTRIBUTION,P1,https://raw.githubusercontent.com/OpenITI/RELEASE/v2025.1.9/data/MS0972JerusalemNLI/MS0972JerusalemNLI.Heb8333_61Verso/MS0972JerusalemNLI.Heb8333_61Verso.IEDC0277-per1
openiti_mss_MS0972JerusalemNLI.Heb8333_62.IEDC0173-per1,,TRANSCRIPTION,National Library of Israel,,Ms.Heb.8333.62,,https://www.invisible-east.org/corpus/173/,https://www.invisible-east.org/corpus/173/,,,,Jerusalem,,,,per,OpenITI MSS machine-readable transcription; page-image rights are separate.,OpenITI transcription under CC BY-NC-SA 4.0; image rights separate,https://kitab-project.org/docs/openITI,True,True,OpenITI URI MS0972JerusalemNLI.Heb8333_62.IEDC0173-per1,,False,CLEARED_WITH_ATTRIBUTION,P1,https://raw.githubusercontent.com/OpenITI/RELEASE/v2025.1.9/data/MS0972JerusalemNLI/MS0972JerusalemNLI.Heb8333_62/MS0972JerusalemNLI.Heb8333_62.IEDC0173-per1
openiti_mss_MS0972JerusalemNLI.Heb8333_63Recto.IEDC0174-per1,,TRANSCRIPTION,National Library of Israel,,"Ms.Heb.8333.63, recto",,https://www.invisible-east.org/corpus/174/,https://www.invisible-east.org/corpus/174/,,,,Jerusalem,,,,per,OpenITI MSS machine-readable transcription; page-image rights are separate.,OpenITI transcription under CC BY-NC-SA 4.0; image rights separate,https://kitab-project.org/docs/openITI,True,True,OpenITI URI MS0972JerusalemNLI.Heb8333_63Recto.IEDC0174-per1,,False,CLEARED_WITH_ATTRIBUTION,P1,https://raw.githubusercontent.com/OpenITI/RELEASE/v2025.1.9/data/MS0972JerusalemNLI/MS0972JerusalemNLI.Heb8333_63Recto/MS0972JerusalemNLI.Heb8333_63Recto.IEDC0174-per1
openiti_mss_MS0972JerusalemNLI.Heb8333_63Verso.IEDC0175-per1,,TRANSCRIPTION,National Library of Israel,,"Ms.Heb.8333.63, verso",,https://www.invisible-east.org/corpus/175/,https://www.invisible-east.org/corpus/175/,,,,Jerusalem,,,,per,OpenITI MSS machine-readable transcription; page-image rights are separate.,OpenITI transcription under CC BY-NC-SA 4.0; image rights separate,https://kitab-project.org/docs/openITI,True,True,OpenITI URI MS0972JerusalemNLI.Heb8333_63Verso.IEDC0175-per1,,False,CLEARED_WITH_ATTRIBUTION,P1,https://raw.githubusercontent.com/OpenITI/RELEASE/v2025.1.9/data/MS0972JerusalemNLI/MS0972JerusalemNLI.Heb8333_63Verso/MS0972JerusalemNLI.Heb8333_63Verso.IEDC0175-per1
openiti_mss_MS0972JerusalemNLI.Heb8333_64.IEDC0183-per1,,TRANSCRIPTION,National Library of Israel,,Ms.Heb.8333.64,,https://www.invisible-east.org/corpus/183/,https://www.invisible-east.org/corpus/183/,,,,Jerusalem,,,,per,OpenITI MSS machine-readable transcription; page-image rights are separate.,OpenITI transcription under CC BY-NC-SA 4.0; image rights separate,https://kitab-project.org/docs/openITI,True,True,OpenITI URI MS0972JerusalemNLI.Heb8333_64.IEDC0183-per1,,False,CLEARED_WITH_ATTRIBUTION,P1,https://raw.githubusercontent.com/OpenITI/RELEASE/v2025.1.9/data/MS0972JerusalemNLI/MS0972JerusalemNLI.Heb8333_64/MS0972JerusalemNLI.Heb8333_64.IEDC0183-per1
openiti_mss_MS0972JerusalemNLI.Heb8333_65.IEDC0182-per1,,TRANSCRIPTION,National Library of Israel,,Ms.Heb.8333.65,,https://www.invisible-east.org/corpus/182/,https://www.invisible-east.org/corpus/182/,,,,Jerusalem,,,,per,OpenITI MSS machine-readable transcription; page-image rights are separate.,OpenITI transcription under CC BY-NC-SA 4.0; image rights separate,https://kitab-project.org/docs/openITI,True,True,OpenITI URI MS0972JerusalemNLI.Heb8333_65.IEDC0182-per1,,False,CLEARED_WITH_ATTRIBUTION,P1,https://raw.githubusercontent.com/OpenITI/RELEASE/v2025.1.9/data/MS0972JerusalemNLI/MS0972JerusalemNLI.Heb8333_65/MS0972JerusalemNLI.Heb8333_65.IEDC0182-per1
openiti_mss_MS0972JerusalemNLI.Heb8333_66.IEDC0181-ara1,,TRANSCRIPTION,National Library of Israel,,Ms.Heb.8333.66,,https://www.invisible-east.org/corpus/181/,https://www.invisible-east.org/corpus/181/,,,,Jerusalem,,,,ara,OpenITI MSS machine-readable transcription; page-image rights are separate.,OpenITI transcription under CC BY-NC-SA 4.0; image rights separate,https://kitab-project.org/docs/openITI,True,True,OpenITI URI MS0972JerusalemNLI.Heb8333_66.IEDC0181-ara1,,False,CLEARED_WITH_ATTRIBUTION,P1,https://raw.githubusercontent.com/OpenITI/RELEASE/v2025.1.9/data/MS0972JerusalemNLI/MS0972JerusalemNLI.Heb8333_66/MS0972JerusalemNLI.Heb8333_66.IEDC0181-ara1
openiti_mss_MS0972JerusalemNLI.Heb8333_67Recto.IEDC0311-per1,,TRANSCRIPTION,National Library of Israel,,"Ms.Heb.8333.67, recto",,https://www.invisible-east.org/corpus/311/,https://www.invisible-east.org/corpus/311/,,,,Jerusalem,,,,per,OpenITI MSS machine-readable transcription; page-image rights are separate.,OpenITI transcription under CC BY-NC-SA 4.0; image rights separate,https://kitab-project.org/docs/openITI,True,True,OpenITI URI MS0972JerusalemNLI.Heb8333_67Recto.IEDC0311-per1,,False,CLEARED_WITH_ATTRIBUTION,P1,https://raw.githubusercontent.com/OpenITI/RELEASE/v2025.1.9/data/MS0972JerusalemNLI/MS0972JerusalemNLI.Heb8333_67Recto/MS0972JerusalemNLI.Heb8333_67Recto.IEDC0311-per1
openiti_mss_MS0972JerusalemNLI.Heb8333_67Verso.IEDC0070-per1,,TRANSCRIPTION,National Library of Israel,,Ms.Heb.8333.67 verso,,https://www.invisible-east.org/corpus/70/,https://www.invisible-east.org/corpus/70/,,,,Jerusalem,,,,per,OpenITI MSS machine-readable transcription; page-image rights are separate.,OpenITI transcription under CC BY-NC-SA 4.0; image rights separate,https://kitab-project.org/docs/openITI,True,True,OpenITI URI MS0972JerusalemNLI.Heb8333_67Verso.IEDC0070-per1,,False,CLEARED_WITH_ATTRIBUTION,P1,https://raw.githubusercontent.com/OpenITI/RELEASE/v2025.1.9/data/MS0972JerusalemNLI/MS0972JerusalemNLI.Heb8333_67Verso/MS0972JerusalemNLI.Heb8333_67Verso.IEDC0070-per1
openiti_mss_MS0972JerusalemNLI.Heb8333_68Recto.IEDC0180-per1,,TRANSCRIPTION,National Library of Israel,,"Ms.Heb.8333.68, recto",,https://www.invisible-east.org/corpus/180/,https://www.invisible-east.org/corpus/180/,,,,Jerusalem,,,,per,OpenITI MSS machine-readable transcription; page-image rights are separate.,OpenITI transcription under CC BY-NC-SA 4.0; image rights separate,https://kitab-project.org/docs/openITI,True,True,OpenITI URI MS0972JerusalemNLI.Heb8333_68Recto.IEDC0180-per1,,False,CLEARED_WITH_ATTRIBUTION,P1,https://raw.githubusercontent.com/OpenITI/RELEASE/v2025.1.9/data/MS0972JerusalemNLI/MS0972JerusalemNLI.Heb8333_68Recto/MS0972JerusalemNLI.Heb8333_68Recto.IEDC0180-per1
openiti_mss_MS0972JerusalemNLI.Heb8333_68Verso.IEDC0179-per1,,TRANSCRIPTION,National Library of Israel,,"Ms.Heb.8333.68, verso",,https://www.invisible-east.org/corpus/179/,https://www.invisible-east.org/corpus/179/,,,,Jerusalem,,,,per,OpenITI MSS machine-readable transcription; page-image rights are separate.,OpenITI transcription under CC BY-NC-SA 4.0; image rights separate,https://kitab-project.org/docs/openITI,True,True,OpenITI URI MS0972JerusalemNLI.Heb8333_68Verso.IEDC0179-per1,,False,CLEARED_WITH_ATTRIBUTION,P1,https://raw.githubusercontent.com/OpenITI/RELEASE/v2025.1.9/data/MS0972JerusalemNLI/MS0972JerusalemNLI.Heb8333_68Verso/MS0972JerusalemNLI.Heb8333_68Verso.IEDC0179-per1
openiti_mss_MS0972JerusalemNLI.Heb8333_69Recto.IEDC0178-per1,,TRANSCRIPTION,National Library of Israel,,"Ms.Heb.8333.69, recto",,https://www.invisible-east.org/corpus/178/,https://www.invisible-east.org/corpus/178/,,,,Jerusalem,,,,per,OpenITI MSS machine-readable transcription; page-image rights are separate.,OpenITI transcription under CC BY-NC-SA 4.0; image rights separate,https://kitab-project.org/docs/openITI,True,True,OpenITI URI MS0972JerusalemNLI.Heb8333_69Recto.IEDC0178-per1,,False,CLEARED_WITH_ATTRIBUTION,P1,https://raw.githubusercontent.com/OpenITI/RELEASE/v2025.1.9/data/MS0972JerusalemNLI/MS0972JerusalemNLI.Heb8333_69Recto/MS0972JerusalemNLI.Heb8333_69Recto.IEDC0178-per1
openiti_mss_MS0972JerusalemNLI.Heb8333_69Verso.IEDC0177-per1,,TRANSCRIPTION,National Library of Israel,,"Ms.Heb.8333.69, verso",,https://www.invisible-east.org/corpus/177/,https://www.invisible-east.org/corpus/177/,,,,Jerusalem,,,,per,OpenITI MSS machine-readable transcription; page-image rights are separate.,OpenITI transcription under CC BY-NC-SA 4.0; image rights separate,https://kitab-project.org/docs/openITI,True,True,OpenITI URI MS0972JerusalemNLI.Heb8333_69Verso.IEDC0177-per1,,False,CLEARED_WITH_ATTRIBUTION,P1,https://raw.githubusercontent.com/OpenITI/RELEASE/v2025.1.9/data/MS0972JerusalemNLI/MS0972JerusalemNLI.Heb8333_69Verso/MS0972JerusalemNLI.Heb8333_69Verso.IEDC0177-per1
openiti_mss_MS0972JerusalemNLI.Heb8333_70.IEDC0176-per1,,TRANSCRIPTION,National Library of Israel,,Ms.Heb.8333.70,,https://www.invisible-east.org/corpus/176/,https://www.invisible-east.org/corpus/176/,,,,Jerusalem,,,,per,OpenITI MSS machine-readable transcription; page-image rights are separate.,OpenITI transcription under CC BY-NC-SA 4.0; image rights separate,https://kitab-project.org/docs/openITI,True,True,OpenITI URI MS0972JerusalemNLI.Heb8333_70.IEDC0176-per1,,False,CLEARED_WITH_ATTRIBUTION,P1,https://raw.githubusercontent.com/OpenITI/RELEASE/v2025.1.9/data/MS0972JerusalemNLI/MS0972JerusalemNLI.Heb8333_70/MS0972JerusalemNLI.Heb8333_70.IEDC0176-per1
openiti_mss_MS0972JerusalemNLI.Heb8333_71.IEDC0184-per1,,TRANSCRIPTION,National Library of Israel,,Ms.Heb.8333.71,,https://www.invisible-east.org/corpus/184/,https://www.invisible-east.org/corpus/184/,,,,Jerusalem,,,,per,OpenITI MSS machine-readable transcription; page-image rights are separate.,OpenITI transcription under CC BY-NC-SA 4.0; image rights separate,https://kitab-project.org/docs/openITI,True,True,OpenITI URI MS0972JerusalemNLI.Heb8333_71.IEDC0184-per1,,False,CLEARED_WITH_ATTRIBUTION,P1,https://raw.githubusercontent.com/OpenITI/RELEASE/v2025.1.9/data/MS0972JerusalemNLI/MS0972JerusalemNLI.Heb8333_71/MS0972JerusalemNLI.Heb8333_71.IEDC0184-per1
openiti_mss_MS0972JerusalemNLI.Heb8333_72Recto.IEDC0185-per1,,TRANSCRIPTION,National Library of Israel,,"Ms.Heb.8333.72, recto",,https://www.invisible-east.org/corpus/185/,https://www.invisible-east.org/corpus/185/,,,,Jerusalem,,,,per,OpenITI MSS machine-readable transcription; page-image rights are separate.,OpenITI transcription under CC BY-NC-SA 4.0; image rights separate,https://kitab-project.org/docs/openITI,True,True,OpenITI URI MS0972JerusalemNLI.Heb8333_72Recto.IEDC0185-per1,,False,CLEARED_WITH_ATTRIBUTION,P1,https://raw.githubusercontent.com/OpenITI/RELEASE/v2025.1.9/data/MS0972JerusalemNLI/MS0972JerusalemNLI.Heb8333_72Recto/MS0972JerusalemNLI.Heb8333_72Recto.IEDC0185-per1
openiti_mss_MS0972JerusalemNLI.Heb8333_72Verso.IEDC0186-per1,,TRANSCRIPTION,National Library of Israel,,"Ms.Heb.8333.72, verso",,https://www.invisible-east.org/corpus/186/,https://www.invisible-east.org/corpus/186/,,,,Jerusalem,,,,per,OpenITI MSS machine-readable transcription; page-image rights are separate.,OpenITI transcription under CC BY-NC-SA 4.0; image rights separate,https://kitab-project.org/docs/openITI,True,True,OpenITI URI MS0972JerusalemNLI.Heb8333_72Verso.IEDC0186-per1,,False,CLEARED_WITH_ATTRIBUTION,P1,https://raw.githubusercontent.com/OpenITI/RELEASE/v2025.1.9/data/MS0972JerusalemNLI/MS0972JerusalemNLI.Heb8333_72Verso/MS0972JerusalemNLI.Heb8333_72Verso.IEDC0186-per1
openiti_mss_MS0972JerusalemNLI.Heb8333_73Recto.IEDC0187-per1,,TRANSCRIPTION,National Library of Israel,,"Ms.Heb.8333.73, recto",,https://www.invisible-east.org/corpus/187/,https://www.invisible-east.org/corpus/187/,,,,Jerusalem,,,,per,OpenITI MSS machine-readable transcription; page-image rights are separate.,OpenITI transcription under CC BY-NC-SA 4.0; image rights separate,https://kitab-project.org/docs/openITI,True,True,OpenITI URI MS0972JerusalemNLI.Heb8333_73Recto.IEDC0187-per1,,False,CLEARED_WITH_ATTRIBUTION,P1,https://raw.githubusercontent.com/OpenITI/RELEASE/v2025.1.9/data/MS0972JerusalemNLI/MS0972JerusalemNLI.Heb8333_73Recto/MS0972JerusalemNLI.Heb8333_73Recto.IEDC0187-per1
openiti_mss_MS0972JerusalemNLI.Heb8333_73Verso.IEDC0188-per1,,TRANSCRIPTION,National Library of Israel,,"Ms.Heb.8333.73, verso",,https://www.invisible-east.org/corpus/188/,https://www.invisible-east.org/corpus/188/,,,,Jerusalem,,,,per,OpenITI MSS machine-readable transcription; page-image rights are separate.,OpenITI transcription under CC BY-NC-SA 4.0; image rights separate,https://kitab-project.org/docs/openITI,True,True,OpenITI URI MS0972JerusalemNLI.Heb8333_73Verso.IEDC0188-per1,,False,CLEARED_WITH_ATTRIBUTION,P1,https://raw.githubusercontent.com/OpenITI/RELEASE/v2025.1.9/data/MS0972JerusalemNLI/MS0972JerusalemNLI.Heb8333_73Verso/MS0972JerusalemNLI.Heb8333_73Verso.IEDC0188-per1
openiti_mss_MS0972JerusalemNLI.Heb8333_74.IEDC0190-per1,,TRANSCRIPTION,National Library of Israel,,Ms.Heb.8333.74,,https://www.invisible-east.org/corpus/190/,https://www.invisible-east.org/corpus/190/,,,,Jerusalem,,,,per,OpenITI MSS machine-readable transcription; page-image rights are separate.,OpenITI transcription under CC BY-NC-SA 4.0; image rights separate,https://kitab-project.org/docs/openITI,True,True,OpenITI URI MS0972JerusalemNLI.Heb8333_74.IEDC0190-per1,,False,CLEARED_WITH_ATTRIBUTION,P1,https://raw.githubusercontent.com/OpenITI/RELEASE/v2025.1.9/data/MS0972JerusalemNLI/MS0972JerusalemNLI.Heb8333_74/MS0972JerusalemNLI.Heb8333_74.IEDC0190-per1
openiti_mss_MS0972JerusalemNLI.Heb8333_75.IEDC0191-per1,,TRANSCRIPTION,National Library of Israel,,Ms.Heb.8333.75,,https://www.invisible-east.org/corpus/191/,https://www.invisible-east.org/corpus/191/,,,,Jerusalem,,,,per,OpenITI MSS machine-readable transcription; page-image rights are separate.,OpenITI transcription under CC BY-NC-SA 4.0; image rights separate,https://kitab-project.org/docs/openITI,True,True,OpenITI URI MS0972JerusalemNLI.Heb8333_75.IEDC0191-per1,,False,CLEARED_WITH_ATTRIBUTION,P1,https://raw.githubusercontent.com/OpenITI/RELEASE/v2025.1.9/data/MS0972JerusalemNLI/MS0972JerusalemNLI.Heb8333_75/MS0972JerusalemNLI.Heb8333_75.IEDC0191-per1
openiti_mss_MS0972JerusalemNLI.Heb8333_76.IEDC0189-per1,,TRANSCRIPTION,National Library of Israel,,Ms.Heb.8333.76,,https://www.invisible-east.org/corpus/189/,https://www.invisible-east.org/corpus/189/,,,,Jerusalem,,,,per,OpenITI MSS machine-readable transcription; page-image rights are separate.,OpenITI transcription under CC BY-NC-SA 4.0; image rights separate,https://kitab-project.org/docs/openITI,True,True,OpenITI URI MS0972JerusalemNLI.Heb8333_76.IEDC0189-per1,,False,CLEARED_WITH_ATTRIBUTION,P1,https://raw.githubusercontent.com/OpenITI/RELEASE/v2025.1.9/data/MS0972JerusalemNLI/MS0972JerusalemNLI.Heb8333_76/MS0972JerusalemNLI.Heb8333_76.IEDC0189-per1
openiti_mss_MS0972JerusalemNLI.Heb8333_77.IEDC0065-per1,,TRANSCRIPTION,National Library of Israel,,Ms.Heb.8333.77,,https://www.invisible-east.org/corpus/65/,https://www.invisible-east.org/corpus/65/,,,,Jerusalem,,,,per,OpenITI MSS machine-readable transcription; page-image rights are separate.,OpenITI transcription under CC BY-NC-SA 4.0; image rights separate,https://kitab-project.org/docs/openITI,True,True,OpenITI URI MS0972JerusalemNLI.Heb8333_77.IEDC0065-per1,,False,CLEARED_WITH_ATTRIBUTION,P1,https://raw.githubusercontent.com/OpenITI/RELEASE/v2025.1.9/data/MS0972JerusalemNLI/MS0972JerusalemNLI.Heb8333_77/MS0972JerusalemNLI.Heb8333_77.IEDC0065-per1
openiti_mss_MS0972JerusalemNLI.Heb8333_78.IEDC0067-per1,,TRANSCRIPTION,National Library of Israel,,Ms.Heb.8333.78,,https://www.invisible-east.org/corpus/67/,https://www.invisible-east.org/corpus/67/,,,,Jerusalem,,,,per,OpenITI MSS machine-readable transcription; page-image rights are separate.,OpenITI transcription under CC BY-NC-SA 4.0; image rights separate,https://kitab-project.org/docs/openITI,True,True,OpenITI URI MS0972JerusalemNLI.Heb8333_78.IEDC0067-per1,,False,CLEARED_WITH_ATTRIBUTION,P1,https://raw.githubusercontent.com/OpenITI/RELEASE/v2025.1.9/data/MS0972JerusalemNLI/MS0972JerusalemNLI.Heb8333_78/MS0972JerusalemNLI.Heb8333_78.IEDC0067-per1
openiti_mss_MS0972JerusalemNLI.Heb8333_79Recto.IEDC0278-per1,,TRANSCRIPTION,National Library of Israel,,"Ms.Heb.8333.79, recto",,https://www.invisible-east.org/corpus/278/,https://www.invisible-east.org/corpus/278/,,,,Jerusalem,,,,per,OpenITI MSS machine-readable transcription; page-image rights are separate.,OpenITI transcription under CC BY-NC-SA 4.0; image rights separate,https://kitab-project.org/docs/openITI,True,True,OpenITI URI MS0972JerusalemNLI.Heb8333_79Recto.IEDC0278-per1,,False,CLEARED_WITH_ATTRIBUTION,P1,https://raw.githubusercontent.com/OpenITI/RELEASE/v2025.1.9/data/MS0972JerusalemNLI/MS0972JerusalemNLI.Heb8333_79Recto/MS0972JerusalemNLI.Heb8333_79Recto.IEDC0278-per1
openiti_mss_MS0972JerusalemNLI.Heb8333_79Verso.IEDC0279-per1,,TRANSCRIPTION,National Library of Israel,,"Ms.Heb.8333.79, verso",,https://www.invisible-east.org/corpus/279/,https://www.invisible-east.org/corpus/279/,,,,Jerusalem,,,,per,OpenITI MSS machine-readable transcription; page-image rights are separate.,OpenITI transcription under CC BY-NC-SA 4.0; image rights separate,https://kitab-project.org/docs/openITI,True,True,OpenITI URI MS0972JerusalemNLI.Heb8333_79Verso.IEDC0279-per1,,False,CLEARED_WITH_ATTRIBUTION,P1,https://raw.githubusercontent.com/OpenITI/RELEASE/v2025.1.9/data/MS0972JerusalemNLI/MS0972JerusalemNLI.Heb8333_79Verso/MS0972JerusalemNLI.Heb8333_79Verso.IEDC0279-per1
openiti_mss_MS0972JerusalemNLI.Heb8333_7v10r10v9r9v14r.IEDC0125-per1,,TRANSCRIPTION,National Library of Israel,,"Ms.Heb.8333.7v, 10r, 10v, 9r, 9v, 14r",,https://www.invisible-east.org/corpus/125/,https://www.invisible-east.org/corpus/125/,,,,Jerusalem,,,,per,OpenITI MSS machine-readable transcription; page-image rights are separate.,OpenITI transcription under CC BY-NC-SA 4.0; image rights separate,https://kitab-project.org/docs/openITI,True,True,OpenITI URI MS0972JerusalemNLI.Heb8333_7v10r10v9r9v14r.IEDC0125-per1,,False,CLEARED_WITH_ATTRIBUTION,P1,https://raw.githubusercontent.com/OpenITI/RELEASE/v2025.1.9/data/MS0972JerusalemNLI/MS0972JerusalemNLI.Heb8333_7v10r10v9r9v14r/MS0972JerusalemNLI.Heb8333_7v10r10v9r9v14r.IEDC0125-per1
openiti_mss_MS0972JerusalemNLI.Heb8333_8.IEDC1195-per1,,TRANSCRIPTION,National Library of Israel,,Ms.Heb.8333.8,,https://www.invisible-east.org/corpus/1195/,https://www.invisible-east.org/corpus/1195/,,,,Jerusalem,,,,per,OpenITI MSS machine-readable transcription; page-image rights are separate.,OpenITI transcription under CC BY-NC-SA 4.0; image rights separate,https://kitab-project.org/docs/openITI,True,True,OpenITI URI MS0972JerusalemNLI.Heb8333_8.IEDC1195-per1,,False,CLEARED_WITH_ATTRIBUTION,P1,https://raw.githubusercontent.com/OpenITI/RELEASE/v2025.1.9/data/MS0972JerusalemNLI/MS0972JerusalemNLI.Heb8333_8/MS0972JerusalemNLI.Heb8333_8.IEDC1195-per1
openiti_mss_MS0972JerusalemNLI.Heb8333_80Recto.IEDC1138-per1,,TRANSCRIPTION,National Library of Israel,,"Ms.Heb.8333.80, recto",,https://www.invisible-east.org/corpus/1138/,https://www.invisible-east.org/corpus/1138/,,,,Jerusalem,,,,per,OpenITI MSS machine-readable transcription; page-image rights are separate.,OpenITI transcription under CC BY-NC-SA 4.0; image rights separate,https://kitab-project.org/docs/openITI,True,True,OpenITI URI MS0972JerusalemNLI.Heb8333_80Recto.IEDC1138-per1,,False,CLEARED_WITH_ATTRIBUTION,P1,https://raw.githubusercontent.com/OpenITI/RELEASE/v2025.1.9/data/MS0972JerusalemNLI/MS0972JerusalemNLI.Heb8333_80Recto/MS0972JerusalemNLI.Heb8333_80Recto.IEDC1138-per1
openiti_mss_MS0972JerusalemNLI.Heb8333_80Verso.IEDC0308-per1,,TRANSCRIPTION,National Library of Israel,,"Ms.Heb.8333.80, verso",,https://www.invisible-east.org/corpus/308/,https://www.invisible-east.org/corpus/308/,,,,Jerusalem,,,,per,OpenITI MSS machine-readable transcription; page-image rights are separate.,OpenITI transcription under CC BY-NC-SA 4.0; image rights separate,https://kitab-project.org/docs/openITI,True,True,OpenITI URI MS0972JerusalemNLI.Heb8333_80Verso.IEDC0308-per1,,False,CLEARED_WITH_ATTRIBUTION,P1,https://raw.githubusercontent.com/OpenITI/RELEASE/v2025.1.9/data/MS0972JerusalemNLI/MS0972JerusalemNLI.Heb8333_80Verso/MS0972JerusalemNLI.Heb8333_80Verso.IEDC0308-per1
openiti_mss_MS0972JerusalemNLI.Heb8333_81Recto.IEDC1271-per1,,TRANSCRIPTION,National Library of Israel,,"Ms.Heb.8333.81, recto",,https://www.invisible-east.org/corpus/1271/,https://www.invisible-east.org/corpus/1271/,,,,Jerusalem,,,,per,OpenITI MSS machine-readable transcription; page-image rights are separate.,OpenITI transcription under CC BY-NC-SA 4.0; image rights separate,https://kitab-project.org/docs/openITI,True,True,OpenITI URI MS0972JerusalemNLI.Heb8333_81Recto.IEDC1271-per1,,False,CLEARED_WITH_ATTRIBUTION,P1,https://raw.githubusercontent.com/OpenITI/RELEASE/v2025.1.9/data/MS0972JerusalemNLI/MS0972JerusalemNLI.Heb8333_81Recto/MS0972JerusalemNLI.Heb8333_81Recto.IEDC1271-per1
openiti_mss_MS0972JerusalemNLI.Heb8333_81Verso.IEDC0195-per1,,TRANSCRIPTION,National Library of Israel,,"Ms.Heb.8333.81, verso",,https://www.invisible-east.org/corpus/195/,https://www.invisible-east.org/corpus/195/,,,,Jerusalem,,,,per,OpenITI MSS machine-readable transcription; page-image rights are separate.,OpenITI transcription under CC BY-NC-SA 4.0; image rights separate,https://kitab-project.org/docs/openITI,True,True,OpenITI URI MS0972JerusalemNLI.Heb8333_81Verso.IEDC0195-per1,,False,CLEARED_WITH_ATTRIBUTION,P1,https://raw.githubusercontent.com/OpenITI/RELEASE/v2025.1.9/data/MS0972JerusalemNLI/MS0972JerusalemNLI.Heb8333_81Verso/MS0972JerusalemNLI.Heb8333_81Verso.IEDC0195-per1
openiti_mss_MS0972JerusalemNLI.Heb8333_82Recto.IEDC0309-per1,,TRANSCRIPTION,National Library of Israel,,"Ms.Heb.8333.82, recto",,https://www.invisible-east.org/corpus/309/,https://www.invisible-east.org/corpus/309/,,,,Jerusalem,,,,per,OpenITI MSS machine-readable transcription; page-image rights are separate.,OpenITI transcription under CC BY-NC-SA 4.0; image rights separate,https://kitab-project.org/docs/openITI,True,True,OpenITI URI MS0972JerusalemNLI.Heb8333_82Recto.IEDC0309-per1,,False,CLEARED_WITH_ATTRIBUTION,P1,https://raw.githubusercontent.com/OpenITI/RELEASE/v2025.1.9/data/MS0972JerusalemNLI/MS0972JerusalemNLI.Heb8333_82Recto/MS0972JerusalemNLI.Heb8333_82Recto.IEDC0309-per1
openiti_mss_MS0972JerusalemNLI.Heb8333_82Verso.IEDC0196-per1,,TRANSCRIPTION,National Library of Israel,,"Ms.Heb.8333.82, verso",,https://www.invisible-east.org/corpus/196/,https://www.invisible-east.org/corpus/196/,,,,Jerusalem,,,,per,OpenITI MSS machine-readable transcription; page-image rights are separate.,OpenITI transcription under CC BY-NC-SA 4.0; image rights separate,https://kitab-project.org/docs/openITI,True,True,OpenITI URI MS0972JerusalemNLI.Heb8333_82Verso.IEDC0196-per1,,False,CLEARED_WITH_ATTRIBUTION,P1,https://raw.githubusercontent.com/OpenITI/RELEASE/v2025.1.9/data/MS0972JerusalemNLI/MS0972JerusalemNLI.Heb8333_82Verso/MS0972JerusalemNLI.Heb8333_82Verso.IEDC0196-per1
openiti_mss_MS0972JerusalemNLI.Heb8333_83Recto.IEDC0197-per1,,TRANSCRIPTION,National Library of Israel,,"Ms.Heb.8333.83, recto",,https://www.invisible-east.org/corpus/197/,https://www.invisible-east.org/corpus/197/,,,,Jerusalem,,,,per,OpenITI MSS machine-readable transcription; page-image rights are separate.,OpenITI transcription under CC BY-NC-SA 4.0; image rights separate,https://kitab-project.org/docs/openITI,True,True,OpenITI URI MS0972JerusalemNLI.Heb8333_83Recto.IEDC0197-per1,,False,CLEARED_WITH_ATTRIBUTION,P1,https://raw.githubusercontent.com/OpenITI/RELEASE/v2025.1.9/data/MS0972JerusalemNLI/MS0972JerusalemNLI.Heb8333_83Recto/MS0972JerusalemNLI.Heb8333_83Recto.IEDC0197-per1
openiti_mss_MS0972JerusalemNLI.Heb8333_83Verso.IEDC0198-per1,,TRANSCRIPTION,National Library of Israel,,"Ms.Heb.8333.83, verso",,https://www.invisible-east.org/corpus/198/,https://www.invisible-east.org/corpus/198/,,,,Jerusalem,,,,per,OpenITI MSS machine-readable transcription; page-image rights are separate.,OpenITI transcription under CC BY-NC-SA 4.0; image rights separate,https://kitab-project.org/docs/openITI,True,True,OpenITI URI MS0972JerusalemNLI.Heb8333_83Verso.IEDC0198-per1,,False,CLEARED_WITH_ATTRIBUTION,P1,https://raw.githubusercontent.com/OpenITI/RELEASE/v2025.1.9/data/MS0972JerusalemNLI/MS0972JerusalemNLI.Heb8333_83Verso/MS0972JerusalemNLI.Heb8333_83Verso.IEDC0198-per1
openiti_mss_MS0972JerusalemNLI.Heb8333_84Recto.IEDC1272-per1,,TRANSCRIPTION,National Library of Israel,,"Ms.Heb.8333.84, recto",,https://www.invisible-east.org/corpus/1272/,https://www.invisible-east.org/corpus/1272/,,,,Jerusalem,,,,per,OpenITI MSS machine-readable transcription; page-image rights are separate.,OpenITI transcription under CC BY-NC-SA 4.0; image rights separate,https://kitab-project.org/docs/openITI,True,True,OpenITI URI MS0972JerusalemNLI.Heb8333_84Recto.IEDC1272-per1,,False,CLEARED_WITH_ATTRIBUTION,P1,https://raw.githubusercontent.com/OpenITI/RELEASE/v2025.1.9/data/MS0972JerusalemNLI/MS0972JerusalemNLI.Heb8333_84Recto/MS0972JerusalemNLI.Heb8333_84Recto.IEDC1272-per1
openiti_mss_MS0972JerusalemNLI.Heb8333_84Verso.IEDC0199-per1,,TRANSCRIPTION,National Library of Israel,,"Ms.Heb.8333.84, verso",,https://www.invisible-east.org/corpus/199/,https://www.invisible-east.org/corpus/199/,,,,Jerusalem,,,,per,OpenITI MSS machine-readable transcription; page-image rights are separate.,OpenITI transcription under CC BY-NC-SA 4.0; image rights separate,https://kitab-project.org/docs/openITI,True,True,OpenITI URI MS0972JerusalemNLI.Heb8333_84Verso.IEDC0199-per1,,False,CLEARED_WITH_ATTRIBUTION,P1,https://raw.githubusercontent.com/OpenITI/RELEASE/v2025.1.9/data/MS0972JerusalemNLI/MS0972JerusalemNLI.Heb8333_84Verso/MS0972JerusalemNLI.Heb8333_84Verso.IEDC0199-per1
openiti_mss_MS0972JerusalemNLI.Heb8333_85Recto.IEDC1273-per1,,TRANSCRIPTION,National Library of Israel,,"Ms.Heb.8333.85, recto",,https://www.invisible-east.org/corpus/1273/,https://www.invisible-east.org/corpus/1273/,,,,Jerusalem,,,,per,OpenITI MSS machine-readable transcription; page-image rights are separate.,OpenITI transcription under CC BY-NC-SA 4.0; image rights separate,https://kitab-project.org/docs/openITI,True,True,OpenITI URI MS0972JerusalemNLI.Heb8333_85Recto.IEDC1273-per1,,False,CLEARED_WITH_ATTRIBUTION,P1,https://raw.githubusercontent.com/OpenITI/RELEASE/v2025.1.9/data/MS0972JerusalemNLI/MS0972JerusalemNLI.Heb8333_85Recto/MS0972JerusalemNLI.Heb8333_85Recto.IEDC1273-per1
openiti_mss_MS0972JerusalemNLI.Heb8333_85Verso.IEDC0200-per1,,TRANSCRIPTION,National Library of Israel,,"Ms.Heb.8333.85, verso",,https://www.invisible-east.org/corpus/200/,https://www.invisible-east.org/corpus/200/,,,,Jerusalem,,,,per,OpenITI MSS machine-readable transcription; page-image rights are separate.,OpenITI transcription under CC BY-NC-SA 4.0; image rights separate,https://kitab-project.org/docs/openITI,True,True,OpenITI URI MS0972JerusalemNLI.Heb8333_85Verso.IEDC0200-per1,,False,CLEARED_WITH_ATTRIBUTION,P1,https://raw.githubusercontent.com/OpenITI/RELEASE/v2025.1.9/data/MS0972JerusalemNLI/MS0972JerusalemNLI.Heb8333_85Verso/MS0972JerusalemNLI.Heb8333_85Verso.IEDC0200-per1
openiti_mss_MS0972JerusalemNLI.Heb8333_86Recto.IEDC0162-per1,,TRANSCRIPTION,National Library of Israel,,Ms.Heb.8333.86 recto,,https://www.invisible-east.org/corpus/162/,https://www.invisible-east.org/corpus/162/,,,,Jerusalem,,,,per,OpenITI MSS machine-readable transcription; page-image rights are separate.,OpenITI transcription under CC BY-NC-SA 4.0; image rights separate,https://kitab-project.org/docs/openITI,True,True,OpenITI URI MS0972JerusalemNLI.Heb8333_86Recto.IEDC0162-per1,,False,CLEARED_WITH_ATTRIBUTION,P1,https://raw.githubusercontent.com/OpenITI/RELEASE/v2025.1.9/data/MS0972JerusalemNLI/MS0972JerusalemNLI.Heb8333_86Recto/MS0972JerusalemNLI.Heb8333_86Recto.IEDC0162-per1
openiti_mss_MS0972JerusalemNLI.Heb8333_86Verso.IEDC1191-per1,,TRANSCRIPTION,National Library of Israel,,"Ms.Heb.8333.86, verso",,https://www.invisible-east.org/corpus/1191/,https://www.invisible-east.org/corpus/1191/,,,,Jerusalem,,,,per,OpenITI MSS machine-readable transcription; page-image rights are separate.,OpenITI transcription under CC BY-NC-SA 4.0; image rights separate,https://kitab-project.org/docs/openITI,True,True,OpenITI URI MS0972JerusalemNLI.Heb8333_86Verso.IEDC1191-per1,,False,CLEARED_WITH_ATTRIBUTION,P1,https://raw.githubusercontent.com/OpenITI/RELEASE/v2025.1.9/data/MS0972JerusalemNLI/MS0972JerusalemNLI.Heb8333_86Verso/MS0972JerusalemNLI.Heb8333_86Verso.IEDC1191-per1
openiti_mss_MS0972JerusalemNLI.Heb8333_87.IEDC1137-per1,,TRANSCRIPTION,National Library of Israel,,Ms.Heb.8333.87,,https://www.invisible-east.org/corpus/1137/,https://www.invisible-east.org/corpus/1137/,,,,Jerusalem,,,,per,OpenITI MSS machine-readable transcription; page-image rights are separate.,OpenITI transcription under CC BY-NC-SA 4.0; image rights separate,https://kitab-project.org/docs/openITI,True,True,OpenITI URI MS0972JerusalemNLI.Heb8333_87.IEDC1137-per1,,False,CLEARED_WITH_ATTRIBUTION,P1,https://raw.githubusercontent.com/OpenITI/RELEASE/v2025.1.9/data/MS0972JerusalemNLI/MS0972JerusalemNLI.Heb8333_87/MS0972JerusalemNLI.Heb8333_87.IEDC1137-per1
openiti_mss_MS0972JerusalemNLI.Heb8333_88.IEDC0072-per1,,TRANSCRIPTION,National Library of Israel,,Ms.Heb.8333.88,,https://www.invisible-east.org/corpus/72/,https://www.invisible-east.org/corpus/72/,,,,Jerusalem,,,,per,OpenITI MSS machine-readable transcription; page-image rights are separate.,OpenITI transcription under CC BY-NC-SA 4.0; image rights separate,https://kitab-project.org/docs/openITI,True,True,OpenITI URI MS0972JerusalemNLI.Heb8333_88.IEDC0072-per1,,False,CLEARED_WITH_ATTRIBUTION,P1,https://raw.githubusercontent.com/OpenITI/RELEASE/v2025.1.9/data/MS0972JerusalemNLI/MS0972JerusalemNLI.Heb8333_88/MS0972JerusalemNLI.Heb8333_88.IEDC0072-per1
openiti_mss_MS0972JerusalemNLI.Heb8333_89Recto.IEDC0265-per1,,TRANSCRIPTION,National Library of Israel,,"Ms.Heb.8333.89, recto",,https://www.invisible-east.org/corpus/265/,https://www.invisible-east.org/corpus/265/,,,,Jerusalem,,,,per,OpenITI MSS machine-readable transcription; page-image rights are separate.,OpenITI transcription under CC BY-NC-SA 4.0; image rights separate,https://kitab-project.org/docs/openITI,True,True,OpenITI URI MS0972JerusalemNLI.Heb8333_89Recto.IEDC0265-per1,,False,CLEARED_WITH_ATTRIBUTION,P1,https://raw.githubusercontent.com/OpenITI/RELEASE/v2025.1.9/data/MS0972JerusalemNLI/MS0972JerusalemNLI.Heb8333_89Recto/MS0972JerusalemNLI.Heb8333_89Recto.IEDC0265-per1
openiti_mss_MS0972JerusalemNLI.Heb8333_89Verso.IEDC0235-per1,,TRANSCRIPTION,National Library of Israel,,"Ms.Heb.8333.89, verso",,https://www.invisible-east.org/corpus/235/,https://www.invisible-east.org/corpus/235/,,,,Jerusalem,,,,per,OpenITI MSS machine-readable transcription; page-image rights are separate.,OpenITI transcription under CC BY-NC-SA 4.0; image rights separate,https://kitab-project.org/docs/openITI,True,True,OpenITI URI MS0972JerusalemNLI.Heb8333_89Verso.IEDC0235-per1,,False,CLEARED_WITH_ATTRIBUTION,P1,https://raw.githubusercontent.com/OpenITI/RELEASE/v2025.1.9/data/MS0972JerusalemNLI/MS0972JerusalemNLI.Heb8333_89Verso/MS0972JerusalemNLI.Heb8333_89Verso.IEDC0235-per1
openiti_mss_MS0972JerusalemNLI.Heb8333_90.IEDC0280-per1,,TRANSCRIPTION,National Library of Israel,,Ms.Heb.8333.90,,https://www.invisible-east.org/corpus/280/,https://www.invisible-east.org/corpus/280/,,,,Jerusalem,,,,per,OpenITI MSS machine-readable transcription; page-image rights are separate.,OpenITI transcription under CC BY-NC-SA 4.0; image rights separate,https://kitab-project.org/docs/openITI,True,True,OpenITI URI MS0972JerusalemNLI.Heb8333_90.IEDC0280-per1,,False,CLEARED_WITH_ATTRIBUTION,P1,https://raw.githubusercontent.com/OpenITI/RELEASE/v2025.1.9/data/MS0972JerusalemNLI/MS0972JerusalemNLI.Heb8333_90/MS0972JerusalemNLI.Heb8333_90.IEDC0280-per1
openiti_mss_MS0972JerusalemNLI.Heb8333_91.IEDC0079-per1,,TRANSCRIPTION,National Library of Israel,,Ms.Heb.8333.91,,https://www.invisible-east.org/corpus/79/,https://www.invisible-east.org/corpus/79/,,,,Jerusalem,,,,per,OpenITI MSS machine-readable transcription; page-image rights are separate.,OpenITI transcription under CC BY-NC-SA 4.0; image rights separate,https://kitab-project.org/docs/openITI,True,True,OpenITI URI MS0972JerusalemNLI.Heb8333_91.IEDC0079-per1,,False,CLEARED_WITH_ATTRIBUTION,P1,https://raw.githubusercontent.com/OpenITI/RELEASE/v2025.1.9/data/MS0972JerusalemNLI/MS0972JerusalemNLI.Heb8333_91/MS0972JerusalemNLI.Heb8333_91.IEDC0079-per1
openiti_mss_MS0972JerusalemNLI.Heb8333_92.IEDC0234-per1,,TRANSCRIPTION,National Library of Israel,,Ms.Heb.8333.92,,https://www.invisible-east.org/corpus/234/,https://www.invisible-east.org/corpus/234/,,,,Jerusalem,,,,per,OpenITI MSS machine-readable transcription; page-image rights are separate.,OpenITI transcription under CC BY-NC-SA 4.0; image rights separate,https://kitab-project.org/docs/openITI,True,True,OpenITI URI MS0972JerusalemNLI.Heb8333_92.IEDC0234-per1,,False,CLEARED_WITH_ATTRIBUTION,P1,https://raw.githubusercontent.com/OpenITI/RELEASE/v2025.1.9/data/MS0972JerusalemNLI/MS0972JerusalemNLI.Heb8333_92/MS0972JerusalemNLI.Heb8333_92.IEDC0234-per1
openiti_mss_MS0972JerusalemNLI.Heb8333_93.IEDC0062-per1,,TRANSCRIPTION,National Library of Israel,,Ms.Heb.8333.93,,https://www.invisible-east.org/corpus/62/,https://www.invisible-east.org/corpus/62/,,,,Jerusalem,,,,per,OpenITI MSS machine-readable transcription; page-image rights are separate.,OpenITI transcription under CC BY-NC-SA 4.0; image rights separate,https://kitab-project.org/docs/openITI,True,True,OpenITI URI MS0972JerusalemNLI.Heb8333_93.IEDC0062-per1,,False,CLEARED_WITH_ATTRIBUTION,P1,https://raw.githubusercontent.com/OpenITI/RELEASE/v2025.1.9/data/MS0972JerusalemNLI/MS0972JerusalemNLI.Heb8333_93/MS0972JerusalemNLI.Heb8333_93.IEDC0062-per1
openiti_mss_MS0972JerusalemNLI.Heb8333_94Recto.IEDC0233-per1,,TRANSCRIPTION,National Library of Israel,,"Ms.Heb.8333.94, recto",,https://www.invisible-east.org/corpus/233/,https://www.invisible-east.org/corpus/233/,,,,Jerusalem,,,,per,OpenITI MSS machine-readable transcription; page-image rights are separate.,OpenITI transcription under CC BY-NC-SA 4.0; image rights separate,https://kitab-project.org/docs/openITI,True,True,OpenITI URI MS0972JerusalemNLI.Heb8333_94Recto.IEDC0233-per1,,False,CLEARED_WITH_ATTRIBUTION,P1,https://raw.githubusercontent.com/OpenITI/RELEASE/v2025.1.9/data/MS0972JerusalemNLI/MS0972JerusalemNLI.Heb8333_94Recto/MS0972JerusalemNLI.Heb8333_94Recto.IEDC0233-per1
openiti_mss_MS0972JerusalemNLI.Heb8333_94Verso.IEDC0094-per1,,TRANSCRIPTION,National Library of Israel,,"Ms.Heb.8333.94, verso",,https://www.invisible-east.org/corpus/94/,https://www.invisible-east.org/corpus/94/,,,,Jerusalem,,,,per,OpenITI MSS machine-readable transcription; page-image rights are separate.,OpenITI transcription under CC BY-NC-SA 4.0; image rights separate,https://kitab-project.org/docs/openITI,True,True,OpenITI URI MS0972JerusalemNLI.Heb8333_94Verso.IEDC0094-per1,,False,CLEARED_WITH_ATTRIBUTION,P1,https://raw.githubusercontent.com/OpenITI/RELEASE/v2025.1.9/data/MS0972JerusalemNLI/MS0972JerusalemNLI.Heb8333_94Verso/MS0972JerusalemNLI.Heb8333_94Verso.IEDC0094-per1
openiti_mss_MS0972JerusalemNLI.Heb8333_95.IEDC0232-per1,,TRANSCRIPTION,National Library of Israel,,Ms.Heb.8333.95,,https://www.invisible-east.org/corpus/232/,https://www.invisible-east.org/corpus/232/,,,,Jerusalem,,,,per,OpenITI MSS machine-readable transcription; page-image rights are separate.,OpenITI transcription under CC BY-NC-SA 4.0; image rights separate,https://kitab-project.org/docs/openITI,True,True,OpenITI URI MS0972JerusalemNLI.Heb8333_95.IEDC0232-per1,,False,CLEARED_WITH_ATTRIBUTION,P1,https://raw.githubusercontent.com/OpenITI/RELEASE/v2025.1.9/data/MS0972JerusalemNLI/MS0972JerusalemNLI.Heb8333_95/MS0972JerusalemNLI.Heb8333_95.IEDC0232-per1
openiti_mss_MS0972JerusalemNLI.Heb8333_96.IEDC0091-per1,,TRANSCRIPTION,National Library of Israel,,Ms.Heb.8333.96,,https://www.invisible-east.org/corpus/91/,https://www.invisible-east.org/corpus/91/,,,,Jerusalem,,,,per,OpenITI MSS machine-readable transcription; page-image rights are separate.,OpenITI transcription under CC BY-NC-SA 4.0; image rights separate,https://kitab-project.org/docs/openITI,True,True,OpenITI URI MS0972JerusalemNLI.Heb8333_96.IEDC0091-per1,,False,CLEARED_WITH_ATTRIBUTION,P1,https://raw.githubusercontent.com/OpenITI/RELEASE/v2025.1.9/data/MS0972JerusalemNLI/MS0972JerusalemNLI.Heb8333_96/MS0972JerusalemNLI.Heb8333_96.IEDC0091-per1
openiti_mss_MS0972JerusalemNLI.Heb8333_97.IEDC0090-per1,,TRANSCRIPTION,National Library of Israel,,Ms.Heb.8333.97,,https://www.invisible-east.org/corpus/90/,https://www.invisible-east.org/corpus/90/,,,,Jerusalem,,,,per,OpenITI MSS machine-readable transcription; page-image rights are separate.,OpenITI transcription under CC BY-NC-SA 4.0; image rights separate,https://kitab-project.org/docs/openITI,True,True,OpenITI URI MS0972JerusalemNLI.Heb8333_97.IEDC0090-per1,,False,CLEARED_WITH_ATTRIBUTION,P1,https://raw.githubusercontent.com/OpenITI/RELEASE/v2025.1.9/data/MS0972JerusalemNLI/MS0972JerusalemNLI.Heb8333_97/MS0972JerusalemNLI.Heb8333_97.IEDC0090-per1
openiti_mss_MS0972JerusalemNLI.Heb8333_98.IEDC0227-per1,,TRANSCRIPTION,National Library of Israel,,Ms.Heb.8333.98,,https://www.invisible-east.org/corpus/227/,https://www.invisible-east.org/corpus/227/,,,,Jerusalem,,,,per,OpenITI MSS machine-readable transcription; page-image rights are separate.,OpenITI transcription under CC BY-NC-SA 4.0; image rights separate,https://kitab-project.org/docs/openITI,True,True,OpenITI URI MS0972JerusalemNLI.Heb8333_98.IEDC0227-per1,,False,CLEARED_WITH_ATTRIBUTION,P1,https://raw.githubusercontent.com/OpenITI/RELEASE/v2025.1.9/data/MS0972JerusalemNLI/MS0972JerusalemNLI.Heb8333_98/MS0972JerusalemNLI.Heb8333_98.IEDC0227-per1
openiti_mss_MS0972JerusalemNLI.Heb8333_99.IEDC0083-per1,,TRANSCRIPTION,National Library of Israel,,Ms.Heb.8333.99,,https://www.invisible-east.org/corpus/83/,https://www.invisible-east.org/corpus/83/,,,,Jerusalem,,,,per,OpenITI MSS machine-readable transcription; page-image rights are separate.,OpenITI transcription under CC BY-NC-SA 4.0; image rights separate,https://kitab-project.org/docs/openITI,True,True,OpenITI URI MS0972JerusalemNLI.Heb8333_99.IEDC0083-per1,,False,CLEARED_WITH_ATTRIBUTION,P1,https://raw.githubusercontent.com/OpenITI/RELEASE/v2025.1.9/data/MS0972JerusalemNLI/MS0972JerusalemNLI.Heb8333_99/MS0972JerusalemNLI.Heb8333_99.IEDC0083-per1
qdl_ms_delhi_arabic_1919,,IIIF_IMAGE_MANUSCRIPT,British Library,Oriental Manuscripts,Delhi Arabic 1919,Folios from four manuscripts on scientific subjects,https://www.qdl.qa/archive/81055/vdc_100052731448.0x000013,https://www.qdl.qa/archive/81055/vdc_100052731448.0x000013,https://www.qdl.qa/en/iiif/81055/vdc_100036848060.0x000001/manifest,,,,,,Arabic script,Arabic,Verified QDL/British Library IIIF item.,Public Domain,https://www.qdl.qa/archive/81055/vdc_100052731448.0x000013,True,NEEDS_PROVIDER_REUSE_POLICY_CONFIRMATION_FOR_DERIVATIVE_HOSTING,Cite British Library shelfmark and QDL item.,IIIF,UNVERIFIED,PUBLIC_DOMAIN,P1,
qdl_ms_or_5916_tadhkirat_kahhalin,,IIIF_IMAGE_MANUSCRIPT,British Library,Oriental Manuscripts,Or 5916,Tadhkirat al-kaḥḥālīn تذكرة الكحّالين,https://www.qdl.qa/en/archive/81055/vdc_100069802848.0x000068,https://www.qdl.qa/en/archive/81055/vdc_100069802848.0x000068,https://www.qdl.qa/en/iiif/81055/vdc_100049747259.0x000001/manifest,198,,,,,Arabic script,Arabic,Verified QDL/British Library IIIF item.,Public Domain,https://www.qdl.qa/en/archive/81055/vdc_100069802848.0x000068,True,NEEDS_PROVIDER_REUSE_POLICY_CONFIRMATION_FOR_DERIVATIVE_HOSTING,Cite British Library Or 5916 and QDL item.,IIIF,UNVERIFIED,PUBLIC_DOMAIN,P1,
qdl_ms_add_ms_23379_ajaib_aqalim,,IIIF_IMAGE_MANUSCRIPT,British Library,Oriental Manuscripts,Add MS 23379,‘Ajā’ib al-aqālīm al-sab‘ah عجائب الأقاليم السبعة,https://qdl.qa/en/archive/81055/vdc_100044787050.0x00006d,https://qdl.qa/en/archive/81055/vdc_100044787050.0x00006d,https://www.qdl.qa/en/iiif/81055/vdc_100027677075.0x000001/manifest,68,,,,,Arabic script,Arabic,Verified QDL/British Library IIIF item.,Public Domain,https://qdl.qa/en/archive/81055/vdc_100044787050.0x00006d,True,NEEDS_PROVIDER_REUSE_POLICY_CONFIRMATION_FOR_DERIVATIVE_HOSTING,Cite British Library Add MS 23379 and QDL item.,IIIF,UNVERIFIED,PUBLIC_DOMAIN,P1,
