person_id,canonical_name_ar,canonical_name_en,kunya,nisba,known_as,birth_year_hijri,death_year_hijri,birth_year_ce,death_year_ce,era,region,roles,schools,teachers,students,works_count,authority_ids,wikidata_id,viaf_id,isni_id,openiti_person_id,biography_sources
openiti_person_0001AbuTalibCabdManaf,أبو طالب,Abu Talib Cabd Manaf,,,,,,,,OpenITI date code 0001,,"[""author""]",[],[],[],1,[],,,,0001AbuTalibCabdManaf,"[""https://kitab-corpus-metadata.azurewebsites.net/""]"
openiti_person_0001AwsIbnHajar,أوس بن حجر,Aws Ibn Hajar,,,,,,,,OpenITI date code 0001,,"[""author""]",[],[],[],1,[],,,,0001AwsIbnHajar,"[""https://kitab-corpus-metadata.azurewebsites.net/""]"
openiti_person_0001CalqamaFahl,علقمة الفحل,Calqama Fahl,,,,,,,,OpenITI date code 0001,,"[""author""]",[],[],[],1,[],,,,0001CalqamaFahl,"[""https://kitab-corpus-metadata.azurewebsites.net/""]"
openiti_person_0001CamrIbnKulthum,عمرو بن كلثوم,Camr Ibn Kulthum,,,,,,,,OpenITI date code 0001,,"[""author""]",[],[],[],2,[],,,,0001CamrIbnKulthum,"[""https://kitab-corpus-metadata.azurewebsites.net/""]"
openiti_person_0001CamrIbnMalik,عمرو بن مالك,Camr Ibn Malik,,,,,,,,OpenITI date code 0001,,"[""author""]",[],[],[],1,[],,,,0001CamrIbnMalik,"[""https://kitab-corpus-metadata.azurewebsites.net/""]"
openiti_person_0001CamrIbnQumaya,عمرو بن قميئة,Camr Ibn Qumaya,,,,,,,,OpenITI date code 0001,,"[""author""]",[],[],[],1,[],,,,0001CamrIbnQumaya,"[""https://kitab-corpus-metadata.azurewebsites.net/""]"
openiti_person_0001CantaraIbnShaddad,عنترة بن شداد,Cantara Ibn Shaddad,,,,,,,,OpenITI date code 0001,,"[""author""]",[],[],[],2,[],,,,0001CantaraIbnShaddad,"[""https://kitab-corpus-metadata.azurewebsites.net/""]"
openiti_person_0001CurwaIbnWard,عروة بن الورد,Curwa Ibn Ward,,,,,,,,OpenITI date code 0001,,"[""author""]",[],[],[],1,[],,,,0001CurwaIbnWard,"[""https://kitab-corpus-metadata.azurewebsites.net/""]"
openiti_person_0001HajibIbnMudallil,حاجب بن حبيب,Hajib Ibn Mudallil,,,,,,,,OpenITI date code 0001,,"[""author""]",[],[],[],1,[],,,,0001HajibIbnMudallil,"[""https://kitab-corpus-metadata.azurewebsites.net/""]"
openiti_person_0001HarithIbnHilliza,الحارث بن حلزة,Harith Ibn Hilliza,,,,,,,,OpenITI date code 0001,,"[""author""]",[],[],[],2,[],,,,0001HarithIbnHilliza,"[""https://kitab-corpus-metadata.azurewebsites.net/""]"
openiti_person_0001HatimTai,حاتم الطائي,Hatim Tai,,,,,,,,OpenITI date code 0001,,"[""author""]",[],[],[],1,[],,,,0001HatimTai,"[""https://kitab-corpus-metadata.azurewebsites.net/""]"
openiti_person_0001ImruQaysIbnHujr,امرؤ القيس,Imru Qays Ibn Hujr,,,,,,,,OpenITI date code 0001,,"[""author""]",[],[],[],1,[],,,,0001ImruQaysIbnHujr,"[""https://kitab-corpus-metadata.azurewebsites.net/""]"
openiti_person_0001LaqitIbnYacmur,لقيط بن يعمر الإيادي,Laqit Ibn Yacmur,,,,,,,,OpenITI date code 0001,,"[""author""]",[],[],[],1,[],,,,0001LaqitIbnYacmur,"[""https://kitab-corpus-metadata.azurewebsites.net/""]"
openiti_person_0001MuhalhilIbnRabica,مهلهل بن ربيعة,Muhalhil Ibn Rabica,,,,,,,,OpenITI date code 0001,,"[""author""]",[],[],[],1,[],,,,0001MuhalhilIbnRabica,"[""https://kitab-corpus-metadata.azurewebsites.net/""]"
openiti_person_0001MuthaqqibCabdi,المثقب العبدي,Muthaqqib Cabdi,,,,,,,,OpenITI date code 0001,,"[""author""]",[],[],[],1,[],,,,0001MuthaqqibCabdi,"[""https://kitab-corpus-metadata.azurewebsites.net/""]"
openiti_person_0001NabighaDhubyani,النابغة الذبياني,Nabigha Dhubyani,,,,,,,,OpenITI date code 0001,,"[""author""]",[],[],[],1,[],,,,0001NabighaDhubyani,"[""https://kitab-corpus-metadata.azurewebsites.net/""]"
openiti_person_0001QaysIbnKhatim,قيس بن الخطيم,Qays Ibn Khatim,,,,,,,,OpenITI date code 0001,,"[""author""]",[],[],[],1,[],,,,0001QaysIbnKhatim,"[""https://kitab-corpus-metadata.azurewebsites.net/""]"
openiti_person_0001SalamaIbnJandal,سلامة بن جندل,Salama Ibn Jandal,,,,,,,,OpenITI date code 0001,,"[""author""]",[],[],[],1,[],,,,0001SalamaIbnJandal,"[""https://kitab-corpus-metadata.azurewebsites.net/""]"
openiti_person_0001SamawalIbnCadiya,السموأل,Samawal Ibn Cadiya,,,,,,,,OpenITI date code 0001,,"[""author""]",[],[],[],1,[],,,,0001SamawalIbnCadiya,"[""https://kitab-corpus-metadata.azurewebsites.net/""]"
openiti_person_0001Shanfara,عمرو بن مالك الأزدي توفي في عام 70 قبل الهجرة,Shanfara,,,,,,,,OpenITI date code 0001,,"[""author""]",[],[],[],1,[],,,,0001Shanfara,"[""https://kitab-corpus-metadata.azurewebsites.net/""]"
openiti_person_0001SulaykIbnSulaka,السليك بن عمرو,Sulayk Ibn Sulaka,,,,,,,,OpenITI date code 0001,,"[""author""]",[],[],[],1,[],,,,0001SulaykIbnSulaka,"[""https://kitab-corpus-metadata.azurewebsites.net/""]"
openiti_person_0001TaabbataSharran,ثابت بن جابر,Taabbata Sharran,,,,,,,,OpenITI date code 0001,,"[""author""]",[],[],[],1,[],,,,0001TaabbataSharran,"[""https://kitab-corpus-metadata.azurewebsites.net/""]"
openiti_person_0001TarafaIbnCabd,طرفة بن العبد,Tarafa Ibn Cabd,,,,,,,,OpenITI date code 0001,,"[""author""]",[],[],[],1,[],,,,0001TarafaIbnCabd,"[""https://kitab-corpus-metadata.azurewebsites.net/""]"
openiti_person_0001TufaylGhanawi,طفيل الغنوي,Tufayl Ghanawi,,,,,,,,OpenITI date code 0001,,"[""author""]",[],[],[],1,[],,,,0001TufaylGhanawi,"[""https://kitab-corpus-metadata.azurewebsites.net/""]"
openiti_person_0001ZuhayrIbnAbiSulma,زهير بن أبي سلمى,Zuhayr Ibn Abi Sulma,,,,,,,,OpenITI date code 0001,,"[""author""]",[],[],[],2,[],,,,0001ZuhayrIbnAbiSulma,"[""https://kitab-corpus-metadata.azurewebsites.net/""]"
openiti_person_0005Hadira,الحادرة,Hadira,,,,,,,,OpenITI date code 0005,,"[""author""]",[],[],[],1,[],,,,0005Hadira,"[""https://kitab-corpus-metadata.azurewebsites.net/""]"
openiti_person_0007MaymunIbnQaysAcsha,الأعشى,Maymun Ibn Qays Acsha,,,,,,,,OpenITI date code 0007,,"[""author""]",[],[],[],1,[],,,,0007MaymunIbnQaysAcsha,"[""https://kitab-corpus-metadata.azurewebsites.net/""]"
openiti_person_0011CamirIbnTufayl,عامر بن الطفيل,Camir Ibn Tufayl,,,,,11,,,OpenITI date code 0011,,"[""author""]",[],[],[],1,[],,,,0011CamirIbnTufayl,"[""https://kitab-corpus-metadata.azurewebsites.net/""]"
openiti_person_0021CamrZubaydi,عمرو بن معدي كرب,Camr Zubaydi,,,,,21,,,OpenITI date code 0021,,"[""author""]",[],[],[],1,[],,,,0021CamrZubaydi,"[""https://kitab-corpus-metadata.azurewebsites.net/""]"
openiti_person_0022ShammakhIbnDirar,الشماخ بن ضرار,Shammakh Ibn Dirar,,,,,22,,,OpenITI date code 0022,,"[""author""]",[],[],[],1,[],,,,0022ShammakhIbnDirar,"[""https://kitab-corpus-metadata.azurewebsites.net/""]"
openiti_person_0024TumadirBinCamrKhansa,الخنساء,Tumadir Bin Camr Khansa,,,,,24,,,OpenITI date code 0024,,"[""author""]",[],[],[],1,[],,,,0024TumadirBinCamrKhansa,"[""https://kitab-corpus-metadata.azurewebsites.net/""]"
openiti_person_0026KacbIbnZuhayr,كعب بن زهير,Kacb Ibn Zuhayr,,,,,26,,,OpenITI date code 0026,,"[""author""]",[],[],[],1,[],,,,0026KacbIbnZuhayr,"[""https://kitab-corpus-metadata.azurewebsites.net/""]"
openiti_person_0030CurwaIbnHizam,عروة بن حزام,Curwa Ibn Hizam,,,,,30,,,OpenITI date code 0030,,"[""author""]",[],[],[],1,[],,,,0030CurwaIbnHizam,"[""https://kitab-corpus-metadata.azurewebsites.net/""]"
openiti_person_0037IbnMuqbil,ابن مقبل,Ibn Muqbil,,,,,37,,,OpenITI date code 0037,,"[""author""]",[],[],[],1,[],,,,0037IbnMuqbil,"[""https://kitab-corpus-metadata.azurewebsites.net/""]"
openiti_person_0040CaliIbnAbiTalib,علي بن أبي طالب,Cali Ibn Abi Talib,,,,,40,,,OpenITI date code 0040,,"[""author""]",[],[],[],1,[],,,,0040CaliIbnAbiTalib,"[""https://kitab-corpus-metadata.azurewebsites.net/""]"
openiti_person_0041LabidIbnRabica,لبيد بن ربيعة العامري,Labid Ibn Rabica,,,,,41,,,OpenITI date code 0041,,"[""author""]",[],[],[],2,[],,,,0041LabidIbnRabica,"[""https://kitab-corpus-metadata.azurewebsites.net/""]"
openiti_person_0045JarwalIbnAwsHutaya,الحطيئة,Jarwal Ibn Aws Hutaya,,,,,45,,,OpenITI date code 0045,,"[""author""]",[],[],[],1,[],,,,0045JarwalIbnAwsHutaya,"[""https://kitab-corpus-metadata.azurewebsites.net/""]"
openiti_person_0050KhirniqBintBadr,الخرنق بنت بدر,Khirniq Bint Badr,,,,,50,,,OpenITI date code 0050,,"[""author""]",[],[],[],1,[],,,,0050KhirniqBintBadr,"[""https://kitab-corpus-metadata.azurewebsites.net/""]"
openiti_person_0054HassanIbnThabit,حسان بن ثابت,Hassan Ibn Thabit,,,,,54,,,OpenITI date code 0054,,"[""author""]",[],[],[],1,[],,,,0054HassanIbnThabit,"[""https://kitab-corpus-metadata.azurewebsites.net/""]"
openiti_person_0060MucawiyaIbnAbiSufyan,معاوية بن أبي سفيان,Mucawiya Ibn Abi Sufyan,,,,,60,,,OpenITI date code 0060,,"[""author""]",[],[],[],1,[],,,,0060MucawiyaIbnAbiSufyan,"[""https://kitab-corpus-metadata.azurewebsites.net/""]"
openiti_person_0060SuwaydIbnAbiKahil,ابن أبي كاهل,Suwayd Ibn Abi Kahil,,,,,60,,,OpenITI date code 0060,,"[""author""]",[],[],[],1,[],,,,0060SuwaydIbnAbiKahil,"[""https://kitab-corpus-metadata.azurewebsites.net/""]"
openiti_person_0063AbuDihbilJumahi,أبو دهبل الجمحي,Abu Dihbil Jumahi,,,,,63,,,OpenITI date code 0063,,"[""author""]",[],[],[],1,[],,,,0063AbuDihbilJumahi,"[""https://kitab-corpus-metadata.azurewebsites.net/""]"
openiti_person_0068CabdAllahIbnCabbas,عن الصحابي عبد الله بن عباس بن عبد المطلب القرشي الهاشمي، أبو العباس (المتوفى: 68هـ) - رضي الله عنهما,Cabd Allah Ibn Cabbas,,,,,68,,,OpenITI date code 0068,,"[""author""]",[],[],[],1,[],,,,0068CabdAllahIbnCabbas,"[""https://kitab-corpus-metadata.azurewebsites.net/""]"
openiti_person_0068QaysIbnDharihLubna,قيس لبنى,Qays Ibn Dharih Lubna,,,,,68,,,OpenITI date code 0068,,"[""author""]",[],[],[],1,[],,,,0068QaysIbnDharihLubna,"[""https://kitab-corpus-metadata.azurewebsites.net/""]"
openiti_person_0068QaysMajnunLayla,مجنون ليلى,Qays Majnun Layla,,,,,68,,,OpenITI date code 0068,,"[""author""]",[],[],[],1,[],,,,0068QaysMajnunLayla,"[""https://kitab-corpus-metadata.azurewebsites.net/""]"
openiti_person_0080LaylaAkhyaliyya,ليلى الأخيلية,Layla Akhyaliyya,,,,,80,,,OpenITI date code 0080,,"[""author""]",[],[],[],1,[],,,,0080LaylaAkhyaliyya,"[""https://kitab-corpus-metadata.azurewebsites.net/""]"
openiti_person_0080UqayshirAsadi,الأقيشر السعدي,Uqayshir Asadi,,,,,80,,,OpenITI date code 0080,,"[""author""]",[],[],[],1,[],,,,0080UqayshirAsadi,"[""https://kitab-corpus-metadata.azurewebsites.net/""]"
openiti_person_0082JamilButhayna,جميل بثينة,Jamil Buthayna,,,,,82,,,OpenITI date code 0082,,"[""author""]",[],[],[],1,[],,,,0082JamilButhayna,"[""https://kitab-corpus-metadata.azurewebsites.net/""]"
openiti_person_0085SulaymIbnQaysHilali,تحقيق محمد باقر الأنصاري,Sulaym Ibn Qays Hilali,,,,,85,,,OpenITI date code 0085,,"[""author""]",[],[],[],1,[],,,,0085SulaymIbnQaysHilali,"[""https://kitab-corpus-metadata.azurewebsites.net/""]"
openiti_person_0090AkhtalShacir,الأخطل,Akhtal Shacir,,,,,90,,,OpenITI date code 0090,,"[""author""]",[],[],[],1,[],,,,0090AkhtalShacir,"[""https://kitab-corpus-metadata.azurewebsites.net/""]"
openiti_person_0090RaciNumayriShacir,الراعي النميري,Raci Numayri Shacir,,,,,90,,,OpenITI date code 0090,,"[""author""]",[],[],[],1,[],,,,0090RaciNumayriShacir,"[""https://kitab-corpus-metadata.azurewebsites.net/""]"
openiti_person_0090WaddahYaman,وضاح اليمن,Waddah Yaman,,,,,90,,,OpenITI date code 0090,,"[""author""]",[],[],[],1,[],,,,0090WaddahYaman,"[""https://kitab-corpus-metadata.azurewebsites.net/""]"
openiti_person_0093IbnAbiRabica,عمر ابن أبي ربيعة,Ibn Abi Rabica,,,,,93,,,OpenITI date code 0093,,"[""author""]",[],[],[],1,[],,,,0093IbnAbiRabica,"[""https://kitab-corpus-metadata.azurewebsites.net/""]"
openiti_person_0095CadiIbnRiqac,عدي بن الرقاع,Cadi Ibn Riqac,,,,,95,,,OpenITI date code 0095,,"[""author""]",[],[],[],1,[],,,,0095CadiIbnRiqac,"[""https://kitab-corpus-metadata.azurewebsites.net/""]"
openiti_person_0104MujahidIbnJabr,مجاهد,Mujahid Ibn Jabr,,,,,104,,,OpenITI date code 0104,,"[""author""]",[],[],[],1,[],,,,0104MujahidIbnJabr,"[""https://kitab-corpus-metadata.azurewebsites.net/""]"
openiti_person_0105AhwasAnsari,الأحوص,Ahwas Ansari,,,,,105,,,OpenITI date code 0105,,"[""author""]",[],[],[],1,[],,,,0105AhwasAnsari,"[""https://kitab-corpus-metadata.azurewebsites.net/""]"
openiti_person_0105KuthayyirCazza,كثير عزة,Kuthayyir Cazza,,,,,105,,,OpenITI date code 0105,,"[""author""]",[],[],[],1,[],,,,0105KuthayyirCazza,"[""https://kitab-corpus-metadata.azurewebsites.net/""]"
openiti_person_0110Farazdaq,الفرزدق,Farazdaq,,,,,110,,,OpenITI date code 0110,,"[""author""]",[],[],[],1,[],,,,0110Farazdaq,"[""https://kitab-corpus-metadata.azurewebsites.net/""]"
openiti_person_0110HasanBasri,الحسن البصري,Hasan Basri,,,al-Ḥasan al-Baṣrī,,110,,,OpenITI date code 0110,,"[""author""]",[],[],[],2,[],,,,0110HasanBasri,"[""https://kitab-corpus-metadata.azurewebsites.net/""]"
openiti_person_0110IbnSirin,ابن سيرين,Ibn Sirin,,,,,110,,,OpenITI date code 0110,,"[""author""]",[],[],[],1,[],,,,0110IbnSirin,"[""https://kitab-corpus-metadata.azurewebsites.net/""]"
openiti_person_0110JarirShacir,جرير,Jarir Shacir,,,,,110,,,OpenITI date code 0110,,"[""author""]",[],[],[],1,[],,,,0110JarirShacir,"[""https://kitab-corpus-metadata.azurewebsites.net/""]"
openiti_person_0117DhuRumma,ذو الرمة,Dhu Rumma,,,,,117,,,OpenITI date code 0117,,"[""author""]",[],[],[],1,[],,,,0117DhuRumma,"[""https://kitab-corpus-metadata.azurewebsites.net/""]"
openiti_person_0117IbnDicamaSadusi,قتادة بن دعامة بن قتادة السدوسي أبو الخطاب,Ibn Dicama Sadusi,,,,,117,,,OpenITI date code 0117,,"[""author""]",[],[],[],1,[],,,,0117IbnDicamaSadusi,"[""https://kitab-corpus-metadata.azurewebsites.net/""]"
openiti_person_0122ZaydIbnCali,زيد بن علي بن الحسين بن علي بن أبي طالب,Zayd Ibn Cali,,,,,122,,,OpenITI date code 0122,,"[""author""]",[],[],[],4,[],,,,0122ZaydIbnCali,"[""https://kitab-corpus-metadata.azurewebsites.net/""]"
openiti_person_0124IbnShihabZuhri,ابن شهاب الزهري,Ibn Shihab Zuhri,,,,,124,,,OpenITI date code 0124,,"[""author""]",[],[],[],1,[],,,,0124IbnShihabZuhri,"[""https://kitab-corpus-metadata.azurewebsites.net/""]"
openiti_person_0125NabighaShaybani,النابغة الشيباني,Nabigha Shaybani,,,,,125,,,OpenITI date code 0125,,"[""author""]",[],[],[],1,[],,,,0125NabighaShaybani,"[""https://kitab-corpus-metadata.azurewebsites.net/""]"
openiti_person_0125Tirimmah,الطرماح,Tirimmah,,,,,125,,,OpenITI date code 0125,,"[""author""]",[],[],[],1,[],,,,0125Tirimmah,"[""https://kitab-corpus-metadata.azurewebsites.net/""]"
openiti_person_0126KumaytIbnZaydAsadi,كميت بن زيد الأسدي,Kumayt Ibn Zayd Asadi,,,,,126,,,OpenITI date code 0126,,"[""author""]",[],[],[],1,[],,,,0126KumaytIbnZaydAsadi,"[""https://kitab-corpus-metadata.azurewebsites.net/""]"
openiti_person_0128IbnAbiHabibMisri,يزيد بن أبى حبيب سويد الأزدى أبو رجاء المصرى مولى شريك بن الطفيل الأزدى (المتوفى: 128هـ),Ibn Abi Habib Misri,,,,,128,,,OpenITI date code 0128,,"[""author""]",[],[],[],1,[],,,,0128IbnAbiHabibMisri,"[""https://kitab-corpus-metadata.azurewebsites.net/""]"
openiti_person_0130CurwaIbnUdhayna,عروة بن أذينة,Curwa Ibn Udhayna,,,,,130,,,OpenITI date code 0130,,"[""author""]",[],[],[],1,[],,,,0130CurwaIbnUdhayna,"[""https://kitab-corpus-metadata.azurewebsites.net/""]"
openiti_person_0130IbnBashirKhariji,محمد بن بشير الخارجي,Ibn Bashir Khariji,,,,,130,,,OpenITI date code 0130,,"[""author""]",[],[],[],1,[],,,,0130IbnBashirKhariji,"[""https://kitab-corpus-metadata.azurewebsites.net/""]"
openiti_person_0131ZubayrHamdani,الزبير بن عدي أبو عدي الهمداني اليامي الكوفي، قاضي الري (المتوفى: 131هـ),Zubayr Hamdani,,,,,131,,,OpenITI date code 0131,,"[""author""]",[],[],[],1,[],,,,0131ZubayrHamdani,"[""https://kitab-corpus-metadata.azurewebsites.net/""]"
openiti_person_0132HammamIbnMunabbih,همام بن منبه,Hammam Ibn Munabbih,,,,,132,,,OpenITI date code 0132,,"[""author""]",[],[],[],1,[],,,,0132HammamIbnMunabbih,"[""https://kitab-corpus-metadata.azurewebsites.net/""]"
openiti_person_0139IbnMuqaffac,عبد الله بن المقفع (المتوفى: 142هـ),Ibn Muqaffac,,,,,139,,,OpenITI date code 0139,,"[""author""]",[],[],[],3,[],,,,0139IbnMuqaffac,"[""https://kitab-corpus-metadata.azurewebsites.net/""]"
openiti_person_0141MusaIbnCuqba,موسى بن عقبة بن أبي عياش الأسدي بالولاء، أبو محمد، مولى آل الزبير (المتوفى: 141هـ),Musa Ibn Cuqba,,,,,141,,,OpenITI date code 0141,,"[""author""]",[],[],[],1,[],,,,0141MusaIbnCuqba,"[""https://kitab-corpus-metadata.azurewebsites.net/""]"
openiti_person_0145MufaddalIbnCumarJucfi,المفضل بن عمر الجعفي,Mufaddal Ibn Cumar Jucfi,,,al-Mufaḍḍal b. ʿUmar al-Juʿfī,,145,,,OpenITI date code 0145,,"[""author""]",[],[],[],1,[],,,,0145MufaddalIbnCumarJucfi,"[""https://kitab-corpus-metadata.azurewebsites.net/""]"
openiti_person_0146MujacaIbnZubayr,مجاعة بن الزبير البصري (المتوفى: 146هـ),Mujaca Ibn Zubayr,,,,,146,,,OpenITI date code 0146,,"[""author""]",[],[],[],1,[],,,,0146MujacaIbnZubayr,"[""https://kitab-corpus-metadata.azurewebsites.net/""]"
openiti_person_0148AbuHamzaThumali,أبو حمزة الثمالي,Abu Hamza Thumali,,,,,148,,,OpenITI date code 0148,,"[""author""]",[],[],[],1,[],,,,0148AbuHamzaThumali,"[""https://kitab-corpus-metadata.azurewebsites.net/""]"
openiti_person_0148JacfarSadiq,المنسوب للإمام الصادق (ع),Jacfar Sadiq,,,,,148,,,OpenITI date code 0148,,"[""author""]",[],[],[],1,[],,,,0148JacfarSadiq,"[""https://kitab-corpus-metadata.azurewebsites.net/""]"
openiti_person_0150AbuHanifa,أبو حنيفة,Abu Hanifa,,,Abū Ḥanīfaŧ,,150,,,OpenITI date code 0150,,"[""author""]",[],[],[],4,[],,,,0150AbuHanifa,"[""https://kitab-corpus-metadata.azurewebsites.net/""]"
openiti_person_0150IbnJurayj,أبو الوليد و أبو خالد عبد الملك بن عبد العزيز بن جريج القرشي الأموي المكي (المتوفى : 150هـ),Ibn Jurayj,,,,,150,,,OpenITI date code 0150,,"[""author""]",[],[],[],1,[],,,,0150IbnJurayj,"[""https://kitab-corpus-metadata.azurewebsites.net/""]"
openiti_person_0150MuqatilIbnSulayman,مقاتل بن سليمان,Muqatil Ibn Sulayman,,,,,150,,,OpenITI date code 0150,,"[""author""]",[],[],[],1,[],,,,0150MuqatilIbnSulayman,"[""https://kitab-corpus-metadata.azurewebsites.net/""]"
openiti_person_0150SalihIbnJinahLakhmi,صالح بن جناح,Salih Ibn Jinah Lakhmi,,,,,150,,,OpenITI date code 0150,,"[""author""]",[],[],[],1,[],,,,0150SalihIbnJinahLakhmi,"[""https://kitab-corpus-metadata.azurewebsites.net/""]"
openiti_person_0151IbnIshaq,ابن اسحاق,Ibn Ishaq,,,åbn Isḥāq,,151,,,OpenITI date code 0151,,"[""author""]",[],[],[],1,[],,,,0151IbnIshaq,"[""https://kitab-corpus-metadata.azurewebsites.net/""]"
openiti_person_0151MacmarIbnRashid,معمر بن راشد الأزدي,Macmar Ibn Rashid,,,,,151,,,OpenITI date code 0151,,"[""author""]",[],[],[],1,[],,,,0151MacmarIbnRashid,"[""https://kitab-corpus-metadata.azurewebsites.net/""]"
openiti_person_0156IbnAbiCuruba,أبو النضر سعيد بن أبي عروبة: مهران العدوي ـ ولاء ـ البصري (المتوفى : 156هـ),Ibn Abi Curuba,,,,,156,,,OpenITI date code 0156,,"[""author""]",[],[],[],1,[],,,,0156IbnAbiCuruba,"[""https://kitab-corpus-metadata.azurewebsites.net/""]"
openiti_person_0157AbuMikhnafAzdi,أبو مخنف الأزدي,Abu Mikhnaf Azdi,,,,,157,,,OpenITI date code 0157,,"[""author""]",[],[],[],2,[],,,,0157AbuMikhnafAzdi,"[""https://kitab-corpus-metadata.azurewebsites.net/""]"
openiti_person_0161SufyanThawri,سفيان الثوري,Sufyan Thawri,,,Sufyān al-Ṯawrī,,161,,,OpenITI date code 0161,,"[""author""]",[],[],[],3,[],,,,0161SufyanThawri,"[""https://kitab-corpus-metadata.azurewebsites.net/""]"
openiti_person_0164MajishunMadani,أبو عبد الله، وأبو الأصبغ الماجشون عبد العزيز بن عبد الله التيمي ابن أبي سلمة ميمون - وقيل: دينار - التيمي مولاهم، المدني (المتوفى: 164هـ),Majishun Madani,,,,,164,,,OpenITI date code 0164,,"[""author""]",[],[],[],1,[],,,,0164MajishunMadani,"[""https://kitab-corpus-metadata.azurewebsites.net/""]"
openiti_person_0167BashsharIbnBurdShacir,بشار بن برد,Bashshar Ibn Burd Shacir,,,,,167,,,OpenITI date code 0167,,"[""author""]",[],[],[],1,[],,,,0167BashsharIbnBurdShacir,"[""https://kitab-corpus-metadata.azurewebsites.net/""]"
openiti_person_0167SariIbnYahyaBasri,السرى بن يحيى بن إياس بن حرملة بن إياس الشيبانى المحلمى، أبو الهيثم، ويقال أبو يحيى، البصرى (المتوفى: 167هـ),Sari Ibn Yahya Basri,,,,,167,,,OpenITI date code 0167,,"[""author""]",[],[],[],1,[],,,,0167SariIbnYahyaBasri,"[""https://kitab-corpus-metadata.azurewebsites.net/""]"
openiti_person_0168IbnTahman,ابن طهمان,Ibn Tahman,,,,,168,,,OpenITI date code 0168,,"[""author""]",[],[],[],1,[],,,,0168IbnTahman,"[""https://kitab-corpus-metadata.azurewebsites.net/""]"
openiti_person_0168MufaddalDabbi,المفضل بن محمد بن يعلى بن سالم الضبي (المتوفى : نحو 168هـ),Mufaddal Dabbi,,,,,168,,,OpenITI date code 0168,,"[""author""]",[],[],[],2,[],,,,0168MufaddalDabbi,"[""https://kitab-corpus-metadata.azurewebsites.net/""]"
openiti_person_0170AbuZaydQurashi,أبو زيد القرشي,Abu Zayd Qurashi,,,,,170,,,OpenITI date code 0170,,"[""author""]",[],[],[],1,[],,,,0170AbuZaydQurashi,"[""https://kitab-corpus-metadata.azurewebsites.net/""]"
openiti_person_0170KhalilFarahidi,خليل الفراهيدي,Khalil Farahidi,,,Ḫalīl al-Farāhīdī,,170,,,OpenITI date code 0170,,"[""author""]",[],[],[],2,[],,,,0170KhalilFarahidi,"[""https://kitab-corpus-metadata.azurewebsites.net/""]"
openiti_person_0170RabicIbnHabibAzdi,الربيع بن حبيب بن عمر الأزدي البصري (المتوفى حوالي سنة: 170ه),Rabic Ibn Habib Azdi,,,,,170,,,OpenITI date code 0170,,"[""author""]",[],[],[],1,[],,,,0170RabicIbnHabibAzdi,"[""https://kitab-corpus-metadata.azurewebsites.net/""]"
openiti_person_0173SayyidHimyari,"إسماعيل بن محمد بن يزيد بن ربيعة بن مفرع الحميري. لقبه "" السيد "" وكنيته "" أبو هاشم "" وجده "" يزيد بن ربيعة """,Sayyid Himyari,,,,,173,,,OpenITI date code 0173,,"[""author""]",[],[],[],1,[],,,,0173SayyidHimyari,"[""https://kitab-corpus-metadata.azurewebsites.net/""]"
openiti_person_0175Anonymous,مترجم مجهول,Anonymous,,,,,175,,,OpenITI date code 0175,,"[""author""]",[],[],[],1,[],,,,0175Anonymous,"[""https://kitab-corpus-metadata.azurewebsites.net/""]"
openiti_person_0175LaythIbnSacd,أبو الحارث الليث بن سعد بن عبد الرحمن الفهمي المصري (المتوفى: 175هـ),Layth Ibn Sacd,,,,,175,,,OpenITI date code 0175,,"[""author""]",[],[],[],3,[],,,,0175LaythIbnSacd,"[""https://kitab-corpus-metadata.azurewebsites.net/""]"
openiti_person_0179MalikIbnAnas,مالك بن أنس,Malik Ibn Anas,,,Mālik b. Anas,,179,,,OpenITI date code 0179,,"[""author""]",[],[],[],2,[],,,,0179MalikIbnAnas,"[""https://kitab-corpus-metadata.azurewebsites.net/""]"
openiti_person_0180AbuShamaqmaq,أبو الشمقمق,Abu Shamaqmaq,,,,,180,,,OpenITI date code 0180,,"[""author""]",[],[],[],1,[],,,,0180AbuShamaqmaq,"[""https://kitab-corpus-metadata.azurewebsites.net/""]"
openiti_person_0180IbnJacfarAnsari,إسماعيل بن جعفر بن أبي كثير الأنصاري الزرقي مولاهم، أبو إسحاق المدني - ويكني أيضا: أبا إبراهيم (المتوفى: 180هـ),Ibn Jacfar Ansari,,,,,180,,,OpenITI date code 0180,,"[""author""]",[],[],[],1,[],,,,0180IbnJacfarAnsari,"[""https://kitab-corpus-metadata.azurewebsites.net/""]"
openiti_person_0180Sibawayhi,سيبويه,Sibawayhi,,,Sībawayhi,,180,,,OpenITI date code 0180,,"[""author""]",[],[],[],1,[],,,,0180Sibawayhi,"[""https://kitab-corpus-metadata.azurewebsites.net/""]"
openiti_person_0181IbnMubarak,ابن مبارك,Ibn Mubarak,,,Ibn Mubārak,,181,,,OpenITI date code 0181,,"[""author""]",[],[],[],5,[],,,,0181IbnMubarak,"[""https://kitab-corpus-metadata.azurewebsites.net/""]"
openiti_person_0182AbuYusufYacqub,أبو يوسف,Abu Yusuf Yacqub,,,Abū Yūsuf,,182,,,OpenITI date code 0182,,"[""author""]",[],[],[],4,[],,,,0182AbuYusufYacqub,"[""https://kitab-corpus-metadata.azurewebsites.net/""]"
openiti_person_0182MarwanIbnAbiHafsa,مروان ابن أبي حفصة,Marwan Ibn Abi Hafsa,,,,,182,,,OpenITI date code 0182,,"[""author""]",[],[],[],1,[],,,,0182MarwanIbnAbiHafsa,"[""https://kitab-corpus-metadata.azurewebsites.net/""]"
openiti_person_0183AbuHayyaNumayri,أبو حية النميري,Abu Hayya Numayri,,,,,183,,,OpenITI date code 0183,,"[""author""]",[],[],[],1,[],,,,0183AbuHayyaNumayri,"[""https://kitab-corpus-metadata.azurewebsites.net/""]"
openiti_person_0184AbuIshaqZuhri,إبراهيم بن سعد بن إبراهيم بن عبد الرحمن بن عوف، أبو إسحاق الزهري (المتوفى: 184هـ),Abu Ishaq Zuhri,,,,,184,,,OpenITI date code 0184,,"[""author""]",[],[],[],1,[],,,,0184AbuIshaqZuhri,"[""https://kitab-corpus-metadata.azurewebsites.net/""]"
openiti_person_0185IbnCimranMawsili,أبو مسعود المعافى بن عمران بن نفيل بن جابر الأزدي الموصلي (المتوفى: 185هـ),Ibn Cimran Mawsili,,,,,185,,,OpenITI date code 0185,,"[""author""]",[],[],[],1,[],,,,0185IbnCimranMawsili,"[""https://kitab-corpus-metadata.azurewebsites.net/""]"
openiti_person_0188IbnMuhammadFazari,أبو إسحاق إبراهيم بن محمد بن الحارث بن أسماء بن خارجة بن حصن الفزاري (المتوفى: 188هـ),Ibn Muhammad Fazari,,,,,188,,,OpenITI date code 0188,,"[""author""]",[],[],[],1,[],,,,0188IbnMuhammadFazari,"[""https://kitab-corpus-metadata.azurewebsites.net/""]"
openiti_person_0189IbnHamzaKisai,علي بن حمزة بن عبد الله الأسدي بالولاء، الكوفي، أبو الحسن الكسائي (المتوفى: 189هـ),Ibn Hamza Kisai,,,,,189,,,OpenITI date code 0189,,"[""author""]",[],[],[],1,[],,,,0189IbnHamzaKisai,"[""https://kitab-corpus-metadata.azurewebsites.net/""]"
openiti_person_0189MuhammadShaybani,الشيباني,Muhammad Shaybani,,,al-Šaybānī,,189,,,OpenITI date code 0189,,"[""author""]",[],[],[],8,[],,,,0189MuhammadShaybani,"[""https://kitab-corpus-metadata.azurewebsites.net/""]"
openiti_person_0191IbnQasimMisri,عبد الرحمن بن القاسم بن خالد بن جنادة العتقي المصري، أبو عبد الله، ويعرف بابن القاسم (المتوفى: 191هـ),Ibn Qasim Misri,,,,,191,,,OpenITI date code 0191,,"[""author""]",[],[],[],1,[],,,,0191IbnQasimMisri,"[""https://kitab-corpus-metadata.azurewebsites.net/""]"
openiti_person_0192IbnAhnaf,أبو الفضل بن الأحنف,Ibn Ahnaf,,,,,192,,,OpenITI date code 0192,,"[""author""]",[],[],[],1,[],,,,0192IbnAhnaf,"[""https://kitab-corpus-metadata.azurewebsites.net/""]"
openiti_person_0195IbnFudaylDabbi,أبو عبد الرحمن محمد بن فضيل بن غزوان الضبي,Ibn Fudayl Dabbi,,,,,195,,,OpenITI date code 0195,,"[""author""]",[],[],[],1,[],,,,0195IbnFudaylDabbi,"[""https://kitab-corpus-metadata.azurewebsites.net/""]"
openiti_person_0195MuarrijSadusi,أبو فيد مؤرج بن عمرو السدوسي (المتوفى : 195هـ),Muarrij Sadusi,,,,,195,,,OpenITI date code 0195,,"[""author""]",[],[],[],2,[],,,,0195MuarrijSadusi,"[""https://kitab-corpus-metadata.azurewebsites.net/""]"
openiti_person_0197IbnWahbQurashi,عبد الله بن وهب بن مسلم القرشي أبو محمد المصري,Ibn Wahb Qurashi,,,,,197,,,OpenITI date code 0197,,"[""author""]",[],[],[],7,[],,,,0197IbnWahbQurashi,"[""https://kitab-corpus-metadata.azurewebsites.net/""]"
openiti_person_0197WakicIbnJarrah,وكيع بن الجراح,Wakic Ibn Jarrah,,,,,197,,,OpenITI date code 0197,,"[""author""]",[],[],[],2,[],,,,0197WakicIbnJarrah,"[""https://kitab-corpus-metadata.azurewebsites.net/""]"
openiti_person_0198AbuNuwasShacir,الحسن بن هانئ,Abu Nuwas Shacir,,,,,198,,,OpenITI date code 0198,,"[""author""]",[],[],[],1,[],,,,0198AbuNuwasShacir,"[""https://kitab-corpus-metadata.azurewebsites.net/""]"
openiti_person_0198RabicaRaqqi,ربيعة الرقي,Rabica Raqqi,,,,,198,,,OpenITI date code 0198,,"[""author""]",[],[],[],1,[],,,,0198RabicaRaqqi,"[""https://kitab-corpus-metadata.azurewebsites.net/""]"
openiti_person_0198SufyanIbnCuyayna,سفيان بن عيينة,Sufyan Ibn Cuyayna,,,Sufyān b. ʿUyaynaŧ,,198,,,OpenITI date code 0198,,"[""author""]",[],[],[],2,[],,,,0198SufyanIbnCuyayna,"[""https://kitab-corpus-metadata.azurewebsites.net/""]"
openiti_person_0200AbuGhanimKhurasani,أبو غانم الخراساني,Abu Ghanim Khurasani,,,Abū Ġānim al-Ḫurāsānī,,200,,,OpenITI date code 0200,,"[""author""]",[],[],[],2,[],,,,0200AbuGhanimKhurasani,"[""https://kitab-corpus-metadata.azurewebsites.net/""]"
openiti_person_0200AbuShis,أبو الشيص محمد,Abu Shis,,,,,200,,,OpenITI date code 0200,,"[""author""]",[],[],[],1,[],,,,0200AbuShis,"[""https://kitab-corpus-metadata.azurewebsites.net/""]"
openiti_person_0200Anonymous,مؤلف مجهول,Anonymous,,,Muʾallif majhūl,,200,,,OpenITI date code 0200,,"[""author""]",[],[],[],1,[],,,,0200Anonymous,"[""https://kitab-corpus-metadata.azurewebsites.net/""]"
openiti_person_0200IbnJacfarSadiq,ابن الإمام جعفر الصادق (ع),Ibn Jacfar Sadiq,,,,,200,,,OpenITI date code 0200,,"[""author""]",[],[],[],1,[],,,,0200IbnJacfarSadiq,"[""https://kitab-corpus-metadata.azurewebsites.net/""]"
openiti_person_0200SayfIbnCumar,سيف بن عمر,Sayf Ibn Cumar,,,Sayf b. ʿUmar,,200,,,OpenITI date code 0200,,"[""author""]",[],[],[],1,[],,,,0200SayfIbnCumar,"[""https://kitab-corpus-metadata.azurewebsites.net/""]"
openiti_person_0200YahyaIbnBitriq,يحيى بن البطريق,Yahya Ibn Bitriq,,,Yaḥyá b. al-Biṭrīq,,200,,,OpenITI date code 0200,,"[""author""]",[],[],[],4,[],,,,0200YahyaIbnBitriq,"[""https://kitab-corpus-metadata.azurewebsites.net/""]"
openiti_person_0200YahyaIbnSallam,يحيى بن سلام بن أبي ثعلبة، التيمي بالولاء، من تيم ربيعة، البصري ثم الإفريقي القيرواني (المتوفى: 200هـ),Yahya Ibn Sallam,,,,,200,,,OpenITI date code 0200,,"[""author""]",[],[],[],2,[],,,,0200YahyaIbnSallam,"[""https://kitab-corpus-metadata.azurewebsites.net/""]"
openiti_person_0201CaliIbnCasim,علي بن عاصم,Cali Ibn Casim,,,ʿAlī b. ʿĀṣim,,201,,,OpenITI date code 0201,,"[""author""]",[],[],[],1,[],,,,0201CaliIbnCasim,"[""https://kitab-corpus-metadata.azurewebsites.net/""]"
openiti_person_0203CaliRida,علي الرضى,Cali Rida,,,ʿAlī al-Riḍá,,203,,,OpenITI date code 0203,,"[""author""]",[],[],[],2,[],,,,0203CaliRida,"[""https://kitab-corpus-metadata.azurewebsites.net/""]"
openiti_person_0203IbnSulaymanGhazi,داود بن سليمان الغازي,Ibn Sulayman Ghazi,,,,,203,,,OpenITI date code 0203,,"[""author""]",[],[],[],1,[],,,,0203IbnSulaymanGhazi,"[""https://kitab-corpus-metadata.azurewebsites.net/""]"
openiti_person_0203YahyaIbnAdam,يحيى القرشي,Yahya Ibn Adam,,,,,203,,,OpenITI date code 0203,,"[""author""]",[],[],[],1,[],,,,0203YahyaIbnAdam,"[""https://kitab-corpus-metadata.azurewebsites.net/""]"
openiti_person_0204AbuDawudTayalisi,الطيالسي,Abu Dawud Tayalisi,,,,,204,,,OpenITI date code 0204,,"[""author""]",[],[],[],1,[],,,,0204AbuDawudTayalisi,"[""https://kitab-corpus-metadata.azurewebsites.net/""]"
openiti_person_0204IbnKalbi,ابن الكلبي,Ibn Kalbi,,,Ibn al-Kalbī,,204,,,OpenITI date code 0204,,"[""author""]",[],[],[],4,[],,,,0204IbnKalbi,"[""https://kitab-corpus-metadata.azurewebsites.net/""]"
openiti_person_0204Shafici,الشافعي,Shafici,,,,,204,,,OpenITI date code 0204,,"[""author""]",[],[],[],9,[],,,,0204Shafici,"[""https://kitab-corpus-metadata.azurewebsites.net/""]"
openiti_person_0206AbuCamrShaybani,أبو عمرو الشيباني,Abu Camr Shaybani,,,,,206,,,OpenITI date code 0206,,"[""author""]",[],[],[],1,[],,,,0206AbuCamrShaybani,"[""https://kitab-corpus-metadata.azurewebsites.net/""]"
openiti_person_0206AbuMuhammadQutrub,محمد بن المستنير بن أحمد، أبو علي، الشهير بقطرب (المتوفى: 206هـ),Abu Muhammad Qutrub,,,,,206,,,OpenITI date code 0206,,"[""author""]",[],[],[],1,[],,,,0206AbuMuhammadQutrub,"[""https://kitab-corpus-metadata.azurewebsites.net/""]"
openiti_person_0206IshaqIbnBishrQurashi,أبي حذيفة إسحاق بن بشر القرشي,Ishaq Ibn Bishr Qurashi,,,,,206,,,OpenITI date code 0206,,"[""author""]",[],[],[],1,[],,,,0206IshaqIbnBishrQurashi,"[""https://kitab-corpus-metadata.azurewebsites.net/""]"
openiti_person_0207IbnBakkarQaysi,بكر بن بكار أبو عمرو القيسي البصري (المتوفى: 207هـ),Ibn Bakkar Qaysi,,,,,207,,,OpenITI date code 0207,,"[""author""]",[],[],[],1,[],,,,0207IbnBakkarQaysi,"[""https://kitab-corpus-metadata.azurewebsites.net/""]"
openiti_person_0207IbnZiyadFarra,الفراء، يحيى بن زياد,Ibn Ziyad Farra,,,,,207,,,OpenITI date code 0207,,"[""author""]",[],[],[],2,[],,,,0207IbnZiyadFarra,"[""https://kitab-corpus-metadata.azurewebsites.net/""]"
openiti_person_0207Waqidi,الواقدي,Waqidi,,,al-Wāqidī,,207,,,OpenITI date code 0207,,"[""author""]",[],[],[],3,[],,,,0207Waqidi,"[""https://kitab-corpus-metadata.azurewebsites.net/""]"
openiti_person_0209AbuCaliAshyabBaghdadi,الحسن بن موسى أبو علي الأشيب البغدادي,Abu Cali Ashyab Baghdadi,,,,,209,,,OpenITI date code 0209,,"[""author""]",[],[],[],1,[],,,,0209AbuCaliAshyabBaghdadi,"[""https://kitab-corpus-metadata.azurewebsites.net/""]"
openiti_person_0209AbuCubayda,أبو عبيدة,Abu Cubayda,,,Abū ʿUbaydaŧ,,209,,,OpenITI date code 0209,,"[""author""]",[],[],[],4,[],,,,0209AbuCubayda,"[""https://kitab-corpus-metadata.azurewebsites.net/""]"
openiti_person_0210CulayyaBintMahdi,علية بنت المهدي,Culayya Bint Mahdi,,,ʿUlayyaŧ bint al-Mahdī,,210,,,OpenITI date code 0210,,"[""author""]",[],[],[],1,[],,,,0210CulayyaBintMahdi,"[""https://kitab-corpus-metadata.azurewebsites.net/""]"
openiti_person_0211AbuCatahiya,أبو العتاهي,Abu Catahiya,,,Abū al-ʿAtāhiya,,211,,,OpenITI date code 0211,,"[""author""]",[],[],[],2,[],,,,0211AbuCatahiya,"[""https://kitab-corpus-metadata.azurewebsites.net/""]"
openiti_person_0211CabdRazzaqSancani,عبد الرزاق بن همام الصنعاني,Cabd Razzaq Sancani,,,,,211,,,OpenITI date code 0211,,"[""author""]",[],[],[],3,[],,,,0211CabdRazzaqSancani,"[""https://kitab-corpus-metadata.azurewebsites.net/""]"
openiti_person_0212IbnMusaQurashi,أبو سعيد أسد بن موسى بن إبراهيم بن الوليد بن عبد الملك بن مروان الأموي القرشي الملقب بأسد السنة (المتوفى: 212هـ),Ibn Musa Qurashi,,,,,212,,,OpenITI date code 0212,,"[""author""]",[],[],[],1,[],,,,0212IbnMusaQurashi,"[""https://kitab-corpus-metadata.azurewebsites.net/""]"
openiti_person_0212NasrIbnMuzahim,نصر بن مزاحم المنقرى (المتوفى: 212ه),Nasr Ibn Muzahim,,,,,212,,,OpenITI date code 0212,,"[""author""]",[],[],[],1,[],,,,0212NasrIbnMuzahim,"[""https://kitab-corpus-metadata.azurewebsites.net/""]"
openiti_person_0213IbnHisham,ابن هشام,Ibn Hisham,,,Ibn Hišām,,213,,,OpenITI date code 0213,,"[""author""]",[],[],[],3,[],,,,0213IbnHisham,"[""https://kitab-corpus-metadata.azurewebsites.net/""]"
openiti_person_0213IbnJabalaShacir,علي بن جبلة,Ibn Jabala Shacir,,,,,213,,,OpenITI date code 0213,,"[""author""]",[],[],[],1,[],,,,0213IbnJabalaShacir,"[""https://kitab-corpus-metadata.azurewebsites.net/""]"
openiti_person_0214IbnCabdHakamMisri,ابن عبد الحكم المصري,Ibn Cabd Hakam Misri,,,Ibn ʿabd al-ḥakam al-Miṣrī,,214,,,OpenITI date code 0214,,"[""author""]",[],[],[],2,[],,,,0214IbnCabdHakamMisri,"[""https://kitab-corpus-metadata.azurewebsites.net/""]"
openiti_person_0215AbuZaydAnsari,أبو زيد الأنصاري,Abu Zayd Ansari,,,,,215,,,OpenITI date code 0215,,"[""author""]",[],[],[],1,[],,,,0215AbuZaydAnsari,"[""https://kitab-corpus-metadata.azurewebsites.net/""]"
openiti_person_0215AkhfashAwsat,أبو الحسن المجاشعي بالولاء، البلخي ثم البصري، المعروف بالأخفش الأوسط (المتوفى: 215هـ),Akhfash Awsat,,,,,215,,,OpenITI date code 0215,,"[""author""]",[],[],[],2,[],,,,0215AkhfashAwsat,"[""https://kitab-corpus-metadata.azurewebsites.net/""]"
openiti_person_0215IbnCabdAllahAnsari,ابن عبد الله الأنصاري,Ibn Cabd Allah Ansari,,,Ibn ʿAbd Allāh al-Anṣārī,,215,,,OpenITI date code 0215,,"[""author""]",[],[],[],1,[],,,,0215IbnCabdAllahAnsari,"[""https://kitab-corpus-metadata.azurewebsites.net/""]"
openiti_person_0215IbnHazimBahili,محمد بن حازم الباهلي,Ibn Hazim Bahili,,,,,215,,,OpenITI date code 0215,,"[""author""]",[],[],[],1,[],,,,0215IbnHazimBahili,"[""https://kitab-corpus-metadata.azurewebsites.net/""]"
openiti_person_0216IbnQuraybAsmaci,الأصمعي,Ibn Qurayb Asmaci,,,al-Aṣmaʿī,,216,,,OpenITI date code 0216,,"[""author""]",[],[],[],6,[],,,,0216IbnQuraybAsmaci,"[""https://kitab-corpus-metadata.azurewebsites.net/""]"
openiti_person_0218CabdAclaGhassani,أبو مسهر,Cabd Acla Ghassani,,,,,218,,,OpenITI date code 0218,,"[""author""]",[],[],[],1,[],,,,0218CabdAclaGhassani,"[""https://kitab-corpus-metadata.azurewebsites.net/""]"
openiti_person_0218HajjajIbnYusufIbnMatar,Ptolemy,Hajjaj Ibn Yusuf Ibn Matar,,,,,218,,,OpenITI date code 0218,,"[""author""]",[],[],[],1,[],,,,0218HajjajIbnYusufIbnMatar,"[""https://kitab-corpus-metadata.azurewebsites.net/""]"
openiti_person_0219AbuNucaymIbnDukayn,أبي نعيم الفضل بن دكين,Abu Nucaym Ibn Dukayn,,,,,219,,,OpenITI date code 0219,,"[""author""]",[],[],[],1,[],,,,0219AbuNucaymIbnDukayn,"[""https://kitab-corpus-metadata.azurewebsites.net/""]"
openiti_person_0219IbnMuslimBasri,عفان بن مسلم بن عبد الله الباهلى، أبو عثمان الصفار البصرى، مولى عزرة بن ثابت الأنصارى (المتوفى: بعد 219هـ),Ibn Muslim Basri,,,,,219,,,OpenITI date code 0219,,"[""author""]",[],[],[],1,[],,,,0219IbnMuslimBasri,"[""https://kitab-corpus-metadata.azurewebsites.net/""]"
openiti_person_0219IbnZubayrHumaydi,الحميدي,Ibn Zubayr Humaydi,,,,,219,,,OpenITI date code 0219,,"[""author""]",[],[],[],2,[],,,,0219IbnZubayrHumaydi,"[""https://kitab-corpus-metadata.azurewebsites.net/""]"
openiti_person_0220AbuJacfarIskafi,أبو جعفر الإسكافي,Abu Jacfar Iskafi,,,,,220,,,OpenITI date code 0220,,"[""author""]",[],[],[],2,[],,,,0220AbuJacfarIskafi,"[""https://kitab-corpus-metadata.azurewebsites.net/""]"
openiti_person_0220CaliIbnJacfar,علي بن جعفر(ع),Cali Ibn Jacfar,,,,,220,,,OpenITI date code 0220,,"[""author""]",[],[],[],1,[],,,,0220CaliIbnJacfar,"[""https://kitab-corpus-metadata.azurewebsites.net/""]"
openiti_person_0221IbnAbiIyasCasqalani,آدم بن أبى إياس: عبد الرحمن ويقال: ناهية بن محمد بن شعيب الخراسانى المروذى أبو الحسن العسقلانى، مولى بنى تيم أو تميم (المتوفى: 221هـ),Ibn Abi Iyas Casqalani,,,,,221,,,OpenITI date code 0221,,"[""author""]",[],[],[],1,[],,,,0221IbnAbiIyasCasqalani,"[""https://kitab-corpus-metadata.azurewebsites.net/""]"
openiti_person_0222IbnBakkarDabi,العباس بن بكار الضبي,Ibn Bakkar Dabi,,,,,222,,,OpenITI date code 0222,,"[""author""]",[],[],[],2,[],,,,0222IbnBakkarDabi,"[""https://kitab-corpus-metadata.azurewebsites.net/""]"
openiti_person_0222IbnNaficHimsi,الحكم بن نافع البهرانى، أبو اليمان الحمصى (المتوفى: 222هـ),Ibn Nafic Himsi,,,,,222,,,OpenITI date code 0222,,"[""author""]",[],[],[],1,[],,,,0222IbnNaficHimsi,"[""https://kitab-corpus-metadata.azurewebsites.net/""]"
openiti_person_0223IbnSalihKatibLayth,أبو صالح، عبد الله بن صالح بن محمد بن مسلم الجهني مولاهم، المصري، كاتب الليث بن سعد (المتوفى: 223هـ),Ibn Salih Katib Layth,,,,,223,,,OpenITI date code 0223,,"[""author""]",[],[],[],1,[],,,,0223IbnSalihKatibLayth,"[""https://kitab-corpus-metadata.azurewebsites.net/""]"
openiti_person_0224QasimIbnSallam,القاسم بن سلام,Qasim Ibn Sallam,,,al-Qāsim b. Sallām,,224,,,OpenITI date code 0224,,"[""author""]",[],[],[],12,[],,,,0224QasimIbnSallam,"[""https://kitab-corpus-metadata.azurewebsites.net/""]"
openiti_person_0225Anonymous,(مؤلف مجهول),Anonymous,,,(muʾallif majhūl),,225,,,OpenITI date code 0225,,"[""author""]",[],[],[],1,[],,,,0225Anonymous,"[""https://kitab-corpus-metadata.azurewebsites.net/""]"
openiti_person_0225PseudoIbnMuqaffac,عبد الله بن المقفع (المتوفى: 142هـ),Pseudo Ibn Muqaffac,,,,,225,,,OpenITI date code 0225,,"[""author""]",[],[],[],1,[],,,,0225PseudoIbnMuqaffac,"[""https://kitab-corpus-metadata.azurewebsites.net/""]"
openiti_person_0227IbnMansurKhurasani,أبو عثمان سعيد بن منصور بن شعبة الخراساني الجوزجاني (المتوفى: 227هـ),Ibn Mansur Khurasani,,,,,227,,,OpenITI date code 0227,,"[""author""]",[],[],[],2,[],,,,0227IbnMansurKhurasani,"[""https://kitab-corpus-metadata.azurewebsites.net/""]"
openiti_person_0228AbuJahmBahili,العلاء بن موسى بن عطية البغدادي، أبو الجهم الباهلي (المتوفى: 228هـ),Abu Jahm Bahili,,,,,228,,,OpenITI date code 0228,,"[""author""]",[],[],[],1,[],,,,0228AbuJahmBahili,"[""https://kitab-corpus-metadata.azurewebsites.net/""]"
openiti_person_0228IbnHammadKhuzaci,نعيم بن حماد,Ibn Hammad Khuzaci,,,,,228,,,OpenITI date code 0228,,"[""author""]",[],[],[],1,[],,,,0228IbnHammadKhuzaci,"[""https://kitab-corpus-metadata.azurewebsites.net/""]"
openiti_person_0228IbnMuhammadMadaini,المدائني,Ibn Muhammad Madaini,,,al-Madāʾinī,,228,,,OpenITI date code 0228,,"[""author""]",[],[],[],1,[],,,,0228IbnMuhammadMadaini,"[""https://kitab-corpus-metadata.azurewebsites.net/""]"
openiti_person_0230AbuMushal,عبد الوهاب بن حريش الأعرابي أبو محمد، الملقب بـ أبي مسحل (المتوفى: نحو 230هـ),Abu Mushal,,,,,230,,,OpenITI date code 0230,,"[""author""]",[],[],[],1,[],,,,0230AbuMushal,"[""https://kitab-corpus-metadata.azurewebsites.net/""]"
openiti_person_0230CaliIbnJacd,علي بن الجعد بن عبيد أبو الحسن الجوهري البغدادي,Cali Ibn Jacd,,,,,230,,,OpenITI date code 0230,,"[""author""]",[],[],[],1,[],,,,0230CaliIbnJacd,"[""https://kitab-corpus-metadata.azurewebsites.net/""]"
openiti_person_0230IbnSacd,ابن سعد,Ibn Sacd,,,Ibn Saʿd,,230,,,OpenITI date code 0230,,"[""author""]",[],[],[],3,[],,,,0230IbnSacd,"[""https://kitab-corpus-metadata.azurewebsites.net/""]"
openiti_person_0230YaclaIbnCibad,يعلى بن عباد (المتوفى: 230هـ),Yacla Ibn Cibad,,,,,230,,,OpenITI date code 0230,,"[""author""]",[],[],[],1,[],,,,0230YaclaIbnCibad,"[""https://kitab-corpus-metadata.azurewebsites.net/""]"
openiti_person_0231AbuNasrBahili,أبو نصر الباهلي,Abu Nasr Bahili,,,,,231,,,OpenITI date code 0231,,"[""author""]",[],[],[],1,[],,,,0231AbuNasrBahili,"[""https://kitab-corpus-metadata.azurewebsites.net/""]"
openiti_person_0231AbuTamam,أبو تمام,Abu Tamam,,,,,231,,,OpenITI date code 0231,,"[""author""]",[],[],[],2,[],,,,0231AbuTamam,"[""https://kitab-corpus-metadata.azurewebsites.net/""]"
openiti_person_0231IbnMirdasSarraj,خالد بن مرداس أبو الهيثم السراج (المتوفى: 231هـ),Ibn Mirdas Sarraj,,,,,231,,,OpenITI date code 0231,,"[""author""]",[],[],[],1,[],,,,0231IbnMirdasSarraj,"[""https://kitab-corpus-metadata.azurewebsites.net/""]"
openiti_person_0231IbnSacdanDarir,أبو جعفر محمد بن سعدان الكوفي النحوي المقرئ الضرير (المتوفى: 231 ه),Ibn Sacdan Darir,,,,,231,,,OpenITI date code 0231,,"[""author""]",[],[],[],1,[],,,,0231IbnSacdanDarir,"[""https://kitab-corpus-metadata.azurewebsites.net/""]"
openiti_person_0231IbnSallamJumahi,ابن سلام الجمحي,Ibn Sallam Jumahi,,,Ibn salām al-ǧumḥī,,231,,,OpenITI date code 0231,,"[""author""]",[],[],[],1,[],,,,0231IbnSallamJumahi,"[""https://kitab-corpus-metadata.azurewebsites.net/""]"
openiti_person_0231IbnZiyadAcrabi,أبو عبد الله ابن الأعرابي,Ibn Ziyad Acrabi,,,,,231,,,OpenITI date code 0231,,"[""author""]",[],[],[],1,[],,,,0231IbnZiyadAcrabi,"[""https://kitab-corpus-metadata.azurewebsites.net/""]"
openiti_person_0232CabdAllahIbnCawnKharraz,عبد الله بن عون الخراز,Cabd Allah Ibn Cawn Kharraz,,,,,232,,,OpenITI date code 0232,,"[""author""]",[],[],[],1,[],,,,0232CabdAllahIbnCawnKharraz,"[""https://kitab-corpus-metadata.azurewebsites.net/""]"
openiti_person_0232CisaIbnSacidShashi,أبو سعيد الشاشي,Cisa Ibn Sacid Shashi,,,,,232,,,OpenITI date code 0232,,"[""author""]",[],[],[],1,[],,,,0232CisaIbnSacidShashi,"[""https://kitab-corpus-metadata.azurewebsites.net/""]"
openiti_person_0233IbnCaidhDimashqi,ابن عائذ الدمشقي,Ibn Caidh Dimashqi,,,Ibn ʿĀʾiḏ al-Dimašqī,,233,,,OpenITI date code 0233,,"[""author""]",[],[],[],1,[],,,,0233IbnCaidhDimashqi,"[""https://kitab-corpus-metadata.azurewebsites.net/""]"
openiti_person_0233YahyaIbnMacin,يحيى بن معين,Yahya Ibn Macin,,,,,233,,,OpenITI date code 0233,,"[""author""]",[],[],[],4,[],,,,0233YahyaIbnMacin,"[""https://kitab-corpus-metadata.azurewebsites.net/""]"
openiti_person_0234AbuKhaythamaNisai,زهير بن حرب أبو خيثمة النسائي,Abu Khaythama Nisai,,,,,234,,,OpenITI date code 0234,,"[""author""]",[],[],[],1,[],,,,0234AbuKhaythamaNisai,"[""https://kitab-corpus-metadata.azurewebsites.net/""]"
openiti_person_0234CaliIbnMadini,علي بن عبد الله بن جعفر السعدي المديني,Cali Ibn Madini,,,,,234,,,OpenITI date code 0234,,"[""author""]",[],[],[],3,[],,,,0234CaliIbnMadini,"[""https://kitab-corpus-metadata.azurewebsites.net/""]"
openiti_person_0235DikJinn,ديك الجن,Dik Jinn,,,,,235,,,OpenITI date code 0235,,"[""author""]",[],[],[],1,[],,,,0235DikJinn,"[""https://kitab-corpus-metadata.azurewebsites.net/""]"
openiti_person_0235HanunIbnYuhannaIbnSalt,يحنى بن الصلت,Hanun Ibn Yuhanna Ibn Salt,,,Yuḥanná b. al-Ṣalt,,235,,,OpenITI date code 0235,,"[""author""]",[],[],[],1,[],,,,0235HanunIbnYuhannaIbnSalt,"[""https://kitab-corpus-metadata.azurewebsites.net/""]"
openiti_person_0235IbnAbiShayba,ابن أبي شيبة,Ibn Abi Shayba,,,Ibn Abī Šaybaŧ,,235,,,OpenITI date code 0235,,"[""author""]",[],[],[],5,[],,,,0235IbnAbiShayba,"[""https://kitab-corpus-metadata.azurewebsites.net/""]"
openiti_person_0235IbnYunusBaghdadi,أبو الحارث سريج بن يونس بن إبراهيم البغدادي (المتوفى: 235هـ),Ibn Yunus Baghdadi,,,,,235,,,OpenITI date code 0235,,"[""author""]",[],[],[],1,[],,,,0235IbnYunusBaghdadi,"[""https://kitab-corpus-metadata.azurewebsites.net/""]"
openiti_person_0236AbuCabdAllahZubayri,أبو عبد الله المصعب بن عبد الله بن المصعب الزبيري,Abu Cabd Allah Zubayri,,,,,236,,,OpenITI date code 0236,,"[""author""]",[],[],[],1,[],,,,0236AbuCabdAllahZubayri,"[""https://kitab-corpus-metadata.azurewebsites.net/""]"
openiti_person_0238IbnHabibQurtubi,ابن حبيب، القرطبي,Ibn Habib Qurtubi,,,"Ibn Ḥabīb, al-Qurṭubī",,238,,,OpenITI date code 0238,,"[""author""]",[],[],[],6,[],,,,0238IbnHabibQurtubi,"[""https://kitab-corpus-metadata.azurewebsites.net/""]"
openiti_person_0238IbnRahawayh,إسحاق بن إبراهيم بن مخلد بن راهويه الحنظلي,Ibn Rahawayh,,,,,238,,,OpenITI date code 0238,,"[""author""]",[],[],[],1,[],,,,0238IbnRahawayh,"[""https://kitab-corpus-metadata.azurewebsites.net/""]"
openiti_person_0238MuhammadBurjulani,البرجلاني,Muhammad Burjulani,,,,,238,,,OpenITI date code 0238,,"[""author""]",[],[],[],1,[],,,,0238MuhammadBurjulani,"[""https://kitab-corpus-metadata.azurewebsites.net/""]"
openiti_person_0239CumaraIbnCaqil,عمارة بن عقيل,Cumara Ibn Caqil,,,,,239,,,OpenITI date code 0239,,"[""author""]",[],[],[],1,[],,,,0239CumaraIbnCaqil,"[""https://kitab-corpus-metadata.azurewebsites.net/""]"
openiti_person_0239IbnGhawri,محمد بن أحمد أبو الفرج ابن الغوري (ت: 239),Ibn Ghawri,,,,,239,,,OpenITI date code 0239,,"[""author""]",[],[],[],1,[],,,,0239IbnGhawri,"[""https://kitab-corpus-metadata.azurewebsites.net/""]"
openiti_person_0240AbuHafsIbnZuraraTarsusi,أبو حفص عمر بن زرارة الحدثي الطرسوسي,Abu Hafs Ibn Zurara Tarsusi,,,,,240,,,OpenITI date code 0240,,"[""author""]",[],[],[],1,[],,,,0240AbuHafsIbnZuraraTarsusi,"[""https://kitab-corpus-metadata.azurewebsites.net/""]"
openiti_person_0240CabdSamadIbnMucadhdhal,عبد الصمد بن المعذل,Cabd Samad Ibn Mucadhdhal,,,,,240,,,OpenITI date code 0240,,"[""author""]",[],[],[],1,[],,,,0240CabdSamadIbnMucadhdhal,"[""https://kitab-corpus-metadata.azurewebsites.net/""]"
openiti_person_0240IbnKhayyatCusfuri,أبو عمرو خليفة بن خياط بن خليفة الشيباني العصفري البصري (المتوفى: 240هـ),Ibn Khayyat Cusfuri,,,,,240,,,OpenITI date code 0240,,"[""author""]",[],[],[],3,[],,,,0240IbnKhayyatCusfuri,"[""https://kitab-corpus-metadata.azurewebsites.net/""]"
openiti_person_0240IbnYahyaKinani,أبو الحسن عبد العزيز بن يحيى بن مسلم بن ميمون الكناني المكي (المتوفى: 240هـ),Ibn Yahya Kinani,,,,,240,,,OpenITI date code 0240,,"[""author""]",[],[],[],1,[],,,,0240IbnYahyaKinani,"[""https://kitab-corpus-metadata.azurewebsites.net/""]"
openiti_person_0240SahnunIbnSacid,مالك,Sahnun Ibn Sacid,,,,,240,,,OpenITI date code 0240,,"[""author""]",[],[],[],1,[],,,,0240SahnunIbnSacid,"[""https://kitab-corpus-metadata.azurewebsites.net/""]"
openiti_person_0241IbnHanbal,أحمد بن حنبل,Ibn Hanbal,,,aḥmad b. ḥanbal,,241,,,OpenITI date code 0241,,"[""author""]",[],[],[],17,[],,,,0241IbnHanbal,"[""https://kitab-corpus-metadata.azurewebsites.net/""]"
openiti_person_0242IbnAslamTusi,الإمام الحافظ أبي الحسن محمد بن أسلم الطوسي,Ibn Aslam Tusi,,,,,242,,,OpenITI date code 0242,,"[""author""]",[],[],[],1,[],,,,0242IbnAslamTusi,"[""https://kitab-corpus-metadata.azurewebsites.net/""]"
openiti_person_0243HannadIbnSari,هناد بن السري,Hannad Ibn Sari,,,,,243,,,OpenITI date code 0243,,"[""author""]",[],[],[],1,[],,,,0243HannadIbnSari,"[""https://kitab-corpus-metadata.azurewebsites.net/""]"
openiti_person_0243HarithMuhasibi,الحارث المحاسبي,Harith Muhasibi,,,al-Ḥāriṯ al-Muḥāsibī,,243,,,OpenITI date code 0243,,"[""author""]",[],[],[],8,[],,,,0243HarithMuhasibi,"[""https://kitab-corpus-metadata.azurewebsites.net/""]"
openiti_person_0243IbnYahyaCadani,ابن أبي عمر العدني,Ibn Yahya Cadani,,,Ibn Abī ʿUmar al-ʿAdanī,,243,,,OpenITI date code 0243,,"[""author""]",[],[],[],1,[],,,,0243IbnYahyaCadani,"[""https://kitab-corpus-metadata.azurewebsites.net/""]"
openiti_person_0243YuhannaIbnMasawayh,يحنى بن ماسويه,Yuhanna Ibn Masawayh,,,Yuḥanná b. Māsawayh,,243,,,OpenITI date code 0243,,"[""author""]",[],[],[],1,[],,,,0243YuhannaIbnMasawayh,"[""https://kitab-corpus-metadata.azurewebsites.net/""]"
openiti_person_0244IbnSikkit,ابن السكيت,Ibn Sikkit,,,,,244,,,OpenITI date code 0244,,"[""author""]",[],[],[],4,[],,,,0244IbnSikkit,"[""https://kitab-corpus-metadata.azurewebsites.net/""]"
openiti_person_0245IbnKullab,ابن كلاب,Ibn Kullab,,,Ibn Kullāb,,245,,,OpenITI date code 0245,,"[""author""]",[],[],[],1,[],,,,0245IbnKullab,"[""https://kitab-corpus-metadata.azurewebsites.net/""]"
openiti_person_0245LuwaynMissisi,المصيصي,Luwayn Missisi,,,,,245,,,OpenITI date code 0245,,"[""author""]",[],[],[],1,[],,,,0245LuwaynMissisi,"[""https://kitab-corpus-metadata.azurewebsites.net/""]"
openiti_person_0245MuhammadIbnHabib,محمد بن حبيب,Muhammad Ibn Habib,,,Muḥammad b. Ḥabīb,,245,,,OpenITI date code 0245,,"[""author""]",[],[],[],6,[],,,,0245MuhammadIbnHabib,"[""https://kitab-corpus-metadata.azurewebsites.net/""]"
openiti_person_0246AbuCaliIbnShadhdhan,الحسن بن خلف بن شاذان بن زياد الواسطى، أبو على البزاز (المتوفى: 246هـ),Abu Cali Ibn Shadhdhan,,,,,246,,,OpenITI date code 0246,,"[""author""]",[],[],[],1,[],,,,0246AbuCaliIbnShadhdhan,"[""https://kitab-corpus-metadata.azurewebsites.net/""]"
openiti_person_0246AhmadDawraqi,الدورقي,Ahmad Dawraqi,,,,,246,,,OpenITI date code 0246,,"[""author""]",[],[],[],1,[],,,,0246AhmadDawraqi,"[""https://kitab-corpus-metadata.azurewebsites.net/""]"
openiti_person_0246DhuNunAbuFayd,ذو النون المصري ثوبان بن إبراهيم وقيل: فيض بن أحمد وقيل: فيض بن إبراهيم النوبي، الإخميمي (المتوفى: 248هـ),Dhu Nun Abu Fayd,,,,,246,,,OpenITI date code 0246,,"[""author""]",[],[],[],1,[],,,,0246DhuNunAbuFayd,"[""https://kitab-corpus-metadata.azurewebsites.net/""]"
openiti_person_0246DicbilKhuzaci,دعبل بن علي,Dicbil Khuzaci,,,,,246,,,OpenITI date code 0246,,"[""author""]",[],[],[],2,[],,,,0246DicbilKhuzaci,"[""https://kitab-corpus-metadata.azurewebsites.net/""]"
openiti_person_0246HishamSulami,هشام بن عمار بن نصير بن ميسرة بن أبان السلمي، ويقال: الظفري، أبو الوليد الدمشقي المقرئ (المتوفى: 245هـ),Hisham Sulami,,,,,246,,,OpenITI date code 0246,,"[""author""]",[],[],[],2,[],,,,0246HishamSulami,"[""https://kitab-corpus-metadata.azurewebsites.net/""]"
openiti_person_0246HusaynMarwazi,المروزي,Husayn Marwazi,,,,,246,,,OpenITI date code 0246,,"[""author""]",[],[],[],1,[],,,,0246HusaynMarwazi,"[""https://kitab-corpus-metadata.azurewebsites.net/""]"
openiti_person_0246IbnCumarDuri,حفص بن عمر الدوري,Ibn Cumar Duri,,,,,246,,,OpenITI date code 0246,,"[""author""]",[],[],[],1,[],,,,0246IbnCumarDuri,"[""https://kitab-corpus-metadata.azurewebsites.net/""]"
openiti_person_0246QasimRassi,القاسم الرسي,Qasim Rassi,,,al-Qāsim al-Rassī,,246,,,OpenITI date code 0246,,"[""author""]",[],[],[],34,[],,,,0246QasimRassi,"[""https://kitab-corpus-metadata.azurewebsites.net/""]"
openiti_person_0247AhmadIbnCisa,أحمد بن عيسى (ع),Ahmad Ibn Cisa,,,,,247,,,OpenITI date code 0247,,"[""author""]",[],[],[],1,[],,,,0247AhmadIbnCisa,"[""https://kitab-corpus-metadata.azurewebsites.net/""]"
openiti_person_0249AbuBishrTamimi,أبو بشر هارون بن حاتم التميمي البزاز,Abu Bishr Tamimi,,,,,249,,,OpenITI date code 0249,,"[""author""]",[],[],[],1,[],,,,0249AbuBishrTamimi,"[""https://kitab-corpus-metadata.azurewebsites.net/""]"
openiti_person_0249Azraqi,الأزرقي,Azraqi,,,al-Azraqī,,249,,,OpenITI date code 0249,,"[""author""]",[],[],[],1,[],,,,0249Azraqi,"[""https://kitab-corpus-metadata.azurewebsites.net/""]"
openiti_person_0249CabdIbnHamid,أبو محمد عبد الحميد بن حميد بن نصر الكسي ويقال له: الكشي بالفتح والإعجام (المتوفى: 249هـ),Cabd Ibn Hamid,,,,,249,,,OpenITI date code 0249,,"[""author""]",[],[],[],2,[],,,,0249CabdIbnHamid,"[""https://kitab-corpus-metadata.azurewebsites.net/""]"
openiti_person_0249IbnBarqiMuhammad,أبو عبد الله محمد بن عبد الله بن عبد الرحيم المصري,Ibn Barqi Muhammad,,,,,249,,,OpenITI date code 0249,,"[""author""]",[],[],[],1,[],,,,0249IbnBarqiMuhammad,"[""https://kitab-corpus-metadata.azurewebsites.net/""]"
openiti_person_0250AflahIbnCabdWahhab,أفلح بن عبد الوهاب,Aflah Ibn Cabd Wahhab,,,Aflaḥ b. ʿAbd al-Wahhāb,,250,,,OpenITI date code 0250,,"[""author""]",[],[],[],1,[],,,,0250AflahIbnCabdWahhab,"[""https://kitab-corpus-metadata.azurewebsites.net/""]"
openiti_person_0250CabdMasihNacimi,عبد المسيح الناعمي,Cabd Masih Nacimi,,,ʿAbd al-Masīḥ al-Nāʿimī,,250,,,OpenITI date code 0250,,"[""author""]",[],[],[],1,[],,,,0250CabdMasihNacimi,"[""https://kitab-corpus-metadata.azurewebsites.net/""]"
openiti_person_0250IbnCatiyyaShami,ابن عطي الشامي,Ibn Catiyya Shami,,,Ibn ʿAṭiyya al-Šāmī,,250,,,OpenITI date code 0250,,"[""author""]",[],[],[],1,[],,,,0250IbnCatiyyaShami,"[""https://kitab-corpus-metadata.azurewebsites.net/""]"
openiti_person_0250ThabitIbnAbiThabit,ثابت بن أبي ثابت,Thabit Ibn Abi Thabit,,,Ṯābit b. Abī Ṯābit,,250,,,OpenITI date code 0250,,"[""author""]",[],[],[],1,[],,,,0250ThabitIbnAbiThabit,"[""https://kitab-corpus-metadata.azurewebsites.net/""]"
openiti_person_0251IbnMansurKawsaj,إسحاق بن منصور بن بهرام الكوسج أبو يعقوب التميمي المروزي,Ibn Mansur Kawsaj,,,,,251,,,OpenITI date code 0251,,"[""author""]",[],[],[],1,[],,,,0251IbnMansurKawsaj,"[""https://kitab-corpus-metadata.azurewebsites.net/""]"
openiti_person_0251IbnZanjawayh,أبو أحمد حميد بن مخلد بن قتيبة بن عبد الله الخرساني المعروف بابن زنجويه (المتوفى: 251هـ),Ibn Zanjawayh,,,,,251,,,OpenITI date code 0251,,"[""author""]",[],[],[],1,[],,,,0251IbnZanjawayh,"[""https://kitab-corpus-metadata.azurewebsites.net/""]"
openiti_person_0254MuammalIbnIhab,مؤمل بن إيهاب,Muammal Ibn Ihab,,,,,254,,,OpenITI date code 0254,,"[""author""]",[],[],[],1,[],,,,0254MuammalIbnIhab,"[""https://kitab-corpus-metadata.azurewebsites.net/""]"
openiti_person_0255AbuHatimSijistani,أبو حاتم سهل بن محمد بن عثمان الجشمي السجستاني (المتوفى: 248هـ),Abu Hatim Sijistani,,,,,255,,,OpenITI date code 0255,,"[""author""]",[],[],[],3,[],,,,0255AbuHatimSijistani,"[""https://kitab-corpus-metadata.azurewebsites.net/""]"
openiti_person_0255CabdAllahDarimi,عبدالله بن عبدالرحمن أبو محمد الدارمي,Cabd Allah Darimi,,,,,255,,,OpenITI date code 0255,,"[""author""]",[],[],[],1,[],,,,0255CabdAllahDarimi,"[""https://kitab-corpus-metadata.azurewebsites.net/""]"
openiti_person_0255IbnAhmadQurtubi,محمد بن أحمد بن عبد العزيز الأموي القرطبي الأندلسي، أبو عبد الله المالكي (المتوفى: 255هـ),Ibn Ahmad Qurtubi,,,,,255,,,OpenITI date code 0255,,"[""author""]",[],[],[],1,[],,,,0255IbnAhmadQurtubi,"[""https://kitab-corpus-metadata.azurewebsites.net/""]"
openiti_person_0255Jahiz,الجاحظ,Jahiz,,,al-ǧāḥiẓ,,255,,,OpenITI date code 0255,,"[""author""]",[],[],[],56,[],,,,0255Jahiz,"[""https://kitab-corpus-metadata.azurewebsites.net/""]"
openiti_person_0256Bukhari,البخاري,Bukhari,,,al-buḫārī,,256,,,OpenITI date code 0256,,"[""author""]",[],[],[],9,[],,,,0256Bukhari,"[""https://kitab-corpus-metadata.azurewebsites.net/""]"
openiti_person_0256IbnIshaqKindi,ابن اسحاق الكندي,Ibn Ishaq Kindi,,,Ibn Isḥāq al-Kindī,,256,,,OpenITI date code 0256,,"[""author""]",[],[],[],6,[],,,,0256IbnIshaqKindi,"[""https://kitab-corpus-metadata.azurewebsites.net/""]"
openiti_person_0256ZubayrIbnBakkar,الزبير بن بكار,Zubayr Ibn Bakkar,,,al-zubayr b. bakkār,,256,,,OpenITI date code 0256,,"[""author""]",[],[],[],3,[],,,,0256ZubayrIbnBakkar,"[""https://kitab-corpus-metadata.azurewebsites.net/""]"
openiti_person_0257AbuHiffanMihzami,عبد الله بن أحمد بن حرب المهزمي العبدي، أبو هفان (المتوفى: 257هـ),Abu Hiffan Mihzami,,,,,257,,,OpenITI date code 0257,,"[""author""]",[],[],[],1,[],,,,0257AbuHiffanMihzami,"[""https://kitab-corpus-metadata.azurewebsites.net/""]"
openiti_person_0257AbuSacidAshajj,أبو سعيد الأشج عبد الله بن سعيد بن حصين الكندي، الكوفي (المتوفى: 257هـ),Abu Sacid Ashajj,,,,,257,,,OpenITI date code 0257,,"[""author""]",[],[],[],1,[],,,,0257AbuSacidAshajj,"[""https://kitab-corpus-metadata.azurewebsites.net/""]"
openiti_person_0257IbnCabdHakam,ابن عبد الحكم,Ibn Cabd Hakam,,,Ibn ʿAbd al-Ḥakam,,257,,,OpenITI date code 0257,,"[""author""]",[],[],[],1,[],,,,0257IbnCabdHakam,"[""https://kitab-corpus-metadata.azurewebsites.net/""]"
openiti_person_0257IbnCarafaCabdi,أبو علي الحسن بن عرفة بن يزيد العبدي البغدادي (المتوفى: 257هـ),Ibn Carafa Cabdi,,,,,257,,,OpenITI date code 0257,,"[""author""]",[],[],[],1,[],,,,0257IbnCarafaCabdi,"[""https://kitab-corpus-metadata.azurewebsites.net/""]"
openiti_person_0258AhmadIbnFurat,أحمد بن الفرات بن خالد الضبي الرازي، أبو مسعود (المتوفى: 258هـ),Ahmad Ibn Furat,,,,,258,,,OpenITI date code 0258,,"[""author""]",[],[],[],2,[],,,,0258AhmadIbnFurat,"[""https://kitab-corpus-metadata.azurewebsites.net/""]"
openiti_person_0258IbnYahyaNaysaburi,محمد بن يحيى بن عبد الله الذهلي، مولاهم، النيسابورى، أبو عبد الله (المتوفى: 258هـ),Ibn Yahya Naysaburi,,,,,258,,,OpenITI date code 0258,,"[""author""]",[],[],[],1,[],,,,0258IbnYahyaNaysaburi,"[""https://kitab-corpus-metadata.azurewebsites.net/""]"
openiti_person_0259HunaynIbnIshaq,هنين بن اسحاق,Hunayn Ibn Ishaq,,,Hunayn b. Isḥāq,,259,,,OpenITI date code 0259,,"[""author""]",[],[],[],24,[],,,,0259HunaynIbnIshaq,"[""https://kitab-corpus-metadata.azurewebsites.net/""]"
openiti_person_0259IbnYacqubJuzjani,الجوزجاني,Ibn Yacqub Juzjani,,,,,259,,,OpenITI date code 0259,,"[""author""]",[],[],[],2,[],,,,0259IbnYacqubJuzjani,"[""https://kitab-corpus-metadata.azurewebsites.net/""]"
openiti_person_0260AbuCaliZacfarani,الحافظ أبو علي الحسن بن محمد الصباح,Abu Cali Zacfarani,,,,,260,,,OpenITI date code 0260,,"[""author""]",[],[],[],1,[],,,,0260AbuCaliZacfarani,"[""https://kitab-corpus-metadata.azurewebsites.net/""]"
openiti_person_0260IbnSahlTabari,إبن سهل الطبري,Ibn Sahl Tabari,,,,,260,,,OpenITI date code 0260,,"[""author""]",[],[],[],1,[],,,,0260IbnSahlTabari,"[""https://kitab-corpus-metadata.azurewebsites.net/""]"
openiti_person_0260IbnShadhanAzdi,الفضل بن شاذان الأزدي,Ibn Shadhan Azdi,,,,,260,,,OpenITI date code 0260,,"[""author""]",[],[],[],1,[],,,,0260IbnShadhanAzdi,"[""https://kitab-corpus-metadata.azurewebsites.net/""]"
openiti_person_0260ImamCaskari,المنسوب إلى الإمام العسكري (ع),Imam Caskari,,,,,260,,,OpenITI date code 0260,,"[""author""]",[],[],[],1,[],,,,0260ImamCaskari,"[""https://kitab-corpus-metadata.azurewebsites.net/""]"
openiti_person_0261AbuHasanCijli,العجلي,Abu Hasan Cijli,,,al-ʿiǧlī,,261,,,OpenITI date code 0261,,"[""author""]",[],[],[],1,[],,,,0261AbuHasanCijli,"[""https://kitab-corpus-metadata.azurewebsites.net/""]"
openiti_person_0261Khassaf,الخصاف,Khassaf,,,al-Ḫaṣṣāf,,261,,,OpenITI date code 0261,,"[""author""]",[],[],[],2,[],,,,0261Khassaf,"[""https://kitab-corpus-metadata.azurewebsites.net/""]"
openiti_person_0261Muslim,مسلم,Muslim,,,Muslim,,261,,,OpenITI date code 0261,,"[""author""]",[],[],[],4,[],,,,0261Muslim,"[""https://kitab-corpus-metadata.azurewebsites.net/""]"
openiti_person_0262CumarIbnShabba,عمر بن شبة,Cumar Ibn Shabba,,,ʿUmar b. Šabbaŧ,,262,,,OpenITI date code 0262,,"[""author""]",[],[],[],1,[],,,,0262CumarIbnShabba,"[""https://kitab-corpus-metadata.azurewebsites.net/""]"
openiti_person_0262IbnCasimIsbahani,محمد بن عاصم,Ibn Casim Isbahani,,,,,262,,,OpenITI date code 0262,,"[""author""]",[],[],[],1,[],,,,0262IbnCasimIsbahani,"[""https://kitab-corpus-metadata.azurewebsites.net/""]"
openiti_person_0262IbnMatarWasiti,بشر بن مطر بن ثابت أبو أحمد الدقاق الواسطي (المتوفى: 262هـ),Ibn Matar Wasiti,,,,,262,,,OpenITI date code 0262,,"[""author""]",[],[],[],1,[],,,,0262IbnMatarWasiti,"[""https://kitab-corpus-metadata.azurewebsites.net/""]"
openiti_person_0262YacqubIbnShayba,يعقوب بن شيبة,Yacqub Ibn Shayba,,,Yaʿqūb b. Šaybaŧ,,262,,,OpenITI date code 0262,,"[""author""]",[],[],[],2,[],,,,0262YacqubIbnShayba,"[""https://kitab-corpus-metadata.azurewebsites.net/""]"
openiti_person_0264IbnYahyaMuzani,المزني,Ibn Yahya Muzani,,,al-Muzanī,,264,,,OpenITI date code 0264,,"[""author""]",[],[],[],3,[],,,,0264IbnYahyaMuzani,"[""https://kitab-corpus-metadata.azurewebsites.net/""]"
openiti_person_0265CaliIbnHarbTai,على بن حرب بن محمد بن على الطائى، أبو الحسن الموصلى (المتوفى: 265هـ),Cali Ibn Harb Tai,,,,,265,,,OpenITI date code 0265,,"[""author""]",[],[],[],2,[],,,,0265CaliIbnHarbTai,"[""https://kitab-corpus-metadata.azurewebsites.net/""]"
openiti_person_0265SacdanIbnNasr,أبو عثمان سعدان بن نصر بن منصور المخرمي المتوفى سنة 265 ه,Sacdan Ibn Nasr,,,,,265,,,OpenITI date code 0265,,"[""author""]",[],[],[],3,[],,,,0265SacdanIbnNasr,"[""https://kitab-corpus-metadata.azurewebsites.net/""]"
openiti_person_0265SalihIbnHanbal,لأبي الفضل صالح أحمد بن حنبل,Salih Ibn Hanbal,,,,,265,,,OpenITI date code 0265,,"[""author""]",[],[],[],1,[],,,,0265SalihIbnHanbal,"[""https://kitab-corpus-metadata.azurewebsites.net/""]"
openiti_person_0267HammadIbnIshaq,حماد بن إسحاق,Hammad Ibn Ishaq,,,,,267,,,OpenITI date code 0267,,"[""author""]",[],[],[],1,[],,,,0267HammadIbnIshaq,"[""https://kitab-corpus-metadata.azurewebsites.net/""]"
openiti_person_0267IbnCabdAllahTarqufi,أبو محمد عباس بن عبد الله بن أبي عيسى الباكسائي، الترقفي (المتوفى: 267هـ),Ibn Cabd Allah Tarqufi,,,,,267,,,OpenITI date code 0267,,"[""author""]",[],[],[],1,[],,,,0267IbnCabdAllahTarqufi,"[""https://kitab-corpus-metadata.azurewebsites.net/""]"
openiti_person_0270IbnCabdAllahKhutali,أبو إسحاق إبراهيم بن عبد الله بن الجنيد، الختلي، ثم السرمرائي (المتوفى: نحو 270هـ),Ibn Cabd Allah Khutali,,,,,270,,,OpenITI date code 0270,,"[""author""]",[],[],[],1,[],,,,0270IbnCabdAllahKhutali,"[""https://kitab-corpus-metadata.azurewebsites.net/""]"
openiti_person_0270IbnCaffanKufi,ابني عفان,Ibn Caffan Kufi,,,,,270,,,OpenITI date code 0270,,"[""author""]",[],[],[],1,[],,,,0270IbnCaffanKufi,"[""https://kitab-corpus-metadata.azurewebsites.net/""]"
openiti_person_0271CabbasDuri,عباس الدوري,Cabbas Duri,,,ʿAbbās al-Dūrī,,271,,,OpenITI date code 0271,,"[""author""]",[],[],[],1,[],,,,0271CabbasDuri,"[""https://kitab-corpus-metadata.azurewebsites.net/""]"
openiti_person_0271IbnSinanQazzaz,محمد بن سنان بن يزيد، أبو الحسن القزاز البصري (المتوفى: 271هـ),Ibn Sinan Qazzaz,,,,,271,,,OpenITI date code 0271,,"[""author""]",[],[],[],1,[],,,,0271IbnSinanQazzaz,"[""https://kitab-corpus-metadata.azurewebsites.net/""]"
openiti_person_0272IbnAbiRabic,ابن أبي ربيع,Ibn Abi Rabic,,,Ibn Abī Rabīʿ,,272,,,OpenITI date code 0272,,"[""author""]",[],[],[],1,[],,,,0272IbnAbiRabic,"[""https://kitab-corpus-metadata.azurewebsites.net/""]"
openiti_person_0272IbnCassamIsbahani,أحمد بن عاصم,Ibn Cassam Isbahani,,,,,272,,,OpenITI date code 0272,,"[""author""]",[],[],[],1,[],,,,0272IbnCassamIsbahani,"[""https://kitab-corpus-metadata.azurewebsites.net/""]"
openiti_person_0272IbnIshaqFakihi,محمد ابن اسحاق الفاكهي,Ibn Ishaq Fakihi,,,Muḥammad Ibn Isḥāq al-Fākihī,,272,,,OpenITI date code 0272,,"[""author""]",[],[],[],2,[],,,,0272IbnIshaqFakihi,"[""https://kitab-corpus-metadata.azurewebsites.net/""]"
openiti_person_0273AbuBakrAthram,أبو بكر أحمد بن محمد بن هانئ الإسكافي الأثرم الطائي وقيل: الكلبي (المتوفى: 273هـ),Abu Bakr Athram,,,,,273,,,OpenITI date code 0273,,"[""author""]",[],[],[],3,[],,,,0273AbuBakrAthram,"[""https://kitab-corpus-metadata.azurewebsites.net/""]"
openiti_person_0273AbuMacsharBalkhi,أبو معشر البلخي,Abu Macshar Balkhi,,,Abū Maʿšar al-Balḫī,,273,,,OpenITI date code 0273,,"[""author""]",[],[],[],3,[],,,,0273AbuMacsharBalkhi,"[""https://kitab-corpus-metadata.azurewebsites.net/""]"
openiti_person_0273AbuUmayyaTarsusi,أبو أمية محمد بن إبراهيم بن مسلم الخزاعي البغدادي ثم الطرسوسي (المتوفى: 273هـ),Abu Umayya Tarsusi,,,,,273,,,OpenITI date code 0273,,"[""author""]",[],[],[],2,[],,,,0273AbuUmayyaTarsusi,"[""https://kitab-corpus-metadata.azurewebsites.net/""]"
openiti_person_0273HanbalIbnIshaqShaybani,حنبل بن إسحاق,Hanbal Ibn Ishaq Shaybani,,,,,273,,,OpenITI date code 0273,,"[""author""]",[],[],[],2,[],,,,0273HanbalIbnIshaqShaybani,"[""https://kitab-corpus-metadata.azurewebsites.net/""]"
openiti_person_0273IbnMaja,محمد بن يزيد أبو عبدالله القزويني,Ibn Maja,,,,,273,,,OpenITI date code 0273,,"[""author""]",[],[],[],1,[],,,,0273IbnMaja,"[""https://kitab-corpus-metadata.azurewebsites.net/""]"
openiti_person_0274AhmadBarqi,أحمد بن محمد بن خالد البرقي,Ahmad Barqi,,,,,274,,,OpenITI date code 0274,,"[""author""]",[],[],[],2,[],,,,0274AhmadBarqi,"[""https://kitab-corpus-metadata.azurewebsites.net/""]"
openiti_person_0275AbuBakrMarrudhi,أبو بكر المروذي,Abu Bakr Marrudhi,,,Abū Bakr al-Marrūḏī,,275,,,OpenITI date code 0275,,"[""author""]",[],[],[],2,[],,,,0275AbuBakrMarrudhi,"[""https://kitab-corpus-metadata.azurewebsites.net/""]"
openiti_person_0275AbuCaliShacrani,أبو علي الشعراني,Abu Cali Shacrani,,,Abū ʿAlī al-Šaʿrānī,,275,,,OpenITI date code 0275,,"[""author""]",[],[],[],1,[],,,,0275AbuCaliShacrani,"[""https://kitab-corpus-metadata.azurewebsites.net/""]"
openiti_person_0275AbuDawudSijistani,أبو داود السجستاني,Abu Dawud Sijistani,,,,,275,,,OpenITI date code 0275,,"[""author""]",[],[],[],6,[],,,,0275AbuDawudSijistani,"[""https://kitab-corpus-metadata.azurewebsites.net/""]"
openiti_person_0275AbuHawariCumani,أبو الحواري الأعمى,Abu Hawari Cumani,,,Abū al-Ḥawārī al-Aʿmá,,275,,,OpenITI date code 0275,,"[""author""]",[],[],[],1,[],,,,0275AbuHawariCumani,"[""https://kitab-corpus-metadata.azurewebsites.net/""]"
openiti_person_0275AnonTranslator,(مترجم مجهول),Anon Translator,,,(mutarjim majhūl),,275,,,OpenITI date code 0275,,"[""author""]",[],[],[],1,[],,,,0275AnonTranslator,"[""https://kitab-corpus-metadata.azurewebsites.net/""]"
openiti_person_0275Anonymous,أبو محمد عبد الله بن وهب بن مسلم المصري القرشي (المتوفى: 197هـ),Anonymous,,,,,275,,,OpenITI date code 0275,,"[""author""]",[],[],[],1,[],,,,0275Anonymous,"[""https://kitab-corpus-metadata.azurewebsites.net/""]"
openiti_person_0275GhulamKhalil,غلام خليل,Ghulam Khalil,,,Ġulām Ḫalīl,,275,,,OpenITI date code 0275,,"[""author""]",[],[],[],1,[],,,,0275GhulamKhalil,"[""https://kitab-corpus-metadata.azurewebsites.net/""]"
openiti_person_0275IbnMulacibMukharrimi,أحمد بن ملاعب أبو الفضل البغدادي المخرمي (المتوفى: 275هـ),Ibn Mulacib Mukharrimi,,,,,275,,,OpenITI date code 0275,,"[""author""]",[],[],[],1,[],,,,0275IbnMulacibMukharrimi,"[""https://kitab-corpus-metadata.azurewebsites.net/""]"
openiti_person_0275IstifanIbnBasil,اصطفن ابن بسيل,Istifan Ibn Basil,,,Iṣṭifan ibn Basīl,,275,,,OpenITI date code 0275,,"[""author""]",[],[],[],1,[],,,,0275IstifanIbnBasil,"[""https://kitab-corpus-metadata.azurewebsites.net/""]"
openiti_person_0275LawwabIbnSallam,لواب بن سلام,Lawwab Ibn Sallam,,,Lawwāb b. Sallām,,275,,,OpenITI date code 0275,,"[""author""]",[],[],[],1,[],,,,0275LawwabIbnSallam,"[""https://kitab-corpus-metadata.azurewebsites.net/""]"
openiti_person_0275Sukkari,أبو سعيد السكري,Sukkari,,,,,275,,,OpenITI date code 0275,,"[""author""]",[],[],[],1,[],,,,0275Sukkari,"[""https://kitab-corpus-metadata.azurewebsites.net/""]"
openiti_person_0275ThayadurusIbnBasil,ثيادورس ابن بسيل,Thayadurus Ibn Basil,,,Ṯayādūrus Ibn Basīl,,275,,,OpenITI date code 0275,,"[""author""]",[],[],[],1,[],,,,0275ThayadurusIbnBasil,"[""https://kitab-corpus-metadata.azurewebsites.net/""]"
openiti_person_0275Ustath,أسطاث,Ustath,,,Usṭāṯ,,275,,,OpenITI date code 0275,,"[""author""]",[],[],[],3,[],,,,0275Ustath,"[""https://kitab-corpus-metadata.azurewebsites.net/""]"
openiti_person_0276IbnHazimGhifari,أحمد بن حازم بن محمد بن يونس بن قيس بن أبي غرزة، أبو عمرو الغفاري الكوفي (المتوفى: 276هـ),Ibn Hazim Ghifari,,,,,276,,,OpenITI date code 0276,,"[""author""]",[],[],[],1,[],,,,0276IbnHazimGhifari,"[""https://kitab-corpus-metadata.azurewebsites.net/""]"
openiti_person_0276IbnMukhalladQurtubi,بقي بن مخلد,Ibn Mukhallad Qurtubi,,,,,276,,,OpenITI date code 0276,,"[""author""]",[],[],[],1,[],,,,0276IbnMukhalladQurtubi,"[""https://kitab-corpus-metadata.azurewebsites.net/""]"
openiti_person_0276IbnQutaybaDinawari,ابن قتيبة، الدينوري,Ibn Qutayba Dinawari,,,"Ibn Qutaybaŧ, al-Dīnawarī",,276,,,OpenITI date code 0276,,"[""author""]",[],[],[],18,[],,,,0276IbnQutaybaDinawari,"[""https://kitab-corpus-metadata.azurewebsites.net/""]"
openiti_person_0277AbuHatimRazi,محمد بن إدريس بن المنذر بن داود بن مهران الحنظلي الرازي (المتوفى: 277هـ),Abu Hatim Razi,,,,,277,,,OpenITI date code 0277,,"[""author""]",[],[],[],1,[],,,,0277AbuHatimRazi,"[""https://kitab-corpus-metadata.azurewebsites.net/""]"
openiti_person_0277IbnSufyanFasawi,بن سفيان الفسوي,Ibn Sufyan Fasawi,,,b. sufyān al-fasawī,,277,,,OpenITI date code 0277,,"[""author""]",[],[],[],2,[],,,,0277IbnSufyanFasawi,"[""https://kitab-corpus-metadata.azurewebsites.net/""]"
openiti_person_0277MuhammadHunayni,أبو جعفر محمد بن الحسين بن موسى الحنيني,Muhammad Hunayni,,,,,277,,,OpenITI date code 0277,,"[""author""]",[],[],[],1,[],,,,0277MuhammadHunayni,"[""https://kitab-corpus-metadata.azurewebsites.net/""]"
openiti_person_0277YahyaIbnHasanCaqiqi,يحيى بن الحسن العقيقي,Yahya Ibn Hasan Caqiqi,,,Yaḥyá b. al-Ḥasan al-ʿAqīqī,,277,,,OpenITI date code 0277,,"[""author""]",[],[],[],1,[],,,,0277YahyaIbnHasanCaqiqi,"[""https://kitab-corpus-metadata.azurewebsites.net/""]"
openiti_person_0278IbnMarthadTabarani,هاشم بن مرثد الطبراني,Ibn Marthad Tabarani,,,Hāšim b. Marṯad al-Ṭabarānī,,278,,,OpenITI date code 0278,,"[""author""]",[],[],[],1,[],,,,0278IbnMarthadTabarani,"[""https://kitab-corpus-metadata.azurewebsites.net/""]"
openiti_person_0279Baladhuri,بلاذري,Baladhuri,,,Balāḏurī,,279,,,OpenITI date code 0279,,"[""author""]",[],[],[],2,[],,,,0279Baladhuri,"[""https://kitab-corpus-metadata.azurewebsites.net/""]"
openiti_person_0279IbnAbiKhaythama,ابن أبي خيثمة,Ibn Abi Khaythama,,,Ibn Abī Ḫayṯamaŧ,,279,,,OpenITI date code 0279,,"[""author""]",[],[],[],1,[],,,,0279IbnAbiKhaythama,"[""https://kitab-corpus-metadata.azurewebsites.net/""]"
openiti_person_0279Tirmidhi,أبو طالب القاضي,Tirmidhi,,,,,279,,,OpenITI date code 0279,,"[""author""]",[],[],[],5,[],,,,0279Tirmidhi,"[""https://kitab-corpus-metadata.azurewebsites.net/""]"
openiti_person_0280AbuCabbasBirti,أحمد بن محمد بن عيسى البرتي,Abu Cabbas Birti,,,,,280,,,OpenITI date code 0280,,"[""author""]",[],[],[],1,[],,,,0280AbuCabbasBirti,"[""https://kitab-corpus-metadata.azurewebsites.net/""]"
openiti_person_0280CuthmanIbnSacidDarimi,عثمان بن سعيد الدارمي,Cuthman Ibn Sacid Darimi,,,ʿUṯmān b. Saʿīd al-Dārimī,,280,,,OpenITI date code 0280,,"[""author""]",[],[],[],3,[],,,,0280CuthmanIbnSacidDarimi,"[""https://kitab-corpus-metadata.azurewebsites.net/""]"
openiti_person_0280HudHawwari,الهواري,Hud Hawwari,,,,,280,,,OpenITI date code 0280,,"[""author""]",[],[],[],1,[],,,,0280HudHawwari,"[""https://kitab-corpus-metadata.azurewebsites.net/""]"
openiti_person_0280IbnIsmacilKirmani,حرب بن اسماعيل الكرماني,Ibn Ismacil Kirmani,,,Ḥarb b. Ismāʿīl al-Kirmānī,,280,,,OpenITI date code 0280,,"[""author""]",[],[],[],1,[],,,,0280IbnIsmacilKirmani,"[""https://kitab-corpus-metadata.azurewebsites.net/""]"
openiti_person_0280IbnTayfur,ابن طيفور,Ibn Tayfur,,,Ibn Ṭayfūr,,280,,,OpenITI date code 0280,,"[""author""]",[],[],[],2,[],,,,0280IbnTayfur,"[""https://kitab-corpus-metadata.azurewebsites.net/""]"
openiti_person_0281AbuCamrHilalRaqqi,أبو عمر هلال بن العلاء بن هلال الباهلي القتبي الرقي,Abu Camr Hilal Raqqi,,,,,281,,,OpenITI date code 0281,,"[""author""]",[],[],[],1,[],,,,0281AbuCamrHilalRaqqi,"[""https://kitab-corpus-metadata.azurewebsites.net/""]"
openiti_person_0281AbuZurcaDimashqi,عبد الرحمن بن عمرو بن عبد الله بن صفوان النصري المشهور بأبي زرعة الدمشقي الملقب بشيخ الشباب (المتوفى: 281هـ),Abu Zurca Dimashqi,,,,,281,,,OpenITI date code 0281,,"[""author""]",[],[],[],2,[],,,,0281AbuZurcaDimashqi,"[""https://kitab-corpus-metadata.azurewebsites.net/""]"
openiti_person_0281IbnAbiDunya,ابن أبي الدنيا,Ibn Abi Dunya,,,Ibn Abī al-Dunyā,,281,,,OpenITI date code 0281,,"[""author""]",[],[],[],63,[],,,,0281IbnAbiDunya,"[""https://kitab-corpus-metadata.azurewebsites.net/""]"
openiti_person_0281IbnDizilHamdani,إبراهيم بن الحسين بن علي الهمداني الكسائي المعروف بابن ديزيل (281 هـ),Ibn Dizil Hamdani,,,,,281,,,OpenITI date code 0281,,"[""author""]",[],[],[],1,[],,,,0281IbnDizilHamdani,"[""https://kitab-corpus-metadata.azurewebsites.net/""]"
openiti_person_0282AbuHanifaDinawari,أبو حنيفة الدينوري,Abu Hanifa Dinawari,,,Abū Ḥanīfaŧ al-Dīnawarī,,282,,,OpenITI date code 0282,,"[""author""]",[],[],[],1,[],,,,0282AbuHanifaDinawari,"[""https://kitab-corpus-metadata.azurewebsites.net/""]"
openiti_person_0282IbnAbiUsamaTamimi,الحارث بن أبي أسامة / الحافظ نور الدين الهيثمي,Ibn Abi Usama Tamimi,,,,,282,,,OpenITI date code 0282,,"[""author""]",[],[],[],2,[],,,,0282IbnAbiUsamaTamimi,"[""https://kitab-corpus-metadata.azurewebsites.net/""]"
openiti_person_0282IbnHarbCaskari,أبو إسحاق إبراهيم بن حرب العسكري، السمسار (المتوفى: بعد 282هـ),Ibn Harb Caskari,,,,,282,,,OpenITI date code 0282,,"[""author""]",[],[],[],1,[],,,,0282IbnHarbCaskari,"[""https://kitab-corpus-metadata.azurewebsites.net/""]"
openiti_person_0282IbnIshaqJahdami,القاضي أبو إسحاق إسماعيل بن إسحاق بن إسماعيل بن حماد بن زيد الأزدي البصري ثم البغدادي المالكي الجهضمي (المتوفى: 282هـ),Ibn Ishaq Jahdami,,,,,282,,,OpenITI date code 0282,,"[""author""]",[],[],[],4,[],,,,0282IbnIshaqJahdami,"[""https://kitab-corpus-metadata.azurewebsites.net/""]"
openiti_person_0283AbuIshaqThaqafi,إبراهيم بن محمد الثقفي,Abu Ishaq Thaqafi,,,,,283,,,OpenITI date code 0283,,"[""author""]",[],[],[],1,[],,,,0283AbuIshaqThaqafi,"[""https://kitab-corpus-metadata.azurewebsites.net/""]"
openiti_person_0283BaghandiKabir,الباغندي الكبير محمد بن سليمان بن الحارث الواسطي، أبو بكر الباغندي، والد الحافظ محمد بن محمد الباغندي (المتوفى: 283هـ),Baghandi Kabir,,,,,283,,,OpenITI date code 0283,,"[""author""]",[],[],[],1,[],,,,0283BaghandiKabir,"[""https://kitab-corpus-metadata.azurewebsites.net/""]"
openiti_person_0283CamrusIbnFath,عمروس بن فتح النفوسي,Camrus Ibn Fath,,,,,283,,,OpenITI date code 0283,,"[""author""]",[],[],[],1,[],,,,0283CamrusIbnFath,"[""https://kitab-corpus-metadata.azurewebsites.net/""]"
openiti_person_0283IbnIbrahimKhuttali,إسحاق بن إبراهيم بن سنين أبو القاسم الختلي (المتوفى: 283هـ),Ibn Ibrahim Khuttali,,,,,283,,,OpenITI date code 0283,,"[""author""]",[],[],[],1,[],,,,0283IbnIbrahimKhuttali,"[""https://kitab-corpus-metadata.azurewebsites.net/""]"
openiti_person_0283IbnRumi,ابن الرومي,Ibn Rumi,,,,,283,,,OpenITI date code 0283,,"[""author""]",[],[],[],1,[],,,,0283IbnRumi,"[""https://kitab-corpus-metadata.azurewebsites.net/""]"
openiti_person_0283SahlTustari,التستري,Sahl Tustari,,,,,283,,,OpenITI date code 0283,,"[""author""]",[],[],[],1,[],,,,0283SahlTustari,"[""https://kitab-corpus-metadata.azurewebsites.net/""]"
openiti_person_0284Bandaniji,البندنيجي,Bandaniji,,,,,284,,,OpenITI date code 0284,,"[""author""]",[],[],[],1,[],,,,0284Bandaniji,"[""https://kitab-corpus-metadata.azurewebsites.net/""]"
openiti_person_0284Buhturi,البحتري,Buhturi,,,,,284,,,OpenITI date code 0284,,"[""author""]",[],[],[],2,[],,,,0284Buhturi,"[""https://kitab-corpus-metadata.azurewebsites.net/""]"
openiti_person_0284MuhammadIbnQasimRassi,لإمام محمد بن القاسم بن إبراهيم عليهم السلام,Muhammad Ibn Qasim Rassi,,,,,284,,,OpenITI date code 0284,,"[""author""]",[],[],[],1,[],,,,0284MuhammadIbnQasimRassi,"[""https://kitab-corpus-metadata.azurewebsites.net/""]"
openiti_person_0284YazidIbnHaythamDaqqaq,يزيد بن هيثم الدققاق,Yazid Ibn Haytham Daqqaq,,,Yazīd b. Hayṯam al-Daqqāq,,284,,,OpenITI date code 0284,,"[""author""]",[],[],[],1,[],,,,0284YazidIbnHaythamDaqqaq,"[""https://kitab-corpus-metadata.azurewebsites.net/""]"
openiti_person_0285IbnIbrahimSancani,أبو يعقوب إسحاق بن إبراهيم بن عباد الصنعاني الدبري (المتوفى: 285هـ),Ibn Ibrahim Sancani,,,,,285,,,OpenITI date code 0285,,"[""author""]",[],[],[],1,[],,,,0285IbnIbrahimSancani,"[""https://kitab-corpus-metadata.azurewebsites.net/""]"
openiti_person_0285IbnYazidMubarrad,ابن يزيد المبرد,Ibn Yazid Mubarrad,,,Ibn Yazīd al-Mubarrad,,285,,,OpenITI date code 0285,,"[""author""]",[],[],[],8,[],,,,0285IbnYazidMubarrad,"[""https://kitab-corpus-metadata.azurewebsites.net/""]"
openiti_person_0285IbrahimHarbi,إبراهيم بن إسحاق الحربي أبو إسحاق,Ibrahim Harbi,,,,,285,,,OpenITI date code 0285,,"[""author""]",[],[],[],3,[],,,,0285IbrahimHarbi,"[""https://kitab-corpus-metadata.azurewebsites.net/""]"
openiti_person_0286AbuHasanMakki,أبو الحسن المكي,Abu Hasan Makki,,,Abū al-Ḥasan al-Makkī,,286,,,OpenITI date code 0286,,"[""author""]",[],[],[],1,[],,,,0286AbuHasanMakki,"[""https://kitab-corpus-metadata.azurewebsites.net/""]"
openiti_person_0286AbuSacidKharraz,أحمد بن عيسى الخراز,Abu Sacid Kharraz,,,Aḥmad b. ʿĪsá al-Ḫarrāz,,286,,,OpenITI date code 0286,,"[""author""]",[],[],[],1,[],,,,0286AbuSacidKharraz,"[""https://kitab-corpus-metadata.azurewebsites.net/""]"
openiti_person_0286IbnHakamHibari,الحبري,Ibn Hakam Hibari,,,,,286,,,OpenITI date code 0286,,"[""author""]",[],[],[],1,[],,,,0286IbnHakamHibari,"[""https://kitab-corpus-metadata.azurewebsites.net/""]"
openiti_person_0286IbnWaddahQurtubi,أبو عبد الله محمد بن وضاح بن بزيع المرواني القرطبي (المتوفى: 286هـ),Ibn Waddah Qurtubi,,,,,286,,,OpenITI date code 0286,,"[""author""]",[],[],[],1,[],,,,0286IbnWaddahQurtubi,"[""https://kitab-corpus-metadata.azurewebsites.net/""]"
openiti_person_0287IbnAbiCasim,ابن أبي عاصم,Ibn Abi Casim,,,Ibn Abī ʿĀṣim,,287,,,OpenITI date code 0287,,"[""author""]",[],[],[],8,[],,,,0287IbnAbiCasim,"[""https://kitab-corpus-metadata.azurewebsites.net/""]"
openiti_person_0288ThabitIbnQurra,ثابت ابن قرة,Thabit Ibn Qurra,,,Ṯābit ibn Qurraŧ,,288,,,OpenITI date code 0288,,"[""author""]",[],[],[],6,[],,,,0288ThabitIbnQurra,"[""https://kitab-corpus-metadata.azurewebsites.net/""]"
openiti_person_0288Ushnandani,الأشنانداني,Ushnandani,,,al-Ušnāndānī,,288,,,OpenITI date code 0288,,"[""author""]",[],[],[],1,[],,,,0288Ushnandani,"[""https://kitab-corpus-metadata.azurewebsites.net/""]"
openiti_person_0289YahyaBinCumarAndalusi,الفقيه أبي زكريا يحيى بن عمر بن يوسف الكناني الأندلسي (213 - 289ه),Yahya Bin Cumar Andalusi,,,,,289,,,OpenITI date code 0289,,"[""author""]",[],[],[],1,[],,,,0289YahyaBinCumarAndalusi,"[""https://kitab-corpus-metadata.azurewebsites.net/""]"
openiti_person_0290IbnAhmadIbnHanbal,أبو عبد الرحمان عبد الله بن أحمد بن محمد بن حنبل الشيباني,Ibn Ahmad Ibn Hanbal,,,,,290,,,OpenITI date code 0290,,"[""author""]",[],[],[],2,[],,,,0290IbnAhmadIbnHanbal,"[""https://kitab-corpus-metadata.azurewebsites.net/""]"
openiti_person_0290IbnCaliKhuyutiAbbar,أبو العباس أحمد بن علي بن مسلم الأبار,Ibn Cali Khuyuti Abbar,,,,,290,,,OpenITI date code 0290,,"[""author""]",[],[],[],1,[],,,,0290IbnCaliKhuyutiAbbar,"[""https://kitab-corpus-metadata.azurewebsites.net/""]"
openiti_person_0290IbnHasanSaffar,محمد بن حسن الصفار,Ibn Hasan Saffar,,,,,290,,,OpenITI date code 0290,,"[""author""]",[],[],[],1,[],,,,0290IbnHasanSaffar,"[""https://kitab-corpus-metadata.azurewebsites.net/""]"
openiti_person_0290IbnMansurMuradi,ابن منصور المرادي,Ibn Mansur Muradi,,,Ibn Manṣūr al-Murādī,,290,,,OpenITI date code 0290,,"[""author""]",[],[],[],1,[],,,,0290IbnMansurMuradi,"[""https://kitab-corpus-metadata.azurewebsites.net/""]"
openiti_person_0290MufaddalIbnSalama,المفضل بن سلمة بن عاصم، أبو طالب (المتوفى: نحو 290هـ),Mufaddal Ibn Salama,,,,,290,,,OpenITI date code 0290,,"[""author""]",[],[],[],1,[],,,,0290MufaddalIbnSalama,"[""https://kitab-corpus-metadata.azurewebsites.net/""]"
openiti_person_0291IbnYahyaThaclab,أحمد بن يحيى بن زيد بن سيار الشيباني بالولاء، أبو العباس، المعروف بثعلب (المتوفى: 291هـ),Ibn Yahya Thaclab,,,,,291,,,OpenITI date code 0291,,"[""author""]",[],[],[],3,[],,,,0291IbnYahyaThaclab,"[""https://kitab-corpus-metadata.azurewebsites.net/""]"
openiti_person_0292AbuBakrBazzar,أبو بكر أحمد بن عمرو بن عبد الخالق بن خلاد بن عبيد الله العتكي المعروف بالبزار (المتوفى: 292هـ),Abu Bakr Bazzar,,,,,292,,,OpenITI date code 0292,,"[""author""]",[],[],[],1,[],,,,0292AbuBakrBazzar,"[""https://kitab-corpus-metadata.azurewebsites.net/""]"
openiti_person_0292Bahshal,بحشل الواصطي,Bahshal,,,baḥšal al-wāṣiṭī,,292,,,OpenITI date code 0292,,"[""author""]",[],[],[],1,[],,,,0292Bahshal,"[""https://kitab-corpus-metadata.azurewebsites.net/""]"
openiti_person_0292IbnCaliMarwazi,أبو بكر أحمد بن علي بن سعيد بن إبراهيم الأموي المروزي (المتوفى: 292هـ),Ibn Cali Marwazi,,,,,292,,,OpenITI date code 0292,,"[""author""]",[],[],[],2,[],,,,0292IbnCaliMarwazi,"[""https://kitab-corpus-metadata.azurewebsites.net/""]"
openiti_person_0292SacidBardhaci,عبيد الله بن عبد الكريم بن يزيد الرازي أبو زرعة,Sacid Bardhaci,,,,,292,,,OpenITI date code 0292,,"[""author""]",[],[],[],2,[],,,,0292SacidBardhaci,"[""https://kitab-corpus-metadata.azurewebsites.net/""]"
openiti_person_0292Yacqubi,اليعقوبي، ابن واضح الأخباري,Yacqubi,,,"al-Yaʿqūbī, Ibn Wāḍiḥ al-Aḫbārī",,292,,,OpenITI date code 0292,,"[""author""]",[],[],[],3,[],,,,0292Yacqubi,"[""https://kitab-corpus-metadata.azurewebsites.net/""]"
openiti_person_0294IbnDurays,أبو عبد الله محمد بن أيوب بن يحيى بن الضريس بن يسار الضريس البجلي الرازي (المتوفى: 294هـ),Ibn Durays,,,,,294,,,OpenITI date code 0294,,"[""author""]",[],[],[],2,[],,,,0294IbnDurays,"[""https://kitab-corpus-metadata.azurewebsites.net/""]"
openiti_person_0294IbnHarunBazzaz,أبو عمران موسى بن هارون بن عبد الله البزاز,Ibn Harun Bazzaz,,,,,294,,,OpenITI date code 0294,,"[""author""]",[],[],[],1,[],,,,0294IbnHarunBazzaz,"[""https://kitab-corpus-metadata.azurewebsites.net/""]"
openiti_person_0294IbnNasrMarwazi,محمد بن نصر المروزي أبو عبد الله,Ibn Nasr Marwazi,,,,,294,,,OpenITI date code 0294,,"[""author""]",[],[],[],4,[],,,,0294IbnNasrMarwazi,"[""https://kitab-corpus-metadata.azurewebsites.net/""]"
openiti_person_0295AbuJacfarTirmidhi,أبو جعفر الترمذي محمد بن أحمد بن نصر الشافعي الترمذي الرملي الفقيه (المتوفى: 295هـ),Abu Jacfar Tirmidhi,,,,,295,,,OpenITI date code 0295,,"[""author""]",[],[],[],1,[],,,,0295AbuJacfarTirmidhi,"[""https://kitab-corpus-metadata.azurewebsites.net/""]"
openiti_person_0295IbnHasanHarrani,عبد الله بن الحسن أحمد، أبو شعيب الأموي الحراني (المتوفى: 295هـ),Ibn Hasan Harrani,,,,,295,,,OpenITI date code 0295,,"[""author""]",[],[],[],1,[],,,,0295IbnHasanHarrani,"[""https://kitab-corpus-metadata.azurewebsites.net/""]"
openiti_person_0296IbnMuctazz,أبو العباس، عبد الله بن محمد المعتز بالله ابن المتوكل ابن المعتصم ابن الرشيد العباسي (المتوفى: 296هـ),Ibn Muctazz,,,,,296,,,OpenITI date code 0296,,"[""author""]",[],[],[],3,[],,,,0296IbnMuctazz,"[""https://kitab-corpus-metadata.azurewebsites.net/""]"
openiti_person_0296MuhammadIbnJarrah,أبو عبد الله محمد بن داود بن الجراح,Muhammad Ibn Jarrah,,,,,296,,,OpenITI date code 0296,,"[""author""]",[],[],[],2,[],,,,0296MuhammadIbnJarrah,"[""https://kitab-corpus-metadata.azurewebsites.net/""]"
openiti_person_0297IbnAbiShaybaAbuJacfar,ابن أبي شيبة,Ibn Abi Shayba Abu Jacfar,,,,,297,,,OpenITI date code 0297,,"[""author""]",[],[],[],2,[],,,,0297IbnAbiShaybaAbuJacfar,"[""https://kitab-corpus-metadata.azurewebsites.net/""]"
openiti_person_0297IbnDawudZahiri,ابن داود الظاهري,Ibn Dawud Zahiri,,,,,297,,,OpenITI date code 0297,,"[""author""]",[],[],[],1,[],,,,0297IbnDawudZahiri,"[""https://kitab-corpus-metadata.azurewebsites.net/""]"
openiti_person_0298HadiIlaHaqqYahya,الهادي الى الحقق يحيى,Hadi Ila Haqq Yahya,,,al-Hādī Ilá al-Ḥaqq Yaḥyá,,298,,,OpenITI date code 0298,,"[""author""]",[],[],[],43,[],,,,0298HadiIlaHaqqYahya,"[""https://kitab-corpus-metadata.azurewebsites.net/""]"
openiti_person_0298IbnCalawayhQattan,أبو محمد الحسن بن علي بن محمد القطان المعروف بابن علويه,Ibn Calawayh Qattan,,,,,298,,,OpenITI date code 0298,,"[""author""]",[],[],[],1,[],,,,0298IbnCalawayhQattan,"[""https://kitab-corpus-metadata.azurewebsites.net/""]"
openiti_person_0298IshaqIbnHunayn,اسحاق بن حنين,Ishaq Ibn Hunayn,,,Isḥāq b. Ḥunayn,,298,,,OpenITI date code 0298,,"[""author""]",[],[],[],9,[],,,,0298IshaqIbnHunayn,"[""https://kitab-corpus-metadata.azurewebsites.net/""]"
openiti_person_0298Junayd,الجنيد,Junayd,,,al-Junayd,,298,,,OpenITI date code 0298,,"[""author""]",[],[],[],2,[],,,,0298Junayd,"[""https://kitab-corpus-metadata.azurewebsites.net/""]"
openiti_person_0299IbnKaysan,ابن كيسان,Ibn Kaysan,,,Ibn Kaysān,,299,,,OpenITI date code 0299,,"[""author""]",[],[],[],1,[],,,,0299IbnKaysan,"[""https://kitab-corpus-metadata.azurewebsites.net/""]"
openiti_person_0300AnonTranslator,(مترجم مجهول),Anon Translator,,,(mutarjim majhūl),,300,,,OpenITI date code 0300,,"[""author""]",[],[],[],1,[],,,,0300AnonTranslator,"[""https://kitab-corpus-metadata.azurewebsites.net/""]"
openiti_person_0300Anonymous,مؤلف مجهول,Anonymous,,,Muʾallif maǧhūl,,300,,,OpenITI date code 0300,,"[""author""]",[],[],[],4,[],,,,0300Anonymous,"[""https://kitab-corpus-metadata.azurewebsites.net/""]"
openiti_person_0300CisaIbnYahya,عيسى بن يحيى,Cisa Ibn Yahya,,,ʿĪsá b. Yaḥyá,,300,,,OpenITI date code 0300,,"[""author""]",[],[],[],3,[],,,,0300CisaIbnYahya,"[""https://kitab-corpus-metadata.azurewebsites.net/""]"
openiti_person_0300HubayshIbnHasan,حبيش بن الحسن,Hubaysh Ibn Hasan,,,Ḥubayš b. al-Ḥasan,,300,,,OpenITI date code 0300,,"[""author""]",[],[],[],7,[],,,,0300HubayshIbnHasan,"[""https://kitab-corpus-metadata.azurewebsites.net/""]"
openiti_person_0300IbnCisaAshcari,أحمد بن عيسى الأشعري,Ibn Cisa Ashcari,,,,,300,,,OpenITI date code 0300,,"[""author""]",[],[],[],1,[],,,,0300IbnCisaAshcari,"[""https://kitab-corpus-metadata.azurewebsites.net/""]"
openiti_person_0300IbnJacfarHimyari,الحميري القمي,Ibn Jacfar Himyari,,,,,300,,,OpenITI date code 0300,,"[""author""]",[],[],[],1,[],,,,0300IbnJacfarHimyari,"[""https://kitab-corpus-metadata.azurewebsites.net/""]"
openiti_person_0300IbnKhurdadhbih,ابن خرداذبه,Ibn Khurdadhbih,,,Ibn Ḫurdāḏbih,,300,,,OpenITI date code 0300,,"[""author""]",[],[],[],2,[],,,,0300IbnKhurdadhbih,"[""https://kitab-corpus-metadata.azurewebsites.net/""]"
openiti_person_0300IbnRusta,ابن رسته,Ibn Rusta,,,Ibn Rustah,,300,,,OpenITI date code 0300,,"[""author""]",[],[],[],1,[],,,,0300IbnRusta,"[""https://kitab-corpus-metadata.azurewebsites.net/""]"
openiti_person_0300IbnSacidKufi,الحسين بن سعيد,Ibn Sacid Kufi,,,,,300,,,OpenITI date code 0300,,"[""author""]",[],[],[],2,[],,,,0300IbnSacidKufi,"[""https://kitab-corpus-metadata.azurewebsites.net/""]"
openiti_person_0300IbnShahdaKarkhi,ابن شهدا الكرخي,Ibn Shahda Karkhi,,,Ibn Šahdā al-Karḫī,,300,,,OpenITI date code 0300,,"[""author""]",[],[],[],2,[],,,,0300IbnShahdaKarkhi,"[""https://kitab-corpus-metadata.azurewebsites.net/""]"
openiti_person_0300IbnSulaymanKufi,محمد بن سليمان الكوفي‏,Ibn Sulayman Kufi,,,,,300,,,OpenITI date code 0300,,"[""author""]",[],[],[],1,[],,,,0300IbnSulaymanKufi,"[""https://kitab-corpus-metadata.azurewebsites.net/""]"
openiti_person_0300IbnZakariyaHajari,أبو علي الهجري ، هارون بن زكريا (المتوفى : نحو 300هـ),Ibn Zakariya Hajari,,,,,300,,,OpenITI date code 0300,,"[""author""]",[],[],[],1,[],,,,0300IbnZakariyaHajari,"[""https://kitab-corpus-metadata.azurewebsites.net/""]"
openiti_person_0300IshaqRuhawi,اسحاق بن علي الرهاوي,Ishaq Ruhawi,,,Isḥāq b. ʿAlī al-Ruhāwī,,300,,,OpenITI date code 0300,,"[""author""]",[],[],[],1,[],,,,0300IshaqRuhawi,"[""https://kitab-corpus-metadata.azurewebsites.net/""]"
openiti_person_0300QustaIbnLuqa,قسطا بن لوقا,Qusta Ibn Luqa,,,Qusṭā b. Lūqā,,300,,,OpenITI date code 0300,,"[""author""]",[],[],[],2,[],,,,0300QustaIbnLuqa,"[""https://kitab-corpus-metadata.azurewebsites.net/""]"
openiti_person_0301AbuBakrFaryabi,أبو بكر جعفر بن محمد بن الحسن بن المستفاض الفريابي (المتوفى: 301هـ),Abu Bakr Faryabi,,,,,301,,,OpenITI date code 0301,,"[""author""]",[],[],[],7,[],,,,0301AbuBakrFaryabi,"[""https://kitab-corpus-metadata.azurewebsites.net/""]"
openiti_person_0301Bardiji,أبو بكر أحمد بن هارون بن روح البرديجي (المتوفى: 301هـ),Bardiji,,,,,301,,,OpenITI date code 0301,,"[""author""]",[],[],[],2,[],,,,0301Bardiji,"[""https://kitab-corpus-metadata.azurewebsites.net/""]"
openiti_person_0301IbnIdrisAnsari,أبو علي الحسين بن إدريس الأنصاري,Ibn Idris Ansari,,,,,301,,,OpenITI date code 0301,,"[""author""]",[],[],[],1,[],,,,0301IbnIdrisAnsari,"[""https://kitab-corpus-metadata.azurewebsites.net/""]"
openiti_person_0301MuhammadIbnAhmadMaqdami,المقدمي,Muhammad Ibn Ahmad Maqdami,,,,,301,,,OpenITI date code 0301,,"[""author""]",[],[],[],1,[],,,,0301MuhammadIbnAhmadMaqdami,"[""https://kitab-corpus-metadata.azurewebsites.net/""]"
openiti_person_0302AbuMuhammadAshyabBaghdadi,القاسم بن موسى بن الحسن بن موسى الأشيب أبو محمد البغدادي (المتوفى: 302هـ),Abu Muhammad Ashyab Baghdadi,,,,,302,,,OpenITI date code 0302,,"[""author""]",[],[],[],1,[],,,,0302AbuMuhammadAshyabBaghdadi,"[""https://kitab-corpus-metadata.azurewebsites.net/""]"
openiti_person_0302QasimCawfi,قاسم بن ثابت بن حزم العوفي السرقسطي، أبو محمد (المتوفى: 302هـ),Qasim Cawfi,,,,,302,,,OpenITI date code 0302,,"[""author""]",[],[],[],1,[],,,,0302QasimCawfi,"[""https://kitab-corpus-metadata.azurewebsites.net/""]"
openiti_person_0303IbnSufyanNasawi,ابن سفيان النسوي,Ibn Sufyan Nasawi,,,Ibn Sufyān al-Nasawī,,303,,,OpenITI date code 0303,,"[""author""]",[],[],[],1,[],,,,0303IbnSufyanNasawi,"[""https://kitab-corpus-metadata.azurewebsites.net/""]"
openiti_person_0303Nasai,النسائي,Nasai,,,al-Nasā'ī,,303,,,OpenITI date code 0303,,"[""author""]",[],[],[],23,[],,,,0303Nasai,"[""https://kitab-corpus-metadata.azurewebsites.net/""]"
openiti_person_0304HasanUtrush,الإمام الناصرللحق الحسن بن علي الأطروش,Hasan Utrush,,,,,304,,,OpenITI date code 0304,,"[""author""]",[],[],[],2,[],,,,0304HasanUtrush,"[""https://kitab-corpus-metadata.azurewebsites.net/""]"
openiti_person_0304YamutIbnMuzarrac,يموت بن المزرع العبدي، من عبد القيس، البصري، أبو بكر (المتوفى : 304هـ),Yamut Ibn Muzarrac,,,,,304,,,OpenITI date code 0304,,"[""author""]",[],[],[],1,[],,,,0304YamutIbnMuzarrac,"[""https://kitab-corpus-metadata.azurewebsites.net/""]"
openiti_person_0305AbuCuthmanDimashqi,أبو عثمان الدمشقي,Abu Cuthman Dimashqi,,,Abū ʿUṯmān al-Dimašqī,,305,,,OpenITI date code 0305,,"[""author""]",[],[],[],6,[],,,,0305AbuCuthmanDimashqi,"[""https://kitab-corpus-metadata.azurewebsites.net/""]"
openiti_person_0305IbnZakariyaMutarriz,أبو بكر القاسم بن زكريا بن يحيى البغدادي، المعروف: بالمطرز (المتوفى: 305هـ),Ibn Zakariya Mutarriz,,,,,305,,,OpenITI date code 0305,,"[""author""]",[],[],[],1,[],,,,0305IbnZakariyaMutarriz,"[""https://kitab-corpus-metadata.azurewebsites.net/""]"
openiti_person_0306CumarIbnSurayj,عمر بن سريج,Cumar Ibn Surayj,,,ʿUmar b. Surayj,,306,,,OpenITI date code 0306,,"[""author""]",[],[],[],1,[],,,,0306CumarIbnSurayj,"[""https://kitab-corpus-metadata.azurewebsites.net/""]"
openiti_person_0306Wakic,محمد بن خلف بن حيان,Wakic,,,,,306,,,OpenITI date code 0306,,"[""author""]",[],[],[],1,[],,,,0306Wakic,"[""https://kitab-corpus-metadata.azurewebsites.net/""]"
openiti_person_0307AbuYaclaMawsili,أبو يعلى أحمد بن علي بن المثنى بن يحيى بن عيسى بن هلال التميمي، الموصلي (المتوفى: 307هـ),Abu Yacla Mawsili,,,,,307,,,OpenITI date code 0307,,"[""author""]",[],[],[],4,[],,,,0307AbuYaclaMawsili,"[""https://kitab-corpus-metadata.azurewebsites.net/""]"
openiti_person_0307IbnHarunRuyani,الروياني,Ibn Harun Ruyani,,,,,307,,,OpenITI date code 0307,,"[""author""]",[],[],[],1,[],,,,0307IbnHarunRuyani,"[""https://kitab-corpus-metadata.azurewebsites.net/""]"
openiti_person_0307IbnJarudNaysaburi,ابن الجارود,Ibn Jarud Naysaburi,,,,,307,,,OpenITI date code 0307,,"[""author""]",[],[],[],1,[],,,,0307IbnJarudNaysaburi,"[""https://kitab-corpus-metadata.azurewebsites.net/""]"
openiti_person_0307IbnKhalafDuri,أبو محمد الهيثم بن خلف الدوري,Ibn Khalaf Duri,,,,,307,,,OpenITI date code 0307,,"[""author""]",[],[],[],1,[],,,,0307IbnKhalafDuri,"[""https://kitab-corpus-metadata.azurewebsites.net/""]"
openiti_person_0308AbuSacidJanadi,المفضل الجندي,Abu Sacid Janadi,,,,,308,,,OpenITI date code 0308,,"[""author""]",[],[],[],2,[],,,,0308AbuSacidJanadi,"[""https://kitab-corpus-metadata.azurewebsites.net/""]"
openiti_person_0309IbnFadlan,أحمد بن فضلان بن العباس بن راشد ابن حماد (المتوفى: بعد 310هـ),Ibn Fadlan,,,,,309,,,OpenITI date code 0309,,"[""author""]",[],[],[],1,[],,,,0309IbnFadlan,"[""https://kitab-corpus-metadata.azurewebsites.net/""]"
openiti_person_0309IbnMarzuban,ابن المرزبان,Ibn Marzuban,,,Ibn al-Marzubān,,309,,,OpenITI date code 0309,,"[""author""]",[],[],[],3,[],,,,0309IbnMarzuban,"[""https://kitab-corpus-metadata.azurewebsites.net/""]"
openiti_person_0309KuracNaml,كراع النمل,Kurac Naml,,,Kurāʿ al-Naml,,309,,,OpenITI date code 0309,,"[""author""]",[],[],[],2,[],,,,0309KuracNaml,"[""https://kitab-corpus-metadata.azurewebsites.net/""]"
openiti_person_0310AbuCabbasNayrizi,أبو العباس النيريزي,Abu Cabbas Nayrizi,,,Abū al-ʿAbbās al-Nayrīzī,,310,,,OpenITI date code 0310,,"[""author""]",[],[],[],1,[],,,,0310AbuCabbasNayrizi,"[""https://kitab-corpus-metadata.azurewebsites.net/""]"
openiti_person_0310CabdAllahIbnHusaynRassi,الإمام المجتهد عبد الله بن الحسين بن القاسم الرسي.,Cabd Allah Ibn Husayn Rassi,,,,,310,,,OpenITI date code 0310,,"[""author""]",[],[],[],1,[],,,,0310CabdAllahIbnHusaynRassi,"[""https://kitab-corpus-metadata.azurewebsites.net/""]"
openiti_person_0310IbnAhmadDulabi,الإمام الحافظ أبو بشر محمد بن أحمد بن حماد الدولابي,Ibn Ahmad Dulabi,,,,,310,,,OpenITI date code 0310,,"[""author""]",[],[],[],2,[],,,,0310IbnAhmadDulabi,"[""https://kitab-corpus-metadata.azurewebsites.net/""]"
openiti_person_0310IbnCabbasYazidi,اليزيدي,Ibn Cabbas Yazidi,,,,,310,,,OpenITI date code 0310,,"[""author""]",[],[],[],1,[],,,,0310IbnCabbasYazidi,"[""https://kitab-corpus-metadata.azurewebsites.net/""]"
openiti_person_0310IbnCaliMadaini,أبو علي أحمد بن علي بن شعيب المدائني (المتوفى: بعد 310هـ),Ibn Cali Madaini,,,,,310,,,OpenITI date code 0310,,"[""author""]",[],[],[],1,[],,,,0310IbnCaliMadaini,"[""https://kitab-corpus-metadata.azurewebsites.net/""]"
openiti_person_0310Nawbakhti,الحسن بن موسى النوبختي,Nawbakhti,,,,,310,,,OpenITI date code 0310,,"[""author""]",[],[],[],1,[],,,,0310Nawbakhti,"[""https://kitab-corpus-metadata.azurewebsites.net/""]"
openiti_person_0310Tabari,الطبري,Tabari,,,al-Ṭabarī,,310,,,OpenITI date code 0310,,"[""author""]",[],[],[],7,[],,,,0310Tabari,"[""https://kitab-corpus-metadata.azurewebsites.net/""]"
openiti_person_0311AbuBakrKhallal,الخلال,Abu Bakr Khallal,,,al-Ḫallāl,,311,,,OpenITI date code 0311,,"[""author""]",[],[],[],6,[],,,,0311AbuBakrKhallal,"[""https://kitab-corpus-metadata.azurewebsites.net/""]"
openiti_person_0311IbnBajirBajiri,أبو حفص عمر بن محمد بن بجير البجيري (311 ه),Ibn Bajir Bajiri,,,,,311,,,OpenITI date code 0311,,"[""author""]",[],[],[],2,[],,,,0311IbnBajirBajiri,"[""https://kitab-corpus-metadata.azurewebsites.net/""]"
openiti_person_0311IbnFilBalisi,أبو طاهر الحسن بن أحمد بن إبراهيم بن فيل البالسي (المتوفى: 311هـ),Ibn Fil Balisi,,,,,311,,,OpenITI date code 0311,,"[""author""]",[],[],[],1,[],,,,0311IbnFilBalisi,"[""https://kitab-corpus-metadata.azurewebsites.net/""]"
openiti_person_0311IbnKhuzaymaNaysaburi,أبو بكر محمد بن إسحاق بن خزيمة بن المغيرة بن صالح بن بكر السلمي النيسابوري (المتوفى: 311هـ),Ibn Khuzayma Naysaburi,,,,,311,,,OpenITI date code 0311,,"[""author""]",[],[],[],3,[],,,,0311IbnKhuzaymaNaysaburi,"[""https://kitab-corpus-metadata.azurewebsites.net/""]"
openiti_person_0311IbnSariZajjaj,إبراهيم بن السري بن سهل، أبو إسحاق الزجاج (المتوفى: 311هـ),Ibn Sari Zajjaj,,,,,311,,,OpenITI date code 0311,,"[""author""]",[],[],[],2,[],,,,0311IbnSariZajjaj,"[""https://kitab-corpus-metadata.azurewebsites.net/""]"
openiti_person_0311LaghdaIsfahani,حسن بن عبد الله الأصفهاني,Laghda Isfahani,,,,,311,,,OpenITI date code 0311,,"[""author""]",[],[],[],1,[],,,,0311LaghdaIsfahani,"[""https://kitab-corpus-metadata.azurewebsites.net/""]"
openiti_person_0312BaghandiSaghir,الباغندي الصغير,Baghandi Saghir,,,,,312,,,OpenITI date code 0312,,"[""author""]",[],[],[],3,[],,,,0312BaghandiSaghir,"[""https://kitab-corpus-metadata.azurewebsites.net/""]"
openiti_person_0312IbnCaliTusi,الحافظ الطوسي,Ibn Cali Tusi,,,,,312,,,OpenITI date code 0312,,"[""author""]",[],[],[],1,[],,,,0312IbnCaliTusi,"[""https://kitab-corpus-metadata.azurewebsites.net/""]"
openiti_person_0313IbnIshaqSarraj,السراج الثقفي,Ibn Ishaq Sarraj,,,,,313,,,OpenITI date code 0313,,"[""author""]",[],[],[],2,[],,,,0313IbnIshaqSarraj,"[""https://kitab-corpus-metadata.azurewebsites.net/""]"
openiti_person_0313IbnZakariyyaRazi,ابن زكريا الرازي,Ibn Zakariyya Razi,,,Ibn Zakariyā al-Rāzī,,313,,,OpenITI date code 0313,,"[""author""]",[],[],[],12,[],,,,0313IbnZakariyyaRazi,"[""https://kitab-corpus-metadata.azurewebsites.net/""]"
openiti_person_0313IbnZaydanKufi,أبو محمد عبد الله بن زيدان بن بريد بن رزين بن ربيع بن قطن البجلي، الكوفي (المتوفى: 313هـ),Ibn Zaydan Kufi,,,,,313,,,OpenITI date code 0313,,"[""author""]",[],[],[],1,[],,,,0313IbnZaydanKufi,"[""https://kitab-corpus-metadata.azurewebsites.net/""]"
openiti_person_0314IbnActhamKufi,أحمد بن أعثم الكوفي,Ibn Actham Kufi,,,,,314,,,OpenITI date code 0314,,"[""author""]",[],[],[],1,[],,,,0314IbnActhamKufi,"[""https://kitab-corpus-metadata.azurewebsites.net/""]"
openiti_person_0315AkhfashAsghar,علي بن سليمان بن الفضل، أبو المحاسن، المعروف بالأخفش الأصغر (المتوفى: 315هـ),Akhfash Asghar,,,,,315,,,OpenITI date code 0315,,"[""author""]",[],[],[],1,[],,,,0315AkhfashAsghar,"[""https://kitab-corpus-metadata.azurewebsites.net/""]"
openiti_person_0315IbnFaydGhassani,أبو الحسن الغساني,Ibn Fayd Ghassani,,,,,315,,,OpenITI date code 0315,,"[""author""]",[],[],[],1,[],,,,0315IbnFaydGhassani,"[""https://kitab-corpus-metadata.azurewebsites.net/""]"
openiti_person_0316AbuCawana,أبو عوانة,Abu Cawana,,,,,316,,,OpenITI date code 0316,,"[""author""]",[],[],[],1,[],,,,0316AbuCawana,"[""https://kitab-corpus-metadata.azurewebsites.net/""]"
openiti_person_0316IbnAbiDawudSijistani,ابن أبي داود السجستاني,Ibn Abi Dawud Sijistani,,,Ibn Abī Dāwud al-Sijistānī,,316,,,OpenITI date code 0316,,"[""author""]",[],[],[],5,[],,,,0316IbnAbiDawudSijistani,"[""https://kitab-corpus-metadata.azurewebsites.net/""]"
openiti_person_0316IbnKhuraym,أبو بكر محمد بن خريم بن محمد بن عبد الملك بن مروان العقيلي,Ibn Khuraym,,,,,316,,,OpenITI date code 0316,,"[""author""]",[],[],[],1,[],,,,0316IbnKhuraym,"[""https://kitab-corpus-metadata.azurewebsites.net/""]"
openiti_person_0316IbnSarrajNahwi,أبو بكر محمد بن سهل بن السراج النحوي البغدادي,Ibn Sarraj Nahwi,,,,,316,,,OpenITI date code 0316,,"[""author""]",[],[],[],1,[],,,,0316IbnSarrajNahwi,"[""https://kitab-corpus-metadata.azurewebsites.net/""]"
openiti_person_0316MuhammadMurtada,محمد المرتضى,Muhammad Murtada,,,Muḥammad al-Murtaḍá,,316,,,OpenITI date code 0316,,"[""author""]",[],[],[],2,[],,,,0316MuhammadMurtada,"[""https://kitab-corpus-metadata.azurewebsites.net/""]"
openiti_person_0317AbuQasimBaghawi,أبو القاسم عبد الله بن محمد بن عبد العزيز بن المرزبان بن سابور بن شاهنشاه البغوي (المتوفى: 317هـ),Abu Qasim Baghawi,,,,,317,,,OpenITI date code 0317,,"[""author""]",[],[],[],10,[],,,,0317AbuQasimBaghawi,"[""https://kitab-corpus-metadata.azurewebsites.net/""]"
openiti_person_0317IbnCammarShahid,أبو الفضل بن عمار الشهيد,Ibn Cammar Shahid,,,,,317,,,OpenITI date code 0317,,"[""author""]",[],[],[],1,[],,,,0317IbnCammarShahid,"[""https://kitab-corpus-metadata.azurewebsites.net/""]"
openiti_person_0317IbnHaythamKufi,بدر بن الهيثم بن خلف أبو القاسم اللخمي، الكوفي (المتوفى: 317هـ),Ibn Haytham Kufi,,,,,317,,,OpenITI date code 0317,,"[""author""]",[],[],[],1,[],,,,0317IbnHaythamKufi,"[""https://kitab-corpus-metadata.azurewebsites.net/""]"
openiti_person_0317IbnJabirBattani,ابن جابر البتاني,Ibn Jabir Battani,,,Ibn Jābir al-Battānī,,317,,,OpenITI date code 0317,,"[""author""]",[],[],[],1,[],,,,0317IbnJabirBattani,"[""https://kitab-corpus-metadata.azurewebsites.net/""]"
openiti_person_0317IbnShuqayr,ابن شقير,Ibn Shuqayr,,,Ibn Šuqayr,,317,,,OpenITI date code 0317,,"[""author""]",[],[],[],1,[],,,,0317IbnShuqayr,"[""https://kitab-corpus-metadata.azurewebsites.net/""]"
openiti_person_0318AbuCarubaHarrani,أبو عروبة الحراني,Abu Caruba Harrani,,,,,318,,,OpenITI date code 0318,,"[""author""]",[],[],[],4,[],,,,0318AbuCarubaHarrani,"[""https://kitab-corpus-metadata.azurewebsites.net/""]"
openiti_person_0318IbnAhmadZubayri,أبو عبد الله الزبير بن أحمد بن سليمان الزبيري,Ibn Ahmad Zubayri,,,,,318,,,OpenITI date code 0318,,"[""author""]",[],[],[],1,[],,,,0318IbnAhmadZubayri,"[""https://kitab-corpus-metadata.azurewebsites.net/""]"
openiti_person_0318IbnMuhammadHashimi,ابن محمد الهاشمي,Ibn Muhammad Hashimi,,,Ibn Muḥammad al-Hāšimī,,318,,,OpenITI date code 0318,,"[""author""]",[],[],[],4,[],,,,0318IbnMuhammadHashimi,"[""https://kitab-corpus-metadata.azurewebsites.net/""]"
openiti_person_0319AbuCabbasTahirTamimi,أبو العباس طاهر بن محمد بن الحكم التميمي,Abu Cabbas Tahir Tamimi,,,,,319,,,OpenITI date code 0319,,"[""author""]",[],[],[],1,[],,,,0319AbuCabbasTahirTamimi,"[""https://kitab-corpus-metadata.azurewebsites.net/""]"
openiti_person_0319AbuQasimBalkhi,أبو القاسم البلخي,Abu Qasim Balkhi,,,Abū al-Qāsim al-Balḫī,,319,,,OpenITI date code 0319,,"[""author""]",[],[],[],2,[],,,,0319AbuQasimBalkhi,"[""https://kitab-corpus-metadata.azurewebsites.net/""]"
openiti_person_0319AbuQasimKacbi,أبو القاسم عبد الله بن أحمد بن محمود الكعبي البلخي (المتوفى: 319 ه),Abu Qasim Kacbi,,,,,319,,,OpenITI date code 0319,,"[""author""]",[],[],[],1,[],,,,0319AbuQasimKacbi,"[""https://kitab-corpus-metadata.azurewebsites.net/""]"
openiti_person_0319IbnMundhirNaysaburi,ابن المنذر النيسبوري,Ibn Mundhir Naysaburi,,,Ibn al-Munḏir al-Naysabūrī,,319,,,OpenITI date code 0319,,"[""author""]",[],[],[],5,[],,,,0319IbnMundhirNaysaburi,"[""https://kitab-corpus-metadata.azurewebsites.net/""]"
openiti_person_0320HakimTirmidhi,الحكيم الترمذي,Hakim Tirmidhi,,,al-Ḥakīm al-Tirmiḏī,,320,,,OpenITI date code 0320,,"[""author""]",[],[],[],9,[],,,,0320HakimTirmidhi,"[""https://kitab-corpus-metadata.azurewebsites.net/""]"
openiti_person_0320IbnJawsaDimashqi,أبو الحسن أحمد بن عمير بن يوسف بن جوصاء الدمشقي,Ibn Jawsa Dimashqi,,,,,320,,,OpenITI date code 0320,,"[""author""]",[],[],[],1,[],,,,0320IbnJawsaDimashqi,"[""https://kitab-corpus-metadata.azurewebsites.net/""]"
openiti_person_0320IbnMascudCayyashi,محمد بن مسعود العياشى,Ibn Mascud Cayyashi,,,,,320,,,OpenITI date code 0320,,"[""author""]",[],[],[],1,[],,,,0320IbnMascudCayyashi,"[""https://kitab-corpus-metadata.azurewebsites.net/""]"
openiti_person_0320IbnMuhammadBayhaqi,إبراهيم بن محمد البيهقي,Ibn Muhammad Bayhaqi,,,,,320,,,OpenITI date code 0320,,"[""author""]",[],[],[],1,[],,,,0320IbnMuhammadBayhaqi,"[""https://kitab-corpus-metadata.azurewebsites.net/""]"
openiti_person_0320Israili,الإسرائيلي,Israili,,,,,320,,,OpenITI date code 0320,,"[""author""]",[],[],[],1,[],,,,0320Israili,"[""https://kitab-corpus-metadata.azurewebsites.net/""]"
openiti_person_0321AbuJacfarTahawi,أبو جعفر الطحاوي,Abu Jacfar Tahawi,,,Abū Jaʿfar al-Ṭaḥāwī,,321,,,OpenITI date code 0321,,"[""author""]",[],[],[],1,[],,,,0321AbuJacfarTahawi,"[""https://kitab-corpus-metadata.azurewebsites.net/""]"
openiti_person_0321IbnDuraydAzdi,ابن دريد الأزدي,Ibn Durayd Azdi,,,Ibn Durayd al-Azdī,,321,,,OpenITI date code 0321,,"[""author""]",[],[],[],9,[],,,,0321IbnDuraydAzdi,"[""https://kitab-corpus-metadata.azurewebsites.net/""]"
openiti_person_0321Tahawi,الطحاوي,Tahawi,,,al-Ṭaḥāwī,,321,,,OpenITI date code 0321,,"[""author""]",[],[],[],9,[],,,,0321Tahawi,"[""https://kitab-corpus-metadata.azurewebsites.net/""]"
openiti_person_0322AbuBakrZubayri,أبو بكر محمد بن بشر بن عبد الله الزبيري العسكري المعروف بالعكبري المصري (المتوفى: 332هـ),Abu Bakr Zubayri,,,,,322,,,OpenITI date code 0322,,"[""author""]",[],[],[],1,[],,,,0322AbuBakrZubayri,"[""https://kitab-corpus-metadata.azurewebsites.net/""]"
openiti_person_0322AbuHatimRazi,أبو حاتم الرازي,Abu Hatim Razi,,,Abū Ḥātim al-Rāzī,,322,,,OpenITI date code 0322,,"[""author""]",[],[],[],2,[],,,,0322AbuHatimRazi,"[""https://kitab-corpus-metadata.azurewebsites.net/""]"
openiti_person_0322AbuJacfarCuqayli,أبو جعفر محمد بن عمرو بن موسى بن حماد العقيلي المكي (المتوفى: 322هـ),Abu Jacfar Cuqayli,,,,,322,,,OpenITI date code 0322,,"[""author""]",[],[],[],1,[],,,,0322AbuJacfarCuqayli,"[""https://kitab-corpus-metadata.azurewebsites.net/""]"
openiti_person_0322CabdAllahMahdi,عبد الله المهدي,Cabd Allah Mahdi,,,ʿAbd Allāh al-Mahdī,,322,,,OpenITI date code 0322,,"[""author""]",[],[],[],1,[],,,,0322CabdAllahMahdi,"[""https://kitab-corpus-metadata.azurewebsites.net/""]"
openiti_person_0322IbnAbiCawn,ابن أبي عون البغدادي,Ibn Abi Cawn,,,Ibn Abī ʿAwn al-Baġdādī,,322,,,OpenITI date code 0322,,"[""author""]",[],[],[],1,[],,,,0322IbnAbiCawn,"[""https://kitab-corpus-metadata.azurewebsites.net/""]"
openiti_person_0322IbnCabdAllahDhuhali,أحمد بن عبد الله بن نصر بن بجير بن عبد الله بن صالح بن أسامة أبو العباس الذهلي (المتوفى: 322هـ),Ibn Cabd Allah Dhuhali,,,,,322,,,OpenITI date code 0322,,"[""author""]",[],[],[],1,[],,,,0322IbnCabdAllahDhuhali,"[""https://kitab-corpus-metadata.azurewebsites.net/""]"
openiti_person_0322IbnTabataba,محمد بن أحمد بن محمد بن أحمد بن إبراهيم طباطبا، الحسني العلوي، أبو الحسن (المتوفى: 322هـ),Ibn Tabataba,,,,,322,,,OpenITI date code 0322,,"[""author""]",[],[],[],2,[],,,,0322IbnTabataba,"[""https://kitab-corpus-metadata.azurewebsites.net/""]"
openiti_person_0322KatibBaghdadi,الكاتب البغدادي,Katib Baghdadi,,,,,322,,,OpenITI date code 0322,,"[""author""]",[],[],[],1,[],,,,0322KatibBaghdadi,"[""https://kitab-corpus-metadata.azurewebsites.net/""]"
openiti_person_0322NasirAhmad,الإمام الناصر لدين الله أحمد بن يحيى الهادي .,Nasir Ahmad,,,,,322,,,OpenITI date code 0322,,"[""author""]",[],[],[],1,[],,,,0322NasirAhmad,"[""https://kitab-corpus-metadata.azurewebsites.net/""]"
openiti_person_0323CaliHimyari,علي بن محمد بن هارون بن زياد بن عبد الرحمن الحميري (المتوفى: 323هـ),Cali Himyari,,,,,323,,,OpenITI date code 0323,,"[""author""]",[],[],[],1,[],,,,0323CaliHimyari,"[""https://kitab-corpus-metadata.azurewebsites.net/""]"
openiti_person_0323IbnCabdCazizBasri,الجوهري,Ibn Cabd Caziz Basri,,,,,323,,,OpenITI date code 0323,,"[""author""]",[],[],[],1,[],,,,0323IbnCabdCazizBasri,"[""https://kitab-corpus-metadata.azurewebsites.net/""]"
openiti_person_0323Niftawayh,أبو عبد الله إبراهيم بن محمد بن عرفة بن سليمان بن المغيرة بن حبيب العتكي الأزدي الواسطي المعروف بنفطويه (المتوفى: 323هـ),Niftawayh,,,,,323,,,OpenITI date code 0323,,"[""author""]",[],[],[],1,[],,,,0323Niftawayh,"[""https://kitab-corpus-metadata.azurewebsites.net/""]"
openiti_person_0324Ashcari,الأشعري,Ashcari,,,,,324,,,OpenITI date code 0324,,"[""author""]",[],[],[],4,[],,,,0324Ashcari,"[""https://kitab-corpus-metadata.azurewebsites.net/""]"
openiti_person_0324IbnMuhammadCanbari,أبو بكر أحمد بن محمد العنبري الملحمي (المتوفى: 324هـ),Ibn Muhammad Canbari,,,,,324,,,OpenITI date code 0324,,"[""author""]",[],[],[],1,[],,,,0324IbnMuhammadCanbari,"[""https://kitab-corpus-metadata.azurewebsites.net/""]"
openiti_person_0324IbnMuhammadNaysaburi,ابن محمد النيسبوري,Ibn Muhammad Naysaburi,,,Ibn Muḥammad al-Naysabūrī,,324,,,OpenITI date code 0324,,"[""author""]",[],[],[],2,[],,,,0324IbnMuhammadNaysaburi,"[""https://kitab-corpus-metadata.azurewebsites.net/""]"
openiti_person_0324IbnMujahid,أبو بكر أحمد بن موسى بن العباس بن مجاهد البغدادي,Ibn Mujahid,,,,,324,,,OpenITI date code 0324,,"[""author""]",[],[],[],1,[],,,,0324IbnMujahid,"[""https://kitab-corpus-metadata.azurewebsites.net/""]"
openiti_person_0325AhmadIbnHadiIlaHaqq,أحمد بن الهادي الى الحقق,Ahmad Ibn Hadi Ila Haqq,,,Aḥmad b. al-Hādī Ilá al-Ḥaqq,,325,,,OpenITI date code 0325,,"[""author""]",[],[],[],1,[],,,,0325AhmadIbnHadiIlaHaqq,"[""https://kitab-corpus-metadata.azurewebsites.net/""]"
openiti_person_0325Anonymous,Alexander of Aphrodisias,Anonymous,,,,,325,,,OpenITI date code 0325,,"[""author""]",[],[],[],3,[],,,,0325Anonymous,"[""https://kitab-corpus-metadata.azurewebsites.net/""]"
openiti_person_0325IbnAbiThalj,ابن أبي الثلج‏,Ibn Abi Thalj,,,,,325,,,OpenITI date code 0325,,"[""author""]",[],[],[],1,[],,,,0325IbnAbiThalj,"[""https://kitab-corpus-metadata.azurewebsites.net/""]"
openiti_person_0325IbnCabdSamadBaghdadi,إبراهيم بن عبد الصمد بن موسى بن محمد بن إبراهيم بن محمد بن علي بن عبد الله بن العباس بن عبد المطلب القرشي الهاشمي، أبو إسحاق البغدادي (المتوفى: 325هـ),Ibn Cabd Samad Baghdadi,,,,,325,,,OpenITI date code 0325,,"[""author""]",[],[],[],1,[],,,,0325IbnCabdSamadBaghdadi,"[""https://kitab-corpus-metadata.azurewebsites.net/""]"
openiti_person_0325IbnIshaqWashsha,محمد بن اسحاق بن يحيى الوشاء,Ibn Ishaq Washsha,,,Muḥammad b. Isḥāq b. Yaḥyá al-Waššāʾ,,325,,,OpenITI date code 0325,,"[""author""]",[],[],[],2,[],,,,0325IbnIshaqWashsha,"[""https://kitab-corpus-metadata.azurewebsites.net/""]"
openiti_person_0325IbnMuhammadNaysaburi,أحمد بن محمد بن الحسن النيسابورى، أبو حامد ابن الشرقي (المتوفى: 325هـ),Ibn Muhammad Naysaburi,,,,,325,,,OpenITI date code 0325,,"[""author""]",[],[],[],1,[],,,,0325IbnMuhammadNaysaburi,"[""https://kitab-corpus-metadata.azurewebsites.net/""]"
openiti_person_0325IbnSahlRazi,أحمد بن سهل الرازي (المتوفي في الربع الأول من القرن الرابع),Ibn Sahl Razi,,,,,325,,,OpenITI date code 0325,,"[""author""]",[],[],[],1,[],,,,0325IbnSahlRazi,"[""https://kitab-corpus-metadata.azurewebsites.net/""]"
openiti_person_0325RaqqamBasri,أبو الحسن محمد بن عمران العبدي المعروف بالرقام البصري صاحب ابن دريد,Raqqam Basri,,,,,325,,,OpenITI date code 0325,,"[""author""]",[],[],[],1,[],,,,0325RaqqamBasri,"[""https://kitab-corpus-metadata.azurewebsites.net/""]"
openiti_person_0327AbuBakrKharaiti,أبو بكر الخرائطي,Abu Bakr Kharaiti,,,Abū Bakr al-Ḫarāʾiṭī,,327,,,OpenITI date code 0327,,"[""author""]",[],[],[],6,[],,,,0327AbuBakrKharaiti,"[""https://kitab-corpus-metadata.azurewebsites.net/""]"
openiti_person_0327AbuCaliKawkabi,أبو علي الحسين بن القاسم بن جعفر الكوكبي,Abu Cali Kawkabi,,,,,327,,,OpenITI date code 0327,,"[""author""]",[],[],[],1,[],,,,0327AbuCaliKawkabi,"[""https://kitab-corpus-metadata.azurewebsites.net/""]"
openiti_person_0327IbnAbiHatimRazi,ابن أبي حاتم الرازي,Ibn Abi Hatim Razi,,,Ibn Abī Ḥātim al-Rāzī,,327,,,OpenITI date code 0327,,"[""author""]",[],[],[],6,[],,,,0327IbnAbiHatimRazi,"[""https://kitab-corpus-metadata.azurewebsites.net/""]"
openiti_person_0328AbuBakrIbnAnbari,ابن الأنباري,Abu Bakr Ibn Anbari,,,,,328,,,OpenITI date code 0328,,"[""author""]",[],[],[],7,[],,,,0328AbuBakrIbnAnbari,"[""https://kitab-corpus-metadata.azurewebsites.net/""]"
openiti_person_0328AbuBishrIbnYunus,أبو بشر متى بن يونس,Abu Bishr Ibn Yunus,,,Abū Bišr Mattá b. Yūnus,,328,,,OpenITI date code 0328,,"[""author""]",[],[],[],3,[],,,,0328AbuBishrIbnYunus,"[""https://kitab-corpus-metadata.azurewebsites.net/""]"
openiti_person_0328IbnCabdRabbih,ابن عبد ربه,Ibn Cabd Rabbih,,,Ibn ʿAbd Rabbih,,328,,,OpenITI date code 0328,,"[""author""]",[],[],[],2,[],,,,0328IbnCabdRabbih,"[""https://kitab-corpus-metadata.azurewebsites.net/""]"
openiti_person_0329AbuBakrIbnBahlul,أبو بكر بن بهلول,Abu Bakr Ibn Bahlul,,,Abū Bakr b. Bahlūl,,329,,,OpenITI date code 0329,,"[""author""]",[],[],[],1,[],,,,0329AbuBakrIbnBahlul,"[""https://kitab-corpus-metadata.azurewebsites.net/""]"
openiti_person_0329Barbahari,البربهاري,Barbahari,,,,,329,,,OpenITI date code 0329,,"[""author""]",[],[],[],1,[],,,,0329Barbahari,"[""https://kitab-corpus-metadata.azurewebsites.net/""]"
openiti_person_0329IbnAhmadRabaci,أبو محمد عبد الله بن أحمد بن ربيعة بن زبر الربعي,Ibn Ahmad Rabaci,,,,,329,,,OpenITI date code 0329,,"[""author""]",[],[],[],3,[],,,,0329IbnAhmadRabaci,"[""https://kitab-corpus-metadata.azurewebsites.net/""]"
openiti_person_0329IbnBabawayhAli,علي بن بابويه,Ibn Babawayh Ali,,,,,329,,,OpenITI date code 0329,,"[""author""]",[],[],[],2,[],,,,0329IbnBabawayhAli,"[""https://kitab-corpus-metadata.azurewebsites.net/""]"
openiti_person_0329IbnCumarKashshi,أبو عمرو محمد بن عمر بن عبد العزيز الكشي,Ibn Cumar Kashshi,,,,,329,,,OpenITI date code 0329,,"[""author""]",[],[],[],1,[],,,,0329IbnCumarKashshi,"[""https://kitab-corpus-metadata.azurewebsites.net/""]"
openiti_person_0329IbnIbrahimQummi,ابن ابراهيم القمي,Ibn Ibrahim Qummi,,,Ibn Ibrāhīm al-Qummī,,329,,,OpenITI date code 0329,,"[""author""]",[],[],[],2,[],,,,0329IbnIbrahimQummi,"[""https://kitab-corpus-metadata.azurewebsites.net/""]"
openiti_person_0329IbnMuhammadMarwaziHamid,أبو القاسم عبد الله بن محمد بن إسحاق المروزي (الحامض),Ibn Muhammad Marwazi Hamid,,,,,329,,,OpenITI date code 0329,,"[""author""]",[],[],[],1,[],,,,0329IbnMuhammadMarwaziHamid,"[""https://kitab-corpus-metadata.azurewebsites.net/""]"
openiti_person_0329IbnYacqubKulayni,الكليني,Ibn Yacqub Kulayni,,,al-Kulaynī,,329,,,OpenITI date code 0329,,"[""author""]",[],[],[],2,[],,,,0329IbnYacqubKulayni,"[""https://kitab-corpus-metadata.azurewebsites.net/""]"
openiti_person_0329Rudaki,رودكي,Rudaki,,,Rūdakī,,329,,,OpenITI date code 0329,,"[""author""]",[],[],[],2,[],,,,0329Rudaki,"[""https://kitab-corpus-metadata.azurewebsites.net/""]"
openiti_person_0330AbuZaydSirafi,أبو زيد السيرافي,Abu Zayd Sirafi,,,Abū Zayd al-Sīrāfī,,330,,,OpenITI date code 0330,,"[""author""]",[],[],[],1,[],,,,0330AbuZaydSirafi,"[""https://kitab-corpus-metadata.azurewebsites.net/""]"
openiti_person_0330BahithIbnMarzuban,محمد بن سهل ابن المرزبان,Bahith Ibn Marzuban,,,Muḥammad b. Sahl Ibn al-Marzubān,,330,,,OpenITI date code 0330,,"[""author""]",[],[],[],2,[],,,,0330BahithIbnMarzuban,"[""https://kitab-corpus-metadata.azurewebsites.net/""]"
openiti_person_0330IbnCuzayzSijistani,أبى بكر السجستاني,Ibn Cuzayz Sijistani,,,,,330,,,OpenITI date code 0330,,"[""author""]",[],[],[],2,[],,,,0330IbnCuzayzSijistani,"[""https://kitab-corpus-metadata.azurewebsites.net/""]"
openiti_person_0330IbnIsmacilMahamili,ابن اسماعيل المحاملي,Ibn Ismacil Mahamili,,,Ibn Ismāʿīl al-Maḥāmilī,,330,,,OpenITI date code 0330,,"[""author""]",[],[],[],3,[],,,,0330IbnIsmacilMahamili,"[""https://kitab-corpus-metadata.azurewebsites.net/""]"
openiti_person_0330IbnMuhammadKhashshab,أبو حامد أحمد بن محمد بن يحيى بن بلال النيسابوري المعروف بالخشاب (المتوفى: 330هـ),Ibn Muhammad Khashshab,,,,,330,,,OpenITI date code 0330,,"[""author""]",[],[],[],1,[],,,,0330IbnMuhammadKhashshab,"[""https://kitab-corpus-metadata.azurewebsites.net/""]"
openiti_person_0330IbnMuhammadSulami,أبو عمر عبد الله بن محمد بن أحمد بن عبد الوهاب السلمي (المتوفى: 330هـ),Ibn Muhammad Sulami,,,,,330,,,OpenITI date code 0330,,"[""author""]",[],[],[],1,[],,,,0330IbnMuhammadSulami,"[""https://kitab-corpus-metadata.azurewebsites.net/""]"
openiti_person_0331IbnMukhalladCattar,أبو عبد الله محمد بن مخلد بن حفص العطار الدوري البغدادي (المتوفى: 331هـ),Ibn Mukhallad Cattar,,,,,331,,,OpenITI date code 0331,,"[""author""]",[],[],[],5,[],,,,0331IbnMukhalladCattar,"[""https://kitab-corpus-metadata.azurewebsites.net/""]"
openiti_person_0331Jahshiyari,الجهشياري,Jahshiyari,,,al-Jahšiyārī,,331,,,OpenITI date code 0331,,"[""author""]",[],[],[],1,[],,,,0331Jahshiyari,"[""https://kitab-corpus-metadata.azurewebsites.net/""]"
openiti_person_0332IbnWalladTamimi,ابن ولاد,Ibn Wallad Tamimi,,,,,332,,,OpenITI date code 0332,,"[""author""]",[],[],[],2,[],,,,0332IbnWalladTamimi,"[""https://kitab-corpus-metadata.azurewebsites.net/""]"
openiti_person_0333AbuCarabTamimi,محمد بن أحمد بن تميم التميمي المغربي الإفريقي، أبو العرب (المتوفى: 333هـ),Abu Carab Tamimi,,,,,333,,,OpenITI date code 0333,,"[""author""]",[],[],[],2,[],,,,0333AbuCarabTamimi,"[""https://kitab-corpus-metadata.azurewebsites.net/""]"
openiti_person_0333AbuMansurMaturidi,الماتريدي,Abu Mansur Maturidi,,,,,333,,,OpenITI date code 0333,,"[""author""]",[],[],[],2,[],,,,0333AbuMansurMaturidi,"[""https://kitab-corpus-metadata.azurewebsites.net/""]"
openiti_person_0333IbnCuqdahKufi,ابن عقدة الكوفي‏,Ibn Cuqdah Kufi,,,,,333,,,OpenITI date code 0333,,"[""author""]",[],[],[],3,[],,,,0333IbnCuqdahKufi,"[""https://kitab-corpus-metadata.azurewebsites.net/""]"
openiti_person_0333IbnMarwanDinawari,ابن مروان الدينوري,Ibn Marwan Dinawari,,,Ibn Marwān al-Dīnawarī,,333,,,OpenITI date code 0333,,"[""author""]",[],[],[],2,[],,,,0333IbnMarwanDinawari,"[""https://kitab-corpus-metadata.azurewebsites.net/""]"
openiti_person_0333IbnMuhammadMadini,أبو عمرو المديني,Ibn Muhammad Madini,,,,,333,,,OpenITI date code 0333,,"[""author""]",[],[],[],1,[],,,,0333IbnMuhammadMadini,"[""https://kitab-corpus-metadata.azurewebsites.net/""]"
openiti_person_0334Azdi,الأزدي,Azdi,,,al-Azdī,,334,,,OpenITI date code 0334,,"[""author""]",[],[],[],1,[],,,,0334Azdi,"[""https://kitab-corpus-metadata.azurewebsites.net/""]"
openiti_person_0334IbnHaikHamdani,ابن حائك الهمداني، ابن أبي الدمين الهمداني,Ibn Haik Hamdani,,,"Ibn Ḥāʾik al-Hamdānī, Ibn Abī al-Dumayna al-Hamdānī",,334,,,OpenITI date code 0334,,"[""author""]",[],[],[],2,[],,,,0334IbnHaikHamdani,"[""https://kitab-corpus-metadata.azurewebsites.net/""]"
openiti_person_0334IbnHamdanKhusaybi,حسين بن حمدان الخصيبي‏,Ibn Hamdan Khusaybi,,,,,334,,,OpenITI date code 0334,,"[""author""]",[],[],[],1,[],,,,0334IbnHamdanKhusaybi,"[""https://kitab-corpus-metadata.azurewebsites.net/""]"
openiti_person_0334IbnHusaynKhiraqi,أبو القاسم عمر بن الحسين الخرقي,Ibn Husayn Khiraqi,,,,,334,,,OpenITI date code 0334,,"[""author""]",[],[],[],1,[],,,,0334IbnHusaynKhiraqi,"[""https://kitab-corpus-metadata.azurewebsites.net/""]"
openiti_person_0334IbnSacidQushayri,محمد بن سعيد بن عبد الرحمن القشيري، أبو علي (المتوفى: 334هـ),Ibn Sacid Qushayri,,,,,334,,,OpenITI date code 0334,,"[""author""]",[],[],[],1,[],,,,0334IbnSacidQushayri,"[""https://kitab-corpus-metadata.azurewebsites.net/""]"
openiti_person_0335AbuBakrSayrafiMatiri,أبي بكر محمد بن جعفر الصيرفي المطيري,Abu Bakr Sayrafi Matiri,,,,,335,,,OpenITI date code 0335,,"[""author""]",[],[],[],1,[],,,,0335AbuBakrSayrafiMatiri,"[""https://kitab-corpus-metadata.azurewebsites.net/""]"
openiti_person_0335IbnAbiCawamm,ابن أبي العوام,Ibn Abi Cawamm,,,,,335,,,OpenITI date code 0335,,"[""author""]",[],[],[],1,[],,,,0335IbnAbiCawamm,"[""https://kitab-corpus-metadata.azurewebsites.net/""]"
openiti_person_0335IbnKulaybShashi,الشاشي,Ibn Kulayb Shashi,,,,,335,,,OpenITI date code 0335,,"[""author""]",[],[],[],1,[],,,,0335IbnKulaybShashi,"[""https://kitab-corpus-metadata.azurewebsites.net/""]"
openiti_person_0335IbnQass,ابن القاص,Ibn Qass,,,Ibn al-Qāṣṣ,,335,,,OpenITI date code 0335,,"[""author""]",[],[],[],3,[],,,,0335IbnQass,"[""https://kitab-corpus-metadata.azurewebsites.net/""]"
openiti_person_0335IbnWahbKatib,أبو الحسين إسحاق بن إبراهيم بن سليمان بن وهب الكاتب,Ibn Wahb Katib,,,,,335,,,OpenITI date code 0335,,"[""author""]",[],[],[],1,[],,,,0335IbnWahbKatib,"[""https://kitab-corpus-metadata.azurewebsites.net/""]"
openiti_person_0335Suli,الصولي,Suli,,,al-Ṣūlī,,335,,,OpenITI date code 0335,,"[""author""]",[],[],[],9,[],,,,0335Suli,"[""https://kitab-corpus-metadata.azurewebsites.net/""]"
openiti_person_0336IbnAhmadTusi,أبو محمد حاجب بن أحمد بن يرحم بن سفيان الطوسي (المتوفى: 336هـ),Ibn Ahmad Tusi,,,,,336,,,OpenITI date code 0336,,"[""author""]",[],[],[],1,[],,,,0336IbnAhmadTusi,"[""https://kitab-corpus-metadata.azurewebsites.net/""]"
openiti_person_0336IbnHumamIskafi,محمد بن همام الاسكافي,Ibn Humam Iskafi,,,,,336,,,OpenITI date code 0336,,"[""author""]",[],[],[],3,[],,,,0336IbnHumamIskafi,"[""https://kitab-corpus-metadata.azurewebsites.net/""]"
openiti_person_0337IbnIshaqZajjaji,ابن اسحاق الزجاجي,Ibn Ishaq Zajjaji,,,Ibn Isḥāq al-Zajjājī,,337,,,OpenITI date code 0337,,"[""author""]",[],[],[],8,[],,,,0337IbnIshaqZajjaji,"[""https://kitab-corpus-metadata.azurewebsites.net/""]"
openiti_person_0337QudamaIbnJacfar,قدامة بن جعفر,Qudama Ibn Jacfar,,,Qudāmaŧ b. Ǧaʿfar,,337,,,OpenITI date code 0337,,"[""author""]",[],[],[],2,[],,,,0337QudamaIbnJacfar,"[""https://kitab-corpus-metadata.azurewebsites.net/""]"
openiti_person_0338AbuIshaqIbnAbiThabit,أبو إسحاق إبراهيم بن محمد بن أحمد بن أبي ثابت,Abu Ishaq Ibn Abi Thabit,,,,,338,,,OpenITI date code 0338,,"[""author""]",[],[],[],1,[],,,,0338AbuIshaqIbnAbiThabit,"[""https://kitab-corpus-metadata.azurewebsites.net/""]"
openiti_person_0338AbuJacfarNahhas,أبو جعفر النحاس أحمد بن محمد بن إسماعيل بن يونس المرادي النحوي (المتوفى: 338هـ),Abu Jacfar Nahhas,,,,,338,,,OpenITI date code 0338,,"[""author""]",[],[],[],5,[],,,,0338AbuJacfarNahhas,"[""https://kitab-corpus-metadata.azurewebsites.net/""]"
openiti_person_0339AbuJacfarIbnBukhturi,أبو جعفر محمد بن عمرو بن البختري بن مدرك بن سليمان البغدادي الرزاز (المتوفى: 339هـ),Abu Jacfar Ibn Bukhturi,,,,,339,,,OpenITI date code 0339,,"[""author""]",[],[],[],1,[],,,,0339AbuJacfarIbnBukhturi,"[""https://kitab-corpus-metadata.azurewebsites.net/""]"
openiti_person_0339AbuNasrFarabi,الفارابي,Abu Nasr Farabi,,,al-Fārābī,,339,,,OpenITI date code 0339,,"[""author""]",[],[],[],10,[],,,,0339AbuNasrFarabi,"[""https://kitab-corpus-metadata.azurewebsites.net/""]"
openiti_person_0339IbnAshnani,عمر بن الحسن بن علي بن مالك بن أشرس بن عبد الله بن منجاب، أبو الحسين الشيباني، المعروف بابن الأشناني (المتوفى: 339هـ),Ibn Ashnani,,,,,339,,,OpenITI date code 0339,,"[""author""]",[],[],[],1,[],,,,0339IbnAshnani,"[""https://kitab-corpus-metadata.azurewebsites.net/""]"
openiti_person_0340AbuHasanKarkhi,أبو الحسن عبيد الله بن الحسين بن دلال بن دلهم الكرخي,Abu Hasan Karkhi,,,,,340,,,OpenITI date code 0340,,"[""author""]",[],[],[],1,[],,,,0340AbuHasanKarkhi,"[""https://kitab-corpus-metadata.azurewebsites.net/""]"
openiti_person_0340AbuMuhammadHarithi,أبو حنيفة النعمان بن ثابت بن زوطي بن ماه,Abu Muhammad Harithi,,,,,340,,,OpenITI date code 0340,,"[""author""]",[],[],[],1,[],,,,0340AbuMuhammadHarithi,"[""https://kitab-corpus-metadata.azurewebsites.net/""]"
openiti_person_0340CaliIbnCisaJisri,علي بن عيسى الجسري,Cali Ibn Cisa Jisri,,,ʿAlī b. ʿĪsá al-Jisrī,,340,,,OpenITI date code 0340,,"[""author""]",[],[],[],1,[],,,,0340CaliIbnCisaJisri,"[""https://kitab-corpus-metadata.azurewebsites.net/""]"
openiti_person_0340IbnAcrabiBasri,أبو سعيد بن الأعرابي أحمد بن محمد بن زياد بن بشر بن درهم البصري الصوفي (المتوفى: 340هـ),Ibn Acrabi Basri,,,,,340,,,OpenITI date code 0340,,"[""author""]",[],[],[],3,[],,,,0340IbnAcrabiBasri,"[""https://kitab-corpus-metadata.azurewebsites.net/""]"
openiti_person_0340IbnDaya,أحمد بن يوسف الكاتب ابن الداية (340 ه),Ibn Daya,,,,,340,,,OpenITI date code 0340,,"[""author""]",[],[],[],2,[],,,,0340IbnDaya,"[""https://kitab-corpus-metadata.azurewebsites.net/""]"
openiti_person_0340IbnMusaTabari,أحمد بن موسى الطبري,Ibn Musa Tabari,,,,,340,,,OpenITI date code 0340,,"[""author""]",[],[],[],1,[],,,,0340IbnMusaTabari,"[""https://kitab-corpus-metadata.azurewebsites.net/""]"
openiti_person_0341AbuHasanIbnMaqabiri,أبو الحسن المقابري,Abu Hasan Ibn Maqabiri,,,Abū al-Ḥasan al-Maqābirī,,341,,,OpenITI date code 0341,,"[""author""]",[],[],[],1,[],,,,0341AbuHasanIbnMaqabiri,"[""https://kitab-corpus-metadata.azurewebsites.net/""]"
openiti_person_0341AbuNasrBukhari,أبي نصر البخاري,Abu Nasr Bukhari,,,,,341,,,OpenITI date code 0341,,"[""author""]",[],[],[],1,[],,,,0341AbuNasrBukhari,"[""https://kitab-corpus-metadata.azurewebsites.net/""]"
openiti_person_0341IbnHamidHawrani,أبو الطيب محمد بن حميد بن محمد بن سليمان بن معاوية الكلابي، الحوراني، ثم السامري (المتوفى: 341هـ),Ibn Hamid Hawrani,,,,,341,,,OpenITI date code 0341,,"[""author""]",[],[],[],1,[],,,,0341IbnHamidHawrani,"[""https://kitab-corpus-metadata.azurewebsites.net/""]"
openiti_person_0341MansurBiAllah,المنصور بالله,Mansur Bi Allah,,,al-Manṣūr bi-Allãh,,341,,,OpenITI date code 0341,,"[""author""]",[],[],[],1,[],,,,0341MansurBiAllah,"[""https://kitab-corpus-metadata.azurewebsites.net/""]"
openiti_person_0343IbnSulaymanAtrabulusi,خيثمة الأطرابلسي,Ibn Sulayman Atrabulusi,,,,,343,,,OpenITI date code 0343,,"[""author""]",[],[],[],1,[],,,,0343IbnSulaymanAtrabulusi,"[""https://kitab-corpus-metadata.azurewebsites.net/""]"
openiti_person_0344IbnSammak,عثمان بن أحمد بن عبيد الله بن يزيد، أبو عمرو الدقاق، ابن السماك (المتوفى: 344هـ),Ibn Sammak,,,,,344,,,OpenITI date code 0344,,"[""author""]",[],[],[],2,[],,,,0344IbnSammak,"[""https://kitab-corpus-metadata.azurewebsites.net/""]"
openiti_person_0344NizamDinShashi,الشاشي,Nizam Din Shashi,,,,,344,,,OpenITI date code 0344,,"[""author""]",[],[],[],1,[],,,,0344NizamDinShashi,"[""https://kitab-corpus-metadata.azurewebsites.net/""]"
openiti_person_0345IbnCabbasBazzaz,محمد بن العباس بن نجيح، أبو بكر البزاز (المتوفى: 345هـ),Ibn Cabbas Bazzaz,,,,,345,,,OpenITI date code 0345,,"[""author""]",[],[],[],1,[],,,,0345IbnCabbasBazzaz,"[""https://kitab-corpus-metadata.azurewebsites.net/""]"
openiti_person_0345IbnCabdWahidGhulamThaclab,ابن عبد الواحد غلام ثعلب,Ibn Cabd Wahid Ghulam Thaclab,,,Ibn ʿAbd al-Wāḥid Ġulām Ṯaʿlab,,345,,,OpenITI date code 0345,,"[""author""]",[],[],[],3,[],,,,0345IbnCabdWahidGhulamThaclab,"[""https://kitab-corpus-metadata.azurewebsites.net/""]"
openiti_person_0345IbnMuhammadSamarqandi,ابن محمد السمرقندي,Ibn Muhammad Samarqandi,,,Ibn Muḥammad al-Samarqandī,,345,,,OpenITI date code 0345,,"[""author""]",[],[],[],2,[],,,,0345IbnMuhammadSamarqandi,"[""https://kitab-corpus-metadata.azurewebsites.net/""]"
openiti_person_0346AsammNaysaburi,أبو العباس الأصم محمد بن يعقوب بن يوسف النيسابوري (346 هـ),Asamm Naysaburi,,,,,346,,,OpenITI date code 0346,,"[""author""]",[],[],[],1,[],,,,0346AsammNaysaburi,"[""https://kitab-corpus-metadata.azurewebsites.net/""]"
openiti_person_0346IbnCaliTasti,أبو الحسين عبد الصمد بن علي بن محمد بن مكرم البغدادي، الطستي، الوكيل (المتوفى: 346هـ),Ibn Cali Tasti,,,,,346,,,OpenITI date code 0346,,"[""author""]",[],[],[],1,[],,,,0346IbnCaliTasti,"[""https://kitab-corpus-metadata.azurewebsites.net/""]"
openiti_person_0346IbnFarisIsbahani,ابن فارس الأصبهاني,Ibn Faris Isbahani,,,,,346,,,OpenITI date code 0346,,"[""author""]",[],[],[],1,[],,,,0346IbnFarisIsbahani,"[""https://kitab-corpus-metadata.azurewebsites.net/""]"
openiti_person_0346IbnQasimDimashqi,محمد بن القاسم بن معروف، أبو علي التميمي الدمشقي الشهير بابن حبيب (المتوفى: 347هـ),Ibn Qasim Dimashqi,,,,,346,,,OpenITI date code 0346,,"[""author""]",[],[],[],1,[],,,,0346IbnQasimDimashqi,"[""https://kitab-corpus-metadata.azurewebsites.net/""]"
openiti_person_0346IbnSahlJundisaburi,السري بن سهل الجنديسابوري (المتوفى: 346هـ),Ibn Sahl Jundisaburi,,,,,346,,,OpenITI date code 0346,,"[""author""]",[],[],[],1,[],,,,0346IbnSahlJundisaburi,"[""https://kitab-corpus-metadata.azurewebsites.net/""]"
openiti_person_0346Istakhri,الاصطخري,Istakhri,,,al-Iṣṭaḫrī,,346,,,OpenITI date code 0346,,"[""author""]",[],[],[],1,[],,,,0346Istakhri,"[""https://kitab-corpus-metadata.azurewebsites.net/""]"
openiti_person_0346JacfarBinMansurYaman,جعفر بن منصور اليمن,Jacfar Bin Mansur Yaman,,,Jaʿfar b. Manṣūr al-Yaman,,346,,,OpenITI date code 0346,,"[""author""]",[],[],[],2,[],,,,0346JacfarBinMansurYaman,"[""https://kitab-corpus-metadata.azurewebsites.net/""]"
openiti_person_0346Mascudi,المسعودي,Mascudi,,,al-Masʿūdī,,346,,,OpenITI date code 0346,,"[""author""]",[],[],[],2,[],,,,0346Mascudi,"[""https://kitab-corpus-metadata.azurewebsites.net/""]"
openiti_person_0347IbnDurustawayh,أبو محمد، عبد الله بن جعفر بن محمد بن درستويه ابن المرزبان (المتوفى: 347ه),Ibn Durustawayh,,,,,347,,,OpenITI date code 0347,,"[""author""]",[],[],[],1,[],,,,0347IbnDurustawayh,"[""https://kitab-corpus-metadata.azurewebsites.net/""]"
openiti_person_0347IbnHazlam,ابن حذلم,Ibn Hazlam,,,Ibn Ḥaḏlam,,347,,,OpenITI date code 0347,,"[""author""]",[],[],[],2,[],,,,0347IbnHazlam,"[""https://kitab-corpus-metadata.azurewebsites.net/""]"
openiti_person_0347IbnYunusSadafi,ابن يونس الصدفي,Ibn Yunus Sadafi,,,Ibn Yūnus al-Ṣadafī,,347,,,OpenITI date code 0347,,"[""author""]",[],[],[],1,[],,,,0347IbnYunusSadafi,"[""https://kitab-corpus-metadata.azurewebsites.net/""]"
openiti_person_0348IbnMuhammadKhuldi,أبو محمد جعفر بن محمد بن نصير بن قاسم البغدادي المعروف بـ الخلدي (المتوفى: 348هـ),Ibn Muhammad Khuldi,,,,,348,,,OpenITI date code 0348,,"[""author""]",[],[],[],1,[],,,,0348IbnMuhammadKhuldi,"[""https://kitab-corpus-metadata.azurewebsites.net/""]"
openiti_person_0348IbnSalmanNajjad,ابن سلمان النجاد,Ibn Salman Najjad,,,Ibn Salmān al-Najjād,,348,,,OpenITI date code 0348,,"[""author""]",[],[],[],5,[],,,,0348IbnSalmanNajjad,"[""https://kitab-corpus-metadata.azurewebsites.net/""]"
openiti_person_0349IbnCumarMuqri,ابن عمر المقرئ,Ibn Cumar Muqri,,,Ibn ʿUmar al-Muqriʾ,,349,,,OpenITI date code 0349,,"[""author""]",[],[],[],1,[],,,,0349IbnCumarMuqri,"[""https://kitab-corpus-metadata.azurewebsites.net/""]"
openiti_person_0350AbuBakrAzdiQadiMawsili,أبو بكر الأزدي القاضي الموصلي,Abu Bakr Azdi Qadi Mawsili,,,Abū Bakr al-Azdī al-Qāḍī al-Mawṣilī,,350,,,OpenITI date code 0350,,"[""author""]",[],[],[],1,[],,,,0350AbuBakrAzdiQadiMawsili,"[""https://kitab-corpus-metadata.azurewebsites.net/""]"
openiti_person_0350AbuSahlJawaliqi,أبو سهل أحمد بن محمد بن جمان الجواليقي,Abu Sahl Jawaliqi,,,,,350,,,OpenITI date code 0350,,"[""author""]",[],[],[],1,[],,,,0350AbuSahlJawaliqi,"[""https://kitab-corpus-metadata.azurewebsites.net/""]"
openiti_person_0350AhmadIbnKamilIbnKhalaf,أحمد بن كامل بن خلف,Ahmad Ibn Kamil Ibn Khalaf,,,Aḥmad b. Kāmil b. Ḫalaf,,350,,,OpenITI date code 0350,,"[""author""]",[],[],[],1,[],,,,0350AhmadIbnKamilIbnKhalaf,"[""https://kitab-corpus-metadata.azurewebsites.net/""]"
openiti_person_0350Anonymous,Aristotle,Anonymous,,,,,350,,,OpenITI date code 0350,,"[""author""]",[],[],[],2,[],,,,0350Anonymous,"[""https://kitab-corpus-metadata.azurewebsites.net/""]"
openiti_person_0350Balawi,البلوي,Balawi,,,al-Balawī,,350,,,OpenITI date code 0350,,"[""author""]",[],[],[],1,[],,,,0350Balawi,"[""https://kitab-corpus-metadata.azurewebsites.net/""]"
openiti_person_0350BuzurgIbnShahriyarRamhurmuzi,بزرگ بن شهريار الرامهرمزي,Buzurg Ibn Shahriyar Ramhurmuzi,,,,,350,,,OpenITI date code 0350,,"[""author""]",[],[],[],1,[],,,,0350BuzurgIbnShahriyarRamhurmuzi,"[""https://kitab-corpus-metadata.azurewebsites.net/""]"
openiti_person_0350IbnAbiJarrah,ابن أبي الجراح,Ibn Abi Jarrah,,,Ibn Abī al-Jarrāḥ,,350,,,OpenITI date code 0350,,"[""author""]",[],[],[],1,[],,,,0350IbnAbiJarrah,"[""https://kitab-corpus-metadata.azurewebsites.net/""]"
openiti_person_0350IbnCabdCaliQatifi,الشيخ محمد آل عبد الجبار,Ibn Cabd Cali Qatifi,,,,,350,,,OpenITI date code 0350,,"[""author""]",[],[],[],1,[],,,,0350IbnCabdCaliQatifi,"[""https://kitab-corpus-metadata.azurewebsites.net/""]"
openiti_person_0350IbnIbrahimFarabi,أبو إبراهيم إسحاق بن إبراهيم بن الحسين الفارابي، (المتوفى: 350هـ),Ibn Ibrahim Farabi,,,,,350,,,OpenITI date code 0350,,"[""author""]",[],[],[],1,[],,,,0350IbnIbrahimFarabi,"[""https://kitab-corpus-metadata.azurewebsites.net/""]"
openiti_person_0350IbnJahham,الماهيار البزّاز,Ibn Jahham,,,,,350,,,OpenITI date code 0350,,"[""author""]",[],[],[],1,[],,,,0350IbnJahham,"[""https://kitab-corpus-metadata.azurewebsites.net/""]"
openiti_person_0350IbnSaqqaHalabi,محمد بن جعفر بن هشام أبو الحسن ابن السقا الحلبي (350 ه),Ibn Saqqa Halabi,,,,,350,,,OpenITI date code 0350,,"[""author""]",[],[],[],1,[],,,,0350IbnSaqqaHalabi,"[""https://kitab-corpus-metadata.azurewebsites.net/""]"
openiti_person_0350IsmacilKhutabi,أبو محمد إسماعيل بن علي بن إسماعيل الخطبي,Ismacil Khutabi,,,,,350,,,OpenITI date code 0350,,"[""author""]",[],[],[],1,[],,,,0350IsmacilKhutabi,"[""https://kitab-corpus-metadata.azurewebsites.net/""]"
openiti_person_0350MuhammadIbnHasanJawhari,محمد بن الحسن التميمي الجوهري (المتوفى: حوالي 350 ه),Muhammad Ibn Hasan Jawhari,,,,,350,,,OpenITI date code 0350,,"[""author""]",[],[],[],1,[],,,,0350MuhammadIbnHasanJawhari,"[""https://kitab-corpus-metadata.azurewebsites.net/""]"
openiti_person_0350MuhammadIbnIbrahim,محمد بن ابراهيم,Muhammad Ibn Ibrahim,,,Muḥammad b. Ibrāhīm,,350,,,OpenITI date code 0350,,"[""author""]",[],[],[],1,[],,,,0350MuhammadIbnIbrahim,"[""https://kitab-corpus-metadata.azurewebsites.net/""]"
openiti_person_0350MuhammadIbnMuhammadIbnAshcath,محمد بن محمد الكوفي,Muhammad Ibn Muhammad Ibn Ashcath,,,,,350,,,OpenITI date code 0350,,"[""author""]",[],[],[],1,[],,,,0350MuhammadIbnMuhammadIbnAshcath,"[""https://kitab-corpus-metadata.azurewebsites.net/""]"
openiti_person_0350MuhammadKindi,محمد الكندي,Muhammad Kindi,,,Muḥammad al-Kindī,,350,,,OpenITI date code 0350,,"[""author""]",[],[],[],3,[],,,,0350MuhammadKindi,"[""https://kitab-corpus-metadata.azurewebsites.net/""]"
openiti_person_0351AbuTayyibLughawi,أبو الطيب اللغوي,Abu Tayyib Lughawi,,,Abū al-Ṭayyib al-Luġawī,,351,,,OpenITI date code 0351,,"[""author""]",[],[],[],2,[],,,,0351AbuTayyibLughawi,"[""https://kitab-corpus-metadata.azurewebsites.net/""]"
openiti_person_0351IbnAhmadSijzi,دعلج بن أحمد السجزي أبو محمد,Ibn Ahmad Sijzi,,,,,351,,,OpenITI date code 0351,,"[""author""]",[],[],[],1,[],,,,0351IbnAhmadSijzi,"[""https://kitab-corpus-metadata.azurewebsites.net/""]"
openiti_person_0351IbnQanic,عبد الباقي بن قانع أبو الحسين,Ibn Qanic,,,,,351,,,OpenITI date code 0351,,"[""author""]",[],[],[],1,[],,,,0351IbnQanic,"[""https://kitab-corpus-metadata.azurewebsites.net/""]"
openiti_person_0352IbnAhmadKufi,أبو القاسم الكوفي,Ibn Ahmad Kufi,,,,,352,,,OpenITI date code 0352,,"[""author""]",[],[],[],1,[],,,,0352IbnAhmadKufi,"[""https://kitab-corpus-metadata.azurewebsites.net/""]"
openiti_person_0352IbnDuhaymShaybani,ابن دحيم أبو جعفر محمد بن علي بن دحيم الشيباني، الكوفي (المتوفى: 352هـ),Ibn Duhaym Shaybani,,,,,352,,,OpenITI date code 0352,,"[""author""]",[],[],[],1,[],,,,0352IbnDuhaymShaybani,"[""https://kitab-corpus-metadata.azurewebsites.net/""]"
openiti_person_0352IbnIbrahimKufi,فرات الكوفي,Ibn Ibrahim Kufi,,,,,352,,,OpenITI date code 0352,,"[""author""]",[],[],[],1,[],,,,0352IbnIbrahimKufi,"[""https://kitab-corpus-metadata.azurewebsites.net/""]"
openiti_person_0353AbuCabbasHasani,أبو العباس الحسني,Abu Cabbas Hasani,,,Abū al-ʿAbbās al-Ḥasanī,,353,,,OpenITI date code 0353,,"[""author""]",[],[],[],1,[],,,,0353AbuCabbasHasani,"[""https://kitab-corpus-metadata.azurewebsites.net/""]"
openiti_person_0353IbnAbiCaqabHamadani,ابن أبي العقب الهمداني,Ibn Abi Caqab Hamadani,,,Ibn Abī al-ʿAqab al-Hamadānī,,353,,,OpenITI date code 0353,,"[""author""]",[],[],[],1,[],,,,0353IbnAbiCaqabHamadani,"[""https://kitab-corpus-metadata.azurewebsites.net/""]"
openiti_person_0353IbnHarunDimashqi,محمد بن هارون بن شعيب، أبو علي الأنصاري الدمشقي (المتوفى: 353هـ),Ibn Harun Dimashqi,,,,,353,,,OpenITI date code 0353,,"[""author""]",[],[],[],1,[],,,,0353IbnHarunDimashqi,"[""https://kitab-corpus-metadata.azurewebsites.net/""]"
openiti_person_0353IbnMuhammadMakki,عبد الله بن محمد بن العباس الفاكهي، أبو محمد المكي (المتوفى: 353هـ),Ibn Muhammad Makki,,,,,353,,,OpenITI date code 0353,,"[""author""]",[],[],[],1,[],,,,0353IbnMuhammadMakki,"[""https://kitab-corpus-metadata.azurewebsites.net/""]"
openiti_person_0353IbnSacidTanukhi,معلى بن سعيد أبو خازم التنوخي (المتوفى: 353هـ),Ibn Sacid Tanukhi,,,,,353,,,OpenITI date code 0353,,"[""author""]",[],[],[],1,[],,,,0353IbnSacidTanukhi,"[""https://kitab-corpus-metadata.azurewebsites.net/""]"
openiti_person_0354IbnCabdAllahBazzaz,ابن عبد الله البزاز,Ibn Cabd Allah Bazzaz,,,Ibn ʿAbd Allāh al-Bazzāz,,354,,,OpenITI date code 0354,,"[""author""]",[],[],[],3,[],,,,0354IbnCabdAllahBazzaz,"[""https://kitab-corpus-metadata.azurewebsites.net/""]"
openiti_person_0354IbnHasanCattar,محمد بن الحسن بن يعقوب بن الحسن، بن مقسم العطار، أبو بكر (المتوفى: 354هـ),Ibn Hasan Cattar,,,,,354,,,OpenITI date code 0354,,"[""author""]",[],[],[],1,[],,,,0354IbnHasanCattar,"[""https://kitab-corpus-metadata.azurewebsites.net/""]"
openiti_person_0354IbnHibbanBusti,ابن حبان البستي,Ibn Hibban Busti,,,Ibn Ḥibbān al-Bustī,,354,,,OpenITI date code 0354,,"[""author""]",[],[],[],6,[],,,,0354IbnHibbanBusti,"[""https://kitab-corpus-metadata.azurewebsites.net/""]"
openiti_person_0354Mutanabbi,المتنبي,Mutanabbi,,,,,354,,,OpenITI date code 0354,,"[""author""]",[],[],[],1,[],,,,0354Mutanabbi,"[""https://kitab-corpus-metadata.azurewebsites.net/""]"
openiti_person_0355BakrIbnAhmadShirazi,أبو يحيى بكر بن أحمد بن علي بن مخلد بن مهران الشيرازي,Bakr Ibn Ahmad Shirazi,,,,,355,,,OpenITI date code 0355,,"[""author""]",[],[],[],1,[],,,,0355BakrIbnAhmadShirazi,"[""https://kitab-corpus-metadata.azurewebsites.net/""]"
openiti_person_0356AbuCaliQali,أبو علي القالي,Abu Cali Qali,,,Abū ʿAlī al-Qālī,,356,,,OpenITI date code 0356,,"[""author""]",[],[],[],6,[],,,,0356AbuCaliQali,"[""https://kitab-corpus-metadata.azurewebsites.net/""]"
openiti_person_0356IbnQasimMisri,ابن القاسم المصري,Ibn Qasim Misri,,,Ibn al-Qāsim al-Miṣrī,,356,,,OpenITI date code 0356,,"[""author""]",[],[],[],1,[],,,,0356IbnQasimMisri,"[""https://kitab-corpus-metadata.azurewebsites.net/""]"
openiti_person_0357AbuFirasHamdani,أبو فراس الحمداني,Abu Firas Hamdani,,,,,357,,,OpenITI date code 0357,,"[""author""]",[],[],[],1,[],,,,0357AbuFirasHamdani,"[""https://kitab-corpus-metadata.azurewebsites.net/""]"
openiti_person_0357IbnMuhammadKinani,حمزة بن محمد بن علي بن العباس، أبو القاسم الكناني المصري (المتوفى: 357هـ),Ibn Muhammad Kinani,,,,,357,,,OpenITI date code 0357,,"[""author""]",[],[],[],2,[],,,,0357IbnMuhammadKinani,"[""https://kitab-corpus-metadata.azurewebsites.net/""]"
openiti_person_0359AbuBakrNasibi,أبو بكر بن خلاد,Abu Bakr Nasibi,,,,,359,,,OpenITI date code 0359,,"[""author""]",[],[],[],2,[],,,,0359AbuBakrNasibi,"[""https://kitab-corpus-metadata.azurewebsites.net/""]"
openiti_person_0359AbuCaliSawwaf,أبو علي الصواف,Abu Cali Sawwaf,,,,,359,,,OpenITI date code 0359,,"[""author""]",[],[],[],2,[],,,,0359AbuCaliSawwaf,"[""https://kitab-corpus-metadata.azurewebsites.net/""]"
openiti_person_0359AbuHasanIkhmimi,أبو الحسن محمد بن أحمد بن العباس الإخميمي,Abu Hasan Ikhmimi,,,,,359,,,OpenITI date code 0359,,"[""author""]",[],[],[],1,[],,,,0359AbuHasanIkhmimi,"[""https://kitab-corpus-metadata.azurewebsites.net/""]"
openiti_person_0360AbuBakrAjurri,أبو بكر الآجري,Abu Bakr Ajurri,,,Abū Bakr al-Ājurrī,,360,,,OpenITI date code 0360,,"[""author""]",[],[],[],14,[],,,,0360AbuBakrAjurri,"[""https://kitab-corpus-metadata.azurewebsites.net/""]"
openiti_person_0360AbuBakrAnbari,محمد بن جعفر بن محمد بن الهيثم، أبو بكر الأنباري، البندار (المتوفى: 360هـ),Abu Bakr Anbari,,,,,360,,,OpenITI date code 0360,,"[""author""]",[],[],[],2,[],,,,0360AbuBakrAnbari,"[""https://kitab-corpus-metadata.azurewebsites.net/""]"
openiti_person_0360HamzaIsfahani,همزة الاصفهاني,Hamza Isfahani,,,Hamzaŧ al-Iṣfahānī,,360,,,OpenITI date code 0360,,"[""author""]",[],[],[],3,[],,,,0360HamzaIsfahani,"[""https://kitab-corpus-metadata.azurewebsites.net/""]"
openiti_person_0360IbnCaliQassab,أحمد محمد بن علي بن محمد الكرجي القصاب (المتوفى: نحو 360هـ),Ibn Cali Qassab,,,,,360,,,OpenITI date code 0360,,"[""author""]",[],[],[],1,[],,,,0360IbnCaliQassab,"[""https://kitab-corpus-metadata.azurewebsites.net/""]"
openiti_person_0360Khawlani,أبو علي عبد الجبار بن عبد الله بن محمد بن عبد الرحيم بن داود الخولاني الداراني المعروف بابن مهنا (المتوفى: 370هـ),Khawlani,,,,,360,,,OpenITI date code 0360,,"[""author""]",[],[],[],1,[],,,,0360Khawlani,"[""https://kitab-corpus-metadata.azurewebsites.net/""]"
openiti_person_0360KushajimShacir,كشاجم الشاعر,Kushajim Shacir,,,Kušājim al-Šāʿir,,360,,,OpenITI date code 0360,,"[""author""]",[],[],[],2,[],,,,0360KushajimShacir,"[""https://kitab-corpus-metadata.azurewebsites.net/""]"
openiti_person_0360Ramhurmuzi,أبو الحسن بن عبد الرحمن بن خلاد الرامهرمزي,Ramhurmuzi,,,,,360,,,OpenITI date code 0360,,"[""author""]",[],[],[],2,[],,,,0360Ramhurmuzi,"[""https://kitab-corpus-metadata.azurewebsites.net/""]"
openiti_person_0360Tabarani,الطبراني,Tabarani,,,al-Ṭabarānī,,360,,,OpenITI date code 0360,,"[""author""]",[],[],[],20,[],,,,0360Tabarani,"[""https://kitab-corpus-metadata.azurewebsites.net/""]"
openiti_person_0361AbuSacidKudami,أبو سعيد الكدمي,Abu Sacid Kudami,,,Abū Saʿīd al-Kudamī,,361,,,OpenITI date code 0361,,"[""author""]",[],[],[],2,[],,,,0361AbuSacidKudami,"[""https://kitab-corpus-metadata.azurewebsites.net/""]"
openiti_person_0361AbuYacqubSijistani,أبو يعقوب السجستاني,Abu Yacqub Sijistani,,,Abū Yaʿqūb al-Sijistānī,,361,,,OpenITI date code 0361,,"[""author""]",[],[],[],3,[],,,,0361AbuYacqubSijistani,"[""https://kitab-corpus-metadata.azurewebsites.net/""]"
openiti_person_0361IbnCumarDarraj,عثمان بن عمر بن خفيف أبو عمر المقرئ المعروف بالدراج (المتوفى: 361هـ),Ibn Cumar Darraj,,,,,361,,,OpenITI date code 0361,,"[""author""]",[],[],[],1,[],,,,0361IbnCumarDarraj,"[""https://kitab-corpus-metadata.azurewebsites.net/""]"
openiti_person_0361IbnIbrahimTustari,ابن التستري الكاتب,Ibn Ibrahim Tustari,,,,,361,,,OpenITI date code 0361,,"[""author""]",[],[],[],1,[],,,,0361IbnIbrahimTustari,"[""https://kitab-corpus-metadata.azurewebsites.net/""]"
openiti_person_0361Khushani,الخشني,Khushani,,,al-Ḫušanī,,361,,,OpenITI date code 0361,,"[""author""]",[],[],[],3,[],,,,0361Khushani,"[""https://kitab-corpus-metadata.azurewebsites.net/""]"
openiti_person_0362AbuFarajIsbahani,أبو الفرج الاصبهاني,Abu Faraj Isbahani,,,Abū al-Faraj al-Iṣbahānī,,362,,,OpenITI date code 0362,,"[""author""]",[],[],[],5,[],,,,0362AbuFarajIsbahani,"[""https://kitab-corpus-metadata.azurewebsites.net/""]"
openiti_person_0362IbnBaraka,ابن بركة,Ibn Baraka,,,Ibn Barakaŧ,,362,,,OpenITI date code 0362,,"[""author""]",[],[],[],2,[],,,,0362IbnBaraka,"[""https://kitab-corpus-metadata.azurewebsites.net/""]"
openiti_person_0362IbnHaniAndalusi,ابن هانئ الأندلسي,Ibn Hani Andalusi,,,,,362,,,OpenITI date code 0362,,"[""author""]",[],[],[],1,[],,,,0362IbnHaniAndalusi,"[""https://kitab-corpus-metadata.azurewebsites.net/""]"
openiti_person_0362IbnMuhammadMuzakki,أبو إسحاق إبراهيم بن محمد بن يحيى بن سختويه النيسابوري المزكي (المتوفى: 362هـ),Ibn Muhammad Muzakki,,,,,362,,,OpenITI date code 0362,,"[""author""]",[],[],[],1,[],,,,0362IbnMuhammadMuzakki,"[""https://kitab-corpus-metadata.azurewebsites.net/""]"
openiti_person_0362SariRaffa,السري الرفاء,Sari Raffa,,,,,362,,,OpenITI date code 0362,,"[""author""]",[],[],[],2,[],,,,0362SariRaffa,"[""https://kitab-corpus-metadata.azurewebsites.net/""]"
openiti_person_0363Balcami,,Balcami,,,,,363,,,OpenITI date code 0363,,"[""author""]",[],[],[],1,[],,,,0363Balcami,"[""https://kitab-corpus-metadata.azurewebsites.net/""]"
openiti_person_0363IbnHusaynSijistani,محمد بن الحسين بن إبراهيم بن عاصم، أبو الحسن الآبري السجستاني (المتوفى: 363هـ),Ibn Husayn Sijistani,,,,,363,,,OpenITI date code 0363,,"[""author""]",[],[],[],1,[],,,,0363IbnHusaynSijistani,"[""https://kitab-corpus-metadata.azurewebsites.net/""]"
openiti_person_0363QadiNucman,القاضي النعمان,Qadi Nucman,,,al-Qāḍī al-Nuʿmān,,363,,,OpenITI date code 0363,,"[""author""]",[],[],[],9,[],,,,0363QadiNucman,"[""https://kitab-corpus-metadata.azurewebsites.net/""]"
openiti_person_0364AbuHasanBisyawi,أبو الحسن البسيوي,Abu Hasan Bisyawi,,,Abū al-Ḥasan al-Basīwī,,364,,,OpenITI date code 0364,,"[""author""]",[],[],[],2,[],,,,0364AbuHasanBisyawi,"[""https://kitab-corpus-metadata.azurewebsites.net/""]"
openiti_person_0364IbnSunniDinawari,ابن السني,Ibn Sunni Dinawari,,,,,364,,,OpenITI date code 0364,,"[""author""]",[],[],[],1,[],,,,0364IbnSunniDinawari,"[""https://kitab-corpus-metadata.azurewebsites.net/""]"
openiti_person_0364YahyaIbnCadi,أبو زكريا يحيى بن عدي,Yahya Ibn Cadi,,,Abū Zakariyā Yaḥyá b. ʿAdī,,364,,,OpenITI date code 0364,,"[""author""]",[],[],[],4,[],,,,0364YahyaIbnCadi,"[""https://kitab-corpus-metadata.azurewebsites.net/""]"
openiti_person_0365AbuAhmadMudari,أبو أحمد المضري,Abu Ahmad Mudari,,,Abū Aḥmad al-Muḍarī,,365,,,OpenITI date code 0365,,"[""author""]",[],[],[],1,[],,,,0365AbuAhmadMudari,"[""https://kitab-corpus-metadata.azurewebsites.net/""]"
openiti_person_0365AbuBakrKhutuli,أبو بكر الختلي,Abu Bakr Khutuli,,,,,365,,,OpenITI date code 0365,,"[""author""]",[],[],[],1,[],,,,0365AbuBakrKhutuli,"[""https://kitab-corpus-metadata.azurewebsites.net/""]"
openiti_person_0365IbnCadiJurjani,ابن عدي، ابن القطان,Ibn Cadi Jurjani,,,"Ibn ʿAdī, Ibn al-Qaṭṭān",,365,,,OpenITI date code 0365,,"[""author""]",[],[],[],2,[],,,,0365IbnCadiJurjani,"[""https://kitab-corpus-metadata.azurewebsites.net/""]"
openiti_person_0365IbnFaqihHamadhani,ابن الفقيه,Ibn Faqih Hamadhani,,,Ibn al-Faqīh,,365,,,OpenITI date code 0365,,"[""author""]",[],[],[],1,[],,,,0365IbnFaqihHamadhani,"[""https://kitab-corpus-metadata.azurewebsites.net/""]"
openiti_person_0365IbnMufassir,عبد الله بن محمد بن ناصح المعروف بابن المفسر,Ibn Mufassir,,,,,365,,,OpenITI date code 0365,,"[""author""]",[],[],[],1,[],,,,0365IbnMufassir,"[""https://kitab-corpus-metadata.azurewebsites.net/""]"
openiti_person_0366IbnCabdAllahNaysaburi,ابن حيويه,Ibn Cabd Allah Naysaburi,,,,,366,,,OpenITI date code 0366,,"[""author""]",[],[],[],1,[],,,,0366IbnCabdAllahNaysaburi,"[""https://kitab-corpus-metadata.azurewebsites.net/""]"
openiti_person_0366IbnCabdJabbarNiffari,النفري,Ibn Cabd Jabbar Niffari,,,al-Niffarī,,366,,,OpenITI date code 0366,,"[""author""]",[],[],[],4,[],,,,0366IbnCabdJabbarNiffari,"[""https://kitab-corpus-metadata.azurewebsites.net/""]"
openiti_person_0366IbnNajidNaysaburi,إسماعيل بن نجيد بن أحمد بن يوسف السلمي النيسابوري، أبو عمرو (المتوفى: 366هـ),Ibn Najid Naysaburi,,,,,366,,,OpenITI date code 0366,,"[""author""]",[],[],[],1,[],,,,0366IbnNajidNaysaburi,"[""https://kitab-corpus-metadata.azurewebsites.net/""]"
openiti_person_0367IbnAhmadDhuhli,محمد بن أحمد بن عبد الله بن نصر الذهلي، أبو الطاهر المالكي (المتوفى: 367هـ),Ibn Ahmad Dhuhli,,,,,367,,,OpenITI date code 0367,,"[""author""]",[],[],[],1,[],,,,0367IbnAhmadDhuhli,"[""https://kitab-corpus-metadata.azurewebsites.net/""]"
openiti_person_0367IbnHawqal,ابن حوقل,Ibn Hawqal,,,Ibn Ḥawqal,,367,,,OpenITI date code 0367,,"[""author""]",[],[],[],1,[],,,,0367IbnHawqal,"[""https://kitab-corpus-metadata.azurewebsites.net/""]"
openiti_person_0367IbnQutiyya,ابن القوطية (المتوفى: 367 ه),Ibn Qutiyya,,,,,367,,,OpenITI date code 0367,,"[""author""]",[],[],[],1,[],,,,0367IbnQutiyya,"[""https://kitab-corpus-metadata.azurewebsites.net/""]"
openiti_person_0368AbuGhalibZurari,احمد بن سليمان الشيباني الكوفي,Abu Ghalib Zurari,,,,,368,,,OpenITI date code 0368,,"[""author""]",[],[],[],2,[],,,,0368AbuGhalibZurari,"[""https://kitab-corpus-metadata.azurewebsites.net/""]"
openiti_person_0368AbuSacidSirafi,الحسن بن عبد الله بن المرزبان السيرافي، أبو سعيد (المتوفى: 368هـ),Abu Sacid Sirafi,,,,,368,,,OpenITI date code 0368,,"[""author""]",[],[],[],3,[],,,,0368AbuSacidSirafi,"[""https://kitab-corpus-metadata.azurewebsites.net/""]"
openiti_person_0368IbnJacfarQatici,ابن جعفر القطيفي,Ibn Jacfar Qatici,,,Ibn Jaʿfar al-Qaṭīfī,,368,,,OpenITI date code 0368,,"[""author""]",[],[],[],2,[],,,,0368IbnJacfarQatici,"[""https://kitab-corpus-metadata.azurewebsites.net/""]"
openiti_person_0368IbnQulawayh,جعفر بن محمد بن قولويه,Ibn Qulawayh,,,,,368,,,OpenITI date code 0368,,"[""author""]",[],[],[],1,[],,,,0368IbnQulawayh,"[""https://kitab-corpus-metadata.azurewebsites.net/""]"
openiti_person_0369AbuBakrNaqqash,أبو بكر محمد بن علي بن الحسن النقاش,Abu Bakr Naqqash,,,,,369,,,OpenITI date code 0369,,"[""author""]",[],[],[],1,[],,,,0369AbuBakrNaqqash,"[""https://kitab-corpus-metadata.azurewebsites.net/""]"
openiti_person_0369AbuShaykhIsbahani,أبو الشيخ الحافظ الاصبهاني,Abu Shaykh Isbahani,,,Abū al-Šayḫ al-Ḥāfiẓ al-Iṣbahānī,,369,,,OpenITI date code 0369,,"[""author""]",[],[],[],11,[],,,,0369AbuShaykhIsbahani,"[""https://kitab-corpus-metadata.azurewebsites.net/""]"
openiti_person_0369IbnMasiBaghdadi,ابن ماسي,Ibn Masi Baghdadi,,,,,369,,,OpenITI date code 0369,,"[""author""]",[],[],[],1,[],,,,0369IbnMasiBaghdadi,"[""https://kitab-corpus-metadata.azurewebsites.net/""]"
openiti_person_0369IbnShaqilaHanbali,ابن شاقلا الحنبلي,Ibn Shaqila Hanbali,,,,,369,,,OpenITI date code 0369,,"[""author""]",[],[],[],1,[],,,,0369IbnShaqilaHanbali,"[""https://kitab-corpus-metadata.azurewebsites.net/""]"
openiti_person_0370AbuMansurAzhari,أبو منصور الأزهري,Abu Mansur Azhari,,,Abū Manṣūr al-Azharī,,370,,,OpenITI date code 0370,,"[""author""]",[],[],[],3,[],,,,0370AbuMansurAzhari,"[""https://kitab-corpus-metadata.azurewebsites.net/""]"
openiti_person_0370AbuQasimAmidi,الآمدي,Abu Qasim Amidi,,,al-Āmidī,,370,,,OpenITI date code 0370,,"[""author""]",[],[],[],2,[],,,,0370AbuQasimAmidi,"[""https://kitab-corpus-metadata.azurewebsites.net/""]"
openiti_person_0370CaribQurtubi,القرطبي,Carib Qurtubi,,,al-Qurṭubī,,370,,,OpenITI date code 0370,,"[""author""]",[],[],[],2,[],,,,0370CaribQurtubi,"[""https://kitab-corpus-metadata.azurewebsites.net/""]"
openiti_person_0370IbnAhmadIbnKhalawayh,الحسين بن أحمد بن خالويه أبو عبد الله,Ibn Ahmad Ibn Khalawayh,,,,,370,,,OpenITI date code 0370,,"[""author""]",[],[],[],3,[],,,,0370IbnAhmadIbnKhalawayh,"[""https://kitab-corpus-metadata.azurewebsites.net/""]"
openiti_person_0370IbnCaliJassas,الجساس,Ibn Cali Jassas,,,al-Ǧassās,,370,,,OpenITI date code 0370,,"[""author""]",[],[],[],4,[],,,,0370IbnCaliJassas,"[""https://kitab-corpus-metadata.azurewebsites.net/""]"
openiti_person_0370IbnQasimKhayyat,إسماعيل بن القاسم بن إسماعيل الإمام أبو القاسم الحلبي الخياط المؤدب (المتوفى: بعد 370هـ),Ibn Qasim Khayyat,,,,,370,,,OpenITI date code 0370,,"[""author""]",[],[],[],1,[],,,,0370IbnQasimKhayyat,"[""https://kitab-corpus-metadata.azurewebsites.net/""]"
openiti_person_0370IbnRashiqMisri,الحسن بن رشيق، أبو محمد العسكري المصري (المتوفى: 370هـ),Ibn Rashiq Misri,,,,,370,,,OpenITI date code 0370,,"[""author""]",[],[],[],1,[],,,,0370IbnRashiqMisri,"[""https://kitab-corpus-metadata.azurewebsites.net/""]"
openiti_person_0371AhmadJurjani,أبو بكر أحمد بن إبراهيم الإسماعيلي,Ahmad Jurjani,,,,,371,,,OpenITI date code 0371,,"[""author""]",[],[],[],2,[],,,,0371AhmadJurjani,"[""https://kitab-corpus-metadata.azurewebsites.net/""]"
openiti_person_0372AbuBakrDaqqaq,محمد بن عبد الله الدقاق,Abu Bakr Daqqaq,,,,,372,,,OpenITI date code 0372,,"[""author""]",[],[],[],1,[],,,,0372AbuBakrDaqqaq,"[""https://kitab-corpus-metadata.azurewebsites.net/""]"
openiti_person_0372Anonymous,,Anonymous,,,,,372,,,OpenITI date code 0372,,"[""author""]",[],[],[],1,[],,,,0372Anonymous,"[""https://kitab-corpus-metadata.azurewebsites.net/""]"
openiti_person_0373AbuLaythSamarqandi,أبو الليث السمرقندي,Abu Layth Samarqandi,,,Abū al-Layṯ al-Samarqandī,,373,,,OpenITI date code 0373,,"[""author""]",[],[],[],5,[],,,,0373AbuLaythSamarqandi,"[""https://kitab-corpus-metadata.azurewebsites.net/""]"
openiti_person_0374IbnHusaynAzdi,أبو الفتح محمد بن الحسين بن أحمد بن عبد الله بن بريدة الموصلي الأزدي (المتوفى: 374هـ),Ibn Husayn Azdi,,,,,374,,,OpenITI date code 0374,,"[""author""]",[],[],[],7,[],,,,0374IbnHusaynAzdi,"[""https://kitab-corpus-metadata.azurewebsites.net/""]"
openiti_person_0375AbuDulafYanbuci,أبو دلف مسعر بن مهلل,Abu Dulaf Yanbuci,,,,,375,,,OpenITI date code 0375,,"[""author""]",[],[],[],1,[],,,,0375AbuDulafYanbuci,"[""https://kitab-corpus-metadata.azurewebsites.net/""]"
openiti_person_0375AbuHafsZayyat,أبو حفص الزيات,Abu Hafs Zayyat,,,,,375,,,OpenITI date code 0375,,"[""author""]",[],[],[],1,[],,,,0375AbuHafsZayyat,"[""https://kitab-corpus-metadata.azurewebsites.net/""]"
openiti_person_0375AnonymousTranslator,مترجم مجهول,Anonymous Translator,,,Mutarjim majhūl,,375,,,OpenITI date code 0375,,"[""author""]",[],[],[],1,[],,,,0375AnonymousTranslator,"[""https://kitab-corpus-metadata.azurewebsites.net/""]"
openiti_person_0375HakimMaysari,,Hakim Maysari,,,,,375,,,OpenITI date code 0375,,"[""author""]",[],[],[],1,[],,,,0375HakimMaysari,"[""https://kitab-corpus-metadata.azurewebsites.net/""]"
openiti_person_0375IbnCabdAllahAbhari,محمد بن عبد الله بن محمد بن صالح، أبو بكر التميمي الأبهري المالكي (المتوفى: 375هـ),Ibn Cabd Allah Abhari,,,,,375,,,OpenITI date code 0375,,"[""author""]",[],[],[],1,[],,,,0375IbnCabdAllahAbhari,"[""https://kitab-corpus-metadata.azurewebsites.net/""]"
openiti_person_0375IbnHamzaBasri,علي بن حمزة البصري,Ibn Hamza Basri,,,,,375,,,OpenITI date code 0375,,"[""author""]",[],[],[],1,[],,,,0375IbnHamzaBasri,"[""https://kitab-corpus-metadata.azurewebsites.net/""]"
openiti_person_0375IbnJacfarJabari,ابن جعفر الطبري,Ibn Jacfar Jabari,,,Ibn Jaʿfar al-Ṭabarī,,375,,,OpenITI date code 0375,,"[""author""]",[],[],[],1,[],,,,0375IbnJacfarJabari,"[""https://kitab-corpus-metadata.azurewebsites.net/""]"
openiti_person_0375IbnQasimMiyaniji,يوسف بن القاسم بن يوسف بن فارس بن سوار، أبو بكر الميانجي (المتوفى: 375هـ),Ibn Qasim Miyaniji,,,,,375,,,OpenITI date code 0375,,"[""author""]",[],[],[],1,[],,,,0375IbnQasimMiyaniji,"[""https://kitab-corpus-metadata.azurewebsites.net/""]"
openiti_person_0375IkhwanSafa,اخوان الصفا,Ikhwan Safa,,,Iḫwān al-Ṣafā,,375,,,OpenITI date code 0375,,"[""author""]",[],[],[],5,[],,,,0375IkhwanSafa,"[""https://kitab-corpus-metadata.azurewebsites.net/""]"
openiti_person_0376AbuCamrHiri,أبو عمرو محمد بن أحمد بن حمدان الحيري الضرير,Abu Camr Hiri,,,,,376,,,OpenITI date code 0376,,"[""author""]",[],[],[],1,[],,,,0376AbuCamrHiri,"[""https://kitab-corpus-metadata.azurewebsites.net/""]"
openiti_person_0376SawirusIbnMuqaffac,سويروس بن المقفع,Sawirus Ibn Muqaffac,,,,,376,,,OpenITI date code 0376,,"[""author""]",[],[],[],1,[],,,,0376SawirusIbnMuqaffac,"[""https://kitab-corpus-metadata.azurewebsites.net/""]"
openiti_person_0377IbnAhmadCasqalani,الملطي الشافعي,Ibn Ahmad Casqalani,,,,,377,,,OpenITI date code 0377,,"[""author""]",[],[],[],1,[],,,,0377IbnAhmadCasqalani,"[""https://kitab-corpus-metadata.azurewebsites.net/""]"
openiti_person_0377IbnAhmadFarisi,ابن أحمد الفارسي,Ibn Ahmad Farisi,,,Ibn Aḥmad al-Fārisī,,377,,,OpenITI date code 0377,,"[""author""]",[],[],[],11,[],,,,0377IbnAhmadFarisi,"[""https://kitab-corpus-metadata.azurewebsites.net/""]"
openiti_person_0377IbnAhmadJurjani,محمد بن أحمد بن الغطريف الجرجاني,Ibn Ahmad Jurjani,,,,,377,,,OpenITI date code 0377,,"[""author""]",[],[],[],1,[],,,,0377IbnAhmadJurjani,"[""https://kitab-corpus-metadata.azurewebsites.net/""]"
openiti_person_0377IbnMuhammadShimshati,أبو الحسن علي بن محمد بن المطهر العدوي المعروف بالشمشاطي,Ibn Muhammad Shimshati,,,,,377,,,OpenITI date code 0377,,"[""author""]",[],[],[],1,[],,,,0377IbnMuhammadShimshati,"[""https://kitab-corpus-metadata.azurewebsites.net/""]"
openiti_person_0377IbnZaydAnsari,أبو عبد الله محمد بن زيد الأنصاري (المتوفى: 377هـ),Ibn Zayd Ansari,,,,,377,,,OpenITI date code 0377,,"[""author""]",[],[],[],1,[],,,,0377IbnZaydAnsari,"[""https://kitab-corpus-metadata.azurewebsites.net/""]"
openiti_person_0378HakimKabir,أبو أحمد محمد بن محمد بن أحمد بن إسحاق النيسابوري الكرابيسي المعروف بالحاكم الكبير,Hakim Kabir,,,,,378,,,OpenITI date code 0378,,"[""author""]",[],[],[],4,[],,,,0378HakimKabir,"[""https://kitab-corpus-metadata.azurewebsites.net/""]"
openiti_person_0378IbnAhmadDarimi,محمد بن أحمد بن عبد المغيث بن محمد بن إبراهيم بن محمد التميمي الدارمي (المتوفى: 378هـ),Ibn Ahmad Darimi,,,,,378,,,OpenITI date code 0378,,"[""author""]",[],[],[],1,[],,,,0378IbnAhmadDarimi,"[""https://kitab-corpus-metadata.azurewebsites.net/""]"
openiti_person_0378IbnIsmacilWarraq,أبو بكر محمد بن إسماعيل بن العباس البغدادي المستملي الوراق (المتوفى: 378هـ),Ibn Ismacil Warraq,,,,,378,,,OpenITI date code 0378,,"[""author""]",[],[],[],1,[],,,,0378IbnIsmacilWarraq,"[""https://kitab-corpus-metadata.azurewebsites.net/""]"
openiti_person_0378IbnJallab,ابن الجلاب,Ibn Jallab,,,,,378,,,OpenITI date code 0378,,"[""author""]",[],[],[],1,[],,,,0378IbnJallab,"[""https://kitab-corpus-metadata.azurewebsites.net/""]"
openiti_person_0378IbnKhalafJubayri,قاسم بن خلف بن فتح بن عبد الله بن جبير، أبو عبيد الجبيري (المتوفى: 378هـ),Ibn Khalaf Jubayri,,,,,378,,,OpenITI date code 0378,,"[""author""]",[],[],[],1,[],,,,0378IbnKhalafJubayri,"[""https://kitab-corpus-metadata.azurewebsites.net/""]"
openiti_person_0378IbnSalihQahtani,عبد الله بن محمد الأندلسي أبو محمد,Ibn Salih Qahtani,,,,,378,,,OpenITI date code 0378,,"[""author""]",[],[],[],1,[],,,,0378IbnSalihQahtani,"[""https://kitab-corpus-metadata.azurewebsites.net/""]"
openiti_person_0379IbnMuzaffarBazzaz,ابن مظفر البزاز,Ibn Muzaffar Bazzaz,,,Ibn Muẓaffar al-Bazzāz,,379,,,OpenITI date code 0379,,"[""author""]",[],[],[],5,[],,,,0379IbnMuzaffarBazzaz,"[""https://kitab-corpus-metadata.azurewebsites.net/""]"
openiti_person_0379IbnZabrRabci,ابن زبر الربعي,Ibn Zabr Rabci,,,Ibn Zabr al-Rabʿī,,379,,,OpenITI date code 0379,,"[""author""]",[],[],[],3,[],,,,0379IbnZabrRabci,"[""https://kitab-corpus-metadata.azurewebsites.net/""]"
openiti_person_0379Zubaydi,محمد بن الحسن بن عبيد الله بن مذحج الزبيدي الأندلسي الإشبيلي، أبو بكر (المتوفى: 379ه),Zubaydi,,,,,379,,,OpenITI date code 0379,,"[""author""]",[],[],[],1,[],,,,0379Zubaydi,"[""https://kitab-corpus-metadata.azurewebsites.net/""]"
openiti_person_0380AbuBakrKalabadhi,أبو بكر محمد بن أبي إسحاق إبراهيم بن يعقوب الكلاباذي البخاري,Abu Bakr Kalabadhi,,,,,380,,,OpenITI date code 0380,,"[""author""]",[],[],[],2,[],,,,0380AbuBakrKalabadhi,"[""https://kitab-corpus-metadata.azurewebsites.net/""]"
openiti_person_0380AbuHusaynKuhayli,أبو الحسين الكحيلي,Abu Husayn Kuhayli,,,Abū al-Ḥusayn al-Kuḥaylī,,380,,,OpenITI date code 0380,,"[""author""]",[],[],[],1,[],,,,0380AbuHusaynKuhayli,"[""https://kitab-corpus-metadata.azurewebsites.net/""]"
openiti_person_0380AbuKhazarTunisi,أبو خزر يغلا بن زلتاف الوسياني الحامي التونسي (توفي 380ه),Abu Khazar Tunisi,,,,,380,,,OpenITI date code 0380,,"[""author""]",[],[],[],1,[],,,,0380AbuKhazarTunisi,"[""https://kitab-corpus-metadata.azurewebsites.net/""]"
openiti_person_0380IbnCabdRahmanIsbahani,أبو القاسم الأصبهاني,Ibn Cabd Rahman Isbahani,,,,,380,,,OpenITI date code 0380,,"[""author""]",[],[],[],1,[],,,,0380IbnCabdRahmanIsbahani,"[""https://kitab-corpus-metadata.azurewebsites.net/""]"
openiti_person_0380IbnIbrahimNucmani,محمد بن إبراهيم النعماني‏,Ibn Ibrahim Nucmani,,,,,380,,,OpenITI date code 0380,,"[""author""]",[],[],[],1,[],,,,0380IbnIbrahimNucmani,"[""https://kitab-corpus-metadata.azurewebsites.net/""]"
openiti_person_0380Khalidiyyan,الخالديان,Khalidiyyan,,,,,380,,,OpenITI date code 0380,,"[""author""]",[],[],[],3,[],,,,0380Khalidiyyan,"[""https://kitab-corpus-metadata.azurewebsites.net/""]"
openiti_person_0380Muhallabi,المهلبي,Muhallabi,,,al-Muhallabī,,380,,,OpenITI date code 0380,,"[""author""]",[],[],[],1,[],,,,0380Muhallabi,"[""https://kitab-corpus-metadata.azurewebsites.net/""]"
openiti_person_0380Qabisi,القبيصي,Qabisi,,,al-Qabīṣī,,380,,,OpenITI date code 0380,,"[""author""]",[],[],[],1,[],,,,0380Qabisi,"[""https://kitab-corpus-metadata.azurewebsites.net/""]"
openiti_person_0381AbuQasimJawhari,أبو القاسم عبد الرحمن بن عبد الله بن محمد الغافقي، الجوهري المالكي (المتوفى: 381هـ),Abu Qasim Jawhari,,,,,381,,,OpenITI date code 0381,,"[""author""]",[],[],[],1,[],,,,0381AbuQasimJawhari,"[""https://kitab-corpus-metadata.azurewebsites.net/""]"
openiti_person_0381IbnBabawayhSaduq,ابن بابويه، الشيخ الصدوق,Ibn Babawayh Saduq,,,"Ibn Bābawayh, al-Šayḫ al-Ṣadūq",,381,,,OpenITI date code 0381,,"[""author""]",[],[],[],18,[],,,,0381IbnBabawayhSaduq,"[""https://kitab-corpus-metadata.azurewebsites.net/""]"
openiti_person_0381IbnCabdRahmanZuhri,عبيد الله بن عبد الرحمن بن محمد بن عبيد الله بن سعد بن إبراهيم بن عبد الرحمن بن عوف العوفي، الزهري، القرشي، أبو الفضل البغدادي (المتوفى: 381هـ),Ibn Cabd Rahman Zuhri,,,,,381,,,OpenITI date code 0381,,"[""author""]",[],[],[],1,[],,,,0381IbnCabdRahmanZuhri,"[""https://kitab-corpus-metadata.azurewebsites.net/""]"
openiti_person_0381IbnHusaynNaysaburi,أحمد بن الحسين بن مهران النيسابورى، أبو بكر (المتوفى: 381هـ),Ibn Husayn Naysaburi,,,,,381,,,OpenITI date code 0381,,"[""author""]",[],[],[],1,[],,,,0381IbnHusaynNaysaburi,"[""https://kitab-corpus-metadata.azurewebsites.net/""]"
openiti_person_0381IbnMacrufBaghdadi,أبو محمد عبيد الله بن أحمد بن معروف البغدادي,Ibn Macruf Baghdadi,,,,,381,,,OpenITI date code 0381,,"[""author""]",[],[],[],1,[],,,,0381IbnMacrufBaghdadi,"[""https://kitab-corpus-metadata.azurewebsites.net/""]"
openiti_person_0381IbnMuqriIsbahani,أبو بكر بن المقرئ (المتوفى: 381هـ),Ibn Muqri Isbahani,,,,,381,,,OpenITI date code 0381,,"[""author""]",[],[],[],7,[],,,,0381IbnMuqriIsbahani,"[""https://kitab-corpus-metadata.azurewebsites.net/""]"
openiti_person_0381IbnWarraq,ابن الوراق,Ibn Warraq,,,Ibn al-Warrāq,,381,,,OpenITI date code 0381,,"[""author""]",[],[],[],1,[],,,,0381IbnWarraq,"[""https://kitab-corpus-metadata.azurewebsites.net/""]"
openiti_person_0381IbnYusufCallaf,محمد بن يوسف بن محمد بن دوست، أبو بكر العلاف (المتوفى: 381هـ),Ibn Yusuf Callaf,,,,,381,,,OpenITI date code 0381,,"[""author""]",[],[],[],1,[],,,,0381IbnYusufCallaf,"[""https://kitab-corpus-metadata.azurewebsites.net/""]"
openiti_person_0381IbnZarbQadi,ابن يبقى,Ibn Zarb Qadi,,,,,381,,,OpenITI date code 0381,,"[""author""]",[],[],[],1,[],,,,0381IbnZarbQadi,"[""https://kitab-corpus-metadata.azurewebsites.net/""]"
openiti_person_0381MuhammadIbnYusufCamiri,العامري,Muhammad Ibn Yusuf Camiri,,,al-ʿĀmirī,,381,,,OpenITI date code 0381,,"[""author""]",[],[],[],1,[],,,,0381MuhammadIbnYusufCamiri,"[""https://kitab-corpus-metadata.azurewebsites.net/""]"
openiti_person_0382IbnCabdAllahCaskari,أبو أحمد الحسن بن عبد الله بن سعيد بن إسماعيل العسكري (المتوفى: 382هـ),Ibn Cabd Allah Caskari,,,,,382,,,OpenITI date code 0382,,"[""author""]",[],[],[],3,[],,,,0382IbnCabdAllahCaskari,"[""https://kitab-corpus-metadata.azurewebsites.net/""]"
openiti_person_0383IbnCabbasKhwarizmi,محمد بن العباس الخوارزمي، أبو بكر (المتوفى: 383هـ),Ibn Cabbas Khwarizmi,,,,,383,,,OpenITI date code 0383,,"[""author""]",[],[],[],2,[],,,,0383IbnCabbasKhwarizmi,"[""https://kitab-corpus-metadata.azurewebsites.net/""]"
openiti_person_0383IbnHayawayhKhazzaz,محمد بن العباس بن محمد بن زكرياء، أبو عمر ابن حيويه الخزاز (المتوفى: 382هـ),Ibn Hayawayh Khazzaz,,,,,383,,,OpenITI date code 0383,,"[""author""]",[],[],[],1,[],,,,0383IbnHayawayhKhazzaz,"[""https://kitab-corpus-metadata.azurewebsites.net/""]"
openiti_person_0384AbuHasanRummani,الرماني,Abu Hasan Rummani,,,al-Rummānī,,384,,,OpenITI date code 0384,,"[""author""]",[],[],[],6,[],,,,0384AbuHasanRummani,"[""https://kitab-corpus-metadata.azurewebsites.net/""]"
openiti_person_0384AbuQasimIbnYumn,أبو القاسم الطيب بن يمن بن عبد الله,Abu Qasim Ibn Yumn,,,,,384,,,OpenITI date code 0384,,"[""author""]",[],[],[],1,[],,,,0384AbuQasimIbnYumn,"[""https://kitab-corpus-metadata.azurewebsites.net/""]"
openiti_person_0384IbnCimranMarzubani,المرزباني الخراساني,Ibn Cimran Marzubani,,,,,384,,,OpenITI date code 0384,,"[""author""]",[],[],[],4,[],,,,0384IbnCimranMarzubani,"[""https://kitab-corpus-metadata.azurewebsites.net/""]"
openiti_person_0384MuhassinTanukhi,القاضي التنوخي,Muhassin Tanukhi,,,al-Qāḍī al-Tanūḫī,,384,,,OpenITI date code 0384,,"[""author""]",[],[],[],3,[],,,,0384MuhassinTanukhi,"[""https://kitab-corpus-metadata.azurewebsites.net/""]"
openiti_person_0385Daraqutni,الدارقطني,Daraqutni,,,al-Dāraquṭnī,,385,,,OpenITI date code 0385,,"[""author""]",[],[],[],21,[],,,,0385Daraqutni,"[""https://kitab-corpus-metadata.azurewebsites.net/""]"
openiti_person_0385IbnHasanSirafi,يوسف بن أبي سعيد الحسن بن عبد الله بن المرزبان أبو محمد السيرافي (المتوفى: 385هـ),Ibn Hasan Sirafi,,,,,385,,,OpenITI date code 0385,,"[""author""]",[],[],[],1,[],,,,0385IbnHasanSirafi,"[""https://kitab-corpus-metadata.azurewebsites.net/""]"
openiti_person_0385IbnMuhandis,أبو بكر أحمد بن محمد بن إسماعيل البناء ابن المهندس (المتوفى: 385هـ),Ibn Muhandis,,,,,385,,,OpenITI date code 0385,,"[""author""]",[],[],[],1,[],,,,0385IbnMuhandis,"[""https://kitab-corpus-metadata.azurewebsites.net/""]"
openiti_person_0385IbnNadim,ابن النديم,Ibn Nadim,,,Ibn al-Nadīm,,385,,,OpenITI date code 0385,,"[""author""]",[],[],[],1,[],,,,0385IbnNadim,"[""https://kitab-corpus-metadata.azurewebsites.net/""]"
openiti_person_0385IbnShahin,ابن شاهين,Ibn Shahin,,,Ibn Šāhīn,,385,,,OpenITI date code 0385,,"[""author""]",[],[],[],12,[],,,,0385IbnShahin,"[""https://kitab-corpus-metadata.azurewebsites.net/""]"
openiti_person_0385SahibIbnCabbadTalqani,إسماعيل بن عباد بن العباس، أبو القاسم الطالقاني، المشهور بالصاحب بن عباد (المتوفى: 385هـ),Sahib Ibn Cabbad Talqani,,,,,385,,,OpenITI date code 0385,,"[""author""]",[],[],[],4,[],,,,0385SahibIbnCabbadTalqani,"[""https://kitab-corpus-metadata.azurewebsites.net/""]"
openiti_person_0385WaWaDimashqi,الواواء الدمشقي,Wa Wa Dimashqi,,,,,385,,,OpenITI date code 0385,,"[""author""]",[],[],[],1,[],,,,0385WaWaDimashqi,"[""https://kitab-corpus-metadata.azurewebsites.net/""]"
openiti_person_0386AbuTalibMakki,أبو طالب المكي,Abu Talib Makki,,,,,386,,,OpenITI date code 0386,,"[""author""]",[],[],[],1,[],,,,0386AbuTalibMakki,"[""https://kitab-corpus-metadata.azurewebsites.net/""]"
openiti_person_0386IbnAbiZaydQayrawani,أبو محمد عبد الله بن (أبي زيد) عبد الرحمن النفزي، القيرواني، المالكي (المتوفى: 386 ه),Ibn Abi Zayd Qayrawani,,,,,386,,,OpenITI date code 0386,,"[""author""]",[],[],[],4,[],,,,0386IbnAbiZaydQayrawani,"[""https://kitab-corpus-metadata.azurewebsites.net/""]"
openiti_person_0386IbnCumarHarbi,ابن عمر الحربي,Ibn Cumar Harbi,,,Ibn ʿUmar al-Ḥarbī,,386,,,OpenITI date code 0386,,"[""author""]",[],[],[],5,[],,,,0386IbnCumarHarbi,"[""https://kitab-corpus-metadata.azurewebsites.net/""]"
openiti_person_0386IbnHasnunMuqri,عبد الله بن الحسين بن حسنون، أبو أحمد السامري (المتوفى: 386هـ),Ibn Hasnun Muqri,,,,,386,,,OpenITI date code 0386,,"[""author""]",[],[],[],1,[],,,,0386IbnHasnunMuqri,"[""https://kitab-corpus-metadata.azurewebsites.net/""]"
openiti_person_0387IbnBattaCukbari,ابن بطة العكبري,Ibn Batta Cukbari,,,Ibn Baṭṭaŧ al-ʿUkbarī,,387,,,OpenITI date code 0387,,"[""author""]",[],[],[],4,[],,,,0387IbnBattaCukbari,"[""https://kitab-corpus-metadata.azurewebsites.net/""]"
openiti_person_0387IbnSamcunBaghdadi,ابن سمعون الواعظ، أبو الحسين محمد بن أحمد بن إسماعيل بن عنبس البغدادي (المتوفى: 387هـ),Ibn Samcun Baghdadi,,,,,387,,,OpenITI date code 0387,,"[""author""]",[],[],[],1,[],,,,0387IbnSamcunBaghdadi,"[""https://kitab-corpus-metadata.azurewebsites.net/""]"
openiti_person_0387KatibKhwarizmi,أبو عبد الله محمد بن أحمد بن يوسف الكاتب الخوارزمي,Katib Khwarizmi,,,,,387,,,OpenITI date code 0387,,"[""author""]",[],[],[],1,[],,,,0387KatibKhwarizmi,"[""https://kitab-corpus-metadata.azurewebsites.net/""]"
openiti_person_0388AbuHasanIbnShah,أبو الحسن بن شاه,Abu Hasan Ibn Shah,,,Abū al-Ḥasan b. Šāh,,388,,,OpenITI date code 0388,,"[""author""]",[],[],[],1,[],,,,0388AbuHasanIbnShah,"[""https://kitab-corpus-metadata.azurewebsites.net/""]"
openiti_person_0388AbuSulaymanKhattabi,أبو سليمان حمد بن محمد الخطابي (ت 388 ه),Abu Sulayman Khattabi,,,,,388,,,OpenITI date code 0388,,"[""author""]",[],[],[],8,[],,,,0388AbuSulaymanKhattabi,"[""https://kitab-corpus-metadata.azurewebsites.net/""]"
openiti_person_0388AbuWafaBuzjani,أبو الوفاء محمد بن محمد البوزجاني,Abu Wafa Buzjani,,,Abū al-Wafāʾ Muḥammad b. Muḥammad al-Būzǧānī,,388,,,OpenITI date code 0388,,"[""author""]",[],[],[],1,[],,,,0388AbuWafaBuzjani,"[""https://kitab-corpus-metadata.azurewebsites.net/""]"
openiti_person_0388IbnBukayrSayrafi,ابن بكير,Ibn Bukayr Sayrafi,,,,,388,,,OpenITI date code 0388,,"[""author""]",[],[],[],2,[],,,,0388IbnBukayrSayrafi,"[""https://kitab-corpus-metadata.azurewebsites.net/""]"
openiti_person_0388IbnHasanHatimi,محمد بن الحسن بن المظفر الحاتمي، أبو علي (المتوفى: 388هـ),Ibn Hasan Hatimi,,,,,388,,,OpenITI date code 0388,,"[""author""]",[],[],[],2,[],,,,0388IbnHasanHatimi,"[""https://kitab-corpus-metadata.azurewebsites.net/""]"
openiti_person_0388Shabushti,أبو الحسن علي بن محمد، المعروف بالشابشتي (المتوفى: 388هـ),Shabushti,,,,,388,,,OpenITI date code 0388,,"[""author""]",[],[],[],1,[],,,,0388Shabushti,"[""https://kitab-corpus-metadata.azurewebsites.net/""]"
openiti_person_0389Makhladi,الحسن بن أحمد بن محمد المخلدي,Makhladi,,,,,389,,,OpenITI date code 0389,,"[""author""]",[],[],[],2,[],,,,0389Makhladi,"[""https://kitab-corpus-metadata.azurewebsites.net/""]"
openiti_person_0390AbuFarajCukbari,أبو الفرج العكبري,Abu Faraj Cukbari,,,Abū al-Faraj al-ʿUkbarī,,390,,,OpenITI date code 0390,,"[""author""]",[],[],[],1,[],,,,0390AbuFarajCukbari,"[""https://kitab-corpus-metadata.azurewebsites.net/""]"
openiti_person_0390AbuHafsKattani,أبو حفص الكتاني,Abu Hafs Kattani,,,Abū Ḥafṣ al-Kattānī,,390,,,OpenITI date code 0390,,"[""author""]",[],[],[],1,[],,,,0390AbuHafsKattani,"[""https://kitab-corpus-metadata.azurewebsites.net/""]"
openiti_person_0390IbnAkhiMimiDaqqaq,أبو الحسين محمد بن عبد الله بن الحسين بن عبد الله بن هارون البغدادي الدقاق المعروف بابن أخي ميمي (المتوفى: 390هـ),Ibn Akhi Mimi Daqqaq,,,,,390,,,OpenITI date code 0390,,"[""author""]",[],[],[],1,[],,,,0390IbnAkhiMimiDaqqaq,"[""https://kitab-corpus-metadata.azurewebsites.net/""]"
openiti_person_0390IbnCabdAllahCaskari,أبو هلال الحسن بن عبد الله العسكري,Ibn Cabd Allah Caskari,,,,,390,,,OpenITI date code 0390,,"[""author""]",[],[],[],1,[],,,,0390IbnCabdAllahCaskari,"[""https://kitab-corpus-metadata.azurewebsites.net/""]"
openiti_person_0390IbnGhawri,ابن الغوري,Ibn Ghawri,,,Ibn al-Ġawrī,,390,,,OpenITI date code 0390,,"[""author""]",[],[],[],1,[],,,,0390IbnGhawri,"[""https://kitab-corpus-metadata.azurewebsites.net/""]"
openiti_person_0390IbnZakariyaNahrawani,المعافى بن زكريا,Ibn Zakariya Nahrawani,,,,,390,,,OpenITI date code 0390,,"[""author""]",[],[],[],1,[],,,,0390IbnZakariyaNahrawani,"[""https://kitab-corpus-metadata.azurewebsites.net/""]"
openiti_person_0390Muqaddasi,المقدسي، البشاري,Muqaddasi,,,"al-Maqdisī, al-Baššārī",,390,,,OpenITI date code 0390,,"[""author""]",[],[],[],1,[],,,,0390Muqaddasi,"[""https://kitab-corpus-metadata.azurewebsites.net/""]"
openiti_person_0391IbnJarrahWazir,أبو القاسم عيسى بن علي بن عيسى بن داود الجراح (391 ه),Ibn Jarrah Wazir,,,,,391,,,OpenITI date code 0391,,"[""author""]",[],[],[],1,[],,,,0391IbnJarrahWazir,"[""https://kitab-corpus-metadata.azurewebsites.net/""]"
openiti_person_0391KisaiMarwazi,كسائي مروزي,Kisai Marwazi,,,Kisāʾī Marwazī,,391,,,OpenITI date code 0391,,"[""author""]",[],[],[],1,[],,,,0391KisaiMarwazi,"[""https://kitab-corpus-metadata.azurewebsites.net/""]"
openiti_person_0392IbnAbiShurayhHarawi,عبد الرحمن بن أحمد بن محمد، أبو محمد ابن أبي شريح الأنصاري الهروي (المتوفى: 392هـ),Ibn Abi Shurayh Harawi,,,,,392,,,OpenITI date code 0392,,"[""author""]",[],[],[],1,[],,,,0392IbnAbiShurayhHarawi,"[""https://kitab-corpus-metadata.azurewebsites.net/""]"
openiti_person_0392IbnCabdCazizJurjani,أبو الحسن علي بن عبد العزير القاضي الجرجاني (المتوفى : 392هـ),Ibn Cabd Caziz Jurjani,,,,,392,,,OpenITI date code 0392,,"[""author""]",[],[],[],1,[],,,,0392IbnCabdCazizJurjani,"[""https://kitab-corpus-metadata.azurewebsites.net/""]"
openiti_person_0392IbnIsmacilMisri,ابن اسماعيل المصري,Ibn Ismacil Misri,,,Ibn Ismāʿīl al-Miṣrī,,392,,,OpenITI date code 0392,,"[""author""]",[],[],[],2,[],,,,0392IbnIsmacilMisri,"[""https://kitab-corpus-metadata.azurewebsites.net/""]"
openiti_person_0392IbnJinniMawsili,ابن جني الموصلي,Ibn Jinni Mawsili,,,Ibn Jinnī al-Mawṣilī,,392,,,OpenITI date code 0392,,"[""author""]",[],[],[],13,[],,,,0392IbnJinniMawsili,"[""https://kitab-corpus-metadata.azurewebsites.net/""]"
openiti_person_0393AbuTahirMukhallis,أبو طاهر المخلص,Abu Tahir Mukhallis,,,Abū Ṭāhir al-Muḫalliṣ,,393,,,OpenITI date code 0393,,"[""author""]",[],[],[],2,[],,,,0393AbuTahirMukhallis,"[""https://kitab-corpus-metadata.azurewebsites.net/""]"
openiti_person_0393IbnHammadJawhari,أبو نصر إسماعيل بن حماد الجوهري الفارابي (المتوفى: 393هـ),Ibn Hammad Jawhari,,,,,393,,,OpenITI date code 0393,,"[""author""]",[],[],[],2,[],,,,0393IbnHammadJawhari,"[""https://kitab-corpus-metadata.azurewebsites.net/""]"
openiti_person_0393IbnWakicTinnisi,ابن وكيع التنيسي,Ibn Wakic Tinnisi,,,,,393,,,OpenITI date code 0393,,"[""author""]",[],[],[],1,[],,,,0393IbnWakicTinnisi,"[""https://kitab-corpus-metadata.azurewebsites.net/""]"
openiti_person_0394IbnMuhammadAzhari,أبو نعيم أحمد بن محمد بن إبراهيم بن عيسى الأزهري (المتوفى: 394هـ),Ibn Muhammad Azhari,,,,,394,,,OpenITI date code 0394,,"[""author""]",[],[],[],1,[],,,,0394IbnMuhammadAzhari,"[""https://kitab-corpus-metadata.azurewebsites.net/""]"
openiti_person_0395AbuHilalCaskari,أبو هلال العسكري,Abu Hilal Caskari,,,,,395,,,OpenITI date code 0395,,"[""author""]",[],[],[],7,[],,,,0395AbuHilalCaskari,"[""https://kitab-corpus-metadata.azurewebsites.net/""]"
openiti_person_0395IbnFarisQazwini,أحمد بن فارس بن زكرياء القزويني الرازي، أبو الحسين (المتوفى: 395ه),Ibn Faris Qazwini,,,,,395,,,OpenITI date code 0395,,"[""author""]",[],[],[],7,[],,,,0395IbnFarisQazwini,"[""https://kitab-corpus-metadata.azurewebsites.net/""]"
openiti_person_0395IbnJazzar,ابن الجزار,Ibn Jazzar,,,Ibn al-Ǧazzār,,395,,,OpenITI date code 0395,,"[""author""]",[],[],[],5,[],,,,0395IbnJazzar,"[""https://kitab-corpus-metadata.azurewebsites.net/""]"
openiti_person_0395IbnMandaMuhammad,أبو عبد الله محمد بن إسحاق بن محمد بن يحيى بن منده العبدي (المتوفى: 395هـ),Ibn Manda Muhammad,,,,,395,,,OpenITI date code 0395,,"[""author""]",[],[],[],11,[],,,,0395IbnMandaMuhammad,"[""https://kitab-corpus-metadata.azurewebsites.net/""]"
openiti_person_0396IbnCataRudhbari,أبو عبد الله أحمد بن عطاء الروذباري (المتوفى: 396هـ),Ibn Cata Rudhbari,,,,,396,,,OpenITI date code 0396,,"[""author""]",[],[],[],1,[],,,,0396IbnCataRudhbari,"[""https://kitab-corpus-metadata.azurewebsites.net/""]"
openiti_person_0396IbnCumarWarraq,محمد بن عمر بن خلف بن زنبور البغدادي الوراق (المتوفى: 396هـ),Ibn Cumar Warraq,,,,,396,,,OpenITI date code 0396,,"[""author""]",[],[],[],1,[],,,,0396IbnCumarWarraq,"[""https://kitab-corpus-metadata.azurewebsites.net/""]"
openiti_person_0396IbnHasanDimashqi,أبو الحسين عبد الوهاب بن الحسن بن الوليد بن موسى الكلابي الدمشقي (المتوفى: 396هـ),Ibn Hasan Dimashqi,,,,,396,,,OpenITI date code 0396,,"[""author""]",[],[],[],2,[],,,,0396IbnHasanDimashqi,"[""https://kitab-corpus-metadata.azurewebsites.net/""]"
openiti_person_0396IbnJundi,ابن الجندي,Ibn Jundi,,,Ibn al-Jundī,,396,,,OpenITI date code 0396,,"[""author""]",[],[],[],1,[],,,,0396IbnJundi,"[""https://kitab-corpus-metadata.azurewebsites.net/""]"
openiti_person_0396SirawaniSaghir,السيرواني الصغير,Sirawani Saghir,,,al-Sīrawānī al-Ṣaġīr,,396,,,OpenITI date code 0396,,"[""author""]",[],[],[],1,[],,,,0396SirawaniSaghir,"[""https://kitab-corpus-metadata.azurewebsites.net/""]"
openiti_person_0397IbnQassar,أبو الحسن علي بن عمر بن أحمد البغدادي المالكي المعروف بابن القصار (المتوفى: 397ه),Ibn Qassar,,,,,397,,,OpenITI date code 0397,,"[""author""]",[],[],[],1,[],,,,0397IbnQassar,"[""https://kitab-corpus-metadata.azurewebsites.net/""]"
openiti_person_0398AbuNasrKalabadhi,أحمد بن محمد بن الحسين بن الحسن، أبو نصر البخاري الكلاباذي (المتوفى: 398هـ),Abu Nasr Kalabadhi,,,,,398,,,OpenITI date code 0398,,"[""author""]",[],[],[],1,[],,,,0398AbuNasrKalabadhi,"[""https://kitab-corpus-metadata.azurewebsites.net/""]"
openiti_person_0398BadicZamanHamadhani,بديع الزمان الهمذاني,Badic Zaman Hamadhani,,,,,398,,,OpenITI date code 0398,,"[""author""]",[],[],[],2,[],,,,0398BadicZamanHamadhani,"[""https://kitab-corpus-metadata.azurewebsites.net/""]"
openiti_person_0398IbnCaliHamadhani,أبو بكر أحمد بن علي بن لال,Ibn Cali Hamadhani,,,,,398,,,OpenITI date code 0398,,"[""author""]",[],[],[],2,[],,,,0398IbnCaliHamadhani,"[""https://kitab-corpus-metadata.azurewebsites.net/""]"
openiti_person_0398IbnHarunDabbi,أبو عبد الله الحسين بن هارون الضبي,Ibn Harun Dabbi,,,,,398,,,OpenITI date code 0398,,"[""author""]",[],[],[],1,[],,,,0398IbnHarunDabbi,"[""https://kitab-corpus-metadata.azurewebsites.net/""]"
openiti_person_0398IbnZurca,ابن زرع,Ibn Zurca,,,Ibn Zurʿa,,398,,,OpenITI date code 0398,,"[""author""]",[],[],[],1,[],,,,0398IbnZurca,"[""https://kitab-corpus-metadata.azurewebsites.net/""]"
openiti_person_0398MaslamaMajriti,مسلمة المجريطي,Maslama Majriti,,,Maslamaŧ al-Majrīṭī,,398,,,OpenITI date code 0398,,"[""author""]",[],[],[],2,[],,,,0398MaslamaMajriti,"[""https://kitab-corpus-metadata.azurewebsites.net/""]"
openiti_person_0399AbuBakrBaqqal,أبو بكر البققال ابن الطلاية,Abu Bakr Baqqal,,,Abū Bakr al-Baqqāl Ibn al-Ṭalāyaŧ,,399,,,OpenITI date code 0399,,"[""author""]",[],[],[],1,[],,,,0399AbuBakrBaqqal,"[""https://kitab-corpus-metadata.azurewebsites.net/""]"
openiti_person_0399AbuMuslimBaghdadi,أبو مسلم البغدادي,Abu Muslim Baghdadi,,,Abū Muslim al-Baġdādī,,399,,,OpenITI date code 0399,,"[""author""]",[],[],[],2,[],,,,0399AbuMuslimBaghdadi,"[""https://kitab-corpus-metadata.azurewebsites.net/""]"
openiti_person_0399IbnAbiZamanaynIlbiri,ابن أبي زمنين,Ibn Abi Zamanayn Ilbiri,,,,,399,,,OpenITI date code 0399,,"[""author""]",[],[],[],4,[],,,,0399IbnAbiZamanaynIlbiri,"[""https://kitab-corpus-metadata.azurewebsites.net/""]"
openiti_person_0400AbuMajdalus,أبو المجدلوس,Abu Majdalus,,,Abū al-Maǧdalūs,,400,,,OpenITI date code 0400,,"[""author""]",[],[],[],1,[],,,,0400AbuMajdalus,"[""https://kitab-corpus-metadata.azurewebsites.net/""]"
openiti_person_0400AbuQasimZahrawi,أبو القاسم الزهراوي,Abu Qasim Zahrawi,,,Abū al-Qāsim al-Zahrāwī,,400,,,OpenITI date code 0400,,"[""author""]",[],[],[],1,[],,,,0400AbuQasimZahrawi,"[""https://kitab-corpus-metadata.azurewebsites.net/""]"
openiti_person_0400AnonTranslator,(مترجم مجهول),Anon Translator,,,(mutarjim majhūl),,400,,,OpenITI date code 0400,,"[""author""]",[],[],[],1,[],,,,0400AnonTranslator,"[""https://kitab-corpus-metadata.azurewebsites.net/""]"
openiti_person_0400Anonymous,مؤلف مجهول,Anonymous,,,Muʾallif majhūl,,400,,,OpenITI date code 0400,,"[""author""]",[],[],[],3,[],,,,0400Anonymous,"[""https://kitab-corpus-metadata.azurewebsites.net/""]"
openiti_person_0400CaliIbnCisaKahhal,علي بن عيسى الكحال,Cali Ibn Cisa Kahhal,,,ʿAlī b. ʿĪsá al-Kaḥḥāl,,400,,,OpenITI date code 0400,,"[""author""]",[],[],[],1,[],,,,0400CaliIbnCisaKahhal,"[""https://kitab-corpus-metadata.azurewebsites.net/""]"
openiti_person_0400CubaydAllahIbnHassan,عبيد الله بن حسان,Cubayd Allah Ibn Hassan,,,ʿUbayd Allãh b. Ḥassān,,400,,,OpenITI date code 0400,,"[""author""]",[],[],[],1,[],,,,0400CubaydAllahIbnHassan,"[""https://kitab-corpus-metadata.azurewebsites.net/""]"
openiti_person_0400IbnCaliHarrani,ابن شعبة الحراني,Ibn Cali Harrani,,,,,400,,,OpenITI date code 0400,,"[""author""]",[],[],[],1,[],,,,0400IbnCaliHarrani,"[""https://kitab-corpus-metadata.azurewebsites.net/""]"
openiti_person_0400IbnCamashliqJacfari,الجعفري,Ibn Camashliq Jacfari,,,,,400,,,OpenITI date code 0400,,"[""author""]",[],[],[],1,[],,,,0400IbnCamashliqJacfari,"[""https://kitab-corpus-metadata.azurewebsites.net/""]"
openiti_person_0400IbnHaddad,سعيد بن محمد المعافري القرطبي ثم السرقسطي، أبو عثمان، ويعرف بابن الحداد (المتوفى: بعد 400 ه),Ibn Haddad,,,,,400,,,OpenITI date code 0400,,"[""author""]",[],[],[],1,[],,,,0400IbnHaddad,"[""https://kitab-corpus-metadata.azurewebsites.net/""]"
openiti_person_0400IbnHusaynBazyar,بازيار العزيز بالله نزار الفاطمي، يظن أنه أبو عبد الله الحسن بن الحسين (المتوفى: ق 4هـ),Ibn Husayn Bazyar,,,,,400,,,OpenITI date code 0400,,"[""author""]",[],[],[],1,[],,,,0400IbnHusaynBazyar,"[""https://kitab-corpus-metadata.azurewebsites.net/""]"
openiti_person_0400IbnHusaynYamani,أبو عبد الله محمد بن حسين بن عمر اليمني (المتوفى: 400هـ),Ibn Husayn Yamani,,,,,400,,,OpenITI date code 0400,,"[""author""]",[],[],[],1,[],,,,0400IbnHusaynYamani,"[""https://kitab-corpus-metadata.azurewebsites.net/""]"
openiti_person_0400IbnJarirTabariSaghir,محمد بن جرير الطبري ( الشيعي),Ibn Jarir Tabari Saghir,,,,,400,,,OpenITI date code 0400,,"[""author""]",[],[],[],3,[],,,,0400IbnJarirTabariSaghir,"[""https://kitab-corpus-metadata.azurewebsites.net/""]"
openiti_person_0400IbnMuhammadBusti,البستي,Ibn Muhammad Busti,,,,,400,,,OpenITI date code 0400,,"[""author""]",[],[],[],1,[],,,,0400IbnMuhammadBusti,"[""https://kitab-corpus-metadata.azurewebsites.net/""]"
openiti_person_0400IbnMuhammadKhazzaz,علي بن محمد الخزاز,Ibn Muhammad Khazzaz,,,,,400,,,OpenITI date code 0400,,"[""author""]",[],[],[],1,[],,,,0400IbnMuhammadKhazzaz,"[""https://kitab-corpus-metadata.azurewebsites.net/""]"
openiti_person_0400IbnMuhammadLihyani,أبو علي الحسين بن محمد بن يوسف اللحياني (المتوفى: ق 4هـ),Ibn Muhammad Lihyani,,,,,400,,,OpenITI date code 0400,,"[""author""]",[],[],[],1,[],,,,0400IbnMuhammadLihyani,"[""https://kitab-corpus-metadata.azurewebsites.net/""]"
openiti_person_0400IbnTahirMaqdisi,المطهر بن طاهر المقدسي (المتوفى: نحو 355هـ),Ibn Tahir Maqdisi,,,,,400,,,OpenITI date code 0400,,"[""author""]",[],[],[],1,[],,,,0400IbnTahirMaqdisi,"[""https://kitab-corpus-metadata.azurewebsites.net/""]"
openiti_person_0400IshaqMunajjim,إسحاق بن الحسين المنجم (المتوفى: ق 4هـ),Ishaq Munajjim,,,,,400,,,OpenITI date code 0400,,"[""author""]",[],[],[],1,[],,,,0400IshaqMunajjim,"[""https://kitab-corpus-metadata.azurewebsites.net/""]"
openiti_person_0400PseudoFarabi,أبو نصر الفرابي,Pseudo Farabi,,,Abū Naṣr al-Farābī,,400,,,OpenITI date code 0400,,"[""author""]",[],[],[],1,[],,,,0400PseudoFarabi,"[""https://kitab-corpus-metadata.azurewebsites.net/""]"
openiti_person_0400ZaydIbnRifaca,زيد بن رفاعة,Zayd Ibn Rifaca,,,Zayd b. Rifāʿaŧ,,400,,,OpenITI date code 0400,,"[""author""]",[],[],[],2,[],,,,0400ZaydIbnRifaca,"[""https://kitab-corpus-metadata.azurewebsites.net/""]"
openiti_person_0401AbuCubaydHarawi,أبو عبيد أحمد بن محمد الهروي (المتوفى 401 ه),Abu Cubayd Harawi,,,,,401,,,OpenITI date code 0401,,"[""author""]",[],[],[],1,[],,,,0401AbuCubaydHarawi,"[""https://kitab-corpus-metadata.azurewebsites.net/""]"
openiti_person_0401AbuMascudDimashqi,أبو مسعود الدمشقي,Abu Mascud Dimashqi,,,,,401,,,OpenITI date code 0401,,"[""author""]",[],[],[],1,[],,,,0401AbuMascudDimashqi,"[""https://kitab-corpus-metadata.azurewebsites.net/""]"
openiti_person_0401IbnAyyashJawhari,أحمد بن محمد الجوهري‏,Ibn Ayyash Jawhari,,,,,401,,,OpenITI date code 0401,,"[""author""]",[],[],[],1,[],,,,0401IbnAyyashJawhari,"[""https://kitab-corpus-metadata.azurewebsites.net/""]"
openiti_person_0401IbnSaburZayyat,ابن سابور الزيات,Ibn Sabur Zayyat,,,,,401,,,OpenITI date code 0401,,"[""author""]",[],[],[],1,[],,,,0401IbnSaburZayyat,"[""https://kitab-corpus-metadata.azurewebsites.net/""]"
openiti_person_0402MuhammadSaydawi,الصيداوي,Muhammad Saydawi,,,,,402,,,OpenITI date code 0402,,"[""author""]",[],[],[],1,[],,,,0402MuhammadSaydawi,"[""https://kitab-corpus-metadata.azurewebsites.net/""]"
openiti_person_0403AbuBakrBaqillani,الباقلاني,Abu Bakr Baqillani,,,,,403,,,OpenITI date code 0403,,"[""author""]",[],[],[],5,[],,,,0403AbuBakrBaqillani,"[""https://kitab-corpus-metadata.azurewebsites.net/""]"
openiti_person_0403AbuCabdAllahHalimi,الحسين بن الحسن بن محمد بن حليم البخاري الجرجاني، أبو عبد الله الحليمي (المتوفى: 403 ه),Abu Cabd Allah Halimi,,,,,403,,,OpenITI date code 0403,,"[""author""]",[],[],[],1,[],,,,0403AbuCabdAllahHalimi,"[""https://kitab-corpus-metadata.azurewebsites.net/""]"
openiti_person_0403IbnFaradi,ابن الفرضي,Ibn Faradi,,,Ibn al-Faraḍī,,403,,,OpenITI date code 0403,,"[""author""]",[],[],[],1,[],,,,0403IbnFaradi,"[""https://kitab-corpus-metadata.azurewebsites.net/""]"
openiti_person_0403IbnHamidHanbali,ابن حامد الحنبلي,Ibn Hamid Hanbali,,,,,403,,,OpenITI date code 0403,,"[""author""]",[],[],[],1,[],,,,0403IbnHamidHanbali,"[""https://kitab-corpus-metadata.azurewebsites.net/""]"
openiti_person_0403IbnZanjala,ابن زنجلة,Ibn Zanjala,,,,,403,,,OpenITI date code 0403,,"[""author""]",[],[],[],1,[],,,,0403IbnZanjala,"[""https://kitab-corpus-metadata.azurewebsites.net/""]"
openiti_person_0404IbnRawhNahrawani,ابن روح النهرواني,Ibn Rawh Nahrawani,,,Ibn Rawḥ al-Nahrawānī,,404,,,OpenITI date code 0404,,"[""author""]",[],[],[],1,[],,,,0404IbnRawhNahrawani,"[""https://kitab-corpus-metadata.azurewebsites.net/""]"
openiti_person_0404MahdiHusaynIbnQasim,الإمام الحسين بن القاسم العياني العياني,Mahdi Husayn Ibn Qasim,,,,,404,,,OpenITI date code 0404,,"[""author""]",[],[],[],1,[],,,,0404MahdiHusaynIbnQasim,"[""https://kitab-corpus-metadata.azurewebsites.net/""]"
openiti_person_0405AbuCabbasCasmi,أبو العباس رافع بن عصم بن العباس بن أحمد العصمي (المتوفى: 405هـ),Abu Cabbas Casmi,,,,,405,,,OpenITI date code 0405,,"[""author""]",[],[],[],1,[],,,,0405AbuCabbasCasmi,"[""https://kitab-corpus-metadata.azurewebsites.net/""]"
openiti_person_0405AbuFadlHarawi,أبو الفضل عبيدالله بن عبد الله بن أحمد بن يوسف الهروي (المتوفى: 405هـ),Abu Fadl Harawi,,,,,405,,,OpenITI date code 0405,,"[""author""]",[],[],[],1,[],,,,0405AbuFadlHarawi,"[""https://kitab-corpus-metadata.azurewebsites.net/""]"
openiti_person_0405CabdKarimNahshaliQayrawani,عبد الكريم النهشلي القيرواني,Cabd Karim Nahshali Qayrawani,,,,,405,,,OpenITI date code 0405,,"[""author""]",[],[],[],1,[],,,,0405CabdKarimNahshaliQayrawani,"[""https://kitab-corpus-metadata.azurewebsites.net/""]"
openiti_person_0405HakimNaysaburi,الحاكم,Hakim Naysaburi,,,al-Ḥākim,,405,,,OpenITI date code 0405,,"[""author""]",[],[],[],7,[],,,,0405HakimNaysaburi,"[""https://kitab-corpus-metadata.azurewebsites.net/""]"
openiti_person_0405IbnHusaynHamadhani,الحسن بن الحسين بن حمكان أبو علي الهمذاني (المتوفى: 405هـ),Ibn Husayn Hamadhani,,,,,405,,,OpenITI date code 0405,,"[""author""]",[],[],[],1,[],,,,0405IbnHusaynHamadhani,"[""https://kitab-corpus-metadata.azurewebsites.net/""]"
openiti_person_0406IbnFurakIsbahani,أبو بكر محمد بن الحسن بن فورك الأصبهاني,Ibn Furak Isbahani,,,,,406,,,OpenITI date code 0406,,"[""author""]",[],[],[],2,[],,,,0406IbnFurakIsbahani,"[""https://kitab-corpus-metadata.azurewebsites.net/""]"
openiti_person_0406IbnHabibNaysaburi,أبو القاسم الحسن بن محمد بن حبيب النيسابوري (المتوفى : 406هـ),Ibn Habib Naysaburi,,,,,406,,,OpenITI date code 0406,,"[""author""]",[],[],[],1,[],,,,0406IbnHabibNaysaburi,"[""https://kitab-corpus-metadata.azurewebsites.net/""]"
openiti_person_0406IbnMuhammadSaqati,أبو القاسم عبيد الله بن محمد بن أحمد بن جعفر البغدادي، السقطي (المتوفى: 406هـ),Ibn Muhammad Saqati,,,,,406,,,OpenITI date code 0406,,"[""author""]",[],[],[],1,[],,,,0406IbnMuhammadSaqati,"[""https://kitab-corpus-metadata.azurewebsites.net/""]"
openiti_person_0406SharifRadi,الشريف الرضي,Sharif Radi,,,al-Šarīf al-Raḍī,,406,,,OpenITI date code 0406,,"[""author""]",[],[],[],5,[],,,,0406SharifRadi,"[""https://kitab-corpus-metadata.azurewebsites.net/""]"
openiti_person_0407IbnMuhammadKharkushi,عبد الملك بن محمد بن إبراهيم النيسابوري الخركوشي، أبو سعد (المتوفى: 407هـ),Ibn Muhammad Kharkushi,,,,,407,,,OpenITI date code 0407,,"[""author""]",[],[],[],1,[],,,,0407IbnMuhammadKharkushi,"[""https://kitab-corpus-metadata.azurewebsites.net/""]"
openiti_person_0408IbnCabdCazizTaymi,أبو الحسن أحمد بن عبد العزيز بن أحمد بن حامد بن محمود بن ثرثال التيمي (المتوفى: 408هـ),Ibn Cabd Caziz Taymi,,,,,408,,,OpenITI date code 0408,,"[""author""]",[],[],[],1,[],,,,0408IbnCabdCazizTaymi,"[""https://kitab-corpus-metadata.azurewebsites.net/""]"
openiti_person_0408IbnIbrahimJurjani,ابن ابراهيم الجرجاني,Ibn Ibrahim Jurjani,,,Ibn Ibrāhīm al-Jurjānī,,408,,,OpenITI date code 0408,,"[""author""]",[],[],[],1,[],,,,0408IbnIbrahimJurjani,"[""https://kitab-corpus-metadata.azurewebsites.net/""]"
openiti_person_0409BabaTahir,بابا طاهر,Baba Tahir,,,Bābā Ṭāhir,,409,,,OpenITI date code 0409,,"[""author""]",[],[],[],1,[],,,,0409BabaTahir,"[""https://kitab-corpus-metadata.azurewebsites.net/""]"
openiti_person_0409CabdGhaniAzdi,عبد الغهني الأزدي,Cabd Ghani Azdi,,,ʿAbd al-Ġhanī al-Azdī,,409,,,OpenITI date code 0409,,"[""author""]",[],[],[],7,[],,,,0409CabdGhaniAzdi,"[""https://kitab-corpus-metadata.azurewebsites.net/""]"
openiti_person_0410AbuSahlNili,أبو سهل سعيد بن عبد العزيز النيلي,Abu Sahl Nili,,,,,410,,,OpenITI date code 0410,,"[""author""]",[],[],[],1,[],,,,0410AbuSahlNili,"[""https://kitab-corpus-metadata.azurewebsites.net/""]"
openiti_person_0410AbuTahirIbnMahmishZiyadi,أبو طاهر محمد بن محمد بن محمش الزيادي النيسابوري (410 ه),Abu Tahir Ibn Mahmish Ziyadi,,,,,410,,,OpenITI date code 0410,,"[""author""]",[],[],[],1,[],,,,0410AbuTahirIbnMahmishZiyadi,"[""https://kitab-corpus-metadata.azurewebsites.net/""]"
openiti_person_0410CabdWahidTamimi,عبد الواحد التميمي,Cabd Wahid Tamimi,,,ʿAbd al-Wāḥid al-Tamīmī,,410,,,OpenITI date code 0410,,"[""author""]",[],[],[],1,[],,,,0410CabdWahidTamimi,"[""https://kitab-corpus-metadata.azurewebsites.net/""]"
openiti_person_0410Firdawsi,فردوسي,Firdawsi,,,Firdawsī,,410,,,OpenITI date code 0410,,"[""author""]",[],[],[],1,[],,,,0410Firdawsi,"[""https://kitab-corpus-metadata.azurewebsites.net/""]"
openiti_person_0410IbnBalawayh,ابن بالويه,Ibn Balawayh,,,Ibn Bālawayh,,410,,,OpenITI date code 0410,,"[""author""]",[],[],[],1,[],,,,0410IbnBalawayh,"[""https://kitab-corpus-metadata.azurewebsites.net/""]"
openiti_person_0410IbnCumarDimashqi,أبو القاسم عبد الرحمن بن عمر بن نصر بن محمد الشيباني، السامري، ثم الدمشقي، البزاز (المتوفى: 410هـ),Ibn Cumar Dimashqi,,,,,410,,,OpenITI date code 0410,,"[""author""]",[],[],[],1,[],,,,0410IbnCumarDimashqi,"[""https://kitab-corpus-metadata.azurewebsites.net/""]"
openiti_person_0410IbnMardawayh,ابن مردويه,Ibn Mardawayh,,,,,410,,,OpenITI date code 0410,,"[""author""]",[],[],[],2,[],,,,0410IbnMardawayh,"[""https://kitab-corpus-metadata.azurewebsites.net/""]"
openiti_person_0410IbnSalamaBaghdadi,هبة الله بن سلامة بن نصر المقري,Ibn Salama Baghdadi,,,,,410,,,OpenITI date code 0410,,"[""author""]",[],[],[],1,[],,,,0410IbnSalamaBaghdadi,"[""https://kitab-corpus-metadata.azurewebsites.net/""]"
openiti_person_0410NasrIbnYacqub,نصر بن يعقوب,Nasr Ibn Yacqub,,,Naṣr b. Yaʿqūb,,410,,,OpenITI date code 0410,,"[""author""]",[],[],[],1,[],,,,0410NasrIbnYacqub,"[""https://kitab-corpus-metadata.azurewebsites.net/""]"
openiti_person_0411AbuBakrAzdi,أبو بكر الأزدي,Abu Bakr Azdi,,,Abū Bakr al-Azdī,,411,,,OpenITI date code 0411,,"[""author""]",[],[],[],1,[],,,,0411AbuBakrAzdi,"[""https://kitab-corpus-metadata.azurewebsites.net/""]"
openiti_person_0411HamidDinKirmani,الكرماني,Hamid Din Kirmani,,,al-Kirmānī,,411,,,OpenITI date code 0411,,"[""author""]",[],[],[],2,[],,,,0411HamidDinKirmani,"[""https://kitab-corpus-metadata.azurewebsites.net/""]"
openiti_person_0411IbnCubaydAllahGhadairi,الغضائري,Ibn Cubayd Allah Ghadairi,,,,,411,,,OpenITI date code 0411,,"[""author""]",[],[],[],1,[],,,,0411IbnCubaydAllahGhadairi,"[""https://kitab-corpus-metadata.azurewebsites.net/""]"
openiti_person_0411MuayyadAhmad,المؤيد أحمد,Muayyad Ahmad,,,al-Muʾayyad Aḥmad,,411,,,OpenITI date code 0411,,"[""author""]",[],[],[],3,[],,,,0411MuayyadAhmad,"[""https://kitab-corpus-metadata.azurewebsites.net/""]"
openiti_person_0412IbnAbiFawaris,أبو الفتح بن أبي الفوارس,Ibn Abi Fawaris,,,Abū al-Fatḥ b. Abī al-Fawāris,,412,,,OpenITI date code 0412,,"[""author""]",[],[],[],2,[],,,,0412IbnAbiFawaris,"[""https://kitab-corpus-metadata.azurewebsites.net/""]"
openiti_person_0412IbnAhmadQummi,محمد بن أحمد القمي,Ibn Ahmad Qummi,,,,,412,,,OpenITI date code 0412,,"[""author""]",[],[],[],1,[],,,,0412IbnAhmadQummi,"[""https://kitab-corpus-metadata.azurewebsites.net/""]"
openiti_person_0412IbnJacfarQayruwani,محمد بن جعفر القزاز القيرواني أبو عبد الله التميمي (المتوفى: 412هـ),Ibn Jacfar Qayruwani,,,,,412,,,OpenITI date code 0412,,"[""author""]",[],[],[],1,[],,,,0412IbnJacfarQayruwani,"[""https://kitab-corpus-metadata.azurewebsites.net/""]"
openiti_person_0412IbnMuhammadHarawi,أبو سعد أحمد بن محمد بن أحمد بن عبد الله بن حفص بن خليل الأنصاري الهروي الماليني (المتوفى: 412هـ),Ibn Muhammad Harawi,,,,,412,,,OpenITI date code 0412,,"[""author""]",[],[],[],1,[],,,,0412IbnMuhammadHarawi,"[""https://kitab-corpus-metadata.azurewebsites.net/""]"
openiti_person_0412IbnRizqawayh,ابن رزقويه أبو الحسن محمد بن أحمد بن محمد بن أحمد بن رزق بن عبد الله بن يزيد البغدادي، البزاز (المتوفى: 412هـ),Ibn Rizqawayh,,,,,412,,,OpenITI date code 0412,,"[""author""]",[],[],[],1,[],,,,0412IbnRizqawayh,"[""https://kitab-corpus-metadata.azurewebsites.net/""]"
openiti_person_0412Sulami,السلمي,Sulami,,,al-Sulamī,,412,,,OpenITI date code 0412,,"[""author""]",[],[],[],11,[],,,,0412Sulami,"[""https://kitab-corpus-metadata.azurewebsites.net/""]"
openiti_person_0413AbuIshaqHusri,أبو اسحاق إبراهيم بن علي المعروف بالحصري القيرواني (المتوفى : 453هـ),Abu Ishaq Husri,,,,,413,,,OpenITI date code 0413,,"[""author""]",[],[],[],3,[],,,,0413AbuIshaqHusri,"[""https://kitab-corpus-metadata.azurewebsites.net/""]"
openiti_person_0413AbuMutarrifQunazici,القنازعي,Abu Mutarrif Qunazici,,,,,413,,,OpenITI date code 0413,,"[""author""]",[],[],[],1,[],,,,0413AbuMutarrifQunazici,"[""https://kitab-corpus-metadata.azurewebsites.net/""]"
openiti_person_0413IbnTalhaNaccali,محمد بن طلحة بن محمد بن عثمان أبو الحسن النعالي الرافضي (المتوفى: 413هـ),Ibn Talha Naccali,,,,,413,,,OpenITI date code 0413,,"[""author""]",[],[],[],2,[],,,,0413IbnTalhaNaccali,"[""https://kitab-corpus-metadata.azurewebsites.net/""]"
openiti_person_0413ShaykhMufid,الشيخ المفيد,Shaykh Mufid,,,,,413,,,OpenITI date code 0413,,"[""author""]",[],[],[],44,[],,,,0413ShaykhMufid,"[""https://kitab-corpus-metadata.azurewebsites.net/""]"
openiti_person_0414AbuHayyanTawhidi,التوحيدي,Abu Hayyan Tawhidi,,,al-Tawḥīdī,,414,,,OpenITI date code 0414,,"[""author""]",[],[],[],5,[],,,,0414AbuHayyanTawhidi,"[""https://kitab-corpus-metadata.azurewebsites.net/""]"
openiti_person_0414AbuQasimRazi,تمام بن محمد الرازي أبو القاسم,Abu Qasim Razi,,,,,414,,,OpenITI date code 0414,,"[""author""]",[],[],[],3,[],,,,0414AbuQasimRazi,"[""https://kitab-corpus-metadata.azurewebsites.net/""]"
openiti_person_0414AbuSacidNaqqash,أبو سعيد محمد بن علي بن عمرو النقاش,Abu Sacid Naqqash,,,,,414,,,OpenITI date code 0414,,"[""author""]",[],[],[],4,[],,,,0414AbuSacidNaqqash,"[""https://kitab-corpus-metadata.azurewebsites.net/""]"
openiti_person_0414AbuZakariyaMuzakki,أبو زكريا يحيى بن إبراهيم بن محمد المزكي النيسابوري,Abu Zakariya Muzakki,,,,,414,,,OpenITI date code 0414,,"[""author""]",[],[],[],1,[],,,,0414AbuZakariyaMuzakki,"[""https://kitab-corpus-metadata.azurewebsites.net/""]"
openiti_person_0414HilalHaffar,هلال الحفار,Hilal Haffar,,,,,414,,,OpenITI date code 0414,,"[""author""]",[],[],[],1,[],,,,0414HilalHaffar,"[""https://kitab-corpus-metadata.azurewebsites.net/""]"
openiti_person_0414IbnHasanGhadairi,أبو عبد الله الحسين بن الحسن بن محمد بن حلبس المخزومي، الغضائري، البغدادي (المتوفى: 414هـ),Ibn Hasan Ghadairi,,,,,414,,,OpenITI date code 0414,,"[""author""]",[],[],[],1,[],,,,0414IbnHasanGhadairi,"[""https://kitab-corpus-metadata.azurewebsites.net/""]"
openiti_person_0414IbnMuhammadDinawari,أبو عبد الله الحسين بن محمد بن الحسين بن عبد الله بن صالح بن شعيب بن فنجويه الثقفي، الدينوري (المتوفى: 414هـ),Ibn Muhammad Dinawari,,,,,414,,,OpenITI date code 0414,,"[""author""]",[],[],[],1,[],,,,0414IbnMuhammadDinawari,"[""https://kitab-corpus-metadata.azurewebsites.net/""]"
openiti_person_0415CaliIbnBishranUmawi,علي بن بشران الأموي,Cali Ibn Bishran Umawi,,,ʿAlī b. Bišrān al-Umawī,,415,,,OpenITI date code 0415,,"[""author""]",[],[],[],2,[],,,,0415CaliIbnBishranUmawi,"[""https://kitab-corpus-metadata.azurewebsites.net/""]"
openiti_person_0415IbnMuhammadMahamili,أحمد بن محمد بن أحمد بن القاسم الضبي، أبو الحسن ابن المحاملي الشافعي (المتوفى: 415هـ),Ibn Muhammad Mahamili,,,,,415,,,OpenITI date code 0415,,"[""author""]",[],[],[],1,[],,,,0415IbnMuhammadMahamili,"[""https://kitab-corpus-metadata.azurewebsites.net/""]"
openiti_person_0415QadiCabdJabbar,القاضيعبد الجبار,Qadi Cabd Jabbar,,,al-QāḍīʿAbd al-Ǧabbār,,415,,,OpenITI date code 0415,,"[""author""]",[],[],[],8,[],,,,0415QadiCabdJabbar,"[""https://kitab-corpus-metadata.azurewebsites.net/""]"
openiti_person_0416CaliIbnMuhammadTihami,علي بن محمد التهامي,Cali Ibn Muhammad Tihami,,,,,416,,,OpenITI date code 0416,,"[""author""]",[],[],[],1,[],,,,0416CaliIbnMuhammadTihami,"[""https://kitab-corpus-metadata.azurewebsites.net/""]"
openiti_person_0416IbnNahhasMisri,أبو محمد عبد الرحمن بن عمر بن محمد بن سعيد التجيبي المصري المالكي البزار المعروف بابن النحاس (المتوفى: 416هـ),Ibn Nahhas Misri,,,,,416,,,OpenITI date code 0416,,"[""author""]",[],[],[],1,[],,,,0416IbnNahhasMisri,"[""https://kitab-corpus-metadata.azurewebsites.net/""]"
openiti_person_0416IbnTahhan,ابن الطحان,Ibn Tahhan,,,,,416,,,OpenITI date code 0416,,"[""author""]",[],[],[],1,[],,,,0416IbnTahhan,"[""https://kitab-corpus-metadata.azurewebsites.net/""]"
openiti_person_0417AbuBakrCadawi,أبو بكر العدوي,Abu Bakr Cadawi,,,Abū Bakr al-ʿAdawī,,417,,,OpenITI date code 0417,,"[""author""]",[],[],[],1,[],,,,0417AbuBakrCadawi,"[""https://kitab-corpus-metadata.azurewebsites.net/""]"
openiti_person_0418AbuMansurIsfahani,أبو منصور معمر بن أحمد الأصفهاني,Abu Mansur Isfahani,,,,,418,,,OpenITI date code 0418,,"[""author""]",[],[],[],1,[],,,,0418AbuMansurIsfahani,"[""https://kitab-corpus-metadata.azurewebsites.net/""]"
openiti_person_0418HibatAllahLalikai,هبة الله اللالكائي,Hibat Allah Lalikai,,,Hibaŧ Allāh al-Lālikāʾī,,418,,,OpenITI date code 0418,,"[""author""]",[],[],[],3,[],,,,0418HibatAllahLalikai,"[""https://kitab-corpus-metadata.azurewebsites.net/""]"
openiti_person_0418WazirMaghribi,الوزير المغربي,Wazir Maghribi,,,al-Wazīr al-Maġribī,,418,,,OpenITI date code 0418,,"[""author""]",[],[],[],4,[],,,,0418WazirMaghribi,"[""https://kitab-corpus-metadata.azurewebsites.net/""]"
openiti_person_0419IbnCaliHamadani,ابن علي الهمداني,Ibn Cali Hamadani,,,,,419,,,OpenITI date code 0419,,"[""author""]",[],[],[],2,[],,,,0419IbnCaliHamadani,"[""https://kitab-corpus-metadata.azurewebsites.net/""]"
openiti_person_0419IbnMuhammadBushanji,أبو الحسين العالي، أحمد بن محمد بن منصور العالي البوشنجي (المتوفى: 419هـ),Ibn Muhammad Bushanji,,,,,419,,,OpenITI date code 0419,,"[""author""]",[],[],[],1,[],,,,0419IbnMuhammadBushanji,"[""https://kitab-corpus-metadata.azurewebsites.net/""]"
openiti_person_0420AbuQasimBusti,أبو القاسم إسماعيل بن أحمد البستي‏,Abu Qasim Busti,,,,,420,,,OpenITI date code 0420,,"[""author""]",[],[],[],1,[],,,,0420AbuQasimBusti,"[""https://kitab-corpus-metadata.azurewebsites.net/""]"
openiti_person_0420IbnCabdAllahKhatibIskafi,ابن عبد الله الخطيب الاسكافي,Ibn Cabd Allah Khatib Iskafi,,,Ibn ʿAbd Allāh al-Ḫaṭīb al-Iskāfī,,420,,,OpenITI date code 0420,,"[""author""]",[],[],[],2,[],,,,0420IbnCabdAllahKhatibIskafi,"[""https://kitab-corpus-metadata.azurewebsites.net/""]"
openiti_person_0420IbnHasanTabib,أبو عبد الله محمد بن الحسن الكتاني الطبيب (المتوفى : نحو 420هـ),Ibn Hasan Tabib,,,,,420,,,OpenITI date code 0420,,"[""author""]",[],[],[],1,[],,,,0420IbnHasanTabib,"[""https://kitab-corpus-metadata.azurewebsites.net/""]"
openiti_person_0420IbnMuhammadDimashqi,مسافر بن محمد بن حاجي الدمشقي (المتوفى: 420هـ),Ibn Muhammad Dimashqi,,,,,420,,,OpenITI date code 0420,,"[""author""]",[],[],[],2,[],,,,0420IbnMuhammadDimashqi,"[""https://kitab-corpus-metadata.azurewebsites.net/""]"
openiti_person_0420IbnMuhammadIbnFadala,عبد الرحمن بن محمد بن أحمد بن فضالة (رافضي جلد) (المتوفى: 420هـ),Ibn Muhammad Ibn Fadala,,,,,420,,,OpenITI date code 0420,,"[""author""]",[],[],[],1,[],,,,0420IbnMuhammadIbnFadala,"[""https://kitab-corpus-metadata.azurewebsites.net/""]"
openiti_person_0420Musabbihi,عز الملك أبو عبد الله محمد بن عبيد الله بن أحمد بن اسماعيل بن عبد العزيز الحراني المسبحي,Musabbihi,,,,,420,,,OpenITI date code 0420,,"[""author""]",[],[],[],1,[],,,,0420Musabbihi,"[""https://kitab-corpus-metadata.azurewebsites.net/""]"
openiti_person_0421AbuSacdAbi,أبو سعد الآبي,Abu Sacd Abi,,,Abū Saʿd al-Ābī,,421,,,OpenITI date code 0421,,"[""author""]",[],[],[],1,[],,,,0421AbuSacdAbi,"[""https://kitab-corpus-metadata.azurewebsites.net/""]"
openiti_person_0421HasanIbnSuwar,ابن سوار,Hasan Ibn Suwar,,,Ibn Suwār,,421,,,OpenITI date code 0421,,"[""author""]",[],[],[],1,[],,,,0421HasanIbnSuwar,"[""https://kitab-corpus-metadata.azurewebsites.net/""]"
openiti_person_0421IbnDarrajQastali,ابن دارج القسطلي,Ibn Darraj Qastali,,,,,421,,,OpenITI date code 0421,,"[""author""]",[],[],[],1,[],,,,0421IbnDarrajQastali,"[""https://kitab-corpus-metadata.azurewebsites.net/""]"
openiti_person_0421IbnIbrahimJammal,ابن ابراهيم الجمال,Ibn Ibrahim Jammal,,,Ibn Ibrāhīm al-Jammāl,,421,,,OpenITI date code 0421,,"[""author""]",[],[],[],1,[],,,,0421IbnIbrahimJammal,"[""https://kitab-corpus-metadata.azurewebsites.net/""]"
openiti_person_0421IbnMuhammadMarzuqi,أبو على أحمد بن محمد بن الحسن المرزوقي الأصفهاني (المتوفى: 421هـ),Ibn Muhammad Marzuqi,,,,,421,,,OpenITI date code 0421,,"[""author""]",[],[],[],3,[],,,,0421IbnMuhammadMarzuqi,"[""https://kitab-corpus-metadata.azurewebsites.net/""]"
openiti_person_0421Miskawayh,مسكويه,Miskawayh,,,Miskawayh,,421,,,OpenITI date code 0421,,"[""author""]",[],[],[],4,[],,,,0421Miskawayh,"[""https://kitab-corpus-metadata.azurewebsites.net/""]"
openiti_person_0422QadiCabdWahhabThaclabi,أبو محمد عبد الوهاب بن علي بن نصر الثعلبي البغدادي المالكي (المتوفى: 422ه),Qadi Cabd Wahhab Thaclabi,,,,,422,,,OpenITI date code 0422,,"[""author""]",[],[],[],5,[],,,,0422QadiCabdWahhabThaclabi,"[""https://kitab-corpus-metadata.azurewebsites.net/""]"
openiti_person_0422QadirBillahCabbasi,الخليفة العباسي أبو العباس القادر بالله أبو العباس احمد بن إسحاق بن المقتدر,Qadir Billah Cabbasi,,,,,422,,,OpenITI date code 0422,,"[""author""]",[],[],[],1,[],,,,0422QadirBillahCabbasi,"[""https://kitab-corpus-metadata.azurewebsites.net/""]"
openiti_person_0423AbuQasimHurfi,أبو القاسم عبد الرحمن بن عبيد الله بن محمد الحرفي البغدادي,Abu Qasim Hurfi,,,,,423,,,OpenITI date code 0423,,"[""author""]",[],[],[],2,[],,,,0423AbuQasimHurfi,"[""https://kitab-corpus-metadata.azurewebsites.net/""]"
openiti_person_0424AbuTalibYahyaHaruni,الإمام أبوطالب يحيى بن الحسين الهاروني,Abu Talib Yahya Haruni,,,,,424,,,OpenITI date code 0424,,"[""author""]",[],[],[],4,[],,,,0424AbuTalibYahyaHaruni,"[""https://kitab-corpus-metadata.azurewebsites.net/""]"
openiti_person_0425AbuHasanShayzari,أبو الحسن الشيزري,Abu Hasan Shayzari,,,Abū al-Ḥasan al-Šayzarī,,425,,,OpenITI date code 0425,,"[""author""]",[],[],[],1,[],,,,0425AbuHasanShayzari,"[""https://kitab-corpus-metadata.azurewebsites.net/""]"
openiti_person_0425Anonymous,أبو الحسن أحمد بن محمد بن الصلت (405 ه) - وأبو أحمد عبيد الله بن محمد بن أبي مسلم الفرضي (406 ه),Anonymous,,,,,425,,,OpenITI date code 0425,,"[""author""]",[],[],[],4,[],,,,0425Anonymous,"[""https://kitab-corpus-metadata.azurewebsites.net/""]"
openiti_person_0425IbnYasirJawbari,أبو الحسن عبد الرحمن بن ياسر الجوبري (المتوفى: 425هـ),Ibn Yasir Jawbari,,,,,425,,,OpenITI date code 0425,,"[""author""]",[],[],[],1,[],,,,0425IbnYasirJawbari,"[""https://kitab-corpus-metadata.azurewebsites.net/""]"
openiti_person_0425MuaddibSirjani,أبو بكر أحمد بن محمد بن إسماعيل بن علي بن عمران بن غريب المؤدب السرجاني,Muaddib Sirjani,,,,,425,,,OpenITI date code 0425,,"[""author""]",[],[],[],1,[],,,,0425MuaddibSirjani,"[""https://kitab-corpus-metadata.azurewebsites.net/""]"
openiti_person_0425MultipleAuthors,مؤلفين متعددين,Multiple Authors,,,Muʾallifīn mutaʿaddidīn,,425,,,OpenITI date code 0425,,"[""author""]",[],[],[],1,[],,,,0425MultipleAuthors,"[""https://kitab-corpus-metadata.azurewebsites.net/""]"
openiti_person_0425RaqiqQayrawani,الرقيق القيرواني,Raqiq Qayrawani,,,,,425,,,OpenITI date code 0425,,"[""author""]",[],[],[],2,[],,,,0425RaqiqQayrawani,"[""https://kitab-corpus-metadata.azurewebsites.net/""]"
openiti_person_0426IbnAhmadIbnShadhan,الحسن بن أحمد بن إبراهيم بن الحسن ابن محمد بن شاذان، أبو علي البزاز (المتوفى: 425هـ),Ibn Ahmad Ibn Shadhan,,,,,426,,,OpenITI date code 0426,,"[""author""]",[],[],[],3,[],,,,0426IbnAhmadIbnShadhan,"[""https://kitab-corpus-metadata.azurewebsites.net/""]"
openiti_person_0426IbnMuhammadBarqani,البرقاني,Ibn Muhammad Barqani,,,,,426,,,OpenITI date code 0426,,"[""author""]",[],[],[],2,[],,,,0426IbnMuhammadBarqani,"[""https://kitab-corpus-metadata.azurewebsites.net/""]"
openiti_person_0426IbnShuhaydAshjaci,ابن شهيد,Ibn Shuhayd Ashjaci,,,,,426,,,OpenITI date code 0426,,"[""author""]",[],[],[],2,[],,,,0426IbnShuhaydAshjaci,"[""https://kitab-corpus-metadata.azurewebsites.net/""]"
openiti_person_0427AbuIshaqThaclabi,أبو اسحاق الثعلبي,Abu Ishaq Thaclabi,,,Abū Isḥāq al-Ṯaʿlabī,,427,,,OpenITI date code 0427,,"[""author""]",[],[],[],2,[],,,,0427AbuIshaqThaclabi,"[""https://kitab-corpus-metadata.azurewebsites.net/""]"
openiti_person_0427AbuNasrCutbi,أبو نصر محمد بن عبد الجبار العتبي (المتوفى:427 ه),Abu Nasr Cutbi,,,,,427,,,OpenITI date code 0427,,"[""author""]",[],[],[],1,[],,,,0427AbuNasrCutbi,"[""https://kitab-corpus-metadata.azurewebsites.net/""]"
openiti_person_0427IbnCaliShahrazuri,عبد العزيز بن علي بن الحسن أبو القاسم الشهرزوري المالكي (المتوفى: 427هـ),Ibn Cali Shahrazuri,,,,,427,,,OpenITI date code 0427,,"[""author""]",[],[],[],1,[],,,,0427IbnCaliShahrazuri,"[""https://kitab-corpus-metadata.azurewebsites.net/""]"
openiti_person_0427JuriNaysaburi,أبو عمرو محمد بن يحيى بن الحسن الجوري النيسابوري,Juri Naysaburi,,,,,427,,,OpenITI date code 0427,,"[""author""]",[],[],[],1,[],,,,0427JuriNaysaburi,"[""https://kitab-corpus-metadata.azurewebsites.net/""]"
openiti_person_0427Sahmi,السهمي,Sahmi,,,al-Sahmī,,427,,,OpenITI date code 0427,,"[""author""]",[],[],[],2,[],,,,0427Sahmi,"[""https://kitab-corpus-metadata.azurewebsites.net/""]"
openiti_person_0428AbuCaliHashimi,أبو علي بن أبي موسى الهاشمي,Abu Cali Hashimi,,,,,428,,,OpenITI date code 0428,,"[""author""]",[],[],[],2,[],,,,0428AbuCaliHashimi,"[""https://kitab-corpus-metadata.azurewebsites.net/""]"
openiti_person_0428AbuCubaydJuzjani,أبو عبيد الجوزجاني,Abu Cubayd Juzjani,,,Abū ʿUbayd al-Ǧūzǧānī,,428,,,OpenITI date code 0428,,"[""author""]",[],[],[],1,[],,,,0428AbuCubaydJuzjani,"[""https://kitab-corpus-metadata.azurewebsites.net/""]"
openiti_person_0428AbuHusaynQuduri,أبو الحسين القدوري,Abu Husayn Quduri,,,Abū al-Ḥusayn al-Qudūrī,,428,,,OpenITI date code 0428,,"[""author""]",[],[],[],3,[],,,,0428AbuHusaynQuduri,"[""https://kitab-corpus-metadata.azurewebsites.net/""]"
openiti_person_0428IbnAbiCaliIsfahani,أبو الحسين محمد بن الحسن بن أحمد الأهوازي المعروف بابن أبي علي الأصفهاني,Ibn Abi Cali Isfahani,,,,,428,,,OpenITI date code 0428,,"[""author""]",[],[],[],1,[],,,,0428IbnAbiCaliIsfahani,"[""https://kitab-corpus-metadata.azurewebsites.net/""]"
openiti_person_0428IbnCabdAllahShirazi,محمد بن عبد الله بن عبيد الله بن أحمد الشيرازي، أبو عبد الله بن باكويه (المتوفى: 428هـ),Ibn Cabd Allah Shirazi,,,,,428,,,OpenITI date code 0428,,"[""author""]",[],[],[],1,[],,,,0428IbnCabdAllahShirazi,"[""https://kitab-corpus-metadata.azurewebsites.net/""]"
openiti_person_0428IbnManjuwayhIsbahani,أحمد بن علي بن محمد بن إبراهيم، أبو بكر ابن منجويه (المتوفى: 428هـ),Ibn Manjuwayh Isbahani,,,,,428,,,OpenITI date code 0428,,"[""author""]",[],[],[],1,[],,,,0428IbnManjuwayhIsbahani,"[""https://kitab-corpus-metadata.azurewebsites.net/""]"
openiti_person_0428IbnShihabCukbari,العكبري، ابن شهاب,Ibn Shihab Cukbari,,,,,428,,,OpenITI date code 0428,,"[""author""]",[],[],[],1,[],,,,0428IbnShihabCukbari,"[""https://kitab-corpus-metadata.azurewebsites.net/""]"
openiti_person_0428IbnSina,ابن سينا,Ibn Sina,,,Ibn Sīnā,,428,,,OpenITI date code 0428,,"[""author""]",[],[],[],21,[],,,,0428IbnSina,"[""https://kitab-corpus-metadata.azurewebsites.net/""]"
openiti_person_0428MihyarDaylami,مهيار الديلمي,Mihyar Daylami,,,,,428,,,OpenITI date code 0428,,"[""author""]",[],[],[],1,[],,,,0428MihyarDaylami,"[""https://kitab-corpus-metadata.azurewebsites.net/""]"
openiti_person_0429AbuMansurThacalibi,الثعالبي,Abu Mansur Thacalibi,,,al-Ṯaʿālibī,,429,,,OpenITI date code 0429,,"[""author""]",[],[],[],19,[],,,,0429AbuMansurThacalibi,"[""https://kitab-corpus-metadata.azurewebsites.net/""]"
openiti_person_0429Farrukhi,فروخي,Farrukhi,,,Farrūḫī,,429,,,OpenITI date code 0429,,"[""author""]",[],[],[],1,[],,,,0429Farrukhi,"[""https://kitab-corpus-metadata.azurewebsites.net/""]"
openiti_person_0429FarrukhiSistani,الفروخي السيستاني,Farrukhi Sistani,,,al-Farrūḫī al-Sīstānī,,429,,,OpenITI date code 0429,,"[""author""]",[],[],[],1,[],,,,0429FarrukhiSistani,"[""https://kitab-corpus-metadata.azurewebsites.net/""]"
openiti_person_0429IbnIbrahimSarakhsiQarrab,أبو يعقوب إسحاق بن أبي إسحاق إبراهيم بن محمد ابن عبد الرحمن السرخسي الهروي، المعروف بـ القراب (المتوفى: 429هـ),Ibn Ibrahim Sarakhsi Qarrab,,,,,429,,,OpenITI date code 0429,,"[""author""]",[],[],[],2,[],,,,0429IbnIbrahimSarakhsiQarrab,"[""https://kitab-corpus-metadata.azurewebsites.net/""]"
openiti_person_0429IbnShihabCukburi,أبو علي الحسن بن شهاب الحسن العكبري الحنبلي,Ibn Shihab Cukburi,,,,,429,,,OpenITI date code 0429,,"[""author""]",[],[],[],1,[],,,,0429IbnShihabCukburi,"[""https://kitab-corpus-metadata.azurewebsites.net/""]"
openiti_person_0429IbnTahirBaghdadi,عبد القاهر بن طاهر بن محمد البغدادي أبو منصور,Ibn Tahir Baghdadi,,,,,429,,,OpenITI date code 0429,,"[""author""]",[],[],[],1,[],,,,0429IbnTahirBaghdadi,"[""https://kitab-corpus-metadata.azurewebsites.net/""]"
openiti_person_0430AbuHasanHufi,الحوفي,Abu Hasan Hufi,,,,,430,,,OpenITI date code 0430,,"[""author""]",[],[],[],1,[],,,,0430AbuHasanHufi,"[""https://kitab-corpus-metadata.azurewebsites.net/""]"
openiti_person_0430AbuNucaymIsbahani,الاصبهاني,Abu Nucaym Isbahani,,,al-Iṣbahānī,,430,,,OpenITI date code 0430,,"[""author""]",[],[],[],29,[],,,,0430AbuNucaymIsbahani,"[""https://kitab-corpus-metadata.azurewebsites.net/""]"
openiti_person_0430AbuZaydDabusi,أبو زيد الدبوسي,Abu Zayd Dabusi,,,Abū Zayd al-Dabbūsī,,430,,,OpenITI date code 0430,,"[""author""]",[],[],[],2,[],,,,0430AbuZaydDabusi,"[""https://kitab-corpus-metadata.azurewebsites.net/""]"
openiti_person_0430AswadGhundijani,الحسن بن أحمد بن محمد الأعرابي، أبو محمد الأسود الغندجاني (المتوفى: نحو 430ه),Aswad Ghundijani,,,,,430,,,OpenITI date code 0430,,"[""author""]",[],[],[],2,[],,,,0430AswadGhundijani,"[""https://kitab-corpus-metadata.azurewebsites.net/""]"
openiti_person_0430CabdMalikIbnBishranUmawi,ابن بشران,Cabd Malik Ibn Bishran Umawi,,,Ibn Bišrān,,430,,,OpenITI date code 0430,,"[""author""]",[],[],[],2,[],,,,0430CabdMalikIbnBishranUmawi,"[""https://kitab-corpus-metadata.azurewebsites.net/""]"
openiti_person_0430IbnHaytham,ابن الهيثم,Ibn Haytham,,,Ibn al-Hayṯam,,430,,,OpenITI date code 0430,,"[""author""]",[],[],[],2,[],,,,0430IbnHaytham,"[""https://kitab-corpus-metadata.azurewebsites.net/""]"
openiti_person_0430MuwaffaqHusaynJurjani,الإمام الموفق بالله الحسين بن إسماعيل الجرجاني,Muwaffaq Husayn Jurjani,,,,,430,,,OpenITI date code 0430,,"[""author""]",[],[],[],1,[],,,,0430MuwaffaqHusaynJurjani,"[""https://kitab-corpus-metadata.azurewebsites.net/""]"
openiti_person_0431IbnFadlMisri,محمد بن الفضل بن نظيف أبو عبد الله المصري الفراء (المتوفى: 431هـ),Ibn Fadl Misri,,,,,431,,,OpenITI date code 0431,,"[""author""]",[],[],[],1,[],,,,0431IbnFadlMisri,"[""https://kitab-corpus-metadata.azurewebsites.net/""]"
openiti_person_0431IbnMuhammadZuzani,العبدلكاني الزوزني,Ibn Muhammad Zuzani,,,,,431,,,OpenITI date code 0431,,"[""author""]",[],[],[],1,[],,,,0431IbnMuhammadZuzani,"[""https://kitab-corpus-metadata.azurewebsites.net/""]"
openiti_person_0431Manushihri,منوشهري,Manushihri,,,Manūšihrī,,431,,,OpenITI date code 0431,,"[""author""]",[],[],[],1,[],,,,0431Manushihri,"[""https://kitab-corpus-metadata.azurewebsites.net/""]"
openiti_person_0432IbnMuhammadNasafi,أبو العباس جعفر بن محمد بن المعتز بن محمد بن المستغفر بن الفتح بن إدريس المستغفري، النسفي (المتوفى: 432هـ),Ibn Muhammad Nasafi,,,,,432,,,OpenITI date code 0432,,"[""author""]",[],[],[],1,[],,,,0432IbnMuhammadNasafi,"[""https://kitab-corpus-metadata.azurewebsites.net/""]"
openiti_person_0432Mustaghfiri,المستغفري,Mustaghfiri,,,al-Mustaġfirī,,432,,,OpenITI date code 0432,,"[""author""]",[],[],[],2,[],,,,0432Mustaghfiri,"[""https://kitab-corpus-metadata.azurewebsites.net/""]"
openiti_person_0433AbuSacdNasruyi,أبو سعد النصرويي,Abu Sacd Nasruyi,,,Abū Saʿd al-Naṣrūyī,,433,,,OpenITI date code 0433,,"[""author""]",[],[],[],1,[],,,,0433AbuSacdNasruyi,"[""https://kitab-corpus-metadata.azurewebsites.net/""]"
openiti_person_0433IbnAhmadCamidi,محمد بن أحمد بن محمد العميدي، أبو سعد (المتوفى: 433هـ),Ibn Ahmad Camidi,,,,,433,,,OpenITI date code 0433,,"[""author""]",[],[],[],1,[],,,,0433IbnAhmadCamidi,"[""https://kitab-corpus-metadata.azurewebsites.net/""]"
openiti_person_0433IbnCaliHarawi,محمد بن علي بن محمد، أبو سهل الهروي (المتوفى: 433هـ),Ibn Cali Harawi,,,,,433,,,OpenITI date code 0433,,"[""author""]",[],[],[],1,[],,,,0433IbnCaliHarawi,"[""https://kitab-corpus-metadata.azurewebsites.net/""]"
openiti_person_0434IbnAhmadHarawi,عبد بن أحمد بن محمد بن عبد الله بن غفير بن محمد الهروي,Ibn Ahmad Harawi,,,,,434,,,OpenITI date code 0434,,"[""author""]",[],[],[],2,[],,,,0434IbnAhmadHarawi,"[""https://kitab-corpus-metadata.azurewebsites.net/""]"
openiti_person_0434MultipleDruze,مؤلفون دروز متعددون,Multiple Druze,,,Muʾallifūn Durūz mutaʿaddidūn,,434,,,OpenITI date code 0434,,"[""author""]",[],[],[],2,[],,,,0434MultipleDruze,"[""https://kitab-corpus-metadata.azurewebsites.net/""]"
openiti_person_0435AbuFarajIbnTayyib,أبو الفرج ابن الطيب,Abu Faraj Ibn Tayyib,,,Abū al-Faraǧ Ibn al-Ṭayyib,,435,,,OpenITI date code 0435,,"[""author""]",[],[],[],1,[],,,,0435AbuFarajIbnTayyib,"[""https://kitab-corpus-metadata.azurewebsites.net/""]"
openiti_person_0435MuhallabAndalusi,المهلب بن أحمد بن أبي صفرة أسيد بن عبد الله الأسدي الأندلسي، المريي (المتوفى: 435هـ),Muhallab Andalusi,,,,,435,,,OpenITI date code 0435,,"[""author""]",[],[],[],1,[],,,,0435MuhallabAndalusi,"[""https://kitab-corpus-metadata.azurewebsites.net/""]"
openiti_person_0436AbuFadlMikali,أبو الفضل الميكالي,Abu Fadl Mikali,,,,,436,,,OpenITI date code 0436,,"[""author""]",[],[],[],1,[],,,,0436AbuFadlMikali,"[""https://kitab-corpus-metadata.azurewebsites.net/""]"
openiti_person_0436HusaynSaymari,الحسين بن علي بن محمد بن جعفر، أبو عبد الله الصيمري الحنفي (المتوفى: 436هـ),Husayn Saymari,,,,,436,,,OpenITI date code 0436,,"[""author""]",[],[],[],1,[],,,,0436HusaynSaymari,"[""https://kitab-corpus-metadata.azurewebsites.net/""]"
openiti_person_0436IbnCaliBasri,أبو الحسين البصري,Ibn Cali Basri,,,,,436,,,OpenITI date code 0436,,"[""author""]",[],[],[],1,[],,,,0436IbnCaliBasri,"[""https://kitab-corpus-metadata.azurewebsites.net/""]"
openiti_person_0436SharifMurtada,الشريف المرتضى,Sharif Murtada,,,al-Šarīf al-Murtaḍá,,436,,,OpenITI date code 0436,,"[""author""]",[],[],[],11,[],,,,0436SharifMurtada,"[""https://kitab-corpus-metadata.azurewebsites.net/""]"
openiti_person_0437AbuHasanUswari,أبو الحسن علي بن محمد بن علي الأسواري (437 ه),Abu Hasan Uswari,,,,,437,,,OpenITI date code 0437,,"[""author""]",[],[],[],1,[],,,,0437AbuHasanUswari,"[""https://kitab-corpus-metadata.azurewebsites.net/""]"
openiti_person_0437IbnJamic,السكن ابن جميع، أبو محمد الحسين بن محمد بن أحمد بن جميع (المتوفى: 437هـ),Ibn Jamic,,,,,437,,,OpenITI date code 0437,,"[""author""]",[],[],[],1,[],,,,0437IbnJamic,"[""https://kitab-corpus-metadata.azurewebsites.net/""]"
openiti_person_0437MakkiIbnHammushQaysi,مكي بن حموش القيسي,Makki Ibn Hammush Qaysi,,,Makkī b. Ḥammūš al-Qaysī,,437,,,OpenITI date code 0437,,"[""author""]",[],[],[],3,[],,,,0437MakkiIbnHammushQaysi,"[""https://kitab-corpus-metadata.azurewebsites.net/""]"
openiti_person_0438AbuSacidBaradhici,خلف بن أبي القاسم محمد، الأزدي القيرواني، أبو سعيد ابن البراذعي المالكي (المتوفى: 372هـ),Abu Sacid Baradhici,,,,,438,,,OpenITI date code 0438,,"[""author""]",[],[],[],1,[],,,,0438AbuSacidBaradhici,"[""https://kitab-corpus-metadata.azurewebsites.net/""]"
openiti_person_0438IbnYusufJuwayni,والد إمام الحرمين الجويني,Ibn Yusuf Juwayni,,,,,438,,,OpenITI date code 0438,,"[""author""]",[],[],[],3,[],,,,0438IbnYusufJuwayni,"[""https://kitab-corpus-metadata.azurewebsites.net/""]"
openiti_person_0439IbnMuhammadKhallal,أبو محمد الحسن بن محمد بن الحسن بن علي البغدادي الخلال (المتوفى: 439هـ),Ibn Muhammad Khallal,,,,,439,,,OpenITI date code 0439,,"[""author""]",[],[],[],6,[],,,,0439IbnMuhammadKhallal,"[""https://kitab-corpus-metadata.azurewebsites.net/""]"
openiti_person_0440AbuRayhanBiruni,أبو الريحان البيروني,Abu Rayhan Biruni,,,Abū al-Rayḥān al-Bīrūnī,,440,,,OpenITI date code 0440,,"[""author""]",[],[],[],18,[],,,,0440AbuRayhanBiruni,"[""https://kitab-corpus-metadata.azurewebsites.net/""]"
openiti_person_0440AbuSacidAbuKhayr,أبو سعيد أبو الخير,Abu Sacid Abu Khayr,,,Abū Saʿīd Abū al-Ḫayr,,440,,,OpenITI date code 0440,,"[""author""]",[],[],[],1,[],,,,0440AbuSacidAbuKhayr,"[""https://kitab-corpus-metadata.azurewebsites.net/""]"
openiti_person_0440IbnMuhammadHimyari,أبو الوليد الحميري,Ibn Muhammad Himyari,,,,,440,,,OpenITI date code 0440,,"[""author""]",[],[],[],1,[],,,,0440IbnMuhammadHimyari,"[""https://kitab-corpus-metadata.azurewebsites.net/""]"
openiti_person_0440IbnMuhammadSawwaq,محمد بن محمد بن عثمان بن عمران بن سهل بن نصر بن أحمد بن حامد أبو منصور البندار المعروف بابن السواق (المتوفى: 440هـ),Ibn Muhammad Sawwaq,,,,,440,,,OpenITI date code 0440,,"[""author""]",[],[],[],1,[],,,,0440IbnMuhammadSawwaq,"[""https://kitab-corpus-metadata.azurewebsites.net/""]"
openiti_person_0441BishrawayhMacqili,أبو نعيم بشرويه بن محمد المعقلي الاسفراييني,Bishrawayh Macqili,,,,,441,,,OpenITI date code 0441,,"[""author""]",[],[],[],1,[],,,,0441BishrawayhMacqili,"[""https://kitab-corpus-metadata.azurewebsites.net/""]"
openiti_person_0441IbnCaliSuri,ابن علي السوري,Ibn Cali Suri,,,Ibn ʿAlī al-Sūrī,,441,,,OpenITI date code 0441,,"[""author""]",[],[],[],2,[],,,,0441IbnCaliSuri,"[""https://kitab-corpus-metadata.azurewebsites.net/""]"
openiti_person_0441IbnIflili,إبراهيم بن محمد بن زكريا الزهري، من بني سعد بن أبي وقاص، أبو القاسم ابن الإفليلي,Ibn Iflili,,,,,441,,,OpenITI date code 0441,,"[""author""]",[],[],[],1,[],,,,0441IbnIflili,"[""https://kitab-corpus-metadata.azurewebsites.net/""]"
openiti_person_0441IbnMuhammadCatiqi,أحمد بن محمد بن أحمد بن محمد بن منصور أبو الحسن المجهز المعروف بالعتيقي (المتوفى: 441هـ),Ibn Muhammad Catiqi,,,,,441,,,OpenITI date code 0441,,"[""author""]",[],[],[],1,[],,,,0441IbnMuhammadCatiqi,"[""https://kitab-corpus-metadata.azurewebsites.net/""]"
openiti_person_0442AbuHasanQazwini,أبو الحسن القزويني,Abu Hasan Qazwini,,,,,442,,,OpenITI date code 0442,,"[""author""]",[],[],[],1,[],,,,0442AbuHasanQazwini,"[""https://kitab-corpus-metadata.azurewebsites.net/""]"
openiti_person_0442AbuQasimThamanini,أبو القاسم عمر بن ثابت الثمانيني (المتوفى: 442ه),Abu Qasim Thamanini,,,,,442,,,OpenITI date code 0442,,"[""author""]",[],[],[],1,[],,,,0442AbuQasimThamanini,"[""https://kitab-corpus-metadata.azurewebsites.net/""]"
openiti_person_0442Tanukhi,التنوخي,Tanukhi,,,al-Tanūḫī,,442,,,OpenITI date code 0442,,"[""author""]",[],[],[],1,[],,,,0442Tanukhi,"[""https://kitab-corpus-metadata.azurewebsites.net/""]"
openiti_person_0443AbuSacidGardizi,گرديزي,Abu Sacid Gardizi,,,Gardīzī,,443,,,OpenITI date code 0443,,"[""author""]",[],[],[],1,[],,,,0443AbuSacidGardizi,"[""https://kitab-corpus-metadata.azurewebsites.net/""]"
openiti_person_0443IbnCabdSalamJudhami,أبو عبد الله محمد بن عبد السلام الجذامي الزنباعي,Ibn Cabd Salam Judhami,,,,,443,,,OpenITI date code 0443,,"[""author""]",[],[],[],1,[],,,,0443IbnCabdSalamJudhami,"[""https://kitab-corpus-metadata.azurewebsites.net/""]"
openiti_person_0443IbnCaliBasri,أبو الحسن محمد بن علي بن محمد بن صخر الأزدي، البصري (المتوفى: 443هـ),Ibn Cali Basri,,,,,443,,,OpenITI date code 0443,,"[""author""]",[],[],[],1,[],,,,0443IbnCaliBasri,"[""https://kitab-corpus-metadata.azurewebsites.net/""]"
openiti_person_0443IbnCaliShamukhi,الشاموخي,Ibn Cali Shamukhi,,,,,443,,,OpenITI date code 0443,,"[""author""]",[],[],[],1,[],,,,0443IbnCaliShamukhi,"[""https://kitab-corpus-metadata.azurewebsites.net/""]"
openiti_person_0444AbuCamrDani,الداني أبو عمرو,Abu Camr Dani,,,,,444,,,OpenITI date code 0444,,"[""author""]",[],[],[],14,[],,,,0444AbuCamrDani,"[""https://kitab-corpus-metadata.azurewebsites.net/""]"
openiti_person_0444AbuFadlIbnMahdi,أبو الفضل بن المهدي,Abu Fadl Ibn Mahdi,,,,,444,,,OpenITI date code 0444,,"[""author""]",[],[],[],1,[],,,,0444AbuFadlIbnMahdi,"[""https://kitab-corpus-metadata.azurewebsites.net/""]"
openiti_person_0444AbuQasimAzaji,أبو القاسم عبد العزيز بن علي بن أحمد الأزجي,Abu Qasim Azaji,,,,,444,,,OpenITI date code 0444,,"[""author""]",[],[],[],1,[],,,,0444AbuQasimAzaji,"[""https://kitab-corpus-metadata.azurewebsites.net/""]"
openiti_person_0444IbnAbiHawl,علي بن محمد بن صافي بن شجاع الربعي، أبو الحسن، ويعرف بابن أبي الهول (المتوفى: 444هـ),Ibn Abi Hawl,,,,,444,,,OpenITI date code 0444,,"[""author""]",[],[],[],1,[],,,,0444IbnAbiHawl,"[""https://kitab-corpus-metadata.azurewebsites.net/""]"
openiti_person_0444IbnSacidSijzi,عبيد الله بن سعيد بن حاتم السجزي الوائلي البكري، أبو نصر (المتوفى: 444هـ),Ibn Sacid Sijzi,,,,,444,,,OpenITI date code 0444,,"[""author""]",[],[],[],1,[],,,,0444IbnSacidSijzi,"[""https://kitab-corpus-metadata.azurewebsites.net/""]"
openiti_person_0445AbuCabdAllahCalawi,أبو عبد الله العلوي,Abu Cabd Allah Calawi,,,Abū ʿAbd Allāh al-ʿAlawī,,445,,,OpenITI date code 0445,,"[""author""]",[],[],[],3,[],,,,0445AbuCabdAllahCalawi,"[""https://kitab-corpus-metadata.azurewebsites.net/""]"
openiti_person_0445AbuIshaqBarmaki,أبو إسحاق إبراهيم بن عمر بن أحمد البرمكي,Abu Ishaq Barmaki,,,,,445,,,OpenITI date code 0445,,"[""author""]",[],[],[],1,[],,,,0445AbuIshaqBarmaki,"[""https://kitab-corpus-metadata.azurewebsites.net/""]"
openiti_person_0445IbnCaliShajari,ابن علي الشجري,Ibn Cali Shajari,,,Ibn ʿAlī al-Šajarī,,445,,,OpenITI date code 0445,,"[""author""]",[],[],[],1,[],,,,0445IbnCaliShajari,"[""https://kitab-corpus-metadata.azurewebsites.net/""]"
openiti_person_0445IbnHasanZuzani,العميد أبو سهل محمد بن الحسن العارض الزوزني (المتوفى: نحو 445هـ),Ibn Hasan Zuzani,,,,,445,,,OpenITI date code 0445,,"[""author""]",[],[],[],1,[],,,,0445IbnHasanZuzani,"[""https://kitab-corpus-metadata.azurewebsites.net/""]"
openiti_person_0446AbuYaclaKhalili,الخليلي,Abu Yacla Khalili,,,al-Ḫalīlī,,446,,,OpenITI date code 0446,,"[""author""]",[],[],[],2,[],,,,0446AbuYaclaKhalili,"[""https://kitab-corpus-metadata.azurewebsites.net/""]"
openiti_person_0446FakhrDinGurgani,فخر الدين أسعد گرگاني,Fakhr Din Gurgani,,,Faḫr al-Dīn Asʿad Gurgānī,,446,,,OpenITI date code 0446,,"[""author""]",[],[],[],1,[],,,,0446FakhrDinGurgani,"[""https://kitab-corpus-metadata.azurewebsites.net/""]"
openiti_person_0446IbnCaliAhwazi,ابن علي الأهوازي,Ibn Cali Ahwazi,,,Ibn ʿAlī al-Ahwāzī,,446,,,OpenITI date code 0446,,"[""author""]",[],[],[],2,[],,,,0446IbnCaliAhwazi,"[""https://kitab-corpus-metadata.azurewebsites.net/""]"
openiti_person_0447AbuSalahHalabi,الشيخ أيي الصلاح الحلبي,Abu Salah Halabi,,,,,447,,,OpenITI date code 0447,,"[""author""]",[],[],[],2,[],,,,0447AbuSalahHalabi,"[""https://kitab-corpus-metadata.azurewebsites.net/""]"
openiti_person_0447IbnAyyubRazi,أبو الفتح، سليم بن أيوب بن سليم الرازي (المتوفى: 447هـ),Ibn Ayyub Razi,,,,,447,,,OpenITI date code 0447,,"[""author""]",[],[],[],1,[],,,,0447IbnAyyubRazi,"[""https://kitab-corpus-metadata.azurewebsites.net/""]"
openiti_person_0448HilalSabi,هلال الصابئ,Hilal Sabi,,,Hilāl al-Ṣābiʾ,,448,,,OpenITI date code 0448,,"[""author""]",[],[],[],3,[],,,,0448HilalSabi,"[""https://kitab-corpus-metadata.azurewebsites.net/""]"
openiti_person_0448IbnCabdWahidDarimi,ابن عبد الواحد الدارمي,Ibn Cabd Wahid Darimi,,,Ibn ʿAbd al-Wāḥid al-Dārimī,,448,,,OpenITI date code 0448,,"[""author""]",[],[],[],1,[],,,,0448IbnCabdWahidDarimi,"[""https://kitab-corpus-metadata.azurewebsites.net/""]"
openiti_person_0448SallarIbnCabdCaziz,الفقيه سلار,Sallar Ibn Cabd Caziz,,,,,448,,,OpenITI date code 0448,,"[""author""]",[],[],[],1,[],,,,0448SallarIbnCabdCaziz,"[""https://kitab-corpus-metadata.azurewebsites.net/""]"
openiti_person_0449AbuCalaMacarri,أبو العلاء المعري,Abu Cala Macarri,,,Abū al-ʿAlāʾ al-Maʿarrī,,449,,,OpenITI date code 0449,,"[""author""]",[],[],[],7,[],,,,0449AbuCalaMacarri,"[""https://kitab-corpus-metadata.azurewebsites.net/""]"
openiti_person_0449AbuFathKarajiki,أبو الفتح الكراجكي,Abu Fath Karajiki,,,Abū al-Fatḥ al-Karājukī,,449,,,OpenITI date code 0449,,"[""author""]",[],[],[],7,[],,,,0449AbuFathKarajiki,"[""https://kitab-corpus-metadata.azurewebsites.net/""]"
openiti_person_0449IbnBattalQurtubi,أبو الحسن علي بن خلف بن عبد الملك بن بطال البكري القرطبي,Ibn Battal Qurtubi,,,,,449,,,OpenITI date code 0449,,"[""author""]",[],[],[],1,[],,,,0449IbnBattalQurtubi,"[""https://kitab-corpus-metadata.azurewebsites.net/""]"
openiti_person_0450AbuCaliSaffar,أبو علي الصفار,Abu Cali Saffar,,,Abū ʿAlī al-Ṣaffār,,450,,,OpenITI date code 0450,,"[""author""]",[],[],[],1,[],,,,0450AbuCaliSaffar,"[""https://kitab-corpus-metadata.azurewebsites.net/""]"
openiti_person_0450AbuFadlDimashqi,أبو الفضل الدمشقي,Abu Fadl Dimashqi,,,,,450,,,OpenITI date code 0450,,"[""author""]",[],[],[],1,[],,,,0450AbuFadlDimashqi,"[""https://kitab-corpus-metadata.azurewebsites.net/""]"
openiti_person_0450AbuHasanMawardi,الماوردي,Abu Hasan Mawardi,,,al-Māwardī,,450,,,OpenITI date code 0450,,"[""author""]",[],[],[],10,[],,,,0450AbuHasanMawardi,"[""https://kitab-corpus-metadata.azurewebsites.net/""]"
openiti_person_0450AbuHasanShirazi,أبو الحسن علي بن يوسف بن أحمد بن يوسف الشيرازي,Abu Hasan Shirazi,,,,,450,,,OpenITI date code 0450,,"[""author""]",[],[],[],1,[],,,,0450AbuHasanShirazi,"[""https://kitab-corpus-metadata.azurewebsites.net/""]"
openiti_person_0450Anonymous,مؤلف مجهول,Anonymous,,,Muʾallif maǧhūl,,450,,,OpenITI date code 0450,,"[""author""]",[],[],[],3,[],,,,0450Anonymous,"[""https://kitab-corpus-metadata.azurewebsites.net/""]"
openiti_person_0450AnonymousTranslator,pseudo-Menander,Anonymous Translator,,,,,450,,,OpenITI date code 0450,,"[""author""]",[],[],[],1,[],,,,0450AnonymousTranslator,"[""https://kitab-corpus-metadata.azurewebsites.net/""]"
openiti_person_0450CaliIbnBilal,علي بن بلال,Cali Ibn Bilal,,,ʿAlī b. Bilāl,,450,,,OpenITI date code 0450,,"[""author""]",[],[],[],1,[],,,,0450CaliIbnBilal,"[""https://kitab-corpus-metadata.azurewebsites.net/""]"
openiti_person_0450FadlIbnMufarraj,الفضل ابن مفرج,Fadl Ibn Mufarraj,,,al-Faḍl Ibn Mufarraǧ,,450,,,OpenITI date code 0450,,"[""author""]",[],[],[],1,[],,,,0450FadlIbnMufarraj,"[""https://kitab-corpus-metadata.azurewebsites.net/""]"
openiti_person_0450IbnAbiNasrBalkhi,محمد بن أبي نصر البلخي,Ibn Abi Nasr Balkhi,,,,,450,,,OpenITI date code 0450,,"[""author""]",[],[],[],1,[],,,,0450IbnAbiNasrBalkhi,"[""https://kitab-corpus-metadata.azurewebsites.net/""]"
openiti_person_0450IbnMuhammadCasimi,أحمد بن محمد بن علي العاصمي,Ibn Muhammad Casimi,,,,,450,,,OpenITI date code 0450,,"[""author""]",[],[],[],1,[],,,,0450IbnMuhammadCasimi,"[""https://kitab-corpus-metadata.azurewebsites.net/""]"
openiti_person_0450IbnYacqubDibaji,ابن يعقوب الديباجي,Ibn Yacqub Dibaji,,,Ibn Yaʿqūb al-Dībājī,,450,,,OpenITI date code 0450,,"[""author""]",[],[],[],1,[],,,,0450IbnYacqubDibaji,"[""https://kitab-corpus-metadata.azurewebsites.net/""]"
openiti_person_0450IshaqTabari,إسحاق بن يحيي الطبري الصنعاني,Ishaq Tabari,,,,,450,,,OpenITI date code 0450,,"[""author""]",[],[],[],1,[],,,,0450IshaqTabari,"[""https://kitab-corpus-metadata.azurewebsites.net/""]"
openiti_person_0450Jubbi,الجبي (المتوفى: ق 5ه),Jubbi,,,,,450,,,OpenITI date code 0450,,"[""author""]",[],[],[],1,[],,,,0450Jubbi,"[""https://kitab-corpus-metadata.azurewebsites.net/""]"
openiti_person_0450Najashi,النجاشي,Najashi,,,al-Naǧāšī,,450,,,OpenITI date code 0450,,"[""author""]",[],[],[],1,[],,,,0450Najashi,"[""https://kitab-corpus-metadata.azurewebsites.net/""]"
openiti_person_0450QadiLabbad,عبد الله ابن اللباد,Qadi Labbad,,,ʿAbd Allāh Ibn al-Labbād,,450,,,OpenITI date code 0450,,"[""author""]",[],[],[],2,[],,,,0450QadiLabbad,"[""https://kitab-corpus-metadata.azurewebsites.net/""]"
openiti_person_0450TabghurinMalshuti,تبغورين بن عيسى الملشوطي,Tabghurin Malshuti,,,,,450,,,OpenITI date code 0450,,"[""author""]",[],[],[],2,[],,,,0450TabghurinMalshuti,"[""https://kitab-corpus-metadata.azurewebsites.net/""]"
openiti_person_0451AbuCuthmanBuhayri,أبو عثمان سعيد بن محمد ابن أبي الحسين أحمد بن محمد بن جعفر بن محمد بن بحير البحيري، النيسابوري (المتوفى: 451هـ),Abu Cuthman Buhayri,,,,,451,,,OpenITI date code 0451,,"[""author""]",[],[],[],1,[],,,,0451AbuCuthmanBuhayri,"[""https://kitab-corpus-metadata.azurewebsites.net/""]"
openiti_person_0451IbnCushariHanbali,محمد بن علي بن الفتح بن محمد بن علي أبو طالب الحربي، ابن العشاري الحنبلي (المتوفى: 451هـ),Ibn Cushari Hanbali,,,,,451,,,OpenITI date code 0451,,"[""author""]",[],[],[],1,[],,,,0451IbnCushariHanbali,"[""https://kitab-corpus-metadata.azurewebsites.net/""]"
openiti_person_0451IbnYunusSiqilli,أبو بكر محمد بن عبد الله بن يونس التميمي الصقلي (المتوفى: 451 ه),Ibn Yunus Siqilli,,,,,451,,,OpenITI date code 0451,,"[""author""]",[],[],[],1,[],,,,0451IbnYunusSiqilli,"[""https://kitab-corpus-metadata.azurewebsites.net/""]"
openiti_person_0453CaliIbnRidwan,علي ابن رضوان,Cali Ibn Ridwan,,,,,453,,,OpenITI date code 0453,,"[""author""]",[],[],[],1,[],,,,0453CaliIbnRidwan,"[""https://kitab-corpus-metadata.azurewebsites.net/""]"
openiti_person_0454AbuMuhammadJawhari,أبو محمد الجوهري,Abu Muhammad Jawhari,,,Abū Muḥammad al-Jawharī,,454,,,OpenITI date code 0454,,"[""author""]",[],[],[],3,[],,,,0454AbuMuhammadJawhari,"[""https://kitab-corpus-metadata.azurewebsites.net/""]"
openiti_person_0454IbnAhmadRazi,أبو الفضل عبد الرحمن بن أحمد بن الحسن بن بندار العجلي الرازي المقرئ,Ibn Ahmad Razi,,,,,454,,,OpenITI date code 0454,,"[""author""]",[],[],[],2,[],,,,0454IbnAhmadRazi,"[""https://kitab-corpus-metadata.azurewebsites.net/""]"
openiti_person_0454IbnBadisSanhaji,المعز بن باديس بن المنصور التميمي الصنهاجي (المتوفى: 454هـ),Ibn Badis Sanhaji,,,,,454,,,OpenITI date code 0454,,"[""author""]",[],[],[],1,[],,,,0454IbnBadisSanhaji,"[""https://kitab-corpus-metadata.azurewebsites.net/""]"
openiti_person_0454Qudaci,Al-Qādī Muḥammad ibn Salāmah al-Quḍāʿī,Qudaci,,,,,454,,,OpenITI date code 0454,,"[""author""]",[],[],[],3,[],,,,0454Qudaci,"[""https://kitab-corpus-metadata.azurewebsites.net/""]"
openiti_person_0455IbnFuraja,محمد بن حمد بن محمد بن عبد الله بن محمود بن فورجة البروجردي (المتوفى: نحو 455هـ),Ibn Furaja,,,,,455,,,OpenITI date code 0455,,"[""author""]",[],[],[],1,[],,,,0455IbnFuraja,"[""https://kitab-corpus-metadata.azurewebsites.net/""]"
openiti_person_0455IbnKhalafSaraqusti,أبو طاهر إسماعيل بن خلف بن سعيد المقرئ الأنصاري السرقسطي (المتوفى: 455هـ),Ibn Khalaf Saraqusti,,,,,455,,,OpenITI date code 0455,,"[""author""]",[],[],[],1,[],,,,0455IbnKhalafSaraqusti,"[""https://kitab-corpus-metadata.azurewebsites.net/""]"
openiti_person_0456IbnHazm,ابن حزم,Ibn Hazm,,,Ibn Ḥazm,,456,,,OpenITI date code 0456,,"[""author""]",[],[],[],33,[],,,,0456IbnHazm,"[""https://kitab-corpus-metadata.azurewebsites.net/""]"
openiti_person_0457AbuCuthmanIbnAbiSacidCayyar,أبو عثمان سعيد بن أبي سعيد أحمد بن محمد بن نعيم الإشكابي الصوفي العيار,Abu Cuthman Ibn Abi Sacid Cayyar,,,,,457,,,OpenITI date code 0457,,"[""author""]",[],[],[],1,[],,,,0457AbuCuthmanIbnAbiSacidCayyar,"[""https://kitab-corpus-metadata.azurewebsites.net/""]"
openiti_person_0457IbnAbiHasina,الأمير أبو الفتح الحسن بن عبد الله المشهور بابن أبي حصينة السلمي المعري,Ibn Abi Hasina,,,,,457,,,OpenITI date code 0457,,"[""author""]",[],[],[],1,[],,,,0457IbnAbiHasina,"[""https://kitab-corpus-metadata.azurewebsites.net/""]"
openiti_person_0457IbnAhmadSayrafi,أبو الحسين محمد بن أحمد بن محمد بن علي الصيرفي، ابن الآبنوسي البغدادي (المتوفى: 457هـ),Ibn Ahmad Sayrafi,,,,,457,,,OpenITI date code 0457,,"[""author""]",[],[],[],1,[],,,,0457IbnAhmadSayrafi,"[""https://kitab-corpus-metadata.azurewebsites.net/""]"
openiti_person_0458AbuYaclaIbnFarra,ابن الفراء,Abu Yacla Ibn Farra,,,Ibn al-Farrāʾ,,458,,,OpenITI date code 0458,,"[""author""]",[],[],[],11,[],,,,0458AbuYaclaIbnFarra,"[""https://kitab-corpus-metadata.azurewebsites.net/""]"
openiti_person_0458Bayhaqi,البيهقي,Bayhaqi,,,al-Bayhaqī,,458,,,OpenITI date code 0458,,"[""author""]",[],[],[],26,[],,,,0458Bayhaqi,"[""https://kitab-corpus-metadata.azurewebsites.net/""]"
openiti_person_0458IbnSidaMursi,علي بن إسماعيل بن سيده النحوي اللغوي,Ibn Sida Mursi,,,,,458,,,OpenITI date code 0458,,"[""author""]",[],[],[],5,[],,,,0458IbnSidaMursi,"[""https://kitab-corpus-metadata.azurewebsites.net/""]"
openiti_person_0458YahyaIbnSacidAntaki,يحيى بن سعيد الأنطاكي,Yahya Ibn Sacid Antaki,,,Yaḥyá b. Saʿīd al-Anṭākī,,458,,,OpenITI date code 0458,,"[""author""]",[],[],[],1,[],,,,0458YahyaIbnSacidAntaki,"[""https://kitab-corpus-metadata.azurewebsites.net/""]"
openiti_person_0459IbnMuhammadDimashqi,أبو القاسم الحسين بن محمد بن إبراهيم بن الحسين الدمشقي، الحنائي (المتوفى: 459هـ),Ibn Muhammad Dimashqi,,,,,459,,,OpenITI date code 0459,,"[""author""]",[],[],[],1,[],,,,0459IbnMuhammadDimashqi,"[""https://kitab-corpus-metadata.azurewebsites.net/""]"
openiti_person_0459IbnSufi,ابن الصوفي,Ibn Sufi,,,Ibn al-Ṣūfī,,459,,,OpenITI date code 0459,,"[""author""]",[],[],[],1,[],,,,0459IbnSufi,"[""https://kitab-corpus-metadata.azurewebsites.net/""]"
openiti_person_0460AbuHasanHanifiZahid,أبو الحسن مشرق بن عبد الله الفقيه الحنيفي الزاهد,Abu Hasan Hanifi Zahid,,,,,460,,,OpenITI date code 0460,,"[""author""]",[],[],[],1,[],,,,0460AbuHasanHanifiZahid,"[""https://kitab-corpus-metadata.azurewebsites.net/""]"
openiti_person_0460AbuIshaqIlbiri,أبو اسحاق الالبيري,Abu Ishaq Ilbiri,,,Abū Isḥāq al-Ilbīrī,,460,,,OpenITI date code 0460,,"[""author""]",[],[],[],2,[],,,,0460AbuIshaqIlbiri,"[""https://kitab-corpus-metadata.azurewebsites.net/""]"
openiti_person_0460Anonymous,مؤلف مجهول,Anonymous,,,Muʾallif majhūl,,460,,,OpenITI date code 0460,,"[""author""]",[],[],[],1,[],,,,0460Anonymous,"[""https://kitab-corpus-metadata.azurewebsites.net/""]"
openiti_person_0460IbnBakhtishu,علي بن ابراهيم الكفر طابي,Ibn Bakhtishu,,,ʿAlī b. Ibrāhīm al-Kafr Ṭābbī,,460,,,OpenITI date code 0460,,"[""author""]",[],[],[],1,[],,,,0460IbnBakhtishu,"[""https://kitab-corpus-metadata.azurewebsites.net/""]"
openiti_person_0460IbnBakhtishuc,عبيد الله بن جبرائيل ابن بختيشوع,Ibn Bakhtishuc,,,ʿUbayd Allāh b. Jibrāʾīl Ibn Baḫtīšūʿ,,460,,,OpenITI date code 0460,,"[""author""]",[],[],[],1,[],,,,0460IbnBakhtishuc,"[""https://kitab-corpus-metadata.azurewebsites.net/""]"
openiti_person_0460IbnButlan,ابن بطلان,Ibn Butlan,,,,,460,,,OpenITI date code 0460,,"[""author""]",[],[],[],1,[],,,,0460IbnButlan,"[""https://kitab-corpus-metadata.azurewebsites.net/""]"
openiti_person_0460IbnFadlIsbahani,أحمد بن الفضل بن محمد الأصبهاني الباطرقاني، أبو بكر (المتوفى: 460هـ),Ibn Fadl Isbahani,,,,,460,,,OpenITI date code 0460,,"[""author""]",[],[],[],1,[],,,,0460IbnFadlIsbahani,"[""https://kitab-corpus-metadata.azurewebsites.net/""]"
openiti_person_0460IbnSharafQayruwani,محمد بن شرف القيرواني (المتوفى : 460هـ),Ibn Sharaf Qayruwani,,,,,460,,,OpenITI date code 0460,,"[""author""]",[],[],[],1,[],,,,0460IbnSharafQayruwani,"[""https://kitab-corpus-metadata.azurewebsites.net/""]"
openiti_person_0460ShaykhTusi,الشيخ الطوسي,Shaykh Tusi,,,al-Šayḫ al-Ṭūsī,,460,,,OpenITI date code 0460,,"[""author""]",[],[],[],15,[],,,,0460ShaykhTusi,"[""https://kitab-corpus-metadata.azurewebsites.net/""]"
openiti_person_0461AbuHusaynFarisi,أبو الحسين الفارسي,Abu Husayn Farisi,,,Abū al-Ḥusayn al-Fārisī,,461,,,OpenITI date code 0461,,"[""author""]",[],[],[],1,[],,,,0461AbuHusaynFarisi,"[""https://kitab-corpus-metadata.azurewebsites.net/""]"
openiti_person_0461AbuZakariyaBukhari,أبو زكريا البخاري,Abu Zakariya Bukhari,,,Abū Zakariyā al-Buḫārī,,461,,,OpenITI date code 0461,,"[""author""]",[],[],[],1,[],,,,0461AbuZakariyaBukhari,"[""https://kitab-corpus-metadata.azurewebsites.net/""]"
openiti_person_0461IbnHusaynSughdi,السغدي,Ibn Husayn Sughdi,,,,,461,,,OpenITI date code 0461,,"[""author""]",[],[],[],1,[],,,,0461IbnHusaynSughdi,"[""https://kitab-corpus-metadata.azurewebsites.net/""]"
openiti_person_0461MuzaffarIbnHasan,المظفر بن الحسن,Muzaffar Ibn Hasan,,,al-Muẓaffar b. al-Ḥasan,,461,,,OpenITI date code 0461,,"[""author""]",[],[],[],1,[],,,,0461MuzaffarIbnHasan,"[""https://kitab-corpus-metadata.azurewebsites.net/""]"
openiti_person_0462AbuSulaymanDawudWarjalani,أبو سليمان داود الورجلاني,Abu Sulayman Dawud Warjalani,,,Abū Sulaymān Dāwud al-Warjalānī,,462,,,OpenITI date code 0462,,"[""author""]",[],[],[],1,[],,,,0462AbuSulaymanDawudWarjalani,"[""https://kitab-corpus-metadata.azurewebsites.net/""]"
openiti_person_0462QadiHusaynMarwarudhi,القاضي أبو محمد (وأبو علي) الحسين بن محمد بن أحمد المروروذي (المتوفى: 462 ه),Qadi Husayn Marwarudhi,,,,,462,,,OpenITI date code 0462,,"[""author""]",[],[],[],1,[],,,,0462QadiHusaynMarwarudhi,"[""https://kitab-corpus-metadata.azurewebsites.net/""]"
openiti_person_0463AbuCubaydJuzjani,أبو عبيد الجوزجاني,Abu Cubayd Juzjani,,,Abū ʿUbayd al-Jūzjānī,,463,,,OpenITI date code 0463,,"[""author""]",[],[],[],1,[],,,,0463AbuCubaydJuzjani,"[""https://kitab-corpus-metadata.azurewebsites.net/""]"
openiti_person_0463AbuSacidGardizi,أبو سعيد گرديزي,Abu Sacid Gardizi,,,Abū Saʿīd Gardīzī,,463,,,OpenITI date code 0463,,"[""author""]",[],[],[],1,[],,,,0463AbuSacidGardizi,"[""https://kitab-corpus-metadata.azurewebsites.net/""]"
openiti_person_0463CaishaBintHasanWarkaniyya,عائشة بنت الحسن بن إبراهيم الوركاني,Caisha Bint Hasan Warkaniyya,,,,,463,,,OpenITI date code 0463,,"[""author""]",[],[],[],1,[],,,,0463CaishaBintHasanWarkaniyya,"[""https://kitab-corpus-metadata.azurewebsites.net/""]"
openiti_person_0463IbnCabdBarr,ابن عبد البر,Ibn Cabd Barr,,,Ibn ʿAbd al-Barr,,463,,,OpenITI date code 0463,,"[""author""]",[],[],[],15,[],,,,0463IbnCabdBarr,"[""https://kitab-corpus-metadata.azurewebsites.net/""]"
openiti_person_0463IbnRashiqQayrawani,ابن رشيق القيرواني,Ibn Rashiq Qayrawani,,,,,463,,,OpenITI date code 0463,,"[""author""]",[],[],[],2,[],,,,0463IbnRashiqQayrawani,"[""https://kitab-corpus-metadata.azurewebsites.net/""]"
openiti_person_0463IbnZaydun,ابن زيدون,Ibn Zaydun,,,,,463,,,OpenITI date code 0463,,"[""author""]",[],[],[],1,[],,,,0463IbnZaydun,"[""https://kitab-corpus-metadata.azurewebsites.net/""]"
openiti_person_0463KhatibBaghdadi,الخطيب البغدادي,Khatib Baghdadi,,,al-Ḫaṭīb al-Baġdādī,,463,,,OpenITI date code 0463,,"[""author""]",[],[],[],30,[],,,,0463KhatibBaghdadi,"[""https://kitab-corpus-metadata.azurewebsites.net/""]"
openiti_person_0464AbuBakrMaliki,أبو بكر المالكي,Abu Bakr Maliki,,,Abū Bakr al-Mālikī,,464,,,OpenITI date code 0464,,"[""author""]",[],[],[],1,[],,,,0464AbuBakrMaliki,"[""https://kitab-corpus-metadata.azurewebsites.net/""]"
openiti_person_0464CaliHujwiri,علي الهجويري,Cali Hujwiri,,,ʿAlī al-Hujwīrī,,464,,,OpenITI date code 0464,,"[""author""]",[],[],[],1,[],,,,0464CaliHujwiri,"[""https://kitab-corpus-metadata.azurewebsites.net/""]"
openiti_person_0465AsadiTusi,,Asadi Tusi,,,,,465,,,OpenITI date code 0465,,"[""author""]",[],[],[],1,[],,,,0465AsadiTusi,"[""https://kitab-corpus-metadata.azurewebsites.net/""]"
openiti_person_0465IbnCaliMaghribi,يوسف بن علي بن جبارة بن محمد بن عقيل بن سواده أبو القاسم الهذلي اليشكري المغربي (المتوفى: 465هـ),Ibn Cali Maghribi,,,,,465,,,OpenITI date code 0465,,"[""author""]",[],[],[],1,[],,,,0465IbnCaliMaghribi,"[""https://kitab-corpus-metadata.azurewebsites.net/""]"
openiti_person_0465IbnHawazinQushayri,عبد الكريم بن هوازن بن عبد الملك القشيري,Ibn Hawazin Qushayri,,,,,465,,,OpenITI date code 0465,,"[""author""]",[],[],[],4,[],,,,0465IbnHawazinQushayri,"[""https://kitab-corpus-metadata.azurewebsites.net/""]"
openiti_person_0465IbnMuhtadi,ابن المهتدي,Ibn Muhtadi,,,Ibn al-Muhtadī,,465,,,OpenITI date code 0465,,"[""author""]",[],[],[],3,[],,,,0465IbnMuhtadi,"[""https://kitab-corpus-metadata.azurewebsites.net/""]"
openiti_person_0466CabdCazizKattani,عبد العزيز بن أحمد بن محمد الكتاني أبو محمد,Cabd Caziz Kattani,,,,,466,,,OpenITI date code 0466,,"[""author""]",[],[],[],2,[],,,,0466CabdCazizKattani,"[""https://kitab-corpus-metadata.azurewebsites.net/""]"
openiti_person_0466IbnSinanKhafaji,عبد الله الخفاجي,Ibn Sinan Khafaji,,,,,466,,,OpenITI date code 0466,,"[""author""]",[],[],[],2,[],,,,0466IbnSinanKhafaji,"[""https://kitab-corpus-metadata.azurewebsites.net/""]"
openiti_person_0467AbuQasimFarisi,أبو القاسم زيد بن علي الفارسي (المتوفى: 467 ه),Abu Qasim Farisi,,,,,467,,,OpenITI date code 0467,,"[""author""]",[],[],[],1,[],,,,0467AbuQasimFarisi,"[""https://kitab-corpus-metadata.azurewebsites.net/""]"
openiti_person_0467IbnHasanBakharzi,الباخرزي,Ibn Hasan Bakharzi,,,,,467,,,OpenITI date code 0467,,"[""author""]",[],[],[],2,[],,,,0467IbnHasanBakharzi,"[""https://kitab-corpus-metadata.azurewebsites.net/""]"
openiti_person_0468AbuFathJawbariRazi,أبو الفتح عبد الجبار بن عبد الله الجوهري الرازي,Abu Fath Jawbari Razi,,,,,468,,,OpenITI date code 0468,,"[""author""]",[],[],[],1,[],,,,0468AbuFathJawbariRazi,"[""https://kitab-corpus-metadata.azurewebsites.net/""]"
openiti_person_0468IbnAhmadWahidiNaysaburi,علي بن أحمد الواحدي النيسابوري,Ibn Ahmad Wahidi Naysaburi,,,ʿAlī b. Aḥmad al-Wāḥidī al-Naysābūrī,,468,,,OpenITI date code 0468,,"[""author""]",[],[],[],5,[],,,,0468IbnAhmadWahidiNaysaburi,"[""https://kitab-corpus-metadata.azurewebsites.net/""]"
openiti_person_0468IbnCabdRahmanNaysaburi,علي بن عبد الرحمن بن الحسن ابن عليك النيسابوري (المتوفى: 468هـ),Ibn Cabd Rahman Naysaburi,,,,,468,,,OpenITI date code 0468,,"[""author""]",[],[],[],1,[],,,,0468IbnCabdRahmanNaysaburi,"[""https://kitab-corpus-metadata.azurewebsites.net/""]"
openiti_person_0468IbnMuhammadMihrawani,الشيخ أبي القاسم يوسف بن محمد المهرواني,Ibn Muhammad Mihrawani,,,,,468,,,OpenITI date code 0468,,"[""author""]",[],[],[],1,[],,,,0468IbnMuhammadMihrawani,"[""https://kitab-corpus-metadata.azurewebsites.net/""]"
openiti_person_0469IbnBabshadh,ابن بابشاذ,Ibn Babshadh,,,,,469,,,OpenITI date code 0469,,"[""author""]",[],[],[],1,[],,,,0469IbnBabshadh,"[""https://kitab-corpus-metadata.azurewebsites.net/""]"
openiti_person_0469IbnHayyanQurtubi,ابن حيان القرطبي، حيان بن خلف بن حسين بن حيان الأموي بالولاء، أبو مروان (المتوفى: 469هـ),Ibn Hayyan Qurtubi,,,,,469,,,OpenITI date code 0469,,"[""author""]",[],[],[],1,[],,,,0469IbnHayyanQurtubi,"[""https://kitab-corpus-metadata.azurewebsites.net/""]"
openiti_person_0469IbnHazarmardSarifini,ابن هزارمرد الصريفيني,Ibn Hazarmard Sarifini,,,,,469,,,OpenITI date code 0469,,"[""author""]",[],[],[],1,[],,,,0469IbnHazarmardSarifini,"[""https://kitab-corpus-metadata.azurewebsites.net/""]"
openiti_person_0470AbuFadlBayhaqi,أبو الفضل بيهقي,Abu Fadl Bayhaqi,,,Abū al-Faḍl Bayhaqī,,470,,,OpenITI date code 0470,,"[""author""]",[],[],[],1,[],,,,0470AbuFadlBayhaqi,"[""https://kitab-corpus-metadata.azurewebsites.net/""]"
openiti_person_0470AbuSalihMuadhdhin,أبو صالح المؤذن,Abu Salih Muadhdhin,,,,,470,,,OpenITI date code 0470,,"[""author""]",[],[],[],1,[],,,,0470AbuSalihMuadhdhin,"[""https://kitab-corpus-metadata.azurewebsites.net/""]"
openiti_person_0470AhmadIbnCisaHashimi,أحمد بن عيسى الهاشمي,Ahmad Ibn Cisa Hashimi,,,Aḥmad b. ʿĪsá al-Hāšimī,,470,,,OpenITI date code 0470,,"[""author""]",[],[],[],1,[],,,,0470AhmadIbnCisaHashimi,"[""https://kitab-corpus-metadata.azurewebsites.net/""]"
openiti_person_0470CaliIbnGhanaim,أبي الحسين علي بن غنائم (المتوفى: نحو 470هـ),Cali Ibn Ghanaim,,,,,470,,,OpenITI date code 0470,,"[""author""]",[],[],[],1,[],,,,0470CaliIbnGhanaim,"[""https://kitab-corpus-metadata.azurewebsites.net/""]"
openiti_person_0470IbnAbiSadiqNisaburi,أبو القاسم عبد الرحمن بن أبي صادق,Ibn Abi Sadiq Nisaburi,,,,,470,,,OpenITI date code 0470,,"[""author""]",[],[],[],1,[],,,,0470IbnAbiSadiqNisaburi,"[""https://kitab-corpus-metadata.azurewebsites.net/""]"
openiti_person_0470IbnAjdabi,إبراهيم بن إسماعيل ابن الأجدابي,Ibn Ajdabi,,,,,470,,,OpenITI date code 0470,,"[""author""]",[],[],[],2,[],,,,0470IbnAjdabi,"[""https://kitab-corpus-metadata.azurewebsites.net/""]"
openiti_person_0470IbnMalikYamani,أبو عبد الله محمد بن مالك بن أبي الفضائل الحمادي المعافري اليماني (المتوفى: نحو 470هـ),Ibn Malik Yamani,,,,,470,,,OpenITI date code 0470,,"[""author""]",[],[],[],1,[],,,,0470IbnMalikYamani,"[""https://kitab-corpus-metadata.azurewebsites.net/""]"
openiti_person_0470IbnMandaCabdRahman,عبد الرحمن بن محمد بن إسحاق، ابن مندة العبدي الأصبهاني، أبو القاسم (المتوفى: 470ه),Ibn Manda Cabd Rahman,,,,,470,,,OpenITI date code 0470,,"[""author""]",[],[],[],3,[],,,,0470IbnMandaCabdRahman,"[""https://kitab-corpus-metadata.azurewebsites.net/""]"
openiti_person_0470IbnMuhammadKufi,علي بن محمد بن علي بن محمد بن أحمد أبو القاسم التيمي الكوفي المعروف بابن الأذلاني (المتوفى: 470هـ),Ibn Muhammad Kufi,,,,,470,,,OpenITI date code 0470,,"[""author""]",[],[],[],1,[],,,,0470IbnMuhammadKufi,"[""https://kitab-corpus-metadata.azurewebsites.net/""]"
openiti_person_0470MuayyadFiDinShirazi,المؤيد في الدين الشيرازي,Muayyad Fi Din Shirazi,,,al-Muʾayyad Fī al-Dīn al-Šīrāzī,,470,,,OpenITI date code 0470,,"[""author""]",[],[],[],3,[],,,,0470MuayyadFiDinShirazi,"[""https://kitab-corpus-metadata.azurewebsites.net/""]"
openiti_person_0471AbuQasimZanjani,الزنجاني، أبو القاسم,Abu Qasim Zanjani,,,,,471,,,OpenITI date code 0471,,"[""author""]",[],[],[],1,[],,,,0471AbuQasimZanjani,"[""https://kitab-corpus-metadata.azurewebsites.net/""]"
openiti_person_0471CabdQahirJurjani,الجرجاني,Cabd Qahir Jurjani,,,,,471,,,OpenITI date code 0471,,"[""author""]",[],[],[],5,[],,,,0471CabdQahirJurjani,"[""https://kitab-corpus-metadata.azurewebsites.net/""]"
openiti_person_0471IbnAhmadIbnBannaBaghdadi,الحسن بن أحمد بن عبد الله بن البنا، أبو علي، البغدادي الحنبلي (المتوفى: 471هـ),Ibn Ahmad Ibn Banna Baghdadi,,,,,471,,,OpenITI date code 0471,,"[""author""]",[],[],[],2,[],,,,0471IbnAhmadIbnBannaBaghdadi,"[""https://kitab-corpus-metadata.azurewebsites.net/""]"
openiti_person_0471IbnCaliBalkhi,أبو علي الحسن بن علي بن محمد بن أحمد بن جعفر البلخي، الوخشي (المتوفى: 471هـ),Ibn Cali Balkhi,,,,,471,,,OpenITI date code 0471,,"[""author""]",[],[],[],1,[],,,,0471IbnCaliBalkhi,"[""https://kitab-corpus-metadata.azurewebsites.net/""]"
openiti_person_0471IbnMuhammadIsfaraini,أبو المظفر الإسفراييني,Ibn Muhammad Isfaraini,,,,,471,,,OpenITI date code 0471,,"[""author""]",[],[],[],1,[],,,,0471IbnMuhammadIsfaraini,"[""https://kitab-corpus-metadata.azurewebsites.net/""]"
openiti_person_0473IbnHayyus,ابن حيوس,Ibn Hayyus,,,,,473,,,OpenITI date code 0473,,"[""author""]",[],[],[],1,[],,,,0473IbnHayyus,"[""https://kitab-corpus-metadata.azurewebsites.net/""]"
openiti_person_0474IbnKhalafBaji,ابن خلف الباجي,Ibn Khalaf Baji,,,Ibn Ḫalaf al-Bāǧī,,474,,,OpenITI date code 0474,,"[""author""]",[],[],[],6,[],,,,0474IbnKhalafBaji,"[""https://kitab-corpus-metadata.azurewebsites.net/""]"
openiti_person_0475IbnMakula,ابن ماكولا,Ibn Makula,,,,,475,,,OpenITI date code 0475,,"[""author""]",[],[],[],2,[],,,,0475IbnMakula,"[""https://kitab-corpus-metadata.azurewebsites.net/""]"
openiti_person_0475IbnMandahCabdWahhabIsbahani,ابن منده الأصفهاني,Ibn Mandah Cabd Wahhab Isbahani,,,,,475,,,OpenITI date code 0475,,"[""author""]",[],[],[],1,[],,,,0475IbnMandahCabdWahhabIsbahani,"[""https://kitab-corpus-metadata.azurewebsites.net/""]"
openiti_person_0475MahmudKashghari,محمود الكشغري,Mahmud Kashghari,,,Maḥmūd al-Kašġarī,,475,,,OpenITI date code 0475,,"[""author""]",[],[],[],1,[],,,,0475MahmudKashghari,"[""https://kitab-corpus-metadata.azurewebsites.net/""]"
openiti_person_0475NasirKhusraw,ناصر خسرو,Nasir Khusraw,,,Nāṣir Ḫusraw,,475,,,OpenITI date code 0475,,"[""author""]",[],[],[],2,[],,,,0475NasirKhusraw,"[""https://kitab-corpus-metadata.azurewebsites.net/""]"
openiti_person_0475SahlIbnFadlTustari,سهل ابن فضل التستري,Sahl Ibn Fadl Tustari,,,Sahl Ibn Faḍl al-Tustarī,,475,,,OpenITI date code 0475,,"[""author""]",[],[],[],1,[],,,,0475SahlIbnFadlTustari,"[""https://kitab-corpus-metadata.azurewebsites.net/""]"
openiti_person_0476AbuIshaqShirazi,الشيرازي,Abu Ishaq Shirazi,,,al-Šīrāzī,,476,,,OpenITI date code 0476,,"[""author""]",[],[],[],7,[],,,,0476AbuIshaqShirazi,"[""https://kitab-corpus-metadata.azurewebsites.net/""]"
openiti_person_0476AclamShantamari,أبو الحجاج، يوسف بن سليمان بن عيسى الشنتمري الأندلسي المعروف بالأعلم (المتوفى: 476هـ),Aclam Shantamari,,,,,476,,,OpenITI date code 0476,,"[""author""]",[],[],[],1,[],,,,0476AclamShantamari,"[""https://kitab-corpus-metadata.azurewebsites.net/""]"
openiti_person_0476IbnAbiSaqrAnbari,ابن أبي الصقر الأنباري,Ibn Abi Saqr Anbari,,,Ibn Abī al-Ṣaqr al-Anbārī,,476,,,OpenITI date code 0476,,"[""author""]",[],[],[],2,[],,,,0476IbnAbiSaqrAnbari,"[""https://kitab-corpus-metadata.azurewebsites.net/""]"
openiti_person_0477BibiHarawiyya,بيبي,Bibi Harawiyya,,,,,477,,,OpenITI date code 0477,,"[""author""]",[],[],[],1,[],,,,0477BibiHarawiyya,"[""https://kitab-corpus-metadata.azurewebsites.net/""]"
openiti_person_0478AbuHasanLakhmi,اللخمي، أبو الحسن,Abu Hasan Lakhmi,,,,,478,,,OpenITI date code 0478,,"[""author""]",[],[],[],1,[],,,,0478AbuHasanLakhmi,"[""https://kitab-corpus-metadata.azurewebsites.net/""]"
openiti_person_0478Cudhri,العذري,Cudhri,,,al-ʿUḏrī,,478,,,OpenITI date code 0478,,"[""author""]",[],[],[],1,[],,,,0478Cudhri,"[""https://kitab-corpus-metadata.azurewebsites.net/""]"
openiti_person_0478IbnCabSamadQattan,عبد الكريم بن عبد الصمد بن محمد بن علي بن محمد القطان أبو معشر الطبري (المتوفى: 478هـ),Ibn Cab Samad Qattan,,,,,478,,,OpenITI date code 0478,,"[""author""]",[],[],[],1,[],,,,0478IbnCabSamadQattan,"[""https://kitab-corpus-metadata.azurewebsites.net/""]"
openiti_person_0478IbnMuhammadDamghani,الدامغاني,Ibn Muhammad Damghani,,,,,478,,,OpenITI date code 0478,,"[""author""]",[],[],[],1,[],,,,0478IbnMuhammadDamghani,"[""https://kitab-corpus-metadata.azurewebsites.net/""]"
openiti_person_0478ImamHaramaynJuwayni,امام الحرمين الجويني,Imam Haramayn Juwayni,,,Imām al-Ḥaramayn al-Juwaynī,,478,,,OpenITI date code 0478,,"[""author""]",[],[],[],7,[],,,,0478ImamHaramaynJuwayni,"[""https://kitab-corpus-metadata.azurewebsites.net/""]"
openiti_person_0478MutawalliNaysaburi,أبو سعيد عبد الرحمن النيسابوري المتولي,Mutawalli Naysaburi,,,,,478,,,OpenITI date code 0478,,"[""author""]",[],[],[],1,[],,,,0478MutawalliNaysaburi,"[""https://kitab-corpus-metadata.azurewebsites.net/""]"
openiti_person_0479IbnFaddalQayruwani,علي بن فضال بن علي بن غالب المجاشعي القيرواني، أبو الحسن (المتوفى: 479هـ),Ibn Faddal Qayruwani,,,,,479,,,OpenITI date code 0479,,"[""author""]",[],[],[],1,[],,,,0479IbnFaddalQayruwani,"[""https://kitab-corpus-metadata.azurewebsites.net/""]"
openiti_person_0479MurshidYahyaJurjani,الإمام المرشد بالله يحيى بن الحسين بن إسماعيل الجرجاني الشجري,Murshid Yahya Jurjani,,,,,479,,,OpenITI date code 0479,,"[""author""]",[],[],[],1,[],,,,0479MurshidYahyaJurjani,"[""https://kitab-corpus-metadata.azurewebsites.net/""]"
openiti_person_0480IbnAhmadHakimHaskani,الحاكم الحسكاني,Ibn Ahmad Hakim Haskani,,,,,480,,,OpenITI date code 0480,,"[""author""]",[],[],[],1,[],,,,0480IbnAhmadHakimHaskani,"[""https://kitab-corpus-metadata.azurewebsites.net/""]"
openiti_person_0480IbnHaddadQaysi,الحداد القيسي,Ibn Haddad Qaysi,,,,,480,,,OpenITI date code 0480,,"[""author""]",[],[],[],1,[],,,,0480IbnHaddadQaysi,"[""https://kitab-corpus-metadata.azurewebsites.net/""]"
openiti_person_0480IbnHilalSabi,محمد بن هلال بن المحسن بن إبراهيم الصابئ، أبو الحسن,Ibn Hilal Sabi,,,,,480,,,OpenITI date code 0480,,"[""author""]",[],[],[],1,[],,,,0480IbnHilalSabi,"[""https://kitab-corpus-metadata.azurewebsites.net/""]"
openiti_person_0480SalamaIbnIsmacilIbnJamaca,,Salama Ibn Ismacil Ibn Jamaca,,,,,480,,,OpenITI date code 0480,,"[""author""]",[],[],[],1,[],,,,0480SalamaIbnIsmacilIbnJamaca,"[""https://kitab-corpus-metadata.azurewebsites.net/""]"
openiti_person_0481AnsariHarawi,أبو اسماعيل الهروي,Ansari Harawi,,,Abū Ismāʿīl al-Harawī,,481,,,OpenITI date code 0481,,"[""author""]",[],[],[],3,[],,,,0481AnsariHarawi,"[""https://kitab-corpus-metadata.azurewebsites.net/""]"
openiti_person_0481IbnBarrajTarabulusi,القاضي ابن البراج,Ibn Barraj Tarabulusi,,,,,481,,,OpenITI date code 0481,,"[""author""]",[],[],[],2,[],,,,0481IbnBarrajTarabulusi,"[""https://kitab-corpus-metadata.azurewebsites.net/""]"
openiti_person_0481NasirKhusraw,ناصر خسرو,Nasir Khusraw,,,Nāṣir Ḫusraw,,481,,,OpenITI date code 0481,,"[""author""]",[],[],[],3,[],,,,0481NasirKhusraw,"[""https://kitab-corpus-metadata.azurewebsites.net/""]"
openiti_person_0482AbuHamidShujaciSarakhsi,أبو حامد الشجاعي السرخسي,Abu Hamid Shujaci Sarakhsi,,,,,482,,,OpenITI date code 0482,,"[""author""]",[],[],[],1,[],,,,0482AbuHamidShujaciSarakhsi,"[""https://kitab-corpus-metadata.azurewebsites.net/""]"
openiti_person_0482AbuIshaqHabbal,الهبال,Abu Ishaq Habbal,,,al-Habbāl,,482,,,OpenITI date code 0482,,"[""author""]",[],[],[],1,[],,,,0482AbuIshaqHabbal,"[""https://kitab-corpus-metadata.azurewebsites.net/""]"
openiti_person_0482IbnMuhammadBazdawi,علي بن محمد البزدوي الحنفيى,Ibn Muhammad Bazdawi,,,,,482,,,OpenITI date code 0482,,"[""author""]",[],[],[],1,[],,,,0482IbnMuhammadBazdawi,"[""https://kitab-corpus-metadata.azurewebsites.net/""]"
openiti_person_0482IbnSacidNucmani,إبراهيم بن سعيد النعماني - بالولاء - المصري، أبو إسحاق الحبال (المتوفى: 482هـ),Ibn Sacid Nucmani,,,,,482,,,OpenITI date code 0482,,"[""author""]",[],[],[],1,[],,,,0482IbnSacidNucmani,"[""https://kitab-corpus-metadata.azurewebsites.net/""]"
openiti_person_0483IbnAhmadSarakhsi,ابن أحمد السرخسي,Ibn Ahmad Sarakhsi,,,Ibn Aḥmad al-Saraḫsī,,483,,,OpenITI date code 0483,,"[""author""]",[],[],[],3,[],,,,0483IbnAhmadSarakhsi,"[""https://kitab-corpus-metadata.azurewebsites.net/""]"
openiti_person_0483IbnMuhammadIbnMaghaziliWasiti,ابن المغازلي,Ibn Muhammad Ibn Maghazili Wasiti,,,,,483,,,OpenITI date code 0483,,"[""author""]",[],[],[],1,[],,,,0483IbnMuhammadIbnMaghaziliWasiti,"[""https://kitab-corpus-metadata.azurewebsites.net/""]"
openiti_person_0484AbuBakrSurabadi,,Abu Bakr Surabadi,,,,,484,,,OpenITI date code 0484,,"[""author""]",[],[],[],1,[],,,,0484AbuBakrSurabadi,"[""https://kitab-corpus-metadata.azurewebsites.net/""]"
openiti_person_0485IbnMuhammadHaddadMahdawi,المقرئ,Ibn Muhammad Haddad Mahdawi,,,,,485,,,OpenITI date code 0485,,"[""author""]",[],[],[],1,[],,,,0485IbnMuhammadHaddadMahdawi,"[""https://kitab-corpus-metadata.azurewebsites.net/""]"
openiti_person_0485NizamMulk,,Nizam Mulk,,,,,485,,,OpenITI date code 0485,,"[""author""]",[],[],[],1,[],,,,0485NizamMulk,"[""https://kitab-corpus-metadata.azurewebsites.net/""]"
openiti_person_0485NizamMulkWazir,الوزير نظام الملك,Nizam Mulk Wazir,,,al-wazīr Niẓām al-Mulk,,485,,,OpenITI date code 0485,,"[""author""]",[],[],[],2,[],,,,0485NizamMulkWazir,"[""https://kitab-corpus-metadata.azurewebsites.net/""]"
openiti_person_0485QatranTabrizi,,Qatran Tabrizi,,,,,485,,,OpenITI date code 0485,,"[""author""]",[],[],[],1,[],,,,0485QatranTabrizi,"[""https://kitab-corpus-metadata.azurewebsites.net/""]"
openiti_person_0486AbuAsbaghGharnati,أبو الأصبغ,Abu Asbagh Gharnati,,,,,486,,,OpenITI date code 0486,,"[""author""]",[],[],[],1,[],,,,0486AbuAsbaghGharnati,"[""https://kitab-corpus-metadata.azurewebsites.net/""]"
openiti_person_0486IbnAhmadHakkari,أبو الحسن علي بن أحمد بن يوسف بن جعفر الهكاري (المتوفى: 486هـ),Ibn Ahmad Hakkari,,,,,486,,,OpenITI date code 0486,,"[""author""]",[],[],[],1,[],,,,0486IbnAhmadHakkari,"[""https://kitab-corpus-metadata.azurewebsites.net/""]"
openiti_person_0486IbnAhmadZuzani,حسين بن أحمد بن حسين الزوزني، أبو عبد الله (المتوفى: 486هـ),Ibn Ahmad Zuzani,,,,,486,,,OpenITI date code 0486,,"[""author""]",[],[],[],1,[],,,,0486IbnAhmadZuzani,"[""https://kitab-corpus-metadata.azurewebsites.net/""]"
openiti_person_0487AbuCubaydBakri,أبو عبيد البكري,Abu Cubayd Bakri,,,Abū ʿUbayd al-Bakrī,,487,,,OpenITI date code 0487,,"[""author""]",[],[],[],5,[],,,,0487AbuCubaydBakri,"[""https://kitab-corpus-metadata.azurewebsites.net/""]"
openiti_person_0487AbuQasimMasisi,أبو القاسم علي بن محمد بن علي بن أبي العلاء المصيصي,Abu Qasim Masisi,,,,,487,,,OpenITI date code 0487,,"[""author""]",[],[],[],1,[],,,,0487AbuQasimMasisi,"[""https://kitab-corpus-metadata.azurewebsites.net/""]"
openiti_person_0487IbnCaliShirazi,أحمد بن علي بن عبد الله بن عمر بن خلف الشيرازي أبو بكر النيسابوري (المتوفى: 487هـ),Ibn Cali Shirazi,,,,,487,,,OpenITI date code 0487,,"[""author""]",[],[],[],1,[],,,,0487IbnCaliShirazi,"[""https://kitab-corpus-metadata.azurewebsites.net/""]"
openiti_person_0488AbuFadlIbnKhayrun,أبو الفضل بن خيرون,Abu Fadl Ibn Khayrun,,,,,488,,,OpenITI date code 0488,,"[""author""]",[],[],[],1,[],,,,0488AbuFadlIbnKhayrun,"[""https://kitab-corpus-metadata.azurewebsites.net/""]"
openiti_person_0488IbnFutuhHumaydi,أبو عبد الله محمد بن أبي نصر الحميدي (المتوفى: 488هـ),Ibn Futuh Humaydi,,,,,488,,,OpenITI date code 0488,,"[""author""]",[],[],[],6,[],,,,0488IbnFutuhHumaydi,"[""https://kitab-corpus-metadata.azurewebsites.net/""]"
openiti_person_0488IbnWahhabHanbali,رزق الله بن عبد الوهاب بن عبد العزيز، أبو محمد التميمي الحنبلي (المتوفى: 488هـ),Ibn Wahhab Hanbali,,,,,488,,,OpenITI date code 0488,,"[""author""]",[],[],[],1,[],,,,0488IbnWahhabHanbali,"[""https://kitab-corpus-metadata.azurewebsites.net/""]"
openiti_person_0488ZahirDin,ظهير الدين الروذرواري,Zahir Din,,,Ẓahīr al-Dīn al-Rūḏrawārī,,488,,,OpenITI date code 0488,,"[""author""]",[],[],[],1,[],,,,0488ZahirDin,"[""https://kitab-corpus-metadata.azurewebsites.net/""]"
openiti_person_0489IbnFadlIsbahani,ابن الفضل الاصبهاني,Ibn Fadl Isbahani,,,Ibn al-Faḍl al-Iṣbahānī,,489,,,OpenITI date code 0489,,"[""author""]",[],[],[],2,[],,,,0489IbnFadlIsbahani,"[""https://kitab-corpus-metadata.azurewebsites.net/""]"
openiti_person_0489IbnHasanBaqillaniBaghdadi,أبو طاهر أحمد بن الحسن بن أحمد بن الحسن بن خداداد الكرجي، الباقلاني، البغدادي (المتوفى: 489هـ),Ibn Hasan Baqillani Baghdadi,,,,,489,,,OpenITI date code 0489,,"[""author""]",[],[],[],1,[],,,,0489IbnHasanBaqillaniBaghdadi,"[""https://kitab-corpus-metadata.azurewebsites.net/""]"
openiti_person_0489IbnMuhammadSamcani,منصور بن محمد السمعاني أبو المظفر,Ibn Muhammad Samcani,,,,,489,,,OpenITI date code 0489,,"[""author""]",[],[],[],4,[],,,,0489IbnMuhammadSamcani,"[""https://kitab-corpus-metadata.azurewebsites.net/""]"
openiti_person_0489IbnYusufJurjani,أبو محمد عبد الله بن يوسف الجرجاني (المتوفى: 489هـ),Ibn Yusuf Jurjani,,,,,489,,,OpenITI date code 0489,,"[""author""]",[],[],[],1,[],,,,0489IbnYusufJurjani,"[""https://kitab-corpus-metadata.azurewebsites.net/""]"
openiti_person_0489Waqqashi,هشام بن أحمد الوقشي الأندلسي (408 ه - 489 ه),Waqqashi,,,,,489,,,OpenITI date code 0489,,"[""author""]",[],[],[],1,[],,,,0489Waqqashi,"[""https://kitab-corpus-metadata.azurewebsites.net/""]"
openiti_person_0490IbnIbrahimNabulusi,نصر بن إبراهيم بن نصر بن إبراهيم ابن داود النابلسي المقدسي، أبو الفتح الشافعي (المتوفى: 490هـ),Ibn Ibrahim Nabulusi,,,,,490,,,OpenITI date code 0490,,"[""author""]",[],[],[],3,[],,,,0490IbnIbrahimNabulusi,"[""https://kitab-corpus-metadata.azurewebsites.net/""]"
openiti_person_0490IbnJazla,يحيى بن عيسى ابن جزله,Ibn Jazla,,,Yaḥyá b. ʿĪsá Ibn Jazlah,,490,,,OpenITI date code 0490,,"[""author""]",[],[],[],1,[],,,,0490IbnJazla,"[""https://kitab-corpus-metadata.azurewebsites.net/""]"
openiti_person_0491AbuCabbasIbnBishrawayh,أبو العباس أحمد بن محمد بن عبد الله بن بشرويه,Abu Cabbas Ibn Bishrawayh,,,,,491,,,OpenITI date code 0491,,"[""author""]",[],[],[],1,[],,,,0491AbuCabbasIbnBishrawayh,"[""https://kitab-corpus-metadata.azurewebsites.net/""]"
openiti_person_0491IbnMuhammadZaynabi,طراد بن محمد بن علي الهاشمي العباسي الزينبي، أبو الفوارس (المتوفى: 491هـ),Ibn Muhammad Zaynabi,,,,,491,,,OpenITI date code 0491,,"[""author""]",[],[],[],3,[],,,,0491IbnMuhammadZaynabi,"[""https://kitab-corpus-metadata.azurewebsites.net/""]"
openiti_person_0492AbuHasanKhulci,علي بن الحسن بن الحسين بن محمد، أبو الحسن الخلعي الشافعي (المتوفى: 492هـ),Abu Hasan Khulci,,,,,492,,,OpenITI date code 0492,,"[""author""]",[],[],[],4,[],,,,0492AbuHasanKhulci,"[""https://kitab-corpus-metadata.azurewebsites.net/""]"
openiti_person_0492AbuMurshidMacarri,أحمد بن عبد الله بن سليمان بن محمد بن سليمان المعري، التنوخي (المتوفى : 449هـ),Abu Murshid Macarri,,,,,492,,,OpenITI date code 0492,,"[""author""]",[],[],[],1,[],,,,0492AbuMurshidMacarri,"[""https://kitab-corpus-metadata.azurewebsites.net/""]"
openiti_person_0492IbnMurajjaMaqdisi,أبو المعالي المشرف بن المرجى بن إبراهيم المقدسي (492 ه),Ibn Murajja Maqdisi,,,,,492,,,OpenITI date code 0492,,"[""author""]",[],[],[],1,[],,,,0492IbnMurajjaMaqdisi,"[""https://kitab-corpus-metadata.azurewebsites.net/""]"
openiti_person_0493BahaDinQazwini,بهاء الدين القزويني,Baha Din Qazwini,,,Bahāʾ al-Dīn al-Qazwīnī,,493,,,OpenITI date code 0493,,"[""author""]",[],[],[],1,[],,,,0493BahaDinQazwini,"[""https://kitab-corpus-metadata.azurewebsites.net/""]"
openiti_person_0494AbuNasrIbnWadcan,محمد بن علي بن عبيد الله بن أحمد بن صالح بن سليمان بن ودعان الموصلي، أبو نصر (المتوفى: 494هـ),Abu Nasr Ibn Wadcan,,,,,494,,,OpenITI date code 0494,,"[""author""]",[],[],[],1,[],,,,0494AbuNasrIbnWadcan,"[""https://kitab-corpus-metadata.azurewebsites.net/""]"
openiti_person_0494HakimJushami,الحاكم الجشمي,Hakim Jushami,,,al-Ḥākim al-Jušamī,,494,,,OpenITI date code 0494,,"[""author""]",[],[],[],2,[],,,,0494HakimJushami,"[""https://kitab-corpus-metadata.azurewebsites.net/""]"
openiti_person_0494IbnSacidIbnKarama,الحاكم أبو سعيد المحسن بن محمد بن كرامة الجشمي البيهقي,Ibn Sacid Ibn Karama,,,,,494,,,OpenITI date code 0494,,"[""author""]",[],[],[],2,[],,,,0494IbnSacidIbnKarama,"[""https://kitab-corpus-metadata.azurewebsites.net/""]"
openiti_person_0495SacidIbnHibatAllah,سعيد بن هبة الله بن الحسين,Sacid Ibn Hibat Allah,,,Saʿīd b. Hibaŧ Allāh b. al-Ḥusayn,,495,,,OpenITI date code 0495,,"[""author""]",[],[],[],1,[],,,,0495SacidIbnHibatAllah,"[""https://kitab-corpus-metadata.azurewebsites.net/""]"
openiti_person_0496IbnBahijAndalusi,ابن بهيج,Ibn Bahij Andalusi,,,,,496,,,OpenITI date code 0496,,"[""author""]",[],[],[],1,[],,,,0496IbnBahijAndalusi,"[""https://kitab-corpus-metadata.azurewebsites.net/""]"
openiti_person_0496IbnNajahAndalusi,أبو داود، سليمان بن نجاح بن أبي القاسم الأموي بالولاء، الأندلسي (المتوفى: 496هـ),Ibn Najah Andalusi,,,,,496,,,OpenITI date code 0496,,"[""author""]",[],[],[],1,[],,,,0496IbnNajahAndalusi,"[""https://kitab-corpus-metadata.azurewebsites.net/""]"
openiti_person_0497AbuMuticMisri,أبو مطيع المصري,Abu Mutic Misri,,,,,497,,,OpenITI date code 0497,,"[""author""]",[],[],[],1,[],,,,0497AbuMuticMisri,"[""https://kitab-corpus-metadata.azurewebsites.net/""]"
openiti_person_0497HasanIbnCabdMalik,الحسن بن عبد الملك,Hasan Ibn Cabd Malik,,,,,497,,,OpenITI date code 0497,,"[""author""]",[],[],[],1,[],,,,0497HasanIbnCabdMalik,"[""https://kitab-corpus-metadata.azurewebsites.net/""]"
openiti_person_0497IbnFarajIbnTallacQurtubi,ابن طلاع القرطبي‏,Ibn Faraj Ibn Tallac Qurtubi,,,,,497,,,OpenITI date code 0497,,"[""author""]",[],[],[],1,[],,,,0497IbnFarajIbnTallacQurtubi,"[""https://kitab-corpus-metadata.azurewebsites.net/""]"
openiti_person_0497IbnIbnZahraTuraythithi,أبو بكر أحمد بن علي بن الحسين بن زكريا الطريثيثي، ثم البغدادي، الصوفي، المعروف: بابن زهراء (المتوفى: 497هـ),Ibn Ibn Zahra Turaythithi,,,,,497,,,OpenITI date code 0497,,"[""author""]",[],[],[],1,[],,,,0497IbnIbnZahraTuraythithi,"[""https://kitab-corpus-metadata.azurewebsites.net/""]"
openiti_person_0498AbuCaliJayyani,أبو علي الحسين بن محمد الغساني وكان يكره أن يقال له الجياني (المتوفى: 498هـ),Abu Cali Jayyani,,,,,498,,,OpenITI date code 0498,,"[""author""]",[],[],[],3,[],,,,0498AbuCaliJayyani,"[""https://kitab-corpus-metadata.azurewebsites.net/""]"
openiti_person_0498IbnMuhammadAbuBakrIsbahani,ابن مردويه,Ibn Muhammad Abu Bakr Isbahani,,,,,498,,,OpenITI date code 0498,,"[""author""]",[],[],[],1,[],,,,0498IbnMuhammadAbuBakrIsbahani,"[""https://kitab-corpus-metadata.azurewebsites.net/""]"
openiti_person_0499AdibNatanzi,,Adib Natanzi,,,,,499,,,OpenITI date code 0499,,"[""author""]",[],[],[],1,[],,,,0499AdibNatanzi,"[""https://kitab-corpus-metadata.azurewebsites.net/""]"
openiti_person_0499IbnBassal,ابن بصال,Ibn Bassal,,,Ibn Baṣṣāl,,499,,,OpenITI date code 0499,,"[""author""]",[],[],[],1,[],,,,0499IbnBassal,"[""https://kitab-corpus-metadata.azurewebsites.net/""]"
openiti_person_0499IbnHusaynJurjani,ابن الحسين الجرجاني,Ibn Husayn Jurjani,,,Ibn al-Ḥusayn al-Jurjānī,,499,,,OpenITI date code 0499,,"[""author""]",[],[],[],1,[],,,,0499IbnHusaynJurjani,"[""https://kitab-corpus-metadata.azurewebsites.net/""]"
openiti_person_0499IbnSimnani,علي بن محمد بن أحمد، أبو القاسم الرحبي المعروف بابن السمناني (المتوفى: 499 ه),Ibn Simnani,,,,,499,,,OpenITI date code 0499,,"[""author""]",[],[],[],1,[],,,,0499IbnSimnani,"[""https://kitab-corpus-metadata.azurewebsites.net/""]"
openiti_person_0499MurshidYahyaIbnShajari,المرشد يحيى بن الشجري,Murshid Yahya Ibn Shajari,,,al-Muršid Yaḥyá b. al-Šajarī,,499,,,OpenITI date code 0499,,"[""author""]",[],[],[],1,[],,,,0499MurshidYahyaIbnShajari,"[""https://kitab-corpus-metadata.azurewebsites.net/""]"
openiti_person_0500AbuNasrMaqdisi,عبد الملك بن محمد بن إسماعيل أبو منصور الثعالبي (المتوفى: 429هـ),Abu Nasr Maqdisi,,,,,500,,,OpenITI date code 0500,,"[""author""]",[],[],[],1,[],,,,0500AbuNasrMaqdisi,"[""https://kitab-corpus-metadata.azurewebsites.net/""]"
openiti_person_0500AhmadAndarabi,أحمد الأندرابي,Ahmad Andarabi,,,,,500,,,OpenITI date code 0500,,"[""author""]",[],[],[],1,[],,,,0500AhmadAndarabi,"[""https://kitab-corpus-metadata.azurewebsites.net/""]"
openiti_person_0500Anonymous,مؤلف مجهول,Anonymous,,,Muʾallif maǧhūl,,500,,,OpenITI date code 0500,,"[""author""]",[],[],[],7,[],,,,0500Anonymous,"[""https://kitab-corpus-metadata.azurewebsites.net/""]"
openiti_person_0500CabdWahidTamimiAmidi,عبد الواحد التميمي الآمدي,Cabd Wahid Tamimi Amidi,,,ʿAbd al-Wāḥid al-Tamīmī al-Āmidī,,500,,,OpenITI date code 0500,,"[""author""]",[],[],[],1,[],,,,0500CabdWahidTamimiAmidi,"[""https://kitab-corpus-metadata.azurewebsites.net/""]"
openiti_person_0500HusaynIbnCabdWahhab,حسين بن عبد الوهاب,Husayn Ibn Cabd Wahhab,,,,,500,,,OpenITI date code 0500,,"[""author""]",[],[],[],1,[],,,,0500HusaynIbnCabdWahhab,"[""https://kitab-corpus-metadata.azurewebsites.net/""]"
openiti_person_0500IbnAhmadSarrajBaghdadi,السراج القارئ,Ibn Ahmad Sarraj Baghdadi,,,,,500,,,OpenITI date code 0500,,"[""author""]",[],[],[],2,[],,,,0500IbnAhmadSarrajBaghdadi,"[""https://kitab-corpus-metadata.azurewebsites.net/""]"
openiti_person_0500IbnCabdAllahQadiTanukhi,القاضي أبو يعلي عبد الباقي بن أبي الحصين عبد الله بن المحسن التنوخي (المتوفى: ق 5هـ),Ibn Cabd Allah Qadi Tanukhi,,,,,500,,,OpenITI date code 0500,,"[""author""]",[],[],[],1,[],,,,0500IbnCabdAllahQadiTanukhi,"[""https://kitab-corpus-metadata.azurewebsites.net/""]"
openiti_person_0500IbnCumarRaduyani,,Ibn Cumar Raduyani,,,,,500,,,OpenITI date code 0500,,"[""author""]",[],[],[],1,[],,,,0500IbnCumarRaduyani,"[""https://kitab-corpus-metadata.azurewebsites.net/""]"
openiti_person_0500IbnHusaynGhadairiWasiti,أحمد بن الحسين الغضائري الواسطي البغدادي,Ibn Husayn Ghadairi Wasiti,,,,,500,,,OpenITI date code 0500,,"[""author""]",[],[],[],1,[],,,,0500IbnHusaynGhadairiWasiti,"[""https://kitab-corpus-metadata.azurewebsites.net/""]"
openiti_person_0500IbnMuhammadHulwani,الحلواني,Ibn Muhammad Hulwani,,,,,500,,,OpenITI date code 0500,,"[""author""]",[],[],[],1,[],,,,0500IbnMuhammadHulwani,"[""https://kitab-corpus-metadata.azurewebsites.net/""]"
openiti_person_0500IbnMuhammadKhatibBushanji,أبو الحسين عفيف بن محمد الخطيب البوشنجي (المتوفى: ق 5هـ),Ibn Muhammad Khatib Bushanji,,,,,500,,,OpenITI date code 0500,,"[""author""]",[],[],[],1,[],,,,0500IbnMuhammadKhatibBushanji,"[""https://kitab-corpus-metadata.azurewebsites.net/""]"
openiti_person_0500LahiqIbnMuhammad,أبو القاسم لاحق بن محمد بن أحمد الإسكاف,Lahiq Ibn Muhammad,,,,,500,,,OpenITI date code 0500,,"[""author""]",[],[],[],1,[],,,,0500LahiqIbnMuhammad,"[""https://kitab-corpus-metadata.azurewebsites.net/""]"
openiti_person_0500Mahsati,مهست,Mahsati,,,Mahsati,,500,,,OpenITI date code 0500,,"[""author""]",[],[],[],1,[],,,,0500Mahsati,"[""https://kitab-corpus-metadata.azurewebsites.net/""]"
openiti_person_0500MultipleCoptic,مؤلفون أقباط متعددون,Multiple Coptic,,,Muʾallifūn Aqbāṭ mutaʿaddidūn,,500,,,OpenITI date code 0500,,"[""author""]",[],[],[],1,[],,,,0500MultipleCoptic,"[""https://kitab-corpus-metadata.azurewebsites.net/""]"
openiti_person_0500Sinjari,السنجاري، الشجري,Sinjari,,,"al-Sinǧārī, al-Šaǧarī",,500,,,OpenITI date code 0500,,"[""author""]",[],[],[],1,[],,,,0500Sinjari,"[""https://kitab-corpus-metadata.azurewebsites.net/""]"
openiti_person_0501IbnMakkiSiqilli,أبو حفص عمر بن خلف بن مكي الصقلي النحوي اللغوي (ت 501 ه),Ibn Makki Siqilli,,,,,501,,,OpenITI date code 0501,,"[""author""]",[],[],[],1,[],,,,0501IbnMakkiSiqilli,"[""https://kitab-corpus-metadata.azurewebsites.net/""]"
openiti_person_0502CabdWahidRuyani,عبد الواحد الروياني,Cabd Wahid Ruyani,,,ʿAbd al-Wāḥid al-Rūyānī,,502,,,OpenITI date code 0502,,"[""author""]",[],[],[],1,[],,,,0502CabdWahidRuyani,"[""https://kitab-corpus-metadata.azurewebsites.net/""]"
openiti_person_0502IbnCaliTabriziShaybani,التبريزي,Ibn Cali Tabrizi Shaybani,,,,,502,,,OpenITI date code 0502,,"[""author""]",[],[],[],2,[],,,,0502IbnCaliTabriziShaybani,"[""https://kitab-corpus-metadata.azurewebsites.net/""]"
openiti_person_0502RaghibIsbahani,الراغب الاصبهاني,Raghib Isbahani,,,al-Rāġib al-Iṣbahānī,,502,,,OpenITI date code 0502,,"[""author""]",[],[],[],6,[],,,,0502RaghibIsbahani,"[""https://kitab-corpus-metadata.azurewebsites.net/""]"
openiti_person_0503AbuTahirNahawandi,أبو طاهر النهاوندي,Abu Tahir Nahawandi,,,Abū Ṭāhir al-Nihāwandī,,503,,,OpenITI date code 0503,,"[""author""]",[],[],[],1,[],,,,0503AbuTahirNahawandi,"[""https://kitab-corpus-metadata.azurewebsites.net/""]"
openiti_person_0504IbnMuhammadCimadDinTabari,علي بن محمد بن علي، أبو الحسن الطبري، الملقب بعماد الدين، المعروف بالكيا الهراسي الشافعي (المتوفى: 504هـ),Ibn Muhammad Cimad Din Tabari,,,,,504,,,OpenITI date code 0504,,"[""author""]",[],[],[],1,[],,,,0504IbnMuhammadCimadDinTabari,"[""https://kitab-corpus-metadata.azurewebsites.net/""]"
openiti_person_0505Ghazali,الغزالي,Ghazali,,,al-Ġazālī,,505,,,OpenITI date code 0505,,"[""author""]",[],[],[],29,[],,,,0505Ghazali,"[""https://kitab-corpus-metadata.azurewebsites.net/""]"
openiti_person_0505IbnHamzaTajQurraKirmani,محمود بن حمزة بن نصر، أبو القاسم برهان الدين الكرماني، ويعرف بتاج القراء (المتوفى: نحو 505هـ),Ibn Hamza Taj Qurra Kirmani,,,,,505,,,OpenITI date code 0505,,"[""author""]",[],[],[],2,[],,,,0505IbnHamzaTajQurraKirmani,"[""https://kitab-corpus-metadata.azurewebsites.net/""]"
openiti_person_0507AbiwardiShacir,الأبيوردي,Abiwardi Shacir,,,,,507,,,OpenITI date code 0507,,"[""author""]",[],[],[],1,[],,,,0507AbiwardiShacir,"[""https://kitab-corpus-metadata.azurewebsites.net/""]"
openiti_person_0507AbuBakrShashi,الشاشي,Abu Bakr Shashi,,,al-Šāšī,,507,,,OpenITI date code 0507,,"[""author""]",[],[],[],3,[],,,,0507AbuBakrShashi,"[""https://kitab-corpus-metadata.azurewebsites.net/""]"
openiti_person_0507IbnQaysarani,أبو الفضل سليمان بن حمزة بن أحمد بن قدامة المقدسي,Ibn Qaysarani,,,,,507,,,OpenITI date code 0507,,"[""author""]",[],[],[],13,[],,,,0507IbnQaysarani,"[""https://kitab-corpus-metadata.azurewebsites.net/""]"
openiti_person_0508AbuMucinNasafi,أبو المعين النسفي,Abu Mucin Nasafi,,,Abū al-Muʿīn al-Nasafī,,508,,,OpenITI date code 0508,,"[""author""]",[],[],[],2,[],,,,0508AbuMucinNasafi,"[""https://kitab-corpus-metadata.azurewebsites.net/""]"
openiti_person_0508FattalNaysaburi,الفتال النيسابوري,Fattal Naysaburi,,,,,508,,,OpenITI date code 0508,,"[""author""]",[],[],[],2,[],,,,0508FattalNaysaburi,"[""https://kitab-corpus-metadata.azurewebsites.net/""]"
openiti_person_0508IbnMukhtarBaghdadi,ابن المختار البغدادي,Ibn Mukhtar Baghdadi,,,Ibn al-Muḫtār al-Baġdādī,,508,,,OpenITI date code 0508,,"[""author""]",[],[],[],1,[],,,,0508IbnMukhtarBaghdadi,"[""https://kitab-corpus-metadata.azurewebsites.net/""]"
openiti_person_0508MuhammadIbnIbrahimKindi,محمد بن ابراهيم الكندي,Muhammad Ibn Ibrahim Kindi,,,Muḥammad b. Ibrāhīm al-Kindī,,508,,,OpenITI date code 0508,,"[""author""]",[],[],[],1,[],,,,0508MuhammadIbnIbrahimKindi,"[""https://kitab-corpus-metadata.azurewebsites.net/""]"
openiti_person_0508NasibAbuQasim,النسيب أبو القاسم علي بن إبراهيم بن العباس بن أبي الجن الحسيني,Nasib Abu Qasim,,,,,508,,,OpenITI date code 0508,,"[""author""]",[],[],[],1,[],,,,0508NasibAbuQasim,"[""https://kitab-corpus-metadata.azurewebsites.net/""]"
openiti_person_0509AbuFarajArmanazi,غيث بن علي ابن الأرمنازي,Abu Faraj Armanazi,,,Ġayṯ b. ʿAlī Ibn al-Armanāzī,,509,,,OpenITI date code 0509,,"[""author""]",[],[],[],1,[],,,,0509AbuFarajArmanazi,"[""https://kitab-corpus-metadata.azurewebsites.net/""]"
openiti_person_0509IbnShahridarDaylami,الديلمي,Ibn Shahridar Daylami,,,,,509,,,OpenITI date code 0509,,"[""author""]",[],[],[],1,[],,,,0509IbnShahridarDaylami,"[""https://kitab-corpus-metadata.azurewebsites.net/""]"
openiti_person_0510AbuBakrShirazi,أبو بكر عبد الغفار بن محمد بن الحسين بن علي الشيروي,Abu Bakr Shirazi,,,,,510,,,OpenITI date code 0510,,"[""author""]",[],[],[],1,[],,,,0510AbuBakrShirazi,"[""https://kitab-corpus-metadata.azurewebsites.net/""]"
openiti_person_0510AbuGhanaimNarsi,أبو الغنائم النرسي,Abu Ghanaim Narsi,,,Abū al-Ġanāʾim al-Narsī,,510,,,OpenITI date code 0510,,"[""author""]",[],[],[],1,[],,,,0510AbuGhanaimNarsi,"[""https://kitab-corpus-metadata.azurewebsites.net/""]"
openiti_person_0510AbuKhattabKalwadhani,الكلوذاني,Abu Khattab Kalwadhani,,,,,510,,,OpenITI date code 0510,,"[""author""]",[],[],[],3,[],,,,0510AbuKhattabKalwadhani,"[""https://kitab-corpus-metadata.azurewebsites.net/""]"
openiti_person_0510CawtabiSuhari,العوتبي، الصحاري,Cawtabi Suhari,,,"al-ʿAwtabī, al-Ṣuḥārī",,510,,,OpenITI date code 0510,,"[""author""]",[],[],[],3,[],,,,0510CawtabiSuhari,"[""https://kitab-corpus-metadata.azurewebsites.net/""]"
openiti_person_0510IbnCaliAbuGhanaimNursi,محمد بن علي بن ميمون، أبو الغنائم النرسي الكوفي (المتوفى: 510هـ),Ibn Cali Abu Ghanaim Nursi,,,,,510,,,OpenITI date code 0510,,"[""author""]",[],[],[],2,[],,,,0510IbnCaliAbuGhanaimNursi,"[""https://kitab-corpus-metadata.azurewebsites.net/""]"
openiti_person_0510IbnMascudBaghawi,محيي السنة، أبو محمد الحسين بن مسعود بن محمد بن الفراء البغوي الشافعي (المتوفى: 516هـ),Ibn Mascud Baghawi,,,,,510,,,OpenITI date code 0510,,"[""author""]",[],[],[],6,[],,,,0510IbnMascudBaghawi,"[""https://kitab-corpus-metadata.azurewebsites.net/""]"
openiti_person_0511IbnMandaYahya,يحيى بن عبد الوهاب بن محمد ابن إسحاق بن محمد بن يحيى العبدي الأصبهاني، أبو زكريا، ابن منده (المتوفى: 511هـ),Ibn Manda Yahya,,,,,511,,,OpenITI date code 0511,,"[""author""]",[],[],[],4,[],,,,0511IbnMandaYahya,"[""https://kitab-corpus-metadata.azurewebsites.net/""]"
openiti_person_0511IbnNabhan,أبو نصر الخياط,Ibn Nabhan,,,,,511,,,OpenITI date code 0511,,"[""author""]",[],[],[],1,[],,,,0511IbnNabhan,"[""https://kitab-corpus-metadata.azurewebsites.net/""]"
openiti_person_0511SalmanIbnNasirArghiyani,,Salman Ibn Nasir Arghiyani,,,,,511,,,OpenITI date code 0511,,"[""author""]",[],[],[],1,[],,,,0511SalmanIbnNasirArghiyani,"[""https://kitab-corpus-metadata.azurewebsites.net/""]"
openiti_person_0513AbuWafaIbnCaqil,أبو الوفاء، علي بن عقيل بن محمد بن عقيل البغدادي الحنبلي,Abu Wafa Ibn Caqil,,,,,513,,,OpenITI date code 0513,,"[""author""]",[],[],[],4,[],,,,0513AbuWafaIbnCaqil,"[""https://kitab-corpus-metadata.azurewebsites.net/""]"
openiti_person_0514HibatAllahSajzi,أبو نصر هبة الله بن عبد الجبار بن معاذ بن فاخر السجزي,Hibat Allah Sajzi,,,,,514,,,OpenITI date code 0514,,"[""author""]",[],[],[],1,[],,,,0514HibatAllahSajzi,"[""https://kitab-corpus-metadata.azurewebsites.net/""]"
openiti_person_0514IbnAhmadIsbahaniJarkani,أبو رجاء محمد بن أحمد بن محمد بن عبد الله الجركاني (المتوفى: 514هـ),Ibn Ahmad Isbahani Jarkani,,,,,514,,,OpenITI date code 0514,,"[""author""]",[],[],[],1,[],,,,0514IbnAhmadIsbahaniJarkani,"[""https://kitab-corpus-metadata.azurewebsites.net/""]"
openiti_person_0515AbuCaliHaddad,أبو علي الحسن بن أحمد بن الحسن الحداد المقرئ,Abu Cali Haddad,,,,,515,,,OpenITI date code 0515,,"[""author""]",[],[],[],1,[],,,,0515AbuCaliHaddad,"[""https://kitab-corpus-metadata.azurewebsites.net/""]"
openiti_person_0515CumarKhayyam,غياث الدين أبو الفتح عمر بن إبراهيم الخيام (المتوفى : 515هـ),Cumar Khayyam,,,,,515,,,OpenITI date code 0515,,"[""author""]",[],[],[],1,[],,,,0515CumarKhayyam,"[""https://kitab-corpus-metadata.azurewebsites.net/""]"
openiti_person_0515IbnHibatAllah,أمين الدولة محمد بن محمد بن هبة الله العلوي الحسيني أبو جعفر الأفطسي الطرابلسي (المتوفى: بعد 515هـ),Ibn Hibat Allah,,,,,515,,,OpenITI date code 0515,,"[""author""]",[],[],[],1,[],,,,0515IbnHibatAllah,"[""https://kitab-corpus-metadata.azurewebsites.net/""]"
openiti_person_0515IbnQattac,أبو القاسم علي بن جعفر السعدي,Ibn Qattac,,,,,515,,,OpenITI date code 0515,,"[""author""]",[],[],[],2,[],,,,0515IbnQattac,"[""https://kitab-corpus-metadata.azurewebsites.net/""]"
openiti_person_0515MascudSacd,مسعود سعد,Mascud Sacd,,,Masʿūd Saʿd,,515,,,OpenITI date code 0515,,"[""author""]",[],[],[],2,[],,,,0515MascudSacd,"[""https://kitab-corpus-metadata.azurewebsites.net/""]"
openiti_person_0516IbnCabdWahidDaqqaqIsbahani,ابن عبد الواحد الدققاق الاصبهاني,Ibn Cabd Wahid Daqqaq Isbahani,,,Ibn ʿAbd al-Wāḥid al-Daqqāq al-Iṣbahānī,,516,,,OpenITI date code 0516,,"[""author""]",[],[],[],2,[],,,,0516IbnCabdWahidDaqqaqIsbahani,"[""https://kitab-corpus-metadata.azurewebsites.net/""]"
openiti_person_0516IbnCaliHariri,القاسم بن علي الحريري,Ibn Cali Hariri,,,,,516,,,OpenITI date code 0516,,"[""author""]",[],[],[],3,[],,,,0516IbnCaliHariri,"[""https://kitab-corpus-metadata.azurewebsites.net/""]"
openiti_person_0517AbuNucaymHaddadIsbahani,أبو نعيم الحداد عبيد الله بن الحسن بن أحمد الأصبهاني,Abu Nucaym Haddad Isbahani,,,,,517,,,OpenITI date code 0517,,"[""author""]",[],[],[],1,[],,,,0517AbuNucaymHaddadIsbahani,"[""https://kitab-corpus-metadata.azurewebsites.net/""]"
openiti_person_0517AbuTahirBaghdadi,أبو طاهر البغدادي,Abu Tahir Baghdadi,,,Abū Ṭāhir al-Baġdādī,,517,,,OpenITI date code 0517,,"[""author""]",[],[],[],1,[],,,,0517AbuTahirBaghdadi,"[""https://kitab-corpus-metadata.azurewebsites.net/""]"
openiti_person_0517IbnKhayyatShacir,ابن الخياط,Ibn Khayyat Shacir,,,,,517,,,OpenITI date code 0517,,"[""author""]",[],[],[],1,[],,,,0517IbnKhayyatShacir,"[""https://kitab-corpus-metadata.azurewebsites.net/""]"
openiti_person_0518IbnMuhammadMaydaniNaysaburi,ابن محمد الميداني النيسابوري,Ibn Muhammad Maydani Naysaburi,,,Ibn Muḥammad al-Maydānī al-Naysābūrī,,518,,,OpenITI date code 0518,,"[""author""]",[],[],[],2,[],,,,0518IbnMuhammadMaydaniNaysaburi,"[""https://kitab-corpus-metadata.azurewebsites.net/""]"
openiti_person_0520IbnRushdJadd,أبو الوليد محمد بن أحمد بن رشد القرطبي (المتوفى: 520هـ),Ibn Rushd Jadd,,,,,520,,,OpenITI date code 0520,,"[""author""]",[],[],[],4,[],,,,0520IbnRushdJadd,"[""https://kitab-corpus-metadata.azurewebsites.net/""]"
openiti_person_0520IbnWalidTurtushi,الطرطوشي، ابن أبي رندقة (oر رندقة),Ibn Walid Turtushi,,,"al-Ṭurṭūšī, Ibn Abī Randaqaŧ (or Rundaqaŧ)",,520,,,OpenITI date code 0520,,"[""author""]",[],[],[],2,[],,,,0520IbnWalidTurtushi,"[""https://kitab-corpus-metadata.azurewebsites.net/""]"
openiti_person_0521IbnMuhammadBatalyawsi,أبو محمد عبد الله بن محمد بن السيد البطليوسي الأندلسي,Ibn Muhammad Batalyawsi,,,,,521,,,OpenITI date code 0521,,"[""author""]",[],[],[],7,[],,,,0521IbnMuhammadBatalyawsi,"[""https://kitab-corpus-metadata.azurewebsites.net/""]"
openiti_person_0521MuhammadHamadhani,محمد بن جرير بن يزيد بن كثير بن غالب الآملي، أبو جعفر الطبري (المتوفى: 310ه),Muhammad Hamadhani,,,,,521,,,OpenITI date code 0521,,"[""author""]",[],[],[],1,[],,,,0521MuhammadHamadhani,"[""https://kitab-corpus-metadata.azurewebsites.net/""]"
openiti_person_0522HasibTabari,,Hasib Tabari,,,,,522,,,OpenITI date code 0522,,"[""author""]",[],[],[],1,[],,,,0522HasibTabari,"[""https://kitab-corpus-metadata.azurewebsites.net/""]"
openiti_person_0522IbnKhusrawBalkhi,أبو عبد الله الحسين بن محمد بن خسرو البلخي (522 ه),Ibn Khusraw Balkhi,,,,,522,,,OpenITI date code 0522,,"[""author""]",[],[],[],1,[],,,,0522IbnKhusrawBalkhi,"[""https://kitab-corpus-metadata.azurewebsites.net/""]"
openiti_person_0523Anonymous,مؤلف مجهول,Anonymous,,,Muʾallif majhūl,,523,,,OpenITI date code 0523,,"[""author""]",[],[],[],1,[],,,,0523Anonymous,"[""https://kitab-corpus-metadata.azurewebsites.net/""]"
openiti_person_0523IbnCabdWahidThaqafi,أبو الفضل جعفر بن عبد الواحد الثقفي,Ibn Cabd Wahid Thaqafi,,,,,523,,,OpenITI date code 0523,,"[""author""]",[],[],[],1,[],,,,0523IbnCabdWahidThaqafi,"[""https://kitab-corpus-metadata.azurewebsites.net/""]"
openiti_person_0524IbnAkfani,ابن الأكفاني,Ibn Akfani,,,Ibn al-Akfānī,,524,,,OpenITI date code 0524,,"[""author""]",[],[],[],2,[],,,,0524IbnAkfani,"[""https://kitab-corpus-metadata.azurewebsites.net/""]"
openiti_person_0524IbnTumart,ابن تومرت,Ibn Tumart,,,Ibn Tūmart,,524,,,OpenITI date code 0524,,"[""author""]",[],[],[],2,[],,,,0524IbnTumart,"[""https://kitab-corpus-metadata.azurewebsites.net/""]"
openiti_person_0525AbuQasimIbnHusayn,أبو القاسم بن الحسين,Abu Qasim Ibn Husayn,,,Abū al-Qāsim b. al-Ḥusayn,,525,,,OpenITI date code 0525,,"[""author""]",[],[],[],1,[],,,,0525AbuQasimIbnHusayn,"[""https://kitab-corpus-metadata.azurewebsites.net/""]"
openiti_person_0525Anonymous,,Anonymous,,,,,525,,,OpenITI date code 0525,,"[""author""]",[],[],[],1,[],,,,0525Anonymous,"[""https://kitab-corpus-metadata.azurewebsites.net/""]"
openiti_person_0525CaynQudatHamadani,,Cayn Qudat Hamadani,,,,,525,,,OpenITI date code 0525,,"[""author""]",[],[],[],1,[],,,,0525CaynQudatHamadani,"[""https://kitab-corpus-metadata.azurewebsites.net/""]"
openiti_person_0525IbnAhmadIbnHattabRazi,ابن الحطاب أبو عبد الله الرازي، محمد بن أحمد بن إبراهيم (المتوفى: 525هـ),Ibn Ahmad Ibn Hattab Razi,,,,,525,,,OpenITI date code 0525,,"[""author""]",[],[],[],2,[],,,,0525IbnAhmadIbnHattabRazi,"[""https://kitab-corpus-metadata.azurewebsites.net/""]"
openiti_person_0525IbnCaliTabari,محمد بن علي الطبري,Ibn Cali Tabari,,,,,525,,,OpenITI date code 0525,,"[""author""]",[],[],[],1,[],,,,0525IbnCaliTabari,"[""https://kitab-corpus-metadata.azurewebsites.net/""]"
openiti_person_0525Sanai,حكيم أبو المجد مجدود بن آدل سنائي غزنوي,Sanai,,,Ḥakīm Abū al-Maǧd Maǧdūd b. Ādal Sanāʾī Ġaznawī,,525,,,OpenITI date code 0525,,"[""author""]",[],[],[],3,[],,,,0525Sanai,"[""https://kitab-corpus-metadata.azurewebsites.net/""]"
openiti_person_0526IbnAbiYacla,ابن أبي يعلى,Ibn Abi Yacla,,,Ibn Abī Yaʿlá,,526,,,OpenITI date code 0526,,"[""author""]",[],[],[],3,[],,,,0526IbnAbiYacla,"[""https://kitab-corpus-metadata.azurewebsites.net/""]"
openiti_person_0527AbuGhalibIbnBanna,أبو غالب أحمد بن الحسن بن أحمد البناء المقرئ,Abu Ghalib Ibn Banna,,,,,527,,,OpenITI date code 0527,,"[""author""]",[],[],[],1,[],,,,0527AbuGhalibIbnBanna,"[""https://kitab-corpus-metadata.azurewebsites.net/""]"
openiti_person_0527IbnHamdis,عبد الجبار بن حمديس,Ibn Hamdis,,,,,527,,,OpenITI date code 0527,,"[""author""]",[],[],[],1,[],,,,0527IbnHamdis,"[""https://kitab-corpus-metadata.azurewebsites.net/""]"
openiti_person_0527IbnMuhammadIsbahaniYunarati,أبو نصر الحسن بن محمد بن إبراهيم بن أحمد بن علي اليونارتي، الأصبهاني (المتوفى: 527هـ),Ibn Muhammad Isbahani Yunarati,,,,,527,,,OpenITI date code 0527,,"[""author""]",[],[],[],1,[],,,,0527IbnMuhammadIsbahaniYunarati,"[""https://kitab-corpus-metadata.azurewebsites.net/""]"
openiti_person_0528HakamIbnAbiSalt,أمية بن عبد العزيز الأندلسي أبو الصلت (1068 1134م),Hakam Ibn Abi Salt,,,,,528,,,OpenITI date code 0528,,"[""author""]",[],[],[],1,[],,,,0528HakamIbnAbiSalt,"[""https://kitab-corpus-metadata.azurewebsites.net/""]"
openiti_person_0528IbnMuhammadIbnHaqanIshbili,ابن خاقان,Ibn Muhammad Ibn Haqan Ishbili,,,,,528,,,OpenITI date code 0528,,"[""author""]",[],[],[],1,[],,,,0528IbnMuhammadIbnHaqanIshbili,"[""https://kitab-corpus-metadata.azurewebsites.net/""]"
openiti_person_0528IbnZaqqaqBalansi,ابن الزقاق البلنسي,Ibn Zaqqaq Balansi,,,,,528,,,OpenITI date code 0528,,"[""author""]",[],[],[],1,[],,,,0528IbnZaqqaqBalansi,"[""https://kitab-corpus-metadata.azurewebsites.net/""]"
openiti_person_0529CabdGhafirFarisi,عبد الغافر بن إسماعيل بن عبد الغافر ابن محمد الفارسي (المتوفى: 529هـ),Cabd Ghafir Farisi,,,,,529,,,OpenITI date code 0529,,"[""author""]",[],[],[],1,[],,,,0529CabdGhafirFarisi,"[""https://kitab-corpus-metadata.azurewebsites.net/""]"
openiti_person_0529FathIbnKhaqan,الفتح بن خاقان بن أحمد بن غرطوج، أبو محمد (المتوفى: 247هـ),Fath Ibn Khaqan,,,,,529,,,OpenITI date code 0529,,"[""author""]",[],[],[],1,[],,,,0529FathIbnKhaqan,"[""https://kitab-corpus-metadata.azurewebsites.net/""]"
openiti_person_0530FurawiSacidi,أبو عبد الله محمد بن الفضل بن أحمد الصاعدي الفراوي,Furawi Sacidi,,,,,530,,,OpenITI date code 0530,,"[""author""]",[],[],[],2,[],,,,0530FurawiSacidi,"[""https://kitab-corpus-metadata.azurewebsites.net/""]"
openiti_person_0530IbnBalkhi,ابن البلخي,Ibn Balkhi,,,Ibn al-Balḫī,,530,,,OpenITI date code 0530,,"[""author""]",[],[],[],1,[],,,,0530IbnBalkhi,"[""https://kitab-corpus-metadata.azurewebsites.net/""]"
openiti_person_0531JamalDinAbuRawh,,Jamal Din Abu Rawh,,,,,531,,,OpenITI date code 0531,,"[""author""]",[],[],[],1,[],,,,0531JamalDinAbuRawh,"[""https://kitab-corpus-metadata.azurewebsites.net/""]"
openiti_person_0532IbnCabadaDani,أبو العباس أحمد بن طاهر الداني الأندلسي (المتوفى: 532 ه),Ibn Cabada Dani,,,,,532,,,OpenITI date code 0532,,"[""author""]",[],[],[],1,[],,,,0532IbnCabadaDani,"[""https://kitab-corpus-metadata.azurewebsites.net/""]"
openiti_person_0532IbnCumarGhaziIsbahani,أبو نصر أحمد بن عمر بن محمد بن عبد الله بن محمد الأصبهاني، الغازي (المتوفى: 532هـ),Ibn Cumar Ghazi Isbahani,,,,,532,,,OpenITI date code 0532,,"[""author""]",[],[],[],1,[],,,,0532IbnCumarGhaziIsbahani,"[""https://kitab-corpus-metadata.azurewebsites.net/""]"
openiti_person_0533IbnBajja,محمد بن يحيى بن باجه، وقد يعرف بابن الصائغ، أبو بكر التجيبى الأندلسي السرقسطى (المتوفى: 533هـ),Ibn Bajja,,,,,533,,,OpenITI date code 0533,,"[""author""]",[],[],[],1,[],,,,0533IbnBajja,"[""https://kitab-corpus-metadata.azurewebsites.net/""]"
openiti_person_0533IbnKhafajaShacir,ابن خفاجة,Ibn Khafaja Shacir,,,,,533,,,OpenITI date code 0533,,"[""author""]",[],[],[],1,[],,,,0533IbnKhafajaShacir,"[""https://kitab-corpus-metadata.azurewebsites.net/""]"
openiti_person_0533IbnTahirAbuQasimShahhami,زاهر بن طاهر الشحامي,Ibn Tahir Abu Qasim Shahhami,,,Zāhir b. Ṭāhir al-Šaḥḥāmī,,533,,,OpenITI date code 0533,,"[""author""]",[],[],[],5,[],,,,0533IbnTahirAbuQasimShahhami,"[""https://kitab-corpus-metadata.azurewebsites.net/""]"
openiti_person_0533Kharaqi,الخرقي,Kharaqi,,,al-Ḫaraqī,,533,,,OpenITI date code 0533,,"[""author""]",[],[],[],1,[],,,,0533Kharaqi,"[""https://kitab-corpus-metadata.azurewebsites.net/""]"
openiti_person_0535QadiMaristan,قاضي المارستان,Qadi Maristan,,,Qāḍī al-Māristān,,535,,,OpenITI date code 0535,,"[""author""]",[],[],[],1,[],,,,0535QadiMaristan,"[""https://kitab-corpus-metadata.azurewebsites.net/""]"
openiti_person_0535QawwamSunna,قوام السنة,Qawwam Sunna,,,Qawwām al-Sunnaŧ,,535,,,OpenITI date code 0535,,"[""author""]",[],[],[],9,[],,,,0535QawwamSunna,"[""https://kitab-corpus-metadata.azurewebsites.net/""]"
openiti_person_0535YehudaHalevi,يهوذا اللاوي,Yehuda Halevi,,,Yahūḏā al-Lāwī,,535,,,OpenITI date code 0535,,"[""author""]",[],[],[],1,[],,,,0535YehudaHalevi,"[""https://kitab-corpus-metadata.azurewebsites.net/""]"
openiti_person_0536AbuTahirTanukhi,أبو الطاهر إبراهيم بن عبد الصمد بن بشير التنوخي المهدوي (المتوفى: بعد 536هـ),Abu Tahir Tanukhi,,,,,536,,,OpenITI date code 0536,,"[""author""]",[],[],[],1,[],,,,0536AbuTahirTanukhi,"[""https://kitab-corpus-metadata.azurewebsites.net/""]"
openiti_person_0536IbnAhmadAbuQasimSamarqandi,أبو القاسم السمرقندي,Ibn Ahmad Abu Qasim Samarqandi,,,Abū al-Qāsim al-Samarqandī,,536,,,OpenITI date code 0536,,"[""author""]",[],[],[],4,[],,,,0536IbnAhmadAbuQasimSamarqandi,"[""https://kitab-corpus-metadata.azurewebsites.net/""]"
openiti_person_0536IbnCaliMazariTamimi,المازري,Ibn Cali Mazari Tamimi,,,,,536,,,OpenITI date code 0536,,"[""author""]",[],[],[],3,[],,,,0536IbnCaliMazariTamimi,"[""https://kitab-corpus-metadata.azurewebsites.net/""]"
openiti_person_0536IbnCarif,ابن العريف,Ibn Carif,,,Ibn al-ʿArīf,,536,,,OpenITI date code 0536,,"[""author""]",[],[],[],1,[],,,,0536IbnCarif,"[""https://kitab-corpus-metadata.azurewebsites.net/""]"
openiti_person_0536SadrShahid,برهان الأئمة حسام الدين عمر بن عبد العزيز بن مازة البخاري المعروف بالصدر الشهيد (المتوفى شهيدا: سنة 536 ه),Sadr Shahid,,,,,536,,,OpenITI date code 0536,,"[""author""]",[],[],[],1,[],,,,0536SadrShahid,"[""https://kitab-corpus-metadata.azurewebsites.net/""]"
openiti_person_0536ZhandaPil,žند پيل,Zhanda Pil,,,Žanda Pīl,,536,,,OpenITI date code 0536,,"[""author""]",[],[],[],1,[],,,,0536ZhandaPil,"[""https://kitab-corpus-metadata.azurewebsites.net/""]"
openiti_person_0537AbuHafsNasafi,,Abu Hafs Nasafi,,,,,537,,,OpenITI date code 0537,,"[""author""]",[],[],[],1,[],,,,0537AbuHafsNasafi,"[""https://kitab-corpus-metadata.azurewebsites.net/""]"
openiti_person_0537IbnMuhammadTabasi,عبد الرزاق بن محمد بن أبي نصر أحمد بن محمد بن عيسى بن عمار أبو المحاسن الطبسي (المتوفى: 537هـ),Ibn Muhammad Tabasi,,,,,537,,,OpenITI date code 0537,,"[""author""]",[],[],[],1,[],,,,0537IbnMuhammadTabasi,"[""https://kitab-corpus-metadata.azurewebsites.net/""]"
openiti_person_0537NajmDinAbuHafsNasafi,نجم الدين عمر بن محمد بن أحمد النسفي (537 ه),Najm Din Abu Hafs Nasafi,,,,,537,,,OpenITI date code 0537,,"[""author""]",[],[],[],3,[],,,,0537NajmDinAbuHafsNasafi,"[""https://kitab-corpus-metadata.azurewebsites.net/""]"
openiti_person_0538IbnQasimShafici,أبو بكر محمد بن القاسم بن المظفر بن علي الشافعي,Ibn Qasim Shafici,,,,,538,,,OpenITI date code 0538,,"[""author""]",[],[],[],1,[],,,,0538IbnQasimShafici,"[""https://kitab-corpus-metadata.azurewebsites.net/""]"
openiti_person_0538JarAllahZamakhshari,جار الله الزمخشري,Jar Allah Zamakhshari,,,Jār Allāh al-Zamaḫšarī,,538,,,OpenITI date code 0538,,"[""author""]",[],[],[],13,[],,,,0538JarAllahZamakhshari,"[""https://kitab-corpus-metadata.azurewebsites.net/""]"
openiti_person_0540AbuMansurJawaliqi,موهوب بن أحمد بن محمد بن الخضر,Abu Mansur Jawaliqi,,,,,540,,,OpenITI date code 0540,,"[""author""]",[],[],[],3,[],,,,0540AbuMansurJawaliqi,"[""https://kitab-corpus-metadata.azurewebsites.net/""]"
openiti_person_0540IbnAhmadAbuSacdIsbahani,أبو سعد أحمد بن محمد بن أحمد بن الحسن بن علي بن أحمد بن سليمان االبغدادي الأصل، الأصبهاني (المتوفى: 540هـ),Ibn Ahmad Abu Sacd Isbahani,,,,,540,,,OpenITI date code 0540,,"[""author""]",[],[],[],2,[],,,,0540IbnAhmadAbuSacdIsbahani,"[""https://kitab-corpus-metadata.azurewebsites.net/""]"
openiti_person_0540IbnAhmadCalaDinSamarqandi,السمرقندي، علاء الدين,Ibn Ahmad Cala Din Samarqandi,,,,,540,,,OpenITI date code 0540,,"[""author""]",[],[],[],2,[],,,,0540IbnAhmadCalaDinSamarqandi,"[""https://kitab-corpus-metadata.azurewebsites.net/""]"
openiti_person_0540IbnBadhish,أحمد بن علي بن أحمد بن خلف الأنصاري الغرناطي، أبو جعفر، المعروف بابن الباذش (المتوفى: 540هـ),Ibn Badhish,,,,,540,,,OpenITI date code 0540,,"[""author""]",[],[],[],1,[],,,,0540IbnBadhish,"[""https://kitab-corpus-metadata.azurewebsites.net/""]"
openiti_person_0540IbnSahlan,ابن سهلان,Ibn Sahlan,,,,,540,,,OpenITI date code 0540,,"[""author""]",[],[],[],1,[],,,,0540IbnSahlan,"[""https://kitab-corpus-metadata.azurewebsites.net/""]"
openiti_person_0541IbnAhmadShaykhShuyukhSufi,إسماعيل بن أحمد بن محمد أبو البركات بن أبي سعد الصوفي المعروف بشيخ الشيوخ (المتوفى: 541هـ),Ibn Ahmad Shaykh Shuyukh Sufi,,,,,541,,,OpenITI date code 0541,,"[""author""]",[],[],[],1,[],,,,0541IbnAhmadShaykhShuyukhSufi,"[""https://kitab-corpus-metadata.azurewebsites.net/""]"
openiti_person_0541IbnCatiyyaAndalusi,أبو محمد عبد الحق بن غالب بن عبد الرحمن بن تمام بن عطية الأندلسي المحاربي (المتوفى: 542هـ),Ibn Catiyya Andalusi,,,,,541,,,OpenITI date code 0541,,"[""author""]",[],[],[],2,[],,,,0541IbnCatiyyaAndalusi,"[""https://kitab-corpus-metadata.azurewebsites.net/""]"
openiti_person_0542IbnBassamShantarini,أبو الحسن علي بن بسام الشنتريني,Ibn Bassam Shantarini,,,,,542,,,OpenITI date code 0542,,"[""author""]",[],[],[],1,[],,,,0542IbnBassamShantarini,"[""https://kitab-corpus-metadata.azurewebsites.net/""]"
openiti_person_0542IbnCaliDiyaDinIbnShajari,ابن الشجري,Ibn Cali Diya Din Ibn Shajari,,,,,542,,,OpenITI date code 0542,,"[""author""]",[],[],[],3,[],,,,0542IbnCaliDiyaDinIbnShajari,"[""https://kitab-corpus-metadata.azurewebsites.net/""]"
openiti_person_0542IbnCaliIbnJullabiWasiti,القاضي، أبو عبد الله محمد بن علي بن محمد بن محمد بن الطيب بن الجلابي - بالضم - الواسطي، المالكي، المغازلي، المعدل، الشروطي (المتوفى: 542هـ),Ibn Cali Ibn Jullabi Wasiti,,,,,542,,,OpenITI date code 0542,,"[""author""]",[],[],[],1,[],,,,0542IbnCaliIbnJullabiWasiti,"[""https://kitab-corpus-metadata.azurewebsites.net/""]"
openiti_person_0542IbnMunjibTajRiyasaIbnSayrafi,ابن منجب تاج الرياسة ابن الصيرفي,Ibn Munjib Taj Riyasa Ibn Sayrafi,,,Ibn Munjib Tāj al-Riyāsaŧ Ibn al-Ṣayrafī,,542,,,OpenITI date code 0542,,"[""author""]",[],[],[],3,[],,,,0542IbnMunjibTajRiyasaIbnSayrafi,"[""https://kitab-corpus-metadata.azurewebsites.net/""]"
openiti_person_0543IbnCarabiIshbili,ابن العربي,Ibn Carabi Ishbili,,,,,543,,,OpenITI date code 0543,,"[""author""]",[],[],[],8,[],,,,0543IbnCarabiIshbili,"[""https://kitab-corpus-metadata.azurewebsites.net/""]"
openiti_person_0543IbnHusaynBaquliIsbahani,عبد الرحمن بن ناصر بن عبد الله السعدي (المتوفى : 1376هـ),Ibn Husayn Baquli Isbahani,,,,,543,,,OpenITI date code 0543,,"[""author""]",[],[],[],1,[],,,,0543IbnHusaynBaquliIsbahani,"[""https://kitab-corpus-metadata.azurewebsites.net/""]"
openiti_person_0543IbnIbrahimHamadhaniJurqani,الحسين بن إبراهيم بن الحسين بن جعفر، أبو عبد الله الهمذاني الجورقاني (المتوفى: 543هـ),Ibn Ibrahim Hamadhani Jurqani,,,,,543,,,OpenITI date code 0543,,"[""author""]",[],[],[],1,[],,,,0543IbnIbrahimHamadhaniJurqani,"[""https://kitab-corpus-metadata.azurewebsites.net/""]"
openiti_person_0544IbnAmin,ابن الأمين,Ibn Amin,,,Ibn al-Amīn,,544,,,OpenITI date code 0544,,"[""author""]",[],[],[],1,[],,,,0544IbnAmin,"[""https://kitab-corpus-metadata.azurewebsites.net/""]"
openiti_person_0544MuhammadNumayri,محمد بن عبد الرحمن بن علي النميري (544 ه),Muhammad Numayri,,,,,544,,,OpenITI date code 0544,,"[""author""]",[],[],[],1,[],,,,0544MuhammadNumayri,"[""https://kitab-corpus-metadata.azurewebsites.net/""]"
openiti_person_0544QadiCiyad,القاضي عياض,Qadi Ciyad,,,al-Qāḍī ʿIyāḍ,,544,,,OpenITI date code 0544,,"[""author""]",[],[],[],7,[],,,,0544QadiCiyad,"[""https://kitab-corpus-metadata.azurewebsites.net/""]"
openiti_person_0548IbnHasanTabarsi,الشيخ الطبرسي,Ibn Hasan Tabarsi,,,,,548,,,OpenITI date code 0548,,"[""author""]",[],[],[],6,[],,,,0548IbnHasanTabarsi,"[""https://kitab-corpus-metadata.azurewebsites.net/""]"
openiti_person_0548IbnQaysaraniShacir,ابن القيسراني,Ibn Qaysarani Shacir,,,,,548,,,OpenITI date code 0548,,"[""author""]",[],[],[],1,[],,,,0548IbnQaysaraniShacir,"[""https://kitab-corpus-metadata.azurewebsites.net/""]"
openiti_person_0548IbnYahyaAbuSacdNaysaburi,محمد بن يحيى بن منصور، أبو سعد، محيي الدين النيسابورى (المتوفى: 548هـ),Ibn Yahya Abu Sacd Naysaburi,,,,,548,,,OpenITI date code 0548,,"[""author""]",[],[],[],1,[],,,,0548IbnYahyaAbuSacdNaysaburi,"[""https://kitab-corpus-metadata.azurewebsites.net/""]"
openiti_person_0548Shahrastani,الشهرستاني,Shahrastani,,,al-Šahrastānī,,548,,,OpenITI date code 0548,,"[""author""]",[],[],[],3,[],,,,0548Shahrastani,"[""https://kitab-corpus-metadata.azurewebsites.net/""]"
openiti_person_0549CabdKhaliqShahhami,عبد الخالق بن زاهر بن طاهر الشحامي,Cabd Khaliq Shahhami,,,,,549,,,OpenITI date code 0549,,"[""author""]",[],[],[],1,[],,,,0549CabdKhaliqShahhami,"[""https://kitab-corpus-metadata.azurewebsites.net/""]"
openiti_person_0550AbuCabdAllahZuhri,أبو عبد الله الزهري,Abu Cabd Allah Zuhri,,,Abū ʿAbd Allāh al-Zuhrī,,550,,,OpenITI date code 0550,,"[""author""]",[],[],[],1,[],,,,0550AbuCabdAllahZuhri,"[""https://kitab-corpus-metadata.azurewebsites.net/""]"
openiti_person_0550AbuHajjajAshcari,أحمد بن محمد بن إبراهيم، شهاب الدين أبو الحجاج الأشعري الشافعي (المتوفى: 600هـ),Abu Hajjaj Ashcari,,,,,550,,,OpenITI date code 0550,,"[""author""]",[],[],[],1,[],,,,0550AbuHajjajAshcari,"[""https://kitab-corpus-metadata.azurewebsites.net/""]"
openiti_person_0550AbuMacaliGhaznawi,,Abu Macali Ghaznawi,,,,,550,,,OpenITI date code 0550,,"[""author""]",[],[],[],1,[],,,,0550AbuMacaliGhaznawi,"[""https://kitab-corpus-metadata.azurewebsites.net/""]"
openiti_person_0550AbuSacidCalai,,Abu Sacid Calai,,,,,550,,,OpenITI date code 0550,,"[""author""]",[],[],[],1,[],,,,0550AbuSacidCalai,"[""https://kitab-corpus-metadata.azurewebsites.net/""]"
openiti_person_0550AbuTahirTartusi,أبو طاهر الطرطوسي,Abu Tahir Tartusi,,,Abū Ṭāhir al-Ṭarṭūsī,,550,,,OpenITI date code 0550,,"[""author""]",[],[],[],1,[],,,,0550AbuTahirTartusi,"[""https://kitab-corpus-metadata.azurewebsites.net/""]"
openiti_person_0550Anonymous,,Anonymous,,,,,550,,,OpenITI date code 0550,,"[""author""]",[],[],[],2,[],,,,0550Anonymous,"[""https://kitab-corpus-metadata.azurewebsites.net/""]"
openiti_person_0550AnonymousCompiler,أنoنيمoس coمپلeر,Anonymous Compiler,,,Anonymous Compiler,,550,,,OpenITI date code 0550,,"[""author""]",[],[],[],1,[],,,,0550AnonymousCompiler,"[""https://kitab-corpus-metadata.azurewebsites.net/""]"
openiti_person_0550IbnBahramHarami,ابن بهرام الحرمي,Ibn Bahram Harami,,,Ibn Bahrām al-Ḥaramī,,550,,,OpenITI date code 0550,,"[""author""]",[],[],[],1,[],,,,0550IbnBahramHarami,"[""https://kitab-corpus-metadata.azurewebsites.net/""]"
openiti_person_0550IbnCamrSamani,ابن عمرو الساماني,Ibn Camr Samani,,,Ibn ʿAmrů al-Sāmānī,,550,,,OpenITI date code 0550,,"[""author""]",[],[],[],2,[],,,,0550IbnCamrSamani,"[""https://kitab-corpus-metadata.azurewebsites.net/""]"
openiti_person_0550IbnIbrahimAzdiSalmasi,أبو زكريا يحيى بن إبراهيم بن أحمد بن محمد أبو بكر بن أبي طاهر الأزدي السلماسي (المتوفى: 550هـ),Ibn Ibrahim Azdi Salmasi,,,,,550,,,OpenITI date code 0550,,"[""author""]",[],[],[],1,[],,,,0550IbnIbrahimAzdiSalmasi,"[""https://kitab-corpus-metadata.azurewebsites.net/""]"
openiti_person_0550IbnNasirAbuFadlSallami,محمد بن ناصر بن محمد بن علي، أبو الفضل السلامي (المتوفى: 550هـ),Ibn Nasir Abu Fadl Sallami,,,,,550,,,OpenITI date code 0550,,"[""author""]",[],[],[],1,[],,,,0550IbnNasirAbuFadlSallami,"[""https://kitab-corpus-metadata.azurewebsites.net/""]"
openiti_person_0550KatibArjani,,Katib Arjani,,,,,550,,,OpenITI date code 0550,,"[""author""]",[],[],[],1,[],,,,0550KatibArjani,"[""https://kitab-corpus-metadata.azurewebsites.net/""]"
openiti_person_0550NizamiCarudi,,Nizami Carudi,,,,,550,,,OpenITI date code 0550,,"[""author""]",[],[],[],1,[],,,,0550NizamiCarudi,"[""https://kitab-corpus-metadata.azurewebsites.net/""]"
openiti_person_0550SaqatiMaliqi,السقطي المالقي,Saqati Maliqi,,,,,550,,,OpenITI date code 0550,,"[""author""]",[],[],[],1,[],,,,0550SaqatiMaliqi,"[""https://kitab-corpus-metadata.azurewebsites.net/""]"
openiti_person_0550Wisyani,الوسياني,Wisyani,,,al-Wisyānī,,550,,,OpenITI date code 0550,,"[""author""]",[],[],[],1,[],,,,0550Wisyani,"[""https://kitab-corpus-metadata.azurewebsites.net/""]"
openiti_person_0552CalaUsmandi,العَلَاءَ الأُسْمَنْدي,Cala Usmandi,,,,,552,,,OpenITI date code 0552,,"[""author""]",[],[],[],2,[],,,,0552CalaUsmandi,"[""https://kitab-corpus-metadata.azurewebsites.net/""]"
openiti_person_0553BayanHaqqNaysaburi,بيان الحقق النيسابوري,Bayan Haqq Naysaburi,,,Bayān al-Ḥaqq al-Naysābūrī,,553,,,OpenITI date code 0553,,"[""author""]",[],[],[],2,[],,,,0553BayanHaqqNaysaburi,"[""https://kitab-corpus-metadata.azurewebsites.net/""]"
openiti_person_0555IbnMuhammadHamadhaniTai,محمد بن محمد بن علي، أبو الفتوح الطائي الهمذاني (المتوفى: 555هـ),Ibn Muhammad Hamadhani Tai,,,,,555,,,OpenITI date code 0555,,"[""author""]",[],[],[],1,[],,,,0555IbnMuhammadHamadhaniTai,"[""https://kitab-corpus-metadata.azurewebsites.net/""]"
openiti_person_0555IbnQalanisi,ابن القلانسي,Ibn Qalanisi,,,Ibn al-Qalānisī,,555,,,OpenITI date code 0555,,"[""author""]",[],[],[],1,[],,,,0555IbnQalanisi,"[""https://kitab-corpus-metadata.azurewebsites.net/""]"
openiti_person_0557IbnCabdAllahKindi,ابن عبد الله الكندي,Ibn Cabd Allah Kindi,,,Ibn ʿAbd Allāh al-Kindī,,557,,,OpenITI date code 0557,,"[""author""]",[],[],[],1,[],,,,0557IbnCabdAllahKindi,"[""https://kitab-corpus-metadata.azurewebsites.net/""]"
openiti_person_0557IbnZuhr,عبد الملك بن أبي العلاء ابن زهر,Ibn Zuhr,,,ʿAbd al-Malik b. Abī al-ʿAlāʾ Ibn Zuhr,,557,,,OpenITI date code 0557,,"[""author""]",[],[],[],1,[],,,,0557IbnZuhr,"[""https://kitab-corpus-metadata.azurewebsites.net/""]"
openiti_person_0558IbnAbiKhayrCimraniYamani,أبو الحسين يحيى بن أبي الخير بن سالم العمراني اليمني الشافعي (المتوفى: 558هـ),Ibn Abi Khayr Cimrani Yamani,,,,,558,,,OpenITI date code 0558,,"[""author""]",[],[],[],2,[],,,,0558IbnAbiKhayrCimraniYamani,"[""https://kitab-corpus-metadata.azurewebsites.net/""]"
openiti_person_0559HamidiBalkhi,,Hamidi Balkhi,,,,,559,,,OpenITI date code 0559,,"[""author""]",[],[],[],1,[],,,,0559HamidiBalkhi,"[""https://kitab-corpus-metadata.azurewebsites.net/""]"
openiti_person_0560AbuMansurTabarsi,أبي منصور أحمد بن علي بن أبي طالب الطبرسي,Abu Mansur Tabarsi,,,,,560,,,OpenITI date code 0560,,"[""author""]",[],[],[],1,[],,,,0560AbuMansurTabarsi,"[""https://kitab-corpus-metadata.azurewebsites.net/""]"
openiti_person_0560IbnHamzaTusi,ابن حمزة الطوسي,Ibn Hamza Tusi,,,,,560,,,OpenITI date code 0560,,"[""author""]",[],[],[],2,[],,,,0560IbnHamzaTusi,"[""https://kitab-corpus-metadata.azurewebsites.net/""]"
openiti_person_0560SharifIdrisi,الشريف الادريسي,Sharif Idrisi,,,al-Šarīf al-Idrīsī,,560,,,OpenITI date code 0560,,"[""author""]",[],[],[],1,[],,,,0560SharifIdrisi,"[""https://kitab-corpus-metadata.azurewebsites.net/""]"
openiti_person_0560WazirIbnHubayraShaybani,يحيى بن (هبيرة بن) محمد بن هبيرة الذهلي الشيباني، أبو المظفر، عون الدين (المتوفى: 560ه),Wazir Ibn Hubayra Shaybani,,,,,560,,,OpenITI date code 0560,,"[""author""]",[],[],[],2,[],,,,0560WazirIbnHubayraShaybani,"[""https://kitab-corpus-metadata.azurewebsites.net/""]"
openiti_person_0561CabdQadirJilani,عبد القادر الجيلاني,Cabd Qadir Jilani,,,ʿAbd al-Qādir al-Jīlānī,,561,,,OpenITI date code 0561,,"[""author""]",[],[],[],7,[],,,,0561CabdQadirJilani,"[""https://kitab-corpus-metadata.azurewebsites.net/""]"
openiti_person_0561NasrIskandari,نصر بن عبد الرحمن الإسكندري,Nasr Iskandari,,,,,561,,,OpenITI date code 0561,,"[""author""]",[],[],[],1,[],,,,0561NasrIskandari,"[""https://kitab-corpus-metadata.azurewebsites.net/""]"
openiti_person_0562IbnHamdun,ابن حمدون محمد بن الحسن بن محمد بن علي,Ibn Hamdun,,,,,562,,,OpenITI date code 0562,,"[""author""]",[],[],[],1,[],,,,0562IbnHamdun,"[""https://kitab-corpus-metadata.azurewebsites.net/""]"
openiti_person_0562IbnHasanIsbahaniThaqafi,أبو الفرج مسعود بن الحسن الثقفي الأصبهاني (المتوفى: 562هـ),Ibn Hasan Isbahani Thaqafi,,,,,562,,,OpenITI date code 0562,,"[""author""]",[],[],[],2,[],,,,0562IbnHasanIsbahaniThaqafi,"[""https://kitab-corpus-metadata.azurewebsites.net/""]"
openiti_person_0562Samcani,السمعاني,Samcani,,,al-Samʿānī,,562,,,OpenITI date code 0562,,"[""author""]",[],[],[],5,[],,,,0562Samcani,"[""https://kitab-corpus-metadata.azurewebsites.net/""]"
openiti_person_0563AbuCalaKirmani,محمد بن أبي المحاسن محمود بن أبي الفتح محمد بن أبي شجاع أحمد الكرماني، أبو العلاء الحنفي (المتوفى: بعد 563هـ),Abu Cala Kirmani,,,,,563,,,OpenITI date code 0563,,"[""author""]",[],[],[],1,[],,,,0563AbuCalaKirmani,"[""https://kitab-corpus-metadata.azurewebsites.net/""]"
openiti_person_0563IbnCaliTamidhi,عبد الله بن علي الطامذي,Ibn Cali Tamidhi,,,,,563,,,OpenITI date code 0563,,"[""author""]",[],[],[],1,[],,,,0563IbnCaliTamidhi,"[""https://kitab-corpus-metadata.azurewebsites.net/""]"
openiti_person_0563IbnMuqarrabBaghdadiKarkhi,ابن المقرب البغدادي,Ibn Muqarrab Baghdadi Karkhi,,,Ibn al-Muqarrib al-Baġdādī,,563,,,OpenITI date code 0563,,"[""author""]",[],[],[],1,[],,,,0563IbnMuqarrabBaghdadiKarkhi,"[""https://kitab-corpus-metadata.azurewebsites.net/""]"
openiti_person_0563RashidAswani,أحمد بن الرشيد ابن الزبير,Rashid Aswani,,,Aḥmad b. al-Rašīd Ibn al-Zubayr,,563,,,OpenITI date code 0563,,"[""author""]",[],[],[],1,[],,,,0563RashidAswani,"[""https://kitab-corpus-metadata.azurewebsites.net/""]"
openiti_person_0564CabdKhaliqIbnAsadHanafi,عبد الخالق بن أسد بن ثابت، الفقيه أبو محمد الدمشقي الحنفي المحدث الأطرابلسي الأصل (المتوفى: 564ه),Cabd Khaliq Ibn Asad Hanafi,,,,,564,,,OpenITI date code 0564,,"[""author""]",[],[],[],1,[],,,,0564CabdKhaliqIbnAsadHanafi,"[""https://kitab-corpus-metadata.azurewebsites.net/""]"
openiti_person_0564IbnFakhir,معمر بن عبد الواحد بن رجاء بن عبد الواحد بن محمد بن الفاخر أبو أحمد القرشي العبشمي السمري الاصبهاني,Ibn Fakhir,,,,,564,,,OpenITI date code 0564,,"[""author""]",[],[],[],2,[],,,,0564IbnFakhir,"[""https://kitab-corpus-metadata.azurewebsites.net/""]"
openiti_person_0564IbnNasrIbnDajajiHanbali,سعد الله بن نصر بن سعيد الحنبلي المعروف بابن الدجاجي (المتوفى: 564هـ),Ibn Nasr Ibn Dajaji Hanbali,,,,,564,,,OpenITI date code 0564,,"[""author""]",[],[],[],1,[],,,,0564IbnNasrIbnDajajiHanbali,"[""https://kitab-corpus-metadata.azurewebsites.net/""]"
openiti_person_0565AbuHamidGharnati,أبو حامد الغرناطي,Abu Hamid Gharnati,,,Abū Ḥāmid al-Ġarnāṭī,,565,,,OpenITI date code 0565,,"[""author""]",[],[],[],1,[],,,,0565AbuHamidGharnati,"[""https://kitab-corpus-metadata.azurewebsites.net/""]"
openiti_person_0565IbnFunduqBayhaqi,ابن فندق,Ibn Funduq Bayhaqi,,,Ibn Funduq,,565,,,OpenITI date code 0565,,"[""author""]",[],[],[],2,[],,,,0565IbnFunduqBayhaqi,"[""https://kitab-corpus-metadata.azurewebsites.net/""]"
openiti_person_0565IbnMuhammadAbuBakrBaghdadi,أبو بكر عبد الله ابن الشيخ أبي منصور محمد ابن الشيخ الكبير أبي الحسين أحمد بن محمد بن عبد الله بن النقور البغدادي، البزاز (المتوفى: 565هـ),Ibn Muhammad Abu Bakr Baghdadi,,,,,565,,,OpenITI date code 0565,,"[""author""]",[],[],[],2,[],,,,0565IbnMuhammadAbuBakrBaghdadi,"[""https://kitab-corpus-metadata.azurewebsites.net/""]"
openiti_person_0565IbnZafar,ابن ظفر,Ibn Zafar,,,Ibn Ẓafar,,565,,,OpenITI date code 0565,,"[""author""]",[],[],[],2,[],,,,0565IbnZafar,"[""https://kitab-corpus-metadata.azurewebsites.net/""]"
openiti_person_0566AbuMascudHajji,عبد الرحيم بن علي بن أحمد الأصبهاني، أبو مسعود الحاجي ابن أبي الوفاء (المتوفى: 566هـ),Abu Mascud Hajji,,,,,566,,,OpenITI date code 0566,,"[""author""]",[],[],[],1,[],,,,0566AbuMascudHajji,"[""https://kitab-corpus-metadata.azurewebsites.net/""]"
openiti_person_0566MutawakkilAhmad,المتوكل أحمد,Mutawakkil Ahmad,,,al-Mutawakkil Aḥmad,,566,,,OpenITI date code 0566,,"[""author""]",[],[],[],2,[],,,,0566MutawakkilAhmad,"[""https://kitab-corpus-metadata.azurewebsites.net/""]"
openiti_person_0567CarqalaKalbi,عرقلة الكلبي,Carqala Kalbi,,,,,567,,,OpenITI date code 0567,,"[""author""]",[],[],[],1,[],,,,0567CarqalaKalbi,"[""https://kitab-corpus-metadata.azurewebsites.net/""]"
openiti_person_0567IbnKhashshabBaghdadi,عبد الله بن أحمد ابن الخشاب,Ibn Khashshab Baghdadi,,,ʿAbd Allāh b. Aḥmad Ibn al-Ḫaššāb,,567,,,OpenITI date code 0567,,"[""author""]",[],[],[],3,[],,,,0567IbnKhashshabBaghdadi,"[""https://kitab-corpus-metadata.azurewebsites.net/""]"
openiti_person_0568MuwaffaqKhwarazmi,الموفق الخوارزمي,Muwaffaq Khwarazmi,,,,,568,,,OpenITI date code 0568,,"[""author""]",[],[],[],2,[],,,,0568MuwaffaqKhwarazmi,"[""https://kitab-corpus-metadata.azurewebsites.net/""]"
openiti_person_0568SacdIbnCaliDallalKutub,,Sacd Ibn Cali Dallal Kutub,,,,,568,,,OpenITI date code 0568,,"[""author""]",[],[],[],1,[],,,,0568SacdIbnCaliDallalKutub,"[""https://kitab-corpus-metadata.azurewebsites.net/""]"
openiti_person_0569AbuIshaqIbnQurqul,إبراهيم بن يوسف بن أدهم الوهراني الحمزي، أبو إسحاق ابن قرقول (المتوفى: 569ه),Abu Ishaq Ibn Qurqul,,,,,569,,,OpenITI date code 0569,,"[""author""]",[],[],[],1,[],,,,0569AbuIshaqIbnQurqul,"[""https://kitab-corpus-metadata.azurewebsites.net/""]"
openiti_person_0569CumaraYamani,عمارة اليمني,Cumara Yamani,,,ʿUmāraŧ al-Yamanī,,569,,,OpenITI date code 0569,,"[""author""]",[],[],[],1,[],,,,0569CumaraYamani,"[""https://kitab-corpus-metadata.azurewebsites.net/""]"
openiti_person_0569IbnAhmadCattarHamadhani,أبو العلاء الهمذاني,Ibn Ahmad Cattar Hamadhani,,,,,569,,,OpenITI date code 0569,,"[""author""]",[],[],[],1,[],,,,0569IbnAhmadCattarHamadhani,"[""https://kitab-corpus-metadata.azurewebsites.net/""]"
openiti_person_0570AbuCammarCabdKafiIbadi,أبو عمار عبد الكافي الابا̣دي,Abu Cammar Cabd Kafi Ibadi,,,Abū ʿAmmār ʿAbd al-Kāfī al-Ibạ̄dī,,570,,,OpenITI date code 0570,,"[""author""]",[],[],[],1,[],,,,0570AbuCammarCabdKafiIbadi,"[""https://kitab-corpus-metadata.azurewebsites.net/""]"
openiti_person_0570AbuYacqubWarjalani,أبو يعقوب الورجلاني,Abu Yacqub Warjalani,,,Abū Yaʿqūb al-Warjalānī,,570,,,OpenITI date code 0570,,"[""author""]",[],[],[],3,[],,,,0570AbuYacqubWarjalani,"[""https://kitab-corpus-metadata.azurewebsites.net/""]"
openiti_person_0570IbnMuhammadKarabisiNaysaburi,الكرابيسي,Ibn Muhammad Karabisi Naysaburi,,,,,570,,,OpenITI date code 0570,,"[""author""]",[],[],[],1,[],,,,0570IbnMuhammadKarabisiNaysaburi,"[""https://kitab-corpus-metadata.azurewebsites.net/""]"
openiti_person_0570IbnYahyaSamawalMaghribi,السموأل بن يحيى بن عباس المغربي (المتوفى: نحو 570هـ),Ibn Yahya Samawal Maghribi,,,,,570,,,OpenITI date code 0570,,"[""author""]",[],[],[],2,[],,,,0570IbnYahyaSamawalMaghribi,"[""https://kitab-corpus-metadata.azurewebsites.net/""]"
openiti_person_0571IbnCaliDiyaDinRawandi,فضل الله الراوندي,Ibn Cali Diya Din Rawandi,,,,,571,,,OpenITI date code 0571,,"[""author""]",[],[],[],1,[],,,,0571IbnCaliDiyaDinRawandi,"[""https://kitab-corpus-metadata.azurewebsites.net/""]"
openiti_person_0571IbnCasakir,ابن عساكر,Ibn Casakir,,,Ibn ʿAsākir,,571,,,OpenITI date code 0571,,"[""author""]",[],[],[],30,[],,,,0571IbnCasakir,"[""https://kitab-corpus-metadata.azurewebsites.net/""]"
openiti_person_0571IbnIbrahimIbnSacdKhayrAnsari,ابن سعد الخير,Ibn Ibrahim Ibn Sacd Khayr Ansari,,,,,571,,,OpenITI date code 0571,,"[""author""]",[],[],[],1,[],,,,0571IbnIbrahimIbnSacdKhayrAnsari,"[""https://kitab-corpus-metadata.azurewebsites.net/""]"
openiti_person_0572CuthmaniDibaji,أبو محمد عبد الله بن عبد الرحمن بن يحيى بن إسماعيل بن علي بن محمد بن إسماعيل بن الوليد بن عمرو بن محمد بن خالد ابن الديباج محمد بن عبد الله بن عمرو ابن الشهيد عثمان بن عفان الأموي، العثماني، الديباجي، الإسكندراني (المتوفى: 572ه),Cuthmani Dibaji,,,,,572,,,OpenITI date code 0572,,"[""author""]",[],[],[],1,[],,,,0572CuthmaniDibaji,"[""https://kitab-corpus-metadata.azurewebsites.net/""]"
openiti_person_0572RusafiBalansi,الرصافي البلنسي,Rusafi Balansi,,,,,572,,,OpenITI date code 0572,,"[""author""]",[],[],[],1,[],,,,0572RusafiBalansi,"[""https://kitab-corpus-metadata.azurewebsites.net/""]"
openiti_person_0573IbnHibatAllahQutbDinRawandi,قطب الدين الراوندي,Ibn Hibat Allah Qutb Din Rawandi,,,,,573,,,OpenITI date code 0573,,"[""author""]",[],[],[],5,[],,,,0573IbnHibatAllahQutbDinRawandi,"[""https://kitab-corpus-metadata.azurewebsites.net/""]"
openiti_person_0573NashwanHimyari,نشوان الحميري,Nashwan Himyari,,,Našwān al-Ḥimyarī,,573,,,OpenITI date code 0573,,"[""author""]",[],[],[],3,[],,,,0573NashwanHimyari,"[""https://kitab-corpus-metadata.azurewebsites.net/""]"
openiti_person_0573QadiJacfar,القاضي جعفر,Qadi Jacfar,,,al-Qāḍī Jaʿfar,,573,,,OpenITI date code 0573,,"[""author""]",[],[],[],1,[],,,,0573QadiJacfar,"[""https://kitab-corpus-metadata.azurewebsites.net/""]"
openiti_person_0573RashidDinWatwat,رشيد الدين الوطواط,Rashid Din Watwat,,,Rašīd al-Dīn al-Waṭwāṭ,,573,,,OpenITI date code 0573,,"[""author""]",[],[],[],2,[],,,,0573RashidDinWatwat,"[""https://kitab-corpus-metadata.azurewebsites.net/""]"
openiti_person_0573RashidWatwat,رشيد وطواط,Rashid Watwat,,,Rašīd Waṭwāṭ,,573,,,OpenITI date code 0573,,"[""author""]",[],[],[],1,[],,,,0573RashidWatwat,"[""https://kitab-corpus-metadata.azurewebsites.net/""]"
openiti_person_0574ShuhdaBintAhmad,شهدة بنت أحمد بن الفرج الدينيوري الأبري,Shuhda Bint Ahmad,,,,,574,,,OpenITI date code 0574,,"[""author""]",[],[],[],1,[],,,,0574ShuhdaBintAhmad,"[""https://kitab-corpus-metadata.azurewebsites.net/""]"
openiti_person_0575AbuHusaynIbnCabdKhaliq,أبو الحسين عبد الحق بن عبد الخالق بن أحمد بن عبد القادر بن محمد بن يوسف,Abu Husayn Ibn Cabd Khaliq,,,,,575,,,OpenITI date code 0575,,"[""author""]",[],[],[],1,[],,,,0575AbuHusaynIbnCabdKhaliq,"[""https://kitab-corpus-metadata.azurewebsites.net/""]"
openiti_person_0575AbuMacaliMonshi,أبو المعالي المنشي,Abu Macali Monshi,,,Abū al-Maʿālī al-Munšī,,575,,,OpenITI date code 0575,,"[""author""]",[],[],[],1,[],,,,0575AbuMacaliMonshi,"[""https://kitab-corpus-metadata.azurewebsites.net/""]"
openiti_person_0575Anonymous,مؤلف مجهول,Anonymous,,,Muʾallif majhūl,,575,,,OpenITI date code 0575,,"[""author""]",[],[],[],2,[],,,,0575Anonymous,"[""https://kitab-corpus-metadata.azurewebsites.net/""]"
openiti_person_0575IbnBabawayhMuntajabDin,منتجب الدين بن بابويه,Ibn Babawayh Muntajab Din,,,,,575,,,OpenITI date code 0575,,"[""author""]",[],[],[],2,[],,,,0575IbnBabawayhMuntajabDin,"[""https://kitab-corpus-metadata.azurewebsites.net/""]"
openiti_person_0575IbnKhayrIshbili,ابن خير الاشبيلي,Ibn Khayr Ishbili,,,Ibn Ḫayr al-Išbīlī,,575,,,OpenITI date code 0575,,"[""author""]",[],[],[],1,[],,,,0575IbnKhayrIshbili,"[""https://kitab-corpus-metadata.azurewebsites.net/""]"
openiti_person_0575IbnZufar,ابن زفر,Ibn Zufar,,,Ibn Zufar,,575,,,OpenITI date code 0575,,"[""author""]",[],[],[],1,[],,,,0575IbnZufar,"[""https://kitab-corpus-metadata.azurewebsites.net/""]"
openiti_person_0575NajjarQazwini,,Najjar Qazwini,,,,,575,,,OpenITI date code 0575,,"[""author""]",[],[],[],1,[],,,,0575NajjarQazwini,"[""https://kitab-corpus-metadata.azurewebsites.net/""]"
openiti_person_0576AbuTahirSilafi,أبو طاهر السلفي,Abu Tahir Silafi,,,Abū Ṭāhir al-Silafī,,576,,,OpenITI date code 0576,,"[""author""]",[],[],[],25,[],,,,0576AbuTahirSilafi,"[""https://kitab-corpus-metadata.azurewebsites.net/""]"
openiti_person_0576IbnCabdSalamQadi,ابن عبد السلام القاضي,Ibn Cabd Salam Qadi,,,Ibn ʿAbd al-Salām al-Qāḍī,,576,,,OpenITI date code 0576,,"[""author""]",[],[],[],1,[],,,,0576IbnCabdSalamQadi,"[""https://kitab-corpus-metadata.azurewebsites.net/""]"
openiti_person_0577AbuBarakatAnbari,ابن الأنباري,Abu Barakat Anbari,,,Ibn al-Anbārī,,577,,,OpenITI date code 0577,,"[""author""]",[],[],[],4,[],,,,0577AbuBarakatAnbari,"[""https://kitab-corpus-metadata.azurewebsites.net/""]"
openiti_person_0577IbnHammuyaCumar,ابن حموية عمر,Ibn Hammuya Cumar,,,Ibn Ḥammūyaŧ ʿUmar,,577,,,OpenITI date code 0577,,"[""author""]",[],[],[],1,[],,,,0577IbnHammuyaCumar,"[""https://kitab-corpus-metadata.azurewebsites.net/""]"
openiti_person_0577IbnHishamLakhmi,ابن هشام اللخمي (المتوفى: 577 ه),Ibn Hisham Lakhmi,,,,,577,,,OpenITI date code 0577,,"[""author""]",[],[],[],2,[],,,,0577IbnHishamLakhmi,"[""https://kitab-corpus-metadata.azurewebsites.net/""]"
openiti_person_0577IbnMutafannina,موفق الدين أبو عبد الله - توفي 579 سنة,Ibn Mutafannina,,,,,577,,,OpenITI date code 0577,,"[""author""]",[],[],[],1,[],,,,0577IbnMutafannina,"[""https://kitab-corpus-metadata.azurewebsites.net/""]"
openiti_person_0578AhmadRifaci,أحمد الرفاعي,Ahmad Rifaci,,,Aḥmad al-Rifāʿī,,578,,,OpenITI date code 0578,,"[""author""]",[],[],[],2,[],,,,0578AhmadRifaci,"[""https://kitab-corpus-metadata.azurewebsites.net/""]"
openiti_person_0578IbnBashkuwal,ابن بشكوال,Ibn Bashkuwal,,,Ibn Baškuwāl,,578,,,OpenITI date code 0578,,"[""author""]",[],[],[],8,[],,,,0578IbnBashkuwal,"[""https://kitab-corpus-metadata.azurewebsites.net/""]"
openiti_person_0579AbuFathKhiraqi,أبو الفتح الخرقي,Abu Fath Khiraqi,,,Abū al-Fatḥ al-Ḫiraqī,,579,,,OpenITI date code 0579,,"[""author""]",[],[],[],1,[],,,,0579AbuFathKhiraqi,"[""https://kitab-corpus-metadata.azurewebsites.net/""]"
openiti_person_0579AbuTalibKattani,أبو صالح المؤذن,Abu Talib Kattani,,,,,579,,,OpenITI date code 0579,,"[""author""]",[],[],[],1,[],,,,0579AbuTalibKattani,"[""https://kitab-corpus-metadata.azurewebsites.net/""]"
openiti_person_0580IbnCaliIbnAbiYacla,عبيد الله بن علي بن محمد بن محمد بن الحسين ابن الفراء، أبو القاسم بن أبي الفرج بن أبي خازم ابن القاضي أبي يعلى البغدادي، الحنبلي (المتوفى: 580هـ),Ibn Cali Ibn Abi Yacla,,,,,580,,,OpenITI date code 0580,,"[""author""]",[],[],[],1,[],,,,0580IbnCaliIbnAbiYacla,"[""https://kitab-corpus-metadata.azurewebsites.net/""]"
openiti_person_0580IbnCawwam,ابن العوام,Ibn Cawwam,,,Ibn al-ʿAwāmm,,580,,,OpenITI date code 0580,,"[""author""]",[],[],[],2,[],,,,0580IbnCawwam,"[""https://kitab-corpus-metadata.azurewebsites.net/""]"
openiti_person_0580IbnCimrani,ابن العمراني,Ibn Cimrani,,,Ibn al-ʿImrānī,,580,,,OpenITI date code 0580,,"[""author""]",[],[],[],1,[],,,,0580IbnCimrani,"[""https://kitab-corpus-metadata.azurewebsites.net/""]"
openiti_person_0580NurDinSabuni,نور الدين الصابوني,Nur Din Sabuni,,,Nūr al-Dīn al-Ṣābūnī,,580,,,OpenITI date code 0580,,"[""author""]",[],[],[],2,[],,,,0580NurDinSabuni,"[""https://kitab-corpus-metadata.azurewebsites.net/""]"
openiti_person_0581AbuMusaMadini,محمد بن عمر بن أحمد بن عمر بن محمد الأصبهاني المديني، أبو موسى (المتوفى: 581هـ),Abu Musa Madini,,,,,581,,,OpenITI date code 0581,,"[""author""]",[],[],[],11,[],,,,0581AbuMusaMadini,"[""https://kitab-corpus-metadata.azurewebsites.net/""]"
openiti_person_0581AbuQasimSuhayli,أبو القاسم السهيلي,Abu Qasim Suhayli,,,Abū al-Qāsim al-Suhaylī,,581,,,OpenITI date code 0581,,"[""author""]",[],[],[],4,[],,,,0581AbuQasimSuhayli,"[""https://kitab-corpus-metadata.azurewebsites.net/""]"
openiti_person_0581IbnKharratIshbili,أبو محمد عبد الحق الإشبيلي,Ibn Kharrat Ishbili,,,,,581,,,OpenITI date code 0581,,"[""author""]",[],[],[],5,[],,,,0581IbnKharratIshbili,"[""https://kitab-corpus-metadata.azurewebsites.net/""]"
openiti_person_0581IbnTufayl,محمد بن عبد الملك بن محمد بن محمد بن طفيل القيسي الأندلسي، أبو بكر (المتوفى: 581هـ),Ibn Tufayl,,,,,581,,,OpenITI date code 0581,,"[""author""]",[],[],[],1,[],,,,0581IbnTufayl,"[""https://kitab-corpus-metadata.azurewebsites.net/""]"
openiti_person_0582IbnBarri,ابن البري,Ibn Barri,,,Ibn al-Barrī,,582,,,OpenITI date code 0582,,"[""author""]",[],[],[],5,[],,,,0582IbnBarri,"[""https://kitab-corpus-metadata.azurewebsites.net/""]"
openiti_person_0583Anonymous,,Anonymous,,,,,583,,,OpenITI date code 0583,,"[""author""]",[],[],[],1,[],,,,0583Anonymous,"[""https://kitab-corpus-metadata.azurewebsites.net/""]"
openiti_person_0583SibtIbnTacawidhiShacir,سبط ابن التعاويذي,Sibt Ibn Tacawidhi Shacir,,,,,583,,,OpenITI date code 0583,,"[""author""]",[],[],[],1,[],,,,0583SibtIbnTacawidhiShacir,"[""https://kitab-corpus-metadata.azurewebsites.net/""]"
openiti_person_0584HasanRassas,الحسن الرصاص,Hasan Rassas,,,al-Ḥasan al-Raṣṣāṣ,,584,,,OpenITI date code 0584,,"[""author""]",[],[],[],2,[],,,,0584HasanRassas,"[""https://kitab-corpus-metadata.azurewebsites.net/""]"
openiti_person_0584IbnMunqidhShayzari,أسامة بن منقذ,Ibn Munqidh Shayzari,,,Usāmaŧ b. Munqiḏ,,584,,,OpenITI date code 0584,,"[""author""]",[],[],[],5,[],,,,0584IbnMunqidhShayzari,"[""https://kitab-corpus-metadata.azurewebsites.net/""]"
openiti_person_0584IbnMusaHazimi,أبو بكر محمد بن موسى بن عثمان الحازمي الهمداني، زين الدين (المتوفى: 584هـ),Ibn Musa Hazimi,,,,,584,,,OpenITI date code 0584,,"[""author""]",[],[],[],4,[],,,,0584IbnMusaHazimi,"[""https://kitab-corpus-metadata.azurewebsites.net/""]"
openiti_person_0585Anwari,أوحد الدين أنوري,Anwari,,,Awḥad al-Dīn Anwarī,,585,,,OpenITI date code 0585,,"[""author""]",[],[],[],1,[],,,,0585Anwari,"[""https://kitab-corpus-metadata.azurewebsites.net/""]"
openiti_person_0585IbnCaliIbnZuhraHalabi,ابن زهرة الحلبي,Ibn Cali Ibn Zuhra Halabi,,,,,585,,,OpenITI date code 0585,,"[""author""]",[],[],[],1,[],,,,0585IbnCaliIbnZuhraHalabi,"[""https://kitab-corpus-metadata.azurewebsites.net/""]"
openiti_person_0586IbnMuhammadAbuNasrCattabi,السرخسي,Ibn Muhammad Abu Nasr Cattabi,,,,,586,,,OpenITI date code 0586,,"[""author""]",[],[],[],1,[],,,,0586IbnMuhammadAbuNasrCattabi,"[""https://kitab-corpus-metadata.azurewebsites.net/""]"
openiti_person_0586Jacdi,الجعدي,Jacdi,,,al-Jaʿdī,,586,,,OpenITI date code 0586,,"[""author""]",[],[],[],1,[],,,,0586Jacdi,"[""https://kitab-corpus-metadata.azurewebsites.net/""]"
openiti_person_0587AbuMacaliFurawi,عبد المنعم بن عبد الله ابن فقيه الحرم أبي عبد الله محمد بن الفضل بن أحمد النيسابوري، أبو المعالي الفراوي، الصاعدي، الشافعي (المتوفى: 587هـ),Abu Macali Furawi,,,,,587,,,OpenITI date code 0587,,"[""author""]",[],[],[],1,[],,,,0587AbuMacaliFurawi,"[""https://kitab-corpus-metadata.azurewebsites.net/""]"
openiti_person_0587IbnMascudCalaDinKasani,علاء الدين الكاساني,Ibn Mascud Cala Din Kasani,,,,,587,,,OpenITI date code 0587,,"[""author""]",[],[],[],1,[],,,,0587IbnMascudCalaDinKasani,"[""https://kitab-corpus-metadata.azurewebsites.net/""]"
openiti_person_0587MuwaffaqDinIbnMutran,أسعد بن الياس ابن المطران,Muwaffaq Din Ibn Mutran,,,Asʿad b. Ilyās Ibn al-Miṭrān,,587,,,OpenITI date code 0587,,"[""author""]",[],[],[],1,[],,,,0587MuwaffaqDinIbnMutran,"[""https://kitab-corpus-metadata.azurewebsites.net/""]"
openiti_person_0588IbnMamun,ابن المأمون,Ibn Mamun,,,Ibn al-Maʾmūn,,588,,,OpenITI date code 0588,,"[""author""]",[],[],[],1,[],,,,0588IbnMamun,"[""https://kitab-corpus-metadata.azurewebsites.net/""]"
openiti_person_0588IbnShahrAshub,ابن شهر آشوب,Ibn Shahr Ashub,,,,,588,,,OpenITI date code 0588,,"[""author""]",[],[],[],2,[],,,,0588IbnShahrAshub,"[""https://kitab-corpus-metadata.azurewebsites.net/""]"
openiti_person_0588KamalDinIsfahani,كمال الدين الاصفهاني,Kamal Din Isfahani,,,Kamāl al-Dīn al-Iṣfahānī,,588,,,OpenITI date code 0588,,"[""author""]",[],[],[],1,[],,,,0588KamalDinIsfahani,"[""https://kitab-corpus-metadata.azurewebsites.net/""]"
openiti_person_0590AbuKhayrQazwini,أبو الخير الطالقاني القزويني,Abu Khayr Qazwini,,,,,590,,,OpenITI date code 0590,,"[""author""]",[],[],[],4,[],,,,0590AbuKhayrQazwini,"[""https://kitab-corpus-metadata.azurewebsites.net/""]"
openiti_person_0590AbuMuzaffarJawhari,أبو المظفر عبد الخالق بن فيروز الجوهري,Abu Muzaffar Jawhari,,,,,590,,,OpenITI date code 0590,,"[""author""]",[],[],[],1,[],,,,0590AbuMuzaffarJawhari,"[""https://kitab-corpus-metadata.azurewebsites.net/""]"
openiti_person_0590IbnFirruhShatibi,ابن فيرة الشاطبي,Ibn Firruh Shatibi,,,,,590,,,OpenITI date code 0590,,"[""author""]",[],[],[],1,[],,,,0590IbnFirruhShatibi,"[""https://kitab-corpus-metadata.azurewebsites.net/""]"
openiti_person_0590IbnNasrJalalDinShayzari,عبد الرحمن بن عبد الله بن نصر بن عبد الرحمن الشيزري,Ibn Nasr Jalal Din Shayzari,,,,,590,,,OpenITI date code 0590,,"[""author""]",[],[],[],2,[],,,,0590IbnNasrJalalDinShayzari,"[""https://kitab-corpus-metadata.azurewebsites.net/""]"
openiti_person_0592IbnCabdRahmanLakhmiQurtubi,أحمد بن عبد الرحمن بن محمد، ابن مضاء، ابن عمير اللخمي القرطبي، أبو العباس (المتوفى: 592هـ),Ibn Cabd Rahman Lakhmi Qurtubi,,,,,592,,,OpenITI date code 0592,,"[""author""]",[],[],[],1,[],,,,0592IbnCabdRahmanLakhmiQurtubi,"[""https://kitab-corpus-metadata.azurewebsites.net/""]"
openiti_person_0592IbnCaliFakhrDinIbnDahhan,ابن الدهان,Ibn Cali Fakhr Din Ibn Dahhan,,,,,592,,,OpenITI date code 0592,,"[""author""]",[],[],[],1,[],,,,0592IbnCaliFakhrDinIbnDahhan,"[""https://kitab-corpus-metadata.azurewebsites.net/""]"
openiti_person_0592QadiKhanFarghani,قاضي خان الفرغاني,Qadi Khan Farghani,,,,,592,,,OpenITI date code 0592,,"[""author""]",[],[],[],1,[],,,,0592QadiKhanFarghani,"[""https://kitab-corpus-metadata.azurewebsites.net/""]"
openiti_person_0593BurhanDinFarghaniMarghinani,برهان الدين علي بن أبي بكر بن عبد الجليل الفرغاني المرغيناني,Burhan Din Farghani Marghinani,,,,,593,,,OpenITI date code 0593,,"[""author""]",[],[],[],2,[],,,,0593BurhanDinFarghaniMarghinani,"[""https://kitab-corpus-metadata.azurewebsites.net/""]"
openiti_person_0593IbnHusaynShihabDinIsbahani,أحمد بن الحسين بن أحمد، أبو شجاع، شهاب الدين أبو الطيب الأصفهاني (المتوفى: 593هـ),Ibn Husayn Shihab Din Isbahani,,,,,593,,,OpenITI date code 0593,,"[""author""]",[],[],[],1,[],,,,0593IbnHusaynShihabDinIsbahani,"[""https://kitab-corpus-metadata.azurewebsites.net/""]"
openiti_person_0593IbnMuhammadJamalDinGhaznawi,الغزنوي,Ibn Muhammad Jamal Din Ghaznawi,,,,,593,,,OpenITI date code 0593,,"[""author""]",[],[],[],1,[],,,,0593IbnMuhammadJamalDinGhaznawi,"[""https://kitab-corpus-metadata.azurewebsites.net/""]"
openiti_person_0595Daylami,الديلمي,Daylami,,,al-Daylamī,,595,,,OpenITI date code 0595,,"[""author""]",[],[],[],2,[],,,,0595Daylami,"[""https://kitab-corpus-metadata.azurewebsites.net/""]"
openiti_person_0595IbnCabdQadirBaghdadiJilani,عبد الرزاق بن عبد القادر الكيلاني، البغدادي، الحلبي، تاج الدين، أبو الفرج (المتوفى: 595هـ),Ibn Cabd Qadir Baghdadi Jilani,,,,,595,,,OpenITI date code 0595,,"[""author""]",[],[],[],1,[],,,,0595IbnCabdQadirBaghdadiJilani,"[""https://kitab-corpus-metadata.azurewebsites.net/""]"
openiti_person_0595IbnRushdHafid,ابن رشد الحفيد,Ibn Rushd Hafid,,,Ibn Rušd al-Ḥafīd,,595,,,OpenITI date code 0595,,"[""author""]",[],[],[],20,[],,,,0595IbnRushdHafid,"[""https://kitab-corpus-metadata.azurewebsites.net/""]"
openiti_person_0595Khaqani,أفضل الدين بديل بن علي خاقاني,Khaqani,,,Afḍal al-Dīn Badīl b. ʿAlī Ḫāqānī,,595,,,OpenITI date code 0595,,"[""author""]",[],[],[],1,[],,,,0595Khaqani,"[""https://kitab-corpus-metadata.azurewebsites.net/""]"
openiti_person_0596HatimIbnIbrahimHamidi,,Hatim Ibn Ibrahim Hamidi,,,,,596,,,OpenITI date code 0596,,"[""author""]",[],[],[],1,[],,,,0596HatimIbnIbrahimHamidi,"[""https://kitab-corpus-metadata.azurewebsites.net/""]"
openiti_person_0596IbnKulaybHarrani,أبو الفرج عبد المنعم بن عبد الوهاب بن سعد بن كليب الحراني,Ibn Kulayb Harrani,,,,,596,,,OpenITI date code 0596,,"[""author""]",[],[],[],2,[],,,,0596IbnKulaybHarrani,"[""https://kitab-corpus-metadata.azurewebsites.net/""]"
openiti_person_0596IbnWasifShah,شاه إبراهيم ابن وصيف,Ibn Wasif Shah,,,,,596,,,OpenITI date code 0596,,"[""author""]",[],[],[],1,[],,,,0596IbnWasifShah,"[""https://kitab-corpus-metadata.azurewebsites.net/""]"
openiti_person_0596Nizami,نظامي گنجوي,Nizami,,,Niẓāmī Ganjawī,,596,,,OpenITI date code 0596,,"[""author""]",[],[],[],6,[],,,,0596Nizami,"[""https://kitab-corpus-metadata.azurewebsites.net/""]"
openiti_person_0597CimadDinKatibIsfahani,عماد الدين الكاتب الاصفهاني,Cimad Din Katib Isfahani,,,ʿImād al-Dīn al-kātib al-Iṣfahānī,,597,,,OpenITI date code 0597,,"[""author""]",[],[],[],6,[],,,,0597CimadDinKatibIsfahani,"[""https://kitab-corpus-metadata.azurewebsites.net/""]"
openiti_person_0597IbnFarasAndalusi,ابن الفرس,Ibn Faras Andalusi,,,,,597,,,OpenITI date code 0597,,"[""author""]",[],[],[],1,[],,,,0597IbnFarasAndalusi,"[""https://kitab-corpus-metadata.azurewebsites.net/""]"
openiti_person_0597IbnJawzi,ابن الجوزي,Ibn Jawzi,,,Ibn al-Ǧawzī,,597,,,OpenITI date code 0597,,"[""author""]",[],[],[],63,[],,,,0597IbnJawzi,"[""https://kitab-corpus-metadata.azurewebsites.net/""]"
openiti_person_0597IbnMubarakBaghdadi,ابن ميمون,Ibn Mubarak Baghdadi,,,,,597,,,OpenITI date code 0597,,"[""author""]",[],[],[],1,[],,,,0597IbnMubarakBaghdadi,"[""https://kitab-corpus-metadata.azurewebsites.net/""]"
openiti_person_0598IbnIbrahimIbnHajjQunawi,ابن الحاج القفطي,Ibn Ibrahim Ibn Hajj Qunawi,,,,,598,,,OpenITI date code 0598,,"[""author""]",[],[],[],1,[],,,,0598IbnIbrahimIbnHajjQunawi,"[""https://kitab-corpus-metadata.azurewebsites.net/""]"
openiti_person_0598IbnIdrisHilli,ابن إدريس الحلي,Ibn Idris Hilli,,,,,598,,,OpenITI date code 0598,,"[""author""]",[],[],[],2,[],,,,0598IbnIdrisHilli,"[""https://kitab-corpus-metadata.azurewebsites.net/""]"
openiti_person_0599IbnHasanCabdi,علي بن الحسن بن إسماعيل العبدي، من بني عبد القيس، أبو الحسن (المتوفى: 599هـ),Ibn Hasan Cabdi,,,,,599,,,OpenITI date code 0599,,"[""author""]",[],[],[],1,[],,,,0599IbnHasanCabdi,"[""https://kitab-corpus-metadata.azurewebsites.net/""]"
openiti_person_0599IbnMuhammadBaghbanIsbahani,أبو الخير محمد بن أحمد بن محمد بن عمر بن القاسم بن عبد الله بن علي بن إسحاق بن سندار الأصبهاني، المقدر، المهندس، المؤذن، الصوفي، شهر بالباغبان. (المتوفى: 559هـ),Ibn Muhammad Baghban Isbahani,,,,,599,,,OpenITI date code 0599,,"[""author""]",[],[],[],1,[],,,,0599IbnMuhammadBaghbanIsbahani,"[""https://kitab-corpus-metadata.azurewebsites.net/""]"
openiti_person_0599IbnTufaylDimashqi,ابن طفيل الدمشقي,Ibn Tufayl Dimashqi,,,Ibn Ṭufayl al-Dimašqī,,599,,,OpenITI date code 0599,,"[""author""]",[],[],[],1,[],,,,0599IbnTufaylDimashqi,"[""https://kitab-corpus-metadata.azurewebsites.net/""]"
openiti_person_0599IbnYahyaDabbi,أحمد بن يحيى بن أحمد بن عميرة، أبو جعفر الضبي (المتوفى: 599هـ),Ibn Yahya Dabbi,,,,,599,,,OpenITI date code 0599,,"[""author""]",[],[],[],1,[],,,,0599IbnYahyaDabbi,"[""https://kitab-corpus-metadata.azurewebsites.net/""]"
openiti_person_0599IbnYahyaHanafiKufi,أبو العباس أحمد بن يحيى بن أحمد بن زيد بن ناقه الكوفي الحنفي,Ibn Yahya Hanafi Kufi,,,,,599,,,OpenITI date code 0599,,"[""author""]",[],[],[],1,[],,,,0599IbnYahyaHanafiKufi,"[""https://kitab-corpus-metadata.azurewebsites.net/""]"
openiti_person_0600AbuBaqaHilli,أبو البقاء الحلي,Abu Baqa Hilli,,,,,600,,,OpenITI date code 0600,,"[""author""]",[],[],[],1,[],,,,0600AbuBaqaHilli,"[""https://kitab-corpus-metadata.azurewebsites.net/""]"
openiti_person_0600Anonymous,عبد الغافر بن إسماعيل بن عبد الغافر ابن محمد الفارسيّ,Anonymous,,,,,600,,,OpenITI date code 0600,,"[""author""]",[],[],[],1,[],,,,0600Anonymous,"[""https://kitab-corpus-metadata.azurewebsites.net/""]"
openiti_person_0600CabdGhaniMaqdisi,عبد الغني المقدسي,Cabd Ghani Maqdisi,,,ʿAbd al-Ġanī al-Maqdisī,,600,,,OpenITI date code 0600,,"[""author""]",[],[],[],23,[],,,,0600CabdGhaniMaqdisi,"[""https://kitab-corpus-metadata.azurewebsites.net/""]"
openiti_person_0600CaliCabdSalam,,Cali Cabd Salam,,,,,600,,,OpenITI date code 0600,,"[""author""]",[],[],[],1,[],,,,0600CaliCabdSalam,"[""https://kitab-corpus-metadata.azurewebsites.net/""]"
openiti_person_0600CammarBidlisi,عمار البدليسي,Cammar Bidlisi,,,ʿAmmār al-Bidlīsī,,600,,,OpenITI date code 0600,,"[""author""]",[],[],[],2,[],,,,0600CammarBidlisi,"[""https://kitab-corpus-metadata.azurewebsites.net/""]"
openiti_person_0600IbnCabdAllahQaysi,أبو علي الحسن بن عبد الله القيسي (المتوفى: ق 6هـ),Ibn Cabd Allah Qaysi,,,,,600,,,OpenITI date code 0600,,"[""author""]",[],[],[],1,[],,,,0600IbnCabdAllahQaysi,"[""https://kitab-corpus-metadata.azurewebsites.net/""]"
openiti_person_0600IbnCumarShaficiNaysaburi,أبو سعد عبد الله بن أبي حفص عمر بن أحمد بن منصور ابن فقيه خراسان محمد بن القاسم بن حبيب ابن الصفار النيسابوري، الشافعي (المتوفى: 600هـ),Ibn Cumar Shafici Naysaburi,,,,,600,,,OpenITI date code 0600,,"[""author""]",[],[],[],1,[],,,,0600IbnCumarShaficiNaysaburi,"[""https://kitab-corpus-metadata.azurewebsites.net/""]"
openiti_person_0600IbnHasabAbuMajdHalabi,أبو المجد الحلبي,Ibn Hasab Abu Majd Halabi,,,,,600,,,OpenITI date code 0600,,"[""author""]",[],[],[],1,[],,,,0600IbnHasabAbuMajdHalabi,"[""https://kitab-corpus-metadata.azurewebsites.net/""]"
openiti_person_0600IbnHasanIbnBitriq,ابن البطريق,Ibn Hasan Ibn Bitriq,,,,,600,,,OpenITI date code 0600,,"[""author""]",[],[],[],2,[],,,,0600IbnHasanIbnBitriq,"[""https://kitab-corpus-metadata.azurewebsites.net/""]"
openiti_person_0600IbnIbrahimTiflisi,,Ibn Ibrahim Tiflisi,,,,,600,,,OpenITI date code 0600,,"[""author""]",[],[],[],2,[],,,,0600IbnIbrahimTiflisi,"[""https://kitab-corpus-metadata.azurewebsites.net/""]"
openiti_person_0600IbnJacfarMashhadi,محمد بن جعفر المشهدي,Ibn Jacfar Mashhadi,,,,,600,,,OpenITI date code 0600,,"[""author""]",[],[],[],1,[],,,,0600IbnJacfarMashhadi,"[""https://kitab-corpus-metadata.azurewebsites.net/""]"
openiti_person_0600IbnMuhammadLaythiWasiti,علي بن محمد الليثي الواسطي,Ibn Muhammad Laythi Wasiti,,,,,600,,,OpenITI date code 0600,,"[""author""]",[],[],[],1,[],,,,0600IbnMuhammadLaythiWasiti,"[""https://kitab-corpus-metadata.azurewebsites.net/""]"
openiti_person_0600IbnShahMardan,عبيد الله بن محمد ابن شاه مردان,Ibn Shah Mardan,,,ʿUbayd Allāh b. Muḥammad Ibn Šāh Mardān,,600,,,OpenITI date code 0600,,"[""author""]",[],[],[],1,[],,,,0600IbnShahMardan,"[""https://kitab-corpus-metadata.azurewebsites.net/""]"
openiti_person_0600IbnTahirSuri,إبن طاهر الصوري,Ibn Tahir Suri,,,,,600,,,OpenITI date code 0600,,"[""author""]",[],[],[],1,[],,,,0600IbnTahirSuri,"[""https://kitab-corpus-metadata.azurewebsites.net/""]"
openiti_person_0600Jirasimus,جيراسيموس رئيس دير سمعان العمودي,Jirasimus,,,Ǧīrāsīmūs raʾīs Dayr Simʿān al-ʿamūdī,,600,,,OpenITI date code 0600,,"[""author""]",[],[],[],1,[],,,,0600Jirasimus,"[""https://kitab-corpus-metadata.azurewebsites.net/""]"
openiti_person_0600KatibMarrakushi,كاتب مراكشي (توفي: ق 6هـ),Katib Marrakushi,,,,,600,,,OpenITI date code 0600,,"[""author""]",[],[],[],1,[],,,,0600KatibMarrakushi,"[""https://kitab-corpus-metadata.azurewebsites.net/""]"
openiti_person_0600NurDinBitruji,نور الدين البطروجي,Nur Din Bitruji,,,Nūr al-Dīn al-Biṭrūjī,,600,,,OpenITI date code 0600,,"[""author""]",[],[],[],1,[],,,,0600NurDinBitruji,"[""https://kitab-corpus-metadata.azurewebsites.net/""]"
openiti_person_0600PseudoMascudi,أبو الحسن على بن الحسين بن على المسعودي (المتوفى: 346هـ),Pseudo Mascudi,,,,,600,,,OpenITI date code 0600,,"[""author""]",[],[],[],1,[],,,,0600PseudoMascudi,"[""https://kitab-corpus-metadata.azurewebsites.net/""]"
openiti_person_0600QasimIbnCasakir,أبي محمد القاسم ابن الحافظ علي بن الحسن بن هبة الله الشافعي المعروف بابن عساكر (600 ه),Qasim Ibn Casakir,,,,,600,,,OpenITI date code 0600,,"[""author""]",[],[],[],1,[],,,,0600QasimIbnCasakir,"[""https://kitab-corpus-metadata.azurewebsites.net/""]"
openiti_person_0600QutbdinBayhaqiKaydari,قطب الدين البيهقي الكيدري,Qutbdin Bayhaqi Kaydari,,,,,600,,,OpenITI date code 0600,,"[""author""]",[],[],[],1,[],,,,0600QutbdinBayhaqiKaydari,"[""https://kitab-corpus-metadata.azurewebsites.net/""]"
openiti_person_0601MusaIbnMaymun,موسى بن ميمون,Musa Ibn Maymun,,,Mūsá b. Maymūn,,601,,,OpenITI date code 0601,,"[""author""]",[],[],[],3,[],,,,0601MusaIbnMaymun,"[""https://kitab-corpus-metadata.azurewebsites.net/""]"
openiti_person_0604AbuDharrKhushani,مصعب بن محمد (أبي بكر) بن مسعود الخشنى الجيانى الأندلسي، أبو ذر، ويعرف كأبيه، بابن أبي الركب (المتوفى: 604هـ),Abu Dharr Khushani,,,,,604,,,OpenITI date code 0604,,"[""author""]",[],[],[],1,[],,,,0604AbuDharrKhushani,"[""https://kitab-corpus-metadata.azurewebsites.net/""]"
openiti_person_0604NajmDinQummi,,Najm Din Qummi,,,,,604,,,OpenITI date code 0604,,"[""author""]",[],[],[],1,[],,,,0604NajmDinQummi,"[""https://kitab-corpus-metadata.azurewebsites.net/""]"
openiti_person_0605IbnAscadMuradi,جمع وتهذيب الفقيه العلامة محمد بن أسعد المرادي,Ibn Ascad Muradi,,,,,605,,,OpenITI date code 0605,,"[""author""]",[],[],[],1,[],,,,0605IbnAscadMuradi,"[""https://kitab-corpus-metadata.azurewebsites.net/""]"
openiti_person_0606FakhrDinRazi,فخر الدين الرازي,Fakhr Din Razi,,,Faḫr al-Dīn al-Rāzī,,606,,,OpenITI date code 0606,,"[""author""]",[],[],[],14,[],,,,0606FakhrDinRazi,"[""https://kitab-corpus-metadata.azurewebsites.net/""]"
openiti_person_0606IbnAthirMajdDin,ابن الأثير، أبو السعادات,Ibn Athir Majd Din,,,,,606,,,OpenITI date code 0606,,"[""author""]",[],[],[],4,[],,,,0606IbnAthirMajdDin,"[""https://kitab-corpus-metadata.azurewebsites.net/""]"
openiti_person_0606IbnMamati,ابن مماتي,Ibn Mamati,,,Ibn Mamātī,,606,,,OpenITI date code 0606,,"[""author""]",[],[],[],2,[],,,,0606IbnMamati,"[""https://kitab-corpus-metadata.azurewebsites.net/""]"
openiti_person_0606RuzbihanBaqli,أبي محمّد صدر الدين روزبهان بن أبي نصر البقلي,Ruzbihan Baqli,,,,,606,,,OpenITI date code 0606,,"[""author""]",[],[],[],1,[],,,,0606RuzbihanBaqli,"[""https://kitab-corpus-metadata.azurewebsites.net/""]"
openiti_person_0607AbuMusaJazuli,عيسى بن عبد العزيز بن يللبخت الجزولي البربري المراكشي، أبو موسى (المتوفى: 607ه),Abu Musa Jazuli,,,,,607,,,OpenITI date code 0607,,"[""author""]",[],[],[],1,[],,,,0607AbuMusaJazuli,"[""https://kitab-corpus-metadata.azurewebsites.net/""]"
openiti_person_0607IbnTabarzad,ابن طبرزد,Ibn Tabarzad,,,Ibn Ṭabarzad,,607,,,OpenITI date code 0607,,"[""author""]",[],[],[],4,[],,,,0607IbnTabarzad,"[""https://kitab-corpus-metadata.azurewebsites.net/""]"
openiti_person_0608IbnCutyaQudaciTurtushi,أبو طالب وأبو المجد عقيل بن عطية بن أبي أحمد جعفر بن محمد بن عطية القضاعي الأندلسي الطرطوشي، ثم المراكشي (المتوفى: 608هـ),Ibn Cutya Qudaci Turtushi,,,,,608,,,OpenITI date code 0608,,"[""author""]",[],[],[],1,[],,,,0608IbnCutyaQudaciTurtushi,"[""https://kitab-corpus-metadata.azurewebsites.net/""]"
openiti_person_0608IbnSanaMulk,ابن سناء الملك,Ibn Sana Mulk,,,Ibn Sanāʾ al-Mulk,,608,,,OpenITI date code 0608,,"[""author""]",[],[],[],1,[],,,,0608IbnSanaMulk,"[""https://kitab-corpus-metadata.azurewebsites.net/""]"
openiti_person_0609AbuCabbasJarrawi,أبو العباس أحمد بن عبد السلام الجراوي التادلي,Abu Cabbas Jarrawi,,,,,609,,,OpenITI date code 0609,,"[""author""]",[],[],[],1,[],,,,0609AbuCabbasJarrawi,"[""https://kitab-corpus-metadata.azurewebsites.net/""]"
openiti_person_0609AbuMacaliGhaznawi,أبو المعالي الغزنوي,Abu Macali Ghaznawi,,,,,609,,,OpenITI date code 0609,,"[""author""]",[],[],[],1,[],,,,0609AbuMacaliGhaznawi,"[""https://kitab-corpus-metadata.azurewebsites.net/""]"
openiti_person_0610IbnHubal,علي بن أحمد ابن هبل,Ibn Hubal,,,ʿAlī b. Aḥmad Ibn Hubal,,610,,,OpenITI date code 0610,,"[""author""]",[],[],[],1,[],,,,0610IbnHubal,"[""https://kitab-corpus-metadata.azurewebsites.net/""]"
openiti_person_0610IbnMahmudTusi,ابن محمود الطوسي,Ibn Mahmud Tusi,,,Ibn Maḥmūd al-Ṭūsī,,610,,,OpenITI date code 0610,,"[""author""]",[],[],[],1,[],,,,0610IbnMahmudTusi,"[""https://kitab-corpus-metadata.azurewebsites.net/""]"
openiti_person_0610MuhammadIbnMashhadi,محمد بن المشهدي,Muhammad Ibn Mashhadi,,,,,610,,,OpenITI date code 0610,,"[""author""]",[],[],[],1,[],,,,0610MuhammadIbnMashhadi,"[""https://kitab-corpus-metadata.azurewebsites.net/""]"
openiti_person_0610Mutarrizi,المطرزي,Mutarrizi,,,,,610,,,OpenITI date code 0610,,"[""author""]",[],[],[],1,[],,,,0610Mutarrizi,"[""https://kitab-corpus-metadata.azurewebsites.net/""]"
openiti_person_0611CaliHarawi,علي بن أبي بكر بن علي الهروي، أبو الحسن (المتوفى: 611هـ),Cali Harawi,,,,,611,,,OpenITI date code 0611,,"[""author""]",[],[],[],1,[],,,,0611CaliHarawi,"[""https://kitab-corpus-metadata.azurewebsites.net/""]"
openiti_person_0611IbnMufaddalMuqaddasi,شرف الدين، علي بن المفضل بن علي بن مفرج بن حاتم بن حسن بن جعفر المقدسي (المتوفى: 611هـ),Ibn Mufaddal Muqaddasi,,,,,611,,,OpenITI date code 0611,,"[""author""]",[],[],[],3,[],,,,0611IbnMufaddalMuqaddasi,"[""https://kitab-corpus-metadata.azurewebsites.net/""]"
openiti_person_0611SharafDinMuqaddasi,شرف الدين، علي بن المفضل بن علي بن مفرج بن حاتم بن حسن بن جعفر المقدسي (المتوفى: 611هـ),Sharaf Din Muqaddasi,,,,,611,,,OpenITI date code 0611,,"[""author""]",[],[],[],2,[],,,,0611SharafDinMuqaddasi,"[""https://kitab-corpus-metadata.azurewebsites.net/""]"
openiti_person_0612AbuMuhammadRuhawiHanbali,أبو محمد الرهاوي الحنبلي,Abu Muhammad Ruhawi Hanbali,,,,,612,,,OpenITI date code 0612,,"[""author""]",[],[],[],1,[],,,,0612AbuMuhammadRuhawiHanbali,"[""https://kitab-corpus-metadata.azurewebsites.net/""]"
openiti_person_0613AbuYumnKindi,زيد بن الحسن بن زيد بن سعيد الحميري، من ذي رعين، أبو اليمن، تاج الدين الكندي (المتوفى: 613هـ),Abu Yumn Kindi,,,,,613,,,OpenITI date code 0613,,"[""author""]",[],[],[],2,[],,,,0613AbuYumnKindi,"[""https://kitab-corpus-metadata.azurewebsites.net/""]"
openiti_person_0613CaliIbnZafir,علي بن ظافر,Cali Ibn Zafir,,,ʿAlī b. Ẓāfir,,613,,,OpenITI date code 0613,,"[""author""]",[],[],[],3,[],,,,0613CaliIbnZafir,"[""https://kitab-corpus-metadata.azurewebsites.net/""]"
openiti_person_0613IbnBaninDaqiqiNahwi,سليمان بن بنين الدقيقي النحوي,Ibn Banin Daqiqi Nahwi,,,,,613,,,OpenITI date code 0613,,"[""author""]",[],[],[],1,[],,,,0613IbnBaninDaqiqiNahwi,"[""https://kitab-corpus-metadata.azurewebsites.net/""]"
openiti_person_0614IbnAhmadIbnKhumayrSabti,أبو الحسن علي بن أحمد السبتي الأموي,Ibn Ahmad Ibn Khumayr Sabti,,,,,614,,,OpenITI date code 0614,,"[""author""]",[],[],[],1,[],,,,0614IbnAhmadIbnKhumayrSabti,"[""https://kitab-corpus-metadata.azurewebsites.net/""]"
openiti_person_0614IbnJubayr,ابن جبير,Ibn Jubayr,,,,,614,,,OpenITI date code 0614,,"[""author""]",[],[],[],1,[],,,,0614IbnJubayr,"[""https://kitab-corpus-metadata.azurewebsites.net/""]"
openiti_person_0614MansurCabdAllah,المنصور عبد الله,Mansur Cabd Allah,,,al-Manṣūr ʿAbd Allāh,,614,,,OpenITI date code 0614,,"[""author""]",[],[],[],5,[],,,,0614MansurCabdAllah,"[""https://kitab-corpus-metadata.azurewebsites.net/""]"
openiti_person_0615AfdalDinKirmani,أفضل الدين الكرماني,Afdal Din Kirmani,,,Afḍal al-Dīn al-Kirmānī,,615,,,OpenITI date code 0615,,"[""author""]",[],[],[],2,[],,,,0615AfdalDinKirmani,"[""https://kitab-corpus-metadata.azurewebsites.net/""]"
openiti_person_0615MuwaffaqDinShafici,موفق الدين أبو محمد بن عبد الرحمن، ابن الشيخ أبي الحرم مكي بن عثمان الشارعي الشافعي (المتوفى: 615هـ),Muwaffaq Din Shafici,,,,,615,,,OpenITI date code 0615,,"[""author""]",[],[],[],1,[],,,,0615MuwaffaqDinShafici,"[""https://kitab-corpus-metadata.azurewebsites.net/""]"
openiti_person_0616BurhanDinBukhari,برهان الدين البخاري,Burhan Din Bukhari,,,Burhān al-Dīn al-Buḫārī,,616,,,OpenITI date code 0616,,"[""author""]",[],[],[],1,[],,,,0616BurhanDinBukhari,"[""https://kitab-corpus-metadata.azurewebsites.net/""]"
openiti_person_0616CaliIbnIsmacilAbyari,الأبياري، علي بن إسماعيل,Cali Ibn Ismacil Abyari,,,,,616,,,OpenITI date code 0616,,"[""author""]",[],[],[],1,[],,,,0616CaliIbnIsmacilAbyari,"[""https://kitab-corpus-metadata.azurewebsites.net/""]"
openiti_person_0616IbnShash,ابن شاس,Ibn Shash,,,,,616,,,OpenITI date code 0616,,"[""author""]",[],[],[],1,[],,,,0616IbnShash,"[""https://kitab-corpus-metadata.azurewebsites.net/""]"
openiti_person_0616IbnSunaynaSamarri,ابن سنينة السامري,Ibn Sunayna Samarri,,,,,616,,,OpenITI date code 0616,,"[""author""]",[],[],[],1,[],,,,0616IbnSunaynaSamarri,"[""https://kitab-corpus-metadata.azurewebsites.net/""]"
openiti_person_0616MuhibbDinCukbari,محب الدين العكبري,Muhibb Din Cukbari,,,Muḥibb al-Dīn al-ʿUkbarī,,616,,,OpenITI date code 0616,,"[""author""]",[],[],[],11,[],,,,0616MuhibbDinCukbari,"[""https://kitab-corpus-metadata.azurewebsites.net/""]"
openiti_person_0617AbuBarakatIbnMulacib,أبو البركات داود بن أحمد بن محمد بن منصور بن ملاعب البغدادي,Abu Barakat Ibn Mulacib,,,,,617,,,OpenITI date code 0617,,"[""author""]",[],[],[],1,[],,,,0617AbuBarakatIbnMulacib,"[""https://kitab-corpus-metadata.azurewebsites.net/""]"
openiti_person_0617IbnTuwayr,ابن الطوير,Ibn Tuwayr,,,Ibn al-Ṭuwayr,,617,,,OpenITI date code 0617,,"[""author""]",[],[],[],1,[],,,,0617IbnTuwayr,"[""https://kitab-corpus-metadata.azurewebsites.net/""]"
openiti_person_0617MansurIbnShahanshah,ناصر الدين، أبو المعالي المنصور محمد بن تقي الدين عمر بن شاهنشاه بن أيوب الأيوبي,Mansur Ibn Shahanshah,,,,,617,,,OpenITI date code 0617,,"[""author""]",[],[],[],1,[],,,,0617MansurIbnShahanshah,"[""https://kitab-corpus-metadata.azurewebsites.net/""]"
openiti_person_0617RadiDinTusi,رضي الدين، أبو الحسن المؤيد بن محمد بن علي بن حسن بن محمد بن أبي صالح الطوسي، ثم النيسابوري (المتوفى: 617هـ),Radi Din Tusi,,,,,617,,,OpenITI date code 0617,,"[""author""]",[],[],[],1,[],,,,0617RadiDinTusi,"[""https://kitab-corpus-metadata.azurewebsites.net/""]"
openiti_person_0618FaridDinCattar,فريد الدين عطار,Farid Din Cattar,,,Farīd al-Dīn ʿAṭṭār,,618,,,OpenITI date code 0618,,"[""author""]",[],[],[],21,[],,,,0618FaridDinCattar,"[""https://kitab-corpus-metadata.azurewebsites.net/""]"
openiti_person_0618IbnCabdRahmanMuqriWasiti,أبو الفرج المقرئ,Ibn Cabd Rahman Muqri Wasiti,,,,,618,,,OpenITI date code 0618,,"[""author""]",[],[],[],1,[],,,,0618IbnCabdRahmanMuqriWasiti,"[""https://kitab-corpus-metadata.azurewebsites.net/""]"
openiti_person_0618JawhariNayshaburi,جوهري نيشابوري,Jawhari Nayshaburi,,,Ǧawharī Nayšābūrī,,618,,,OpenITI date code 0618,,"[""author""]",[],[],[],1,[],,,,0618JawhariNayshaburi,"[""https://kitab-corpus-metadata.azurewebsites.net/""]"
openiti_person_0618NajmDinAhmadIbnCumar,الإمام أحمد بن عمر,Najm Din Ahmad Ibn Cumar,,,,,618,,,OpenITI date code 0618,,"[""author""]",[],[],[],1,[],,,,0618NajmDinAhmadIbnCumar,"[""https://kitab-corpus-metadata.azurewebsites.net/""]"
openiti_person_0619AbuCabbasSharishi,أبو عباس أحمد بن عبد المؤمن بن موسى القيسي الشريشي (المتوفى: 619 ه),Abu Cabbas Sharishi,,,,,619,,,OpenITI date code 0619,,"[""author""]",[],[],[],1,[],,,,0619AbuCabbasSharishi,"[""https://kitab-corpus-metadata.azurewebsites.net/""]"
openiti_person_0619IbnCabdWahidGhafiqi,محمد بن عبد الواحد بن إبراهيم الغافقي (549 - 619 ه),Ibn Cabd Wahid Ghafiqi,,,,,619,,,OpenITI date code 0619,,"[""author""]",[],[],[],1,[],,,,0619IbnCabdWahidGhafiqi,"[""https://kitab-corpus-metadata.azurewebsites.net/""]"
openiti_person_0619IbnNabih,ابن النبيه,Ibn Nabih,,,,,619,,,OpenITI date code 0619,,"[""author""]",[],[],[],1,[],,,,0619IbnNabih,"[""https://kitab-corpus-metadata.azurewebsites.net/""]"
openiti_person_0619NajibDinSamarqandi,نجيب الدين السمرقندي,Najib Din Samarqandi,,,Naǧīb al-Dīn al-Samarqandī,,619,,,OpenITI date code 0619,,"[""author""]",[],[],[],1,[],,,,0619NajibDinSamarqandi,"[""https://kitab-corpus-metadata.azurewebsites.net/""]"
openiti_person_0620IbnCisaAzdiQurtubi,محمد بن عيسى بن محمد بن أصبغ، أبو عبد الله بن المناصف الأزدي القرطبي (المتوفى: 620هـ),Ibn Cisa Azdi Qurtubi,,,,,620,,,OpenITI date code 0620,,"[""author""]",[],[],[],1,[],,,,0620IbnCisaAzdiQurtubi,"[""https://kitab-corpus-metadata.azurewebsites.net/""]"
openiti_person_0620IbnMuhammadIbnCasakir,عبد الرحمن بن محمد,Ibn Muhammad Ibn Casakir,,,,,620,,,OpenITI date code 0620,,"[""author""]",[],[],[],1,[],,,,0620IbnMuhammadIbnCasakir,"[""https://kitab-corpus-metadata.azurewebsites.net/""]"
openiti_person_0620IbnQudamaMaqdisi,ابن قدامة المقدسي,Ibn Qudama Maqdisi,,,Ibn Qudāmaŧ al-Maqdisī,,620,,,OpenITI date code 0620,,"[""author""]",[],[],[],24,[],,,,0620IbnQudamaMaqdisi,"[""https://kitab-corpus-metadata.azurewebsites.net/""]"
openiti_person_0620ZahiriSamarqandi,,Zahiri Samarqandi,,,,,620,,,OpenITI date code 0620,,"[""author""]",[],[],[],1,[],,,,0620ZahiriSamarqandi,"[""https://kitab-corpus-metadata.azurewebsites.net/""]"
openiti_person_0621IbnSirma,أبو العباس أحمد بن يوسف بن محمد بن أحمد بن إبراهيم بن صرما الدقاق الحنبلي,Ibn Sirma,,,,,621,,,OpenITI date code 0621,,"[""author""]",[],[],[],1,[],,,,0621IbnSirma,"[""https://kitab-corpus-metadata.azurewebsites.net/""]"
openiti_person_0622IbnBadrDiyaDinMawsili,ابن بدر ضياء الدين الموصلي,Ibn Badr Diya Din Mawsili,,,Ibn Badr Ḍiyāʾ al-Dīn al-Mawṣilī,,622,,,OpenITI date code 0622,,"[""author""]",[],[],[],2,[],,,,0622IbnBadrDiyaDinMawsili,"[""https://kitab-corpus-metadata.azurewebsites.net/""]"
openiti_person_0622IbnBarni,ابن البرني,Ibn Barni,,,,,622,,,OpenITI date code 0622,,"[""author""]",[],[],[],1,[],,,,0622IbnBarni,"[""https://kitab-corpus-metadata.azurewebsites.net/""]"
openiti_person_0622IbnDarbas,إبراهيم بن درباس,Ibn Darbas,,,,,622,,,OpenITI date code 0622,,"[""author""]",[],[],[],1,[],,,,0622IbnDarbas,"[""https://kitab-corpus-metadata.azurewebsites.net/""]"
openiti_person_0622IbnShamsKhilafa,ابن شمس الخلافة، جعفر بن محمد (شمس الخلافة) ابن مختار الأفضلي، أبو الفضل، الملقب مجد الملك (المتوفى: 622هـ),Ibn Shams Khilafa,,,,,622,,,OpenITI date code 0622,,"[""author""]",[],[],[],1,[],,,,0622IbnShamsKhilafa,"[""https://kitab-corpus-metadata.azurewebsites.net/""]"
openiti_person_0622MuslimIbnMahmudShayzari,الشيزري,Muslim Ibn Mahmud Shayzari,,,al-Šayzarī,,622,,,OpenITI date code 0622,,"[""author""]",[],[],[],1,[],,,,0622MuslimIbnMahmudShayzari,"[""https://kitab-corpus-metadata.azurewebsites.net/""]"
openiti_person_0623AbuQasimRafici,أبو القاسم الرافعي,Abu Qasim Rafici,,,Abū al-Qāsim al-Rāfiʿī,,623,,,OpenITI date code 0623,,"[""author""]",[],[],[],5,[],,,,0623AbuQasimRafici,"[""https://kitab-corpus-metadata.azurewebsites.net/""]"
openiti_person_0623IbnCabdWahidBukhariMaqdisi,أبو العباس أحمد بن عبد الواحد بن أحمد المقدسي، الحنبلي، الملقب بالبخاري (المتوفى: 623هـ),Ibn Cabd Wahid Bukhari Maqdisi,,,,,623,,,OpenITI date code 0623,,"[""author""]",[],[],[],2,[],,,,0623IbnCabdWahidBukhariMaqdisi,"[""https://kitab-corpus-metadata.azurewebsites.net/""]"
openiti_person_0624IbnIbrahimBahaDinMaqdisi,عبد الرحمن بن إبراهيم بن أحمد، أبو محمد بهاء الدين المقدسي (المتوفى: 624هـ),Ibn Ibrahim Baha Din Maqdisi,,,,,624,,,OpenITI date code 0624,,"[""author""]",[],[],[],3,[],,,,0624IbnIbrahimBahaDinMaqdisi,"[""https://kitab-corpus-metadata.azurewebsites.net/""]"
openiti_person_0625AbuMuhammadIbnRushd,أبو محمد ابن رشد,Abu Muhammad Ibn Rushd,,,Abū Muḥammad Ibn Rušd,,625,,,OpenITI date code 0625,,"[""author""]",[],[],[],1,[],,,,0625AbuMuhammadIbnRushd,"[""https://kitab-corpus-metadata.azurewebsites.net/""]"
openiti_person_0625Anonymous,مؤلف مجهول,Anonymous,,,Muʾallif majhūl,,625,,,OpenITI date code 0625,,"[""author""]",[],[],[],1,[],,,,0625Anonymous,"[""https://kitab-corpus-metadata.azurewebsites.net/""]"
openiti_person_0625BahaDinAkwac,بهاء الدين الأكوع,Baha Din Akwac,,,Bahāʾ al-Dīn al-Akwaʿ,,625,,,OpenITI date code 0625,,"[""author""]",[],[],[],1,[],,,,0625BahaDinAkwac,"[""https://kitab-corpus-metadata.azurewebsites.net/""]"
openiti_person_0625DacwidarQummi,,Dacwidar Qummi,,,,,625,,,OpenITI date code 0625,,"[""author""]",[],[],[],1,[],,,,0625DacwidarQummi,"[""https://kitab-corpus-metadata.azurewebsites.net/""]"
openiti_person_0625IbnCabdHaqqYafurani,محمد بن عبد الحق اليفرني (625 ه),Ibn Cabd Haqq Yafurani,,,,,625,,,OpenITI date code 0625,,"[""author""]",[],[],[],1,[],,,,0625IbnCabdHaqqYafurani,"[""https://kitab-corpus-metadata.azurewebsites.net/""]"
openiti_person_0625IbnCufayjaBandaniji,أبو منصور محمد بن عبد الله بن المبارك البندنيجي المعروف بابن عفيجة,Ibn Cufayja Bandaniji,,,,,625,,,OpenITI date code 0625,,"[""author""]",[],[],[],1,[],,,,0625IbnCufayjaBandaniji,"[""https://kitab-corpus-metadata.azurewebsites.net/""]"
openiti_person_0625IbnNajibBakran,,Ibn Najib Bakran,,,,,625,,,OpenITI date code 0625,,"[""author""]",[],[],[],2,[],,,,0625IbnNajibBakran,"[""https://kitab-corpus-metadata.azurewebsites.net/""]"
openiti_person_0625NajmDinRawandi,,Najm Din Rawandi,,,,,625,,,OpenITI date code 0625,,"[""author""]",[],[],[],1,[],,,,0625NajmDinRawandi,"[""https://kitab-corpus-metadata.azurewebsites.net/""]"
openiti_person_0625SafiDinHalabi,صفيّ الدين، أبو الفتح عيسى بن البحتري الحلبي (المتوفى: بعد 625هـ),Safi Din Halabi,,,,,625,,,OpenITI date code 0625,,"[""author""]",[],[],[],1,[],,,,0625SafiDinHalabi,"[""https://kitab-corpus-metadata.azurewebsites.net/""]"
openiti_person_0626IbnBassamMuhtasib,محمد بن أحمد ابن بسام المحتسب,Ibn Bassam Muhtasib,,,,,626,,,OpenITI date code 0626,,"[""author""]",[],[],[],1,[],,,,0626IbnBassamMuhtasib,"[""https://kitab-corpus-metadata.azurewebsites.net/""]"
openiti_person_0626IbnMuhammadKhwarazmiSakkaki,السكاكي,Ibn Muhammad Khwarazmi Sakkaki,,,,,626,,,OpenITI date code 0626,,"[""author""]",[],[],[],1,[],,,,0626IbnMuhammadKhwarazmiSakkaki,"[""https://kitab-corpus-metadata.azurewebsites.net/""]"
openiti_person_0626YaqutHamawi,ياقوت الحلبي,Yaqut Hamawi,,,Yāqūt al-Ḥalabī,,626,,,OpenITI date code 0626,,"[""author""]",[],[],[],4,[],,,,0626YaqutHamawi,"[""https://kitab-corpus-metadata.azurewebsites.net/""]"
openiti_person_0627ZaynUmanaIbnCasakir,زين الأمناء ابن عساكر,Zayn Umana Ibn Casakir,,,Zayn al-Umanāʾ Ibn ʿAsākir,,627,,,OpenITI date code 0627,,"[""author""]",[],[],[],1,[],,,,0627ZaynUmanaIbnCasakir,"[""https://kitab-corpus-metadata.azurewebsites.net/""]"
openiti_person_0628IbnCaliSanhaji,ابن حماد,Ibn Cali Sanhaji,,,,,628,,,OpenITI date code 0628,,"[""author""]",[],[],[],1,[],,,,0628IbnCaliSanhaji,"[""https://kitab-corpus-metadata.azurewebsites.net/""]"
openiti_person_0628IbnQattanFasi,للحافظ ابن القطان الفاسي أبو الحسن علي بن محمد بن عبد الملك,Ibn Qattan Fasi,,,,,628,,,OpenITI date code 0628,,"[""author""]",[],[],[],3,[],,,,0628IbnQattanFasi,"[""https://kitab-corpus-metadata.azurewebsites.net/""]"
openiti_person_0628IbnZayyat,ابن الزيات,Ibn Zayyat,,,Ibn al-Zayyāt,,628,,,OpenITI date code 0628,,"[""author""]",[],[],[],1,[],,,,0628IbnZayyat,"[""https://kitab-corpus-metadata.azurewebsites.net/""]"
openiti_person_0628YahyaIbnCabdMucti,يحيى بن عبد المعطي,Yahya Ibn Cabd Mucti,,,Yaḥyá b. ʿAbd al-Muʿṭī,,628,,,OpenITI date code 0628,,"[""author""]",[],[],[],1,[],,,,0628YahyaIbnCabdMucti,"[""https://kitab-corpus-metadata.azurewebsites.net/""]"
openiti_person_0629CabdLatifBaghdadi,عبد اللطيف البغدادي,Cabd Latif Baghdadi,,,ʿAbd al-Laṭīf al-Baġdādī,,629,,,OpenITI date code 0629,,"[""author""]",[],[],[],4,[],,,,0629CabdLatifBaghdadi,"[""https://kitab-corpus-metadata.azurewebsites.net/""]"
openiti_person_0629IbnNuqta,محمد بن عبد الغني بن أبي بكر بن شجاع، أبو بكر، معين الدين، ابن نقطة الحنبلي البغدادي (المتوفى: 629هـ),Ibn Nuqta,,,,,629,,,OpenITI date code 0629,,"[""author""]",[],[],[],2,[],,,,0629IbnNuqta,"[""https://kitab-corpus-metadata.azurewebsites.net/""]"
openiti_person_0630HashimIbnSacdAhmadi,هاشم بن سعد الأحمدي,Hashim Ibn Sacd Ahmadi,,,Hāšim b. Saʿd al-Aḥmadī,,630,,,OpenITI date code 0630,,"[""author""]",[],[],[],1,[],,,,0630HashimIbnSacdAhmadi,"[""https://kitab-corpus-metadata.azurewebsites.net/""]"
openiti_person_0630IbnAthirCizzDin,عزالدين أبوالحسن علي بن أبيالكرم محمد بن محمد بن عبدالكريم بن عبدالواحد الشيباني، الجزري,Ibn Athir Cizz Din,,,,,630,,,OpenITI date code 0630,,"[""author""]",[],[],[],3,[],,,,0630IbnAthirCizzDin,"[""https://kitab-corpus-metadata.azurewebsites.net/""]"
openiti_person_0630IbnCaliShaficiQalci,القلعي(م),Ibn Cali Shafici Qalci,,,,,630,,,OpenITI date code 0630,,"[""author""]",[],[],[],1,[],,,,0630IbnCaliShaficiQalci,"[""https://kitab-corpus-metadata.azurewebsites.net/""]"
openiti_person_0630IbnCunayn,ابن عنين,Ibn Cunayn,,,Ibn ʿUnayn,,630,,,OpenITI date code 0630,,"[""author""]",[],[],[],1,[],,,,0630IbnCunayn,"[""https://kitab-corpus-metadata.azurewebsites.net/""]"
openiti_person_0630IbnHajib,عمر بن محمد بن منصور الأميني، أبو حفص، عز الدين، المعروف بابن الحاجب (المتوفى: 630هـ),Ibn Hajib,,,,,630,,,OpenITI date code 0630,,"[""author""]",[],[],[],1,[],,,,0630IbnHajib,"[""https://kitab-corpus-metadata.azurewebsites.net/""]"
openiti_person_0630IbnMuhammadBadrDinRazi,ابن المختار الرازي,Ibn Muhammad Badr Din Razi,,,,,630,,,OpenITI date code 0630,,"[""author""]",[],[],[],2,[],,,,0630IbnMuhammadBadrDinRazi,"[""https://kitab-corpus-metadata.azurewebsites.net/""]"
openiti_person_0631CuthmanAsamm,عثمان الأصم,Cuthman Asamm,,,ʿUṯmān al-Aṣamm,,631,,,OpenITI date code 0631,,"[""author""]",[],[],[],1,[],,,,0631CuthmanAsamm,"[""https://kitab-corpus-metadata.azurewebsites.net/""]"
openiti_person_0631SayfDinAmidi,سيف الدين الآمدي,Sayf Din Amidi,,,Sayf al-Dīn al-Āmidī,,631,,,OpenITI date code 0631,,"[""author""]",[],[],[],4,[],,,,0631SayfDinAmidi,"[""https://kitab-corpus-metadata.azurewebsites.net/""]"
openiti_person_0632AbuHafsSuhrawardi,أبو حفص السهراوردي,Abu Hafs Suhrawardi,,,Abū Ḥafṣ al-Suhrāwardī,,632,,,OpenITI date code 0632,,"[""author""]",[],[],[],2,[],,,,0632AbuHafsSuhrawardi,"[""https://kitab-corpus-metadata.azurewebsites.net/""]"
openiti_person_0632BahaDinIbnShaddad,بهاء الدين ابن شداد,Baha Din Ibn Shaddad,,,Bahāʾ al-dīn Ibn Šaddād,,632,,,OpenITI date code 0632,,"[""author""]",[],[],[],1,[],,,,0632BahaDinIbnShaddad,"[""https://kitab-corpus-metadata.azurewebsites.net/""]"
openiti_person_0632IsmacilMarwazi,إسماعيل المروزي,Ismacil Marwazi,,,,,632,,,OpenITI date code 0632,,"[""author""]",[],[],[],1,[],,,,0632IsmacilMarwazi,"[""https://kitab-corpus-metadata.azurewebsites.net/""]"
openiti_person_0632SharafDinIbnFarid,ابن الفارض,Sharaf Din Ibn Farid,,,,,632,,,OpenITI date code 0632,,"[""author""]",[],[],[],1,[],,,,0632SharafDinIbnFarid,"[""https://kitab-corpus-metadata.azurewebsites.net/""]"
openiti_person_0633BattalRukabi,محمد بن أحمد بن محمد بن سليمان بن بطال الركبي، أبو عبد الله، المعروف ببطال (المتوفى: 633ه),Battal Rukabi,,,,,633,,,OpenITI date code 0633,,"[""author""]",[],[],[],1,[],,,,0633BattalRukabi,"[""https://kitab-corpus-metadata.azurewebsites.net/""]"
openiti_person_0633CabdRahmanHamadhani,عبد الرحمن بن عيسى بن حماد الهمذاني,Cabd Rahman Hamadhani,,,,,633,,,OpenITI date code 0633,,"[""author""]",[],[],[],1,[],,,,0633CabdRahmanHamadhani,"[""https://kitab-corpus-metadata.azurewebsites.net/""]"
openiti_person_0633IbnDihyaJumayyilKalbi,ابن ضحية جميل الكلبي,Ibn Dihya Jumayyil Kalbi,,,Ibn Ḍiḥyaŧ Jumayyil al-Kalbī,,633,,,OpenITI date code 0633,,"[""author""]",[],[],[],5,[],,,,0633IbnDihyaJumayyilKalbi,"[""https://kitab-corpus-metadata.azurewebsites.net/""]"
openiti_person_0633IbnIbrahimIrbili,أبو عبد الله محمد بن إبراهيم بن المسلم بن سلمان الإربلي,Ibn Ibrahim Irbili,,,,,633,,,OpenITI date code 0633,,"[""author""]",[],[],[],1,[],,,,0633IbnIbrahimIrbili,"[""https://kitab-corpus-metadata.azurewebsites.net/""]"
openiti_person_0633IbnSacidRajraji,الرجراجي، علي بن سعيد,Ibn Sacid Rajraji,,,,,633,,,OpenITI date code 0633,,"[""author""]",[],[],[],1,[],,,,0633IbnSacidRajraji,"[""https://kitab-corpus-metadata.azurewebsites.net/""]"
openiti_person_0634AbuBakrSabuni,أبو بكر محمد بن أحمد الصدفي الإشبيلي المعروف بابن الصابوني الشاعر (المتوفى: 634ه),Abu Bakr Sabuni,,,,,634,,,OpenITI date code 0634,,"[""author""]",[],[],[],1,[],,,,0634AbuBakrSabuni,"[""https://kitab-corpus-metadata.azurewebsites.net/""]"
openiti_person_0634AbuRabicHimyari,سليمان بن موسى بن سالم بن حسان الكلاعي الحميري، أبو الربيع (المتوفى: 634هـ),Abu Rabic Himyari,,,,,634,,,OpenITI date code 0634,,"[""author""]",[],[],[],2,[],,,,0634AbuRabicHimyari,"[""https://kitab-corpus-metadata.azurewebsites.net/""]"
openiti_person_0634IbnNajmIbnHanbaliJazari,ابن الحنبلي,Ibn Najm Ibn Hanbali Jazari,,,,,634,,,OpenITI date code 0634,,"[""author""]",[],[],[],1,[],,,,0634IbnNajmIbnHanbaliJazari,"[""https://kitab-corpus-metadata.azurewebsites.net/""]"
openiti_person_0634TajDinHasanNizami,,Taj Din Hasan Nizami,,,,,634,,,OpenITI date code 0634,,"[""author""]",[],[],[],1,[],,,,0634TajDinHasanNizami,"[""https://kitab-corpus-metadata.azurewebsites.net/""]"
openiti_person_0635AbuMunajjaIbnLatti,أبو المنجى عبد الله بن عمر بن علي بن زيد، ابن اللتي البغدادي، الحريمي، الطاهري، القزاز (المتوفى: 635هـ),Abu Munajja Ibn Latti,,,,,635,,,OpenITI date code 0635,,"[""author""]",[],[],[],1,[],,,,0635AbuMunajjaIbnLatti,"[""https://kitab-corpus-metadata.azurewebsites.net/""]"
openiti_person_0636AbuCabdAllahIbnCaskar,أبو بكر محمد بن محمد بن علي بن خميس المالقي (المتوفى: بعد 639هـ),Abu Cabd Allah Ibn Caskar,,,,,636,,,OpenITI date code 0636,,"[""author""]",[],[],[],1,[],,,,0636AbuCabdAllahIbnCaskar,"[""https://kitab-corpus-metadata.azurewebsites.net/""]"
openiti_person_0636IbnAbiMucammarAbuKhayrTabrizi,أبو الخير بدل بن أبي المعمر بن إسماعيل التبريزي (المتوفى: 636هـ),Ibn Abi Mucammar Abu Khayr Tabrizi,,,,,636,,,OpenITI date code 0636,,"[""author""]",[],[],[],1,[],,,,0636IbnAbiMucammarAbuKhayrTabrizi,"[""https://kitab-corpus-metadata.azurewebsites.net/""]"
openiti_person_0636IbnCaskar,ابن العسكر,Ibn Caskar,,,Ibn al-ʿAskar,,636,,,OpenITI date code 0636,,"[""author""]",[],[],[],1,[],,,,0636IbnCaskar,"[""https://kitab-corpus-metadata.azurewebsites.net/""]"
openiti_person_0636IbnKhalfunAzdi,ابن خلفون,Ibn Khalfun Azdi,,,,,636,,,OpenITI date code 0636,,"[""author""]",[],[],[],2,[],,,,0636IbnKhalfunAzdi,"[""https://kitab-corpus-metadata.azurewebsites.net/""]"
openiti_person_0636IbnYusufBirzaliIshbili,محمد بن يوسف بن يداس البرزالي الأندلسي الإشبيلي، أبو عبد الله (المتوفى: 636هـ),Ibn Yusuf Birzali Ishbili,,,,,636,,,OpenITI date code 0636,,"[""author""]",[],[],[],1,[],,,,0636IbnYusufBirzaliIshbili,"[""https://kitab-corpus-metadata.azurewebsites.net/""]"
openiti_person_0637IbnAthirDiyaDin,ضياء الدين ابن الأثير,Ibn Athir Diya Din,,,Ḍiyāʾ al-dīn Ibn al-Aṯīr,,637,,,OpenITI date code 0637,,"[""author""]",[],[],[],3,[],,,,0637IbnAthirDiyaDin,"[""https://kitab-corpus-metadata.azurewebsites.net/""]"
openiti_person_0637IbnDubaythi,محمد بن سعيد ابن الدبيثي,Ibn Dubaythi,,,,,637,,,OpenITI date code 0637,,"[""author""]",[],[],[],2,[],,,,0637IbnDubaythi,"[""https://kitab-corpus-metadata.azurewebsites.net/""]"
openiti_person_0637IbnKhabbazMawsili,ابن الخباز الموصلي,Ibn Khabbaz Mawsili,,,Ibn al-Ḫabbāz al-Mawṣilī,,637,,,OpenITI date code 0637,,"[""author""]",[],[],[],1,[],,,,0637IbnKhabbazMawsili,"[""https://kitab-corpus-metadata.azurewebsites.net/""]"
openiti_person_0637IbnMustawfi,ابن المستوفي,Ibn Mustawfi,,,Ibn al-Mustawfī,,637,,,OpenITI date code 0637,,"[""author""]",[],[],[],1,[],,,,0637IbnMustawfi,"[""https://kitab-corpus-metadata.azurewebsites.net/""]"
openiti_person_0638IbnAhmadAndalusiHarali,الحرالي أبو الحسن علي بن أحمد بن حسن التجيبي الأندلسي (المتوفى: 638هـ),Ibn Ahmad Andalusi Harali,,,,,638,,,OpenITI date code 0638,,"[""author""]",[],[],[],1,[],,,,0638IbnAhmadAndalusiHarali,"[""https://kitab-corpus-metadata.azurewebsites.net/""]"
openiti_person_0638IbnCarabi,ابن عربي الشيخ الأكبر,Ibn Carabi,,,Ibn ʿArabī al-Šayḫ al-akbar,,638,,,OpenITI date code 0638,,"[""author""]",[],[],[],7,[],,,,0638IbnCarabi,"[""https://kitab-corpus-metadata.azurewebsites.net/""]"
openiti_person_0638JahmaBintMufarrij,جهمة بنت المفرج,Jahma Bint Mufarrij,,,Jahmaŧ bint al-Mufarrij,,638,,,OpenITI date code 0638,,"[""author""]",[],[],[],1,[],,,,0638JahmaBintMufarrij,"[""https://kitab-corpus-metadata.azurewebsites.net/""]"
openiti_person_0639IbnKhabbaz,ابن الخباز,Ibn Khabbaz,,,,,639,,,OpenITI date code 0639,,"[""author""]",[],[],[],1,[],,,,0639IbnKhabbaz,"[""https://kitab-corpus-metadata.azurewebsites.net/""]"
openiti_person_0640AbuHafsDunaysiri,دنيسري,Abu Hafs Dunaysiri,,,Dunaysirī,,640,,,OpenITI date code 0640,,"[""author""]",[],[],[],1,[],,,,0640AbuHafsDunaysiri,"[""https://kitab-corpus-metadata.azurewebsites.net/""]"
openiti_person_0641Sarifini,تقي الدين، أبو إسحاق إبراهيم بن محمد بن الأزهر بن أحمد بن محمد العراقي، الصريفيني، الحنبلي (المتوفى: 641هـ),Sarifini,,,,,641,,,OpenITI date code 0641,,"[""author""]",[],[],[],1,[],,,,0641Sarifini,"[""https://kitab-corpus-metadata.azurewebsites.net/""]"
openiti_person_0642BurhanMuhaqqiqTirmidhi,,Burhan Muhaqqiq Tirmidhi,,,,,642,,,OpenITI date code 0642,,"[""author""]",[],[],[],1,[],,,,0642BurhanMuhaqqiqTirmidhi,"[""https://kitab-corpus-metadata.azurewebsites.net/""]"
openiti_person_0642HamdAllahSarakhsi,,Hamd Allah Sarakhsi,,,,,642,,,OpenITI date code 0642,,"[""author""]",[],[],[],1,[],,,,0642HamdAllahSarakhsi,"[""https://kitab-corpus-metadata.azurewebsites.net/""]"
openiti_person_0642IbnAbiDam,ابن أبي الدم,Ibn Abi Dam,,,Ibn Abī al-Dam,,642,,,OpenITI date code 0642,,"[""author""]",[],[],[],1,[],,,,0642IbnAbiDam,"[""https://kitab-corpus-metadata.azurewebsites.net/""]"
openiti_person_0642IbnMawaq,أبو عبد الله محمد بن أبي بكر بن خلف بن فرج بن صاف المراكشي المالكي المعروف بابن المواق (المتوفى: 642 ه),Ibn Mawaq,,,,,642,,,OpenITI date code 0642,,"[""author""]",[],[],[],1,[],,,,0642IbnMawaq,"[""https://kitab-corpus-metadata.azurewebsites.net/""]"
openiti_person_0642IbnMinfakh,نجم الدين أحمد المعروف بابن المنفاخ,Ibn Minfakh,,,,,642,,,OpenITI date code 0642,,"[""author""]",[],[],[],1,[],,,,0642IbnMinfakh,"[""https://kitab-corpus-metadata.azurewebsites.net/""]"
openiti_person_0642TajDinIbnHammuyaJuwayni,تاج الدين ابن حموية الجويني,Taj Din Ibn Hammuya Juwayni,,,Tāj al-Dīn Ibn Ḥammūyaŧ al-Juwaynī,,642,,,OpenITI date code 0642,,"[""author""]",[],[],[],1,[],,,,0642TajDinIbnHammuyaJuwayni,"[""https://kitab-corpus-metadata.azurewebsites.net/""]"
openiti_person_0643CaliSakhawi,علي السخاوي,Cali Sakhawi,,,ʿAlī al-Saḫāwī,,643,,,OpenITI date code 0643,,"[""author""]",[],[],[],4,[],,,,0643CaliSakhawi,"[""https://kitab-corpus-metadata.azurewebsites.net/""]"
openiti_person_0643DiyaDinMaqdisi,ضياء الدين المقدسي,Diya Din Maqdisi,,,Ḍiyāʾ al-Dīn al-Maqdisī,,643,,,OpenITI date code 0643,,"[""author""]",[],[],[],40,[],,,,0643DiyaDinMaqdisi,"[""https://kitab-corpus-metadata.azurewebsites.net/""]"
openiti_person_0643FathBundari,الفتح بن علي بن محمد البنداري الأصفهاني، أبو إبراهيم (المتوفى: 643هـ),Fath Bundari,,,,,643,,,OpenITI date code 0643,,"[""author""]",[],[],[],1,[],,,,0643FathBundari,"[""https://kitab-corpus-metadata.azurewebsites.net/""]"
openiti_person_0643IbnCisaMaqdisi,ابن عيسى المقدسي,Ibn Cisa Maqdisi,,,Ibn ʿĪsá al-Maqdisī,,643,,,OpenITI date code 0643,,"[""author""]",[],[],[],1,[],,,,0643IbnCisaMaqdisi,"[""https://kitab-corpus-metadata.azurewebsites.net/""]"
openiti_person_0643IbnCumarMaqdisi,ابن عمر المقدسي,Ibn Cumar Maqdisi,,,Ibn ʿUmar al-Maqdisī,,643,,,OpenITI date code 0643,,"[""author""]",[],[],[],1,[],,,,0643IbnCumarMaqdisi,"[""https://kitab-corpus-metadata.azurewebsites.net/""]"
openiti_person_0643IbnMuqayyar,علي بن الحسين بن علي بن منصور، أبو الحسن ابن المقير النجار (المتوفى: 643هـ),Ibn Muqayyar,,,,,643,,,OpenITI date code 0643,,"[""author""]",[],[],[],1,[],,,,0643IbnMuqayyar,"[""https://kitab-corpus-metadata.azurewebsites.net/""]"
openiti_person_0643IbnNajjar,ابن نجار,Ibn Najjar,,,Ibn Naǧǧār,,643,,,OpenITI date code 0643,,"[""author""]",[],[],[],3,[],,,,0643IbnNajjar,"[""https://kitab-corpus-metadata.azurewebsites.net/""]"
openiti_person_0643IbnSalahShahrazuri,ابن صلاح,Ibn Salah Shahrazuri,,,Ibn Ṣalāḥ,,643,,,OpenITI date code 0643,,"[""author""]",[],[],[],9,[],,,,0643IbnSalahShahrazuri,"[""https://kitab-corpus-metadata.azurewebsites.net/""]"
openiti_person_0643IbnYacish,يعيش بن علي بن يعيش ابن أبي السرايا محمد بن علي، أبو البقاء، موفق الدين الأسدي الموصلي، المعروف بابن يعيش وبابن الصانع (المتوفى: 643ه),Ibn Yacish,,,,,643,,,OpenITI date code 0643,,"[""author""]",[],[],[],1,[],,,,0643IbnYacish,"[""https://kitab-corpus-metadata.azurewebsites.net/""]"
openiti_person_0643MuntajibHamadhani,المنتجب الهمذاني,Muntajib Hamadhani,,,,,643,,,OpenITI date code 0643,,"[""author""]",[],[],[],1,[],,,,0643MuntajibHamadhani,"[""https://kitab-corpus-metadata.azurewebsites.net/""]"
openiti_person_0644IbnCaliCizzDinMuhallabi,أحمد بن علي بن معقل، أبو العباس، عز الدين الأزدي المهلبي (المتوفى: 644هـ),Ibn Cali Cizz Din Muhallabi,,,,,644,,,OpenITI date code 0644,,"[""author""]",[],[],[],1,[],,,,0644IbnCaliCizzDinMuhallabi,"[""https://kitab-corpus-metadata.azurewebsites.net/""]"
openiti_person_0645IbnNimaHilli,ابن نما الحلي,Ibn Nima Hilli,,,,,645,,,OpenITI date code 0645,,"[""author""]",[],[],[],2,[],,,,0645IbnNimaHilli,"[""https://kitab-corpus-metadata.azurewebsites.net/""]"
openiti_person_0645ShamsTabrizi,,Shams Tabrizi,,,,,645,,,OpenITI date code 0645,,"[""author""]",[],[],[],1,[],,,,0645ShamsTabrizi,"[""https://kitab-corpus-metadata.azurewebsites.net/""]"
openiti_person_0645TilimsaniBurri,محمد بن أبي بكر بن عبد الله بن موسى الأنصاري التلمساني المعروف بالبري (المتوفى: بعد 645هـ),Tilimsani Burri,,,,,645,,,OpenITI date code 0645,,"[""author""]",[],[],[],2,[],,,,0645TilimsaniBurri,"[""https://kitab-corpus-metadata.azurewebsites.net/""]"
openiti_person_0646IbnBaytarAndalusi,عبد الله بن أحمد ابن البيطار,Ibn Baytar Andalusi,,,ʿAbd Allāh b. Aḥmad Ibn al-Bayṭār,,646,,,OpenITI date code 0646,,"[""author""]",[],[],[],2,[],,,,0646IbnBaytarAndalusi,"[""https://kitab-corpus-metadata.azurewebsites.net/""]"
openiti_person_0646IbnCumarIbnHajibKurdi,ابن عمر ابن حاجب الكردي,Ibn Cumar Ibn Hajib Kurdi,,,Ibn ʿUmar Ibn Ḥājib al-Kurdī,,646,,,OpenITI date code 0646,,"[""author""]",[],[],[],5,[],,,,0646IbnCumarIbnHajibKurdi,"[""https://kitab-corpus-metadata.azurewebsites.net/""]"
openiti_person_0646IbnNamawarKhunaji,أفضل الدين الخونجي,Ibn Namawar Khunaji,,,,,646,,,OpenITI date code 0646,,"[""author""]",[],[],[],1,[],,,,0646IbnNamawarKhunaji,"[""https://kitab-corpus-metadata.azurewebsites.net/""]"
openiti_person_0646IbnQifti,ابن القفطي,Ibn Qifti,,,Ibn al-Qifṭī,,646,,,OpenITI date code 0646,,"[""author""]",[],[],[],4,[],,,,0646IbnQifti,"[""https://kitab-corpus-metadata.azurewebsites.net/""]"
openiti_person_0647CabdWahidMarrakushi,المراكشي,Cabd Wahid Marrakushi,,,,,647,,,OpenITI date code 0647,,"[""author""]",[],[],[],1,[],,,,0647CabdWahidMarrakushi,"[""https://kitab-corpus-metadata.azurewebsites.net/""]"
openiti_person_0647IbnAbiNajmSacdi,القاضي العلامة عبد الله بن محمد بن أبي النجم,Ibn Abi Najm Sacdi,,,,,647,,,OpenITI date code 0647,,"[""author""]",[],[],[],2,[],,,,0647IbnAbiNajmSacdi,"[""https://kitab-corpus-metadata.azurewebsites.net/""]"
openiti_person_0648IbnKhalilHalabi,ابن خليل الحلبي,Ibn Khalil Halabi,,,Ibn Ḫalīl al-Ḥalabī,,648,,,OpenITI date code 0648,,"[""author""]",[],[],[],3,[],,,,0648IbnKhalilHalabi,"[""https://kitab-corpus-metadata.azurewebsites.net/""]"
openiti_person_0649AbuHasanShafici,أبو الحسن الشافعي,Abu Hasan Shafici,,,Abū al-Ḥasan al-Šāfiʿī,,649,,,OpenITI date code 0649,,"[""author""]",[],[],[],1,[],,,,0649AbuHasanShafici,"[""https://kitab-corpus-metadata.azurewebsites.net/""]"
openiti_person_0649IbnSahlAndalusi,ابن سهل الأندلسي,Ibn Sahl Andalusi,,,,,649,,,OpenITI date code 0649,,"[""author""]",[],[],[],1,[],,,,0649IbnSahlAndalusi,"[""https://kitab-corpus-metadata.azurewebsites.net/""]"
openiti_person_0649MuhammadIdrisi,محمد الادريسي,Muhammad Idrisi,,,Muḥammad al-Idrīsī,,649,,,OpenITI date code 0649,,"[""author""]",[],[],[],1,[],,,,0649MuhammadIdrisi,"[""https://kitab-corpus-metadata.azurewebsites.net/""]"
openiti_person_0649ibnCabdAllahMuzaffariShafici,محمد بن عبد الله المظفري الشافعي (المتوفى: بعد 649هـ),ibn Cabd Allah Muzaffari Shafici,,,,,649,,,OpenITI date code 0649,,"[""author""]",[],[],[],1,[],,,,0649ibnCabdAllahMuzaffariShafici,"[""https://kitab-corpus-metadata.azurewebsites.net/""]"
openiti_person_0650AbuKhayrIbnTayyib,أبو الخير ابن الطيب,Abu Khayr Ibn Tayyib,,,Abū al-Ḫayr Ibn al-Ṭayyib,,650,,,OpenITI date code 0650,,"[""author""]",[],[],[],1,[],,,,0650AbuKhayrIbnTayyib,"[""https://kitab-corpus-metadata.azurewebsites.net/""]"
openiti_person_0650Anonymous,مؤلف مجهول,Anonymous,,,Muʾallif majhūl,,650,,,OpenITI date code 0650,,"[""author""]",[],[],[],1,[],,,,0650Anonymous,"[""https://kitab-corpus-metadata.azurewebsites.net/""]"
openiti_person_0650IbnMuhammadRadiDinSaghani,رضي الدين الحسن بن محمد بن الحسن القرشي الصغاني (المتوفى : 650هـ),Ibn Muhammad Radi Din Saghani,,,,,650,,,OpenITI date code 0650,,"[""author""]",[],[],[],5,[],,,,0650IbnMuhammadRadiDinSaghani,"[""https://kitab-corpus-metadata.azurewebsites.net/""]"
openiti_person_0650IbnNazifHamawi,أبو الفضائل محمد بن علي بن نظيف الحموي,Ibn Nazif Hamawi,,,,,650,,,OpenITI date code 0650,,"[""author""]",[],[],[],1,[],,,,0650IbnNazifHamawi,"[""https://kitab-corpus-metadata.azurewebsites.net/""]"
openiti_person_0650IbnSawuji,,Ibn Sawuji,,,,,650,,,OpenITI date code 0650,,"[""author""]",[],[],[],1,[],,,,0650IbnSawuji,"[""https://kitab-corpus-metadata.azurewebsites.net/""]"
openiti_person_0650JamalDinJawbari,Jamāl al-Dīn ʿAbd al-Raḥīm al-Jawbarī,Jamal Din Jawbari,,,,,650,,,OpenITI date code 0650,,"[""author""]",[],[],[],1,[],,,,0650JamalDinJawbari,"[""https://kitab-corpus-metadata.azurewebsites.net/""]"
openiti_person_0650KhalilShirwani,,Khalil Shirwani,,,,,650,,,OpenITI date code 0650,,"[""author""]",[],[],[],1,[],,,,0650KhalilShirwani,"[""https://kitab-corpus-metadata.azurewebsites.net/""]"
openiti_person_0650QaysRazi,,Qays Razi,,,,,650,,,OpenITI date code 0650,,"[""author""]",[],[],[],1,[],,,,0650QaysRazi,"[""https://kitab-corpus-metadata.azurewebsites.net/""]"
openiti_person_0650RashidDinDimashqi,رشيد الدين، أبو العباس أحمد بن المفرج بن علي بن عبد العزيز بن مسلمة الدمشقي (المتوفى: 650هـ),Rashid Din Dimashqi,,,,,650,,,OpenITI date code 0650,,"[""author""]",[],[],[],1,[],,,,0650RashidDinDimashqi,"[""https://kitab-corpus-metadata.azurewebsites.net/""]"
openiti_person_0651Bunasi,أبو إسحاق إبراهيم بن أبي الحسن الفهري المعروف بالبونسي (651ه),Bunasi,,,,,651,,,OpenITI date code 0651,,"[""author""]",[],[],[],1,[],,,,0651Bunasi,"[""https://kitab-corpus-metadata.azurewebsites.net/""]"
openiti_person_0651IbnYusufAbuCabbasTifashi,ابن يوسف أبو العباس التيفاشي,Ibn Yusuf Abu Cabbas Tifashi,,,Ibn Yūsuf Abū al-ʿAbbās al-Tīfāšī,,651,,,OpenITI date code 0651,,"[""author""]",[],[],[],1,[],,,,0651IbnYusufAbuCabbasTifashi,"[""https://kitab-corpus-metadata.azurewebsites.net/""]"
openiti_person_0652IbnTalhaKamalDinNasibi,محمد بن طلحة الشافعي,Ibn Talha Kamal Din Nasibi,,,,,652,,,OpenITI date code 0652,,"[""author""]",[],[],[],1,[],,,,0652IbnTalhaKamalDinNasibi,"[""https://kitab-corpus-metadata.azurewebsites.net/""]"
openiti_person_0652IbnTaymiyyaMajdDin,عبد السلام بن عبد الله بن أبي القاسم بن تيمية الحراني,Ibn Taymiyya Majd Din,,,,,652,,,OpenITI date code 0652,,"[""author""]",[],[],[],1,[],,,,0652IbnTaymiyyaMajdDin,"[""https://kitab-corpus-metadata.azurewebsites.net/""]"
openiti_person_0652Mahalli,المحلي,Mahalli,,,al-Maḥallī,,652,,,OpenITI date code 0652,,"[""author""]",[],[],[],1,[],,,,0652Mahalli,"[""https://kitab-corpus-metadata.azurewebsites.net/""]"
openiti_person_0654IbnCabdWahidIbnAbiIsbac,ابن أبي الأصبع,Ibn Cabd Wahid Ibn Abi Isbac,,,Ibn Abī al-Aṣbaʿ,,654,,,OpenITI date code 0654,,"[""author""]",[],[],[],1,[],,,,0654IbnCabdWahidIbnAbiIsbac,"[""https://kitab-corpus-metadata.azurewebsites.net/""]"
openiti_person_0654IbnShaccarMawsili,كمال الدين أبو البركات المبارك بن الشعار الموصلي (المتوفى: 654 ه),Ibn Shaccar Mawsili,,,,,654,,,OpenITI date code 0654,,"[""author""]",[],[],[],1,[],,,,0654IbnShaccarMawsili,"[""https://kitab-corpus-metadata.azurewebsites.net/""]"
openiti_person_0654SibtIbnJawzi,سبط ابن الجوزي,Sibt Ibn Jawzi,,,Sibṭ Ibn al-Jawzī,,654,,,OpenITI date code 0654,,"[""author""]",[],[],[],3,[],,,,0654SibtIbnJawzi,"[""https://kitab-corpus-metadata.azurewebsites.net/""]"
openiti_person_0655CabdMuncimTaqiDinShafici,عبد الرحمن بن أبي الفهم عبد المنعم بن عبد الرحمن اليلداني الشافعي تقي الدين (المتوفى: 655هـ),Cabd Muncim Taqi Din Shafici,,,,,655,,,OpenITI date code 0655,,"[""author""]",[],[],[],1,[],,,,0655CabdMuncimTaqiDinShafici,"[""https://kitab-corpus-metadata.azurewebsites.net/""]"
openiti_person_0656AbuCabbasAnsariQurtubi,أبو العباس القرطبي,Abu Cabbas Ansari Qurtubi,,,,,656,,,OpenITI date code 0656,,"[""author""]",[],[],[],2,[],,,,0656AbuCabbasAnsariQurtubi,"[""https://kitab-corpus-metadata.azurewebsites.net/""]"
openiti_person_0656AbuTayrIbnHusayn,أبو طير ابن الحسين,Abu Tayr Ibn Husayn,,,Abū Ṭayr Ibn al-Ḥusayn,,656,,,OpenITI date code 0656,,"[""author""]",[],[],[],1,[],,,,0656AbuTayrIbnHusayn,"[""https://kitab-corpus-metadata.azurewebsites.net/""]"
openiti_person_0656AhmadRassas,أحمد الرصاص,Ahmad Rassas,,,Aḥmad al-Raṣṣāṣ,,656,,,OpenITI date code 0656,,"[""author""]",[],[],[],2,[],,,,0656AhmadRassas,"[""https://kitab-corpus-metadata.azurewebsites.net/""]"
openiti_person_0656BahaDinZuhayr,أبو الفضل بهاء الدين زهير بن محمد بن على بن يحى 581 - 656ه,Baha Din Zuhayr,,,,,656,,,OpenITI date code 0656,,"[""author""]",[],[],[],1,[],,,,0656BahaDinZuhayr,"[""https://kitab-corpus-metadata.azurewebsites.net/""]"
openiti_person_0656HumaydanQasimi,السيد الإمام حميدان بن يحيى القاسمي عليهما السلام,Humaydan Qasimi,,,,,656,,,OpenITI date code 0656,,"[""author""]",[],[],[],1,[],,,,0656HumaydanQasimi,"[""https://kitab-corpus-metadata.azurewebsites.net/""]"
openiti_person_0656IbnAbiHadid,ابن أبي الحديد,Ibn Abi Hadid,,,Ibn Abī al-Ḥadīd,,656,,,OpenITI date code 0656,,"[""author""]",[],[],[],3,[],,,,0656IbnAbiHadid,"[""https://kitab-corpus-metadata.azurewebsites.net/""]"
openiti_person_0656IbnAhmadShihabDinZanjani,محمود بن أحمد الزنجاني أبو المناقب,Ibn Ahmad Shihab Din Zanjani,,,,,656,,,OpenITI date code 0656,,"[""author""]",[],[],[],1,[],,,,0656IbnAhmadShihabDinZanjani,"[""https://kitab-corpus-metadata.azurewebsites.net/""]"
openiti_person_0656IbnCabdQawiMundhiri,عبد العظيم بن عبد القوي بن عبد الله، أبو محمد، زكي الدين المنذري (المتوفى: 656هـ),Ibn Cabd Qawi Mundhiri,,,,,656,,,OpenITI date code 0656,,"[""author""]",[],[],[],9,[],,,,0656IbnCabdQawiMundhiri,"[""https://kitab-corpus-metadata.azurewebsites.net/""]"
openiti_person_0656IbnFadlMuzaffarCiraqi,المظفر بن الفضل,Ibn Fadl Muzaffar Ciraqi,,,,,656,,,OpenITI date code 0656,,"[""author""]",[],[],[],1,[],,,,0656IbnFadlMuzaffarCiraqi,"[""https://kitab-corpus-metadata.azurewebsites.net/""]"
openiti_person_0656IbnMuhammadSadrDinNaysaburi,الحسن بن محمد بن محمد ابن عمروك التيمي النيسابورى ثم الدمشقي، أبو علي، صدر الدين البكري (المتوفى: 656هـ),Ibn Muhammad Sadr Din Naysaburi,,,,,656,,,OpenITI date code 0656,,"[""author""]",[],[],[],1,[],,,,0656IbnMuhammadSadrDinNaysaburi,"[""https://kitab-corpus-metadata.azurewebsites.net/""]"
openiti_person_0656IbnYusufSarsari,ابن يوسف السرسري,Ibn Yusuf Sarsari,,,Ibn Yūsuf al-Sarsarī,,656,,,OpenITI date code 0656,,"[""author""]",[],[],[],2,[],,,,0656IbnYusufSarsari,"[""https://kitab-corpus-metadata.azurewebsites.net/""]"
openiti_person_0657AhmadIbnCuthmanIbnHibatAllah,أحمد بن عثمان بن هبة الله,Ahmad Ibn Cuthman Ibn Hibat Allah,,,Aḥmad b. ʿUṯmān b. Hibaŧ Allāh,,657,,,OpenITI date code 0657,,"[""author""]",[],[],[],1,[],,,,0657AhmadIbnCuthmanIbnHibatAllah,"[""https://kitab-corpus-metadata.azurewebsites.net/""]"
openiti_person_0657IbnIbrahimIrbili,النشابي الإربلي,Ibn Ibrahim Irbili,,,,,657,,,OpenITI date code 0657,,"[""author""]",[],[],[],1,[],,,,0657IbnIbrahimIrbili,"[""https://kitab-corpus-metadata.azurewebsites.net/""]"
openiti_person_0657SharafDinMawsili,شرف الدين الموصلي,Sharaf Din Mawsili,,,,,657,,,OpenITI date code 0657,,"[""author""]",[],[],[],1,[],,,,0657SharafDinMawsili,"[""https://kitab-corpus-metadata.azurewebsites.net/""]"
openiti_person_0658IbnAbbar,ابن الأبار,Ibn Abbar,,,Ibn al-Abbār,,658,,,OpenITI date code 0658,,"[""author""]",[],[],[],6,[],,,,0658IbnAbbar,"[""https://kitab-corpus-metadata.azurewebsites.net/""]"
openiti_person_0658IbnCamiraMakhzumi,أبو المطرف أحمد بن عميرة المخزومي,Ibn Camira Makhzumi,,,,,658,,,OpenITI date code 0658,,"[""author""]",[],[],[],1,[],,,,0658IbnCamiraMakhzumi,"[""https://kitab-corpus-metadata.azurewebsites.net/""]"
openiti_person_0658IbnYusufGanji,محمد بن يوسف الگنجي الشافعي‏,Ibn Yusuf Ganji,,,,,658,,,OpenITI date code 0658,,"[""author""]",[],[],[],1,[],,,,0658IbnYusufGanji,"[""https://kitab-corpus-metadata.azurewebsites.net/""]"
openiti_person_0658TaqiDinYunini,اليونيني تقي الدين,Taqi Din Yunini,,,,,658,,,OpenITI date code 0658,,"[""author""]",[],[],[],1,[],,,,0658TaqiDinYunini,"[""https://kitab-corpus-metadata.azurewebsites.net/""]"
openiti_person_0659SadrDinBasri,صدر الدين علي بن الحسن البصري,Sadr Din Basri,,,,,659,,,OpenITI date code 0659,,"[""author""]",[],[],[],1,[],,,,0659SadrDinBasri,"[""https://kitab-corpus-metadata.azurewebsites.net/""]"
openiti_person_0659SainDinNaccal,النعال,Sain Din Naccal,,,al-Naʿʿāl,,659,,,OpenITI date code 0659,,"[""author""]",[],[],[],1,[],,,,0659SainDinNaccal,"[""https://kitab-corpus-metadata.azurewebsites.net/""]"
openiti_person_0660CuthmanNabulusi,عثمان النابلسي,Cuthman Nabulusi,,,ʿUṯmān al-Nābulusī,,660,,,OpenITI date code 0660,,"[""author""]",[],[],[],1,[],,,,0660CuthmanNabulusi,"[""https://kitab-corpus-metadata.azurewebsites.net/""]"
openiti_person_0660IbnCadim,ابن العديم,Ibn Cadim,,,Ibn al-ʿAdīm,,660,,,OpenITI date code 0660,,"[""author""]",[],[],[],5,[],,,,0660IbnCadim,"[""https://kitab-corpus-metadata.azurewebsites.net/""]"
openiti_person_0660ShadhanIbnJibrailQummi,شاذان بن جبرئيل القمي,Shadhan Ibn Jibrail Qummi,,,,,660,,,OpenITI date code 0660,,"[""author""]",[],[],[],2,[],,,,0660ShadhanIbnJibrailQummi,"[""https://kitab-corpus-metadata.azurewebsites.net/""]"
openiti_person_0660ShamsDinRazi,شمس الدين الرازي,Shams Din Razi,,,Šams al-Dīn al-Rāzī,,660,,,OpenITI date code 0660,,"[""author""]",[],[],[],1,[],,,,0660ShamsDinRazi,"[""https://kitab-corpus-metadata.azurewebsites.net/""]"
openiti_person_0660SultanCulamaCizzDinDimashqi,سلطان العلماء عز الدين الدمشقي,Sultan Culama Cizz Din Dimashqi,,,Sulṭān al-ʿUlamāʾ ʿIzz al-Dīn al-Dimašqī,,660,,,OpenITI date code 0660,,"[""author""]",[],[],[],11,[],,,,0660SultanCulamaCizzDinDimashqi,"[""https://kitab-corpus-metadata.azurewebsites.net/""]"
openiti_person_0661Turibishti,التوربشتي,Turibishti,,,,,661,,,OpenITI date code 0661,,"[""author""]",[],[],[],1,[],,,,0661Turibishti,"[""https://kitab-corpus-metadata.azurewebsites.net/""]"
openiti_person_0662HusaynIbnBadrDin,حسين بن بدر الدين,Husayn Ibn Badr Din,,,,,662,,,OpenITI date code 0662,,"[""author""]",[],[],[],2,[],,,,0662HusaynIbnBadrDin,"[""https://kitab-corpus-metadata.azurewebsites.net/""]"
openiti_person_0662RashidCattar,يحيى بن علي بن عبد الله القرشي أبو الحسين,Rashid Cattar,,,,,662,,,OpenITI date code 0662,,"[""author""]",[],[],[],3,[],,,,0662RashidCattar,"[""https://kitab-corpus-metadata.azurewebsites.net/""]"
openiti_person_0663IbnMurabit,,Ibn Murabit,,,,,663,,,OpenITI date code 0663,,"[""author""]",[],[],[],1,[],,,,0663IbnMurabit,"[""https://kitab-corpus-metadata.azurewebsites.net/""]"
openiti_person_0664IbnHatimCamiliShami,إبن حاتم العاملي,Ibn Hatim Camili Shami,,,,,664,,,OpenITI date code 0664,,"[""author""]",[],[],[],1,[],,,,0664IbnHatimCamiliShami,"[""https://kitab-corpus-metadata.azurewebsites.net/""]"
openiti_person_0664IbnTawus,السيد ابن طاووس,Ibn Tawus,,,,,664,,,OpenITI date code 0664,,"[""author""]",[],[],[],19,[],,,,0664IbnTawus,"[""https://kitab-corpus-metadata.azurewebsites.net/""]"
openiti_person_0665AbuMuayyadKhwarazmi,أبو المؤيد الخوارزمي,Abu Muayyad Khwarazmi,,,Abū al-Muʾayyad al-Ḫwārazmī,,665,,,OpenITI date code 0665,,"[""author""]",[],[],[],1,[],,,,0665AbuMuayyadKhwarazmi,"[""https://kitab-corpus-metadata.azurewebsites.net/""]"
openiti_person_0665AbuShama,أبو شامة,Abu Shama,,,Abū Šāmaŧ,,665,,,OpenITI date code 0665,,"[""author""]",[],[],[],8,[],,,,0665AbuShama,"[""https://kitab-corpus-metadata.azurewebsites.net/""]"
openiti_person_0666IbnAbiBakrZaynDinRazi,زين الدين أبو عبد الله محمد بن أبي بكر بن عبد القادر الحنفي الرازي (المتوفى: 666هـ),Ibn Abi Bakr Zayn Din Razi,,,,,666,,,OpenITI date code 0666,,"[""author""]",[],[],[],3,[],,,,0666IbnAbiBakrZaynDinRazi,"[""https://kitab-corpus-metadata.azurewebsites.net/""]"
openiti_person_0666IbnCadlanMawsiliRabci,علي بن عدلان الموصلي النحوي,Ibn Cadlan Mawsili Rabci,,,,,666,,,OpenITI date code 0666,,"[""author""]",[],[],[],1,[],,,,0666IbnCadlanMawsiliRabci,"[""https://kitab-corpus-metadata.azurewebsites.net/""]"
openiti_person_0667BabaAfzal,بابا أفضل الدين كاشاني,Baba Afzal,,,Bābā Afḍal al-Dīn Kāšānī,,667,,,OpenITI date code 0667,,"[""author""]",[],[],[],1,[],,,,0667BabaAfzal,"[""https://kitab-corpus-metadata.azurewebsites.net/""]"
openiti_person_0667CabdAllahIbnZaydCanasi,عبد الله بن زيد العنسي,Cabd Allah Ibn Zayd Canasi,,,ʿAbd Allāh b. Zayd al-ʿAnasī,,667,,,OpenITI date code 0667,,"[""author""]",[],[],[],1,[],,,,0667CabdAllahIbnZaydCanasi,"[""https://kitab-corpus-metadata.azurewebsites.net/""]"
openiti_person_0667Cariqi,العريقي,Cariqi,,,al-ʿArīqī,,667,,,OpenITI date code 0667,,"[""author""]",[],[],[],1,[],,,,0667Cariqi,"[""https://kitab-corpus-metadata.azurewebsites.net/""]"
openiti_person_0668IbnAbiUsaybica,أحمد بن القاسم بن خليفة بن يونس الخزرجي موفق الدين، أبو العباس ابن أبي أصيبعة (المتوفى: 668هـ),Ibn Abi Usaybica,,,,,668,,,OpenITI date code 0668,,"[""author""]",[],[],[],1,[],,,,0668IbnAbiUsaybica,"[""https://kitab-corpus-metadata.azurewebsites.net/""]"
openiti_person_0668IbnCabdDaimZaynDinMuqaddasi,أحمد بن عبد الدائم بن نعمة المقدسي، أبو العباس، زين الدين الحنبلي (المتوفى: 668هـ),Ibn Cabd Daim Zayn Din Muqaddasi,,,,,668,,,OpenITI date code 0668,,"[""author""]",[],[],[],1,[],,,,0668IbnCabdDaimZaynDinMuqaddasi,"[""https://kitab-corpus-metadata.azurewebsites.net/""]"
openiti_person_0668IbnHusaynJacfariHashimi,صالح بن الحسين الجعفري أبو البقاء الهاشمي (المتوفى: 668هـ),Ibn Husayn Jacfari Hashimi,,,,,668,,,OpenITI date code 0668,,"[""author""]",[],[],[],1,[],,,,0668IbnHusaynJacfariHashimi,"[""https://kitab-corpus-metadata.azurewebsites.net/""]"
openiti_person_0669IbnCusfurHadramiIshbili,علي بن مؤمن بن محمد، الحضرمي الإشبيلي، أبو الحسن المعروف بابن عصفور (المتوفى: 669هـ),Ibn Cusfur Hadrami Ishbili,,,,,669,,,OpenITI date code 0669,,"[""author""]",[],[],[],3,[],,,,0669IbnCusfurHadramiIshbili,"[""https://kitab-corpus-metadata.azurewebsites.net/""]"
openiti_person_0669IbnSabcin,ابن سبعين,Ibn Sabcin,,,Ibn Sabʿīn,,669,,,OpenITI date code 0669,,"[""author""]",[],[],[],1,[],,,,0669IbnSabcin,"[""https://kitab-corpus-metadata.azurewebsites.net/""]"
openiti_person_0669IbnSabcinMursi,عبد الحق بن سبعين المرسي‏,Ibn Sabcin Mursi,,,,,669,,,OpenITI date code 0669,,"[""author""]",[],[],[],1,[],,,,0669IbnSabcinMursi,"[""https://kitab-corpus-metadata.azurewebsites.net/""]"
openiti_person_0670AhmadDarjini,أحمد الدرجيني,Ahmad Darjini,,,Aḥmad al-Darjīnī,,670,,,OpenITI date code 0670,,"[""author""]",[],[],[],1,[],,,,0670AhmadDarjini,"[""https://kitab-corpus-metadata.azurewebsites.net/""]"
openiti_person_0670IbnAscadHanati,,Ibn Ascad Hanati,,,,,670,,,OpenITI date code 0670,,"[""author""]",[],[],[],1,[],,,,0670IbnAscadHanati,"[""https://kitab-corpus-metadata.azurewebsites.net/""]"
openiti_person_0670Sayyad,الصياد,Sayyad,,,al-Ṣayyād,,670,,,OpenITI date code 0670,,"[""author""]",[],[],[],1,[],,,,0670Sayyad,"[""https://kitab-corpus-metadata.azurewebsites.net/""]"
openiti_person_0671AbuCabdAllahQurtubi,أبو عبد الله القرطبي,Abu Cabd Allah Qurtubi,,,Abū ʿAbd Allāh al-Qurṭubī,,671,,,OpenITI date code 0671,,"[""author""]",[],[],[],5,[],,,,0671AbuCabdAllahQurtubi,"[""https://kitab-corpus-metadata.azurewebsites.net/""]"
openiti_person_0671AbuMuzaffarNabulusi,شرف الدين أبو المظفر يوسف بن الحسن بن بدر بن الحسن بن مفرج النابلسي الدمشقي الشافعي (المتوفى: 671هـ),Abu Muzaffar Nabulusi,,,,,671,,,OpenITI date code 0671,,"[""author""]",[],[],[],1,[],,,,0671AbuMuzaffarNabulusi,"[""https://kitab-corpus-metadata.azurewebsites.net/""]"
openiti_person_0671IbnCabdMuncimHanbaliHarrani,محمد بن عبد المنعم ابن عمار بن هامل الحراني الحنبلي (المتوفى: 671هـ),Ibn Cabd Muncim Hanbali Harrani,,,,,671,,,OpenITI date code 0671,,"[""author""]",[],[],[],1,[],,,,0671IbnCabdMuncimHanbaliHarrani,"[""https://kitab-corpus-metadata.azurewebsites.net/""]"
openiti_person_0672IbnAhmaLuluDarir,لؤلؤ بن أحمد بن عبد الله الضرير,Ibn Ahma Lulu Darir,,,,,672,,,OpenITI date code 0672,,"[""author""]",[],[],[],1,[],,,,0672IbnAhmaLuluDarir,"[""https://kitab-corpus-metadata.azurewebsites.net/""]"
openiti_person_0672IbnMalik,جمال الدين أبي عبد الله محمد بن عبد الله بن محمد بن عبد الله بن مالك الطاعي الجياني,Ibn Malik,,,,,672,,,OpenITI date code 0672,,"[""author""]",[],[],[],14,[],,,,0672IbnMalik,"[""https://kitab-corpus-metadata.azurewebsites.net/""]"
openiti_person_0672JalalDinRumi,جلال الدين رومي,Jalal Din Rumi,,,Ǧalāl al-Dīn Rūmī,,672,,,OpenITI date code 0672,,"[""author""]",[],[],[],3,[],,,,0672JalalDinRumi,"[""https://kitab-corpus-metadata.azurewebsites.net/""]"
openiti_person_0672MakinIbnCamid,المكين بن العميد,Makin Ibn Camid,,,al-Makīn b. al-ʿAmīd,,672,,,OpenITI date code 0672,,"[""author""]",[],[],[],1,[],,,,0672MakinIbnCamid,"[""https://kitab-corpus-metadata.azurewebsites.net/""]"
openiti_person_0672NasirDinTusi,نصير الدين الطوسي,Nasir Din Tusi,,,Naṣīr al-Dīn al-Ṭūsī,,672,,,OpenITI date code 0672,,"[""author""]",[],[],[],5,[],,,,0672NasirDinTusi,"[""https://kitab-corpus-metadata.azurewebsites.net/""]"
openiti_person_0673AbuMacaliQunawi,صدر الدين القوناوي,Abu Macali Qunawi,,,Ṣadr al-Dīn al-Qūnāwī,,673,,,OpenITI date code 0673,,"[""author""]",[],[],[],2,[],,,,0673AbuMacaliQunawi,"[""https://kitab-corpus-metadata.azurewebsites.net/""]"
openiti_person_0673AbuMahasinYaghmuri,أبو المحاسن يوسف بن أحمد بن محمود اليغموري (المتوفى: 673هـ),Abu Mahasin Yaghmuri,,,,,673,,,OpenITI date code 0673,,"[""author""]",[],[],[],1,[],,,,0673AbuMahasinYaghmuri,"[""https://kitab-corpus-metadata.azurewebsites.net/""]"
openiti_person_0673IbnBuzayza,أبو محمد، وأبو فارس، عبد العزيز بن إبراهيم بن أحمد القرشي التميمي التونسي المعروف بابن بزيزة (المتوفى: 673 ه),Ibn Buzayza,,,,,673,,,OpenITI date code 0673,,"[""author""]",[],[],[],1,[],,,,0673IbnBuzayza,"[""https://kitab-corpus-metadata.azurewebsites.net/""]"
openiti_person_0673IbnMahalliNahwi,أبو بكر محمد بن علي النحوي المعروف بابن المحلي,Ibn Mahalli Nahwi,,,,,673,,,OpenITI date code 0673,,"[""author""]",[],[],[],1,[],,,,0673IbnMahalliNahwi,"[""https://kitab-corpus-metadata.azurewebsites.net/""]"
openiti_person_0673IbnMansurIbnHaddad,محمد بن منصور بن حبيش,Ibn Mansur Ibn Haddad,,,,,673,,,OpenITI date code 0673,,"[""author""]",[],[],[],1,[],,,,0673IbnMansurIbnHaddad,"[""https://kitab-corpus-metadata.azurewebsites.net/""]"
openiti_person_0674IbnSaci,ابن الساعي,Ibn Saci,,,Ibn al-Sāʿī,,674,,,OpenITI date code 0674,,"[""author""]",[],[],[],2,[],,,,0674IbnSaci,"[""https://kitab-corpus-metadata.azurewebsites.net/""]"
openiti_person_0675AbuCabdAllahWarraq,أبو عبد الله الوراق,Abu Cabd Allah Warraq,,,Abū ʿAbd Allāh al-Warrāq,,675,,,OpenITI date code 0675,,"[""author""]",[],[],[],1,[],,,,0675AbuCabdAllahWarraq,"[""https://kitab-corpus-metadata.azurewebsites.net/""]"
openiti_person_0675NajmDinKatibiQazwini,نجم الدين الكاتبي القزويني,Najm Din Katibi Qazwini,,,Najm al-Dīn al-Kātibī al-Qazwīnī,,675,,,OpenITI date code 0675,,"[""author""]",[],[],[],1,[],,,,0675NajmDinKatibiQazwini,"[""https://kitab-corpus-metadata.azurewebsites.net/""]"
openiti_person_0676IbnHasanMuhaqqiqHilli,ابن الحسن المحققق الحلي,Ibn Hasan Muhaqqiq Hilli,,,Ibn al-Ḥasan al-Muḥaqqiq al-Ḥillī,,676,,,OpenITI date code 0676,,"[""author""]",[],[],[],6,[],,,,0676IbnHasanMuhaqqiqHilli,"[""https://kitab-corpus-metadata.azurewebsites.net/""]"
openiti_person_0676IbnIbrahimShamsDinMaqdisi,ابن ابراهيم شمس الدين المقدسي,Ibn Ibrahim Shams Din Maqdisi,,,Ibn Ibrāhīm Šams al-Dīn al-Maqdisī,,676,,,OpenITI date code 0676,,"[""author""]",[],[],[],1,[],,,,0676IbnIbrahimShamsDinMaqdisi,"[""https://kitab-corpus-metadata.azurewebsites.net/""]"
openiti_person_0676Nawawi,النووي,Nawawi,,,al-Nawawī,,676,,,OpenITI date code 0676,,"[""author""]",[],[],[],22,[],,,,0676Nawawi,"[""https://kitab-corpus-metadata.azurewebsites.net/""]"
openiti_person_0677IbnAhmadIbnZahirIrbili,محمد بن أحمد بن عمر مجد الدين أبو عبد الله المعروف بابن الظهير الإربيلي المتوفى 677 هـ,Ibn Ahmad Ibn Zahir Irbili,,,,,677,,,OpenITI date code 0677,,"[""author""]",[],[],[],1,[],,,,0677IbnAhmadIbnZahirIrbili,"[""https://kitab-corpus-metadata.azurewebsites.net/""]"
openiti_person_0677IbnMuyassar,ابن ميسر,Ibn Muyassar,,,Ibn Muyassar,,677,,,OpenITI date code 0677,,"[""author""]",[],[],[],1,[],,,,0677IbnMuyassar,"[""https://kitab-corpus-metadata.azurewebsites.net/""]"
openiti_person_0677JamalDinAhmadAlTawus,السيد أحمد آل طاووس,Jamal Din Ahmad Al Tawus,,,,,677,,,OpenITI date code 0677,,"[""author""]",[],[],[],1,[],,,,0677JamalDinAhmadAlTawus,"[""https://kitab-corpus-metadata.azurewebsites.net/""]"
openiti_person_0677SahibiTaji,محمد بن علي بن كامل الصاحبي التاجي (المتوفى: بعد 677هـ),Sahibi Taji,,,,,677,,,OpenITI date code 0677,,"[""author""]",[],[],[],1,[],,,,0677SahibiTaji,"[""https://kitab-corpus-metadata.azurewebsites.net/""]"
openiti_person_0678IbnAbiMansurIbnSayrafiHarrani,يحيى بن أبي منصور بن أبي الفتح ابن رافع الحراني، أبو زكريا، جمال الدين الحبيشي، ويعرف أيضا بابن الصيرفي (المتوفى: 678هـ),Ibn Abi Mansur Ibn Sayrafi Harrani,,,,,678,,,OpenITI date code 0678,,"[""author""]",[],[],[],2,[],,,,0678IbnAbiMansurIbnSayrafiHarrani,"[""https://kitab-corpus-metadata.azurewebsites.net/""]"
openiti_person_0678IbnAhmadCizzDinMaqdisi,عزالدين عبد السلام بن أحمد بن غانم المقدسي (المتوفى : 678هـ),Ibn Ahmad Cizz Din Maqdisi,,,,,678,,,OpenITI date code 0678,,"[""author""]",[],[],[],2,[],,,,0678IbnAhmadCizzDinMaqdisi,"[""https://kitab-corpus-metadata.azurewebsites.net/""]"
openiti_person_0678MinhajSiraj,,Minhaj Siraj,,,,,678,,,OpenITI date code 0678,,"[""author""]",[],[],[],1,[],,,,0678MinhajSiraj,"[""https://kitab-corpus-metadata.azurewebsites.net/""]"
openiti_person_0680IbnAsadDahistani,,Ibn Asad Dahistani,,,,,680,,,OpenITI date code 0680,,"[""author""]",[],[],[],1,[],,,,0680IbnAsadDahistani,"[""https://kitab-corpus-metadata.azurewebsites.net/""]"
openiti_person_0680IbnSabuni,الصابوني,Ibn Sabuni,,,al-Ṣābūnī,,680,,,OpenITI date code 0680,,"[""author""]",[],[],[],2,[],,,,0680IbnSabuni,"[""https://kitab-corpus-metadata.azurewebsites.net/""]"
openiti_person_0681IbnDahhan,أبو عبد الله محمد بن عبد الرحمن بن أحمد بن عمران بن كليب السعدي ابن الدهان,Ibn Dahhan,,,,,681,,,OpenITI date code 0681,,"[""author""]",[],[],[],1,[],,,,0681IbnDahhan,"[""https://kitab-corpus-metadata.azurewebsites.net/""]"
openiti_person_0681IbnIyyazNahwi,ابن إياز النحوي,Ibn Iyyaz Nahwi,,,,,681,,,OpenITI date code 0681,,"[""author""]",[],[],[],1,[],,,,0681IbnIyyazNahwi,"[""https://kitab-corpus-metadata.azurewebsites.net/""]"
openiti_person_0681IbnKhallikan,ابن خلكان,Ibn Khallikan,,,Ibn Ḫallikān,,681,,,OpenITI date code 0681,,"[""author""]",[],[],[],1,[],,,,0681IbnKhallikan,"[""https://kitab-corpus-metadata.azurewebsites.net/""]"
openiti_person_0682CabdRahmanIbnQudama,شمس الدين أبو الفرج عبد الرحمن بن محمد بن أحمد بن قدامة المقدسي المعروف بابن أبي عمر,Cabd Rahman Ibn Qudama,,,,,682,,,OpenITI date code 0682,,"[""author""]",[],[],[],2,[],,,,0682CabdRahmanIbnQudama,"[""https://kitab-corpus-metadata.azurewebsites.net/""]"
openiti_person_0682IbnCabdakKunji,دانيال بن منكلي بن صرفا ضياء الدين أبو الفضائل التركماني الشافعي المقرىء قاضي الكرك (المتوفى: 696هـ),Ibn Cabdak Kunji,,,,,682,,,OpenITI date code 0682,,"[""author""]",[],[],[],1,[],,,,0682IbnCabdakKunji,"[""https://kitab-corpus-metadata.azurewebsites.net/""]"
openiti_person_0682IbnYahyaGhassani,الغساني,Ibn Yahya Ghassani,,,,,682,,,OpenITI date code 0682,,"[""author""]",[],[],[],1,[],,,,0682IbnYahyaGhassani,"[""https://kitab-corpus-metadata.azurewebsites.net/""]"
openiti_person_0682SirajDinAzmawi,السراج الأرموي,Siraj Din Azmawi,,,,,682,,,OpenITI date code 0682,,"[""author""]",[],[],[],1,[],,,,0682SirajDinAzmawi,"[""https://kitab-corpus-metadata.azurewebsites.net/""]"
openiti_person_0682SirajDinUrmawi,سراج الدين الأرموي,Siraj Din Urmawi,,,Sirāǧ al-Dīn al-Urmawī,,682,,,OpenITI date code 0682,,"[""author""]",[],[],[],1,[],,,,0682SirajDinUrmawi,"[""https://kitab-corpus-metadata.azurewebsites.net/""]"
openiti_person_0682ZakariyaQazwini,زكريا بن محمد بن محمود القزويني (المتوفى: 682هـ),Zakariya Qazwini,,,,,682,,,OpenITI date code 0682,,"[""author""]",[],[],[],2,[],,,,0682ZakariyaQazwini,"[""https://kitab-corpus-metadata.azurewebsites.net/""]"
openiti_person_0683IbnMahmudMajdDinMawsili,ابن محمود مجد الدين الموصلي,Ibn Mahmud Majd Din Mawsili,,,Ibn Maḥmūd Majd al-Dīn al-Mawṣilī,,683,,,OpenITI date code 0683,,"[""author""]",[],[],[],1,[],,,,0683IbnMahmudMajdDinMawsili,"[""https://kitab-corpus-metadata.azurewebsites.net/""]"
openiti_person_0683IbnMansurIbnKammuna,سعيد بن منصور بن كمونة,Ibn Mansur Ibn Kammuna,,,,,683,,,OpenITI date code 0683,,"[""author""]",[],[],[],2,[],,,,0683IbnMansurIbnKammuna,"[""https://kitab-corpus-metadata.azurewebsites.net/""]"
openiti_person_0683IbnMunayyir,ابن المنير الإسكندري,Ibn Munayyir,,,,,683,,,OpenITI date code 0683,,"[""author""]",[],[],[],2,[],,,,0683IbnMunayyir,"[""https://kitab-corpus-metadata.azurewebsites.net/""]"
openiti_person_0684IbnBalabanDimashqiMuqaddasi,علي بن بلبان الدمشقي علاء الدين أبو الحسن الناصري المحدث ابن الشرف (المتوفى: 684هـ),Ibn Balaban Dimashqi Muqaddasi,,,,,684,,,OpenITI date code 0684,,"[""author""]",[],[],[],1,[],,,,0684IbnBalabanDimashqiMuqaddasi,"[""https://kitab-corpus-metadata.azurewebsites.net/""]"
openiti_person_0684IbnHazimQartajanni,ابن حازم القرطاجني,Ibn Hazim Qartajanni,,,Ibn Ḥāzim al-Qarṭājannī,,684,,,OpenITI date code 0684,,"[""author""]",[],[],[],2,[],,,,0684IbnHazimQartajanni,"[""https://kitab-corpus-metadata.azurewebsites.net/""]"
openiti_person_0684IbnShaddad,ابن شداد,Ibn Shaddad,,,Ibn Šaddād,,684,,,OpenITI date code 0684,,"[""author""]",[],[],[],2,[],,,,0684IbnShaddad,"[""https://kitab-corpus-metadata.azurewebsites.net/""]"
openiti_person_0684ShihabDinQarafi,شهاب الدين أحمد بن إدريس القرافي (626 - 682 ه),Shihab Din Qarafi,,,,,684,,,OpenITI date code 0684,,"[""author""]",[],[],[],8,[],,,,0684ShihabDinQarafi,"[""https://kitab-corpus-metadata.azurewebsites.net/""]"
openiti_person_0685IbnCibri,ابن العبري,Ibn Cibri,,,Ibn al-ʿIbrī,,685,,,OpenITI date code 0685,,"[""author""]",[],[],[],2,[],,,,0685IbnCibri,"[""https://kitab-corpus-metadata.azurewebsites.net/""]"
openiti_person_0685IbnQuffKaraki,يعقوب بن اسحاق ابن القف الكركي,Ibn Quff Karaki,,,Yaʿqūb b. Isḥāq Ibn al-Quff al-Karakī,,685,,,OpenITI date code 0685,,"[""author""]",[],[],[],2,[],,,,0685IbnQuffKaraki,"[""https://kitab-corpus-metadata.azurewebsites.net/""]"
openiti_person_0685IbnSacidMaghribi,ابن سعيد المغربي,Ibn Sacid Maghribi,,,Ibn Saʿīd al-Maġribī,,685,,,OpenITI date code 0685,,"[""author""]",[],[],[],6,[],,,,0685IbnSacidMaghribi,"[""https://kitab-corpus-metadata.azurewebsites.net/""]"
openiti_person_0685IbnYahyaSulami,الشافعي السلمي,Ibn Yahya Sulami,,,,,685,,,OpenITI date code 0685,,"[""author""]",[],[],[],1,[],,,,0685IbnYahyaSulami,"[""https://kitab-corpus-metadata.azurewebsites.net/""]"
openiti_person_0685NasirDinBaydawi,البيضاوي,Nasir Din Baydawi,,,,,685,,,OpenITI date code 0685,,"[""author""]",[],[],[],3,[],,,,0685NasirDinBaydawi,"[""https://kitab-corpus-metadata.azurewebsites.net/""]"
openiti_person_0685SadidDinMuhallabi,سديد الدين أبي القاسم عبد الوهاب بن الحسن بن بركات المهلبي,Sadid Din Muhallabi,,,,,685,,,OpenITI date code 0685,,"[""author""]",[],[],[],1,[],,,,0685SadidDinMuhallabi,"[""https://kitab-corpus-metadata.azurewebsites.net/""]"
openiti_person_0686AbuYamanIbnCasakir,عبد الصمد بن عبد الوهاب بن أبي الحسن محمد بن هبة الله بن عبد الله بن الحسين أمين الدين أبو اليمن بن عساكر الدمشقي نزيل مكة (المتوفى: 686هـ),Abu Yaman Ibn Casakir,,,,,686,,,OpenITI date code 0686,,"[""author""]",[],[],[],4,[],,,,0686AbuYamanIbnCasakir,"[""https://kitab-corpus-metadata.azurewebsites.net/""]"
openiti_person_0686IbnNazim,بدر الدين ابن مالك,Ibn Nazim,,,,,686,,,OpenITI date code 0686,,"[""author""]",[],[],[],1,[],,,,0686IbnNazim,"[""https://kitab-corpus-metadata.azurewebsites.net/""]"
openiti_person_0686IbnZakariyaManbiji,الامام جمال الدين أبو محمد علي بن أبي يحيى زكريا بن مسعود الأنصاري الخزرجي المنبجي,Ibn Zakariya Manbiji,,,,,686,,,OpenITI date code 0686,,"[""author""]",[],[],[],1,[],,,,0686IbnZakariyaManbiji,"[""https://kitab-corpus-metadata.azurewebsites.net/""]"
openiti_person_0686ImamiHarawi,الامامي الهروي,Imami Harawi,,,al-Imāmī al-Harawī,,686,,,OpenITI date code 0686,,"[""author""]",[],[],[],1,[],,,,0686ImamiHarawi,"[""https://kitab-corpus-metadata.azurewebsites.net/""]"
openiti_person_0686MuhammadIbnMuhammadNasafi,محمد بن محمد النسفي,Muhammad Ibn Muhammad Nasafi,,,Muḥammad b. Muḥammad al-Nasafī,,686,,,OpenITI date code 0686,,"[""author""]",[],[],[],1,[],,,,0686MuhammadIbnMuhammadNasafi,"[""https://kitab-corpus-metadata.azurewebsites.net/""]"
openiti_person_0686RadiDinAstarabadhi,رضي الدين الأستراباذي,Radi Din Astarabadhi,,,,,686,,,OpenITI date code 0686,,"[""author""]",[],[],[],2,[],,,,0686RadiDinAstarabadhi,"[""https://kitab-corpus-metadata.azurewebsites.net/""]"
openiti_person_0687IbnNafis,علاء الدين ابن النفيس، علي بن أبي الحزم القرشي (المتوفى: 687هـ),Ibn Nafis,,,,,687,,,OpenITI date code 0687,,"[""author""]",[],[],[],3,[],,,,0687IbnNafis,"[""https://kitab-corpus-metadata.azurewebsites.net/""]"
openiti_person_0687PseudoIbnNafis,ابن النفيس,Pseudo Ibn Nafis,,,,,687,,,OpenITI date code 0687,,"[""author""]",[],[],[],1,[],,,,0687PseudoIbnNafis,"[""https://kitab-corpus-metadata.azurewebsites.net/""]"
openiti_person_0687Shahrazuri,الشهرزوري,Shahrazuri,,,al-Šahrazūrī,,687,,,OpenITI date code 0687,,"[""author""]",[],[],[],1,[],,,,0687Shahrazuri,"[""https://kitab-corpus-metadata.azurewebsites.net/""]"
openiti_person_0688FakhrDinCiraqi,فخر الدين عراقي,Fakhr Din Ciraqi,,,Faḫr al-Dīn ʿIrāqī,,688,,,OpenITI date code 0688,,"[""author""]",[],[],[],2,[],,,,0688FakhrDinCiraqi,"[""https://kitab-corpus-metadata.azurewebsites.net/""]"
openiti_person_0688IbnAhmadIshbiliUmawi,ابن أحمد الاشبيلي الأموي,Ibn Ahmad Ishbili Umawi,,,Ibn Aḥmad al-Išbīlī al-Umawī,,688,,,OpenITI date code 0688,,"[""author""]",[],[],[],2,[],,,,0688IbnAhmadIshbiliUmawi,"[""https://kitab-corpus-metadata.azurewebsites.net/""]"
openiti_person_0688IbnCabdRahimIbnKamalDinHanbali,ابن عبد الرحيم بن كمال الدين الحنبلي,Ibn Cabd Rahim Ibn Kamal Din Hanbali,,,Ibn ʿAbd al-Raḥīm b. Kamāl al-Dīn al-Ḥanbalī,,688,,,OpenITI date code 0688,,"[""author""]",[],[],[],1,[],,,,0688IbnCabdRahimIbnKamalDinHanbali,"[""https://kitab-corpus-metadata.azurewebsites.net/""]"
openiti_person_0688ShabZarif,الشاب الظريف,Shab Zarif,,,,,688,,,OpenITI date code 0688,,"[""author""]",[],[],[],1,[],,,,0688ShabZarif,"[""https://kitab-corpus-metadata.azurewebsites.net/""]"
openiti_person_0689AhmadIbnCabdRahmanIbnQudama,نجم الدين، أبو العباس، أحمد بن عبد الرحمن بن قدامة المقدسي (المتوفى: 689هـ),Ahmad Ibn Cabd Rahman Ibn Qudama,,,,,689,,,OpenITI date code 0689,,"[""author""]",[],[],[],1,[],,,,0689AhmadIbnCabdRahmanIbnQudama,"[""https://kitab-corpus-metadata.azurewebsites.net/""]"
openiti_person_0689IbnSacidYahyaHilli,يحيى بن سعيد الحلي,Ibn Sacid Yahya Hilli,,,,,689,,,OpenITI date code 0689,,"[""author""]",[],[],[],2,[],,,,0689IbnSacidYahyaHilli,"[""https://kitab-corpus-metadata.azurewebsites.net/""]"
openiti_person_0690IbnAbiTalibFadilYusufi,الفاضل الآبي,Ibn Abi Talib Fadil Yusufi,,,,,690,,,OpenITI date code 0690,,"[""author""]",[],[],[],1,[],,,,0690IbnAbiTalibFadilYusufi,"[""https://kitab-corpus-metadata.azurewebsites.net/""]"
openiti_person_0690IbnBukhari,ابن البخاري,Ibn Bukhari,,,Ibn al-Buḫārī,,690,,,OpenITI date code 0690,,"[""author""]",[],[],[],2,[],,,,0690IbnBukhari,"[""https://kitab-corpus-metadata.azurewebsites.net/""]"
openiti_person_0690IbnMujawirDimashqi,جمال الدين أبو الفتح يوسف بن يعقوب ابن محمد المعروف بابن المجاور الشيباني الدمشقي (المتوفى: 690هـ),Ibn Mujawir Dimashqi,,,,,690,,,OpenITI date code 0690,,"[""author""]",[],[],[],1,[],,,,0690IbnMujawirDimashqi,"[""https://kitab-corpus-metadata.azurewebsites.net/""]"
openiti_person_0691IbnYusufLabli,أحمد بن يوسف بن يعقوب بن علي الفهري,Ibn Yusuf Labli,,,,,691,,,OpenITI date code 0691,,"[""author""]",[],[],[],2,[],,,,0691IbnYusufLabli,"[""https://kitab-corpus-metadata.azurewebsites.net/""]"
openiti_person_0691SacdiShirazi,سعدي شيرازي,Sacdi Shirazi,,,Saʿdī Šīrāzī,,691,,,OpenITI date code 0691,,"[""author""]",[],[],[],2,[],,,,0691SacdiShirazi,"[""https://kitab-corpus-metadata.azurewebsites.net/""]"
openiti_person_0692IbnCabdZahir,محيي الدين ابن عبد الظاهر,Ibn Cabd Zahir,,,Muḥyī al-Dīn Ibn ʿAbd al-Ẓāhir,,692,,,OpenITI date code 0692,,"[""author""]",[],[],[],5,[],,,,0692IbnCabdZahir,"[""https://kitab-corpus-metadata.azurewebsites.net/""]"
openiti_person_0692IbnCisaBahaDinIrbili,الصاحب بهاء الدين علي بن عيسى بن أبي الفتح الإربلي (المتوفى : 692هـ),Ibn Cisa Baha Din Irbili,,,,,692,,,OpenITI date code 0692,,"[""author""]",[],[],[],2,[],,,,0692IbnCisaBahaDinIrbili,"[""https://kitab-corpus-metadata.azurewebsites.net/""]"
openiti_person_0692TaqiDinIscirdi,عبيد بن محمد الإسعردي,Taqi Din Iscirdi,,,,,692,,,OpenITI date code 0692,,"[""author""]",[],[],[],1,[],,,,0692TaqiDinIscirdi,"[""https://kitab-corpus-metadata.azurewebsites.net/""]"
openiti_person_0693CabdKarimIbnTawus,السيد ابن طاووس,Cabd Karim Ibn Tawus,,,,,693,,,OpenITI date code 0693,,"[""author""]",[],[],[],1,[],,,,0693CabdKarimIbnTawus,"[""https://kitab-corpus-metadata.azurewebsites.net/""]"
openiti_person_0693IbnAbiFathIrbili,ابن أبي الفتح الإربلي,Ibn Abi Fath Irbili,,,,,693,,,OpenITI date code 0693,,"[""author""]",[],[],[],1,[],,,,0693IbnAbiFathIrbili,"[""https://kitab-corpus-metadata.azurewebsites.net/""]"
openiti_person_0693IbnGhannam,ابراهيم بن يحيى,Ibn Ghannam,,,,,693,,,OpenITI date code 0693,,"[""author""]",[],[],[],1,[],,,,0693IbnGhannam,"[""https://kitab-corpus-metadata.azurewebsites.net/""]"
openiti_person_0693SafiDinUrmawi,صفي الدين الأرموي,Safi Din Urmawi,,,Ṣafī al-Dīn al-Urmawī,,693,,,OpenITI date code 0693,,"[""author""]",[],[],[],1,[],,,,0693SafiDinUrmawi,"[""https://kitab-corpus-metadata.azurewebsites.net/""]"
openiti_person_0693ShihabDinKhuyi,شهاب الدين الخويي,Shihab Din Khuyi,,,,,693,,,OpenITI date code 0693,,"[""author""]",[],[],[],1,[],,,,0693ShihabDinKhuyi,"[""https://kitab-corpus-metadata.azurewebsites.net/""]"
openiti_person_0694CizzDinFaruthi,عز الدين الفاروثي,Cizz Din Faruthi,,,ʿIzz al-Dīn al-Fārūṯī,,694,,,OpenITI date code 0694,,"[""author""]",[],[],[],2,[],,,,0694CizzDinFaruthi,"[""https://kitab-corpus-metadata.azurewebsites.net/""]"
openiti_person_0694MuhibbDinTabari,محب الدين الطبري,Muhibb Din Tabari,,,Muḥibb al-Dīn al-Ṭabarī,,694,,,OpenITI date code 0694,,"[""author""]",[],[],[],4,[],,,,0694MuhibbDinTabari,"[""https://kitab-corpus-metadata.azurewebsites.net/""]"
openiti_person_0694MuzaffarDinIbnSacati,مظفر الدين ابن الساعاتي,Muzaffar Din Ibn Sacati,,,,,694,,,OpenITI date code 0694,,"[""author""]",[],[],[],1,[],,,,0694MuzaffarDinIbnSacati,"[""https://kitab-corpus-metadata.azurewebsites.net/""]"
openiti_person_0695AbuBarakatIbnMunajja,ابن المنجى، أبو البركات,Abu Barakat Ibn Munajja,,,,,695,,,OpenITI date code 0695,,"[""author""]",[],[],[],1,[],,,,0695AbuBarakatIbnMunajja,"[""https://kitab-corpus-metadata.azurewebsites.net/""]"
openiti_person_0695IbnAbiJamra,ابن أبي جمرة الأندلسي رحمه الله,Ibn Abi Jamra,,,,,695,,,OpenITI date code 0695,,"[""author""]",[],[],[],1,[],,,,0695IbnAbiJamra,"[""https://kitab-corpus-metadata.azurewebsites.net/""]"
openiti_person_0695IbnHamdanHarraniNumayri,ابن حمدان الحراني النميري,Ibn Hamdan Harrani Numayri,,,Ibn Ḥamdān al-Ḥarrānī al-Numayrī,,695,,,OpenITI date code 0695,,"[""author""]",[],[],[],2,[],,,,0695IbnHamdanHarraniNumayri,"[""https://kitab-corpus-metadata.azurewebsites.net/""]"
openiti_person_0695IbnMuhammadHusayni,ابن الحلبي,Ibn Muhammad Husayni,,,Ibn al-Ḥalabī,,695,,,OpenITI date code 0695,,"[""author""]",[],[],[],1,[],,,,0695IbnMuhammadHusayni,"[""https://kitab-corpus-metadata.azurewebsites.net/""]"
openiti_person_0696AshrafIbnYusufTurkumani,عمر بن يوسف,Ashraf Ibn Yusuf Turkumani,,,,,696,,,OpenITI date code 0696,,"[""author""]",[],[],[],1,[],,,,0696AshrafIbnYusufTurkumani,"[""https://kitab-corpus-metadata.azurewebsites.net/""]"
openiti_person_0696CumarSunami,عمر السنامي(م),Cumar Sunami,,,,,696,,,OpenITI date code 0696,,"[""author""]",[],[],[],1,[],,,,0696CumarSunami,"[""https://kitab-corpus-metadata.azurewebsites.net/""]"
openiti_person_0696IbnMuhammadHusayniBalkhi,,Ibn Muhammad Husayni Balkhi,,,,,696,,,OpenITI date code 0696,,"[""author""]",[],[],[],1,[],,,,0696IbnMuhammadHusayniBalkhi,"[""https://kitab-corpus-metadata.azurewebsites.net/""]"
openiti_person_0696IbnZahiri,جمال الدين أحمد بن محمد بن عبد الله الظاهري الحنفي,Ibn Zahiri,,,,,696,,,OpenITI date code 0696,,"[""author""]",[],[],[],1,[],,,,0696IbnZahiri,"[""https://kitab-corpus-metadata.azurewebsites.net/""]"
openiti_person_0696IbrahimDasuqi,ابراهيم الدسوقي,Ibrahim Dasuqi,,,Ibrāhīm al-Dasūqī,,696,,,OpenITI date code 0696,,"[""author""]",[],[],[],1,[],,,,0696IbrahimDasuqi,"[""https://kitab-corpus-metadata.azurewebsites.net/""]"
openiti_person_0696SharafDinBusiri,البوصيري,Sharaf Din Busiri,,,,,696,,,OpenITI date code 0696,,"[""author""]",[],[],[],1,[],,,,0696SharafDinBusiri,"[""https://kitab-corpus-metadata.azurewebsites.net/""]"
openiti_person_0697AbuCabbasShihabDinNabulusi,أحمد بن سلطان بن سرور,Abu Cabbas Shihab Din Nabulusi,,,,,697,,,OpenITI date code 0697,,"[""author""]",[],[],[],1,[],,,,0697AbuCabbasShihabDinNabulusi,"[""https://kitab-corpus-metadata.azurewebsites.net/""]"
openiti_person_0697CaishaBintCisa,عائشة بنت عيسى بن عبد الله بن أحمد بن محمد بن قدامة المقدسي,Caisha Bint Cisa,,,,,697,,,OpenITI date code 0697,,"[""author""]",[],[],[],1,[],,,,0697CaishaBintCisa,"[""https://kitab-corpus-metadata.azurewebsites.net/""]"
openiti_person_0697Dirini,الديريني,Dirini,,,al-Dīrīnī,,697,,,OpenITI date code 0697,,"[""author""]",[],[],[],1,[],,,,0697Dirini,"[""https://kitab-corpus-metadata.azurewebsites.net/""]"
openiti_person_0697IbnWasil,جمال الدين محمد ابن واصل,Ibn Wasil,,,Ǧamāl al-Dīn Muḥammad Ibn Wāṣil,,697,,,OpenITI date code 0697,,"[""author""]",[],[],[],3,[],,,,0697IbnWasil,"[""https://kitab-corpus-metadata.azurewebsites.net/""]"
openiti_person_0697Kazaruni,الكازروني,Kazaruni,,,al-Kāzarūnī,,697,,,OpenITI date code 0697,,"[""author""]",[],[],[],2,[],,,,0697Kazaruni,"[""https://kitab-corpus-metadata.azurewebsites.net/""]"
openiti_person_0697MutahharIbnYahyaHusayni,المطهر بن يحيى الحسيني,Mutahhar Ibn Yahya Husayni,,,al-Muṭahhar b. Yaḥyá al-Ḥusaynī,,697,,,OpenITI date code 0697,,"[""author""]",[],[],[],1,[],,,,0697MutahharIbnYahyaHusayni,"[""https://kitab-corpus-metadata.azurewebsites.net/""]"
openiti_person_0698IbnFaraGhassani,أبو بكر عتيق بن الفراء الغساني,Ibn Fara Ghassani,,,,,698,,,OpenITI date code 0698,,"[""author""]",[],[],[],1,[],,,,0698IbnFaraGhassani,"[""https://kitab-corpus-metadata.azurewebsites.net/""]"
openiti_person_0698SunqurMughani,شمس الدين، أبو القاسم الحسين ابن أبي الغنائم هبة الله بن محفوظ بن الحسن بن محمد بن الحسن بن أحمد بن الحسين بن صصرى الربعي، التغلبي، الجزري، البلدي، الدمشقي (المتوفى: 626هـ),Sunqur Mughani,,,,,698,,,OpenITI date code 0698,,"[""author""]",[],[],[],1,[],,,,0698SunqurMughani,"[""https://kitab-corpus-metadata.azurewebsites.net/""]"
openiti_person_0699AbuMuhammadLakhmiShafici,أبو محمد الحسن بن علي بن عيسى اللخمي الشافعي,Abu Muhammad Lakhmi Shafici,,,,,699,,,OpenITI date code 0699,,"[""author""]",[],[],[],1,[],,,,0699AbuMuhammadLakhmiShafici,"[""https://kitab-corpus-metadata.azurewebsites.net/""]"
openiti_person_0699IbnCabdRahmanIbnMurahhal,ابن المرحل,Ibn Cabd Rahman Ibn Murahhal,,,,,699,,,OpenITI date code 0699,,"[""author""]",[],[],[],1,[],,,,0699IbnCabdRahmanIbnMurahhal,"[""https://kitab-corpus-metadata.azurewebsites.net/""]"
openiti_person_0699IbnCabdRahmanQazwiniShafici,القزويني,Ibn Cabd Rahman Qazwini Shafici,,,,,699,,,OpenITI date code 0699,,"[""author""]",[],[],[],1,[],,,,0699IbnCabdRahmanQazwiniShafici,"[""https://kitab-corpus-metadata.azurewebsites.net/""]"
openiti_person_0699IbnMaythamBahrani,ابن ميثم البحراني,Ibn Maytham Bahrani,,,,,699,,,OpenITI date code 0699,,"[""author""]",[],[],[],3,[],,,,0699IbnMaythamBahrani,"[""https://kitab-corpus-metadata.azurewebsites.net/""]"
openiti_person_0699SacidDinFaraghani,,Sacid Din Faraghani,,,,,699,,,OpenITI date code 0699,,"[""author""]",[],[],[],1,[],,,,0699SacidDinFaraghani,"[""https://kitab-corpus-metadata.azurewebsites.net/""]"
openiti_person_0699ShihabDinIshbiliLakhmi,ابن فرح,Shihab Din Ishbili Lakhmi,,,,,699,,,OpenITI date code 0699,,"[""author""]",[],[],[],3,[],,,,0699ShihabDinIshbiliLakhmi,"[""https://kitab-corpus-metadata.azurewebsites.net/""]"
openiti_person_0700AbuFadlCaliTabarsi,علي الطبرسي,Abu Fadl Cali Tabarsi,,,,,700,,,OpenITI date code 0700,,"[""author""]",[],[],[],1,[],,,,0700AbuFadlCaliTabarsi,"[""https://kitab-corpus-metadata.azurewebsites.net/""]"
openiti_person_0700Anonymous,مؤلف مجهول,Anonymous,,,Muʾallif majhūl,,700,,,OpenITI date code 0700,,"[""author""]",[],[],[],4,[],,,,0700Anonymous,"[""https://kitab-corpus-metadata.azurewebsites.net/""]"
openiti_person_0700CaliIbnMuhammadSabzawariQummi,علي بن محمد القمي,Cali Ibn Muhammad Sabzawari Qummi,,,,,700,,,OpenITI date code 0700,,"[""author""]",[],[],[],1,[],,,,0700CaliIbnMuhammadSabzawariQummi,"[""https://kitab-corpus-metadata.azurewebsites.net/""]"
openiti_person_0700GhaziIbnWasiti,الغازي بن الواسطي,Ghazi Ibn Wasiti,,,al-Ġāzī b. al-Wāsiṭī,,700,,,OpenITI date code 0700,,"[""author""]",[],[],[],1,[],,,,0700GhaziIbnWasiti,"[""https://kitab-corpus-metadata.azurewebsites.net/""]"
openiti_person_0700IbnAbiBakrAnsariBurri,البري,Ibn Abi Bakr Ansari Burri,,,,,700,,,OpenITI date code 0700,,"[""author""]",[],[],[],1,[],,,,0700IbnAbiBakrAnsariBurri,"[""https://kitab-corpus-metadata.azurewebsites.net/""]"
openiti_person_0700IbnYusufIbnJabar,ابن جبر,Ibn Yusuf Ibn Jabar,,,,,700,,,OpenITI date code 0700,,"[""author""]",[],[],[],1,[],,,,0700IbnYusufIbnJabar,"[""https://kitab-corpus-metadata.azurewebsites.net/""]"
openiti_person_0700MuhammadCibdariHahi,أبو عبدالله العبدري,Muhammad Cibdari Hahi,,,,,700,,,OpenITI date code 0700,,"[""author""]",[],[],[],1,[],,,,0700MuhammadCibdariHahi,"[""https://kitab-corpus-metadata.azurewebsites.net/""]"
openiti_person_0700MuhammadIbnHasanQummi,محمد بن الحسن القمي,Muhammad Ibn Hasan Qummi,,,,,700,,,OpenITI date code 0700,,"[""author""]",[],[],[],1,[],,,,0700MuhammadIbnHasanQummi,"[""https://kitab-corpus-metadata.azurewebsites.net/""]"
openiti_person_0700MuhammadIbnMuhammadSabzawari,الشيخ محمد السبزواري,Muhammad Ibn Muhammad Sabzawari,,,,,700,,,OpenITI date code 0700,,"[""author""]",[],[],[],1,[],,,,0700MuhammadIbnMuhammadSabzawari,"[""https://kitab-corpus-metadata.azurewebsites.net/""]"
openiti_person_0700MuhammadIbnSacidRawandi,محمد بن سعيد الراوندي,Muhammad Ibn Sacid Rawandi,,,,,700,,,OpenITI date code 0700,,"[""author""]",[],[],[],1,[],,,,0700MuhammadIbnSacidRawandi,"[""https://kitab-corpus-metadata.azurewebsites.net/""]"
openiti_person_0700YahyaIbnQasimIbnYahya,يحيى بن القاسم بن يحيى,Yahya Ibn Qasim Ibn Yahya,,,Yaḥyá b. al-Qāsim b. Yaḥyá,,700,,,OpenITI date code 0700,,"[""author""]",[],[],[],1,[],,,,0700YahyaIbnQasimIbnYahya,"[""https://kitab-corpus-metadata.azurewebsites.net/""]"
openiti_person_0701IbnNasrAllahJazari,ابن الصيقل الجزري,Ibn Nasr Allah Jazari,,,,,701,,,OpenITI date code 0701,,"[""author""]",[],[],[],1,[],,,,0701IbnNasrAllahJazari,"[""https://kitab-corpus-metadata.azurewebsites.net/""]"
openiti_person_0701SharafDinYunini,علي بن محمد بن أبي الحسين أحمد بن عبد الله بن عيسى بن أحمد بن محمد بن محمد الحافظ شرف الدين أبي الحسين اليونيني البعلي (المتوفى: 701هـ),Sharaf Din Yunini,,,,,701,,,OpenITI date code 0701,,"[""author""]",[],[],[],1,[],,,,0701SharafDinYunini,"[""https://kitab-corpus-metadata.azurewebsites.net/""]"
openiti_person_0702IbnCabdRahmanCubaydi,محمد بن عبد الرحمن بن عبد المجيد العبيدي (المتوفى : بعد 702هـ),Ibn Cabd Rahman Cubaydi,,,,,702,,,OpenITI date code 0702,,"[""author""]",[],[],[],1,[],,,,0702IbnCabdRahmanCubaydi,"[""https://kitab-corpus-metadata.azurewebsites.net/""]"
openiti_person_0702IbnDaqiqCidQushayri,تقي الدين أبو الفتح محمد بن علي بن وهب بن مطيع القشيري، المعروف بابن دقيق العيد (المتوفى: 702هـ),Ibn Daqiq Cid Qushayri,,,,,702,,,OpenITI date code 0702,,"[""author""]",[],[],[],6,[],,,,0702IbnDaqiqCidQushayri,"[""https://kitab-corpus-metadata.azurewebsites.net/""]"
openiti_person_0703IbnCabdMalikMarrakushi,ابن عبد الملك المراكشي,Ibn Cabd Malik Marrakushi,,,,,703,,,OpenITI date code 0703,,"[""author""]",[],[],[],1,[],,,,0703IbnCabdMalikMarrakushi,"[""https://kitab-corpus-metadata.azurewebsites.net/""]"
openiti_person_0704IbnNuhQusi,ابن نوح القوسي,Ibn Nuh Qusi,,,Ibn Nūḥ al-Qūsī,,704,,,OpenITI date code 0704,,"[""author""]",[],[],[],1,[],,,,0704IbnNuhQusi,"[""https://kitab-corpus-metadata.azurewebsites.net/""]"
openiti_person_0705AbuMuhammadMalaqi,أبو محمد المالقي,Abu Muhammad Malaqi,,,Abū Muḥammad al-Mālaqī,,705,,,OpenITI date code 0705,,"[""author""]",[],[],[],1,[],,,,0705AbuMuhammadMalaqi,"[""https://kitab-corpus-metadata.azurewebsites.net/""]"
openiti_person_0705IbnYusufHilli,رضي الدين الحلي,Ibn Yusuf Hilli,,,,,705,,,OpenITI date code 0705,,"[""author""]",[],[],[],1,[],,,,0705IbnYusufHilli,"[""https://kitab-corpus-metadata.azurewebsites.net/""]"
openiti_person_0705SharafDinDimyati,شرف الدين الدمياطي,Sharaf Din Dimyati,,,Šaraf al-Dīn al-Dimyāṭī,,705,,,OpenITI date code 0705,,"[""author""]",[],[],[],8,[],,,,0705SharafDinDimyati,"[""https://kitab-corpus-metadata.azurewebsites.net/""]"
openiti_person_0707RashidDinBaghdadi,رشيد الدين أبي عبد الله محمد بن أبي القاسم عبد الله بن عمر المقرئ البغدادي,Rashid Din Baghdadi,,,,,707,,,OpenITI date code 0707,,"[""author""]",[],[],[],1,[],,,,0707RashidDinBaghdadi,"[""https://kitab-corpus-metadata.azurewebsites.net/""]"
openiti_person_0708IbnIbrahimAbuJacfarGharnati,أحمد بن إبراهيم بن الزبير الثقفي الغرناطي، أبو جعفر (المتوفى: 708هـ),Ibn Ibrahim Abu Jacfar Gharnati,,,,,708,,,OpenITI date code 0708,,"[""author""]",[],[],[],2,[],,,,0708IbnIbrahimAbuJacfarGharnati,"[""https://kitab-corpus-metadata.azurewebsites.net/""]"
openiti_person_0708IbnIbrahimBaqquri,البقوري,Ibn Ibrahim Baqquri,,,,,708,,,OpenITI date code 0708,,"[""author""]",[],[],[],1,[],,,,0708IbnIbrahimBaqquri,"[""https://kitab-corpus-metadata.azurewebsites.net/""]"
openiti_person_0709IbnAbiFathShamsDinBacli,البعلي,Ibn Abi Fath Shams Din Bacli,,,,,709,,,OpenITI date code 0709,,"[""author""]",[],[],[],1,[],,,,0709IbnAbiFathShamsDinBacli,"[""https://kitab-corpus-metadata.azurewebsites.net/""]"
openiti_person_0709IbnCataAllahSikandari,ابن عطاء الله السكندري,Ibn Cata Allah Sikandari,,,Ibn ʿAṭāʾ Allāh al-Sikandarī,,709,,,OpenITI date code 0709,,"[""author""]",[],[],[],6,[],,,,0709IbnCataAllahSikandari,"[""https://kitab-corpus-metadata.azurewebsites.net/""]"
openiti_person_0709IbnTiqtaqa,محمد بن علي بن طباطبا المعروف بابن الطقطقي (المتوفى : 709هـ),Ibn Tiqtaqa,,,,,709,,,OpenITI date code 0709,,"[""author""]",[],[],[],1,[],,,,0709IbnTiqtaqa,"[""https://kitab-corpus-metadata.azurewebsites.net/""]"
openiti_person_0709Tijani,التجاني,Tijani,,,al-Tijānī,,709,,,OpenITI date code 0709,,"[""author""]",[],[],[],1,[],,,,0709Tijani,"[""https://kitab-corpus-metadata.azurewebsites.net/""]"
openiti_person_0710IbnAhmadHafizDinNasafi,النسفي، أبو البركات,Ibn Ahmad Hafiz Din Nasafi,,,,,710,,,OpenITI date code 0710,,"[""author""]",[],[],[],3,[],,,,0710IbnAhmadHafizDinNasafi,"[""https://kitab-corpus-metadata.azurewebsites.net/""]"
openiti_person_0710IbnAydamurMustacsimi,محمد بن أيدمر,Ibn Aydamur Mustacsimi,,,,,710,,,OpenITI date code 0710,,"[""author""]",[],[],[],1,[],,,,0710IbnAydamurMustacsimi,"[""https://kitab-corpus-metadata.azurewebsites.net/""]"
openiti_person_0710IbnIbrahimShamsDinSuruji,أحمد بن إبراهيم بن عبد الغني السروجي، أبو العباس، شمس الدين (المتوفى: 710هـ),Ibn Ibrahim Shams Din Suruji,,,,,710,,,OpenITI date code 0710,,"[""author""]",[],[],[],1,[],,,,0710IbnIbrahimShamsDinSuruji,"[""https://kitab-corpus-metadata.azurewebsites.net/""]"
openiti_person_0710IbnRifca,ابن الرفعة,Ibn Rifca,,,Ibn al-Rifʿaŧ,,710,,,OpenITI date code 0710,,"[""author""]",[],[],[],2,[],,,,0710IbnRifca,"[""https://kitab-corpus-metadata.azurewebsites.net/""]"
openiti_person_0710QutbShirazi,قطب الدين الشيرازي,Qutb Shirazi,,,Quṭb al-Dīn al-Šīrāzī,,710,,,OpenITI date code 0710,,"[""author""]",[],[],[],1,[],,,,0710QutbShirazi,"[""https://kitab-corpus-metadata.azurewebsites.net/""]"
openiti_person_0711HussamDinSighnaqi,الحسين بن علي بن حجاج بن علي، حسام الدين السغناقي (المتوفى: 711 ه),Hussam Din Sighnaqi,,,,,711,,,OpenITI date code 0711,,"[""author""]",[],[],[],1,[],,,,0711HussamDinSighnaqi,"[""https://kitab-corpus-metadata.azurewebsites.net/""]"
openiti_person_0711IbnIbrahimCimadDinWasiti,الواسطي، ابن شيخ الحزامية، ابن شيخ الحزامين,Ibn Ibrahim Cimad Din Wasiti,,,"al-Wāsiṭī, Ibn Šayḫ al-Ḥazzāmiyyaŧ, Ibn Šayḫ al-Ḥazzāmīn",,711,,,OpenITI date code 0711,,"[""author""]",[],[],[],10,[],,,,0711IbnIbrahimCimadDinWasiti,"[""https://kitab-corpus-metadata.azurewebsites.net/""]"
openiti_person_0711IbnManzurIfriqi,ابن منظور,Ibn Manzur Ifriqi,,,Ibn Manẓūr,,711,,,OpenITI date code 0711,,"[""author""]",[],[],[],7,[],,,,0711IbnManzurIfriqi,"[""https://kitab-corpus-metadata.azurewebsites.net/""]"
openiti_person_0713IbnYusufShattanawfi,الشطنوفي,Ibn Yusuf Shattanawfi,,,al-Šaṭṭanūfī,,713,,,OpenITI date code 0713,,"[""author""]",[],[],[],1,[],,,,0713IbnYusufShattanawfi,"[""https://kitab-corpus-metadata.azurewebsites.net/""]"
openiti_person_0713ShihabDinDashti,أحمد بن محمد بن أبي القاسم بن بدرن,Shihab Din Dashti,,,,,713,,,OpenITI date code 0713,,"[""author""]",[],[],[],1,[],,,,0713ShihabDinDashti,"[""https://kitab-corpus-metadata.azurewebsites.net/""]"
openiti_person_0714AhmadGhubrini,أبو العباس أحمد بن أحمد بن عبد الله الغبريني,Ahmad Ghubrini,,,,,714,,,OpenITI date code 0714,,"[""author""]",[],[],[],1,[],,,,0714AhmadGhubrini,"[""https://kitab-corpus-metadata.azurewebsites.net/""]"
openiti_person_0715RuknDinAstarabadhi,حسن بن محمد بن شرف شاه الحسيني الأستراباذي، ركن الدين (المتوفى: 715هـ),Rukn Din Astarabadhi,,,,,715,,,OpenITI date code 0715,,"[""author""]",[],[],[],1,[],,,,0715RuknDinAstarabadhi,"[""https://kitab-corpus-metadata.azurewebsites.net/""]"
openiti_person_0715SafiHindi,صفي الدين محمد بن عبد الرحيم بن محمد الأرموي الهندي الشافعي (المتوفى: 715 ه),Safi Hindi,,,,,715,,,OpenITI date code 0715,,"[""author""]",[],[],[],2,[],,,,0715SafiHindi,"[""https://kitab-corpus-metadata.azurewebsites.net/""]"
openiti_person_0716IbnWakil,محمد بن مكي بن عبد الصمد بن المرحل صدر الدين ابن الوكيل,Ibn Wakil,,,,,716,,,OpenITI date code 0716,,"[""author""]",[],[],[],1,[],,,,0716IbnWakil,"[""https://kitab-corpus-metadata.azurewebsites.net/""]"
openiti_person_0716NajmDinTufi,سليمان بن عبد القوي بن الكريم الطوفي الصرصري، أبو الربيع، نجم الدين (المتوفى: 716 ه),Najm Din Tufi,,,,,716,,,OpenITI date code 0716,,"[""author""]",[],[],[],7,[],,,,0716NajmDinTufi,"[""https://kitab-corpus-metadata.azurewebsites.net/""]"
openiti_person_0717AbuCaliSakuni,أبو علي السكوني,Abu Cali Sakuni,,,Abū ʿAlī al-Sakūnī,,717,,,OpenITI date code 0717,,"[""author""]",[],[],[],1,[],,,,0717AbuCaliSakuni,"[""https://kitab-corpus-metadata.azurewebsites.net/""]"
openiti_person_0717CalaDinIbnCabdZahir,علاء الدين ابن عبد الظاهر,Cala Din Ibn Cabd Zahir,,,ʿAlāʾ al-dīn Ibn ʿAbd al-Ẓāhir,,717,,,OpenITI date code 0717,,"[""author""]",[],[],[],1,[],,,,0717CalaDinIbnCabdZahir,"[""https://kitab-corpus-metadata.azurewebsites.net/""]"
openiti_person_0718AbuIshaqWatwat,الوطواط,Abu Ishaq Watwat,,,al-Waṭwāṭ,,718,,,OpenITI date code 0718,,"[""author""]",[],[],[],2,[],,,,0718AbuIshaqWatwat,"[""https://kitab-corpus-metadata.azurewebsites.net/""]"
openiti_person_0718IbnAhmadNabulusi,أبو بكر بن أحمد بن عبد الدائم بن نعمة بن أحمد بن نعمة بن بكير النابلسي المقدسي الصالحي (المتوفى: 718ه),Ibn Ahmad Nabulusi,,,,,718,,,OpenITI date code 0718,,"[""author""]",[],[],[],1,[],,,,0718IbnAhmadNabulusi,"[""https://kitab-corpus-metadata.azurewebsites.net/""]"
openiti_person_0718RashidDinTabib,رشيد الدين طبيب,Rashid Din Tabib,,,Rašīd al-Dīn Ṭabīb,,718,,,OpenITI date code 0718,,"[""author""]",[],[],[],4,[],,,,0718RashidDinTabib,"[""https://kitab-corpus-metadata.azurewebsites.net/""]"
openiti_person_0719IbnHanash,عبد الله بن حنش,Ibn Hanash,,,ʿAbd Allāh b. Ḥanaš,,719,,,OpenITI date code 0719,,"[""author""]",[],[],[],1,[],,,,0719IbnHanash,"[""https://kitab-corpus-metadata.azurewebsites.net/""]"
openiti_person_0720IbnCumarKurdi,الحسن بن عمر بن عيسى بن خليل بن إبراهيم الدمشقي الفراش البكاري أبو علي وأبو محمد المعروف بالكردي (المتوفى: 720هـ),Ibn Cumar Kurdi,,,,,720,,,OpenITI date code 0720,,"[""author""]",[],[],[],1,[],,,,0720IbnCumarKurdi,"[""https://kitab-corpus-metadata.azurewebsites.net/""]"
openiti_person_0720IbnNashwDimashqi,شرف الدين أبو الفتح محمد بن عبد الرحيم بن عباس القرشي ابن النشو,Ibn Nashw Dimashqi,,,,,720,,,OpenITI date code 0720,,"[""author""]",[],[],[],1,[],,,,0720IbnNashwDimashqi,"[""https://kitab-corpus-metadata.azurewebsites.net/""]"
openiti_person_0720IbnSaigh,محمد بن حسن بن سباع بن أبي بكر الجذامي، أبو عبد الله، شمس الدين، المعروف بابن الصائغ (المتوفى: 720هـ),Ibn Saigh,,,,,720,,,OpenITI date code 0720,,"[""author""]",[],[],[],1,[],,,,0720IbnSaigh,"[""https://kitab-corpus-metadata.azurewebsites.net/""]"
openiti_person_0720MahmudShabistari,محمود شبستري,Mahmud Shabistari,,,Maḥmūd Šabistarī,,720,,,OpenITI date code 0720,,"[""author""]",[],[],[],2,[],,,,0720MahmudShabistari,"[""https://kitab-corpus-metadata.azurewebsites.net/""]"
openiti_person_0721IbnBannaMarrakushi,أبو العباس أحمد بن محمد بن عثمان الأزدي المعروف بابن البناء المراكشي (المتوفى: 721هـ),Ibn Banna Marrakushi,,,,,721,,,OpenITI date code 0721,,"[""author""]",[],[],[],1,[],,,,0721IbnBannaMarrakushi,"[""https://kitab-corpus-metadata.azurewebsites.net/""]"
openiti_person_0721IbnRushaydSabti,محمد بن عمر بن محمد، أبو عبد الله، محب الدين ابن رشيد الفهري السبتي (المتوفى: 721هـ),Ibn Rushayd Sabti,,,,,721,,,OpenITI date code 0721,,"[""author""]",[],[],[],2,[],,,,0721IbnRushaydSabti,"[""https://kitab-corpus-metadata.azurewebsites.net/""]"
openiti_person_0722AbuMajamicIbnHammuya,أبو المجامع الحموي,Abu Majamic Ibn Hammuya,,,,,722,,,OpenITI date code 0722,,"[""author""]",[],[],[],2,[],,,,0722AbuMajamicIbnHammuya,"[""https://kitab-corpus-metadata.azurewebsites.net/""]"
openiti_person_0722IbrahimIbnSacdDin,إبراهيم بن سعد الدين الشافعي‏,Ibrahim Ibn Sacd Din,,,,,722,,,OpenITI date code 0722,,"[""author""]",[],[],[],1,[],,,,0722IbrahimIbnSacdDin,"[""https://kitab-corpus-metadata.azurewebsites.net/""]"
openiti_person_0723IbnAjrum,ابن آجروم، محمد بن محمد بن داود الصنهاجي، أبو عبد الله (المتوفى: 723هـ),Ibn Ajrum,,,,,723,,,OpenITI date code 0723,,"[""author""]",[],[],[],1,[],,,,0723IbnAjrum,"[""https://kitab-corpus-metadata.azurewebsites.net/""]"
openiti_person_0723IbnFuwati,ابن الفوطي,Ibn Fuwati,,,Ibn al-Fuwaṭī,,723,,,OpenITI date code 0723,,"[""author""]",[],[],[],1,[],,,,0723IbnFuwati,"[""https://kitab-corpus-metadata.azurewebsites.net/""]"
openiti_person_0724IbnCattar,علي بن إبراهيم بن داود بن سلمان بن سليمان، أبو الحسن، علاء الدين ابن العطار (المتوفى: 724 ه),Ibn Cattar,,,,,724,,,OpenITI date code 0724,,"[""author""]",[],[],[],5,[],,,,0724IbnCattar,"[""https://kitab-corpus-metadata.azurewebsites.net/""]"
openiti_person_0724IbnKabar,ابن كبر,Ibn Kabar,,,Ibn Kabar,,724,,,OpenITI date code 0724,,"[""author""]",[],[],[],1,[],,,,0724IbnKabar,"[""https://kitab-corpus-metadata.azurewebsites.net/""]"
openiti_person_0725AmirKhusraw,أمير خسرو,Amir Khusraw,,,Amīr Ḫusraw,,725,,,OpenITI date code 0725,,"[""author""]",[],[],[],6,[],,,,0725AmirKhusraw,"[""https://kitab-corpus-metadata.azurewebsites.net/""]"
openiti_person_0725Anonymous,مجموعة من المؤلفين,Anonymous,,,,,725,,,OpenITI date code 0725,,"[""author""]",[],[],[],1,[],,,,0725Anonymous,"[""https://kitab-corpus-metadata.azurewebsites.net/""]"
openiti_person_0725BaybarsMansuri,بيبرس المنصوري الأمير الدوادار,Baybars Mansuri,,,Baybars al-Manṣūrī al-amīr al-dawādār,,725,,,OpenITI date code 0725,,"[""author""]",[],[],[],4,[],,,,0725BaybarsMansuri,"[""https://kitab-corpus-metadata.azurewebsites.net/""]"
openiti_person_0725CabbasiSafadi,الحسن الصفدي,Cabbasi Safadi,,,al-Ḥasan al-Ṣafadī,,725,,,OpenITI date code 0725,,"[""author""]",[],[],[],2,[],,,,0725CabbasiSafadi,"[""https://kitab-corpus-metadata.azurewebsites.net/""]"
openiti_person_0725CabdAllahSiwasi,السيواسي,Cabd Allah Siwasi,,,al-Sīwāsī,,725,,,OpenITI date code 0725,,"[""author""]",[],[],[],1,[],,,,0725CabdAllahSiwasi,"[""https://kitab-corpus-metadata.azurewebsites.net/""]"
openiti_person_0725IbnCidhariMarrakushi,ابن عذاري المراكشي، أبو عبد الله محمد بن محمد (المتوفى: نحو 695هـ),Ibn Cidhari Marrakushi,,,,,725,,,OpenITI date code 0725,,"[""author""]",[],[],[],1,[],,,,0725IbnCidhariMarrakushi,"[""https://kitab-corpus-metadata.azurewebsites.net/""]"
openiti_person_0725ShihabDinMahmudAbuThana,شهاب الدين محمود أبو الثناء,Shihab Din Mahmud Abu Thana,,,Šihāb al-Dīn Maḥmūd Abū al-Ṯanāʾ,,725,,,OpenITI date code 0725,,"[""author""]",[],[],[],2,[],,,,0725ShihabDinMahmudAbuThana,"[""https://kitab-corpus-metadata.azurewebsites.net/""]"
openiti_person_0726CallamaHilli,العلامة الحلي,Callama Hilli,,,al-ʿAllāmaŧ al-Ḥillī,,726,,,OpenITI date code 0726,,"[""author""]",[],[],[],25,[],,,,0726CallamaHilli,"[""https://kitab-corpus-metadata.azurewebsites.net/""]"
openiti_person_0726IbnSuqaci,ابن الصقاعي,Ibn Suqaci,,,Ibn al-Ṣuqāʿī,,726,,,OpenITI date code 0726,,"[""author""]",[],[],[],1,[],,,,0726IbnSuqaci,"[""https://kitab-corpus-metadata.azurewebsites.net/""]"
openiti_person_0726Yunini,قطب الدين أبو الفتح موسى بن محمد اليونيني (المتوفى: 726 هـ),Yunini,,,,,726,,,OpenITI date code 0726,,"[""author""]",[],[],[],1,[],,,,0726Yunini,"[""https://kitab-corpus-metadata.azurewebsites.net/""]"
openiti_person_0727MuzhiriZaydani,الحسين بن محمود بن الحسن، مظهر الدين الزيداني الكوفي الضرير الشيرازي الحنفي المشهور بالمظهري (المتوفى: 727 ه),Muzhiri Zaydani,,,,,727,,,OpenITI date code 0727,,"[""author""]",[],[],[],1,[],,,,0727MuzhiriZaydani,"[""https://kitab-corpus-metadata.azurewebsites.net/""]"
openiti_person_0727ShamsDinDimashqi,شمس الدين الدمشقي,Shams Din Dimashqi,,,Šams al-Dīn al-Dimašqī,,727,,,OpenITI date code 0727,,"[""author""]",[],[],[],2,[],,,,0727ShamsDinDimashqi,"[""https://kitab-corpus-metadata.azurewebsites.net/""]"
openiti_person_0728IbnMutahharZaydi,ابن المطهر الزيدي,Ibn Mutahhar Zaydi,,,Ibn al-Muṭahhar al-Zaydī,,728,,,OpenITI date code 0728,,"[""author""]",[],[],[],1,[],,,,0728IbnMutahharZaydi,"[""https://kitab-corpus-metadata.azurewebsites.net/""]"
openiti_person_0728IbnTaymiyya,ابن تيمية,Ibn Taymiyya,,,Ibn Taymiyyaŧ,,728,,,OpenITI date code 0728,,"[""author""]",[],[],[],124,[],,,,0728IbnTaymiyya,"[""https://kitab-corpus-metadata.azurewebsites.net/""]"
openiti_person_0729AbuNunDabusi,أبو النون يونس بن إبراهيم الدبوسي الكناني العسقلاني المصري,Abu Nun Dabusi,,,,,729,,,OpenITI date code 0729,,"[""author""]",[],[],[],1,[],,,,0729AbuNunDabusi,"[""https://kitab-corpus-metadata.azurewebsites.net/""]"
openiti_person_0729IbnUkhuwwa,ابن الأخوة,Ibn Ukhuwwa,,,,,729,,,OpenITI date code 0729,,"[""author""]",[],[],[],2,[],,,,0729IbnUkhuwwa,"[""https://kitab-corpus-metadata.azurewebsites.net/""]"
openiti_person_0730CabdRazzaqKashani,,Cabd Razzaq Kashani,,,,,730,,,OpenITI date code 0730,,"[""author""]",[],[],[],1,[],,,,0730CabdRazzaqKashani,"[""https://kitab-corpus-metadata.azurewebsites.net/""]"
openiti_person_0730FakhrDinBanakati,,Fakhr Din Banakati,,,,,730,,,OpenITI date code 0730,,"[""author""]",[],[],[],1,[],,,,0730FakhrDinBanakati,"[""https://kitab-corpus-metadata.azurewebsites.net/""]"
openiti_person_0730IbnAhmadCalaDinBukhari,علاء الدين عبد العزيز بن أحمد البخاري,Ibn Ahmad Cala Din Bukhari,,,,,730,,,OpenITI date code 0730,,"[""author""]",[],[],[],1,[],,,,0730IbnAhmadCalaDinBukhari,"[""https://kitab-corpus-metadata.azurewebsites.net/""]"
openiti_person_0730NajmDinShirazi,محمود بن الياس الشيرازي,Najm Din Shirazi,,,Maḥmūd b. Ilyās al-Šīrāzī,,730,,,OpenITI date code 0730,,"[""author""]",[],[],[],1,[],,,,0730NajmDinShirazi,"[""https://kitab-corpus-metadata.azurewebsites.net/""]"
openiti_person_0730NasirDinBayadi,,Nasir Din Bayadi,,,,,730,,,OpenITI date code 0730,,"[""author""]",[],[],[],1,[],,,,0730NasirDinBayadi,"[""https://kitab-corpus-metadata.azurewebsites.net/""]"
openiti_person_0730NizamDinNaysaburi,لا يوجد,Nizam Din Naysaburi,,,,,730,,,OpenITI date code 0730,,"[""author""]",[],[],[],1,[],,,,0730NizamDinNaysaburi,"[""https://kitab-corpus-metadata.azurewebsites.net/""]"
openiti_person_0730QasimTujibi,التجيبي,Qasim Tujibi,,,al-Tuǧībī,,730,,,OpenITI date code 0730,,"[""author""]",[],[],[],1,[],,,,0730QasimTujibi,"[""https://kitab-corpus-metadata.azurewebsites.net/""]"
openiti_person_0730ShaficIbnCali,شافع بن علي,Shafic Ibn Cali,,,Šāfiʿ b. ʿAlī,,730,,,OpenITI date code 0730,,"[""author""]",[],[],[],2,[],,,,0730ShaficIbnCali,"[""https://kitab-corpus-metadata.azurewebsites.net/""]"
openiti_person_0731IbnBarriRibati,ابن بري,Ibn Barri Ribati,,,Ibn Barrī,,731,,,OpenITI date code 0731,,"[""author""]",[],[],[],1,[],,,,0731IbnBarriRibati,"[""https://kitab-corpus-metadata.azurewebsites.net/""]"
openiti_person_0731IbnMuhammadHusayni,ابن محمد الحسيني,Ibn Muhammad Husayni,,,Ibn Muḥammad al-Ḥusaynī,,731,,,OpenITI date code 0731,,"[""author""]",[],[],[],1,[],,,,0731IbnMuhammadHusayni,"[""https://kitab-corpus-metadata.azurewebsites.net/""]"
openiti_person_0732AbuFida,أبو لفداء,Abu Fida,,,Abū l-Fidāʾ,,732,,,OpenITI date code 0732,,"[""author""]",[],[],[],5,[],,,,0732AbuFida,"[""https://kitab-corpus-metadata.azurewebsites.net/""]"
openiti_person_0732IbnCumarBurhanDinJacbari,الجعبري,Ibn Cumar Burhan Din Jacbari,,,,,732,,,OpenITI date code 0732,,"[""author""]",[],[],[],2,[],,,,0732IbnCumarBurhanDinJacbari,"[""https://kitab-corpus-metadata.azurewebsites.net/""]"
openiti_person_0732IbnMuhammadShihabDinBaghdadi,عبد الرحمن بن محمد بن عسكر البغدادي، أبو زيد أو أبو محمد، شهاب الدين المالكي (المتوفى: 732هـ),Ibn Muhammad Shihab Din Baghdadi,,,,,732,,,OpenITI date code 0732,,"[""author""]",[],[],[],1,[],,,,0732IbnMuhammadShihabDinBaghdadi,"[""https://kitab-corpus-metadata.azurewebsites.net/""]"
openiti_person_0732IbnYacqubJanadi,الجندي,Ibn Yacqub Janadi,,,al-Ǧanadī,,732,,,OpenITI date code 0732,,"[""author""]",[],[],[],1,[],,,,0732IbnYacqubJanadi,"[""https://kitab-corpus-metadata.azurewebsites.net/""]"
openiti_person_0732IbnYusufDujayli,الحسين بن يوسف الدجيلي,Ibn Yusuf Dujayli,,,,,732,,,OpenITI date code 0732,,"[""author""]",[],[],[],1,[],,,,0732IbnYusufDujayli,"[""https://kitab-corpus-metadata.azurewebsites.net/""]"
openiti_person_0733IbnJamacaBadrDinHamawi,أبو عبد الله، محمد بن إبراهيم بن سعد الله بن جماعة الكناني الحموي الشافعي، بدر الدين (المتوفى: 733هـ),Ibn Jamaca Badr Din Hamawi,,,,,733,,,OpenITI date code 0733,,"[""author""]",[],[],[],10,[],,,,0733IbnJamacaBadrDinHamawi,"[""https://kitab-corpus-metadata.azurewebsites.net/""]"
openiti_person_0733KarimDinAqsarai,,Karim Din Aqsarai,,,,,733,,,OpenITI date code 0733,,"[""author""]",[],[],[],1,[],,,,0733KarimDinAqsarai,"[""https://kitab-corpus-metadata.azurewebsites.net/""]"
openiti_person_0733Nuwayri,شهاب الدين النويري,Nuwayri,,,Šihāb al-Dīn al-Nuwayrī,,733,,,OpenITI date code 0733,,"[""author""]",[],[],[],1,[],,,,0733Nuwayri,"[""https://kitab-corpus-metadata.azurewebsites.net/""]"
openiti_person_0733ShujacDinTurkistani,شجاع الدين التركستاني,Shujac Din Turkistani,,,Šujāʿ al-Dīn al-Turkistānī,,733,,,OpenITI date code 0733,,"[""author""]",[],[],[],1,[],,,,0733ShujacDinTurkistani,"[""https://kitab-corpus-metadata.azurewebsites.net/""]"
openiti_person_0734IbnCaliTajDinFakihani,عمر بن علي بن سالم بن صدقة اللخمي الإسكندري، تاج الدين الفاكهاني (المتوفى: 734هـ),Ibn Cali Taj Din Fakihani,,,,,734,,,OpenITI date code 0734,,"[""author""]",[],[],[],2,[],,,,0734IbnCaliTajDinFakihani,"[""https://kitab-corpus-metadata.azurewebsites.net/""]"
openiti_person_0734IbnQaddahHawari,أبو علي عمر بن قداح الهواري,Ibn Qaddah Hawari,,,,,734,,,OpenITI date code 0734,,"[""author""]",[],[],[],2,[],,,,0734IbnQaddahHawari,"[""https://kitab-corpus-metadata.azurewebsites.net/""]"
openiti_person_0734IbnSayyidNas,ابن سيد الناس,Ibn Sayyid Nas,,,Ibn Sayyid al-Nās,,734,,,OpenITI date code 0734,,"[""author""]",[],[],[],4,[],,,,0734IbnSayyidNas,"[""https://kitab-corpus-metadata.azurewebsites.net/""]"
openiti_person_0735DawudIbnMakhila,داود بن ماخلا,Dawud Ibn Makhila,,,Dāwud b. Māḫilā,,735,,,OpenITI date code 0735,,"[""author""]",[],[],[],1,[],,,,0735DawudIbnMakhila,"[""https://kitab-corpus-metadata.azurewebsites.net/""]"
openiti_person_0735IbnTarkhan,ابن طرخان,Ibn Tarkhan,,,,,735,,,OpenITI date code 0735,,"[""author""]",[],[],[],1,[],,,,0735IbnTarkhan,"[""https://kitab-corpus-metadata.azurewebsites.net/""]"
openiti_person_0736Bakharzi,,Bakharzi,,,,,736,,,OpenITI date code 0736,,"[""author""]",[],[],[],1,[],,,,0736Bakharzi,"[""https://kitab-corpus-metadata.azurewebsites.net/""]"
openiti_person_0736CalaDawlaSimnani,علاء الدولة السمناني,Cala Dawla Simnani,,,ʿAlāʾ al-Dawlaŧ al-Simnānī,,736,,,OpenITI date code 0736,,"[""author""]",[],[],[],2,[],,,,0736CalaDawlaSimnani,"[""https://kitab-corpus-metadata.azurewebsites.net/""]"
openiti_person_0736IbnDawadari,ابن الدواداري,Ibn Dawadari,,,Ibn al-Dawādārī,,736,,,OpenITI date code 0736,,"[""author""]",[],[],[],1,[],,,,0736IbnDawadari,"[""https://kitab-corpus-metadata.azurewebsites.net/""]"
openiti_person_0736IbnRashidBakri,ابن راشد البكري,Ibn Rashid Bakri,,,,,736,,,OpenITI date code 0736,,"[""author""]",[],[],[],1,[],,,,0736IbnRashidBakri,"[""https://kitab-corpus-metadata.azurewebsites.net/""]"
openiti_person_0737IbnMuhammadIbnHajjFasi,أبو عبد الله محمد بن محمد بن محمد العبدري الفاسي المالكي الشهير بابن الحاج,Ibn Muhammad Ibn Hajj Fasi,,,,,737,,,OpenITI date code 0737,,"[""author""]",[],[],[],1,[],,,,0737IbnMuhammadIbnHajjFasi,"[""https://kitab-corpus-metadata.azurewebsites.net/""]"
openiti_person_0737KhalifaNayshaburi,,Khalifa Nayshaburi,,,,,737,,,OpenITI date code 0737,,"[""author""]",[],[],[],1,[],,,,0737KhalifaNayshaburi,"[""https://kitab-corpus-metadata.azurewebsites.net/""]"
openiti_person_0738AbuQasimKashani,أبو القاسم كاشاني,Abu Qasim Kashani,,,Abū al-Qāsim Kāšānī,,738,,,OpenITI date code 0738,,"[""author""]",[],[],[],1,[],,,,0738AbuQasimKashani,"[""https://kitab-corpus-metadata.azurewebsites.net/""]"
openiti_person_0738AwhadiMaraghi,أوحدي مراغي,Awhadi Maraghi,,,Awḥadī Marāġī,,738,,,OpenITI date code 0738,,"[""author""]",[],[],[],3,[],,,,0738AwhadiMaraghi,"[""https://kitab-corpus-metadata.azurewebsites.net/""]"
openiti_person_0738IbnCabdRahimSharafDinHamawi,ابن البارزي,Ibn Cabd Rahim Sharaf Din Hamawi,,,,,738,,,OpenITI date code 0738,,"[""author""]",[],[],[],2,[],,,,0738IbnCabdRahimSharafDinHamawi,"[""https://kitab-corpus-metadata.azurewebsites.net/""]"
openiti_person_0738TaqiDinUshnuhi,تقي الدين صالح بن مختار بن صالح الأشنهي,Taqi Din Ushnuhi,,,,,738,,,OpenITI date code 0738,,"[""author""]",[],[],[],1,[],,,,0738TaqiDinUshnuhi,"[""https://kitab-corpus-metadata.azurewebsites.net/""]"
openiti_person_0739Birzali,القاسم بن محمد البرزالي الدمشقي,Birzali,,,,,739,,,OpenITI date code 0739,,"[""author""]",[],[],[],2,[],,,,0739Birzali,"[""https://kitab-corpus-metadata.azurewebsites.net/""]"
openiti_person_0739CalaDinIbnBalban,ابن حبان,Cala Din Ibn Balban,,,,,739,,,OpenITI date code 0739,,"[""author""]",[],[],[],2,[],,,,0739CalaDinIbnBalban,"[""https://kitab-corpus-metadata.azurewebsites.net/""]"
openiti_person_0739JalalDinQazwini,جلال الدين القزويني,Jalal Din Qazwini,,,Jalāl al-Dīn al-Qazwīnī,,739,,,OpenITI date code 0739,,"[""author""]",[],[],[],2,[],,,,0739JalalDinQazwini,"[""https://kitab-corpus-metadata.azurewebsites.net/""]"
openiti_person_0739SafiDinHanbali,عبد المؤمن بن عبد الحق، ابن شمائل القطيعي البغدادي، الحنبلي، صفي الدين (المتوفى: 739هـ),Safi Din Hanbali,,,,,739,,,OpenITI date code 0739,,"[""author""]",[],[],[],2,[],,,,0739SafiDinHanbali,"[""https://kitab-corpus-metadata.azurewebsites.net/""]"
openiti_person_0739ShamsDinJazari,شمس الدين الجزري,Shams Din Jazari,,,Šams al-Dīn al-Jazarī,,739,,,OpenITI date code 0739,,"[""author""]",[],[],[],1,[],,,,0739ShamsDinJazari,"[""https://kitab-corpus-metadata.azurewebsites.net/""]"
openiti_person_0740CabdQahirTabrizi,عبد القاهر التبريزي,Cabd Qahir Tabrizi,,,,,740,,,OpenITI date code 0740,,"[""author""]",[],[],[],1,[],,,,0740CabdQahirTabrizi,"[""https://kitab-corpus-metadata.azurewebsites.net/""]"
openiti_person_0740IbnDawudHilli,الحسن بن علي بن داود الحلي,Ibn Dawud Hilli,,,,,740,,,OpenITI date code 0740,,"[""author""]",[],[],[],1,[],,,,0740IbnDawudHilli,"[""https://kitab-corpus-metadata.azurewebsites.net/""]"
openiti_person_0740JunaydShirazi,معين الدين أبو القاسم الجنيد بن محمود بن محمد بن عمر العمري الشيرازي (المتوفى: بعد 740ه),Junayd Shirazi,,,,,740,,,OpenITI date code 0740,,"[""author""]",[],[],[],1,[],,,,0740JunaydShirazi,"[""https://kitab-corpus-metadata.azurewebsites.net/""]"
openiti_person_0740MirakBukhari,ميرك البخاري,Mirak Bukhari,,,Mīrak al-Buḫārī,,740,,,OpenITI date code 0740,,"[""author""]",[],[],[],1,[],,,,0740MirakBukhari,"[""https://kitab-corpus-metadata.azurewebsites.net/""]"
openiti_person_0740ZaynabBintKamal,زينب بنت الكمال,Zaynab Bint Kamal,,,,,740,,,OpenITI date code 0740,,"[""author""]",[],[],[],1,[],,,,0740ZaynabBintKamal,"[""https://kitab-corpus-metadata.azurewebsites.net/""]"
openiti_person_0741AbuBakrBaytar,أبو بكر بن البدر الناصري,Abu Bakr Baytar,,,,,741,,,OpenITI date code 0741,,"[""author""]",[],[],[],1,[],,,,0741AbuBakrBaytar,"[""https://kitab-corpus-metadata.azurewebsites.net/""]"
openiti_person_0741CabdAllahWasiti,أبو محمد، عبد الله بن عبد المؤمن بن الوجيه بن عبد الله بن على ابن المبارك التاجر الواسطي المقرئ تاج الدين ويقال نجم الدين (المتوفى: 741هـ),Cabd Allah Wasiti,,,,,741,,,OpenITI date code 0741,,"[""author""]",[],[],[],1,[],,,,0741CabdAllahWasiti,"[""https://kitab-corpus-metadata.azurewebsites.net/""]"
openiti_person_0741CabdRahimZarirani,الزريراني، عبد الرحيم,Cabd Rahim Zarirani,,,,,741,,,OpenITI date code 0741,,"[""author""]",[],[],[],1,[],,,,0741CabdRahimZarirani,"[""https://kitab-corpus-metadata.azurewebsites.net/""]"
openiti_person_0741IbnAhmadGharnatiKalbi,ابن جزي,Ibn Ahmad Gharnati Kalbi,,,,,741,,,OpenITI date code 0741,,"[""author""]",[],[],[],3,[],,,,0741IbnAhmadGharnatiKalbi,"[""https://kitab-corpus-metadata.azurewebsites.net/""]"
openiti_person_0741IbnYahyaAndalusiMalaqi,المالقي,Ibn Yahya Andalusi Malaqi,,,,,741,,,OpenITI date code 0741,,"[""author""]",[],[],[],1,[],,,,0741IbnYahyaAndalusiMalaqi,"[""https://kitab-corpus-metadata.azurewebsites.net/""]"
openiti_person_0741KhatibTabrizi,الخطيب التبريزي,Khatib Tabrizi,,,,,741,,,OpenITI date code 0741,,"[""author""]",[],[],[],2,[],,,,0741KhatibTabrizi,"[""https://kitab-corpus-metadata.azurewebsites.net/""]"
openiti_person_0741KhazinBaghdadi,علاء الدين علي بن محمد بن إبراهيم بن عمر الشيحي أبو الحسن، المعروف بالخازن (المتوفى: 741هـ),Khazin Baghdadi,,,,,741,,,OpenITI date code 0741,,"[""author""]",[],[],[],1,[],,,,0741KhazinBaghdadi,"[""https://kitab-corpus-metadata.azurewebsites.net/""]"
openiti_person_0741SayfiHarawi,,Sayfi Harawi,,,,,741,,,OpenITI date code 0741,,"[""author""]",[],[],[],1,[],,,,0741SayfiHarawi,"[""https://kitab-corpus-metadata.azurewebsites.net/""]"
openiti_person_0742IbnMuhammadBurhanDinSafaqsi,إبراهيم بن محمد بن إبراهيم القيسي السفاقسي، أبو إسحاق: برهان الدين (المتوفى: 742هـ),Ibn Muhammad Burhan Din Safaqsi,,,,,742,,,OpenITI date code 0742,,"[""author""]",[],[],[],2,[],,,,0742IbnMuhammadBurhanDinSafaqsi,"[""https://kitab-corpus-metadata.azurewebsites.net/""]"
openiti_person_0742Mizzi,المزي,Mizzi,,,al-Mizzī,,742,,,OpenITI date code 0742,,"[""author""]",[],[],[],4,[],,,,0742Mizzi,"[""https://kitab-corpus-metadata.azurewebsites.net/""]"
openiti_person_0743Diwani,علي بن أبي محمد بن أبي سعد بن الحسن الواسطي المعروف بالديواني (663 - 743 ه),Diwani,,,,,743,,,OpenITI date code 0743,,"[""author""]",[],[],[],1,[],,,,0743Diwani,"[""https://kitab-corpus-metadata.azurewebsites.net/""]"
openiti_person_0743FakhrDinZaylaci,الزيلعي الحنفي,Fakhr Din Zaylaci,,,,,743,,,OpenITI date code 0743,,"[""author""]",[],[],[],1,[],,,,0743FakhrDinZaylaci,"[""https://kitab-corpus-metadata.azurewebsites.net/""]"
openiti_person_0743SharafDinTibi,الطيبي,Sharaf Din Tibi,,,,,743,,,OpenITI date code 0743,,"[""author""]",[],[],[],3,[],,,,0743SharafDinTibi,"[""https://kitab-corpus-metadata.azurewebsites.net/""]"
openiti_person_0744IbnCabdHadi,ابن عبد الهادي,Ibn Cabd Hadi,,,Ibn ʿAbd al-Hādī,,744,,,OpenITI date code 0744,,"[""author""]",[],[],[],13,[],,,,0744IbnCabdHadi,"[""https://kitab-corpus-metadata.azurewebsites.net/""]"
openiti_person_0745AbuHayyanGharnati,أبو حيان الغرناطي,Abu Hayyan Gharnati,,,Abū Ḥayyān al-Ġarnāṭī,,745,,,OpenITI date code 0745,,"[""author""]",[],[],[],7,[],,,,0745AbuHayyanGharnati,"[""https://kitab-corpus-metadata.azurewebsites.net/""]"
openiti_person_0745IbnMuhammadTaqiDinIbnImam,محمد بن محمد بن علي بن همام بن راجي الله بن سرايا بن داود,Ibn Muhammad Taqi Din Ibn Imam,,,,,745,,,OpenITI date code 0745,,"[""author""]",[],[],[],1,[],,,,0745IbnMuhammadTaqiDinIbnImam,"[""https://kitab-corpus-metadata.azurewebsites.net/""]"
openiti_person_0745MuayyadYahyaIbnHamzaCalawi,يحيى بن حمز العلوي، المؤيد بالله,Muayyad Yahya Ibn Hamza Calawi,,,"Yaḥyá b. Ḥamza al-ʿAlawī, al-Muʾayyad bi-Allāh",,745,,,OpenITI date code 0745,,"[""author""]",[],[],[],3,[],,,,0745MuayyadYahyaIbnHamzaCalawi,"[""https://kitab-corpus-metadata.azurewebsites.net/""]"
openiti_person_0745NasirDinKirmani,,Nasir Din Kirmani,,,,,745,,,OpenITI date code 0745,,"[""author""]",[],[],[],1,[],,,,0745NasirDinKirmani,"[""https://kitab-corpus-metadata.azurewebsites.net/""]"
openiti_person_0746CalaDinMaqdisi,علاء الدين المقدسي,Cala Din Maqdisi,,,,,746,,,OpenITI date code 0746,,"[""author""]",[],[],[],1,[],,,,0746CalaDinMaqdisi,"[""https://kitab-corpus-metadata.azurewebsites.net/""]"
openiti_person_0747IbnMascudMahbubiBukhari,عبيد الله بن مسعود المحبوبي البخاري الحنفي.,Ibn Mascud Mahbubi Bukhari,,,,,747,,,OpenITI date code 0747,,"[""author""]",[],[],[],1,[],,,,0747IbnMascudMahbubiBukhari,"[""https://kitab-corpus-metadata.azurewebsites.net/""]"
openiti_person_0747MuhyiDinYunini,اليونيني,Muhyi Din Yunini,,,al-Yūnīnī,,747,,,OpenITI date code 0747,,"[""author""]",[],[],[],1,[],,,,0747MuhyiDinYunini,"[""https://kitab-corpus-metadata.azurewebsites.net/""]"
openiti_person_0748Adfuwi,أبو الفضل الأدفويىلأدفوي,Adfuwi,,,Abū al-faḍl al-Adfuwī/al-Udfuwī,,748,,,OpenITI date code 0748,,"[""author""]",[],[],[],1,[],,,,0748Adfuwi,"[""https://kitab-corpus-metadata.azurewebsites.net/""]"
openiti_person_0748Dhahabi,الذهبي,Dhahabi,,,al-Ḏahabī,,748,,,OpenITI date code 0748,,"[""author""]",[],[],[],60,[],,,,0748Dhahabi,"[""https://kitab-corpus-metadata.azurewebsites.net/""]"
openiti_person_0748MuhammadIbnCuthman,محمد بن عثمان,Muhammad Ibn Cuthman,,,Muḥammad b. ʿUṯmān,,748,,,OpenITI date code 0748,,"[""author""]",[],[],[],1,[],,,,0748MuhammadIbnCuthman,"[""https://kitab-corpus-metadata.azurewebsites.net/""]"
openiti_person_0749AbuBakrRahbi,أبو بكر بن قاسم بن أبي بكر بن عبد الرحمن الرحبي ت 749 ه,Abu Bakr Rahbi,,,,,749,,,OpenITI date code 0749,,"[""author""]",[],[],[],1,[],,,,0749AbuBakrRahbi,"[""https://kitab-corpus-metadata.azurewebsites.net/""]"
openiti_person_0749AbuFathIbnMuhibb,أبو الفتح ابن المحب,Abu Fath Ibn Muhibb,,,Abū al-Fatḥ Ibn al-Muḥibb,,749,,,OpenITI date code 0749,,"[""author""]",[],[],[],1,[],,,,0749AbuFathIbnMuhibb,"[""https://kitab-corpus-metadata.azurewebsites.net/""]"
openiti_person_0749AbuThanaIsbahani,محمود بن عبد الرحمن (أبي القاسم) ابن أحمد بن محمد، أبو الثناء، شمس الدين الأصفهاني (المتوفى: 749هـ),Abu Thana Isbahani,,,,,749,,,OpenITI date code 0749,,"[""author""]",[],[],[],1,[],,,,0749AbuThanaIsbahani,"[""https://kitab-corpus-metadata.azurewebsites.net/""]"
openiti_person_0749BadrDinMisriMuradi,ابن أم قاسم المرادي,Badr Din Misri Muradi,,,,,749,,,OpenITI date code 0749,,"[""author""]",[],[],[],2,[],,,,0749BadrDinMisriMuradi,"[""https://kitab-corpus-metadata.azurewebsites.net/""]"
openiti_person_0749IbnAkfaniSinjari,ابن الأكفاني,Ibn Akfani Sinjari,,,Ibn al-Akfānī,,749,,,OpenITI date code 0749,,"[""author""]",[],[],[],4,[],,,,0749IbnAkfaniSinjari,"[""https://kitab-corpus-metadata.azurewebsites.net/""]"
openiti_person_0749IbnCaliSirajDinBazzar,عمر بن علي بن موسى البزار أبو حفص,Ibn Cali Siraj Din Bazzar,,,,,749,,,OpenITI date code 0749,,"[""author""]",[],[],[],1,[],,,,0749IbnCaliSirajDinBazzar,"[""https://kitab-corpus-metadata.azurewebsites.net/""]"
openiti_person_0749IbnDimyati,أحمد بن أيبك بن عبد الله الحسامي الدمياطي,Ibn Dimyati,,,,,749,,,OpenITI date code 0749,,"[""author""]",[],[],[],2,[],,,,0749IbnDimyati,"[""https://kitab-corpus-metadata.azurewebsites.net/""]"
openiti_person_0749IbnFadlAllahCumari,ابن فضل الله العمري,Ibn Fadl Allah Cumari,,,Ibn Faḍl Allāh al-ʿUmarī,,749,,,OpenITI date code 0749,,"[""author""]",[],[],[],3,[],,,,0749IbnFadlAllahCumari,"[""https://kitab-corpus-metadata.azurewebsites.net/""]"
openiti_person_0749IbnHafizMizzi,عبد الرحمن بن يوسف بن الزكي عبد الرحمن زين الدين أبو الفرج (ابن الحافظ جمال الدين المزي) (المتوفى: 749هـ),Ibn Hafiz Mizzi,,,,,749,,,OpenITI date code 0749,,"[""author""]",[],[],[],1,[],,,,0749IbnHafizMizzi,"[""https://kitab-corpus-metadata.azurewebsites.net/""]"
openiti_person_0749IbnJabirWadiAshi,ابن جابر الوادي آشي,Ibn Jabir Wadi Ashi,,,Ibn Ǧābir al-Wādī Āšī,,749,,,OpenITI date code 0749,,"[""author""]",[],[],[],1,[],,,,0749IbnJabirWadiAshi,"[""https://kitab-corpus-metadata.azurewebsites.net/""]"
openiti_person_0749IbnMaktum,ابن مكتوم,Ibn Maktum,,,Ibn Maktūm,,749,,,OpenITI date code 0749,,"[""author""]",[],[],[],1,[],,,,0749IbnMaktum,"[""https://kitab-corpus-metadata.azurewebsites.net/""]"
openiti_person_0749MuayyadYahya,المؤيد يحيى,Muayyad Yahya,,,al-Muʾayyad Yaḥyá,,749,,,OpenITI date code 0749,,"[""author""]",[],[],[],3,[],,,,0749MuayyadYahya,"[""https://kitab-corpus-metadata.azurewebsites.net/""]"
openiti_person_0749SayfFarghani,سيف فرغاني,Sayf Farghani,,,Sayf Farġānī,,749,,,OpenITI date code 0749,,"[""author""]",[],[],[],1,[],,,,0749SayfFarghani,"[""https://kitab-corpus-metadata.azurewebsites.net/""]"
openiti_person_0749TaqiDinAdami,تقي الدين أحمد بن محمد بن علي البغدادي، المقرئ الأدمي الحنبلي (المتوفى: حوالي 749 ه),Taqi Din Adami,,,,,749,,,OpenITI date code 0749,,"[""author""]",[],[],[],1,[],,,,0749TaqiDinAdami,"[""https://kitab-corpus-metadata.azurewebsites.net/""]"
openiti_person_0749ZaynDinIbnWardi,زين الدين ابن الوردي,Zayn Din Ibn Wardi,,,Zayn al-Dīn Ibn al-Wardī,,749,,,OpenITI date code 0749,,"[""author""]",[],[],[],3,[],,,,0749ZaynDinIbnWardi,"[""https://kitab-corpus-metadata.azurewebsites.net/""]"
openiti_person_0750AbuHafsQazwini,القزويني,Abu Hafs Qazwini,,,al-Qazwīnī,,750,,,OpenITI date code 0750,,"[""author""]",[],[],[],1,[],,,,0750AbuHafsQazwini,"[""https://kitab-corpus-metadata.azurewebsites.net/""]"
openiti_person_0750Anonymous,مؤلف مجهول,Anonymous,,,Muʾallif majhūl,,750,,,OpenITI date code 0750,,"[""author""]",[],[],[],2,[],,,,0750Anonymous,"[""https://kitab-corpus-metadata.azurewebsites.net/""]"
openiti_person_0750HamdAllahMustawfi,,Hamd Allah Mustawfi,,,,,750,,,OpenITI date code 0750,,"[""author""]",[],[],[],1,[],,,,0750HamdAllahMustawfi,"[""https://kitab-corpus-metadata.azurewebsites.net/""]"
openiti_person_0750IbnLuyunTujibi,ابن ليون,Ibn Luyun Tujibi,,,Ibn Luyūn,,750,,,OpenITI date code 0750,,"[""author""]",[],[],[],1,[],,,,0750IbnLuyunTujibi,"[""https://kitab-corpus-metadata.azurewebsites.net/""]"
openiti_person_0750IbnQasimKilani,الكيلاني,Ibn Qasim Kilani,,,,,750,,,OpenITI date code 0750,,"[""author""]",[],[],[],1,[],,,,0750IbnQasimKilani,"[""https://kitab-corpus-metadata.azurewebsites.net/""]"
openiti_person_0750IbnTurkamani,المارديني,Ibn Turkamani,,,,,750,,,OpenITI date code 0750,,"[""author""]",[],[],[],1,[],,,,0750IbnTurkamani,"[""https://kitab-corpus-metadata.azurewebsites.net/""]"
openiti_person_0750IbnYusufZarandi,الزرندي الشافعي,Ibn Yusuf Zarandi,,,,,750,,,OpenITI date code 0750,,"[""author""]",[],[],[],2,[],,,,0750IbnYusufZarandi,"[""https://kitab-corpus-metadata.azurewebsites.net/""]"
openiti_person_0750IsmacilJaytali,اسماعيل الجيتلي,Ismacil Jaytali,,,Ismāʿīl al-Jaytalī,,750,,,OpenITI date code 0750,,"[""author""]",[],[],[],5,[],,,,0750IsmacilJaytali,"[""https://kitab-corpus-metadata.azurewebsites.net/""]"
openiti_person_0750MahmudIbnCuthman,محمود بن عثمان,Mahmud Ibn Cuthman,,,Maḥmūd b. ʿUṯmān,,750,,,OpenITI date code 0750,,"[""author""]",[],[],[],1,[],,,,0750MahmudIbnCuthman,"[""https://kitab-corpus-metadata.azurewebsites.net/""]"
openiti_person_0750PseudoIbnFuwati,ابن الفوطي الزائف,Pseudo Ibn Fuwati,,,Ibn al-Fuwaṭī al-zāʾif,,750,,,OpenITI date code 0750,,"[""author""]",[],[],[],1,[],,,,0750PseudoIbnFuwati,"[""https://kitab-corpus-metadata.azurewebsites.net/""]"
openiti_person_0750SafiDinHilli,صفي الدين الحلي,Safi Din Hilli,,,,,750,,,OpenITI date code 0750,,"[""author""]",[],[],[],1,[],,,,0750SafiDinHilli,"[""https://kitab-corpus-metadata.azurewebsites.net/""]"
openiti_person_0750SafiKahhal,,Safi Kahhal,,,,,750,,,OpenITI date code 0750,,"[""author""]",[],[],[],1,[],,,,0750SafiKahhal,"[""https://kitab-corpus-metadata.azurewebsites.net/""]"
openiti_person_0751IbnQayyimJawziyya,ابن القيم الجوزية,Ibn Qayyim Jawziyya,,,Ibn al-Qayyim al-Jawziyyaŧ,,751,,,OpenITI date code 0751,,"[""author""]",[],[],[],44,[],,,,0751IbnQayyimJawziyya,"[""https://kitab-corpus-metadata.azurewebsites.net/""]"
openiti_person_0752AkhtasanDihlawi,,Akhtasan Dihlawi,,,,,752,,,OpenITI date code 0752,,"[""author""]",[],[],[],1,[],,,,0752AkhtasanDihlawi,"[""https://kitab-corpus-metadata.azurewebsites.net/""]"
openiti_person_0753CizzDinJaldaki,عز الدين الجلدكي,Cizz Din Jaldaki,,,ʿIzz al-Dīn al-Ǧaldakī,,753,,,OpenITI date code 0753,,"[""author""]",[],[],[],1,[],,,,0753CizzDinJaldaki,"[""https://kitab-corpus-metadata.azurewebsites.net/""]"
openiti_person_0755AbuFathSamiri,أبو الفتح السامري,Abu Fath Samiri,,,Abū al-Fatḥ al-Sāmirī,,755,,,OpenITI date code 0755,,"[""author""]",[],[],[],1,[],,,,0755AbuFathSamiri,"[""https://kitab-corpus-metadata.azurewebsites.net/""]"
openiti_person_0755NajmDinZahdari,نجم الدين جعفر بن زهدري الحلي,Najm Din Zahdari,,,,,755,,,OpenITI date code 0755,,"[""author""]",[],[],[],1,[],,,,0755NajmDinZahdari,"[""https://kitab-corpus-metadata.azurewebsites.net/""]"
openiti_person_0756CadudDinIji,عضد الدين الإيجي,Cadud Din Iji,,,ʿAḍud al-Dīn al-Īǧī,,756,,,OpenITI date code 0756,,"[""author""]",[],[],[],3,[],,,,0756CadudDinIji,"[""https://kitab-corpus-metadata.azurewebsites.net/""]"
openiti_person_0756IbnYusufSaminHalabi,أبو العباس، شهاب الدين، أحمد بن يوسف بن عبد الدائم المعروف بالسمين الحلبي (المتوفى: 756 ه),Ibn Yusuf Samin Halabi,,,,,756,,,OpenITI date code 0756,,"[""author""]",[],[],[],2,[],,,,0756IbnYusufSaminHalabi,"[""https://kitab-corpus-metadata.azurewebsites.net/""]"
openiti_person_0756TaqiDinSubki,تقي الدين السبكي,Taqi Din Subki,,,Taqī al-dīn al-Subkī,,756,,,OpenITI date code 0756,,"[""author""]",[],[],[],11,[],,,,0756TaqiDinSubki,"[""https://kitab-corpus-metadata.azurewebsites.net/""]"
openiti_person_0758MaryamSittQudatHanbaliyya,مريم الحنبلية,Maryam Sitt Qudat Hanbaliyya,,,,,758,,,OpenITI date code 0758,,"[""author""]",[],[],[],1,[],,,,0758MaryamSittQudatHanbaliyya,"[""https://kitab-corpus-metadata.azurewebsites.net/""]"
openiti_person_0758NajmDinTarsusi,نجم الدين ابراهيم بن علي الطرسوسي,Najm Din Tarsusi,,,Naǧm al-Dīn Ibrāhīm b. ʿAlī al-Ṭarasūsī,,758,,,OpenITI date code 0758,,"[""author""]",[],[],[],2,[],,,,0758NajmDinTarsusi,"[""https://kitab-corpus-metadata.azurewebsites.net/""]"
openiti_person_0759AbuCabdAllahMaqqari,المققري,Abu Cabd Allah Maqqari,,,al-Maqqarī,,759,,,OpenITI date code 0759,,"[""author""]",[],[],[],2,[],,,,0759AbuCabdAllahMaqqari,"[""https://kitab-corpus-metadata.azurewebsites.net/""]"
openiti_person_0759MufaddalIbnAbiFadail,المفضل ابن أبي الفضائل,Mufaddal Ibn Abi Fadail,,,al-Mufaḍḍal Ibn abī al-Faḍāʾil,,759,,,OpenITI date code 0759,,"[""author""]",[],[],[],1,[],,,,0759MufaddalIbnAbiFadail,"[""https://kitab-corpus-metadata.azurewebsites.net/""]"
openiti_person_0759Yusufi,اليوسفي,Yusufi,,,al-Yūsufī,,759,,,OpenITI date code 0759,,"[""author""]",[],[],[],1,[],,,,0759Yusufi,"[""https://kitab-corpus-metadata.azurewebsites.net/""]"
openiti_person_0761IbnKaykaldiCalai,صلاح الدين العلائي,Ibn Kaykaldi Calai,,,,,761,,,OpenITI date code 0761,,"[""author""]",[],[],[],16,[],,,,0761IbnKaykaldiCalai,"[""https://kitab-corpus-metadata.azurewebsites.net/""]"
openiti_person_0761JamalDinIbnHisham,عبد الله بن يوسف بن أحمد بن عبد الله ابن يوسف، أبو محمد، جمال الدين، ابن هشام (المتوفى: 761هـ),Jamal Din Ibn Hisham,,,,,761,,,OpenITI date code 0761,,"[""author""]",[],[],[],12,[],,,,0761JamalDinIbnHisham,"[""https://kitab-corpus-metadata.azurewebsites.net/""]"
openiti_person_0761ShamsDinAflaki,,Shams Din Aflaki,,,,,761,,,OpenITI date code 0761,,"[""author""]",[],[],[],1,[],,,,0761ShamsDinAflaki,"[""https://kitab-corpus-metadata.azurewebsites.net/""]"
openiti_person_0762IbnDurayhim,ابن الدريهم,Ibn Durayhim,,,Ibn al-Durayhim,,762,,,OpenITI date code 0762,,"[""author""]",[],[],[],1,[],,,,0762IbnDurayhim,"[""https://kitab-corpus-metadata.azurewebsites.net/""]"
openiti_person_0762IbnYusufZaylaci,عبدالله بن يوسف أبو محمد الحنفي الزيلعي,Ibn Yusuf Zaylaci,,,,,762,,,OpenITI date code 0762,,"[""author""]",[],[],[],2,[],,,,0762IbnYusufZaylaci,"[""https://kitab-corpus-metadata.azurewebsites.net/""]"
openiti_person_0762MughultayIbnQilij,مغلطاي ابن قليج,Mughultay Ibn Qilij,,,Muġulṭāy ibn Qilīǧ,,762,,,OpenITI date code 0762,,"[""author""]",[],[],[],7,[],,,,0762MughultayIbnQilij,"[""https://kitab-corpus-metadata.azurewebsites.net/""]"
openiti_person_0763IbnCaliShabanakarai,,Ibn Cali Shabanakarai,,,,,763,,,OpenITI date code 0763,,"[""author""]",[],[],[],1,[],,,,0763IbnCaliShabanakarai,"[""https://kitab-corpus-metadata.azurewebsites.net/""]"
openiti_person_0763IbnHudhaylAndalusi,علي بن عبد الرحمن بن هذيل الفزاري الأندلسي (المتوفى: بعد 763هـ),Ibn Hudhayl Andalusi,,,,,763,,,OpenITI date code 0763,,"[""author""]",[],[],[],1,[],,,,0763IbnHudhaylAndalusi,"[""https://kitab-corpus-metadata.azurewebsites.net/""]"
openiti_person_0763IbnMuflihMaqdisi,الإمام أبي عبد الله محمد بن مفلح المقدسي,Ibn Muflih Maqdisi,,,,,763,,,OpenITI date code 0763,,"[""author""]",[],[],[],3,[],,,,0763IbnMuflihMaqdisi,"[""https://kitab-corpus-metadata.azurewebsites.net/""]"
openiti_person_0763IbnNaqqash,ابن النققاش,Ibn Naqqash,,,Ibn al-Naqqāš,,763,,,OpenITI date code 0763,,"[""author""]",[],[],[],1,[],,,,0763IbnNaqqash,"[""https://kitab-corpus-metadata.azurewebsites.net/""]"
openiti_person_0763KhajuKirmani,كهواجو كرماني,Khaju Kirmani,,,Khwājū Kirmānī,,763,,,OpenITI date code 0763,,"[""author""]",[],[],[],1,[],,,,0763KhajuKirmani,"[""https://kitab-corpus-metadata.azurewebsites.net/""]"
openiti_person_0764BahaDinIkhmimi,,Baha Din Ikhmimi,,,,,764,,,OpenITI date code 0764,,"[""author""]",[],[],[],2,[],,,,0764BahaDinIkhmimi,"[""https://kitab-corpus-metadata.azurewebsites.net/""]"
openiti_person_0764IbnShakirKutubi,محمد بن شاكر بن أحمد بن عبد الرحمن بن شاكر بن هارون بن شاكر الملقب بصلاح الدين (المتوفى: 764هـ),Ibn Shakir Kutubi,,,,,764,,,OpenITI date code 0764,,"[""author""]",[],[],[],1,[],,,,0764IbnShakirKutubi,"[""https://kitab-corpus-metadata.azurewebsites.net/""]"
openiti_person_0764Safadi,الصفدي,Safadi,,,al-Ṣafadī,,764,,,OpenITI date code 0764,,"[""author""]",[],[],[],11,[],,,,0764Safadi,"[""https://kitab-corpus-metadata.azurewebsites.net/""]"
openiti_person_0765AbuMahasinHusayni,شمس الدين أبو المحاسن محمد بن علي بن الحسن الحسيني,Abu Mahasin Husayni,,,,,765,,,OpenITI date code 0765,,"[""author""]",[],[],[],4,[],,,,0765AbuMahasinHusayni,"[""https://kitab-corpus-metadata.azurewebsites.net/""]"
openiti_person_0765MuhammadWafa,محمد وفا,Muhammad Wafa,,,Muḥammad Wafā,,765,,,OpenITI date code 0765,,"[""author""]",[],[],[],1,[],,,,0765MuhammadWafa,"[""https://kitab-corpus-metadata.azurewebsites.net/""]"
openiti_person_0766QutbDinRazi,قطب الدين محمد بن محمد الرازي (المتوفى: 766ه),Qutb Din Razi,,,,,766,,,OpenITI date code 0766,,"[""author""]",[],[],[],1,[],,,,0766QutbDinRazi,"[""https://kitab-corpus-metadata.azurewebsites.net/""]"
openiti_person_0767BurhanDinIbnQayyim,البرهان ابن قيم الجوزية (المتوفى: 767 ه),Burhan Din Ibn Qayyim,,,,,767,,,OpenITI date code 0767,,"[""author""]",[],[],[],2,[],,,,0767BurhanDinIbnQayyim,"[""https://kitab-corpus-metadata.azurewebsites.net/""]"
openiti_person_0767CizzDinIbnJamaca,عز الدين بن جماعة الكتاني,Cizz Din Ibn Jamaca,,,,,767,,,OpenITI date code 0767,,"[""author""]",[],[],[],1,[],,,,0767CizzDinIbnJamaca,"[""https://kitab-corpus-metadata.azurewebsites.net/""]"
openiti_person_0767IbnCisaBalawi,أبو يزيد خالد بن عيسى بن أحمد خالد بن عيسى البلوي,Ibn Cisa Balawi,,,,,767,,,OpenITI date code 0767,,"[""author""]",[],[],[],1,[],,,,0767IbnCisaBalawi,"[""https://kitab-corpus-metadata.azurewebsites.net/""]"
openiti_person_0767KhalilIbnIshaq,خليل بن اسحاق,Khalil Ibn Ishaq,,,Ḫalīl b. Isḥāq,,767,,,OpenITI date code 0767,,"[""author""]",[],[],[],2,[],,,,0767KhalilIbnIshaq,"[""https://kitab-corpus-metadata.azurewebsites.net/""]"
openiti_person_0768IbnMuhammadTaqiDinBaclabakki,تقي الدين محمد بن محمد بن عيسى البعلبكي (المتوفى: 768هـ),Ibn Muhammad Taqi Din Baclabakki,,,,,768,,,OpenITI date code 0768,,"[""author""]",[],[],[],1,[],,,,0768IbnMuhammadTaqiDinBaclabakki,"[""https://kitab-corpus-metadata.azurewebsites.net/""]"
openiti_person_0768IbnNubataShacir,ابن نباتة المصري,Ibn Nubata Shacir,,,,,768,,,OpenITI date code 0768,,"[""author""]",[],[],[],1,[],,,,0768IbnNubataShacir,"[""https://kitab-corpus-metadata.azurewebsites.net/""]"
openiti_person_0768IbrahimIbnCabdAllahIbnHajj,ابراهيم بن عبد الله ابن الحاج,Ibrahim Ibn Cabd Allah Ibn Hajj,,,Ibrāhīm b. ʿAbd Allāh Ibn al-Ḥājj,,768,,,OpenITI date code 0768,,"[""author""]",[],[],[],1,[],,,,0768IbrahimIbnCabdAllahIbnHajj,"[""https://kitab-corpus-metadata.azurewebsites.net/""]"
openiti_person_0768Yafici,اليافعي,Yafici,,,al-Yāfiʿī,,768,,,OpenITI date code 0768,,"[""author""]",[],[],[],5,[],,,,0768Yafici,"[""https://kitab-corpus-metadata.azurewebsites.net/""]"
openiti_person_0769IbnCabdAllahTaqiDinShibli,بدر الدين أبو عبد الله محمد بن عبد الله الشبلي الحنفي,Ibn Cabd Allah Taqi Din Shibli,,,,,769,,,OpenITI date code 0769,,"[""author""]",[],[],[],1,[],,,,0769IbnCabdAllahTaqiDinShibli,"[""https://kitab-corpus-metadata.azurewebsites.net/""]"
openiti_person_0769IbnCaqilBahaDinMisri,ابن عقيل,Ibn Caqil Baha Din Misri,,,,,769,,,OpenITI date code 0769,,"[""author""]",[],[],[],2,[],,,,0769IbnCaqilBahaDinMisri,"[""https://kitab-corpus-metadata.azurewebsites.net/""]"
openiti_person_0769IbnFarhunBadrDin,ابن فرحون، بدر الدين,Ibn Farhun Badr Din,,,,,769,,,OpenITI date code 0769,,"[""author""]",[],[],[],1,[],,,,0769IbnFarhunBadrDin,"[""https://kitab-corpus-metadata.azurewebsites.net/""]"
openiti_person_0769IbnLuluShihabDinIbnNaqibShafici,أحمد بن لؤلؤ بن عبد الله الرومي، أبو العباس، شهاب الدين ابن النقيب الشافعي (المتوفى: 769هـ),Ibn Lulu Shihab Din Ibn Naqib Shafici,,,,,769,,,OpenITI date code 0769,,"[""author""]",[],[],[],1,[],,,,0769IbnLuluShihabDinIbnNaqibShafici,"[""https://kitab-corpus-metadata.azurewebsites.net/""]"
openiti_person_0770IbnCabdMalikMurjani,عبد الله بن عبد الملك المرجاني,Ibn Cabd Malik Murjani,,,,,770,,,OpenITI date code 0770,,"[""author""]",[],[],[],1,[],,,,0770IbnCabdMalikMurjani,"[""https://kitab-corpus-metadata.azurewebsites.net/""]"
openiti_person_0770IbnCallamaHilli,ابن العلامة,Ibn Callama Hilli,,,,,770,,,OpenITI date code 0770,,"[""author""]",[],[],[],1,[],,,,0770IbnCallamaHilli,"[""https://kitab-corpus-metadata.azurewebsites.net/""]"
openiti_person_0770IbnMuhammadFayyumiHamawi,ابن محمد الفيومي الحموي,Ibn Muhammad Fayyumi Hamawi,,,Ibn Muḥammad al-Fayyūmī al-Ḥamawī,,770,,,OpenITI date code 0770,,"[""author""]",[],[],[],1,[],,,,0770IbnMuhammadFayyumiHamawi,"[""https://kitab-corpus-metadata.azurewebsites.net/""]"
openiti_person_0771SharifTilimsani,أبو عبد الله محمد بن أحمد الحسني التلمساني (المتوفى: 771),Sharif Tilimsani,,,,,771,,,OpenITI date code 0771,,"[""author""]",[],[],[],2,[],,,,0771SharifTilimsani,"[""https://kitab-corpus-metadata.azurewebsites.net/""]"
openiti_person_0771TajDinSubki,السبكي,Taj Din Subki,,,al-Subkī,,771,,,OpenITI date code 0771,,"[""author""]",[],[],[],8,[],,,,0771TajDinSubki,"[""https://kitab-corpus-metadata.azurewebsites.net/""]"
openiti_person_0772IbnHasanJamalDinIsnawi,عبد الرحيم بن الحسن بن علي الإسنوي الشافعي، أبو محمد، جمال الدين (المتوفى: 772ه),Ibn Hasan Jamal Din Isnawi,,,,,772,,,OpenITI date code 0772,,"[""author""]",[],[],[],7,[],,,,0772IbnHasanJamalDinIsnawi,"[""https://kitab-corpus-metadata.azurewebsites.net/""]"
openiti_person_0772ShamsDinHanbaliZarqashi,شمس الدين أبي عبد الله محمد بن عبد الله الزركشي المصري الحنبلي,Shams Din Hanbali Zarqashi,,,,,772,,,OpenITI date code 0772,,"[""author""]",[],[],[],1,[],,,,0772ShamsDinHanbaliZarqashi,"[""https://kitab-corpus-metadata.azurewebsites.net/""]"
openiti_person_0773BahaDinSubki,السبكي، بهاء الدين,Baha Din Subki,,,,,773,,,OpenITI date code 0773,,"[""author""]",[],[],[],1,[],,,,0773BahaDinSubki,"[""https://kitab-corpus-metadata.azurewebsites.net/""]"
openiti_person_0773IbnIshaqSirajDinGhaznawi,أبو حفص الغزنوي,Ibn Ishaq Siraj Din Ghaznawi,,,,,773,,,OpenITI date code 0773,,"[""author""]",[],[],[],1,[],,,,0773IbnIshaqSirajDinGhaznawi,"[""https://kitab-corpus-metadata.azurewebsites.net/""]"
openiti_person_0773IbnMusaRahuni,يحيى بن موسى الرهوني,Ibn Musa Rahuni,,,,,773,,,OpenITI date code 0773,,"[""author""]",[],[],[],1,[],,,,0773IbnMusaRahuni,"[""https://kitab-corpus-metadata.azurewebsites.net/""]"
openiti_person_0774CabdMajidTabrizi,عبد المجيد التبريزي,Cabd Majid Tabrizi,,,ʿAbd al-Maǧīd al-Tabrīzī,,774,,,OpenITI date code 0774,,"[""author""]",[],[],[],1,[],,,,0774CabdMajidTabrizi,"[""https://kitab-corpus-metadata.azurewebsites.net/""]"
openiti_person_0774IbnKathir,ابن كثير,Ibn Kathir,,,Ibn Kaṯīr,,774,,,OpenITI date code 0774,,"[""author""]",[],[],[],16,[],,,,0774IbnKathir,"[""https://kitab-corpus-metadata.azurewebsites.net/""]"
openiti_person_0774IbnMuhammadShamsDinIbnMawsili,محمد بن محمد بن عبد الكريم الموصلي الشافعي,Ibn Muhammad Shams Din Ibn Mawsili,,,,,774,,,OpenITI date code 0774,,"[""author""]",[],[],[],2,[],,,,0774IbnMuhammadShamsDinIbnMawsili,"[""https://kitab-corpus-metadata.azurewebsites.net/""]"
openiti_person_0774IbnRaficSallami,محمد بن إبراهيم بن محمد بن أبي بكر الأنصاري الخزرجي الدمشقي شمس الدين أبو عبد الله المعروف بالبياني، ابن إمام الصخرة (المتوفى: 766هـ),Ibn Rafic Sallami,,,,,774,,,OpenITI date code 0774,,"[""author""]",[],[],[],2,[],,,,0774IbnRaficSallami,"[""https://kitab-corpus-metadata.azurewebsites.net/""]"
openiti_person_0775Anonymous,مؤلف مجهول,Anonymous,,,Muʾallif majhūl,,775,,,OpenITI date code 0775,,"[""author""]",[],[],[],1,[],,,,0775Anonymous,"[""https://kitab-corpus-metadata.azurewebsites.net/""]"
openiti_person_0775CarifArdabili,,Carif Ardabili,,,,,775,,,OpenITI date code 0775,,"[""author""]",[],[],[],1,[],,,,0775CarifArdabili,"[""https://kitab-corpus-metadata.azurewebsites.net/""]"
openiti_person_0775CubaydZakani,عبيد زاكاني,Cubayd Zakani,,,ʿUbayd Zākānī,,775,,,OpenITI date code 0775,,"[""author""]",[],[],[],3,[],,,,0775CubaydZakani,"[""https://kitab-corpus-metadata.azurewebsites.net/""]"
openiti_person_0775IbnAbiWafa,ابن أبي الوفاء,Ibn Abi Wafa,,,Ibn Abī al-Wafāʾ,,775,,,OpenITI date code 0775,,"[""author""]",[],[],[],2,[],,,,0775IbnAbiWafa,"[""https://kitab-corpus-metadata.azurewebsites.net/""]"
openiti_person_0776IbnAbiHajala,شهاب الدين أحمد بن أبي حجلة المغربي (المتوفى: 776هـ),Ibn Abi Hajala,,,,,776,,,OpenITI date code 0776,,"[""author""]",[],[],[],1,[],,,,0776IbnAbiHajala,"[""https://kitab-corpus-metadata.azurewebsites.net/""]"
openiti_person_0776JamalDinSurramarri,جمال الدين السرمري,Jamal Din Surramarri,,,Ǧamāl al-dīn al-Surramarrī,,776,,,OpenITI date code 0776,,"[""author""]",[],[],[],4,[],,,,0776JamalDinSurramarri,"[""https://kitab-corpus-metadata.azurewebsites.net/""]"
openiti_person_0776LisanDinIbnKhatib,لسان الدين الخطيب,Lisan Din Ibn Khatib,,,,,776,,,OpenITI date code 0776,,"[""author""]",[],[],[],8,[],,,,0776LisanDinIbnKhatib,"[""https://kitab-corpus-metadata.azurewebsites.net/""]"
openiti_person_0776MuhammadIbnHasanWasiti,محمد بن الحسن الواسطي,Muhammad Ibn Hasan Wasiti,,,Muḥammad b. al-Ḥasan al-Wāsiṭī,,776,,,OpenITI date code 0776,,"[""author""]",[],[],[],1,[],,,,0776MuhammadIbnHasanWasiti,"[""https://kitab-corpus-metadata.azurewebsites.net/""]"
openiti_person_0778AbuHafsMaraghi,أبو حفص عمر بن حسن بن مزيد بن أميلة بن جمعة المراغي المزي الدمشقي زين الدين (المتوفى: 778هـ),Abu Hafs Maraghi,,,,,778,,,OpenITI date code 0778,,"[""author""]",[],[],[],1,[],,,,0778AbuHafsMaraghi,"[""https://kitab-corpus-metadata.azurewebsites.net/""]"
openiti_person_0778BadrDinBacli,محمد بن علي بن أحمد بن عمر بن يعلى، أبو عبد الله، بدر الدين البعلي (المتوفى: 778هـ),Badr Din Bacli,,,,,778,,,OpenITI date code 0778,,"[""author""]",[],[],[],5,[],,,,0778BadrDinBacli,"[""https://kitab-corpus-metadata.azurewebsites.net/""]"
openiti_person_0778IbnMangli,ابن منگلي,Ibn Mangli,,,Ibn Manglī,,778,,,OpenITI date code 0778,,"[""author""]",[],[],[],1,[],,,,0778IbnMangli,"[""https://kitab-corpus-metadata.azurewebsites.net/""]"
openiti_person_0778NazirJaysh,محمد بن يوسف بن أحمد، محب الدين الحلبي ثم المصري، المعروف بناظر الجيش (المتوفى: 778 ه),Nazir Jaysh,,,,,778,,,OpenITI date code 0778,,"[""author""]",[],[],[],1,[],,,,0778NazirJaysh,"[""https://kitab-corpus-metadata.azurewebsites.net/""]"
openiti_person_0778SalmanSawaji,سلمان ساوجي,Salman Sawaji,,,Salmān Sāwajī,,778,,,OpenITI date code 0778,,"[""author""]",[],[],[],3,[],,,,0778SalmanSawaji,"[""https://kitab-corpus-metadata.azurewebsites.net/""]"
openiti_person_0779IbnBattuta,محمد بن عبد الله بن محمد بن إبراهيم اللواتي الطنجي، أبو عبد الله، ابن بطوطة (المتوفى: 779هـ),Ibn Battuta,,,,,779,,,OpenITI date code 0779,,"[""author""]",[],[],[],1,[],,,,0779IbnBattuta,"[""https://kitab-corpus-metadata.azurewebsites.net/""]"
openiti_person_0779IbnBazzazArdabili,,Ibn Bazzaz Ardabili,,,,,779,,,OpenITI date code 0779,,"[""author""]",[],[],[],1,[],,,,0779IbnBazzazArdabili,"[""https://kitab-corpus-metadata.azurewebsites.net/""]"
openiti_person_0779IbnHabibHalabi,الإمام المؤرخ الأديب الحسن بن عمر بن حبيب,Ibn Habib Halabi,,,,,779,,,OpenITI date code 0779,,"[""author""]",[],[],[],2,[],,,,0779IbnHabibHalabi,"[""https://kitab-corpus-metadata.azurewebsites.net/""]"
openiti_person_0779IbnYusufAndalusiGharnati,أحمد بن يوسف بن مالك الرعيني الغرناطي ثم البيري، أبو جعفر الأندلسي (المتوفى: 779هـ),Ibn Yusuf Andalusi Gharnati,,,,,779,,,OpenITI date code 0779,,"[""author""]",[],[],[],2,[],,,,0779IbnYusufAndalusiGharnati,"[""https://kitab-corpus-metadata.azurewebsites.net/""]"
openiti_person_0780IbnHasanQurashi,العلامة الكبير يحيى بن الحسن القرشي,Ibn Hasan Qurashi,,,,,780,,,OpenITI date code 0780,,"[""author""]",[],[],[],1,[],,,,0780IbnHasanQurashi,"[""https://kitab-corpus-metadata.azurewebsites.net/""]"
openiti_person_0780IbnJabirAndalusi,أبو عبد الله شمس الدين محمد بن أحمد بن علي بن جابر الأندلسي الهواري المالكي (المتوفى: 780ه),Ibn Jabir Andalusi,,,,,780,,,OpenITI date code 0780,,"[""author""]",[],[],[],1,[],,,,0780IbnJabirAndalusi,"[""https://kitab-corpus-metadata.azurewebsites.net/""]"
openiti_person_0782Balansi,البلنسي,Balansi,,,al-Balansī,,782,,,OpenITI date code 0782,,"[""author""]",[],[],[],1,[],,,,0782Balansi,"[""https://kitab-corpus-metadata.azurewebsites.net/""]"
openiti_person_0782IbnSallar,عبد الوهاب بن يوسف بن إبراهيم، ابن السلار الشافعي (المتوفى: 782هـ),Ibn Sallar,,,,,782,,,OpenITI date code 0782,,"[""author""]",[],[],[],1,[],,,,0782IbnSallar,"[""https://kitab-corpus-metadata.azurewebsites.net/""]"
openiti_person_0783IbnHadida,ابن حديدة,Ibn Hadida,,,,,783,,,OpenITI date code 0783,,"[""author""]",[],[],[],1,[],,,,0783IbnHadida,"[""https://kitab-corpus-metadata.azurewebsites.net/""]"
openiti_person_0783IbnMajidMaqdisi,يوسف بن ماجد بن أبي المجد المقدسي الحنبلي,Ibn Majid Maqdisi,,,,,783,,,OpenITI date code 0783,,"[""author""]",[],[],[],1,[],,,,0783IbnMajidMaqdisi,"[""https://kitab-corpus-metadata.azurewebsites.net/""]"
openiti_person_0784IbnMahmudJalalDinQahiri,جلال الدين، محمد بن محمود بن منكلي بوغا القاهري (المتوفى: 784هـ),Ibn Mahmud Jalal Din Qahiri,,,,,784,,,OpenITI date code 0784,,"[""author""]",[],[],[],1,[],,,,0784IbnMahmudJalalDinQahiri,"[""https://kitab-corpus-metadata.azurewebsites.net/""]"
openiti_person_0785IbnMuhammadShamsDinManbiji,أبي عبد الله محمد بن محمد بن محمد المنبجي الحنبلي,Ibn Muhammad Shams Din Manbiji,,,,,785,,,OpenITI date code 0785,,"[""author""]",[],[],[],1,[],,,,0785IbnMuhammadShamsDinManbiji,"[""https://kitab-corpus-metadata.azurewebsites.net/""]"
openiti_person_0786IbnCabdRahmanJamalDinHubayshi,ابن عبد الرحمن جمال الدين الحبيشي,Ibn Cabd Rahman Jamal Din Hubayshi,,,Ibn ʿAbd al-Raḥmãn Jamāl al-Dīn al-Ḥubayšī,,786,,,OpenITI date code 0786,,"[""author""]",[],[],[],2,[],,,,0786IbnCabdRahmanJamalDinHubayshi,"[""https://kitab-corpus-metadata.azurewebsites.net/""]"
openiti_person_0786IbnMuhammadBabarti,محمد بن محمد البابرتي (المتوفى : 786هـ),Ibn Muhammad Babarti,,,,,786,,,OpenITI date code 0786,,"[""author""]",[],[],[],3,[],,,,0786IbnMuhammadBabarti,"[""https://kitab-corpus-metadata.azurewebsites.net/""]"
openiti_person_0786ShahidAwwal,الشهيد الأول,Shahid Awwal,,,,,786,,,OpenITI date code 0786,,"[""author""]",[],[],[],11,[],,,,0786ShahidAwwal,"[""https://kitab-corpus-metadata.azurewebsites.net/""]"
openiti_person_0786ShamsDinKirmani,الكرماني، شمس الدين,Shams Din Kirmani,,,,,786,,,OpenITI date code 0786,,"[""author""]",[],[],[],2,[],,,,0786ShamsDinKirmani,"[""https://kitab-corpus-metadata.azurewebsites.net/""]"
openiti_person_0787ShamsMunshiNakhjawani,,Shams Munshi Nakhjawani,,,,,787,,,OpenITI date code 0787,,"[""author""]",[],[],[],1,[],,,,0787ShamsMunshiNakhjawani,"[""https://kitab-corpus-metadata.azurewebsites.net/""]"
openiti_person_0789Anonymous,,Anonymous,,,,,789,,,OpenITI date code 0789,,"[""author""]",[],[],[],1,[],,,,0789Anonymous,"[""https://kitab-corpus-metadata.azurewebsites.net/""]"
openiti_person_0789IbnMuhammadKhuzaci,علي بن محمود بن سعود الخزاعي أبو الحسن,Ibn Muhammad Khuzaci,,,,,789,,,OpenITI date code 0789,,"[""author""]",[],[],[],1,[],,,,0789IbnMuhammadKhuzaci,"[""https://kitab-corpus-metadata.azurewebsites.net/""]"
openiti_person_0789IbnMuhibbSamit,شمس الدين ابن المحب الصامت (712 ه - 789 ه),Ibn Muhibb Samit,,,,,789,,,OpenITI date code 0789,,"[""author""]",[],[],[],1,[],,,,0789IbnMuhibbSamit,"[""https://kitab-corpus-metadata.azurewebsites.net/""]"
openiti_person_0790IbnMusaGharnatiShatibi,ابراهيم بن موسى الغرناطي الشاطبي,Ibn Musa Gharnati Shatibi,,,Ibrāhīm b. Mūsá al-Ġarnāṭī al-Šāṭibī,,790,,,OpenITI date code 0790,,"[""author""]",[],[],[],4,[],,,,0790IbnMusaGharnatiShatibi,"[""https://kitab-corpus-metadata.azurewebsites.net/""]"
openiti_person_0791IbnCumarHalabiHamawi,أحمد بن عمر بن محمد بن أبي الرضا الحموي أبو العباس,Ibn Cumar Halabi Hamawi,,,,,791,,,OpenITI date code 0791,,"[""author""]",[],[],[],1,[],,,,0791IbnCumarHalabiHamawi,"[""https://kitab-corpus-metadata.azurewebsites.net/""]"
openiti_person_0792AbuSakinCamirShammakhi,أبو سكين عامر الشماخي,Abu Sakin Camir Shammakhi,,,Abū Sakīn ʿĀmir al-Šammāḫī,,792,,,OpenITI date code 0792,,"[""author""]",[],[],[],2,[],,,,0792AbuSakinCamirShammakhi,"[""https://kitab-corpus-metadata.azurewebsites.net/""]"
openiti_person_0792Hafiz,شمس الدين محمد حافظ شيرازي,Hafiz,,,Šams al-Dīn Muḥammad Ḥāfiẓ Šīrāzī,,792,,,OpenITI date code 0792,,"[""author""]",[],[],[],4,[],,,,0792Hafiz,"[""https://kitab-corpus-metadata.azurewebsites.net/""]"
openiti_person_0792IbnCabdAllahRimiSardafi,محمد بن عبد الله بن أبي بكر الحثيثي الصردفي الريمي، جمال الدين (المتوفى: 792هـ),Ibn Cabd Allah Rimi Sardafi,,,,,792,,,OpenITI date code 0792,,"[""author""]",[],[],[],1,[],,,,0792IbnCabdAllahRimiSardafi,"[""https://kitab-corpus-metadata.azurewebsites.net/""]"
openiti_person_0792IbnCumarTaftazani,سعد الدين التفتازاني,Ibn Cumar Taftazani,,,,,792,,,OpenITI date code 0792,,"[""author""]",[],[],[],4,[],,,,0792IbnCumarTaftazani,"[""https://kitab-corpus-metadata.azurewebsites.net/""]"
openiti_person_0792SadrDinIbnAbiCizzAdhraci,ابن أبي العز الحنفي,Sadr Din Ibn Abi Cizz Adhraci,,,,,792,,,OpenITI date code 0792,,"[""author""]",[],[],[],4,[],,,,0792SadrDinIbnAbiCizzAdhraci,"[""https://kitab-corpus-metadata.azurewebsites.net/""]"
openiti_person_0793AbuHasanMalaqi,أبو الحسن علي بن عبد الله بن محمد بن محمد ابن الحسن الجذامي النباهي المالقي الأندلسي (المتوفى: نحو 792هـ),Abu Hasan Malaqi,,,,,793,,,OpenITI date code 0793,,"[""author""]",[],[],[],1,[],,,,0793AbuHasanMalaqi,"[""https://kitab-corpus-metadata.azurewebsites.net/""]"
openiti_person_0793IbrahimIbnMahdi,ابراهيم بن المهدي,Ibrahim Ibn Mahdi,,,Ibrāhīm b. al-Mahdī,,793,,,OpenITI date code 0793,,"[""author""]",[],[],[],1,[],,,,0793IbrahimIbnMahdi,"[""https://kitab-corpus-metadata.azurewebsites.net/""]"
openiti_person_0794BadrDinZarkashi,بدر الدين الزركشي,Badr Din Zarkashi,,,Badr al-Dīn al-Zarkašī,,794,,,OpenITI date code 0794,,"[""author""]",[],[],[],15,[],,,,0794BadrDinZarkashi,"[""https://kitab-corpus-metadata.azurewebsites.net/""]"
openiti_person_0795HaydarShirazi,هيدر الشيرازي,Haydar Shirazi,,,Haydar al-Šīrāzī,,795,,,OpenITI date code 0795,,"[""author""]",[],[],[],1,[],,,,0795HaydarShirazi,"[""https://kitab-corpus-metadata.azurewebsites.net/""]"
openiti_person_0795IbnRajabHanbali,زين الدين أبو الفرج عبد الرحمان بن أحمد بن رجب عبد الرحمان بن الحسن بن محمد بن أبي البركات مسعود البغدادي السلامي الدمشقي,Ibn Rajab Hanbali,,,,,795,,,OpenITI date code 0795,,"[""author""]",[],[],[],29,[],,,,0795IbnRajabHanbali,"[""https://kitab-corpus-metadata.azurewebsites.net/""]"
openiti_person_0795IbnZumruq,ابن زمرك,Ibn Zumruq,,,,,795,,,OpenITI date code 0795,,"[""author""]",[],[],[],1,[],,,,0795IbnZumruq,"[""https://kitab-corpus-metadata.azurewebsites.net/""]"
openiti_person_0797AbuBakrMawsili,الموصلي، أبو بكر,Abu Bakr Mawsili,,,,,797,,,OpenITI date code 0797,,"[""author""]",[],[],[],1,[],,,,0797AbuBakrMawsili,"[""https://kitab-corpus-metadata.azurewebsites.net/""]"
openiti_person_0797IbnBintMaylaq,محمد بن عبد الدائم ابن بنت الميلق,Ibn Bint Maylaq,,,Muḥammad b. ʿAbd al-Dāʾim Ibn Bint al-Maylaq,,797,,,OpenITI date code 0797,,"[""author""]",[],[],[],1,[],,,,0797IbnBintMaylaq,"[""https://kitab-corpus-metadata.azurewebsites.net/""]"
openiti_person_0797IbnCaquli,محمد بن محمد عاقولي,Ibn Caquli,,,,,797,,,OpenITI date code 0797,,"[""author""]",[],[],[],2,[],,,,0797IbnCaquli,"[""https://kitab-corpus-metadata.azurewebsites.net/""]"
openiti_person_0799IbnFarhun,ابن فرحون,Ibn Farhun,,,Ibn Farḥūn,,799,,,OpenITI date code 0799,,"[""author""]",[],[],[],3,[],,,,0799IbnFarhun,"[""https://kitab-corpus-metadata.azurewebsites.net/""]"
openiti_person_0799IbnShaykha,عبد الرحمن بن أحمد بن مبارك بن حماد بن تركي الغزي الشيخ الزاهد زين الدين أبو الفرج المعروف بابن الشيخة المصري الحسيني (المتوفى: 799ه),Ibn Shaykha,,,,,799,,,OpenITI date code 0799,,"[""author""]",[],[],[],2,[],,,,0799IbnShaykha,"[""https://kitab-corpus-metadata.azurewebsites.net/""]"
openiti_person_0800AbuHafsCamrIbnJamic,أبو حفص عمرو بن جميع,Abu Hafs Camr Ibn Jamic,,,,,800,,,OpenITI date code 0800,,"[""author""]",[],[],[],1,[],,,,0800AbuHafsCamrIbnJamic,"[""https://kitab-corpus-metadata.azurewebsites.net/""]"
openiti_person_0800AhmadIbnUghuzDanishmandAqshahri,,Ahmad Ibn Ughuz Danishmand Aqshahri,,,,,800,,,OpenITI date code 0800,,"[""author""]",[],[],[],1,[],,,,0800AhmadIbnUghuzDanishmandAqshahri,"[""https://kitab-corpus-metadata.azurewebsites.net/""]"
openiti_person_0800Anonymous,مؤلف مجهول,Anonymous,,,Muʾallif majhūl,,800,,,OpenITI date code 0800,,"[""author""]",[],[],[],1,[],,,,0800Anonymous,"[""https://kitab-corpus-metadata.azurewebsites.net/""]"
openiti_person_0800CabdHaqqMaghribiSabti,أبو محمد عبد الحق الإسلامي المغربي السبتي (المتوفى: ق 8 هـ),Cabd Haqq Maghribi Sabti,,,,,800,,,OpenITI date code 0800,,"[""author""]",[],[],[],1,[],,,,0800CabdHaqqMaghribiSabti,"[""https://kitab-corpus-metadata.azurewebsites.net/""]"
openiti_person_0800CabdRahimTabib,عبد الرحيم الطبيب,Cabd Rahim Tabib,,,,,800,,,OpenITI date code 0800,,"[""author""]",[],[],[],1,[],,,,0800CabdRahimTabib,"[""https://kitab-corpus-metadata.azurewebsites.net/""]"
openiti_person_0800IbnAbiHasanDaylami,الديلمي,Ibn Abi Hasan Daylami,,,,,800,,,OpenITI date code 0800,,"[""author""]",[],[],[],3,[],,,,0800IbnAbiHasanDaylami,"[""https://kitab-corpus-metadata.azurewebsites.net/""]"
openiti_person_0800IbnAhmadAbuCabdAllahSalimi,أبو عبد الله السالمي,Ibn Ahmad Abu Cabd Allah Salimi,,,,,800,,,OpenITI date code 0800,,"[""author""]",[],[],[],1,[],,,,0800IbnAhmadAbuCabdAllahSalimi,"[""https://kitab-corpus-metadata.azurewebsites.net/""]"
openiti_person_0800IbnCabdRahmanCuthmani,محمد بن عبد الرحمان الحسيني العثماني,Ibn Cabd Rahman Cuthmani,,,,,800,,,OpenITI date code 0800,,"[""author""]",[],[],[],1,[],,,,0800IbnCabdRahmanCuthmani,"[""https://kitab-corpus-metadata.azurewebsites.net/""]"
openiti_person_0800IbnCaliYamaniZabidi,أبو بكر بن علي بن محمد الحدادي العبادي اليمني - الزبيدي (المتوفى : 800هـ),Ibn Cali Yamani Zabidi,,,,,800,,,OpenITI date code 0800,,"[""author""]",[],[],[],1,[],,,,0800IbnCaliYamaniZabidi,"[""https://kitab-corpus-metadata.azurewebsites.net/""]"
openiti_person_0800IbnSulaymanCizzDinHilli,حسن بن سليمان الحلي,Ibn Sulayman Cizz Din Hilli,,,,,800,,,OpenITI date code 0800,,"[""author""]",[],[],[],1,[],,,,0800IbnSulaymanCizzDinHilli,"[""https://kitab-corpus-metadata.azurewebsites.net/""]"
openiti_person_0800KhalifaNaysaburi,أبو عبد الله الحاكم محمد بن عبد الله بن محمد بن حمدويه بن نعيم بن الحكم الضبي الطهماني النيسابوري المعروف بابن البيع (المتوفى: 405هـ),Khalifa Naysaburi,,,,,800,,,OpenITI date code 0800,,"[""author""]",[],[],[],1,[],,,,0800KhalifaNaysaburi,"[""https://kitab-corpus-metadata.azurewebsites.net/""]"
openiti_person_0801CabdLatifIbnMalak,عبد اللطيف بن ملك,Cabd Latif Ibn Malak,,,,,801,,,OpenITI date code 0801,,"[""author""]",[],[],[],1,[],,,,0801CabdLatifIbnMalak,"[""https://kitab-corpus-metadata.azurewebsites.net/""]"
openiti_person_0801IbnCuthmanIbnQasihBaghdadiCudhri,أبو القاسم (أو أبو البقاء) علي بن عثمان بن محمد بن أحمد بن الحسن المعروف بابن القاصح العذري البغدادي ثم المصري الشافعي المقرئ (المتوفى: 801هـ),Ibn Cuthman Ibn Qasih Baghdadi Cudhri,,,,,801,,,OpenITI date code 0801,,"[""author""]",[],[],[],1,[],,,,0801IbnCuthmanIbnQasihBaghdadiCudhri,"[""https://kitab-corpus-metadata.azurewebsites.net/""]"
openiti_person_0802IbnMusaAbnasi,برهان الدين الأبناسي,Ibn Musa Abnasi,,,,,802,,,OpenITI date code 0802,,"[""author""]",[],[],[],1,[],,,,0802IbnMusaAbnasi,"[""https://kitab-corpus-metadata.azurewebsites.net/""]"
openiti_person_0803BahaDinNiliNajafi,علي بن عبد الكريم النيلي,Baha Din Nili Najafi,,,,,803,,,OpenITI date code 0803,,"[""author""]",[],[],[],2,[],,,,0803BahaDinNiliNajafi,"[""https://kitab-corpus-metadata.azurewebsites.net/""]"
openiti_person_0803IbnCarafaWarghami,محمد بن محمد ابن عرفة الورغمي التونسي المالكي ، أبو عبد الله (المتوفى : 803هـ),Ibn Carafa Warghami,,,,,803,,,OpenITI date code 0803,,"[""author""]",[],[],[],3,[],,,,0803IbnCarafaWarghami,"[""https://kitab-corpus-metadata.azurewebsites.net/""]"
openiti_person_0803IbnLahhamCalaDinBacli,ابن اللحام,Ibn Lahham Cala Din Bacli,,,,,803,,,OpenITI date code 0803,,"[""author""]",[],[],[],3,[],,,,0803IbnLahhamCalaDinBacli,"[""https://kitab-corpus-metadata.azurewebsites.net/""]"
openiti_person_0803IbnMusaJamalDinMalati,أبو المحاسن يوسف بن موسى الحنفي,Ibn Musa Jamal Din Malati,,,,,803,,,OpenITI date code 0803,,"[""author""]",[],[],[],1,[],,,,0803IbnMusaJamalDinMalati,"[""https://kitab-corpus-metadata.azurewebsites.net/""]"
openiti_person_0803MalikAshrafIsmacilRasuli,الملك الأشرف إسماعيل بن العباس الغساني (المتوفى:803ه),Malik Ashraf Ismacil Rasuli,,,,,803,,,OpenITI date code 0803,,"[""author""]",[],[],[],1,[],,,,0803MalikAshrafIsmacilRasuli,"[""https://kitab-corpus-metadata.azurewebsites.net/""]"
openiti_person_0803NasirDinIbnZurayq,محمد بن عبد الرحمن بن محمد بن أحمد بن التقي سليمان بن حمزة المقدسي ثم الصالحي ناصر الدين المعروف بابن زريق (المتوفى: 803ه),Nasir Din Ibn Zurayq,,,,,803,,,OpenITI date code 0803,,"[""author""]",[],[],[],1,[],,,,0803NasirDinIbnZurayq,"[""https://kitab-corpus-metadata.azurewebsites.net/""]"
openiti_person_0803SadrDinMunawi,المناوي، صدر الدين,Sadr Din Munawi,,,,,803,,,OpenITI date code 0803,,"[""author""]",[],[],[],1,[],,,,0803SadrDinMunawi,"[""https://kitab-corpus-metadata.azurewebsites.net/""]"
openiti_person_0804IbnMulaqqin,سراج الدين أبو حفص عمر بن علي الأنصاري المعروف ب ابن الملقن (المتوفى: 804 ه),Ibn Mulaqqin,,,,,804,,,OpenITI date code 0804,,"[""author""]",[],[],[],16,[],,,,0804IbnMulaqqin,"[""https://kitab-corpus-metadata.azurewebsites.net/""]"
openiti_person_0805BahramDamiri,الدميري، بهرام,Bahram Damiri,,,,,805,,,OpenITI date code 0805,,"[""author""]",[],[],[],2,[],,,,0805BahramDamiri,"[""https://kitab-corpus-metadata.azurewebsites.net/""]"
openiti_person_0805CabdKarimJili,عبد الكريم بن ابراهيم الجيلي,Cabd Karim Jili,,,ʿAbd al-Karīm b. Ibrāhīm al-Jīlī,,805,,,OpenITI date code 0805,,"[""author""]",[],[],[],1,[],,,,0805CabdKarimJili,"[""https://kitab-corpus-metadata.azurewebsites.net/""]"
openiti_person_0805SirajDinBulqini,البلقيني، سراج الدين,Siraj Din Bulqini,,,,,805,,,OpenITI date code 0805,,"[""author""]",[],[],[],4,[],,,,0805SirajDinBulqini,"[""https://kitab-corpus-metadata.azurewebsites.net/""]"
openiti_person_0806IbnHusaynZaynDinCiraqi,زين الدين العراقي,Ibn Husayn Zayn Din Ciraqi,,,Zayn al-Dīn al-ʿIrāqī,,806,,,OpenITI date code 0806,,"[""author""]",[],[],[],18,[],,,,0806IbnHusaynZaynDinCiraqi,"[""https://kitab-corpus-metadata.azurewebsites.net/""]"
openiti_person_0807IbnAhmarKhazraji,إسماعيل بن يوسف بن محمد بن نصر الخزرجي الأنصاري النصري، أبو الوليد، المعروف بابن الأحمر (المتوفى: 807ه),Ibn Ahmar Khazraji,,,,,807,,,OpenITI date code 0807,,"[""author""]",[],[],[],2,[],,,,0807IbnAhmarKhazraji,"[""https://kitab-corpus-metadata.azurewebsites.net/""]"
openiti_person_0807IbnFurat,ابن الفرات,Ibn Furat,,,Ibn al-Furāt,,807,,,OpenITI date code 0807,,"[""author""]",[],[],[],1,[],,,,0807IbnFurat,"[""https://kitab-corpus-metadata.azurewebsites.net/""]"
openiti_person_0807Makkudi,أبو زيد عبد الرحمن بن علي بن صالح المكودي (المتوفى: 807 ه),Makkudi,,,,,807,,,OpenITI date code 0807,,"[""author""]",[],[],[],1,[],,,,0807Makkudi,"[""https://kitab-corpus-metadata.azurewebsites.net/""]"
openiti_person_0807NurDinHaythami,أبو الحسن نور الدين علي بن أبي بكر بن سليمان الهيثمي,Nur Din Haythami,,,,,807,,,OpenITI date code 0807,,"[""author""]",[],[],[],6,[],,,,0807NurDinHaythami,"[""https://kitab-corpus-metadata.azurewebsites.net/""]"
openiti_person_0808IbnCimadDinShihabDinAqfahsi,أحمد بن عماد الدين الأقفهسي (المتوفى : 808هـ),Ibn Cimad Din Shihab Din Aqfahsi,,,,,808,,,OpenITI date code 0808,,"[""author""]",[],[],[],2,[],,,,0808IbnCimadDinShihabDinAqfahsi,"[""https://kitab-corpus-metadata.azurewebsites.net/""]"
openiti_person_0808IbnKhaldun,ابن خلدون,Ibn Khaldun,,,Ibn Ḫaldūn,,808,,,OpenITI date code 0808,,"[""author""]",[],[],[],3,[],,,,0808IbnKhaldun,"[""https://kitab-corpus-metadata.azurewebsites.net/""]"
openiti_person_0808MuhammadDamiri,كمال الدين محمد بن موسى بن عيسى الدميري,Muhammad Damiri,,,,,808,,,OpenITI date code 0808,,"[""author""]",[],[],[],3,[],,,,0808MuhammadDamiri,"[""https://kitab-corpus-metadata.azurewebsites.net/""]"
openiti_person_0809IbnDuqmaq,صارم الدين إبراهيم بن محمد بن أيدمر العلائي القاهري الملقب بابن دقماق (المتوفى: 809 ه),Ibn Duqmaq,,,,,809,,,OpenITI date code 0809,,"[""author""]",[],[],[],1,[],,,,0809IbnDuqmaq,"[""https://kitab-corpus-metadata.azurewebsites.net/""]"
openiti_person_0809IbnIlyasShirazi,ابن الياس الشيرازي,Ibn Ilyas Shirazi,,,Ibn Ilyās al-Šīrāzī,,809,,,OpenITI date code 0809,,"[""author""]",[],[],[],1,[],,,,0809IbnIlyasShirazi,"[""https://kitab-corpus-metadata.azurewebsites.net/""]"
openiti_person_0809IbnQunfudh,أبو العباس أحمد بن حسن بن الخطيب الشهير بابن قنفذ القسنطيني (المتوفى: 810هـ),Ibn Qunfudh,,,,,809,,,OpenITI date code 0809,,"[""author""]",[],[],[],2,[],,,,0809IbnQunfudh,"[""https://kitab-corpus-metadata.azurewebsites.net/""]"
openiti_person_0810IbnHadi,عبد الله بن الهادي بن يحيى بن حمزة,Ibn Hadi,,,,,810,,,OpenITI date code 0810,,"[""author""]",[],[],[],1,[],,,,0810IbnHadi,"[""https://kitab-corpus-metadata.azurewebsites.net/""]"
openiti_person_0812CaliKhazraji,علي بن الحسن بن أبي بكر بن الحسن ابن وهاس الخزرجي الزبيدي، أبو الحسن موفق الدين (المتوفى: 812هـ),Cali Khazraji,,,,,812,,,OpenITI date code 0812,,"[""author""]",[],[],[],1,[],,,,0812CaliKhazraji,"[""https://kitab-corpus-metadata.azurewebsites.net/""]"
openiti_person_0813QattanCasqalani,محمد بن علي القطان العسقلاني,Qattan Casqalani,,,,,813,,,OpenITI date code 0813,,"[""author""]",[],[],[],2,[],,,,0813QattanCasqalani,"[""https://kitab-corpus-metadata.azurewebsites.net/""]"
openiti_person_0813RajabIbnMuhammadBursi,حافظ رجب البرسي‏,Rajab Ibn Muhammad Bursi,,,,,813,,,OpenITI date code 0813,,"[""author""]",[],[],[],1,[],,,,0813RajabIbnMuhammadBursi,"[""https://kitab-corpus-metadata.azurewebsites.net/""]"
openiti_person_0814IbnNahhas,ابن النحاس,Ibn Nahhas,,,Ibn al-Naḥḥās,,814,,,OpenITI date code 0814,,"[""author""]",[],[],[],2,[],,,,0814IbnNahhas,"[""https://kitab-corpus-metadata.azurewebsites.net/""]"
openiti_person_0814IbnZayyat,ابن الزياط,Ibn Zayyat,,,Ibn al-Zayyāṭ,,814,,,OpenITI date code 0814,,"[""author""]",[],[],[],1,[],,,,0814IbnZayyat,"[""https://kitab-corpus-metadata.azurewebsites.net/""]"
openiti_person_0815Ghuzuli,الغزلي,Ghuzuli,,,al-Ġuzulī,,815,,,OpenITI date code 0815,,"[""author""]",[],[],[],1,[],,,,0815Ghuzuli,"[""https://kitab-corpus-metadata.azurewebsites.net/""]"
openiti_person_0815IbnMuhammadShihabDinIbnHaim,الهائم الشافعي,Ibn Muhammad Shihab Din Ibn Haim,,,,,815,,,OpenITI date code 0815,,"[""author""]",[],[],[],1,[],,,,0815IbnMuhammadShihabDinIbnHaim,"[""https://kitab-corpus-metadata.azurewebsites.net/""]"
openiti_person_0815MuhibbDinIbnShihna,ابن الشحنة,Muhibb Din Ibn Shihna,,,Ibn al-Šiḥnaŧ,,815,,,OpenITI date code 0815,,"[""author""]",[],[],[],2,[],,,,0815MuhibbDinIbnShihna,"[""https://kitab-corpus-metadata.azurewebsites.net/""]"
openiti_person_0816AbuBakrMaraghi,أبو بكر بن الحسين بن عمر، القرشي العبشمي الأموي العثماني، زين الدين، وكنيته أبو محمد ويقال اسمه (عبد الله) والمشهور (أبو بكر) المصري الشافعي المراغي (المتوفى: 816هـ),Abu Bakr Maraghi,,,,,816,,,OpenITI date code 0816,,"[""author""]",[],[],[],3,[],,,,0816AbuBakrMaraghi,"[""https://kitab-corpus-metadata.azurewebsites.net/""]"
openiti_person_0816HajjiBasha,حاجي باشا,Hajji Basha,,,Ḥāǧǧī Bāšā,,816,,,OpenITI date code 0816,,"[""author""]",[],[],[],1,[],,,,0816HajjiBasha,"[""https://kitab-corpus-metadata.azurewebsites.net/""]"
openiti_person_0816IbnHijji,ابن حجي,Ibn Hijji,,,Ibn Ḥiǧǧī,,816,,,OpenITI date code 0816,,"[""author""]",[],[],[],1,[],,,,0816IbnHijji,"[""https://kitab-corpus-metadata.azurewebsites.net/""]"
openiti_person_0816IbnMuhammadSharifJurjani,ابن محمد الشريف الجرجاني,Ibn Muhammad Sharif Jurjani,,,Ibn Muḥammad al-Šarīf al-Jurjānī,,816,,,OpenITI date code 0816,,"[""author""]",[],[],[],6,[],,,,0816IbnMuhammadSharifJurjani,"[""https://kitab-corpus-metadata.azurewebsites.net/""]"
openiti_person_0817MajdDinFiruzabadi,مجد الدين الفيروزابادي,Majd Din Firuzabadi,,,Maǧd al-Dīn al-Fīrūzābādī,,817,,,OpenITI date code 0817,,"[""author""]",[],[],[],9,[],,,,0817MajdDinFiruzabadi,"[""https://kitab-corpus-metadata.azurewebsites.net/""]"
openiti_person_0819CizzDinIbnJamaca,عز الدين محمد بن جماعة,Cizz Din Ibn Jamaca,,,,,819,,,OpenITI date code 0819,,"[""author""]",[],[],[],1,[],,,,0819CizzDinIbnJamaca,"[""https://kitab-corpus-metadata.azurewebsites.net/""]"
openiti_person_0820Aqfahsi,الأقفهسي,Aqfahsi,,,al-Aqfahsī,,820,,,OpenITI date code 0820,,"[""author""]",[],[],[],1,[],,,,0820Aqfahsi,"[""https://kitab-corpus-metadata.azurewebsites.net/""]"
openiti_person_0820NicmatAllahWali,شاه نعمت الله ولي,Nicmat Allah Wali,,,Šāh Niʿmat Allāh Walī,,820,,,OpenITI date code 0820,,"[""author""]",[],[],[],1,[],,,,0820NicmatAllahWali,"[""https://kitab-corpus-metadata.azurewebsites.net/""]"
openiti_person_0820ShamsDinBilali,شمس الدين البلالي,Shams Din Bilali,,,Šams al-Dīn al-Bilālī,,820,,,OpenITI date code 0820,,"[""author""]",[],[],[],1,[],,,,0820ShamsDinBilali,"[""https://kitab-corpus-metadata.azurewebsites.net/""]"
openiti_person_0821AbuShamilShumuni,أبو شامل محمد بن محمد بن حسن الشمني التميمي الداري الإسكندراني المالكي (821 ه),Abu Shamil Shumuni,,,,,821,,,OpenITI date code 0821,,"[""author""]",[],[],[],2,[],,,,0821AbuShamilShumuni,"[""https://kitab-corpus-metadata.azurewebsites.net/""]"
openiti_person_0821IbnCaliMaqdisi,محمد بن علي العمري المقدسي,Ibn Cali Maqdisi,,,,,821,,,OpenITI date code 0821,,"[""author""]",[],[],[],1,[],,,,0821IbnCaliMaqdisi,"[""https://kitab-corpus-metadata.azurewebsites.net/""]"
openiti_person_0821Qalqashandi,القلقشندي، الفزاريو الشافعي,Qalqashandi,,,"al-Qalqašandī, al-Fazārīو al-Šāfiʿī",,821,,,OpenITI date code 0821,,"[""author""]",[],[],[],4,[],,,,0821Qalqashandi,"[""https://kitab-corpus-metadata.azurewebsites.net/""]"
openiti_person_0822HadiIbnWazir,السيد الإمام الهادي بن إبراهيم الوزير,Hadi Ibn Wazir,,,,,822,,,OpenITI date code 0822,,"[""author""]",[],[],[],2,[],,,,0822HadiIbnWazir,"[""https://kitab-corpus-metadata.azurewebsites.net/""]"
openiti_person_0825AwliyaAllahAmuli,,Awliya Allah Amuli,,,,,825,,,OpenITI date code 0825,,"[""author""]",[],[],[],1,[],,,,0825AwliyaAllahAmuli,"[""https://kitab-corpus-metadata.azurewebsites.net/""]"
openiti_person_0825IbnNurDin,ابن نور الدين,Ibn Nur Din,,,,,825,,,OpenITI date code 0825,,"[""author""]",[],[],[],1,[],,,,0825IbnNurDin,"[""https://kitab-corpus-metadata.azurewebsites.net/""]"
openiti_person_0825IbnQasimSabti,محمد بن القاسم بن محمد بن أحمد بن عبد الملك الأنصاري المحتد السبتي (المتوفى: بعد 825هـ),Ibn Qasim Sabti,,,,,825,,,OpenITI date code 0825,,"[""author""]",[],[],[],1,[],,,,0825IbnQasimSabti,"[""https://kitab-corpus-metadata.azurewebsites.net/""]"
openiti_person_0825MakkiHusayni,المكي الحسيني,Makki Husayni,,,al-Makkī al-Ḥusaynī,,825,,,OpenITI date code 0825,,"[""author""]",[],[],[],1,[],,,,0825MakkiHusayni,"[""https://kitab-corpus-metadata.azurewebsites.net/""]"
openiti_person_0826IbnCiraqi,ابن العراقي,Ibn Ciraqi,,,Ibn al-ʿIrāqī,,826,,,OpenITI date code 0826,,"[""author""]",[],[],[],7,[],,,,0826IbnCiraqi,"[""https://kitab-corpus-metadata.azurewebsites.net/""]"
openiti_person_0826MiqdadSuyuri,المقداد السيوري,Miqdad Suyuri,,,,,826,,,OpenITI date code 0826,,"[""author""]",[],[],[],1,[],,,,0826MiqdadSuyuri,"[""https://kitab-corpus-metadata.azurewebsites.net/""]"
openiti_person_0827BadrDinDamaminiMakhzumi,ابن الدماميني,Badr Din Damamini Makhzumi,,,,,827,,,OpenITI date code 0827,,"[""author""]",[],[],[],3,[],,,,0827BadrDinDamaminiMakhzumi,"[""https://kitab-corpus-metadata.azurewebsites.net/""]"
openiti_person_0827IbnIshaqKhwarizmi,محمد بن إسحاق الخوارزمي,Ibn Ishaq Khwarizmi,,,,,827,,,OpenITI date code 0827,,"[""author""]",[],[],[],1,[],,,,0827IbnIshaqKhwarizmi,"[""https://kitab-corpus-metadata.azurewebsites.net/""]"
openiti_person_0827IbnShihabBazzazi,البزازي,Ibn Shihab Bazzazi,,,,,827,,,OpenITI date code 0827,,"[""author""]",[],[],[],1,[],,,,0827IbnShihabBazzazi,"[""https://kitab-corpus-metadata.azurewebsites.net/""]"
openiti_person_0828IbnCinaba,ابن عنابة,Ibn Cinaba,,,Ibn ʿInābaŧ,,828,,,OpenITI date code 0828,,"[""author""]",[],[],[],1,[],,,,0828IbnCinaba,"[""https://kitab-corpus-metadata.azurewebsites.net/""]"
openiti_person_0829IbnCasimGharnati,محمد بن محمد بن محمد، أبو بكر ابن عاصم القيسي الغرناطي (المتوفى: 829هـ),Ibn Casim Gharnati,,,,,829,,,OpenITI date code 0829,,"[""author""]",[],[],[],3,[],,,,0829IbnCasimGharnati,"[""https://kitab-corpus-metadata.azurewebsites.net/""]"
openiti_person_0829TaqiDinDimashqiHisni,تقي الدين أبي بكر الحصني الدمشقي,Taqi Din Dimashqi Hisni,,,,,829,,,OpenITI date code 0829,,"[""author""]",[],[],[],2,[],,,,0829TaqiDinDimashqiHisni,"[""https://kitab-corpus-metadata.azurewebsites.net/""]"
openiti_person_0830BuraciYamaniShacir,البرعي,Buraci Yamani Shacir,,,,,830,,,OpenITI date code 0830,,"[""author""]",[],[],[],1,[],,,,0830BuraciYamaniShacir,"[""https://kitab-corpus-metadata.azurewebsites.net/""]"
openiti_person_0830IbnMuhammadBasiliTunisi,أبو العباس البسيلي التونسي (المتوفي 830 هـ),Ibn Muhammad Basili Tunisi,,,,,830,,,OpenITI date code 0830,,"[""author""]",[],[],[],2,[],,,,0830IbnMuhammadBasiliTunisi,"[""https://kitab-corpus-metadata.azurewebsites.net/""]"
openiti_person_0830IbnSulaymanHilli,الحسن بن سليمان الحلي,Ibn Sulayman Hilli,,,,,830,,,OpenITI date code 0830,,"[""author""]",[],[],[],1,[],,,,0830IbnSulaymanHilli,"[""https://kitab-corpus-metadata.azurewebsites.net/""]"
openiti_person_0831ShamsDinBirmawi,البرماوي شمس الدين محمد بن عبد الدائم (763 - 831 ه),Shams Din Birmawi,,,,,831,,,OpenITI date code 0831,,"[""author""]",[],[],[],2,[],,,,0831ShamsDinBirmawi,"[""https://kitab-corpus-metadata.azurewebsites.net/""]"
openiti_person_0832TaqiFasi,التقي الفاسي,Taqi Fasi,,,al-Taqī al-Fāsī,,832,,,OpenITI date code 0832,,"[""author""]",[],[],[],8,[],,,,0832TaqiFasi,"[""https://kitab-corpus-metadata.azurewebsites.net/""]"
openiti_person_0833IbnJazari,شمس الدين محمد الجزري,Ibn Jazari,,,,,833,,,OpenITI date code 0833,,"[""author""]",[],[],[],12,[],,,,0833IbnJazari,"[""https://kitab-corpus-metadata.azurewebsites.net/""]"
openiti_person_0833QadiShammac,القاضي أبي العباس أحمد الشماع الهنتاتي (ت 833ه),Qadi Shammac,,,,,833,,,OpenITI date code 0833,,"[""author""]",[],[],[],1,[],,,,0833QadiShammac,"[""https://kitab-corpus-metadata.azurewebsites.net/""]"
openiti_person_0833Shaybi,"al-Shaybī, Jamāl al-Dīn Muḥammad b. ʿAlī al-Qurashī al-ʿAbdarī",Shaybi,,,,,833,,,OpenITI date code 0833,,"[""author""]",[],[],[],1,[],,,,0833Shaybi,"[""https://kitab-corpus-metadata.azurewebsites.net/""]"
openiti_person_0834HafizAbru,,Hafiz Abru,,,,,834,,,OpenITI date code 0834,,"[""author""]",[],[],[],3,[],,,,0834HafizAbru,"[""https://kitab-corpus-metadata.azurewebsites.net/""]"
openiti_person_0834IbnHamzaFanari,الفناري,Ibn Hamza Fanari,,,,,834,,,OpenITI date code 0834,,"[""author""]",[],[],[],2,[],,,,0834IbnHamzaFanari,"[""https://kitab-corpus-metadata.azurewebsites.net/""]"
openiti_person_0834TajDinSalmani,,Taj Din Salmani,,,,,834,,,OpenITI date code 0834,,"[""author""]",[],[],[],1,[],,,,0834TajDinSalmani,"[""https://kitab-corpus-metadata.azurewebsites.net/""]"
openiti_person_0835ShihabDinIbnJazari,شمس الدين أبو الخير ابن الجزري، محمد بن محمد بن يوسف (المتوفى: 833هـ),Shihab Din Ibn Jazari,,,,,835,,,OpenITI date code 0835,,"[""author""]",[],[],[],1,[],,,,0835ShihabDinIbnJazari,"[""https://kitab-corpus-metadata.azurewebsites.net/""]"
openiti_person_0836FaqihYusuf,الفقيه يوسف,Faqih Yusuf,,,al-Faqīh Yūsuf,,836,,,OpenITI date code 0836,,"[""author""]",[],[],[],1,[],,,,0836FaqihYusuf,"[""https://kitab-corpus-metadata.azurewebsites.net/""]"
openiti_person_0837IbnHijjaHamawi,ابن حجة الحموي,Ibn Hijja Hamawi,,,Ibn Ḥijjaŧ al-Ḥamawī,,837,,,OpenITI date code 0837,,"[""author""]",[],[],[],5,[],,,,0837IbnHijjaHamawi,"[""https://kitab-corpus-metadata.azurewebsites.net/""]"
openiti_person_0837IbnNajiTannukhi,التنوخي، ابن ناجي,Ibn Naji Tannukhi,,,,,837,,,OpenITI date code 0837,,"[""author""]",[],[],[],1,[],,,,0837IbnNajiTannukhi,"[""https://kitab-corpus-metadata.azurewebsites.net/""]"
openiti_person_0837JamalDinSancani,جمال الدين على بن محمد بن أبى القاسم الصنعانى المتوفى سنة 837 ه,Jamal Din Sancani,,,,,837,,,OpenITI date code 0837,,"[""author""]",[],[],[],1,[],,,,0837JamalDinSancani,"[""https://kitab-corpus-metadata.azurewebsites.net/""]"
openiti_person_0837MucinDinNatanzi,,Mucin Din Natanzi,,,,,837,,,OpenITI date code 0837,,"[""author""]",[],[],[],1,[],,,,0837MucinDinNatanzi,"[""https://kitab-corpus-metadata.azurewebsites.net/""]"
openiti_person_0838CabdQadirMaraghai,عبد القادر المراغي,Cabd Qadir Maraghai,,,ʿAbd al-Qādir al-Marāġī,,838,,,OpenITI date code 0838,,"[""author""]",[],[],[],2,[],,,,0838CabdQadirMaraghai,"[""https://kitab-corpus-metadata.azurewebsites.net/""]"
openiti_person_0838ShihabDinDalji,أحمد بن علي بن عبد الله، شهاب الدين الدلجي المصري (المتوفى: 838هـ),Shihab Din Dalji,,,,,838,,,OpenITI date code 0838,,"[""author""]",[],[],[],1,[],,,,0838ShihabDinDalji,"[""https://kitab-corpus-metadata.azurewebsites.net/""]"
openiti_person_0840IbnCabdAllahJundariImamMurtada,أحمد بن يحيى بن المرتضى المهدي لدين الله (المتوفى: 840 ه),Ibn Cabd Allah Jundari Imam Murtada,,,,,840,,,OpenITI date code 0840,,"[""author""]",[],[],[],1,[],,,,0840IbnCabdAllahJundariImamMurtada,"[""https://kitab-corpus-metadata.azurewebsites.net/""]"
openiti_person_0840IbnWazirYamani,ابن الوزير,Ibn Wazir Yamani,,,Ibn al-Wazīr,,840,,,OpenITI date code 0840,,"[""author""]",[],[],[],3,[],,,,0840IbnWazirYamani,"[""https://kitab-corpus-metadata.azurewebsites.net/""]"
openiti_person_0840MahdiAhmadIbnYahyaHasani,المهدي أحمد بن يحيى,Mahdi Ahmad Ibn Yahya Hasani,,,al-Mahdī Aḥmad b. Yaḥyá,,840,,,OpenITI date code 0840,,"[""author""]",[],[],[],4,[],,,,0840MahdiAhmadIbnYahyaHasani,"[""https://kitab-corpus-metadata.azurewebsites.net/""]"
openiti_person_0840QattanHilli,شمس الدين محمد القطان الحلي,Qattan Hilli,,,,,840,,,OpenITI date code 0840,,"[""author""]",[],[],[],1,[],,,,0840QattanHilli,"[""https://kitab-corpus-metadata.azurewebsites.net/""]"
openiti_person_0840ShihabDinBusiri,البوصيري,Shihab Din Busiri,,,,,840,,,OpenITI date code 0840,,"[""author""]",[],[],[],3,[],,,,0840ShihabDinBusiri,"[""https://kitab-corpus-metadata.azurewebsites.net/""]"
openiti_person_0841BurhanDinSibtIbnCajami,برهان الدين الحلبي أبو الوفا إبراهيم بن محمد بن خليل الطرابلسي الشافعي سبط ابن العجمي (المتوفى: 841هـ),Burhan Din Sibt Ibn Cajami,,,,,841,,,OpenITI date code 0841,,"[""author""]",[],[],[],3,[],,,,0841BurhanDinSibtIbnCajami,"[""https://kitab-corpus-metadata.azurewebsites.net/""]"
openiti_person_0841IbnNahid,ابن ناه̣د,Ibn Nahid,,,Ibn Nāhịd,,841,,,OpenITI date code 0841,,"[""author""]",[],[],[],1,[],,,,0841IbnNahid,"[""https://kitab-corpus-metadata.azurewebsites.net/""]"
openiti_person_0841JamalDinIbnFahdHilli,ابن فهد الحلي,Jamal Din Ibn Fahd Hilli,,,,,841,,,OpenITI date code 0841,,"[""author""]",[],[],[],4,[],,,,0841JamalDinIbnFahdHilli,"[""https://kitab-corpus-metadata.azurewebsites.net/""]"
openiti_person_0842IbnNasirDinDimashqi,ابن ناصر الدين,Ibn Nasir Din Dimashqi,,,Ibn Nāṣir al-dīn,,842,,,OpenITI date code 0842,,"[""author""]",[],[],[],25,[],,,,0842IbnNasirDinDimashqi,"[""https://kitab-corpus-metadata.azurewebsites.net/""]"
openiti_person_0843IbnIsmacilJadhbati,محمود بن إسماعيل بن إبراهيم الجذبتي,Ibn Ismacil Jadhbati,,,,,843,,,OpenITI date code 0843,,"[""author""]",[],[],[],1,[],,,,0843IbnIsmacilJadhbati,"[""https://kitab-corpus-metadata.azurewebsites.net/""]"
openiti_person_0843IbnKhatibNasiriyya,ابن خطيب الناصري,Ibn Khatib Nasiriyya,,,Ibn Ḫaṭīb al-Nāṣiriyya,,843,,,OpenITI date code 0843,,"[""author""]",[],[],[],1,[],,,,0843IbnKhatibNasiriyya,"[""https://kitab-corpus-metadata.azurewebsites.net/""]"
openiti_person_0843MahmudKutubi,,Mahmud Kutubi,,,,,843,,,OpenITI date code 0843,,"[""author""]",[],[],[],1,[],,,,0843MahmudKutubi,"[""https://kitab-corpus-metadata.azurewebsites.net/""]"
openiti_person_0844IbnHusaynIbnRaslanRamli,ابن رسلان,Ibn Husayn Ibn Raslan Ramli,,,,,844,,,OpenITI date code 0844,,"[""author""]",[],[],[],2,[],,,,0844IbnHusaynIbnRaslanRamli,"[""https://kitab-corpus-metadata.azurewebsites.net/""]"
openiti_person_0844IbnKhalilCalaDinTarabulusi,علاء الدين الطرابلسي,Ibn Khalil Cala Din Tarabulusi,,,,,844,,,OpenITI date code 0844,,"[""author""]",[],[],[],1,[],,,,0844IbnKhalilCalaDinTarabulusi,"[""https://kitab-corpus-metadata.azurewebsites.net/""]"
openiti_person_0844IbnRassamHamawi,أحمد بن أبي بكر بن علي بن إسماعيل الحموي، ابن الرسام (المتوفى: 844هـ),Ibn Rassam Hamawi,,,,,844,,,OpenITI date code 0844,,"[""author""]",[],[],[],1,[],,,,0844IbnRassamHamawi,"[""https://kitab-corpus-metadata.azurewebsites.net/""]"
openiti_person_0844ShamsDinMisri,شمس الدين محمد بن عمار بن محمد بن أحمد المصري المالكي المعروف بابن عمار (المتوفى: 844هـ),Shams Din Misri,,,,,844,,,OpenITI date code 0844,,"[""author""]",[],[],[],1,[],,,,0844ShamsDinMisri,"[""https://kitab-corpus-metadata.azurewebsites.net/""]"
openiti_person_0845AbuHafsSamarqandi,أبو حفص السمرقندي,Abu Hafs Samarqandi,,,Abū Ḥafṣ al-Samarqandī,,845,,,OpenITI date code 0845,,"[""author""]",[],[],[],1,[],,,,0845AbuHafsSamarqandi,"[""https://kitab-corpus-metadata.azurewebsites.net/""]"
openiti_person_0845FasihKhwafi,,Fasih Khwafi,,,,,845,,,OpenITI date code 0845,,"[""author""]",[],[],[],1,[],,,,0845FasihKhwafi,"[""https://kitab-corpus-metadata.azurewebsites.net/""]"
openiti_person_0845Maqrizi,المقريزي,Maqrizi,,,al-Maqrīzī,,845,,,OpenITI date code 0845,,"[""author""]",[],[],[],23,[],,,,0845Maqrizi,"[""https://kitab-corpus-metadata.azurewebsites.net/""]"
openiti_person_0848IbnSarrajAndalusi,أبو القاسم محمد بن سراج الأندلسي (المتوفى: 848هـ),Ibn Sarraj Andalusi,,,,,848,,,OpenITI date code 0848,,"[""author""]",[],[],[],1,[],,,,0848IbnSarrajAndalusi,"[""https://kitab-corpus-metadata.azurewebsites.net/""]"
openiti_person_0850Acqam,الأعقم,Acqam,,,,,850,,,OpenITI date code 0850,,"[""author""]",[],[],[],1,[],,,,0850Acqam,"[""https://kitab-corpus-metadata.azurewebsites.net/""]"
openiti_person_0850Ruhawi,حسام الدين الرهاوي,Ruhawi,,,,,850,,,OpenITI date code 0850,,"[""author""]",[],[],[],1,[],,,,0850Ruhawi,"[""https://kitab-corpus-metadata.azurewebsites.net/""]"
openiti_person_0850ShihabDinIbshihi,شهاب الدين الابشيهي,Shihab Din Ibshihi,,,Šihāb al-Dīn al-Ibšīhī,,850,,,OpenITI date code 0850,,"[""author""]",[],[],[],2,[],,,,0850ShihabDinIbshihi,"[""https://kitab-corpus-metadata.azurewebsites.net/""]"
openiti_person_0851IbnQadiShuhba,ابن قاضي شهبة,Ibn Qadi Shuhba,,,,,851,,,OpenITI date code 0851,,"[""author""]",[],[],[],1,[],,,,0851IbnQadiShuhba,"[""https://kitab-corpus-metadata.azurewebsites.net/""]"
openiti_person_0852AbuNucaymMustamli,رضوان بن محمد بن يوسف العقبي أبي النعيم المستملي,Abu Nucaym Mustamli,,,,,852,,,OpenITI date code 0852,,"[""author""]",[],[],[],1,[],,,,0852AbuNucaymMustamli,"[""https://kitab-corpus-metadata.azurewebsites.net/""]"
openiti_person_0852IbnHajarCasqalani,ابن حجر العسقلاني,Ibn Hajar Casqalani,,,Ibn Ḥaǧar al-ʿAsqalānī,,852,,,OpenITI date code 0852,,"[""author""]",[],[],[],78,[],,,,0852IbnHajarCasqalani,"[""https://kitab-corpus-metadata.azurewebsites.net/""]"
openiti_person_0852SirajDinIbnWardi,سراج الدين أبو حفص عمر بن المظفر بن الوردي، البكري القرشي، المعري ثم الحلبي,Siraj Din Ibn Wardi,,,,,852,,,OpenITI date code 0852,,"[""author""]",[],[],[],2,[],,,,0852SirajDinIbnWardi,"[""https://kitab-corpus-metadata.azurewebsites.net/""]"
openiti_person_0854IbnCarabshah,ابن عربشاه,Ibn Carabshah,,,Ibn ʿArabšāh,,854,,,OpenITI date code 0854,,"[""author""]",[],[],[],4,[],,,,0854IbnCarabshah,"[""https://kitab-corpus-metadata.azurewebsites.net/""]"
openiti_person_0854IbnDiyaMakki,,Ibn Diya Makki,,,,,854,,,OpenITI date code 0854,,"[""author""]",[],[],[],4,[],,,,0854IbnDiyaMakki,"[""https://kitab-corpus-metadata.azurewebsites.net/""]"
openiti_person_0854IbnMalak,ابن الملك,Ibn Malak,,,,,854,,,OpenITI date code 0854,,"[""author""]",[],[],[],1,[],,,,0854IbnMalak,"[""https://kitab-corpus-metadata.azurewebsites.net/""]"
openiti_person_0855BadrDinCayni,بدر الدين العيني,Badr Din Cayni,,,Badr al-Dīn al-ʿAynī,,855,,,OpenITI date code 0855,,"[""author""]",[],[],[],10,[],,,,0855BadrDinCayni,"[""https://kitab-corpus-metadata.azurewebsites.net/""]"
openiti_person_0855HusaynIbnAbdRahmanAhdal,الحسين بن عبد الرحمن ابن الأهدل,Husayn Ibn Abd Rahman Ahdal,,,al-Ḥusayn b. ʿAbd al-Raḥmãn Ibn al-Ahdal,,855,,,OpenITI date code 0855,,"[""author""]",[],[],[],1,[],,,,0855HusaynIbnAbdRahmanAhdal,"[""https://kitab-corpus-metadata.azurewebsites.net/""]"
openiti_person_0855IbnAhmadShamsDinDimashqi,شمس الدين أبي عبد الله محمد بن أحمد ابن سعيد النابلسي الدمشقي، الحلبي، المقدسي، المكي الحنبلي (المتوفى: 855هـ),Ibn Ahmad Shams Din Dimashqi,,,,,855,,,OpenITI date code 0855,,"[""author""]",[],[],[],1,[],,,,0855IbnAhmadShamsDinDimashqi,"[""https://kitab-corpus-metadata.azurewebsites.net/""]"
openiti_person_0855IbnSabbaghMakki,ابن الصباغ,Ibn Sabbagh Makki,,,,,855,,,OpenITI date code 0855,,"[""author""]",[],[],[],1,[],,,,0855IbnSabbaghMakki,"[""https://kitab-corpus-metadata.azurewebsites.net/""]"
openiti_person_0855IbnTayyFaqacani,علي بن علي بن محمد الفقعاني,Ibn Tayy Faqacani,,,,,855,,,OpenITI date code 0855,,"[""author""]",[],[],[],3,[],,,,0855IbnTayyFaqacani,"[""https://kitab-corpus-metadata.azurewebsites.net/""]"
openiti_person_0855ShamsDinDikunquz,شمس الدين أحمد المعروف بديكنقوز أو دنقوز (المتوفى: 855هـ),Shams Din Dikunquz,,,,,855,,,OpenITI date code 0855,,"[""author""]",[],[],[],1,[],,,,0855ShamsDinDikunquz,"[""https://kitab-corpus-metadata.azurewebsites.net/""]"
openiti_person_0856IbnDawudHanbali,عبد الرحمن بن أبي بكر بن داود الحنبلي الدمشقي الصالحي (المتوفى: 856 ه),Ibn Dawud Hanbali,,,,,856,,,OpenITI date code 0856,,"[""author""]",[],[],[],1,[],,,,0856IbnDawudHanbali,"[""https://kitab-corpus-metadata.azurewebsites.net/""]"
openiti_person_0857MuhibbDinNuwayri,محمد بن محمد بن محمد، أبو القاسم، محب الدين النويري (المتوفى: 857هـ),Muhibb Din Nuwayri,,,,,857,,,OpenITI date code 0857,,"[""author""]",[],[],[],1,[],,,,0857MuhibbDinNuwayri,"[""https://kitab-corpus-metadata.azurewebsites.net/""]"
openiti_person_0858SharafDinYazdi,,Sharaf Din Yazdi,,,,,858,,,OpenITI date code 0858,,"[""author""]",[],[],[],1,[],,,,0858SharafDinYazdi,"[""https://kitab-corpus-metadata.azurewebsites.net/""]"
openiti_person_0859ShamsDinNawaji,شمس الدين النواجي,Shams Din Nawaji,,,Šams al-Dīn al-Nawāǧī,,859,,,OpenITI date code 0859,,"[""author""]",[],[],[],1,[],,,,0859ShamsDinNawaji,"[""https://kitab-corpus-metadata.azurewebsites.net/""]"
openiti_person_0860AhmadSiwasi,أحمد بن محمود السيواسي,Ahmad Siwasi,,,,,860,,,OpenITI date code 0860,,"[""author""]",[],[],[],1,[],,,,0860AhmadSiwasi,"[""https://kitab-corpus-metadata.azurewebsites.net/""]"
openiti_person_0860ShihabUbbadhi,أحمد بن محمد بن محمد البجائي الأبذي، شهاب الدين الأندلسي (المتوفى: 860هـ),Shihab Ubbadhi,,,,,860,,,OpenITI date code 0860,,"[""author""]",[],[],[],1,[],,,,0860ShihabUbbadhi,"[""https://kitab-corpus-metadata.azurewebsites.net/""]"
openiti_person_0861IbnHumam,الكمال ابن الهمام,Ibn Humam,,,al-Kamāl Ibn al-Humām,,861,,,OpenITI date code 0861,,"[""author""]",[],[],[],3,[],,,,0861IbnHumam,"[""https://kitab-corpus-metadata.azurewebsites.net/""]"
openiti_person_0862IbnMuhammadMujari,ابن محمد المجاري,Ibn Muhammad Mujari,,,Ibn Muḥammad al-Mujārī,,862,,,OpenITI date code 0862,,"[""author""]",[],[],[],1,[],,,,0862IbnMuhammadMujari,"[""https://kitab-corpus-metadata.azurewebsites.net/""]"
openiti_person_0863ShamsDinBalatunusi,محمد بن عبد الله البلاطنسي,Shams Din Balatunusi,,,Muḥammad b. ʿAbd Allāh al-Balāṭunusī,,863,,,OpenITI date code 0863,,"[""author""]",[],[],[],1,[],,,,0863ShamsDinBalatunusi,"[""https://kitab-corpus-metadata.azurewebsites.net/""]"
openiti_person_0864IbnAhmadJalalDinMahalli,ابن أحمد جلال الدين المحلي,Ibn Ahmad Jalal Din Mahalli,,,Ibn Aḥmad Jalāl al-Dīn al-Maḥallī,,864,,,OpenITI date code 0864,,"[""author""]",[],[],[],2,[],,,,0864IbnAhmadJalalDinMahalli,"[""https://kitab-corpus-metadata.azurewebsites.net/""]"
openiti_person_0864Jazairi,الجزائري,Jazairi,,,al-Jazāʾirī,,864,,,OpenITI date code 0864,,"[""author""]",[],[],[],1,[],,,,0864Jazairi,"[""https://kitab-corpus-metadata.azurewebsites.net/""]"
openiti_person_0864RadiDinGhazzi,رضي الدين أبو البركات محمد بن أحمد بن عبد الله الغزي العامري الشافعي (المتوفى: 864 ه),Radi Din Ghazzi,,,,,864,,,OpenITI date code 0864,,"[""author""]",[],[],[],1,[],,,,0864RadiDinGhazzi,"[""https://kitab-corpus-metadata.azurewebsites.net/""]"
openiti_person_0866MuhammadIbnSayyidHasan,السيد محمد بن السيد حسن (المتوفى: 866هـ),Muhammad Ibn Sayyid Hasan,,,,,866,,,OpenITI date code 0866,,"[""author""]",[],[],[],1,[],,,,0866MuhammadIbnSayyidHasan,"[""https://kitab-corpus-metadata.azurewebsites.net/""]"
openiti_person_0868IbnCumarBulqini,صالح بن عمر بن رسلان البلقيني الشافعي شيخ الإسلام (المتوفى: 868هـ),Ibn Cumar Bulqini,,,,,868,,,OpenITI date code 0868,,"[""author""]",[],[],[],1,[],,,,0868IbnCumarBulqini,"[""https://kitab-corpus-metadata.azurewebsites.net/""]"
openiti_person_0869IbnKhalilZaynDinQabuni,زين الدين عبد الرحمن بن خليل بن سلامة بن أحمد الأذرعي القابوني المعروف بابن الشيخ خليل,Ibn Khalil Zayn Din Qabuni,,,,,869,,,OpenITI date code 0869,,"[""author""]",[],[],[],1,[],,,,0869IbnKhalilZaynDinQabuni,"[""https://kitab-corpus-metadata.azurewebsites.net/""]"
openiti_person_0870Jazuli,الجزولي,Jazuli,,,al-Jazūlī,,870,,,OpenITI date code 0870,,"[""author""]",[],[],[],1,[],,,,0870Jazuli,"[""https://kitab-corpus-metadata.azurewebsites.net/""]"
openiti_person_0871IbnAhmadShamsDinBacuni,ابن الدمشقي,Ibn Ahmad Shams Din Bacuni,,,,,871,,,OpenITI date code 0871,,"[""author""]",[],[],[],1,[],,,,0871IbnAhmadShamsDinBacuni,"[""https://kitab-corpus-metadata.azurewebsites.net/""]"
openiti_person_0871IbnCuthmanShamsDinMardini,شمس الدين محمد بن عثمان بن علي المارديني الشافعي,Ibn Cuthman Shams Din Mardini,,,,,871,,,OpenITI date code 0871,,"[""author""]",[],[],[],1,[],,,,0871IbnCuthmanShamsDinMardini,"[""https://kitab-corpus-metadata.azurewebsites.net/""]"
openiti_person_0871MuhammadCuqbani,محمد بن العقباني,Muhammad Cuqbani,,,,,871,,,OpenITI date code 0871,,"[""author""]",[],[],[],1,[],,,,0871MuhammadCuqbani,"[""https://kitab-corpus-metadata.azurewebsites.net/""]"
openiti_person_0871TaqiDinIbnFahd,محمد بن فهد المكي,Taqi Din Ibn Fahd,,,,,871,,,OpenITI date code 0871,,"[""author""]",[],[],[],1,[],,,,0871TaqiDinIbnFahd,"[""https://kitab-corpus-metadata.azurewebsites.net/""]"
openiti_person_0872CimadDinIdris,عماد الدين القرشي,Cimad Din Idris,,,ʿImād al-dīn al-Qurašī,,872,,,OpenITI date code 0872,,"[""author""]",[],[],[],1,[],,,,0872CimadDinIdris,"[""https://kitab-corpus-metadata.azurewebsites.net/""]"
openiti_person_0872Zahiri,"al-Ẓāhirī, Ghars al-Dīn Khalīl b. Shāhīn",Zahiri,,,,,872,,,OpenITI date code 0872,,"[""author""]",[],[],[],1,[],,,,0872Zahiri,"[""https://kitab-corpus-metadata.azurewebsites.net/""]"
openiti_person_0873AbuZaydThacalibi,أبو زيد عبد الرحمن بن محمد بن مخلوف الثعالبي (المتوفى: 875ه),Abu Zayd Thacalibi,,,,,873,,,OpenITI date code 0873,,"[""author""]",[],[],[],1,[],,,,0873AbuZaydThacalibi,"[""https://kitab-corpus-metadata.azurewebsites.net/""]"
openiti_person_0873IbnShahinZahiri,خليل بن شاهين الظاهري,Ibn Shahin Zahiri,,,,,873,,,OpenITI date code 0873,,"[""author""]",[],[],[],1,[],,,,0873IbnShahinZahiri,"[""https://kitab-corpus-metadata.azurewebsites.net/""]"
openiti_person_0874BadrDinIbnQadiShuhba,بدر الدين ابن قاضي شهبة,Badr Din Ibn Qadi Shuhba,,,,,874,,,OpenITI date code 0874,,"[""author""]",[],[],[],1,[],,,,0874BadrDinIbnQadiShuhba,"[""https://kitab-corpus-metadata.azurewebsites.net/""]"
openiti_person_0874IbnImamKamiliyya,كمال الدين محمد بن محمد بن عبد الرحمن المعروف ب «ابن إمام الكاملية» (المتوفى: 874 ه),Ibn Imam Kamiliyya,,,,,874,,,OpenITI date code 0874,,"[""author""]",[],[],[],1,[],,,,0874IbnImamKamiliyya,"[""https://kitab-corpus-metadata.azurewebsites.net/""]"
openiti_person_0874IbnTaghribirdi,ابن تغري بردي،الأتابكي,Ibn Taghribirdi,,,"Ibn Taġrī birdī,al-Atābakī",,874,,,OpenITI date code 0874,,"[""author""]",[],[],[],4,[],,,,0874IbnTaghribirdi,"[""https://kitab-corpus-metadata.azurewebsites.net/""]"
openiti_person_0875Husayni,"al-Ḥusaynī, Tāj al-Dīn ʿAbd al-Wahhāb b. Muḥammad",Husayni,,,,,875,,,OpenITI date code 0875,,"[""author""]",[],[],[],1,[],,,,0875Husayni,"[""https://kitab-corpus-metadata.azurewebsites.net/""]"
openiti_person_0875IbnMuhammadShihabDinHijazi,أحمد بن محمد بن علي الأنصاري الخزرجي، شهاب الدين المعروف بالحجازي (المتوفى: 875هـ),Ibn Muhammad Shihab Din Hijazi,,,,,875,,,OpenITI date code 0875,,"[""author""]",[],[],[],2,[],,,,0875IbnMuhammadShihabDinHijazi,"[""https://kitab-corpus-metadata.azurewebsites.net/""]"
openiti_person_0875Jizi,الجيزي,Jizi,,,al-Ǧīzī,,875,,,OpenITI date code 0875,,"[""author""]",[],[],[],1,[],,,,0875Jizi,"[""https://kitab-corpus-metadata.azurewebsites.net/""]"
openiti_person_0876SuhrabBadakhshani,سهراب البدخشاني,Suhrab Badakhshani,,,Suhrāb al-Badaḫšānī,,876,,,OpenITI date code 0876,,"[""author""]",[],[],[],1,[],,,,0876SuhrabBadakhshani,"[""https://kitab-corpus-metadata.azurewebsites.net/""]"
openiti_person_0877CaliNabatiCamili,علي بن يونس العاملي,Cali Nabati Camili,,,,,877,,,OpenITI date code 0877,,"[""author""]",[],[],[],1,[],,,,0877CaliNabatiCamili,"[""https://kitab-corpus-metadata.azurewebsites.net/""]"
openiti_person_0877IbnMiftah,ابن مفتاح,Ibn Miftah,,,Ibn Miftāḥ,,877,,,OpenITI date code 0877,,"[""author""]",[],[],[],1,[],,,,0877IbnMiftah,"[""https://kitab-corpus-metadata.azurewebsites.net/""]"
openiti_person_0878IbnShihabYazdi,,Ibn Shihab Yazdi,,,,,878,,,OpenITI date code 0878,,"[""author""]",[],[],[],1,[],,,,0878IbnShihabYazdi,"[""https://kitab-corpus-metadata.azurewebsites.net/""]"
openiti_person_0879CalaDinQushji,علاءلدين علي بن محمد القوشجي,Cala Din Qushji,,,ʿAlāʾal-Dīn ʿAlī b. Muḥammad al-Qūšǧī,,879,,,OpenITI date code 0879,,"[""author""]",[],[],[],1,[],,,,0879CalaDinQushji,"[""https://kitab-corpus-metadata.azurewebsites.net/""]"
openiti_person_0879IbnMuhammadIbnAmirHajj,ابن أمير الحاج,Ibn Muhammad Ibn Amir Hajj,,,,,879,,,OpenITI date code 0879,,"[""author""]",[],[],[],1,[],,,,0879IbnMuhammadIbnAmirHajj,"[""https://kitab-corpus-metadata.azurewebsites.net/""]"
openiti_person_0879IbnQutlubugha,ابن قطلوبغا,Ibn Qutlubugha,,,Ibn Quṭlūbuġā,,879,,,OpenITI date code 0879,,"[""author""]",[],[],[],10,[],,,,0879IbnQutlubugha,"[""https://kitab-corpus-metadata.azurewebsites.net/""]"
openiti_person_0879MuhyiDinKafiyaji,الكافيجي,Muhyi Din Kafiyaji,,,,,879,,,OpenITI date code 0879,,"[""author""]",[],[],[],1,[],,,,0879MuhyiDinKafiyaji,"[""https://kitab-corpus-metadata.azurewebsites.net/""]"
openiti_person_0879PirJamalArdistani,پير جمال أردستاني,Pir Jamal Ardistani,,,Pīr Ǧamāl Ardistānī,,879,,,OpenITI date code 0879,,"[""author""]",[],[],[],1,[],,,,0879PirJamalArdistani,"[""https://kitab-corpus-metadata.azurewebsites.net/""]"
openiti_person_0880IbnAhmadShamsDinAsyuti,شمس الدين محمد بن أحمد بن علي الأسيوطي,Ibn Ahmad Shams Din Asyuti,,,,,880,,,OpenITI date code 0880,,"[""author""]",[],[],[],3,[],,,,0880IbnAhmadShamsDinAsyuti,"[""https://kitab-corpus-metadata.azurewebsites.net/""]"
openiti_person_0880IbnCabdWahidMaymuni,عبد العزيز بن عبد الواحد الميموني,Ibn Cabd Wahid Maymuni,,,,,880,,,OpenITI date code 0880,,"[""author""]",[],[],[],1,[],,,,0880IbnCabdWahidMaymuni,"[""https://kitab-corpus-metadata.azurewebsites.net/""]"
openiti_person_0880IbnCadilHanbali,أبو حفص عمر بن علي ابن عادل الدمشقي الحنبلي,Ibn Cadil Hanbali,,,,,880,,,OpenITI date code 0880,,"[""author""]",[],[],[],1,[],,,,0880IbnCadilHanbali,"[""https://kitab-corpus-metadata.azurewebsites.net/""]"
openiti_person_0882AhmadKatibYazdi,,Ahmad Katib Yazdi,,,,,882,,,OpenITI date code 0882,,"[""author""]",[],[],[],1,[],,,,0882AhmadKatibYazdi,"[""https://kitab-corpus-metadata.azurewebsites.net/""]"
openiti_person_0882IbnAhmadShadhiliTunisi,محمد بن أحمد الشاذلي التونسي (المتوفى : 882هـ),Ibn Ahmad Shadhili Tunisi,,,,,882,,,OpenITI date code 0882,,"[""author""]",[],[],[],1,[],,,,0882IbnAhmadShadhiliTunisi,"[""https://kitab-corpus-metadata.azurewebsites.net/""]"
openiti_person_0882LisanDinIbnShihnaHalabi,ابن الشحنة,Lisan Din Ibn Shihna Halabi,,,,,882,,,OpenITI date code 0882,,"[""author""]",[],[],[],1,[],,,,0882LisanDinIbnShihnaHalabi,"[""https://kitab-corpus-metadata.azurewebsites.net/""]"
openiti_person_0883AbuBakrJuraci,تقي الدين أبي بكر بن زايد الجراعي المقدسي الحنبلي (825 ه - 883 ه),Abu Bakr Juraci,,,,,883,,,OpenITI date code 0883,,"[""author""]",[],[],[],2,[],,,,0883AbuBakrJuraci,"[""https://kitab-corpus-metadata.azurewebsites.net/""]"
openiti_person_0884AbuDharrSibtIbnCajami,أحمد بن إبراهيم بن محمد بن خليل، موفق الدين، أبو ذر سبط ابن العجمي (المتوفى: 884هـ),Abu Dharr Sibt Ibn Cajami,,,,,884,,,OpenITI date code 0884,,"[""author""]",[],[],[],1,[],,,,0884AbuDharrSibtIbnCajami,"[""https://kitab-corpus-metadata.azurewebsites.net/""]"
openiti_person_0884AbuIshaqIbnMuflih,إبراهيم بن محمد بن عبد الله بن محمد ابن مفلح، أبو إسحاق، برهان الدين (المتوفى: 884هـ),Abu Ishaq Ibn Muflih,,,,,884,,,OpenITI date code 0884,,"[""author""]",[],[],[],3,[],,,,0884AbuIshaqIbnMuflih,"[""https://kitab-corpus-metadata.azurewebsites.net/""]"
openiti_person_0885BurhanDinBiqaci,برهان الدين البقاعي,Burhan Din Biqaci,,,Burhān al-Dīn al-Biqāʿī,,885,,,OpenITI date code 0885,,"[""author""]",[],[],[],8,[],,,,0885BurhanDinBiqaci,"[""https://kitab-corpus-metadata.azurewebsites.net/""]"
openiti_person_0885CalaDinMardawi,علي بن سليمان المرداوي أبو الحسن,Cala Din Mardawi,,,,,885,,,OpenITI date code 0885,,"[""author""]",[],[],[],3,[],,,,0885CalaDinMardawi,"[""https://kitab-corpus-metadata.azurewebsites.net/""]"
openiti_person_0885IbnFahd,عمر بن فهد الهاشمي المكي,Ibn Fahd,,,,,885,,,OpenITI date code 0885,,"[""author""]",[],[],[],3,[],,,,0885IbnFahd,"[""https://kitab-corpus-metadata.azurewebsites.net/""]"
openiti_person_0885IbnFaramurzMullaKhusraw,محمد بن فراموز الشهير بمنلا خسرو (المتوفى : 885هـ),Ibn Faramurz Mulla Khusraw,,,,,885,,,OpenITI date code 0885,,"[""author""]",[],[],[],1,[],,,,0885IbnFaramurzMullaKhusraw,"[""https://kitab-corpus-metadata.azurewebsites.net/""]"
openiti_person_0887CabdRazzaqSamarqandi,,Cabd Razzaq Samarqandi,,,,,887,,,OpenITI date code 0887,,"[""author""]",[],[],[],1,[],,,,0887CabdRazzaqSamarqandi,"[""https://kitab-corpus-metadata.azurewebsites.net/""]"
openiti_person_0889IbnAhmadSakhawi,علي بن أحمد السخاوي,Ibn Ahmad Sakhawi,,,,,889,,,OpenITI date code 0889,,"[""author""]",[],[],[],1,[],,,,0889IbnAhmadSakhawi,"[""https://kitab-corpus-metadata.azurewebsites.net/""]"
openiti_person_0889IbnCabdMuncimShamsDinQahiri,شمس الدين محمد بن عبد المنعم بن محمد الجوجري القاهري الشافعي (المتوفى: 889هـ),Ibn Cabd Muncim Shams Din Qahiri,,,,,889,,,OpenITI date code 0889,,"[""author""]",[],[],[],1,[],,,,0889IbnCabdMuncimShamsDinQahiri,"[""https://kitab-corpus-metadata.azurewebsites.net/""]"
openiti_person_0889IbnQawan,ابن قوان,Ibn Qawan,,,Ibn Qawān,,889,,,OpenITI date code 0889,,"[""author""]",[],[],[],1,[],,,,0889IbnQawan,"[""https://kitab-corpus-metadata.azurewebsites.net/""]"
openiti_person_0891AhmadBakri,أحمد بن محمد البكري,Ahmad Bakri,,,,,891,,,OpenITI date code 0891,,"[""author""]",[],[],[],1,[],,,,0891AhmadBakri,"[""https://kitab-corpus-metadata.azurewebsites.net/""]"
openiti_person_0893CamiriHaradi,العامري الحرضي,Camiri Haradi,,,al-ʿĀmirī al-Ḥaraḍī,,893,,,OpenITI date code 0893,,"[""author""]",[],[],[],3,[],,,,0893CamiriHaradi,"[""https://kitab-corpus-metadata.azurewebsites.net/""]"
openiti_person_0893IbnAbiBakrCayniHanafi,عبد الرحمن بن أبي بكر بن محمد، زين الدين المعروف بابن العيني الحنفي (المتوفى: 893هـ),Ibn Abi Bakr Cayni Hanafi,,,,,893,,,OpenITI date code 0893,,"[""author""]",[],[],[],1,[],,,,0893IbnAbiBakrCayniHanafi,"[""https://kitab-corpus-metadata.azurewebsites.net/""]"
openiti_person_0893IbnAhmadZaynDinSharji,ابن أحمد زين الدين الشرجي,Ibn Ahmad Zayn Din Sharji,,,Ibn Aḥmad Zayn al-Dīn al-Šarjī,,893,,,OpenITI date code 0893,,"[""author""]",[],[],[],2,[],,,,0893IbnAhmadZaynDinSharji,"[""https://kitab-corpus-metadata.azurewebsites.net/""]"
openiti_person_0893IbnDawudShadiabadi,ابن داود الشادابادي,Ibn Dawud Shadiabadi,,,Ibn Dāwud al-Šādiābādī,,893,,,OpenITI date code 0893,,"[""author""]",[],[],[],1,[],,,,0893IbnDawudShadiabadi,"[""https://kitab-corpus-metadata.azurewebsites.net/""]"
openiti_person_0893IbnIsmacilShihabDinKurani,أحمد بن إسماعيل الكوراني,Ibn Ismacil Shihab Din Kurani,,,,,893,,,OpenITI date code 0893,,"[""author""]",[],[],[],3,[],,,,0893IbnIsmacilShihabDinKurani,"[""https://kitab-corpus-metadata.azurewebsites.net/""]"
openiti_person_0893Manawi,أبو الهمم نور الدين علي المناوي,Manawi,,,,,893,,,OpenITI date code 0893,,"[""author""]",[],[],[],1,[],,,,0893Manawi,"[""https://kitab-corpus-metadata.azurewebsites.net/""]"
openiti_person_0894CabdRahmanSaffuri,عبد الرحمن الصفوري,Cabd Rahman Saffuri,,,ʿAbd al-Raḥmãn al-Ṣaffūrī,,894,,,OpenITI date code 0894,,"[""author""]",[],[],[],1,[],,,,0894CabdRahmanSaffuri,"[""https://kitab-corpus-metadata.azurewebsites.net/""]"
openiti_person_0894IbnMuhammadDimashqiHaydari,الخيضري,Ibn Muhammad Dimashqi Haydari,,,,,894,,,OpenITI date code 0894,,"[""author""]",[],[],[],1,[],,,,0894IbnMuhammadDimashqiHaydari,"[""https://kitab-corpus-metadata.azurewebsites.net/""]"
openiti_person_0894IbnQasimRassacTunisi,محمد بن قاسم الأنصاري، أبو عبد الله، الرصاع (المتوفى : 894هـ),Ibn Qasim Rassac Tunisi,,,,,894,,,OpenITI date code 0894,,"[""author""]",[],[],[],1,[],,,,0894IbnQasimRassacTunisi,"[""https://kitab-corpus-metadata.azurewebsites.net/""]"
openiti_person_0895AbuCabdAllahSanusi,أبو عبد ألله السنوسي,Abu Cabd Allah Sanusi,,,Abū ʿAbd Alllãh al-Sanūsī,,895,,,OpenITI date code 0895,,"[""author""]",[],[],[],4,[],,,,0895AbuCabdAllahSanusi,"[""https://kitab-corpus-metadata.azurewebsites.net/""]"
openiti_person_0895SibtMaridini,محمد بن محمد بن أحمد الغزال الدمشقي، بدر الدين، الشهير بسبط المارديني (المتوفى: 912هـ),Sibt Maridini,,,,,895,,,OpenITI date code 0895,,"[""author""]",[],[],[],1,[],,,,0895SibtMaridini,"[""https://kitab-corpus-metadata.azurewebsites.net/""]"
openiti_person_0896AbuHamidMaqdisi,أبو حامد المقدسي,Abu Hamid Maqdisi,,,Abū Ḥāmid al-Maqdisī,,896,,,OpenITI date code 0896,,"[""author""]",[],[],[],1,[],,,,0896AbuHamidMaqdisi,"[""https://kitab-corpus-metadata.azurewebsites.net/""]"
openiti_person_0896IbnCaliIbnAzraqGharnati,الأزرق,Ibn Cali Ibn Azraq Gharnati,,,,,896,,,OpenITI date code 0896,,"[""author""]",[],[],[],1,[],,,,0896IbnCaliIbnAzraqGharnati,"[""https://kitab-corpus-metadata.azurewebsites.net/""]"
openiti_person_0897IbnYusufCabdariGharnati,ابن يوسف العبدري الغرناطي,Ibn Yusuf Cabdari Gharnati,,,Ibn Yūsuf al-ʿAbdarī al-Ġarnāṭī,,897,,,OpenITI date code 0897,,"[""author""]",[],[],[],1,[],,,,0897IbnYusufCabdariGharnati,"[""https://kitab-corpus-metadata.azurewebsites.net/""]"
openiti_person_0898Jami,نور الدين عبد الرحمان جامي,Jami,,,Nūr al-Dīn ʿAbd al-Raḥmān Ǧāmī,,898,,,OpenITI date code 0898,,"[""author""]",[],[],[],1,[],,,,0898Jami,"[""https://kitab-corpus-metadata.azurewebsites.net/""]"
openiti_person_0898NurDinJami,نور الدين عبد الرحمن الجامي,Nur Din Jami,,,,,898,,,OpenITI date code 0898,,"[""author""]",[],[],[],2,[],,,,0898NurDinJami,"[""https://kitab-corpus-metadata.azurewebsites.net/""]"
openiti_person_0899Rajraji,الرجراجي، الحسين بن علي,Rajraji,,,,,899,,,OpenITI date code 0899,,"[""author""]",[],[],[],2,[],,,,0899Rajraji,"[""https://kitab-corpus-metadata.azurewebsites.net/""]"
openiti_person_0899ZarruqShihabDinFasi,زروق شهاب الدين الفاسي,Zarruq Shihab Din Fasi,,,Zarrūq Šihāb al-Dīn al-Fāsī,,899,,,OpenITI date code 0899,,"[""author""]",[],[],[],6,[],,,,0899ZarruqShihabDinFasi,"[""https://kitab-corpus-metadata.azurewebsites.net/""]"
openiti_person_0900Anonymous,مؤلف مجهول,Anonymous,,,Muʾallif majhūl,,900,,,OpenITI date code 0900,,"[""author""]",[],[],[],2,[],,,,0900Anonymous,"[""https://kitab-corpus-metadata.azurewebsites.net/""]"
openiti_person_0900CabdAllahBadri,عبد الله بن محمد البدري,Cabd Allah Badri,,,,,900,,,OpenITI date code 0900,,"[""author""]",[],[],[],1,[],,,,0900CabdAllahBadri,"[""https://kitab-corpus-metadata.azurewebsites.net/""]"
openiti_person_0900DawlatshahSamarqandi,,Dawlatshah Samarqandi,,,,,900,,,OpenITI date code 0900,,"[""author""]",[],[],[],1,[],,,,0900DawlatshahSamarqandi,"[""https://kitab-corpus-metadata.azurewebsites.net/""]"
openiti_person_0900IbnCabdMuncimHimyari,ابن عبد المنعم الحميري,Ibn Cabd Muncim Himyari,,,Ibn ʿAbd al-Munʿim al-Ḥimyarī,,900,,,OpenITI date code 0900,,"[""author""]",[],[],[],1,[],,,,0900IbnCabdMuncimHimyari,"[""https://kitab-corpus-metadata.azurewebsites.net/""]"
openiti_person_0900IbnMuhammadBurhanDinQabibati,إبراهيم بن محمد بن محمود بن بدر، برهان الدين، أبو إسحاق الحلبي القبيباتي الشافعي الناجي (المتوفى: 900هـ),Ibn Muhammad Burhan Din Qabibati,,,,,900,,,OpenITI date code 0900,,"[""author""]",[],[],[],5,[],,,,0900IbnMuhammadBurhanDinQabibati,"[""https://kitab-corpus-metadata.azurewebsites.net/""]"
openiti_person_0900IbnMuhammadNurDinAshmuni,علي بن محمد بن عيسى، أبو الحسن، نور الدين الأشموني الشافعي (المتوفى: 900هـ),Ibn Muhammad Nur Din Ashmuni,,,,,900,,,OpenITI date code 0900,,"[""author""]",[],[],[],1,[],,,,0900IbnMuhammadNurDinAshmuni,"[""https://kitab-corpus-metadata.azurewebsites.net/""]"
openiti_person_0900IbnSulaymanHilli,الحسن بن سليمان الحلي,Ibn Sulayman Hilli,,,,,900,,,OpenITI date code 0900,,"[""author""]",[],[],[],1,[],,,,0900IbnSulaymanHilli,"[""https://kitab-corpus-metadata.azurewebsites.net/""]"
openiti_person_0900ImamHadiCizzDinIbnHasan,الإمام عز الدين بن الحسن,Imam Hadi Cizz Din Ibn Hasan,,,,,900,,,OpenITI date code 0900,,"[""author""]",[],[],[],2,[],,,,0900ImamHadiCizzDinIbnHasan,"[""https://kitab-corpus-metadata.azurewebsites.net/""]"
openiti_person_0900MuflihIbnRashid,مفلح بن راشد,Muflih Ibn Rashid,,,,,900,,,OpenITI date code 0900,,"[""author""]",[],[],[],1,[],,,,0900MuflihIbnRashid,"[""https://kitab-corpus-metadata.azurewebsites.net/""]"
openiti_person_0900MuflihSaymari,المفلح بن حسن الصيمري,Muflih Saymari,,,,,900,,,OpenITI date code 0900,,"[""author""]",[],[],[],2,[],,,,0900MuflihSaymari,"[""https://kitab-corpus-metadata.azurewebsites.net/""]"
openiti_person_0902Sakhawi,السخاوي,Sakhawi,,,al-Saḫāwī,,902,,,OpenITI date code 0902,,"[""author""]",[],[],[],21,[],,,,0902Sakhawi,"[""https://kitab-corpus-metadata.azurewebsites.net/""]"
openiti_person_0903MirKhwand,,Mir Khwand,,,,,903,,,OpenITI date code 0903,,"[""author""]",[],[],[],1,[],,,,0903MirKhwand,"[""https://kitab-corpus-metadata.azurewebsites.net/""]"
openiti_person_0904Burayhi,البريهي,Burayhi,,,al-Burayhī,,904,,,OpenITI date code 0904,,"[""author""]",[],[],[],1,[],,,,0904Burayhi,"[""https://kitab-corpus-metadata.azurewebsites.net/""]"
openiti_person_0905Basrawi,علي بن يوسف بن علي بن أحمد، علاء الدين الدمشقي العاتكي الشافعي الشهير بالبصروي (المتوفى: 905هـ),Basrawi,,,,,905,,,OpenITI date code 0905,,"[""author""]",[],[],[],1,[],,,,0905Basrawi,"[""https://kitab-corpus-metadata.azurewebsites.net/""]"
openiti_person_0905IbnCabdAllahWaqqadAzhari,الشيخ خالد بن عبد الله الأزهري,Ibn Cabd Allah Waqqad Azhari,,,,,905,,,OpenITI date code 0905,,"[""author""]",[],[],[],3,[],,,,0905IbnCabdAllahWaqqadAzhari,"[""https://kitab-corpus-metadata.azurewebsites.net/""]"
openiti_person_0905IbnCabdRahmanIjiShafici,شهاب الدين أحمد الشافعي الإيجي‏,Ibn Cabd Rahman Iji Shafici,,,,,905,,,OpenITI date code 0905,,"[""author""]",[],[],[],2,[],,,,0905IbnCabdRahmanIjiShafici,"[""https://kitab-corpus-metadata.azurewebsites.net/""]"
openiti_person_0905IbnCaliTaqiDinKafcami,ابراهيم بن علي الكفعمي,Ibn Cali Taqi Din Kafcami,,,,,905,,,OpenITI date code 0905,,"[""author""]",[],[],[],2,[],,,,0905IbnCaliTaqiDinKafcami,"[""https://kitab-corpus-metadata.azurewebsites.net/""]"
openiti_person_0905KamalDinQudsi,كمال الدين محمد بن أبي شريف القدسي المتوفى سنة 905 ه,Kamal Din Qudsi,,,,,905,,,OpenITI date code 0905,,"[""author""]",[],[],[],1,[],,,,0905KamalDinQudsi,"[""https://kitab-corpus-metadata.azurewebsites.net/""]"
openiti_person_0906CalishirNawai,,Calishir Nawai,,,,,906,,,OpenITI date code 0906,,"[""author""]",[],[],[],1,[],,,,0906CalishirNawai,"[""https://kitab-corpus-metadata.azurewebsites.net/""]"
openiti_person_0906IbnMajid,ابن ماجد,Ibn Majid,,,Ibn Māǧid,,906,,,OpenITI date code 0906,,"[""author""]",[],[],[],2,[],,,,0906IbnMajid,"[""https://kitab-corpus-metadata.azurewebsites.net/""]"
openiti_person_0908JalalDinDawwani,محمد بن أسعد الصديقي الدواني، جلال الدين (المتوفى: 918هـ),Jalal Din Dawwani,,,,,908,,,OpenITI date code 0908,,"[""author""]",[],[],[],2,[],,,,0908JalalDinDawwani,"[""https://kitab-corpus-metadata.azurewebsites.net/""]"
openiti_person_0909IbnMabrid,ابن المبرد، ابن عبد الهادي,Ibn Mabrid,,,"Ibn al-Mabrid, Ibn ʿAbd al-Hādī",,909,,,OpenITI date code 0909,,"[""author""]",[],[],[],36,[],,,,0909IbnMabrid,"[""https://kitab-corpus-metadata.azurewebsites.net/""]"
openiti_person_0910IbnAbiJumhurAhsai,محمد بن علي ابن أبي جمهور الأحسائي,Ibn Abi Jumhur Ahsai,,,Muḥammad b. ʿAlī Ibn Abī Jumhūr al-Aḥsāʾī,,910,,,OpenITI date code 0910,,"[""author""]",[],[],[],5,[],,,,0910IbnAbiJumhurAhsai,"[""https://kitab-corpus-metadata.azurewebsites.net/""]"
openiti_person_0910MuhammadIbnZahiraQurashi,محمد بن ظهيرة القرشي,Muhammad Ibn Zahira Qurashi,,,Muḥammad b. Ẓahīraŧ al-Qurašī,,910,,,OpenITI date code 0910,,"[""author""]",[],[],[],1,[],,,,0910MuhammadIbnZahiraQurashi,"[""https://kitab-corpus-metadata.azurewebsites.net/""]"
openiti_person_0910WacizKashifi,واعظ كاشفي,Waciz Kashifi,,,Wāʿiẓ Kāšifī,,910,,,OpenITI date code 0910,,"[""author""]",[],[],[],2,[],,,,0910WacizKashifi,"[""https://kitab-corpus-metadata.azurewebsites.net/""]"
openiti_person_0911Samhudi,علي بن عبد الله بن أحمد الحسني السمهودي (المتوفى: 911هـ),Samhudi,,,,,911,,,OpenITI date code 0911,,"[""author""]",[],[],[],5,[],,,,0911Samhudi,"[""https://kitab-corpus-metadata.azurewebsites.net/""]"
openiti_person_0911Suyuti,جلال الدين السيوطي,Suyuti,,,Ǧalāl al-Dīn al-Suyūṭī,,911,,,OpenITI date code 0911,,"[""author""]",[],[],[],132,[],,,,0911Suyuti,"[""https://kitab-corpus-metadata.azurewebsites.net/""]"
openiti_person_0912CaliIbnQasimZaqqaq,أبو الحسن علي بن قاسم بن محمد التجيبي، المعروف بالزقاق,Cali Ibn Qasim Zaqqaq,,,,,912,,,OpenITI date code 0912,,"[""author""]",[],[],[],1,[],,,,0912CaliIbnQasimZaqqaq,"[""https://kitab-corpus-metadata.azurewebsites.net/""]"
openiti_person_0914IbnYahyaWansharisi,أبي العباس أحمد بن يحيى بن محمد التلمساني الونشرسي,Ibn Yahya Wansharisi,,,,,914,,,OpenITI date code 0914,,"[""author""]",[],[],[],5,[],,,,0914IbnYahyaWansharisi,"[""https://kitab-corpus-metadata.azurewebsites.net/""]"
openiti_person_0914SarimDinWaziri,صارم الدين الوزيري,Sarim Din Waziri,,,Ṣārim al-Dīn al-Wazīrī,,914,,,OpenITI date code 0914,,"[""author""]",[],[],[],3,[],,,,0914SarimDinWaziri,"[""https://kitab-corpus-metadata.azurewebsites.net/""]"
openiti_person_0914ZahirDinMarcashi,,Zahir Din Marcashi,,,,,914,,,OpenITI date code 0914,,"[""author""]",[],[],[],1,[],,,,0914ZahirDinMarcashi,"[""https://kitab-corpus-metadata.azurewebsites.net/""]"
openiti_person_0916IbnFanad,محمد بن علي بن يونس الزحيف الصعدي، بدر الدين، المعروف بابن فند,Ibn Fanad,,,,,916,,,OpenITI date code 0916,,"[""author""]",[],[],[],1,[],,,,0916IbnFanad,"[""https://kitab-corpus-metadata.azurewebsites.net/""]"
openiti_person_0917CaliIbnMaymun,علي بن ميمون,Cali Ibn Maymun,,,ʿAlī b. Maymūn,,917,,,OpenITI date code 0917,,"[""author""]",[],[],[],1,[],,,,0917CaliIbnMaymun,"[""https://kitab-corpus-metadata.azurewebsites.net/""]"
openiti_person_0918BafadlHadrami,الحضرمي,Bafadl Hadrami,,,,,918,,,OpenITI date code 0918,,"[""author""]",[],[],[],1,[],,,,0918BafadlHadrami,"[""https://kitab-corpus-metadata.azurewebsites.net/""]"
openiti_person_0918BinaiHarawi,البنائي الهروي,Binai Harawi,,,al-Bināʾī al-Harawī,,918,,,OpenITI date code 0918,,"[""author""]",[],[],[],1,[],,,,0918BinaiHarawi,"[""https://kitab-corpus-metadata.azurewebsites.net/""]"
openiti_person_0918IbnQasimShamsDinGhazzi,محمد بن قاسم بن محمد بن محمد، أبو عبد الله، شمس الدين الغزي، ويعرف بابن قاسم وبابن الغرابيلي (المتوفى: 918هـ),Ibn Qasim Shams Din Ghazzi,,,,,918,,,OpenITI date code 0918,,"[""author""]",[],[],[],1,[],,,,0918IbnQasimShamsDinGhazzi,"[""https://kitab-corpus-metadata.azurewebsites.net/""]"
openiti_person_0919IbnGhaziMiknasi,المكناسي، ابن غازي,Ibn Ghazi Miknasi,,,,,919,,,OpenITI date code 0919,,"[""author""]",[],[],[],2,[],,,,0919IbnGhaziMiknasi,"[""https://kitab-corpus-metadata.azurewebsites.net/""]"
openiti_person_0920IbnKhalilZaynDinMalati,زين الدين عبد الباسط بن خليل بن شاهين الشينمي,Ibn Khalil Zayn Din Malati,,,,,920,,,OpenITI date code 0920,,"[""author""]",[],[],[],2,[],,,,0920IbnKhalilZaynDinMalati,"[""https://kitab-corpus-metadata.azurewebsites.net/""]"
openiti_person_0920IbnMahmudNakhjawani,نعمة الله بن محمود النخجواني، ويعرف بالشيخ علوان (المتوفى: 920هـ),Ibn Mahmud Nakhjawani,,,,,920,,,OpenITI date code 0920,,"[""author""]",[],[],[],1,[],,,,0920IbnMahmudNakhjawani,"[""https://kitab-corpus-metadata.azurewebsites.net/""]"
openiti_person_0921BurhanDinSamarqandi,,Burhan Din Samarqandi,,,,,921,,,OpenITI date code 0921,,"[""author""]",[],[],[],1,[],,,,0921BurhanDinSamarqandi,"[""https://kitab-corpus-metadata.azurewebsites.net/""]"
openiti_person_0921JibrailIbnQilaci,ابن القلاعي,Jibrail Ibn Qilaci,,,Ibn al-Qilāʿī,,921,,,OpenITI date code 0921,,"[""author""]",[],[],[],2,[],,,,0921JibrailIbnQilaci,"[""https://kitab-corpus-metadata.azurewebsites.net/""]"
openiti_person_0921NizamAstarabadi,نظام الأسترابادي,Nizam Astarabadi,,,Niẓām al-Astarābādī,,921,,,OpenITI date code 0921,,"[""author""]",[],[],[],1,[],,,,0921NizamAstarabadi,"[""https://kitab-corpus-metadata.azurewebsites.net/""]"
openiti_person_0922IbnShaykhTarabulusi,إبراهيم بن موسى بن أبي بكر ابن الشيخ علي الطرابلسي، الحنفي (المتوفى: 922هـ),Ibn Shaykh Tarabulusi,,,,,922,,,OpenITI date code 0922,,"[""author""]",[],[],[],1,[],,,,0922IbnShaykhTarabulusi,"[""https://kitab-corpus-metadata.azurewebsites.net/""]"
openiti_person_0923AhmadQastallani,القسطلاني,Ahmad Qastallani,,,al-Qasṭallānī,,923,,,OpenITI date code 0923,,"[""author""]",[],[],[],2,[],,,,0923AhmadQastallani,"[""https://kitab-corpus-metadata.azurewebsites.net/""]"
openiti_person_0923IbnCabdAllahKhazraji,أحمد بن عبد الله بن أبي الخير بن عبد العليم الخزرجي الأنصاري الساعدي اليمني، صفي الدين (المتوفى: بعد 923هـ),Ibn Cabd Allah Khazraji,,,,,923,,,OpenITI date code 0923,,"[""author""]",[],[],[],1,[],,,,0923IbnCabdAllahKhazraji,"[""https://kitab-corpus-metadata.azurewebsites.net/""]"
openiti_person_0925IbnCabdWahhabAcraj,لأبي الفضل بن الأعرج(م),Ibn Cabd Wahhab Acraj,,,,,925,,,OpenITI date code 0925,,"[""author""]",[],[],[],1,[],,,,0925IbnCabdWahhabAcraj,"[""https://kitab-corpus-metadata.azurewebsites.net/""]"
openiti_person_0926ZakariyyaAnsari,زكريا الأنصاري,Zakariyya Ansari,,,Zakariyā al-Anṣārī,,926,,,OpenITI date code 0926,,"[""author""]",[],[],[],19,[],,,,0926ZakariyyaAnsari,"[""https://kitab-corpus-metadata.azurewebsites.net/""]"
openiti_person_0927Culaymi,عبد الرحمن بن محمد بن عبد الرحمن العليمي الحنبلي، أبو اليمن، مجير الدين (المتوفى: 928هـ),Culaymi,,,,,927,,,OpenITI date code 0927,,"[""author""]",[],[],[],1,[],,,,0927Culaymi,"[""https://kitab-corpus-metadata.azurewebsites.net/""]"
openiti_person_0927KhunjiIsfahani,,Khunji Isfahani,,,,,927,,,OpenITI date code 0927,,"[""author""]",[],[],[],1,[],,,,0927KhunjiIsfahani,"[""https://kitab-corpus-metadata.azurewebsites.net/""]"
openiti_person_0927Nucaymi,عبد القادر بن محمد النعيمي الدمشقي,Nucaymi,,,ʿAbd al-Qādir b. Muḥammad al-Nuʿaymī al-Dimašqī,,927,,,OpenITI date code 0927,,"[""author""]",[],[],[],1,[],,,,0927Nucaymi,"[""https://kitab-corpus-metadata.azurewebsites.net/""]"
openiti_person_0927ShaykhCammiSacid,شيخ عمي سعيد,Shaykh Cammi Sacid,,,Šayḫ ʿAmmī Saʿīd,,927,,,OpenITI date code 0927,,"[""author""]",[],[],[],1,[],,,,0927ShaykhCammiSacid,"[""https://kitab-corpus-metadata.azurewebsites.net/""]"
openiti_person_0928AbuCabbasShammakhi,أبو العباس الشماخي,Abu Cabbas Shammakhi,,,Abū al-ʿAbbās al-Šammāḫī,,928,,,OpenITI date code 0928,,"[""author""]",[],[],[],2,[],,,,0928AbuCabbasShammakhi,"[""https://kitab-corpus-metadata.azurewebsites.net/""]"
openiti_person_0928IbnQadiCajlun,تقي الدين أبو بكر بن عبد الله بن قاضي عجلون الدمشقي الشافعي (814 - 928 ه),Ibn Qadi Cajlun,,,,,928,,,OpenITI date code 0928,,"[""author""]",[],[],[],1,[],,,,0928IbnQadiCajlun,"[""https://kitab-corpus-metadata.azurewebsites.net/""]"
openiti_person_0928KamalDinGazargahi,,Kamal Din Gazargahi,,,,,928,,,OpenITI date code 0928,,"[""author""]",[],[],[],1,[],,,,0928KamalDinGazargahi,"[""https://kitab-corpus-metadata.azurewebsites.net/""]"
openiti_person_0928MujirDinCulaymi,مجير الدين العليمي,Mujir Din Culaymi,,,,,928,,,OpenITI date code 0928,,"[""author""]",[],[],[],2,[],,,,0928MujirDinCulaymi,"[""https://kitab-corpus-metadata.azurewebsites.net/""]"
openiti_person_0928RabicIbnHabibFarahidi,الربيع ابن حبيب الفراهيدي,Rabic Ibn Habib Farahidi,,,al-Rabīʿ Ibn Ḥabīb al-Farāhīdī,,928,,,OpenITI date code 0928,,"[""author""]",[],[],[],1,[],,,,0928RabicIbnHabibFarahidi,"[""https://kitab-corpus-metadata.azurewebsites.net/""]"
openiti_person_0929MuhammadShaqrunWahrani,محمد شقرون الوهراني,Muhammad Shaqrun Wahrani,,,,,929,,,OpenITI date code 0929,,"[""author""]",[],[],[],1,[],,,,0929MuhammadShaqrunWahrani,"[""https://kitab-corpus-metadata.azurewebsites.net/""]"
openiti_person_0930IbnCumarBahraqHadrami,جمال الدين محمد بن عمر المعروف ببحرق (869 - 930 ه),Ibn Cumar Bahraq Hadrami,,,,,930,,,OpenITI date code 0930,,"[""author""]",[],[],[],4,[],,,,0930IbnCumarBahraqHadrami,"[""https://kitab-corpus-metadata.azurewebsites.net/""]"
openiti_person_0930IbnIyas,ابن اياس,Ibn Iyas,,,Ibn Iyās,,930,,,OpenITI date code 0930,,"[""author""]",[],[],[],2,[],,,,0930IbnIyas,"[""https://kitab-corpus-metadata.azurewebsites.net/""]"
openiti_person_0931SufiHarawi,الصوفي الهروي,Sufi Harawi,,,al-Ṣūfī al-Harawī,,931,,,OpenITI date code 0931,,"[""author""]",[],[],[],1,[],,,,0931SufiHarawi,"[""https://kitab-corpus-metadata.azurewebsites.net/""]"
openiti_person_0936BadrDinHilali,بدر الدين هلالي,Badr Din Hilali,,,Badr al-Dīn Hilālī,,936,,,OpenITI date code 0936,,"[""author""]",[],[],[],2,[],,,,0936BadrDinHilali,"[""https://kitab-corpus-metadata.azurewebsites.net/""]"
openiti_person_0936IbnAhmadShammacHalabi,عمر بن أحمد بن علي الشماع الحلبي,Ibn Ahmad Shammac Halabi,,,,,936,,,OpenITI date code 0936,,"[""author""]",[],[],[],1,[],,,,0936IbnAhmadShammacHalabi,"[""https://kitab-corpus-metadata.azurewebsites.net/""]"
openiti_person_0936MuhammadIbnCaliShatibi,عبد الله بن محمد الأنصاري الهروي,Muhammad Ibn Cali Shatibi,,,ʿAbd Allāh b. Muḥammad al-Anṣārī al-Harawī,,936,,,OpenITI date code 0936,,"[""author""]",[],[],[],1,[],,,,0936MuhammadIbnCaliShatibi,"[""https://kitab-corpus-metadata.azurewebsites.net/""]"
openiti_person_0938IbnCaliBalawi,البلوي,Ibn Cali Balawi,,,al-Balawī,,938,,,OpenITI date code 0938,,"[""author""]",[],[],[],1,[],,,,0938IbnCaliBalawi,"[""https://kitab-corpus-metadata.azurewebsites.net/""]"
openiti_person_0938IbnQasimSirajDinNashshar,عمر بن قاسم بن محمد بن علي الأنصاري أبو حفص، سراج الدين النشار الشافعي المصري (المتوفى: 938هـ),Ibn Qasim Siraj Din Nashshar,,,,,938,,,OpenITI date code 0938,,"[""author""]",[],[],[],1,[],,,,0938IbnQasimSirajDinNashshar,"[""https://kitab-corpus-metadata.azurewebsites.net/""]"
openiti_person_0939IbnKayyal,ابن كيال,Ibn Kayyal,,,Ibn Kayyāl,,939,,,OpenITI date code 0939,,"[""author""]",[],[],[],1,[],,,,0939IbnKayyal,"[""https://kitab-corpus-metadata.azurewebsites.net/""]"
openiti_person_0940IbnHusaynMuhaqqiqThaniKaraki,المحقق الكركي,Ibn Husayn Muhaqqiq Thani Karaki,,,,,940,,,OpenITI date code 0940,,"[""author""]",[],[],[],3,[],,,,0940IbnHusaynMuhaqqiqThaniKaraki,"[""https://kitab-corpus-metadata.azurewebsites.net/""]"
openiti_person_0940IbnKamalBasha,أحمد بن سليمان بن كمال باشا، شمس الدين,Ibn Kamal Basha,,,,,940,,,OpenITI date code 0940,,"[""author""]",[],[],[],5,[],,,,0940IbnKamalBasha,"[""https://kitab-corpus-metadata.azurewebsites.net/""]"
openiti_person_0940IbnQasimMuhyiDinAmasi,محمد بن قاسم بن يعقوب الأماسي الحنفي، محيي الدين، ابن الخطيب قاسم (المتوفى: 940هـ),Ibn Qasim Muhyi Din Amasi,,,,,940,,,OpenITI date code 0940,,"[""author""]",[],[],[],1,[],,,,0940IbnQasimMuhyiDinAmasi,"[""https://kitab-corpus-metadata.azurewebsites.net/""]"
openiti_person_0942IbnYusufShami,محمد بن يوسف الصالحي الشامي,Ibn Yusuf Shami,,,,,942,,,OpenITI date code 0942,,"[""author""]",[],[],[],1,[],,,,0942IbnYusufShami,"[""https://kitab-corpus-metadata.azurewebsites.net/""]"
openiti_person_0942KhalilTatai,أبو عبد الله شمس الدين محمد بن إبراهيم بن خليل التتائي المالكي (000 - 942 ه),Khalil Tatai,,,,,942,,,OpenITI date code 0942,,"[""author""]",[],[],[],1,[],,,,0942KhalilTatai,"[""https://kitab-corpus-metadata.azurewebsites.net/""]"
openiti_person_0942Khwandamir,,Khwandamir,,,,,942,,,OpenITI date code 0942,,"[""author""]",[],[],[],1,[],,,,0942Khwandamir,"[""https://kitab-corpus-metadata.azurewebsites.net/""]"
openiti_person_0943CisamDinIsfarayini,إبراهيم بن محمد بن عربشاه عصام الدين الحنفي (ت: 943 ه),Cisam Din Isfarayini,,,,,943,,,OpenITI date code 0943,,"[""author""]",[],[],[],1,[],,,,0943CisamDinIsfarayini,"[""https://kitab-corpus-metadata.azurewebsites.net/""]"
openiti_person_0943KhwandMir,,Khwand Mir,,,,,943,,,OpenITI date code 0943,,"[""author""]",[],[],[],1,[],,,,0943KhwandMir,"[""https://kitab-corpus-metadata.azurewebsites.net/""]"
openiti_person_0944CabdRahimShaykhZadah,عبد الرحيم شيخ زاده,Cabd Rahim Shaykh Zadah,,,ʿAbd al-Raḥīm Šayḫ Zādah,,944,,,OpenITI date code 0944,,"[""author""]",[],[],[],1,[],,,,0944CabdRahimShaykhZadah,"[""https://kitab-corpus-metadata.azurewebsites.net/""]"
openiti_person_0944IbnDaybac,ابن الديبع الشيباني,Ibn Daybac,,,Ibn al-Daybaʿ al-Šaybānī,,944,,,OpenITI date code 0944,,"[""author""]",[],[],[],5,[],,,,0944IbnDaybac,"[""https://kitab-corpus-metadata.azurewebsites.net/""]"
openiti_person_0945ShamsDinDawudi,الداوودي,Shams Din Dawudi,,,al-Dāwūdī,,945,,,OpenITI date code 0945,,"[""author""]",[],[],[],1,[],,,,0945ShamsDinDawudi,"[""https://kitab-corpus-metadata.azurewebsites.net/""]"
openiti_person_0947BamakhramaHimyari,عبد الله الطيب بن عبد الله بن أحمد بامخرمة الحميري,Bamakhrama Himyari,,,,,947,,,OpenITI date code 0947,,"[""author""]",[],[],[],2,[],,,,0947BamakhramaHimyari,"[""https://kitab-corpus-metadata.azurewebsites.net/""]"
openiti_person_0948DashtakiShirazi,الدشتكي الشيرازي,Dashtaki Shirazi,,,al-Daštakī al-Šīrāzī,,948,,,OpenITI date code 0948,,"[""author""]",[],[],[],1,[],,,,0948DashtakiShirazi,"[""https://kitab-corpus-metadata.azurewebsites.net/""]"
openiti_person_0948GhiyathDinDashtaki,غياث الدين منصور الدشتكي الشيرازي,Ghiyath Din Dashtaki,,,Ġiyāṯ al-Dīn Manṣūr al-Daštakī al-Šīrāzī,,948,,,OpenITI date code 0948,,"[""author""]",[],[],[],1,[],,,,0948GhiyathDinDashtaki,"[""https://kitab-corpus-metadata.azurewebsites.net/""]"
openiti_person_0948MuhammadIbnKhidrRumi,محمد بن خضر الرومي,Muhammad Ibn Khidr Rumi,,,,,948,,,OpenITI date code 0948,,"[""author""]",[],[],[],1,[],,,,0948MuhammadIbnKhidrRumi,"[""https://kitab-corpus-metadata.azurewebsites.net/""]"
openiti_person_0949MuhammadIbnYusufHarawi,محمد بن يوسف الهروي,Muhammad Ibn Yusuf Harawi,,,Muḥammad b. Yūsuf al-Harawī,,949,,,OpenITI date code 0949,,"[""author""]",[],[],[],1,[],,,,0949MuhammadIbnYusufHarawi,"[""https://kitab-corpus-metadata.azurewebsites.net/""]"
openiti_person_0950Anonymous,أحمد بن عبد الحميد العباسي (المتوفي في القرن العاشر الهجري),Anonymous,,,,,950,,,OpenITI date code 0950,,"[""author""]",[],[],[],2,[],,,,0950Anonymous,"[""https://kitab-corpus-metadata.azurewebsites.net/""]"
openiti_person_0950CaliAkbarKhitai,,Cali Akbar Khitai,,,,,950,,,OpenITI date code 0950,,"[""author""]",[],[],[],1,[],,,,0950CaliAkbarKhitai,"[""https://kitab-corpus-metadata.azurewebsites.net/""]"
openiti_person_0950IbnSabat,ابن سباط,Ibn Sabat,,,Ibn Sabāṭ,,950,,,OpenITI date code 0950,,"[""author""]",[],[],[],1,[],,,,0950IbnSabat,"[""https://kitab-corpus-metadata.azurewebsites.net/""]"
openiti_person_0950IbnSulaymanFadilQatifi,الفاضل القطيفي,Ibn Sulayman Fadil Qatifi,,,,,950,,,OpenITI date code 0950,,"[""author""]",[],[],[],1,[],,,,0950IbnSulaymanFadilQatifi,"[""https://kitab-corpus-metadata.azurewebsites.net/""]"
openiti_person_0950IbnTajDinAstarabadi,,Ibn Taj Din Astarabadi,,,,,950,,,OpenITI date code 0950,,"[""author""]",[],[],[],1,[],,,,0950IbnTajDinAstarabadi,"[""https://kitab-corpus-metadata.azurewebsites.net/""]"
openiti_person_0950MuhyiDinShaykhZada,محمد بن مصلح الدين مصطفى القوجوي الحنفي المعروف بشيخ زاده,Muhyi Din Shaykh Zada,,,,,950,,,OpenITI date code 0950,,"[""author""]",[],[],[],1,[],,,,0950MuhyiDinShaykhZada,"[""https://kitab-corpus-metadata.azurewebsites.net/""]"
openiti_person_0950ShaykhZadah,شيخ زاده,Shaykh Zadah,,,,,950,,,OpenITI date code 0950,,"[""author""]",[],[],[],1,[],,,,0950ShaykhZadah,"[""https://kitab-corpus-metadata.azurewebsites.net/""]"
openiti_person_0950YusufiHarawi,اليوسفي الهروي,Yusufi Harawi,,,al-Yūsufī al-Harawī,,950,,,OpenITI date code 0950,,"[""author""]",[],[],[],1,[],,,,0950YusufiHarawi,"[""https://kitab-corpus-metadata.azurewebsites.net/""]"
openiti_person_0953Akhdari,الأخضري,Akhdari,,,al-Aḫḍarī,,953,,,OpenITI date code 0953,,"[""author""]",[],[],[],1,[],,,,0953Akhdari,"[""https://kitab-corpus-metadata.azurewebsites.net/""]"
openiti_person_0953IbnTulun,ابن طولون,Ibn Tulun,,,Ibn Ṭūlūn,,953,,,OpenITI date code 0953,,"[""author""]",[],[],[],14,[],,,,0953IbnTulun,"[""https://kitab-corpus-metadata.azurewebsites.net/""]"
openiti_person_0954HattabRucayniMaghribi,الحطاب الرعيني,Hattab Rucayni Maghribi,,,al-Ḥaṭṭāb al-Ruʿaynī,,954,,,OpenITI date code 0954,,"[""author""]",[],[],[],4,[],,,,0954HattabRucayniMaghribi,"[""https://kitab-corpus-metadata.azurewebsites.net/""]"
openiti_person_0954MuhammadIbnCaliIbnCatiyya,محمد بن علي ابن عطية,Muhammad Ibn Cali Ibn Catiyya,,,Muḥammad b. ʿAlī Ibn ʿAṭiyyaŧ,,954,,,OpenITI date code 0954,,"[""author""]",[],[],[],1,[],,,,0954MuhammadIbnCaliIbnCatiyya,"[""https://kitab-corpus-metadata.azurewebsites.net/""]"
openiti_person_0955MuhammadKarakiHairi,السيد محمد الكركي الحائري‏,Muhammad Karaki Hairi,,,,,955,,,OpenITI date code 0955,,"[""author""]",[],[],[],1,[],,,,0955MuhammadKarakiHairi,"[""https://kitab-corpus-metadata.azurewebsites.net/""]"
openiti_person_0956IbnCumarShamsDinSafiri,شمس الدين محمد بن عمر بن أحمد السفيري الشافعي (المتوفى: 956هـ),Ibn Cumar Shams Din Safiri,,,,,956,,,OpenITI date code 0956,,"[""author""]",[],[],[],1,[],,,,0956IbnCumarShamsDinSafiri,"[""https://kitab-corpus-metadata.azurewebsites.net/""]"
openiti_person_0956IbnMuhammadHalabiHanafi,العلامة إبراهيم بن محمد بن إبراهيم الحلبي,Ibn Muhammad Halabi Hanafi,,,,,956,,,OpenITI date code 0956,,"[""author""]",[],[],[],2,[],,,,0956IbnMuhammadHalabiHanafi,"[""https://kitab-corpus-metadata.azurewebsites.net/""]"
openiti_person_0956SultanCaliAwbahi,سلطان علي الأوبهي,Sultan Cali Awbahi,,,Sulṭān ʿAlī al-Awbahī,,956,,,OpenITI date code 0956,,"[""author""]",[],[],[],1,[],,,,0956SultanCaliAwbahi,"[""https://kitab-corpus-metadata.azurewebsites.net/""]"
openiti_person_0957FadilDinHamawi,,Fadil Din Hamawi,,,,,957,,,OpenITI date code 0957,,"[""author""]",[],[],[],1,[],,,,0957FadilDinHamawi,"[""https://kitab-corpus-metadata.azurewebsites.net/""]"
openiti_person_0957MuhammadIbnYahyaBahranZaydi,محمد بن يحيى بن محمد بن أحمد بهران، التميمي النسب، البصري الأصل، الصعدي المولد والوفاة، سراج الدين (المتوفى: 957ه),Muhammad Ibn Yahya Bahran Zaydi,,,,,957,,,OpenITI date code 0957,,"[""author""]",[],[],[],1,[],,,,0957MuhammadIbnYahyaBahranZaydi,"[""https://kitab-corpus-metadata.azurewebsites.net/""]"
openiti_person_0957ShihabDinRamli,شمس الدين الرملي,Shihab Din Ramli,,,,,957,,,OpenITI date code 0957,,"[""author""]",[],[],[],4,[],,,,0957ShihabDinRamli,"[""https://kitab-corpus-metadata.azurewebsites.net/""]"
openiti_person_0958NasirDinLaqani,محمد بن الحسن اللقاني,Nasir Din Laqani,,,Muḥammad b. al-Ḥasan al-Laqānī,,958,,,OpenITI date code 0958,,"[""author""]",[],[],[],1,[],,,,0958NasirDinLaqani,"[""https://kitab-corpus-metadata.azurewebsites.net/""]"
openiti_person_0960ZaynDinWasifi,,Zayn Din Wasifi,,,,,960,,,OpenITI date code 0960,,"[""author""]",[],[],[],1,[],,,,0960ZaynDinWasifi,"[""https://kitab-corpus-metadata.azurewebsites.net/""]"
openiti_person_0961HasanWazzan,حسن بن محمد الوزان الفاسي,Hasan Wazzan,,,,,961,,,OpenITI date code 0961,,"[""author""]",[],[],[],1,[],,,,0961HasanWazzan,"[""https://kitab-corpus-metadata.azurewebsites.net/""]"
openiti_person_0961SulaymanMahri,سليمان المهري,Sulayman Mahri,,,Sulaymān al-Mahrī,,961,,,OpenITI date code 0961,,"[""author""]",[],[],[],5,[],,,,0961SulaymanMahri,"[""https://kitab-corpus-metadata.azurewebsites.net/""]"
openiti_person_0962IbnCabdLatifQazwini,,Ibn Cabd Latif Qazwini,,,,,962,,,OpenITI date code 0962,,"[""author""]",[],[],[],1,[],,,,0962IbnCabdLatifQazwini,"[""https://kitab-corpus-metadata.azurewebsites.net/""]"
openiti_person_0963CabdRahmanAbuFathCabbasi,عبد الرحيم بن أحمد العباسي,Cabd Rahman Abu Fath Cabbasi,,,,,963,,,OpenITI date code 0963,,"[""author""]",[],[],[],1,[],,,,0963CabdRahmanAbuFathCabbasi,"[""https://kitab-corpus-metadata.azurewebsites.net/""]"
openiti_person_0963IbnMuhammadIbnCiraqKanani,علي بن محمد بن علي بن عراق الكناني أبو الحسن,Ibn Muhammad Ibn Ciraq Kanani,,,,,963,,,OpenITI date code 0963,,"[""author""]",[],[],[],1,[],,,,0963IbnMuhammadIbnCiraqKanani,"[""https://kitab-corpus-metadata.azurewebsites.net/""]"
openiti_person_0964CabdCazizMiknasi,عبد العزيز المكناسي,Cabd Caziz Miknasi,,,ʿAbd al-ʿAzīz al-Miknāsī,,964,,,OpenITI date code 0964,,"[""author""]",[],[],[],1,[],,,,0964CabdCazizMiknasi,"[""https://kitab-corpus-metadata.azurewebsites.net/""]"
openiti_person_0965ShahidThani,الشهيد الثاني,Shahid Thani,,,,,965,,,OpenITI date code 0965,,"[""author""]",[],[],[],16,[],,,,0965ShahidThani,"[""https://kitab-corpus-metadata.azurewebsites.net/""]"
openiti_person_0965SharafDinAstarabadiHusayni,شرف الدين الحسيني,Sharaf Din Astarabadi Husayni,,,,,965,,,OpenITI date code 0965,,"[""author""]",[],[],[],1,[],,,,0965SharafDinAstarabadiHusayni,"[""https://kitab-corpus-metadata.azurewebsites.net/""]"
openiti_person_0965ZaynDinCabdGhaffar,زين الدين عبد الغفار,Zayn Din Cabd Ghaffar,,,Zayn al-Dīn ʿAbd al-Ġaffār,,965,,,OpenITI date code 0965,,"[""author""]",[],[],[],1,[],,,,0965ZaynDinCabdGhaffar,"[""https://kitab-corpus-metadata.azurewebsites.net/""]"
openiti_person_0966HakimShahQazwini,حكيم شاه قزويني,Hakim Shah Qazwini,,,Ḥakīm Šāh Qazwīnī,,966,,,OpenITI date code 0966,,"[""author""]",[],[],[],1,[],,,,0966HakimShahQazwini,"[""https://kitab-corpus-metadata.azurewebsites.net/""]"
openiti_person_0966HusaynDiyarbakri,الشيخ حسين ديار البكري‏,Husayn Diyarbakri,,,,,966,,,OpenITI date code 0966,,"[""author""]",[],[],[],1,[],,,,0966HusaynDiyarbakri,"[""https://kitab-corpus-metadata.azurewebsites.net/""]"
openiti_person_0968IbnAhmadAbuNajaHajjawi,موسى بن أحمد بن موسى بن سالم بن عيسى بن سالم الحجاوي المقدسي، ثم الصالحي، شرف الدين، أبو النجا (المتوفى: 968هـ),Ibn Ahmad Abu Naja Hajjawi,,,,,968,,,OpenITI date code 0968,,"[""author""]",[],[],[],3,[],,,,0968IbnAhmadAbuNajaHajjawi,"[""https://kitab-corpus-metadata.azurewebsites.net/""]"
openiti_person_0968Tashkuprizadah,طاشكپري زاده,Tashkuprizadah,,,Ṭāškuprī Zādah,,968,,,OpenITI date code 0968,,"[""author""]",[],[],[],1,[],,,,0968Tashkuprizadah,"[""https://kitab-corpus-metadata.azurewebsites.net/""]"
openiti_person_0970IbnIbrahimIbnNujaymMisri,ابن ابراهيم بن نجيم المصري,Ibn Ibrahim Ibn Nujaym Misri,,,Ibn Ibrāhīm b. Nujaym al-Miṣrī,,970,,,OpenITI date code 0970,,"[""author""]",[],[],[],2,[],,,,0970IbnIbrahimIbnNujaymMisri,"[""https://kitab-corpus-metadata.azurewebsites.net/""]"
openiti_person_0970IbnQutbTabib,ابن قطب الطبيب,Ibn Qutb Tabib,,,Ibn Quṭb al-Ṭabīb,,970,,,OpenITI date code 0970,,"[""author""]",[],[],[],1,[],,,,0970IbnQutbTabib,"[""https://kitab-corpus-metadata.azurewebsites.net/""]"
openiti_person_0971IbnIbrahimIbnHanbaliHalabi,ابن الحنبلي,Ibn Ibrahim Ibn Hanbali Halabi,,,,,971,,,OpenITI date code 0971,,"[""author""]",[],[],[],2,[],,,,0971IbnIbrahimIbnHanbaliHalabi,"[""https://kitab-corpus-metadata.azurewebsites.net/""]"
openiti_person_0972IbnAhmadFakihi,عبد الله بن أحمد الفاكهي,Ibn Ahmad Fakihi,,,,,972,,,OpenITI date code 0972,,"[""author""]",[],[],[],1,[],,,,0972IbnAhmadFakihi,"[""https://kitab-corpus-metadata.azurewebsites.net/""]"
openiti_person_0972IbnAhmadIbnNajjarHanbali,ابن النجار، تقي الدين,Ibn Ahmad Ibn Najjar Hanbali,,,,,972,,,OpenITI date code 0972,,"[""author""]",[],[],[],2,[],,,,0972IbnAhmadIbnNajjarHanbali,"[""https://kitab-corpus-metadata.azurewebsites.net/""]"
openiti_person_0972IbnCaliKarakiCamili,الشيخ حسن الكركي,Ibn Cali Karaki Camili,,,,,972,,,OpenITI date code 0972,,"[""author""]",[],[],[],1,[],,,,0972IbnCaliKarakiCamili,"[""https://kitab-corpus-metadata.azurewebsites.net/""]"
openiti_person_0972IbnMahmudAmirBadishahBukhari,محمد أمين المعروف بأمير بادشاه,Ibn Mahmud Amir Badishah Bukhari,,,,,972,,,OpenITI date code 0972,,"[""author""]",[],[],[],1,[],,,,0972IbnMahmudAmirBadishahBukhari,"[""https://kitab-corpus-metadata.azurewebsites.net/""]"
openiti_person_0973CabdWahhabShacrani,عبد الوهاب الشعراني,Cabd Wahhab Shacrani,,,ʿAbd al-Wahhāb al-Šaʿrānī,,973,,,OpenITI date code 0973,,"[""author""]",[],[],[],10,[],,,,0973CabdWahhabShacrani,"[""https://kitab-corpus-metadata.azurewebsites.net/""]"
openiti_person_0973KhwajagiShirazi,خواجگي شيرازي,Khwajagi Shirazi,,,Ḫwāǧagī Šīrāzī,,973,,,OpenITI date code 0973,,"[""author""]",[],[],[],1,[],,,,0973KhwajagiShirazi,"[""https://kitab-corpus-metadata.azurewebsites.net/""]"
openiti_person_0974IbnHajarHaytami,ابن حجر الهيتمي,Ibn Hajar Haytami,,,Ibn Ḥajar al-Haytamī,,974,,,OpenITI date code 0974,,"[""author""]",[],[],[],19,[],,,,0974IbnHajarHaytami,"[""https://kitab-corpus-metadata.azurewebsites.net/""]"
openiti_person_0974SamMirza,,Sam Mirza,,,,,974,,,OpenITI date code 0974,,"[""author""]",[],[],[],1,[],,,,0974SamMirza,"[""https://kitab-corpus-metadata.azurewebsites.net/""]"
openiti_person_0975BakathirHadrami,وجيه الدين عبد الرحمن بن عبد الله الملك الشافعي الشهير ب باكثير الحضرمي (975ه - 1567م),Bakathir Hadrami,,,,,975,,,OpenITI date code 0975,,"[""author""]",[],[],[],1,[],,,,0975BakathirHadrami,"[""https://kitab-corpus-metadata.azurewebsites.net/""]"
openiti_person_0975GhaffariQazwini,,Ghaffari Qazwini,,,,,975,,,OpenITI date code 0975,,"[""author""]",[],[],[],1,[],,,,0975GhaffariQazwini,"[""https://kitab-corpus-metadata.azurewebsites.net/""]"
openiti_person_0975MuttaqiHindi,المتقي الهندي,Muttaqi Hindi,,,,,975,,,OpenITI date code 0975,,"[""author""]",[],[],[],1,[],,,,0975MuttaqiHindi,"[""https://kitab-corpus-metadata.azurewebsites.net/""]"
openiti_person_0977KhatibShirbini,محمد الشربيني الخطيب,Khatib Shirbini,,,,,977,,,OpenITI date code 0977,,"[""author""]",[],[],[],5,[],,,,0977KhatibShirbini,"[""https://kitab-corpus-metadata.azurewebsites.net/""]"
openiti_person_0977MuslihDinLari,مسلح الدين اللاري,Muslih Din Lari,,,Musliḥ al-Dīn al-Lārī,,977,,,OpenITI date code 0977,,"[""author""]",[],[],[],1,[],,,,0977MuslihDinLari,"[""https://kitab-corpus-metadata.azurewebsites.net/""]"
openiti_person_0978QasimQunawi,قاسم بن عبد الله بن أمير علي القونوي,Qasim Qunawi,,,,,978,,,OpenITI date code 0978,,"[""author""]",[],[],[],1,[],,,,0978QasimQunawi,"[""https://kitab-corpus-metadata.azurewebsites.net/""]"
openiti_person_0979CaliIbnAmrAllahHinai,لعلي بن أمر الله الحنائي (ت979ه),Cali Ibn Amr Allah Hinai,,,,,979,,,OpenITI date code 0979,,"[""author""]",[],[],[],1,[],,,,0979CaliIbnAmrAllahHinai,"[""https://kitab-corpus-metadata.azurewebsites.net/""]"
openiti_person_0979IbnTurkiMaliki,أحمد بن تركي بن أحمد المنشليلي المالكي (المتوفى: 979هـ),Ibn Turki Maliki,,,,,979,,,OpenITI date code 0979,,"[""author""]",[],[],[],1,[],,,,0979IbnTurkiMaliki,"[""https://kitab-corpus-metadata.azurewebsites.net/""]"
openiti_person_0979ShihabDinTibi,شهاب الدين الطيبي,Shihab Din Tibi,,,,,979,,,OpenITI date code 0979,,"[""author""]",[],[],[],1,[],,,,0979ShihabDinTibi,"[""https://kitab-corpus-metadata.azurewebsites.net/""]"
openiti_person_0981IbnMusaMuwaqqitDimashqi,عبد الباسط بن موسى بن محمد بن إسماعيل العلموي ثم الموقت الدمشقي الشافعي (المتوفى: 981هـ),Ibn Musa Muwaqqit Dimashqi,,,,,981,,,OpenITI date code 0981,,"[""author""]",[],[],[],1,[],,,,0981IbnMusaMuwaqqitDimashqi,"[""https://kitab-corpus-metadata.azurewebsites.net/""]"
openiti_person_0981MuhammadBirkawi,محمد البركاوي,Muhammad Birkawi,,,Muḥammad al-Birkāwī,,981,,,OpenITI date code 0981,,"[""author""]",[],[],[],1,[],,,,0981MuhammadBirkawi,"[""https://kitab-corpus-metadata.azurewebsites.net/""]"
openiti_person_0981TaqiDinRumi,تقي الدين، محمد بن بير علي البركوي الرومي الحنفي (المتوفى: 981هـ),Taqi Din Rumi,,,,,981,,,OpenITI date code 0981,,"[""author""]",[],[],[],2,[],,,,0981TaqiDinRumi,"[""https://kitab-corpus-metadata.azurewebsites.net/""]"
openiti_person_0982IbnMuhammadAbuSucud,أبو السعود,Ibn Muhammad Abu Sucud,,,,,982,,,OpenITI date code 0982,,"[""author""]",[],[],[],1,[],,,,0982IbnMuhammadAbuSucud,"[""https://kitab-corpus-metadata.azurewebsites.net/""]"
openiti_person_0983IbnMuhammadSahgirAkhdari,الأخضري,Ibn Muhammad Sahgir Akhdari,,,,,983,,,OpenITI date code 0983,,"[""author""]",[],[],[],1,[],,,,0983IbnMuhammadSahgirAkhdari,"[""https://kitab-corpus-metadata.azurewebsites.net/""]"
openiti_person_0984BadrDinGhazzi,أبو البركات الغزي,Badr Din Ghazzi,,,,,984,,,OpenITI date code 0984,,"[""author""]",[],[],[],4,[],,,,0984BadrDinGhazzi,"[""https://kitab-corpus-metadata.azurewebsites.net/""]"
openiti_person_0984HusaynBinCabdSamadCamili,والد البهائي العاملي,Husayn Bin Cabd Samad Camili,,,,,984,,,OpenITI date code 0984,,"[""author""]",[],[],[],2,[],,,,0984HusaynBinCabdSamadCamili,"[""https://kitab-corpus-metadata.azurewebsites.net/""]"
openiti_person_0984ShahTahmasp,,Shah Tahmasp,,,,,984,,,OpenITI date code 0984,,"[""author""]",[],[],[],1,[],,,,0984ShahTahmasp,"[""https://kitab-corpus-metadata.azurewebsites.net/""]"
openiti_person_0986IbnCaliFattani,جمال الدين، محمد طاهر بن علي الصديقي الهندي الفتني الكجراتي (المتوفى: 986ه),Ibn Cali Fattani,,,,,986,,,OpenITI date code 0986,,"[""author""]",[],[],[],2,[],,,,0986IbnCaliFattani,"[""https://kitab-corpus-metadata.azurewebsites.net/""]"
openiti_person_0986JamalDinIbnZahira,محمد بن محمد ابن ظهيرة,Jamal Din Ibn Zahira,,,,,986,,,OpenITI date code 0986,,"[""author""]",[],[],[],1,[],,,,0986JamalDinIbnZahira,"[""https://kitab-corpus-metadata.azurewebsites.net/""]"
openiti_person_0987ZaynDinMalibari,زين الدين بن علي المعبري المليباري,Zayn Din Malibari,,,Zayn al-Dīn b. ʿAlī al-Muʿabbirī al-Malībārī,,987,,,OpenITI date code 0987,,"[""author""]",[],[],[],3,[],,,,0987ZaynDinMalibari,"[""https://kitab-corpus-metadata.azurewebsites.net/""]"
openiti_person_0988FathAllahKashani,فتح الله بن شكر الله الشريف الكاشاني,Fath Allah Kashani,,,,,988,,,OpenITI date code 0988,,"[""author""]",[],[],[],1,[],,,,0988FathAllahKashani,"[""https://kitab-corpus-metadata.azurewebsites.net/""]"
openiti_person_0989SharafDinCimriti,يحيى بن نور الدين أبي الخير بن موسى العمريطي الشافعي الأنصاري الأزهري، شرف الدين (المتوفى: بعد 989هـ),Sharaf Din Cimriti,,,,,989,,,OpenITI date code 0989,,"[""author""]",[],[],[],3,[],,,,0989SharafDinCimriti,"[""https://kitab-corpus-metadata.azurewebsites.net/""]"
openiti_person_0990QutbDinNahrawani,محمد بن أحمد النهرواني,Qutb Din Nahrawani,,,,,990,,,OpenITI date code 0990,,"[""author""]",[],[],[],2,[],,,,0990QutbDinNahrawani,"[""https://kitab-corpus-metadata.azurewebsites.net/""]"
openiti_person_0991Malibari,المليباري,Malibari,,,al-Malībārī,,991,,,OpenITI date code 0991,,"[""author""]",[],[],[],1,[],,,,0991Malibari,"[""https://kitab-corpus-metadata.azurewebsites.net/""]"
openiti_person_0991SariDinIbnSaigh,أحمد بن محمد ابن الصائغ,Sari Din Ibn Saigh,,,Aḥmad b. Muḥammad Ibn al-Ṣāʾiġ,,991,,,OpenITI date code 0991,,"[""author""]",[],[],[],1,[],,,,0991SariDinIbnSaigh,"[""https://kitab-corpus-metadata.azurewebsites.net/""]"
openiti_person_0991WahshiBafqi,كمال الدين محمد وحشي بافقي,Wahshi Bafqi,,,Kamāl al-Dīn Muḥammad Waḥšī Bāfqī,,991,,,OpenITI date code 0991,,"[""author""]",[],[],[],4,[],,,,0991WahshiBafqi,"[""https://kitab-corpus-metadata.azurewebsites.net/""]"
openiti_person_0992CaliIbnBaliManq,علي بن بالي منق,Cali Ibn Bali Manq,,,ʿAlī b. Bālī Manq,,992,,,OpenITI date code 0992,,"[""author""]",[],[],[],2,[],,,,0992CaliIbnBaliManq,"[""https://kitab-corpus-metadata.azurewebsites.net/""]"
openiti_person_0992IbnCardun,أحمد بن الحسن ابن عرضون,Ibn Cardun,,,Aḥmad b. al-Ḥasan Ibn ʿArḍūn,,992,,,OpenITI date code 0992,,"[""author""]",[],[],[],1,[],,,,0992IbnCardun,"[""https://kitab-corpus-metadata.azurewebsites.net/""]"
openiti_person_0992IbnQasimCibadi,زكريا بن محمد بن أحمد بن زكريا الأنصاري، زين الدين أبو يحيى السنيكي (المتوفى: 926ه),Ibn Qasim Cibadi,,,,,992,,,OpenITI date code 0992,,"[""author""]",[],[],[],3,[],,,,0992IbnQasimCibadi,"[""https://kitab-corpus-metadata.azurewebsites.net/""]"
openiti_person_0993IbnFalahShaybani,الشيباني,Ibn Falah Shaybani,,,,,993,,,OpenITI date code 0993,,"[""author""]",[],[],[],1,[],,,,0993IbnFalahShaybani,"[""https://kitab-corpus-metadata.azurewebsites.net/""]"
openiti_person_0993MuhaqqiqArdabili,المحقق الأردبيلي,Muhaqqiq Ardabili,,,,,993,,,OpenITI date code 0993,,"[""author""]",[],[],[],4,[],,,,0993MuhaqqiqArdabili,"[""https://kitab-corpus-metadata.azurewebsites.net/""]"
openiti_person_0995AhmadManjur,أحمد المنجور,Ahmad Manjur,,,,,995,,,OpenITI date code 0995,,"[""author""]",[],[],[],1,[],,,,0995AhmadManjur,"[""https://kitab-corpus-metadata.azurewebsites.net/""]"
openiti_person_0996MuhtashamKashani,محتشم كاشاني,Muhtasham Kashani,,,Muḥtašam Kāšānī,,996,,,OpenITI date code 0996,,"[""author""]",[],[],[],1,[],,,,0996MuhtashamKashani,"[""https://kitab-corpus-metadata.azurewebsites.net/""]"
openiti_person_0997IbnCaliSibahiZadehBursawi,محمد بن علي البروسوي,Ibn Cali Sibahi Zadeh Bursawi,,,,,997,,,OpenITI date code 0997,,"[""author""]",[],[],[],1,[],,,,0997IbnCaliSibahiZadehBursawi,"[""https://kitab-corpus-metadata.azurewebsites.net/""]"
openiti_person_0999CimadDinShirazi,عماد الدين الشيرازي,Cimad Din Shirazi,,,ʿImād al-Dīn al-Šīrāzī,,999,,,OpenITI date code 0999,,"[""author""]",[],[],[],1,[],,,,0999CimadDinShirazi,"[""https://kitab-corpus-metadata.azurewebsites.net/""]"
openiti_person_0999OrfiShirazi,عرفي شيرازي,Orfi Shirazi,,,ʿUrfī Šīrāzī,,999,,,OpenITI date code 0999,,"[""author""]",[],[],[],1,[],,,,0999OrfiShirazi,"[""https://kitab-corpus-metadata.azurewebsites.net/""]"
openiti_person_1000Anonymous,مؤلف مجهول,Anonymous,,,Muʾallif majhūl,,1000,,,OpenITI date code 1000,,"[""author""]",[],[],[],1,[],,,,1000Anonymous,"[""https://kitab-corpus-metadata.azurewebsites.net/""]"
openiti_person_1000CabdBariAshmawi,عبد الباري بن أحمد بن عبد الغني بن عتيق بن الشيخ سعيد بن الشيخ حسن، أبو النجا العشماوي القاهري الأزهري المالكي (المتوفى: ق 10هـ),Cabd Bari Ashmawi,,,,,1000,,,OpenITI date code 1000,,"[""author""]",[],[],[],1,[],,,,1000CabdBariAshmawi,"[""https://kitab-corpus-metadata.azurewebsites.net/""]"
openiti_person_1000QissaShacbiyya,قصة شعبية,Qissa Shacbiyya,,,Qiṣṣaŧ šaʿbiyyaŧ,,1000,,,OpenITI date code 1000,,"[""author""]",[],[],[],1,[],,,,1000QissaShacbiyya,"[""https://kitab-corpus-metadata.azurewebsites.net/""]"
openiti_person_1004BudaqQazwini,,Budaq Qazwini,,,,,1004,,,OpenITI date code 1004,,"[""author""]",[],[],[],1,[],,,,1004BudaqQazwini,"[""https://kitab-corpus-metadata.azurewebsites.net/""]"
openiti_person_1004IbnQasimMaqdisi,ابن غانم,Ibn Qasim Maqdisi,,,,,1004,,,OpenITI date code 1004,,"[""author""]",[],[],[],1,[],,,,1004IbnQasimMaqdisi,"[""https://kitab-corpus-metadata.azurewebsites.net/""]"
openiti_person_1004ShamsDinRamli,محمد بن أحمد الرملي الأنصاري,Shams Din Ramli,,,,,1004,,,OpenITI date code 1004,,"[""author""]",[],[],[],4,[],,,,1004ShamsDinRamli,"[""https://kitab-corpus-metadata.azurewebsites.net/""]"
openiti_person_1004ShamsDinTumurtashi,شمس الدين محمد بن عبد الله بن أحمد، الخطيب العمري التمرتاشي الغزي الحنفي (المتوفى: 1004 هـ),Shams Din Tumurtashi,,,,,1004,,,OpenITI date code 1004,,"[""author""]",[],[],[],1,[],,,,1004ShamsDinTumurtashi,"[""https://kitab-corpus-metadata.azurewebsites.net/""]"
openiti_person_1005SirajDinIbnNujaym,ابن نجيم، سراج الدين,Siraj Din Ibn Nujaym,,,,,1005,,,OpenITI date code 1005,,"[""author""]",[],[],[],1,[],,,,1005SirajDinIbnNujaym,"[""https://kitab-corpus-metadata.azurewebsites.net/""]"
openiti_person_1007Saktawari,,Saktawari,,,,,1007,,,OpenITI date code 1007,,"[""author""]",[],[],[],1,[],,,,1007Saktawari,"[""https://kitab-corpus-metadata.azurewebsites.net/""]"
openiti_person_1008DawudAntaki,داءود بن عمر الأنطاكي,Dawud Antaki,,,Dāʾūd b. ʿUmar al-Anṭākī,,1008,,,OpenITI date code 1008,,"[""author""]",[],[],[],4,[],,,,1008DawudAntaki,"[""https://kitab-corpus-metadata.azurewebsites.net/""]"
openiti_person_1009MuhammadCamili,السيد محمد العاملي,Muhammad Camili,,,,,1009,,,OpenITI date code 1009,,"[""author""]",[],[],[],2,[],,,,1009MuhammadCamili,"[""https://kitab-corpus-metadata.azurewebsites.net/""]"
openiti_person_1010TaqiDinGhazzi,تقي الدين بن عبد القادر التميمي الداري الغزي (المتوفى : 1010هـ),Taqi Din Ghazzi,,,,,1010,,,OpenITI date code 1010,,"[""author""]",[],[],[],1,[],,,,1010TaqiDinGhazzi,"[""https://kitab-corpus-metadata.azurewebsites.net/""]"
openiti_person_1011AbuFadlCallami,أبو الفضل علامي,Abu Fadl Callami,,,Abū al-Faḍl ʿAllāmī,,1011,,,OpenITI date code 1011,,"[""author""]",[],[],[],1,[],,,,1011AbuFadlCallami,"[""https://kitab-corpus-metadata.azurewebsites.net/""]"
openiti_person_1011GulbadanBegum,,Gulbadan Begum,,,,,1011,,,OpenITI date code 1011,,"[""author""]",[],[],[],1,[],,,,1011GulbadanBegum,"[""https://kitab-corpus-metadata.azurewebsites.net/""]"
openiti_person_1011IbnShahidThani,ابن الشهيد الثاني,Ibn Shahid Thani,,,,,1011,,,OpenITI date code 1011,,"[""author""]",[],[],[],3,[],,,,1011IbnShahidThani,"[""https://kitab-corpus-metadata.azurewebsites.net/""]"
openiti_person_1012SharafKhanBidlisi,,Sharaf Khan Bidlisi,,,,,1012,,,OpenITI date code 1012,,"[""author""]",[],[],[],1,[],,,,1012SharafKhanBidlisi,"[""https://kitab-corpus-metadata.azurewebsites.net/""]"
openiti_person_1013AhmadTadiliSawmaci,,Ahmad Tadili Sawmaci,,,,,1013,,,OpenITI date code 1013,,"[""author""]",[],[],[],1,[],,,,1013AhmadTadiliSawmaci,"[""https://kitab-corpus-metadata.azurewebsites.net/""]"
openiti_person_1014AhmadCinayatiNabulsi,أحمد العناياتي النابلسي,Ahmad Cinayati Nabulsi,,,,,1014,,,OpenITI date code 1014,,"[""author""]",[],[],[],1,[],,,,1014AhmadCinayatiNabulsi,"[""https://kitab-corpus-metadata.azurewebsites.net/""]"
openiti_person_1014IbnHidayaHusayni,أبو بكر بن هداية الله الحسيني (1014ه),Ibn Hidaya Husayni,,,,,1014,,,OpenITI date code 1014,,"[""author""]",[],[],[],1,[],,,,1014IbnHidayaHusayni,"[""https://kitab-corpus-metadata.azurewebsites.net/""]"
openiti_person_1014IbnMaryamTilimsani,,Ibn Maryam Tilimsani,,,,,1014,,,OpenITI date code 1014,,"[""author""]",[],[],[],1,[],,,,1014IbnMaryamTilimsani,"[""https://kitab-corpus-metadata.azurewebsites.net/""]"
openiti_person_1014MansurTabalawi,منصور الطبلاوي,Mansur Tabalawi,,,,,1014,,,OpenITI date code 1014,,"[""author""]",[],[],[],1,[],,,,1014MansurTabalawi,"[""https://kitab-corpus-metadata.azurewebsites.net/""]"
openiti_person_1014MullaCaliQari,علي بن سلطان محمد القاري,Mulla Cali Qari,,,,,1014,,,OpenITI date code 1014,,"[""author""]",[],[],[],22,[],,,,1014MullaCaliQari,"[""https://kitab-corpus-metadata.azurewebsites.net/""]"
openiti_person_1014ZaynDinTablawi,أبو السعد زين الدين منصور بن أبي النصر بن محمد الطبلاوي,Zayn Din Tablawi,,,,,1014,,,OpenITI date code 1014,,"[""author""]",[],[],[],1,[],,,,1014ZaynDinTablawi,"[""https://kitab-corpus-metadata.azurewebsites.net/""]"
openiti_person_1015QadiAhmadMunshi,,Qadi Ahmad Munshi,,,,,1015,,,OpenITI date code 1015,,"[""author""]",[],[],[],1,[],,,,1015QadiAhmadMunshi,"[""https://kitab-corpus-metadata.azurewebsites.net/""]"
openiti_person_1015SalimSanhuri,سالم السنهوري,Salim Sanhuri,,,,,1015,,,OpenITI date code 1015,,"[""author""]",[],[],[],1,[],,,,1015SalimSanhuri,"[""https://kitab-corpus-metadata.azurewebsites.net/""]"
openiti_person_1016MuhibbDinHamawi,محب الدين ، محمد بن أبي بكر الحموي (المتوفى : 1016هـ),Muhibb Din Hamawi,,,,,1016,,,OpenITI date code 1016,,"[""author""]",[],[],[],2,[],,,,1016MuhibbDinHamawi,"[""https://kitab-corpus-metadata.azurewebsites.net/""]"
openiti_person_1019NurAllahTustari,السيّد نور الله الحسيني المرعشي التستري,Nur Allah Tustari,,,,,1019,,,OpenITI date code 1019,,"[""author""]",[],[],[],2,[],,,,1019NurAllahTustari,"[""https://kitab-corpus-metadata.azurewebsites.net/""]"
openiti_person_1020IbnAhmadBadrDinCamiliHusayni,السيد بدر الدين بن أحمد الحسيني العاملي,Ibn Ahmad Badr Din Camili Husayni,,,,,1020,,,OpenITI date code 1020,,"[""author""]",[],[],[],1,[],,,,1020IbnAhmadBadrDinCamiliHusayni,"[""https://kitab-corpus-metadata.azurewebsites.net/""]"
openiti_person_1021ShihabDinShalabi,عثمان بن علي بن محجن البارعي، فخر الدين الزيلعي الحنفي (المتوفى: 743 هـ),Shihab Din Shalabi,,,,,1021,,,OpenITI date code 1021,,"[""author""]",[],[],[],1,[],,,,1021ShihabDinShalabi,"[""https://kitab-corpus-metadata.azurewebsites.net/""]"
openiti_person_1022AminAhmadRazi,,Amin Ahmad Razi,,,,,1022,,,OpenITI date code 1022,,"[""author""]",[],[],[],1,[],,,,1022AminAhmadRazi,"[""https://kitab-corpus-metadata.azurewebsites.net/""]"
openiti_person_1022LacliBadakhshi,,Lacli Badakhshi,,,,,1022,,,OpenITI date code 1022,,"[""author""]",[],[],[],1,[],,,,1022LacliBadakhshi,"[""https://kitab-corpus-metadata.azurewebsites.net/""]"
openiti_person_1023MuhammadAminAstarabadi,محمد أمين الإسترآبادي ، السيد نور الدين العاملي,Muhammad Amin Astarabadi,,,,,1023,,,OpenITI date code 1023,,"[""author""]",[],[],[],1,[],,,,1023MuhammadAminAstarabadi,"[""https://kitab-corpus-metadata.azurewebsites.net/""]"
openiti_person_1024Burini,,Burini,,,,,1024,,,OpenITI date code 1024,,"[""author""]",[],[],[],1,[],,,,1024Burini,"[""https://kitab-corpus-metadata.azurewebsites.net/""]"
openiti_person_1024IbnCabdHaqqCumari,ابن عبد الحق العمري الطرابلسي (المتوفى: نحو 1024 ه),Ibn Cabd Haqq Cumari,,,,,1024,,,OpenITI date code 1024,,"[""author""]",[],[],[],1,[],,,,1024IbnCabdHaqqCumari,"[""https://kitab-corpus-metadata.azurewebsites.net/""]"
openiti_person_1024QadiriBadauni,,Qadiri Badauni,,,,,1024,,,OpenITI date code 1024,,"[""author""]",[],[],[],1,[],,,,1024QadiriBadauni,"[""https://kitab-corpus-metadata.azurewebsites.net/""]"
openiti_person_1024TaqiDinKashi,,Taqi Din Kashi,,,,,1024,,,OpenITI date code 1024,,"[""author""]",[],[],[],1,[],,,,1024TaqiDinKashi,"[""https://kitab-corpus-metadata.azurewebsites.net/""]"
openiti_person_1025IbnQadiMaknasi,أبو العبّاس أحمد بن محمّد المكناسى الشّهير بابن القاضى (960 - 1025 هـ‍),Ibn Qadi Maknasi,,,,,1025,,,OpenITI date code 1025,,"[""author""]",[],[],[],1,[],,,,1025IbnQadiMaknasi,"[""https://kitab-corpus-metadata.azurewebsites.net/""]"
openiti_person_1026AhmadIbrahimiHusayni,,Ahmad Ibrahimi Husayni,,,,,1026,,,OpenITI date code 1026,,"[""author""]",[],[],[],1,[],,,,1026AhmadIbrahimiHusayni,"[""https://kitab-corpus-metadata.azurewebsites.net/""]"
openiti_person_1029BikZada,محمد بن ابراهيم بك زاده,Bik Zada,,,Muḥammad b. Ibrāhīm Bik Zādah,,1029,,,OpenITI date code 1029,,"[""author""]",[],[],[],1,[],,,,1029BikZada,"[""https://kitab-corpus-metadata.azurewebsites.net/""]"
openiti_person_1029JalalDinMunajjim,جلال الدين المنجم اليزدي,Jalal Din Munajjim,,,Ǧalāl al-dīn al-Munajjim al-Yazdī,,1029,,,OpenITI date code 1029,,"[""author""]",[],[],[],1,[],,,,1029JalalDinMunajjim,"[""https://kitab-corpus-metadata.azurewebsites.net/""]"
openiti_person_1029QasimIbnMuhammadImam,المنصور بالله القاسم,Qasim Ibn Muhammad Imam,,,al-Manṣūr bi-Allāh al-Qāsim,,1029,,,OpenITI date code 1029,,"[""author""]",[],[],[],6,[],,,,1029QasimIbnMuhammadImam,"[""https://kitab-corpus-metadata.azurewebsites.net/""]"
openiti_person_1030IbnGhanimBaghdadiHanafi,أبي محمد بن غانم بن محمد البغدادي,Ibn Ghanim Baghdadi Hanafi,,,,,1030,,,OpenITI date code 1030,,"[""author""]",[],[],[],1,[],,,,1030IbnGhanimBaghdadiHanafi,"[""https://kitab-corpus-metadata.azurewebsites.net/""]"
openiti_person_1031BahaDinCamili,بهاء الدين العاملي,Baha Din Camili,,,Bahāʾ al-Dīn al-ʿĀmilī,,1031,,,OpenITI date code 1031,,"[""author""]",[],[],[],12,[],,,,1031BahaDinCamili,"[""https://kitab-corpus-metadata.azurewebsites.net/""]"
openiti_person_1031CabdRaufMunawi,الواحدي,Cabd Rauf Munawi,,,,,1031,,,OpenITI date code 1031,,"[""author""]",[],[],[],10,[],,,,1031CabdRaufMunawi,"[""https://kitab-corpus-metadata.azurewebsites.net/""]"
openiti_person_1033MarciKarmi,الكرمي,Marci Karmi,,,,,1033,,,OpenITI date code 1033,,"[""author""]",[],[],[],19,[],,,,1033MarciKarmi,"[""https://kitab-corpus-metadata.azurewebsites.net/""]"
openiti_person_1034AhmadSirhindi,أحمد بن عبد الأحد بن زين العابدين، العمري الفاروقي نسبا، السرهندي مولدا ووطنا، الحنفي مذهبا (المتوفى: 1034هـ),Ahmad Sirhindi,,,,,1034,,,OpenITI date code 1034,,"[""author""]",[],[],[],1,[],,,,1034AhmadSirhindi,"[""https://kitab-corpus-metadata.azurewebsites.net/""]"
openiti_person_1035AbuBakrAhdal,العلامة أبو بكر بن أبي القاسم الأهدل ( ت : 1035 ),Abu Bakr Ahdal,,,,,1035,,,OpenITI date code 1035,,"[""author""]",[],[],[],1,[],,,,1035AbuBakrAhdal,"[""https://kitab-corpus-metadata.azurewebsites.net/""]"
openiti_person_1035DawudIbnHadi,داوود بن الهادي,Dawud Ibn Hadi,,,Dāwūd b. al-Hādī,,1035,,,OpenITI date code 1035,,"[""author""]",[],[],[],1,[],,,,1035DawudIbnHadi,"[""https://kitab-corpus-metadata.azurewebsites.net/""]"
openiti_person_1036AhmadBaba,التنبكتي، أحمد بابا,Ahmad Baba,,,,,1036,,,OpenITI date code 1036,,"[""author""]",[],[],[],1,[],,,,1036AhmadBaba,"[""https://kitab-corpus-metadata.azurewebsites.net/""]"
openiti_person_1036IbnCabdRahimChishti,الاهدييه بن عبد الرحيم الچشتي,Ibn Cabd Rahim Chishti,,,Ilāhdīyah b. ʿAbd al-Raḥīm al-Čištī,,1036,,,OpenITI date code 1036,,"[""author""]",[],[],[],1,[],,,,1036IbnCabdRahimChishti,"[""https://kitab-corpus-metadata.azurewebsites.net/""]"
openiti_person_1037BaqaiBukharai,بقائي بخاراعي,Baqai Bukharai,,,Baqāʾī Buḫārāʿī,,1037,,,OpenITI date code 1037,,"[""author""]",[],[],[],1,[],,,,1037BaqaiBukharai,"[""https://kitab-corpus-metadata.azurewebsites.net/""]"
openiti_person_1037RaziArtimani,رضي الدين آرتيماني,Razi Artimani,,,Raḍī al-Dīn Ārtīmānī,,1037,,,OpenITI date code 1037,,"[""author""]",[],[],[],5,[],,,,1037RaziArtimani,"[""https://kitab-corpus-metadata.azurewebsites.net/""]"
openiti_person_1037ShifaiIsfahani,شفائي اصفهاني,Shifai Isfahani,,,Šifāʾī Iṣfahānī,,1037,,,OpenITI date code 1037,,"[""author""]",[],[],[],1,[],,,,1037ShifaiIsfahani,"[""https://kitab-corpus-metadata.azurewebsites.net/""]"
openiti_person_1038CabdQadirCaydarus,عبد القادر بن شيخ بن عبد الله العيدروسي,Cabd Qadir Caydarus,,,,,1038,,,OpenITI date code 1038,,"[""author""]",[],[],[],1,[],,,,1038CabdQadirCaydarus,"[""https://kitab-corpus-metadata.azurewebsites.net/""]"
openiti_person_1039IbnLuqman,العلامة شمس الدين أحمد بن محمد لقمان,Ibn Luqman,,,,,1039,,,OpenITI date code 1039,,"[""author""]",[],[],[],1,[],,,,1039IbnLuqman,"[""https://kitab-corpus-metadata.azurewebsites.net/""]"
openiti_person_1040CazmiZadah,عزمي زاده,Cazmi Zadah,,,,,1040,,,OpenITI date code 1040,,"[""author""]",[],[],[],1,[],,,,1040CazmiZadah,"[""https://kitab-corpus-metadata.azurewebsites.net/""]"
openiti_person_1041BurhanDinLaqani,,Burhan Din Laqani,,,,,1041,,,OpenITI date code 1041,,"[""author""]",[],[],[],1,[],,,,1041BurhanDinLaqani,"[""https://kitab-corpus-metadata.azurewebsites.net/""]"
openiti_person_1041BurhanDinMaliki,إبراهيم بن إبراهيم بن حسن اللقاني، أبو الإمداد، برهان الدين المالكي (المتوفى: 1041هـ),Burhan Din Maliki,,,,,1041,,,OpenITI date code 1041,,"[""author""]",[],[],[],1,[],,,,1041BurhanDinMaliki,"[""https://kitab-corpus-metadata.azurewebsites.net/""]"
openiti_person_1041Maqqari,المققري,Maqqari,,,al-Maqqarī,,1041,,,OpenITI date code 1041,,"[""author""]",[],[],[],2,[],,,,1041Maqqari,"[""https://kitab-corpus-metadata.azurewebsites.net/""]"
openiti_person_1041MirDamad,الداماد,Mir Damad,,,al-Dāmād,,1041,,,OpenITI date code 1041,,"[""author""]",[],[],[],3,[],,,,1041MirDamad,"[""https://kitab-corpus-metadata.azurewebsites.net/""]"
openiti_person_1043IskandarBaygMunshi,اسكندر بيگ منشي,Iskandar Bayg Munshi,,,Iskandar Bayg Munšī,,1043,,,OpenITI date code 1043,,"[""author""]",[],[],[],1,[],,,,1043IskandarBaygMunshi,"[""https://kitab-corpus-metadata.azurewebsites.net/""]"
openiti_person_1044IbnBurhanDinHalabi,الحلبي,Ibn Burhan Din Halabi,,,,,1044,,,OpenITI date code 1044,,"[""author""]",[],[],[],1,[],,,,1044IbnBurhanDinHalabi,"[""https://kitab-corpus-metadata.azurewebsites.net/""]"
openiti_person_1046NajmThani,نجم ثاني,Najm Thani,,,Naǧm Ṯānī,,1046,,,OpenITI date code 1046,,"[""author""]",[],[],[],1,[],,,,1046NajmThani,"[""https://kitab-corpus-metadata.azurewebsites.net/""]"
openiti_person_1048MalikShahSistani,ملك سهاه حسين سيستاني,Malik Shah Sistani,,,Malik Shāh Ḥusayn Sīstānī,,1048,,,OpenITI date code 1048,,"[""author""]",[],[],[],1,[],,,,1048MalikShahSistani,"[""https://kitab-corpus-metadata.azurewebsites.net/""]"
openiti_person_1049MuctamadKhan,محمد شريف معتمد خان بخشي,Muctamad Khan,,,Muḥammad Šarīf Muʿtamad Ḫān Baḫšī,,1049,,,OpenITI date code 1049,,"[""author""]",[],[],[],1,[],,,,1049MuctamadKhan,"[""https://kitab-corpus-metadata.azurewebsites.net/""]"
openiti_person_1050AwhadiBalyani,تقي الدين محمد بن سعد الدين أوحدي دقاقي بلياني,Awhadi Balyani,,,Taqī al-Dīn Muḥammad b. Saʿd al-Dīn Awḥadī Daqāqī Balyānī,,1050,,,OpenITI date code 1050,,"[""author""]",[],[],[],1,[],,,,1050AwhadiBalyani,"[""https://kitab-corpus-metadata.azurewebsites.net/""]"
openiti_person_1050IbnMansurBiLlahYamani,الحسين بن المنصور بالله القاسم بن محمد بن علي اليمني (المتوفى : 1050هـ),Ibn Mansur Bi Llah Yamani,,,,,1050,,,OpenITI date code 1050,,"[""author""]",[],[],[],1,[],,,,1050IbnMansurBiLlahYamani,"[""https://kitab-corpus-metadata.azurewebsites.net/""]"
openiti_person_1050IbnQasimHajari,أحمد بن قاسم الحجري أفوقاي,Ibn Qasim Hajari,,,,,1050,,,OpenITI date code 1050,,"[""author""]",[],[],[],1,[],,,,1050IbnQasimHajari,"[""https://kitab-corpus-metadata.azurewebsites.net/""]"
openiti_person_1050MuhaqqiqBidguli,المحققق البدگولي,Muhaqqiq Bidguli,,,al-Muḥaqqiq al-Bidgūlī,,1050,,,OpenITI date code 1050,,"[""author""]",[],[],[],1,[],,,,1050MuhaqqiqBidguli,"[""https://kitab-corpus-metadata.azurewebsites.net/""]"
openiti_person_1050SacidIbrahimJarrari,سعيد بن ابراهيم الجراري,Sacid Ibrahim Jarrari,,,Saʿīd b. Ibrāhīm al-Ǧarrārī,,1050,,,OpenITI date code 1050,,"[""author""]",[],[],[],1,[],,,,1050SacidIbrahimJarrari,"[""https://kitab-corpus-metadata.azurewebsites.net/""]"
openiti_person_1050SadrDinShirazi,صدر الدين الشيرازي,Sadr Din Shirazi,,,Ṣadr al-Dīn al-Šīrāzī,,1050,,,OpenITI date code 1050,,"[""author""]",[],[],[],5,[],,,,1050SadrDinShirazi,"[""https://kitab-corpus-metadata.azurewebsites.net/""]"
openiti_person_1051Cimadi,عبد الرحمن بن علي بن عبد الرحمن بن علي أفندي العمادي الدمشقي الحنفي (المتوفى: 1223هـ),Cimadi,,,,,1051,,,OpenITI date code 1051,,"[""author""]",[],[],[],1,[],,,,1051Cimadi,"[""https://kitab-corpus-metadata.azurewebsites.net/""]"
openiti_person_1051IbnYunusBuhutiHanbali,البهوتي,Ibn Yunus Buhuti Hanbali,,,,,1051,,,OpenITI date code 1051,,"[""author""]",[],[],[],5,[],,,,1051IbnYunusBuhutiHanbali,"[""https://kitab-corpus-metadata.azurewebsites.net/""]"
openiti_person_1052CabdHaqqDihlawi,عبد الحق بن سيف الدين بن سعد الله البخاري الدهلوي الحنفي «المولود بدهلي في الهند سنة (958 ه) والمتوفى بها سنة (1052 ه) رحمه الله تعالى»,Cabd Haqq Dihlawi,,,,,1052,,,OpenITI date code 1052,,"[""author""]",[],[],[],2,[],,,,1052CabdHaqqDihlawi,"[""https://kitab-corpus-metadata.azurewebsites.net/""]"
openiti_person_1052HaqqiDihlawi,الحقق الدهلوي,Haqqi Dihlawi,,,al-Ḥaqq al-Dihlawī,,1052,,,OpenITI date code 1052,,"[""author""]",[],[],[],1,[],,,,1052HaqqiDihlawi,"[""https://kitab-corpus-metadata.azurewebsites.net/""]"
openiti_person_1053MuhammadQasimFirishta,فرشت محمد قاسم هندو شاه أستربادي,Muhammad Qasim Firishta,,,Firišta Muḥammad Qāsim Hindū Šāh Astarabādī,,1053,,,OpenITI date code 1053,,"[""author""]",[],[],[],1,[],,,,1053MuhammadQasimFirishta,"[""https://kitab-corpus-metadata.azurewebsites.net/""]"
openiti_person_1055AhmadSharafi,شمس الدين الشرفي,Ahmad Sharafi,,,Šams al-Dīn al-Šarafī,,1055,,,OpenITI date code 1055,,"[""author""]",[],[],[],3,[],,,,1055AhmadSharafi,"[""https://kitab-corpus-metadata.azurewebsites.net/""]"
openiti_person_1057IbnCallan,محمد علي بن محمد بن علان بن إبراهيم البكري الصديقي الشافعي (المتوفى: 1057هـ),Ibn Callan,,,,,1057,,,OpenITI date code 1057,,"[""author""]",[],[],[],4,[],,,,1057IbnCallan,"[""https://kitab-corpus-metadata.azurewebsites.net/""]"
openiti_person_1058CabdFattahFumani,عبد الفتاح فوماني,Cabd Fattah Fumani,,,ʿAbd al-Fattāḥ Fūmānī,,1058,,,OpenITI date code 1058,,"[""author""]",[],[],[],1,[],,,,1058CabdFattahFumani,"[""https://kitab-corpus-metadata.azurewebsites.net/""]"
openiti_person_1058QadizadaKarahrudi,قاضي زاده كرهرودي,Qadizada Karahrudi,,,Qāḍī Zādah Karahrūdī,,1058,,,OpenITI date code 1058,,"[""author""]",[],[],[],1,[],,,,1058QadizadaKarahrudi,"[""https://kitab-corpus-metadata.azurewebsites.net/""]"
openiti_person_1060IbnQaysar,ابن قيصر,Ibn Qaysar,,,Ibn Qayṣar,,1060,,,OpenITI date code 1060,,"[""author""]",[],[],[],1,[],,,,1060IbnQaysar,"[""https://kitab-corpus-metadata.azurewebsites.net/""]"
openiti_person_1060IbrahimBathnawi,ابراهيم البثنوي,Ibrahim Bathnawi,,,Ibrāhīm al-Baṯnawī,,1060,,,OpenITI date code 1060,,"[""author""]",[],[],[],1,[],,,,1060IbrahimBathnawi,"[""https://kitab-corpus-metadata.azurewebsites.net/""]"
openiti_person_1061AhmadHabisYamani,القاضي العلامة أحمد بن يحيى حابس رضي الله تعالى عنه,Ahmad Habis Yamani,,,,,1061,,,OpenITI date code 1061,,"[""author""]",[],[],[],2,[],,,,1061AhmadHabisYamani,"[""https://kitab-corpus-metadata.azurewebsites.net/""]"
openiti_person_1061CabdNabiFakhrZamani,عبد النبي فخر زماني,Cabd Nabi Fakhr Zamani,,,ʿAbd al-Nabī Faḫr Zamānī,,1061,,,OpenITI date code 1061,,"[""author""]",[],[],[],1,[],,,,1061CabdNabiFakhrZamani,"[""https://kitab-corpus-metadata.azurewebsites.net/""]"
openiti_person_1061IbnMullaFarrukhRumi,محمد بن عبد العظيم المكي الرومي الموري الحنفي,Ibn Mulla Farrukh Rumi,,,,,1061,,,OpenITI date code 1061,,"[""author""]",[],[],[],1,[],,,,1061IbnMullaFarrukhRumi,"[""https://kitab-corpus-metadata.azurewebsites.net/""]"
openiti_person_1061NajmDinGhazzi,نجم الدين محمد الغزي,Najm Din Ghazzi,,,Naǧm al-Dīn Muḥammad al-Ġazzī,,1061,,,OpenITI date code 1061,,"[""author""]",[],[],[],2,[],,,,1061NajmDinGhazzi,"[""https://kitab-corpus-metadata.azurewebsites.net/""]"
openiti_person_1062CabdAllahSharafi,,Cabd Allah Sharafi,,,,,1062,,,OpenITI date code 1062,,"[""author""]",[],[],[],1,[],,,,1062CabdAllahSharafi,"[""https://kitab-corpus-metadata.azurewebsites.net/""]"
openiti_person_1062NurDinMusawiCamili,محمد أمين الإسترآبادي ، السيد نور الدين العاملي,Nur Din Musawi Camili,,,,,1062,,,OpenITI date code 1062,,"[""author""]",[],[],[],1,[],,,,1062NurDinMusawiCamili,"[""https://kitab-corpus-metadata.azurewebsites.net/""]"
openiti_person_1064ShamsaJilani,شمسا الجيلاني,Shamsa Jilani,,,Šamsā al-Ǧīlānī,,1064,,,OpenITI date code 1064,,"[""author""]",[],[],[],1,[],,,,1064ShamsaJilani,"[""https://kitab-corpus-metadata.azurewebsites.net/""]"
openiti_person_1064ShaykhCaliGilani,شيخ علي گيلاني,Shaykh Cali Gilani,,,Šayḫ ʿAlī Gīlānī,,1064,,,OpenITI date code 1064,,"[""author""]",[],[],[],1,[],,,,1064ShaykhCaliGilani,"[""https://kitab-corpus-metadata.azurewebsites.net/""]"
openiti_person_1066IbnYusufZaynCabidinKurani,زين العابدين بن يوسف بن محمد بن زين العابدين بن طاهر بن صدر الدين محمد بن إسماعيل -الكوراني الكردي الحنفي (المتوفى بعد 1066 هـ),Ibn Yusuf Zayn Cabidin Kurani,,,,,1066,,,OpenITI date code 1066,,"[""author""]",[],[],[],1,[],,,,1066IbnYusufZaynCabidinKurani,"[""https://kitab-corpus-metadata.azurewebsites.net/""]"
openiti_person_1066MuhammadSadiqHamadani,محمد صديق همداني,Muhammad Sadiq Hamadani,,,Muḥammad Ṣadīq Hamadānī,,1066,,,OpenITI date code 1066,,"[""author""]",[],[],[],1,[],,,,1066MuhammadSadiqHamadani,"[""https://kitab-corpus-metadata.azurewebsites.net/""]"
openiti_person_1067HajjiKhalifa,حجي خليف، كاتب چeلeبي,Hajji Khalifa,,,"Ḥaǧǧī Ḫalīfa, Kātib Čelebī",,1067,,,OpenITI date code 1067,,"[""author""]",[],[],[],2,[],,,,1067HajjiKhalifa,"[""https://kitab-corpus-metadata.azurewebsites.net/""]"
openiti_person_1068IbnCaliFuwati,,Ibn Cali Fuwati,,,,,1068,,,OpenITI date code 1068,,"[""author""]",[],[],[],1,[],,,,1068IbnCaliFuwati,"[""https://kitab-corpus-metadata.azurewebsites.net/""]"
openiti_person_1068KhwajagiIsfahani,محمد معصوم خواجگي اصفهاني,Khwajagi Isfahani,,,Muḥammad Maʿṣūm Ḫwāǧagī Iṣfahānī,,1068,,,OpenITI date code 1068,,"[""author""]",[],[],[],1,[],,,,1068KhwajagiIsfahani,"[""https://kitab-corpus-metadata.azurewebsites.net/""]"
openiti_person_1069IbnCammarShurunbulali,حسن بن عمار بن علي الشرنبلالي المصري الحنفي (المتوفى: 1069هـ),Ibn Cammar Shurunbulali,,,,,1069,,,OpenITI date code 1069,,"[""author""]",[],[],[],5,[],,,,1069IbnCammarShurunbulali,"[""https://kitab-corpus-metadata.azurewebsites.net/""]"
openiti_person_1069MuhammadShawbari,محمد الشوبري,Muhammad Shawbari,,,,,1069,,,OpenITI date code 1069,,"[""author""]",[],[],[],1,[],,,,1069MuhammadShawbari,"[""https://kitab-corpus-metadata.azurewebsites.net/""]"
openiti_person_1069ShihabDinKhafaji,شهاب الدين أحمد بن محمد بن عمر الخفاجي المصري الحنفي (المتوفى: 1069هـ),Shihab Din Khafaji,,,,,1069,,,OpenITI date code 1069,,"[""author""]",[],[],[],3,[],,,,1069ShihabDinKhafaji,"[""https://kitab-corpus-metadata.azurewebsites.net/""]"
openiti_person_1069ShihabDinQalyubi,شهاب الدين أحمد بن أحمد بن سلامة القليوبي,Shihab Din Qalyubi,,,,,1069,,,OpenITI date code 1069,,"[""author""]",[],[],[],1,[],,,,1069ShihabDinQalyubi,"[""https://kitab-corpus-metadata.azurewebsites.net/""]"
openiti_person_1070MuhammadKibrit,محمد كبريت الحسني,Muhammad Kibrit,,,,,1070,,,OpenITI date code 1070,,"[""author""]",[],[],[],3,[],,,,1070MuhammadKibrit,"[""https://kitab-corpus-metadata.azurewebsites.net/""]"
openiti_person_1071FadilTuniKhurasani,الفاضل التوني,Fadil Tuni Khurasani,,,,,1071,,,OpenITI date code 1071,,"[""author""]",[],[],[],1,[],,,,1071FadilTuniKhurasani,"[""https://kitab-corpus-metadata.azurewebsites.net/""]"
openiti_person_1071IbnFaqihFussaBacliDimashqi,عبد الباقي المواهبي الحنبلي,Ibn Faqih Fussa Bacli Dimashqi,,,,,1071,,,OpenITI date code 1071,,"[""author""]",[],[],[],1,[],,,,1071IbnFaqihFussaBacliDimashqi,"[""https://kitab-corpus-metadata.azurewebsites.net/""]"
openiti_person_1072IbnAhmadMayyaraFasi,محمد بن أحمد ميارة المالكي,Ibn Ahmad Mayyara Fasi,,,,,1072,,,OpenITI date code 1072,,"[""author""]",[],[],[],2,[],,,,1072IbnAhmadMayyaraFasi,"[""https://kitab-corpus-metadata.azurewebsites.net/""]"
openiti_person_1073CabdKarimFakun,,Cabd Karim Fakun,,,,,1073,,,OpenITI date code 1073,,"[""author""]",[],[],[],1,[],,,,1073CabdKarimFakun,"[""https://kitab-corpus-metadata.azurewebsites.net/""]"
openiti_person_1073YusufBadiciDimashqi,يوسف البديعي الدمشقي (المتوفى : 1073هـ),Yusuf Badici Dimashqi,,,,,1073,,,OpenITI date code 1073,,"[""author""]",[],[],[],1,[],,,,1073YusufBadiciDimashqi,"[""https://kitab-corpus-metadata.azurewebsites.net/""]"
openiti_person_1077CinayatKhan,عنايت خان,Cinayat Khan,,,ʿInāyat Ḫān,,1077,,,OpenITI date code 1077,,"[""author""]",[],[],[],1,[],,,,1077CinayatKhan,"[""https://kitab-corpus-metadata.azurewebsites.net/""]"
openiti_person_1077Jurmuzi,,Jurmuzi,,,,,1077,,,OpenITI date code 1077,,"[""author""]",[],[],[],3,[],,,,1077Jurmuzi,"[""https://kitab-corpus-metadata.azurewebsites.net/""]"
openiti_person_1078RiyadZadah,عبد اللطيف بن محمد بن مصطفى المتخلص بلطفي، الشهير بـ «رياض زاده» الحنفي (المتوفى: 1078هـ),Riyad Zadah,,,,,1078,,,OpenITI date code 1078,,"[""author""]",[],[],[],1,[],,,,1078RiyadZadah,"[""https://kitab-corpus-metadata.azurewebsites.net/""]"
openiti_person_1078ShaykhiZadahDamadAfandi,عبد الرحمن بن محمد بن سليمان الكليبولي المدعو بشيخي زاده,Shaykhi Zadah Damad Afandi,,,,,1078,,,OpenITI date code 1078,,"[""author""]",[],[],[],1,[],,,,1078ShaykhiZadahDamadAfandi,"[""https://kitab-corpus-metadata.azurewebsites.net/""]"
openiti_person_1079CumarDafriZuhri,عمر الدفري,Cumar Dafri Zuhri,,,,,1079,,,OpenITI date code 1079,,"[""author""]",[],[],[],1,[],,,,1079CumarDafriZuhri,"[""https://kitab-corpus-metadata.azurewebsites.net/""]"
openiti_person_1079HabalShacir,الهبل,Habal Shacir,,,,,1079,,,OpenITI date code 1079,,"[""author""]",[],[],[],1,[],,,,1079HabalShacir,"[""https://kitab-corpus-metadata.azurewebsites.net/""]"
openiti_person_1079MuhammadIbnHasanIbnQasim,محمد بن الحسن بن القاسم,Muhammad Ibn Hasan Ibn Qasim,,,,,1079,,,OpenITI date code 1079,,"[""author""]",[],[],[],1,[],,,,1079MuhammadIbnHasanIbnQasim,"[""https://kitab-corpus-metadata.azurewebsites.net/""]"
openiti_person_1080IbnMuhammadBayquniDimashqi,عمر (أوطه) بن محمد بن فتوح البيقوني (المتوفى : نحو 1080هـ),Ibn Muhammad Bayquni Dimashqi,,,,,1080,,,OpenITI date code 1080,,"[""author""]",[],[],[],1,[],,,,1080IbnMuhammadBayquniDimashqi,"[""https://kitab-corpus-metadata.azurewebsites.net/""]"
openiti_person_1081KhalilKashani,خليل الكاشاني,Khalil Kashani,,,Ḫalīl al-Kāšānī,,1081,,,OpenITI date code 1081,,"[""author""]",[],[],[],1,[],,,,1081KhalilKashani,"[""https://kitab-corpus-metadata.azurewebsites.net/""]"
openiti_person_1081MuhammadSalihMazandarani,مولي محمد صالح المازندراني,Muhammad Salih Mazandarani,,,,,1081,,,OpenITI date code 1081,,"[""author""]",[],[],[],1,[],,,,1081MuhammadSalihMazandarani,"[""https://kitab-corpus-metadata.azurewebsites.net/""]"
openiti_person_1081SalihIbnNasrAllahIbnSallum,صالح بن نصر الله ابن سلوم,Salih Ibn Nasr Allah Ibn Sallum,,,Ṣāliḥ b. Naṣr Allāh Ibn Sallūm,,1081,,,OpenITI date code 1081,,"[""author""]",[],[],[],1,[],,,,1081SalihIbnNasrAllahIbnSallum,"[""https://kitab-corpus-metadata.azurewebsites.net/""]"
openiti_person_1082IbnShadqamMadani,ضامن بن شدقم المدني,Ibn Shadqam Madani,,,,,1082,,,OpenITI date code 1082,,"[""author""]",[],[],[],1,[],,,,1082IbnShadqamMadani,"[""https://kitab-corpus-metadata.azurewebsites.net/""]"
openiti_person_1082KanbuhLahawri,محمد صالح كنبوه لهوري,Kanbuh Lahawri,,,Muḥammad Ṣāliḥ Kanbūh Lahawrī,,1082,,,OpenITI date code 1082,,"[""author""]",[],[],[],1,[],,,,1082KanbuhLahawri,"[""https://kitab-corpus-metadata.azurewebsites.net/""]"
openiti_person_1082RaficDinNaini,رفيع الدين محمد بن حيدر النائيني,Rafic Din Naini,,,,,1082,,,OpenITI date code 1082,,"[""author""]",[],[],[],1,[],,,,1082RaficDinNaini,"[""https://kitab-corpus-metadata.azurewebsites.net/""]"
openiti_person_1083IbnBalbanDimashqi,محمد بن بدر الدين بن بلبان الدمشقي,Ibn Balban Dimashqi,,,,,1083,,,OpenITI date code 1083,,"[""author""]",[],[],[],4,[],,,,1083IbnBalbanDimashqi,"[""https://kitab-corpus-metadata.azurewebsites.net/""]"
openiti_person_1083NasirIbrahimMuayyadi,الإمام الناصر إبراهيم بن محمد بن أحمد المؤيدي,Nasir Ibrahim Muayyadi,,,,,1083,,,OpenITI date code 1083,,"[""author""]",[],[],[],1,[],,,,1083NasirIbrahimMuayyadi,"[""https://kitab-corpus-metadata.azurewebsites.net/""]"
openiti_person_1084MuhammadMuqimYazdi,محمد مقيم اليزدي,Muhammad Muqim Yazdi,,,,,1084,,,OpenITI date code 1084,,"[""author""]",[],[],[],1,[],,,,1084MuhammadMuqimYazdi,"[""https://kitab-corpus-metadata.azurewebsites.net/""]"
openiti_person_1085FakhrDinTurayhi,الشيخ الطريحي,Fakhr Din Turayhi,,,,,1085,,,OpenITI date code 1085,,"[""author""]",[],[],[],2,[],,,,1085FakhrDinTurayhi,"[""https://kitab-corpus-metadata.azurewebsites.net/""]"
openiti_person_1085IbnCabdRidaBasri,أحمد بن عبد الرضا البصري,Ibn Cabd Rida Basri,,,,,1085,,,OpenITI date code 1085,,"[""author""]",[],[],[],1,[],,,,1085IbnCabdRidaBasri,"[""https://kitab-corpus-metadata.azurewebsites.net/""]"
openiti_person_1086IbnCajamiMisri,أحمد بن أحمد بن محمد بن أحمد ابن إبراهيم العجمي الشافعي الوفائي المصري الأزهري، شهاب الدين (المتوفى: 1086هـ),Ibn Cajami Misri,,,,,1086,,,OpenITI date code 1086,,"[""author""]",[],[],[],1,[],,,,1086IbnCajamiMisri,"[""https://kitab-corpus-metadata.azurewebsites.net/""]"
openiti_person_1087IbnMactuqShacir,ابن معتوق,Ibn Mactuq Shacir,,,,,1087,,,OpenITI date code 1087,,"[""author""]",[],[],[],1,[],,,,1087IbnMactuqShacir,"[""https://kitab-corpus-metadata.azurewebsites.net/""]"
openiti_person_1087MutawakkilIsmacil,,Mutawakkil Ismacil,,,,,1087,,,OpenITI date code 1087,,"[""author""]",[],[],[],2,[],,,,1087MutawakkilIsmacil,"[""https://kitab-corpus-metadata.azurewebsites.net/""]"
openiti_person_1088AbuSitta,,Abu Sitta,,,,,1088,,,OpenITI date code 1088,,"[""author""]",[],[],[],1,[],,,,1088AbuSitta,"[""https://kitab-corpus-metadata.azurewebsites.net/""]"
openiti_person_1088IbnAhmadKhalwati,محمد بن أحمد بن علي البهوتي الخلوتي (المتوفى: 1088 ه),Ibn Ahmad Khalwati,,,,,1088,,,OpenITI date code 1088,,"[""author""]",[],[],[],1,[],,,,1088IbnAhmadKhalwati,"[""https://kitab-corpus-metadata.azurewebsites.net/""]"
openiti_person_1088IbnCaliHaskafi,الحصكفي,Ibn Cali Haskafi,,,,,1088,,,OpenITI date code 1088,,"[""author""]",[],[],[],1,[],,,,1088IbnCaliHaskafi,"[""https://kitab-corpus-metadata.azurewebsites.net/""]"
openiti_person_1088SaibTabrizi,سائب تبريزي,Saib Tabrizi,,,Sāʾib Tabrīzī,,1088,,,OpenITI date code 1088,,"[""author""]",[],[],[],1,[],,,,1088SaibTabrizi,"[""https://kitab-corpus-metadata.azurewebsites.net/""]"
openiti_person_1089IbnCimad,عبد الحي بن أحمد بن محمد ابن العماد العكري الحنبلي، أبو الفلاح (المتوفى: 1089هـ),Ibn Cimad,,,,,1089,,,OpenITI date code 1089,,"[""author""]",[],[],[],2,[],,,,1089IbnCimad,"[""https://kitab-corpus-metadata.azurewebsites.net/""]"
openiti_person_1090IbnCabdWahidAndalusiFasi,أبو محمد بن عبد الواحد بن أحمد بن عاشر الأنصاري الأندلسي، المغربي الفاسي (المتوفى: 1090هـ),Ibn Cabd Wahid Andalusi Fasi,,,,,1090,,,OpenITI date code 1090,,"[""author""]",[],[],[],1,[],,,,1090IbnCabdWahidAndalusiFasi,"[""https://kitab-corpus-metadata.azurewebsites.net/""]"
openiti_person_1090KhamisShiqsi,خميس شقصي,Khamis Shiqsi,,,Ḫamīs Šiqṣī,,1090,,,OpenITI date code 1090,,"[""author""]",[],[],[],1,[],,,,1090KhamisShiqsi,"[""https://kitab-corpus-metadata.azurewebsites.net/""]"
openiti_person_1090MuhammadBaqirSabzawari,المحقق السبزواري,Muhammad Baqir Sabzawari,,,,,1090,,,OpenITI date code 1090,,"[""author""]",[],[],[],1,[],,,,1090MuhammadBaqirSabzawari,"[""https://kitab-corpus-metadata.azurewebsites.net/""]"
openiti_person_1090MuhammadMacsumIbnHasan,محمد معصوم بن حسن بن صالح,Muhammad Macsum Ibn Hasan,,,Muḥammad Maʿṣūm b. Ḥasan b. Ṣāliḥ,,1090,,,OpenITI date code 1090,,"[""author""]",[],[],[],1,[],,,,1090MuhammadMacsumIbnHasan,"[""https://kitab-corpus-metadata.azurewebsites.net/""]"
openiti_person_1090NizamDinBalkhi,الشيخ نظام وجماعة من علماء الهند,Nizam Din Balkhi,,,,,1090,,,OpenITI date code 1090,,"[""author""]",[],[],[],1,[],,,,1090NizamDinBalkhi,"[""https://kitab-corpus-metadata.azurewebsites.net/""]"
openiti_person_1091MuhammadMuhsinFaydKashani,محمد محسن الفيض الكاشاني,Muhammad Muhsin Fayd Kashani,,,Muḥammad Muḥsin al-Fayḍ al-Kāšānī,,1091,,,OpenITI date code 1091,,"[""author""]",[],[],[],6,[],,,,1091MuhammadMuhsinFaydKashani,"[""https://kitab-corpus-metadata.azurewebsites.net/""]"
openiti_person_1092AhmadIbnAbiRijal,العلامة المؤرخ أحمد بن صالح بن أبي الرجال,Ahmad Ibn Abi Rijal,,,,,1092,,,OpenITI date code 1092,,"[""author""]",[],[],[],1,[],,,,1092AhmadIbnAbiRijal,"[""https://kitab-corpus-metadata.azurewebsites.net/""]"
openiti_person_1093CabdQadirBaghdadi,عبد القادر بن عمر البغدادي,Cabd Qadir Baghdadi,,,ʿAbd al-Qādir b. ʿUmar al-Baġdādī,,1093,,,OpenITI date code 1093,,"[""author""]",[],[],[],3,[],,,,1093CabdQadirBaghdadi,"[""https://kitab-corpus-metadata.azurewebsites.net/""]"
openiti_person_1094IbnMusaKaffawi,أبو البقاء أيوب بن موسى الحسيني الكفومي,Ibn Musa Kaffawi,,,,,1094,,,OpenITI date code 1094,,"[""author""]",[],[],[],1,[],,,,1094IbnMusaKaffawi,"[""https://kitab-corpus-metadata.azurewebsites.net/""]"
openiti_person_1094IbnSacidMujaylidi,المجيلدي,Ibn Sacid Mujaylidi,,,,,1094,,,OpenITI date code 1094,,"[""author""]",[],[],[],1,[],,,,1094IbnSacidMujaylidi,"[""https://kitab-corpus-metadata.azurewebsites.net/""]"
openiti_person_1094IbnSulaymanRudani,محمد بن محمد بن سليمان بن الفاسي بن طاهر السوسي الردواني المغربي المالكي (المتوفى: 1094هـ),Ibn Sulayman Rudani,,,,,1094,,,OpenITI date code 1094,,"[""author""]",[],[],[],2,[],,,,1094IbnSulaymanRudani,"[""https://kitab-corpus-metadata.azurewebsites.net/""]"
openiti_person_1094TabibTihrani,,Tabib Tihrani,,,,,1094,,,OpenITI date code 1094,,"[""author""]",[],[],[],1,[],,,,1094TabibTihrani,"[""https://kitab-corpus-metadata.azurewebsites.net/""]"
openiti_person_1095Anonymous,,Anonymous,,,,,1095,,,OpenITI date code 1095,,"[""author""]",[],[],[],1,[],,,,1095Anonymous,"[""https://kitab-corpus-metadata.azurewebsites.net/""]"
openiti_person_1095MirTaymurMarcashi,مير تيمور مرعشي,Mir Taymur Marcashi,,,Mīr Taymūr Marʿašī,,1095,,,OpenITI date code 1095,,"[""author""]",[],[],[],1,[],,,,1095MirTaymurMarcashi,"[""https://kitab-corpus-metadata.azurewebsites.net/""]"
openiti_person_1096YahyaShawi,يحيى بن محمد بن محمد بن عبد الله، أبو زكرياء الشاوي الملياني الجزائري المالكي (المتوفى: 1096هـ),Yahya Shawi,,,,,1096,,,OpenITI date code 1096,,"[""author""]",[],[],[],1,[],,,,1096YahyaShawi,"[""https://kitab-corpus-metadata.azurewebsites.net/""]"
openiti_person_1097CaliIbnSalahIbnCaliTabari,,Cali Ibn Salah Ibn Cali Tabari,,,,,1097,,,OpenITI date code 1097,,"[""author""]",[],[],[],1,[],,,,1097CaliIbnSalahIbnCaliTabari,"[""https://kitab-corpus-metadata.azurewebsites.net/""]"
openiti_person_1097IbnQaid,عثمان بن أحمد بن سعيد النجدي الشهير بابن قائد (ت: 1097 ه),Ibn Qaid,,,,,1097,,,OpenITI date code 1097,,"[""author""]",[],[],[],2,[],,,,1097IbnQaid,"[""https://kitab-corpus-metadata.azurewebsites.net/""]"
openiti_person_1098AhmadMuhammadHamawi,الحموي، ياقوت,Ahmad Muhammad Hamawi,,,,,1098,,,OpenITI date code 1098,,"[""author""]",[],[],[],1,[],,,,1098AhmadMuhammadHamawi,"[""https://kitab-corpus-metadata.azurewebsites.net/""]"
openiti_person_1098IbnMuhammadShihabDinHamawi,أبو العباس شهاب الدين أحمد بن محمد مكي الحسيني الحموي الحنفي,Ibn Muhammad Shihab Din Hamawi,,,,,1098,,,OpenITI date code 1098,,"[""author""]",[],[],[],2,[],,,,1098IbnMuhammadShihabDinHamawi,"[""https://kitab-corpus-metadata.azurewebsites.net/""]"
openiti_person_1098KamalDinBayadi,,Kamal Din Bayadi,,,,,1098,,,OpenITI date code 1098,,"[""author""]",[],[],[],1,[],,,,1098KamalDinBayadi,"[""https://kitab-corpus-metadata.azurewebsites.net/""]"
openiti_person_1098MuhammadTahirShiraziQummi,محمد طاهر القمي الشيرازي,Muhammad Tahir Shirazi Qummi,,,,,1098,,,OpenITI date code 1098,,"[""author""]",[],[],[],1,[],,,,1098MuhammadTahirShiraziQummi,"[""https://kitab-corpus-metadata.azurewebsites.net/""]"
openiti_person_1098WalihIsfahani,محمد يوسف واله اصفهاني,Walih Isfahani,,,Muḥammad Yūsuf Wālih Iṣfahānī,,1098,,,OpenITI date code 1098,,"[""author""]",[],[],[],1,[],,,,1098WalihIsfahani,"[""https://kitab-corpus-metadata.azurewebsites.net/""]"
openiti_person_1098WaqariTabasiYazdi,وقري طبسي يزدي,Waqari Tabasi Yazdi,,,Waqarī Ṭabasī Yazdī,,1098,,,OpenITI date code 1098,,"[""author""]",[],[],[],1,[],,,,1098WaqariTabasiYazdi,"[""https://kitab-corpus-metadata.azurewebsites.net/""]"
openiti_person_1099CabdBaqiZurqani,عبد الباقي بن يوسف بن أحمد الزرقاني المصري,Cabd Baqi Zurqani,,,,,1099,,,OpenITI date code 1099,,"[""author""]",[],[],[],2,[],,,,1099CabdBaqiZurqani,"[""https://kitab-corpus-metadata.azurewebsites.net/""]"
openiti_person_1099IbnMuhammadKhuwansari,المحقق الخوانساري,Ibn Muhammad Khuwansari,,,,,1099,,,OpenITI date code 1099,,"[""author""]",[],[],[],1,[],,,,1099IbnMuhammadKhuwansari,"[""https://kitab-corpus-metadata.azurewebsites.net/""]"
openiti_person_1100CumarMarcashi,عمر المرعشي,Cumar Marcashi,,,ʿUmar al-Marʿašī,,1100,,,OpenITI date code 1100,,"[""author""]",[],[],[],1,[],,,,1100CumarMarcashi,"[""https://kitab-corpus-metadata.azurewebsites.net/""]"
openiti_person_1100IbnCabdKarimAshmuniMisri,أحمد بن عبد الكريم بن محمد بن عبد الكريم الأشموني المصري الشافعي (المتوفى: نحو 1100هـ),Ibn Cabd Karim Ashmuni Misri,,,,,1100,,,OpenITI date code 1100,,"[""author""]",[],[],[],1,[],,,,1100IbnCabdKarimAshmuniMisri,"[""https://kitab-corpus-metadata.azurewebsites.net/""]"
openiti_person_1100IbnMahfuzSanhuri,Muḥammad ibn Maḥfūẓ al-Sanhūrī,Ibn Mahfuz Sanhuri,,,,,1100,,,OpenITI date code 1100,,"[""author""]",[],[],[],1,[],,,,1100IbnMahfuzSanhuri,"[""https://kitab-corpus-metadata.azurewebsites.net/""]"
openiti_person_1100IbnMuhammadAdnahwi,الأدنهوي,Ibn Muhammad Adnahwi,,,al-Adnahwī,,1100,,,OpenITI date code 1100,,"[""author""]",[],[],[],1,[],,,,1100IbnMuhammadAdnahwi,"[""https://kitab-corpus-metadata.azurewebsites.net/""]"
openiti_person_1100Izkawi,الازكاوي,Izkawi,,,al-Izkāwī,,1100,,,OpenITI date code 1100,,"[""author""]",[],[],[],1,[],,,,1100Izkawi,"[""https://kitab-corpus-metadata.azurewebsites.net/""]"
openiti_person_1100MuhammadItlidi,محمد دياب الإتليدي,Muhammad Itlidi,,,,,1100,,,OpenITI date code 1100,,"[""author""]",[],[],[],1,[],,,,1100MuhammadItlidi,"[""https://kitab-corpus-metadata.azurewebsites.net/""]"
openiti_person_1100MustafaTafrishi,التفرشي,Mustafa Tafrishi,,,,,1100,,,OpenITI date code 1100,,"[""author""]",[],[],[],1,[],,,,1100MustafaTafrishi,"[""https://kitab-corpus-metadata.azurewebsites.net/""]"
openiti_person_1100YahyaIbnHusaynZaydi,يحيى المنصور بالله,Yahya Ibn Husayn Zaydi,,,,,1100,,,OpenITI date code 1100,,"[""author""]",[],[],[],1,[],,,,1100YahyaIbnHusaynZaydi,"[""https://kitab-corpus-metadata.azurewebsites.net/""]"
openiti_person_1100YahyaIbnQasim,يحيى بن الحسين بن القاسم,Yahya Ibn Qasim,,,,,1100,,,OpenITI date code 1100,,"[""author""]",[],[],[],1,[],,,,1100YahyaIbnQasim,"[""https://kitab-corpus-metadata.azurewebsites.net/""]"
openiti_person_1100ZiyadahIbnYahyaRasi,زيادة بن يحيى النصب الراسي (كان حيا: ق 11هـ),Ziyadah Ibn Yahya Rasi,,,,,1100,,,OpenITI date code 1100,,"[""author""]",[],[],[],1,[],,,,1100ZiyadahIbnYahyaRasi,"[""https://kitab-corpus-metadata.azurewebsites.net/""]"
openiti_person_1101BurhanDinIbrahimKurani,برهان الدين إبراهيم الكوراني,Burhan Din Ibrahim Kurani,,,,,1101,,,OpenITI date code 1101,,"[""author""]",[],[],[],1,[],,,,1101BurhanDinIbrahimKurani,"[""https://kitab-corpus-metadata.azurewebsites.net/""]"
openiti_person_1101IbnCabdAllahKharshi,الخرشي,Ibn Cabd Allah Kharshi,,,,,1101,,,OpenITI date code 1101,,"[""author""]",[],[],[],1,[],,,,1101IbnCabdAllahKharshi,"[""https://kitab-corpus-metadata.azurewebsites.net/""]"
openiti_person_1101MuhammadCaliArdabili,محمد علي الأردبيلي,Muhammad Cali Ardabili,,,,,1101,,,OpenITI date code 1101,,"[""author""]",[],[],[],1,[],,,,1101MuhammadCaliArdabili,"[""https://kitab-corpus-metadata.azurewebsites.net/""]"
openiti_person_1101ShihabDinKurani,ابراهيم بن الحسن الكوراني,Shihab Din Kurani,,,Ibrāhīm b. al-Ḥasan al-Kūrānī,,1101,,,OpenITI date code 1101,,"[""author""]",[],[],[],1,[],,,,1101ShihabDinKurani,"[""https://kitab-corpus-metadata.azurewebsites.net/""]"
openiti_person_1102NurDinYusi,الحسن بن مسعود بن محمد، أبو علي، نور الدين اليوسي (المتوفى : 1102هـ),Nur Din Yusi,,,,,1102,,,OpenITI date code 1102,,"[""author""]",[],[],[],3,[],,,,1102NurDinYusi,"[""https://kitab-corpus-metadata.azurewebsites.net/""]"
openiti_person_1103IbnCabdRasulBarzanji,البرزنجي,Ibn Cabd Rasul Barzanji,,,,,1103,,,OpenITI date code 1103,,"[""author""]",[],[],[],2,[],,,,1103IbnCabdRasulBarzanji,"[""https://kitab-corpus-metadata.azurewebsites.net/""]"
openiti_person_1104IbnHasanHurrCamili,الحر العاملي,Ibn Hasan Hurr Camili,,,,,1104,,,OpenITI date code 1104,,"[""author""]",[],[],[],6,[],,,,1104IbnHasanHurrCamili,"[""https://kitab-corpus-metadata.azurewebsites.net/""]"
openiti_person_1104YahyaIbnCaliHabsi,السيد الفاضل يحيى بن علي الحبسي القاسمي,Yahya Ibn Cali Habsi,,,,,1104,,,OpenITI date code 1104,,"[""author""]",[],[],[],1,[],,,,1104YahyaIbnCaliHabsi,"[""https://kitab-corpus-metadata.azurewebsites.net/""]"
openiti_person_1105CabdHusaynKhatunabadi,عبد الحسين خاطونابادي,Cabd Husayn Khatunabadi,,,ʿAbd al-Ḥusayn Ḫāṭūnābādī,,1105,,,OpenITI date code 1105,,"[""author""]",[],[],[],1,[],,,,1105CabdHusaynKhatunabadi,"[""https://kitab-corpus-metadata.azurewebsites.net/""]"
openiti_person_1105MashiziBardsiri,مير محمد سعيد مشيزي بردسيري,Mashizi Bardsiri,,,Mīr Muḥammad Saʿīd Mašīzī Bardsīrī,,1105,,,OpenITI date code 1105,,"[""author""]",[],[],[],1,[],,,,1105MashiziBardsiri,"[""https://kitab-corpus-metadata.azurewebsites.net/""]"
openiti_person_1106Anonymous,أنoنيمoس,Anonymous,,,Anonymous,,1106,,,OpenITI date code 1106,,"[""author""]",[],[],[],1,[],,,,1106Anonymous,"[""https://kitab-corpus-metadata.azurewebsites.net/""]"
openiti_person_1106YahyaIbnAhmadShatibi,,Yahya Ibn Ahmad Shatibi,,,,,1106,,,OpenITI date code 1106,,"[""author""]",[],[],[],1,[],,,,1106YahyaIbnAhmadShatibi,"[""https://kitab-corpus-metadata.azurewebsites.net/""]"
openiti_person_1107HashimBahrani,السيد هاشم البحراني,Hashim Bahrani,,,,,1107,,,OpenITI date code 1107,,"[""author""]",[],[],[],5,[],,,,1107HashimBahrani,"[""https://kitab-corpus-metadata.azurewebsites.net/""]"
openiti_person_1107QadiSacidQummi,القاضي سعيد القمي,Qadi Sacid Qummi,,,al-Qāḍī Saʿīd al-Qummī,,1107,,,OpenITI date code 1107,,"[""author""]",[],[],[],3,[],,,,1107QadiSacidQummi,"[""https://kitab-corpus-metadata.azurewebsites.net/""]"
openiti_person_1108MirzaMuhammadMacsum,ميرزا محمد معصوم,Mirza Muhammad Macsum,,,Mīrzā Muḥammad Maʿṣūm,,1108,,,OpenITI date code 1108,,"[""author""]",[],[],[],1,[],,,,1108MirzaMuhammadMacsum,"[""https://kitab-corpus-metadata.azurewebsites.net/""]"
openiti_person_1109MuhammadMahdiFasi,محمد المهدي الفاسي,Muhammad Mahdi Fasi,,,Muḥammad al-Mahdī al-Fāsī,,1109,,,OpenITI date code 1109,,"[""author""]",[],[],[],1,[],,,,1109MuhammadMahdiFasi,"[""https://kitab-corpus-metadata.azurewebsites.net/""]"
openiti_person_1110CabdSalamQadiri,عبد السلام بن الطيب القادري,Cabd Salam Qadiri,,,ʿAbd al-Salām b. al-Ṭayyib al-Qādirī,,1110,,,OpenITI date code 1110,,"[""author""]",[],[],[],1,[],,,,1110CabdSalamQadiri,"[""https://kitab-corpus-metadata.azurewebsites.net/""]"
openiti_person_1111CabdMalikCasimi,عبد الملك بن حسين بن عبد الملك العصامي المكي (المتوفى: 1111هـ),Cabd Malik Casimi,,,,,1111,,,OpenITI date code 1111,,"[""author""]",[],[],[],1,[],,,,1111CabdMalikCasimi,"[""https://kitab-corpus-metadata.azurewebsites.net/""]"
openiti_person_1111IbnNasirMuhalla,القاضي العلامة الحسين بن الناصر بن عبدالحفيظ المهلا الشرفي,Ibn Nasir Muhalla,,,,,1111,,,OpenITI date code 1111,,"[""author""]",[],[],[],1,[],,,,1111IbnNasirMuhalla,"[""https://kitab-corpus-metadata.azurewebsites.net/""]"
openiti_person_1111Majlisi,العلامة المجلسي,Majlisi,,,al-ʿAllāmaŧ al-Maǧlisī,,1111,,,OpenITI date code 1111,,"[""author""]",[],[],[],2,[],,,,1111Majlisi,"[""https://kitab-corpus-metadata.azurewebsites.net/""]"
openiti_person_1111MuhammadAminMuhibbi,محمد أمين المحبي,Muhammad Amin Muhibbi,,,,,1111,,,OpenITI date code 1111,,"[""author""]",[],[],[],3,[],,,,1111MuhammadAminMuhibbi,"[""https://kitab-corpus-metadata.azurewebsites.net/""]"
openiti_person_1111MustawfiBafqi,مستوفي بافقي,Mustawfi Bafqi,,,Mustawfī Bāfqī,,1111,,,OpenITI date code 1111,,"[""author""]",[],[],[],1,[],,,,1111MustawfiBafqi,"[""https://kitab-corpus-metadata.azurewebsites.net/""]"
openiti_person_1112IbnJumcaHuwayzi,الشيخ الحويزي,Ibn Jumca Huwayzi,,,,,1112,,,OpenITI date code 1112,,"[""author""]",[],[],[],1,[],,,,1112IbnJumcaHuwayzi,"[""https://kitab-corpus-metadata.azurewebsites.net/""]"
openiti_person_1112NicmatAllahJazairi,السيد نعمة الله الجزائري,Nicmat Allah Jazairi,,,,,1112,,,OpenITI date code 1112,,"[""author""]",[],[],[],2,[],,,,1112NicmatAllahJazairi,"[""https://kitab-corpus-metadata.azurewebsites.net/""]"
openiti_person_1112WahidQazwini,محمد طاهر وحيد قزويني,Wahid Qazwini,,,Muḥammad Ṭāhir Waḥīd Qazwīnī,,1112,,,OpenITI date code 1112,,"[""author""]",[],[],[],1,[],,,,1112WahidQazwini,"[""https://kitab-corpus-metadata.azurewebsites.net/""]"
openiti_person_1115IshaqIbnMuhammadCabdi,,Ishaq Ibn Muhammad Cabdi,,,,,1115,,,OpenITI date code 1115,,"[""author""]",[],[],[],1,[],,,,1115IshaqIbnMuhammadCabdi,"[""https://kitab-corpus-metadata.azurewebsites.net/""]"
openiti_person_1115MuhammadTahirNasrabadi,محمد طاهر نصرابادي,Muhammad Tahir Nasrabadi,,,Muḥammad Ṭāhir Naṣrābādī,,1115,,,OpenITI date code 1115,,"[""author""]",[],[],[],1,[],,,,1115MuhammadTahirNasrabadi,"[""https://kitab-corpus-metadata.azurewebsites.net/""]"
openiti_person_1117IbnMuhammadSharafDinDimyatti,شهاب الدين أحمد بن محمد بن عبد الغني الدمياطي,Ibn Muhammad Sharaf Din Dimyatti,,,,,1117,,,OpenITI date code 1117,,"[""author""]",[],[],[],1,[],,,,1117IbnMuhammadSharafDinDimyatti,"[""https://kitab-corpus-metadata.azurewebsites.net/""]"
openiti_person_1118CabdHamidShirwani,عبد الحميد الشرواني,Cabd Hamid Shirwani,,,,,1118,,,OpenITI date code 1118,,"[""author""]",[],[],[],1,[],,,,1118CabdHamidShirwani,"[""https://kitab-corpus-metadata.azurewebsites.net/""]"
openiti_person_1118IbnMuhammadNuriSafaqsi,علي بن محمد بن سالم، أبو الحسن النوري الصفاقسي المقرئ المالكي (المتوفى: 1118هـ),Ibn Muhammad Nuri Safaqsi,,,,,1118,,,OpenITI date code 1118,,"[""author""]",[],[],[],2,[],,,,1118IbnMuhammadNuriSafaqsi,"[""https://kitab-corpus-metadata.azurewebsites.net/""]"
openiti_person_1119BayazidBayat,بيازيد بيات,Bayazid Bayat,,,Bayāzīd Bayāt,,1119,,,OpenITI date code 1119,,"[""author""]",[],[],[],1,[],,,,1119BayazidBayat,"[""https://kitab-corpus-metadata.azurewebsites.net/""]"
openiti_person_1119IbnMacsum,صدر الدين المدني، علي بن أحمد بن محمد معصوم الحسني الحسيني، المعروف بعلي خان بن ميرزا أحمد، الشهير بابن معصوم (المتوفى: 1119هـ),Ibn Macsum,,,,,1119,,,OpenITI date code 1119,,"[""author""]",[],[],[],8,[],,,,1119IbnMacsum,"[""https://kitab-corpus-metadata.azurewebsites.net/""]"
openiti_person_1119IbnMuhammadMaghribi,الحسين بن محمد بن سعيد اللاعي، المعروف بالمغربي (المتوفى: 1119 ه),Ibn Muhammad Maghribi,,,,,1119,,,OpenITI date code 1119,,"[""author""]",[],[],[],1,[],,,,1119IbnMuhammadMaghribi,"[""https://kitab-corpus-metadata.azurewebsites.net/""]"
openiti_person_1119MusaQulaybi,الشيخ الإمام العالم العلامة موسى بن محمد القليبي المالكي,Musa Qulaybi,,,,,1119,,,OpenITI date code 1119,,"[""author""]",[],[],[],1,[],,,,1119MusaQulaybi,"[""https://kitab-corpus-metadata.azurewebsites.net/""]"
openiti_person_1120IbnMuhammadBurhanDinDimashqi,ابن حمزة الحسيني,Ibn Muhammad Burhan Din Dimashqi,,,,,1120,,,OpenITI date code 1120,,"[""author""]",[],[],[],1,[],,,,1120IbnMuhammadBurhanDinDimashqi,"[""https://kitab-corpus-metadata.azurewebsites.net/""]"
openiti_person_1120IbnQasimIbnZakurFasi,محمد بن قاسم بن محمد بن عبد الواحد، ابن زاكور الفاسي، أبو عبد الله (المتوفى: 1120هـ),Ibn Qasim Ibn Zakur Fasi,,,,,1120,,,OpenITI date code 1120,,"[""author""]",[],[],[],1,[],,,,1120IbnQasimIbnZakurFasi,"[""https://kitab-corpus-metadata.azurewebsites.net/""]"
openiti_person_1121Mahuzi,الشيخ الماحوزي,Mahuzi,,,,,1121,,,OpenITI date code 1121,,"[""author""]",[],[],[],1,[],,,,1121Mahuzi,"[""https://kitab-corpus-metadata.azurewebsites.net/""]"
openiti_person_1121MuhammadCalawi,محمد عبد الحسيب بن أحمد العلوي العاملي,Muhammad Calawi,,,Muḥammad ʿAbd al-Ḥasīb b. Aḥmad al-ʿAlawī al-ʿĀmilī,,1121,,,OpenITI date code 1121,,"[""author""]",[],[],[],1,[],,,,1121MuhammadCalawi,"[""https://kitab-corpus-metadata.azurewebsites.net/""]"
openiti_person_1122MuhammadZurqani,الزرقاني، محمد بن عبد الباقي,Muhammad Zurqani,,,,,1122,,,OpenITI date code 1122,,"[""author""]",[],[],[],3,[],,,,1122MuhammadZurqani,"[""https://kitab-corpus-metadata.azurewebsites.net/""]"
openiti_person_1124IbnCabdFattahTunukabuni,السرابي التنكابني,Ibn Cabd Fattah Tunukabuni,,,,,1124,,,OpenITI date code 1124,,"[""author""]",[],[],[],1,[],,,,1124IbnCabdFattahTunukabuni,"[""https://kitab-corpus-metadata.azurewebsites.net/""]"
openiti_person_1125AhmadManqur,أحمد بن محمد بن أحمد بن حمد المنقور (المتوفى: 1125 ه),Ahmad Manqur,,,,,1125,,,OpenITI date code 1125,,"[""author""]",[],[],[],1,[],,,,1125AhmadManqur,"[""https://kitab-corpus-metadata.azurewebsites.net/""]"
openiti_person_1125AqaJamalKhwansari,آقا جمال خوانساري,Aqa Jamal Khwansari,,,Āqā Ǧamāl Ḫwānsārī,,1125,,,OpenITI date code 1125,,"[""author""]",[],[],[],2,[],,,,1125AqaJamalKhwansari,"[""https://kitab-corpus-metadata.azurewebsites.net/""]"
openiti_person_1125BashirFazari,,Bashir Fazari,,,,,1125,,,OpenITI date code 1125,,"[""author""]",[],[],[],1,[],,,,1125BashirFazari,"[""https://kitab-corpus-metadata.azurewebsites.net/""]"
openiti_person_1125IbnGhanimAzhariNafrawi,أحمد بن غنيم بن سالم النفراوي المالكي,Ibn Ghanim Azhari Nafrawi,,,,,1125,,,OpenITI date code 1125,,"[""author""]",[],[],[],1,[],,,,1125IbnGhanimAzhariNafrawi,"[""https://kitab-corpus-metadata.azurewebsites.net/""]"
openiti_person_1125IbnShamsDinMuhammad,ابن شمس الدين محمد,Ibn Shams Din Muhammad,,,Ibn Šams al-Dīn Muḥammad,,1125,,,OpenITI date code 1125,,"[""author""]",[],[],[],1,[],,,,1125IbnShamsDinMuhammad,"[""https://kitab-corpus-metadata.azurewebsites.net/""]"
openiti_person_1125MirzaMuhammadMashhadi,الميرزا محمد المشهدي,Mirza Muhammad Mashhadi,,,,,1125,,,OpenITI date code 1125,,"[""author""]",[],[],[],1,[],,,,1125MirzaMuhammadMashhadi,"[""https://kitab-corpus-metadata.azurewebsites.net/""]"
openiti_person_1126MuhammadHanbali,محمد بن عبد الباقي الحنبلي البعلي الدمشقي (المتوفى: 1126هـ),Muhammad Hanbali,,,,,1126,,,OpenITI date code 1126,,"[""author""]",[],[],[],1,[],,,,1126MuhammadHanbali,"[""https://kitab-corpus-metadata.azurewebsites.net/""]"
openiti_person_1127IsmacilHaqqiBurusawi,إسماعيل حقي بن مصطفى الإستانبولي الحنفي الخلوتي,Ismacil Haqqi Burusawi,,,,,1127,,,OpenITI date code 1127,,"[""author""]",[],[],[],1,[],,,,1127IsmacilHaqqiBurusawi,"[""https://kitab-corpus-metadata.azurewebsites.net/""]"
openiti_person_1127KhayrDinIbnIlyas,خير الدين ابن اليس,Khayr Din Ibn Ilyas,,,Ḫayr al-Dīn Ibn Ilyas,,1127,,,OpenITI date code 1127,,"[""author""]",[],[],[],1,[],,,,1127KhayrDinIbnIlyas,"[""https://kitab-corpus-metadata.azurewebsites.net/""]"
openiti_person_1129CaliAmirSancani,السيد علي الأمير الصنعاني,Cali Amir Sancani,,,,,1129,,,OpenITI date code 1129,,"[""author""]",[],[],[],1,[],,,,1129CaliAmirSancani,"[""https://kitab-corpus-metadata.azurewebsites.net/""]"
openiti_person_1130CabdAllahBahrani,الشيخ عبد الله البحراني,Cabd Allah Bahrani,,,,,1130,,,OpenITI date code 1130,,"[""author""]",[],[],[],1,[],,,,1130CabdAllahBahrani,"[""https://kitab-corpus-metadata.azurewebsites.net/""]"
openiti_person_1132IbnAhmadAbuMadyanFasi,أبو مدين بن أحمد بن محمد بن عبد القادر بن علي الفاسي (المتوفى: بعد 1132هـ),Ibn Ahmad Abu Madyan Fasi,,,,,1132,,,OpenITI date code 1132,,"[""author""]",[],[],[],1,[],,,,1132IbnAhmadAbuMadyanFasi,"[""https://kitab-corpus-metadata.azurewebsites.net/""]"
openiti_person_1133Bidil,أبو المعاني cبد القادر بيدل دهلوي,Bidil,,,Abū al-Maʿānī Cabd al-Qādir Bīdil Dihlawī,,1133,,,OpenITI date code 1133,,"[""author""]",[],[],[],1,[],,,,1133Bidil,"[""https://kitab-corpus-metadata.azurewebsites.net/""]"
openiti_person_1134IbnSalimBasri,المحدث العلامة الشيخ عبد الله بن سالم البصري (1134 ه),Ibn Salim Basri,,,,,1134,,,OpenITI date code 1134,,"[""author""]",[],[],[],1,[],,,,1134IbnSalimBasri,"[""https://kitab-corpus-metadata.azurewebsites.net/""]"
openiti_person_1135IbnCumarTaghlibiShaybani,عبد القادر بن عمر بن عبد القادر ابن عمر بن أبي تغلب بن سالم التغلبي الشيباني (المتوفى: 1135هـ),Ibn Cumar Taghlibi Shaybani,,,,,1135,,,OpenITI date code 1135,,"[""author""]",[],[],[],1,[],,,,1135IbnCumarTaghlibiShaybani,"[""https://kitab-corpus-metadata.azurewebsites.net/""]"
openiti_person_1137FadilHindi,الفاضل الهندي,Fadil Hindi,,,,,1137,,,OpenITI date code 1137,,"[""author""]",[],[],[],2,[],,,,1137FadilHindi,"[""https://kitab-corpus-metadata.azurewebsites.net/""]"
openiti_person_1138IbnCabdHadiNurDinSindi,أبو الحسن السندي,Ibn Cabd Hadi Nur Din Sindi,,,,,1138,,,OpenITI date code 1138,,"[""author""]",[],[],[],4,[],,,,1138IbnCabdHadiNurDinSindi,"[""https://kitab-corpus-metadata.azurewebsites.net/""]"
openiti_person_1138IbnHusaynQadiriTawari,زين الدين ابن نجيم الحنفي,Ibn Husayn Qadiri Tawari,,,,,1138,,,OpenITI date code 1138,,"[""author""]",[],[],[],1,[],,,,1138IbnHusaynQadiriTawari,"[""https://kitab-corpus-metadata.azurewebsites.net/""]"
openiti_person_1138MuhammadMumin,محمد مؤمن,Muhammad Mumin,,,Muḥammad Muʾmin,,1138,,,OpenITI date code 1138,,"[""author""]",[],[],[],1,[],,,,1138MuhammadMumin,"[""https://kitab-corpus-metadata.azurewebsites.net/""]"
openiti_person_1140IbnMayyitDimyati,ابن الميت,Ibn Mayyit Dimyati,,,,,1140,,,OpenITI date code 1140,,"[""author""]",[],[],[],1,[],,,,1140IbnMayyitDimyati,"[""https://kitab-corpus-metadata.azurewebsites.net/""]"
openiti_person_1140IbnMuhammadDimyatiShafici,محمد بن محمد بن محمد بن أحمد البديري الحسيني، الدمياطي الأشعري الشافعي، أبو حامد (المتوفى: 1140هـ),Ibn Muhammad Dimyati Shafici,,,,,1140,,,OpenITI date code 1140,,"[""author""]",[],[],[],1,[],,,,1140IbnMuhammadDimyatiShafici,"[""https://kitab-corpus-metadata.azurewebsites.net/""]"
openiti_person_1142AbuCabbasSalihi,أبو العباس سيدي أحمد بن صالح الصالحي,Abu Cabbas Salihi,,,Abū al-ʿAbbās Sīdī Aḥmad b. Ṣāliḥ al-Ṣāliḥī,,1142,,,OpenITI date code 1142,,"[""author""]",[],[],[],1,[],,,,1142AbuCabbasSalihi,"[""https://kitab-corpus-metadata.azurewebsites.net/""]"
openiti_person_1143CabdGhaniNabulusi,عبد الغني بن اسماعيل النابلسي,Cabd Ghani Nabulusi,,,ʿAbd al-Ġanī b. Ismāʿīl al-Nābulusī,,1143,,,OpenITI date code 1143,,"[""author""]",[],[],[],5,[],,,,1143CabdGhaniNabulusi,"[""https://kitab-corpus-metadata.azurewebsites.net/""]"
openiti_person_1143IbnCabdKarimGhazziCamiri,أحمد بن عبد الكريم بن سعودي الغزي العامري,Ibn Cabd Karim Ghazzi Camiri,,,,,1143,,,OpenITI date code 1143,,"[""author""]",[],[],[],1,[],,,,1143IbnCabdKarimGhazziCamiri,"[""https://kitab-corpus-metadata.azurewebsites.net/""]"
openiti_person_1144IbnMuhammadYahyaQazwini,ابن محمد يحيى القزويني,Ibn Muhammad Yahya Qazwini,,,Ibn Muḥammad Yaḥyá al-Qazwīnī,,1144,,,OpenITI date code 1144,,"[""author""]",[],[],[],1,[],,,,1144IbnMuhammadYahyaQazwini,"[""https://kitab-corpus-metadata.azurewebsites.net/""]"
openiti_person_1144IbnZikriFasi,محمد بن عبد الرحمن ابن زكري الفاسي,Ibn Zikri Fasi,,,Muḥammad b. ʿAbd al-Raḥmãn Ibn Zikrī al-Fāsī,,1144,,,OpenITI date code 1144,,"[""author""]",[],[],[],2,[],,,,1144IbnZikriFasi,"[""https://kitab-corpus-metadata.azurewebsites.net/""]"
openiti_person_1145SajaqliZadehMarcashi,المرعشي، محمد بن أبي بكر,Sajaqli Zadeh Marcashi,,,,,1145,,,OpenITI date code 1145,,"[""author""]",[],[],[],1,[],,,,1145SajaqliZadehMarcashi,"[""https://kitab-corpus-metadata.azurewebsites.net/""]"
openiti_person_1147CabdAllahSancani,عبد الله بن علي بن محمد بن عبد الإله بن أحمد بن الوزير الصنعاني,Cabd Allah Sancani,,,,,1147,,,OpenITI date code 1147,,"[""author""]",[],[],[],1,[],,,,1147CabdAllahSancani,"[""https://kitab-corpus-metadata.azurewebsites.net/""]"
openiti_person_1147IbnSharafDinKhalili,محمد بن محمد، ابن شرف الدين الخليلي الشافعي القادري (المتوفى: 1147هـ),Ibn Sharaf Din Khalili,,,,,1147,,,OpenITI date code 1147,,"[""author""]",[],[],[],1,[],,,,1147IbnSharafDinKhalili,"[""https://kitab-corpus-metadata.azurewebsites.net/""]"
openiti_person_1147Mustahizadah,عبد الله بن عثمان مستحيزاده,Mustahizadah,,,ʿAbd Allāh b. ʿUṯmān Mustaḥīzādah,,1147,,,OpenITI date code 1147,,"[""author""]",[],[],[],1,[],,,,1147Mustahizadah,"[""https://kitab-corpus-metadata.azurewebsites.net/""]"
openiti_person_1148SidaqatKunjahi,محمد ماه صداقت كنجاهي,Sidaqat Kunjahi,,,Muḥammad Māh Ṣidāqat Kunǧāhī,,1148,,,OpenITI date code 1148,,"[""author""]",[],[],[],1,[],,,,1148SidaqatKunjahi,"[""https://kitab-corpus-metadata.azurewebsites.net/""]"
openiti_person_1150IbnCaqila,محمد بن أحمد بن سعيد الحنفي المكي، شمس الدين، المعروف كوالده بعقيلة (المتوفى: 1150هـ),Ibn Caqila,,,,,1150,,,OpenITI date code 1150,,"[""author""]",[],[],[],2,[],,,,1150IbnCaqila,"[""https://kitab-corpus-metadata.azurewebsites.net/""]"
openiti_person_1150SalihSulayfi,,Salih Sulayfi,,,,,1150,,,OpenITI date code 1150,,"[""author""]",[],[],[],1,[],,,,1150SalihSulayfi,"[""https://kitab-corpus-metadata.azurewebsites.net/""]"
openiti_person_1151AhmadKawkabani,أحمد بن محمد الكوكباني,Ahmad Kawkabani,,,Aḥmad b. Muḥammad al-Kawkabānī,,1151,,,OpenITI date code 1151,,"[""author""]",[],[],[],1,[],,,,1151AhmadKawkabani,"[""https://kitab-corpus-metadata.azurewebsites.net/""]"
openiti_person_1151ShihabDinAhmadHaymiKawkabani,أحمد بن محمد الحيمي,Shihab Din Ahmad Haymi Kawkabani,,,Aḥmad b. Muḥammad al-Ḥaymī,,1151,,,OpenITI date code 1151,,"[""author""]",[],[],[],1,[],,,,1151ShihabDinAhmadHaymiKawkabani,"[""https://kitab-corpus-metadata.azurewebsites.net/""]"
openiti_person_1151ShihabDinKawkabani,أحمد بن محمد الكوكباني,Shihab Din Kawkabani,,,Aḥmad b. Muḥammad al-Kawkabānī,,1151,,,OpenITI date code 1151,,"[""author""]",[],[],[],1,[],,,,1151ShihabDinKawkabani,"[""https://kitab-corpus-metadata.azurewebsites.net/""]"
openiti_person_1152IbrahimShahari,,Ibrahim Shahari,,,,,1152,,,OpenITI date code 1152,,"[""author""]",[],[],[],2,[],,,,1152IbrahimShahari,"[""https://kitab-corpus-metadata.azurewebsites.net/""]"
openiti_person_1153IbnKannan,ابن كنان,Ibn Kannan,,,,,1153,,,OpenITI date code 1153,,"[""author""]",[],[],[],1,[],,,,1153IbnKannan,"[""https://kitab-corpus-metadata.azurewebsites.net/""]"
openiti_person_1156IbnMuhammadAbuSacidKhadimi,أبو سعيد محمد بن محمد الخادمي (المتوفى : 1156هـ),Ibn Muhammad Abu Sacid Khadimi,,,,,1156,,,OpenITI date code 1156,,"[""author""]",[],[],[],1,[],,,,1156IbnMuhammadAbuSacidKhadimi,"[""https://kitab-corpus-metadata.azurewebsites.net/""]"
openiti_person_1156MuhammadCujaymi,محمد بن حسن العجيمي,Muhammad Cujaymi,,,,,1156,,,OpenITI date code 1156,,"[""author""]",[],[],[],1,[],,,,1156MuhammadCujaymi,"[""https://kitab-corpus-metadata.azurewebsites.net/""]"
openiti_person_1156MuhammadIfraniSaghir,محمد الإفراني ( الصغير ),Muhammad Ifrani Saghir,,,,,1156,,,OpenITI date code 1156,,"[""author""]",[],[],[],1,[],,,,1156MuhammadIfraniSaghir,"[""https://kitab-corpus-metadata.azurewebsites.net/""]"
openiti_person_1156MustafaIzmiri,مصطفى الإزميري,Mustafa Izmiri,,,,,1156,,,OpenITI date code 1156,,"[""author""]",[],[],[],2,[],,,,1156MustafaIzmiri,"[""https://kitab-corpus-metadata.azurewebsites.net/""]"
openiti_person_1158IbnCaliFaruqiTahanawi,محمد بن علي ابن القاضي محمد حامد بن محمد صابر الفاروقي الحنفي التهانوي (المتوفى: بعد 1158هـ),Ibn Cali Faruqi Tahanawi,,,,,1158,,,OpenITI date code 1158,,"[""author""]",[],[],[],1,[],,,,1158IbnCaliFaruqiTahanawi,"[""https://kitab-corpus-metadata.azurewebsites.net/""]"
openiti_person_1160MullaNacimaTaliqani,محمّد نعيم بن محمّد تقي [ الملا نعيما العرفي الطالقاني ],Mulla Nacima Taliqani,,,,,1160,,,OpenITI date code 1160,,"[""author""]",[],[],[],1,[],,,,1160MullaNacimaTaliqani,"[""https://kitab-corpus-metadata.azurewebsites.net/""]"
openiti_person_1160YusufMahalli,يوسف المحلي,Yusuf Mahalli,,,Yūsuf al-Maḥallī,,1160,,,OpenITI date code 1160,,"[""author""]",[],[],[],1,[],,,,1160YusufMahalli,"[""https://kitab-corpus-metadata.azurewebsites.net/""]"
openiti_person_1162CabdRahmanBalfaqih,عبد الرحمن بن عبد الله بلفقيه الحسيني التريمي الحضرمي (1162 ه),Cabd Rahman Balfaqih,,,,,1162,,,OpenITI date code 1162,,"[""author""]",[],[],[],1,[],,,,1162CabdRahmanBalfaqih,"[""https://kitab-corpus-metadata.azurewebsites.net/""]"
openiti_person_1162IbnMuammadAbuFidaCajluni,العجلوني,Ibn Muammad Abu Fida Cajluni,,,,,1162,,,OpenITI date code 1162,,"[""author""]",[],[],[],1,[],,,,1162IbnMuammadAbuFidaCajluni,"[""https://kitab-corpus-metadata.azurewebsites.net/""]"
openiti_person_1162MustafaBakri,مصطفى البكري,Mustafa Bakri,,,Muṣṭafá al-Bakrī,,1162,,,OpenITI date code 1162,,"[""author""]",[],[],[],1,[],,,,1162MustafaBakri,"[""https://kitab-corpus-metadata.azurewebsites.net/""]"
openiti_person_1163MuhammadHayatSindi,محمد حياة السندي,Muhammad Hayat Sindi,,,Muḥammad Ḥayāŧ al-Sindī,,1163,,,OpenITI date code 1163,,"[""author""]",[],[],[],1,[],,,,1163MuhammadHayatSindi,"[""https://kitab-corpus-metadata.azurewebsites.net/""]"
openiti_person_1163NadimMashhadi,نديم مشهدي,Nadim Mashhadi,,,Nadīm Mašhadī,,1163,,,OpenITI date code 1163,,"[""author""]",[],[],[],1,[],,,,1163NadimMashhadi,"[""https://kitab-corpus-metadata.azurewebsites.net/""]"
openiti_person_1167IbnCabdRahmanGhazzi,ابن الغزي,Ibn Cabd Rahman Ghazzi,,,,,1167,,,OpenITI date code 1167,,"[""author""]",[],[],[],2,[],,,,1167IbnCabdRahmanGhazzi,"[""https://kitab-corpus-metadata.azurewebsites.net/""]"
openiti_person_1167IbnHamidMashtuli,المشتولي,Ibn Hamid Mashtuli,,,,,1167,,,OpenITI date code 1167,,"[""author""]",[],[],[],1,[],,,,1167IbnHamidMashtuli,"[""https://kitab-corpus-metadata.azurewebsites.net/""]"
openiti_person_1169KhanArizu,سراج الدين علي خان آرزو,Khan Arizu,,,Sirāǧ al-Dīn ʿAlī Ḫān Ārizū,,1169,,,OpenITI date code 1169,,"[""author""]",[],[],[],2,[],,,,1169KhanArizu,"[""https://kitab-corpus-metadata.azurewebsites.net/""]"
openiti_person_1170IbnMuhammadMahalliMisri,حسين بن محمد المحلي الشافعي المصري (المتوفى: 1170هـ),Ibn Muhammad Mahalli Misri,,,,,1170,,,OpenITI date code 1170,,"[""author""]",[],[],[],1,[],,,,1170IbnMuhammadMahalliMisri,"[""https://kitab-corpus-metadata.azurewebsites.net/""]"
openiti_person_1170IbnTayyibFasi,ابن الطيب,Ibn Tayyib Fasi,,,,,1170,,,OpenITI date code 1170,,"[""author""]",[],[],[],1,[],,,,1170IbnTayyibFasi,"[""https://kitab-corpus-metadata.azurewebsites.net/""]"
openiti_person_1171CuthmanKamakhi,عثمان بن سعيد الكماخي (المتوفى: 1171 ه),Cuthman Kamakhi,,,,,1171,,,OpenITI date code 1171,,"[""author""]",[],[],[],1,[],,,,1171CuthmanKamakhi,"[""https://kitab-corpus-metadata.azurewebsites.net/""]"
openiti_person_1171Shubrawi,,Shubrawi,,,,,1171,,,OpenITI date code 1171,,"[""author""]",[],[],[],1,[],,,,1171Shubrawi,"[""https://kitab-corpus-metadata.azurewebsites.net/""]"
openiti_person_1172IbnKhalifaMasakini,علي بن خليفة الحسيني الشريف المساكني,Ibn Khalifa Masakini,,,,,1172,,,OpenITI date code 1172,,"[""author""]",[],[],[],1,[],,,,1172IbnKhalifaMasakini,"[""https://kitab-corpus-metadata.azurewebsites.net/""]"
openiti_person_1172MuhammadHusayniAbuSacud,محمد الحسيني أبو السعود,Muhammad Husayni Abu Sacud,,,,,1172,,,OpenITI date code 1172,,"[""author""]",[],[],[],1,[],,,,1172MuhammadHusayniAbuSacud,"[""https://kitab-corpus-metadata.azurewebsites.net/""]"
openiti_person_1173IbnCaliMusawiTustari,عبد الله بن علي نور الدين بن نعمة الله الموسوي الجزائري التستري (المتوفى: 1173هـ),Ibn Cali Musawi Tustari,,,,,1173,,,OpenITI date code 1173,,"[""author""]",[],[],[],1,[],,,,1173IbnCaliMusawiTustari,"[""https://kitab-corpus-metadata.azurewebsites.net/""]"
openiti_person_1173IbnHusaynKhwajuiMazandarani,الخواجوئي,Ibn Husayn Khwajui Mazandarani,,,,,1173,,,OpenITI date code 1173,,"[""author""]",[],[],[],1,[],,,,1173IbnHusaynKhwajuiMazandarani,"[""https://kitab-corpus-metadata.azurewebsites.net/""]"
openiti_person_1173IsmacilKhwajui,محمد إسماعيل الخواجوئي,Ismacil Khwajui,,,,,1173,,,OpenITI date code 1173,,"[""author""]",[],[],[],1,[],,,,1173IsmacilKhwajui,"[""https://kitab-corpus-metadata.azurewebsites.net/""]"
openiti_person_1173KhiyalAhmadabadi,خيل أحمدابادي,Khiyal Ahmadabadi,,,Ḫiyal Aḥmadābādī,,1173,,,OpenITI date code 1173,,"[""author""]",[],[],[],1,[],,,,1173KhiyalAhmadabadi,"[""https://kitab-corpus-metadata.azurewebsites.net/""]"
openiti_person_1174AbuBarakatSuwaydi,السويدي,Abu Barakat Suwaydi,,,,,1174,,,OpenITI date code 1174,,"[""author""]",[],[],[],2,[],,,,1174AbuBarakatSuwaydi,"[""https://kitab-corpus-metadata.azurewebsites.net/""]"
openiti_person_1175AhmadBudayri,البديري الحلاق,Ahmad Budayri,,,,,1175,,,OpenITI date code 1175,,"[""author""]",[],[],[],1,[],,,,1175AhmadBudayri,"[""https://kitab-corpus-metadata.azurewebsites.net/""]"
openiti_person_1175MuhammadKarabisi,محمد جعفر بن محمد طاهر الخراساني الكرباسي,Muhammad Karabisi,,,,,1175,,,OpenITI date code 1175,,"[""author""]",[],[],[],1,[],,,,1175MuhammadKarabisi,"[""https://kitab-corpus-metadata.azurewebsites.net/""]"
openiti_person_1175MuhammadSacidSunbul,محمد سعيد سنبل,Muhammad Sacid Sunbul,,,,,1175,,,OpenITI date code 1175,,"[""author""]",[],[],[],1,[],,,,1175MuhammadSacidSunbul,"[""https://kitab-corpus-metadata.azurewebsites.net/""]"
openiti_person_1176ShahWaliAllahDihlawi,ولي الله الدهلاوي,Shah Wali Allah Dihlawi,,,Walī Allāh al-Dihlāwī,,1176,,,OpenITI date code 1176,,"[""author""]",[],[],[],6,[],,,,1176ShahWaliAllahDihlawi,"[""https://kitab-corpus-metadata.azurewebsites.net/""]"
openiti_person_1179AhmadShafici,أحمد الشافعي,Ahmad Shafici,,,,,1179,,,OpenITI date code 1179,,"[""author""]",[],[],[],1,[],,,,1179AhmadShafici,"[""https://kitab-corpus-metadata.azurewebsites.net/""]"
openiti_person_1179AhmadShihabDinSujaci,أحمد السجاعي,Ahmad Shihab Din Sujaci,,,,,1179,,,OpenITI date code 1179,,"[""author""]",[],[],[],4,[],,,,1179AhmadShihabDinSujaci,"[""https://kitab-corpus-metadata.azurewebsites.net/""]"
openiti_person_1179AslahKashmiri,ميرزا أصلح كشميري,Aslah Kashmiri,,,Mīrzā Aṣlaḥ Kašmīrī,,1179,,,OpenITI date code 1179,,"[""author""]",[],[],[],1,[],,,,1179AslahKashmiri,"[""https://kitab-corpus-metadata.azurewebsites.net/""]"
openiti_person_1180CabdAllahJazairi,السيد عبد الله الجزائري,Cabd Allah Jazairi,,,,,1180,,,OpenITI date code 1180,,"[""author""]",[],[],[],1,[],,,,1180CabdAllahJazairi,"[""https://kitab-corpus-metadata.azurewebsites.net/""]"
openiti_person_1181Jawhari,,Jawhari,,,,,1181,,,OpenITI date code 1181,,"[""author""]",[],[],[],1,[],,,,1181Jawhari,"[""https://kitab-corpus-metadata.azurewebsites.net/""]"
openiti_person_1182IbnIsmacilSancani,الصنعاني,Ibn Ismacil Sancani,,,,,1182,,,OpenITI date code 1182,,"[""author""]",[],[],[],18,[],,,,1182IbnIsmacilSancani,"[""https://kitab-corpus-metadata.azurewebsites.net/""]"
openiti_person_1182MahdiKhanAstarabadi,مهدي خان أسترابادي,Mahdi Khan Astarabadi,,,Mahdī Ḫān Astarābādī,,1182,,,OpenITI date code 1182,,"[""author""]",[],[],[],2,[],,,,1182MahdiKhanAstarabadi,"[""https://kitab-corpus-metadata.azurewebsites.net/""]"
openiti_person_1184CisamDinCumari,عصام الدين العمري,Cisam Din Cumari,,,,,1184,,,OpenITI date code 1184,,"[""author""]",[],[],[],1,[],,,,1184CisamDinCumari,"[""https://kitab-corpus-metadata.azurewebsites.net/""]"
openiti_person_1184IsmacilMajduc,,Ismacil Majduc,,,,,1184,,,OpenITI date code 1184,,"[""author""]",[],[],[],1,[],,,,1184IsmacilMajduc,"[""https://kitab-corpus-metadata.azurewebsites.net/""]"
openiti_person_1186YusufBahraniMuhaqqiq,المحقق البحراني,Yusuf Bahrani Muhaqqiq,,,,,1186,,,OpenITI date code 1186,,"[""author""]",[],[],[],1,[],,,,1186YusufBahraniMuhaqqiq,"[""https://kitab-corpus-metadata.azurewebsites.net/""]"
openiti_person_1187IbrahimHuthiHusayni,,Ibrahim Huthi Husayni,,,,,1187,,,OpenITI date code 1187,,"[""author""]",[],[],[],1,[],,,,1187IbrahimHuthiHusayni,"[""https://kitab-corpus-metadata.azurewebsites.net/""]"
openiti_person_1187SulaymanMahasini,سليمان بن أحمد بن سليمان بن إسماعيل المحاسني (المتوفى: 1187هـ),Sulayman Mahasini,,,,,1187,,,OpenITI date code 1187,,"[""author""]",[],[],[],1,[],,,,1187SulaymanMahasini,"[""https://kitab-corpus-metadata.azurewebsites.net/""]"
openiti_person_1188ShamsDinSaffarini,السفاريني,Shams Din Saffarini,,,,,1188,,,OpenITI date code 1188,,"[""author""]",[],[],[],6,[],,,,1188ShamsDinSaffarini,"[""https://kitab-corpus-metadata.azurewebsites.net/""]"
openiti_person_1189AbuHasanGulistana,أبو الحسن بن محمد أمين گلستانه,Abu Hasan Gulistana,,,Abū al-Ḥasan b. Muḥammad Amīn Gulistānah,,1189,,,OpenITI date code 1189,,"[""author""]",[],[],[],1,[],,,,1189AbuHasanGulistana,"[""https://kitab-corpus-metadata.azurewebsites.net/""]"
openiti_person_1189CaliCadawi,العدوي,Cali Cadawi,,,,,1189,,,OpenITI date code 1189,,"[""author""]",[],[],[],1,[],,,,1189CaliCadawi,"[""https://kitab-corpus-metadata.azurewebsites.net/""]"
openiti_person_1189ShihabDinBacli,البعلي، شهاب الدين,Shihab Din Bacli,,,,,1189,,,OpenITI date code 1189,,"[""author""]",[],[],[],1,[],,,,1189ShihabDinBacli,"[""https://kitab-corpus-metadata.azurewebsites.net/""]"
openiti_person_1190AhmadDamanhuri,أحمد الدمنهوري,Ahmad Damanhuri,,,,,1190,,,OpenITI date code 1190,,"[""author""]",[],[],[],1,[],,,,1190AhmadDamanhuri,"[""https://kitab-corpus-metadata.azurewebsites.net/""]"
openiti_person_1190IbnQasimShuhari,,Ibn Qasim Shuhari,,,,,1190,,,OpenITI date code 1190,,"[""author""]",[],[],[],1,[],,,,1190IbnQasimShuhari,"[""https://kitab-corpus-metadata.azurewebsites.net/""]"
openiti_person_1191Kawkabani,أحمد بن عبد الله بن أبي الخير بن عبد العليم الخزرجي الأنصاري الساعدي اليمني، صفي الدين (المتوفى: بعد 923هـ),Kawkabani,,,,,1191,,,OpenITI date code 1191,,"[""author""]",[],[],[],1,[],,,,1191Kawkabani,"[""https://kitab-corpus-metadata.azurewebsites.net/""]"
openiti_person_1192AbuMarahimCaydarus,,Abu Marahim Caydarus,,,,,1192,,,OpenITI date code 1192,,"[""author""]",[],[],[],1,[],,,,1192AbuMarahimCaydarus,"[""https://kitab-corpus-metadata.azurewebsites.net/""]"
openiti_person_1192IbnCabdAllahBacliHanbali,عبد الرحمن بن عبد الله بن أحمد البعلي الخلوتي الحنبلي (المتوفى: 1192هـ) (صاحب كتاب «كشف المخدرات في شرح أخصر المختصرات»),Ibn Cabd Allah Bacli Hanbali,,,,,1192,,,OpenITI date code 1192,,"[""author""]",[],[],[],3,[],,,,1192IbnCabdAllahBacliHanbali,"[""https://kitab-corpus-metadata.azurewebsites.net/""]"
openiti_person_1193HusaynWarthilani,الحسين بن محمّد الورثيلاني,Husayn Warthilani,,,,,1193,,,OpenITI date code 1193,,"[""author""]",[],[],[],1,[],,,,1193HusaynWarthilani,"[""https://kitab-corpus-metadata.azurewebsites.net/""]"
openiti_person_1195CabdRahmanAnsari,عبد الرحمن بن عبد الكريم الأنصاري المدني (المتوفى : 1195هـ),Cabd Rahman Ansari,,,,,1195,,,OpenITI date code 1195,,"[""author""]",[],[],[],1,[],,,,1195CabdRahmanAnsari,"[""https://kitab-corpus-metadata.azurewebsites.net/""]"
openiti_person_1198AhmadIbnSalahKhatib,,Ahmad Ibn Salah Khatib,,,,,1198,,,OpenITI date code 1198,,"[""author""]",[],[],[],1,[],,,,1198AhmadIbnSalahKhatib,"[""https://kitab-corpus-metadata.azurewebsites.net/""]"
openiti_person_1198HatifIsfahani,هاتف اصفهاني,Hatif Isfahani,,,Hātif Iṣfahānī,,1198,,,OpenITI date code 1198,,"[""author""]",[],[],[],1,[],,,,1198HatifIsfahani,"[""https://kitab-corpus-metadata.azurewebsites.net/""]"
openiti_person_1200CabdAllahIbnBashirHadrami,,Cabd Allah Ibn Bashir Hadrami,,,,,1200,,,OpenITI date code 1200,,"[""author""]",[],[],[],1,[],,,,1200CabdAllahIbnBashirHadrami,"[""https://kitab-corpus-metadata.azurewebsites.net/""]"
openiti_person_1200CabdNabiAhmadNagari,القاضي عبد النبي بن عبد الرسول الأحمد نكري,Cabd Nabi Ahmad Nagari,,,,,1200,,,OpenITI date code 1200,,"[""author""]",[],[],[],1,[],,,,1200CabdNabiAhmadNagari,"[""https://kitab-corpus-metadata.azurewebsites.net/""]"
openiti_person_1200CabdNabiQazwini,الشيخ عبد النبي القزويني,Cabd Nabi Qazwini,,,,,1200,,,OpenITI date code 1200,,"[""author""]",[],[],[],1,[],,,,1200CabdNabiQazwini,"[""https://kitab-corpus-metadata.azurewebsites.net/""]"
openiti_person_1200HannaDiyab,حنّا دياب,Hanna Diyab,,,,,1200,,,OpenITI date code 1200,,"[""author""]",[],[],[],1,[],,,,1200HannaDiyab,"[""https://kitab-corpus-metadata.azurewebsites.net/""]"
openiti_person_1200HaydarCaliIbnMuhammadShirwani,المولى حيدر الشيرواني,Haydar Cali Ibn Muhammad Shirwani,,,,,1200,,,OpenITI date code 1200,,"[""author""]",[],[],[],1,[],,,,1200HaydarCaliIbnMuhammadShirwani,"[""https://kitab-corpus-metadata.azurewebsites.net/""]"
openiti_person_1200IbnAhmadSafiDinBukhari,صفي الدين البخاري,Ibn Ahmad Safi Din Bukhari,,,,,1200,,,OpenITI date code 1200,,"[""author""]",[],[],[],2,[],,,,1200IbnAhmadSafiDinBukhari,"[""https://kitab-corpus-metadata.azurewebsites.net/""]"
openiti_person_1200Nisari,النيساري,Nisari,,,,,1200,,,OpenITI date code 1200,,"[""author""]",[],[],[],1,[],,,,1200Nisari,"[""https://kitab-corpus-metadata.azurewebsites.net/""]"
openiti_person_1200ShaykhCabdHusayn,الشيخ عبد الحسين,Shaykh Cabd Husayn,,,,,1200,,,OpenITI date code 1200,,"[""author""]",[],[],[],1,[],,,,1200ShaykhCabdHusayn,"[""https://kitab-corpus-metadata.azurewebsites.net/""]"
openiti_person_1201AhmadDardirAbuBarakat,الدردير,Ahmad Dardir Abu Barakat,,,,,1201,,,OpenITI date code 1201,,"[""author""]",[],[],[],1,[],,,,1201AhmadDardirAbuBarakat,"[""https://kitab-corpus-metadata.azurewebsites.net/""]"
openiti_person_1204SulaymanJamal,,Sulayman Jamal,,,,,1204,,,OpenITI date code 1204,,"[""author""]",[],[],[],2,[],,,,1204SulaymanJamal,"[""https://kitab-corpus-metadata.azurewebsites.net/""]"
openiti_person_1205CaqiliShirazi,عقيلي شيرازي,Caqili Shirazi,,,ʿAqīlī Šīrāzī,,1205,,,OpenITI date code 1205,,"[""author""]",[],[],[],2,[],,,,1205CaqiliShirazi,"[""https://kitab-corpus-metadata.azurewebsites.net/""]"
openiti_person_1205MurtadaZabidi,محمد بن محمد بن عبد الرزاق الحسيني، أبو الفيض، الملقب بمرتضى، الزبيدي (المتوفى: 1205هـ),Murtada Zabidi,,,,,1205,,,OpenITI date code 1205,,"[""author""]",[],[],[],9,[],,,,1205MurtadaZabidi,"[""https://kitab-corpus-metadata.azurewebsites.net/""]"
openiti_person_1205WahidBihbahani,الوحيد البهبهاني,Wahid Bihbahani,,,,,1205,,,OpenITI date code 1205,,"[""author""]",[],[],[],5,[],,,,1205WahidBihbahani,"[""https://kitab-corpus-metadata.azurewebsites.net/""]"
openiti_person_1206IbnCabdWahhab,محمد بن عبد الوهاب,Ibn Cabd Wahhab,,,,,1206,,,OpenITI date code 1206,,"[""author""]",[],[],[],39,[],,,,1206IbnCabdWahhab,"[""https://kitab-corpus-metadata.azurewebsites.net/""]"
openiti_person_1206IbnCaliSabbanShafici,أبو العرفان محمد بن علي الصبان الشافعي (المتوفى: 1206هـ),Ibn Cali Sabban Shafici,,,,,1206,,,OpenITI date code 1206,,"[""author""]",[],[],[],2,[],,,,1206IbnCaliSabbanShafici,"[""https://kitab-corpus-metadata.azurewebsites.net/""]"
openiti_person_1206Muradi,المرادي,Muradi,,,al-Murādī,,1206,,,OpenITI date code 1206,,"[""author""]",[],[],[],1,[],,,,1206Muradi,"[""https://kitab-corpus-metadata.azurewebsites.net/""]"
openiti_person_1207IbnAhmadCabdQadirKawkabani,عبد القادر الحسيني,Ibn Ahmad Cabd Qadir Kawkabani,,,,,1207,,,OpenITI date code 1207,,"[""author""]",[],[],[],1,[],,,,1207IbnAhmadCabdQadirKawkabani,"[""https://kitab-corpus-metadata.azurewebsites.net/""]"
openiti_person_1207SacidKindi,سعيد الكندي,Sacid Kindi,,,,,1207,,,OpenITI date code 1207,,"[""author""]",[],[],[],1,[],,,,1207SacidKindi,"[""https://kitab-corpus-metadata.azurewebsites.net/""]"
openiti_person_1208CaliIbrahimKhanKhalil,علي ابراهيم خان خليل,Cali Ibrahim Khan Khalil,,,ʿAlī Ibrāhīm Ḫān Ḫalīl,,1208,,,OpenITI date code 1208,,"[""author""]",[],[],[],1,[],,,,1208CaliIbrahimKhanKhalil,"[""https://kitab-corpus-metadata.azurewebsites.net/""]"
openiti_person_1208SulaymanJamzuriAffandi,سليمان الجمزوري,Sulayman Jamzuri Affandi,,,,,1208,,,OpenITI date code 1208,,"[""author""]",[],[],[],2,[],,,,1208SulaymanJamzuriAffandi,"[""https://kitab-corpus-metadata.azurewebsites.net/""]"
openiti_person_1209MuhammadMahdiNaraqi,محمد مهدي النراقي,Muhammad Mahdi Naraqi,,,,,1209,,,OpenITI date code 1209,,"[""author""]",[],[],[],2,[],,,,1209MuhammadMahdiNaraqi,"[""https://kitab-corpus-metadata.azurewebsites.net/""]"
openiti_person_1209SulaymanBakShawi,سليمان بك الشاوي,Sulayman Bak Shawi,,,,,1209,,,OpenITI date code 1209,,"[""author""]",[],[],[],1,[],,,,1209SulaymanBakShawi,"[""https://kitab-corpus-metadata.azurewebsites.net/""]"
openiti_person_1210SulaymanAkhIbnCabdWahhab,سليمان أخ محمد بن عبد الوهاب,Sulayman Akh Ibn Cabd Wahhab,,,,,1210,,,OpenITI date code 1210,,"[""author""]",[],[],[],2,[],,,,1210SulaymanAkhIbnCabdWahhab,"[""https://kitab-corpus-metadata.azurewebsites.net/""]"
openiti_person_1211KazimUzri,الشيخ كاظم الأزري التميمي,Kazim Uzri,,,,,1211,,,OpenITI date code 1211,,"[""author""]",[],[],[],2,[],,,,1211KazimUzri,"[""https://kitab-corpus-metadata.azurewebsites.net/""]"
openiti_person_1214IbnCuthmanGarsifi,عمر بن عثمان الكرسيفي,Ibn Cuthman Garsifi,,,,,1214,,,OpenITI date code 1214,,"[""author""]",[],[],[],1,[],,,,1214IbnCuthmanGarsifi,"[""https://kitab-corpus-metadata.azurewebsites.net/""]"
openiti_person_1216HusaynBahraniAlCusfur,الشيخ حسين آل عصفور,Husayn Bahrani Al Cusfur,,,,,1216,,,OpenITI date code 1216,,"[""author""]",[],[],[],1,[],,,,1216HusaynBahraniAlCusfur,"[""https://kitab-corpus-metadata.azurewebsites.net/""]"
openiti_person_1218CabdKarimKashmiri,عبد الكريم كشميري,Cabd Karim Kashmiri,,,ʿAbd al-Karīm Kašmīrī,,1218,,,OpenITI date code 1218,,"[""author""]",[],[],[],1,[],,,,1218CabdKarimKashmiri,"[""https://kitab-corpus-metadata.azurewebsites.net/""]"
openiti_person_1218IbnMuhammadIbnSacud,الإمام عبد العزيز بن محمد بن سعود (المتوفى: 1218هـ),Ibn Muhammad Ibn Sacud,,,,,1218,,,OpenITI date code 1218,,"[""author""]",[],[],[],1,[],,,,1218IbnMuhammadIbnSacud,"[""https://kitab-corpus-metadata.azurewebsites.net/""]"
openiti_person_1218SalihFulani,الفلاني,Salih Fulani,,,,,1218,,,OpenITI date code 1218,,"[""author""]",[],[],[],2,[],,,,1218SalihFulani,"[""https://kitab-corpus-metadata.azurewebsites.net/""]"
openiti_person_1219TalibBartiliWalati,أبو عبد الله الطالب محمد بن أبي بكر الصديق البرتلي الولاتي (المتوفى: 1219ه),Talib Bartili Walati,,,,,1219,,,OpenITI date code 1219,,"[""author""]",[],[],[],1,[],,,,1219TalibBartiliWalati,"[""https://kitab-corpus-metadata.azurewebsites.net/""]"
openiti_person_1220CabdAllahShubbar,السيد عبد الله الشبر,Cabd Allah Shubbar,,,,,1220,,,OpenITI date code 1220,,"[""author""]",[],[],[],1,[],,,,1220CabdAllahShubbar,"[""https://kitab-corpus-metadata.azurewebsites.net/""]"
openiti_person_1220MuhammadKhalilMarcashi,محمد خليل مرعشي,Muhammad Khalil Marcashi,,,Muḥammad Ḫalīl Marʿašī,,1220,,,OpenITI date code 1220,,"[""author""]",[],[],[],1,[],,,,1220MuhammadKhalilMarcashi,"[""https://kitab-corpus-metadata.azurewebsites.net/""]"
openiti_person_1221GhulamCaliKhan,غلام علي خان,Ghulam Cali Khan,,,Ġulām ʿAlī Ḫān,,1221,,,OpenITI date code 1221,,"[""author""]",[],[],[],1,[],,,,1221GhulamCaliKhan,"[""https://kitab-corpus-metadata.azurewebsites.net/""]"
openiti_person_1221HasanHaydara,,Hasan Haydara,,,,,1221,,,OpenITI date code 1221,,"[""author""]",[],[],[],1,[],,,,1221HasanHaydara,"[""https://kitab-corpus-metadata.azurewebsites.net/""]"
openiti_person_1221HusaynSiyaghi,,Husayn Siyaghi,,,,,1221,,,OpenITI date code 1221,,"[""author""]",[],[],[],1,[],,,,1221HusaynSiyaghi,"[""https://kitab-corpus-metadata.azurewebsites.net/""]"
openiti_person_1221IbnAhmadSayyaghi,السياغي,Ibn Ahmad Sayyaghi,,,,,1221,,,OpenITI date code 1221,,"[""author""]",[],[],[],1,[],,,,1221IbnAhmadSayyaghi,"[""https://kitab-corpus-metadata.azurewebsites.net/""]"
openiti_person_1221IbnMuhammadBujayrimiMisri,سليمان بن عمر بن محمد البجيرمي,Ibn Muhammad Bujayrimi Misri,,,,,1221,,,OpenITI date code 1221,,"[""author""]",[],[],[],2,[],,,,1221IbnMuhammadBujayrimiMisri,"[""https://kitab-corpus-metadata.azurewebsites.net/""]"
openiti_person_1223DiyaDinThamini,ضياء الدين عبد العزيز الثميني,Diya Din Thamini,,,,,1223,,,OpenITI date code 1223,,"[""author""]",[],[],[],2,[],,,,1223DiyaDinThamini,"[""https://kitab-corpus-metadata.azurewebsites.net/""]"
openiti_person_1224IbnCajiba,أبو العباس أحمد بن محمد بن المهدي بن عجيبة الحسني الأنجري الفاسي الصوفي (المتوفى: 1224هـ),Ibn Cajiba,,,,,1224,,,OpenITI date code 1224,,"[""author""]",[],[],[],1,[],,,,1224IbnCajiba,"[""https://kitab-corpus-metadata.azurewebsites.net/""]"
openiti_person_1225AnsariLaknawi,عبد العلي بن نظام الدين,Ansari Laknawi,,,,,1225,,,OpenITI date code 1225,,"[""author""]",[],[],[],1,[],,,,1225AnsariLaknawi,"[""https://kitab-corpus-metadata.azurewebsites.net/""]"
openiti_person_1225BahrCulum,السيد بحر العلوم,Bahr Culum,,,,,1225,,,OpenITI date code 1225,,"[""author""]",[],[],[],1,[],,,,1225BahrCulum,"[""https://kitab-corpus-metadata.azurewebsites.net/""]"
openiti_person_1225FaniKhui,الفاني الخوءي,Fani Khui,,,al-Fānī al-Ḫūʾī,,1225,,,OpenITI date code 1225,,"[""author""]",[],[],[],1,[],,,,1225FaniKhui,"[""https://kitab-corpus-metadata.azurewebsites.net/""]"
openiti_person_1225IbnGhannamMalikiNajdi,حسين بن غنام (أو ابن أبي بكر بن غنام) النجدي الأحسائي المالكي (المتوفى: 1225هـ),Ibn Ghannam Maliki Najdi,,,,,1225,,,OpenITI date code 1225,,"[""author""]",[],[],[],1,[],,,,1225IbnGhannamMalikiNajdi,"[""https://kitab-corpus-metadata.azurewebsites.net/""]"
openiti_person_1225IbnNasirNajdi,حمد بن ناصر الحنبلي,Ibn Nasir Najdi,,,,,1225,,,OpenITI date code 1225,,"[""author""]",[],[],[],5,[],,,,1225IbnNasirNajdi,"[""https://kitab-corpus-metadata.azurewebsites.net/""]"
openiti_person_1225ThanaAllahPanipati,المظهري، محمد ثناء الله,Thana Allah Panipati,,,,,1225,,,OpenITI date code 1225,,"[""author""]",[],[],[],1,[],,,,1225ThanaAllahPanipati,"[""https://kitab-corpus-metadata.azurewebsites.net/""]"
openiti_person_1226AhmadBarbir,أحمد البربير,Ahmad Barbir,,,,,1226,,,OpenITI date code 1226,,"[""author""]",[],[],[],2,[],,,,1226AhmadBarbir,"[""https://kitab-corpus-metadata.azurewebsites.net/""]"
openiti_person_1226MuhammadJawadCamili,السيد محمد جواد العاملي,Muhammad Jawad Camili,,,,,1226,,,OpenITI date code 1226,,"[""author""]",[],[],[],1,[],,,,1226MuhammadJawadCamili,"[""https://kitab-corpus-metadata.azurewebsites.net/""]"
openiti_person_1226RahmCalikhanIman,رحم علي خان امام,Rahm Calikhan Iman,,,Raḥm ʿAlī Ḫān Imām,,1226,,,OpenITI date code 1226,,"[""author""]",[],[],[],1,[],,,,1226RahmCalikhanIman,"[""https://kitab-corpus-metadata.azurewebsites.net/""]"
openiti_person_1227CabdAllahSharqawi,عبد الله بن حجازي الشرقاوي,Cabd Allah Sharqawi,,,ʿAbd Allāh b. Ḥijāzī al-Šarqāwī,,1227,,,OpenITI date code 1227,,"[""author""]",[],[],[],1,[],,,,1227CabdAllahSharqawi,"[""https://kitab-corpus-metadata.azurewebsites.net/""]"
openiti_person_1228IbnSulaymanHalabiRihawi,محمد بن سليمان الحلبي,Ibn Sulayman Halabi Rihawi,,,,,1228,,,OpenITI date code 1228,,"[""author""]",[],[],[],1,[],,,,1228IbnSulaymanHalabiRihawi,"[""https://kitab-corpus-metadata.azurewebsites.net/""]"
openiti_person_1228JacfarKashifGhita,الشيخ جعفر كاشف الغطاء,Jacfar Kashif Ghita,,,,,1228,,,OpenITI date code 1228,,"[""author""]",[],[],[],2,[],,,,1228JacfarKashifGhita,"[""https://kitab-corpus-metadata.azurewebsites.net/""]"
openiti_person_1228MahmudMaqdishSafaqsi,محمود مقديش,Mahmud Maqdish Safaqsi,,,,,1228,,,OpenITI date code 1228,,"[""author""]",[],[],[],1,[],,,,1228MahmudMaqdishSafaqsi,"[""https://kitab-corpus-metadata.azurewebsites.net/""]"
openiti_person_1228MuhammadAmirKabirMaliki,العلامة محمد الأمير الكبير المالكي,Muhammad Amir Kabir Maliki,,,,,1228,,,OpenITI date code 1228,,"[""author""]",[],[],[],1,[],,,,1228MuhammadAmirKabirMaliki,"[""https://kitab-corpus-metadata.azurewebsites.net/""]"
openiti_person_1230IbnAhmadDasuqi,محمد بن أحمد الدسوقي,Ibn Ahmad Dasuqi,,,,,1230,,,OpenITI date code 1230,,"[""author""]",[],[],[],2,[],,,,1230IbnAhmadDasuqi,"[""https://kitab-corpus-metadata.azurewebsites.net/""]"
openiti_person_1231AbuHasanQazwini,أبو الحسن بن ابراهيم قزويني,Abu Hasan Qazwini,,,Abū al-Ḥasan b. Ibrāhīm Qazwīnī,,1231,,,OpenITI date code 1231,,"[""author""]",[],[],[],1,[],,,,1231AbuHasanQazwini,"[""https://kitab-corpus-metadata.azurewebsites.net/""]"
openiti_person_1231IbnMuhammadHanafiTahtawi,الطحطاوي,Ibn Muhammad Hanafi Tahtawi,,,,,1231,,,OpenITI date code 1231,,"[""author""]",[],[],[],1,[],,,,1231IbnMuhammadHanafiTahtawi,"[""https://kitab-corpus-metadata.azurewebsites.net/""]"
openiti_person_1231MirzaAbuQasimQummi,الميرزا القمي,Mirza Abu Qasim Qummi,,,,,1231,,,OpenITI date code 1231,,"[""author""]",[],[],[],3,[],,,,1231MirzaAbuQasimQummi,"[""https://kitab-corpus-metadata.azurewebsites.net/""]"
openiti_person_1231SayyidCaliTabatabai,السيد علي الطباطبائي,Sayyid Cali Tabatabai,,,,,1231,,,OpenITI date code 1231,,"[""author""]",[],[],[],1,[],,,,1231SayyidCaliTabatabai,"[""https://kitab-corpus-metadata.azurewebsites.net/""]"
openiti_person_1232IbnKhatibCumari,ياسين بن خير الله بن محمود بن موسى الخطيب العمري (المتوفى: بعد 1232هـ),Ibn Khatib Cumari,,,,,1232,,,OpenITI date code 1232,,"[""author""]",[],[],[],1,[],,,,1232IbnKhatibCumari,"[""https://kitab-corpus-metadata.azurewebsites.net/""]"
openiti_person_1232MuhammadSanbawiAmir,محمد الأمير المالكي,Muhammad Sanbawi Amir,,,,,1232,,,OpenITI date code 1232,,"[""author""]",[],[],[],2,[],,,,1232MuhammadSanbawiAmir,"[""https://kitab-corpus-metadata.azurewebsites.net/""]"
openiti_person_1233GhulamHusaynZaydpuri,غلام حسين زيدپوري,Ghulam Husayn Zaydpuri,,,Ġulām Ḥusayn Zaydpūrī,,1233,,,OpenITI date code 1233,,"[""author""]",[],[],[],1,[],,,,1233GhulamHusaynZaydpuri,"[""https://kitab-corpus-metadata.azurewebsites.net/""]"
openiti_person_1233SulaymanSibtIbnCabdWahhab,سليمان بن عبد الله آل الشيخ,Sulayman Sibt Ibn Cabd Wahhab,,,,,1233,,,OpenITI date code 1233,,"[""author""]",[],[],[],4,[],,,,1233SulaymanSibtIbnCabdWahhab,"[""https://kitab-corpus-metadata.azurewebsites.net/""]"
openiti_person_1235IbnIbrahimShinqiti,عبد الله بن إبراهيم العلوي الشنقيطي,Ibn Ibrahim Shinqiti,,,,,1235,,,OpenITI date code 1235,,"[""author""]",[],[],[],1,[],,,,1235IbnIbrahimShinqiti,"[""https://kitab-corpus-metadata.azurewebsites.net/""]"
openiti_person_1237AbuNabhanKharusi,جاعد بن خميس الخروصي,Abu Nabhan Kharusi,,,,,1237,,,OpenITI date code 1237,,"[""author""]",[],[],[],1,[],,,,1237AbuNabhanKharusi,"[""https://kitab-corpus-metadata.azurewebsites.net/""]"
openiti_person_1237Jabarti,عبد الرحمن بن حسن الجبرتي,Jabarti,,,,,1237,,,OpenITI date code 1237,,"[""author""]",[],[],[],1,[],,,,1237Jabarti,"[""https://kitab-corpus-metadata.azurewebsites.net/""]"
openiti_person_1239IbnAhmadFarharawiMultani,عبد العزيز بن أحمد بن الحامد القرشي الفريهاري الملتاني أبو عبد الرحمن (المتوفى: بعد 1239هـ),Ibn Ahmad Farharawi Multani,,,,,1239,,,OpenITI date code 1239,,"[""author""]",[],[],[],1,[],,,,1239IbnAhmadFarharawiMultani,"[""https://kitab-corpus-metadata.azurewebsites.net/""]"
openiti_person_1240CuthmanIbnJamic,عثمان ابن جامع,Cuthman Ibn Jamic,,,,,1240,,,OpenITI date code 1240,,"[""author""]",[],[],[],1,[],,,,1240CuthmanIbnJamic,"[""https://kitab-corpus-metadata.azurewebsites.net/""]"
openiti_person_1240GhulamHamadaniMushafi,غلام همداني مصحفي,Ghulam Hamadani Mushafi,,,Ġulām Hamadānī Muṣḥafī,,1240,,,OpenITI date code 1240,,"[""author""]",[],[],[],1,[],,,,1240GhulamHamadaniMushafi,"[""https://kitab-corpus-metadata.azurewebsites.net/""]"
openiti_person_1240IbnMuhsinHimi,الإمام أحمد المرتضى,Ibn Muhsin Himi,,,,,1240,,,OpenITI date code 1240,,"[""author""]",[],[],[],1,[],,,,1240IbnMuhsinHimi,"[""https://kitab-corpus-metadata.azurewebsites.net/""]"
openiti_person_1241IbnMuhammadKhalwatiSawi,أحمد الصاوي,Ibn Muhammad Khalwati Sawi,,,,,1241,,,OpenITI date code 1241,,"[""author""]",[],[],[],3,[],,,,1241IbnMuhammadKhalwatiSawi,"[""https://kitab-corpus-metadata.azurewebsites.net/""]"
openiti_person_1242DiyaDinKhalidBaghdadi,خالد البغدادي,Diya Din Khalid Baghdadi,,,,,1242,,,OpenITI date code 1242,,"[""author""]",[],[],[],1,[],,,,1242DiyaDinKhalidBaghdadi,"[""https://kitab-corpus-metadata.azurewebsites.net/""]"
openiti_person_1242IbnMuhammadIbnCabdWahhabNajdi,أبو سليمان عبد الله بن محمد بن عبد الوهاب بن سليمان التميمي النجدي (المتوفى: 1242هـ),Ibn Muhammad Ibn Cabd Wahhab Najdi,,,,,1242,,,OpenITI date code 1242,,"[""author""]",[],[],[],2,[],,,,1242IbnMuhammadIbnCabdWahhabNajdi,"[""https://kitab-corpus-metadata.azurewebsites.net/""]"
openiti_person_1243CabdRazzaqDunbuli,عبد الرزاق بك بن نجفلى خان بن شهباز خان الدنبلى (المتوفى: في القرن 13 ه),Cabd Razzaq Dunbuli,,,,,1243,,,OpenITI date code 1243,,"[""author""]",[],[],[],1,[],,,,1243CabdRazzaqDunbuli,"[""https://kitab-corpus-metadata.azurewebsites.net/""]"
openiti_person_1243IbnSacdRahyabaniSuyuti,الرحيباني,Ibn Sacd Rahyabani Suyuti,,,,,1243,,,OpenITI date code 1243,,"[""author""]",[],[],[],1,[],,,,1243IbnSacdRahyabaniSuyuti,"[""https://kitab-corpus-metadata.azurewebsites.net/""]"
openiti_person_1243MaftunDunbuli,أبد الرزاق مفتون دنبلي,Maftun Dunbuli,,,Abd al-Razzāq Maftūn Dunbulī,,1243,,,OpenITI date code 1243,,"[""author""]",[],[],[],1,[],,,,1243MaftunDunbuli,"[""https://kitab-corpus-metadata.azurewebsites.net/""]"
openiti_person_1243NiqulaTurki,نقولا التركي,Niqula Turki,,,,,1243,,,OpenITI date code 1243,,"[""author""]",[],[],[],1,[],,,,1243NiqulaTurki,"[""https://kitab-corpus-metadata.azurewebsites.net/""]"
openiti_person_1244AhmadNaraqi,المحقق النراقي,Ahmad Naraqi,,,,,1244,,,OpenITI date code 1244,,"[""author""]",[],[],[],2,[],,,,1244AhmadNaraqi,"[""https://kitab-corpus-metadata.azurewebsites.net/""]"
openiti_person_1244IbnHamadAlMucammar,عبد العزيز بن حمد بن ناصر بن عثمان آل معمر (المتوفى: 1244هـ),Ibn Hamad Al Mucammar,,,,,1244,,,OpenITI date code 1244,,"[""author""]",[],[],[],1,[],,,,1244IbnHamadAlMucammar,"[""https://kitab-corpus-metadata.azurewebsites.net/""]"
openiti_person_1245CabdAllahIbnFudi,عبد الله بن فودي,Cabd Allah Ibn Fudi,,,,,1245,,,OpenITI date code 1245,,"[""author""]",[],[],[],1,[],,,,1245CabdAllahIbnFudi,"[""https://kitab-corpus-metadata.azurewebsites.net/""]"
openiti_person_1245Fudi,,Fudi,,,,,1245,,,OpenITI date code 1245,,"[""author""]",[],[],[],1,[],,,,1245Fudi,"[""https://kitab-corpus-metadata.azurewebsites.net/""]"
openiti_person_1246IbnCabdGhaniDihlawi,الدهلوي,Ibn Cabd Ghani Dihlawi,,,,,1246,,,OpenITI date code 1246,,"[""author""]",[],[],[],1,[],,,,1246IbnCabdGhaniDihlawi,"[""https://kitab-corpus-metadata.azurewebsites.net/""]"
openiti_person_1246IbnHamadBassam,محمد بن حمد البسام التميمي النجدي (المتوفى : 1246هـ),Ibn Hamad Bassam,,,,,1246,,,OpenITI date code 1246,,"[""author""]",[],[],[],1,[],,,,1246IbnHamadBassam,"[""https://kitab-corpus-metadata.azurewebsites.net/""]"
openiti_person_1248MuhammadTaqiRaziNajafi,الشيخ محمد تقي الرازي,Muhammad Taqi Razi Najafi,,,,,1248,,,OpenITI date code 1248,,"[""author""]",[],[],[],1,[],,,,1248MuhammadTaqiRaziNajafi,"[""https://kitab-corpus-metadata.azurewebsites.net/""]"
openiti_person_1250CabdFattahHusayniMaraghi,الحسيني المراغي,Cabd Fattah Husayni Maraghi,,,,,1250,,,OpenITI date code 1250,,"[""author""]",[],[],[],1,[],,,,1250CabdFattahHusayniMaraghi,"[""https://kitab-corpus-metadata.azurewebsites.net/""]"
openiti_person_1250IbnMuhammadCattarShafici,الحسن بن محمد العطار,Ibn Muhammad Cattar Shafici,,,al-Ḥasan b. Muḥammad al-ʿAṭṭār,,1250,,,OpenITI date code 1250,,"[""author""]",[],[],[],2,[],,,,1250IbnMuhammadCattarShafici,"[""https://kitab-corpus-metadata.azurewebsites.net/""]"
openiti_person_1250IbnMuhammadRaiqiSacidi,حمد بن محمد الرائقي الصعيدي المالكي (المتوفى: نحو 1250هـ),Ibn Muhammad Raiqi Sacidi,,,,,1250,,,OpenITI date code 1250,,"[""author""]",[],[],[],1,[],,,,1250IbnMuhammadRaiqiSacidi,"[""https://kitab-corpus-metadata.azurewebsites.net/""]"
openiti_person_1250IbnSulaymanAhdal,العلامة السيد الإمام شيخ الإسلام,Ibn Sulayman Ahdal,,,,,1250,,,OpenITI date code 1250,,"[""author""]",[],[],[],1,[],,,,1250IbnSulaymanAhdal,"[""https://kitab-corpus-metadata.azurewebsites.net/""]"
openiti_person_1250MuhammadHusaynHairiTihrani,الشيخ محمد حسين الحائري,Muhammad Husayn Hairi Tihrani,,,,,1250,,,OpenITI date code 1250,,"[""author""]",[],[],[],1,[],,,,1250MuhammadHusaynHairiTihrani,"[""https://kitab-corpus-metadata.azurewebsites.net/""]"
openiti_person_1252IbnCabidinDimashqi,ابن عابدين، محمد أمين بن عمر بن عبد العزيز عابدين الدمشقي الحنفي (المتوفى: 1252هـ),Ibn Cabidin Dimashqi,,,,,1252,,,OpenITI date code 1252,,"[""author""]",[],[],[],6,[],,,,1252IbnCabidinDimashqi,"[""https://kitab-corpus-metadata.azurewebsites.net/""]"
openiti_person_1253IbnMuhammadAnsariShirwani,أحمد بن محمد بن علي بن إبراهيم الأنصاري الشرواني (المتوفى: 1253هـ),Ibn Muhammad Ansari Shirwani,,,,,1253,,,OpenITI date code 1253,,"[""author""]",[],[],[],1,[],,,,1253IbnMuhammadAnsariShirwani,"[""https://kitab-corpus-metadata.azurewebsites.net/""]"
openiti_person_1255HamdanKhwaja,حمدان بن عثمان خوجة (المتوفى: 1255ه),Hamdan Khwaja,,,,,1255,,,OpenITI date code 1255,,"[""author""]",[],[],[],1,[],,,,1255HamdanKhwaja,"[""https://kitab-corpus-metadata.azurewebsites.net/""]"
openiti_person_1255Shawkani,محمد بن علي الشوكاني,Shawkani,,,,,1255,,,OpenITI date code 1255,,"[""author""]",[],[],[],22,[],,,,1255Shawkani,"[""https://kitab-corpus-metadata.azurewebsites.net/""]"
openiti_person_1256NasirCabdAllah,الإمام الشهيد الناصر لدين الله عبد الله بن الحسن عليهما السلام,Nasir Cabd Allah,,,,,1256,,,OpenITI date code 1256,,"[""author""]",[],[],[],1,[],,,,1256NasirCabdAllah,"[""https://kitab-corpus-metadata.azurewebsites.net/""]"
openiti_person_1258IbnCabdSalamTusuli,علي بن عبد السلام بن علي، أبو الحسن التسولي المالكي (المتوفى: 1258هـ),Ibn Cabd Salam Tusuli,,,,,1258,,,OpenITI date code 1258,,"[""author""]",[],[],[],2,[],,,,1258IbnCabdSalamTusuli,"[""https://kitab-corpus-metadata.azurewebsites.net/""]"
openiti_person_1258MahdiAhmadIbnHusayn,الإمام الشهيد المهدي أحمد بن الحسين عليه السلام,Mahdi Ahmad Ibn Husayn,,,,,1258,,,OpenITI date code 1258,,"[""author""]",[],[],[],1,[],,,,1258MahdiAhmadIbnHusayn,"[""https://kitab-corpus-metadata.azurewebsites.net/""]"
openiti_person_1261IbrahimKilbasiIsbahani,إبراهيم الكلباسي,Ibrahim Kilbasi Isbahani,,,,,1261,,,OpenITI date code 1261,,"[""author""]",[],[],[],1,[],,,,1261IbrahimKilbasiIsbahani,"[""https://kitab-corpus-metadata.azurewebsites.net/""]"
openiti_person_1262HusayniArdakani,الحسيني الأردكاني,Husayni Ardakani,,,al-Ḥusaynī al-Ardakānī,,1262,,,OpenITI date code 1262,,"[""author""]",[],[],[],1,[],,,,1262HusayniArdakani,"[""https://kitab-corpus-metadata.azurewebsites.net/""]"
openiti_person_1262IbnMuhammadKuzbari,عبد الرحمن بن محمد بن عبد الرحمن الكزبري,Ibn Muhammad Kuzbari,,,,,1262,,,OpenITI date code 1262,,"[""author""]",[],[],[],1,[],,,,1262IbnMuhammadKuzbari,"[""https://kitab-corpus-metadata.azurewebsites.net/""]"
openiti_person_1263BismilShirazi,بسمل، حج أكبر نواب شيرازي,Bismil Shirazi,,,"Bismil, Ḥaǧǧ Akbar Nawwāb Šīrāzī",,1263,,,OpenITI date code 1263,,"[""author""]",[],[],[],1,[],,,,1263BismilShirazi,"[""https://kitab-corpus-metadata.azurewebsites.net/""]"
openiti_person_1263IbnRamadanBurullusi,البرلسي، مصطفى بن رمضان,Ibn Ramadan Burullusi,,,,,1263,,,OpenITI date code 1263,,"[""author""]",[],[],[],1,[],,,,1263IbnRamadanBurullusi,"[""https://kitab-corpus-metadata.azurewebsites.net/""]"
openiti_person_1263JacfarSharicatMadarAstarabadi,محمّد جعفر الأسترآبادي,Jacfar Sharicat Madar Astarabadi,,,,,1263,,,OpenITI date code 1263,,"[""author""]",[],[],[],1,[],,,,1263JacfarSharicatMadarAstarabadi,"[""https://kitab-corpus-metadata.azurewebsites.net/""]"
openiti_person_1263NasirIbnAbiNabhanKharusi,ابن أبي نبهان الخروصي,Nasir Ibn Abi Nabhan Kharusi,,,Ibn Abī Nabhān al-Ḫarūṣī,,1263,,,OpenITI date code 1263,,"[""author""]",[],[],[],2,[],,,,1263NasirIbnAbiNabhanKharusi,"[""https://kitab-corpus-metadata.azurewebsites.net/""]"
openiti_person_1264CaliNabhaniTanufi,,Cali Nabhani Tanufi,,,,,1264,,,OpenITI date code 1264,,"[""author""]",[],[],[],1,[],,,,1264CaliNabhaniTanufi,"[""https://kitab-corpus-metadata.azurewebsites.net/""]"
openiti_person_1265IbnCumarCalawiHadrami,عبد الله بن عمر بن أبي بكر بن يحيى العلوي الحضرمي الشافعي (المتوفى: 1265هـ),Ibn Cumar Calawi Hadrami,,,,,1265,,,OpenITI date code 1265,,"[""author""]",[],[],[],1,[],,,,1265IbnCumarCalawiHadrami,"[""https://kitab-corpus-metadata.azurewebsites.net/""]"
openiti_person_1266AhmadBay,أحمد باي,Ahmad Bay,,,,,1266,,,OpenITI date code 1266,,"[""author""]",[],[],[],1,[],,,,1266AhmadBay,"[""https://kitab-corpus-metadata.azurewebsites.net/""]"
openiti_person_1266MuhammadHasanNajafiJawahiri,الشيخ الجواهري,Muhammad Hasan Najafi Jawahiri,,,,,1266,,,OpenITI date code 1266,,"[""author""]",[],[],[],2,[],,,,1266MuhammadHasanNajafiJawahiri,"[""https://kitab-corpus-metadata.azurewebsites.net/""]"
openiti_person_1269MansurAhmad,الإمام الأواه أحمد بن هاشم بن رسول الله,Mansur Ahmad,,,,,1269,,,OpenITI date code 1269,,"[""author""]",[],[],[],1,[],,,,1269MansurAhmad,"[""https://kitab-corpus-metadata.azurewebsites.net/""]"
openiti_person_1270IbnMuhammadDawcaniHadrami,سعيد بن محمد باعلي باعشن الدوعني الرباطي الحضرمي الشافعي (المتوفى: 1270هـ),Ibn Muhammad Dawcani Hadrami,,,,,1270,,,OpenITI date code 1270,,"[""author""]",[],[],[],1,[],,,,1270IbnMuhammadDawcaniHadrami,"[""https://kitab-corpus-metadata.azurewebsites.net/""]"
openiti_person_1270IbnMuhammadIhsaiHanafi,أبو بكر محمد بن عمر الإحسائي,Ibn Muhammad Ihsai Hanafi,,,,,1270,,,OpenITI date code 1270,,"[""author""]",[],[],[],1,[],,,,1270IbnMuhammadIhsaiHanafi,"[""https://kitab-corpus-metadata.azurewebsites.net/""]"
openiti_person_1270MuhammadBudayrMaqdisi,محمد بدير المقدسي,Muhammad Budayr Maqdisi,,,,,1270,,,OpenITI date code 1270,,"[""author""]",[],[],[],1,[],,,,1270MuhammadBudayrMaqdisi,"[""https://kitab-corpus-metadata.azurewebsites.net/""]"
openiti_person_1270Qaani,ميرزا حبيب الله شيرازي قاءاني,Qaani,,,Mīrzā Ḥabīb Allāh Šīrāzī Qāʾānī,,1270,,,OpenITI date code 1270,,"[""author""]",[],[],[],2,[],,,,1270Qaani,"[""https://kitab-corpus-metadata.azurewebsites.net/""]"
openiti_person_1270ShihabDinAlusi,شهاب الدين محمود بن عبد الله الحسيني الألوسي (المتوفى: 1270هـ),Shihab Din Alusi,,,,,1270,,,OpenITI date code 1270,,"[""author""]",[],[],[],4,[],,,,1270ShihabDinAlusi,"[""https://kitab-corpus-metadata.azurewebsites.net/""]"
openiti_person_1271IbnCabdBariAhdal,عبد الله بن عبد الباري الأهدل,Ibn Cabd Bari Ahdal,,,,,1271,,,OpenITI date code 1271,,"[""author""]",[],[],[],1,[],,,,1271IbnCabdBariAhdal,"[""https://kitab-corpus-metadata.azurewebsites.net/""]"
openiti_person_1271SalimHadrami,سالم الحضرمي,Salim Hadrami,,,,,1271,,,OpenITI date code 1271,,"[""author""]",[],[],[],1,[],,,,1271SalimHadrami,"[""https://kitab-corpus-metadata.azurewebsites.net/""]"
openiti_person_1272HasanBaytar,حسن بن إبراهيم بن حسن بن محمد، المعروف بالبيطار (المتوفى: 1272 ه),Hasan Baytar,,,,,1272,,,OpenITI date code 1272,,"[""author""]",[],[],[],1,[],,,,1272HasanBaytar,"[""https://kitab-corpus-metadata.azurewebsites.net/""]"
openiti_person_1272JamesBaillieFraser,جيمس بيلي فريزر,James Baillie Fraser,,,,,1272,,,OpenITI date code 1272,,"[""author""]",[],[],[],1,[],,,,1272JamesBaillieFraser,"[""https://kitab-corpus-metadata.azurewebsites.net/""]"
openiti_person_1273Furughi,عباس فروغي بسطامي,Furughi,,,ʿAbbās Furūġī Basṭāmī,,1273,,,OpenITI date code 1273,,"[""author""]",[],[],[],1,[],,,,1273Furughi,"[""https://kitab-corpus-metadata.azurewebsites.net/""]"
openiti_person_1275SalahDinArai,,Salah Din Arai,,,,,1275,,,OpenITI date code 1275,,"[""author""]",[],[],[],1,[],,,,1275SalahDinArai,"[""https://kitab-corpus-metadata.azurewebsites.net/""]"
openiti_person_1276IbnAhmadRibaciSancani,الحسن بن أحمد بن يوسف بن محمد بن أحمد الرباعي الصنعاني (المتوفى: 1276هـ),Ibn Ahmad Ribaci Sancani,,,,,1276,,,OpenITI date code 1276,,"[""author""]",[],[],[],1,[],,,,1276IbnAhmadRibaciSancani,"[""https://kitab-corpus-metadata.azurewebsites.net/""]"
openiti_person_1277IbnDarwishHut,الحوت,Ibn Darwish Hut,,,,,1277,,,OpenITI date code 1277,,"[""author""]",[],[],[],1,[],,,,1277IbnDarwishHut,"[""https://kitab-corpus-metadata.azurewebsites.net/""]"
openiti_person_1277MuhammadTantawi,الشيخ محمد الطنطاوي رحمه الله,Muhammad Tantawi,,,,,1277,,,OpenITI date code 1277,,"[""author""]",[],[],[],1,[],,,,1277MuhammadTantawi,"[""https://kitab-corpus-metadata.azurewebsites.net/""]"
openiti_person_1280MullaCimranFarisi,الملا عمران بن رضوان الشافعي اللنجي الفارسي,Mulla Cimran Farisi,,,,,1280,,,OpenITI date code 1280,,"[""author""]",[],[],[],1,[],,,,1280MullaCimranFarisi,"[""https://kitab-corpus-metadata.azurewebsites.net/""]"
openiti_person_1280QadiMulkHindi,صبغة الله المدراسي الهندي,Qadi Mulk Hindi,,,,,1280,,,OpenITI date code 1280,,"[""author""]",[],[],[],1,[],,,,1280QadiMulkHindi,"[""https://kitab-corpus-metadata.azurewebsites.net/""]"
openiti_person_1281Gupamawi,محمد قدرت الله گپماوي,Gupamawi,,,Muḥammad Qudrat Allāh Gupamāwī,,1281,,,OpenITI date code 1281,,"[""author""]",[],[],[],1,[],,,,1281Gupamawi,"[""https://kitab-corpus-metadata.azurewebsites.net/""]"
openiti_person_1281IbnShawkani,ابن الشوكاني,Ibn Shawkani,,,,,1281,,,OpenITI date code 1281,,"[""author""]",[],[],[],1,[],,,,1281IbnShawkani,"[""https://kitab-corpus-metadata.azurewebsites.net/""]"
openiti_person_1281KashimirQadiri,الكشميري القادري,Kashimir Qadiri,,,al-Kašmīrī al-Qādirī,,1281,,,OpenITI date code 1281,,"[""author""]",[],[],[],1,[],,,,1281KashimirQadiri,"[""https://kitab-corpus-metadata.azurewebsites.net/""]"
openiti_person_1281MurtadaAnsari,الشيخ الأنصاري,Murtada Ansari,,,,,1281,,,OpenITI date code 1281,,"[""author""]",[],[],[],14,[],,,,1281MurtadaAnsari,"[""https://kitab-corpus-metadata.azurewebsites.net/""]"
openiti_person_1282Ababutayn,عبد الله بن عبد الرحمن بن عبد العزيز بن عبد الرحمن بن عبد الله بن سلطان بن خميس الملقب بـ&quot;أبابطين&quot; (المتوفى: 1282هـ),Ababutayn,,,,,1282,,,OpenITI date code 1282,,"[""author""]",[],[],[],6,[],,,,1282Ababutayn,"[""https://kitab-corpus-metadata.azurewebsites.net/""]"
openiti_person_1282AhmadQurashi,القاضي العلامة أحمد القرشي,Ahmad Qurashi,,,,,1282,,,OpenITI date code 1282,,"[""author""]",[],[],[],1,[],,,,1282AhmadQurashi,"[""https://kitab-corpus-metadata.azurewebsites.net/""]"
openiti_person_1283SafaDinBandaniji,,Safa Din Bandaniji,,,,,1283,,,OpenITI date code 1283,,"[""author""]",[],[],[],1,[],,,,1283SafaDinBandaniji,"[""https://kitab-corpus-metadata.azurewebsites.net/""]"
openiti_person_1284QasimiDimashqi,القاسمي الدمشقي,Qasimi Dimashqi,,,,,1284,,,OpenITI date code 1284,,"[""author""]",[],[],[],1,[],,,,1284QasimiDimashqi,"[""https://kitab-corpus-metadata.azurewebsites.net/""]"
openiti_person_1285IbnHasanAlShaykh,عبد الرحمن بن حسن بن محمد بن عبد الوهاب بن سليمان التميمي (المتوفى: 1285هـ),Ibn Hasan Al Shaykh,,,,,1285,,,OpenITI date code 1285,,"[""author""]",[],[],[],11,[],,,,1285IbnHasanAlShaykh,"[""https://kitab-corpus-metadata.azurewebsites.net/""]"
openiti_person_1285IbnMushrifShacir,ابن مشرف,Ibn Mushrif Shacir,,,,,1285,,,OpenITI date code 1285,,"[""author""]",[],[],[],1,[],,,,1285IbnMushrifShacir,"[""https://kitab-corpus-metadata.azurewebsites.net/""]"
openiti_person_1286IcjazHusaynKunturi,السيد إعجاز حسين,Icjaz Husayn Kunturi,,,,,1286,,,OpenITI date code 1286,,"[""author""]",[],[],[],1,[],,,,1286IcjazHusaynKunturi,"[""https://kitab-corpus-metadata.azurewebsites.net/""]"
openiti_person_1287NasifNasraniYaziji,ناصيف اليازجي,Nasif Nasrani Yaziji,,,,,1287,,,OpenITI date code 1287,,"[""author""]",[],[],[],2,[],,,,1287NasifNasraniYaziji,"[""https://kitab-corpus-metadata.azurewebsites.net/""]"
openiti_person_1287SacidIbnKhalfanKhalili,,Sacid Ibn Khalfan Khalili,,,,,1287,,,OpenITI date code 1287,,"[""author""]",[],[],[],1,[],,,,1287SacidIbnKhalfanKhalili,"[""https://kitab-corpus-metadata.azurewebsites.net/""]"
openiti_person_1288RidaQuliKhan,رضى قولي خان,Rida Quli Khan,,,Riḍá Qūlī Ḫān,,1288,,,OpenITI date code 1288,,"[""author""]",[],[],[],1,[],,,,1288RidaQuliKhan,"[""https://kitab-corpus-metadata.azurewebsites.net/""]"
openiti_person_1290CabdGhaffarAkhras,عبد الغفار الأخرس,Cabd Ghaffar Akhras,,,,,1290,,,OpenITI date code 1290,,"[""author""]",[],[],[],1,[],,,,1290CabdGhaffarAkhras,"[""https://kitab-corpus-metadata.azurewebsites.net/""]"
openiti_person_1290FransisMarrash,فرنسيس فتح الله مَرَّاش,Fransis Marrash,,,,,1290,,,OpenITI date code 1290,,"[""author""]",[],[],[],3,[],,,,1290FransisMarrash,"[""https://kitab-corpus-metadata.azurewebsites.net/""]"
openiti_person_1290MuhammadAhmadCabdRazzaq,لويس سيديو,Muhammad Ahmad Cabd Razzaq,,,,,1290,,,OpenITI date code 1290,,"[""author""]",[],[],[],1,[],,,,1290MuhammadAhmadCabdRazzaq,"[""https://kitab-corpus-metadata.azurewebsites.net/""]"
openiti_person_1290RifacaTahtawi,رفاعة رافع بن بدوي بن علي الطهطاوي (المتوفى: 1290هـ),Rifaca Tahtawi,,,,,1290,,,OpenITI date code 1290,,"[""author""]",[],[],[],1,[],,,,1290RifacaTahtawi,"[""https://kitab-corpus-metadata.azurewebsites.net/""]"
openiti_person_1291IbnShaykhNasrAzhariHurini,نصر (أبو الوفاء) ابن الشيخ نصر يونس الوفائي الهوريني الأحمدي الأزهري الأشعري الحنفي الشافعي (المتوفى: 1291هـ),Ibn Shaykh Nasr Azhari Hurini,,,,,1291,,,OpenITI date code 1291,,"[""author""]",[],[],[],1,[],,,,1291IbnShaykhNasrAzhariHurini,"[""https://kitab-corpus-metadata.azurewebsites.net/""]"
openiti_person_1292IbnIbrahimMaghribi,حسين بن إبراهيم المغربي أصلا المصري ولادة ومنشأ، الأزهري طالبا، المكي جوارا ومهاجرا المالكي مذهبا (المتوفى: 1292هـ),Ibn Ibrahim Maghribi,,,,,1292,,,OpenITI date code 1292,,"[""author""]",[],[],[],1,[],,,,1292IbnIbrahimMaghribi,"[""https://kitab-corpus-metadata.azurewebsites.net/""]"
openiti_person_1292MinnatMananShabasi,أحمد الشباسي المعروف بمنة المنان,Minnat Manan Shabasi,,,,,1292,,,OpenITI date code 1292,,"[""author""]",[],[],[],1,[],,,,1292MinnatMananShabasi,"[""https://kitab-corpus-metadata.azurewebsites.net/""]"
openiti_person_1292MuhammadNassarCiraqi,الشيخ محمد نصار العراقي,Muhammad Nassar Ciraqi,,,,,1292,,,OpenITI date code 1292,,"[""author""]",[],[],[],1,[],,,,1292MuhammadNassarCiraqi,"[""https://kitab-corpus-metadata.azurewebsites.net/""]"
openiti_person_1293CabdLatifAlShaykh,عبد اللطيف بن عبد الرحمن بن حسن بن محمد بن عبد الوهاب آل الشيخ (المتوفى: 1293هـ),Cabd Latif Al Shaykh,,,,,1293,,,OpenITI date code 1293,,"[""author""]",[],[],[],7,[],,,,1293CabdLatifAlShaykh,"[""https://kitab-corpus-metadata.azurewebsites.net/""]"
openiti_person_1293MahdiKujuriShirazi,الشيخ مهدي الكجوري الشيرازي,Mahdi Kujuri Shirazi,,,,,1293,,,OpenITI date code 1293,,"[""author""]",[],[],[],1,[],,,,1293MahdiKujuriShirazi,"[""https://kitab-corpus-metadata.azurewebsites.net/""]"
openiti_person_1294IbnIbrahimQunduzi,القندوزي,Ibn Ibrahim Qunduzi,,,,,1294,,,OpenITI date code 1294,,"[""author""]",[],[],[],1,[],,,,1294IbnIbrahimQunduzi,"[""https://kitab-corpus-metadata.azurewebsites.net/""]"
openiti_person_1298CaliMusawiQazwini,السيد علي الموسوي القزويني,Cali Musawi Qazwini,,,,,1298,,,OpenITI date code 1298,,"[""author""]",[],[],[],2,[],,,,1298CaliMusawiQazwini,"[""https://kitab-corpus-metadata.azurewebsites.net/""]"
openiti_person_1298IbnTalibDimashqiMaydani,عبد الغني بن طالب بن حمادة بن إبراهيم الغنيمي الدمشقي الميداني الحنفي (المتوفى: 1298هـ),Ibn Talib Dimashqi Maydani,,,,,1298,,,OpenITI date code 1298,,"[""author""]",[],[],[],1,[],,,,1298IbnTalibDimashqiMaydani,"[""https://kitab-corpus-metadata.azurewebsites.net/""]"
openiti_person_1298SalihMajdi,صالح مجدي,Salih Majdi,,,,,1298,,,OpenITI date code 1298,,"[""author""]",[],[],[],1,[],,,,1298SalihMajdi,"[""https://kitab-corpus-metadata.azurewebsites.net/""]"
openiti_person_1299IbnMuhammadNajafiQurashi,عباس بن محمد بن مسعود القرشي النجفي (المتوفى : 1299هـ),Ibn Muhammad Najafi Qurashi,,,,,1299,,,OpenITI date code 1299,,"[""author""]",[],[],[],1,[],,,,1299IbnMuhammadNajafiQurashi,"[""https://kitab-corpus-metadata.azurewebsites.net/""]"
openiti_person_1299IbnSibghatAllahFasihDinHaydari,فصيح الدين، إبراهيم بن صبغة الله بن أسعد الحيدري البغدادي (المتوفى: 1299هـ),Ibn Sibghat Allah Fasih Din Haydari,,,,,1299,,,OpenITI date code 1299,,"[""author""]",[],[],[],1,[],,,,1299IbnSibghatAllahFasihDinHaydari,"[""https://kitab-corpus-metadata.azurewebsites.net/""]"
openiti_person_1299MuhammadCulayshMaliki,محمد بن أحمد بن محمد عليش، أبو عبد الله المالكي (المتوفى: 1299هـ),Muhammad Culaysh Maliki,,,,,1299,,,OpenITI date code 1299,,"[""author""]",[],[],[],2,[],,,,1299MuhammadCulayshMaliki,"[""https://kitab-corpus-metadata.azurewebsites.net/""]"
openiti_person_1300Anonymous,مؤلف مجهول,Anonymous,,,Muʾallif maǧhūl,,1300,,,OpenITI date code 1300,,"[""author""]",[],[],[],2,[],,,,1300Anonymous,"[""https://kitab-corpus-metadata.azurewebsites.net/""]"
openiti_person_1300ButrusBustani,بطرس البستاني,Butrus Bustani,,,,,1300,,,OpenITI date code 1300,,"[""author""]",[],[],[],3,[],,,,1300ButrusBustani,"[""https://kitab-corpus-metadata.azurewebsites.net/""]"
openiti_person_1300CabdHadiIbnMuhammadCujayli,عبد الهادي [هادي] بن محمد بن عبد الهادي [هادي] بن بكري بن محمد بن مهدي بن موسى بن جعثم بن عجيل (العجيلي) (المتوفى: ق 13هـ),Cabd Hadi Ibn Muhammad Cujayli,,,,,1300,,,OpenITI date code 1300,,"[""author""]",[],[],[],1,[],,,,1300CabdHadiIbnMuhammadCujayli,"[""https://kitab-corpus-metadata.azurewebsites.net/""]"
openiti_person_1300CabdQadirJazairi,عبد القادر الجزائري,Cabd Qadir Jazairi,,,,,1300,,,OpenITI date code 1300,,"[""author""]",[],[],[],1,[],,,,1300CabdQadirJazairi,"[""https://kitab-corpus-metadata.azurewebsites.net/""]"
openiti_person_1300JurjiMutran,جرجي مطران,Jurji Mutran,,,,,1300,,,OpenITI date code 1300,,"[""author""]",[],[],[],1,[],,,,1300JurjiMutran,"[""https://kitab-corpus-metadata.azurewebsites.net/""]"
openiti_person_1300MansurKharusi,منصور الخروصي,Mansur Kharusi,,,Manṣūr al-Ḫarūṣī,,1300,,,OpenITI date code 1300,,"[""author""]",[],[],[],1,[],,,,1300MansurKharusi,"[""https://kitab-corpus-metadata.azurewebsites.net/""]"
openiti_person_1300MullaHadiSabzawari,الملا هادى السبزواري,Mulla Hadi Sabzawari,,,,,1300,,,OpenITI date code 1300,,"[""author""]",[],[],[],1,[],,,,1300MullaHadiSabzawari,"[""https://kitab-corpus-metadata.azurewebsites.net/""]"
openiti_person_1300ReinhartDozy,رينهارت بيتر آن دوزي (المتوفى: 1300ه),Reinhart Dozy,,,,,1300,,,OpenITI date code 1300,,"[""author""]",[],[],[],1,[],,,,1300ReinhartDozy,"[""https://kitab-corpus-metadata.azurewebsites.net/""]"
openiti_person_1301AdibIshaq,أديب إسحق,Adib Ishaq,,,,,1301,,,OpenITI date code 1301,,"[""author""]",[],[],[],2,[],,,,1301AdibIshaq,"[""https://kitab-corpus-metadata.azurewebsites.net/""]"
openiti_person_1301SalimKhalilNaqqash,سليم خليل النقاش,Salim Khalil Naqqash,,,,,1301,,,OpenITI date code 1301,,"[""author""]",[],[],[],3,[],,,,1301SalimKhalilNaqqash,"[""https://kitab-corpus-metadata.azurewebsites.net/""]"
openiti_person_1302IbnSalimMajlisi,محمد بن محمد سالم المجلسي الشنقيطي (1206 - 1302 ه),Ibn Salim Majlisi,,,,,1302,,,OpenITI date code 1302,,"[""author""]",[],[],[],1,[],,,,1302IbnSalimMajlisi,"[""https://kitab-corpus-metadata.azurewebsites.net/""]"
openiti_person_1302IbrahimAhdab,ابن حجة الحموي، تقي الدين أبو بكر بن علي (المتوفى: 837هـ),Ibrahim Ahdab,,,,,1302,,,OpenITI date code 1302,,"[""author""]",[],[],[],1,[],,,,1302IbrahimAhdab,"[""https://kitab-corpus-metadata.azurewebsites.net/""]"
openiti_person_1304AhmadFarisShidyaq,الشدياق,Ahmad Faris Shidyaq,,,,,1304,,,OpenITI date code 1304,,"[""author""]",[],[],[],2,[],,,,1304AhmadFarisShidyaq,"[""https://kitab-corpus-metadata.azurewebsites.net/""]"
openiti_person_1304CabdHayyLaknawi,محمد عبد الحي بن محمد عبد الحليم الأنصاري اللكنوي الهندي، أبو الحسنات,Cabd Hayy Laknawi,,,,,1304,,,OpenITI date code 1304,,"[""author""]",[],[],[],35,[],,,,1304CabdHayyLaknawi,"[""https://kitab-corpus-metadata.azurewebsites.net/""]"
openiti_person_1304Dahlan,أحمد زيني دحلان,Dahlan,,,,,1304,,,OpenITI date code 1304,,"[""author""]",[],[],[],5,[],,,,1304Dahlan,"[""https://kitab-corpus-metadata.azurewebsites.net/""]"
openiti_person_1304HaydarIbnSulaymanHilli,حيدر بن سليمان بن داود الحلي الحسيني (المتوفى: 1304هـ),Haydar Ibn Sulayman Hilli,,,,,1304,,,OpenITI date code 1304,,"[""author""]",[],[],[],2,[],,,,1304HaydarIbnSulaymanHilli,"[""https://kitab-corpus-metadata.azurewebsites.net/""]"
openiti_person_1305CaliBaSabrin,علي باصبرين,Cali Ba Sabrin,,,,,1305,,,OpenITI date code 1305,,"[""author""]",[],[],[],1,[],,,,1305CaliBaSabrin,"[""https://kitab-corpus-metadata.azurewebsites.net/""]"
openiti_person_1305IbnKhalilQawuqjiTarabulusi,محمد بن خليل بن إبراهيم المشيشي الطرابلسي,Ibn Khalil Qawuqji Tarabulusi,,,,,1305,,,OpenITI date code 1305,,"[""author""]",[],[],[],1,[],,,,1305IbnKhalilQawuqjiTarabulusi,"[""https://kitab-corpus-metadata.azurewebsites.net/""]"
openiti_person_1305MuhsinAbuHubb,الشيخ محسن أبو الحبّ,Muhsin Abu Hubb,,,,,1305,,,OpenITI date code 1305,,"[""author""]",[],[],[],1,[],,,,1305MuhsinAbuHubb,"[""https://kitab-corpus-metadata.azurewebsites.net/""]"
openiti_person_1306FikriBasha,عبد الله فكري «باشا» بن محمد بليغ بن عبد الله بن محمد (المتوفى: 1306هـ),Fikri Basha,,,,,1306,,,OpenITI date code 1306,,"[""author""]",[],[],[],1,[],,,,1306FikriBasha,"[""https://kitab-corpus-metadata.azurewebsites.net/""]"
openiti_person_1306HamidHusaynLakhnawi,السيد حامد النقوي,Hamid Husayn Lakhnawi,,,,,1306,,,OpenITI date code 1306,,"[""author""]",[],[],[],1,[],,,,1306HamidHusaynLakhnawi,"[""https://kitab-corpus-metadata.azurewebsites.net/""]"
openiti_person_1306HasanJubayna,حسن جبينة,Hasan Jubayna,,,,,1306,,,OpenITI date code 1306,,"[""author""]",[],[],[],1,[],,,,1306HasanJubayna,"[""https://kitab-corpus-metadata.azurewebsites.net/""]"
openiti_person_1306IbnMuhammadIbnCabidinDimashqi,ابن عابدين ( علاء الدين ),Ibn Muhammad Ibn Cabidin Dimashqi,,,,,1306,,,OpenITI date code 1306,,"[""author""]",[],[],[],1,[],,,,1306IbnMuhammadIbnCabidinDimashqi,"[""https://kitab-corpus-metadata.azurewebsites.net/""]"
openiti_person_1306IbrahimSubhi,إبراهيم صبحي,Ibrahim Subhi,,,,,1306,,,OpenITI date code 1306,,"[""author""]",[],[],[],1,[],,,,1306IbrahimSubhi,"[""https://kitab-corpus-metadata.azurewebsites.net/""]"
openiti_person_1306MuhammadQadriBasha,محمد قدري باشا (المتوفى: 1306ه),Muhammad Qadri Basha,,,,,1306,,,OpenITI date code 1306,,"[""author""]",[],[],[],1,[],,,,1306MuhammadQadriBasha,"[""https://kitab-corpus-metadata.azurewebsites.net/""]"
openiti_person_1306MullaCaliKanni,الملا على كني,Mulla Cali Kanni,,,,,1306,,,OpenITI date code 1306,,"[""author""]",[],[],[],1,[],,,,1306MullaCaliKanni,"[""https://kitab-corpus-metadata.azurewebsites.net/""]"
openiti_person_1306YusufBeyKaram,,Yusuf Bey Karam,,,,,1306,,,OpenITI date code 1306,,"[""author""]",[],[],[],1,[],,,,1306YusufBeyKaram,"[""https://kitab-corpus-metadata.azurewebsites.net/""]"
openiti_person_1307BulusButrusMascad,بولس مسعد,Bulus Butrus Mascad,,,,,1307,,,OpenITI date code 1307,,"[""author""]",[],[],[],1,[],,,,1307BulusButrusMascad,"[""https://kitab-corpus-metadata.azurewebsites.net/""]"
openiti_person_1307KhayrDinTunisi,خير الدين التونسي,Khayr Din Tunisi,,,,,1307,,,OpenITI date code 1307,,"[""author""]",[],[],[],1,[],,,,1307KhayrDinTunisi,"[""https://kitab-corpus-metadata.azurewebsites.net/""]"
openiti_person_1307Qannawji,القنوجي,Qannawji,,,,,1307,,,OpenITI date code 1307,,"[""author""]",[],[],[],13,[],,,,1307Qannawji,"[""https://kitab-corpus-metadata.azurewebsites.net/""]"
openiti_person_1308IbnKhalilHindiCuthmani,محمد رحمت الله بن خليل الرحمن الكيرانوي العثماني الهندي الحنفي (المتوفى: 1308هـ),Ibn Khalil Hindi Cuthmani,,,,,1308,,,OpenITI date code 1308,,"[""author""]",[],[],[],3,[],,,,1308IbnKhalilHindiCuthmani,"[""https://kitab-corpus-metadata.azurewebsites.net/""]"
openiti_person_1308IbrahimAhdabTarabulsi,إبراهيم الأحدب الطرابلسي,Ibrahim Ahdab Tarabulsi,,,,,1308,,,OpenITI date code 1308,,"[""author""]",[],[],[],1,[],,,,1308IbrahimAhdabTarabulsi,"[""https://kitab-corpus-metadata.azurewebsites.net/""]"
openiti_person_1310BakriDimyati,الدمياطي,Bakri Dimyati,,,,,1310,,,OpenITI date code 1310,,"[""author""]",[],[],[],1,[],,,,1310BakriDimyati,"[""https://kitab-corpus-metadata.azurewebsites.net/""]"
openiti_person_1310CaliMubarak,علي مبارك,Cali Mubarak,,,,,1310,,,OpenITI date code 1310,,"[""author""]",[],[],[],1,[],,,,1310CaliMubarak,"[""https://kitab-corpus-metadata.azurewebsites.net/""]"
openiti_person_1310MuhammadCaliAnsariTabrizi,التبريزي الأنصاري,Muhammad Cali Ansari Tabrizi,,,,,1310,,,OpenITI date code 1310,,"[""author""]",[],[],[],1,[],,,,1310MuhammadCaliAnsariTabrizi,"[""https://kitab-corpus-metadata.azurewebsites.net/""]"
openiti_person_1312CaliRuzdari,المولى علي الروزدري,Cali Ruzdari,,,,,1312,,,OpenITI date code 1312,,"[""author""]",[],[],[],1,[],,,,1312CaliRuzdari,"[""https://kitab-corpus-metadata.azurewebsites.net/""]"
openiti_person_1313CorneliusVanDyck,كرنليوس فان ديك,Cornelius Van Dyck,,,Kurniliyūs Fān Dīk,,1313,,,OpenITI date code 1313,,"[""author""]",[],[],[],2,[],,,,1313CorneliusVanDyck,"[""https://kitab-corpus-metadata.azurewebsites.net/""]"
openiti_person_1313MuhammadBaqirKajuri,الشيخ محمد باقر الكجوري,Muhammad Baqir Kajuri,,,,,1313,,,OpenITI date code 1313,,"[""author""]",[],[],[],1,[],,,,1313MuhammadBaqirKajuri,"[""https://kitab-corpus-metadata.azurewebsites.net/""]"
openiti_person_1313SayyidCaliBurujirdi,السيد علي البروجردي,Sayyid Cali Burujirdi,,,,,1313,,,OpenITI date code 1313,,"[""author""]",[],[],[],1,[],,,,1313SayyidCaliBurujirdi,"[""https://kitab-corpus-metadata.azurewebsites.net/""]"
openiti_person_1314CabdAllahNadim,صحيفة صدر العدد الأول منها في 16 يونيو عام 1881 م على يد عبد الله النديم (المتوفى 1314 ه),Cabd Allah Nadim,,,,,1314,,,OpenITI date code 1314,,"[""author""]",[],[],[],2,[],,,,1314CabdAllahNadim,"[""https://kitab-corpus-metadata.azurewebsites.net/""]"
openiti_person_1314JamalDinAfghani,جمال الدين الأفغاني,Jamal Din Afghani,,,,,1314,,,OpenITI date code 1314,,"[""author""]",[],[],[],4,[],,,,1314JamalDinAfghani,"[""https://kitab-corpus-metadata.azurewebsites.net/""]"
openiti_person_1314ShakirBatluni,شاكر بن مغامس بن محفوظ بن صالح شقير البتلوني (المتوفى: 1314هـ),Shakir Batluni,,,,,1314,,,OpenITI date code 1314,,"[""author""]",[],[],[],1,[],,,,1314ShakirBatluni,"[""https://kitab-corpus-metadata.azurewebsites.net/""]"
openiti_person_1315AbuMacaliKalbasi,أبي المعالي محمد بن محمد ابراهيم الكلباسي,Abu Macali Kalbasi,,,,,1315,,,OpenITI date code 1315,,"[""author""]",[],[],[],1,[],,,,1315AbuMacaliKalbasi,"[""https://kitab-corpus-metadata.azurewebsites.net/""]"
openiti_person_1315MuhammadCuthmanJalal,محمد عثمان جلال,Muhammad Cuthman Jalal,,,,,1315,,,OpenITI date code 1315,,"[""author""]",[],[],[],4,[],,,,1315MuhammadCuthmanJalal,"[""https://kitab-corpus-metadata.azurewebsites.net/""]"
openiti_person_1315Salawi,أبو العباس أحمد الناصرأبو العباس أحمد الناصري,Salawi,,,,,1315,,,OpenITI date code 1315,,"[""author""]",[],[],[],1,[],,,,1315Salawi,"[""https://kitab-corpus-metadata.azurewebsites.net/""]"
openiti_person_1316IbnCumarBantaniJawi,محمد بن عمر نووي الجاوي البنتني إقليما، التناري بلدا (المتوفى: 1316هـ),Ibn Cumar Bantani Jawi,,,,,1316,,,OpenITI date code 1316,,"[""author""]",[],[],[],3,[],,,,1316IbnCumarBantaniJawi,"[""https://kitab-corpus-metadata.azurewebsites.net/""]"
openiti_person_1316NajibHaddad,ألكسندر ديماس,Najib Haddad,,,,,1316,,,OpenITI date code 1316,,"[""author""]",[],[],[],6,[],,,,1316NajibHaddad,"[""https://kitab-corpus-metadata.azurewebsites.net/""]"
openiti_person_1317KhayrDinAlusi,نعمان بن محمود بن عبد الله، أبو البركات خير الدين، الآلوسي (المتوفى: 1317هـ),Khayr Din Alusi,,,,,1317,,,OpenITI date code 1317,,"[""author""]",[],[],[],5,[],,,,1317KhayrDinAlusi,"[""https://kitab-corpus-metadata.azurewebsites.net/""]"
openiti_person_1318AhmadDimashqi,أحمد بن مصطفى اللبابيدي الدمشقي (المتوفى: 1318هـ),Ahmad Dimashqi,,,,,1318,,,OpenITI date code 1318,,"[""author""]",[],[],[],1,[],,,,1318AhmadDimashqi,"[""https://kitab-corpus-metadata.azurewebsites.net/""]"
openiti_person_1318MuhammadSanusi,محمد بن عثمان بن محمد السنوسي، أبو عبد الله (المتوفى: 1318هـ),Muhammad Sanusi,,,,,1318,,,OpenITI date code 1318,,"[""author""]",[],[],[],1,[],,,,1318MuhammadSanusi,"[""https://kitab-corpus-metadata.azurewebsites.net/""]"
openiti_person_1318SulaymanIbnKhalil,سليمان بن خليل بن بطرس بن جاويش,Sulayman Ibn Khalil,,,,,1318,,,OpenITI date code 1318,,"[""author""]",[],[],[],1,[],,,,1318SulaymanIbnKhalil,"[""https://kitab-corpus-metadata.azurewebsites.net/""]"
openiti_person_1319IbnYasinLabadiNabulusi,عبد الغني بن ياسين بن محمود بن ياسين بن طه بن أحمد اللبدي النابلسي الحنبلي (المتوفى: 1319هـ),Ibn Yasin Labadi Nabulusi,,,,,1319,,,OpenITI date code 1319,,"[""author""]",[],[],[],1,[],,,,1319IbnYasinLabadiNabulusi,"[""https://kitab-corpus-metadata.azurewebsites.net/""]"
openiti_person_1319IshaqAlShaykh,إسحاق بن عبد الرحمن بن حسن آل الشيخ,Ishaq Al Shaykh,,,,,1319,,,OpenITI date code 1319,,"[""author""]",[],[],[],1,[],,,,1319IshaqAlShaykh,"[""https://kitab-corpus-metadata.azurewebsites.net/""]"
openiti_person_1319MahdiMuhammadHuthi,الإمام المهدي محمد بن القاسم الحوثي,Mahdi Muhammad Huthi,,,,,1319,,,OpenITI date code 1319,,"[""author""]",[],[],[],2,[],,,,1319MahdiMuhammadHuthi,"[""https://kitab-corpus-metadata.azurewebsites.net/""]"
openiti_person_1319MuhammadHasanAshtiyani,الشيخ الآشتياني,Muhammad Hasan Ashtiyani,,,,,1319,,,OpenITI date code 1319,,"[""author""]",[],[],[],1,[],,,,1319MuhammadHasanAshtiyani,"[""https://kitab-corpus-metadata.azurewebsites.net/""]"
openiti_person_1320AbuKhalilQabbani,أحمد أبو خليل القباني,Abu Khalil Qabbani,,,,,1320,,,OpenITI date code 1320,,"[""author""]",[],[],[],7,[],,,,1320AbuKhalilQabbani,"[""https://kitab-corpus-metadata.azurewebsites.net/""]"
openiti_person_1320IbnAhmadSayyidFuratiKawakibi,عبد الرحمن بن أحمد بن مسعود الكواكبي يلقب بالسيد الفراتي (المتوفى: 1320هـ),Ibn Ahmad Sayyid Furati Kawakibi,,,,,1320,,,OpenITI date code 1320,,"[""author""]",[],[],[],2,[],,,,1320IbnAhmadSayyidFuratiKawakibi,"[""https://kitab-corpus-metadata.azurewebsites.net/""]"
openiti_person_1320MuhammadHusaynIsbahani,الشيخ محمد حسين الأصفهانى,Muhammad Husayn Isbahani,,,,,1320,,,OpenITI date code 1320,,"[""author""]",[],[],[],1,[],,,,1320MuhammadHusaynIsbahani,"[""https://kitab-corpus-metadata.azurewebsites.net/""]"
openiti_person_1320NuriTabarsi,طبرسي/طبرسي,Nuri Tabarsi,,,Ṭabrisī/Ṭabarsī,,1320,,,OpenITI date code 1320,,"[""author""]",[],[],[],3,[],,,,1320NuriTabarsi,"[""https://kitab-corpus-metadata.azurewebsites.net/""]"
openiti_person_1321MirzaJacfarTabatabai,السيد ميرزا جعفر الطباطبائي الحائري,Mirza Jacfar Tabatabai,,,,,1321,,,OpenITI date code 1321,,"[""author""]",[],[],[],1,[],,,,1321MirzaJacfarTabatabai,"[""https://kitab-corpus-metadata.azurewebsites.net/""]"
openiti_person_1322HasanTawfiqCadl,حسن توفيق بن عبد الرحمن العدل (المتوفى: 1322هـ),Hasan Tawfiq Cadl,,,,,1322,,,OpenITI date code 1322,,"[""author""]",[],[],[],1,[],,,,1322HasanTawfiqCadl,"[""https://kitab-corpus-metadata.azurewebsites.net/""]"
openiti_person_1323CabbasNajlJacfarKashifGhita,الشيخ عباس ( نجل الشيخ حسن صاحب كتاب أنوار الفقاهة ),Cabbas Najl Jacfar Kashif Ghita,,,,,1323,,,OpenITI date code 1323,,"[""author""]",[],[],[],1,[],,,,1323CabbasNajlJacfarKashifGhita,"[""https://kitab-corpus-metadata.azurewebsites.net/""]"
openiti_person_1323MuhammadCabduh,محمد عبده,Muhammad Cabduh,,,,,1323,,,OpenITI date code 1323,,"[""author""]",[],[],[],3,[],,,,1323MuhammadCabduh,"[""https://kitab-corpus-metadata.azurewebsites.net/""]"
openiti_person_1323RashidAhmadGanguhi,رشيد الكنكوهي,Rashid Ahmad Ganguhi,,,,,1323,,,OpenITI date code 1323,,"[""author""]",[],[],[],1,[],,,,1323RashidAhmadGanguhi,"[""https://kitab-corpus-metadata.azurewebsites.net/""]"
openiti_person_1324FuadAframBustani,فؤاد افرام البستاني (ت: 1906م),Fuad Afram Bustani,,,,,1324,,,OpenITI date code 1324,,"[""author""]",[],[],[],1,[],,,,1324FuadAframBustani,"[""https://kitab-corpus-metadata.azurewebsites.net/""]"
openiti_person_1324IbnNasifNasraniYaziji,إبراهيم اليازجي,Ibn Nasif Nasrani Yaziji,,,,,1324,,,OpenITI date code 1324,,"[""author""]",[],[],[],2,[],,,,1324IbnNasifNasraniYaziji,"[""https://kitab-corpus-metadata.azurewebsites.net/""]"
openiti_person_1324IbrahimNazji,الشيخ إبراهيم اليازجي اللبناني,Ibrahim Nazji,,,,,1324,,,OpenITI date code 1324,,"[""author""]",[],[],[],1,[],,,,1324IbrahimNazji,"[""https://kitab-corpus-metadata.azurewebsites.net/""]"
openiti_person_1324JamilNakhlaMudawwar,جميل نخلة المدور,Jamil Nakhla Mudawwar,,,,,1324,,,OpenITI date code 1324,,"[""author""]",[],[],[],1,[],,,,1324JamilNakhlaMudawwar,"[""https://kitab-corpus-metadata.azurewebsites.net/""]"
openiti_person_1325AntunNajib,أنطون نجيب,Antun Najib,,,,,1325,,,OpenITI date code 1325,,"[""author""]",[],[],[],1,[],,,,1325AntunNajib,"[""https://kitab-corpus-metadata.azurewebsites.net/""]"
openiti_person_1325CabdMajidLutfi,عبد المجيد لطفي,Cabd Majid Lutfi,,,,,1325,,,OpenITI date code 1325,,"[""author""]",[],[],[],1,[],,,,1325CabdMajidLutfi,"[""https://kitab-corpus-metadata.azurewebsites.net/""]"
openiti_person_1325IbnMutahharHalabi,,Ibn Mutahhar Halabi,,,,,1325,,,OpenITI date code 1325,,"[""author""]",[],[],[],1,[],,,,1325IbnMutahharHalabi,"[""https://kitab-corpus-metadata.azurewebsites.net/""]"
openiti_person_1325MishilUkhya,ميشيل أغيا,Mishil Ukhya,,,,,1325,,,OpenITI date code 1325,,"[""author""]",[],[],[],1,[],,,,1325MishilUkhya,"[""https://kitab-corpus-metadata.azurewebsites.net/""]"
openiti_person_1325MuhammadZaki,محمد زكي,Muhammad Zaki,,,,,1325,,,OpenITI date code 1325,,"[""author""]",[],[],[],1,[],,,,1325MuhammadZaki,"[""https://kitab-corpus-metadata.azurewebsites.net/""]"
openiti_person_1325NajibAshciya,نجيب أشعيا,Najib Ashciya,,,,,1325,,,OpenITI date code 1325,,"[""author""]",[],[],[],1,[],,,,1325NajibAshciya,"[""https://kitab-corpus-metadata.azurewebsites.net/""]"
openiti_person_1325NajibMandrawi,نجيب المندراوي,Najib Mandrawi,,,,,1325,,,OpenITI date code 1325,,"[""author""]",[],[],[],1,[],,,,1325NajibMandrawi,"[""https://kitab-corpus-metadata.azurewebsites.net/""]"
openiti_person_1325YusufDibs,يوسف الدبس,Yusuf Dibs,,,,,1325,,,OpenITI date code 1325,,"[""author""]",[],[],[],1,[],,,,1325YusufDibs,"[""https://kitab-corpus-metadata.azurewebsites.net/""]"
openiti_person_1326CabdRahmanShirbini,زكريا بن محمد بن أحمد بن زكريا الأنصاري، زين الدين أبو يحيى السنيكي (المتوفى: 926ه),Cabd Rahman Shirbini,,,,,1326,,,OpenITI date code 1326,,"[""author""]",[],[],[],1,[],,,,1326CabdRahmanShirbini,"[""https://kitab-corpus-metadata.azurewebsites.net/""]"
openiti_person_1326HartwigDerenbourg,عمارة بن علي بن زيدان الحكمي المذحجي اليمني، أبو محمد، نجم الدين (المتوفى: 569هـ),Hartwig Derenbourg,,,,,1326,,,OpenITI date code 1326,,"[""author""]",[],[],[],1,[],,,,1326HartwigDerenbourg,"[""https://kitab-corpus-metadata.azurewebsites.net/""]"
openiti_person_1326IbnMuhammadHindiSahsayani,محمد بشير بن محمد بدر الدين السهسواني الهندي (المتوفى: 1326هـ),Ibn Muhammad Hindi Sahsayani,,,,,1326,,,OpenITI date code 1326,,"[""author""]",[],[],[],1,[],,,,1326IbnMuhammadHindiSahsayani,"[""https://kitab-corpus-metadata.azurewebsites.net/""]"
openiti_person_1326MuhammadAlBahrCulum,السيد محمد بحر العلوم,Muhammad Al Bahr Culum,,,,,1326,,,OpenITI date code 1326,,"[""author""]",[],[],[],1,[],,,,1326MuhammadAlBahrCulum,"[""https://kitab-corpus-metadata.azurewebsites.net/""]"
openiti_person_1326MustafaKamil,مصطفى كامل,Mustafa Kamil,,,,,1326,,,OpenITI date code 1326,,"[""author""]",[],[],[],3,[],,,,1326MustafaKamil,"[""https://kitab-corpus-metadata.azurewebsites.net/""]"
openiti_person_1327AhmadIbrahimCisa,أحمد بن إبراهيم بن حمد بن محمد بن حمد بن عبد الله بن عيسى (المتوفى: 1327هـ),Ahmad Ibrahim Cisa,,,,,1327,,,OpenITI date code 1327,,"[""author""]",[],[],[],2,[],,,,1327AhmadIbrahimCisa,"[""https://kitab-corpus-metadata.azurewebsites.net/""]"
openiti_person_1327FadlAllahNuri,الشيخ فضل الله النوري,Fadl Allah Nuri,,,,,1327,,,OpenITI date code 1327,,"[""author""]",[],[],[],1,[],,,,1327FadlAllahNuri,"[""https://kitab-corpus-metadata.azurewebsites.net/""]"
openiti_person_1328AbuHudaSayyadi,أبو الهدى الصيادي,Abu Huda Sayyadi,,,,,1328,,,OpenITI date code 1328,,"[""author""]",[],[],[],1,[],,,,1328AbuHudaSayyadi,"[""https://kitab-corpus-metadata.azurewebsites.net/""]"
openiti_person_1328MuhammadJawadBalaghi,الشيخ محمد جواد البلاغي,Muhammad Jawad Balaghi,,,,,1328,,,OpenITI date code 1328,,"[""author""]",[],[],[],5,[],,,,1328MuhammadJawadBalaghi,"[""https://kitab-corpus-metadata.azurewebsites.net/""]"
openiti_person_1328ShahinMakarius,شاهين مكاريوس,Shahin Makarius,,,,,1328,,,OpenITI date code 1328,,"[""author""]",[],[],[],2,[],,,,1328ShahinMakarius,"[""https://kitab-corpus-metadata.azurewebsites.net/""]"
openiti_person_1329AkhundMullaAbuTalibAraki,آخوند ملا أبو طالب الأراكي,Akhund Mulla Abu Talib Araki,,,,,1329,,,OpenITI date code 1329,,"[""author""]",[],[],[],1,[],,,,1329AkhundMullaAbuTalibAraki,"[""https://kitab-corpus-metadata.azurewebsites.net/""]"
openiti_person_1329MuhammadAshrafCazimabadi,محمد شمس الحق العظيم آبادي,Muhammad Ashraf Cazimabadi,,,,,1329,,,OpenITI date code 1329,,"[""author""]",[],[],[],1,[],,,,1329MuhammadAshrafCazimabadi,"[""https://kitab-corpus-metadata.azurewebsites.net/""]"
openiti_person_1329MuhammadKazimAkhundKhurasani,الآخوند الخراساني,Muhammad Kazim Akhund Khurasani,,,,,1329,,,OpenITI date code 1329,,"[""author""]",[],[],[],4,[],,,,1329MuhammadKazimAkhundKhurasani,"[""https://kitab-corpus-metadata.azurewebsites.net/""]"
openiti_person_1330IbnMuhammadJazairiDimashqi,محمد بن محمد بن المبارك الحسني الجزائري ثم الدمشقي (المتوفى: 1330هـ),Ibn Muhammad Jazairi Dimashqi,,,,,1330,,,OpenITI date code 1330,,"[""author""]",[],[],[],1,[],,,,1330IbnMuhammadJazairiDimashqi,"[""https://kitab-corpus-metadata.azurewebsites.net/""]"
openiti_person_1330IbnMusaTabrizi,التبريزي,Ibn Musa Tabrizi,,,,,1330,,,OpenITI date code 1330,,"[""author""]",[],[],[],1,[],,,,1330IbnMusaTabrizi,"[""https://kitab-corpus-metadata.azurewebsites.net/""]"
openiti_person_1330MuhammadYahyaWalati,العلامة الشيخ سيدي محمد يحيى بن عمر المختار بن الطالب عبد الله الولاتي الشنقيطي رحمه الله,Muhammad Yahya Walati,,,,,1330,,,OpenITI date code 1330,,"[""author""]",[],[],[],1,[],,,,1330MuhammadYahyaWalati,"[""https://kitab-corpus-metadata.azurewebsites.net/""]"
openiti_person_1330YacqubSanuc,يعقوب صنوع,Yacqub Sanuc,,,,,1330,,,OpenITI date code 1330,,"[""author""]",[],[],[],7,[],,,,1330YacqubSanuc,"[""https://kitab-corpus-metadata.azurewebsites.net/""]"
openiti_person_1331IbnAminShinqiti,أحمد بن الأمين الشنقيطي,Ibn Amin Shinqiti,,,,,1331,,,OpenITI date code 1331,,"[""author""]",[],[],[],2,[],,,,1331IbnAminShinqiti,"[""https://kitab-corpus-metadata.azurewebsites.net/""]"
openiti_person_1331IbnAmirCabdQadirJazairi,محمد (باشا) ابن الأمير عبد القادر ابن محيي الدين الحسني الجزائري (المتوفى: 1331هـ),Ibn Amir Cabd Qadir Jazairi,,,,,1331,,,OpenITI date code 1331,,"[""author""]",[],[],[],1,[],,,,1331IbnAmirCabdQadirJazairi,"[""https://kitab-corpus-metadata.azurewebsites.net/""]"
openiti_person_1331JurjiZaydan,جُرجي زيدان,Jurji Zaydan,,,,,1331,,,OpenITI date code 1331,,"[""author""]",[],[],[],30,[],,,,1331JurjiZaydan,"[""https://kitab-corpus-metadata.azurewebsites.net/""]"
openiti_person_1331RuhiKhalidi,روحي الخالدي,Ruhi Khalidi,,,,,1331,,,OpenITI date code 1331,,"[""author""]",[],[],[],2,[],,,,1331RuhiKhalidi,"[""https://kitab-corpus-metadata.azurewebsites.net/""]"
openiti_person_1332AhmadFathiZaghlul,غوستاف لوبون,Ahmad Fathi Zaghlul,,,,,1332,,,OpenITI date code 1332,,"[""author""]",[],[],[],1,[],,,,1332AhmadFathiZaghlul,"[""https://kitab-corpus-metadata.azurewebsites.net/""]"
openiti_person_1332HassunBuraqi,السيد البراقي,Hassun Buraqi,,,,,1332,,,OpenITI date code 1332,,"[""author""]",[],[],[],1,[],,,,1332HassunBuraqi,"[""https://kitab-corpus-metadata.azurewebsites.net/""]"
openiti_person_1332IbnMuhammadJamalDinQasimi,محمد جمال الدين بن محمد سعيد بن قاسم الحلاق القاسمي (المتوفى: 1332هـ),Ibn Muhammad Jamal Din Qasimi,,,,,1332,,,OpenITI date code 1332,,"[""author""]",[],[],[],10,[],,,,1332IbnMuhammadJamalDinQasimi,"[""https://kitab-corpus-metadata.azurewebsites.net/""]"
openiti_person_1332MahmudSamiBarudi,محمود سامي البارودي,Mahmud Sami Barudi,,,,,1332,,,OpenITI date code 1332,,"[""author""]",[],[],[],1,[],,,,1332MahmudSamiBarudi,"[""https://kitab-corpus-metadata.azurewebsites.net/""]"
openiti_person_1332NurDinSalimi,نور الدين أبو محمد عبد الله بن حميد السالمي (المتوفى : 1332ه/1914م,Nur Din Salimi,,,,,1332,,,OpenITI date code 1332,,"[""author""]",[],[],[],17,[],,,,1332NurDinSalimi,"[""https://kitab-corpus-metadata.azurewebsites.net/""]"
openiti_person_1332QutbAtfayyish,,Qutb Atfayyish,,,,,1332,,,OpenITI date code 1332,,"[""author""]",[],[],[],12,[],,,,1332QutbAtfayyish,"[""https://kitab-corpus-metadata.azurewebsites.net/""]"
openiti_person_1332ZaynabFawwaz,زينب بنت علي بن حسين بن عبيد الله بن حسن بن إبراهيم بن محمد بن يوسف فواز العاملي (المتوفى: 1332هـ),Zaynab Fawwaz,,,,,1332,,,OpenITI date code 1332,,"[""author""]",[],[],[],2,[],,,,1332ZaynabFawwaz,"[""https://kitab-corpus-metadata.azurewebsites.net/""]"
openiti_person_1333CaliHairiYazdi,الشيخ علي اليزدي الحائري,Cali Hairi Yazdi,,,,,1333,,,OpenITI date code 1333,,"[""author""]",[],[],[],1,[],,,,1333CaliHairiYazdi,"[""https://kitab-corpus-metadata.azurewebsites.net/""]"
openiti_person_1333NiqulaRizqAllah,نقولا رزق الله,Niqula Rizq Allah,,,,,1333,,,OpenITI date code 1333,,"[""author""]",[],[],[],3,[],,,,1333NiqulaRizqAllah,"[""https://kitab-corpus-metadata.azurewebsites.net/""]"
openiti_person_1334AhmadIbnIbrahimSabuni,أحمد بن إبراهيم الصابوني,Ahmad Ibn Ibrahim Sabuni,,,,,1334,,,OpenITI date code 1334,,"[""author""]",[],[],[],1,[],,,,1334AhmadIbnIbrahimSabuni,"[""https://kitab-corpus-metadata.azurewebsites.net/""]"
openiti_person_1334CaliKhaqani,علي الخاقاني,Cali Khaqani,,,ʿAlī al-Ḫāqānī,,1334,,,OpenITI date code 1334,,"[""author""]",[],[],[],1,[],,,,1334CaliKhaqani,"[""https://kitab-corpus-metadata.azurewebsites.net/""]"
openiti_person_1334HasanQandil,حسن قنديل,Hasan Qandil,,,,,1334,,,OpenITI date code 1334,,"[""author""]",[],[],[],1,[],,,,1334HasanQandil,"[""https://kitab-corpus-metadata.azurewebsites.net/""]"
openiti_person_1334NajmDinTabasi,الشيخ نجم الدين الطبسي,Najm Din Tabasi,,,,,1334,,,OpenITI date code 1334,,"[""author""]",[],[],[],4,[],,,,1334NajmDinTabasi,"[""https://kitab-corpus-metadata.azurewebsites.net/""]"
openiti_person_1335CabdRazzaqBaytar,عبد الرزاق بن حسن بن إبراهيم البيطار الميداني الدمشقي (المتوفى: 1335هـ),Cabd Razzaq Baytar,,,,,1335,,,OpenITI date code 1335,,"[""author""]",[],[],[],1,[],,,,1335CabdRazzaqBaytar,"[""https://kitab-corpus-metadata.azurewebsites.net/""]"
openiti_person_1335IbnCabdSamicAbiAzhari,صالح بن عبد السميع الأزهري,Ibn Cabd Samic Abi Azhari,,,,,1335,,,OpenITI date code 1335,,"[""author""]",[],[],[],2,[],,,,1335IbnCabdSamicAbiAzhari,"[""https://kitab-corpus-metadata.azurewebsites.net/""]"
openiti_person_1335ShibliShumayyil,شبلي شميل,Shibli Shumayyil,,,,,1335,,,OpenITI date code 1335,,"[""author""]",[],[],[],5,[],,,,1335ShibliShumayyil,"[""https://kitab-corpus-metadata.azurewebsites.net/""]"
openiti_person_1336CabdHamidThani,عبد الحميد (الثاني) بن عبد المجيد (الأول) (المتوفى: 1336هـ),Cabd Hamid Thani,,,,,1336,,,OpenITI date code 1336,,"[""author""]",[],[],[],1,[],,,,1336CabdHamidThani,"[""https://kitab-corpus-metadata.azurewebsites.net/""]"
openiti_person_1336MalakHifniNasif,ملك حفني ناصف,Malak Hifni Nasif,,,,,1336,,,OpenITI date code 1336,,"[""author""]",[],[],[],1,[],,,,1336MalakHifniNasif,"[""https://kitab-corpus-metadata.azurewebsites.net/""]"
openiti_person_1337AhmadJindari,,Ahmad Jindari,,,,,1337,,,OpenITI date code 1337,,"[""author""]",[],[],[],2,[],,,,1337AhmadJindari,"[""https://kitab-corpus-metadata.azurewebsites.net/""]"
openiti_person_1337CabdQadirMajlisi,عبد القادر المجلسي,Cabd Qadir Majlisi,,,,,1337,,,OpenITI date code 1337,,"[""author""]",[],[],[],1,[],,,,1337CabdQadirMajlisi,"[""https://kitab-corpus-metadata.azurewebsites.net/""]"
openiti_person_1337IbnCabdAllahJundari,الإمام أحمد المرتضى,Ibn Cabd Allah Jundari,,,,,1337,,,OpenITI date code 1337,,"[""author""]",[],[],[],1,[],,,,1337IbnCabdAllahJundari,"[""https://kitab-corpus-metadata.azurewebsites.net/""]"
openiti_person_1337MuhammadKazimTabatabaiYazdi,السيد اليزدي,Muhammad Kazim Tabatabai Yazdi,,,,,1337,,,OpenITI date code 1337,,"[""author""]",[],[],[],4,[],,,,1337MuhammadKazimTabatabaiYazdi,"[""https://kitab-corpus-metadata.azurewebsites.net/""]"
openiti_person_1337MuhammadZahriGhamrawi,العلامة محمد الزهري الغمراوي,Muhammad Zahri Ghamrawi,,,,,1337,,,OpenITI date code 1337,,"[""author""]",[],[],[],1,[],,,,1337MuhammadZahriGhamrawi,"[""https://kitab-corpus-metadata.azurewebsites.net/""]"
openiti_person_1338AbuMuslimBahlani,,Abu Muslim Bahlani,,,,,1338,,,OpenITI date code 1338,,"[""author""]",[],[],[],3,[],,,,1338AbuMuslimBahlani,"[""https://kitab-corpus-metadata.azurewebsites.net/""]"
openiti_person_1338MuhammadFaridBey,محمد فريد بك,Muhammad Farid Bey,,,,,1338,,,OpenITI date code 1338,,"[""author""]",[],[],[],3,[],,,,1338MuhammadFaridBey,"[""https://kitab-corpus-metadata.azurewebsites.net/""]"
openiti_person_1338TahirJazairi,طاهر الجزائري,Tahir Jazairi,,,,,1338,,,OpenITI date code 1338,,"[""author""]",[],[],[],2,[],,,,1338TahirJazairi,"[""https://kitab-corpus-metadata.azurewebsites.net/""]"
openiti_person_1338TahirJazairiDimashqi,طاهر الجزائري الدمشقي,Tahir Jazairi Dimashqi,,,,,1338,,,OpenITI date code 1338,,"[""author""]",[],[],[],1,[],,,,1338TahirJazairiDimashqi,"[""https://kitab-corpus-metadata.azurewebsites.net/""]"
openiti_person_1338Tawzari,عثمان بن المكي التوزري الزبيدي,Tawzari,,,,,1338,,,OpenITI date code 1338,,"[""author""]",[],[],[],1,[],,,,1338Tawzari,"[""https://kitab-corpus-metadata.azurewebsites.net/""]"
openiti_person_1339FursatDawlaShirazi,,Fursat Dawla Shirazi,,,,,1339,,,OpenITI date code 1339,,"[""author""]",[],[],[],1,[],,,,1339FursatDawlaShirazi,"[""https://kitab-corpus-metadata.azurewebsites.net/""]"
openiti_person_1339IsmacilBashaBaghdadi,اسماعيل باشا بغدادي,Ismacil Basha Baghdadi,,,Ismāʿīl Bāšā Baġdādī,,1339,,,OpenITI date code 1339,,"[""author""]",[],[],[],2,[],,,,1339IsmacilBashaBaghdadi,"[""https://kitab-corpus-metadata.azurewebsites.net/""]"
openiti_person_1339MuhammadDiyab,محمد دياب,Muhammad Diyab,,,,,1339,,,OpenITI date code 1339,,"[""author""]",[],[],[],1,[],,,,1339MuhammadDiyab,"[""https://kitab-corpus-metadata.azurewebsites.net/""]"
openiti_person_1339MuhammadTaymur,محمد تيمور,Muhammad Taymur,,,,,1339,,,OpenITI date code 1339,,"[""author""]",[],[],[],4,[],,,,1339MuhammadTaymur,"[""https://kitab-corpus-metadata.azurewebsites.net/""]"
openiti_person_1339ShaykhSharicaIsbahani,الأصبهاني,Shaykh Sharica Isbahani,,,,,1339,,,OpenITI date code 1339,,"[""author""]",[],[],[],1,[],,,,1339ShaykhSharicaIsbahani,"[""https://kitab-corpus-metadata.azurewebsites.net/""]"
openiti_person_1339WaliDinYakin,ولي الدين يكن,Wali Din Yakin,,,,,1339,,,OpenITI date code 1339,,"[""author""]",[],[],[],3,[],,,,1339WaliDinYakin,"[""https://kitab-corpus-metadata.azurewebsites.net/""]"
openiti_person_1340CaliBahrani,الشيخ علي البحراني,Cali Bahrani,,,,,1340,,,OpenITI date code 1340,,"[""author""]",[],[],[],2,[],,,,1340CaliBahrani,"[""https://kitab-corpus-metadata.azurewebsites.net/""]"
openiti_person_1340FarahAntun,فرح أنطون,Farah Antun,,,,,1340,,,OpenITI date code 1340,,"[""author""]",[],[],[],5,[],,,,1340FarahAntun,"[""https://kitab-corpus-metadata.azurewebsites.net/""]"
openiti_person_1340HabibAllahSharifKashani,الملا حبيب الله الشريف الكاشاني,Habib Allah Sharif Kashani,,,,,1340,,,OpenITI date code 1340,,"[""author""]",[],[],[],1,[],,,,1340HabibAllahSharifKashani,"[""https://kitab-corpus-metadata.azurewebsites.net/""]"
openiti_person_1340NaccumShuqayr,نعوم شقير,Naccum Shuqayr,,,,,1340,,,OpenITI date code 1340,,"[""author""]",[],[],[],1,[],,,,1340NaccumShuqayr,"[""https://kitab-corpus-metadata.azurewebsites.net/""]"
openiti_person_1341AbuBakrIbnShihab,ابن شهاب,Abu Bakr Ibn Shihab,,,,,1341,,,OpenITI date code 1341,,"[""author""]",[],[],[],1,[],,,,1341AbuBakrIbnShihab,"[""https://kitab-corpus-metadata.azurewebsites.net/""]"
openiti_person_1341CabdHayyTalibi,عبد الحي بن فخر الدين بن عبد العلي الحسني الطالبي (المتوفى: 1341ه),Cabd Hayy Talibi,,,,,1341,,,OpenITI date code 1341,,"[""author""]",[],[],[],1,[],,,,1341CabdHayyTalibi,"[""https://kitab-corpus-metadata.azurewebsites.net/""]"
openiti_person_1341CabdMasihAntaki,عبد المسيح أنطاكي,Cabd Masih Antaki,,,,,1341,,,OpenITI date code 1341,,"[""author""]",[],[],[],1,[],,,,1341CabdMasihAntaki,"[""https://kitab-corpus-metadata.azurewebsites.net/""]"
openiti_person_1341IdwarIlyas,إدوار إلياس,Idwar Ilyas,,,,,1341,,,OpenITI date code 1341,,"[""author""]",[],[],[],1,[],,,,1341IdwarIlyas,"[""https://kitab-corpus-metadata.azurewebsites.net/""]"
openiti_person_1341IsmacilSabri,إسماعيل صبري,Ismacil Sabri,,,,,1341,,,OpenITI date code 1341,,"[""author""]",[],[],[],1,[],,,,1341IsmacilSabri,"[""https://kitab-corpus-metadata.azurewebsites.net/""]"
openiti_person_1341SayfIbnNasirKharusi,,Sayf Ibn Nasir Kharusi,,,,,1341,,,OpenITI date code 1341,,"[""author""]",[],[],[],1,[],,,,1341SayfIbnNasirKharusi,"[""https://kitab-corpus-metadata.azurewebsites.net/""]"
openiti_person_1342CabdHayyHasani,عبد الحي الحسني,Cabd Hayy Hasani,,,,,1342,,,OpenITI date code 1342,,"[""author""]",[],[],[],1,[],,,,1342CabdHayyHasani,"[""https://kitab-corpus-metadata.azurewebsites.net/""]"
openiti_person_1342CafifaKaram,عفيفة كرم,Cafifa Karam,,,,,1342,,,OpenITI date code 1342,,"[""author""]",[],[],[],1,[],,,,1342CafifaKaram,"[""https://kitab-corpus-metadata.azurewebsites.net/""]"
openiti_person_1342JacfarHashimi,جعفر بن السيد حسين هاشم المدني,Jacfar Hashimi,,,,,1342,,,OpenITI date code 1342,,"[""author""]",[],[],[],1,[],,,,1342JacfarHashimi,"[""https://kitab-corpus-metadata.azurewebsites.net/""]"
openiti_person_1342MahmudShukriAlusi,الألوسي، محمود شكري,Mahmud Shukri Alusi,,,,,1342,,,OpenITI date code 1342,,"[""author""]",[],[],[],9,[],,,,1342MahmudShukriAlusi,"[""https://kitab-corpus-metadata.azurewebsites.net/""]"
openiti_person_1342MustafaLutfiManfaluti,مصطفى لطفي المنفلوطي,Mustafa Lutfi Manfaluti,,,,,1342,,,OpenITI date code 1342,,"[""author""]",[],[],[],8,[],,,,1342MustafaLutfiManfaluti,"[""https://kitab-corpus-metadata.azurewebsites.net/""]"
openiti_person_1342TawfiqCazuz,توفيق عزوز,Tawfiq Cazuz,,,,,1342,,,OpenITI date code 1342,,"[""author""]",[],[],[],2,[],,,,1342TawfiqCazuz,"[""https://kitab-corpus-metadata.azurewebsites.net/""]"
openiti_person_1343HasanIbnYahyaQasimi,الإمام الهادي الحسن بن يحيى القاسمي عليهما السلام,Hasan Ibn Yahya Qasimi,,,,,1343,,,OpenITI date code 1343,,"[""author""]",[],[],[],1,[],,,,1343HasanIbnYahyaQasimi,"[""https://kitab-corpus-metadata.azurewebsites.net/""]"
openiti_person_1343RafiqCazm,رفيق العظم,Rafiq Cazm,,,,,1343,,,OpenITI date code 1343,,"[""author""]",[],[],[],3,[],,,,1343RafiqCazm,"[""https://kitab-corpus-metadata.azurewebsites.net/""]"
openiti_person_1343SulaymanBustani,سليمان البستاني,Sulayman Bustani,,,,,1343,,,OpenITI date code 1343,,"[""author""]",[],[],[],2,[],,,,1343SulaymanBustani,"[""https://kitab-corpus-metadata.azurewebsites.net/""]"
openiti_person_1343YusufBustani,يوسف البستاني,Yusuf Bustani,,,,,1343,,,OpenITI date code 1343,,"[""author""]",[],[],[],4,[],,,,1343YusufBustani,"[""https://kitab-corpus-metadata.azurewebsites.net/""]"
openiti_person_1344IliyasCabduhQudsi,إلياس عبده قدسي,Iliyas Cabduh Qudsi,,,,,1344,,,OpenITI date code 1344,,"[""author""]",[],[],[],1,[],,,,1344IliyasCabduhQudsi,"[""https://kitab-corpus-metadata.azurewebsites.net/""]"
openiti_person_1344SalimSarkis,سليم سركيس,Salim Sarkis,,,,,1344,,,OpenITI date code 1344,,"[""author""]",[],[],[],1,[],,,,1344SalimSarkis,"[""https://kitab-corpus-metadata.azurewebsites.net/""]"
openiti_person_1344TaniyusCabduh,ألكسندر ديماس,Taniyus Cabduh,,,,,1344,,,OpenITI date code 1344,,"[""author""]",[],[],[],4,[],,,,1344TaniyusCabduh,"[""https://kitab-corpus-metadata.azurewebsites.net/""]"
openiti_person_1345IbnCafifiKhudari,لا يوجد,Ibn Cafifi Khudari,,,,,1345,,,OpenITI date code 1345,,"[""author""]",[],[],[],1,[],,,,1345IbnCafifiKhudari,"[""https://kitab-corpus-metadata.azurewebsites.net/""]"
openiti_person_1345IbnJacfarKattani,ابن جعفر الكتاني,Ibn Jacfar Kattani,,,Ibn Ǧaʿfar al-Kattānī,,1345,,,OpenITI date code 1345,,"[""author""]",[],[],[],3,[],,,,1345IbnJacfarKattani,"[""https://kitab-corpus-metadata.azurewebsites.net/""]"
openiti_person_1345IbnMuhsinKashani,إبراهيم بن المحسن الكاشاني,Ibn Muhsin Kashani,,,,,1345,,,OpenITI date code 1345,,"[""author""]",[],[],[],1,[],,,,1345IbnMuhsinKashani,"[""https://kitab-corpus-metadata.azurewebsites.net/""]"
openiti_person_1345JurjTannus,جورج طنوس,Jurj Tannus,,,,,1345,,,OpenITI date code 1345,,"[""author""]",[],[],[],1,[],,,,1345JurjTannus,"[""https://kitab-corpus-metadata.azurewebsites.net/""]"
openiti_person_1345YacqubSarruf,يعقوب صرُّوف,Yacqub Sarruf,,,,,1345,,,OpenITI date code 1345,,"[""author""]",[],[],[],3,[],,,,1345YacqubSarruf,"[""https://kitab-corpus-metadata.azurewebsites.net/""]"
openiti_person_1346AminWasif,أمين واصف,Amin Wasif,,,,,1346,,,OpenITI date code 1346,,"[""author""]",[],[],[],2,[],,,,1346AminWasif,"[""https://kitab-corpus-metadata.azurewebsites.net/""]"
openiti_person_1346CabbasIbnMuhammadMadani,عباس بن محمد بن أحمد بن السيد رضوان المدني الشافعي (المتوفى: 1346هـ),Cabbas Ibn Muhammad Madani,,,,,1346,,,OpenITI date code 1346,,"[""author""]",[],[],[],1,[],,,,1346CabbasIbnMuhammadMadani,"[""https://kitab-corpus-metadata.azurewebsites.net/""]"
openiti_person_1346CabdQadirBadran,عبد القادر بن أحمد بدران,Cabd Qadir Badran,,,,,1346,,,OpenITI date code 1346,,"[""author""]",[],[],[],3,[],,,,1346CabdQadirBadran,"[""https://kitab-corpus-metadata.azurewebsites.net/""]"
openiti_person_1346HakimMicrajDin,حكيم معراج الدين,Hakim Micraj Din,,,,,1346,,,OpenITI date code 1346,,"[""author""]",[],[],[],1,[],,,,1346HakimMicrajDin,"[""https://kitab-corpus-metadata.azurewebsites.net/""]"
openiti_person_1346IlyasAyyubi,إلياس الأيوبي,Ilyas Ayyubi,,,,,1346,,,OpenITI date code 1346,,"[""author""]",[],[],[],2,[],,,,1346IlyasAyyubi,"[""https://kitab-corpus-metadata.azurewebsites.net/""]"
openiti_person_1346KhalilAhmadSaharanpuri,خليل أحمد السهارنفوري,Khalil Ahmad Saharanpuri,,,,,1346,,,OpenITI date code 1346,,"[""author""]",[],[],[],1,[],,,,1346KhalilAhmadSaharanpuri,"[""https://kitab-corpus-metadata.azurewebsites.net/""]"
openiti_person_1346LuisShikhuYasuci,لويس شيخو,Luis Shikhu Yasuci,,,,,1346,,,OpenITI date code 1346,,"[""author""]",[],[],[],6,[],,,,1346LuisShikhuYasuci,"[""https://kitab-corpus-metadata.azurewebsites.net/""]"
openiti_person_1347BashirYamut,بشير يموت البيروتي (المتوفى: بعد 1347هـ),Bashir Yamut,,,,,1347,,,OpenITI date code 1347,,"[""author""]",[],[],[],1,[],,,,1347BashirYamut,"[""https://kitab-corpus-metadata.azurewebsites.net/""]"
openiti_person_1347CabdFattahCabada,عبد الفتاح عبادة,Cabd Fattah Cabada,,,,,1347,,,OpenITI date code 1347,,"[""author""]",[],[],[],1,[],,,,1347CabdFattahCabada,"[""https://kitab-corpus-metadata.azurewebsites.net/""]"
openiti_person_1347HasanSinawani,حسن السيناوني,Hasan Sinawani,,,,,1347,,,OpenITI date code 1347,,"[""author""]",[],[],[],1,[],,,,1347HasanSinawani,"[""https://kitab-corpus-metadata.azurewebsites.net/""]"
openiti_person_1348AhmadTaymurBasha,أحمد تيمور باشا,Ahmad Taymur Basha,,,,,1348,,,OpenITI date code 1348,,"[""author""]",[],[],[],20,[],,,,1348AhmadTaymurBasha,"[""https://kitab-corpus-metadata.azurewebsites.net/""]"
openiti_person_1348FawziMacluf,فوزي المعلوف,Fawzi Macluf,,,,,1348,,,OpenITI date code 1348,,"[""author""]",[],[],[],3,[],,,,1348FawziMacluf,"[""https://kitab-corpus-metadata.azurewebsites.net/""]"
openiti_person_1348MuhammadSulaymanMansurpuri,محمد سليمان المنصورفوري,Muhammad Sulayman Mansurpuri,,,,,1348,,,OpenITI date code 1348,,"[""author""]",[],[],[],1,[],,,,1348MuhammadSulaymanMansurpuri,"[""https://kitab-corpus-metadata.azurewebsites.net/""]"
openiti_person_1349CabdHamidFarahi,عبد الحميد الفراهي الهندي (المتوفى: 1349ه),Cabd Hamid Farahi,,,,,1349,,,OpenITI date code 1349,,"[""author""]",[],[],[],1,[],,,,1349CabdHamidFarahi,"[""https://kitab-corpus-metadata.azurewebsites.net/""]"
openiti_person_1349IbnSahmanKhathcami,"سليمان بن سحمان بن مصلح بن حمدان بن مصلح بن حمدان بن مسفر بن محمد بن مالك بن عامر الخثعمي , التبالي , العسيري , النجدي (المتوفى: 1349هـ)",Ibn Sahman Khathcami,,,,,1349,,,OpenITI date code 1349,,"[""author""]",[],[],[],14,[],,,,1349IbnSahmanKhathcami,"[""https://kitab-corpus-metadata.azurewebsites.net/""]"
openiti_person_1349IbrahimMarighani,المارغني التونسي,Ibrahim Marighani,,,,,1349,,,OpenITI date code 1349,,"[""author""]",[],[],[],1,[],,,,1349IbrahimMarighani,"[""https://kitab-corpus-metadata.azurewebsites.net/""]"
openiti_person_1349IlyasFayyad,إلياس فياض,Ilyas Fayyad,,,,,1349,,,OpenITI date code 1349,,"[""author""]",[],[],[],1,[],,,,1349IlyasFayyad,"[""https://kitab-corpus-metadata.azurewebsites.net/""]"
openiti_person_1349JibranKhalilJibran,جبران خليل جبران,Jibran Khalil Jibran,,,,,1349,,,OpenITI date code 1349,,"[""author""]",[],[],[],8,[],,,,1349JibranKhalilJibran,"[""https://kitab-corpus-metadata.azurewebsites.net/""]"
openiti_person_1349MuhammadCabdCazizKhawli,محمد عبد العزيز بن علي الشاذلي الخولي (المتوفى: 1349ه),Muhammad Cabd Caziz Khawli,,,,,1349,,,OpenITI date code 1349,,"[""author""]",[],[],[],1,[],,,,1349MuhammadCabdCazizKhawli,"[""https://kitab-corpus-metadata.azurewebsites.net/""]"
openiti_person_1349MuhammadKamilKhulci,محمد كامل الخلعي,Muhammad Kamil Khulci,,,,,1349,,,OpenITI date code 1349,,"[""author""]",[],[],[],1,[],,,,1349MuhammadKamilKhulci,"[""https://kitab-corpus-metadata.azurewebsites.net/""]"
openiti_person_1349MuhammadMuwaylihi,محمد المويلحي,Muhammad Muwaylihi,,,Muḥammad al-Muwayliḥī,,1349,,,OpenITI date code 1349,,"[""author""]",[],[],[],1,[],,,,1349MuhammadMuwaylihi,"[""https://kitab-corpus-metadata.azurewebsites.net/""]"
openiti_person_1349RamadanHamud,,Ramadan Hamud,,,,,1349,,,OpenITI date code 1349,,"[""author""]",[],[],[],1,[],,,,1349RamadanHamud,"[""https://kitab-corpus-metadata.azurewebsites.net/""]"
openiti_person_1349SacdCatiqNajdi,سعد بن عتيق النجدي,Sacd Catiq Najdi,,,,,1349,,,OpenITI date code 1349,,"[""author""]",[],[],[],1,[],,,,1349SacdCatiqNajdi,"[""https://kitab-corpus-metadata.azurewebsites.net/""]"
openiti_person_1350AhmadAffandiHasan,أحمد حسن,Ahmad Affandi Hasan,,,,,1350,,,OpenITI date code 1350,,"[""author""]",[],[],[],1,[],,,,1350AhmadAffandiHasan,"[""https://kitab-corpus-metadata.azurewebsites.net/""]"
openiti_person_1350AhmadRiyad,يوهان فولفجانج جوته,Ahmad Riyad,,,,,1350,,,OpenITI date code 1350,,"[""author""]",[],[],[],1,[],,,,1350AhmadRiyad,"[""https://kitab-corpus-metadata.azurewebsites.net/""]"
openiti_person_1350HasanHusayn,حسن حسين,Hasan Husayn,,,,,1350,,,OpenITI date code 1350,,"[""author""]",[],[],[],1,[],,,,1350HasanHusayn,"[""https://kitab-corpus-metadata.azurewebsites.net/""]"
openiti_person_1350IbnCaqilCalawi,السيد محمد بن عقيل,Ibn Caqil Calawi,,,,,1350,,,OpenITI date code 1350,,"[""author""]",[],[],[],2,[],,,,1350IbnCaqilCalawi,"[""https://kitab-corpus-metadata.azurewebsites.net/""]"
openiti_person_1350JosephGyra,يوسف جيرا,Joseph Gyra,,,,,1350,,,OpenITI date code 1350,,"[""author""]",[],[],[],1,[],,,,1350JosephGyra,"[""https://kitab-corpus-metadata.azurewebsites.net/""]"
openiti_person_1350MuhammadHafizIbrahim,محمد حافظ إبراهيم,Muhammad Hafiz Ibrahim,,,,,1350,,,OpenITI date code 1350,,"[""author""]",[],[],[],3,[],,,,1350MuhammadHafizIbrahim,"[""https://kitab-corpus-metadata.azurewebsites.net/""]"
openiti_person_1350MuhammadSibaci,محمد السباعي,Muhammad Sibaci,,,,,1350,,,OpenITI date code 1350,,"[""author""]",[],[],[],3,[],,,,1350MuhammadSibaci,"[""https://kitab-corpus-metadata.azurewebsites.net/""]"
openiti_person_1350MuhammadTawfiqBakri,محمد توفيق البكري,Muhammad Tawfiq Bakri,,,,,1350,,,OpenITI date code 1350,,"[""author""]",[],[],[],1,[],,,,1350MuhammadTawfiqBakri,"[""https://kitab-corpus-metadata.azurewebsites.net/""]"
openiti_person_1350NacumMukarzil,نعوم مكرزل,Nacum Mukarzil,,,,,1350,,,OpenITI date code 1350,,"[""author""]",[],[],[],1,[],,,,1350NacumMukarzil,"[""https://kitab-corpus-metadata.azurewebsites.net/""]"
openiti_person_1350SalihLahidan,صالح بن محمد اللحيدان,Salih Lahidan,,,,,1350,,,OpenITI date code 1350,,"[""author""]",[],[],[],1,[],,,,1350SalihLahidan,"[""https://kitab-corpus-metadata.azurewebsites.net/""]"
openiti_person_1350SultanCaliShahGanabadhi,الجنابذي,Sultan Cali Shah Ganabadhi,,,,,1350,,,OpenITI date code 1350,,"[""author""]",[],[],[],1,[],,,,1350SultanCaliShahGanabadhi,"[""https://kitab-corpus-metadata.azurewebsites.net/""]"
openiti_person_1350ZakiFahmi,زكي فهمي,Zaki Fahmi,,,,,1350,,,OpenITI date code 1350,,"[""author""]",[],[],[],1,[],,,,1350ZakiFahmi,"[""https://kitab-corpus-metadata.azurewebsites.net/""]"
openiti_person_1351AhmadShawqi,أحمد شوقي (1285 - 1351 هـ),Ahmad Shawqi,,,,,1351,,,OpenITI date code 1351,,"[""author""]",[],[],[],1,[],,,,1351AhmadShawqi,"[""https://kitab-corpus-metadata.azurewebsites.net/""]"
openiti_person_1351HasanQasim,النسابة يحيى بن الحسن العبيدلي العقيقي المتوفى سنة 277ه,Hasan Qasim,,,,,1351,,,OpenITI date code 1351,,"[""author""]",[],[],[],1,[],,,,1351HasanQasim,"[""https://kitab-corpus-metadata.azurewebsites.net/""]"
openiti_person_1351IbnHusaynGhazzi,كامل بن حسين بن محمد بن مصطفى البالي الحلبي، الشهير بالغزي (المتوفى: 1351هـ),Ibn Husayn Ghazzi,,,,,1351,,,OpenITI date code 1351,,"[""author""]",[],[],[],1,[],,,,1351IbnHusaynGhazzi,"[""https://kitab-corpus-metadata.azurewebsites.net/""]"
openiti_person_1351MuhammadMudacis,الفقيه العزي محمد بن يحيى مداعس,Muhammad Mudacis,,,,,1351,,,OpenITI date code 1351,,"[""author""]",[],[],[],1,[],,,,1351MuhammadMudacis,"[""https://kitab-corpus-metadata.azurewebsites.net/""]"
openiti_person_1351SalatinBasha,سلاطين باشا,Salatin Basha,,,,,1351,,,OpenITI date code 1351,,"[""author""]",[],[],[],1,[],,,,1351SalatinBasha,"[""https://kitab-corpus-metadata.azurewebsites.net/""]"
openiti_person_1351YusufIlyanSarkis,يوسف بن إليان بن موسى سركيس (المتوفى: 1351هـ),Yusuf Ilyan Sarkis,,,,,1351,,,OpenITI date code 1351,,"[""author""]",[],[],[],1,[],,,,1351YusufIlyanSarkis,"[""https://kitab-corpus-metadata.azurewebsites.net/""]"
openiti_person_1352AhmadZaki,أحمد زكي,Ahmad Zaki,,,,,1352,,,OpenITI date code 1352,,"[""author""]",[],[],[],4,[],,,,1352AhmadZaki,"[""https://kitab-corpus-metadata.azurewebsites.net/""]"
openiti_person_1352DawudBarakat,داود بركات,Dawud Barakat,,,,,1352,,,OpenITI date code 1352,,"[""author""]",[],[],[],2,[],,,,1352DawudBarakat,"[""https://kitab-corpus-metadata.azurewebsites.net/""]"
openiti_person_1352TadrusWahbi,تادرس وهبي,Tadrus Wahbi,,,,,1352,,,OpenITI date code 1352,,"[""author""]",[],[],[],1,[],,,,1352TadrusWahbi,"[""https://kitab-corpus-metadata.azurewebsites.net/""]"
openiti_person_1353AbuQasimShabi,أبو القاسم الشابي,Abu Qasim Shabi,,,,,1353,,,OpenITI date code 1353,,"[""author""]",[],[],[],1,[],,,,1353AbuQasimShabi,"[""https://kitab-corpus-metadata.azurewebsites.net/""]"
openiti_person_1353AhmadZakiBasha,غاستون ماسبيرو,Ahmad Zaki Basha,,,,,1353,,,OpenITI date code 1353,,"[""author""]",[],[],[],1,[],,,,1353AhmadZakiBasha,"[""https://kitab-corpus-metadata.azurewebsites.net/""]"
openiti_person_1353AscadKhalilDaghir,ثورنتن هال,Ascad Khalil Daghir,,,,,1353,,,OpenITI date code 1353,,"[""author""]",[],[],[],4,[],,,,1353AscadKhalilDaghir,"[""https://kitab-corpus-metadata.azurewebsites.net/""]"
openiti_person_1353IbnCabdRahimMubarakfuri,محمد بن سورة,Ibn Cabd Rahim Mubarakfuri,,,,,1353,,,OpenITI date code 1353,,"[""author""]",[],[],[],2,[],,,,1353IbnCabdRahimMubarakfuri,"[""https://kitab-corpus-metadata.azurewebsites.net/""]"
openiti_person_1354HasanSadr,السيد حسن الصدر,Hasan Sadr,,,,,1354,,,OpenITI date code 1354,,"[""author""]",[],[],[],1,[],,,,1354HasanSadr,"[""https://kitab-corpus-metadata.azurewebsites.net/""]"
openiti_person_1354RashidRida,محمد رشيد بن علي رضا بن محمد شمس الدين بن محمد بهاء الدين بن منلا علي خليفة القلموني الحسيني,Rashid Rida,,,,,1354,,,OpenITI date code 1354,,"[""author""]",[],[],[],4,[],,,,1354RashidRida,"[""https://kitab-corpus-metadata.azurewebsites.net/""]"
openiti_person_1355AhmadTahtawi,الأستاذ الشيخ أحمد رافع الحسيني القاسمي الطهطاوي الحنفي,Ahmad Tahtawi,,,,,1355,,,OpenITI date code 1355,,"[""author""]",[],[],[],1,[],,,,1355AhmadTahtawi,"[""https://kitab-corpus-metadata.azurewebsites.net/""]"
openiti_person_1355IskandaraQustantinKhuri,إسكندرة قسطنطين الخوري,Iskandara Qustantin Khuri,,,,,1355,,,OpenITI date code 1355,,"[""author""]",[],[],[],1,[],,,,1355IskandaraQustantinKhuri,"[""https://kitab-corpus-metadata.azurewebsites.net/""]"
openiti_person_1356AbuHudaKalbasi,أبو الهدى الكلباسي,Abu Huda Kalbasi,,,,,1356,,,OpenITI date code 1356,,"[""author""]",[],[],[],1,[],,,,1356AbuHudaKalbasi,"[""https://kitab-corpus-metadata.azurewebsites.net/""]"
openiti_person_1356HenriLammens,هنري لامنس,Henri Lammens,,,,,1356,,,OpenITI date code 1356,,"[""author""]",[],[],[],1,[],,,,1356HenriLammens,"[""https://kitab-corpus-metadata.azurewebsites.net/""]"
openiti_person_1356MuhammadTawfiqCali,محمد توفيق علي,Muhammad Tawfiq Cali,,,,,1356,,,OpenITI date code 1356,,"[""author""]",[],[],[],1,[],,,,1356MuhammadTawfiqCali,"[""https://kitab-corpus-metadata.azurewebsites.net/""]"
openiti_person_1356MustafaSadiqRafici,مصطفى صادق الرافعي,Mustafa Sadiq Rafici,,,,,1356,,,OpenITI date code 1356,,"[""author""]",[],[],[],11,[],,,,1356MustafaSadiqRafici,"[""https://kitab-corpus-metadata.azurewebsites.net/""]"
openiti_person_1356Shatir,,Shatir,,,,,1356,,,OpenITI date code 1356,,"[""author""]",[],[],[],1,[],,,,1356Shatir,"[""https://kitab-corpus-metadata.azurewebsites.net/""]"
openiti_person_1356ShukriKhuri,شكري الخوري,Shukri Khuri,,,,,1356,,,OpenITI date code 1356,,"[""author""]",[],[],[],2,[],,,,1356ShukriKhuri,"[""https://kitab-corpus-metadata.azurewebsites.net/""]"
openiti_person_1357AnisZakariyaNusuli,أنيس زكريا النصولي,Anis Zakariya Nusuli,,,,,1357,,,OpenITI date code 1357,,"[""author""]",[],[],[],1,[],,,,1357AnisZakariyaNusuli,"[""https://kitab-corpus-metadata.azurewebsites.net/""]"
openiti_person_1357CallamaIqbal,علام اقبال,Callama Iqbal,,,ʿAllāma Iqbāl,,1357,,,OpenITI date code 1357,,"[""author""]",[],[],[],7,[],,,,1357CallamaIqbal,"[""https://kitab-corpus-metadata.azurewebsites.net/""]"
openiti_person_1357CumarIskandari,عمر الإسكندري,Cumar Iskandari,,,,,1357,,,OpenITI date code 1357,,"[""author""]",[],[],[],1,[],,,,1357CumarIskandari,"[""https://kitab-corpus-metadata.azurewebsites.net/""]"
openiti_person_1357FiliksFaris,فليكس فارس,Filiks Faris,,,,,1357,,,OpenITI date code 1357,,"[""author""]",[],[],[],1,[],,,,1357FiliksFaris,"[""https://kitab-corpus-metadata.azurewebsites.net/""]"
openiti_person_1357IstifanThani,,Istifan Thani,,,,,1357,,,OpenITI date code 1357,,"[""author""]",[],[],[],1,[],,,,1357IstifanThani,"[""https://kitab-corpus-metadata.azurewebsites.net/""]"
openiti_person_1357YusufAsif,عزتلو يوسف بك آصاف,Yusuf Asif,,,,,1357,,,OpenITI date code 1357,,"[""author""]",[],[],[],1,[],,,,1357YusufAsif,"[""https://kitab-corpus-metadata.azurewebsites.net/""]"
openiti_person_1358FiliksFaris,فليكس فارس,Filiks Faris,,,,,1358,,,OpenITI date code 1358,,"[""author""]",[],[],[],3,[],,,,1358FiliksFaris,"[""https://kitab-corpus-metadata.azurewebsites.net/""]"
openiti_person_1358TantawiJawhari,طنطاوي جوهري,Tantawi Jawhari,,,,,1358,,,OpenITI date code 1358,,"[""author""]",[],[],[],1,[],,,,1358TantawiJawhari,"[""https://kitab-corpus-metadata.azurewebsites.net/""]"
openiti_person_1359AbuIqbalSalimYacqubi,أبو الإقبال اليعقوبي,Abu Iqbal Salim Yacqubi,,,,,1359,,,OpenITI date code 1359,,"[""author""]",[],[],[],1,[],,,,1359AbuIqbalSalimYacqubi,"[""https://kitab-corpus-metadata.azurewebsites.net/""]"
openiti_person_1359AhmadShawqi,أحمد شوقي,Ahmad Shawqi,,,,,1359,,,OpenITI date code 1359,,"[""author""]",[],[],[],13,[],,,,1359AhmadShawqi,"[""https://kitab-corpus-metadata.azurewebsites.net/""]"
openiti_person_1359AminRihani,أمين الريحاني,Amin Rihani,,,,,1359,,,OpenITI date code 1359,,"[""author""]",[],[],[],12,[],,,,1359AminRihani,"[""https://kitab-corpus-metadata.azurewebsites.net/""]"
openiti_person_1359CabbasQummi,الشيخ عباس القمي,Cabbas Qummi,,,,,1359,,,OpenITI date code 1359,,"[""author""]",[],[],[],2,[],,,,1359CabbasQummi,"[""https://kitab-corpus-metadata.azurewebsites.net/""]"
openiti_person_1359CabdHamidIbnBadis,عبد الحميد محمد بن باديس الصنهاجي,Cabd Hamid Ibn Badis,,,,,1359,,,OpenITI date code 1359,,"[""author""]",[],[],[],1,[],,,,1359CabdHamidIbnBadis,"[""https://kitab-corpus-metadata.azurewebsites.net/""]"
openiti_person_1359FarajAllahZakiKurdi,,Faraj Allah Zaki Kurdi,,,,,1359,,,OpenITI date code 1359,,"[""author""]",[],[],[],1,[],,,,1359FarajAllahZakiKurdi,"[""https://kitab-corpus-metadata.azurewebsites.net/""]"
openiti_person_1359IbrahimAswad,إبراهيم الأسود,Ibrahim Aswad,,,,,1359,,,OpenITI date code 1359,,"[""author""]",[],[],[],1,[],,,,1359IbrahimAswad,"[""https://kitab-corpus-metadata.azurewebsites.net/""]"
openiti_person_1359MuhammadMascud,سليم قبودان,Muhammad Mascud,,,,,1359,,,OpenITI date code 1359,,"[""author""]",[],[],[],1,[],,,,1359MuhammadMascud,"[""https://kitab-corpus-metadata.azurewebsites.net/""]"
openiti_person_1359SulaymanBaruni,,Sulayman Baruni,,,,,1359,,,OpenITI date code 1359,,"[""author""]",[],[],[],2,[],,,,1359SulaymanBaruni,"[""https://kitab-corpus-metadata.azurewebsites.net/""]"
openiti_person_1359TawfiqHabib,توفيق حبيب,Tawfiq Habib,,,,,1359,,,OpenITI date code 1359,,"[""author""]",[],[],[],2,[],,,,1359TawfiqHabib,"[""https://kitab-corpus-metadata.azurewebsites.net/""]"
openiti_person_1360AbuCabdAllahZanjani,أبو عبد الله الزنجاني,Abu Cabd Allah Zanjani,,,,,1360,,,OpenITI date code 1360,,"[""author""]",[],[],[],1,[],,,,1360AbuCabdAllahZanjani,"[""https://kitab-corpus-metadata.azurewebsites.net/""]"
openiti_person_1360CaliAhmadShukri,هنري دودويل,Cali Ahmad Shukri,,,,,1360,,,OpenITI date code 1360,,"[""author""]",[],[],[],1,[],,,,1360CaliAhmadShukri,"[""https://kitab-corpus-metadata.azurewebsites.net/""]"
openiti_person_1360IbnQasimMakhluf,محمد بن محمد بن عمر بن علي ابن سالم مخلوف,Ibn Qasim Makhluf,,,,,1360,,,OpenITI date code 1360,,"[""author""]",[],[],[],1,[],,,,1360IbnQasimMakhluf,"[""https://kitab-corpus-metadata.azurewebsites.net/""]"
openiti_person_1360IbrahimTuqan,إبراهيم طوقان,Ibrahim Tuqan,,,,,1360,,,OpenITI date code 1360,,"[""author""]",[],[],[],1,[],,,,1360IbrahimTuqan,"[""https://kitab-corpus-metadata.azurewebsites.net/""]"
openiti_person_1360MayZiyada,مي زيادة,May Ziyada,,,,,1360,,,OpenITI date code 1360,,"[""author""]",[],[],[],10,[],,,,1360MayZiyada,"[""https://kitab-corpus-metadata.azurewebsites.net/""]"
openiti_person_1360ParwinIctisami,پروين اعتصامي,Parwin Ictisami,,,Parwīn Iʿtiṣāmī,,1360,,,OpenITI date code 1360,,"[""author""]",[],[],[],1,[],,,,1360ParwinIctisami,"[""https://kitab-corpus-metadata.azurewebsites.net/""]"
openiti_person_1360RashidAyyub,رشيد أيوب,Rashid Ayyub,,,,,1360,,,OpenITI date code 1360,,"[""author""]",[],[],[],1,[],,,,1360RashidAyyub,"[""https://kitab-corpus-metadata.azurewebsites.net/""]"
openiti_person_1360SalihSuwaysiQayrawani,صالح سويسي القيرواني,Salih Suwaysi Qayrawani,,,,,1360,,,OpenITI date code 1360,,"[""author""]",[],[],[],1,[],,,,1360SalihSuwaysiQayrawani,"[""https://kitab-corpus-metadata.azurewebsites.net/""]"
openiti_person_1361CabdAllahHusayn,عبد الله حسين,Cabd Allah Husayn,,,,,1361,,,OpenITI date code 1361,,"[""author""]",[],[],[],6,[],,,,1361CabdAllahHusayn,"[""https://kitab-corpus-metadata.azurewebsites.net/""]"
openiti_person_1361SacidIbnNasirGhaythi,سعيد الغيثي,Sacid Ibn Nasir Ghaythi,,,,,1361,,,OpenITI date code 1361,,"[""author""]",[],[],[],1,[],,,,1361SacidIbnNasirGhaythi,"[""https://kitab-corpus-metadata.azurewebsites.net/""]"
openiti_person_1361YusufAhmad,يوسف أحمد,Yusuf Ahmad,,,,,1361,,,OpenITI date code 1361,,"[""author""]",[],[],[],1,[],,,,1361YusufAhmad,"[""https://kitab-corpus-metadata.azurewebsites.net/""]"
openiti_person_1362AhmadHashimi,أحمد بن إبراهيم بن مصطفى الهاشمي (المتوفى: 1362هـ),Ahmad Hashimi,,,,,1362,,,OpenITI date code 1362,,"[""author""]",[],[],[],3,[],,,,1362AhmadHashimi,"[""https://kitab-corpus-metadata.azurewebsites.net/""]"
openiti_person_1362AminArslan,أمين أرسلان,Amin Arslan,,,,,1362,,,OpenITI date code 1362,,"[""author""]",[],[],[],1,[],,,,1362AminArslan,"[""https://kitab-corpus-metadata.azurewebsites.net/""]"
openiti_person_1362CabdCazizBishri,عبد العزيز البشري,Cabd Caziz Bishri,,,,,1362,,,OpenITI date code 1362,,"[""author""]",[],[],[],3,[],,,,1362CabdCazizBishri,"[""https://kitab-corpus-metadata.azurewebsites.net/""]"
openiti_person_1362CabdQadirIskandarani,عبد القادر الإسكندراني,Cabd Qadir Iskandarani,,,,,1362,,,OpenITI date code 1362,,"[""author""]",[],[],[],1,[],,,,1362CabdQadirIskandarani,"[""https://kitab-corpus-metadata.azurewebsites.net/""]"
openiti_person_1362CabdRahmanIbnDirham,عبد الرحمن بن عبد الله بن أحمد بن درهم,Cabd Rahman Ibn Dirham,,,,,1362,,,OpenITI date code 1362,,"[""author""]",[],[],[],1,[],,,,1362CabdRahmanIbnDirham,"[""https://kitab-corpus-metadata.azurewebsites.net/""]"
openiti_person_1362MuhammadKamilHajjaj,محمد كامل حجاج,Muhammad Kamil Hajjaj,,,,,1362,,,OpenITI date code 1362,,"[""author""]",[],[],[],3,[],,,,1362MuhammadKamilHajjaj,"[""https://kitab-corpus-metadata.azurewebsites.net/""]"
openiti_person_1362MuhammadMustafaHihyawi,محمد مصطفى الههياوي,Muhammad Mustafa Hihyawi,,,,,1362,,,OpenITI date code 1362,,"[""author""]",[],[],[],1,[],,,,1362MuhammadMustafaHihyawi,"[""https://kitab-corpus-metadata.azurewebsites.net/""]"
openiti_person_1363CabdRahmanBarquqi,البرقوقي,Cabd Rahman Barquqi,,,,,1363,,,OpenITI date code 1363,,"[""author""]",[],[],[],5,[],,,,1363CabdRahmanBarquqi,"[""https://kitab-corpus-metadata.azurewebsites.net/""]"
openiti_person_1363CumarTusun,عمر طوسون,Cumar Tusun,,,,,1363,,,OpenITI date code 1363,,"[""author""]",[],[],[],9,[],,,,1363CumarTusun,"[""https://kitab-corpus-metadata.azurewebsites.net/""]"
openiti_person_1363MahmudCakush,محمود عكوش,Mahmud Cakush,,,,,1363,,,OpenITI date code 1363,,"[""author""]",[],[],[],1,[],,,,1363MahmudCakush,"[""https://kitab-corpus-metadata.azurewebsites.net/""]"
openiti_person_1364AhmadDayf,أحمد ضيف,Ahmad Dayf,,,,,1364,,,OpenITI date code 1364,,"[""author""]",[],[],[],1,[],,,,1364AhmadDayf,"[""https://kitab-corpus-metadata.azurewebsites.net/""]"
openiti_person_1364AhmadMuharram,أحمد محرم,Ahmad Muharram,,,,,1364,,,OpenITI date code 1364,,"[""author""]",[],[],[],1,[],,,,1364AhmadMuharram,"[""https://kitab-corpus-metadata.azurewebsites.net/""]"
openiti_person_1364CamirIbnKHamisMaliki,عامر بن خميس مسعود المالكي العماني الإباضي,Camir Ibn KHamis Maliki,,,,,1364,,,OpenITI date code 1364,,"[""author""]",[],[],[],1,[],,,,1364CamirIbnKHamisMaliki,"[""https://kitab-corpus-metadata.azurewebsites.net/""]"
openiti_person_1364IbnHamdMughiri,المغيري,Ibn Hamd Mughiri,,,,,1364,,,OpenITI date code 1364,,"[""author""]",[],[],[],1,[],,,,1364IbnHamdMughiri,"[""https://kitab-corpus-metadata.azurewebsites.net/""]"
openiti_person_1364ImamShaficiAbuShanab,إمام شافعي أبو شنب,Imam Shafici Abu Shanab,,,,,1364,,,OpenITI date code 1364,,"[""author""]",[],[],[],1,[],,,,1364ImamShaficiAbuShanab,"[""https://kitab-corpus-metadata.azurewebsites.net/""]"
openiti_person_1364MacrufRusafi,معروف الرَّصافي,Macruf Rusafi,,,,,1364,,,OpenITI date code 1364,,"[""author""]",[],[],[],1,[],,,,1364MacrufRusafi,"[""https://kitab-corpus-metadata.azurewebsites.net/""]"
openiti_person_1364NajibHubayqa,هنري لامنس,Najib Hubayqa,,,,,1364,,,OpenITI date code 1364,,"[""author""]",[],[],[],1,[],,,,1364NajibHubayqa,"[""https://kitab-corpus-metadata.azurewebsites.net/""]"
openiti_person_1365AhmadCisa,أحمد عيسى,Ahmad Cisa,,,,,1365,,,OpenITI date code 1365,,"[""author""]",[],[],[],4,[],,,,1365AhmadCisa,"[""https://kitab-corpus-metadata.azurewebsites.net/""]"
openiti_person_1365CumarFakhuri,عمر فاخوري,Cumar Fakhuri,,,,,1365,,,OpenITI date code 1365,,"[""author""]",[],[],[],2,[],,,,1365CumarFakhuri,"[""https://kitab-corpus-metadata.azurewebsites.net/""]"
openiti_person_1365TahaRawi,طه الراوي,Taha Rawi,,,,,1365,,,OpenITI date code 1365,,"[""author""]",[],[],[],2,[],,,,1365TahaRawi,"[""https://kitab-corpus-metadata.azurewebsites.net/""]"
openiti_person_1365WasilaMuhammad,شارل فاجنر,Wasila Muhammad,,,,,1365,,,OpenITI date code 1365,,"[""author""]",[],[],[],1,[],,,,1365WasilaMuhammad,"[""https://kitab-corpus-metadata.azurewebsites.net/""]"
openiti_person_1366AnastasKarmali,أنستاس ماري الكرملي,Anastas Karmali,,,,,1366,,,OpenITI date code 1366,,"[""author""]",[],[],[],4,[],,,,1366AnastasKarmali,"[""https://kitab-corpus-metadata.azurewebsites.net/""]"
openiti_person_1366CabdAllahMukhlis,عبد الله مخلص,Cabd Allah Mukhlis,,,,,1366,,,OpenITI date code 1366,,"[""author""]",[],[],[],2,[],,,,1366CabdAllahMukhlis,"[""https://kitab-corpus-metadata.azurewebsites.net/""]"
openiti_person_1366IliyasAbuShabaka,ألفونس دو لامارتين,Iliyas Abu Shabaka,,,,,1366,,,OpenITI date code 1366,,"[""author""]",[],[],[],7,[],,,,1366IliyasAbuShabaka,"[""https://kitab-corpus-metadata.azurewebsites.net/""]"
openiti_person_1366IlyasAbuShabaka,إلياس أبو شبكة,Ilyas Abu Shabaka,,,,,1366,,,OpenITI date code 1366,,"[""author""]",[],[],[],10,[],,,,1366IlyasAbuShabaka,"[""https://kitab-corpus-metadata.azurewebsites.net/""]"
openiti_person_1366MustafaCabdRazzaq,مصطفى عبد الرازق,Mustafa Cabd Razzaq,,,,,1366,,,OpenITI date code 1366,,"[""author""]",[],[],[],5,[],,,,1366MustafaCabdRazzaq,"[""https://kitab-corpus-metadata.azurewebsites.net/""]"
openiti_person_1367AhmadMutac,أحمد بن أحمد بن محمّد المطاع,Ahmad Mutac,,,,,1367,,,OpenITI date code 1367,,"[""author""]",[],[],[],1,[],,,,1367AhmadMutac,"[""https://kitab-corpus-metadata.azurewebsites.net/""]"
openiti_person_1367AntunJumayyil,أنطون الجميِّل,Antun Jumayyil,,,,,1367,,,OpenITI date code 1367,,"[""author""]",[],[],[],1,[],,,,1367AntunJumayyil,"[""https://kitab-corpus-metadata.azurewebsites.net/""]"
openiti_person_1367HudaShacrawi,هدى شعراوي,Huda Shacrawi,,,,,1367,,,OpenITI date code 1367,,"[""author""]",[],[],[],2,[],,,,1367HudaShacrawi,"[""https://kitab-corpus-metadata.azurewebsites.net/""]"
openiti_person_1368AntunSacada,أنطون سعادة,Antun Sacada,,,,,1368,,,OpenITI date code 1368,,"[""author""]",[],[],[],1,[],,,,1368AntunSacada,"[""https://kitab-corpus-metadata.azurewebsites.net/""]"
openiti_person_1368CaliJarim,علي الجارم,Cali Jarim,,,,,1368,,,OpenITI date code 1368,,"[""author""]",[],[],[],13,[],,,,1368CaliJarim,"[""https://kitab-corpus-metadata.azurewebsites.net/""]"
openiti_person_1368CaliMahmudTaha,علي محمود طه,Cali Mahmud Taha,,,,,1368,,,OpenITI date code 1368,,"[""author""]",[],[],[],2,[],,,,1368CaliMahmudTaha,"[""https://kitab-corpus-metadata.azurewebsites.net/""]"
openiti_person_1368HasanAmin,حسن الأمين,Hasan Amin,,,,,1368,,,OpenITI date code 1368,,"[""author""]",[],[],[],1,[],,,,1368HasanAmin,"[""https://kitab-corpus-metadata.azurewebsites.net/""]"
openiti_person_1368IbrahimCabdQadirMazini,إبراهيم عبد القادر المازني,Ibrahim Cabd Qadir Mazini,,,,,1368,,,OpenITI date code 1368,,"[""author""]",[],[],[],17,[],,,,1368IbrahimCabdQadirMazini,"[""https://kitab-corpus-metadata.azurewebsites.net/""]"
openiti_person_1368IbrahimRamzi,إبراهيم رمزي,Ibrahim Ramzi,,,,,1368,,,OpenITI date code 1368,,"[""author""]",[],[],[],13,[],,,,1368IbrahimRamzi,"[""https://kitab-corpus-metadata.azurewebsites.net/""]"
openiti_person_1368KhalilMutran,ويليام شكسبير,Khalil Mutran,,,,,1368,,,OpenITI date code 1368,,"[""author""]",[],[],[],6,[],,,,1368KhalilMutran,"[""https://kitab-corpus-metadata.azurewebsites.net/""]"
openiti_person_1368NajibNassar,نجيب نصَّار,Najib Nassar,,,,,1368,,,OpenITI date code 1368,,"[""author""]",[],[],[],1,[],,,,1368NajibNassar,"[""https://kitab-corpus-metadata.azurewebsites.net/""]"
openiti_person_1368NajibRihani,نجيب الريحاني,Najib Rihani,,,,,1368,,,OpenITI date code 1368,,"[""author""]",[],[],[],1,[],,,,1368NajibRihani,"[""https://kitab-corpus-metadata.azurewebsites.net/""]"
openiti_person_1368ShakibArslan,شكيب أرسلان,Shakib Arslan,,,,,1368,,,OpenITI date code 1368,,"[""author""]",[],[],[],7,[],,,,1368ShakibArslan,"[""https://kitab-corpus-metadata.azurewebsites.net/""]"
openiti_person_1368ZakariyaMihran,زكريا مهران,Zakariya Mihran,,,,,1368,,,OpenITI date code 1368,,"[""author""]",[],[],[],1,[],,,,1368ZakariyaMihran,"[""https://kitab-corpus-metadata.azurewebsites.net/""]"
openiti_person_1369AhmadHafizCawad,أحمد حافظ عوض,Ahmad Hafiz Cawad,,,,,1369,,,OpenITI date code 1369,,"[""author""]",[],[],[],2,[],,,,1369AhmadHafizCawad,"[""https://kitab-corpus-metadata.azurewebsites.net/""]"
openiti_person_1369AntonZikri,أنطوان زكري,Anton Zikri,,,,,1369,,,OpenITI date code 1369,,"[""author""]",[],[],[],1,[],,,,1369AntonZikri,"[""https://kitab-corpus-metadata.azurewebsites.net/""]"
openiti_person_1369FarajSulaymanFuad,فرج سليمان فؤاد,Faraj Sulayman Fuad,,,,,1369,,,OpenITI date code 1369,,"[""author""]",[],[],[],1,[],,,,1369FarajSulaymanFuad,"[""https://kitab-corpus-metadata.azurewebsites.net/""]"
openiti_person_1369IsmacilSidqi,إسماعيل صدقي,Ismacil Sidqi,,,,,1369,,,OpenITI date code 1369,,"[""author""]",[],[],[],1,[],,,,1369IsmacilSidqi,"[""https://kitab-corpus-metadata.azurewebsites.net/""]"
openiti_person_1369MuhammadRida,محمد رضا (المتوفى: 1369هـ),Muhammad Rida,,,,,1369,,,OpenITI date code 1369,,"[""author""]",[],[],[],3,[],,,,1369MuhammadRida,"[""https://kitab-corpus-metadata.azurewebsites.net/""]"
openiti_person_1370AhmadSamihKhalidi,أحمد سامح الخالدي,Ahmad Samih Khalidi,,,,,1370,,,OpenITI date code 1370,,"[""author""]",[],[],[],3,[],,,,1370AhmadSamihKhalidi,"[""https://kitab-corpus-metadata.azurewebsites.net/""]"
openiti_person_1370CabdAllahHussayn,عبد الله بن الحسين,Cabd Allah Hussayn,,,,,1370,,,OpenITI date code 1370,,"[""author""]",[],[],[],1,[],,,,1370CabdAllahHussayn,"[""https://kitab-corpus-metadata.azurewebsites.net/""]"
openiti_person_1370CabdCazizFahmi,عزيز فهمي,Cabd Caziz Fahmi,,,,,1370,,,OpenITI date code 1370,,"[""author""]",[],[],[],2,[],,,,1370CabdCazizFahmi,"[""https://kitab-corpus-metadata.azurewebsites.net/""]"
openiti_person_1370KhalilShaybub,خليل شيبوب,Khalil Shaybub,,,,,1370,,,OpenITI date code 1370,,"[""author""]",[],[],[],1,[],,,,1370KhalilShaybub,"[""https://kitab-corpus-metadata.azurewebsites.net/""]"
openiti_person_1370MuhammadRaghibTabbakh,محمد راغب بن محمود بن هاشم الطبّاخ الحلبي,Muhammad Raghib Tabbakh,,,,,1370,,,OpenITI date code 1370,,"[""author""]",[],[],[],1,[],,,,1370MuhammadRaghibTabbakh,"[""https://kitab-corpus-metadata.azurewebsites.net/""]"
openiti_person_1370NabawiyyaMusa,نبوية موسى,Nabawiyya Musa,,,,,1370,,,OpenITI date code 1370,,"[""author""]",[],[],[],4,[],,,,1370NabawiyyaMusa,"[""https://kitab-corpus-metadata.azurewebsites.net/""]"
openiti_person_1370SalimQabcin,سليم قبعين,Salim Qabcin,,,,,1370,,,OpenITI date code 1370,,"[""author""]",[],[],[],4,[],,,,1370SalimQabcin,"[""https://kitab-corpus-metadata.azurewebsites.net/""]"
openiti_person_1370SalimQubcayn,ليو تولستوي,Salim Qubcayn,,,,,1370,,,OpenITI date code 1370,,"[""author""]",[],[],[],3,[],,,,1370SalimQubcayn,"[""https://kitab-corpus-metadata.azurewebsites.net/""]"
openiti_person_1371AhmadMustafaMaraghi,المراغي، أحمد بن مصطفى,Ahmad Mustafa Maraghi,,,,,1371,,,OpenITI date code 1371,,"[""author""]",[],[],[],1,[],,,,1371AhmadMustafaMaraghi,"[""https://kitab-corpus-metadata.azurewebsites.net/""]"
openiti_person_1371IlyasAntonIlyas,إلياس أنطون,Ilyas Anton Ilyas,,,,,1371,,,OpenITI date code 1371,,"[""author""]",[],[],[],1,[],,,,1371IlyasAntonIlyas,"[""https://kitab-corpus-metadata.azurewebsites.net/""]"
openiti_person_1371JaquesTajir,جاك تاجر,Jaques Tajir,,,,,1371,,,OpenITI date code 1371,,"[""author""]",[],[],[],2,[],,,,1371JaquesTajir,"[""https://kitab-corpus-metadata.azurewebsites.net/""]"
openiti_person_1371LabibaMadiHashim,لبيبة ماضي هاشم,Labiba Madi Hashim,,,,,1371,,,OpenITI date code 1371,,"[""author""]",[],[],[],2,[],,,,1371LabibaMadiHashim,"[""https://kitab-corpus-metadata.azurewebsites.net/""]"
openiti_person_1371MuhsinAminCamili,السيد محسن الأمين,Muhsin Amin Camili,,,,,1371,,,OpenITI date code 1371,,"[""author""]",[],[],[],3,[],,,,1371MuhsinAminCamili,"[""https://kitab-corpus-metadata.azurewebsites.net/""]"
openiti_person_1371RadiAlYasin,الشيخ راضي آل ياسين,Radi Al Yasin,,,,,1371,,,OpenITI date code 1371,,"[""author""]",[],[],[],1,[],,,,1371RadiAlYasin,"[""https://kitab-corpus-metadata.azurewebsites.net/""]"
openiti_person_1371ZakiMubarak,زكي مبارك,Zaki Mubarak,,,,,1371,,,OpenITI date code 1371,,"[""author""]",[],[],[],8,[],,,,1371ZakiMubarak,"[""https://kitab-corpus-metadata.azurewebsites.net/""]"
openiti_person_1372AhmadIbnMuhammadRahuni,,Ahmad Ibn Muhammad Rahuni,,,,,1372,,,OpenITI date code 1372,,"[""author""]",[],[],[],1,[],,,,1372AhmadIbnMuhammadRahuni,"[""https://kitab-corpus-metadata.azurewebsites.net/""]"
openiti_person_1372IbrahimNaji,إبراهيم ناجي,Ibrahim Naji,,,,,1372,,,OpenITI date code 1372,,"[""author""]",[],[],[],2,[],,,,1372IbrahimNaji,"[""https://kitab-corpus-metadata.azurewebsites.net/""]"
openiti_person_1372KhalilSakakini,خليل السكاكيني,Khalil Sakakini,,,,,1372,,,OpenITI date code 1372,,"[""author""]",[],[],[],2,[],,,,1372KhalilSakakini,"[""https://kitab-corpus-metadata.azurewebsites.net/""]"
openiti_person_1372KurdCali,محمد كرد علي,Kurd Cali,,,,,1372,,,OpenITI date code 1372,,"[""author""]",[],[],[],9,[],,,,1372KurdCali,"[""https://kitab-corpus-metadata.azurewebsites.net/""]"
openiti_person_1372MuhammadLutfiJumca,محمد لطفي جمعة,Muhammad Lutfi Jumca,,,,,1372,,,OpenITI date code 1372,,"[""author""]",[],[],[],7,[],,,,1372MuhammadLutfiJumca,"[""https://kitab-corpus-metadata.azurewebsites.net/""]"
openiti_person_1372SalahDinDhuhani,صلاح الدين ذهني,Salah Din Dhuhani,,,,,1372,,,OpenITI date code 1372,,"[""author""]",[],[],[],2,[],,,,1372SalahDinDhuhani,"[""https://kitab-corpus-metadata.azurewebsites.net/""]"
openiti_person_1372SalmaSaigh,سلمى صائغ,Salma Saigh,,,,,1372,,,OpenITI date code 1372,,"[""author""]",[],[],[],1,[],,,,1372SalmaSaigh,"[""https://kitab-corpus-metadata.azurewebsites.net/""]"
openiti_person_1373AbuYaclaZuwawi,محمد السعيد، أبو يعلى الزواوي (المتوفى: 1373هـ),Abu Yacla Zuwawi,,,,,1373,,,OpenITI date code 1373,,"[""author""]",[],[],[],1,[],,,,1373AbuYaclaZuwawi,"[""https://kitab-corpus-metadata.azurewebsites.net/""]"
openiti_person_1373AhmadAmin,أحمد أمين,Ahmad Amin,,,,,1373,,,OpenITI date code 1373,,"[""author""]",[],[],[],14,[],,,,1373AhmadAmin,"[""https://kitab-corpus-metadata.azurewebsites.net/""]"
openiti_person_1373AhmadShamat,,Ahmad Shamat,,,,,1373,,,OpenITI date code 1373,,"[""author""]",[],[],[],2,[],,,,1373AhmadShamat,"[""https://kitab-corpus-metadata.azurewebsites.net/""]"
openiti_person_1373HabibZayyat,حبيب الزيات,Habib Zayyat,,,,,1373,,,OpenITI date code 1373,,"[""author""]",[],[],[],1,[],,,,1373HabibZayyat,"[""https://kitab-corpus-metadata.azurewebsites.net/""]"
openiti_person_1373MuhammadHusaynKashifGhita,الشيخ محمد حسين كاشف الغطاء,Muhammad Husayn Kashif Ghita,,,,,1373,,,OpenITI date code 1373,,"[""author""]",[],[],[],2,[],,,,1373MuhammadHusaynKashifGhita,"[""https://kitab-corpus-metadata.azurewebsites.net/""]"
openiti_person_1373MuhammadLutfiJumca,محمد لطفي جمعة,Muhammad Lutfi Jumca,,,,,1373,,,OpenITI date code 1373,,"[""author""]",[],[],[],4,[],,,,1373MuhammadLutfiJumca,"[""https://kitab-corpus-metadata.azurewebsites.net/""]"
openiti_person_1373NiqulaHaddad,نقولا حداد,Niqula Haddad,,,,,1373,,,OpenITI date code 1373,,"[""author""]",[],[],[],12,[],,,,1373NiqulaHaddad,"[""https://kitab-corpus-metadata.azurewebsites.net/""]"
openiti_person_1373QaliniFahmi,قليني فهمي,Qalini Fahmi,,,,,1373,,,OpenITI date code 1373,,"[""author""]",[],[],[],1,[],,,,1373QaliniFahmi,"[""https://kitab-corpus-metadata.azurewebsites.net/""]"
openiti_person_1373WadicAbuFadil,وديع أبو فاضل,Wadic Abu Fadil,,,,,1373,,,OpenITI date code 1373,,"[""author""]",[],[],[],1,[],,,,1373WadicAbuFadil,"[""https://kitab-corpus-metadata.azurewebsites.net/""]"
openiti_person_1373WadicBustani,وديع البستاني,Wadic Bustani,,,,,1373,,,OpenITI date code 1373,,"[""author""]",[],[],[],1,[],,,,1373WadicBustani,"[""https://kitab-corpus-metadata.azurewebsites.net/""]"
openiti_person_1374AhmadZakiAbuShadi,أحمد زكي أبو شادي,Ahmad Zaki Abu Shadi,,,,,1374,,,OpenITI date code 1374,,"[""author""]",[],[],[],18,[],,,,1374AhmadZakiAbuShadi,"[""https://kitab-corpus-metadata.azurewebsites.net/""]"
openiti_person_1374HannaKhabbaz,أفلاطون,Hanna Khabbaz,,,,,1374,,,OpenITI date code 1374,,"[""author""]",[],[],[],1,[],,,,1374HannaKhabbaz,"[""https://kitab-corpus-metadata.azurewebsites.net/""]"
openiti_person_1374MuhammadCaliTawfiq,الأَمير محمَّد عَلي بن محمد توفيق بن إسماعيل بن إبراهيم بن محمد علي (المتوفى: 1374هـ),Muhammad Cali Tawfiq,,,,,1374,,,OpenITI date code 1374,,"[""author""]",[],[],[],1,[],,,,1374MuhammadCaliTawfiq,"[""https://kitab-corpus-metadata.azurewebsites.net/""]"
openiti_person_1374SalahLabaki,صلاح لبكي,Salah Labaki,,,,,1374,,,OpenITI date code 1374,,"[""author""]",[],[],[],6,[],,,,1374SalahLabaki,"[""https://kitab-corpus-metadata.azurewebsites.net/""]"
openiti_person_1374SulaymanNajib,سليمان نجيب,Sulayman Najib,,,,,1374,,,OpenITI date code 1374,,"[""author""]",[],[],[],1,[],,,,1374SulaymanNajib,"[""https://kitab-corpus-metadata.azurewebsites.net/""]"
openiti_person_1375AhmadFaridRifaci,أحمد فريد رفاعي,Ahmad Farid Rifaci,,,,,1375,,,OpenITI date code 1375,,"[""author""]",[],[],[],1,[],,,,1375AhmadFaridRifaci,"[""https://kitab-corpus-metadata.azurewebsites.net/""]"
openiti_person_1375AhmadIbnHasanQasimi,العلامة أحمد بن الحسن بن يحيى القاسمي,Ahmad Ibn Hasan Qasimi,,,,,1375,,,OpenITI date code 1375,,"[""author""]",[],[],[],3,[],,,,1375AhmadIbnHasanQasimi,"[""https://kitab-corpus-metadata.azurewebsites.net/""]"
openiti_person_1375AntuShuhaybir,هنري لامنس,Antu Shuhaybir,,,,,1375,,,OpenITI date code 1375,,"[""author""]",[],[],[],1,[],,,,1375AntuShuhaybir,"[""https://kitab-corpus-metadata.azurewebsites.net/""]"
openiti_person_1375CabdAllahIbnImamHadiQasimi,العلامة عبد الله بن الإمام الهادي الحسن بن يحيى القاسمي,Cabd Allah Ibn Imam Hadi Qasimi,,,,,1375,,,OpenITI date code 1375,,"[""author""]",[],[],[],1,[],,,,1375CabdAllahIbnImamHadiQasimi,"[""https://kitab-corpus-metadata.azurewebsites.net/""]"
openiti_person_1375CazizKhanki,عزيز خانكي,Caziz Khanki,,,,,1375,,,OpenITI date code 1375,,"[""author""]",[],[],[],1,[],,,,1375CazizKhanki,"[""https://kitab-corpus-metadata.azurewebsites.net/""]"
openiti_person_1375FilibDiTarrazi,فيليب دي طرازي,Filib Di Tarrazi,,,,,1375,,,OpenITI date code 1375,,"[""author""]",[],[],[],4,[],,,,1375FilibDiTarrazi,"[""https://kitab-corpus-metadata.azurewebsites.net/""]"
openiti_person_1375HusaynJamal,الكونتيسة دي سيجور,Husayn Jamal,,,,,1375,,,OpenITI date code 1375,,"[""author""]",[],[],[],1,[],,,,1375HusaynJamal,"[""https://kitab-corpus-metadata.azurewebsites.net/""]"
openiti_person_1375MuhammadHusaynHaykal,محمد حسين هيكل,Muhammad Husayn Haykal,,,,,1375,,,OpenITI date code 1375,,"[""author""]",[],[],[],13,[],,,,1375MuhammadHusaynHaykal,"[""https://kitab-corpus-metadata.azurewebsites.net/""]"
openiti_person_1375MuhammadMabrukNafic,محمد مبروك نافع,Muhammad Mabruk Nafic,,,,,1375,,,OpenITI date code 1375,,"[""author""]",[],[],[],2,[],,,,1375MuhammadMabrukNafic,"[""https://kitab-corpus-metadata.azurewebsites.net/""]"
openiti_person_1375MuradFaraj,مراد فرج,Murad Faraj,,,,,1375,,,OpenITI date code 1375,,"[""author""]",[],[],[],1,[],,,,1375MuradFaraj,"[""https://kitab-corpus-metadata.azurewebsites.net/""]"
openiti_person_1375MutarjimiDarFarabi,فريدريك إنجلز,Mutarjimi Dar Farabi,,,,,1375,,,OpenITI date code 1375,,"[""author""]",[],[],[],1,[],,,,1375MutarjimiDarFarabi,"[""https://kitab-corpus-metadata.azurewebsites.net/""]"
openiti_person_1375RafaelBatti,رفائيل بطي,Rafael Batti,,,,,1375,,,OpenITI date code 1375,,"[""author""]",[],[],[],1,[],,,,1375RafaelBatti,"[""https://kitab-corpus-metadata.azurewebsites.net/""]"
openiti_person_1375ZuhayrMirza,زهير ميرزا,Zuhayr Mirza,,,,,1375,,,OpenITI date code 1375,,"[""author""]",[],[],[],1,[],,,,1375ZuhayrMirza,"[""https://kitab-corpus-metadata.azurewebsites.net/""]"
openiti_person_1376AhmadRidaHuhu,أحمد رضا حوحو,Ahmad Rida Huhu,,,,,1376,,,OpenITI date code 1376,,"[""author""]",[],[],[],1,[],,,,1376AhmadRidaHuhu,"[""https://kitab-corpus-metadata.azurewebsites.net/""]"
openiti_person_1376CabdQadirMaghribi,عبد القادر المغربي,Cabd Qadir Maghribi,,,,,1376,,,OpenITI date code 1376,,"[""author""]",[],[],[],1,[],,,,1376CabdQadirMaghribi,"[""https://kitab-corpus-metadata.azurewebsites.net/""]"
openiti_person_1376CabdRahmanSacdi,عبد الرحمن بن ناصر بن السعدي,Cabd Rahman Sacdi,,,,,1376,,,OpenITI date code 1376,,"[""author""]",[],[],[],1,[],,,,1376CabdRahmanSacdi,"[""https://kitab-corpus-metadata.azurewebsites.net/""]"
openiti_person_1376IbrahimZaydan,إبراهيم زيدان,Ibrahim Zaydan,,,,,1376,,,OpenITI date code 1376,,"[""author""]",[],[],[],6,[],,,,1376IbrahimZaydan,"[""https://kitab-corpus-metadata.azurewebsites.net/""]"
openiti_person_1376KamilShannawi,كامل الشناوي,Kamil Shannawi,,,,,1376,,,OpenITI date code 1376,,"[""author""]",[],[],[],1,[],,,,1376KamilShannawi,"[""https://kitab-corpus-metadata.azurewebsites.net/""]"
openiti_person_1376MuhammadHajwiThacalibi,محمد بن الحسن بن العربي بن محمد الحجوي الثعالبي الجعفري الفاسي (المتوفى: 1376هـ),Muhammad Hajwi Thacalibi,,,,,1376,,,OpenITI date code 1376,,"[""author""]",[],[],[],1,[],,,,1376MuhammadHajwiThacalibi,"[""https://kitab-corpus-metadata.azurewebsites.net/""]"
openiti_person_1376MustafaFarrukh,مصطفى فروخ,Mustafa Farrukh,,,,,1376,,,OpenITI date code 1376,,"[""author""]",[],[],[],1,[],,,,1376MustafaFarrukh,"[""https://kitab-corpus-metadata.azurewebsites.net/""]"
openiti_person_1376ZakiMuhammadHasan,زكي محمد حسن,Zaki Muhammad Hasan,,,,,1376,,,OpenITI date code 1376,,"[""author""]",[],[],[],9,[],,,,1376ZakiMuhammadHasan,"[""https://kitab-corpus-metadata.azurewebsites.net/""]"
openiti_person_1377AhmadMuhammadShakir,أبو الفداء إسماعيل بن عمر بن كثير القرشي البصري ثم الدمشقي (المتوفى: 774هـ),Ahmad Muhammad Shakir,,,,,1377,,,OpenITI date code 1377,,"[""author""]",[],[],[],2,[],,,,1377AhmadMuhammadShakir,"[""https://kitab-corpus-metadata.azurewebsites.net/""]"
openiti_person_1377CabdRahmanShukri,عبد الرحمن شكري,Cabd Rahman Shukri,,,,,1377,,,OpenITI date code 1377,,"[""author""]",[],[],[],4,[],,,,1377CabdRahmanShukri,"[""https://kitab-corpus-metadata.azurewebsites.net/""]"
openiti_person_1377CadilZucaytar,إميل لودفيغ,Cadil Zucaytar,,,,,1377,,,OpenITI date code 1377,,"[""author""]",[],[],[],15,[],,,,1377CadilZucaytar,"[""https://kitab-corpus-metadata.azurewebsites.net/""]"
openiti_person_1377CaliBalhawan,علي البلهوان,Cali Balhawan,,,,,1377,,,OpenITI date code 1377,,"[""author""]",[],[],[],1,[],,,,1377CaliBalhawan,"[""https://kitab-corpus-metadata.azurewebsites.net/""]"
openiti_person_1377CaliZarifAczami,علي ظريف الأعظمي,Cali Zarif Aczami,,,,,1377,,,OpenITI date code 1377,,"[""author""]",[],[],[],2,[],,,,1377CaliZarifAczami,"[""https://kitab-corpus-metadata.azurewebsites.net/""]"
openiti_person_1377MuhammadCabdAllahDarraz,محمد عبد الله دراز,Muhammad Cabd Allah Darraz,,,,,1377,,,OpenITI date code 1377,,"[""author""]",[],[],[],2,[],,,,1377MuhammadCabdAllahDarraz,"[""https://kitab-corpus-metadata.azurewebsites.net/""]"
openiti_person_1377MuhammadKhidrHusayn,محمد الخضر حسين,Muhammad Khidr Husayn,,,,,1377,,,OpenITI date code 1377,,"[""author""]",[],[],[],4,[],,,,1377MuhammadKhidrHusayn,"[""https://kitab-corpus-metadata.azurewebsites.net/""]"
openiti_person_1377NiqulaFayad,بول جيرالدي,Niqula Fayad,,,,,1377,,,OpenITI date code 1377,,"[""author""]",[],[],[],5,[],,,,1377NiqulaFayad,"[""https://kitab-corpus-metadata.azurewebsites.net/""]"
openiti_person_1377SalamaMusa,سلامة موسى,Salama Musa,,,,,1377,,,OpenITI date code 1377,,"[""author""]",[],[],[],27,[],,,,1377SalamaMusa,"[""https://kitab-corpus-metadata.azurewebsites.net/""]"
openiti_person_1377SharafDinCamili,السيد عبدالحسين شرف الدين الموسوي,Sharaf Din Camili,,,,,1377,,,OpenITI date code 1377,,"[""author""]",[],[],[],3,[],,,,1377SharafDinCamili,"[""https://kitab-corpus-metadata.azurewebsites.net/""]"
openiti_person_1378CabbasHafiz,عباس حافظ,Cabbas Hafiz,,,,,1378,,,OpenITI date code 1378,,"[""author""]",[],[],[],8,[],,,,1378CabbasHafiz,"[""https://kitab-corpus-metadata.azurewebsites.net/""]"
openiti_person_1378CabdWahhabCazzam,عبد الوهاب عزام,Cabd Wahhab Cazzam,,,,,1378,,,OpenITI date code 1378,,"[""author""]",[],[],[],13,[],,,,1378CabdWahhabCazzam,"[""https://kitab-corpus-metadata.azurewebsites.net/""]"
openiti_person_1378CisaIskandarMacluf,عيسى إسكندر المعلوف,Cisa Iskandar Macluf,,,,,1378,,,OpenITI date code 1378,,"[""author""]",[],[],[],3,[],,,,1378CisaIskandarMacluf,"[""https://kitab-corpus-metadata.azurewebsites.net/""]"
openiti_person_1378KhalilMardam,خليل مردم,Khalil Mardam,,,,,1378,,,OpenITI date code 1378,,"[""author""]",[],[],[],2,[],,,,1378KhalilMardam,"[""https://kitab-corpus-metadata.azurewebsites.net/""]"
openiti_person_1378MansurFahmi,منصور فهمي,Mansur Fahmi,,,,,1378,,,OpenITI date code 1378,,"[""author""]",[],[],[],1,[],,,,1378MansurFahmi,"[""https://kitab-corpus-metadata.azurewebsites.net/""]"
openiti_person_1378YusufKaram,يوسف كرم,Yusuf Karam,,,,,1378,,,OpenITI date code 1378,,"[""author""]",[],[],[],6,[],,,,1378YusufKaram,"[""https://kitab-corpus-metadata.azurewebsites.net/""]"
openiti_person_1379BadicZamanNursi,بديع الزمان النورسي,Badic Zaman Nursi,,,,,1379,,,OpenITI date code 1379,,"[""author""]",[],[],[],1,[],,,,1379BadicZamanNursi,"[""https://kitab-corpus-metadata.azurewebsites.net/""]"
openiti_person_1379CalaDinNaqshbandi,,Cala Din Naqshbandi,,,,,1379,,,OpenITI date code 1379,,"[""author""]",[],[],[],1,[],,,,1379CalaDinNaqshbandi,"[""https://kitab-corpus-metadata.azurewebsites.net/""]"
openiti_person_1379FarajJibran,فرج جبران,Faraj Jibran,,,,,1379,,,OpenITI date code 1379,,"[""author""]",[],[],[],5,[],,,,1379FarajJibran,"[""https://kitab-corpus-metadata.azurewebsites.net/""]"
openiti_person_1379FarajJubran,مارك توين,Faraj Jubran,,,,,1379,,,OpenITI date code 1379,,"[""author""]",[],[],[],1,[],,,,1379FarajJubran,"[""https://kitab-corpus-metadata.azurewebsites.net/""]"
openiti_person_1379KamilKilani,كامل كيلاني,Kamil Kilani,,,,,1379,,,OpenITI date code 1379,,"[""author""]",[],[],[],4,[],,,,1379KamilKilani,"[""https://kitab-corpus-metadata.azurewebsites.net/""]"
openiti_person_1379KhalilMardamBak,خليل مردم بك,Khalil Mardam Bak,,,,,1379,,,OpenITI date code 1379,,"[""author""]",[],[],[],1,[],,,,1379KhalilMardamBak,"[""https://kitab-corpus-metadata.azurewebsites.net/""]"
openiti_person_1379MuhammadAscadTalas,محمد أسعد طلس,Muhammad Ascad Talas,,,,,1379,,,OpenITI date code 1379,,"[""author""]",[],[],[],12,[],,,,1379MuhammadAscadTalas,"[""https://kitab-corpus-metadata.azurewebsites.net/""]"
openiti_person_1379SacidTaqiDin,سعيد تقي الدين,Sacid Taqi Din,,,,,1379,,,OpenITI date code 1379,,"[""author""]",[],[],[],6,[],,,,1379SacidTaqiDin,"[""https://kitab-corpus-metadata.azurewebsites.net/""]"
openiti_person_1380CabdSattarQarghuli,عبد الستار القرغولي,Cabd Sattar Qarghuli,,,,,1380,,,OpenITI date code 1380,,"[""author""]",[],[],[],1,[],,,,1380CabdSattarQarghuli,"[""https://kitab-corpus-metadata.azurewebsites.net/""]"
openiti_person_1380CaliMahirBasha,علي ماهر,Cali Mahir Basha,,,,,1380,,,OpenITI date code 1380,,"[""author""]",[],[],[],1,[],,,,1380CaliMahirBasha,"[""https://kitab-corpus-metadata.azurewebsites.net/""]"
openiti_person_1380KafiTunisi,محمد بن يوسف بن محمد بن سعد الحيدري التونسي الكافي المالكي (المتوفى: 1380هـ),Kafi Tunisi,,,,,1380,,,OpenITI date code 1380,,"[""author""]",[],[],[],1,[],,,,1380KafiTunisi,"[""https://kitab-corpus-metadata.azurewebsites.net/""]"
openiti_person_1380MahmudKhafif,محمود الخفيف,Mahmud Khafif,,,,,1380,,,OpenITI date code 1380,,"[""author""]",[],[],[],4,[],,,,1380MahmudKhafif,"[""https://kitab-corpus-metadata.azurewebsites.net/""]"
openiti_person_1380MuhammadAhmadHajari,محمّد بن أحمد الحجري اليماني,Muhammad Ahmad Hajari,,,,,1380,,,OpenITI date code 1380,,"[""author""]",[],[],[],1,[],,,,1380MuhammadAhmadHajari,"[""https://kitab-corpus-metadata.azurewebsites.net/""]"
openiti_person_1380MuhammadKamilHusayn,محمد كامل حسين,Muhammad Kamil Husayn,,,,,1380,,,OpenITI date code 1380,,"[""author""]",[],[],[],2,[],,,,1380MuhammadKamilHusayn,"[""https://kitab-corpus-metadata.azurewebsites.net/""]"
openiti_person_1380MuhammadMustafaSafwat,محمد مصطفى صفوت,Muhammad Mustafa Safwat,,,,,1380,,,OpenITI date code 1380,,"[""author""]",[],[],[],3,[],,,,1380MuhammadMustafaSafwat,"[""https://kitab-corpus-metadata.azurewebsites.net/""]"
openiti_person_1380MuhammadShafiqGhurbal,محمد شفيق غربال,Muhammad Shafiq Ghurbal,,,,,1380,,,OpenITI date code 1380,,"[""author""]",[],[],[],2,[],,,,1380MuhammadShafiqGhurbal,"[""https://kitab-corpus-metadata.azurewebsites.net/""]"
openiti_person_1380MuhammadZabara,,Muhammad Zabara,,,,,1380,,,OpenITI date code 1380,,"[""author""]",[],[],[],1,[],,,,1380MuhammadZabara,"[""https://kitab-corpus-metadata.azurewebsites.net/""]"
openiti_person_1380TahaHashimi,طه الهاشمي,Taha Hashimi,,,,,1380,,,OpenITI date code 1380,,"[""author""]",[],[],[],2,[],,,,1380TahaHashimi,"[""https://kitab-corpus-metadata.azurewebsites.net/""]"
openiti_person_1381IbrahimMustafa,إبراهيم مصطفى,Ibrahim Mustafa,,,,,1381,,,OpenITI date code 1381,,"[""author""]",[],[],[],1,[],,,,1381IbrahimMustafa,"[""https://kitab-corpus-metadata.azurewebsites.net/""]"
openiti_person_1381IsmacilMazhar,أندرو ديكسون وايت,Ismacil Mazhar,,,,,1381,,,OpenITI date code 1381,,"[""author""]",[],[],[],13,[],,,,1381IsmacilMazhar,"[""https://kitab-corpus-metadata.azurewebsites.net/""]"
openiti_person_1381MarunCabbud,مارون عبود,Marun Cabbud,,,,,1381,,,OpenITI date code 1381,,"[""author""]",[],[],[],28,[],,,,1381MarunCabbud,"[""https://kitab-corpus-metadata.azurewebsites.net/""]"
openiti_person_1381MuhammadHusaynMuzaffar,الشيخ محمّد حسين المظفّر,Muhammad Husayn Muzaffar,,,,,1381,,,OpenITI date code 1381,,"[""author""]",[],[],[],1,[],,,,1381MuhammadHusaynMuzaffar,"[""https://kitab-corpus-metadata.azurewebsites.net/""]"
openiti_person_1381MuhammadSancani,محمد بن محمد بن يحيى زبارة الحسني اليمني الصنعاني (المتوفى: 1381هـ),Muhammad Sancani,,,,,1381,,,OpenITI date code 1381,,"[""author""]",[],[],[],1,[],,,,1381MuhammadSancani,"[""https://kitab-corpus-metadata.azurewebsites.net/""]"
openiti_person_1381MuhammadShafiqGhurbal,كارل بيكر,Muhammad Shafiq Ghurbal,,,,,1381,,,OpenITI date code 1381,,"[""author""]",[],[],[],3,[],,,,1381MuhammadShafiqGhurbal,"[""https://kitab-corpus-metadata.azurewebsites.net/""]"
openiti_person_1381SalimHasan,سليم حسن,Salim Hasan,,,,,1381,,,OpenITI date code 1381,,"[""author""]",[],[],[],3,[],,,,1381SalimHasan,"[""https://kitab-corpus-metadata.azurewebsites.net/""]"
openiti_person_1382AhmadLutfiSayyid,أرسطوطاليس,Ahmad Lutfi Sayyid,,,,,1382,,,OpenITI date code 1382,,"[""author""]",[],[],[],3,[],,,,1382AhmadLutfiSayyid,"[""https://kitab-corpus-metadata.azurewebsites.net/""]"
openiti_person_1382CabdMasihHaddad,عبد المسيح حداد,Cabd Masih Haddad,,,,,1382,,,OpenITI date code 1382,,"[""author""]",[],[],[],1,[],,,,1382CabdMasihHaddad,"[""https://kitab-corpus-metadata.azurewebsites.net/""]"
openiti_person_1382Kattani,محمد عبد الحي بن عبد الكبير ابن محمد الحسني الإدريسي، المعروف بعبد الحي الكتاني (المتوفى: 1382هـ),Kattani,,,,,1382,,,OpenITI date code 1382,,"[""author""]",[],[],[],1,[],,,,1382Kattani,"[""https://kitab-corpus-metadata.azurewebsites.net/""]"
openiti_person_1382TahaCabdBaqiSurur,طه عبد الباقي سرور,Taha Cabd Baqi Surur,,,,,1382,,,OpenITI date code 1382,,"[""author""]",[],[],[],4,[],,,,1382TahaCabdBaqiSurur,"[""https://kitab-corpus-metadata.azurewebsites.net/""]"
openiti_person_1382TawfiqHasanShartuni,توفيق حسن الشرتوني,Tawfiq Hasan Shartuni,,,,,1382,,,OpenITI date code 1382,,"[""author""]",[],[],[],1,[],,,,1382TawfiqHasanShartuni,"[""https://kitab-corpus-metadata.azurewebsites.net/""]"
openiti_person_1382WasifBarudi,واصف البارودي,Wasif Barudi,,,,,1382,,,OpenITI date code 1382,,"[""author""]",[],[],[],1,[],,,,1382WasifBarudi,"[""https://kitab-corpus-metadata.azurewebsites.net/""]"
openiti_person_1383BishrFaris,بشر فارس,Bishr Faris,,,,,1383,,,OpenITI date code 1383,,"[""author""]",[],[],[],3,[],,,,1383BishrFaris,"[""https://kitab-corpus-metadata.azurewebsites.net/""]"
openiti_person_1383CabbasMahmudCaqqad,عباس محمود العقاد,Cabbas Mahmud Caqqad,,,,,1383,,,OpenITI date code 1383,,"[""author""]",[],[],[],76,[],,,,1383CabbasMahmudCaqqad,"[""https://kitab-corpus-metadata.azurewebsites.net/""]"
openiti_person_1383KarimKhalilThabit,كريم خليل ثابت,Karim Khalil Thabit,,,,,1383,,,OpenITI date code 1383,,"[""author""]",[],[],[],1,[],,,,1383KarimKhalilThabit,"[""https://kitab-corpus-metadata.azurewebsites.net/""]"
openiti_person_1383MuhammadSacidCaryan,محمد سعيد العريان,Muhammad Sacid Caryan,,,,,1383,,,OpenITI date code 1383,,"[""author""]",[],[],[],7,[],,,,1383MuhammadSacidCaryan,"[""https://kitab-corpus-metadata.azurewebsites.net/""]"
openiti_person_1383MuhammadYusufMusa,محمد يوسف موسى,Muhammad Yusuf Musa,,,,,1383,,,OpenITI date code 1383,,"[""author""]",[],[],[],6,[],,,,1383MuhammadYusufMusa,"[""https://kitab-corpus-metadata.azurewebsites.net/""]"
openiti_person_1384AhmadAhmadBadawi,أحمد أحمد بدوي,Ahmad Ahmad Badawi,,,,,1384,,,OpenITI date code 1384,,"[""author""]",[],[],[],2,[],,,,1384AhmadAhmadBadawi,"[""https://kitab-corpus-metadata.azurewebsites.net/""]"
openiti_person_1384BadrShakirSayyab,بدر شاكر السياب,Badr Shakir Sayyab,,,,,1384,,,OpenITI date code 1384,,"[""author""]",[],[],[],5,[],,,,1384BadrShakirSayyab,"[""https://kitab-corpus-metadata.azurewebsites.net/""]"
openiti_person_1384MahmudTahirHaqqi,محمود طاهر حقي,Mahmud Tahir Haqqi,,,,,1384,,,OpenITI date code 1384,,"[""author""]",[],[],[],1,[],,,,1384MahmudTahirHaqqi,"[""https://kitab-corpus-metadata.azurewebsites.net/""]"
openiti_person_1384MuhammadMandur,محمد مندور,Muhammad Mandur,,,,,1384,,,OpenITI date code 1384,,"[""author""]",[],[],[],6,[],,,,1384MuhammadMandur,"[""https://kitab-corpus-metadata.azurewebsites.net/""]"
openiti_person_1385AbuCalaCafifi,أبو العلا عفيفي,Abu Cala Cafifi,,,,,1385,,,OpenITI date code 1385,,"[""author""]",[],[],[],2,[],,,,1385AbuCalaCafifi,"[""https://kitab-corpus-metadata.azurewebsites.net/""]"
openiti_person_1385AbuIshaqIbrahimAtfayyish,,Abu Ishaq Ibrahim Atfayyish,,,,,1385,,,OpenITI date code 1385,,"[""author""]",[],[],[],2,[],,,,1385AbuIshaqIbrahimAtfayyish,"[""https://kitab-corpus-metadata.azurewebsites.net/""]"
openiti_person_1385AminKhuli,أمين الخولي,Amin Khuli,,,,,1385,,,OpenITI date code 1385,,"[""author""]",[],[],[],3,[],,,,1385AminKhuli,"[""https://kitab-corpus-metadata.azurewebsites.net/""]"
openiti_person_1385AntuniyusBashir,جبران خليل جبران,Antuniyus Bashir,,,,,1385,,,OpenITI date code 1385,,"[""author""]",[],[],[],5,[],,,,1385AntuniyusBashir,"[""https://kitab-corpus-metadata.azurewebsites.net/""]"
openiti_person_1385AnwarMacdawi,أنور المعداوي,Anwar Macdawi,,,,,1385,,,OpenITI date code 1385,,"[""author""]",[],[],[],1,[],,,,1385AnwarMacdawi,"[""https://kitab-corpus-metadata.azurewebsites.net/""]"
openiti_person_1385AsadRustam,أسد رستم,Asad Rustam,,,,,1385,,,OpenITI date code 1385,,"[""author""]",[],[],[],4,[],,,,1385AsadRustam,"[""https://kitab-corpus-metadata.azurewebsites.net/""]"
openiti_person_1385DriniKhashaba,دريني خشبة,Drini Khashaba,,,,,1385,,,OpenITI date code 1385,,"[""author""]",[],[],[],2,[],,,,1385DriniKhashaba,"[""https://kitab-corpus-metadata.azurewebsites.net/""]"
openiti_person_1386CabdRahmanRafici,عبد الرحمن الرافعي,Cabd Rahman Rafici,,,,,1386,,,OpenITI date code 1386,,"[""author""]",[],[],[],4,[],,,,1386CabdRahmanRafici,"[""https://kitab-corpus-metadata.azurewebsites.net/""]"
openiti_person_1386FakhriBarudi,فخري البارودي,Fakhri Barudi,,,,,1386,,,OpenITI date code 1386,,"[""author""]",[],[],[],1,[],,,,1386FakhriBarudi,"[""https://kitab-corpus-metadata.azurewebsites.net/""]"
openiti_person_1386KaramBustani,كرم البستاني,Karam Bustani,,,,,1386,,,OpenITI date code 1386,,"[""author""]",[],[],[],1,[],,,,1386KaramBustani,"[""https://kitab-corpus-metadata.azurewebsites.net/""]"
openiti_person_1386SayyidQutb,سيد قطب,Sayyid Qutb,,,Sayyid Quṭb,,1386,,,OpenITI date code 1386,,"[""author""]",[],[],[],1,[],,,,1386SayyidQutb,"[""https://kitab-corpus-metadata.azurewebsites.net/""]"
openiti_person_1386TahirTanahi,طاهر الطناحي,Tahir Tanahi,,,,,1386,,,OpenITI date code 1386,,"[""author""]",[],[],[],2,[],,,,1386TahirTanahi,"[""https://kitab-corpus-metadata.azurewebsites.net/""]"
openiti_person_1387JamalDinShayyal,جمال الدين الشيال,Jamal Din Shayyal,,,,,1387,,,OpenITI date code 1387,,"[""author""]",[],[],[],6,[],,,,1387JamalDinShayyal,"[""https://kitab-corpus-metadata.azurewebsites.net/""]"
openiti_person_1387MuhammadFaridAbuHadid,محمد فريد أبو حديد,Muhammad Farid Abu Hadid,,,,,1387,,,OpenITI date code 1387,,"[""author""]",[],[],[],9,[],,,,1387MuhammadFaridAbuHadid,"[""https://kitab-corpus-metadata.azurewebsites.net/""]"
openiti_person_1387MuhammadFuadCabdBaqi,,Muhammad Fuad Cabd Baqi,,,,,1387,,,OpenITI date code 1387,,"[""author""]",[],[],[],1,[],,,,1387MuhammadFuadCabdBaqi,"[""https://kitab-corpus-metadata.azurewebsites.net/""]"
openiti_person_1387MuhammadIbnSalimRuqayshi,محمد بن سالم بن زاهر بن بدوي بن جمعه بن أحمد بن جمعه الرقيشي,Muhammad Ibn Salim Ruqayshi,,,,,1387,,,OpenITI date code 1387,,"[""author""]",[],[],[],1,[],,,,1387MuhammadIbnSalimRuqayshi,"[""https://kitab-corpus-metadata.azurewebsites.net/""]"
openiti_person_1387Shayyal,,Shayyal,,,,,1387,,,OpenITI date code 1387,,"[""author""]",[],[],[],1,[],,,,1387Shayyal,"[""https://kitab-corpus-metadata.azurewebsites.net/""]"
openiti_person_1388RahiMucayyiri,محمد حسن رهي معيري,Rahi Mucayyiri,,,Muḥammad Ḥasan Rahī Muʿayyirī,,1388,,,OpenITI date code 1388,,"[""author""]",[],[],[],1,[],,,,1388RahiMucayyiri,"[""https://kitab-corpus-metadata.azurewebsites.net/""]"
openiti_person_1388SaticHusri,ساطع الحصري,Satic Husri,,,,,1388,,,OpenITI date code 1388,,"[""author""]",[],[],[],1,[],,,,1388SaticHusri,"[""https://kitab-corpus-metadata.azurewebsites.net/""]"
openiti_person_1389AghaBuzurgTihrani,آقا بزرگ تهراني,Agha Buzurg Tihrani,,,Āqā Buzurg Tihrānī,,1389,,,OpenITI date code 1389,,"[""author""]",[],[],[],5,[],,,,1389AghaBuzurgTihrani,"[""https://kitab-corpus-metadata.azurewebsites.net/""]"
openiti_person_1389CisamDinHifniNasif,عصام الدين حفني ناصف,Cisam Din Hifni Nasif,,,,,1389,,,OpenITI date code 1389,,"[""author""]",[],[],[],1,[],,,,1389CisamDinHifniNasif,"[""https://kitab-corpus-metadata.azurewebsites.net/""]"
openiti_person_1389GregoriusPaulusBehnam,غريغوريوس بولس بهنام,Gregorius Paulus Behnam,,,Ġrīġūriyūs Būlus Bihnām,,1389,,,OpenITI date code 1389,,"[""author""]",[],[],[],1,[],,,,1389GregoriusPaulusBehnam,"[""https://kitab-corpus-metadata.azurewebsites.net/""]"
openiti_person_1389MuhammadAlShaykh,محمد بن إبراهيم بن عبد اللطيف آل الشيخ (المتوفى: 1389هـ),Muhammad Al Shaykh,,,,,1389,,,OpenITI date code 1389,,"[""author""]",[],[],[],1,[],,,,1389MuhammadAlShaykh,"[""https://kitab-corpus-metadata.azurewebsites.net/""]"
openiti_person_1390AhmadFuadAhwani,أحمد فؤاد الأهواني,Ahmad Fuad Ahwani,,,,,1390,,,OpenITI date code 1390,,"[""author""]",[],[],[],2,[],,,,1390AhmadFuadAhwani,"[""https://kitab-corpus-metadata.azurewebsites.net/""]"
openiti_person_1390AhmadIbnQasimCanasi,القاضي أحمد بن قاسم العنسي,Ahmad Ibn Qasim Canasi,,,,,1390,,,OpenITI date code 1390,,"[""author""]",[],[],[],1,[],,,,1390AhmadIbnQasimCanasi,"[""https://kitab-corpus-metadata.azurewebsites.net/""]"
openiti_person_1390CabdHusaynAmini,,Cabd Husayn Amini,,,,,1390,,,OpenITI date code 1390,,"[""author""]",[],[],[],2,[],,,,1390CabdHusaynAmini,"[""https://kitab-corpus-metadata.azurewebsites.net/""]"
openiti_person_1390HamadSulaymi,,Hamad Sulaymi,,,,,1390,,,OpenITI date code 1390,,"[""author""]",[],[],[],2,[],,,,1390HamadSulaymi,"[""https://kitab-corpus-metadata.azurewebsites.net/""]"
openiti_person_1390MahmudAbuRayya,محمود أبوريه,Mahmud Abu Rayya,,,,,1390,,,OpenITI date code 1390,,"[""author""]",[],[],[],1,[],,,,1390MahmudAbuRayya,"[""https://kitab-corpus-metadata.azurewebsites.net/""]"
openiti_person_1390MuhsinTabatabai,السيد محسن الطباطبائي الحكيم,Muhsin Tabatabai,,,,,1390,,,OpenITI date code 1390,,"[""author""]",[],[],[],1,[],,,,1390MuhsinTabatabai,"[""https://kitab-corpus-metadata.azurewebsites.net/""]"
openiti_person_1391CabdRazzaqMuqarrim,السيد عبد الرزاق الموسوي المقرّم,Cabd Razzaq Muqarrim,,,,,1391,,,OpenITI date code 1391,,"[""author""]",[],[],[],2,[],,,,1391CabdRazzaqMuqarrim,"[""https://kitab-corpus-metadata.azurewebsites.net/""]"
openiti_person_1391IbrahimKinaci,,Ibrahim Kinaci,,,,,1391,,,OpenITI date code 1391,,"[""author""]",[],[],[],1,[],,,,1391IbrahimKinaci,"[""https://kitab-corpus-metadata.azurewebsites.net/""]"
openiti_person_1392CazraHaddad,عزرا حداد,Cazra Haddad,,,ʿAzrā Ḥaddād,,1392,,,OpenITI date code 1392,,"[""author""]",[],[],[],1,[],,,,1392CazraHaddad,"[""https://kitab-corpus-metadata.azurewebsites.net/""]"
openiti_person_1392KhalfanSiyabi,خلفان بن جميل السيابي,Khalfan Siyabi,,,,,1392,,,OpenITI date code 1392,,"[""author""]",[],[],[],2,[],,,,1392KhalfanSiyabi,"[""https://kitab-corpus-metadata.azurewebsites.net/""]"
openiti_person_1392MuhammadFuadShukri,محمد فؤاد شكري,Muhammad Fuad Shukri,,,,,1392,,,OpenITI date code 1392,,"[""author""]",[],[],[],3,[],,,,1392MuhammadFuadShukri,"[""https://kitab-corpus-metadata.azurewebsites.net/""]"
openiti_person_1392TahaHusayn,طه حسين,Taha Husayn,,,,,1392,,,OpenITI date code 1392,,"[""author""]",[],[],[],36,[],,,,1392TahaHusayn,"[""https://kitab-corpus-metadata.azurewebsites.net/""]"
openiti_person_1393IbrahimAbuYaqzan,,Ibrahim Abu Yaqzan,,,,,1393,,,OpenITI date code 1393,,"[""author""]",[],[],[],3,[],,,,1393IbrahimAbuYaqzan,"[""https://kitab-corpus-metadata.azurewebsites.net/""]"
openiti_person_1393MuhammadAminShanqiti,الشنقيطي,Muhammad Amin Shanqiti,,,,,1393,,,OpenITI date code 1393,,"[""author""]",[],[],[],1,[],,,,1393MuhammadAminShanqiti,"[""https://kitab-corpus-metadata.azurewebsites.net/""]"
openiti_person_1393MuhammadTahirIbnCashurTunisi,ابن عاشور,Muhammad Tahir Ibn Cashur Tunisi,,,,,1393,,,OpenITI date code 1393,,"[""author""]",[],[],[],3,[],,,,1393MuhammadTahirIbnCashurTunisi,"[""https://kitab-corpus-metadata.azurewebsites.net/""]"
openiti_person_1394MuhammadAbuZahra,محمد أبو زهرة,Muhammad Abu Zahra,,,,,1394,,,OpenITI date code 1394,,"[""author""]",[],[],[],1,[],,,,1394MuhammadAbuZahra,"[""https://kitab-corpus-metadata.azurewebsites.net/""]"
openiti_person_1395IbrahimCabri,إبراهيم بن سعيد بن محسن العبري,Ibrahim Cabri,,,,,1395,,,OpenITI date code 1395,,"[""author""]",[],[],[],2,[],,,,1395IbrahimCabri,"[""https://kitab-corpus-metadata.azurewebsites.net/""]"
openiti_person_1396CaliHashimiKhatib,علي بن الحسين الهاشمي,Cali Hashimi Khatib,,,,,1396,,,OpenITI date code 1396,,"[""author""]",[],[],[],2,[],,,,1396CaliHashimiKhatib,"[""https://kitab-corpus-metadata.azurewebsites.net/""]"
openiti_person_1396KhayrDinZirikli,الزركلي,Khayr Din Zirikli,,,al-Ziriklī,,1396,,,OpenITI date code 1396,,"[""author""]",[],[],[],1,[],,,,1396KhayrDinZirikli,"[""https://kitab-corpus-metadata.azurewebsites.net/""]"
openiti_person_1396MuhammadBahjaBaytar,محمد بهجة البيطار,Muhammad Bahja Baytar,,,,,1396,,,OpenITI date code 1396,,"[""author""]",[],[],[],1,[],,,,1396MuhammadBahjaBaytar,"[""https://kitab-corpus-metadata.azurewebsites.net/""]"
openiti_person_1396RaifKhuri,رئيف خوري,Raif Khuri,,,,,1396,,,OpenITI date code 1396,,"[""author""]",[],[],[],2,[],,,,1396RaifKhuri,"[""https://kitab-corpus-metadata.azurewebsites.net/""]"
openiti_person_1396SalihJawdat,ألكسندر ديماس,Salih Jawdat,,,,,1396,,,OpenITI date code 1396,,"[""author""]",[],[],[],3,[],,,,1396SalihJawdat,"[""https://kitab-corpus-metadata.azurewebsites.net/""]"
openiti_person_1400CumarDasuqi,عمر الدسوقي,Cumar Dasuqi,,,,,1400,,,OpenITI date code 1400,,"[""author""]",[],[],[],1,[],,,,1400CumarDasuqi,"[""https://kitab-corpus-metadata.azurewebsites.net/""]"
openiti_person_1400IbnSuda,,Ibn Suda,,,,,1400,,,OpenITI date code 1400,,"[""author""]",[],[],[],1,[],,,,1400IbnSuda,"[""https://kitab-corpus-metadata.azurewebsites.net/""]"
openiti_person_1400JamilKhanki,جميل خانكي,Jamil Khanki,,,,,1400,,,OpenITI date code 1400,,"[""author""]",[],[],[],1,[],,,,1400JamilKhanki,"[""https://kitab-corpus-metadata.azurewebsites.net/""]"
openiti_person_1400MuhammadBaqirSadr,,Muhammad Baqir Sadr,,,,,1400,,,OpenITI date code 1400,,"[""author""]",[],[],[],3,[],,,,1400MuhammadBaqirSadr,"[""https://kitab-corpus-metadata.azurewebsites.net/""]"
openiti_person_1400MuhammadIbrahimSalim,محمد ابراهيم سليم,Muhammad Ibrahim Salim,,,Muḥammad Ibrāhīm Salīm,,1400,,,OpenITI date code 1400,,"[""author""]",[],[],[],1,[],,,,1400MuhammadIbrahimSalim,"[""https://kitab-corpus-metadata.azurewebsites.net/""]"
openiti_person_1400MuhammadNadim,,Muhammad Nadim,,,,,1400,,,OpenITI date code 1400,,"[""author""]",[],[],[],1,[],,,,1400MuhammadNadim,"[""https://kitab-corpus-metadata.azurewebsites.net/""]"
openiti_person_1400MuhammadRifcat,محمد شفيق غربال,Muhammad Rifcat,,,,,1400,,,OpenITI date code 1400,,"[""author""]",[],[],[],1,[],,,,1400MuhammadRifcat,"[""https://kitab-corpus-metadata.azurewebsites.net/""]"
openiti_person_1400TawfiqSacidRafici,توفيق سعيد الرافعي,Tawfiq Sacid Rafici,,,,,1400,,,OpenITI date code 1400,,"[""author""]",[],[],[],2,[],,,,1400TawfiqSacidRafici,"[""https://kitab-corpus-metadata.azurewebsites.net/""]"
openiti_person_1402SayyidTabatabai,سيد طباطبائي، علامة طباطبائي,Sayyid Tabatabai,,,"Sayyid Ṭabāṭabāʾī, ʿAllāmaŧ Ṭabāṭabāʾī",,1402,,,OpenITI date code 1402,,"[""author""]",[],[],[],2,[],,,,1402SayyidTabatabai,"[""https://kitab-corpus-metadata.azurewebsites.net/""]"
openiti_person_1403HashimMacrufHasani,هاشم معروف الحسني,Hashim Macruf Hasani,,,,,1403,,,OpenITI date code 1403,,"[""author""]",[],[],[],3,[],,,,1403HashimMacrufHasani,"[""https://kitab-corpus-metadata.azurewebsites.net/""]"
openiti_person_1404AhmadSibaci,الدكتور مصطفى السّباعي,Ahmad Sibaci,,,,,1404,,,OpenITI date code 1404,,"[""author""]",[],[],[],2,[],,,,1404AhmadSibaci,"[""https://kitab-corpus-metadata.azurewebsites.net/""]"
openiti_person_1404IbrahimQattan,القطان,Ibrahim Qattan,,,,,1404,,,OpenITI date code 1404,,"[""author""]",[],[],[],1,[],,,,1404IbrahimQattan,"[""https://kitab-corpus-metadata.azurewebsites.net/""]"
openiti_person_1405CabdRahmanAlShaykh,عبد الرحمن بن عبد اللطيف بن عبد الله بن عبد اللطيف بن عبد الرحمن بن حسن بن محمد بن عبد الوهاب,Cabd Rahman Al Shaykh,,,,,1405,,,OpenITI date code 1405,,"[""author""]",[],[],[],1,[],,,,1405CabdRahmanAlShaykh,"[""https://kitab-corpus-metadata.azurewebsites.net/""]"
openiti_person_1405CaliShahrudi,الشيخ علي النمازي الشاهرودي,Cali Shahrudi,,,,,1405,,,OpenITI date code 1405,,"[""author""]",[],[],[],2,[],,,,1405CaliShahrudi,"[""https://kitab-corpus-metadata.azurewebsites.net/""]"
openiti_person_1406SubhiMahmasani,صبحي محمصاني,Subhi Mahmasani,,,,,1406,,,OpenITI date code 1406,,"[""author""]",[],[],[],1,[],,,,1406SubhiMahmasani,"[""https://kitab-corpus-metadata.azurewebsites.net/""]"
openiti_person_1407CaliIbnMuhammadCujri,علي بن محمد بن يحيى العجري,Cali Ibn Muhammad Cujri,,,,,1407,,,OpenITI date code 1407,,"[""author""]",[],[],[],2,[],,,,1407CaliIbnMuhammadCujri,"[""https://kitab-corpus-metadata.azurewebsites.net/""]"
openiti_person_1407Khalili,خليل الله كهليلي,Khalili,,,Ḫalīl Allāh Khalīlī,,1407,,,OpenITI date code 1407,,"[""author""]",[],[],[],1,[],,,,1407Khalili,"[""https://kitab-corpus-metadata.azurewebsites.net/""]"
openiti_person_1407MuhammadCaliMudarrisAfghani,الشيخ محمّد علي المدرّس الأفغاني,Muhammad Cali Mudarris Afghani,,,,,1407,,,OpenITI date code 1407,,"[""author""]",[],[],[],1,[],,,,1407MuhammadCaliMudarrisAfghani,"[""https://kitab-corpus-metadata.azurewebsites.net/""]"
openiti_person_1408CabdSalamHarun,عبد السلام هارون,Cabd Salam Harun,,,,,1408,,,OpenITI date code 1408,,"[""author""]",[],[],[],1,[],,,,1408CabdSalamHarun,"[""https://kitab-corpus-metadata.azurewebsites.net/""]"
openiti_person_1408CumarKahhala,عمر كحالة,Cumar Kahhala,,,,,1408,,,OpenITI date code 1408,,"[""author""]",[],[],[],2,[],,,,1408CumarKahhala,"[""https://kitab-corpus-metadata.azurewebsites.net/""]"
openiti_person_1408JawadCali,جواد علي,Jawad Cali,,,,,1408,,,OpenITI date code 1408,,"[""author""]",[],[],[],1,[],,,,1408JawadCali,"[""https://kitab-corpus-metadata.azurewebsites.net/""]"
openiti_person_1409CabdAllahKannun,عبد الله كنون الحسني (المتوفى: 1409 هـ),Cabd Allah Kannun,,,,,1409,,,OpenITI date code 1409,,"[""author""]",[],[],[],1,[],,,,1409CabdAllahKannun,"[""https://kitab-corpus-metadata.azurewebsites.net/""]"
openiti_person_1409IbnSayyidCajamiMisri,عبد الفتاح بن السيد عجمي بن السيد العسس المرصفي المصري الشافعي (المتوفى: 1409هـ),Ibn Sayyid Cajami Misri,,,,,1409,,,OpenITI date code 1409,,"[""author""]",[],[],[],1,[],,,,1409IbnSayyidCajamiMisri,"[""https://kitab-corpus-metadata.azurewebsites.net/""]"
openiti_person_1409MuhammadHusaynShahriyar,محمد حسين شهريار,Muhammad Husayn Shahriyar,,,Muḥammad Ḥusayn Šahriyār,,1409,,,OpenITI date code 1409,,"[""author""]",[],[],[],1,[],,,,1409MuhammadHusaynShahriyar,"[""https://kitab-corpus-metadata.azurewebsites.net/""]"
openiti_person_1409RuhAllahKhumayni,الامام روح الله الموسوي الخميني«قدس سره»,Ruh Allah Khumayni,,,,,1409,,,OpenITI date code 1409,,"[""author""]",[],[],[],4,[],,,,1409RuhAllahKhumayni,"[""https://kitab-corpus-metadata.azurewebsites.net/""]"
openiti_person_1411HasanCaliQabanji,الإمام زين العابدين (ع),Hasan Cali Qabanji,,,,,1411,,,OpenITI date code 1411,,"[""author""]",[],[],[],1,[],,,,1411HasanCaliQabanji,"[""https://kitab-corpus-metadata.azurewebsites.net/""]"
openiti_person_1411MuhammadTahirBarnaji,الطبري، أبو جعفر,Muhammad Tahir Barnaji,,,,,1411,,,OpenITI date code 1411,,"[""author""]",[],[],[],1,[],,,,1411MuhammadTahirBarnaji,"[""https://kitab-corpus-metadata.azurewebsites.net/""]"
openiti_person_1411SayyidMarcashi,السيد المرعشي,Sayyid Marcashi,,,,,1411,,,OpenITI date code 1411,,"[""author""]",[],[],[],1,[],,,,1411SayyidMarcashi,"[""https://kitab-corpus-metadata.azurewebsites.net/""]"
openiti_person_1412YusufIdris,يوسف إدريس,Yusuf Idris,,,,,1412,,,OpenITI date code 1412,,"[""author""]",[],[],[],30,[],,,,1412YusufIdris,"[""https://kitab-corpus-metadata.azurewebsites.net/""]"
openiti_person_1413KurkisCawwad,جان بابتيست تافرنييه,Kurkis Cawwad,,,,,1413,,,OpenITI date code 1413,,"[""author""]",[],[],[],1,[],,,,1413KurkisCawwad,"[""https://kitab-corpus-metadata.azurewebsites.net/""]"
openiti_person_1413MuhammadHasanZayyat,محمد حسن الزيات,Muhammad Hasan Zayyat,,,,,1413,,,OpenITI date code 1413,,"[""author""]",[],[],[],1,[],,,,1413MuhammadHasanZayyat,"[""https://kitab-corpus-metadata.azurewebsites.net/""]"
openiti_person_1413TajDinKhui,السيد الخوئي,Taj Din Khui,,,,,1413,,,OpenITI date code 1413,,"[""author""]",[],[],[],3,[],,,,1413TajDinKhui,"[""https://kitab-corpus-metadata.azurewebsites.net/""]"
openiti_person_1414GeorgeShahataQanawati,جورج شحاتة قنواتي,George Shahata Qanawati,,,,,1414,,,OpenITI date code 1414,,"[""author""]",[],[],[],1,[],,,,1414GeorgeShahataQanawati,"[""https://kitab-corpus-metadata.azurewebsites.net/""]"
openiti_person_1414MuhammadRidaGulpayagani,السيد الگلپايگاني,Muhammad Rida Gulpayagani,,,,,1414,,,OpenITI date code 1414,,"[""author""]",[],[],[],3,[],,,,1414MuhammadRidaGulpayagani,"[""https://kitab-corpus-metadata.azurewebsites.net/""]"
openiti_person_1414SalimIbadi,سالم بن حمود بن شامس بن خميس السيابي الإباضي (المتوفى: 1414هـ),Salim Ibadi,,,,,1414,,,OpenITI date code 1414,,"[""author""]",[],[],[],1,[],,,,1414SalimIbadi,"[""https://kitab-corpus-metadata.azurewebsites.net/""]"
openiti_person_1414ZakiNajibMahmud,زكي نجيب محمود,Zaki Najib Mahmud,,,,,1414,,,OpenITI date code 1414,,"[""author""]",[],[],[],39,[],,,,1414ZakiNajibMahmud,"[""https://kitab-corpus-metadata.azurewebsites.net/""]"
openiti_person_1415CabdRazzaqCafifi,عبد الرزاق عفيفي,Cabd Razzaq Cafifi,,,,,1415,,,OpenITI date code 1415,,"[""author""]",[],[],[],1,[],,,,1415CabdRazzaqCafifi,"[""https://kitab-corpus-metadata.azurewebsites.net/""]"
openiti_person_1415MuhammadCaliAraki,آية الله الشيخ محمد علي الأراكي,Muhammad Cali Araki,,,,,1415,,,OpenITI date code 1415,,"[""author""]",[],[],[],1,[],,,,1415MuhammadCaliAraki,"[""https://kitab-corpus-metadata.azurewebsites.net/""]"
openiti_person_1416CabbudShaliji,عبود الشالجي,Cabbud Shaliji,,,ʿAbbūd al-Šāliǧī,,1416,,,OpenITI date code 1416,,"[""author""]",[],[],[],1,[],,,,1416CabbudShaliji,"[""https://kitab-corpus-metadata.azurewebsites.net/""]"
openiti_person_1416HasanSafiIsfahani,آية الله الشيخ حسن الصافي الإصفهاني,Hasan Safi Isfahani,,,,,1416,,,OpenITI date code 1416,,"[""author""]",[],[],[],1,[],,,,1416HasanSafiIsfahani,"[""https://kitab-corpus-metadata.azurewebsites.net/""]"
openiti_person_1416MuhammadGhazali,أبو حامد محمد بن محمد الغزالي الطوسي,Muhammad Ghazali,,,,,1416,,,OpenITI date code 1416,,"[""author""]",[],[],[],2,[],,,,1416MuhammadGhazali,"[""https://kitab-corpus-metadata.azurewebsites.net/""]"
openiti_person_1417CabdFattahAbuGhudda,عبد الفتاح أبو غدة,Cabd Fattah Abu Ghudda,,,,,1417,,,OpenITI date code 1417,,"[""author""]",[],[],[],1,[],,,,1417CabdFattahAbuGhudda,"[""https://kitab-corpus-metadata.azurewebsites.net/""]"
openiti_person_1417SacidAfghani,سعيد الأفغاني,Sacid Afghani,,,,,1417,,,OpenITI date code 1417,,"[""author""]",[],[],[],1,[],,,,1417SacidAfghani,"[""https://kitab-corpus-metadata.azurewebsites.net/""]"
openiti_person_1418AminSalama,فيرجيل,Amin Salama,,,,,1418,,,OpenITI date code 1418,,"[""author""]",[],[],[],16,[],,,,1418AminSalama,"[""https://kitab-corpus-metadata.azurewebsites.net/""]"
openiti_person_1418MuhammadMutawalliShacrawi,,Muhammad Mutawalli Shacrawi,,,,,1418,,,OpenITI date code 1418,,"[""author""]",[],[],[],1,[],,,,1418MuhammadMutawalliShacrawi,"[""https://kitab-corpus-metadata.azurewebsites.net/""]"
openiti_person_1418MuhammadRuhani,السيد محمد الروحاني,Muhammad Ruhani,,,,,1418,,,OpenITI date code 1418,,"[""author""]",[],[],[],3,[],,,,1418MuhammadRuhani,"[""https://kitab-corpus-metadata.azurewebsites.net/""]"
openiti_person_1418SalihAhmadArkani,صالح أحمد بن إدريس بن محمد بن محمد إدريس بن عبد الرحمن الأركاني ثم المكي (المتوفى: 1418هـ),Salih Ahmad Arkani,,,,,1418,,,OpenITI date code 1418,,"[""author""]",[],[],[],1,[],,,,1418SalihAhmadArkani,"[""https://kitab-corpus-metadata.azurewebsites.net/""]"
openiti_person_1419MahmudTanahi,محمود محمد الطناحي,Mahmud Tanahi,,,,,1419,,,OpenITI date code 1419,,"[""author""]",[],[],[],2,[],,,,1419MahmudTanahi,"[""https://kitab-corpus-metadata.azurewebsites.net/""]"
openiti_person_1420AbuHasanNadwi,علي أبو الحسن بن عبد الحي بن فخر الدين الندوي (المتوفى: 1420هـ),Abu Hasan Nadwi,,,,,1420,,,OpenITI date code 1420,,"[""author""]",[],[],[],2,[],,,,1420AbuHasanNadwi,"[""https://kitab-corpus-metadata.azurewebsites.net/""]"
openiti_person_1420CabdAllahBaraduni,,Cabd Allah Baraduni,,,,,1420,,,OpenITI date code 1420,,"[""author""]",[],[],[],1,[],,,,1420CabdAllahBaraduni,"[""https://kitab-corpus-metadata.azurewebsites.net/""]"
openiti_person_1420CaliTantawi,علي بن مصطفى الطنطاوي,Cali Tantawi,,,,,1420,,,OpenITI date code 1420,,"[""author""]",[],[],[],8,[],,,,1420CaliTantawi,"[""https://kitab-corpus-metadata.azurewebsites.net/""]"
openiti_person_1420IbnBaz,عبد العزيز بن عبد الله بن باز (المتوفى: 1420هـ),Ibn Baz,,,,,1420,,,OpenITI date code 1420,,"[""author""]",[],[],[],2,[],,,,1420IbnBaz,"[""https://kitab-corpus-metadata.azurewebsites.net/""]"
openiti_person_1420JawadShubbar,جواد شبّر,Jawad Shubbar,,,,,1420,,,OpenITI date code 1420,,"[""author""]",[],[],[],1,[],,,,1420JawadShubbar,"[""https://kitab-corpus-metadata.azurewebsites.net/""]"
openiti_person_1420MuhammadNasirDinAlbani,محمد بن إسماعيل بن إبراهيم بن المغيرة البخاري، أبو عبد الله (المتوفى: 256هـ),Muhammad Nasir Din Albani,,,,,1420,,,OpenITI date code 1420,,"[""author""]",[],[],[],3,[],,,,1420MuhammadNasirDinAlbani,"[""https://kitab-corpus-metadata.azurewebsites.net/""]"
openiti_person_1420MustafaAhmadZarqa,مصطفى أحمد الزرقا,Mustafa Ahmad Zarqa,,,,,1420,,,OpenITI date code 1420,,"[""author""]",[],[],[],1,[],,,,1420MustafaAhmadZarqa,"[""https://kitab-corpus-metadata.azurewebsites.net/""]"
openiti_person_1420ShukriCayyad,Aristotle,Shukri Cayyad,,,,,1420,,,OpenITI date code 1420,,"[""author""]",[],[],[],1,[],,,,1420ShukriCayyad,"[""https://kitab-corpus-metadata.azurewebsites.net/""]"
openiti_person_1421HamdJasir,حمد بن محمد الجاسر (المتوفى: 1421هـ),Hamd Jasir,,,,,1421,,,OpenITI date code 1421,,"[""author""]",[],[],[],1,[],,,,1421HamdJasir,"[""https://kitab-corpus-metadata.azurewebsites.net/""]"
openiti_person_1421MuhammadCuthaymin,محمد بن صالح بن محمد العثيمين (المتوفى: 1421هـ),Muhammad Cuthaymin,,,,,1421,,,OpenITI date code 1421,,"[""author""]",[],[],[],3,[],,,,1421MuhammadCuthaymin,"[""https://kitab-corpus-metadata.azurewebsites.net/""]"
openiti_person_1421MuhammadHadiAmini,محمد هادي الأميني,Muhammad Hadi Amini,,,,,1421,,,OpenITI date code 1421,,"[""author""]",[],[],[],1,[],,,,1421MuhammadHadiAmini,"[""https://kitab-corpus-metadata.azurewebsites.net/""]"
openiti_person_1422CabdCazizSalman,الواحدي,Cabd Caziz Salman,,,,,1422,,,OpenITI date code 1422,,"[""author""]",[],[],[],2,[],,,,1422CabdCazizSalman,"[""https://kitab-corpus-metadata.azurewebsites.net/""]"
openiti_person_1422MuhammadSalimMuhaysin,محمد محمد محمد سالم محيسن (المتوفى: 1422هـ),Muhammad Salim Muhaysin,,,,,1422,,,OpenITI date code 1422,,"[""author""]",[],[],[],1,[],,,,1422MuhammadSalimMuhaysin,"[""https://kitab-corpus-metadata.azurewebsites.net/""]"
openiti_person_1422MuqbilWadici,مقبل بن هادي بن مقبل بن قائدة الهمداني الوادعي (المتوفى: 1422هـ),Muqbil Wadici,,,,,1422,,,OpenITI date code 1422,,"[""author""]",[],[],[],2,[],,,,1422MuqbilWadici,"[""https://kitab-corpus-metadata.azurewebsites.net/""]"
openiti_person_1423CabbasAhmadSaqr,الحافظ جلال الدين عبد الرحمن السيوطي,Cabbas Ahmad Saqr,,,,,1423,,,OpenITI date code 1423,,"[""author""]",[],[],[],1,[],,,,1423CabbasAhmadSaqr,"[""https://kitab-corpus-metadata.azurewebsites.net/""]"
openiti_person_1423CabdAllahAlBassam,عبد الله بن عبد الرحمن بن صالح آل بسام,Cabd Allah Al Bassam,,,,,1423,,,OpenITI date code 1423,,"[""author""]",[],[],[],1,[],,,,1423CabdAllahAlBassam,"[""https://kitab-corpus-metadata.azurewebsites.net/""]"
openiti_person_1423ShawqiCabdHakim,شوقي عبد الحكيم,Shawqi Cabd Hakim,,,,,1423,,,OpenITI date code 1423,,"[""author""]",[],[],[],13,[],,,,1423ShawqiCabdHakim,"[""https://kitab-corpus-metadata.azurewebsites.net/""]"
openiti_person_1423TharwatAbaza,ثروت أباظة,Tharwat Abaza,,,,,1423,,,OpenITI date code 1423,,"[""author""]",[],[],[],40,[],,,,1423TharwatAbaza,"[""https://kitab-corpus-metadata.azurewebsites.net/""]"
openiti_person_1424IhsanCabbas,استخرجها وحققها الدكتور إحسان عباس (المتوفى: 1424هـ),Ihsan Cabbas,,,,,1424,,,OpenITI date code 1424,,"[""author""]",[],[],[],2,[],,,,1424IhsanCabbas,"[""https://kitab-corpus-metadata.azurewebsites.net/""]"
openiti_person_1424MuhammadCaliAbtahi,الغضائري,Muhammad Cali Abtahi,,,,,1424,,,OpenITI date code 1424,,"[""author""]",[],[],[],3,[],,,,1424MuhammadCaliAbtahi,"[""https://kitab-corpus-metadata.azurewebsites.net/""]"
openiti_person_1424YacqubBaHusayn,يعقوب بن عبد الوهاب الباحسين,Yacqub Ba Husayn,,,,,1424,,,OpenITI date code 1424,,"[""author""]",[],[],[],1,[],,,,1424YacqubBaHusayn,"[""https://kitab-corpus-metadata.azurewebsites.net/""]"
openiti_person_1425HusaynMujibMisri,أوليا چلبي,Husayn Mujib Misri,,,,,1425,,,OpenITI date code 1425,,"[""author""]",[],[],[],1,[],,,,1425HusaynMujibMisri,"[""https://kitab-corpus-metadata.azurewebsites.net/""]"
openiti_person_1425IbrahimIbnCubaydAlCabdMuhsin,إبراهيم بن عبيد آل عبد المحسن,Ibrahim Ibn Cubayd Al Cabd Muhsin,,,,,1425,,,OpenITI date code 1425,,"[""author""]",[],[],[],1,[],,,,1425IbrahimIbnCubaydAlCabdMuhsin,"[""https://kitab-corpus-metadata.azurewebsites.net/""]"
openiti_person_1425MuhammadIbnCalawiMaliki,,Muhammad Ibn Calawi Maliki,,,,,1425,,,OpenITI date code 1425,,"[""author""]",[],[],[],1,[],,,,1425MuhammadIbnCalawiMaliki,"[""https://kitab-corpus-metadata.azurewebsites.net/""]"
openiti_person_1427MuhammadCabdMuncimKhafaji,محمد بن عبد الرحمن بن عمر، أبو المعالي، جلال الدين القزويني الشافعي، المعروف بخطيب دمشق (المتوفى: 739هـ),Muhammad Cabd Muncim Khafaji,,,,,1427,,,OpenITI date code 1427,,"[""author""]",[],[],[],1,[],,,,1427MuhammadCabdMuncimKhafaji,"[""https://kitab-corpus-metadata.azurewebsites.net/""]"
openiti_person_1427NajibMahfuz,نجيب محفوظ,Najib Mahfuz,,,,,1427,,,OpenITI date code 1427,,"[""author""]",[],[],[],48,[],,,,1427NajibMahfuz,"[""https://kitab-corpus-metadata.azurewebsites.net/""]"
openiti_person_1428MajdDinMuayyadi,السيد العلامة المجتهد مجدالدين المؤيدي,Majd Din Muayyadi,,,,,1428,,,OpenITI date code 1428,,"[""author""]",[],[],[],6,[],,,,1428MajdDinMuayyadi,"[""https://kitab-corpus-metadata.azurewebsites.net/""]"
openiti_person_1429BakrIbnCabdAllah,بكر بن عبد الله أبو زيد بن محمد بن عبد الله بن بكر بن عثمان بن يحيى بن غيهب بن محمد (المتوفى: 1429هـ),Bakr Ibn Cabd Allah,,,,,1429,,,OpenITI date code 1429,,"[""author""]",[],[],[],1,[],,,,1429BakrIbnCabdAllah,"[""https://kitab-corpus-metadata.azurewebsites.net/""]"
openiti_person_1429MustafaSacidKhinn,,Mustafa Sacid Khinn,,,,,1429,,,OpenITI date code 1429,,"[""author""]",[],[],[],1,[],,,,1429MustafaSacidKhinn,"[""https://kitab-corpus-metadata.azurewebsites.net/""]"
openiti_person_1430IbnJibrin,عبد الله بن عبد الرحمن بن عبد الله بن جبرين,Ibn Jibrin,,,,,1430,,,OpenITI date code 1430,,"[""author""]",[],[],[],1,[],,,,1430IbnJibrin,"[""https://kitab-corpus-metadata.azurewebsites.net/""]"
openiti_person_1430MuhammadMuhammadMuhsin,محمد محسن,Muhammad Muhammad Muhsin,,,,,1430,,,OpenITI date code 1430,,"[""author""]",[],[],[],2,[],,,,1430MuhammadMuhammadMuhsin,"[""https://kitab-corpus-metadata.azurewebsites.net/""]"
openiti_person_1430MunicCabdHalimMahmud,منيع عبد الحليم محمود,Munic Cabd Halim Mahmud,,,,,1430,,,OpenITI date code 1430,,"[""author""]",[],[],[],1,[],,,,1430MunicCabdHalimMahmud,"[""https://kitab-corpus-metadata.azurewebsites.net/""]"
openiti_person_1431BadrDinHuthi,السيد العلامة المجتهد بدرالدين بن أميرالدين الحوثي الحسني .,Badr Din Huthi,,,,,1431,,,OpenITI date code 1431,,"[""author""]",[],[],[],5,[],,,,1431BadrDinHuthi,"[""https://kitab-corpus-metadata.azurewebsites.net/""]"
openiti_person_1431FuadZakariyya,فؤاد زكريا,Fuad Zakariyya,,,,,1431,,,OpenITI date code 1431,,"[""author""]",[],[],[],24,[],,,,1431FuadZakariyya,"[""https://kitab-corpus-metadata.azurewebsites.net/""]"
openiti_person_1431MuhammadHusaynFadlAllah,السيد محمد حسين فضل الله,Muhammad Husayn Fadl Allah,,,,,1431,,,OpenITI date code 1431,,"[""author""]",[],[],[],1,[],,,,1431MuhammadHusaynFadlAllah,"[""https://kitab-corpus-metadata.azurewebsites.net/""]"
openiti_person_1431MuhammadSayyidTantawi,طنطاوي,Muhammad Sayyid Tantawi,,,,,1431,,,OpenITI date code 1431,,"[""author""]",[],[],[],1,[],,,,1431MuhammadSayyidTantawi,"[""https://kitab-corpus-metadata.azurewebsites.net/""]"
openiti_person_1432AscadHawmad,د. أسعد حومد,Ascad Hawmad,,,,,1432,,,OpenITI date code 1432,,"[""author""]",[],[],[],1,[],,,,1432AscadHawmad,"[""https://kitab-corpus-metadata.azurewebsites.net/""]"
openiti_person_1432HadiCaliIbnMuayyad,,Hadi Cali Ibn Muayyad,,,,,1432,,,OpenITI date code 1432,,"[""author""]",[],[],[],1,[],,,,1432HadiCaliIbnMuayyad,"[""https://kitab-corpus-metadata.azurewebsites.net/""]"
openiti_person_1432YahyaKhashshab,يحيى الخشاب,Yahya Khashshab,,,Yaḥyá al-Ḫaššāb,,1432,,,OpenITI date code 1432,,"[""author""]",[],[],[],1,[],,,,1432YahyaKhashshab,"[""https://kitab-corpus-metadata.azurewebsites.net/""]"
openiti_person_1433BaqirSharifQurashi,باقر شريف القرشي,Baqir Sharif Qurashi,,,,,1433,,,OpenITI date code 1433,,"[""author""]",[],[],[],1,[],,,,1433BaqirSharifQurashi,"[""https://kitab-corpus-metadata.azurewebsites.net/""]"
openiti_person_1434CabdGhafarMakkawi,None,Cabd Ghafar Makkawi,,,,,1434,,,OpenITI date code 1434,,"[""author""]",[],[],[],1,[],,,,1434CabdGhafarMakkawi,"[""https://kitab-corpus-metadata.azurewebsites.net/""]"
openiti_person_1434CabdGhaffarMakkawi,عبد الغفار مكاوي,Cabd Ghaffar Makkawi,,,,,1434,,,OpenITI date code 1434,,"[""author""]",[],[],[],47,[],,,,1434CabdGhaffarMakkawi,"[""https://kitab-corpus-metadata.azurewebsites.net/""]"
openiti_person_1435HusaynIbnYahyaHuthi,السيد العلامة الحسين بن يحيى الحوثي,Husayn Ibn Yahya Huthi,,,,,1435,,,OpenITI date code 1435,,"[""author""]",[],[],[],1,[],,,,1435HusaynIbnYahyaHuthi,"[""https://kitab-corpus-metadata.azurewebsites.net/""]"
openiti_person_1437IsmacilKibsi,,Ismacil Kibsi,,,,,1437,,,OpenITI date code 1437,,"[""author""]",[],[],[],1,[],,,,1437IsmacilKibsi,"[""https://kitab-corpus-metadata.azurewebsites.net/""]"
openiti_person_1438CafafCazizAbaza,عفاف عزيز أباظة,Cafaf Caziz Abaza,,,,,1438,,,OpenITI date code 1438,,"[""author""]",[],[],[],1,[],,,,1438CafafCazizAbaza,"[""https://kitab-corpus-metadata.azurewebsites.net/""]"
openiti_person_1439HamudCabbasMuayyad,العلامة حمود بن عباس المؤيد,Hamud Cabbas Muayyad,,,,,1439,,,OpenITI date code 1439,,"[""author""]",[],[],[],1,[],,,,1439HamudCabbasMuayyad,"[""https://kitab-corpus-metadata.azurewebsites.net/""]"
openiti_person_1440ImamCabdFattahImam,زكي نجيب محمود,Imam Cabd Fattah Imam,,,,,1440,,,OpenITI date code 1440,,"[""author""]",[],[],[],2,[],,,,1440ImamCabdFattahImam,"[""https://kitab-corpus-metadata.azurewebsites.net/""]"
openiti_person_1442CabdRahmanCabdKhaliq,عبد الرحمن عبد الخالق,Cabd Rahman Cabd Khaliq,,,,,1442,,,OpenITI date code 1442,,"[""author""]",[],[],[],1,[],,,,1442CabdRahmanCabdKhaliq,"[""https://kitab-corpus-metadata.azurewebsites.net/""]"
openiti_person_1442MuhammadCaliSabuni,الصابوني,Muhammad Cali Sabuni,,,,,1442,,,OpenITI date code 1442,,"[""author""]",[],[],[],3,[],,,,1442MuhammadCaliSabuni,"[""https://kitab-corpus-metadata.azurewebsites.net/""]"
openiti_person_1442MustafaMahir,جوتهولد إفرايم ليسنج#,Mustafa Mahir,,,,,1442,,,OpenITI date code 1442,,"[""author""]",[],[],[],1,[],,,,1442MustafaMahir,"[""https://kitab-corpus-metadata.azurewebsites.net/""]"
openiti_person_1442NawalSacdawi,نوال السعداوي,Nawal Sacdawi,,,,,1442,,,OpenITI date code 1442,,"[""author""]",[],[],[],31,[],,,,1442NawalSacdawi,"[""https://kitab-corpus-metadata.azurewebsites.net/""]"
openiti_person_1443HasanHanafi,حسن حنفي,Hasan Hanafi,,,,,1443,,,OpenITI date code 1443,,"[""author""]",[],[],[],21,[],,,,1443HasanHanafi,"[""https://kitab-corpus-metadata.azurewebsites.net/""]"
openiti_person_1443MuhammadCinani,محمد عناني,Muhammad Cinani,,,,,1443,,,OpenITI date code 1443,,"[""author""]",[],[],[],12,[],,,,1443MuhammadCinani,"[""https://kitab-corpus-metadata.azurewebsites.net/""]"
openiti_person_1443SayyidQimni,سيد القمني,Sayyid Qimni,,,,,1443,,,OpenITI date code 1443,,"[""author""]",[],[],[],14,[],,,,1443SayyidQimni,"[""https://kitab-corpus-metadata.azurewebsites.net/""]"
openiti_person_1450AbuBakrJazairi,أبو بكر الجزائري,Abu Bakr Jazairi,,,,,1450,,,OpenITI date code 1450,,"[""author""]",[],[],[],1,[],,,,1450AbuBakrJazairi,"[""https://kitab-corpus-metadata.azurewebsites.net/""]"
openiti_person_1450AbuTayyibMansuri,أبو الطيب نايف بن صلاح بن علي المنصوري,Abu Tayyib Mansuri,,,,,1450,,,OpenITI date code 1450,,"[""author""]",[],[],[],1,[],,,,1450AbuTayyibMansuri,"[""https://kitab-corpus-metadata.azurewebsites.net/""]"
openiti_person_1450AhmadBinHamadKhalili,الخليلي,Ahmad Bin Hamad Khalili,,,,,1450,,,OpenITI date code 1450,,"[""author""]",[],[],[],1,[],,,,1450AhmadBinHamadKhalili,"[""https://kitab-corpus-metadata.azurewebsites.net/""]"
openiti_person_1450AhmadCabdRahim,أحمد عبد الرحيم,Ahmad Cabd Rahim,,,,,1450,,,OpenITI date code 1450,,"[""author""]",[],[],[],1,[],,,,1450AhmadCabdRahim,"[""https://kitab-corpus-metadata.azurewebsites.net/""]"
openiti_person_1450AhmadCabdWahid,أحمد عبد الواحد,Ahmad Cabd Wahid,,,,,1450,,,OpenITI date code 1450,,"[""author""]",[],[],[],1,[],,,,1450AhmadCabdWahid,"[""https://kitab-corpus-metadata.azurewebsites.net/""]"
openiti_person_1450AhmadFarid,أحمد فريد,Ahmad Farid,,,,,1450,,,OpenITI date code 1450,,"[""author""]",[],[],[],1,[],,,,1450AhmadFarid,"[""https://kitab-corpus-metadata.azurewebsites.net/""]"
openiti_person_1450AhmadHIndawi,آناكا هاريس,Ahmad HIndawi,,,,,1450,,,OpenITI date code 1450,,"[""author""]",[],[],[],1,[],,,,1450AhmadHIndawi,"[""https://kitab-corpus-metadata.azurewebsites.net/""]"
openiti_person_1450AhmadHadari,أحمد ع. الحضري,Ahmad Hadari,,,,,1450,,,OpenITI date code 1450,,"[""author""]",[],[],[],1,[],,,,1450AhmadHadari,"[""https://kitab-corpus-metadata.azurewebsites.net/""]"
openiti_person_1450AhmadMuhammadHadi,,Ahmad Muhammad Hadi,,,,,1450,,,OpenITI date code 1450,,"[""author""]",[],[],[],1,[],,,,1450AhmadMuhammadHadi,"[""https://kitab-corpus-metadata.azurewebsites.net/""]"
openiti_person_1450AhmadMuhammadNadi,بهاء الدين محمد بن حسن بن إسفنديار,Ahmad Muhammad Nadi,,,,,1450,,,OpenITI date code 1450,,"[""author""]",[],[],[],1,[],,,,1450AhmadMuhammadNadi,"[""https://kitab-corpus-metadata.azurewebsites.net/""]"
openiti_person_1450AhmadMuhammadRubi,هنري تشادويك,Ahmad Muhammad Rubi,,,,,1450,,,OpenITI date code 1450,,"[""author""]",[],[],[],5,[],,,,1450AhmadMuhammadRubi,"[""https://kitab-corpus-metadata.azurewebsites.net/""]"
openiti_person_1450AhmadQasimCariqi,أحمد قاسم العريقي,Ahmad Qasim Cariqi,,,,,1450,,,OpenITI date code 1450,,"[""author""]",[],[],[],2,[],,,,1450AhmadQasimCariqi,"[""https://kitab-corpus-metadata.azurewebsites.net/""]"
openiti_person_1450AhmadSamirDarwish,فرانسيس داروين,Ahmad Samir Darwish,,,,,1450,,,OpenITI date code 1450,,"[""author""]",[],[],[],2,[],,,,1450AhmadSamirDarwish,"[""https://kitab-corpus-metadata.azurewebsites.net/""]"
openiti_person_1450AhmadSamirSacd,إرفين شرودنجر,Ahmad Samir Sacd,,,,,1450,,,OpenITI date code 1450,,"[""author""]",[],[],[],1,[],,,,1450AhmadSamirSacd,"[""https://kitab-corpus-metadata.azurewebsites.net/""]"
openiti_person_1450AhmadShakl,فريدل فاينِرت,Ahmad Shakl,,,,,1450,,,OpenITI date code 1450,,"[""author""]",[],[],[],2,[],,,,1450AhmadShakl,"[""https://kitab-corpus-metadata.azurewebsites.net/""]"
openiti_person_1450AhmadSulaymanAbkar,أحمد سليمان أبكر,Ahmad Sulayman Abkar,,,,,1450,,,OpenITI date code 1450,,"[""author""]",[],[],[],1,[],,,,1450AhmadSulaymanAbkar,"[""https://kitab-corpus-metadata.azurewebsites.net/""]"
openiti_person_1450AhmadWashali,السيد العلامة / أحمد بن محمد الوشلي,Ahmad Washali,,,,,1450,,,OpenITI date code 1450,,"[""author""]",[],[],[],1,[],,,,1450AhmadWashali,"[""https://kitab-corpus-metadata.azurewebsites.net/""]"
openiti_person_1450AkramFaluji,أكرم بن محمد زيادة الفالوجي الأثري,Akram Faluji,,,,,1450,,,OpenITI date code 1450,,"[""author""]",[],[],[],2,[],,,,1450AkramFaluji,"[""https://kitab-corpus-metadata.azurewebsites.net/""]"
openiti_person_1450AmiraCaliCabdSaduq,فيكتور هوجو,Amira Cali Cabd Saduq,,,,,1450,,,OpenITI date code 1450,,"[""author""]",[],[],[],6,[],,,,1450AmiraCaliCabdSaduq,"[""https://kitab-corpus-metadata.azurewebsites.net/""]"
openiti_person_1450Anonymous,,Anonymous,,,,,1450,,,OpenITI date code 1450,,"[""author""]",[],[],[],21,[],,,,1450Anonymous,"[""https://kitab-corpus-metadata.azurewebsites.net/""]"
openiti_person_1450AnonymousTranslator,ليو تولستوي,Anonymous Translator,,,,,1450,,,OpenITI date code 1450,,"[""author""]",[],[],[],2,[],,,,1450AnonymousTranslator,"[""https://kitab-corpus-metadata.azurewebsites.net/""]"
openiti_person_1450AnwarIbrahim,فلاديمير فينوجرادوف,Anwar Ibrahim,,,,,1450,,,OpenITI date code 1450,,"[""author""]",[],[],[],3,[],,,,1450AnwarIbrahim,"[""https://kitab-corpus-metadata.azurewebsites.net/""]"
openiti_person_1450AsgharMuntazarQaim,,Asghar Muntazar Qaim,,,,,1450,,,OpenITI date code 1450,,"[""author""]",[],[],[],1,[],,,,1450AsgharMuntazarQaim,"[""https://kitab-corpus-metadata.azurewebsites.net/""]"
openiti_person_1450AsmaCizab,جوزفين تاي,Asma Cizab,,,,,1450,,,OpenITI date code 1450,,"[""author""]",[],[],[],2,[],,,,1450AsmaCizab,"[""https://kitab-corpus-metadata.azurewebsites.net/""]"
openiti_person_1450BadrDinCurudki,سوزان طه حسين,Badr Din Curudki,,,,,1450,,,OpenITI date code 1450,,"[""author""]",[],[],[],1,[],,,,1450BadrDinCurudki,"[""https://kitab-corpus-metadata.azurewebsites.net/""]"
openiti_person_1450BadrDinMustafa,بدر الدين مصطفى,Badr Din Mustafa,,,,,1450,,,OpenITI date code 1450,,"[""author""]",[],[],[],1,[],,,,1450BadrDinMustafa,"[""https://kitab-corpus-metadata.azurewebsites.net/""]"
openiti_person_1450BashirJawadQaysi,تقي الدين أبو العباس أحمد بن عبد الحليم بن عبد السلام بن عبد الله بن أبي القاسم بن محمد ابن تيمية الحراني الحنبلي الدمشقي,Bashir Jawad Qaysi,,,,,1450,,,OpenITI date code 1450,,"[""author""]",[],[],[],1,[],,,,1450BashirJawadQaysi,"[""https://kitab-corpus-metadata.azurewebsites.net/""]"
openiti_person_1450BayumiIbrahimBayumi,ديفيد فوستر والاس,Bayumi Ibrahim Bayumi,,,,,1450,,,OpenITI date code 1450,,"[""author""]",[],[],[],1,[],,,,1450BayumiIbrahimBayumi,"[""https://kitab-corpus-metadata.azurewebsites.net/""]"
openiti_person_1450BilalQaidCumar,بلال قائد عمر,Bilal Qaid Cumar,,,,,1450,,,OpenITI date code 1450,,"[""author""]",[],[],[],1,[],,,,1450BilalQaidCumar,"[""https://kitab-corpus-metadata.azurewebsites.net/""]"
openiti_person_1450Burnu,محمد صدقي آل بورنو,Burnu,,,,,1450,,,OpenITI date code 1450,,"[""author""]",[],[],[],1,[],,,,1450Burnu,"[""https://kitab-corpus-metadata.azurewebsites.net/""]"
openiti_person_1450ButrusHaddad,الأب جوزيبه دي سانتا ماريا الكرملي,Butrus Haddad,,,,,1450,,,OpenITI date code 1450,,"[""author""]",[],[],[],1,[],,,,1450ButrusHaddad,"[""https://kitab-corpus-metadata.azurewebsites.net/""]"
openiti_person_1450CabdAllahAkhwad,عبد الله أخواض,Cabd Allah Akhwad,,,,,1450,,,OpenITI date code 1450,,"[""author""]",[],[],[],1,[],,,,1450CabdAllahAkhwad,"[""https://kitab-corpus-metadata.azurewebsites.net/""]"
openiti_person_1450CabdAllahBusayri,عبد الله بن محمد البصيري,Cabd Allah Busayri,,,,,1450,,,OpenITI date code 1450,,"[""author""]",[],[],[],3,[],,,,1450CabdAllahBusayri,"[""https://kitab-corpus-metadata.azurewebsites.net/""]"
openiti_person_1450CabdAllahGhunayman,تقي الدين أبو العباس أحمد بن عبد الحليم بن عبد السلام بن عبد الله بن أبي القاسم بن محمد ابن تيمية الحراني الحنبلي الدمشقي (المتوفى: 728هـ),Cabd Allah Ghunayman,,,,,1450,,,OpenITI date code 1450,,"[""author""]",[],[],[],1,[],,,,1450CabdAllahGhunayman,"[""https://kitab-corpus-metadata.azurewebsites.net/""]"
openiti_person_1450CabdAllahHamidDin,,Cabd Allah Hamid Din,,,,,1450,,,OpenITI date code 1450,,"[""author""]",[],[],[],1,[],,,,1450CabdAllahHamidDin,"[""https://kitab-corpus-metadata.azurewebsites.net/""]"
openiti_person_1450CabdAllahHusaynDaylami,عبد الله بن الحسين بن محمد الكبسي الملقب بالديلمي,Cabd Allah Husayn Daylami,,,,,1450,,,OpenITI date code 1450,,"[""author""]",[],[],[],2,[],,,,1450CabdAllahHusaynDaylami,"[""https://kitab-corpus-metadata.azurewebsites.net/""]"
openiti_person_1450CabdAllahIbnHamudCizzi,عبد الله حمود درهم العزي,Cabd Allah Ibn Hamud Cizzi,,,,,1450,,,OpenITI date code 1450,,"[""author""]",[],[],[],1,[],,,,1450CabdAllahIbnHamudCizzi,"[""https://kitab-corpus-metadata.azurewebsites.net/""]"
openiti_person_1450CabdAllahQarni,عائض القرني,Cabd Allah Qarni,,,,,1450,,,OpenITI date code 1450,,"[""author""]",[],[],[],1,[],,,,1450CabdAllahQarni,"[""https://kitab-corpus-metadata.azurewebsites.net/""]"
openiti_person_1450CabdCazizAminKhanji,عبد العزيز أمين الخانجي,Cabd Caziz Amin Khanji,,,,,1450,,,OpenITI date code 1450,,"[""author""]",[],[],[],5,[],,,,1450CabdCazizAminKhanji,"[""https://kitab-corpus-metadata.azurewebsites.net/""]"
openiti_person_1450CabdCazizBarakaSakin,عبد العزيز بركة ساكن,Cabd Caziz Baraka Sakin,,,,,1450,,,OpenITI date code 1450,,"[""author""]",[],[],[],11,[],,,,1450CabdCazizBarakaSakin,"[""https://kitab-corpus-metadata.azurewebsites.net/""]"
openiti_person_1450CabdCazizMaqalih,,Cabd Caziz Maqalih,,,,,1450,,,OpenITI date code 1450,,"[""author""]",[],[],[],1,[],,,,1450CabdCazizMaqalih,"[""https://kitab-corpus-metadata.azurewebsites.net/""]"
openiti_person_1450CabdFattahCabdAllah,هارييت بيتشر ستو,Cabd Fattah Cabd Allah,,,,,1450,,,OpenITI date code 1450,,"[""author""]",[],[],[],5,[],,,,1450CabdFattahCabdAllah,"[""https://kitab-corpus-metadata.azurewebsites.net/""]"
openiti_person_1450CabdHamidHindawi,,Cabd Hamid Hindawi,,,,,1450,,,OpenITI date code 1450,,"[""author""]",[],[],[],1,[],,,,1450CabdHamidHindawi,"[""https://kitab-corpus-metadata.azurewebsites.net/""]"
openiti_person_1450CabdKarimKhudayr,أبو الفضل زين الدين عبد الرحيم العراقي (المتوفى: 806هـ),Cabd Karim Khudayr,,,,,1450,,,OpenITI date code 1450,,"[""author""]",[],[],[],17,[],,,,1450CabdKarimKhudayr,"[""https://kitab-corpus-metadata.azurewebsites.net/""]"
openiti_person_1450CabdKarimWazzaf,,Cabd Karim Wazzaf,,,,,1450,,,OpenITI date code 1450,,"[""author""]",[],[],[],3,[],,,,1450CabdKarimWazzaf,"[""https://kitab-corpus-metadata.azurewebsites.net/""]"
openiti_person_1450CabdMajidBadawi,محمد بن جعفر النرشخي,Cabd Majid Badawi,,,,,1450,,,OpenITI date code 1450,,"[""author""]",[],[],[],1,[],,,,1450CabdMajidBadawi,"[""https://kitab-corpus-metadata.azurewebsites.net/""]"
openiti_person_1450CabdMajidCabdRahmanHuthi,العلامة عبد المجيد عبدالرحمن الحوثي حفظه الله تعالى,Cabd Majid Cabd Rahman Huthi,,,,,1450,,,OpenITI date code 1450,,"[""author""]",[],[],[],1,[],,,,1450CabdMajidCabdRahmanHuthi,"[""https://kitab-corpus-metadata.azurewebsites.net/""]"
openiti_person_1450CabdRahmanMajdi,بيت مور,Cabd Rahman Majdi,,,,,1450,,,OpenITI date code 1450,,"[""author""]",[],[],[],3,[],,,,1450CabdRahmanMajdi,"[""https://kitab-corpus-metadata.azurewebsites.net/""]"
openiti_person_1450CabdRazzaqSacidi,محمد خير الدين أو قطب الدين أبو الخير بن الجمال أبي السعود بن أبي البركات بن أبي السعود القرشي الشافعي بن ظهيرة (المتوفى: نحو 910هـ),Cabd Razzaq Sacidi,,,,,1450,,,OpenITI date code 1450,,"[""author""]",[],[],[],1,[],,,,1450CabdRazzaqSacidi,"[""https://kitab-corpus-metadata.azurewebsites.net/""]"
openiti_person_1450CabdSalamCabbasWajih,الأستاذ عبد السلام عباس الوجيه,Cabd Salam Cabbas Wajih,,,,,1450,,,OpenITI date code 1450,,"[""author""]",[],[],[],2,[],,,,1450CabdSalamCabbasWajih,"[""https://kitab-corpus-metadata.azurewebsites.net/""]"
openiti_person_1450CabdSalamWajih,,Cabd Salam Wajih,,,,,1450,,,OpenITI date code 1450,,"[""author""]",[],[],[],1,[],,,,1450CabdSalamWajih,"[""https://kitab-corpus-metadata.azurewebsites.net/""]"
openiti_person_1450CadilMustafa,عادل مصطفى,Cadil Mustafa,,,,,1450,,,OpenITI date code 1450,,"[""author""]",[],[],[],16,[],,,,1450CadilMustafa,"[""https://kitab-corpus-metadata.azurewebsites.net/""]"
openiti_person_1450CadilNuwayhid,عادل نويهض,Cadil Nuwayhid,,,,,1450,,,OpenITI date code 1450,,"[""author""]",[],[],[],1,[],,,,1450CadilNuwayhid,"[""https://kitab-corpus-metadata.azurewebsites.net/""]"
openiti_person_1450CaliCabdAllahBarakat,علي عبد الله بركات,Cali Cabd Allah Barakat,,,,,1450,,,OpenITI date code 1450,,"[""author""]",[],[],[],1,[],,,,1450CaliCabdAllahBarakat,"[""https://kitab-corpus-metadata.azurewebsites.net/""]"
openiti_person_1450CaliCabdKarimFadil,السيد علي بن عبد الكريم الفضيل شرف الدين,Cali Cabd Karim Fadil,,,,,1450,,,OpenITI date code 1450,,"[""author""]",[],[],[],1,[],,,,1450CaliCabdKarimFadil,"[""https://kitab-corpus-metadata.azurewebsites.net/""]"
openiti_person_1450CaliHaris,إيمون باتلر,Cali Haris,,,,,1450,,,OpenITI date code 1450,,"[""author""]",[],[],[],1,[],,,,1450CaliHaris,"[""https://kitab-corpus-metadata.azurewebsites.net/""]"
openiti_person_1450CaliIbnNayifShuhud,علي بن نايف الشحود,Cali Ibn Nayif Shuhud,,,,,1450,,,OpenITI date code 1450,,"[""author""]",[],[],[],2,[],,,,1450CaliIbnNayifShuhud,"[""https://kitab-corpus-metadata.azurewebsites.net/""]"
openiti_person_1450CaliKuraniCamili,,Cali Kurani Camili,,,,,1450,,,OpenITI date code 1450,,"[""author""]",[],[],[],2,[],,,,1450CaliKuraniCamili,"[""https://kitab-corpus-metadata.azurewebsites.net/""]"
openiti_person_1450CaliSacidSayf,,Cali Sacid Sayf,,,,,1450,,,OpenITI date code 1450,,"[""author""]",[],[],[],1,[],,,,1450CaliSacidSayf,"[""https://kitab-corpus-metadata.azurewebsites.net/""]"
openiti_person_1450CaliShadawi,علي الشدوي,Cali Shadawi,,,,,1450,,,OpenITI date code 1450,,"[""author""]",[],[],[],1,[],,,,1450CaliShadawi,"[""https://kitab-corpus-metadata.azurewebsites.net/""]"
openiti_person_1450CasimQaryuti,ابن حجر,Casim Qaryuti,,,,,1450,,,OpenITI date code 1450,,"[""author""]",[],[],[],1,[],,,,1450CasimQaryuti,"[""https://kitab-corpus-metadata.azurewebsites.net/""]"
openiti_person_1450CatiyatAbuSucud,عطيات أبو السعود,Catiyat Abu Sucud,,,,,1450,,,OpenITI date code 1450,,"[""author""]",[],[],[],3,[],,,,1450CatiyatAbuSucud,"[""https://kitab-corpus-metadata.azurewebsites.net/""]"
openiti_person_1450CatiyyatAbuSucud,عطيات أبو السعود,Catiyyat Abu Sucud,,,,,1450,,,OpenITI date code 1450,,"[""author""]",[],[],[],1,[],,,,1450CatiyyatAbuSucud,"[""https://kitab-corpus-metadata.azurewebsites.net/""]"
openiti_person_1450CulamaNajd,علماء نجد الأعلام,Culama Najd,,,,,1450,,,OpenITI date code 1450,,"[""author""]",[],[],[],1,[],,,,1450CulamaNajd,"[""https://kitab-corpus-metadata.azurewebsites.net/""]"
openiti_person_1450CumarMajid,سمير عكاشة,Cumar Majid,,,,,1450,,,OpenITI date code 1450,,"[""author""]",[],[],[],1,[],,,,1450CumarMajid,"[""https://kitab-corpus-metadata.azurewebsites.net/""]"
openiti_person_1450DarIftaMisriyya,دار الإفتاء المصرية,Dar Ifta Misriyya,,,,,1450,,,OpenITI date code 1450,,"[""author""]",[],[],[],2,[],,,,1450DarIftaMisriyya,"[""https://kitab-corpus-metadata.azurewebsites.net/""]"
openiti_person_1450DarTaqrib,,Dar Taqrib,,,,,1450,,,OpenITI date code 1450,,"[""author""]",[],[],[],1,[],,,,1450DarTaqrib,"[""https://kitab-corpus-metadata.azurewebsites.net/""]"
openiti_person_1450DinaCadilGhurab,جورج أورويل,Dina Cadil Ghurab,,,,,1450,,,OpenITI date code 1450,,"[""author""]",[],[],[],4,[],,,,1450DinaCadilGhurab,"[""https://kitab-corpus-metadata.azurewebsites.net/""]"
openiti_person_1450DiyaWarrad,ستيفن لو,Diya Warrad,,,,,1450,,,OpenITI date code 1450,,"[""author""]",[],[],[],2,[],,,,1450DiyaWarrad,"[""https://kitab-corpus-metadata.azurewebsites.net/""]"
openiti_person_1450FahdCabdRahmanCuthman,فهد بن عبد الرحمن العثمان,Fahd Cabd Rahman Cuthman,,,,,1450,,,OpenITI date code 1450,,"[""author""]",[],[],[],1,[],,,,1450FahdCabdRahmanCuthman,"[""https://kitab-corpus-metadata.azurewebsites.net/""]"
openiti_person_1450FahmiSacidShaykhu,فهمي سعيد الشيخو,Fahmi Sacid Shaykhu,,,,,1450,,,OpenITI date code 1450,,"[""author""]",[],[],[],1,[],,,,1450FahmiSacidShaykhu,"[""https://kitab-corpus-metadata.azurewebsites.net/""]"
openiti_person_1450FatimaAhsanMahdi,,Fatima Ahsan Mahdi,,,,,1450,,,OpenITI date code 1450,,"[""author""]",[],[],[],1,[],,,,1450FatimaAhsanMahdi,"[""https://kitab-corpus-metadata.azurewebsites.net/""]"
openiti_person_1450FatimaNacut,None,Fatima Nacut,,,,,1450,,,OpenITI date code 1450,,"[""author""]",[],[],[],2,[],,,,1450FatimaNacut,"[""https://kitab-corpus-metadata.azurewebsites.net/""]"
openiti_person_1450FayiqaJirjisHanna,يوهان ديفيد فيس,Fayiqa Jirjis Hanna,,,,,1450,,,OpenITI date code 1450,,"[""author""]",[],[],[],7,[],,,,1450FayiqaJirjisHanna,"[""https://kitab-corpus-metadata.azurewebsites.net/""]"
openiti_person_1450FirasSawwah,فراس السواح,Firas Sawwah,,,,,1450,,,OpenITI date code 1450,,"[""author""]",[],[],[],10,[],,,,1450FirasSawwah,"[""https://kitab-corpus-metadata.azurewebsites.net/""]"
openiti_person_1450FulanDani,ي. دني,Fulan Dani,,,,,1450,,,OpenITI date code 1450,,"[""author""]",[],[],[],1,[],,,,1450FulanDani,"[""https://kitab-corpus-metadata.azurewebsites.net/""]"
openiti_person_1450GhadaHilwani,أليس مونرو,Ghada Hilwani,,,,,1450,,,OpenITI date code 1450,,"[""author""]",[],[],[],1,[],,,,1450GhadaHilwani,"[""https://kitab-corpus-metadata.azurewebsites.net/""]"
openiti_person_1450GhasanNadaf,غسان نداف,Ghasan Nadaf,,,,,1450,,,OpenITI date code 1450,,"[""author""]",[],[],[],1,[],,,,1450GhasanNadaf,"[""https://kitab-corpus-metadata.azurewebsites.net/""]"
openiti_person_1450HabibGhazala,حبيب غزالة,Habib Ghazala,,,,,1450,,,OpenITI date code 1450,,"[""author""]",[],[],[],1,[],,,,1450HabibGhazala,"[""https://kitab-corpus-metadata.azurewebsites.net/""]"
openiti_person_1450HaniSalimi,هاني السالمي,Hani Salimi,,,,,1450,,,OpenITI date code 1450,,"[""author""]",[],[],[],2,[],,,,1450HaniSalimi,"[""https://kitab-corpus-metadata.azurewebsites.net/""]"
openiti_person_1450HasanFarhanMaliki,حسن بن فرحان المالكي,Hasan Farhan Maliki,,,,,1450,,,OpenITI date code 1450,,"[""author""]",[],[],[],6,[],,,,1450HasanFarhanMaliki,"[""https://kitab-corpus-metadata.azurewebsites.net/""]"
openiti_person_1450HasanIbnFarhanMaliki,,Hasan Ibn Farhan Maliki,,,,,1450,,,OpenITI date code 1450,,"[""author""]",[],[],[],1,[],,,,1450HasanIbnFarhanMaliki,"[""https://kitab-corpus-metadata.azurewebsites.net/""]"
openiti_person_1450HashimiYamani,,Hashimi Yamani,,,,,1450,,,OpenITI date code 1450,,"[""author""]",[],[],[],1,[],,,,1450HashimiYamani,"[""https://kitab-corpus-metadata.azurewebsites.net/""]"
openiti_person_1450HazimKhanfar,أبو البهاء، حازم خنفر,Hazim Khanfar,,,,,1450,,,OpenITI date code 1450,,"[""author""]",[],[],[],1,[],,,,1450HazimKhanfar,"[""https://kitab-corpus-metadata.azurewebsites.net/""]"
openiti_person_1450HibaCabdCazizGhanim,يان أبوتيكر,Hiba Cabd Caziz Ghanim,,,,,1450,,,OpenITI date code 1450,,"[""author""]",[],[],[],4,[],,,,1450HibaCabdCazizGhanim,"[""https://kitab-corpus-metadata.azurewebsites.net/""]"
openiti_person_1450HibaNajibMaghribi,باراك أوباما,Hiba Najib Maghribi,,,,,1450,,,OpenITI date code 1450,,"[""author""]",[],[],[],1,[],,,,1450HibaNajibMaghribi,"[""https://kitab-corpus-metadata.azurewebsites.net/""]"
openiti_person_1450Hitayrus,هيتايروس,Hitayrus,,,,,1450,,,OpenITI date code 1450,,"[""author""]",[],[],[],1,[],,,,1450Hitayrus,"[""https://kitab-corpus-metadata.azurewebsites.net/""]"
openiti_person_1450HusamDinMusaCaffana,حسام الدين بن موسى محمد بن عفانة,Husam Din Musa Caffana,,,,,1450,,,OpenITI date code 1450,,"[""author""]",[],[],[],1,[],,,,1450HusamDinMusaCaffana,"[""https://kitab-corpus-metadata.azurewebsites.net/""]"
openiti_person_1450HusaynCatwan,حسين عطوان,Husayn Catwan,,,,,1450,,,OpenITI date code 1450,,"[""author""]",[],[],[],1,[],,,,1450HusaynCatwan,"[""https://kitab-corpus-metadata.azurewebsites.net/""]"
openiti_person_1450HusaynMihran,حسين مهران,Husayn Mihran,,,,,1450,,,OpenITI date code 1450,,"[""author""]",[],[],[],1,[],,,,1450HusaynMihran,"[""https://kitab-corpus-metadata.azurewebsites.net/""]"
openiti_person_1450IbnMukhtarSusi,محمد المختار السوسي,Ibn Mukhtar Susi,,,,,1450,,,OpenITI date code 1450,,"[""author""]",[],[],[],1,[],,,,1450IbnMukhtarSusi,"[""https://kitab-corpus-metadata.azurewebsites.net/""]"
openiti_person_1450IbrahimBiliMahrus,جيري بروتون,Ibrahim Bili Mahrus,,,,,1450,,,OpenITI date code 1450,,"[""author""]",[],[],[],1,[],,,,1450IbrahimBiliMahrus,"[""https://kitab-corpus-metadata.azurewebsites.net/""]"
openiti_person_1450IbrahimMusawiZanjani,السيد إبراهيم الموسوي الزنجاني,Ibrahim Musawi Zanjani,,,,,1450,,,OpenITI date code 1450,,"[""author""]",[],[],[],1,[],,,,1450IbrahimMusawiZanjani,"[""https://kitab-corpus-metadata.azurewebsites.net/""]"
openiti_person_1450IbrahimNahhas,إبراهيم النحاس,Ibrahim Nahhas,,,,,1450,,,OpenITI date code 1450,,"[""author""]",[],[],[],3,[],,,,1450IbrahimNahhas,"[""https://kitab-corpus-metadata.azurewebsites.net/""]"
openiti_person_1450IbrahimSanadAhmad,جوزيف كونراد,Ibrahim Sanad Ahmad,,,,,1450,,,OpenITI date code 1450,,"[""author""]",[],[],[],3,[],,,,1450IbrahimSanadAhmad,"[""https://kitab-corpus-metadata.azurewebsites.net/""]"
openiti_person_1450IbrahimYaziji,إبراهيم اليازجي,Ibrahim Yaziji,,,,,1450,,,OpenITI date code 1450,,"[""author""]",[],[],[],1,[],,,,1450IbrahimYaziji,"[""https://kitab-corpus-metadata.azurewebsites.net/""]"
openiti_person_1450ImanJamalDinFarmawi,إيه سي جرايلينج,Iman Jamal Din Farmawi,,,,,1450,,,OpenITI date code 1450,,"[""author""]",[],[],[],2,[],,,,1450ImanJamalDinFarmawi,"[""https://kitab-corpus-metadata.azurewebsites.net/""]"
openiti_person_1450InasMaghribi,آدم جيه سيلفرستاين,Inas Maghribi,,,,,1450,,,OpenITI date code 1450,,"[""author""]",[],[],[],1,[],,,,1450InasMaghribi,"[""https://kitab-corpus-metadata.azurewebsites.net/""]"
openiti_person_1450IslamSamihRiddan,تشارلز ديكنز,Islam Samih Riddan,,,,,1450,,,OpenITI date code 1450,,"[""author""]",[],[],[],1,[],,,,1450IslamSamihRiddan,"[""https://kitab-corpus-metadata.azurewebsites.net/""]"
openiti_person_1450JacfarSubhani,الشيخ جعفر السبحاني,Jacfar Subhani,,,,,1450,,,OpenITI date code 1450,,"[""author""]",[],[],[],2,[],,,,1450JacfarSubhani,"[""https://kitab-corpus-metadata.azurewebsites.net/""]"
openiti_person_1450JamalCumar,جمال عمر,Jamal Cumar,,,,,1450,,,OpenITI date code 1450,,"[""author""]",[],[],[],2,[],,,,1450JamalCumar,"[""https://kitab-corpus-metadata.azurewebsites.net/""]"
openiti_person_1450JamicaIslamiyya,الجامعة الإسلامية بالمدينة النبوية,Jamica Islamiyya,,,,,1450,,,OpenITI date code 1450,,"[""author""]",[],[],[],1,[],,,,1450JamicaIslamiyya,"[""https://kitab-corpus-metadata.azurewebsites.net/""]"
openiti_person_1450KawtharMahmudMuhammad,سكوت إتش هندريكس,Kawthar Mahmud Muhammad,,,,,1450,,,OpenITI date code 1450,,"[""author""]",[],[],[],1,[],,,,1450KawtharMahmudMuhammad,"[""https://kitab-corpus-metadata.azurewebsites.net/""]"
openiti_person_1450KazimZaydi,,Kazim Zaydi,,,,,1450,,,OpenITI date code 1450,,"[""author""]",[],[],[],1,[],,,,1450KazimZaydi,"[""https://kitab-corpus-metadata.azurewebsites.net/""]"
openiti_person_1450KhalidGharibCali,كارول جي توماس,Khalid Gharib Cali,,,,,1450,,,OpenITI date code 1450,,"[""author""]",[],[],[],3,[],,,,1450KhalidGharibCali,"[""https://kitab-corpus-metadata.azurewebsites.net/""]"
openiti_person_1450KhalidRibat,خالد الرباط، سيد عزت عيد [بمشاركة الباحثين بدار الفلاح],Khalid Ribat,,,,,1450,,,OpenITI date code 1450,,"[""author""]",[],[],[],6,[],,,,1450KhalidRibat,"[""https://kitab-corpus-metadata.azurewebsites.net/""]"
openiti_person_1450LajnaDaima,اللجنة الدائمة للبحوث العلمية والإفتاء,Lajna Daima,,,,,1450,,,OpenITI date code 1450,,"[""author""]",[],[],[],1,[],,,,1450LajnaDaima,"[""https://kitab-corpus-metadata.azurewebsites.net/""]"
openiti_person_1450LatifaCabdAllah,لطيفة عبد الله,Latifa Cabd Allah,,,,,1450,,,OpenITI date code 1450,,"[""author""]",[],[],[],1,[],,,,1450LatifaCabdAllah,"[""https://kitab-corpus-metadata.azurewebsites.net/""]"
openiti_person_1450LubnaAhmadNur,لبنى أحمد نور,Lubna Ahmad Nur,,,,,1450,,,OpenITI date code 1450,,"[""author""]",[],[],[],1,[],,,,1450LubnaAhmadNur,"[""https://kitab-corpus-metadata.azurewebsites.net/""]"
openiti_person_1450LubnaCimadTurki,راماتشاندرا جوها,Lubna Cimad Turki,,,,,1450,,,OpenITI date code 1450,,"[""author""]",[],[],[],1,[],,,,1450LubnaCimadTurki,"[""https://kitab-corpus-metadata.azurewebsites.net/""]"
openiti_person_1450LutfAllahSafiGulpaygani,لطف الله الصّافي,Lutf Allah Safi Gulpaygani,,,,,1450,,,OpenITI date code 1450,,"[""author""]",[],[],[],1,[],,,,1450LutfAllahSafiGulpaygani,"[""https://kitab-corpus-metadata.azurewebsites.net/""]"
openiti_person_1450MAShakir,إيما أوركزي,MAShakir,,,,,1450,,,OpenITI date code 1450,,"[""author""]",[],[],[],1,[],,,,1450MAShakir,"[""https://kitab-corpus-metadata.azurewebsites.net/""]"
openiti_person_1450Maghrawi,أبو سهل محمد بن عبد الرحمن المغراوي,Maghrawi,,,,,1450,,,OpenITI date code 1450,,"[""author""]",[],[],[],1,[],,,,1450Maghrawi,"[""https://kitab-corpus-metadata.azurewebsites.net/""]"
openiti_person_1450MahirBattuti,ماهر البطوطي,Mahir Battuti,,,,,1450,,,OpenITI date code 1450,,"[""author""]",[],[],[],5,[],,,,1450MahirBattuti,"[""https://kitab-corpus-metadata.azurewebsites.net/""]"
openiti_person_1450MahmudAhmadBayumi,محمود أحمد بيومي,Mahmud Ahmad Bayumi,,,,,1450,,,OpenITI date code 1450,,"[""author""]",[],[],[],1,[],,,,1450MahmudAhmadBayumi,"[""https://kitab-corpus-metadata.azurewebsites.net/""]"
openiti_person_1450MahmudCabdKarimCali,محمود عبد الكريم علي,Mahmud Cabd Karim Cali,,,Maḥmūd ʿAbd al-Karīm ʿAlī,,1450,,,OpenITI date code 1450,,"[""author""]",[],[],[],1,[],,,,1450MahmudCabdKarimCali,"[""https://kitab-corpus-metadata.azurewebsites.net/""]"
openiti_person_1450MahmudHadiya,محمود هدية,Mahmud Hadiya,,,,,1450,,,OpenITI date code 1450,,"[""author""]",[],[],[],1,[],,,,1450MahmudHadiya,"[""https://kitab-corpus-metadata.azurewebsites.net/""]"
openiti_person_1450MahmudHarmush,محمود مصطفى عبود استخراج وتصنيف محمود مصطفى عبود آل هرموش,Mahmud Harmush,,,,,1450,,,OpenITI date code 1450,,"[""author""]",[],[],[],1,[],,,,1450MahmudHarmush,"[""https://kitab-corpus-metadata.azurewebsites.net/""]"
openiti_person_1450MahmudKamilFarid,محمود كامل فريد,Mahmud Kamil Farid,,,,,1450,,,OpenITI date code 1450,,"[""author""]",[],[],[],1,[],,,,1450MahmudKamilFarid,"[""https://kitab-corpus-metadata.azurewebsites.net/""]"
openiti_person_1450MahmudMahmud,كرين برنتن,Mahmud Mahmud,,,,,1450,,,OpenITI date code 1450,,"[""author""]",[],[],[],13,[],,,,1450MahmudMahmud,"[""https://kitab-corpus-metadata.azurewebsites.net/""]"
openiti_person_1450MahmudMuhammadCali,محمود محمد علي,Mahmud Muhammad Cali,,,,,1450,,,OpenITI date code 1450,,"[""author""]",[],[],[],2,[],,,,1450MahmudMuhammadCali,"[""https://kitab-corpus-metadata.azurewebsites.net/""]"
openiti_person_1450MajalisAlMuhammad,,Majalis Al Muhammad,,,,,1450,,,OpenITI date code 1450,,"[""author""]",[],[],[],1,[],,,,1450MajalisAlMuhammad,"[""https://kitab-corpus-metadata.azurewebsites.net/""]"
openiti_person_1450MajidIbnHashimMutawakkil,,Majid Ibn Hashim Mutawakkil,,,,,1450,,,OpenITI date code 1450,,"[""author""]",[],[],[],1,[],,,,1450MajidIbnHashimMutawakkil,"[""https://kitab-corpus-metadata.azurewebsites.net/""]"
openiti_person_1450MajmacFikrIslami,مجمع الفكر الإسلامي,Majmac Fikr Islami,,,,,1450,,,OpenITI date code 1450,,"[""author""]",[],[],[],1,[],,,,1450MajmacFikrIslami,"[""https://kitab-corpus-metadata.azurewebsites.net/""]"
openiti_person_1450MarwaCabdFattahShahata,أليس مونرو,Marwa Cabd Fattah Shahata,,,,,1450,,,OpenITI date code 1450,,"[""author""]",[],[],[],3,[],,,,1450MarwaCabdFattahShahata,"[""https://kitab-corpus-metadata.azurewebsites.net/""]"
openiti_person_1450MarwaCabdSalam,أليس مونرو,Marwa Cabd Salam,,,,,1450,,,OpenITI date code 1450,,"[""author""]",[],[],[],3,[],,,,1450MarwaCabdSalam,"[""https://kitab-corpus-metadata.azurewebsites.net/""]"
openiti_person_1450MarzuqZahrani,مرزوق الزهراني,Marzuq Zahrani,,,Marzūq al-Zahrānī,,1450,,,OpenITI date code 1450,,"[""author""]",[],[],[],1,[],,,,1450MarzuqZahrani,"[""https://kitab-corpus-metadata.azurewebsites.net/""]"
openiti_person_1450MawqicIslam,علماء وطلبة علم,Mawqic Islam,,,,,1450,,,OpenITI date code 1450,,"[""author""]",[],[],[],1,[],,,,1450MawqicIslam,"[""https://kitab-corpus-metadata.azurewebsites.net/""]"
openiti_person_1450MawsucaShicriya,تم جمعه من موقع الموسوعة الشعرية,Mawsuca Shicriya,,,,,1450,,,OpenITI date code 1450,,"[""author""]",[],[],[],1,[],,,,1450MawsucaShicriya,"[""https://kitab-corpus-metadata.azurewebsites.net/""]"
openiti_person_1450MaysaraCafifi,None,Maysara Cafifi,,,,,1450,,,OpenITI date code 1450,,"[""author""]",[],[],[],3,[],,,,1450MaysaraCafifi,"[""https://kitab-corpus-metadata.azurewebsites.net/""]"
openiti_person_1450Milani,السيد علي الميلاني,Milani,,,,,1450,,,OpenITI date code 1450,,"[""author""]",[],[],[],3,[],,,,1450Milani,"[""https://kitab-corpus-metadata.azurewebsites.net/""]"
openiti_person_1450MishilNashatShafiqHanna,فريدريك كابلن,Mishil Nashat Shafiq Hanna,,,,,1450,,,OpenITI date code 1450,,"[""author""]",[],[],[],1,[],,,,1450MishilNashatShafiqHanna,"[""https://kitab-corpus-metadata.azurewebsites.net/""]"
openiti_person_1450MuassasatImamZayd,,Muassasat Imam Zayd,,,,,1450,,,OpenITI date code 1450,,"[""author""]",[],[],[],1,[],,,,1450MuassasatImamZayd,"[""https://kitab-corpus-metadata.azurewebsites.net/""]"
openiti_person_1450MuctazzAhmadCabdFattah,معتز أحمد عبد الفتاح,Muctazz Ahmad Cabd Fattah,,,,,1450,,,OpenITI date code 1450,,"[""author""]",[],[],[],1,[],,,,1450MuctazzAhmadCabdFattah,"[""https://kitab-corpus-metadata.azurewebsites.net/""]"
openiti_person_1450MufarrijAhmadRabaci,,Mufarrij Ahmad Rabaci,,,,,1450,,,OpenITI date code 1450,,"[""author""]",[],[],[],1,[],,,,1450MufarrijAhmadRabaci,"[""https://kitab-corpus-metadata.azurewebsites.net/""]"
openiti_person_1450MuhammadAbuZayd,محمد أبو زيد,Muhammad Abu Zayd,,,,,1450,,,OpenITI date code 1450,,"[""author""]",[],[],[],1,[],,,,1450MuhammadAbuZayd,"[""https://kitab-corpus-metadata.azurewebsites.net/""]"
openiti_person_1450MuhammadAhmadShaykhun,أليس مونرو,Muhammad Ahmad Shaykhun,,,,,1450,,,OpenITI date code 1450,,"[""author""]",[],[],[],1,[],,,,1450MuhammadAhmadShaykhun,"[""https://kitab-corpus-metadata.azurewebsites.net/""]"
openiti_person_1450MuhammadCabdAllahCawadMuayyidi,السيد العلامة محمد بن عبد الله عوض المؤيدي حفظه الله تعالى,Muhammad Cabd Allah Cawad Muayyidi,,,,,1450,,,OpenITI date code 1450,,"[""author""]",[],[],[],3,[],,,,1450MuhammadCabdAllahCawadMuayyidi,"[""https://kitab-corpus-metadata.azurewebsites.net/""]"
openiti_person_1450MuhammadCabdKarimCubayd,محمد بن إسماعيل بن إبراهيم بن المغيرة البخاري، أبو عبد الله (المتوفى: 256هـ),Muhammad Cabd Karim Cubayd,,,,,1450,,,OpenITI date code 1450,,"[""author""]",[],[],[],1,[],,,,1450MuhammadCabdKarimCubayd,"[""https://kitab-corpus-metadata.azurewebsites.net/""]"
openiti_person_1450MuhammadCabdNabi,محمد عبد النبي,Muhammad Cabd Nabi,,,,,1450,,,OpenITI date code 1450,,"[""author""]",[],[],[],2,[],,,,1450MuhammadCabdNabi,"[""https://kitab-corpus-metadata.azurewebsites.net/""]"
openiti_person_1450MuhammadCabdRahmanSalama,أندرو بووي,Muhammad Cabd Rahman Salama,,,,,1450,,,OpenITI date code 1450,,"[""author""]",[],[],[],1,[],,,,1450MuhammadCabdRahmanSalama,"[""https://kitab-corpus-metadata.azurewebsites.net/""]"
openiti_person_1450MuhammadCatif,محمد عاطف,Muhammad Catif,,,,,1450,,,OpenITI date code 1450,,"[""author""]",[],[],[],1,[],,,,1450MuhammadCatif,"[""https://kitab-corpus-metadata.azurewebsites.net/""]"
openiti_person_1450MuhammadCijajKhatib,الدكتور محمد عجاج خطيب,Muhammad Cijaj Khatib,,,,,1450,,,OpenITI date code 1450,,"[""author""]",[],[],[],3,[],,,,1450MuhammadCijajKhatib,"[""https://kitab-corpus-metadata.azurewebsites.net/""]"
openiti_person_1450MuhammadFahim,محمد الفاهم,Muhammad Fahim,,,,,1450,,,OpenITI date code 1450,,"[""author""]",[],[],[],1,[],,,,1450MuhammadFahim,"[""https://kitab-corpus-metadata.azurewebsites.net/""]"
openiti_person_1450MuhammadFathiKhidr,جوزيف إم سيراكوسا,Muhammad Fathi Khidr,,,,,1450,,,OpenITI date code 1450,,"[""author""]",[],[],[],4,[],,,,1450MuhammadFathiKhidr,"[""https://kitab-corpus-metadata.azurewebsites.net/""]"
openiti_person_1450MuhammadHadiYusufi,محمد هادي اليوسفي الغروي,Muhammad Hadi Yusufi,,,,,1450,,,OpenITI date code 1450,,"[""author""]",[],[],[],1,[],,,,1450MuhammadHadiYusufi,"[""https://kitab-corpus-metadata.azurewebsites.net/""]"
openiti_person_1450MuhammadHamidDarwish,إريك إتش كلاين,Muhammad Hamid Darwish,,,,,1450,,,OpenITI date code 1450,,"[""author""]",[],[],[],5,[],,,,1450MuhammadHamidDarwish,"[""https://kitab-corpus-metadata.azurewebsites.net/""]"
openiti_person_1450MuhammadHasanBakkai,ابن السكيت,Muhammad Hasan Bakkai,,,,,1450,,,OpenITI date code 1450,,"[""author""]",[],[],[],1,[],,,,1450MuhammadHasanBakkai,"[""https://kitab-corpus-metadata.azurewebsites.net/""]"
openiti_person_1450MuhammadIbnCabdAllahCizzi,السيد العلامة محمد بن عبدالله بن سليمان العزي,Muhammad Ibn Cabd Allah Cizzi,,,,,1450,,,OpenITI date code 1450,,"[""author""]",[],[],[],1,[],,,,1450MuhammadIbnCabdAllahCizzi,"[""https://kitab-corpus-metadata.azurewebsites.net/""]"
openiti_person_1450MuhammadIbnHasanCujri,محمد بن حسن العجري,Muhammad Ibn Hasan Cujri,,,,,1450,,,OpenITI date code 1450,,"[""author""]",[],[],[],1,[],,,,1450MuhammadIbnHasanCujri,"[""https://kitab-corpus-metadata.azurewebsites.net/""]"
openiti_person_1450MuhammadIbnIbrahimHamad,الواحدي,Muhammad Ibn Ibrahim Hamad,,,,,1450,,,OpenITI date code 1450,,"[""author""]",[],[],[],1,[],,,,1450MuhammadIbnIbrahimHamad,"[""https://kitab-corpus-metadata.azurewebsites.net/""]"
openiti_person_1450MuhammadIbnYahyaHuthi,محمد بن يحيى بن حسين الحوثي حفظه الله تعالى,Muhammad Ibn Yahya Huthi,,,,,1450,,,OpenITI date code 1450,,"[""author""]",[],[],[],1,[],,,,1450MuhammadIbnYahyaHuthi,"[""https://kitab-corpus-metadata.azurewebsites.net/""]"
openiti_person_1450MuhammadIbrahimJundi,توماس بين,Muhammad Ibrahim Jundi,,,,,1450,,,OpenITI date code 1450,,"[""author""]",[],[],[],2,[],,,,1450MuhammadIbrahimJundi,"[""https://kitab-corpus-metadata.azurewebsites.net/""]"
openiti_person_1450MuhammadIbrahimSayyid,مهنداس كارامشاند غاندي,Muhammad Ibrahim Sayyid,,,,,1450,,,OpenITI date code 1450,,"[""author""]",[],[],[],2,[],,,,1450MuhammadIbrahimSayyid,"[""https://kitab-corpus-metadata.azurewebsites.net/""]"
openiti_person_1450MuhammadIsmacilMuqaddam,محمد إسماعيل المقدم,Muhammad Ismacil Muqaddam,,,,,1450,,,OpenITI date code 1450,,"[""author""]",[],[],[],1,[],,,,1450MuhammadIsmacilMuqaddam,"[""https://kitab-corpus-metadata.azurewebsites.net/""]"
openiti_person_1450MuhammadJawadFaqih,الشيخ محمد جواد الفقيه,Muhammad Jawad Faqih,,,,,1450,,,OpenITI date code 1450,,"[""author""]",[],[],[],1,[],,,,1450MuhammadJawadFaqih,"[""https://kitab-corpus-metadata.azurewebsites.net/""]"
openiti_person_1450MuhammadJawahiri,محمد الجواهري,Muhammad Jawahiri,,,,,1450,,,OpenITI date code 1450,,"[""author""]",[],[],[],2,[],,,,1450MuhammadJawahiri,"[""https://kitab-corpus-metadata.azurewebsites.net/""]"
openiti_person_1450MuhammadKhalafSalama,محمد خلف سلامة,Muhammad Khalaf Salama,,,,,1450,,,OpenITI date code 1450,,"[""author""]",[],[],[],1,[],,,,1450MuhammadKhalafSalama,"[""https://kitab-corpus-metadata.azurewebsites.net/""]"
openiti_person_1450MuhammadKhayrRamadan,محمد خير بن رمضان بن إسماعيل يوسف,Muhammad Khayr Ramadan,,,,,1450,,,OpenITI date code 1450,,"[""author""]",[],[],[],1,[],,,,1450MuhammadKhayrRamadan,"[""https://kitab-corpus-metadata.azurewebsites.net/""]"
openiti_person_1450MuhammadMansurIbrahim,محمد المنصور بن إبراهيم,Muhammad Mansur Ibrahim,,,,,1450,,,OpenITI date code 1450,,"[""author""]",[],[],[],1,[],,,,1450MuhammadMansurIbrahim,"[""https://kitab-corpus-metadata.azurewebsites.net/""]"
openiti_person_1450MuhammadMascadYaqut,محمد مسعد ياقوت,Muhammad Mascad Yaqut,,,,,1450,,,OpenITI date code 1450,,"[""author""]",[],[],[],1,[],,,,1450MuhammadMascadYaqut,"[""https://kitab-corpus-metadata.azurewebsites.net/""]"
openiti_person_1450MuhammadQasimDaci,,Muhammad Qasim Daci,,,,,1450,,,OpenITI date code 1450,,"[""author""]",[],[],[],1,[],,,,1450MuhammadQasimDaci,"[""https://kitab-corpus-metadata.azurewebsites.net/""]"
openiti_person_1450MuhammadRiyad,محمد رياض,Muhammad Riyad,,,,,1450,,,OpenITI date code 1450,,"[""author""]",[],[],[],8,[],,,,1450MuhammadRiyad,"[""https://kitab-corpus-metadata.azurewebsites.net/""]"
openiti_person_1450MuhammadSacdTantawi,تي إيه هبنهايمر,Muhammad Sacd Tantawi,,,,,1450,,,OpenITI date code 1450,,"[""author""]",[],[],[],6,[],,,,1450MuhammadSacdTantawi,"[""https://kitab-corpus-metadata.azurewebsites.net/""]"
openiti_person_1450MuhammadSacidJamalDin,مجهول - من أهل القرن السابع الهجري,Muhammad Sacid Jamal Din,,,,,1450,,,OpenITI date code 1450,,"[""author""]",[],[],[],1,[],,,,1450MuhammadSacidJamalDin,"[""https://kitab-corpus-metadata.azurewebsites.net/""]"
openiti_person_1450MuhammadSadiqNajmi,للشيخ محمد صادق النجمي,Muhammad Sadiq Najmi,,,,,1450,,,OpenITI date code 1450,,"[""author""]",[],[],[],1,[],,,,1450MuhammadSadiqNajmi,"[""https://kitab-corpus-metadata.azurewebsites.net/""]"
openiti_person_1450MuhammadSalimCabada,محمد سالم عبادة,Muhammad Salim Cabada,,,,,1450,,,OpenITI date code 1450,,"[""author""]",[],[],[],2,[],,,,1450MuhammadSalimCabada,"[""https://kitab-corpus-metadata.azurewebsites.net/""]"
openiti_person_1450MuhammadSibaci,محمد السِّباعي,Muhammad Sibaci,,,,,1450,,,OpenITI date code 1450,,"[""author""]",[],[],[],2,[],,,,1450MuhammadSibaci,"[""https://kitab-corpus-metadata.azurewebsites.net/""]"
openiti_person_1450MuhammadTalbaNassar,أنتوني جوتليب,Muhammad Talba Nassar,,,,,1450,,,OpenITI date code 1450,,"[""author""]",[],[],[],1,[],,,,1450MuhammadTalbaNassar,"[""https://kitab-corpus-metadata.azurewebsites.net/""]"
openiti_person_1450MuhammadTawfiqSahli,محمد توفيق السهلي,Muhammad Tawfiq Sahli,,,,,1450,,,OpenITI date code 1450,,"[""author""]",[],[],[],1,[],,,,1450MuhammadTawfiqSahli,"[""https://kitab-corpus-metadata.azurewebsites.net/""]"
openiti_person_1450MuhammadTijaniSamawi,محمد التيجاني السماوي,Muhammad Tijani Samawi,,,,,1450,,,OpenITI date code 1450,,"[""author""]",[],[],[],1,[],,,,1450MuhammadTijaniSamawi,"[""https://kitab-corpus-metadata.azurewebsites.net/""]"
openiti_person_1450MuhammadYahyaCazzan,,Muhammad Yahya Cazzan,,,,,1450,,,OpenITI date code 1450,,"[""author""]",[],[],[],3,[],,,,1450MuhammadYahyaCazzan,"[""https://kitab-corpus-metadata.azurewebsites.net/""]"
openiti_person_1450MuhammadYahyaCizzan,محمد يحيى سالم عزان,Muhammad Yahya Cizzan,,,,,1450,,,OpenITI date code 1450,,"[""author""]",[],[],[],3,[],,,,1450MuhammadYahyaCizzan,"[""https://kitab-corpus-metadata.azurewebsites.net/""]"
openiti_person_1450MuhammadZaynDin,الدكتور محمد زين الدين,Muhammad Zayn Din,,,,,1450,,,OpenITI date code 1450,,"[""author""]",[],[],[],1,[],,,,1450MuhammadZaynDin,"[""https://kitab-corpus-metadata.azurewebsites.net/""]"
openiti_person_1450MuhannadRahma,مهند رحمه,Muhannad Rahma,,,,,1450,,,OpenITI date code 1450,,"[""author""]",[],[],[],2,[],,,,1450MuhannadRahma,"[""https://kitab-corpus-metadata.azurewebsites.net/""]"
openiti_person_1450MuhibNasr,مهيب نصر,Muhib Nasr,,,,,1450,,,OpenITI date code 1450,,"[""author""]",[],[],[],1,[],,,,1450MuhibNasr,"[""https://kitab-corpus-metadata.azurewebsites.net/""]"
openiti_person_1450MuhsinFirjani,سونبين,Muhsin Firjani,,,,,1450,,,OpenITI date code 1450,,"[""author""]",[],[],[],1,[],,,,1450MuhsinFirjani,"[""https://kitab-corpus-metadata.azurewebsites.net/""]"
openiti_person_1450MujahidAbuFadl,إين براون,Mujahid Abu Fadl,,,,,1450,,,OpenITI date code 1450,,"[""author""]",[],[],[],1,[],,,,1450MujahidAbuFadl,"[""https://kitab-corpus-metadata.azurewebsites.net/""]"
openiti_person_1450Multiple,,Multiple,,,,,1450,,,OpenITI date code 1450,,"[""author""]",[],[],[],1,[],,,,1450Multiple,"[""https://kitab-corpus-metadata.azurewebsites.net/""]"
openiti_person_1450MultipleAuthors,الشيخ الصدوق,Multiple Authors,,,,,1450,,,OpenITI date code 1450,,"[""author""]",[],[],[],3,[],,,,1450MultipleAuthors,"[""https://kitab-corpus-metadata.azurewebsites.net/""]"
openiti_person_1450MuminMahmudRamadanAhmad,أوليفر جلوج,Mumin Mahmud Ramadan Ahmad,,,,,1450,,,OpenITI date code 1450,,"[""author""]",[],[],[],1,[],,,,1450MuminMahmudRamadanAhmad,"[""https://kitab-corpus-metadata.azurewebsites.net/""]"
openiti_person_1450MurtadaCaskari,السيد مرتضى العسكري,Murtada Caskari,,,,,1450,,,OpenITI date code 1450,,"[""author""]",[],[],[],3,[],,,,1450MurtadaCaskari,"[""https://kitab-corpus-metadata.azurewebsites.net/""]"
openiti_person_1450MurtadaMilani,مرتضى الميلاني,Murtada Milani,,,,,1450,,,OpenITI date code 1450,,"[""author""]",[],[],[],1,[],,,,1450MurtadaMilani,"[""https://kitab-corpus-metadata.azurewebsites.net/""]"
openiti_person_1450MustafaMuhammadFuad,إديث نسبيت,Mustafa Muhammad Fuad,,,,,1450,,,OpenITI date code 1450,,"[""author""]",[],[],[],3,[],,,,1450MustafaMuhammadFuad,"[""https://kitab-corpus-metadata.azurewebsites.net/""]"
openiti_person_1450MutamarImamRida,مؤتمر الامام رضى,Mutamar Imam Rida,,,Muʾtamar al-Imām Riḍá,,1450,,,OpenITI date code 1450,,"[""author""]",[],[],[],1,[],,,,1450MutamarImamRida,"[""https://kitab-corpus-metadata.azurewebsites.net/""]"
openiti_person_1450MuznaRiyadKamal,مُزنة رياض كمال,Muzna Riyad Kamal,,,,,1450,,,OpenITI date code 1450,,"[""author""]",[],[],[],1,[],,,,1450MuznaRiyadKamal,"[""https://kitab-corpus-metadata.azurewebsites.net/""]"
openiti_person_1450NabilCadli,روبرت بار,Nabil Cadli,,,,,1450,,,OpenITI date code 1450,,"[""author""]",[],[],[],1,[],,,,1450NabilCadli,"[""https://kitab-corpus-metadata.azurewebsites.net/""]"
openiti_person_1450NahidHindi,ناهض الهندي,Nahid Hindi,,,,,1450,,,OpenITI date code 1450,,"[""author""]",[],[],[],1,[],,,,1450NahidHindi,"[""https://kitab-corpus-metadata.azurewebsites.net/""]"
openiti_person_1450NahlaDarbi,أليس مونرو,Nahla Darbi,,,,,1450,,,OpenITI date code 1450,,"[""author""]",[],[],[],2,[],,,,1450NahlaDarbi,"[""https://kitab-corpus-metadata.azurewebsites.net/""]"
openiti_person_1450NajlaLutfi,نجلاء لطفي,Najla Lutfi,,,,,1450,,,OpenITI date code 1450,,"[""author""]",[],[],[],1,[],,,,1450NajlaLutfi,"[""https://kitab-corpus-metadata.azurewebsites.net/""]"
openiti_person_1450NasirMakarimShirazi,الشيخ ناصر مكارم الشيرازي,Nasir Makarim Shirazi,,,,,1450,,,OpenITI date code 1450,,"[""author""]",[],[],[],2,[],,,,1450NasirMakarimShirazi,"[""https://kitab-corpus-metadata.azurewebsites.net/""]"
openiti_person_1450NirminSharqawi,أنتونيا فيرينباخ,Nirmin Sharqawi,,,,,1450,,,OpenITI date code 1450,,"[""author""]",[],[],[],1,[],,,,1450NirminSharqawi,"[""https://kitab-corpus-metadata.azurewebsites.net/""]"
openiti_person_1450NivinCabdRauf,كريستوفر باتلر,Nivin Cabd Rauf,,,,,1450,,,OpenITI date code 1450,,"[""author""]",[],[],[],3,[],,,,1450NivinCabdRauf,"[""https://kitab-corpus-metadata.azurewebsites.net/""]"
openiti_person_1450NizarHammadi,,Nizar Hammadi,,,,,1450,,,OpenITI date code 1450,,"[""author""]",[],[],[],1,[],,,,1450NizarHammadi,"[""https://kitab-corpus-metadata.azurewebsites.net/""]"
openiti_person_1450NurhanSurt,هربرت جورج ويلز,Nurhan Surt,,,,,1450,,,OpenITI date code 1450,,"[""author""]",[],[],[],1,[],,,,1450NurhanSurt,"[""https://kitab-corpus-metadata.azurewebsites.net/""]"
openiti_person_1450QasimCaliSacd,NA,Qasim Cali Sacd,,,,,1450,,,OpenITI date code 1450,,"[""author""]",[],[],[],2,[],,,,1450QasimCaliSacd,"[""https://kitab-corpus-metadata.azurewebsites.net/""]"
openiti_person_1450QasimHasanQasimSiraji,,Qasim Hasan Qasim Siraji,,,,,1450,,,OpenITI date code 1450,,"[""author""]",[],[],[],1,[],,,,1450QasimHasanQasimSiraji,"[""https://kitab-corpus-metadata.azurewebsites.net/""]"
openiti_person_1450QasimIbnAhmadHusayni,القاسم بن أحمد بن الإمام المهدي محمد بن القاسم الحوثي,Qasim Ibn Ahmad Husayni,,,,,1450,,,OpenITI date code 1450,,"[""author""]",[],[],[],1,[],,,,1450QasimIbnAhmadHusayni,"[""https://kitab-corpus-metadata.azurewebsites.net/""]"
openiti_person_1450QustandiRizq,قسطندي رزق,Qustandi Rizq,,,,,1450,,,OpenITI date code 1450,,"[""author""]",[],[],[],1,[],,,,1450QustandiRizq,"[""https://kitab-corpus-metadata.azurewebsites.net/""]"
openiti_person_1450RashaSalahDakhakhni,لويس برومفيلد,Rasha Salah Dakhakhni,,,,,1450,,,OpenITI date code 1450,,"[""author""]",[],[],[],1,[],,,,1450RashaSalahDakhakhni,"[""https://kitab-corpus-metadata.azurewebsites.net/""]"
openiti_person_1450RashidCalawi,رشيد العلوي,Rashid Calawi,,,,,1450,,,OpenITI date code 1450,,"[""author""]",[],[],[],1,[],,,,1450RashidCalawi,"[""https://kitab-corpus-metadata.azurewebsites.net/""]"
openiti_person_1450RihabSalahDin,كوينتن سكينر,Rihab Salah Din,,,,,1450,,,OpenITI date code 1450,,"[""author""]",[],[],[],2,[],,,,1450RihabSalahDin,"[""https://kitab-corpus-metadata.azurewebsites.net/""]"
openiti_person_1450RiyadHammadi,رياض حمَّادي‎,Riyad Hammadi,,,,,1450,,,OpenITI date code 1450,,"[""author""]",[],[],[],2,[],,,,1450RiyadHammadi,"[""https://kitab-corpus-metadata.azurewebsites.net/""]"
openiti_person_1450SacdiMahdiHashimi,الرازي، أبو زرعة,Sacdi Mahdi Hashimi,,,,,1450,,,OpenITI date code 1450,,"[""author""]",[],[],[],1,[],,,,1450SacdiMahdiHashimi,"[""https://kitab-corpus-metadata.azurewebsites.net/""]"
openiti_person_1450SadiqRuhani,السيد محمد صادق الروحاني,Sadiq Ruhani,,,,,1450,,,OpenITI date code 1450,,"[""author""]",[],[],[],4,[],,,,1450SadiqRuhani,"[""https://kitab-corpus-metadata.azurewebsites.net/""]"
openiti_person_1450SafaCamiri,,Safa Camiri,,,,,1450,,,OpenITI date code 1450,,"[""author""]",[],[],[],1,[],,,,1450SafaCamiri,"[""https://kitab-corpus-metadata.azurewebsites.net/""]"
openiti_person_1450SafiyaMukhtar,فيبر بيرين,Safiya Mukhtar,,,,,1450,,,OpenITI date code 1450,,"[""author""]",[],[],[],7,[],,,,1450SafiyaMukhtar,"[""https://kitab-corpus-metadata.azurewebsites.net/""]"
openiti_person_1450SaharKhawatimi,سحر خواتمي,Sahar Khawatimi,,,,,1450,,,OpenITI date code 1450,,"[""author""]",[],[],[],1,[],,,,1450SaharKhawatimi,"[""https://kitab-corpus-metadata.azurewebsites.net/""]"
openiti_person_1450SaibCabdHamid,صائب عبد الحميد,Saib Cabd Hamid,,,,,1450,,,OpenITI date code 1450,,"[""author""]",[],[],[],1,[],,,,1450SaibCabdHamid,"[""https://kitab-corpus-metadata.azurewebsites.net/""]"
openiti_person_1450SairBasmaji,سائر بصمه جي,Sair Basmaji,,,,,1450,,,OpenITI date code 1450,,"[""author""]",[],[],[],3,[],,,,1450SairBasmaji,"[""https://kitab-corpus-metadata.azurewebsites.net/""]"
openiti_person_1450SalahCabdCazizZaynSalama,محمد بن الحسن ابن زبالة,Salah Cabd Caziz Zayn Salama,,,,,1450,,,OpenITI date code 1450,,"[""author""]",[],[],[],1,[],,,,1450SalahCabdCazizZaynSalama,"[""https://kitab-corpus-metadata.azurewebsites.net/""]"
openiti_person_1450SalahHilal,أرنو جايجر,Salah Hilal,,,,,1450,,,OpenITI date code 1450,,"[""author""]",[],[],[],1,[],,,,1450SalahHilal,"[""https://kitab-corpus-metadata.azurewebsites.net/""]"
openiti_person_1450SalahIbnAhmadFulayta,القاضي العلامة صلاح بن أحمد فليته,Salah Ibn Ahmad Fulayta,,,,,1450,,,OpenITI date code 1450,,"[""author""]",[],[],[],2,[],,,,1450SalahIbnAhmadFulayta,"[""https://kitab-corpus-metadata.azurewebsites.net/""]"
openiti_person_1450SalahMuhammadKhiyami,صلاح محمد الخيمى,Salah Muhammad Khiyami,,,,,1450,,,OpenITI date code 1450,,"[""author""]",[],[],[],1,[],,,,1450SalahMuhammadKhiyami,"[""https://kitab-corpus-metadata.azurewebsites.net/""]"
openiti_person_1450SalihFawzan,صالح بن فوزان بن عبد الله الفوزان,Salih Fawzan,,,,,1450,,,OpenITI date code 1450,,"[""author""]",[],[],[],1,[],,,,1450SalihFawzan,"[""https://kitab-corpus-metadata.azurewebsites.net/""]"
openiti_person_1450SamihCabdKarimSalih,كريستوف أندريه,Samih Cabd Karim Salih,,,,,1450,,,OpenITI date code 1450,,"[""author""]",[],[],[],1,[],,,,1450SamihCabdKarimSalih,"[""https://kitab-corpus-metadata.azurewebsites.net/""]"
openiti_person_1450SamirCabdRabbih,تشينوا أتشيبي,Samir Cabd Rabbih,,,,,1450,,,OpenITI date code 1450,,"[""author""]",[],[],[],1,[],,,,1450SamirCabdRabbih,"[""https://kitab-corpus-metadata.azurewebsites.net/""]"
openiti_person_1450SamirNurDinDardur,سمير نور الدين دردور,Samir Nur Din Dardur,,,,,1450,,,OpenITI date code 1450,,"[""author""]",[],[],[],1,[],,,,1450SamirNurDinDardur,"[""https://kitab-corpus-metadata.azurewebsites.net/""]"
openiti_person_1450SaraCadil,آرثر جرينبرج,Sara Cadil,,,,,1450,,,OpenITI date code 1450,,"[""author""]",[],[],[],1,[],,,,1450SaraCadil,"[""https://kitab-corpus-metadata.azurewebsites.net/""]"
openiti_person_1450SaraRajaiYusuf,كلود كيتيل,Sara Rajai Yusuf,,,,,1450,,,OpenITI date code 1450,,"[""author""]",[],[],[],1,[],,,,1450SaraRajaiYusuf,"[""https://kitab-corpus-metadata.azurewebsites.net/""]"
openiti_person_1450SaraTahaCallam,أنتونيا سوزان بيات,Sara Taha Callam,,,,,1450,,,OpenITI date code 1450,,"[""author""]",[],[],[],1,[],,,,1450SaraTahaCallam,"[""https://kitab-corpus-metadata.azurewebsites.net/""]"
openiti_person_1450SaraYaqut,بي دي جيمس,Sara Yaqut,,,,,1450,,,OpenITI date code 1450,,"[""author""]",[],[],[],2,[],,,,1450SaraYaqut,"[""https://kitab-corpus-metadata.azurewebsites.net/""]"
openiti_person_1450SayyidCaliIsmacil,سيد علي إسماعيل,Sayyid Cali Ismacil,,,,,1450,,,OpenITI date code 1450,,"[""author""]",[],[],[],10,[],,,,1450SayyidCaliIsmacil,"[""https://kitab-corpus-metadata.azurewebsites.net/""]"
openiti_person_1450SayyidSistani,,Sayyid Sistani,,,,,1450,,,OpenITI date code 1450,,"[""author""]",[],[],[],1,[],,,,1450SayyidSistani,"[""https://kitab-corpus-metadata.azurewebsites.net/""]"
openiti_person_1450ShahabYasin,أليس مونرو,Shahab Yasin,,,,,1450,,,OpenITI date code 1450,,"[""author""]",[],[],[],1,[],,,,1450ShahabYasin,"[""https://kitab-corpus-metadata.azurewebsites.net/""]"
openiti_person_1450SharifShubashi,شريف الشوباشي,Sharif Shubashi,,,,,1450,,,OpenITI date code 1450,,"[""author""]",[],[],[],1,[],,,,1450SharifShubashi,"[""https://kitab-corpus-metadata.azurewebsites.net/""]"
openiti_person_1450ShawqiJalal,شوقي جلال,Shawqi Jalal,,,,,1450,,,OpenITI date code 1450,,"[""author""]",[],[],[],3,[],,,,1450ShawqiJalal,"[""https://kitab-corpus-metadata.azurewebsites.net/""]"
openiti_person_1450ShaymaCabdHakimTaha,جون آر برادلي,Shayma Cabd Hakim Taha,,,,,1450,,,OpenITI date code 1450,,"[""author""]",[],[],[],1,[],,,,1450ShaymaCabdHakimTaha,"[""https://kitab-corpus-metadata.azurewebsites.net/""]"
openiti_person_1450ShaymaTahaRaydi,بول أرون,Shayma Taha Raydi,,,,,1450,,,OpenITI date code 1450,,"[""author""]",[],[],[],10,[],,,,1450ShaymaTahaRaydi,"[""https://kitab-corpus-metadata.azurewebsites.net/""]"
openiti_person_1450ShirinYunus,شرين يونس,Shirin Yunus,,,,,1450,,,OpenITI date code 1450,,"[""author""]",[],[],[],2,[],,,,1450ShirinYunus,"[""https://kitab-corpus-metadata.azurewebsites.net/""]"
openiti_person_1450SirajDinCidlan,,Siraj Din Cidlan,,,,,1450,,,OpenITI date code 1450,,"[""author""]",[],[],[],2,[],,,,1450SirajDinCidlan,"[""https://kitab-corpus-metadata.azurewebsites.net/""]"
openiti_person_1450SuhaShami,مايكل ديفيد لوكاس,Suha Shami,,,,,1450,,,OpenITI date code 1450,,"[""author""]",[],[],[],3,[],,,,1450SuhaShami,"[""https://kitab-corpus-metadata.azurewebsites.net/""]"
openiti_person_1450SuncAllahIbrahim,صنع الله إبراهيم,Sunc Allah Ibrahim,,,,,1450,,,OpenITI date code 1450,,"[""author""]",[],[],[],11,[],,,,1450SuncAllahIbrahim,"[""https://kitab-corpus-metadata.azurewebsites.net/""]"
openiti_person_1450TalalSacudDacjani,,Talal Sacud Dacjani,,,,,1450,,,OpenITI date code 1450,,"[""author""]",[],[],[],1,[],,,,1450TalalSacudDacjani,"[""https://kitab-corpus-metadata.azurewebsites.net/""]"
openiti_person_1450TarhibDawsari,ترحيب بن ربيعان الدوسري,Tarhib Dawsari,,,,,1450,,,OpenITI date code 1450,,"[""author""]",[],[],[],2,[],,,,1450TarhibDawsari,"[""https://kitab-corpus-metadata.azurewebsites.net/""]"
openiti_person_1450TullabKSU,مغلطاي بن قليج بن عبد الله البكجري المصري الحكري الحنفي، أبو عبد الله، علاء الدين (المتوفى: 762هـ),Tullab KSU,,,,,1450,,,OpenITI date code 1450,,"[""author""]",[],[],[],1,[],,,,1450TullabKSU,"[""https://kitab-corpus-metadata.azurewebsites.net/""]"
openiti_person_1450UmamaLawati,أمامة اللواتي,Umama Lawati,,,,,1450,,,OpenITI date code 1450,,"[""author""]",[],[],[],1,[],,,,1450UmamaLawati,"[""https://kitab-corpus-metadata.azurewebsites.net/""]"
openiti_person_1450UmniyyaTalcat,جوزفين تاي,Umniyya Talcat,,,,,1450,,,OpenITI date code 1450,,"[""author""]",[],[],[],1,[],,,,1450UmniyyaTalcat,"[""https://kitab-corpus-metadata.azurewebsites.net/""]"
openiti_person_1450WahidKhurasani,الشيخ وحيد الخراساني,Wahid Khurasani,,,,,1450,,,OpenITI date code 1450,,"[""author""]",[],[],[],1,[],,,,1450WahidKhurasani,"[""https://kitab-corpus-metadata.azurewebsites.net/""]"
openiti_person_1450WalidHusayn,تقي الدين أبو العباس أحمد بن عبد الحليم بن عبد السلام بن عبد الله بن أبي القاسم بن محمد ابن تيمية الحراني الحنبلي الدمشقي,Walid Husayn,,,,,1450,,,OpenITI date code 1450,,"[""author""]",[],[],[],1,[],,,,1450WalidHusayn,"[""https://kitab-corpus-metadata.azurewebsites.net/""]"
openiti_person_1450WalidJalal,وليد جلال,Walid Jalal,,,,,1450,,,OpenITI date code 1450,,"[""author""]",[],[],[],1,[],,,,1450WalidJalal,"[""https://kitab-corpus-metadata.azurewebsites.net/""]"
openiti_person_1450WalidUmawi,وليد بن حسني بن بدوي بن محمد الأموي,Walid Umawi,,,,,1450,,,OpenITI date code 1450,,"[""author""]",[],[],[],1,[],,,,1450WalidUmawi,"[""https://kitab-corpus-metadata.azurewebsites.net/""]"
openiti_person_1450WilferdMadelung,,Wilferd Madelung,,,,,1450,,,OpenITI date code 1450,,"[""author""]",[],[],[],1,[],,,,1450WilferdMadelung,"[""https://kitab-corpus-metadata.azurewebsites.net/""]"
openiti_person_1450WizaraAwqafMisriyya,موقع وزارة الأوقاف المصرية,Wizara Awqaf Misriyya,,,,,1450,,,OpenITI date code 1450,,"[""author""]",[],[],[],1,[],,,,1450WizaraAwqafMisriyya,"[""https://kitab-corpus-metadata.azurewebsites.net/""]"
openiti_person_1450YahyaCabdKarimFadil,,Yahya Cabd Karim Fadil,,,,,1450,,,OpenITI date code 1450,,"[""author""]",[],[],[],1,[],,,,1450YahyaCabdKarimFadil,"[""https://kitab-corpus-metadata.azurewebsites.net/""]"
openiti_person_1450YasirCabdRahman,ياسر عبد الرحمن,Yasir Cabd Rahman,,,,,1450,,,OpenITI date code 1450,,"[""author""]",[],[],[],1,[],,,,1450YasirCabdRahman,"[""https://kitab-corpus-metadata.azurewebsites.net/""]"
openiti_person_1450YasirHasan,كيمبرلي رينولدز,Yasir Hasan,,,,,1450,,,OpenITI date code 1450,,"[""author""]",[],[],[],3,[],,,,1450YasirHasan,"[""https://kitab-corpus-metadata.azurewebsites.net/""]"
openiti_person_1450YasminCarabi,جورج أورويل,Yasmin Carabi,,,,,1450,,,OpenITI date code 1450,,"[""author""]",[],[],[],4,[],,,,1450YasminCarabi,"[""https://kitab-corpus-metadata.azurewebsites.net/""]"
openiti_person_1450YumnaTarifKhuli,يمنى طريف الخولي,Yumna Tarif Khuli,,,,,1450,,,OpenITI date code 1450,,"[""author""]",[],[],[],12,[],,,,1450YumnaTarifKhuli,"[""https://kitab-corpus-metadata.azurewebsites.net/""]"
openiti_person_1450YusufBakar,الحسن بن علي بن إسحاق الطوسي، أبو علي، الملقب بقوام الدين، نظام الملك (المتوفى: 485هـ),Yusuf Bakar,,,,,1450,,,OpenITI date code 1450,,"[""author""]",[],[],[],1,[],,,,1450YusufBakar,"[""https://kitab-corpus-metadata.azurewebsites.net/""]"
openiti_person_1450YusufHadi,مجهول (توفي: بعد 372هـ),Yusuf Hadi,,,,,1450,,,OpenITI date code 1450,,"[""author""]",[],[],[],2,[],,,,1450YusufHadi,"[""https://kitab-corpus-metadata.azurewebsites.net/""]"
openiti_person_1450YusufNabil,فولتير,Yusuf Nabil,,,,,1450,,,OpenITI date code 1450,,"[""author""]",[],[],[],1,[],,,,1450YusufNabil,"[""https://kitab-corpus-metadata.azurewebsites.net/""]"
openiti_person_1450ZahraSami,كيليب إفريت,Zahra Sami,,,,,1450,,,OpenITI date code 1450,,"[""author""]",[],[],[],5,[],,,,1450ZahraSami,"[""https://kitab-corpus-metadata.azurewebsites.net/""]"
openiti_person_1450ZaynabCabdTawwabRiyad,زينب عبد التواب رياض,Zaynab Cabd Tawwab Riyad,,,,,1450,,,OpenITI date code 1450,,"[""author""]",[],[],[],2,[],,,,1450ZaynabCabdTawwabRiyad,"[""https://kitab-corpus-metadata.azurewebsites.net/""]"
openiti_person_1450ZaynabCatif,ويليام دويل,Zaynab Catif,,,,,1450,,,OpenITI date code 1450,,"[""author""]",[],[],[],5,[],,,,1450ZaynabCatif,"[""https://kitab-corpus-metadata.azurewebsites.net/""]"
openiti_person_1450ZiyadIbrahim,دادلي أندرو,Ziyad Ibrahim,,,,,1450,,,OpenITI date code 1450,,"[""author""]",[],[],[],1,[],,,,1450ZiyadIbrahim,"[""https://kitab-corpus-metadata.azurewebsites.net/""]"
openiti_person_1450Zuhayli,محمد مصطفى الزحيلي,Zuhayli,,,,,1450,,,OpenITI date code 1450,,"[""author""]",[],[],[],1,[],,,,1450Zuhayli,"[""https://kitab-corpus-metadata.azurewebsites.net/""]"
