duplicate_group_id,work_id,version_count,digital_version_ids,duplicate_basis
dup_openiti_work_0001AbuTalibCabdManaf.Diwan,openiti_work_0001AbuTalibCabdManaf.Diwan,2,"[""openiti_dv_0001AbuTalibCabdManaf.Diwan.JK007501-ara1"",""openiti_dv_0001AbuTalibCabdManaf.Diwan.ShamAY0037822-ara1""]",Same OpenITI work URI; retain versions separately.
dup_openiti_work_0001AwsIbnHajar.Diwan,openiti_work_0001AwsIbnHajar.Diwan,2,"[""openiti_dv_0001AwsIbnHajar.Diwan.JK007502-ara1"",""openiti_dv_0001AwsIbnHajar.Diwan.ShamAY0037914-ara1""]",Same OpenITI work URI; retain versions separately.
dup_openiti_work_0001CalqamaFahl.Diwan,openiti_work_0001CalqamaFahl.Diwan,2,"[""openiti_dv_0001CalqamaFahl.Diwan.JK007522-ara1"",""openiti_dv_0001CalqamaFahl.Diwan.ShamAY0037936-ara1""]",Same OpenITI work URI; retain versions separately.
dup_openiti_work_0001CamrIbnKulthum.Diwan,openiti_work_0001CamrIbnKulthum.Diwan,2,"[""openiti_dv_0001CamrIbnKulthum.Diwan.JK007524-ara1"",""openiti_dv_0001CamrIbnKulthum.Diwan.ShamAY0037904-ara1""]",Same OpenITI work URI; retain versions separately.
dup_openiti_work_0001CamrIbnQumaya.Diwan,openiti_work_0001CamrIbnQumaya.Diwan,2,"[""openiti_dv_0001CamrIbnQumaya.Diwan.JK007523-ara1"",""openiti_dv_0001CamrIbnQumaya.Diwan.ShamAY0037903-ara1""]",Same OpenITI work URI; retain versions separately.
dup_openiti_work_0001CantaraIbnShaddad.Diwan,openiti_work_0001CantaraIbnShaddad.Diwan,3,"[""openiti_dv_0001CantaraIbnShaddad.Diwan.JK007526-ara1"",""openiti_dv_0001CantaraIbnShaddad.Diwan.LAL2018100901-ara2"",""openiti_dv_0001CantaraIbnShaddad.Diwan.ShamAY0037906-ara1""]",Same OpenITI work URI; retain versions separately.
dup_openiti_work_0001CurwaIbnWard.Diwan,openiti_work_0001CurwaIbnWard.Diwan,2,"[""openiti_dv_0001CurwaIbnWard.Diwan.JK007521-ara1"",""openiti_dv_0001CurwaIbnWard.Diwan.ShamAY0037959-ara1""]",Same OpenITI work URI; retain versions separately.
dup_openiti_work_0001HarithIbnHilliza.Diwan,openiti_work_0001HarithIbnHilliza.Diwan,2,"[""openiti_dv_0001HarithIbnHilliza.Diwan.JK007505-ara1"",""openiti_dv_0001HarithIbnHilliza.Diwan.ShamAY0037848-ara1""]",Same OpenITI work URI; retain versions separately.
dup_openiti_work_0001HatimTai.Diwan,openiti_work_0001HatimTai.Diwan,2,"[""openiti_dv_0001HatimTai.Diwan.JK007514-ara1"",""openiti_dv_0001HatimTai.Diwan.ShamAY0037913-ara1""]",Same OpenITI work URI; retain versions separately.
dup_openiti_work_0001ImruQaysIbnHujr.Diwan,openiti_work_0001ImruQaysIbnHujr.Diwan,2,"[""openiti_dv_0001ImruQaysIbnHujr.Diwan.JK007512-ara1"",""openiti_dv_0001ImruQaysIbnHujr.Diwan.Shamela0027112-ara1""]",Same OpenITI work URI; retain versions separately.
dup_openiti_work_0001LaqitIbnYacmur.Diwan,openiti_work_0001LaqitIbnYacmur.Diwan,2,"[""openiti_dv_0001LaqitIbnYacmur.Diwan.JK007528-ara1"",""openiti_dv_0001LaqitIbnYacmur.Diwan.ShamAY0037835-ara1""]",Same OpenITI work URI; retain versions separately.
dup_openiti_work_0001MuhalhilIbnRabica.Diwan,openiti_work_0001MuhalhilIbnRabica.Diwan,2,"[""openiti_dv_0001MuhalhilIbnRabica.Diwan.JK007529-ara1"",""openiti_dv_0001MuhalhilIbnRabica.Diwan.ShamAY0037862-ara1""]",Same OpenITI work URI; retain versions separately.
dup_openiti_work_0001MuthaqqibCabdi.Diwan,openiti_work_0001MuthaqqibCabdi.Diwan,2,"[""openiti_dv_0001MuthaqqibCabdi.Diwan.JK007510-ara1"",""openiti_dv_0001MuthaqqibCabdi.Diwan.ShamAY0037895-ara1""]",Same OpenITI work URI; retain versions separately.
dup_openiti_work_0001NabighaDhubyani.Diwan,openiti_work_0001NabighaDhubyani.Diwan,2,"[""openiti_dv_0001NabighaDhubyani.Diwan.JK007511-ara1"",""openiti_dv_0001NabighaDhubyani.Diwan.ShamAY0037896-ara1""]",Same OpenITI work URI; retain versions separately.
dup_openiti_work_0001QaysIbnKhatim.Diwan,openiti_work_0001QaysIbnKhatim.Diwan,2,"[""openiti_dv_0001QaysIbnKhatim.Diwan.JK007527-ara1"",""openiti_dv_0001QaysIbnKhatim.Diwan.ShamAY0037907-ara1""]",Same OpenITI work URI; retain versions separately.
dup_openiti_work_0001Quran.Mushaf,openiti_work_0001Quran.Mushaf,3,"[""openiti_dv_0001Quran.Mushaf.QuranAnalysis001-ara1"",""openiti_dv_0001Quran.Mushaf.Shia000001-ara1"",""openiti_dv_0001Quran.Mushaf.Tanzil001-ara1""]",Same OpenITI work URI; retain versions separately.
dup_openiti_work_0001SalamaIbnJandal.Diwan,openiti_work_0001SalamaIbnJandal.Diwan,2,"[""openiti_dv_0001SalamaIbnJandal.Diwan.JK007517-ara1"",""openiti_dv_0001SalamaIbnJandal.Diwan.ShamAY0037950-ara1""]",Same OpenITI work URI; retain versions separately.
dup_openiti_work_0001SamawalIbnCadiya.Diwan,openiti_work_0001SamawalIbnCadiya.Diwan,2,"[""openiti_dv_0001SamawalIbnCadiya.Diwan.JK007508-ara1"",""openiti_dv_0001SamawalIbnCadiya.Diwan.ShamAY0037887-ara1""]",Same OpenITI work URI; retain versions separately.
dup_openiti_work_0001Shanfara.Diwan,openiti_work_0001Shanfara.Diwan,2,"[""openiti_dv_0001Shanfara.Diwan.JK007509-ara1"",""openiti_dv_0001Shanfara.Diwan.ShamAY0037893-ara1""]",Same OpenITI work URI; retain versions separately.
dup_openiti_work_0001SulaykIbnSulaka.Diwan,openiti_work_0001SulaykIbnSulaka.Diwan,2,"[""openiti_dv_0001SulaykIbnSulaka.Diwan.JK007507-ara1"",""openiti_dv_0001SulaykIbnSulaka.Diwan.ShamAY0037886-ara1""]",Same OpenITI work URI; retain versions separately.
dup_openiti_work_0001TaabbataSharran.Diwan,openiti_work_0001TaabbataSharran.Diwan,2,"[""openiti_dv_0001TaabbataSharran.Diwan.JK007513-ara1"",""openiti_dv_0001TaabbataSharran.Diwan.ShamAY0037943-ara1""]",Same OpenITI work URI; retain versions separately.
dup_openiti_work_0001TarafaIbnCabd.Diwan,openiti_work_0001TarafaIbnCabd.Diwan,2,"[""openiti_dv_0001TarafaIbnCabd.Diwan.JK007518-ara2"",""openiti_dv_0001TarafaIbnCabd.Diwan.Shamela0036422-ara1""]",Same OpenITI work URI; retain versions separately.
dup_openiti_work_0001TufaylGhanawi.Diwan,openiti_work_0001TufaylGhanawi.Diwan,2,"[""openiti_dv_0001TufaylGhanawi.Diwan.JK007519-ara1"",""openiti_dv_0001TufaylGhanawi.Diwan.ShamAY0037934-ara1""]",Same OpenITI work URI; retain versions separately.
dup_openiti_work_0001ZuhayrIbnAbiSulma.Diwan,openiti_work_0001ZuhayrIbnAbiSulma.Diwan,2,"[""openiti_dv_0001ZuhayrIbnAbiSulma.Diwan.JK007516-ara1"",""openiti_dv_0001ZuhayrIbnAbiSulma.Diwan.ShamAY0037933-ara1""]",Same OpenITI work URI; retain versions separately.
dup_openiti_work_0005Hadira.Diwan,openiti_work_0005Hadira.Diwan,2,"[""openiti_dv_0005Hadira.Diwan.JK007504-ara1"",""openiti_dv_0005Hadira.Diwan.ShamAY0037847-ara1""]",Same OpenITI work URI; retain versions separately.
dup_openiti_work_0011CamirIbnTufayl.Diwan,openiti_work_0011CamirIbnTufayl.Diwan,2,"[""openiti_dv_0011CamirIbnTufayl.Diwan.JK007520-ara1"",""openiti_dv_0011CamirIbnTufayl.Diwan.Sham19Y0149871-ara1""]",Same OpenITI work URI; retain versions separately.
dup_openiti_work_0021CamrZubaydi.Diwan,openiti_work_0021CamrZubaydi.Diwan,2,"[""openiti_dv_0021CamrZubaydi.Diwan.JK007536-ara1"",""openiti_dv_0021CamrZubaydi.Diwan.ShamAY0037905-ara1""]",Same OpenITI work URI; retain versions separately.
dup_openiti_work_0022ShammakhIbnDirar.Diwan,openiti_work_0022ShammakhIbnDirar.Diwan,2,"[""openiti_dv_0022ShammakhIbnDirar.Diwan.JK007533-ara1"",""openiti_dv_0022ShammakhIbnDirar.Diwan.ShamAY0037892-ara1""]",Same OpenITI work URI; retain versions separately.
dup_openiti_work_0024TumadirBinCamrKhansa.Diwan,openiti_work_0024TumadirBinCamrKhansa.Diwan,2,"[""openiti_dv_0024TumadirBinCamrKhansa.Diwan.JK007532-ara1"",""openiti_dv_0024TumadirBinCamrKhansa.Diwan.ShamAY0037828-ara1""]",Same OpenITI work URI; retain versions separately.
dup_openiti_work_0026KacbIbnZuhayr.Diwan,openiti_work_0026KacbIbnZuhayr.Diwan,2,"[""openiti_dv_0026KacbIbnZuhayr.Diwan.JK007537-ara1"",""openiti_dv_0026KacbIbnZuhayr.Diwan.ShamAY0037833-ara1""]",Same OpenITI work URI; retain versions separately.
dup_openiti_work_0030CurwaIbnHizam.Diwan,openiti_work_0030CurwaIbnHizam.Diwan,2,"[""openiti_dv_0030CurwaIbnHizam.Diwan.JK007555-ara1"",""openiti_dv_0030CurwaIbnHizam.Diwan.ShamAY0037960-ara1""]",Same OpenITI work URI; retain versions separately.
dup_openiti_work_0037IbnMuqbil.Diwan,openiti_work_0037IbnMuqbil.Diwan,2,"[""openiti_dv_0037IbnMuqbil.Diwan.JK007530-ara1"",""openiti_dv_0037IbnMuqbil.Diwan.ShamAY0037879-ara1""]",Same OpenITI work URI; retain versions separately.
dup_openiti_work_0040CaliIbnAbiTalib.Diwan,openiti_work_0040CaliIbnAbiTalib.Diwan,2,"[""openiti_dv_0040CaliIbnAbiTalib.Diwan.JK007540-ara1"",""openiti_dv_0040CaliIbnAbiTalib.Diwan.ShamAY0037911-ara1""]",Same OpenITI work URI; retain versions separately.
dup_openiti_work_0041LabidIbnRabica.Diwan,openiti_work_0041LabidIbnRabica.Diwan,2,"[""openiti_dv_0041LabidIbnRabica.Diwan.JK007538-ara2"",""openiti_dv_0041LabidIbnRabica.Diwan.Shamela0035077-ara1""]",Same OpenITI work URI; retain versions separately.
dup_openiti_work_0045JarwalIbnAwsHutaya.Diwan,openiti_work_0045JarwalIbnAwsHutaya.Diwan,2,"[""openiti_dv_0045JarwalIbnAwsHutaya.Diwan.JK007531-ara1"",""openiti_dv_0045JarwalIbnAwsHutaya.Diwan.ShamAY0037850-ara1""]",Same OpenITI work URI; retain versions separately.
dup_openiti_work_0050KhirniqBintBadr.Diwan,openiti_work_0050KhirniqBintBadr.Diwan,2,"[""openiti_dv_0050KhirniqBintBadr.Diwan.JK007506-ara1"",""openiti_dv_0050KhirniqBintBadr.Diwan.ShamAY0037827-ara1""]",Same OpenITI work URI; retain versions separately.
dup_openiti_work_0054HassanIbnThabit.Diwan,openiti_work_0054HassanIbnThabit.Diwan,2,"[""openiti_dv_0054HassanIbnThabit.Diwan.JK007534-ara1"",""openiti_dv_0054HassanIbnThabit.Diwan.ShamAY0037912-ara1""]",Same OpenITI work URI; retain versions separately.
dup_openiti_work_0060MucawiyaIbnAbiSufyan.Diwan,openiti_work_0060MucawiyaIbnAbiSufyan.Diwan,2,"[""openiti_dv_0060MucawiyaIbnAbiSufyan.Diwan.JK007541-ara1"",""openiti_dv_0060MucawiyaIbnAbiSufyan.Diwan.Sham19Y0149482-ara1""]",Same OpenITI work URI; retain versions separately.
dup_openiti_work_0068CabdAllahIbnCabbas.GharibQuran,openiti_work_0068CabdAllahIbnCabbas.GharibQuran,2,"[""openiti_dv_0068CabdAllahIbnCabbas.GharibQuran.Shamela0023622-ara1"",""openiti_dv_0068CabdAllahIbnCabbas.GharibQuran.Zaydiyya0000300-ara1""]",Same OpenITI work URI; retain versions separately.
dup_openiti_work_0068QaysIbnDharihLubna.Diwan,openiti_work_0068QaysIbnDharihLubna.Diwan,2,"[""openiti_dv_0068QaysIbnDharihLubna.Diwan.JK007557-ara1"",""openiti_dv_0068QaysIbnDharihLubna.Diwan.ShamAY0037908-ara1""]",Same OpenITI work URI; retain versions separately.
dup_openiti_work_0068QaysMajnunLayla.Diwan,openiti_work_0068QaysMajnunLayla.Diwan,2,"[""openiti_dv_0068QaysMajnunLayla.Diwan.JK007560-ara1"",""openiti_dv_0068QaysMajnunLayla.Diwan.ShamAY0037853-ara1""]",Same OpenITI work URI; retain versions separately.
dup_openiti_work_0080LaylaAkhyaliyya.Diwan,openiti_work_0080LaylaAkhyaliyya.Diwan,3,"[""openiti_dv_0080LaylaAkhyaliyya.Diwan.JK007559-ara1"",""openiti_dv_0080LaylaAkhyaliyya.Diwan.Sham19Y0149874-ara1"",""openiti_dv_0080LaylaAkhyaliyya.Diwan.ShamAY0037836-ara1""]",Same OpenITI work URI; retain versions separately.
dup_openiti_work_0080UqayshirAsadi.Diwan,openiti_work_0080UqayshirAsadi.Diwan,2,"[""openiti_dv_0080UqayshirAsadi.Diwan.JK007539-ara1"",""openiti_dv_0080UqayshirAsadi.Diwan.ShamAY0037940-ara1""]",Same OpenITI work URI; retain versions separately.
dup_openiti_work_0082JamilButhayna.Diwan,openiti_work_0082JamilButhayna.Diwan,2,"[""openiti_dv_0082JamilButhayna.Diwan.JK007550-ara1"",""openiti_dv_0082JamilButhayna.Diwan.ShamAY0037931-ara1""]",Same OpenITI work URI; retain versions separately.
dup_openiti_work_0090AkhtalShacir.Diwan,openiti_work_0090AkhtalShacir.Diwan,2,"[""openiti_dv_0090AkhtalShacir.Diwan.JK007544-ara1"",""openiti_dv_0090AkhtalShacir.Diwan.ShamAY0037927-ara1""]",Same OpenITI work URI; retain versions separately.
dup_openiti_work_0090RaciNumayriShacir.Diwan,openiti_work_0090RaciNumayriShacir.Diwan,2,"[""openiti_dv_0090RaciNumayriShacir.Diwan.JK007545-ara1"",""openiti_dv_0090RaciNumayriShacir.Diwan.ShamAY0037882-ara1""]",Same OpenITI work URI; retain versions separately.
dup_openiti_work_0090WaddahYaman.Diwan,openiti_work_0090WaddahYaman.Diwan,2,"[""openiti_dv_0090WaddahYaman.Diwan.JK007562-ara1"",""openiti_dv_0090WaddahYaman.Diwan.ShamAY0037963-ara1""]",Same OpenITI work URI; retain versions separately.
dup_openiti_work_0093IbnAbiRabica.Diwan,openiti_work_0093IbnAbiRabica.Diwan,2,"[""openiti_dv_0093IbnAbiRabica.Diwan.JK007556-ara1"",""openiti_dv_0093IbnAbiRabica.Diwan.ShamAY0037902-ara1""]",Same OpenITI work URI; retain versions separately.
dup_openiti_work_0095CadiIbnRiqac.Diwan,openiti_work_0095CadiIbnRiqac.Diwan,2,"[""openiti_dv_0095CadiIbnRiqac.Diwan.JK007553-ara1"",""openiti_dv_0095CadiIbnRiqac.Diwan.ShamAY0037957-ara1""]",Same OpenITI work URI; retain versions separately.
dup_openiti_work_0104MujahidIbnJabr.Tafsir,openiti_work_0104MujahidIbnJabr.Tafsir,5,"[""openiti_dv_0104MujahidIbnJabr.Tafsir.JK000459-ara1"",""openiti_dv_0104MujahidIbnJabr.Tafsir.ShamAY0034071-ara1"",""openiti_dv_0104MujahidIbnJabr.Tafsir.Shamela0012810-ara2"",""openiti_dv_0104MujahidIbnJabr.Tafsir.Shia002456Vols-ara1"",""openiti_dv_0104MujahidIbnJabr.Tafsir.Tafsir02078-ara1""]",Same OpenITI work URI; retain versions separately.
dup_openiti_work_0105AhwasAnsari.Diwan,openiti_work_0105AhwasAnsari.Diwan,2,"[""openiti_dv_0105AhwasAnsari.Diwan.JK007543-ara1"",""openiti_dv_0105AhwasAnsari.Diwan.ShamAY0037939-ara1""]",Same OpenITI work URI; retain versions separately.
dup_openiti_work_0105KuthayyirCazza.Diwan,openiti_work_0105KuthayyirCazza.Diwan,2,"[""openiti_dv_0105KuthayyirCazza.Diwan.JK007558-ara1"",""openiti_dv_0105KuthayyirCazza.Diwan.ShamAY0037909-ara1""]",Same OpenITI work URI; retain versions separately.
dup_openiti_work_0110Farazdaq.Diwan,openiti_work_0110Farazdaq.Diwan,2,"[""openiti_dv_0110Farazdaq.Diwan.JK007547-ara1"",""openiti_dv_0110Farazdaq.Diwan.ShamAY0037829-ara1""]",Same OpenITI work URI; retain versions separately.
dup_openiti_work_0110HasanBasri.FadailMakka,openiti_work_0110HasanBasri.FadailMakka,3,"[""openiti_dv_0110HasanBasri.FadailMakka.JK000644-ara1"",""openiti_dv_0110HasanBasri.FadailMakka.Shamela0005722-ara1"",""openiti_dv_0110HasanBasri.FadailMakka.Shia003454-ara1""]",Same OpenITI work URI; retain versions separately.
dup_openiti_work_0110IbnSirin.MuntakhabKalamFiTafsirAhlam,openiti_work_0110IbnSirin.MuntakhabKalamFiTafsirAhlam,4,"[""openiti_dv_0110IbnSirin.MuntakhabKalamFiTafsirAhlam.JK006856-ara2"",""openiti_dv_0110IbnSirin.MuntakhabKalamFiTafsirAhlam.ShamAY0034790-ara1"",""openiti_dv_0110IbnSirin.MuntakhabKalamFiTafsirAhlam.Shamela0021615-ara1"",""openiti_dv_0110IbnSirin.MuntakhabKalamFiTafsirAhlam.Shia004640Vols-ara1""]",Same OpenITI work URI; retain versions separately.
dup_openiti_work_0110JarirShacir.Diwan,openiti_work_0110JarirShacir.Diwan,3,"[""openiti_dv_0110JarirShacir.Diwan.JK007549-ara1"",""openiti_dv_0110JarirShacir.Diwan.Sham19Y0133412-ara1"",""openiti_dv_0110JarirShacir.Diwan.ShamAY0037926-ara1""]",Same OpenITI work URI; retain versions separately.
dup_openiti_work_0117DhuRumma.Diwan,openiti_work_0117DhuRumma.Diwan,2,"[""openiti_dv_0117DhuRumma.Diwan.JK007551-ara1"",""openiti_dv_0117DhuRumma.Diwan.ShamAY0037932-ara1""]",Same OpenITI work URI; retain versions separately.
dup_openiti_work_0117IbnDicamaSadusi.NasikhWaMansukh,openiti_work_0117IbnDicamaSadusi.NasikhWaMansukh,3,"[""openiti_dv_0117IbnDicamaSadusi.NasikhWaMansukh.JK000163-ara1"",""openiti_dv_0117IbnDicamaSadusi.NasikhWaMansukh.Shamela0008491-ara1"",""openiti_dv_0117IbnDicamaSadusi.NasikhWaMansukh.Shia002458-ara1""]",Same OpenITI work URI; retain versions separately.
dup_openiti_work_0122ZaydIbnCali.MansikHajj,openiti_work_0122ZaydIbnCali.MansikHajj,2,"[""openiti_dv_0122ZaydIbnCali.MansikHajj.Zaydiyya0000065-ara1"",""openiti_dv_0122ZaydIbnCali.MansikHajj.Zaydiyya0000269-ara1""]",Same OpenITI work URI; retain versions separately.
dup_openiti_work_0122ZaydIbnCali.Musnad,openiti_work_0122ZaydIbnCali.Musnad,3,"[""openiti_dv_0122ZaydIbnCali.Musnad.Shia000811-ara1"",""openiti_dv_0122ZaydIbnCali.Musnad.Zaydiyya0000052-ara1"",""openiti_dv_0122ZaydIbnCali.Musnad.Zaydiyya0000056-ara2""]",Same OpenITI work URI; retain versions separately.
dup_openiti_work_0122ZaydIbnCali.TafsirGharibQuran,openiti_work_0122ZaydIbnCali.TafsirGharibQuran,2,"[""openiti_dv_0122ZaydIbnCali.TafsirGharibQuran.Tafsir05089-ara1"",""openiti_dv_0122ZaydIbnCali.TafsirGharibQuran.Zaydiyya0000297-ara1""]",Same OpenITI work URI; retain versions separately.
dup_openiti_work_0124IbnShihabZuhri.TanzilQuran,openiti_work_0124IbnShihabZuhri.TanzilQuran,3,"[""openiti_dv_0124IbnShihabZuhri.TanzilQuran.JK000872-ara2"",""openiti_dv_0124IbnShihabZuhri.TanzilQuran.ShamAY0034089-ara1"",""openiti_dv_0124IbnShihabZuhri.TanzilQuran.Shamela0026887-ara1""]",Same OpenITI work URI; retain versions separately.
dup_openiti_work_0125NabighaShaybani.Diwan,openiti_work_0125NabighaShaybani.Diwan,2,"[""openiti_dv_0125NabighaShaybani.Diwan.JK007548-ara1"",""openiti_dv_0125NabighaShaybani.Diwan.ShamAY0037897-ara1""]",Same OpenITI work URI; retain versions separately.
dup_openiti_work_0125Tirimmah.Diwan,openiti_work_0125Tirimmah.Diwan,2,"[""openiti_dv_0125Tirimmah.Diwan.JK007546-ara1"",""openiti_dv_0125Tirimmah.Diwan.ShamAY0037894-ara1""]",Same OpenITI work URI; retain versions separately.
dup_openiti_work_0130CurwaIbnUdhayna.Diwan,openiti_work_0130CurwaIbnUdhayna.Diwan,2,"[""openiti_dv_0130CurwaIbnUdhayna.Diwan.JK007554-ara1"",""openiti_dv_0130CurwaIbnUdhayna.Diwan.ShamAY0037958-ara1""]",Same OpenITI work URI; retain versions separately.
dup_openiti_work_0130IbnBashirKhariji.Diwan,openiti_work_0130IbnBashirKhariji.Diwan,2,"[""openiti_dv_0130IbnBashirKhariji.Diwan.JK007627-ara1"",""openiti_dv_0130IbnBashirKhariji.Diwan.ShamAY0037855-ara1""]",Same OpenITI work URI; retain versions separately.
dup_openiti_work_0132HammamIbnMunabbih.Sahifa,openiti_work_0132HammamIbnMunabbih.Sahifa,3,"[""openiti_dv_0132HammamIbnMunabbih.Sahifa.JK000489-ara1"",""openiti_dv_0132HammamIbnMunabbih.Sahifa.Shamela0007776-ara1"",""openiti_dv_0132HammamIbnMunabbih.Sahifa.Shia001878-ara2""]",Same OpenITI work URI; retain versions separately.
dup_openiti_work_0139IbnMuqaffac.AdabKabir,openiti_work_0139IbnMuqaffac.AdabKabir,2,"[""openiti_dv_0139IbnMuqaffac.AdabKabir.JK009203-ara1"",""openiti_dv_0139IbnMuqaffac.AdabKabir.Shamela0007528BK2-ara2""]",Same OpenITI work URI; retain versions separately.
dup_openiti_work_0139IbnMuqaffac.KalilaWaDimna,openiti_work_0139IbnMuqaffac.KalilaWaDimna,2,"[""openiti_dv_0139IbnMuqaffac.KalilaWaDimna.LAL2022011101-ara2"",""openiti_dv_0139IbnMuqaffac.KalilaWaDimna.Shamela0026537-ara1""]",Same OpenITI work URI; retain versions separately.
dup_openiti_work_0145MufaddalIbnCumarJucfi.Tawhid,openiti_work_0145MufaddalIbnCumarJucfi.Tawhid,4,"[""openiti_dv_0145MufaddalIbnCumarJucfi.Tawhid.Masaha004555-ara1"",""openiti_dv_0145MufaddalIbnCumarJucfi.Tawhid.Rafed0000725-ara1"",""openiti_dv_0145MufaddalIbnCumarJucfi.Tawhid.Shia001267-ara1"",""openiti_dv_0145MufaddalIbnCumarJucfi.Tawhid.Zaydiyya0000117-ara1""]",Same OpenITI work URI; retain versions separately.
dup_openiti_work_0150AbuHanifa.FiqhAbsat,openiti_work_0150AbuHanifa.FiqhAbsat,2,"[""openiti_dv_0150AbuHanifa.FiqhAbsat.JK006837-ara1"",""openiti_dv_0150AbuHanifa.FiqhAbsat.Shamela0006387-ara1""]",Same OpenITI work URI; retain versions separately.
dup_openiti_work_0150AbuHanifa.FiqhAkbar,openiti_work_0150AbuHanifa.FiqhAkbar,2,"[""openiti_dv_0150AbuHanifa.FiqhAkbar.JK001085-ara1"",""openiti_dv_0150AbuHanifa.FiqhAkbar.Shamela0006388-ara1""]",Same OpenITI work URI; retain versions separately.
dup_openiti_work_0150IbnJurayj.Juz,openiti_work_0150IbnJurayj.Juz,2,"[""openiti_dv_0150IbnJurayj.Juz.JK011476-ara1"",""openiti_dv_0150IbnJurayj.Juz.ShamAY0033605-ara1""]",Same OpenITI work URI; retain versions separately.
dup_openiti_work_0150MuqatilIbnSulayman.TafsirMuqatil,openiti_work_0150MuqatilIbnSulayman.TafsirMuqatil,5,"[""openiti_dv_0150MuqatilIbnSulayman.TafsirMuqatil.JK007096-ara1"",""openiti_dv_0150MuqatilIbnSulayman.TafsirMuqatil.ShamAY0034072-ara1"",""openiti_dv_0150MuqatilIbnSulayman.TafsirMuqatil.Shamela0023614-ara2"",""openiti_dv_0150MuqatilIbnSulayman.TafsirMuqatil.Shia002459Vols-ara1"",""openiti_dv_0150MuqatilIbnSulayman.TafsirMuqatil.Tafsir02067-ara1""]",Same OpenITI work URI; retain versions separately.
dup_openiti_work_0150SalihIbnJinahLakhmi.AdabMurua,openiti_work_0150SalihIbnJinahLakhmi.AdabMurua,2,"[""openiti_dv_0150SalihIbnJinahLakhmi.AdabMurua.Sham19Y0017869-ara1"",""openiti_dv_0150SalihIbnJinahLakhmi.AdabMurua.ShamAY0038879-ara1""]",Same OpenITI work URI; retain versions separately.
dup_openiti_work_0151IbnIshaq.Sira,openiti_work_0151IbnIshaq.Sira,4,"[""openiti_dv_0151IbnIshaq.Sira.JK001038-ara1"",""openiti_dv_0151IbnIshaq.Sira.Masaha002221-ara1"",""openiti_dv_0151IbnIshaq.Sira.Shamela0009862-ara2"",""openiti_dv_0151IbnIshaq.Sira.Shia003660Vols-ara1""]",Same OpenITI work URI; retain versions separately.
dup_openiti_work_0151MacmarIbnRashid.Jamic,openiti_work_0151MacmarIbnRashid.Jamic,2,"[""openiti_dv_0151MacmarIbnRashid.Jamic.JK000746-ara1"",""openiti_dv_0151MacmarIbnRashid.Jamic.Shamela0005610-ara1""]",Same OpenITI work URI; retain versions separately.
dup_openiti_work_0156IbnAbiCuruba.Manasik,openiti_work_0156IbnAbiCuruba.Manasik,2,"[""openiti_dv_0156IbnAbiCuruba.Manasik.JK011437-ara1"",""openiti_dv_0156IbnAbiCuruba.Manasik.Shamela0009811-ara1""]",Same OpenITI work URI; retain versions separately.
dup_openiti_work_0161SufyanThawri.Faraid,openiti_work_0161SufyanThawri.Faraid,2,"[""openiti_dv_0161SufyanThawri.Faraid.Shamela0026488-ara1"",""openiti_dv_0161SufyanThawri.Faraid.Shia001879-ara1""]",Same OpenITI work URI; retain versions separately.
dup_openiti_work_0161SufyanThawri.Tafsir,openiti_work_0161SufyanThawri.Tafsir,4,"[""openiti_dv_0161SufyanThawri.Tafsir.JK000457-ara1"",""openiti_dv_0161SufyanThawri.Tafsir.Shamela0002229-ara1"",""openiti_dv_0161SufyanThawri.Tafsir.Shia002462-ara1"",""openiti_dv_0161SufyanThawri.Tafsir.Tafsir02099-ara1""]",Same OpenITI work URI; retain versions separately.
dup_openiti_work_0167BashsharIbnBurdShacir.Diwan,openiti_work_0167BashsharIbnBurdShacir.Diwan,2,"[""openiti_dv_0167BashsharIbnBurdShacir.Diwan.JK007613-ara1"",""openiti_dv_0167BashsharIbnBurdShacir.Diwan.ShamAY0037930-ara1""]",Same OpenITI work URI; retain versions separately.
dup_openiti_work_0168IbnTahman.Mashyakha,openiti_work_0168IbnTahman.Mashyakha,2,"[""openiti_dv_0168IbnTahman.Mashyakha.JK000625-ara1"",""openiti_dv_0168IbnTahman.Mashyakha.Shamela0024831-ara1""]",Same OpenITI work URI; retain versions separately.
dup_openiti_work_0168MufaddalDabbi.AmthalCarab,openiti_work_0168MufaddalDabbi.AmthalCarab,3,"[""openiti_dv_0168MufaddalDabbi.AmthalCarab.JK011034-ara1"",""openiti_dv_0168MufaddalDabbi.AmthalCarab.Shamela0001034-ara1"",""openiti_dv_0168MufaddalDabbi.AmthalCarab.Shamela0009081-ara2""]",Same OpenITI work URI; retain versions separately.
dup_openiti_work_0168MufaddalDabbi.Mufaddaliyyat,openiti_work_0168MufaddalDabbi.Mufaddaliyyat,2,"[""openiti_dv_0168MufaddalDabbi.Mufaddaliyyat.JK006911-ara1"",""openiti_dv_0168MufaddalDabbi.Mufaddaliyyat.Shamela0006904-ara1""]",Same OpenITI work URI; retain versions separately.
dup_openiti_work_0170AbuZaydQurashi.JamharatAshcarCarab,openiti_work_0170AbuZaydQurashi.JamharatAshcarCarab,2,"[""openiti_dv_0170AbuZaydQurashi.JamharatAshcarCarab.JK006912-ara1"",""openiti_dv_0170AbuZaydQurashi.JamharatAshcarCarab.Shamela0001487-ara1""]",Same OpenITI work URI; retain versions separately.
dup_openiti_work_0170KhalilFarahidi.Cayn,openiti_work_0170KhalilFarahidi.Cayn,4,"[""openiti_dv_0170KhalilFarahidi.Cayn.JK000930-ara1"",""openiti_dv_0170KhalilFarahidi.Cayn.ShamIbadiyya0000225-ara1"",""openiti_dv_0170KhalilFarahidi.Cayn.Shamela0001682-ara1"",""openiti_dv_0170KhalilFarahidi.Cayn.Shia003887Vols-ara1""]",Same OpenITI work URI; retain versions separately.
dup_openiti_work_0170KhalilFarahidi.JumalFiNahw,openiti_work_0170KhalilFarahidi.JumalFiNahw,3,"[""openiti_dv_0170KhalilFarahidi.JumalFiNahw.JK001109-ara1"",""openiti_dv_0170KhalilFarahidi.JumalFiNahw.ShamAY0034704-ara1"",""openiti_dv_0170KhalilFarahidi.JumalFiNahw.Shamela0006961-ara1""]",Same OpenITI work URI; retain versions separately.
dup_openiti_work_0175LaythIbnSacd.Cawali,openiti_work_0175LaythIbnSacd.Cawali,2,"[""openiti_dv_0175LaythIbnSacd.Cawali.JK000492-ara1"",""openiti_dv_0175LaythIbnSacd.Cawali.Shamela0005676-ara1""]",Same OpenITI work URI; retain versions separately.
dup_openiti_work_0175LaythIbnSacd.MajlisMinFawaid,openiti_work_0175LaythIbnSacd.MajlisMinFawaid,2,"[""openiti_dv_0175LaythIbnSacd.MajlisMinFawaid.JK000863-ara1"",""openiti_dv_0175LaythIbnSacd.MajlisMinFawaid.Shamela0009812-ara1""]",Same OpenITI work URI; retain versions separately.
dup_openiti_work_0179MalikIbnAnas.Muwatta,openiti_work_0179MalikIbnAnas.Muwatta,10,"[""openiti_dv_0179MalikIbnAnas.Muwatta.JK000466-ara1"",""openiti_dv_0179MalikIbnAnas.Muwatta.ShamAY0033921-ara1"",""openiti_dv_0179MalikIbnAnas.Muwatta.ShamAY0033922-ara1"",""openiti_dv_0179MalikIbnAnas.Muwatta.ShamAY0033923-ara1"",""openiti_dv_0179MalikIbnAnas.Muwatta.ShamAY0033991-ara1"",""openiti_dv_0179MalikIbnAnas.Muwatta.Shamela0001699-ara1"",""openiti_dv_0179MalikIbnAnas.Muwatta.Shamela0008140-ara1"",""openiti_dv_0179MalikIbnAnas.Muwatta.Shamela0016050-ara1"",""openiti_dv_0179MalikIbnAnas.Muwatta.Shamela0028107-ara1"",""openiti_dv_0179MalikIbnAnas.Muwatta.Shia000901Vols-ara1""]",Same OpenITI work URI; retain versions separately.
dup_openiti_work_0180AbuShamaqmaq.Diwan,openiti_work_0180AbuShamaqmaq.Diwan,2,"[""openiti_dv_0180AbuShamaqmaq.Diwan.JK007542-ara1"",""openiti_dv_0180AbuShamaqmaq.Diwan.ShamAY0037964-ara1""]",Same OpenITI work URI; retain versions separately.
dup_openiti_work_0180IbnJacfarAnsari.HadithIsmacil,openiti_work_0180IbnJacfarAnsari.HadithIsmacil,2,"[""openiti_dv_0180IbnJacfarAnsari.HadithIsmacil.JK011499-ara1"",""openiti_dv_0180IbnJacfarAnsari.HadithIsmacil.Shamela0021544-ara1""]",Same OpenITI work URI; retain versions separately.
dup_openiti_work_0180Sibawayhi.KitabSibawayhi,openiti_work_0180Sibawayhi.KitabSibawayhi,2,"[""openiti_dv_0180Sibawayhi.KitabSibawayhi.JK006989-ara1"",""openiti_dv_0180Sibawayhi.KitabSibawayhi.Shamela0023018-ara1""]",Same OpenITI work URI; retain versions separately.
dup_openiti_work_0181IbnMubarak.Diwan,openiti_work_0181IbnMubarak.Diwan,3,"[""openiti_dv_0181IbnMubarak.Diwan.JK007552-ara1"",""openiti_dv_0181IbnMubarak.Diwan.ShamAY0037918-ara1"",""openiti_dv_0181IbnMubarak.Diwan.ShamAY0037919-ara1""]",Same OpenITI work URI; retain versions separately.
dup_openiti_work_0181IbnMubarak.Jihad,openiti_work_0181IbnMubarak.Jihad,5,"[""openiti_dv_0181IbnMubarak.Jihad.JK000549-ara1"",""openiti_dv_0181IbnMubarak.Jihad.ShamAY0033534-ara1"",""openiti_dv_0181IbnMubarak.Jihad.ShamAY0033661-ara1"",""openiti_dv_0181IbnMubarak.Jihad.Shamela0003610-ara1"",""openiti_dv_0181IbnMubarak.Jihad.Shia001880-ara1""]",Same OpenITI work URI; retain versions separately.
dup_openiti_work_0181IbnMubarak.Musnad,openiti_work_0181IbnMubarak.Musnad,3,"[""openiti_dv_0181IbnMubarak.Musnad.JK000568-ara1"",""openiti_dv_0181IbnMubarak.Musnad.Shamela0023101-ara1"",""openiti_dv_0181IbnMubarak.Musnad.Shia001881-ara1""]",Same OpenITI work URI; retain versions separately.
dup_openiti_work_0181IbnMubarak.Zuhd,openiti_work_0181IbnMubarak.Zuhd,3,"[""openiti_dv_0181IbnMubarak.Zuhd.JK000055-ara1"",""openiti_dv_0181IbnMubarak.Zuhd.JK006954-ara1"",""openiti_dv_0181IbnMubarak.Zuhd.Shamela0013028-ara1""]",Same OpenITI work URI; retain versions separately.
dup_openiti_work_0182AbuYusufYacqub.Athar,openiti_work_0182AbuYusufYacqub.Athar,2,"[""openiti_dv_0182AbuYusufYacqub.Athar.JK000681-ara1"",""openiti_dv_0182AbuYusufYacqub.Athar.Shamela0012987-ara1""]",Same OpenITI work URI; retain versions separately.
dup_openiti_work_0182AbuYusufYacqub.Kharaj,openiti_work_0182AbuYusufYacqub.Kharaj,2,"[""openiti_dv_0182AbuYusufYacqub.Kharaj.ShamAY0034334-ara1"",""openiti_dv_0182AbuYusufYacqub.Kharaj.Shamela0026333-ara1""]",Same OpenITI work URI; retain versions separately.
dup_openiti_work_0182AbuYusufYacqub.RaddCalaSiyarAwzaci,openiti_work_0182AbuYusufYacqub.RaddCalaSiyarAwzaci,2,"[""openiti_dv_0182AbuYusufYacqub.RaddCalaSiyarAwzaci.JK000389-ara1"",""openiti_dv_0182AbuYusufYacqub.RaddCalaSiyarAwzaci.Shamela0007225-ara1""]",Same OpenITI work URI; retain versions separately.
dup_openiti_work_0182MarwanIbnAbiHafsa.Diwan,openiti_work_0182MarwanIbnAbiHafsa.Diwan,2,"[""openiti_dv_0182MarwanIbnAbiHafsa.Diwan.JK007561-ara1"",""openiti_dv_0182MarwanIbnAbiHafsa.Diwan.ShamAY0037859-ara1""]",Same OpenITI work URI; retain versions separately.
dup_openiti_work_0189MuhammadShaybani.Asl,openiti_work_0189MuhammadShaybani.Asl,3,"[""openiti_dv_0189MuhammadShaybani.Asl.JK000267-ara2"",""openiti_dv_0189MuhammadShaybani.Asl.Sham19Y0014285-ara1"",""openiti_dv_0189MuhammadShaybani.Asl.Shamela0006164-ara2""]",Same OpenITI work URI; retain versions separately.
dup_openiti_work_0189MuhammadShaybani.Athar,openiti_work_0189MuhammadShaybani.Athar,2,"[""openiti_dv_0189MuhammadShaybani.Athar.JK011277-ara1"",""openiti_dv_0189MuhammadShaybani.Athar.Shamela0001332-ara1""]",Same OpenITI work URI; retain versions separately.
dup_openiti_work_0189MuhammadShaybani.HujjaCalaAhlMadina,openiti_work_0189MuhammadShaybani.HujjaCalaAhlMadina,2,"[""openiti_dv_0189MuhammadShaybani.HujjaCalaAhlMadina.JK000798-ara1"",""openiti_dv_0189MuhammadShaybani.HujjaCalaAhlMadina.Shamela0006161-ara1""]",Same OpenITI work URI; retain versions separately.
dup_openiti_work_0189MuhammadShaybani.JamicSaghir,openiti_work_0189MuhammadShaybani.JamicSaghir,2,"[""openiti_dv_0189MuhammadShaybani.JamicSaghir.JK000433-ara1"",""openiti_dv_0189MuhammadShaybani.JamicSaghir.Shamela0006160-ara1""]",Same OpenITI work URI; retain versions separately.
dup_openiti_work_0189MuhammadShaybani.Kasb,openiti_work_0189MuhammadShaybani.Kasb,2,"[""openiti_dv_0189MuhammadShaybani.Kasb.JK000626-ara1"",""openiti_dv_0189MuhammadShaybani.Kasb.Shamela0006163-ara1""]",Same OpenITI work URI; retain versions separately.
dup_openiti_work_0189MuhammadShaybani.Siyar,openiti_work_0189MuhammadShaybani.Siyar,2,"[""openiti_dv_0189MuhammadShaybani.Siyar.JK000197-ara1"",""openiti_dv_0189MuhammadShaybani.Siyar.Shamela0007231-ara1""]",Same OpenITI work URI; retain versions separately.
dup_openiti_work_0192IbnAhnaf.Diwan,openiti_work_0192IbnAhnaf.Diwan,2,"[""openiti_dv_0192IbnAhnaf.Diwan.JK007582-ara1"",""openiti_dv_0192IbnAhnaf.Diwan.ShamAY0037818-ara1""]",Same OpenITI work URI; retain versions separately.
dup_openiti_work_0195IbnFudaylDabbi.Duca,openiti_work_0195IbnFudaylDabbi.Duca,2,"[""openiti_dv_0195IbnFudaylDabbi.Duca.JK001416-ara1"",""openiti_dv_0195IbnFudaylDabbi.Duca.Shamela0023102-ara1""]",Same OpenITI work URI; retain versions separately.
dup_openiti_work_0195MuarrijSadusi.Amthal,openiti_work_0195MuarrijSadusi.Amthal,2,"[""openiti_dv_0195MuarrijSadusi.Amthal.JK010673-ara1"",""openiti_dv_0195MuarrijSadusi.Amthal.Shamela0000673-ara1""]",Same OpenITI work URI; retain versions separately.
dup_openiti_work_0195MuarrijSadusi.HadhfMinNasabQuraysh,openiti_work_0195MuarrijSadusi.HadhfMinNasabQuraysh,2,"[""openiti_dv_0195MuarrijSadusi.HadhfMinNasabQuraysh.JK010496-ara1"",""openiti_dv_0195MuarrijSadusi.HadhfMinNasabQuraysh.Shamela0000496-ara1""]",Same OpenITI work URI; retain versions separately.
dup_openiti_work_0197IbnWahbQurashi.JamicFiHadith,openiti_work_0197IbnWahbQurashi.JamicFiHadith,2,"[""openiti_dv_0197IbnWahbQurashi.JamicFiHadith.JK007007-ara1"",""openiti_dv_0197IbnWahbQurashi.JamicFiHadith.Shamela0001380-ara1""]",Same OpenITI work URI; retain versions separately.
dup_openiti_work_0197IbnWahbQurashi.Qadar,openiti_work_0197IbnWahbQurashi.Qadar,2,"[""openiti_dv_0197IbnWahbQurashi.Qadar.JK000316-ara1"",""openiti_dv_0197IbnWahbQurashi.Qadar.Shamela0005604-ara1""]",Same OpenITI work URI; retain versions separately.
dup_openiti_work_0197WakicIbnJarrah.NuskhatWakic,openiti_work_0197WakicIbnJarrah.NuskhatWakic,3,"[""openiti_dv_0197WakicIbnJarrah.NuskhatWakic.JK000613-ara1"",""openiti_dv_0197WakicIbnJarrah.NuskhatWakic.Shamela0023118-ara1"",""openiti_dv_0197WakicIbnJarrah.NuskhatWakic.Shia001882-ara1""]",Same OpenITI work URI; retain versions separately.
dup_openiti_work_0197WakicIbnJarrah.Zuhd,openiti_work_0197WakicIbnJarrah.Zuhd,2,"[""openiti_dv_0197WakicIbnJarrah.Zuhd.JK011365-ara1"",""openiti_dv_0197WakicIbnJarrah.Zuhd.Shamela0021545-ara1""]",Same OpenITI work URI; retain versions separately.
dup_openiti_work_0198AbuNuwasShacir.Diwan,openiti_work_0198AbuNuwasShacir.Diwan,4,"[""openiti_dv_0198AbuNuwasShacir.Diwan.JK007586-ara1"",""openiti_dv_0198AbuNuwasShacir.Diwan.JK007604-ara1"",""openiti_dv_0198AbuNuwasShacir.Diwan.ShamAY0037825-ara1"",""openiti_dv_0198AbuNuwasShacir.Diwan.ShamAY0037852-ara1""]",Same OpenITI work URI; retain versions separately.
dup_openiti_work_0198RabicaRaqqi.Diwan,openiti_work_0198RabicaRaqqi.Diwan,2,"[""openiti_dv_0198RabicaRaqqi.Diwan.JK007617-ara1"",""openiti_dv_0198RabicaRaqqi.Diwan.ShamAY0037920-ara1""]",Same OpenITI work URI; retain versions separately.
dup_openiti_work_0198SufyanIbnCuyayna.JuzFihiHadith,openiti_work_0198SufyanIbnCuyayna.JuzFihiHadith,2,"[""openiti_dv_0198SufyanIbnCuyayna.JuzFihiHadith.JK000578-ara1"",""openiti_dv_0198SufyanIbnCuyayna.JuzFihiHadith.ShamAY0032777-ara1""]",Same OpenITI work URI; retain versions separately.
dup_openiti_work_0198SufyanIbnCuyayna.JuzHadith,openiti_work_0198SufyanIbnCuyayna.JuzHadith,4,"[""openiti_dv_0198SufyanIbnCuyayna.JuzHadith.ShamAY0033618-ara1"",""openiti_dv_0198SufyanIbnCuyayna.JuzHadith.ShamAY0033714-ara1"",""openiti_dv_0198SufyanIbnCuyayna.JuzHadith.Shamela0026337-ara1"",""openiti_dv_0198SufyanIbnCuyayna.JuzHadith.Shia001883-ara1""]",Same OpenITI work URI; retain versions separately.
dup_openiti_work_0200AbuShis.Diwan,openiti_work_0200AbuShis.Diwan,2,"[""openiti_dv_0200AbuShis.Diwan.JK007578-ara1"",""openiti_dv_0200AbuShis.Diwan.ShamAY0037814-ara1""]",Same OpenITI work URI; retain versions separately.
dup_openiti_work_0200IbnJacfarSadiq.Masail,openiti_work_0200IbnJacfarSadiq.Masail,2,"[""openiti_dv_0200IbnJacfarSadiq.Masail.Shia001114-ara1"",""openiti_dv_0200IbnJacfarSadiq.Masail.Zaydiyya0000221-ara1""]",Same OpenITI work URI; retain versions separately.
dup_openiti_work_0200SayfIbnCumar.Fitna,openiti_work_0200SayfIbnCumar.Fitna,4,"[""openiti_dv_0200SayfIbnCumar.Fitna.JK000397-ara1"",""openiti_dv_0200SayfIbnCumar.Fitna.Shamela0007536-ara1"",""openiti_dv_0200SayfIbnCumar.Fitna.Shia001884-ara1"",""openiti_dv_0200SayfIbnCumar.Fitna.Zaydiyya0000155-ara1""]",Same OpenITI work URI; retain versions separately.
dup_openiti_work_0203CaliRida.Sahifa,openiti_work_0203CaliRida.Sahifa,3,"[""openiti_dv_0203CaliRida.Sahifa.Masaha001003-ara1"",""openiti_dv_0203CaliRida.Sahifa.Zaydiyya0000121-ara1"",""openiti_dv_0203CaliRida.Sahifa.Zaydiyya0000158-ara1""]",Same OpenITI work URI; retain versions separately.
dup_openiti_work_0203YahyaIbnAdam.Kharaj,openiti_work_0203YahyaIbnAdam.Kharaj,2,"[""openiti_dv_0203YahyaIbnAdam.Kharaj.JK000258-ara1"",""openiti_dv_0203YahyaIbnAdam.Kharaj.Shamela0026647-ara1""]",Same OpenITI work URI; retain versions separately.
dup_openiti_work_0204AbuDawudTayalisi.Musnad,openiti_work_0204AbuDawudTayalisi.Musnad,4,"[""openiti_dv_0204AbuDawudTayalisi.Musnad.JK000470-ara1"",""openiti_dv_0204AbuDawudTayalisi.Musnad.ShamAY0033930-ara1"",""openiti_dv_0204AbuDawudTayalisi.Musnad.Shamela0001456-ara1"",""openiti_dv_0204AbuDawudTayalisi.Musnad.Shia001885-ara1""]",Same OpenITI work URI; retain versions separately.
dup_openiti_work_0204IbnKalbi.Asnam,openiti_work_0204IbnKalbi.Asnam,2,"[""openiti_dv_0204IbnKalbi.Asnam.JK007059-ara1"",""openiti_dv_0204IbnKalbi.Asnam.Shamela0006513-ara1""]",Same OpenITI work URI; retain versions separately.
dup_openiti_work_0204IbnKalbi.JamharatAnsab,openiti_work_0204IbnKalbi.JamharatAnsab,2,"[""openiti_dv_0204IbnKalbi.JamharatAnsab.JK010504-ara1"",""openiti_dv_0204IbnKalbi.JamharatAnsab.Shamela0000504-ara1""]",Same OpenITI work URI; retain versions separately.
dup_openiti_work_0204IbnKalbi.NasabKhayl,openiti_work_0204IbnKalbi.NasabKhayl,3,"[""openiti_dv_0204IbnKalbi.NasabKhayl.JK010576-ara1"",""openiti_dv_0204IbnKalbi.NasabKhayl.ShamAY0033800-ara1"",""openiti_dv_0204IbnKalbi.NasabKhayl.Shamela0009249-ara1""]",Same OpenITI work URI; retain versions separately.
dup_openiti_work_0204IbnKalbi.NasabMacad,openiti_work_0204IbnKalbi.NasabMacad,2,"[""openiti_dv_0204IbnKalbi.NasabMacad.JK010486-ara1"",""openiti_dv_0204IbnKalbi.NasabMacad.Shamela0028172-ara1""]",Same OpenITI work URI; retain versions separately.
dup_openiti_work_0204Shafici.AhkamQuran,openiti_work_0204Shafici.AhkamQuran,2,"[""openiti_dv_0204Shafici.AhkamQuran.JK000439-ara1"",""openiti_dv_0204Shafici.AhkamQuran.Shia002463Vols-ara1""]",Same OpenITI work URI; retain versions separately.
dup_openiti_work_0204Shafici.Diwan,openiti_work_0204Shafici.Diwan,3,"[""openiti_dv_0204Shafici.Diwan.JK007599-ara1"",""openiti_dv_0204Shafici.Diwan.ShamAY0037916-ara1"",""openiti_dv_0204Shafici.Diwan.ShamAY0037917-ara1""]",Same OpenITI work URI; retain versions separately.
dup_openiti_work_0204Shafici.IkhtilafHadith,openiti_work_0204Shafici.IkhtilafHadith,4,"[""openiti_dv_0204Shafici.IkhtilafHadith.JK000560-ara1"",""openiti_dv_0204Shafici.IkhtilafHadith.ShamAY0034043-ara1"",""openiti_dv_0204Shafici.IkhtilafHadith.Shamela0009348-ara1"",""openiti_dv_0204Shafici.IkhtilafHadith.Shia001705-ara1""]",Same OpenITI work URI; retain versions separately.
dup_openiti_work_0204Shafici.JimacCilm,openiti_work_0204Shafici.JimacCilm,3,"[""openiti_dv_0204Shafici.JimacCilm.JK000249-ara1"",""openiti_dv_0204Shafici.JimacCilm.ShamAY0033951-ara1"",""openiti_dv_0204Shafici.JimacCilm.Shamela0003197-ara1""]",Same OpenITI work URI; retain versions separately.
dup_openiti_work_0204Shafici.Musnad,openiti_work_0204Shafici.Musnad,5,"[""openiti_dv_0204Shafici.Musnad.JK000494-ara1"",""openiti_dv_0204Shafici.Musnad.Shamela0009344-ara1"",""openiti_dv_0204Shafici.Musnad.Shamela0009615-ara1"",""openiti_dv_0204Shafici.Musnad.Shamela0021495-ara1"",""openiti_dv_0204Shafici.Musnad.Shia001706-ara1""]",Same OpenITI work URI; retain versions separately.
dup_openiti_work_0204Shafici.Risala,openiti_work_0204Shafici.Risala,5,"[""openiti_dv_0204Shafici.Risala.JK000143-ara1"",""openiti_dv_0204Shafici.Risala.LAL2013020402-ara2"",""openiti_dv_0204Shafici.Risala.ShamAY0034203-ara1"",""openiti_dv_0204Shafici.Risala.Shamela0008180-ara1"",""openiti_dv_0204Shafici.Risala.Shia000819-ara1""]",Same OpenITI work URI; retain versions separately.
dup_openiti_work_0204Shafici.TafsirShafici,openiti_work_0204Shafici.TafsirShafici,2,"[""openiti_dv_0204Shafici.TafsirShafici.ShamAY0034050-ara1"",""openiti_dv_0204Shafici.TafsirShafici.Shamela0009182-ara1""]",Same OpenITI work URI; retain versions separately.
dup_openiti_work_0204Shafici.Umm,openiti_work_0204Shafici.Umm,4,"[""openiti_dv_0204Shafici.Umm.JK000147-ara1"",""openiti_dv_0204Shafici.Umm.ShamAY0034255-ara1"",""openiti_dv_0204Shafici.Umm.Shamela0001655-ara1"",""openiti_dv_0204Shafici.Umm.Shia000820Vols-ara1""]",Same OpenITI work URI; retain versions separately.
dup_openiti_work_0206AbuCamrShaybani.Jim,openiti_work_0206AbuCamrShaybani.Jim,2,"[""openiti_dv_0206AbuCamrShaybani.Jim.JK010107-ara1"",""openiti_dv_0206AbuCamrShaybani.Jim.Shamela0007302-ara1""]",Same OpenITI work URI; retain versions separately.
dup_openiti_work_0206AbuMuhammadQutrub.Azmina,openiti_work_0206AbuMuhammadQutrub.Azmina,2,"[""openiti_dv_0206AbuMuhammadQutrub.Azmina.JK006956-ara1"",""openiti_dv_0206AbuMuhammadQutrub.Azmina.Shamela0007048-ara1""]",Same OpenITI work URI; retain versions separately.
dup_openiti_work_0207Waqidi.FutuhSham,openiti_work_0207Waqidi.FutuhSham,4,"[""openiti_dv_0207Waqidi.FutuhSham.JK000407-ara1"",""openiti_dv_0207Waqidi.FutuhSham.Kraken220414225448-ara1"",""openiti_dv_0207Waqidi.FutuhSham.Shamela0012045-ara1"",""openiti_dv_0207Waqidi.FutuhSham.Shia003455Vols-ara1""]",Same OpenITI work URI; retain versions separately.
dup_openiti_work_0207Waqidi.Maghazi,openiti_work_0207Waqidi.Maghazi,3,"[""openiti_dv_0207Waqidi.Maghazi.JK009232-ara1"",""openiti_dv_0207Waqidi.Maghazi.Masaha003023Vols-ara1"",""openiti_dv_0207Waqidi.Maghazi.Shamela0023680-ara1""]",Same OpenITI work URI; retain versions separately.
dup_openiti_work_0209AbuCaliAshyabBaghdadi.JuzAshyab,openiti_work_0209AbuCaliAshyabBaghdadi.JuzAshyab,3,"[""openiti_dv_0209AbuCaliAshyabBaghdadi.JuzAshyab.JK000490-ara1"",""openiti_dv_0209AbuCaliAshyabBaghdadi.JuzAshyab.Shamela0025783-ara1"",""openiti_dv_0209AbuCaliAshyabBaghdadi.JuzAshyab.Shia001886-ara1""]",Same OpenITI work URI; retain versions separately.
dup_openiti_work_0209AbuCubayda.Dibaj,openiti_work_0209AbuCubayda.Dibaj,2,"[""openiti_dv_0209AbuCubayda.Dibaj.JK010636-ara1"",""openiti_dv_0209AbuCubayda.Dibaj.Shamela0000636-ara1""]",Same OpenITI work URI; retain versions separately.
dup_openiti_work_0209AbuCubayda.Khayl,openiti_work_0209AbuCubayda.Khayl,2,"[""openiti_dv_0209AbuCubayda.Khayl.JK010790-ara1"",""openiti_dv_0209AbuCubayda.Khayl.Shamela0000790-ara1""]",Same OpenITI work URI; retain versions separately.
dup_openiti_work_0209AbuCubayda.MajazQuran,openiti_work_0209AbuCubayda.MajazQuran,2,"[""openiti_dv_0209AbuCubayda.MajazQuran.JK010146-ara1"",""openiti_dv_0209AbuCubayda.MajazQuran.Shamela0023630-ara1""]",Same OpenITI work URI; retain versions separately.
dup_openiti_work_0210CulayyaBintMahdi.Diwan,openiti_work_0210CulayyaBintMahdi.Diwan,2,"[""openiti_dv_0210CulayyaBintMahdi.Diwan.JK007624-ara1"",""openiti_dv_0210CulayyaBintMahdi.Diwan.ShamAY0037900-ara1""]",Same OpenITI work URI; retain versions separately.
dup_openiti_work_0211AbuCatahiya.Diwan,openiti_work_0211AbuCatahiya.Diwan,2,"[""openiti_dv_0211AbuCatahiya.Diwan.JK007579-ara1"",""openiti_dv_0211AbuCatahiya.Diwan.ShamAY0037815-ara1""]",Same OpenITI work URI; retain versions separately.
dup_openiti_work_0211CabdRazzaqSancani.AmaliFiAthar,openiti_work_0211CabdRazzaqSancani.AmaliFiAthar,2,"[""openiti_dv_0211CabdRazzaqSancani.AmaliFiAthar.JK000687-ara1"",""openiti_dv_0211CabdRazzaqSancani.AmaliFiAthar.Shamela0025782-ara1""]",Same OpenITI work URI; retain versions separately.
dup_openiti_work_0211CabdRazzaqSancani.Musannaf,openiti_work_0211CabdRazzaqSancani.Musannaf,4,"[""openiti_dv_0211CabdRazzaqSancani.Musannaf.JK000785-ara1"",""openiti_dv_0211CabdRazzaqSancani.Musannaf.ShamAY0038048-ara1"",""openiti_dv_0211CabdRazzaqSancani.Musannaf.Shamela0013174-ara1"",""openiti_dv_0211CabdRazzaqSancani.Musannaf.Shia001887Vols-ara1""]",Same OpenITI work URI; retain versions separately.
dup_openiti_work_0211CabdRazzaqSancani.Tafsir,openiti_work_0211CabdRazzaqSancani.Tafsir,4,"[""openiti_dv_0211CabdRazzaqSancani.Tafsir.JK000435-ara1"",""openiti_dv_0211CabdRazzaqSancani.Tafsir.Shamela0021791-ara1"",""openiti_dv_0211CabdRazzaqSancani.Tafsir.Shia002465Vols-ara1"",""openiti_dv_0211CabdRazzaqSancani.Tafsir.Tafsir02101-ara1""]",Same OpenITI work URI; retain versions separately.
dup_openiti_work_0212NasrIbnMuzahim.WaqcatSiffin,openiti_work_0212NasrIbnMuzahim.WaqcatSiffin,4,"[""openiti_dv_0212NasrIbnMuzahim.WaqcatSiffin.JK010937-ara1"",""openiti_dv_0212NasrIbnMuzahim.WaqcatSiffin.Rafed0000401-ara1"",""openiti_dv_0212NasrIbnMuzahim.WaqcatSiffin.ShamAY0033834-ara1"",""openiti_dv_0212NasrIbnMuzahim.WaqcatSiffin.Shia003666-ara1""]",Same OpenITI work URI; retain versions separately.
dup_openiti_work_0213IbnHisham.SiraNabawiyya,openiti_work_0213IbnHisham.SiraNabawiyya,6,"[""openiti_dv_0213IbnHisham.SiraNabawiyya.JK000797-ara1"",""openiti_dv_0213IbnHisham.SiraNabawiyya.Masaha003361Vols-ara1"",""openiti_dv_0213IbnHisham.SiraNabawiyya.ShamAY0034440-ara1"",""openiti_dv_0213IbnHisham.SiraNabawiyya.Shamela0007450-ara1"",""openiti_dv_0213IbnHisham.SiraNabawiyya.Shamela0023833-ara1"",""openiti_dv_0213IbnHisham.SiraNabawiyya.Shia003667Vols-ara1""]",Same OpenITI work URI; retain versions separately.
dup_openiti_work_0213IbnJabalaShacir.Diwan,openiti_work_0213IbnJabalaShacir.Diwan,2,"[""openiti_dv_0213IbnJabalaShacir.Diwan.JK007622-ara1"",""openiti_dv_0213IbnJabalaShacir.Diwan.ShamAY0037898-ara1""]",Same OpenITI work URI; retain versions separately.
dup_openiti_work_0214IbnCabdHakamMisri.SiratCumarIbnCabdCaziz,openiti_work_0214IbnCabdHakamMisri.SiratCumarIbnCabdCaziz,2,"[""openiti_dv_0214IbnCabdHakamMisri.SiratCumarIbnCabdCaziz.JK001206-ara1"",""openiti_dv_0214IbnCabdHakamMisri.SiratCumarIbnCabdCaziz.Shamela0006656-ara1""]",Same OpenITI work URI; retain versions separately.
dup_openiti_work_0215AkhfashAwsat.Qawafi,openiti_work_0215AkhfashAwsat.Qawafi,2,"[""openiti_dv_0215AkhfashAwsat.Qawafi.JK010737-ara1"",""openiti_dv_0215AkhfashAwsat.Qawafi.Shamela0000737-ara1""]",Same OpenITI work URI; retain versions separately.
dup_openiti_work_0215IbnCabdAllahAnsari.HadithAnsari,openiti_work_0215IbnCabdAllahAnsari.HadithAnsari,3,"[""openiti_dv_0215IbnCabdAllahAnsari.HadithAnsari.JK009193-ara1"",""openiti_dv_0215IbnCabdAllahAnsari.HadithAnsari.ShamAY0033686-ara1"",""openiti_dv_0215IbnCabdAllahAnsari.HadithAnsari.Shamela0013110-ara1""]",Same OpenITI work URI; retain versions separately.
dup_openiti_work_0215IbnHazimBahili.Diwan,openiti_work_0215IbnHazimBahili.Diwan,2,"[""openiti_dv_0215IbnHazimBahili.Diwan.JK007628-ara1"",""openiti_dv_0215IbnHazimBahili.Diwan.ShamAY0037856-ara1""]",Same OpenITI work URI; retain versions separately.
dup_openiti_work_0216IbnQuraybAsmaci.Asmaciyyat,openiti_work_0216IbnQuraybAsmaci.Asmaciyyat,2,"[""openiti_dv_0216IbnQuraybAsmaci.Asmaciyyat.JK009199-ara1"",""openiti_dv_0216IbnQuraybAsmaci.Asmaciyyat.Shamela0006905-ara1""]",Same OpenITI work URI; retain versions separately.
dup_openiti_work_0216IbnQuraybAsmaci.FuhulatShucara,openiti_work_0216IbnQuraybAsmaci.FuhulatShucara,2,"[""openiti_dv_0216IbnQuraybAsmaci.FuhulatShucara.ShamAY0034501-ara1"",""openiti_dv_0216IbnQuraybAsmaci.FuhulatShucara.Shamela0001597-ara1""]",Same OpenITI work URI; retain versions separately.
dup_openiti_work_0216IbnQuraybAsmaci.Sha,openiti_work_0216IbnQuraybAsmaci.Sha,2,"[""openiti_dv_0216IbnQuraybAsmaci.Sha.JK009217-ara1"",""openiti_dv_0216IbnQuraybAsmaci.Sha.Shamela0008826-ara1""]",Same OpenITI work URI; retain versions separately.
dup_openiti_work_0218CabdAclaGhassani.Nuskha,openiti_work_0218CabdAclaGhassani.Nuskha,2,"[""openiti_dv_0218CabdAclaGhassani.Nuskha.JK000601-ara1"",""openiti_dv_0218CabdAclaGhassani.Nuskha.Shamela0013185-ara1""]",Same OpenITI work URI; retain versions separately.
dup_openiti_work_0219AbuNucaymIbnDukayn.Salat,openiti_work_0219AbuNucaymIbnDukayn.Salat,2,"[""openiti_dv_0219AbuNucaymIbnDukayn.Salat.JK009197-ara1"",""openiti_dv_0219AbuNucaymIbnDukayn.Salat.Shamela0009644-ara1""]",Same OpenITI work URI; retain versions separately.
dup_openiti_work_0219IbnZubayrHumaydi.Musnad,openiti_work_0219IbnZubayrHumaydi.Musnad,4,"[""openiti_dv_0219IbnZubayrHumaydi.Musnad.JK000473-ara1"",""openiti_dv_0219IbnZubayrHumaydi.Musnad.ShamAY0033965-ara1"",""openiti_dv_0219IbnZubayrHumaydi.Musnad.Shamela0008493-ara1"",""openiti_dv_0219IbnZubayrHumaydi.Musnad.Shia001898Vols-ara1""]",Same OpenITI work URI; retain versions separately.
dup_openiti_work_0220AbuJacfarIskafi.MicyarWaMuwazana,openiti_work_0220AbuJacfarIskafi.MicyarWaMuwazana,2,"[""openiti_dv_0220AbuJacfarIskafi.MicyarWaMuwazana.Masaha002874-ara1"",""openiti_dv_0220AbuJacfarIskafi.MicyarWaMuwazana.Shia001900-ara1""]",Same OpenITI work URI; retain versions separately.
dup_openiti_work_0222IbnBakkarDabi.AkhbarWafidat,openiti_work_0222IbnBakkarDabi.AkhbarWafidat,2,"[""openiti_dv_0222IbnBakkarDabi.AkhbarWafidat.JK001280-ara1"",""openiti_dv_0222IbnBakkarDabi.AkhbarWafidat.Shamela0006717-ara1""]",Same OpenITI work URI; retain versions separately.
dup_openiti_work_0222IbnBakkarDabi.AkhbarWafidin,openiti_work_0222IbnBakkarDabi.AkhbarWafidin,2,"[""openiti_dv_0222IbnBakkarDabi.AkhbarWafidin.JK001281-ara1"",""openiti_dv_0222IbnBakkarDabi.AkhbarWafidin.Shamela0006718-ara1""]",Same OpenITI work URI; retain versions separately.
dup_openiti_work_0224QasimIbnSallam.Amthal,openiti_work_0224QasimIbnSallam.Amthal,2,"[""openiti_dv_0224QasimIbnSallam.Amthal.JK010765-ara1"",""openiti_dv_0224QasimIbnSallam.Amthal.Shamela0000135-ara1""]",Same OpenITI work URI; retain versions separately.
dup_openiti_work_0224QasimIbnSallam.Amwal,openiti_work_0224QasimIbnSallam.Amwal,3,"[""openiti_dv_0224QasimIbnSallam.Amwal.JK006800-ara1"",""openiti_dv_0224QasimIbnSallam.Amwal.ShamAY0034007-ara1"",""openiti_dv_0224QasimIbnSallam.Amwal.Shamela0012999-ara1""]",Same OpenITI work URI; retain versions separately.
dup_openiti_work_0224QasimIbnSallam.FadailQuran,openiti_work_0224QasimIbnSallam.FadailQuran,2,"[""openiti_dv_0224QasimIbnSallam.FadailQuran.JK011565-ara1"",""openiti_dv_0224QasimIbnSallam.FadailQuran.Shamela0012524-ara1""]",Same OpenITI work URI; retain versions separately.
dup_openiti_work_0224QasimIbnSallam.GharibHadith,openiti_work_0224QasimIbnSallam.GharibHadith,4,"[""openiti_dv_0224QasimIbnSallam.GharibHadith.JK000718-ara1"",""openiti_dv_0224QasimIbnSallam.GharibHadith.Sham19Y0032196-ara1"",""openiti_dv_0224QasimIbnSallam.GharibHadith.Shamela0001309-ara1"",""openiti_dv_0224QasimIbnSallam.GharibHadith.Shia003895Vols-ara1""]",Same OpenITI work URI; retain versions separately.
dup_openiti_work_0224QasimIbnSallam.Iman,openiti_work_0224QasimIbnSallam.Iman,3,"[""openiti_dv_0224QasimIbnSallam.Iman.JK010286-ara1"",""openiti_dv_0224QasimIbnSallam.Iman.Shamela0010638-ara1"",""openiti_dv_0224QasimIbnSallam.Iman.Shamela0011316-ara1""]",Same OpenITI work URI; retain versions separately.
dup_openiti_work_0224QasimIbnSallam.NasikhWaMansukh,openiti_work_0224QasimIbnSallam.NasikhWaMansukh,3,"[""openiti_dv_0224QasimIbnSallam.NasikhWaMansukh.JK011442-ara1"",""openiti_dv_0224QasimIbnSallam.NasikhWaMansukh.Shamela0012523-ara1"",""openiti_dv_0224QasimIbnSallam.NasikhWaMansukh.Shamela0037834-ara1""]",Same OpenITI work URI; retain versions separately.
dup_openiti_work_0224QasimIbnSallam.Silah,openiti_work_0224QasimIbnSallam.Silah,2,"[""openiti_dv_0224QasimIbnSallam.Silah.JK006959-ara1"",""openiti_dv_0224QasimIbnSallam.Silah.Shamela0007052-ara1""]",Same OpenITI work URI; retain versions separately.
dup_openiti_work_0225PseudoIbnMuqaffac.AdabSaghir,openiti_work_0225PseudoIbnMuqaffac.AdabSaghir,2,"[""openiti_dv_0225PseudoIbnMuqaffac.AdabSaghir.Shamela0007528BK1-ara1"",""openiti_dv_0225PseudoIbnMuqaffac.AdabSaghir.Shamela0037540-ara1""]",Same OpenITI work URI; retain versions separately.
dup_openiti_work_0227IbnMansurKhurasani.Sunan,openiti_work_0227IbnMansurKhurasani.Sunan,4,"[""openiti_dv_0227IbnMansurKhurasani.Sunan.JK001473-ara1"",""openiti_dv_0227IbnMansurKhurasani.Sunan.ShamAY0033972-ara1"",""openiti_dv_0227IbnMansurKhurasani.Sunan.ShamAY0038067-ara1"",""openiti_dv_0227IbnMansurKhurasani.Sunan.Shamela0013122-ara1""]",Same OpenITI work URI; retain versions separately.
dup_openiti_work_0227IbnMansurKhurasani.TafsirMinSunanSacid,openiti_work_0227IbnMansurKhurasani.TafsirMinSunanSacid,3,"[""openiti_dv_0227IbnMansurKhurasani.TafsirMinSunanSacid.JK000784-ara1"",""openiti_dv_0227IbnMansurKhurasani.TafsirMinSunanSacid.Shamela0001254-ara1"",""openiti_dv_0227IbnMansurKhurasani.TafsirMinSunanSacid.Shamela0013008-ara1""]",Same OpenITI work URI; retain versions separately.
dup_openiti_work_0228IbnHammadKhuzaci.Fitan,openiti_work_0228IbnHammadKhuzaci.Fitan,4,"[""openiti_dv_0228IbnHammadKhuzaci.Fitan.JK000025-ara1"",""openiti_dv_0228IbnHammadKhuzaci.Fitan.ShamAY0033953-ara1"",""openiti_dv_0228IbnHammadKhuzaci.Fitan.Shamela0013047-ara1"",""openiti_dv_0228IbnHammadKhuzaci.Fitan.Shia003470-ara1""]",Same OpenITI work URI; retain versions separately.
dup_openiti_work_0230CaliIbnJacd.Musnad,openiti_work_0230CaliIbnJacd.Musnad,4,"[""openiti_dv_0230CaliIbnJacd.Musnad.JK000487-ara1"",""openiti_dv_0230CaliIbnJacd.Musnad.ShamAY0038024-ara1"",""openiti_dv_0230CaliIbnJacd.Musnad.Shamela0004407-ara1"",""openiti_dv_0230CaliIbnJacd.Musnad.Shia001901-ara1""]",Same OpenITI work URI; retain versions separately.
dup_openiti_work_0230IbnSacd.TabaqatKubra,openiti_work_0230IbnSacd.TabaqatKubra,11,"[""openiti_dv_0230IbnSacd.TabaqatKubra.JK000530-ara2"",""openiti_dv_0230IbnSacd.TabaqatKubra.JK000744-ara5"",""openiti_dv_0230IbnSacd.TabaqatKubra.ShamAY0034595-ara1"",""openiti_dv_0230IbnSacd.TabaqatKubra.ShamAY0035884-ara1"",""openiti_dv_0230IbnSacd.TabaqatKubra.Shamela0001686-ara1"",""openiti_dv_0230IbnSacd.TabaqatKubra.Shamela0001689-ara4"",""openiti_dv_0230IbnSacd.TabaqatKubra.Shamela0007666-ara5"",""openiti_dv_0230IbnSacd.TabaqatKubra.Shamela0009351-ara2"",""openiti_dv_0230IbnSacd.TabaqatKubra.Shamela0009352-ara5"",""openiti_dv_0230IbnSacd.TabaqatKubra.Shamela0012416-ara3"",""openiti_dv_0230IbnSacd.TabaqatKubra.Shia003044Vols-ara2""]",Same OpenITI work URI; retain versions separately.
dup_openiti_work_0231AbuTamam.Diwan,openiti_work_0231AbuTamam.Diwan,2,"[""openiti_dv_0231AbuTamam.Diwan.JK007583-ara1"",""openiti_dv_0231AbuTamam.Diwan.ShamAY0037821-ara1""]",Same OpenITI work URI; retain versions separately.
dup_openiti_work_0231IbnSallamJumahi.TabaqatFuhulShucara,openiti_work_0231IbnSallamJumahi.TabaqatFuhulShucara,2,"[""openiti_dv_0231IbnSallamJumahi.TabaqatFuhulShucara.JK001296-ara1"",""openiti_dv_0231IbnSallamJumahi.TabaqatFuhulShucara.Shamela0006738-ara1""]",Same OpenITI work URI; retain versions separately.
dup_openiti_work_0231IbnZiyadAcrabi.AsmaKhayl,openiti_work_0231IbnZiyadAcrabi.AsmaKhayl,2,"[""openiti_dv_0231IbnZiyadAcrabi.AsmaKhayl.JK010643-ara1"",""openiti_dv_0231IbnZiyadAcrabi.AsmaKhayl.Shamela0000770-ara1""]",Same OpenITI work URI; retain versions separately.
dup_openiti_work_0233YahyaIbnMacin.HadithYahya,openiti_work_0233YahyaIbnMacin.HadithYahya,3,"[""openiti_dv_0233YahyaIbnMacin.HadithYahya.JK001484-ara1"",""openiti_dv_0233YahyaIbnMacin.HadithYahya.Shamela0009294-ara1"",""openiti_dv_0233YahyaIbnMacin.HadithYahya.Shamela0011037-ara1""]",Same OpenITI work URI; retain versions separately.
dup_openiti_work_0233YahyaIbnMacin.MinKalamFiRijal,openiti_work_0233YahyaIbnMacin.MinKalamFiRijal,2,"[""openiti_dv_0233YahyaIbnMacin.MinKalamFiRijal.JK000716-ara1"",""openiti_dv_0233YahyaIbnMacin.MinKalamFiRijal.Shamela0005954-ara1""]",Same OpenITI work URI; retain versions separately.
dup_openiti_work_0233YahyaIbnMacin.SualatIbnJunayd,openiti_work_0233YahyaIbnMacin.SualatIbnJunayd,2,"[""openiti_dv_0233YahyaIbnMacin.SualatIbnJunayd.ShamAY0034156-ara1"",""openiti_dv_0233YahyaIbnMacin.SualatIbnJunayd.Shamela0012698-ara1""]",Same OpenITI work URI; retain versions separately.
dup_openiti_work_0234AbuKhaythamaNisai.Cilm,openiti_work_0234AbuKhaythamaNisai.Cilm,3,"[""openiti_dv_0234AbuKhaythamaNisai.Cilm.JK000493-ara1"",""openiti_dv_0234AbuKhaythamaNisai.Cilm.Shamela0007777-ara1"",""openiti_dv_0234AbuKhaythamaNisai.Cilm.Shia001903-ara1""]",Same OpenITI work URI; retain versions separately.
dup_openiti_work_0234CaliIbnMadini.Cilal,openiti_work_0234CaliIbnMadini.Cilal,3,"[""openiti_dv_0234CaliIbnMadini.Cilal.JK000708-ara1"",""openiti_dv_0234CaliIbnMadini.Cilal.ShamAY0034150-ara1"",""openiti_dv_0234CaliIbnMadini.Cilal.Shamela0006038-ara1""]",Same OpenITI work URI; retain versions separately.
dup_openiti_work_0234CaliIbnMadini.SualatIbnAbiShayba,openiti_work_0234CaliIbnMadini.SualatIbnAbiShayba,3,"[""openiti_dv_0234CaliIbnMadini.SualatIbnAbiShayba.JK000655-ara1"",""openiti_dv_0234CaliIbnMadini.SualatIbnAbiShayba.Shamela0005947-ara1"",""openiti_dv_0234CaliIbnMadini.SualatIbnAbiShayba.Shia001902-ara1""]",Same OpenITI work URI; retain versions separately.
dup_openiti_work_0234CaliIbnMadini.TasmiyatManRuwiya,openiti_work_0234CaliIbnMadini.TasmiyatManRuwiya,2,"[""openiti_dv_0234CaliIbnMadini.TasmiyatManRuwiya.JK000504-ara1"",""openiti_dv_0234CaliIbnMadini.TasmiyatManRuwiya.Shamela0005893-ara1""]",Same OpenITI work URI; retain versions separately.
dup_openiti_work_0235DikJinn.Diwan,openiti_work_0235DikJinn.Diwan,2,"[""openiti_dv_0235DikJinn.Diwan.JK007616-ara1"",""openiti_dv_0235DikJinn.Diwan.ShamAY0037948-ara1""]",Same OpenITI work URI; retain versions separately.
dup_openiti_work_0235IbnAbiShayba.Adab,openiti_work_0235IbnAbiShayba.Adab,2,"[""openiti_dv_0235IbnAbiShayba.Adab.JK009175-ara1"",""openiti_dv_0235IbnAbiShayba.Adab.Shamela0000638-ara1""]",Same OpenITI work URI; retain versions separately.
dup_openiti_work_0235IbnAbiShayba.Musannaf,openiti_work_0235IbnAbiShayba.Musannaf,6,"[""openiti_dv_0235IbnAbiShayba.Musannaf.JK000786-ara1"",""openiti_dv_0235IbnAbiShayba.Musannaf.ShamAY0033931-ara1"",""openiti_dv_0235IbnAbiShayba.Musannaf.ShamAY0033966-ara1"",""openiti_dv_0235IbnAbiShayba.Musannaf.ShamAY0033967-ara1"",""openiti_dv_0235IbnAbiShayba.Musannaf.Shamela0009944-ara1"",""openiti_dv_0235IbnAbiShayba.Musannaf.Shia001904Vols-ara1""]",Same OpenITI work URI; retain versions separately.
dup_openiti_work_0235IbnAbiShayba.Musnad,openiti_work_0235IbnAbiShayba.Musnad,2,"[""openiti_dv_0235IbnAbiShayba.Musnad.JK007049-ara1"",""openiti_dv_0235IbnAbiShayba.Musnad.Shamela0013155-ara1""]",Same OpenITI work URI; retain versions separately.
dup_openiti_work_0235IbnYunusBaghdadi.Qada,openiti_work_0235IbnYunusBaghdadi.Qada,2,"[""openiti_dv_0235IbnYunusBaghdadi.Qada.JK011413-ara1"",""openiti_dv_0235IbnYunusBaghdadi.Qada.Shamela0008219-ara1""]",Same OpenITI work URI; retain versions separately.
dup_openiti_work_0236AbuCabdAllahZubayri.NasabQuraysh,openiti_work_0236AbuCabdAllahZubayri.NasabQuraysh,2,"[""openiti_dv_0236AbuCabdAllahZubayri.NasabQuraysh.JK009223-ara1"",""openiti_dv_0236AbuCabdAllahZubayri.NasabQuraysh.Shamela0002922-ara1""]",Same OpenITI work URI; retain versions separately.
dup_openiti_work_0238IbnHabibQurtubi.MukhtasarFiTibb,openiti_work_0238IbnHabibQurtubi.MukhtasarFiTibb,2,"[""openiti_dv_0238IbnHabibQurtubi.MukhtasarFiTibb.JK007013-ara1"",""openiti_dv_0238IbnHabibQurtubi.MukhtasarFiTibb.Shamela0010705-ara1""]",Same OpenITI work URI; retain versions separately.
dup_openiti_work_0238IbnRahawayh.Musnad,openiti_work_0238IbnRahawayh.Musnad,4,"[""openiti_dv_0238IbnRahawayh.Musnad.JK000479-ara1"",""openiti_dv_0238IbnRahawayh.Musnad.Shamela0001423-ara1"",""openiti_dv_0238IbnRahawayh.Musnad.Shamela0013159-ara1"",""openiti_dv_0238IbnRahawayh.Musnad.Shia001913Vols-ara1""]",Same OpenITI work URI; retain versions separately.
dup_openiti_work_0238MuhammadBurjulani.KaramWaJawd,openiti_work_0238MuhammadBurjulani.KaramWaJawd,4,"[""openiti_dv_0238MuhammadBurjulani.KaramWaJawd.JK000047-ara1"",""openiti_dv_0238MuhammadBurjulani.KaramWaJawd.Shamela0007755-ara1"",""openiti_dv_0238MuhammadBurjulani.KaramWaJawd.Shamela0007819-ara1"",""openiti_dv_0238MuhammadBurjulani.KaramWaJawd.Shia001912-ara1""]",Same OpenITI work URI; retain versions separately.
dup_openiti_work_0240CabdSamadIbnMucadhdhal.Diwan,openiti_work_0240CabdSamadIbnMucadhdhal.Diwan,2,"[""openiti_dv_0240CabdSamadIbnMucadhdhal.Diwan.JK007619-ara1"",""openiti_dv_0240CabdSamadIbnMucadhdhal.Diwan.ShamAY0037953-ara1""]",Same OpenITI work URI; retain versions separately.
dup_openiti_work_0240IbnKhayyatCusfuri.Tabaqat,openiti_work_0240IbnKhayyatCusfuri.Tabaqat,4,"[""openiti_dv_0240IbnKhayyatCusfuri.Tabaqat.JK000516-ara2"",""openiti_dv_0240IbnKhayyatCusfuri.Tabaqat.ShamAY0034615-ara1"",""openiti_dv_0240IbnKhayyatCusfuri.Tabaqat.Shamela0008682-ara1"",""openiti_dv_0240IbnKhayyatCusfuri.Tabaqat.Shia003056-ara1""]",Same OpenITI work URI; retain versions separately.
dup_openiti_work_0240IbnKhayyatCusfuri.Tarikh,openiti_work_0240IbnKhayyatCusfuri.Tarikh,3,"[""openiti_dv_0240IbnKhayyatCusfuri.Tarikh.JK000412-ara1"",""openiti_dv_0240IbnKhayyatCusfuri.Tarikh.Shamela0006615-ara1"",""openiti_dv_0240IbnKhayyatCusfuri.Tarikh.Shia003055-ara2""]",Same OpenITI work URI; retain versions separately.
dup_openiti_work_0240IbnYahyaKinani.Hida,openiti_work_0240IbnYahyaKinani.Hida,2,"[""openiti_dv_0240IbnYahyaKinani.Hida.JK012049-ara1"",""openiti_dv_0240IbnYahyaKinani.Hida.Shamela0007610-ara1""]",Same OpenITI work URI; retain versions separately.
dup_openiti_work_0240SahnunIbnSacid.MudawwanaKubra,openiti_work_0240SahnunIbnSacid.MudawwanaKubra,3,"[""openiti_dv_0240SahnunIbnSacid.MudawwanaKubra.JK000227-ara1"",""openiti_dv_0240SahnunIbnSacid.MudawwanaKubra.Shamela0000587-ara1"",""openiti_dv_0240SahnunIbnSacid.MudawwanaKubra.Shia000895Vols-ara1""]",Same OpenITI work URI; retain versions separately.
dup_openiti_work_0241IbnHanbal.AsamiWaKuna,openiti_work_0241IbnHanbal.AsamiWaKuna,2,"[""openiti_dv_0241IbnHanbal.AsamiWaKuna.JK000525-ara1"",""openiti_dv_0241IbnHanbal.AsamiWaKuna.Shamela0005780-ara1""]",Same OpenITI work URI; retain versions separately.
dup_openiti_work_0241IbnHanbal.Ashriba,openiti_work_0241IbnHanbal.Ashriba,3,"[""openiti_dv_0241IbnHanbal.Ashriba.JK000673-ara1"",""openiti_dv_0241IbnHanbal.Ashriba.ShamAY0034333-ara1"",""openiti_dv_0241IbnHanbal.Ashriba.Shamela0012995-ara2""]",Same OpenITI work URI; retain versions separately.
dup_openiti_work_0241IbnHanbal.CaqidaRiwayatKhallal,openiti_work_0241IbnHanbal.CaqidaRiwayatKhallal,2,"[""openiti_dv_0241IbnHanbal.CaqidaRiwayatKhallal.JK000323-ara1"",""openiti_dv_0241IbnHanbal.CaqidaRiwayatKhallal.Shamela0006498-ara1""]",Same OpenITI work URI; retain versions separately.
dup_openiti_work_0241IbnHanbal.CilalWaMacrifa,openiti_work_0241IbnHanbal.CilalWaMacrifa,4,"[""openiti_dv_0241IbnHanbal.CilalWaMacrifa.JK000521-ara1"",""openiti_dv_0241IbnHanbal.CilalWaMacrifa.ShamAY0034149-ara2"",""openiti_dv_0241IbnHanbal.CilalWaMacrifa.Shamela0002331-ara1"",""openiti_dv_0241IbnHanbal.CilalWaMacrifa.Shia003057Vols-ara1""]",Same OpenITI work URI; retain versions separately.
dup_openiti_work_0241IbnHanbal.FadailSahaba,openiti_work_0241IbnHanbal.FadailSahaba,2,"[""openiti_dv_0241IbnHanbal.FadailSahaba.JK000482-ara1"",""openiti_dv_0241IbnHanbal.FadailSahaba.Shamela0013136-ara1""]",Same OpenITI work URI; retain versions separately.
dup_openiti_work_0241IbnHanbal.JamicFiCilal,openiti_work_0241IbnHanbal.JamicFiCilal,3,"[""openiti_dv_0241IbnHanbal.JamicFiCilal.JK000749-ara1"",""openiti_dv_0241IbnHanbal.JamicFiCilal.Shamela0006044-ara1"",""openiti_dv_0241IbnHanbal.JamicFiCilal.Shamela0010272-ara2""]",Same OpenITI work URI; retain versions separately.
dup_openiti_work_0241IbnHanbal.MasailRiwayatCabdAllah,openiti_work_0241IbnHanbal.MasailRiwayatCabdAllah,2,"[""openiti_dv_0241IbnHanbal.MasailRiwayatCabdAllah.JK001182-ara1"",""openiti_dv_0241IbnHanbal.MasailRiwayatCabdAllah.Shamela0006105-ara1""]",Same OpenITI work URI; retain versions separately.
dup_openiti_work_0241IbnHanbal.MasailRiwayatSalih,openiti_work_0241IbnHanbal.MasailRiwayatSalih,3,"[""openiti_dv_0241IbnHanbal.MasailRiwayatSalih.JK001184-ara1"",""openiti_dv_0241IbnHanbal.MasailRiwayatSalih.ShamAY0034272-ara1"",""openiti_dv_0241IbnHanbal.MasailRiwayatSalih.Shamela0006106-ara1""]",Same OpenITI work URI; retain versions separately.
dup_openiti_work_0241IbnHanbal.Musnad,openiti_work_0241IbnHanbal.Musnad,8,"[""openiti_dv_0241IbnHanbal.Musnad.JK000145-ara2"",""openiti_dv_0241IbnHanbal.Musnad.ShamAY0033936-ara4"",""openiti_dv_0241IbnHanbal.Musnad.ShamAY0033963-ara5"",""openiti_dv_0241IbnHanbal.Musnad.ShamAY0033964-ara2"",""openiti_dv_0241IbnHanbal.Musnad.Shamela0013157-ara1"",""openiti_dv_0241IbnHanbal.Musnad.Shamela0025794-ara1"",""openiti_dv_0241IbnHanbal.Musnad.Shamela0098139-ara3"",""openiti_dv_0241IbnHanbal.Musnad.Shia001707Vols-ara6""]",Same OpenITI work URI; retain versions separately.
dup_openiti_work_0241IbnHanbal.RaddCalaZanadiqa,openiti_work_0241IbnHanbal.RaddCalaZanadiqa,2,"[""openiti_dv_0241IbnHanbal.RaddCalaZanadiqa.JK000341-ara1"",""openiti_dv_0241IbnHanbal.RaddCalaZanadiqa.Shamela0007623-ara1""]",Same OpenITI work URI; retain versions separately.
dup_openiti_work_0241IbnHanbal.SualatAbiDawudLiIbnHanbal,openiti_work_0241IbnHanbal.SualatAbiDawudLiIbnHanbal,2,"[""openiti_dv_0241IbnHanbal.SualatAbiDawudLiIbnHanbal.JK000709-ara1"",""openiti_dv_0241IbnHanbal.SualatAbiDawudLiIbnHanbal.Shamela0005945-ara1""]",Same OpenITI work URI; retain versions separately.
dup_openiti_work_0241IbnHanbal.UsulSunna,openiti_work_0241IbnHanbal.UsulSunna,2,"[""openiti_dv_0241IbnHanbal.UsulSunna.JK000354-ara1"",""openiti_dv_0241IbnHanbal.UsulSunna.Shamela0006418-ara1""]",Same OpenITI work URI; retain versions separately.
dup_openiti_work_0241IbnHanbal.Zuhd,openiti_work_0241IbnHanbal.Zuhd,3,"[""openiti_dv_0241IbnHanbal.Zuhd.JK000084-ara2"",""openiti_dv_0241IbnHanbal.Zuhd.ShamAY0033738-ara3"",""openiti_dv_0241IbnHanbal.Zuhd.Shamela0008494-ara1""]",Same OpenITI work URI; retain versions separately.
dup_openiti_work_0243HannadIbnSari.Zuhd,openiti_work_0243HannadIbnSari.Zuhd,2,"[""openiti_dv_0243HannadIbnSari.Zuhd.JK000085-ara1"",""openiti_dv_0243HannadIbnSari.Zuhd.Shamela0013027-ara1""]",Same OpenITI work URI; retain versions separately.
dup_openiti_work_0243HarithMuhasibi.AdabNufus,openiti_work_0243HarithMuhasibi.AdabNufus,2,"[""openiti_dv_0243HarithMuhasibi.AdabNufus.JK000850-ara1"",""openiti_dv_0243HarithMuhasibi.AdabNufus.Shamela0006853-ara1""]",Same OpenITI work URI; retain versions separately.
dup_openiti_work_0243HarithMuhasibi.FahmQuran,openiti_work_0243HarithMuhasibi.FahmQuran,2,"[""openiti_dv_0243HarithMuhasibi.FahmQuran.JK000446-ara1"",""openiti_dv_0243HarithMuhasibi.FahmQuran.Shamela0005550-ara1""]",Same OpenITI work URI; retain versions separately.
dup_openiti_work_0243HarithMuhasibi.MaiyyatCaql,openiti_work_0243HarithMuhasibi.MaiyyatCaql,2,"[""openiti_dv_0243HarithMuhasibi.MaiyyatCaql.JK000802-ara1"",""openiti_dv_0243HarithMuhasibi.MaiyyatCaql.Shamela0006492-ara1""]",Same OpenITI work URI; retain versions separately.
dup_openiti_work_0243HarithMuhasibi.Makasib,openiti_work_0243HarithMuhasibi.Makasib,2,"[""openiti_dv_0243HarithMuhasibi.Makasib.JK001158-ara1"",""openiti_dv_0243HarithMuhasibi.Makasib.Shamela0006230-ara1""]",Same OpenITI work URI; retain versions separately.
dup_openiti_work_0243HarithMuhasibi.RisalatMustarshidin,openiti_work_0243HarithMuhasibi.RisalatMustarshidin,2,"[""openiti_dv_0243HarithMuhasibi.RisalatMustarshidin.JK001219-ara1"",""openiti_dv_0243HarithMuhasibi.RisalatMustarshidin.Shamela0006871-ara1""]",Same OpenITI work URI; retain versions separately.
dup_openiti_work_0243IbnYahyaCadani.Iman,openiti_work_0243IbnYahyaCadani.Iman,3,"[""openiti_dv_0243IbnYahyaCadani.Iman.JK000321-ara1"",""openiti_dv_0243IbnYahyaCadani.Iman.Shamela0013006-ara1"",""openiti_dv_0243IbnYahyaCadani.Iman.Shia001918-ara1""]",Same OpenITI work URI; retain versions separately.
dup_openiti_work_0244IbnSikkit.IslahMantiq,openiti_work_0244IbnSikkit.IslahMantiq,3,"[""openiti_dv_0244IbnSikkit.IslahMantiq.JK001170-ara2"",""openiti_dv_0244IbnSikkit.IslahMantiq.ShamAY0034670-ara1"",""openiti_dv_0244IbnSikkit.IslahMantiq.Shamela0007508-ara1""]",Same OpenITI work URI; retain versions separately.
dup_openiti_work_0244IbnSikkit.KanzLughawi,openiti_work_0244IbnSikkit.KanzLughawi,3,"[""openiti_dv_0244IbnSikkit.KanzLughawi.JK010885-ara1"",""openiti_dv_0244IbnSikkit.KanzLughawi.Shamela0008533-ara1"",""openiti_dv_0244IbnSikkit.KanzLughawi.Shia003899-ara1""]",Same OpenITI work URI; retain versions separately.
dup_openiti_work_0245LuwaynMissisi.JuzHadith,openiti_work_0245LuwaynMissisi.JuzHadith,3,"[""openiti_dv_0245LuwaynMissisi.JuzHadith.JK001186-ara1"",""openiti_dv_0245LuwaynMissisi.JuzHadith.Shamela0001459-ara1"",""openiti_dv_0245LuwaynMissisi.JuzHadith.Shamela0029848-ara1""]",Same OpenITI work URI; retain versions separately.
dup_openiti_work_0245MuhammadIbnHabib.Muhabbar,openiti_work_0245MuhammadIbnHabib.Muhabbar,3,"[""openiti_dv_0245MuhammadIbnHabib.Muhabbar.JK011200-ara1"",""openiti_dv_0245MuhammadIbnHabib.Muhabbar.Shamela0012205-ara1"",""openiti_dv_0245MuhammadIbnHabib.Muhabbar.Shia003457-ara1""]",Same OpenITI work URI; retain versions separately.
dup_openiti_work_0245MuhammadIbnHabib.MukhtalafQabail,openiti_work_0245MuhammadIbnHabib.MukhtalafQabail,2,"[""openiti_dv_0245MuhammadIbnHabib.MukhtalafQabail.JK010501-ara1"",""openiti_dv_0245MuhammadIbnHabib.MukhtalafQabail.Shamela0026540-ara1""]",Same OpenITI work URI; retain versions separately.
dup_openiti_work_0245MuhammadIbnHabib.MunammaqFiAkhbarQuraysh,openiti_work_0245MuhammadIbnHabib.MunammaqFiAkhbarQuraysh,3,"[""openiti_dv_0245MuhammadIbnHabib.MunammaqFiAkhbarQuraysh.JK009275-ara1"",""openiti_dv_0245MuhammadIbnHabib.MunammaqFiAkhbarQuraysh.Shamela0012212-ara1"",""openiti_dv_0245MuhammadIbnHabib.MunammaqFiAkhbarQuraysh.Shia003458-ara1""]",Same OpenITI work URI; retain versions separately.
dup_openiti_work_0246AhmadDawraqi.MusnadSacdIbnAbiWaqqas,openiti_work_0246AhmadDawraqi.MusnadSacdIbnAbiWaqqas,3,"[""openiti_dv_0246AhmadDawraqi.MusnadSacdIbnAbiWaqqas.JK000642-ara1"",""openiti_dv_0246AhmadDawraqi.MusnadSacdIbnAbiWaqqas.Shamela0013166-ara1"",""openiti_dv_0246AhmadDawraqi.MusnadSacdIbnAbiWaqqas.Shia001919-ara1""]",Same OpenITI work URI; retain versions separately.
dup_openiti_work_0246DicbilKhuzaci.Diwan,openiti_work_0246DicbilKhuzaci.Diwan,2,"[""openiti_dv_0246DicbilKhuzaci.Diwan.JK007615-ara1"",""openiti_dv_0246DicbilKhuzaci.Diwan.ShamAY0037947-ara1""]",Same OpenITI work URI; retain versions separately.
dup_openiti_work_0246DicbilKhuzaci.WasayaMuluk,openiti_work_0246DicbilKhuzaci.WasayaMuluk,2,"[""openiti_dv_0246DicbilKhuzaci.WasayaMuluk.JK010741-ara1"",""openiti_dv_0246DicbilKhuzaci.WasayaMuluk.Shamela0000741-ara1""]",Same OpenITI work URI; retain versions separately.
dup_openiti_work_0246HishamSulami.HadithHisham,openiti_work_0246HishamSulami.HadithHisham,2,"[""openiti_dv_0246HishamSulami.HadithHisham.JK007106-ara1"",""openiti_dv_0246HishamSulami.HadithHisham.Shamela0013112-ara1""]",Same OpenITI work URI; retain versions separately.
dup_openiti_work_0246HusaynMarwazi.BirrWaSila,openiti_work_0246HusaynMarwazi.BirrWaSila,2,"[""openiti_dv_0246HusaynMarwazi.BirrWaSila.JK000033-ara1"",""openiti_dv_0246HusaynMarwazi.BirrWaSila.Shamela0013007-ara1""]",Same OpenITI work URI; retain versions separately.
dup_openiti_work_0246IbnCumarDuri.JuzFihiQiraat,openiti_work_0246IbnCumarDuri.JuzFihiQiraat,2,"[""openiti_dv_0246IbnCumarDuri.JuzFihiQiraat.JK001122-ara1"",""openiti_dv_0246IbnCumarDuri.JuzFihiQiraat.Shamela0013106-ara1""]",Same OpenITI work URI; retain versions separately.
dup_openiti_work_0246QasimRassi.CadlWaTawhid,openiti_work_0246QasimRassi.CadlWaTawhid,2,"[""openiti_dv_0246QasimRassi.CadlWaTawhid.Rafed0003477VolsBK10-ara2"",""openiti_dv_0246QasimRassi.CadlWaTawhid.Zaydiyya0000075BK7-ara1""]",Same OpenITI work URI; retain versions separately.
dup_openiti_work_0246QasimRassi.CalimWaWafid,openiti_work_0246QasimRassi.CalimWaWafid,2,"[""openiti_dv_0246QasimRassi.CalimWaWafid.Rafed0003477VolsBK27-ara2"",""openiti_dv_0246QasimRassi.CalimWaWafid.Zaydiyya0000075BK27-ara1""]",Same OpenITI work URI; retain versions separately.
dup_openiti_work_0246QasimRassi.CuzzatBiLugha,openiti_work_0246QasimRassi.CuzzatBiLugha,2,"[""openiti_dv_0246QasimRassi.CuzzatBiLugha.Rafed0003477VolsBK28-ara2"",""openiti_dv_0246QasimRassi.CuzzatBiLugha.Zaydiyya0000075BK28-ara1""]",Same OpenITI work URI; retain versions separately.
dup_openiti_work_0246QasimRassi.DalilKabir,openiti_work_0246QasimRassi.DalilKabir,2,"[""openiti_dv_0246QasimRassi.DalilKabir.Rafed0003477VolsBK1-ara2"",""openiti_dv_0246QasimRassi.DalilKabir.Zaydiyya0000075BK1-ara1""]",Same OpenITI work URI; retain versions separately.
dup_openiti_work_0246QasimRassi.DalilSaghir,openiti_work_0246QasimRassi.DalilSaghir,2,"[""openiti_dv_0246QasimRassi.DalilSaghir.Rafed0003477VolsBK2-ara2"",""openiti_dv_0246QasimRassi.DalilSaghir.Zaydiyya0000075BK2-ara1""]",Same OpenITI work URI; retain versions separately.
dup_openiti_work_0246QasimRassi.FusulFiTawhid,openiti_work_0246QasimRassi.FusulFiTawhid,2,"[""openiti_dv_0246QasimRassi.FusulFiTawhid.Rafed0003477VolsBK13-ara2"",""openiti_dv_0246QasimRassi.FusulFiTawhid.Zaydiyya0000075BK11-ara1""]",Same OpenITI work URI; retain versions separately.
dup_openiti_work_0246QasimRassi.HijraLiZalimin,openiti_work_0246QasimRassi.HijraLiZalimin,2,"[""openiti_dv_0246QasimRassi.HijraLiZalimin.Rafed0003477VolsBK24-ara2"",""openiti_dv_0246QasimRassi.HijraLiZalimin.Zaydiyya0000075BK22-ara1""]",Same OpenITI work URI; retain versions separately.
dup_openiti_work_0246QasimRassi.ImamMuftaridTaca,openiti_work_0246QasimRassi.ImamMuftaridTaca,2,"[""openiti_dv_0246QasimRassi.ImamMuftaridTaca.Rafed0003477VolsBK20-ara2"",""openiti_dv_0246QasimRassi.ImamMuftaridTaca.Zaydiyya0000075BK19-ara1""]",Same OpenITI work URI; retain versions separately.
dup_openiti_work_0246QasimRassi.ImamaQablCali,openiti_work_0246QasimRassi.ImamaQablCali,2,"[""openiti_dv_0246QasimRassi.ImamaQablCali.Rafed0003477VolsBK21-ara2"",""openiti_dv_0246QasimRassi.ImamaQablCali.Zaydiyya0000075BK20-ara1""]",Same OpenITI work URI; retain versions separately.
dup_openiti_work_0246QasimRassi.ImamatCali,openiti_work_0246QasimRassi.ImamatCali,2,"[""openiti_dv_0246QasimRassi.ImamatCali.Rafed0003477VolsBK22-ara2"",""openiti_dv_0246QasimRassi.ImamatCali.Zaydiyya0000075BK21-ara1""]",Same OpenITI work URI; retain versions separately.
dup_openiti_work_0246QasimRassi.KamilMunir,openiti_work_0246QasimRassi.KamilMunir,2,"[""openiti_dv_0246QasimRassi.KamilMunir.Zaydiyya0000003-ara1"",""openiti_dv_0246QasimRassi.KamilMunir.Zaydiyya0000222-ara1""]",Same OpenITI work URI; retain versions separately.
dup_openiti_work_0246QasimRassi.MadihQuranKabir,openiti_work_0246QasimRassi.MadihQuranKabir,2,"[""openiti_dv_0246QasimRassi.MadihQuranKabir.Rafed0003477VolsBK15-ara2"",""openiti_dv_0246QasimRassi.MadihQuranKabir.Zaydiyya0000075BK15-ara1""]",Same OpenITI work URI; retain versions separately.
dup_openiti_work_0246QasimRassi.MadihQuranSaghir,openiti_work_0246QasimRassi.MadihQuranSaghir,2,"[""openiti_dv_0246QasimRassi.MadihQuranSaghir.Rafed0003477VolsBK16-ara2"",""openiti_dv_0246QasimRassi.MadihQuranSaghir.Zaydiyya0000075BK16-ara1""]",Same OpenITI work URI; retain versions separately.
dup_openiti_work_0246QasimRassi.MafahimIslamiyya,openiti_work_0246QasimRassi.MafahimIslamiyya,2,"[""openiti_dv_0246QasimRassi.MafahimIslamiyya.Rafed0003477VolsBK29-ara2"",""openiti_dv_0246QasimRassi.MafahimIslamiyya.Zaydiyya0000075BK26-ara1""]",Same OpenITI work URI; retain versions separately.
dup_openiti_work_0246QasimRassi.Maknun,openiti_work_0246QasimRassi.Maknun,2,"[""openiti_dv_0246QasimRassi.Maknun.Rafed0003477VolsBK25-ara2"",""openiti_dv_0246QasimRassi.Maknun.Zaydiyya0000075BK24-ara1""]",Same OpenITI work URI; retain versions separately.
dup_openiti_work_0246QasimRassi.Masail,openiti_work_0246QasimRassi.Masail,2,"[""openiti_dv_0246QasimRassi.Masail.Rafed0003477VolsBK32-ara2"",""openiti_dv_0246QasimRassi.Masail.Zaydiyya0000075BK32-ara1""]",Same OpenITI work URI; retain versions separately.
dup_openiti_work_0246QasimRassi.MasalaLiRajulayn,openiti_work_0246QasimRassi.MasalaLiRajulayn,2,"[""openiti_dv_0246QasimRassi.MasalaLiRajulayn.Rafed0003477VolsBK12-ara2"",""openiti_dv_0246QasimRassi.MasalaLiRajulayn.Zaydiyya0000075BK6-ara1""]",Same OpenITI work URI; retain versions separately.
dup_openiti_work_0246QasimRassi.MunazaraMacaMulhid,openiti_work_0246QasimRassi.MunazaraMacaMulhid,2,"[""openiti_dv_0246QasimRassi.MunazaraMacaMulhid.Rafed0003477VolsBK3-ara2"",""openiti_dv_0246QasimRassi.MunazaraMacaMulhid.Zaydiyya0000075BK3-ara1""]",Same OpenITI work URI; retain versions separately.
dup_openiti_work_0246QasimRassi.Mustarshid,openiti_work_0246QasimRassi.Mustarshid,2,"[""openiti_dv_0246QasimRassi.Mustarshid.Rafed0003477VolsBK6-ara2"",""openiti_dv_0246QasimRassi.Mustarshid.Zaydiyya0000075BK8-ara1""]",Same OpenITI work URI; retain versions separately.
dup_openiti_work_0246QasimRassi.NasikhWaMansukh,openiti_work_0246QasimRassi.NasikhWaMansukh,2,"[""openiti_dv_0246QasimRassi.NasikhWaMansukh.Rafed0003477VolsBK17-ara2"",""openiti_dv_0246QasimRassi.NasikhWaMansukh.Zaydiyya0000075BK17-ara1""]",Same OpenITI work URI; retain versions separately.
dup_openiti_work_0246QasimRassi.Qatl,openiti_work_0246QasimRassi.Qatl,2,"[""openiti_dv_0246QasimRassi.Qatl.Rafed0003477VolsBK23-ara2"",""openiti_dv_0246QasimRassi.Qatl.Zaydiyya0000075BK23-ara1""]",Same OpenITI work URI; retain versions separately.
dup_openiti_work_0246QasimRassi.RaddCalaMujabbira,openiti_work_0246QasimRassi.RaddCalaMujabbira,2,"[""openiti_dv_0246QasimRassi.RaddCalaMujabbira.Rafed0003477VolsBK7-ara2"",""openiti_dv_0246QasimRassi.RaddCalaMujabbira.Zaydiyya0000075BK12-ara1""]",Same OpenITI work URI; retain versions separately.
dup_openiti_work_0246QasimRassi.RaddCalaNasara,openiti_work_0246QasimRassi.RaddCalaNasara,2,"[""openiti_dv_0246QasimRassi.RaddCalaNasara.Rafed0003477VolsBK5-ara2"",""openiti_dv_0246QasimRassi.RaddCalaNasara.Zaydiyya0000075BK5-ara1""]",Same OpenITI work URI; retain versions separately.
dup_openiti_work_0246QasimRassi.RaddCalaRafida,openiti_work_0246QasimRassi.RaddCalaRafida,2,"[""openiti_dv_0246QasimRassi.RaddCalaRafida.Rafed0003477VolsBK8-ara2"",""openiti_dv_0246QasimRassi.RaddCalaRafida.Zaydiyya0000075BK13-ara1""]",Same OpenITI work URI; retain versions separately.
dup_openiti_work_0246QasimRassi.RaddCalaRawafid,openiti_work_0246QasimRassi.RaddCalaRawafid,2,"[""openiti_dv_0246QasimRassi.RaddCalaRawafid.Rafed0003477VolsBK9-ara2"",""openiti_dv_0246QasimRassi.RaddCalaRawafid.Zaydiyya0000075BK14-ara1""]",Same OpenITI work URI; retain versions separately.
dup_openiti_work_0246QasimRassi.RaddCalaZindiq,openiti_work_0246QasimRassi.RaddCalaZindiq,2,"[""openiti_dv_0246QasimRassi.RaddCalaZindiq.Rafed0003477VolsBK4-ara2"",""openiti_dv_0246QasimRassi.RaddCalaZindiq.Zaydiyya0000075BK4-ara1""]",Same OpenITI work URI; retain versions separately.
dup_openiti_work_0246QasimRassi.SalatYawmWaLayla,openiti_work_0246QasimRassi.SalatYawmWaLayla,2,"[""openiti_dv_0246QasimRassi.SalatYawmWaLayla.Rafed0003477VolsBK31-ara2"",""openiti_dv_0246QasimRassi.SalatYawmWaLayla.Zaydiyya0000075BK31-ara1""]",Same OpenITI work URI; retain versions separately.
dup_openiti_work_0246QasimRassi.SiyasatNafs,openiti_work_0246QasimRassi.SiyasatNafs,2,"[""openiti_dv_0246QasimRassi.SiyasatNafs.Rafed0003477VolsBK26-ara2"",""openiti_dv_0246QasimRassi.SiyasatNafs.Zaydiyya0000075BK25-ara1""]",Same OpenITI work URI; retain versions separately.
dup_openiti_work_0246QasimRassi.TafsirCarshWaKursi,openiti_work_0246QasimRassi.TafsirCarshWaKursi,2,"[""openiti_dv_0246QasimRassi.TafsirCarshWaKursi.Rafed0003477VolsBK14-ara2"",""openiti_dv_0246QasimRassi.TafsirCarshWaKursi.Zaydiyya0000075BK9-ara1""]",Same OpenITI work URI; retain versions separately.
dup_openiti_work_0246QasimRassi.TafsirQuran,openiti_work_0246QasimRassi.TafsirQuran,2,"[""openiti_dv_0246QasimRassi.TafsirQuran.Rafed0003477VolsBK18-ara2"",""openiti_dv_0246QasimRassi.TafsirQuran.Zaydiyya0000075BK29-ara1""]",Same OpenITI work URI; retain versions separately.
dup_openiti_work_0246QasimRassi.Tahara,openiti_work_0246QasimRassi.Tahara,2,"[""openiti_dv_0246QasimRassi.Tahara.Rafed0003477VolsBK30-ara2"",""openiti_dv_0246QasimRassi.Tahara.Zaydiyya0000075BK30-ara1""]",Same OpenITI work URI; retain versions separately.
dup_openiti_work_0246QasimRassi.TathbitImama,openiti_work_0246QasimRassi.TathbitImama,3,"[""openiti_dv_0246QasimRassi.TathbitImama.Rafed0003477VolsBK19-ara2"",""openiti_dv_0246QasimRassi.TathbitImama.Shia004484-ara1"",""openiti_dv_0246QasimRassi.TathbitImama.Zaydiyya0000075BK18-ara1""]",Same OpenITI work URI; retain versions separately.
dup_openiti_work_0246QasimRassi.UsulCadlWaTawhid,openiti_work_0246QasimRassi.UsulCadlWaTawhid,2,"[""openiti_dv_0246QasimRassi.UsulCadlWaTawhid.Rafed0003477VolsBK11-ara2"",""openiti_dv_0246QasimRassi.UsulCadlWaTawhid.Zaydiyya0000075BK10-ara1""]",Same OpenITI work URI; retain versions separately.
dup_openiti_work_0249Azraqi.AkhbarMakka,openiti_work_0249Azraqi.AkhbarMakka,3,"[""openiti_dv_0249Azraqi.AkhbarMakka.JK003504-ara1"",""openiti_dv_0249Azraqi.AkhbarMakka.ShamAY0033816-ara1"",""openiti_dv_0249Azraqi.AkhbarMakka.Shamela0009621-ara1""]",Same OpenITI work URI; retain versions separately.
dup_openiti_work_0249CabdIbnHamid.MuntakhabMinMusnad,openiti_work_0249CabdIbnHamid.MuntakhabMinMusnad,5,"[""openiti_dv_0249CabdIbnHamid.MuntakhabMinMusnad.JK000486-ara1"",""openiti_dv_0249CabdIbnHamid.MuntakhabMinMusnad.ShamAY0033973-ara1"",""openiti_dv_0249CabdIbnHamid.MuntakhabMinMusnad.Shamela0010631-ara2"",""openiti_dv_0249CabdIbnHamid.MuntakhabMinMusnad.Shamela0013170-ara1"",""openiti_dv_0249CabdIbnHamid.MuntakhabMinMusnad.Shia001920-ara1""]",Same OpenITI work URI; retain versions separately.
dup_openiti_work_0250ThabitIbnAbiThabit.Farq,openiti_work_0250ThabitIbnAbiThabit.Farq,2,"[""openiti_dv_0250ThabitIbnAbiThabit.Farq.JK006963-ara1"",""openiti_dv_0250ThabitIbnAbiThabit.Farq.Shamela0007055-ara1""]",Same OpenITI work URI; retain versions separately.
dup_openiti_work_0251IbnMansurKawsaj.Masail,openiti_work_0251IbnMansurKawsaj.Masail,3,"[""openiti_dv_0251IbnMansurKawsaj.Masail.JK009171-ara1"",""openiti_dv_0251IbnMansurKawsaj.Masail.ShamAY0034258-ara1"",""openiti_dv_0251IbnMansurKawsaj.Masail.Shamela0003125-ara1""]",Same OpenITI work URI; retain versions separately.
dup_openiti_work_0251IbnZanjawayh.Amwal,openiti_work_0251IbnZanjawayh.Amwal,2,"[""openiti_dv_0251IbnZanjawayh.Amwal.JK011302-ara1"",""openiti_dv_0251IbnZanjawayh.Amwal.Shamela0000338-ara1""]",Same OpenITI work URI; retain versions separately.
dup_openiti_work_0254MuammalIbnIhab.JuzMuammal,openiti_work_0254MuammalIbnIhab.JuzMuammal,3,"[""openiti_dv_0254MuammalIbnIhab.JuzMuammal.JK000606-ara1"",""openiti_dv_0254MuammalIbnIhab.JuzMuammal.Shamela0013102-ara1"",""openiti_dv_0254MuammalIbnIhab.JuzMuammal.Shia001921-ara1""]",Same OpenITI work URI; retain versions separately.
dup_openiti_work_0255AbuHatimSijistani.Farq,openiti_work_0255AbuHatimSijistani.Farq,2,"[""openiti_dv_0255AbuHatimSijistani.Farq.JK006964-ara1"",""openiti_dv_0255AbuHatimSijistani.Farq.Shamela0007056-ara1""]",Same OpenITI work URI; retain versions separately.
dup_openiti_work_0255AbuHatimSijistani.Mucammarun,openiti_work_0255AbuHatimSijistani.Mucammarun,2,"[""openiti_dv_0255AbuHatimSijistani.Mucammarun.JK010671-ara1"",""openiti_dv_0255AbuHatimSijistani.Mucammarun.Shamela0000671-ara1""]",Same OpenITI work URI; retain versions separately.
dup_openiti_work_0255CabdAllahDarimi.Sunan,openiti_work_0255CabdAllahDarimi.Sunan,7,"[""openiti_dv_0255CabdAllahDarimi.Sunan.JK000842-ara1"",""openiti_dv_0255CabdAllahDarimi.Sunan.Sham19Y0036114-ara5"",""openiti_dv_0255CabdAllahDarimi.Sunan.ShamAY0033928-ara1"",""openiti_dv_0255CabdAllahDarimi.Sunan.ShamAY0033961-ara2"",""openiti_dv_0255CabdAllahDarimi.Sunan.ShamAY0038095-ara4"",""openiti_dv_0255CabdAllahDarimi.Sunan.Shamela0021795-ara3"",""openiti_dv_0255CabdAllahDarimi.Sunan.Shia001713Vols-ara2""]",Same OpenITI work URI; retain versions separately.
dup_openiti_work_0255Jahiz.AmilWaMamul,openiti_work_0255Jahiz.AmilWaMamul,2,"[""openiti_dv_0255Jahiz.AmilWaMamul.JK010594-ara1"",""openiti_dv_0255Jahiz.AmilWaMamul.Shamela0000594-ara1""]",Same OpenITI work URI; retain versions separately.
dup_openiti_work_0255Jahiz.BalaghaWaIjaz,openiti_work_0255Jahiz.BalaghaWaIjaz,2,"[""openiti_dv_0255Jahiz.BalaghaWaIjaz.Shamela0010428BK37-ara1"",""openiti_dv_0255Jahiz.BalaghaWaIjaz.Shamela0010670BK13-ara2""]",Same OpenITI work URI; retain versions separately.
dup_openiti_work_0255Jahiz.BayanWaTabyin,openiti_work_0255Jahiz.BayanWaTabyin,6,"[""openiti_dv_0255Jahiz.BayanWaTabyin.JK001009-ara1"",""openiti_dv_0255Jahiz.BayanWaTabyin.Masaha003365Vols-ara1"",""openiti_dv_0255Jahiz.BayanWaTabyin.ShamAY0033779-ara1"",""openiti_dv_0255Jahiz.BayanWaTabyin.ShamAY0033801-ara1"",""openiti_dv_0255Jahiz.BayanWaTabyin.Shamela0010614-ara1"",""openiti_dv_0255Jahiz.BayanWaTabyin.Zaydiyya0000478-ara1""]",Same OpenITI work URI; retain versions separately.
dup_openiti_work_0255Jahiz.Bighal,openiti_work_0255Jahiz.Bighal,3,"[""openiti_dv_0255Jahiz.Bighal.JK010609-ara1"",""openiti_dv_0255Jahiz.Bighal.Shamela0010428BK18-ara1"",""openiti_dv_0255Jahiz.Bighal.Shamela0010506-ara1""]",Same OpenITI work URI; retain versions separately.
dup_openiti_work_0255Jahiz.Bukhala,openiti_work_0255Jahiz.Bukhala,5,"[""openiti_dv_0255Jahiz.Bukhala.JK007061-ara1"",""openiti_dv_0255Jahiz.Bukhala.JK009201-ara1"",""openiti_dv_0255Jahiz.Bukhala.Masaha002332-ara1"",""openiti_dv_0255Jahiz.Bukhala.ShamAY0033775-ara1"",""openiti_dv_0255Jahiz.Bukhala.Shamela0010501-ara1""]",Same OpenITI work URI; retain versions separately.
dup_openiti_work_0255Jahiz.BursanWaCurjan,openiti_work_0255Jahiz.BursanWaCurjan,3,"[""openiti_dv_0255Jahiz.BursanWaCurjan.JK010538-ara1"",""openiti_dv_0255Jahiz.BursanWaCurjan.Masaha002333-ara1"",""openiti_dv_0255Jahiz.BursanWaCurjan.Shamela0010538-ara1""]",Same OpenITI work URI; retain versions separately.
dup_openiti_work_0255Jahiz.CadawaWaHasad,openiti_work_0255Jahiz.CadawaWaHasad,2,"[""openiti_dv_0255Jahiz.CadawaWaHasad.Shamela0010428BK11-ara1"",""openiti_dv_0255Jahiz.CadawaWaHasad.Shamela0010670BK17-ara2""]",Same OpenITI work URI; retain versions separately.
dup_openiti_work_0255Jahiz.Cuthmaniyya,openiti_work_0255Jahiz.Cuthmaniyya,3,"[""openiti_dv_0255Jahiz.Cuthmaniyya.Shamela0010428BK31-ara1"",""openiti_dv_0255Jahiz.Cuthmaniyya.Shamela0096338-ara1"",""openiti_dv_0255Jahiz.Cuthmaniyya.Shia003459BK1-ara1""]",Same OpenITI work URI; retain versions separately.
dup_openiti_work_0255Jahiz.DhammAkhlaqKuttab,openiti_work_0255Jahiz.DhammAkhlaqKuttab,2,"[""openiti_dv_0255Jahiz.DhammAkhlaqKuttab.Shamela0010428BK17-ara1"",""openiti_dv_0255Jahiz.DhammAkhlaqKuttab.Shamela0010709BK9-ara2""]",Same OpenITI work URI; retain versions separately.
dup_openiti_work_0255Jahiz.FakhrSudan,openiti_work_0255Jahiz.FakhrSudan,2,"[""openiti_dv_0255Jahiz.FakhrSudan.Shamela0010428BK6-ara1"",""openiti_dv_0255Jahiz.FakhrSudan.Shamela0010709BK7-ara2""]",Same OpenITI work URI; retain versions separately.
dup_openiti_work_0255Jahiz.HasidWaMahsud,openiti_work_0255Jahiz.HasidWaMahsud,2,"[""openiti_dv_0255Jahiz.HasidWaMahsud.Shamela0010428BK20-ara1"",""openiti_dv_0255Jahiz.HasidWaMahsud.Shamela0010670BK2-ara2""]",Same OpenITI work URI; retain versions separately.
dup_openiti_work_0255Jahiz.Hayawan,openiti_work_0255Jahiz.Hayawan,4,"[""openiti_dv_0255Jahiz.Hayawan.JK007068-ara1"",""openiti_dv_0255Jahiz.Hayawan.Masaha002972Vols-ara1"",""openiti_dv_0255Jahiz.Hayawan.ShamAY0033772-ara1"",""openiti_dv_0255Jahiz.Hayawan.Shamela0023775-ara1""]",Same OpenITI work URI; retain versions separately.
dup_openiti_work_0255Jahiz.Hijab,openiti_work_0255Jahiz.Hijab,2,"[""openiti_dv_0255Jahiz.Hijab.Shamela0010428BK14-ara1"",""openiti_dv_0255Jahiz.Hijab.Shamela0010709BK8-ara2""]",Same OpenITI work URI; retain versions separately.
dup_openiti_work_0255Jahiz.IstinjazWacd,openiti_work_0255Jahiz.IstinjazWacd,2,"[""openiti_dv_0255Jahiz.IstinjazWacd.Shamela0010428BK42-ara1"",""openiti_dv_0255Jahiz.IstinjazWacd.Shamela0010670BK20-ara2""]",Same OpenITI work URI; retain versions separately.
dup_openiti_work_0255Jahiz.JaddWaHazl,openiti_work_0255Jahiz.JaddWaHazl,3,"[""openiti_dv_0255Jahiz.JaddWaHazl.Shamela0010428BK34-ara1"",""openiti_dv_0255Jahiz.JaddWaHazl.Shamela0010428BK7-ara1"",""openiti_dv_0255Jahiz.JaddWaHazl.Shamela0010670BK16-ara2""]",Same OpenITI work URI; retain versions separately.
dup_openiti_work_0255Jahiz.KitmanSirr,openiti_work_0255Jahiz.KitmanSirr,2,"[""openiti_dv_0255Jahiz.KitmanSirr.Shamela0010428BK5-ara1"",""openiti_dv_0255Jahiz.KitmanSirr.Shamela0010670BK1-ara2""]",Same OpenITI work URI; retain versions separately.
dup_openiti_work_0255Jahiz.MacadWaMacash,openiti_work_0255Jahiz.MacadWaMacash,3,"[""openiti_dv_0255Jahiz.MacadWaMacash.Shamela0010428BK33-ara1"",""openiti_dv_0255Jahiz.MacadWaMacash.Shamela0010428BK4-ara1"",""openiti_dv_0255Jahiz.MacadWaMacash.Shamela0010709BK1-ara2""]",Same OpenITI work URI; retain versions separately.
dup_openiti_work_0255Jahiz.MadhNabidh,openiti_work_0255Jahiz.MadhNabidh,2,"[""openiti_dv_0255Jahiz.MadhNabidh.Shamela0010428BK23-ara1"",""openiti_dv_0255Jahiz.MadhNabidh.Shamela0010670BK11-ara2""]",Same OpenITI work URI; retain versions separately.
dup_openiti_work_0255Jahiz.MadhTujjar,openiti_work_0255Jahiz.MadhTujjar,2,"[""openiti_dv_0255Jahiz.MadhTujjar.Shamela0010428BK45-ara1"",""openiti_dv_0255Jahiz.MadhTujjar.Shamela0010670BK9-ara2""]",Same OpenITI work URI; retain versions separately.
dup_openiti_work_0255Jahiz.MahasinWaAddad,openiti_work_0255Jahiz.MahasinWaAddad,4,"[""openiti_dv_0255Jahiz.MahasinWaAddad.JK009364-ara1"",""openiti_dv_0255Jahiz.MahasinWaAddad.Masaha002334-ara1"",""openiti_dv_0255Jahiz.MahasinWaAddad.ShamAY0033780-ara1"",""openiti_dv_0255Jahiz.MahasinWaAddad.Shamela0010511-ara2""]",Same OpenITI work URI; retain versions separately.
dup_openiti_work_0255Jahiz.ManaqibTurk,openiti_work_0255Jahiz.ManaqibTurk,3,"[""openiti_dv_0255Jahiz.ManaqibTurk.Shamela0010428BK26-ara1"",""openiti_dv_0255Jahiz.ManaqibTurk.Shamela0010428BK3-ara1"",""openiti_dv_0255Jahiz.ManaqibTurk.Shamela0010709BK6-ara2""]",Same OpenITI work URI; retain versions separately.
dup_openiti_work_0255Jahiz.MawaddaWaKhulta,openiti_work_0255Jahiz.MawaddaWaKhulta,2,"[""openiti_dv_0255Jahiz.MawaddaWaKhulta.Shamela0010428BK40-ara1"",""openiti_dv_0255Jahiz.MawaddaWaKhulta.Shamela0010670BK19-ara2""]",Same OpenITI work URI; retain versions separately.
dup_openiti_work_0255Jahiz.Mucallimin,openiti_work_0255Jahiz.Mucallimin,2,"[""openiti_dv_0255Jahiz.Mucallimin.Shamela0010428BK21-ara1"",""openiti_dv_0255Jahiz.Mucallimin.Shamela0010670BK6-ara2""]",Same OpenITI work URI; retain versions separately.
dup_openiti_work_0255Jahiz.MufakharatJawari,openiti_work_0255Jahiz.MufakharatJawari,2,"[""openiti_dv_0255Jahiz.MufakharatJawari.Shamela0010428BK15-ara1"",""openiti_dv_0255Jahiz.MufakharatJawari.Shamela0010670BK5-ara2""]",Same OpenITI work URI; retain versions separately.
dup_openiti_work_0255Jahiz.Nubl,openiti_work_0255Jahiz.Nubl,2,"[""openiti_dv_0255Jahiz.Nubl.Shamela0010428BK39-ara1"",""openiti_dv_0255Jahiz.Nubl.Shamela0010670BK3-ara2""]",Same OpenITI work URI; retain versions separately.
dup_openiti_work_0255Jahiz.RaddCalaNasara,openiti_work_0255Jahiz.RaddCalaNasara,2,"[""openiti_dv_0255Jahiz.RaddCalaNasara.Shamela0010428BK29-ara1"",""openiti_dv_0255Jahiz.RaddCalaNasara.Shamela0037716-ara1""]",Same OpenITI work URI; retain versions separately.
dup_openiti_work_0255Jahiz.RisalaIlaAbiFaraj,openiti_work_0255Jahiz.RisalaIlaAbiFaraj,2,"[""openiti_dv_0255Jahiz.RisalaIlaAbiFaraj.Shamela0010428BK10-ara1"",""openiti_dv_0255Jahiz.RisalaIlaAbiFaraj.Shamela0010670BK18-ara2""]",Same OpenITI work URI; retain versions separately.
dup_openiti_work_0255Jahiz.SharibWaMashrub,openiti_work_0255Jahiz.SharibWaMashrub,2,"[""openiti_dv_0255Jahiz.SharibWaMashrub.Shamela0010428BK46-ara1"",""openiti_dv_0255Jahiz.SharibWaMashrub.Shamela0010670BK12-ara2""]",Same OpenITI work URI; retain versions separately.
dup_openiti_work_0255Jahiz.SinacatQuwwad,openiti_work_0255Jahiz.SinacatQuwwad,2,"[""openiti_dv_0255Jahiz.SinacatQuwwad.Shamela0010428BK12-ara1"",""openiti_dv_0255Jahiz.SinacatQuwwad.Shamela0010670BK15-ara2""]",Same OpenITI work URI; retain versions separately.
dup_openiti_work_0255Jahiz.TabaqatMughannin,openiti_work_0255Jahiz.TabaqatMughannin,2,"[""openiti_dv_0255Jahiz.TabaqatMughannin.Shamela0010428BK24-ara1"",""openiti_dv_0255Jahiz.TabaqatMughannin.Shamela0010670BK7-ara2""]",Same OpenITI work URI; retain versions separately.
dup_openiti_work_0255Jahiz.TabsiraBiTijara,openiti_work_0255Jahiz.TabsiraBiTijara,2,"[""openiti_dv_0255Jahiz.TabsiraBiTijara.JK009177-ara1"",""openiti_dv_0255Jahiz.TabsiraBiTijara.Shamela0006956-ara1""]",Same OpenITI work URI; retain versions separately.
dup_openiti_work_0255Jahiz.TafdilBatn,openiti_work_0255Jahiz.TafdilBatn,2,"[""openiti_dv_0255Jahiz.TafdilBatn.Shamela0010428BK38-ara1"",""openiti_dv_0255Jahiz.TafdilBatn.Shamela0010670BK4-ara2""]",Same OpenITI work URI; retain versions separately.
dup_openiti_work_0255Jahiz.TafdilNutq,openiti_work_0255Jahiz.TafdilNutq,2,"[""openiti_dv_0255Jahiz.TafdilNutq.Shamela0010428BK43-ara1"",""openiti_dv_0255Jahiz.TafdilNutq.Shamela0010670BK14-ara2""]",Same OpenITI work URI; retain versions separately.
dup_openiti_work_0255Jahiz.TajFiAkhlaq,openiti_work_0255Jahiz.TajFiAkhlaq,2,"[""openiti_dv_0255Jahiz.TajFiAkhlaq.JK010587-ara1"",""openiti_dv_0255Jahiz.TajFiAkhlaq.Shamela0022623-ara1""]",Same OpenITI work URI; retain versions separately.
dup_openiti_work_0255Jahiz.TarbicWaTadwir,openiti_work_0255Jahiz.TarbicWaTadwir,2,"[""openiti_dv_0255Jahiz.TarbicWaTadwir.Shamela0010428BK22-ara1"",""openiti_dv_0255Jahiz.TarbicWaTadwir.Shamela0010670BK21-ara2""]",Same OpenITI work URI; retain versions separately.
dup_openiti_work_0255Jahiz.Wukala,openiti_work_0255Jahiz.Wukala,2,"[""openiti_dv_0255Jahiz.Wukala.Shamela0010428BK35-ara1"",""openiti_dv_0255Jahiz.Wukala.Shamela0010670BK8-ara2""]",Same OpenITI work URI; retain versions separately.
dup_openiti_work_0256Bukhari.AdabMufrad,openiti_work_0256Bukhari.AdabMufrad,4,"[""openiti_dv_0256Bukhari.AdabMufrad.JK000011-ara1"",""openiti_dv_0256Bukhari.AdabMufrad.Shamela0009647-ara1"",""openiti_dv_0256Bukhari.AdabMufrad.Shamela0012991-ara1"",""openiti_dv_0256Bukhari.AdabMufrad.Shia001922-ara1""]",Same OpenITI work URI; retain versions separately.
dup_openiti_work_0256Bukhari.DucafaSaghir,openiti_work_0256Bukhari.DucafaSaghir,3,"[""openiti_dv_0256Bukhari.DucafaSaghir.JK000507-ara1"",""openiti_dv_0256Bukhari.DucafaSaghir.Shamela0010542-ara1"",""openiti_dv_0256Bukhari.DucafaSaghir.Shia003070-ara1""]",Same OpenITI work URI; retain versions separately.
dup_openiti_work_0256Bukhari.KhalqAfcal,openiti_work_0256Bukhari.KhalqAfcal,3,"[""openiti_dv_0256Bukhari.KhalqAfcal.JK000546-ara1"",""openiti_dv_0256Bukhari.KhalqAfcal.Shamela0009697-ara1"",""openiti_dv_0256Bukhari.KhalqAfcal.Shia001923-ara1""]",Same OpenITI work URI; retain versions separately.
dup_openiti_work_0256Bukhari.QiraaKhalfaImam,openiti_work_0256Bukhari.QiraaKhalfaImam,2,"[""openiti_dv_0256Bukhari.QiraaKhalfaImam.JK011410-ara1"",""openiti_dv_0256Bukhari.QiraaKhalfaImam.Shamela0008218-ara1""]",Same OpenITI work URI; retain versions separately.
dup_openiti_work_0256Bukhari.QuratCaynanyn,openiti_work_0256Bukhari.QuratCaynanyn,2,"[""openiti_dv_0256Bukhari.QuratCaynanyn.JK000472-ara1"",""openiti_dv_0256Bukhari.QuratCaynanyn.Shamela0001613-ara1""]",Same OpenITI work URI; retain versions separately.
dup_openiti_work_0256Bukhari.Sahih,openiti_work_0256Bukhari.Sahih,3,"[""openiti_dv_0256Bukhari.Sahih.JK000110-ara1"",""openiti_dv_0256Bukhari.Sahih.Shamela0001681-ara1"",""openiti_dv_0256Bukhari.Sahih.Shia001715Vols-ara1""]",Same OpenITI work URI; retain versions separately.
dup_openiti_work_0256Bukhari.TarikhKabir,openiti_work_0256Bukhari.TarikhKabir,6,"[""openiti_dv_0256Bukhari.TarikhKabir.JK000133-ara1"",""openiti_dv_0256Bukhari.TarikhKabir.JK000518-ara1"",""openiti_dv_0256Bukhari.TarikhKabir.Shamela0000956-ara1"",""openiti_dv_0256Bukhari.TarikhKabir.Shamela0012823-ara1"",""openiti_dv_0256Bukhari.TarikhKabir.Shia003062Vols-ara1"",""openiti_dv_0256Bukhari.TarikhKabir.Shia003071-ara1""]",Same OpenITI work URI; retain versions separately.
dup_openiti_work_0256Bukhari.TarikhSaghir,openiti_work_0256Bukhari.TarikhSaghir,3,"[""openiti_dv_0256Bukhari.TarikhSaghir.JK000531-ara1"",""openiti_dv_0256Bukhari.TarikhSaghir.Shamela0005782-ara1"",""openiti_dv_0256Bukhari.TarikhSaghir.Shia003060Vols-ara1""]",Same OpenITI work URI; retain versions separately.
dup_openiti_work_0256ZubayrIbnBakkar.JamharatNasabQuraysh,openiti_work_0256ZubayrIbnBakkar.JamharatNasabQuraysh,2,"[""openiti_dv_0256ZubayrIbnBakkar.JamharatNasabQuraysh.JK010495-ara1"",""openiti_dv_0256ZubayrIbnBakkar.JamharatNasabQuraysh.Shamela0026525-ara1""]",Same OpenITI work URI; retain versions separately.
dup_openiti_work_0256ZubayrIbnBakkar.Muntakhab,openiti_work_0256ZubayrIbnBakkar.Muntakhab,2,"[""openiti_dv_0256ZubayrIbnBakkar.Muntakhab.JK000668-ara1"",""openiti_dv_0256ZubayrIbnBakkar.Muntakhab.Shamela0006599-ara1""]",Same OpenITI work URI; retain versions separately.
dup_openiti_work_0257IbnCabdHakam.FutuhMisr,openiti_work_0257IbnCabdHakam.FutuhMisr,4,"[""openiti_dv_0257IbnCabdHakam.FutuhMisr.JK001049-ara1"",""openiti_dv_0257IbnCabdHakam.FutuhMisr.Masaha004429-ara1"",""openiti_dv_0257IbnCabdHakam.FutuhMisr.Shamela0011404-ara1"",""openiti_dv_0257IbnCabdHakam.FutuhMisr.Shia003460-ara1""]",Same OpenITI work URI; retain versions separately.
dup_openiti_work_0258IbnYahyaNaysaburi.Juz,openiti_work_0258IbnYahyaNaysaburi.Juz,2,"[""openiti_dv_0258IbnYahyaNaysaburi.Juz.Shamela0021684-ara1"",""openiti_dv_0258IbnYahyaNaysaburi.Juz.Shamela0030368-ara1""]",Same OpenITI work URI; retain versions separately.
dup_openiti_work_0259HunaynIbnIshaq.JalinusFiCamalTashrih,openiti_work_0259HunaynIbnIshaq.JalinusFiCamalTashrih,2,"[""openiti_dv_0259HunaynIbnIshaq.JalinusFiCamalTashrih.GRAR000080-ara1"",""openiti_dv_0259HunaynIbnIshaq.JalinusFiCamalTashrih.GRAR000081-ara1""]",Same OpenITI work URI; retain versions separately.
dup_openiti_work_0259HunaynIbnIshaq.SharhJalinusLiIfidhimiya,openiti_work_0259HunaynIbnIshaq.SharhJalinusLiIfidhimiya,2,"[""openiti_dv_0259HunaynIbnIshaq.SharhJalinusLiIfidhimiya.GRAR000085-ara1"",""openiti_dv_0259HunaynIbnIshaq.SharhJalinusLiIfidhimiya.GRAR000086-ara1""]",Same OpenITI work URI; retain versions separately.
dup_openiti_work_0259IbnYacqubJuzjani.AhwalRijal,openiti_work_0259IbnYacqubJuzjani.AhwalRijal,3,"[""openiti_dv_0259IbnYacqubJuzjani.AhwalRijal.JK000664-ara1"",""openiti_dv_0259IbnYacqubJuzjani.AhwalRijal.ShamAY0034603-ara1"",""openiti_dv_0259IbnYacqubJuzjani.AhwalRijal.Shamela0025803-ara1""]",Same OpenITI work URI; retain versions separately.
dup_openiti_work_0259IbnYacqubJuzjani.AmaratNubuwwa,openiti_work_0259IbnYacqubJuzjani.AmaratNubuwwa,3,"[""openiti_dv_0259IbnYacqubJuzjani.AmaratNubuwwa.ShamAY0032910-ara1"",""openiti_dv_0259IbnYacqubJuzjani.AmaratNubuwwa.ShamAY0033696-ara1"",""openiti_dv_0259IbnYacqubJuzjani.AmaratNubuwwa.Shamela0004096-ara1""]",Same OpenITI work URI; retain versions separately.
dup_openiti_work_0260AbuCaliZacfarani.MusnadBilal,openiti_work_0260AbuCaliZacfarani.MusnadBilal,4,"[""openiti_dv_0260AbuCaliZacfarani.MusnadBilal.JK000619-ara1"",""openiti_dv_0260AbuCaliZacfarani.MusnadBilal.ShamAY0033912-ara1"",""openiti_dv_0260AbuCaliZacfarani.MusnadBilal.Shamela0013165-ara1"",""openiti_dv_0260AbuCaliZacfarani.MusnadBilal.Shia001924-ara1""]",Same OpenITI work URI; retain versions separately.
dup_openiti_work_0261AbuHasanCijli.MacrifatThiqat,openiti_work_0261AbuHasanCijli.MacrifatThiqat,4,"[""openiti_dv_0261AbuHasanCijli.MacrifatThiqat.JK000497-ara1"",""openiti_dv_0261AbuHasanCijli.MacrifatThiqat.Shamela0005825-ara1"",""openiti_dv_0261AbuHasanCijli.MacrifatThiqat.Shamela0009170-ara1"",""openiti_dv_0261AbuHasanCijli.MacrifatThiqat.Shia003072Vols-ara1""]",Same OpenITI work URI; retain versions separately.
dup_openiti_work_0261Muslim.KunaWaAsma,openiti_work_0261Muslim.KunaWaAsma,2,"[""openiti_dv_0261Muslim.KunaWaAsma.JK000826-ara1"",""openiti_dv_0261Muslim.KunaWaAsma.Shamela0007340-ara1""]",Same OpenITI work URI; retain versions separately.
dup_openiti_work_0261Muslim.Munfaridat,openiti_work_0261Muslim.Munfaridat,3,"[""openiti_dv_0261Muslim.Munfaridat.JK000512-ara1"",""openiti_dv_0261Muslim.Munfaridat.Shamela0005837-ara1"",""openiti_dv_0261Muslim.Munfaridat.Shia001925-ara1""]",Same OpenITI work URI; retain versions separately.
dup_openiti_work_0261Muslim.Sahih,openiti_work_0261Muslim.Sahih,4,"[""openiti_dv_0261Muslim.Sahih.JK000109-ara1"",""openiti_dv_0261Muslim.Sahih.ShamAY0033938-ara2"",""openiti_dv_0261Muslim.Sahih.Shamela0001727-ara1"",""openiti_dv_0261Muslim.Sahih.Shia001723Vols-ara3""]",Same OpenITI work URI; retain versions separately.
dup_openiti_work_0261Muslim.Tamyiz,openiti_work_0261Muslim.Tamyiz,3,"[""openiti_dv_0261Muslim.Tamyiz.JK000741-ara1"",""openiti_dv_0261Muslim.Tamyiz.ShamAY0034142-ara1"",""openiti_dv_0261Muslim.Tamyiz.Shamela0006048-ara1""]",Same OpenITI work URI; retain versions separately.
dup_openiti_work_0262CumarIbnShabba.TarikhMadina,openiti_work_0262CumarIbnShabba.TarikhMadina,4,"[""openiti_dv_0262CumarIbnShabba.TarikhMadina.JK003505-ara1"",""openiti_dv_0262CumarIbnShabba.TarikhMadina.ShamAY0033814-ara1"",""openiti_dv_0262CumarIbnShabba.TarikhMadina.Shamela0013086-ara1"",""openiti_dv_0262CumarIbnShabba.TarikhMadina.Shia003461Vols-ara1""]",Same OpenITI work URI; retain versions separately.
dup_openiti_work_0262IbnCasimIsbahani.Juz,openiti_work_0262IbnCasimIsbahani.Juz,3,"[""openiti_dv_0262IbnCasimIsbahani.Juz.JK000593-ara1"",""openiti_dv_0262IbnCasimIsbahani.Juz.Shamela0009314-ara1"",""openiti_dv_0262IbnCasimIsbahani.Juz.Shia001926-ara1""]",Same OpenITI work URI; retain versions separately.
dup_openiti_work_0262YacqubIbnShayba.MusnadCumarIbnKhattab,openiti_work_0262YacqubIbnShayba.MusnadCumarIbnKhattab,3,"[""openiti_dv_0262YacqubIbnShayba.MusnadCumarIbnKhattab.JK000713-ara1"",""openiti_dv_0262YacqubIbnShayba.MusnadCumarIbnKhattab.ShamAY0033697-ara1"",""openiti_dv_0262YacqubIbnShayba.MusnadCumarIbnKhattab.Shamela0013172-ara1""]",Same OpenITI work URI; retain versions separately.
dup_openiti_work_0264IbnYahyaMuzani.Mukhtasar,openiti_work_0264IbnYahyaMuzani.Mukhtasar,3,"[""openiti_dv_0264IbnYahyaMuzani.Mukhtasar.JK001504-ara1"",""openiti_dv_0264IbnYahyaMuzani.Mukhtasar.Shamela0001661-ara1"",""openiti_dv_0264IbnYahyaMuzani.Mukhtasar.Shia000828-ara1""]",Same OpenITI work URI; retain versions separately.
dup_openiti_work_0264IbnYahyaMuzani.SharhSunna,openiti_work_0264IbnYahyaMuzani.SharhSunna,2,"[""openiti_dv_0264IbnYahyaMuzani.SharhSunna.JK001225-ara1"",""openiti_dv_0264IbnYahyaMuzani.SharhSunna.Shamela0006484-ara1""]",Same OpenITI work URI; retain versions separately.
dup_openiti_work_0265SalihIbnHanbal.SiratImam,openiti_work_0265SalihIbnHanbal.SiratImam,2,"[""openiti_dv_0265SalihIbnHanbal.SiratImam.JK001102-ara1"",""openiti_dv_0265SalihIbnHanbal.SiratImam.Shamela0006655-ara1""]",Same OpenITI work URI; retain versions separately.
dup_openiti_work_0267HammadIbnIshaq.TarikatNabi,openiti_work_0267HammadIbnIshaq.TarikatNabi,3,"[""openiti_dv_0267HammadIbnIshaq.TarikatNabi.JK000640-ara1"",""openiti_dv_0267HammadIbnIshaq.TarikatNabi.Shamela0022657-ara1"",""openiti_dv_0267HammadIbnIshaq.TarikatNabi.Shia001927-ara1""]",Same OpenITI work URI; retain versions separately.
dup_openiti_work_0270IbnCaffanKufi.AmaliWaQiraa,openiti_work_0270IbnCaffanKufi.AmaliWaQiraa,2,"[""openiti_dv_0270IbnCaffanKufi.AmaliWaQiraa.JK000588-ara1"",""openiti_dv_0270IbnCaffanKufi.AmaliWaQiraa.Shamela0012998-ara1""]",Same OpenITI work URI; retain versions separately.
dup_openiti_work_0271CabbasDuri.TarikhIbnMacin,openiti_work_0271CabbasDuri.TarikhIbnMacin,4,"[""openiti_dv_0271CabbasDuri.TarikhIbnMacin.JK000855-ara1"",""openiti_dv_0271CabbasDuri.TarikhIbnMacin.ShamAY0038167-ara3"",""openiti_dv_0271CabbasDuri.TarikhIbnMacin.Shamela0003508-ara1"",""openiti_dv_0271CabbasDuri.TarikhIbnMacin.Shia003053Vols-ara2""]",Same OpenITI work URI; retain versions separately.
dup_openiti_work_0272IbnCassamIsbahani.JuzIbnCassam,openiti_work_0272IbnCassamIsbahani.JuzIbnCassam,2,"[""openiti_dv_0272IbnCassamIsbahani.JuzIbnCassam.JK000828-ara1"",""openiti_dv_0272IbnCassamIsbahani.JuzIbnCassam.Shamela0009051-ara1""]",Same OpenITI work URI; retain versions separately.
dup_openiti_work_0272IbnIshaqFakihi.AkhbarMakka,openiti_work_0272IbnIshaqFakihi.AkhbarMakka,3,"[""openiti_dv_0272IbnIshaqFakihi.AkhbarMakka.JK000934-ara1"",""openiti_dv_0272IbnIshaqFakihi.AkhbarMakka.Masaha004538Vols-ara1"",""openiti_dv_0272IbnIshaqFakihi.AkhbarMakka.Shamela0022579-ara1""]",Same OpenITI work URI; retain versions separately.
dup_openiti_work_0273AbuUmayyaTarsusi.MusnadCabdAllahIbnCumar,openiti_work_0273AbuUmayyaTarsusi.MusnadCabdAllahIbnCumar,2,"[""openiti_dv_0273AbuUmayyaTarsusi.MusnadCabdAllahIbnCumar.JK000774-ara1"",""openiti_dv_0273AbuUmayyaTarsusi.MusnadCabdAllahIbnCumar.Shamela0013169-ara1""]",Same OpenITI work URI; retain versions separately.
dup_openiti_work_0273HanbalIbnIshaqShaybani.Fitan,openiti_work_0273HanbalIbnIshaqShaybani.Fitan,2,"[""openiti_dv_0273HanbalIbnIshaqShaybani.Fitan.JK001081-ara1"",""openiti_dv_0273HanbalIbnIshaqShaybani.Fitan.Shamela0013046-ara1""]",Same OpenITI work URI; retain versions separately.
dup_openiti_work_0273IbnMaja.Sunan,openiti_work_0273IbnMaja.Sunan,5,"[""openiti_dv_0273IbnMaja.Sunan.JK000141-ara1"",""openiti_dv_0273IbnMaja.Sunan.ShamAY0033959-ara1"",""openiti_dv_0273IbnMaja.Sunan.Shamela0001198-ara1"",""openiti_dv_0273IbnMaja.Sunan.Shamela0098138-ara1"",""openiti_dv_0273IbnMaja.Sunan.Shia001731Vols-ara1""]",Same OpenITI work URI; retain versions separately.
dup_openiti_work_0275AbuBakrMarrudhi.Warac,openiti_work_0275AbuBakrMarrudhi.Warac,4,"[""openiti_dv_0275AbuBakrMarrudhi.Warac.JK000307-ara2"",""openiti_dv_0275AbuBakrMarrudhi.Warac.JK001283-ara1"",""openiti_dv_0275AbuBakrMarrudhi.Warac.ShamAY0033617-ara1"",""openiti_dv_0275AbuBakrMarrudhi.Warac.Shamela0006785-ara1""]",Same OpenITI work URI; retain versions separately.
dup_openiti_work_0275AbuDawudSijistani.Marasil,openiti_work_0275AbuDawudSijistani.Marasil,3,"[""openiti_dv_0275AbuDawudSijistani.Marasil.JK000766-ara1"",""openiti_dv_0275AbuDawudSijistani.Marasil.ShamAY0033999-ara1"",""openiti_dv_0275AbuDawudSijistani.Marasil.Shamela0013063-ara1""]",Same OpenITI work URI; retain versions separately.
dup_openiti_work_0275AbuDawudSijistani.MasailImamAhmad,openiti_work_0275AbuDawudSijistani.MasailImamAhmad,2,"[""openiti_dv_0275AbuDawudSijistani.MasailImamAhmad.ShamAY0034273-ara1"",""openiti_dv_0275AbuDawudSijistani.MasailImamAhmad.Shamela0021487-ara1""]",Same OpenITI work URI; retain versions separately.
dup_openiti_work_0275AbuDawudSijistani.RisalaIlaAhlMakka,openiti_work_0275AbuDawudSijistani.RisalaIlaAhlMakka,3,"[""openiti_dv_0275AbuDawudSijistani.RisalaIlaAhlMakka.JK000751-ara1"",""openiti_dv_0275AbuDawudSijistani.RisalaIlaAhlMakka.Shamela0006013-ara1"",""openiti_dv_0275AbuDawudSijistani.RisalaIlaAhlMakka.Shia001928-ara1""]",Same OpenITI work URI; retain versions separately.
dup_openiti_work_0275AbuDawudSijistani.SualatAjurri,openiti_work_0275AbuDawudSijistani.SualatAjurri,5,"[""openiti_dv_0275AbuDawudSijistani.SualatAjurri.JK000528-ara1"",""openiti_dv_0275AbuDawudSijistani.SualatAjurri.ShamAY0034161-ara1"",""openiti_dv_0275AbuDawudSijistani.SualatAjurri.ShamAY0034622-ara2"",""openiti_dv_0275AbuDawudSijistani.SualatAjurri.Shamela0011236-ara1"",""openiti_dv_0275AbuDawudSijistani.SualatAjurri.Shia001929Vols-ara1""]",Same OpenITI work URI; retain versions separately.
dup_openiti_work_0275AbuDawudSijistani.Sunan,openiti_work_0275AbuDawudSijistani.Sunan,5,"[""openiti_dv_0275AbuDawudSijistani.Sunan.JK000142-ara1"",""openiti_dv_0275AbuDawudSijistani.Sunan.ShamAY0033960-ara1"",""openiti_dv_0275AbuDawudSijistani.Sunan.Shamela0001726-ara1"",""openiti_dv_0275AbuDawudSijistani.Sunan.Shamela0117359-ara1"",""openiti_dv_0275AbuDawudSijistani.Sunan.Shia001733Vols-ara1""]",Same OpenITI work URI; retain versions separately.
dup_openiti_work_0275AbuDawudSijistani.Zuhd,openiti_work_0275AbuDawudSijistani.Zuhd,2,"[""openiti_dv_0275AbuDawudSijistani.Zuhd.JK011358-ara1"",""openiti_dv_0275AbuDawudSijistani.Zuhd.Shamela0008215-ara1""]",Same OpenITI work URI; retain versions separately.
dup_openiti_work_0276IbnMukhalladQurtubi.MaRuwiyaFiHawd,openiti_work_0276IbnMukhalladQurtubi.MaRuwiyaFiHawd,4,"[""openiti_dv_0276IbnMukhalladQurtubi.MaRuwiyaFiHawd.JK000730-ara1"",""openiti_dv_0276IbnMukhalladQurtubi.MaRuwiyaFiHawd.JK000731-ara1"",""openiti_dv_0276IbnMukhalladQurtubi.MaRuwiyaFiHawd.Shamela0013015-ara1"",""openiti_dv_0276IbnMukhalladQurtubi.MaRuwiyaFiHawd.Shia001932-ara1""]",Same OpenITI work URI; retain versions separately.
dup_openiti_work_0276IbnQutaybaDinawari.AdabKatib,openiti_work_0276IbnQutaybaDinawari.AdabKatib,3,"[""openiti_dv_0276IbnQutaybaDinawari.AdabKatib.JK000973-ara1"",""openiti_dv_0276IbnQutaybaDinawari.AdabKatib.ShamAY0033771-ara1"",""openiti_dv_0276IbnQutaybaDinawari.AdabKatib.Shamela0026349-ara1""]",Same OpenITI work URI; retain versions separately.
dup_openiti_work_0276IbnQutaybaDinawari.AshribaWaIkhtilafFiha,openiti_work_0276IbnQutaybaDinawari.AshribaWaIkhtilafFiha,2,"[""openiti_dv_0276IbnQutaybaDinawari.AshribaWaIkhtilafFiha.JK010767-ara1"",""openiti_dv_0276IbnQutaybaDinawari.AshribaWaIkhtilafFiha.Shamela0025793-ara2""]",Same OpenITI work URI; retain versions separately.
dup_openiti_work_0276IbnQutaybaDinawari.CuyunAkhbar,openiti_work_0276IbnQutaybaDinawari.CuyunAkhbar,2,"[""openiti_dv_0276IbnQutaybaDinawari.CuyunAkhbar.JK010342-ara1"",""openiti_dv_0276IbnQutaybaDinawari.CuyunAkhbar.Shamela0023790-ara1""]",Same OpenITI work URI; retain versions separately.
dup_openiti_work_0276IbnQutaybaDinawari.GharibHadith,openiti_work_0276IbnQutaybaDinawari.GharibHadith,3,"[""openiti_dv_0276IbnQutaybaDinawari.GharibHadith.JK000756-ara1"",""openiti_dv_0276IbnQutaybaDinawari.GharibHadith.Shamela0007012-ara1"",""openiti_dv_0276IbnQutaybaDinawari.GharibHadith.Shia003901Vols-ara2""]",Same OpenITI work URI; retain versions separately.
dup_openiti_work_0276IbnQutaybaDinawari.GharibQuran,openiti_work_0276IbnQutaybaDinawari.GharibQuran,2,"[""openiti_dv_0276IbnQutaybaDinawari.GharibQuran.Shamela0003259-ara1"",""openiti_dv_0276IbnQutaybaDinawari.GharibQuran.Shamela0023621-ara1""]",Same OpenITI work URI; retain versions separately.
dup_openiti_work_0276IbnQutaybaDinawari.ImamaWaSiyasa,openiti_work_0276IbnQutaybaDinawari.ImamaWaSiyasa,4,"[""openiti_dv_0276IbnQutaybaDinawari.ImamaWaSiyasa.JK001030-ara1"",""openiti_dv_0276IbnQutaybaDinawari.ImamaWaSiyasa.Masaha003372Vols-ara1"",""openiti_dv_0276IbnQutaybaDinawari.ImamaWaSiyasa.Shia003671Vols-ara1"",""openiti_dv_0276IbnQutaybaDinawari.ImamaWaSiyasa.Shia003673Vols-ara1""]",Same OpenITI work URI; retain versions separately.
dup_openiti_work_0276IbnQutaybaDinawari.MacaniKabir,openiti_work_0276IbnQutaybaDinawari.MacaniKabir,2,"[""openiti_dv_0276IbnQutaybaDinawari.MacaniKabir.JK010597-ara2"",""openiti_dv_0276IbnQutaybaDinawari.MacaniKabir.Shamela0025837-ara1""]",Same OpenITI work URI; retain versions separately.
dup_openiti_work_0276IbnQutaybaDinawari.Macarif,openiti_work_0276IbnQutaybaDinawari.Macarif,3,"[""openiti_dv_0276IbnQutaybaDinawari.Macarif.JK001136-ara1"",""openiti_dv_0276IbnQutaybaDinawari.Macarif.Shamela0012129-ara1"",""openiti_dv_0276IbnQutaybaDinawari.Macarif.Shia003424-ara1""]",Same OpenITI work URI; retain versions separately.
dup_openiti_work_0276IbnQutaybaDinawari.ShicrWaShucara,openiti_work_0276IbnQutaybaDinawari.ShicrWaShucara,2,"[""openiti_dv_0276IbnQutaybaDinawari.ShicrWaShucara.JK010554-ara2"",""openiti_dv_0276IbnQutaybaDinawari.ShicrWaShucara.Shamela0023785-ara1""]",Same OpenITI work URI; retain versions separately.
dup_openiti_work_0276IbnQutaybaDinawari.TawilMukhtalafHadith,openiti_work_0276IbnQutaybaDinawari.TawilMukhtalafHadith,3,"[""openiti_dv_0276IbnQutaybaDinawari.TawilMukhtalafHadith.JK000561-ara1"",""openiti_dv_0276IbnQutaybaDinawari.TawilMukhtalafHadith.Shamela0007292-ara1"",""openiti_dv_0276IbnQutaybaDinawari.TawilMukhtalafHadith.Shia001931-ara1""]",Same OpenITI work URI; retain versions separately.
dup_openiti_work_0277AbuHatimRazi.Zuhd,openiti_work_0277AbuHatimRazi.Zuhd,2,"[""openiti_dv_0277AbuHatimRazi.Zuhd.JK011357-ara1"",""openiti_dv_0277AbuHatimRazi.Zuhd.Shamela0003525-ara1""]",Same OpenITI work URI; retain versions separately.
dup_openiti_work_0277IbnSufyanFasawi.MacrifaWaTarikh,openiti_work_0277IbnSufyanFasawi.MacrifaWaTarikh,3,"[""openiti_dv_0277IbnSufyanFasawi.MacrifaWaTarikh.JK003510-ara1"",""openiti_dv_0277IbnSufyanFasawi.MacrifaWaTarikh.JK010384-ara1"",""openiti_dv_0277IbnSufyanFasawi.MacrifaWaTarikh.Shamela0012403-ara1""]",Same OpenITI work URI; retain versions separately.
dup_openiti_work_0277IbnSufyanFasawi.Mashyakha,openiti_work_0277IbnSufyanFasawi.Mashyakha,2,"[""openiti_dv_0277IbnSufyanFasawi.Mashyakha.ShamAY0038035-ara1"",""openiti_dv_0277IbnSufyanFasawi.Mashyakha.Shamela0021670-ara1""]",Same OpenITI work URI; retain versions separately.
dup_openiti_work_0279Baladhuri.AnsabAshraf,openiti_work_0279Baladhuri.AnsabAshraf,3,"[""openiti_dv_0279Baladhuri.AnsabAshraf.JK010481-ara2"",""openiti_dv_0279Baladhuri.AnsabAshraf.Shamela0009773-ara1"",""openiti_dv_0279Baladhuri.AnsabAshraf.Shia003425-ara1""]",Same OpenITI work URI; retain versions separately.
dup_openiti_work_0279Baladhuri.FutuhBuldan,openiti_work_0279Baladhuri.FutuhBuldan,6,"[""openiti_dv_0279Baladhuri.FutuhBuldan.JK000399-ara1"",""openiti_dv_0279Baladhuri.FutuhBuldan.Masaha002329Vols-ara1"",""openiti_dv_0279Baladhuri.FutuhBuldan.Rafed0002401-ara1"",""openiti_dv_0279Baladhuri.FutuhBuldan.ShamAY0033821-ara2"",""openiti_dv_0279Baladhuri.FutuhBuldan.Shamela0012221-ara1"",""openiti_dv_0279Baladhuri.FutuhBuldan.Shia003465Vols-ara2""]",Same OpenITI work URI; retain versions separately.
dup_openiti_work_0279IbnAbiKhaythama.TarikhKabir,openiti_work_0279IbnAbiKhaythama.TarikhKabir,3,"[""openiti_dv_0279IbnAbiKhaythama.TarikhKabir.JK007002-ara1"",""openiti_dv_0279IbnAbiKhaythama.TarikhKabir.Shamela0001440Vols-ara1"",""openiti_dv_0279IbnAbiKhaythama.TarikhKabir.Shamela0005876-ara1""]",Same OpenITI work URI; retain versions separately.
dup_openiti_work_0279Tirmidhi.CilalKabir,openiti_work_0279Tirmidhi.CilalKabir,2,"[""openiti_dv_0279Tirmidhi.CilalKabir.JK000679-ara1"",""openiti_dv_0279Tirmidhi.CilalKabir.Shamela0013131-ara1""]",Same OpenITI work URI; retain versions separately.
dup_openiti_work_0279Tirmidhi.CilalSaghir,openiti_work_0279Tirmidhi.CilalSaghir,2,"[""openiti_dv_0279Tirmidhi.CilalSaghir.JK000558-ara1"",""openiti_dv_0279Tirmidhi.CilalSaghir.Shamela0005897-ara1""]",Same OpenITI work URI; retain versions separately.
dup_openiti_work_0279Tirmidhi.ShamailMuhammadiyya,openiti_work_0279Tirmidhi.ShamailMuhammadiyya,5,"[""openiti_dv_0279Tirmidhi.ShamailMuhammadiyya.JK000139-ara1"",""openiti_dv_0279Tirmidhi.ShamailMuhammadiyya.ShamAY0038142-ara1"",""openiti_dv_0279Tirmidhi.ShamailMuhammadiyya.Shamela0013037-ara1"",""openiti_dv_0279Tirmidhi.ShamailMuhammadiyya.Shamela0023647-ara1"",""openiti_dv_0279Tirmidhi.ShamailMuhammadiyya.Shia001933-ara1""]",Same OpenITI work URI; retain versions separately.
dup_openiti_work_0279Tirmidhi.Sunan,openiti_work_0279Tirmidhi.Sunan,4,"[""openiti_dv_0279Tirmidhi.Sunan.JK000140-ara1"",""openiti_dv_0279Tirmidhi.Sunan.Shamela0001435-ara1"",""openiti_dv_0279Tirmidhi.Sunan.Shamela0007895-ara2"",""openiti_dv_0279Tirmidhi.Sunan.Shia001735Vols-ara3""]",Same OpenITI work URI; retain versions separately.
dup_openiti_work_0280AbuCabbasBirti.MusnadIbnCawf,openiti_work_0280AbuCabbasBirti.MusnadIbnCawf,2,"[""openiti_dv_0280AbuCabbasBirti.MusnadIbnCawf.JK000575-ara1"",""openiti_dv_0280AbuCabbasBirti.MusnadIbnCawf.Shamela0013168-ara1""]",Same OpenITI work URI; retain versions separately.
dup_openiti_work_0280CuthmanIbnSacidDarimi.NaqdImam,openiti_work_0280CuthmanIbnSacidDarimi.NaqdImam,3,"[""openiti_dv_0280CuthmanIbnSacidDarimi.NaqdImam.JK001333-ara1"",""openiti_dv_0280CuthmanIbnSacidDarimi.NaqdImam.Sham19Y0018091-ara1"",""openiti_dv_0280CuthmanIbnSacidDarimi.NaqdImam.Shamela0008680-ara1""]",Same OpenITI work URI; retain versions separately.
dup_openiti_work_0280CuthmanIbnSacidDarimi.RaddCalaJahmiyya,openiti_work_0280CuthmanIbnSacidDarimi.RaddCalaJahmiyya,3,"[""openiti_dv_0280CuthmanIbnSacidDarimi.RaddCalaJahmiyya.JK001435-ara1"",""openiti_dv_0280CuthmanIbnSacidDarimi.RaddCalaJahmiyya.Sham19Y0018089-ara1"",""openiti_dv_0280CuthmanIbnSacidDarimi.RaddCalaJahmiyya.Shamela0013023-ara1""]",Same OpenITI work URI; retain versions separately.
dup_openiti_work_0280CuthmanIbnSacidDarimi.TarikhIbnMacin,openiti_work_0280CuthmanIbnSacidDarimi.TarikhIbnMacin,4,"[""openiti_dv_0280CuthmanIbnSacidDarimi.TarikhIbnMacin.JK000856-ara1"",""openiti_dv_0280CuthmanIbnSacidDarimi.TarikhIbnMacin.ShamAY0034154-ara2"",""openiti_dv_0280CuthmanIbnSacidDarimi.TarikhIbnMacin.Shamela0000148-ara1"",""openiti_dv_0280CuthmanIbnSacidDarimi.TarikhIbnMacin.Shia003052-ara1""]",Same OpenITI work URI; retain versions separately.
dup_openiti_work_0280HudHawwari.Tafsir,openiti_work_0280HudHawwari.Tafsir,2,"[""openiti_dv_0280HudHawwari.Tafsir.ShamIbadiyya0000194-ara1"",""openiti_dv_0280HudHawwari.Tafsir.Tafsir06048-ara1""]",Same OpenITI work URI; retain versions separately.
dup_openiti_work_0280IbnIsmacilKirmani.MasailHarb,openiti_work_0280IbnIsmacilKirmani.MasailHarb,5,"[""openiti_dv_0280IbnIsmacilKirmani.MasailHarb.Sham19Y0013262-ara1"",""openiti_dv_0280IbnIsmacilKirmani.MasailHarb.Sham19Y0013977-ara1"",""openiti_dv_0280IbnIsmacilKirmani.MasailHarb.Sham19Y0017844-ara1"",""openiti_dv_0280IbnIsmacilKirmani.MasailHarb.ShamAY0034256-ara1"",""openiti_dv_0280IbnIsmacilKirmani.MasailHarb.Shamela0012527-ara1""]",Same OpenITI work URI; retain versions separately.
dup_openiti_work_0280IbnTayfur.Baghdad,openiti_work_0280IbnTayfur.Baghdad,2,"[""openiti_dv_0280IbnTayfur.Baghdad.JK009181-ara1"",""openiti_dv_0280IbnTayfur.Baghdad.Shamela0005880-ara1""]",Same OpenITI work URI; retain versions separately.
dup_openiti_work_0280IbnTayfur.BallaghatNisa,openiti_work_0280IbnTayfur.BallaghatNisa,3,"[""openiti_dv_0280IbnTayfur.BallaghatNisa.JK010566-ara1"",""openiti_dv_0280IbnTayfur.BallaghatNisa.Shamela0012848-ara1"",""openiti_dv_0280IbnTayfur.BallaghatNisa.Shia003485-ara1""]",Same OpenITI work URI; retain versions separately.
dup_openiti_work_0281AbuZurcaDimashqi.Tarikh,openiti_work_0281AbuZurcaDimashqi.Tarikh,2,"[""openiti_dv_0281AbuZurcaDimashqi.Tarikh.JK010374-ara1"",""openiti_dv_0281AbuZurcaDimashqi.Tarikh.Shamela0030741-ara1""]",Same OpenITI work URI; retain versions separately.
dup_openiti_work_0281IbnAbiDunya.Ahwal,openiti_work_0281IbnAbiDunya.Ahwal,3,"[""openiti_dv_0281IbnAbiDunya.Ahwal.JK011304-ara1"",""openiti_dv_0281IbnAbiDunya.Ahwal.ShamAY0038071-ara1"",""openiti_dv_0281IbnAbiDunya.Ahwal.Shamela0012704-ara1""]",Same OpenITI work URI; retain versions separately.
dup_openiti_work_0281IbnAbiDunya.AmrBiMacruf,openiti_work_0281IbnAbiDunya.AmrBiMacruf,3,"[""openiti_dv_0281IbnAbiDunya.AmrBiMacruf.JK011300-ara1"",""openiti_dv_0281IbnAbiDunya.AmrBiMacruf.ShamAY0038103-ara1"",""openiti_dv_0281IbnAbiDunya.AmrBiMacruf.Shamela0008207-ara1""]",Same OpenITI work URI; retain versions separately.
dup_openiti_work_0281IbnAbiDunya.Awliya,openiti_work_0281IbnAbiDunya.Awliya,3,"[""openiti_dv_0281IbnAbiDunya.Awliya.JK000042-ara1"",""openiti_dv_0281IbnAbiDunya.Awliya.ShamAY0038128-ara2"",""openiti_dv_0281IbnAbiDunya.Awliya.Shamela0013003-ara1""]",Same OpenITI work URI; retain versions separately.
dup_openiti_work_0281IbnAbiDunya.CaqlWaFadluh,openiti_work_0281IbnAbiDunya.CaqlWaFadluh,4,"[""openiti_dv_0281IbnAbiDunya.CaqlWaFadluh.JK000612-ara1"",""openiti_dv_0281IbnAbiDunya.CaqlWaFadluh.ShamAY0038119-ara1"",""openiti_dv_0281IbnAbiDunya.CaqlWaFadluh.Shamela0003732-ara1"",""openiti_dv_0281IbnAbiDunya.CaqlWaFadluh.Shia001944-ara1""]",Same OpenITI work URI; retain versions separately.
dup_openiti_work_0281IbnAbiDunya.Ciyal,openiti_work_0281IbnAbiDunya.Ciyal,3,"[""openiti_dv_0281IbnAbiDunya.Ciyal.JK000866-ara1"",""openiti_dv_0281IbnAbiDunya.Ciyal.ShamAY0038104-ara1"",""openiti_dv_0281IbnAbiDunya.Ciyal.Shamela0013075-ara1""]",Same OpenITI work URI; retain versions separately.
dup_openiti_work_0281IbnAbiDunya.CumrWaShayb,openiti_work_0281IbnAbiDunya.CumrWaShayb,4,"[""openiti_dv_0281IbnAbiDunya.CumrWaShayb.JK000045-ara1"",""openiti_dv_0281IbnAbiDunya.CumrWaShayb.ShamAY0038075-ara1"",""openiti_dv_0281IbnAbiDunya.CumrWaShayb.Shamela0013044-ara1"",""openiti_dv_0281IbnAbiDunya.CumrWaShayb.Shia001945-ara1""]",Same OpenITI work URI; retain versions separately.
dup_openiti_work_0281IbnAbiDunya.Cuqubat,openiti_work_0281IbnAbiDunya.Cuqubat,2,"[""openiti_dv_0281IbnAbiDunya.Cuqubat.ShamAY0038131-ara1"",""openiti_dv_0281IbnAbiDunya.Cuqubat.Shamela0008266-ara1""]",Same OpenITI work URI; retain versions separately.
dup_openiti_work_0281IbnAbiDunya.Cuzla,openiti_work_0281IbnAbiDunya.Cuzla,4,"[""openiti_dv_0281IbnAbiDunya.Cuzla.JK009187-ara1"",""openiti_dv_0281IbnAbiDunya.Cuzla.ShamAY0034115-ara1"",""openiti_dv_0281IbnAbiDunya.Cuzla.ShamAY0038169-ara1"",""openiti_dv_0281IbnAbiDunya.Cuzla.Shamela0026356-ara1""]",Same OpenITI work URI; retain versions separately.
dup_openiti_work_0281IbnAbiDunya.DhammBaghy,openiti_work_0281IbnAbiDunya.DhammBaghy,3,"[""openiti_dv_0281IbnAbiDunya.DhammBaghy.JK011515-ara1"",""openiti_dv_0281IbnAbiDunya.DhammBaghy.ShamAY0038097-ara1"",""openiti_dv_0281IbnAbiDunya.DhammBaghy.Shamela0008228-ara1""]",Same OpenITI work URI; retain versions separately.
dup_openiti_work_0281IbnAbiDunya.DhammDunya,openiti_work_0281IbnAbiDunya.DhammDunya,2,"[""openiti_dv_0281IbnAbiDunya.DhammDunya.ShamAY0038174-ara1"",""openiti_dv_0281IbnAbiDunya.DhammDunya.Shamela0021546-ara1""]",Same OpenITI work URI; retain versions separately.
dup_openiti_work_0281IbnAbiDunya.DhammGhiba,openiti_work_0281IbnAbiDunya.DhammGhiba,3,"[""openiti_dv_0281IbnAbiDunya.DhammGhiba.JK011516-ara1"",""openiti_dv_0281IbnAbiDunya.DhammGhiba.ShamAY0038151-ara1"",""openiti_dv_0281IbnAbiDunya.DhammGhiba.Shamela0008241-ara1""]",Same OpenITI work URI; retain versions separately.
dup_openiti_work_0281IbnAbiDunya.DhammMuskir,openiti_work_0281IbnAbiDunya.DhammMuskir,4,"[""openiti_dv_0281IbnAbiDunya.DhammMuskir.JK000635-ara1"",""openiti_dv_0281IbnAbiDunya.DhammMuskir.ShamAY0038143-ara1"",""openiti_dv_0281IbnAbiDunya.DhammMuskir.Shamela0013117-ara1"",""openiti_dv_0281IbnAbiDunya.DhammMuskir.Shia001947-ara1""]",Same OpenITI work URI; retain versions separately.
dup_openiti_work_0281IbnAbiDunya.FadailRamadan,openiti_work_0281IbnAbiDunya.FadailRamadan,3,"[""openiti_dv_0281IbnAbiDunya.FadailRamadan.JK011568-ara1"",""openiti_dv_0281IbnAbiDunya.FadailRamadan.ShamAY0038089-ara1"",""openiti_dv_0281IbnAbiDunya.FadailRamadan.Shamela0010799-ara1""]",Same OpenITI work URI; retain versions separately.
dup_openiti_work_0281IbnAbiDunya.FarajBacdaShidda,openiti_work_0281IbnAbiDunya.FarajBacdaShidda,3,"[""openiti_dv_0281IbnAbiDunya.FarajBacdaShidda.JK011399-ara1"",""openiti_dv_0281IbnAbiDunya.FarajBacdaShidda.ShamAY0038052-ara1"",""openiti_dv_0281IbnAbiDunya.FarajBacdaShidda.Shamela0009307-ara1""]",Same OpenITI work URI; retain versions separately.
dup_openiti_work_0281IbnAbiDunya.HammWaHuzn,openiti_work_0281IbnAbiDunya.HammWaHuzn,4,"[""openiti_dv_0281IbnAbiDunya.HammWaHuzn.JK000016-ara1"",""openiti_dv_0281IbnAbiDunya.HammWaHuzn.ShamAY0038155-ara1"",""openiti_dv_0281IbnAbiDunya.HammWaHuzn.Shamela0013076-ara1"",""openiti_dv_0281IbnAbiDunya.HammWaHuzn.Shia001938-ara1""]",Same OpenITI work URI; retain versions separately.
dup_openiti_work_0281IbnAbiDunya.Hawatif,openiti_work_0281IbnAbiDunya.Hawatif,4,"[""openiti_dv_0281IbnAbiDunya.Hawatif.JK000050-ara1"",""openiti_dv_0281IbnAbiDunya.Hawatif.ShamAY0038066-ara1"",""openiti_dv_0281IbnAbiDunya.Hawatif.Shamela0028237-ara1"",""openiti_dv_0281IbnAbiDunya.Hawatif.Shia001946-ara1""]",Same OpenITI work URI; retain versions separately.
dup_openiti_work_0281IbnAbiDunya.Hilm,openiti_work_0281IbnAbiDunya.Hilm,3,"[""openiti_dv_0281IbnAbiDunya.Hilm.JK000049-ara1"",""openiti_dv_0281IbnAbiDunya.Hilm.ShamAY0038060-ara1"",""openiti_dv_0281IbnAbiDunya.Hilm.Shamela0013014-ara1""]",Same OpenITI work URI; retain versions separately.
dup_openiti_work_0281IbnAbiDunya.HusnZannBiLlah,openiti_work_0281IbnAbiDunya.HusnZannBiLlah,4,"[""openiti_dv_0281IbnAbiDunya.HusnZannBiLlah.JK000018-ara1"",""openiti_dv_0281IbnAbiDunya.HusnZannBiLlah.ShamAY0038085-ara1"",""openiti_dv_0281IbnAbiDunya.HusnZannBiLlah.Shamela0013113-ara1"",""openiti_dv_0281IbnAbiDunya.HusnZannBiLlah.Shia001940-ara1""]",Same OpenITI work URI; retain versions separately.
dup_openiti_work_0281IbnAbiDunya.IctibarWaAcqab,openiti_work_0281IbnAbiDunya.IctibarWaAcqab,4,"[""openiti_dv_0281IbnAbiDunya.IctibarWaAcqab.JK000017-ara1"",""openiti_dv_0281IbnAbiDunya.IctibarWaAcqab.ShamAY0038124-ara1"",""openiti_dv_0281IbnAbiDunya.IctibarWaAcqab.Shamela0012996-ara1"",""openiti_dv_0281IbnAbiDunya.IctibarWaAcqab.Shia001935-ara1""]",Same OpenITI work URI; retain versions separately.
dup_openiti_work_0281IbnAbiDunya.IkhlasWaNiyya,openiti_work_0281IbnAbiDunya.IkhlasWaNiyya,2,"[""openiti_dv_0281IbnAbiDunya.IkhlasWaNiyya.ShamAY0038073-ara1"",""openiti_dv_0281IbnAbiDunya.IkhlasWaNiyya.Shamela0006225-ara1""]",Same OpenITI work URI; retain versions separately.
dup_openiti_work_0281IbnAbiDunya.Ikhwan,openiti_work_0281IbnAbiDunya.Ikhwan,4,"[""openiti_dv_0281IbnAbiDunya.Ikhwan.JK000012-ara1"",""openiti_dv_0281IbnAbiDunya.Ikhwan.ShamAY0038053-ara1"",""openiti_dv_0281IbnAbiDunya.Ikhwan.Shamela0012990-ara1"",""openiti_dv_0281IbnAbiDunya.Ikhwan.Shia001934-ara1""]",Same OpenITI work URI; retain versions separately.
dup_openiti_work_0281IbnAbiDunya.IshrafFiManazil,openiti_work_0281IbnAbiDunya.IshrafFiManazil,3,"[""openiti_dv_0281IbnAbiDunya.IshrafFiManazil.JK001039-ara1"",""openiti_dv_0281IbnAbiDunya.IshrafFiManazil.ShamAY0038145-ara1"",""openiti_dv_0281IbnAbiDunya.IshrafFiManazil.Shamela0012994-ara1""]",Same OpenITI work URI; retain versions separately.
dup_openiti_work_0281IbnAbiDunya.IslahMal,openiti_work_0281IbnAbiDunya.IslahMal,3,"[""openiti_dv_0281IbnAbiDunya.IslahMal.JK001040-ara1"",""openiti_dv_0281IbnAbiDunya.IslahMal.ShamAY0038076-ara1"",""openiti_dv_0281IbnAbiDunya.IslahMal.Shamela0013187-ara1""]",Same OpenITI work URI; retain versions separately.
dup_openiti_work_0281IbnAbiDunya.IstinacMacruf,openiti_work_0281IbnAbiDunya.IstinacMacruf,2,"[""openiti_dv_0281IbnAbiDunya.IstinacMacruf.ShamAY0038077-ara1"",""openiti_dv_0281IbnAbiDunya.IstinacMacruf.Shamela0006022-ara1""]",Same OpenITI work URI; retain versions separately.
dup_openiti_work_0281IbnAbiDunya.Juc,openiti_work_0281IbnAbiDunya.Juc,2,"[""openiti_dv_0281IbnAbiDunya.Juc.ShamAY0038165-ara1"",""openiti_dv_0281IbnAbiDunya.Juc.Shamela0009306-ara1""]",Same OpenITI work URI; retain versions separately.
dup_openiti_work_0281IbnAbiDunya.KalamLayali,openiti_work_0281IbnAbiDunya.KalamLayali,2,"[""openiti_dv_0281IbnAbiDunya.KalamLayali.ShamAY0038088-ara2"",""openiti_dv_0281IbnAbiDunya.KalamLayali.Shamela0008242-ara1""]",Same OpenITI work URI; retain versions separately.
dup_openiti_work_0281IbnAbiDunya.MakarimAkhlaq,openiti_work_0281IbnAbiDunya.MakarimAkhlaq,4,"[""openiti_dv_0281IbnAbiDunya.MakarimAkhlaq.JK000015-ara1"",""openiti_dv_0281IbnAbiDunya.MakarimAkhlaq.ShamAY0038163-ara2"",""openiti_dv_0281IbnAbiDunya.MakarimAkhlaq.Shamela0013180-ara1"",""openiti_dv_0281IbnAbiDunya.MakarimAkhlaq.Shia001948-ara1""]",Same OpenITI work URI; retain versions separately.
dup_openiti_work_0281IbnAbiDunya.ManCashaBacdaMawt,openiti_work_0281IbnAbiDunya.ManCashaBacdaMawt,3,"[""openiti_dv_0281IbnAbiDunya.ManCashaBacdaMawt.JK000908-ara1"",""openiti_dv_0281IbnAbiDunya.ManCashaBacdaMawt.ShamAY0038047-ara1"",""openiti_dv_0281IbnAbiDunya.ManCashaBacdaMawt.Shamela0013183-ara1""]",Same OpenITI work URI; retain versions separately.
dup_openiti_work_0281IbnAbiDunya.Manamat,openiti_work_0281IbnAbiDunya.Manamat,3,"[""openiti_dv_0281IbnAbiDunya.Manamat.JK000038-ara1"",""openiti_dv_0281IbnAbiDunya.Manamat.ShamAY0038050-ara1"",""openiti_dv_0281IbnAbiDunya.Manamat.Shamela0013070-ara1""]",Same OpenITI work URI; retain versions separately.
dup_openiti_work_0281IbnAbiDunya.MaqtalCali,openiti_work_0281IbnAbiDunya.MaqtalCali,4,"[""openiti_dv_0281IbnAbiDunya.MaqtalCali.JK011022-ara1"",""openiti_dv_0281IbnAbiDunya.MaqtalCali.Masaha002316-ara1"",""openiti_dv_0281IbnAbiDunya.MaqtalCali.ShamAY0038111-ara1"",""openiti_dv_0281IbnAbiDunya.MaqtalCali.Shamela0012751-ara1""]",Same OpenITI work URI; retain versions separately.
dup_openiti_work_0281IbnAbiDunya.MaradWaKaffarat,openiti_work_0281IbnAbiDunya.MaradWaKaffarat,3,"[""openiti_dv_0281IbnAbiDunya.MaradWaKaffarat.JK000014-ara1"",""openiti_dv_0281IbnAbiDunya.MaradWaKaffarat.ShamAY0038113-ara1"",""openiti_dv_0281IbnAbiDunya.MaradWaKaffarat.Shamela0013064-ara1""]",Same OpenITI work URI; retain versions separately.
dup_openiti_work_0281IbnAbiDunya.MatarWaRacd,openiti_work_0281IbnAbiDunya.MatarWaRacd,2,"[""openiti_dv_0281IbnAbiDunya.MatarWaRacd.ShamAY0038120-ara1"",""openiti_dv_0281IbnAbiDunya.MatarWaRacd.Shamela0008273-ara1""]",Same OpenITI work URI; retain versions separately.
dup_openiti_work_0281IbnAbiDunya.MudaratNas,openiti_work_0281IbnAbiDunya.MudaratNas,3,"[""openiti_dv_0281IbnAbiDunya.MudaratNas.JK001144-ara1"",""openiti_dv_0281IbnAbiDunya.MudaratNas.ShamAY0038129-ara1"",""openiti_dv_0281IbnAbiDunya.MudaratNas.Shamela0013152-ara1""]",Same OpenITI work URI; retain versions separately.
dup_openiti_work_0281IbnAbiDunya.MuhasabatNafs,openiti_work_0281IbnAbiDunya.MuhasabatNafs,3,"[""openiti_dv_0281IbnAbiDunya.MuhasabatNafs.JK011592-ara2"",""openiti_dv_0281IbnAbiDunya.MuhasabatNafs.ShamAY0038126-ara3"",""openiti_dv_0281IbnAbiDunya.MuhasabatNafs.Shamela0012739-ara1""]",Same OpenITI work URI; retain versions separately.
dup_openiti_work_0281IbnAbiDunya.Muhtadarin,openiti_work_0281IbnAbiDunya.Muhtadarin,3,"[""openiti_dv_0281IbnAbiDunya.Muhtadarin.JK001153-ara1"",""openiti_dv_0281IbnAbiDunya.Muhtadarin.ShamAY0038114-ara1"",""openiti_dv_0281IbnAbiDunya.Muhtadarin.Shamela0013058-ara1""]",Same OpenITI work URI; retain versions separately.
dup_openiti_work_0281IbnAbiDunya.MujabuDacwa,openiti_work_0281IbnAbiDunya.MujabuDacwa,3,"[""openiti_dv_0281IbnAbiDunya.MujabuDacwa.JK011591-ara2"",""openiti_dv_0281IbnAbiDunya.MujabuDacwa.ShamAY0038132-ara3"",""openiti_dv_0281IbnAbiDunya.MujabuDacwa.Shamela0012936-ara1""]",Same OpenITI work URI; retain versions separately.
dup_openiti_work_0281IbnAbiDunya.Mutamannin,openiti_work_0281IbnAbiDunya.Mutamannin,3,"[""openiti_dv_0281IbnAbiDunya.Mutamannin.JK001194-ara1"",""openiti_dv_0281IbnAbiDunya.Mutamannin.ShamAY0038133-ara2"",""openiti_dv_0281IbnAbiDunya.Mutamannin.Shamela0013057-ara1""]",Same OpenITI work URI; retain versions separately.
dup_openiti_work_0281IbnAbiDunya.QadaHawaij,openiti_work_0281IbnAbiDunya.QadaHawaij,3,"[""openiti_dv_0281IbnAbiDunya.QadaHawaij.JK000654-ara1"",""openiti_dv_0281IbnAbiDunya.QadaHawaij.Shamela0013149-ara1"",""openiti_dv_0281IbnAbiDunya.QadaHawaij.Shia001941-ara1""]",Same OpenITI work URI; retain versions separately.
dup_openiti_work_0281IbnAbiDunya.Qanaca,openiti_work_0281IbnAbiDunya.Qanaca,2,"[""openiti_dv_0281IbnAbiDunya.Qanaca.ShamAY0038057-ara1"",""openiti_dv_0281IbnAbiDunya.Qanaca.Shamela0022347-ara1""]",Same OpenITI work URI; retain versions separately.
dup_openiti_work_0281IbnAbiDunya.QasrAmal,openiti_work_0281IbnAbiDunya.QasrAmal,3,"[""openiti_dv_0281IbnAbiDunya.QasrAmal.JK009174-ara1"",""openiti_dv_0281IbnAbiDunya.QasrAmal.ShamAY0038175-ara1"",""openiti_dv_0281IbnAbiDunya.QasrAmal.Shamela0006899-ara1""]",Same OpenITI work URI; retain versions separately.
dup_openiti_work_0281IbnAbiDunya.QiraDayf,openiti_work_0281IbnAbiDunya.QiraDayf,2,"[""openiti_dv_0281IbnAbiDunya.QiraDayf.ShamAY0038079-ara1"",""openiti_dv_0281IbnAbiDunya.QiraDayf.Shamela0011030-ara1""]",Same OpenITI work URI; retain versions separately.
dup_openiti_work_0281IbnAbiDunya.Qubur,openiti_work_0281IbnAbiDunya.Qubur,2,"[""openiti_dv_0281IbnAbiDunya.Qubur.ShamAY0038162-ara2"",""openiti_dv_0281IbnAbiDunya.Qubur.Shamela0010628-ara1""]",Same OpenITI work URI; retain versions separately.
dup_openiti_work_0281IbnAbiDunya.Rida,openiti_work_0281IbnAbiDunya.Rida,5,"[""openiti_dv_0281IbnAbiDunya.Rida.JK000700-ara1"",""openiti_dv_0281IbnAbiDunya.Rida.ShamAY0034117-ara4"",""openiti_dv_0281IbnAbiDunya.Rida.ShamAY0038081-ara2"",""openiti_dv_0281IbnAbiDunya.Rida.Shamela0013024-ara1"",""openiti_dv_0281IbnAbiDunya.Rida.Shia001942-ara3""]",Same OpenITI work URI; retain versions separately.
dup_openiti_work_0281IbnAbiDunya.RiqqaWaBuka,openiti_work_0281IbnAbiDunya.RiqqaWaBuka,2,"[""openiti_dv_0281IbnAbiDunya.RiqqaWaBuka.ShamAY0038171-ara1"",""openiti_dv_0281IbnAbiDunya.RiqqaWaBuka.Shamela0008256-ara1""]",Same OpenITI work URI; retain versions separately.
dup_openiti_work_0281IbnAbiDunya.Sabr,openiti_work_0281IbnAbiDunya.Sabr,2,"[""openiti_dv_0281IbnAbiDunya.Sabr.ShamAY0038138-ara1"",""openiti_dv_0281IbnAbiDunya.Sabr.Shamela0008259-ara1""]",Same OpenITI work URI; retain versions separately.
dup_openiti_work_0281IbnAbiDunya.Samt,openiti_work_0281IbnAbiDunya.Samt,5,"[""openiti_dv_0281IbnAbiDunya.Samt.JK000054-ara1"",""openiti_dv_0281IbnAbiDunya.Samt.ShamAY0038093-ara2"",""openiti_dv_0281IbnAbiDunya.Samt.Shamela0008071-ara4"",""openiti_dv_0281IbnAbiDunya.Samt.Shamela0013039-ara1"",""openiti_dv_0281IbnAbiDunya.Samt.Shia001943-ara3""]",Same OpenITI work URI; retain versions separately.
dup_openiti_work_0281IbnAbiDunya.Shukr,openiti_work_0281IbnAbiDunya.Shukr,5,"[""openiti_dv_0281IbnAbiDunya.Shukr.JK000013-ara1"",""openiti_dv_0281IbnAbiDunya.Shukr.ShamAY0034113-ara1"",""openiti_dv_0281IbnAbiDunya.Shukr.ShamAY0038160-ara1"",""openiti_dv_0281IbnAbiDunya.Shukr.Shamela0013036-ara1"",""openiti_dv_0281IbnAbiDunya.Shukr.Shia001937-ara1""]",Same OpenITI work URI; retain versions separately.
dup_openiti_work_0281IbnAbiDunya.SifatJanna,openiti_work_0281IbnAbiDunya.SifatJanna,4,"[""openiti_dv_0281IbnAbiDunya.SifatJanna.JK011544-ara1"",""openiti_dv_0281IbnAbiDunya.SifatJanna.ShamAY0038150-ara1"",""openiti_dv_0281IbnAbiDunya.SifatJanna.Shamela0008234-ara1"",""openiti_dv_0281IbnAbiDunya.SifatJanna.Shamela0012737-ara1""]",Same OpenITI work URI; retain versions separately.
dup_openiti_work_0281IbnAbiDunya.SifatNar,openiti_work_0281IbnAbiDunya.SifatNar,3,"[""openiti_dv_0281IbnAbiDunya.SifatNar.JK009172-ara1"",""openiti_dv_0281IbnAbiDunya.SifatNar.ShamAY0038137-ara1"",""openiti_dv_0281IbnAbiDunya.SifatNar.Shamela0013128-ara1""]",Same OpenITI work URI; retain versions separately.
dup_openiti_work_0281IbnAbiDunya.Tahajjud,openiti_work_0281IbnAbiDunya.Tahajjud,3,"[""openiti_dv_0281IbnAbiDunya.Tahajjud.JK001127-ara1"",""openiti_dv_0281IbnAbiDunya.Tahajjud.ShamAY0034114-ara1"",""openiti_dv_0281IbnAbiDunya.Tahajjud.ShamAY0038106-ara1""]",Same OpenITI work URI; retain versions separately.
dup_openiti_work_0281IbnAbiDunya.TawaducWaKhumul,openiti_work_0281IbnAbiDunya.TawaducWaKhumul,4,"[""openiti_dv_0281IbnAbiDunya.TawaducWaKhumul.JK000002-ara1"",""openiti_dv_0281IbnAbiDunya.TawaducWaKhumul.ShamAY0038157-ara2"",""openiti_dv_0281IbnAbiDunya.TawaducWaKhumul.Shamela0013009-ara1"",""openiti_dv_0281IbnAbiDunya.TawaducWaKhumul.Shia001936-ara1""]",Same OpenITI work URI; retain versions separately.
dup_openiti_work_0281IbnAbiDunya.Tawba,openiti_work_0281IbnAbiDunya.Tawba,3,"[""openiti_dv_0281IbnAbiDunya.Tawba.JK011326-ara2"",""openiti_dv_0281IbnAbiDunya.Tawba.ShamAY0038061-ara3"",""openiti_dv_0281IbnAbiDunya.Tawba.Shamela0008253-ara1""]",Same OpenITI work URI; retain versions separately.
dup_openiti_work_0281IbnAbiDunya.Wajal,openiti_work_0281IbnAbiDunya.Wajal,3,"[""openiti_dv_0281IbnAbiDunya.Wajal.JK000070-ara1"",""openiti_dv_0281IbnAbiDunya.Wajal.ShamAY0038158-ara2"",""openiti_dv_0281IbnAbiDunya.Wajal.Shamela0013077-ara1""]",Same OpenITI work URI; retain versions separately.
dup_openiti_work_0281IbnAbiDunya.Warac,openiti_work_0281IbnAbiDunya.Warac,4,"[""openiti_dv_0281IbnAbiDunya.Warac.JK000019-ara1"",""openiti_dv_0281IbnAbiDunya.Warac.ShamAY0038098-ara1"",""openiti_dv_0281IbnAbiDunya.Warac.Shamela0013078-ara1"",""openiti_dv_0281IbnAbiDunya.Warac.Shia001939-ara1""]",Same OpenITI work URI; retain versions separately.
dup_openiti_work_0281IbnAbiDunya.Yaqin,openiti_work_0281IbnAbiDunya.Yaqin,3,"[""openiti_dv_0281IbnAbiDunya.Yaqin.JK011449-ara1"",""openiti_dv_0281IbnAbiDunya.Yaqin.ShamAY0038105-ara1"",""openiti_dv_0281IbnAbiDunya.Yaqin.Shamela0008220-ara1""]",Same OpenITI work URI; retain versions separately.
dup_openiti_work_0281IbnAbiDunya.Zuhd,openiti_work_0281IbnAbiDunya.Zuhd,2,"[""openiti_dv_0281IbnAbiDunya.Zuhd.JK011361-ara1"",""openiti_dv_0281IbnAbiDunya.Zuhd.Shamela0008216-ara1""]",Same OpenITI work URI; retain versions separately.
dup_openiti_work_0282AbuHanifaDinawari.AkhbarTiwal,openiti_work_0282AbuHanifaDinawari.AkhbarTiwal,4,"[""openiti_dv_0282AbuHanifaDinawari.AkhbarTiwal.JK009300-ara1"",""openiti_dv_0282AbuHanifaDinawari.AkhbarTiwal.ShamAY0033842-ara1"",""openiti_dv_0282AbuHanifaDinawari.AkhbarTiwal.Shamela0009760-ara1"",""openiti_dv_0282AbuHanifaDinawari.AkhbarTiwal.Shia003075-ara1""]",Same OpenITI work URI; retain versions separately.
dup_openiti_work_0282IbnAbiUsamaTamimi.BughyaBahith,openiti_work_0282IbnAbiUsamaTamimi.BughyaBahith,3,"[""openiti_dv_0282IbnAbiUsamaTamimi.BughyaBahith.JK000483-ara1"",""openiti_dv_0282IbnAbiUsamaTamimi.BughyaBahith.Shamela0013160-ara1"",""openiti_dv_0282IbnAbiUsamaTamimi.BughyaBahith.Shia001949-ara1""]",Same OpenITI work URI; retain versions separately.
dup_openiti_work_0282IbnIshaqJahdami.FadlSalat,openiti_work_0282IbnIshaqJahdami.FadlSalat,4,"[""openiti_dv_0282IbnIshaqJahdami.FadlSalat.JK000692-ara1"",""openiti_dv_0282IbnIshaqJahdami.FadlSalat.Shamela0000684-ara1"",""openiti_dv_0282IbnIshaqJahdami.FadlSalat.Shamela0001462-ara1"",""openiti_dv_0282IbnIshaqJahdami.FadlSalat.Shia001950-ara1""]",Same OpenITI work URI; retain versions separately.
dup_openiti_work_0282IbnIshaqJahdami.JuzFihiHadith,openiti_work_0282IbnIshaqJahdami.JuzFihiHadith,2,"[""openiti_dv_0282IbnIshaqJahdami.JuzFihiHadith.JK001235-ara1"",""openiti_dv_0282IbnIshaqJahdami.JuzFihiHadith.Shamela0008474-ara1""]",Same OpenITI work URI; retain versions separately.
dup_openiti_work_0283AbuIshaqThaqafi.Gharat,openiti_work_0283AbuIshaqThaqafi.Gharat,3,"[""openiti_dv_0283AbuIshaqThaqafi.Gharat.Masaha004561Vols-ara1"",""openiti_dv_0283AbuIshaqThaqafi.Gharat.Shia001270Vols-ara1"",""openiti_dv_0283AbuIshaqThaqafi.Gharat.Zaydiyya0000174-ara1""]",Same OpenITI work URI; retain versions separately.
dup_openiti_work_0283IbnRumi.Diwan,openiti_work_0283IbnRumi.Diwan,2,"[""openiti_dv_0283IbnRumi.Diwan.JK007589-ara1"",""openiti_dv_0283IbnRumi.Diwan.ShamAY0037838-ara1""]",Same OpenITI work URI; retain versions separately.
dup_openiti_work_0283SahlTustari.Tafsir,openiti_work_0283SahlTustari.Tafsir,2,"[""openiti_dv_0283SahlTustari.Tafsir.Shamela0023600-ara1"",""openiti_dv_0283SahlTustari.Tafsir.Tafsir03029-ara1""]",Same OpenITI work URI; retain versions separately.
dup_openiti_work_0284Buhturi.Diwan,openiti_work_0284Buhturi.Diwan,2,"[""openiti_dv_0284Buhturi.Diwan.JK007601-ara1"",""openiti_dv_0284Buhturi.Diwan.ShamAY0037844-ara1""]",Same OpenITI work URI; retain versions separately.
dup_openiti_work_0285IbnYazidMubarrad.Fadil,openiti_work_0285IbnYazidMubarrad.Fadil,3,"[""openiti_dv_0285IbnYazidMubarrad.Fadil.JK010735-ara1"",""openiti_dv_0285IbnYazidMubarrad.Fadil.ShamIbadiyya0000640-ara1"",""openiti_dv_0285IbnYazidMubarrad.Fadil.Shamela0010508-ara1""]",Same OpenITI work URI; retain versions separately.
dup_openiti_work_0285IbnYazidMubarrad.KamilFiLugha,openiti_work_0285IbnYazidMubarrad.KamilFiLugha,3,"[""openiti_dv_0285IbnYazidMubarrad.KamilFiLugha.ShamIbadiyya0000642-ara1"",""openiti_dv_0285IbnYazidMubarrad.KamilFiLugha.Shamela0008505-ara1"",""openiti_dv_0285IbnYazidMubarrad.KamilFiLugha.Zaydiyya0000578-ara1""]",Same OpenITI work URI; retain versions separately.
dup_openiti_work_0285IbnYazidMubarrad.Muqtadab,openiti_work_0285IbnYazidMubarrad.Muqtadab,3,"[""openiti_dv_0285IbnYazidMubarrad.Muqtadab.JK006706-ara1"",""openiti_dv_0285IbnYazidMubarrad.Muqtadab.ShamIbadiyya0000063-ara1"",""openiti_dv_0285IbnYazidMubarrad.Muqtadab.Shamela0006965-ara1""]",Same OpenITI work URI; retain versions separately.
dup_openiti_work_0285IbnYazidMubarrad.NasabCadnan,openiti_work_0285IbnYazidMubarrad.NasabCadnan,3,"[""openiti_dv_0285IbnYazidMubarrad.NasabCadnan.JK010488-ara2"",""openiti_dv_0285IbnYazidMubarrad.NasabCadnan.ShamIbadiyya0000179-ara2"",""openiti_dv_0285IbnYazidMubarrad.NasabCadnan.Shamela0028170-ara1""]",Same OpenITI work URI; retain versions separately.
dup_openiti_work_0285IbnYazidMubarrad.Tacazi,openiti_work_0285IbnYazidMubarrad.Tacazi,3,"[""openiti_dv_0285IbnYazidMubarrad.Tacazi.JK009367-ara1"",""openiti_dv_0285IbnYazidMubarrad.Tacazi.ShamIbadiyya0000610-ara1"",""openiti_dv_0285IbnYazidMubarrad.Tacazi.Shamela0021554-ara1""]",Same OpenITI work URI; retain versions separately.
dup_openiti_work_0285IbrahimHarbi.GharibHadith,openiti_work_0285IbrahimHarbi.GharibHadith,3,"[""openiti_dv_0285IbrahimHarbi.GharibHadith.JK000758-ara1"",""openiti_dv_0285IbrahimHarbi.GharibHadith.Shamela0013133-ara1"",""openiti_dv_0285IbrahimHarbi.GharibHadith.Shia003903Vols-ara1""]",Same OpenITI work URI; retain versions separately.
dup_openiti_work_0285IbrahimHarbi.IkramDayf,openiti_work_0285IbrahimHarbi.IkramDayf,3,"[""openiti_dv_0285IbrahimHarbi.IkramDayf.JK000053-ara1"",""openiti_dv_0285IbrahimHarbi.IkramDayf.Shamela0012986-ara1"",""openiti_dv_0285IbrahimHarbi.IkramDayf.Shia001951-ara1""]",Same OpenITI work URI; retain versions separately.
dup_openiti_work_0285IbrahimHarbi.RisalaFiQuranGhayrMakhluq,openiti_work_0285IbrahimHarbi.RisalaFiQuranGhayrMakhluq,2,"[""openiti_dv_0285IbrahimHarbi.RisalaFiQuranGhayrMakhluq.JK001161-ara1"",""openiti_dv_0285IbrahimHarbi.RisalaFiQuranGhayrMakhluq.Shamela0006474-ara1""]",Same OpenITI work URI; retain versions separately.
dup_openiti_work_0286IbnHakamHibari.Tafsir,openiti_work_0286IbnHakamHibari.Tafsir,3,"[""openiti_dv_0286IbnHakamHibari.Tafsir.Masaha001957-ara1"",""openiti_dv_0286IbnHakamHibari.Tafsir.Tafsir05044-ara1"",""openiti_dv_0286IbnHakamHibari.Tafsir.Zaydiyya0000124-ara1""]",Same OpenITI work URI; retain versions separately.
dup_openiti_work_0286IbnWaddahQurtubi.Bidac,openiti_work_0286IbnWaddahQurtubi.Bidac,3,"[""openiti_dv_0286IbnWaddahQurtubi.Bidac.JK011317-ara1"",""openiti_dv_0286IbnWaddahQurtubi.Bidac.ShamAY0033904-ara1"",""openiti_dv_0286IbnWaddahQurtubi.Bidac.Shamela0008208-ara1""]",Same OpenITI work URI; retain versions separately.
dup_openiti_work_0287IbnAbiCasim.AhadWaMathani,openiti_work_0287IbnAbiCasim.AhadWaMathani,3,"[""openiti_dv_0287IbnAbiCasim.AhadWaMathani.JK000481-ara1"",""openiti_dv_0287IbnAbiCasim.AhadWaMathani.Shamela0009196-ara1"",""openiti_dv_0287IbnAbiCasim.AhadWaMathani.Shia001952Vols-ara1""]",Same OpenITI work URI; retain versions separately.
dup_openiti_work_0287IbnAbiCasim.Awail,openiti_work_0287IbnAbiCasim.Awail,3,"[""openiti_dv_0287IbnAbiCasim.Awail.JK000633-ara1"",""openiti_dv_0287IbnAbiCasim.Awail.Shamela0013001-ara1"",""openiti_dv_0287IbnAbiCasim.Awail.Shia001959-ara1""]",Same OpenITI work URI; retain versions separately.
dup_openiti_work_0287IbnAbiCasim.Diyat,openiti_work_0287IbnAbiCasim.Diyat,3,"[""openiti_dv_0287IbnAbiCasim.Diyat.JK000178-ara1"",""openiti_dv_0287IbnAbiCasim.Diyat.ShamAY0034284-ara1"",""openiti_dv_0287IbnAbiCasim.Diyat.Shamela0013018-ara1""]",Same OpenITI work URI; retain versions separately.
dup_openiti_work_0287IbnAbiCasim.Jihad,openiti_work_0287IbnAbiCasim.Jihad,2,"[""openiti_dv_0287IbnAbiCasim.Jihad.JK000562-ara1"",""openiti_dv_0287IbnAbiCasim.Jihad.Shamela0013013-ara1""]",Same OpenITI work URI; retain versions separately.
dup_openiti_work_0287IbnAbiCasim.Mudhakkir,openiti_work_0287IbnAbiCasim.Mudhakkir,4,"[""openiti_dv_0287IbnAbiCasim.Mudhakkir.JK000597-ara1"",""openiti_dv_0287IbnAbiCasim.Mudhakkir.ShamAY0033656-ara1"",""openiti_dv_0287IbnAbiCasim.Mudhakkir.Shamela0013062-ara1"",""openiti_dv_0287IbnAbiCasim.Mudhakkir.Shia001958-ara1""]",Same OpenITI work URI; retain versions separately.
dup_openiti_work_0287IbnAbiCasim.Sunna,openiti_work_0287IbnAbiCasim.Sunna,5,"[""openiti_dv_0287IbnAbiCasim.Sunna.JK000630-ara1"",""openiti_dv_0287IbnAbiCasim.Sunna.ShamAY0033984-ara1"",""openiti_dv_0287IbnAbiCasim.Sunna.Shamela0005930-ara1"",""openiti_dv_0287IbnAbiCasim.Sunna.Shamela0012051-ara1"",""openiti_dv_0287IbnAbiCasim.Sunna.Shia001960-ara1""]",Same OpenITI work URI; retain versions separately.
dup_openiti_work_0287IbnAbiCasim.Zuhd,openiti_work_0287IbnAbiCasim.Zuhd,2,"[""openiti_dv_0287IbnAbiCasim.Zuhd.JK000503-ara1"",""openiti_dv_0287IbnAbiCasim.Zuhd.Shamela0013026-ara1""]",Same OpenITI work URI; retain versions separately.
dup_openiti_work_0290IbnAhmadIbnHanbal.FadailCuthman,openiti_work_0290IbnAhmadIbnHanbal.FadailCuthman,2,"[""openiti_dv_0290IbnAhmadIbnHanbal.FadailCuthman.JK011571-ara1"",""openiti_dv_0290IbnAhmadIbnHanbal.FadailCuthman.Shamela0009322-ara1""]",Same OpenITI work URI; retain versions separately.
dup_openiti_work_0290IbnAhmadIbnHanbal.Sunna,openiti_work_0290IbnAhmadIbnHanbal.Sunna,3,"[""openiti_dv_0290IbnAhmadIbnHanbal.Sunna.JK006833-ara1"",""openiti_dv_0290IbnAhmadIbnHanbal.Sunna.ShamAY0033843-ara2"",""openiti_dv_0290IbnAhmadIbnHanbal.Sunna.Shamela0000323-ara1""]",Same OpenITI work URI; retain versions separately.
dup_openiti_work_0290IbnHasanSaffar.BasairDarajat,openiti_work_0290IbnHasanSaffar.BasairDarajat,3,"[""openiti_dv_0290IbnHasanSaffar.BasairDarajat.Masaha001945-ara1"",""openiti_dv_0290IbnHasanSaffar.BasairDarajat.Shia001117-ara1"",""openiti_dv_0290IbnHasanSaffar.BasairDarajat.Zaydiyya0000179-ara1""]",Same OpenITI work URI; retain versions separately.
dup_openiti_work_0290IbnMansurMuradi.Dhikr,openiti_work_0290IbnMansurMuradi.Dhikr,2,"[""openiti_dv_0290IbnMansurMuradi.Dhikr.Zaydiyya0000024-ara1"",""openiti_dv_0290IbnMansurMuradi.Dhikr.Zaydiyya0000268-ara1""]",Same OpenITI work URI; retain versions separately.
dup_openiti_work_0291IbnYahyaThaclab.MajalisThaclab,openiti_work_0291IbnYahyaThaclab.MajalisThaclab,2,"[""openiti_dv_0291IbnYahyaThaclab.MajalisThaclab.JK010605-ara1"",""openiti_dv_0291IbnYahyaThaclab.MajalisThaclab.Shamela0000605-ara1""]",Same OpenITI work URI; retain versions separately.
dup_openiti_work_0291IbnYahyaThaclab.QawacidShicr,openiti_work_0291IbnYahyaThaclab.QawacidShicr,2,"[""openiti_dv_0291IbnYahyaThaclab.QawacidShicr.JK007122-ara1"",""openiti_dv_0291IbnYahyaThaclab.QawacidShicr.Shamela0003018-ara1""]",Same OpenITI work URI; retain versions separately.
dup_openiti_work_0292AbuBakrBazzar.BahrZakhkhar,openiti_work_0292AbuBakrBazzar.BahrZakhkhar,2,"[""openiti_dv_0292AbuBakrBazzar.BahrZakhkhar.JK000783-ara1"",""openiti_dv_0292AbuBakrBazzar.BahrZakhkhar.Shamela0012981-ara1""]",Same OpenITI work URI; retain versions separately.
dup_openiti_work_0292Bahshal.TarikhWasit,openiti_work_0292Bahshal.TarikhWasit,2,"[""openiti_dv_0292Bahshal.TarikhWasit.JK000661-ara1"",""openiti_dv_0292Bahshal.TarikhWasit.Shamela0011766-ara1""]",Same OpenITI work URI; retain versions separately.
dup_openiti_work_0292IbnCaliMarwazi.MusnadAbiBakr,openiti_work_0292IbnCaliMarwazi.MusnadAbiBakr,2,"[""openiti_dv_0292IbnCaliMarwazi.MusnadAbiBakr.JK000693-ara1"",""openiti_dv_0292IbnCaliMarwazi.MusnadAbiBakr.Shamela0013156-ara1""]",Same OpenITI work URI; retain versions separately.
dup_openiti_work_0292Yacqubi.Buldan,openiti_work_0292Yacqubi.Buldan,4,"[""openiti_dv_0292Yacqubi.Buldan.JK010460-ara1"",""openiti_dv_0292Yacqubi.Buldan.Masaha003714-ara1"",""openiti_dv_0292Yacqubi.Buldan.Rafed0002154-ara1"",""openiti_dv_0292Yacqubi.Buldan.Shamela0010808-ara1""]",Same OpenITI work URI; retain versions separately.
dup_openiti_work_0292Yacqubi.MushakalatNas,openiti_work_0292Yacqubi.MushakalatNas,2,"[""openiti_dv_0292Yacqubi.MushakalatNas.Kraken220602101901-ara1"",""openiti_dv_0292Yacqubi.MushakalatNas.Kraken220602101902-ara1""]",Same OpenITI work URI; retain versions separately.
dup_openiti_work_0292Yacqubi.Tarikh,openiti_work_0292Yacqubi.Tarikh,3,"[""openiti_dv_0292Yacqubi.Tarikh.JK001493-ara1"",""openiti_dv_0292Yacqubi.Tarikh.Shia003468Vols-ara1"",""openiti_dv_0292Yacqubi.Tarikh.Zaydiyya0000057-ara1""]",Same OpenITI work URI; retain versions separately.
dup_openiti_work_0294IbnDurays.FadailQuran,openiti_work_0294IbnDurays.FadailQuran,2,"[""openiti_dv_0294IbnDurays.FadailQuran.JK011566-ara1"",""openiti_dv_0294IbnDurays.FadailQuran.Shamela0009317-ara1""]",Same OpenITI work URI; retain versions separately.
dup_openiti_work_0294IbnNasrMarwazi.IkhtilafCulama,openiti_work_0294IbnNasrMarwazi.IkhtilafCulama,2,"[""openiti_dv_0294IbnNasrMarwazi.IkhtilafCulama.JK000696-ara1"",""openiti_dv_0294IbnNasrMarwazi.IkhtilafCulama.Shamela0002919-ara1""]",Same OpenITI work URI; retain versions separately.
dup_openiti_work_0294IbnNasrMarwazi.Sunna,openiti_work_0294IbnNasrMarwazi.Sunna,2,"[""openiti_dv_0294IbnNasrMarwazi.Sunna.JK000659-ara1"",""openiti_dv_0294IbnNasrMarwazi.Sunna.Shamela0013032-ara1""]",Same OpenITI work URI; retain versions separately.
dup_openiti_work_0294IbnNasrMarwazi.TaczimQadrSalat,openiti_work_0294IbnNasrMarwazi.TaczimQadrSalat,2,"[""openiti_dv_0294IbnNasrMarwazi.TaczimQadrSalat.JK000724-ara1"",""openiti_dv_0294IbnNasrMarwazi.TaczimQadrSalat.Shamela0013087-ara1""]",Same OpenITI work URI; retain versions separately.
dup_openiti_work_0296IbnMuctazz.Badic,openiti_work_0296IbnMuctazz.Badic,2,"[""openiti_dv_0296IbnMuctazz.Badic.JK010077-ara1"",""openiti_dv_0296IbnMuctazz.Badic.Shamela0011661-ara1""]",Same OpenITI work URI; retain versions separately.
dup_openiti_work_0296IbnMuctazz.Diwan,openiti_work_0296IbnMuctazz.Diwan,2,"[""openiti_dv_0296IbnMuctazz.Diwan.JK007592-ara1"",""openiti_dv_0296IbnMuctazz.Diwan.ShamAY0037841-ara1""]",Same OpenITI work URI; retain versions separately.
dup_openiti_work_0296MuhammadIbnJarrah.ManIsmuhCamr,openiti_work_0296MuhammadIbnJarrah.ManIsmuhCamr,2,"[""openiti_dv_0296MuhammadIbnJarrah.ManIsmuhCamr.JK009209-ara1"",""openiti_dv_0296MuhammadIbnJarrah.ManIsmuhCamr.Shamela0000677-ara1""]",Same OpenITI work URI; retain versions separately.
dup_openiti_work_0296MuhammadIbnJarrah.Waraqa,openiti_work_0296MuhammadIbnJarrah.Waraqa,2,"[""openiti_dv_0296MuhammadIbnJarrah.Waraqa.JK010618-ara1"",""openiti_dv_0296MuhammadIbnJarrah.Waraqa.Shamela0000618-ara1""]",Same OpenITI work URI; retain versions separately.
dup_openiti_work_0297IbnAbiShaybaAbuJacfar.Carsh,openiti_work_0297IbnAbiShaybaAbuJacfar.Carsh,4,"[""openiti_dv_0297IbnAbiShaybaAbuJacfar.Carsh.JK000315-ara1"",""openiti_dv_0297IbnAbiShaybaAbuJacfar.Carsh.Shamela0012443-ara1"",""openiti_dv_0297IbnAbiShaybaAbuJacfar.Carsh.Shamela0012444-ara1"",""openiti_dv_0297IbnAbiShaybaAbuJacfar.Carsh.Shia001961-ara1""]",Same OpenITI work URI; retain versions separately.
dup_openiti_work_0297IbnAbiShaybaAbuJacfar.JuzFihiMasail,openiti_work_0297IbnAbiShaybaAbuJacfar.JuzFihiMasail,2,"[""openiti_dv_0297IbnAbiShaybaAbuJacfar.JuzFihiMasail.ShamAY0034167-ara1"",""openiti_dv_0297IbnAbiShaybaAbuJacfar.JuzFihiMasail.Shamela0026230-ara1""]",Same OpenITI work URI; retain versions separately.
dup_openiti_work_0297IbnDawudZahiri.Zahra,openiti_work_0297IbnDawudZahiri.Zahra,2,"[""openiti_dv_0297IbnDawudZahiri.Zahra.JK010738-ara1"",""openiti_dv_0297IbnDawudZahiri.Zahra.Shamela0000738-ara1""]",Same OpenITI work URI; retain versions separately.
dup_openiti_work_0298HadiIlaHaqqYahya.Ahkam,openiti_work_0298HadiIlaHaqqYahya.Ahkam,2,"[""openiti_dv_0298HadiIlaHaqqYahya.Ahkam.Shia000812Vols-ara1"",""openiti_dv_0298HadiIlaHaqqYahya.Ahkam.Zaydiyya0000064-ara1""]",Same OpenITI work URI; retain versions separately.
dup_openiti_work_0298HadiIlaHaqqYahya.BalighMudrik,openiti_work_0298HadiIlaHaqqYahya.BalighMudrik,2,"[""openiti_dv_0298HadiIlaHaqqYahya.BalighMudrik.Zaydiyya0000073BK6-ara1"",""openiti_dv_0298HadiIlaHaqqYahya.BalighMudrik.Zaydiyya0000076BK1-ara1""]",Same OpenITI work URI; retain versions separately.
dup_openiti_work_0298HadiIlaHaqqYahya.CadlWaTawhid,openiti_work_0298HadiIlaHaqqYahya.CadlWaTawhid,2,"[""openiti_dv_0298HadiIlaHaqqYahya.CadlWaTawhid.Zaydiyya0000073BK2-ara1"",""openiti_dv_0298HadiIlaHaqqYahya.CadlWaTawhid.Zaydiyya0000076BK2-ara1""]",Same OpenITI work URI; retain versions separately.
dup_openiti_work_0298HadiIlaHaqqYahya.CilmWaQudra,openiti_work_0298HadiIlaHaqqYahya.CilmWaQudra,2,"[""openiti_dv_0298HadiIlaHaqqYahya.CilmWaQudra.Zaydiyya0000073BK12-ara1"",""openiti_dv_0298HadiIlaHaqqYahya.CilmWaQudra.Zaydiyya0000076BK10-ara1""]",Same OpenITI work URI; retain versions separately.
dup_openiti_work_0298HadiIlaHaqqYahya.Dacwa,openiti_work_0298HadiIlaHaqqYahya.Dacwa,2,"[""openiti_dv_0298HadiIlaHaqqYahya.Dacwa.Zaydiyya0000073BK22-ara1"",""openiti_dv_0298HadiIlaHaqqYahya.Dacwa.Zaydiyya0000076BK26-ara1""]",Same OpenITI work URI; retain versions separately.
dup_openiti_work_0298HadiIlaHaqqYahya.Dhabaih,openiti_work_0298HadiIlaHaqqYahya.Dhabaih,2,"[""openiti_dv_0298HadiIlaHaqqYahya.Dhabaih.Zaydiyya0000073BK34-ara1"",""openiti_dv_0298HadiIlaHaqqYahya.Dhabaih.Zaydiyya0000076BK35-ara1""]",Same OpenITI work URI; retain versions separately.
dup_openiti_work_0298HadiIlaHaqqYahya.Diyana,openiti_work_0298HadiIlaHaqqYahya.Diyana,2,"[""openiti_dv_0298HadiIlaHaqqYahya.Diyana.Zaydiyya0000073BK7-ara1"",""openiti_dv_0298HadiIlaHaqqYahya.Diyana.Zaydiyya0000076BK3-ara1""]",Same OpenITI work URI; retain versions separately.
dup_openiti_work_0298HadiIlaHaqqYahya.Imama,openiti_work_0298HadiIlaHaqqYahya.Imama,2,"[""openiti_dv_0298HadiIlaHaqqYahya.Imama.Zaydiyya0000073BK30-ara1"",""openiti_dv_0298HadiIlaHaqqYahya.Imama.Zaydiyya0000076BK24-ara1""]",Same OpenITI work URI; retain versions separately.
dup_openiti_work_0298HadiIlaHaqqYahya.IthbatNubuwwa,openiti_work_0298HadiIlaHaqqYahya.IthbatNubuwwa,2,"[""openiti_dv_0298HadiIlaHaqqYahya.IthbatNubuwwa.Zaydiyya0000073BK17-ara1"",""openiti_dv_0298HadiIlaHaqqYahya.IthbatNubuwwa.Zaydiyya0000076BK17-ara1""]",Same OpenITI work URI; retain versions separately.
dup_openiti_work_0298HadiIlaHaqqYahya.JawabLiAhlSanca,openiti_work_0298HadiIlaHaqqYahya.JawabLiAhlSanca,2,"[""openiti_dv_0298HadiIlaHaqqYahya.JawabLiAhlSanca.Zaydiyya0000073BK5-ara1"",""openiti_dv_0298HadiIlaHaqqYahya.JawabLiAhlSanca.Zaydiyya0000076BK4-ara1""]",Same OpenITI work URI; retain versions separately.
dup_openiti_work_0298HadiIlaHaqqYahya.JawabMasailLiMurtada,openiti_work_0298HadiIlaHaqqYahya.JawabMasailLiMurtada,2,"[""openiti_dv_0298HadiIlaHaqqYahya.JawabMasailLiMurtada.Zaydiyya0000073BK31-ara1"",""openiti_dv_0298HadiIlaHaqqYahya.JawabMasailLiMurtada.Zaydiyya0000076BK37-ara1""]",Same OpenITI work URI; retain versions separately.
dup_openiti_work_0298HadiIlaHaqqYahya.JawabMasailRazi,openiti_work_0298HadiIlaHaqqYahya.JawabMasailRazi,2,"[""openiti_dv_0298HadiIlaHaqqYahya.JawabMasailRazi.Zaydiyya0000073BK28-ara1"",""openiti_dv_0298HadiIlaHaqqYahya.JawabMasailRazi.Zaydiyya0000076BK31-ara1""]",Same OpenITI work URI; retain versions separately.
dup_openiti_work_0298HadiIlaHaqqYahya.JawabMasailTabari,openiti_work_0298HadiIlaHaqqYahya.JawabMasailTabari,2,"[""openiti_dv_0298HadiIlaHaqqYahya.JawabMasailTabari.Zaydiyya0000073BK29-ara1"",""openiti_dv_0298HadiIlaHaqqYahya.JawabMasailTabari.Zaydiyya0000076BK27-ara1""]",Same OpenITI work URI; retain versions separately.
dup_openiti_work_0298HadiIlaHaqqYahya.JawabRajulMinQumm,openiti_work_0298HadiIlaHaqqYahya.JawabRajulMinQumm,2,"[""openiti_dv_0298HadiIlaHaqqYahya.JawabRajulMinQumm.Zaydiyya0000073BK35-ara1"",""openiti_dv_0298HadiIlaHaqqYahya.JawabRajulMinQumm.Zaydiyya0000076BK30-ara1""]",Same OpenITI work URI; retain versions separately.
dup_openiti_work_0298HadiIlaHaqqYahya.Jumla,openiti_work_0298HadiIlaHaqqYahya.Jumla,2,"[""openiti_dv_0298HadiIlaHaqqYahya.Jumla.Zaydiyya0000073BK3-ara1"",""openiti_dv_0298HadiIlaHaqqYahya.Jumla.Zaydiyya0000076BK8-ara1""]",Same OpenITI work URI; retain versions separately.
dup_openiti_work_0298HadiIlaHaqqYahya.KhatayaAnbiya,openiti_work_0298HadiIlaHaqqYahya.KhatayaAnbiya,2,"[""openiti_dv_0298HadiIlaHaqqYahya.KhatayaAnbiya.Zaydiyya0000073BK19-ara1"",""openiti_dv_0298HadiIlaHaqqYahya.KhatayaAnbiya.Zaydiyya0000076BK21-ara1""]",Same OpenITI work URI; retain versions separately.
dup_openiti_work_0298HadiIlaHaqqYahya.MacaniSunna,openiti_work_0298HadiIlaHaqqYahya.MacaniSunna,2,"[""openiti_dv_0298HadiIlaHaqqYahya.MacaniSunna.Zaydiyya0000073BK24-ara1"",""openiti_dv_0298HadiIlaHaqqYahya.MacaniSunna.Zaydiyya0000076BK23-ara1""]",Same OpenITI work URI; retain versions separately.
dup_openiti_work_0298HadiIlaHaqqYahya.ManzilaBaynManzilatayn,openiti_work_0298HadiIlaHaqqYahya.ManzilaBaynManzilatayn,2,"[""openiti_dv_0298HadiIlaHaqqYahya.ManzilaBaynManzilatayn.Zaydiyya0000073BK1-ara1"",""openiti_dv_0298HadiIlaHaqqYahya.ManzilaBaynManzilatayn.Zaydiyya0000076BK7-ara1""]",Same OpenITI work URI; retain versions separately.
dup_openiti_work_0298HadiIlaHaqqYahya.MinMasailCalawi,openiti_work_0298HadiIlaHaqqYahya.MinMasailCalawi,2,"[""openiti_dv_0298HadiIlaHaqqYahya.MinMasailCalawi.Zaydiyya0000073BK32-ara1"",""openiti_dv_0298HadiIlaHaqqYahya.MinMasailCalawi.Zaydiyya0000076BK36-ara1""]",Same OpenITI work URI; retain versions separately.
dup_openiti_work_0298HadiIlaHaqqYahya.MinMasailIbnCubaydAllah,openiti_work_0298HadiIlaHaqqYahya.MinMasailIbnCubaydAllah,2,"[""openiti_dv_0298HadiIlaHaqqYahya.MinMasailIbnCubaydAllah.Zaydiyya0000073BK33-ara1"",""openiti_dv_0298HadiIlaHaqqYahya.MinMasailIbnCubaydAllah.Zaydiyya0000076BK32-ara1""]",Same OpenITI work URI; retain versions separately.
dup_openiti_work_0298HadiIlaHaqqYahya.MinMasailNibaci,openiti_work_0298HadiIlaHaqqYahya.MinMasailNibaci,2,"[""openiti_dv_0298HadiIlaHaqqYahya.MinMasailNibaci.Zaydiyya0000073BK36-ara1"",""openiti_dv_0298HadiIlaHaqqYahya.MinMasailNibaci.Zaydiyya0000076BK33-ara1""]",Same OpenITI work URI; retain versions separately.
dup_openiti_work_0298HadiIlaHaqqYahya.MustarshidFiTawhid,openiti_work_0298HadiIlaHaqqYahya.MustarshidFiTawhid,2,"[""openiti_dv_0298HadiIlaHaqqYahya.MustarshidFiTawhid.Zaydiyya0000073BK8-ara1"",""openiti_dv_0298HadiIlaHaqqYahya.MustarshidFiTawhid.Zaydiyya0000076BK5-ara1""]",Same OpenITI work URI; retain versions separately.
dup_openiti_work_0298HadiIlaHaqqYahya.NubuwwaWaImama,openiti_work_0298HadiIlaHaqqYahya.NubuwwaWaImama,2,"[""openiti_dv_0298HadiIlaHaqqYahya.NubuwwaWaImama.Zaydiyya0000073BK20-ara1"",""openiti_dv_0298HadiIlaHaqqYahya.NubuwwaWaImama.Zaydiyya0000076BK19-ara1""]",Same OpenITI work URI; retain versions separately.
dup_openiti_work_0298HadiIlaHaqqYahya.Qiyas,openiti_work_0298HadiIlaHaqqYahya.Qiyas,2,"[""openiti_dv_0298HadiIlaHaqqYahya.Qiyas.Zaydiyya0000073BK25-ara1"",""openiti_dv_0298HadiIlaHaqqYahya.Qiyas.Zaydiyya0000076BK25-ara1""]",Same OpenITI work URI; retain versions separately.
dup_openiti_work_0298HadiIlaHaqqYahya.RaddCalaAhlZaygh,openiti_work_0298HadiIlaHaqqYahya.RaddCalaAhlZaygh,2,"[""openiti_dv_0298HadiIlaHaqqYahya.RaddCalaAhlZaygh.Zaydiyya0000073BK9-ara1"",""openiti_dv_0298HadiIlaHaqqYahya.RaddCalaAhlZaygh.Zaydiyya0000076BK6-ara1""]",Same OpenITI work URI; retain versions separately.
dup_openiti_work_0298HadiIlaHaqqYahya.RaddCalaHasan,openiti_work_0298HadiIlaHaqqYahya.RaddCalaHasan,2,"[""openiti_dv_0298HadiIlaHaqqYahya.RaddCalaHasan.Zaydiyya0000073BK13-ara1"",""openiti_dv_0298HadiIlaHaqqYahya.RaddCalaHasan.Zaydiyya0000076BK16-ara1""]",Same OpenITI work URI; retain versions separately.
dup_openiti_work_0298HadiIlaHaqqYahya.RaddCalaIbnJarir,openiti_work_0298HadiIlaHaqqYahya.RaddCalaIbnJarir,2,"[""openiti_dv_0298HadiIlaHaqqYahya.RaddCalaIbnJarir.Zaydiyya0000073BK16-ara1"",""openiti_dv_0298HadiIlaHaqqYahya.RaddCalaIbnJarir.Zaydiyya0000076BK11-ara1""]",Same OpenITI work URI; retain versions separately.
dup_openiti_work_0298HadiIlaHaqqYahya.RaddCalaMujbiraAwwal,openiti_work_0298HadiIlaHaqqYahya.RaddCalaMujbiraAwwal,2,"[""openiti_dv_0298HadiIlaHaqqYahya.RaddCalaMujbiraAwwal.Zaydiyya0000073BK14-ara1"",""openiti_dv_0298HadiIlaHaqqYahya.RaddCalaMujbiraAwwal.Zaydiyya0000076BK14-ara1""]",Same OpenITI work URI; retain versions separately.
dup_openiti_work_0298HadiIlaHaqqYahya.RaddCalaMujbiraThani,openiti_work_0298HadiIlaHaqqYahya.RaddCalaMujbiraThani,2,"[""openiti_dv_0298HadiIlaHaqqYahya.RaddCalaMujbiraThani.Zaydiyya0000073BK15-ara1"",""openiti_dv_0298HadiIlaHaqqYahya.RaddCalaMujbiraThani.Zaydiyya0000076BK15-ara1""]",Same OpenITI work URI; retain versions separately.
dup_openiti_work_0298HadiIlaHaqqYahya.RaddQuranDhahaba,openiti_work_0298HadiIlaHaqqYahya.RaddQuranDhahaba,2,"[""openiti_dv_0298HadiIlaHaqqYahya.RaddQuranDhahaba.Zaydiyya0000073BK23-ara1"",""openiti_dv_0298HadiIlaHaqqYahya.RaddQuranDhahaba.Zaydiyya0000076BK22-ara1""]",Same OpenITI work URI; retain versions separately.
dup_openiti_work_0298HadiIlaHaqqYahya.TafsirCarshWaKursi,openiti_work_0298HadiIlaHaqqYahya.TafsirCarshWaKursi,2,"[""openiti_dv_0298HadiIlaHaqqYahya.TafsirCarshWaKursi.Zaydiyya0000073BK11-ara1"",""openiti_dv_0298HadiIlaHaqqYahya.TafsirCarshWaKursi.Zaydiyya0000076BK13-ara1""]",Same OpenITI work URI; retain versions separately.
dup_openiti_work_0298HadiIlaHaqqYahya.TafsirKursi,openiti_work_0298HadiIlaHaqqYahya.TafsirKursi,2,"[""openiti_dv_0298HadiIlaHaqqYahya.TafsirKursi.Zaydiyya0000073BK10-ara1"",""openiti_dv_0298HadiIlaHaqqYahya.TafsirKursi.Zaydiyya0000076BK12-ara1""]",Same OpenITI work URI; retain versions separately.
dup_openiti_work_0298HadiIlaHaqqYahya.TathbitImamatCali,openiti_work_0298HadiIlaHaqqYahya.TathbitImamatCali,4,"[""openiti_dv_0298HadiIlaHaqqYahya.TathbitImamatCali.Shia001962-ara1"",""openiti_dv_0298HadiIlaHaqqYahya.TathbitImamatCali.Zaydiyya0000073BK21-ara1"",""openiti_dv_0298HadiIlaHaqqYahya.TathbitImamatCali.Zaydiyya0000076BK20-ara1"",""openiti_dv_0298HadiIlaHaqqYahya.TathbitImamatCali.Zaydiyya0000160-ara1""]",Same OpenITI work URI; retain versions separately.
dup_openiti_work_0298HadiIlaHaqqYahya.TathbitNubuwwatMuhammad,openiti_work_0298HadiIlaHaqqYahya.TathbitNubuwwatMuhammad,2,"[""openiti_dv_0298HadiIlaHaqqYahya.TathbitNubuwwatMuhammad.Zaydiyya0000073BK18-ara1"",""openiti_dv_0298HadiIlaHaqqYahya.TathbitNubuwwatMuhammad.Zaydiyya0000076BK18-ara1""]",Same OpenITI work URI; retain versions separately.
dup_openiti_work_0298HadiIlaHaqqYahya.UsulDin,openiti_work_0298HadiIlaHaqqYahya.UsulDin,2,"[""openiti_dv_0298HadiIlaHaqqYahya.UsulDin.Zaydiyya0000073BK4-ara1"",""openiti_dv_0298HadiIlaHaqqYahya.UsulDin.Zaydiyya0000076BK9-ara1""]",Same OpenITI work URI; retain versions separately.
dup_openiti_work_0298IshaqIbnHunayn.AristuFiCibara,openiti_work_0298IshaqIbnHunayn.AristuFiCibara,2,"[""openiti_dv_0298IshaqIbnHunayn.AristuFiCibara.GRAR000012-ara1"",""openiti_dv_0298IshaqIbnHunayn.AristuFiCibara.GRAR000025-ara1""]",Same OpenITI work URI; retain versions separately.
dup_openiti_work_0298IshaqIbnHunayn.MaqalatAfrudisiFiCaql,openiti_work_0298IshaqIbnHunayn.MaqalatAfrudisiFiCaql,2,"[""openiti_dv_0298IshaqIbnHunayn.MaqalatAfrudisiFiCaql.GRAR000007-ara1"",""openiti_dv_0298IshaqIbnHunayn.MaqalatAfrudisiFiCaql.GRAR000010-ara1""]",Same OpenITI work URI; retain versions separately.
dup_openiti_work_0298IshaqIbnHunayn.MaqulatLiAristutalis,openiti_work_0298IshaqIbnHunayn.MaqulatLiAristutalis,3,"[""openiti_dv_0298IshaqIbnHunayn.MaqulatLiAristutalis.GRAR000018-ara1"",""openiti_dv_0298IshaqIbnHunayn.MaqulatLiAristutalis.GRAR000019-ara1"",""openiti_dv_0298IshaqIbnHunayn.MaqulatLiAristutalis.GRAR000022-ara1""]",Same OpenITI work URI; retain versions separately.
dup_openiti_work_0298IshaqIbnHunayn.TafsirNiqulawusFiNabat,openiti_work_0298IshaqIbnHunayn.TafsirNiqulawusFiNabat,2,"[""openiti_dv_0298IshaqIbnHunayn.TafsirNiqulawusFiNabat.ALCorpus00032-ara1"",""openiti_dv_0298IshaqIbnHunayn.TafsirNiqulawusFiNabat.GRAR000059-ara1""]",Same OpenITI work URI; retain versions separately.
dup_openiti_work_0300Anonymous.AkhbarDawlaCabbasiyya,openiti_work_0300Anonymous.AkhbarDawlaCabbasiyya,2,"[""openiti_dv_0300Anonymous.AkhbarDawlaCabbasiyya.Shamela0012226-ara1"",""openiti_dv_0300Anonymous.AkhbarDawlaCabbasiyya.Shia003471-ara1""]",Same OpenITI work URI; retain versions separately.
dup_openiti_work_0300Anonymous.RisalataHashimiWaKindi,openiti_work_0300Anonymous.RisalataHashimiWaKindi,2,"[""openiti_dv_0300Anonymous.RisalataHashimiWaKindi.Kalema00001-ara1"",""openiti_dv_0300Anonymous.RisalataHashimiWaKindi.SyriacStudies00001-ara1""]",Same OpenITI work URI; retain versions separately.
dup_openiti_work_0300HubayshIbnHasan.JalinusFiCamalTashrih,openiti_work_0300HubayshIbnHasan.JalinusFiCamalTashrih,2,"[""openiti_dv_0300HubayshIbnHasan.JalinusFiCamalTashrih.GRAR000045-ara1"",""openiti_dv_0300HubayshIbnHasan.JalinusFiCamalTashrih.GRAR000046-ara1""]",Same OpenITI work URI; retain versions separately.
dup_openiti_work_0300IbnJacfarHimyari.QurbIsnad,openiti_work_0300IbnJacfarHimyari.QurbIsnad,3,"[""openiti_dv_0300IbnJacfarHimyari.QurbIsnad.Masaha000690-ara1"",""openiti_dv_0300IbnJacfarHimyari.QurbIsnad.Shia001119-ara1"",""openiti_dv_0300IbnJacfarHimyari.QurbIsnad.Zaydiyya0000112-ara1""]",Same OpenITI work URI; retain versions separately.
dup_openiti_work_0300IbnKhurdadhbih.MasalikWaMamalik,openiti_work_0300IbnKhurdadhbih.MasalikWaMamalik,3,"[""openiti_dv_0300IbnKhurdadhbih.MasalikWaMamalik.JK009210-ara1"",""openiti_dv_0300IbnKhurdadhbih.MasalikWaMamalik.Masaha003950BK1-ara1"",""openiti_dv_0300IbnKhurdadhbih.MasalikWaMamalik.Shamela0011800BK1-ara1""]",Same OpenITI work URI; retain versions separately.
dup_openiti_work_0300IbnKhurdadhbih.MukhtarMinKitabLahw,openiti_work_0300IbnKhurdadhbih.MukhtarMinKitabLahw,2,"[""openiti_dv_0300IbnKhurdadhbih.MukhtarMinKitabLahw.JK010785-ara1"",""openiti_dv_0300IbnKhurdadhbih.MukhtarMinKitabLahw.Shamela0000785-ara1""]",Same OpenITI work URI; retain versions separately.
dup_openiti_work_0300IbnSulaymanKufi.ManaqibImam,openiti_work_0300IbnSulaymanKufi.ManaqibImam,3,"[""openiti_dv_0300IbnSulaymanKufi.ManaqibImam.Masaha003296Vols-ara1"",""openiti_dv_0300IbnSulaymanKufi.ManaqibImam.Shia001273Vols-ara1"",""openiti_dv_0300IbnSulaymanKufi.ManaqibImam.Zaydiyya0000150-ara1""]",Same OpenITI work URI; retain versions separately.
dup_openiti_work_0300IbnZakariyaHajari.Tacliqat,openiti_work_0300IbnZakariyaHajari.Tacliqat,2,"[""openiti_dv_0300IbnZakariyaHajari.Tacliqat.JK010664-ara1"",""openiti_dv_0300IbnZakariyaHajari.Tacliqat.Shamela0000664-ara1""]",Same OpenITI work URI; retain versions separately.
dup_openiti_work_0300QustaIbnLuqa.FulutarkhusFiAraTabiciyya,openiti_work_0300QustaIbnLuqa.FulutarkhusFiAraTabiciyya,2,"[""openiti_dv_0300QustaIbnLuqa.FulutarkhusFiAraTabiciyya.GRAR000076-ara1"",""openiti_dv_0300QustaIbnLuqa.FulutarkhusFiAraTabiciyya.GRAR000077-ara1""]",Same OpenITI work URI; retain versions separately.
dup_openiti_work_0301AbuBakrFaryabi.AhkamCidayn,openiti_work_0301AbuBakrFaryabi.AhkamCidayn,2,"[""openiti_dv_0301AbuBakrFaryabi.AhkamCidayn.JK000844-ara1"",""openiti_dv_0301AbuBakrFaryabi.AhkamCidayn.Shamela0008276-ara1""]",Same OpenITI work URI; retain versions separately.
dup_openiti_work_0301AbuBakrFaryabi.DalailNubuwwa,openiti_work_0301AbuBakrFaryabi.DalailNubuwwa,2,"[""openiti_dv_0301AbuBakrFaryabi.DalailNubuwwa.JK000620-ara1"",""openiti_dv_0301AbuBakrFaryabi.DalailNubuwwa.Shamela0013116-ara1""]",Same OpenITI work URI; retain versions separately.
dup_openiti_work_0301AbuBakrFaryabi.FadailQuran,openiti_work_0301AbuBakrFaryabi.FadailQuran,2,"[""openiti_dv_0301AbuBakrFaryabi.FadailQuran.JK011564-ara1"",""openiti_dv_0301AbuBakrFaryabi.FadailQuran.Shamela0009320-ara1""]",Same OpenITI work URI; retain versions separately.
dup_openiti_work_0301AbuBakrFaryabi.Qadar,openiti_work_0301AbuBakrFaryabi.Qadar,3,"[""openiti_dv_0301AbuBakrFaryabi.Qadar.JK001214-ara1"",""openiti_dv_0301AbuBakrFaryabi.Qadar.Shamela0011333-ara1"",""openiti_dv_0301AbuBakrFaryabi.Qadar.Shamela0013051-ara1""]",Same OpenITI work URI; retain versions separately.
dup_openiti_work_0301AbuBakrFaryabi.SifatNifaq,openiti_work_0301AbuBakrFaryabi.SifatNifaq,3,"[""openiti_dv_0301AbuBakrFaryabi.SifatNifaq.JK000044-ara1"",""openiti_dv_0301AbuBakrFaryabi.SifatNifaq.ShamAY0033868-ara1"",""openiti_dv_0301AbuBakrFaryabi.SifatNifaq.Shamela0008235-ara1""]",Same OpenITI work URI; retain versions separately.
dup_openiti_work_0301AbuBakrFaryabi.Siyam,openiti_work_0301AbuBakrFaryabi.Siyam,2,"[""openiti_dv_0301AbuBakrFaryabi.Siyam.JK000889-ara1"",""openiti_dv_0301AbuBakrFaryabi.Siyam.Shamela0013040-ara1""]",Same OpenITI work URI; retain versions separately.
dup_openiti_work_0301Bardiji.Kabair,openiti_work_0301Bardiji.Kabair,2,"[""openiti_dv_0301Bardiji.Kabair.Shamela0004151-ara1"",""openiti_dv_0301Bardiji.Kabair.Shamela0026595-ara1""]",Same OpenITI work URI; retain versions separately.
dup_openiti_work_0301Bardiji.TabaqatAsma,openiti_work_0301Bardiji.TabaqatAsma,3,"[""openiti_dv_0301Bardiji.TabaqatAsma.JK000748-ara1"",""openiti_dv_0301Bardiji.TabaqatAsma.ShamAY0034608-ara1"",""openiti_dv_0301Bardiji.TabaqatAsma.Shamela0001590-ara1""]",Same OpenITI work URI; retain versions separately.
dup_openiti_work_0301MuhammadIbnAhmadMaqdami.TarikhWaAsmaMuhaddithin,openiti_work_0301MuhammadIbnAhmadMaqdami.TarikhWaAsmaMuhaddithin,2,"[""openiti_dv_0301MuhammadIbnAhmadMaqdami.TarikhWaAsmaMuhaddithin.Sham19Y0122400-ara1"",""openiti_dv_0301MuhammadIbnAhmadMaqdami.TarikhWaAsmaMuhaddithin.ShamAY0034659-ara1""]",Same OpenITI work URI; retain versions separately.
dup_openiti_work_0303IbnSufyanNasawi.Arbacuna,openiti_work_0303IbnSufyanNasawi.Arbacuna,5,"[""openiti_dv_0303IbnSufyanNasawi.Arbacuna.JK000566-ara1"",""openiti_dv_0303IbnSufyanNasawi.Arbacuna.JK011291-ara1"",""openiti_dv_0303IbnSufyanNasawi.Arbacuna.ShamAY0008205-ara1"",""openiti_dv_0303IbnSufyanNasawi.Arbacuna.Shamela0008205-ara1"",""openiti_dv_0303IbnSufyanNasawi.Arbacuna.Shia001972-ara1""]",Same OpenITI work URI; retain versions separately.
dup_openiti_work_0303Nasai.AhsanAsanid,openiti_work_0303Nasai.AhsanAsanid,7,"[""openiti_dv_0303Nasai.AhsanAsanid.JK000510BK5-ara2"",""openiti_dv_0303Nasai.AhsanAsanid.JK000697BK5-ara3"",""openiti_dv_0303Nasai.AhsanAsanid.JK011235BK5-ara1"",""openiti_dv_0303Nasai.AhsanAsanid.Shamela0005839BK5-ara2"",""openiti_dv_0303Nasai.AhsanAsanid.Shamela0006004BK5-ara3"",""openiti_dv_0303Nasai.AhsanAsanid.Shia001971BK5-ara3"",""openiti_dv_0303Nasai.AhsanAsanid.Shia003077BK5-ara1""]",Same OpenITI work URI; retain versions separately.
dup_openiti_work_0303Nasai.AshabAbiHanifa,openiti_work_0303Nasai.AshabAbiHanifa,7,"[""openiti_dv_0303Nasai.AshabAbiHanifa.JK000510BK4-ara2"",""openiti_dv_0303Nasai.AshabAbiHanifa.JK000697BK6-ara3"",""openiti_dv_0303Nasai.AshabAbiHanifa.JK011235BK4-ara1"",""openiti_dv_0303Nasai.AshabAbiHanifa.Shamela0005839BK4-ara2"",""openiti_dv_0303Nasai.AshabAbiHanifa.Shamela0006004BK6-ara3"",""openiti_dv_0303Nasai.AshabAbiHanifa.Shia001971BK6-ara3"",""openiti_dv_0303Nasai.AshabAbiHanifa.Shia003077BK4-ara1""]",Same OpenITI work URI; retain versions separately.
dup_openiti_work_0303Nasai.AsilaFiRijal,openiti_work_0303Nasai.AsilaFiRijal,7,"[""openiti_dv_0303Nasai.AsilaFiRijal.JK000510BK3-ara2"",""openiti_dv_0303Nasai.AsilaFiRijal.JK000697BK7-ara3"",""openiti_dv_0303Nasai.AsilaFiRijal.JK011235BK3-ara1"",""openiti_dv_0303Nasai.AsilaFiRijal.Shamela0005839BK3-ara2"",""openiti_dv_0303Nasai.AsilaFiRijal.Shamela0006004BK7-ara3"",""openiti_dv_0303Nasai.AsilaFiRijal.Shia001971BK7-ara3"",""openiti_dv_0303Nasai.AsilaFiRijal.Shia003077BK3-ara1""]",Same OpenITI work URI; retain versions separately.
dup_openiti_work_0303Nasai.CamalYawmWaLayla,openiti_work_0303Nasai.CamalYawmWaLayla,2,"[""openiti_dv_0303Nasai.CamalYawmWaLayla.JK000735-ara1"",""openiti_dv_0303Nasai.CamalYawmWaLayla.Shamela0006772-ara1""]",Same OpenITI work URI; retain versions separately.
dup_openiti_work_0303Nasai.DucafaWaMatrukin,openiti_work_0303Nasai.DucafaWaMatrukin,4,"[""openiti_dv_0303Nasai.DucafaWaMatrukin.JK000509-ara2"",""openiti_dv_0303Nasai.DucafaWaMatrukin.ShamAY0034604-ara3"",""openiti_dv_0303Nasai.DucafaWaMatrukin.Shamela0010805-ara2"",""openiti_dv_0303Nasai.DucafaWaMatrukin.Shia003076-ara1""]",Same OpenITI work URI; retain versions separately.
dup_openiti_work_0303Nasai.FadailQuran,openiti_work_0303Nasai.FadailQuran,2,"[""openiti_dv_0303Nasai.FadailQuran.JK001079-ara1"",""openiti_dv_0303Nasai.FadailQuran.Shamela0005507-ara1""]",Same OpenITI work URI; retain versions separately.
dup_openiti_work_0303Nasai.FadailSahaba,openiti_work_0303Nasai.FadailSahaba,3,"[""openiti_dv_0303Nasai.FadailSahaba.JK000747-ara1"",""openiti_dv_0303Nasai.FadailSahaba.Shamela0006601-ara1"",""openiti_dv_0303Nasai.FadailSahaba.Shia001748-ara1""]",Same OpenITI work URI; retain versions separately.
dup_openiti_work_0303Nasai.IbnAbiCaruba,openiti_work_0303Nasai.IbnAbiCaruba,7,"[""openiti_dv_0303Nasai.IbnAbiCaruba.JK000510BK2-ara2"",""openiti_dv_0303Nasai.IbnAbiCaruba.JK000697BK4-ara3"",""openiti_dv_0303Nasai.IbnAbiCaruba.JK011235BK2-ara1"",""openiti_dv_0303Nasai.IbnAbiCaruba.Shamela0005839BK2-ara2"",""openiti_dv_0303Nasai.IbnAbiCaruba.Shamela0006004BK4-ara3"",""openiti_dv_0303Nasai.IbnAbiCaruba.Shia001971BK4-ara3"",""openiti_dv_0303Nasai.IbnAbiCaruba.Shia003077BK2-ara1""]",Same OpenITI work URI; retain versions separately.
dup_openiti_work_0303Nasai.Ighrab,openiti_work_0303Nasai.Ighrab,2,"[""openiti_dv_0303Nasai.Ighrab.ShamAY0001371-ara1"",""openiti_dv_0303Nasai.Ighrab.Shamela0026871-ara1""]",Same OpenITI work URI; retain versions separately.
dup_openiti_work_0303Nasai.Jumca,openiti_work_0303Nasai.Jumca,2,"[""openiti_dv_0303Nasai.Jumca.JK010206-ara2"",""openiti_dv_0303Nasai.Jumca.Shamela0021577-ara1""]",Same OpenITI work URI; retain versions separately.
dup_openiti_work_0303Nasai.KhasaisAmirMumininCali,openiti_work_0303Nasai.KhasaisAmirMumininCali,3,"[""openiti_dv_0303Nasai.KhasaisAmirMumininCali.JK000669-ara1"",""openiti_dv_0303Nasai.KhasaisAmirMumininCali.Shamela0005645-ara1"",""openiti_dv_0303Nasai.KhasaisAmirMumininCali.Shia001970-ara2""]",Same OpenITI work URI; retain versions separately.
dup_openiti_work_0303Nasai.MajlisanMinImla,openiti_work_0303Nasai.MajlisanMinImla,4,"[""openiti_dv_0303Nasai.MajlisanMinImla.JK000703-ara1"",""openiti_dv_0303Nasai.MajlisanMinImla.Shamela0005705-ara1"",""openiti_dv_0303Nasai.MajlisanMinImla.Shamela0008225-ara1"",""openiti_dv_0303Nasai.MajlisanMinImla.Shia001974-ara1""]",Same OpenITI work URI; retain versions separately.
dup_openiti_work_0303Nasai.Nucut,openiti_work_0303Nasai.Nucut,2,"[""openiti_dv_0303Nasai.Nucut.JK001202-ara1"",""openiti_dv_0303Nasai.Nucut.Shamela0006434-ara1""]",Same OpenITI work URI; retain versions separately.
dup_openiti_work_0303Nasai.SunanKubra,openiti_work_0303Nasai.SunanKubra,5,"[""openiti_dv_0303Nasai.SunanKubra.JK000475-ara1"",""openiti_dv_0303Nasai.SunanKubra.ShamAY0033958-ara1"",""openiti_dv_0303Nasai.SunanKubra.ShamAY0033997-ara3"",""openiti_dv_0303Nasai.SunanKubra.Shamela0008361-ara2"",""openiti_dv_0303Nasai.SunanKubra.Shia001964Vols-ara1""]",Same OpenITI work URI; retain versions separately.
dup_openiti_work_0303Nasai.SunanSughra,openiti_work_0303Nasai.SunanSughra,4,"[""openiti_dv_0303Nasai.SunanSughra.JK000130-ara1"",""openiti_dv_0303Nasai.SunanSughra.ShamAY0033998-ara1"",""openiti_dv_0303Nasai.SunanSughra.Shamela0000829-ara1"",""openiti_dv_0303Nasai.SunanSughra.Shia001740Vols-ara1""]",Same OpenITI work URI; retain versions separately.
dup_openiti_work_0303Nasai.Tabaqat,openiti_work_0303Nasai.Tabaqat,10,"[""openiti_dv_0303Nasai.Tabaqat.JK000510BK7-ara2"",""openiti_dv_0303Nasai.Tabaqat.JK000697BK2-ara3"",""openiti_dv_0303Nasai.Tabaqat.JK000831-ara4"",""openiti_dv_0303Nasai.Tabaqat.JK011235BK7-ara1"",""openiti_dv_0303Nasai.Tabaqat.ShamAY0034618-ara2"",""openiti_dv_0303Nasai.Tabaqat.Shamela0005839BK7-ara2"",""openiti_dv_0303Nasai.Tabaqat.Shamela0005885-ara4"",""openiti_dv_0303Nasai.Tabaqat.Shamela0006004BK2-ara3"",""openiti_dv_0303Nasai.Tabaqat.Shia001971BK2-ara3"",""openiti_dv_0303Nasai.Tabaqat.Shia003077BK7-ara1""]",Same OpenITI work URI; retain versions separately.
dup_openiti_work_0303Nasai.TasmiyatFuqahaAmsar,openiti_work_0303Nasai.TasmiyatFuqahaAmsar,10,"[""openiti_dv_0303Nasai.TasmiyatFuqahaAmsar.JK000510BK6-ara2"",""openiti_dv_0303Nasai.TasmiyatFuqahaAmsar.JK000697BK1-ara3"",""openiti_dv_0303Nasai.TasmiyatFuqahaAmsar.JK000827-ara1"",""openiti_dv_0303Nasai.TasmiyatFuqahaAmsar.JK011235BK6-ara1"",""openiti_dv_0303Nasai.TasmiyatFuqahaAmsar.PV0001-ara4"",""openiti_dv_0303Nasai.TasmiyatFuqahaAmsar.Shamela0005820-ara1"",""openiti_dv_0303Nasai.TasmiyatFuqahaAmsar.Shamela0005839BK6-ara2"",""openiti_dv_0303Nasai.TasmiyatFuqahaAmsar.Shamela0006004BK1-ara3"",""openiti_dv_0303Nasai.TasmiyatFuqahaAmsar.Shia001971BK1-ara3"",""openiti_dv_0303Nasai.TasmiyatFuqahaAmsar.Shia003077BK6-ara1""]",Same OpenITI work URI; retain versions separately.
dup_openiti_work_0303Nasai.TasmiyatManLamYarwi,openiti_work_0303Nasai.TasmiyatManLamYarwi,7,"[""openiti_dv_0303Nasai.TasmiyatManLamYarwi.JK000510BK1-ara2"",""openiti_dv_0303Nasai.TasmiyatManLamYarwi.JK000697BK3-ara3"",""openiti_dv_0303Nasai.TasmiyatManLamYarwi.JK011235BK1-ara1"",""openiti_dv_0303Nasai.TasmiyatManLamYarwi.Shamela0005839BK1-ara2"",""openiti_dv_0303Nasai.TasmiyatManLamYarwi.Shamela0006004BK3-ara3"",""openiti_dv_0303Nasai.TasmiyatManLamYarwi.Shia001971BK3-ara3"",""openiti_dv_0303Nasai.TasmiyatManLamYarwi.Shia003077BK1-ara1""]",Same OpenITI work URI; retain versions separately.
dup_openiti_work_0303Nasai.TasmiyatMashayikh,openiti_work_0303Nasai.TasmiyatMashayikh,2,"[""openiti_dv_0303Nasai.TasmiyatMashayikh.JK009386-ara1"",""openiti_dv_0303Nasai.TasmiyatMashayikh.Shamela0025946-ara1""]",Same OpenITI work URI; retain versions separately.
dup_openiti_work_0303Nasai.Wafat,openiti_work_0303Nasai.Wafat,3,"[""openiti_dv_0303Nasai.Wafat.JK000723-ara1"",""openiti_dv_0303Nasai.Wafat.Shamela0022643-ara1"",""openiti_dv_0303Nasai.Wafat.Shia001973-ara1""]",Same OpenITI work URI; retain versions separately.
dup_openiti_work_0304YamutIbnMuzarrac.Amali,openiti_work_0304YamutIbnMuzarrac.Amali,2,"[""openiti_dv_0304YamutIbnMuzarrac.Amali.JK010651-ara1"",""openiti_dv_0304YamutIbnMuzarrac.Amali.Shamela0000651-ara1""]",Same OpenITI work URI; retain versions separately.
dup_openiti_work_0305AbuCuthmanDimashqi.Isaghuji,openiti_work_0305AbuCuthmanDimashqi.Isaghuji,2,"[""openiti_dv_0305AbuCuthmanDimashqi.Isaghuji.GRAR000062-ara1"",""openiti_dv_0305AbuCuthmanDimashqi.Isaghuji.GRAR000063-ara2""]",Same OpenITI work URI; retain versions separately.
dup_openiti_work_0306Wakic.AkhbarQudat,openiti_work_0306Wakic.AkhbarQudat,3,"[""openiti_dv_0306Wakic.AkhbarQudat.JK007001-ara1"",""openiti_dv_0306Wakic.AkhbarQudat.Shamela0000150-ara1"",""openiti_dv_0306Wakic.AkhbarQudat.Shia003426Vols-ara1""]",Same OpenITI work URI; retain versions separately.
dup_openiti_work_0307AbuYaclaMawsili.Mafarid,openiti_work_0307AbuYaclaMawsili.Mafarid,3,"[""openiti_dv_0307AbuYaclaMawsili.Mafarid.JK000639-ara1"",""openiti_dv_0307AbuYaclaMawsili.Mafarid.Shamela0013069-ara1"",""openiti_dv_0307AbuYaclaMawsili.Mafarid.Shia001975-ara1""]",Same OpenITI work URI; retain versions separately.
dup_openiti_work_0307AbuYaclaMawsili.Mucjam,openiti_work_0307AbuYaclaMawsili.Mucjam,2,"[""openiti_dv_0307AbuYaclaMawsili.Mucjam.JK000691-ara1"",""openiti_dv_0307AbuYaclaMawsili.Mucjam.Shamela0013175-ara1""]",Same OpenITI work URI; retain versions separately.
dup_openiti_work_0307AbuYaclaMawsili.Musnad,openiti_work_0307AbuYaclaMawsili.Musnad,3,"[""openiti_dv_0307AbuYaclaMawsili.Musnad.JK000485-ara1"",""openiti_dv_0307AbuYaclaMawsili.Musnad.Shamela0012520-ara1"",""openiti_dv_0307AbuYaclaMawsili.Musnad.Shia001976Vols-ara1""]",Same OpenITI work URI; retain versions separately.
dup_openiti_work_0307IbnHarunRuyani.Musnad,openiti_work_0307IbnHarunRuyani.Musnad,2,"[""openiti_dv_0307IbnHarunRuyani.Musnad.JK000653-ara1"",""openiti_dv_0307IbnHarunRuyani.Musnad.Shamela0013161-ara1""]",Same OpenITI work URI; retain versions separately.
dup_openiti_work_0307IbnJarudNaysaburi.Muntaqa,openiti_work_0307IbnJarudNaysaburi.Muntaqa,6,"[""openiti_dv_0307IbnJarudNaysaburi.Muntaqa.JK000488-ara1"",""openiti_dv_0307IbnJarudNaysaburi.Muntaqa.ShamAY0033903-ara1"",""openiti_dv_0307IbnJarudNaysaburi.Muntaqa.ShamAY0033925-ara1"",""openiti_dv_0307IbnJarudNaysaburi.Muntaqa.ShamAY0033947-ara1"",""openiti_dv_0307IbnJarudNaysaburi.Muntaqa.Shamela0013071-ara1"",""openiti_dv_0307IbnJarudNaysaburi.Muntaqa.Shia001989-ara1""]",Same OpenITI work URI; retain versions separately.
dup_openiti_work_0308AbuSacidJanadi.FadailMadina,openiti_work_0308AbuSacidJanadi.FadailMadina,3,"[""openiti_dv_0308AbuSacidJanadi.FadailMadina.JK000868-ara1"",""openiti_dv_0308AbuSacidJanadi.FadailMadina.Shamela0013137-ara1"",""openiti_dv_0308AbuSacidJanadi.FadailMadina.Shia003472-ara1""]",Same OpenITI work URI; retain versions separately.
dup_openiti_work_0309IbnFadlan.Rihla,openiti_work_0309IbnFadlan.Rihla,4,"[""openiti_dv_0309IbnFadlan.Rihla.JK000408-ara1"",""openiti_dv_0309IbnFadlan.Rihla.LAL2014120801BK2-ara2"",""openiti_dv_0309IbnFadlan.Rihla.Masaha004121-ara1"",""openiti_dv_0309IbnFadlan.Rihla.Shamela0011772-ara1""]",Same OpenITI work URI; retain versions separately.
dup_openiti_work_0309IbnMarzuban.DhammThuqala,openiti_work_0309IbnMarzuban.DhammThuqala,3,"[""openiti_dv_0309IbnMarzuban.DhammThuqala.JK000573-ara1"",""openiti_dv_0309IbnMarzuban.DhammThuqala.Shamela0006769-ara1"",""openiti_dv_0309IbnMarzuban.DhammThuqala.Shia001990-ara1""]",Same OpenITI work URI; retain versions separately.
dup_openiti_work_0309IbnMarzuban.FadlKilab,openiti_work_0309IbnMarzuban.FadlKilab,4,"[""openiti_dv_0309IbnMarzuban.FadlKilab.JK000498-ara1"",""openiti_dv_0309IbnMarzuban.FadlKilab.ShamAY0033790-ara1"",""openiti_dv_0309IbnMarzuban.FadlKilab.ShamAY0033791-ara1"",""openiti_dv_0309IbnMarzuban.FadlKilab.Shamela0011342-ara1""]",Same OpenITI work URI; retain versions separately.
dup_openiti_work_0310AbuCabbasNayrizi.SharhUsulLiUqlidis,openiti_work_0310AbuCabbasNayrizi.SharhUsulLiUqlidis,3,"[""openiti_dv_0310AbuCabbasNayrizi.SharhUsulLiUqlidis.GRAR000056-ara1"",""openiti_dv_0310AbuCabbasNayrizi.SharhUsulLiUqlidis.GRAR000057-ara1"",""openiti_dv_0310AbuCabbasNayrizi.SharhUsulLiUqlidis.GRAR000058-ara1""]",Same OpenITI work URI; retain versions separately.
dup_openiti_work_0310IbnAhmadDulabi.Dhariyya,openiti_work_0310IbnAhmadDulabi.Dhariyya,3,"[""openiti_dv_0310IbnAhmadDulabi.Dhariyya.JK000621-ara1"",""openiti_dv_0310IbnAhmadDulabi.Dhariyya.Shamela0013019-ara1"",""openiti_dv_0310IbnAhmadDulabi.Dhariyya.Shia001991-ara1""]",Same OpenITI work URI; retain versions separately.
dup_openiti_work_0310IbnAhmadDulabi.KunaWaAsma,openiti_work_0310IbnAhmadDulabi.KunaWaAsma,2,"[""openiti_dv_0310IbnAhmadDulabi.KunaWaAsma.JK007016-ara1"",""openiti_dv_0310IbnAhmadDulabi.KunaWaAsma.Shamela0013056-ara1""]",Same OpenITI work URI; retain versions separately.
dup_openiti_work_0310IbnCabbasYazidi.Amali,openiti_work_0310IbnCabbasYazidi.Amali,3,"[""openiti_dv_0310IbnCabbasYazidi.Amali.JK010748-ara1"",""openiti_dv_0310IbnCabbasYazidi.Amali.Sham19Y0008196-ara1"",""openiti_dv_0310IbnCabbasYazidi.Amali.Shamela0008196-ara1""]",Same OpenITI work URI; retain versions separately.
dup_openiti_work_0310Tabari.IkhtilafFuqaha,openiti_work_0310Tabari.IkhtilafFuqaha,2,"[""openiti_dv_0310Tabari.IkhtilafFuqaha.JK000300-ara1"",""openiti_dv_0310Tabari.IkhtilafFuqaha.Shamela0007492-ara1""]",Same OpenITI work URI; retain versions separately.
dup_openiti_work_0310Tabari.JamicBayan,openiti_work_0310Tabari.JamicBayan,5,"[""openiti_dv_0310Tabari.JamicBayan.JK000164-ara1"",""openiti_dv_0310Tabari.JamicBayan.Shamela0000043-ara1"",""openiti_dv_0310Tabari.JamicBayan.Shamela0007798-ara1"",""openiti_dv_0310Tabari.JamicBayan.Shia002468Vols-ara1"",""openiti_dv_0310Tabari.JamicBayan.Tafsir01001-ara1""]",Same OpenITI work URI; retain versions separately.
dup_openiti_work_0310Tabari.MuntakhabMinDhayl,openiti_work_0310Tabari.MuntakhabMinDhayl,4,"[""openiti_dv_0310Tabari.MuntakhabMinDhayl.JK011133-ara1"",""openiti_dv_0310Tabari.MuntakhabMinDhayl.Shamela0001133-ara1"",""openiti_dv_0310Tabari.MuntakhabMinDhayl.Shamela0009783BK4-ara1"",""openiti_dv_0310Tabari.MuntakhabMinDhayl.Shia003473-ara1""]",Same OpenITI work URI; retain versions separately.
dup_openiti_work_0310Tabari.SarihSunna,openiti_work_0310Tabari.SarihSunna,3,"[""openiti_dv_0310Tabari.SarihSunna.JK000320-ara1"",""openiti_dv_0310Tabari.SarihSunna.Shamela0013127-ara1"",""openiti_dv_0310Tabari.SarihSunna.Shia001992-ara1""]",Same OpenITI work URI; retain versions separately.
dup_openiti_work_0310Tabari.TahdhibAthar,openiti_work_0310Tabari.TahdhibAthar,2,"[""openiti_dv_0310Tabari.TahdhibAthar.JK008250Vols-ara1"",""openiti_dv_0310Tabari.TahdhibAthar.Shamela0013090Vols-ara1""]",Same OpenITI work URI; retain versions separately.
dup_openiti_work_0310Tabari.Tarikh,openiti_work_0310Tabari.Tarikh,5,"[""openiti_dv_0310Tabari.Tarikh.JK000157-ara2"",""openiti_dv_0310Tabari.Tarikh.Masaha001963Vols-ara1"",""openiti_dv_0310Tabari.Tarikh.ShamAY0033812-ara2"",""openiti_dv_0310Tabari.Tarikh.Shamela0009783BK1-ara1"",""openiti_dv_0310Tabari.Tarikh.Shia003474Vols-ara3""]",Same OpenITI work URI; retain versions separately.
dup_openiti_work_0311AbuBakrKhallal.AmrBiMacruf,openiti_work_0311AbuBakrKhallal.AmrBiMacruf,3,"[""openiti_dv_0311AbuBakrKhallal.AmrBiMacruf.JK011299-ara1"",""openiti_dv_0311AbuBakrKhallal.AmrBiMacruf.ShamAY0033905-ara1"",""openiti_dv_0311AbuBakrKhallal.AmrBiMacruf.Shamela0008248-ara1""]",Same OpenITI work URI; retain versions separately.
dup_openiti_work_0311AbuBakrKhallal.HaththCalaTijara,openiti_work_0311AbuBakrKhallal.HaththCalaTijara,2,"[""openiti_dv_0311AbuBakrKhallal.HaththCalaTijara.JK011339-ara1"",""openiti_dv_0311AbuBakrKhallal.HaththCalaTijara.Shamela0008213-ara1""]",Same OpenITI work URI; retain versions separately.
dup_openiti_work_0311AbuBakrKhallal.QiraaCindaQubur,openiti_work_0311AbuBakrKhallal.QiraaCindaQubur,2,"[""openiti_dv_0311AbuBakrKhallal.QiraaCindaQubur.JK011412-ara1"",""openiti_dv_0311AbuBakrKhallal.QiraaCindaQubur.Shamela0008271-ara1""]",Same OpenITI work URI; retain versions separately.
dup_openiti_work_0311AbuBakrKhallal.Sunna,openiti_work_0311AbuBakrKhallal.Sunna,2,"[""openiti_dv_0311AbuBakrKhallal.Sunna.JK000839-ara1"",""openiti_dv_0311AbuBakrKhallal.Sunna.Shamela0001077-ara1""]",Same OpenITI work URI; retain versions separately.
dup_openiti_work_0311IbnKhuzaymaNaysaburi.Sahih,openiti_work_0311IbnKhuzaymaNaysaburi.Sahih,6,"[""openiti_dv_0311IbnKhuzaymaNaysaburi.Sahih.JK000132-ara1"",""openiti_dv_0311IbnKhuzaymaNaysaburi.Sahih.ShamAY0031687-ara1"",""openiti_dv_0311IbnKhuzaymaNaysaburi.Sahih.ShamAY0033968-ara1"",""openiti_dv_0311IbnKhuzaymaNaysaburi.Sahih.Shamela0001446-ara1"",""openiti_dv_0311IbnKhuzaymaNaysaburi.Sahih.Shamela0121382-ara1"",""openiti_dv_0311IbnKhuzaymaNaysaburi.Sahih.Shia001993Vols-ara1""]",Same OpenITI work URI; retain versions separately.
dup_openiti_work_0311IbnKhuzaymaNaysaburi.Tawhid,openiti_work_0311IbnKhuzaymaNaysaburi.Tawhid,3,"[""openiti_dv_0311IbnKhuzaymaNaysaburi.Tawhid.JK009159-ara1"",""openiti_dv_0311IbnKhuzaymaNaysaburi.Tawhid.ShamAY0033974-ara1"",""openiti_dv_0311IbnKhuzaymaNaysaburi.Tawhid.Shamela0013011-ara1""]",Same OpenITI work URI; retain versions separately.
dup_openiti_work_0311IbnSariZajjaj.TafsirAsmaAllah,openiti_work_0311IbnSariZajjaj.TafsirAsmaAllah,2,"[""openiti_dv_0311IbnSariZajjaj.TafsirAsmaAllah.JK000959-ara1"",""openiti_dv_0311IbnSariZajjaj.TafsirAsmaAllah.Shamela0006468-ara1""]",Same OpenITI work URI; retain versions separately.
dup_openiti_work_0312BaghandiSaghir.MusnadCumar,openiti_work_0312BaghandiSaghir.MusnadCumar,3,"[""openiti_dv_0312BaghandiSaghir.MusnadCumar.JK000623-ara1"",""openiti_dv_0312BaghandiSaghir.MusnadCumar.Shamela0013173-ara1"",""openiti_dv_0312BaghandiSaghir.MusnadCumar.Shia001997-ara1""]",Same OpenITI work URI; retain versions separately.
dup_openiti_work_0312IbnCaliTusi.MukhtasarAhkam,openiti_work_0312IbnCaliTusi.MukhtasarAhkam,2,"[""openiti_dv_0312IbnCaliTusi.MukhtasarAhkam.JK000929-ara1"",""openiti_dv_0312IbnCaliTusi.MukhtasarAhkam.Shamela0005583-ara1""]",Same OpenITI work URI; retain versions separately.
dup_openiti_work_0313IbnIshaqSarraj.Baytuta,openiti_work_0313IbnIshaqSarraj.Baytuta,2,"[""openiti_dv_0313IbnIshaqSarraj.Baytuta.JK011321-ara1"",""openiti_dv_0313IbnIshaqSarraj.Baytuta.Shamela0008252-ara1""]",Same OpenITI work URI; retain versions separately.
dup_openiti_work_0313IbnIshaqSarraj.Musnad,openiti_work_0313IbnIshaqSarraj.Musnad,3,"[""openiti_dv_0313IbnIshaqSarraj.Musnad.JK009385-ara1"",""openiti_dv_0313IbnIshaqSarraj.Musnad.Shamela0001383-ara1"",""openiti_dv_0313IbnIshaqSarraj.Musnad.Shamela0026668-ara1""]",Same OpenITI work URI; retain versions separately.
dup_openiti_work_0313IbnZakariyyaRazi.HawiFiTibb,openiti_work_0313IbnZakariyyaRazi.HawiFiTibb,2,"[""openiti_dv_0313IbnZakariyyaRazi.HawiFiTibb.JK007067-ara1"",""openiti_dv_0313IbnZakariyyaRazi.HawiFiTibb.Shamela0010704-ara1""]",Same OpenITI work URI; retain versions separately.
dup_openiti_work_0314IbnActhamKufi.Futuh,openiti_work_0314IbnActhamKufi.Futuh,2,"[""openiti_dv_0314IbnActhamKufi.Futuh.Masaha002954Vols-ara1"",""openiti_dv_0314IbnActhamKufi.Futuh.Shia003675Vols-ara1""]",Same OpenITI work URI; retain versions separately.
dup_openiti_work_0315IbnFaydGhassani.AkhbarWaHikayat,openiti_work_0315IbnFaydGhassani.AkhbarWaHikayat,2,"[""openiti_dv_0315IbnFaydGhassani.AkhbarWaHikayat.JK000523-ara1"",""openiti_dv_0315IbnFaydGhassani.AkhbarWaHikayat.Shamela0005650-ara1""]",Same OpenITI work URI; retain versions separately.
dup_openiti_work_0316AbuCawana.Mustakhraj,openiti_work_0316AbuCawana.Mustakhraj,4,"[""openiti_dv_0316AbuCawana.Mustakhraj.JK001486-ara1"",""openiti_dv_0316AbuCawana.Mustakhraj.Sham19Y0018144-ara1"",""openiti_dv_0316AbuCawana.Mustakhraj.ShamAY0032665-ara1"",""openiti_dv_0316AbuCawana.Mustakhraj.Shamela0021618-ara1""]",Same OpenITI work URI; retain versions separately.
dup_openiti_work_0316IbnAbiDawudSijistani.Bacth,openiti_work_0316IbnAbiDawudSijistani.Bacth,3,"[""openiti_dv_0316IbnAbiDawudSijistani.Bacth.JK011319-ara1"",""openiti_dv_0316IbnAbiDawudSijistani.Bacth.ShamAY0033692-ara1"",""openiti_dv_0316IbnAbiDawudSijistani.Bacth.Shamela0008251-ara1""]",Same OpenITI work URI; retain versions separately.
dup_openiti_work_0316IbnAbiDawudSijistani.Masahif,openiti_work_0316IbnAbiDawudSijistani.Masahif,2,"[""openiti_dv_0316IbnAbiDawudSijistani.Masahif.JK009180-ara1"",""openiti_dv_0316IbnAbiDawudSijistani.Masahif.Shamela0013067-ara1""]",Same OpenITI work URI; retain versions separately.
dup_openiti_work_0316IbnAbiDawudSijistani.MusnadCaisha,openiti_work_0316IbnAbiDawudSijistani.MusnadCaisha,3,"[""openiti_dv_0316IbnAbiDawudSijistani.MusnadCaisha.JK000564-ara1"",""openiti_dv_0316IbnAbiDawudSijistani.MusnadCaisha.Shamela0013167-ara1"",""openiti_dv_0316IbnAbiDawudSijistani.MusnadCaisha.Shia001999-ara1""]",Same OpenITI work URI; retain versions separately.
dup_openiti_work_0316IbnAbiDawudSijistani.Qasida,openiti_work_0316IbnAbiDawudSijistani.Qasida,3,"[""openiti_dv_0316IbnAbiDawudSijistani.Qasida.JK000795-ara1"",""openiti_dv_0316IbnAbiDawudSijistani.Qasida.ShamAY0033878-ara1"",""openiti_dv_0316IbnAbiDawudSijistani.Qasida.Shia001998-ara1""]",Same OpenITI work URI; retain versions separately.
dup_openiti_work_0316IbnSarrajNahwi.UsulFiNahw,openiti_work_0316IbnSarrajNahwi.UsulFiNahw,3,"[""openiti_dv_0316IbnSarrajNahwi.UsulFiNahw.JK001130-ara1"",""openiti_dv_0316IbnSarrajNahwi.UsulFiNahw.JK001327-ara1"",""openiti_dv_0316IbnSarrajNahwi.UsulFiNahw.Shamela0007365-ara1""]",Same OpenITI work URI; retain versions separately.
dup_openiti_work_0317AbuQasimBaghawi.HadithMuscab,openiti_work_0317AbuQasimBaghawi.HadithMuscab,2,"[""openiti_dv_0317AbuQasimBaghawi.HadithMuscab.JK007048-ara1"",""openiti_dv_0317AbuQasimBaghawi.HadithMuscab.Shamela0005733-ara1""]",Same OpenITI work URI; retain versions separately.
dup_openiti_work_0317AbuQasimBaghawi.JuzFiMasailIbnHanbal,openiti_work_0317AbuQasimBaghawi.JuzFiMasailIbnHanbal,2,"[""openiti_dv_0317AbuQasimBaghawi.JuzFiMasailIbnHanbal.JK001106-ara1"",""openiti_dv_0317AbuQasimBaghawi.JuzFiMasailIbnHanbal.Shamela0012853-ara1""]",Same OpenITI work URI; retain versions separately.
dup_openiti_work_0317AbuQasimBaghawi.JuzThalathaWaThalathina,openiti_work_0317AbuQasimBaghawi.JuzThalathaWaThalathina,3,"[""openiti_dv_0317AbuQasimBaghawi.JuzThalathaWaThalathina.JK000847-ara1"",""openiti_dv_0317AbuQasimBaghawi.JuzThalathaWaThalathina.Shamela0013101-ara1"",""openiti_dv_0317AbuQasimBaghawi.JuzThalathaWaThalathina.Shia002000-ara1""]",Same OpenITI work URI; retain versions separately.
dup_openiti_work_0317AbuQasimBaghawi.MucjamSahaba,openiti_work_0317AbuQasimBaghawi.MucjamSahaba,2,"[""openiti_dv_0317AbuQasimBaghawi.MucjamSahaba.ShamAY0034636-ara1"",""openiti_dv_0317AbuQasimBaghawi.MucjamSahaba.Shamela0023100-ara1""]",Same OpenITI work URI; retain versions separately.
dup_openiti_work_0317AbuQasimBaghawi.MusnadUsama,openiti_work_0317AbuQasimBaghawi.MusnadUsama,3,"[""openiti_dv_0317AbuQasimBaghawi.MusnadUsama.JK000645-ara1"",""openiti_dv_0317AbuQasimBaghawi.MusnadUsama.Shamela0013158-ara1"",""openiti_dv_0317AbuQasimBaghawi.MusnadUsama.Shia002001-ara1""]",Same OpenITI work URI; retain versions separately.
dup_openiti_work_0317IbnCammarShahid.CilalAhadith,openiti_work_0317IbnCammarShahid.CilalAhadith,3,"[""openiti_dv_0317IbnCammarShahid.CilalAhadith.JK001029-ara1"",""openiti_dv_0317IbnCammarShahid.CilalAhadith.ShamAY0034174-ara1"",""openiti_dv_0317IbnCammarShahid.CilalAhadith.Shamela0006049-ara1""]",Same OpenITI work URI; retain versions separately.
dup_openiti_work_0317IbnJabirBattani.Zij,openiti_work_0317IbnJabirBattani.Zij,3,"[""openiti_dv_0317IbnJabirBattani.Zij.ALCorpus00015-ara1"",""openiti_dv_0317IbnJabirBattani.Zij.JK010452-ara1"",""openiti_dv_0317IbnJabirBattani.Zij.Shamela0000452-ara1""]",Same OpenITI work URI; retain versions separately.
dup_openiti_work_0318AbuCarubaHarrani.Ahadith,openiti_work_0318AbuCarubaHarrani.Ahadith,4,"[""openiti_dv_0318AbuCarubaHarrani.Ahadith.JK001212-ara1"",""openiti_dv_0318AbuCarubaHarrani.Ahadith.ShamAY0033611-ara1"",""openiti_dv_0318AbuCarubaHarrani.Ahadith.ShamAY0033619-ara1"",""openiti_dv_0318AbuCarubaHarrani.Ahadith.Shamela0013098-ara1""]",Same OpenITI work URI; retain versions separately.
dup_openiti_work_0318AbuCarubaHarrani.Awail,openiti_work_0318AbuCarubaHarrani.Awail,2,"[""openiti_dv_0318AbuCarubaHarrani.Awail.JK009176-ara1"",""openiti_dv_0318AbuCarubaHarrani.Awail.Shamela0005744-ara1""]",Same OpenITI work URI; retain versions separately.
dup_openiti_work_0318AbuCarubaHarrani.JuzBiRiwayatAntaki,openiti_work_0318AbuCarubaHarrani.JuzBiRiwayatAntaki,2,"[""openiti_dv_0318AbuCarubaHarrani.JuzBiRiwayatAntaki.JK011471-ara1"",""openiti_dv_0318AbuCarubaHarrani.JuzBiRiwayatAntaki.Shamela0001288-ara1""]",Same OpenITI work URI; retain versions separately.
dup_openiti_work_0318AbuCarubaHarrani.MuntaqaMinTabaqat,openiti_work_0318AbuCarubaHarrani.MuntaqaMinTabaqat,2,"[""openiti_dv_0318AbuCarubaHarrani.MuntaqaMinTabaqat.JK011440-ara1"",""openiti_dv_0318AbuCarubaHarrani.MuntaqaMinTabaqat.Shamela0008274-ara1""]",Same OpenITI work URI; retain versions separately.
dup_openiti_work_0318IbnMuhammadHashimi.MusnadIbnAbiAwfa,openiti_work_0318IbnMuhammadHashimi.MusnadIbnAbiAwfa,3,"[""openiti_dv_0318IbnMuhammadHashimi.MusnadIbnAbiAwfa.JK000594-ara1"",""openiti_dv_0318IbnMuhammadHashimi.MusnadIbnAbiAwfa.Shamela0013154-ara1"",""openiti_dv_0318IbnMuhammadHashimi.MusnadIbnAbiAwfa.Shia002002-ara1""]",Same OpenITI work URI; retain versions separately.
dup_openiti_work_0319IbnMundhirNaysaburi.AwsatFiSunan,openiti_work_0319IbnMundhirNaysaburi.AwsatFiSunan,3,"[""openiti_dv_0319IbnMundhirNaysaburi.AwsatFiSunan.JK000207-ara1"",""openiti_dv_0319IbnMundhirNaysaburi.AwsatFiSunan.ShamAY0034282-ara1"",""openiti_dv_0319IbnMundhirNaysaburi.AwsatFiSunan.Shamela0021113-ara1""]",Same OpenITI work URI; retain versions separately.
dup_openiti_work_0319IbnMundhirNaysaburi.Ijmac,openiti_work_0319IbnMundhirNaysaburi.Ijmac,3,"[""openiti_dv_0319IbnMundhirNaysaburi.Ijmac.JK000183-ara1"",""openiti_dv_0319IbnMundhirNaysaburi.Ijmac.Sham19Y0151100-ara1"",""openiti_dv_0319IbnMundhirNaysaburi.Ijmac.Shamela0012445-ara1""]",Same OpenITI work URI; retain versions separately.
dup_openiti_work_0320HakimTirmidhi.Amthal,openiti_work_0320HakimTirmidhi.Amthal,2,"[""openiti_dv_0320HakimTirmidhi.Amthal.JK000947-ara1"",""openiti_dv_0320HakimTirmidhi.Amthal.Shamela0006893-ara1""]",Same OpenITI work URI; retain versions separately.
dup_openiti_work_0320HakimTirmidhi.CaqlWaHawa,openiti_work_0320HakimTirmidhi.CaqlWaHawa,2,"[""openiti_dv_0320HakimTirmidhi.CaqlWaHawa.JK010652-ara1"",""openiti_dv_0320HakimTirmidhi.CaqlWaHawa.Shamela0000652-ara1""]",Same OpenITI work URI; retain versions separately.
dup_openiti_work_0320HakimTirmidhi.Manhiyyat,openiti_work_0320HakimTirmidhi.Manhiyyat,2,"[""openiti_dv_0320HakimTirmidhi.Manhiyyat.JK010216-ara1"",""openiti_dv_0320HakimTirmidhi.Manhiyyat.Shamela0025950-ara1""]",Same OpenITI work URI; retain versions separately.
dup_openiti_work_0320HakimTirmidhi.NawadirUsul,openiti_work_0320HakimTirmidhi.NawadirUsul,4,"[""openiti_dv_0320HakimTirmidhi.NawadirUsul.JK001332-ara1"",""openiti_dv_0320HakimTirmidhi.NawadirUsul.ShamAY0034123-ara1"",""openiti_dv_0320HakimTirmidhi.NawadirUsul.ShamAY0038092-ara1"",""openiti_dv_0320HakimTirmidhi.NawadirUsul.Shamela0000720-ara1""]",Same OpenITI work URI; retain versions separately.
dup_openiti_work_0320IbnMascudCayyashi.Tafsir,openiti_work_0320IbnMascudCayyashi.Tafsir,2,"[""openiti_dv_0320IbnMascudCayyashi.Tafsir.Masaha004648Vols-ara1"",""openiti_dv_0320IbnMascudCayyashi.Tafsir.Shia002335Vols-ara1""]",Same OpenITI work URI; retain versions separately.
dup_openiti_work_0320IbnMuhammadBayhaqi.Mahasin,openiti_work_0320IbnMuhammadBayhaqi.Mahasin,3,"[""openiti_dv_0320IbnMuhammadBayhaqi.Mahasin.JK009291-ara1"",""openiti_dv_0320IbnMuhammadBayhaqi.Mahasin.Masaha002349-ara1"",""openiti_dv_0320IbnMuhammadBayhaqi.Mahasin.Shamela0000564-ara1""]",Same OpenITI work URI; retain versions separately.
dup_openiti_work_0321IbnDuraydAzdi.Diwan,openiti_work_0321IbnDuraydAzdi.Diwan,3,"[""openiti_dv_0321IbnDuraydAzdi.Diwan.JK007595-ara1"",""openiti_dv_0321IbnDuraydAzdi.Diwan.ShamAY0037867-ara1"",""openiti_dv_0321IbnDuraydAzdi.Diwan.ShamIbadiyya0000652-ara1""]",Same OpenITI work URI; retain versions separately.
dup_openiti_work_0321IbnDuraydAzdi.FawaidWaAkhbar,openiti_work_0321IbnDuraydAzdi.FawaidWaAkhbar,3,"[""openiti_dv_0321IbnDuraydAzdi.FawaidWaAkhbar.JK010653-ara1"",""openiti_dv_0321IbnDuraydAzdi.FawaidWaAkhbar.ShamIbadiyya0000641-ara1"",""openiti_dv_0321IbnDuraydAzdi.FawaidWaAkhbar.Shamela0026986-ara1""]",Same OpenITI work URI; retain versions separately.
dup_openiti_work_0321IbnDuraydAzdi.Ishtiqaq,openiti_work_0321IbnDuraydAzdi.Ishtiqaq,3,"[""openiti_dv_0321IbnDuraydAzdi.Ishtiqaq.JK009327-ara1"",""openiti_dv_0321IbnDuraydAzdi.Ishtiqaq.ShamIbadiyya0000603-ara1"",""openiti_dv_0321IbnDuraydAzdi.Ishtiqaq.Shamela0009211-ara1""]",Same OpenITI work URI; retain versions separately.
dup_openiti_work_0321IbnDuraydAzdi.JamharatLugha,openiti_work_0321IbnDuraydAzdi.JamharatLugha,3,"[""openiti_dv_0321IbnDuraydAzdi.JamharatLugha.JK007100-ara1"",""openiti_dv_0321IbnDuraydAzdi.JamharatLugha.ShamIbadiyya0000223-ara1"",""openiti_dv_0321IbnDuraydAzdi.JamharatLugha.Shamela0007032-ara1""]",Same OpenITI work URI; retain versions separately.
dup_openiti_work_0321IbnDuraydAzdi.Malahin,openiti_work_0321IbnDuraydAzdi.Malahin,2,"[""openiti_dv_0321IbnDuraydAzdi.Malahin.Sham19Y0029605-ara1"",""openiti_dv_0321IbnDuraydAzdi.Malahin.ShamIbadiyya0000882-ara1""]",Same OpenITI work URI; retain versions separately.
dup_openiti_work_0321IbnDuraydAzdi.MatarWaSahab,openiti_work_0321IbnDuraydAzdi.MatarWaSahab,3,"[""openiti_dv_0321IbnDuraydAzdi.MatarWaSahab.JK010593-ara1"",""openiti_dv_0321IbnDuraydAzdi.MatarWaSahab.ShamIbadiyya0000647-ara1"",""openiti_dv_0321IbnDuraydAzdi.MatarWaSahab.Shamela0000593-ara1""]",Same OpenITI work URI; retain versions separately.
dup_openiti_work_0321IbnDuraydAzdi.TacliqMinAmali,openiti_work_0321IbnDuraydAzdi.TacliqMinAmali,3,"[""openiti_dv_0321IbnDuraydAzdi.TacliqMinAmali.JK010676-ara1"",""openiti_dv_0321IbnDuraydAzdi.TacliqMinAmali.ShamIbadiyya0000612-ara1"",""openiti_dv_0321IbnDuraydAzdi.TacliqMinAmali.Shamela0026237-ara1""]",Same OpenITI work URI; retain versions separately.
dup_openiti_work_0321Tahawi.SharhMacaniAthar,openiti_work_0321Tahawi.SharhMacaniAthar,3,"[""openiti_dv_0321Tahawi.SharhMacaniAthar.JK000469-ara1"",""openiti_dv_0321Tahawi.SharhMacaniAthar.Shamela0021108-ara1"",""openiti_dv_0321Tahawi.SharhMacaniAthar.Shia002003Vols-ara1""]",Same OpenITI work URI; retain versions separately.
dup_openiti_work_0321Tahawi.SharhMushkilAthar,openiti_work_0321Tahawi.SharhMushkilAthar,2,"[""openiti_dv_0321Tahawi.SharhMushkilAthar.JK007043-ara1"",""openiti_dv_0321Tahawi.SharhMushkilAthar.Shamela0022547-ara1""]",Same OpenITI work URI; retain versions separately.
dup_openiti_work_0322AbuJacfarCuqayli.DucafaKabir,openiti_work_0322AbuJacfarCuqayli.DucafaKabir,5,"[""openiti_dv_0322AbuJacfarCuqayli.DucafaKabir.JK000524-ara1"",""openiti_dv_0322AbuJacfarCuqayli.DucafaKabir.ShamAY0034141-ara1"",""openiti_dv_0322AbuJacfarCuqayli.DucafaKabir.ShamAY0034664-ara1"",""openiti_dv_0322AbuJacfarCuqayli.DucafaKabir.Shamela0013041-ara1"",""openiti_dv_0322AbuJacfarCuqayli.DucafaKabir.Shia003078Vols-ara1""]",Same OpenITI work URI; retain versions separately.
dup_openiti_work_0322IbnAbiCawn.Tashbihat,openiti_work_0322IbnAbiCawn.Tashbihat,2,"[""openiti_dv_0322IbnAbiCawn.Tashbihat.JK010734-ara1"",""openiti_dv_0322IbnAbiCawn.Tashbihat.Shamela0000734-ara1""]",Same OpenITI work URI; retain versions separately.
dup_openiti_work_0322IbnTabataba.CiyarShicr,openiti_work_0322IbnTabataba.CiyarShicr,2,"[""openiti_dv_0322IbnTabataba.CiyarShicr.JK007023-ara1"",""openiti_dv_0322IbnTabataba.CiyarShicr.Shamela0006911-ara1""]",Same OpenITI work URI; retain versions separately.
dup_openiti_work_0323CaliHimyari.Juz,openiti_work_0323CaliHimyari.Juz,4,"[""openiti_dv_0323CaliHimyari.Juz.JK000565-ara1"",""openiti_dv_0323CaliHimyari.Juz.JK011486-ara1"",""openiti_dv_0323CaliHimyari.Juz.Shamela0009212-ara1"",""openiti_dv_0323CaliHimyari.Juz.Shia002007-ara1""]",Same OpenITI work URI; retain versions separately.
dup_openiti_work_0323IbnCabdCazizBasri.Saqifa,openiti_work_0323IbnCabdCazizBasri.Saqifa,2,"[""openiti_dv_0323IbnCabdCazizBasri.Saqifa.Masaha004550-ara1"",""openiti_dv_0323IbnCabdCazizBasri.Saqifa.Shia001749-ara1""]",Same OpenITI work URI; retain versions separately.
dup_openiti_work_0324Ashcari.Ibana,openiti_work_0324Ashcari.Ibana,2,"[""openiti_dv_0324Ashcari.Ibana.JK000342-ara1"",""openiti_dv_0324Ashcari.Ibana.Shamela0008178-ara1""]",Same OpenITI work URI; retain versions separately.
dup_openiti_work_0324Ashcari.MaqalatIslamiyyin,openiti_work_0324Ashcari.MaqalatIslamiyyin,4,"[""openiti_dv_0324Ashcari.MaqalatIslamiyyin.JK000336-ara1"",""openiti_dv_0324Ashcari.MaqalatIslamiyyin.ShamAY0001167-ara1"",""openiti_dv_0324Ashcari.MaqalatIslamiyyin.Shamela0004137-ara1"",""openiti_dv_0324Ashcari.MaqalatIslamiyyin.Shamela0037614-ara1""]",Same OpenITI work URI; retain versions separately.
dup_openiti_work_0324Ashcari.RisalaIlaAhlThughr,openiti_work_0324Ashcari.RisalaIlaAhlThughr,2,"[""openiti_dv_0324Ashcari.RisalaIlaAhlThughr.JK001256-ara1"",""openiti_dv_0324Ashcari.RisalaIlaAhlThughr.Shamela0011214-ara1""]",Same OpenITI work URI; retain versions separately.
dup_openiti_work_0324IbnMujahid.SabcaFiQiraat,openiti_work_0324IbnMujahid.SabcaFiQiraat,2,"[""openiti_dv_0324IbnMujahid.SabcaFiQiraat.JK000912-ara1"",""openiti_dv_0324IbnMujahid.SabcaFiQiraat.Shamela0005530-ara1""]",Same OpenITI work URI; retain versions separately.
dup_openiti_work_0325IbnIshaqWashsha.Muwashsha,openiti_work_0325IbnIshaqWashsha.Muwashsha,2,"[""openiti_dv_0325IbnIshaqWashsha.Muwashsha.JK010551-ara1"",""openiti_dv_0325IbnIshaqWashsha.Muwashsha.Shamela0026102-ara1""]",Same OpenITI work URI; retain versions separately.
dup_openiti_work_0325IbnSahlRazi.AkhbarFakhkh,openiti_work_0325IbnSahlRazi.AkhbarFakhkh,3,"[""openiti_dv_0325IbnSahlRazi.AkhbarFakhkh.Sham19Y0117366-ara1"",""openiti_dv_0325IbnSahlRazi.AkhbarFakhkh.Shamela0117366BK1-ara1"",""openiti_dv_0325IbnSahlRazi.AkhbarFakhkh.Zaydiyya0000089-ara1""]",Same OpenITI work URI; retain versions separately.
dup_openiti_work_0327AbuBakrKharaiti.FadilatShukr,openiti_work_0327AbuBakrKharaiti.FadilatShukr,3,"[""openiti_dv_0327AbuBakrKharaiti.FadilatShukr.JK000048-ara1"",""openiti_dv_0327AbuBakrKharaiti.FadilatShukr.Shamela0013140-ara1"",""openiti_dv_0327AbuBakrKharaiti.FadilatShukr.Shia002008-ara1""]",Same OpenITI work URI; retain versions separately.
dup_openiti_work_0327AbuBakrKharaiti.HawatifJinan,openiti_work_0327AbuBakrKharaiti.HawatifJinan,2,"[""openiti_dv_0327AbuBakrKharaiti.HawatifJinan.JK009207-ara1"",""openiti_dv_0327AbuBakrKharaiti.HawatifJinan.Shamela0028183-ara1""]",Same OpenITI work URI; retain versions separately.
dup_openiti_work_0327AbuBakrKharaiti.IctilalQulub,openiti_work_0327AbuBakrKharaiti.IctilalQulub,2,"[""openiti_dv_0327AbuBakrKharaiti.IctilalQulub.JK011273-ara1"",""openiti_dv_0327AbuBakrKharaiti.IctilalQulub.Shamela0001304-ara1""]",Same OpenITI work URI; retain versions separately.
dup_openiti_work_0327AbuBakrKharaiti.MakarimAkhlaq,openiti_work_0327AbuBakrKharaiti.MakarimAkhlaq,3,"[""openiti_dv_0327AbuBakrKharaiti.MakarimAkhlaq.ShamAY0033948-ara1"",""openiti_dv_0327AbuBakrKharaiti.MakarimAkhlaq.ShamAY0033949-ara1"",""openiti_dv_0327AbuBakrKharaiti.MakarimAkhlaq.Shamela0009595-ara1""]",Same OpenITI work URI; retain versions separately.
dup_openiti_work_0327AbuBakrKharaiti.MasawiAkhlaq,openiti_work_0327AbuBakrKharaiti.MasawiAkhlaq,2,"[""openiti_dv_0327AbuBakrKharaiti.MasawiAkhlaq.JK011598-ara1"",""openiti_dv_0327AbuBakrKharaiti.MasawiAkhlaq.Shamela0008243-ara1""]",Same OpenITI work URI; retain versions separately.
dup_openiti_work_0327AbuBakrKharaiti.MuntaqaMinMakarim,openiti_work_0327AbuBakrKharaiti.MuntaqaMinMakarim,2,"[""openiti_dv_0327AbuBakrKharaiti.MuntaqaMinMakarim.JK001171-ara1"",""openiti_dv_0327AbuBakrKharaiti.MuntaqaMinMakarim.Shamela0011930-ara1""]",Same OpenITI work URI; retain versions separately.
dup_openiti_work_0327IbnAbiHatimRazi.BayanKhataBukhari,openiti_work_0327IbnAbiHatimRazi.BayanKhataBukhari,2,"[""openiti_dv_0327IbnAbiHatimRazi.BayanKhataBukhari.Shamela0001076-ara1"",""openiti_dv_0327IbnAbiHatimRazi.BayanKhataBukhari.Shia003091-ara1""]",Same OpenITI work URI; retain versions separately.
dup_openiti_work_0327IbnAbiHatimRazi.CilalHadith,openiti_work_0327IbnAbiHatimRazi.CilalHadith,4,"[""openiti_dv_0327IbnAbiHatimRazi.CilalHadith.JK000682-ara1"",""openiti_dv_0327IbnAbiHatimRazi.CilalHadith.ShamAY0035210-ara1"",""openiti_dv_0327IbnAbiHatimRazi.CilalHadith.ShamAY0035220-ara1"",""openiti_dv_0327IbnAbiHatimRazi.CilalHadith.Shamela0001350-ara1""]",Same OpenITI work URI; retain versions separately.
dup_openiti_work_0327IbnAbiHatimRazi.JarhWaTacdil,openiti_work_0327IbnAbiHatimRazi.JarhWaTacdil,3,"[""openiti_dv_0327IbnAbiHatimRazi.JarhWaTacdil.JK000517-ara1"",""openiti_dv_0327IbnAbiHatimRazi.JarhWaTacdil.Shamela0002170-ara1"",""openiti_dv_0327IbnAbiHatimRazi.JarhWaTacdil.Shia003082Vols-ara1""]",Same OpenITI work URI; retain versions separately.
dup_openiti_work_0327IbnAbiHatimRazi.Marasil,openiti_work_0327IbnAbiHatimRazi.Marasil,2,"[""openiti_dv_0327IbnAbiHatimRazi.Marasil.JK000743-ara1"",""openiti_dv_0327IbnAbiHatimRazi.Marasil.Shamela0006046-ara1""]",Same OpenITI work URI; retain versions separately.
dup_openiti_work_0327IbnAbiHatimRazi.Tafsir,openiti_work_0327IbnAbiHatimRazi.Tafsir,4,"[""openiti_dv_0327IbnAbiHatimRazi.Tafsir.JK006474-ara1"",""openiti_dv_0327IbnAbiHatimRazi.Tafsir.Shamela0008658-ara1"",""openiti_dv_0327IbnAbiHatimRazi.Tafsir.Shamela0009699-ara1"",""openiti_dv_0327IbnAbiHatimRazi.Tafsir.Shia002498Vols-ara1""]",Same OpenITI work URI; retain versions separately.
dup_openiti_work_0328AbuBakrIbnAnbari.KhutbatCaisha,openiti_work_0328AbuBakrIbnAnbari.KhutbatCaisha,2,"[""openiti_dv_0328AbuBakrIbnAnbari.KhutbatCaisha.ShamAY0033578-ara1"",""openiti_dv_0328AbuBakrIbnAnbari.KhutbatCaisha.ShamAY0035243-ara1""]",Same OpenITI work URI; retain versions separately.
dup_openiti_work_0328AbuBakrIbnAnbari.ZahirFiMacani,openiti_work_0328AbuBakrIbnAnbari.ZahirFiMacani,2,"[""openiti_dv_0328AbuBakrIbnAnbari.ZahirFiMacani.JK006922-ara1"",""openiti_dv_0328AbuBakrIbnAnbari.ZahirFiMacani.Shamela0005644-ara1""]",Same OpenITI work URI; retain versions separately.
dup_openiti_work_0328AbuBishrIbnYunus.KitabAristutalisFiShicr,openiti_work_0328AbuBishrIbnYunus.KitabAristutalisFiShicr,4,"[""openiti_dv_0328AbuBishrIbnYunus.KitabAristutalisFiShicr.GRAR000015-ara1"",""openiti_dv_0328AbuBishrIbnYunus.KitabAristutalisFiShicr.GRAR000016-ara1"",""openiti_dv_0328AbuBishrIbnYunus.KitabAristutalisFiShicr.GRAR000023-ara1"",""openiti_dv_0328AbuBishrIbnYunus.KitabAristutalisFiShicr.GRAR000024-ara1""]",Same OpenITI work URI; retain versions separately.
dup_openiti_work_0328IbnCabdRabbih.CiqdFarid,openiti_work_0328IbnCabdRabbih.CiqdFarid,3,"[""openiti_dv_0328IbnCabdRabbih.CiqdFarid.JK009200-ara1"",""openiti_dv_0328IbnCabdRabbih.CiqdFarid.Masaha002985Vols-ara1"",""openiti_dv_0328IbnCabdRabbih.CiqdFarid.Shamela0023789-ara1""]",Same OpenITI work URI; retain versions separately.
dup_openiti_work_0328IbnCabdRabbih.Diwan,openiti_work_0328IbnCabdRabbih.Diwan,2,"[""openiti_dv_0328IbnCabdRabbih.Diwan.JK007571-ara1"",""openiti_dv_0328IbnCabdRabbih.Diwan.ShamAY0037874-ara1""]",Same OpenITI work URI; retain versions separately.
dup_openiti_work_0329Barbahari.SharhSunna,openiti_work_0329Barbahari.SharhSunna,3,"[""openiti_dv_0329Barbahari.SharhSunna.JK000752-ara1"",""openiti_dv_0329Barbahari.SharhSunna.ShamAY0033891-ara1"",""openiti_dv_0329Barbahari.SharhSunna.Shamela0008601-ara1""]",Same OpenITI work URI; retain versions separately.
dup_openiti_work_0329IbnBabawayhAli.ImamaWaTabsira,openiti_work_0329IbnBabawayhAli.ImamaWaTabsira,2,"[""openiti_dv_0329IbnBabawayhAli.ImamaWaTabsira.Shia001121-ara1"",""openiti_dv_0329IbnBabawayhAli.ImamaWaTabsira.Zaydiyya0000115-ara1""]",Same OpenITI work URI; retain versions separately.
dup_openiti_work_0329IbnIbrahimQummi.Tafsir,openiti_work_0329IbnIbrahimQummi.Tafsir,2,"[""openiti_dv_0329IbnIbrahimQummi.Tafsir.Shia002337Vols-ara1"",""openiti_dv_0329IbnIbrahimQummi.Tafsir.Tafsir04038-ara1""]",Same OpenITI work URI; retain versions separately.
dup_openiti_work_0329IbnMuhammadMarwaziHamid.Muntaqa,openiti_work_0329IbnMuhammadMarwaziHamid.Muntaqa,2,"[""openiti_dv_0329IbnMuhammadMarwaziHamid.Muntaqa.JK009163-ara1"",""openiti_dv_0329IbnMuhammadMarwaziHamid.Muntaqa.Shamela0005776-ara1""]",Same OpenITI work URI; retain versions separately.
dup_openiti_work_0329IbnYacqubKulayni.Kafi,openiti_work_0329IbnYacqubKulayni.Kafi,3,"[""openiti_dv_0329IbnYacqubKulayni.Kafi.Shia001122Vols-ara1"",""openiti_dv_0329IbnYacqubKulayni.Kafi.Zaydiyya0000177-ara1"",""openiti_dv_0329IbnYacqubKulayni.Kafi.Zaydiyya0000345-ara1""]",Same OpenITI work URI; retain versions separately.
dup_openiti_work_0330AbuZaydSirafi.Rihla,openiti_work_0330AbuZaydSirafi.Rihla,3,"[""openiti_dv_0330AbuZaydSirafi.Rihla.Masaha004831-ara1"",""openiti_dv_0330AbuZaydSirafi.Rihla.Rafed0002274-ara1"",""openiti_dv_0330AbuZaydSirafi.Rihla.Shamela0011269-ara1""]",Same OpenITI work URI; retain versions separately.
dup_openiti_work_0330BahithIbnMarzuban.Alfaz,openiti_work_0330BahithIbnMarzuban.Alfaz,2,"[""openiti_dv_0330BahithIbnMarzuban.Alfaz.JK000939-ara1"",""openiti_dv_0330BahithIbnMarzuban.Alfaz.Shamela0006925-ara1""]",Same OpenITI work URI; retain versions separately.
dup_openiti_work_0330IbnCuzayzSijistani.GharibQuran,openiti_work_0330IbnCuzayzSijistani.GharibQuran,3,"[""openiti_dv_0330IbnCuzayzSijistani.GharibQuran.JK006477-ara1"",""openiti_dv_0330IbnCuzayzSijistani.GharibQuran.Shamela0022910-ara1"",""openiti_dv_0330IbnCuzayzSijistani.GharibQuran.Tafsir02105-ara1""]",Same OpenITI work URI; retain versions separately.
dup_openiti_work_0330IbnIsmacilMahamili.Amali,openiti_work_0330IbnIsmacilMahamili.Amali,5,"[""openiti_dv_0330IbnIsmacilMahamili.Amali.JK000706-ara1"",""openiti_dv_0330IbnIsmacilMahamili.Amali.Shamela0013081-ara1"",""openiti_dv_0330IbnIsmacilMahamili.Amali.Shamela0026424-ara1"",""openiti_dv_0330IbnIsmacilMahamili.Amali.Shamela0026425-ara1"",""openiti_dv_0330IbnIsmacilMahamili.Amali.Shia002009-ara1""]",Same OpenITI work URI; retain versions separately.
dup_openiti_work_0330IbnIsmacilMahamili.Duca,openiti_work_0330IbnIsmacilMahamili.Duca,3,"[""openiti_dv_0330IbnIsmacilMahamili.Duca.JK011344-ara1"",""openiti_dv_0330IbnIsmacilMahamili.Duca.ShamAY0033680-ara1"",""openiti_dv_0330IbnIsmacilMahamili.Duca.Shamela0008255-ara1""]",Same OpenITI work URI; retain versions separately.
dup_openiti_work_0330IbnMuhammadSulami.Juz,openiti_work_0330IbnMuhammadSulami.Juz,2,"[""openiti_dv_0330IbnMuhammadSulami.Juz.ShamAY0032829-ara1"",""openiti_dv_0330IbnMuhammadSulami.Juz.Shamela0009396-ara1""]",Same OpenITI work URI; retain versions separately.
dup_openiti_work_0331IbnMukhalladCattar.Fawaid,openiti_work_0331IbnMukhalladCattar.Fawaid,2,"[""openiti_dv_0331IbnMukhalladCattar.Fawaid.JK011584-ara1"",""openiti_dv_0331IbnMukhalladCattar.Fawaid.Shamela0001305-ara1""]",Same OpenITI work URI; retain versions separately.
dup_openiti_work_0331IbnMukhalladCattar.Juz,openiti_work_0331IbnMukhalladCattar.Juz,2,"[""openiti_dv_0331IbnMukhalladCattar.Juz.Shamela0026359-ara1"",""openiti_dv_0331IbnMukhalladCattar.Juz.Shamela0030373-ara1""]",Same OpenITI work URI; retain versions separately.
dup_openiti_work_0331IbnMukhalladCattar.MaRawaAkabir,openiti_work_0331IbnMukhalladCattar.MaRawaAkabir,3,"[""openiti_dv_0331IbnMukhalladCattar.MaRawaAkabir.JK000567-ara1"",""openiti_dv_0331IbnMukhalladCattar.MaRawaAkabir.Shamela0001249-ara1"",""openiti_dv_0331IbnMukhalladCattar.MaRawaAkabir.Shia002010-ara1""]",Same OpenITI work URI; retain versions separately.
dup_openiti_work_0333AbuCarabTamimi.Mihan,openiti_work_0333AbuCarabTamimi.Mihan,2,"[""openiti_dv_0333AbuCarabTamimi.Mihan.JK001147-ara1"",""openiti_dv_0333AbuCarabTamimi.Mihan.Shamela0006706-ara1""]",Same OpenITI work URI; retain versions separately.
dup_openiti_work_0333AbuMansurMaturidi.Tafsir,openiti_work_0333AbuMansurMaturidi.Tafsir,2,"[""openiti_dv_0333AbuMansurMaturidi.Tafsir.Shamela0095590-ara1"",""openiti_dv_0333AbuMansurMaturidi.Tafsir.Tafsir02094-ara1""]",Same OpenITI work URI; retain versions separately.
dup_openiti_work_0333AbuMansurMaturidi.Tawhid,openiti_work_0333AbuMansurMaturidi.Tawhid,2,"[""openiti_dv_0333AbuMansurMaturidi.Tawhid.JK000339-ara1"",""openiti_dv_0333AbuMansurMaturidi.Tawhid.Shamela0006365-ara1""]",Same OpenITI work URI; retain versions separately.
dup_openiti_work_0333IbnCuqdahKufi.FadailAmirMuminin,openiti_work_0333IbnCuqdahKufi.FadailAmirMuminin,2,"[""openiti_dv_0333IbnCuqdahKufi.FadailAmirMuminin.Masaha002871-ara1"",""openiti_dv_0333IbnCuqdahKufi.FadailAmirMuminin.Shia003683-ara1""]",Same OpenITI work URI; retain versions separately.
dup_openiti_work_0333IbnMarwanDinawari.MujalasaWaJawahirCilm,openiti_work_0333IbnMarwanDinawari.MujalasaWaJawahirCilm,3,"[""openiti_dv_0333IbnMarwanDinawari.MujalasaWaJawahirCilm.JK007082-ara1"",""openiti_dv_0333IbnMarwanDinawari.MujalasaWaJawahirCilm.ShamAY0033954-ara1"",""openiti_dv_0333IbnMarwanDinawari.MujalasaWaJawahirCilm.Shamela0009948-ara1""]",Same OpenITI work URI; retain versions separately.
dup_openiti_work_0333IbnMarwanDinawari.Qinaca,openiti_work_0333IbnMarwanDinawari.Qinaca,3,"[""openiti_dv_0333IbnMarwanDinawari.Qinaca.JK000040-ara1"",""openiti_dv_0333IbnMarwanDinawari.Qinaca.ShamAY0033920-ara1"",""openiti_dv_0333IbnMarwanDinawari.Qinaca.Shamela0013054-ara1""]",Same OpenITI work URI; retain versions separately.
dup_openiti_work_0333IbnMuhammadMadini.Juz,openiti_work_0333IbnMuhammadMadini.Juz,2,"[""openiti_dv_0333IbnMuhammadMadini.Juz.JK001438-ara1"",""openiti_dv_0333IbnMuhammadMadini.Juz.Shamela0013111-ara1""]",Same OpenITI work URI; retain versions separately.
dup_openiti_work_0334Azdi.TarikhMawsil,openiti_work_0334Azdi.TarikhMawsil,2,"[""openiti_dv_0334Azdi.TarikhMawsil.EScr202211221604-ara1"",""openiti_dv_0334Azdi.TarikhMawsil.Kraken210528100217-ara1""]",Same OpenITI work URI; retain versions separately.
dup_openiti_work_0334IbnHaikHamdani.Iklil,openiti_work_0334IbnHaikHamdani.Iklil,2,"[""openiti_dv_0334IbnHaikHamdani.Iklil.JK010352-ara1"",""openiti_dv_0334IbnHaikHamdani.Iklil.Shamela0000352-ara1""]",Same OpenITI work URI; retain versions separately.
dup_openiti_work_0334IbnHaikHamdani.SifatJaziratCarab,openiti_work_0334IbnHaikHamdani.SifatJaziratCarab,3,"[""openiti_dv_0334IbnHaikHamdani.SifatJaziratCarab.JK010368-ara2"",""openiti_dv_0334IbnHaikHamdani.SifatJaziratCarab.Rafed0002485-ara1"",""openiti_dv_0334IbnHaikHamdani.SifatJaziratCarab.Shamela0012521-ara2""]",Same OpenITI work URI; retain versions separately.
dup_openiti_work_0334IbnHamdanKhusaybi.HidayaKubra,openiti_work_0334IbnHamdanKhusaybi.HidayaKubra,2,"[""openiti_dv_0334IbnHamdanKhusaybi.HidayaKubra.Masaha002865-ara1"",""openiti_dv_0334IbnHamdanKhusaybi.HidayaKubra.Shia001276-ara1""]",Same OpenITI work URI; retain versions separately.
dup_openiti_work_0334IbnHusaynKhiraqi.MukhtasarMinMasailIbnHanbal,openiti_work_0334IbnHusaynKhiraqi.MukhtasarMinMasailIbnHanbal,2,"[""openiti_dv_0334IbnHusaynKhiraqi.MukhtasarMinMasailIbnHanbal.JK000428-ara1"",""openiti_dv_0334IbnHusaynKhiraqi.MukhtasarMinMasailIbnHanbal.Shamela0002977-ara1""]",Same OpenITI work URI; retain versions separately.
dup_openiti_work_0335IbnAbiCawamm.FadailAbiHanifa,openiti_work_0335IbnAbiCawamm.FadailAbiHanifa,2,"[""openiti_dv_0335IbnAbiCawamm.FadailAbiHanifa.ShamAY0032755-ara1"",""openiti_dv_0335IbnAbiCawamm.FadailAbiHanifa.ShamAY0033942-ara1""]",Same OpenITI work URI; retain versions separately.
dup_openiti_work_0335IbnKulaybShashi.Musnad,openiti_work_0335IbnKulaybShashi.Musnad,2,"[""openiti_dv_0335IbnKulaybShashi.Musnad.JK000576-ara1"",""openiti_dv_0335IbnKulaybShashi.Musnad.Shamela0013066-ara1""]",Same OpenITI work URI; retain versions separately.
dup_openiti_work_0335IbnQass.FawaidHadithAbiCumayr,openiti_work_0335IbnQass.FawaidHadithAbiCumayr,2,"[""openiti_dv_0335IbnQass.FawaidHadithAbiCumayr.JK001092-ara1"",""openiti_dv_0335IbnQass.FawaidHadithAbiCumayr.Shamela0013148-ara1""]",Same OpenITI work URI; retain versions separately.
dup_openiti_work_0335Suli.AdabKuttab,openiti_work_0335Suli.AdabKuttab,2,"[""openiti_dv_0335Suli.AdabKuttab.JK009312-ara1"",""openiti_dv_0335Suli.AdabKuttab.Shamela0001601-ara1""]",Same OpenITI work URI; retain versions separately.
dup_openiti_work_0335Suli.AkhbarAbiTammam,openiti_work_0335Suli.AkhbarAbiTammam,2,"[""openiti_dv_0335Suli.AkhbarAbiTammam.JK010515-ara1"",""openiti_dv_0335Suli.AkhbarAbiTammam.Shamela0000515-ara1""]",Same OpenITI work URI; retain versions separately.
dup_openiti_work_0335Suli.AkhbarRadi,openiti_work_0335Suli.AkhbarRadi,3,"[""openiti_dv_0335Suli.AkhbarRadi.JK010390-ara1"",""openiti_dv_0335Suli.AkhbarRadi.Shamela0008184-ara1"",""openiti_dv_0335Suli.AkhbarRadi.Shamela0010532BK2-ara1""]",Same OpenITI work URI; retain versions separately.
dup_openiti_work_0335Suli.AshcarAwladKhulafa,openiti_work_0335Suli.AshcarAwladKhulafa,3,"[""openiti_dv_0335Suli.AshcarAwladKhulafa.JK010608-ara1"",""openiti_dv_0335Suli.AshcarAwladKhulafa.Shamela0007822-ara1"",""openiti_dv_0335Suli.AshcarAwladKhulafa.Shamela0010532BK3-ara1""]",Same OpenITI work URI; retain versions separately.
dup_openiti_work_0336IbnHumamIskafi.Tamhis,openiti_work_0336IbnHumamIskafi.Tamhis,2,"[""openiti_dv_0336IbnHumamIskafi.Tamhis.Shia001130-ara1"",""openiti_dv_0336IbnHumamIskafi.Tamhis.Zaydiyya0000197-ara1""]",Same OpenITI work URI; retain versions separately.
dup_openiti_work_0337IbnIshaqZajjaji.Akhbar,openiti_work_0337IbnIshaqZajjaji.Akhbar,2,"[""openiti_dv_0337IbnIshaqZajjaji.Akhbar.JK010666-ara1"",""openiti_dv_0337IbnIshaqZajjaji.Akhbar.Shamela0000666-ara1""]",Same OpenITI work URI; retain versions separately.
dup_openiti_work_0337IbnIshaqZajjaji.Amali,openiti_work_0337IbnIshaqZajjaji.Amali,2,"[""openiti_dv_0337IbnIshaqZajjaji.Amali.JK010522-ara1"",""openiti_dv_0337IbnIshaqZajjaji.Amali.Shamela0001336-ara1""]",Same OpenITI work URI; retain versions separately.
dup_openiti_work_0337IbnIshaqZajjaji.HurufMacani,openiti_work_0337IbnIshaqZajjaji.HurufMacani,2,"[""openiti_dv_0337IbnIshaqZajjaji.HurufMacani.JK001104-ara1"",""openiti_dv_0337IbnIshaqZajjaji.HurufMacani.Shamela0006989-ara1""]",Same OpenITI work URI; retain versions separately.
dup_openiti_work_0337IbnIshaqZajjaji.Lamat,openiti_work_0337IbnIshaqZajjaji.Lamat,2,"[""openiti_dv_0337IbnIshaqZajjaji.Lamat.JK001128-ara1"",""openiti_dv_0337IbnIshaqZajjaji.Lamat.Shamela0006966-ara1""]",Same OpenITI work URI; retain versions separately.
dup_openiti_work_0337QudamaIbnJacfar.Kharaj,openiti_work_0337QudamaIbnJacfar.Kharaj,4,"[""openiti_dv_0337QudamaIbnJacfar.Kharaj.JK006916-ara1"",""openiti_dv_0337QudamaIbnJacfar.Kharaj.Masaha004484-ara1"",""openiti_dv_0337QudamaIbnJacfar.Kharaj.Rafed0002399-ara1"",""openiti_dv_0337QudamaIbnJacfar.Kharaj.Shamela0011767-ara1""]",Same OpenITI work URI; retain versions separately.
dup_openiti_work_0338AbuJacfarNahhas.IcrabQuran,openiti_work_0338AbuJacfarNahhas.IcrabQuran,3,"[""openiti_dv_0338AbuJacfarNahhas.IcrabQuran.JK001417-ara1"",""openiti_dv_0338AbuJacfarNahhas.IcrabQuran.ShamAY0034083-ara1"",""openiti_dv_0338AbuJacfarNahhas.IcrabQuran.Shamela0023587-ara1""]",Same OpenITI work URI; retain versions separately.
dup_openiti_work_0338AbuJacfarNahhas.MacaniQuran,openiti_work_0338AbuJacfarNahhas.MacaniQuran,3,"[""openiti_dv_0338AbuJacfarNahhas.MacaniQuran.JK000447-ara1"",""openiti_dv_0338AbuJacfarNahhas.MacaniQuran.Shamela0000940-ara1"",""openiti_dv_0338AbuJacfarNahhas.MacaniQuran.Shia002508Vols-ara1""]",Same OpenITI work URI; retain versions separately.
dup_openiti_work_0338AbuJacfarNahhas.NasikhWaMansukh,openiti_work_0338AbuJacfarNahhas.NasikhWaMansukh,2,"[""openiti_dv_0338AbuJacfarNahhas.NasikhWaMansukh.JK000460-ara1"",""openiti_dv_0338AbuJacfarNahhas.NasikhWaMansukh.Shamela0013073-ara1""]",Same OpenITI work URI; retain versions separately.
dup_openiti_work_0339AbuJacfarIbnBukhturi.MajmucMusannafat,openiti_work_0339AbuJacfarIbnBukhturi.MajmucMusannafat,2,"[""openiti_dv_0339AbuJacfarIbnBukhturi.MajmucMusannafat.JK007026-ara1"",""openiti_dv_0339AbuJacfarIbnBukhturi.MajmucMusannafat.Shamela0005737-ara1""]",Same OpenITI work URI; retain versions separately.
dup_openiti_work_0339AbuNasrFarabi.AlfazMustacmalaFiMantiq,openiti_work_0339AbuNasrFarabi.AlfazMustacmalaFiMantiq,2,"[""openiti_dv_0339AbuNasrFarabi.AlfazMustacmalaFiMantiq.JK010713-ara1"",""openiti_dv_0339AbuNasrFarabi.AlfazMustacmalaFiMantiq.ShamAY0035930-ara1""]",Same OpenITI work URI; retain versions separately.
dup_openiti_work_0339AbuNasrFarabi.FiCibara,openiti_work_0339AbuNasrFarabi.FiCibara,2,"[""openiti_dv_0339AbuNasrFarabi.FiCibara.JK010717-ara1"",""openiti_dv_0339AbuNasrFarabi.FiCibara.ShamAY0035932-ara1""]",Same OpenITI work URI; retain versions separately.
dup_openiti_work_0339AbuNasrFarabi.Huruf,openiti_work_0339AbuNasrFarabi.Huruf,2,"[""openiti_dv_0339AbuNasrFarabi.Huruf.JK010697-ara1"",""openiti_dv_0339AbuNasrFarabi.Huruf.ShamAY0035931-ara1""]",Same OpenITI work URI; retain versions separately.
dup_openiti_work_0339AbuNasrFarabi.Siyasa,openiti_work_0339AbuNasrFarabi.Siyasa,2,"[""openiti_dv_0339AbuNasrFarabi.Siyasa.JK001315-ara1"",""openiti_dv_0339AbuNasrFarabi.Siyasa.Shamela0007228-ara1""]",Same OpenITI work URI; retain versions separately.
dup_openiti_work_0340IbnAcrabiBasri.Mucjam,openiti_work_0340IbnAcrabiBasri.Mucjam,2,"[""openiti_dv_0340IbnAcrabiBasri.Mucjam.JK011633-ara1"",""openiti_dv_0340IbnAcrabiBasri.Mucjam.Shamela0021494-ara1""]",Same OpenITI work URI; retain versions separately.
dup_openiti_work_0340IbnAcrabiBasri.QublWaMucanaqa,openiti_work_0340IbnAcrabiBasri.QublWaMucanaqa,2,"[""openiti_dv_0340IbnAcrabiBasri.QublWaMucanaqa.JK011407-ara1"",""openiti_dv_0340IbnAcrabiBasri.QublWaMucanaqa.Shamela0008269-ara1""]",Same OpenITI work URI; retain versions separately.
dup_openiti_work_0340IbnAcrabiBasri.ZuhdWaSifatZahidin,openiti_work_0340IbnAcrabiBasri.ZuhdWaSifatZahidin,4,"[""openiti_dv_0340IbnAcrabiBasri.ZuhdWaSifatZahidin.JK000046-ara1"",""openiti_dv_0340IbnAcrabiBasri.ZuhdWaSifatZahidin.ShamAY0033601-ara1"",""openiti_dv_0340IbnAcrabiBasri.ZuhdWaSifatZahidin.Shamela0013029-ara1"",""openiti_dv_0340IbnAcrabiBasri.ZuhdWaSifatZahidin.Shia002011-ara1""]",Same OpenITI work URI; retain versions separately.
dup_openiti_work_0343IbnSulaymanAtrabulusi.Hadith,openiti_work_0343IbnSulaymanAtrabulusi.Hadith,4,"[""openiti_dv_0343IbnSulaymanAtrabulusi.Hadith.JK000595-ara1"",""openiti_dv_0343IbnSulaymanAtrabulusi.Hadith.Shamela0013182-ara1"",""openiti_dv_0343IbnSulaymanAtrabulusi.Hadith.Shamela0029862-ara1"",""openiti_dv_0343IbnSulaymanAtrabulusi.Hadith.Shia002013-ara1""]",Same OpenITI work URI; retain versions separately.
dup_openiti_work_0344NizamDinShashi.Usul,openiti_work_0344NizamDinShashi.Usul,2,"[""openiti_dv_0344NizamDinShashi.Usul.JK000194-ara1"",""openiti_dv_0344NizamDinShashi.Usul.Shamela0006302-ara1""]",Same OpenITI work URI; retain versions separately.
dup_openiti_work_0345IbnCabdWahidGhulamThaclab.CasharatFiGharibLugha,openiti_work_0345IbnCabdWahidGhulamThaclab.CasharatFiGharibLugha,2,"[""openiti_dv_0345IbnCabdWahidGhulamThaclab.CasharatFiGharibLugha.JK000960-ara1"",""openiti_dv_0345IbnCabdWahidGhulamThaclab.CasharatFiGharibLugha.Shamela0007053-ara1""]",Same OpenITI work URI; retain versions separately.
dup_openiti_work_0345IbnCabdWahidGhulamThaclab.YaqutatSirat,openiti_work_0345IbnCabdWahidGhulamThaclab.YaqutatSirat,2,"[""openiti_dv_0345IbnCabdWahidGhulamThaclab.YaqutatSirat.JK007051-ara1"",""openiti_dv_0345IbnCabdWahidGhulamThaclab.YaqutatSirat.Shamela0006887-ara1""]",Same OpenITI work URI; retain versions separately.
dup_openiti_work_0345IbnMuhammadSamarqandi.FawaidMuntaqat,openiti_work_0345IbnMuhammadSamarqandi.FawaidMuntaqat,2,"[""openiti_dv_0345IbnMuhammadSamarqandi.FawaidMuntaqat.JK011402-ara1"",""openiti_dv_0345IbnMuhammadSamarqandi.FawaidMuntaqat.Shamela0008267-ara1""]",Same OpenITI work URI; retain versions separately.
dup_openiti_work_0346IbnFarisIsbahani.Juz,openiti_work_0346IbnFarisIsbahani.Juz,2,"[""openiti_dv_0346IbnFarisIsbahani.Juz.ShamAY0035224-ara1"",""openiti_dv_0346IbnFarisIsbahani.Juz.ShamAY0038123-ara1""]",Same OpenITI work URI; retain versions separately.
dup_openiti_work_0346Istakhri.MasalikWaMamalik,openiti_work_0346Istakhri.MasalikWaMamalik,6,"[""openiti_dv_0346Istakhri.MasalikWaMamalik.JK010472-ara1"",""openiti_dv_0346Istakhri.MasalikWaMamalik.Kraken210706005119-ara1"",""openiti_dv_0346Istakhri.MasalikWaMamalik.Masaha004655-ara1"",""openiti_dv_0346Istakhri.MasalikWaMamalik.Rafed0002303-ara1"",""openiti_dv_0346Istakhri.MasalikWaMamalik.Shamela0010791-ara2"",""openiti_dv_0346Istakhri.MasalikWaMamalik.Shamela0011680-ara1""]",Same OpenITI work URI; retain versions separately.
dup_openiti_work_0346JacfarBinMansurYaman.Kashf,openiti_work_0346JacfarBinMansurYaman.Kashf,3,"[""openiti_dv_0346JacfarBinMansurYaman.Kashf.Kraken2107051655511-ara1"",""openiti_dv_0346JacfarBinMansurYaman.Kashf.Kraken220315001902-ara1"",""openiti_dv_0346JacfarBinMansurYaman.Kashf.Kraken22041020274101-ara1""]",Same OpenITI work URI; retain versions separately.
dup_openiti_work_0346Mascudi.TanbihWaIshraf,openiti_work_0346Mascudi.TanbihWaIshraf,3,"[""openiti_dv_0346Mascudi.TanbihWaIshraf.JK010540-ara2"",""openiti_dv_0346Mascudi.TanbihWaIshraf.Shamela0023718-ara1"",""openiti_dv_0346Mascudi.TanbihWaIshraf.Shia003484-ara1""]",Same OpenITI work URI; retain versions separately.
dup_openiti_work_0347IbnHazlam.Juz,openiti_work_0347IbnHazlam.Juz,4,"[""openiti_dv_0347IbnHazlam.Juz.ShamAY0033707-ara1"",""openiti_dv_0347IbnHazlam.Juz.Shamela0012515-ara1"",""openiti_dv_0347IbnHazlam.Juz.Shamela0029651-ara1"",""openiti_dv_0347IbnHazlam.Juz.Shamela0029720-ara1""]",Same OpenITI work URI; retain versions separately.
dup_openiti_work_0347IbnYunusSadafi.Tarikh,openiti_work_0347IbnYunusSadafi.Tarikh,2,"[""openiti_dv_0347IbnYunusSadafi.Tarikh.Masaha004774Vols-ara1"",""openiti_dv_0347IbnYunusSadafi.Tarikh.Shamela0011686-ara1""]",Same OpenITI work URI; retain versions separately.
dup_openiti_work_0348IbnMuhammadKhuldi.Fawaid,openiti_work_0348IbnMuhammadKhuldi.Fawaid,2,"[""openiti_dv_0348IbnMuhammadKhuldi.Fawaid.JK011405-ara1"",""openiti_dv_0348IbnMuhammadKhuldi.Fawaid.Shamela0009310-ara1""]",Same OpenITI work URI; retain versions separately.
dup_openiti_work_0348IbnSalmanNajjad.Amali,openiti_work_0348IbnSalmanNajjad.Amali,4,"[""openiti_dv_0348IbnSalmanNajjad.Amali.ShamAY0032890-ara1"",""openiti_dv_0348IbnSalmanNajjad.Amali.Shamela0012548-ara1"",""openiti_dv_0348IbnSalmanNajjad.Amali.Shamela0029721-ara1"",""openiti_dv_0348IbnSalmanNajjad.Amali.Shamela0029865-ara1""]",Same OpenITI work URI; retain versions separately.
dup_openiti_work_0348IbnSalmanNajjad.Hadith,openiti_work_0348IbnSalmanNajjad.Hadith,2,"[""openiti_dv_0348IbnSalmanNajjad.Hadith.ShamAY0032891-ara1"",""openiti_dv_0348IbnSalmanNajjad.Hadith.Shamela0029866-ara1""]",Same OpenITI work URI; retain versions separately.
dup_openiti_work_0348IbnSalmanNajjad.MusnadCumarIbnKhattab,openiti_work_0348IbnSalmanNajjad.MusnadCumarIbnKhattab,2,"[""openiti_dv_0348IbnSalmanNajjad.MusnadCumarIbnKhattab.JK011624-ara1"",""openiti_dv_0348IbnSalmanNajjad.MusnadCumarIbnKhattab.Shamela0013171-ara1""]",Same OpenITI work URI; retain versions separately.
dup_openiti_work_0348IbnSalmanNajjad.RaddCalaManYaqulQuranMakhluq,openiti_work_0348IbnSalmanNajjad.RaddCalaManYaqulQuranMakhluq,2,"[""openiti_dv_0348IbnSalmanNajjad.RaddCalaManYaqulQuranMakhluq.JK000313-ara1"",""openiti_dv_0348IbnSalmanNajjad.RaddCalaManYaqulQuranMakhluq.Shamela0006415-ara1""]",Same OpenITI work URI; retain versions separately.
dup_openiti_work_0349IbnCumarMuqri.AkhbarNahwiyyin,openiti_work_0349IbnCumarMuqri.AkhbarNahwiyyin,2,"[""openiti_dv_0349IbnCumarMuqri.AkhbarNahwiyyin.JK000694-ara1"",""openiti_dv_0349IbnCumarMuqri.AkhbarNahwiyyin.Shamela0000295-ara1""]",Same OpenITI work URI; retain versions separately.
dup_openiti_work_0350Balawi.SiratAhmadIbnTulun,openiti_work_0350Balawi.SiratAhmadIbnTulun,2,"[""openiti_dv_0350Balawi.SiratAhmadIbnTulun.Hindawi039520625-ara1"",""openiti_dv_0350Balawi.SiratAhmadIbnTulun.Kraken21033119-ara1""]",Same OpenITI work URI; retain versions separately.
dup_openiti_work_0350MuhammadKindi.FadailMisr,openiti_work_0350MuhammadKindi.FadailMisr,3,"[""openiti_dv_0350MuhammadKindi.FadailMisr.JK010405-ara1"",""openiti_dv_0350MuhammadKindi.FadailMisr.ShamAY0033805-ara1"",""openiti_dv_0350MuhammadKindi.FadailMisr.Shamela0000405-ara1""]",Same OpenITI work URI; retain versions separately.
dup_openiti_work_0350MuhammadKindi.WulatMisr,openiti_work_0350MuhammadKindi.WulatMisr,2,"[""openiti_dv_0350MuhammadKindi.WulatMisr.JK010325-ara1"",""openiti_dv_0350MuhammadKindi.WulatMisr.Shamela0012831-ara1""]",Same OpenITI work URI; retain versions separately.
dup_openiti_work_0351IbnAhmadSijzi.MuntaqaMinMusnadMuqillin,openiti_work_0351IbnAhmadSijzi.MuntaqaMinMusnadMuqillin,3,"[""openiti_dv_0351IbnAhmadSijzi.MuntaqaMinMusnadMuqillin.JK000622-ara1"",""openiti_dv_0351IbnAhmadSijzi.MuntaqaMinMusnadMuqillin.Shamela0013072-ara1"",""openiti_dv_0351IbnAhmadSijzi.MuntaqaMinMusnadMuqillin.Shia002014-ara1""]",Same OpenITI work URI; retain versions separately.
dup_openiti_work_0351IbnQanic.MucjamSahaba,openiti_work_0351IbnQanic.MucjamSahaba,2,"[""openiti_dv_0351IbnQanic.MucjamSahaba.JK000725-ara1"",""openiti_dv_0351IbnQanic.MucjamSahaba.Shamela0013178-ara1""]",Same OpenITI work URI; retain versions separately.
dup_openiti_work_0352IbnIbrahimKufi.Tafsir,openiti_work_0352IbnIbrahimKufi.Tafsir,3,"[""openiti_dv_0352IbnIbrahimKufi.Tafsir.Masaha004578-ara1"",""openiti_dv_0352IbnIbrahimKufi.Tafsir.Shia002339-ara1"",""openiti_dv_0352IbnIbrahimKufi.Tafsir.Tafsir05045-ara1""]",Same OpenITI work URI; retain versions separately.
dup_openiti_work_0353AbuCabbasHasani.Masabih,openiti_work_0353AbuCabbasHasani.Masabih,2,"[""openiti_dv_0353AbuCabbasHasani.Masabih.Shamela0117366BK2-ara1"",""openiti_dv_0353AbuCabbasHasani.Masabih.Zaydiyya0000087BK1-ara1""]",Same OpenITI work URI; retain versions separately.
dup_openiti_work_0354IbnCabdAllahBazzaz.Fawaid,openiti_work_0354IbnCabdAllahBazzaz.Fawaid,4,"[""openiti_dv_0354IbnCabdAllahBazzaz.Fawaid.JK009153-ara1"",""openiti_dv_0354IbnCabdAllahBazzaz.Fawaid.ShamAY0032836-ara1"",""openiti_dv_0354IbnCabdAllahBazzaz.Fawaid.ShamAY0032846-ara1"",""openiti_dv_0354IbnCabdAllahBazzaz.Fawaid.Shamela0000772-ara1""]",Same OpenITI work URI; retain versions separately.
dup_openiti_work_0354IbnHibbanBusti.Majruhin,openiti_work_0354IbnHibbanBusti.Majruhin,4,"[""openiti_dv_0354IbnHibbanBusti.Majruhin.JK000514-ara1"",""openiti_dv_0354IbnHibbanBusti.Majruhin.Sham19Y0151099-ara1"",""openiti_dv_0354IbnHibbanBusti.Majruhin.Shamela0005834-ara1"",""openiti_dv_0354IbnHibbanBusti.Majruhin.Shia003101Vols-ara1""]",Same OpenITI work URI; retain versions separately.
dup_openiti_work_0354IbnHibbanBusti.MashahirCulamaAmsar,openiti_work_0354IbnHibbanBusti.MashahirCulamaAmsar,4,"[""openiti_dv_0354IbnHibbanBusti.MashahirCulamaAmsar.JK000515-ara1"",""openiti_dv_0354IbnHibbanBusti.MashahirCulamaAmsar.ShamAY0034623-ara1"",""openiti_dv_0354IbnHibbanBusti.MashahirCulamaAmsar.Shamela0000896-ara1"",""openiti_dv_0354IbnHibbanBusti.MashahirCulamaAmsar.Shia003104-ara1""]",Same OpenITI work URI; retain versions separately.
dup_openiti_work_0354IbnHibbanBusti.RawdatCuqala,openiti_work_0354IbnHibbanBusti.RawdatCuqala,2,"[""openiti_dv_0354IbnHibbanBusti.RawdatCuqala.JK000834-ara1"",""openiti_dv_0354IbnHibbanBusti.RawdatCuqala.Shamela0006944-ara1""]",Same OpenITI work URI; retain versions separately.
dup_openiti_work_0354IbnHibbanBusti.Thiqat,openiti_work_0354IbnHibbanBusti.Thiqat,4,"[""openiti_dv_0354IbnHibbanBusti.Thiqat.JK000513-ara1"",""openiti_dv_0354IbnHibbanBusti.Thiqat.ShamAY0038017-ara1"",""openiti_dv_0354IbnHibbanBusti.Thiqat.Shamela0005816-ara1"",""openiti_dv_0354IbnHibbanBusti.Thiqat.Shia003092Vols-ara1""]",Same OpenITI work URI; retain versions separately.
dup_openiti_work_0354Mutanabbi.Diwan,openiti_work_0354Mutanabbi.Diwan,2,"[""openiti_dv_0354Mutanabbi.Diwan.JK007610-ara1"",""openiti_dv_0354Mutanabbi.Diwan.ShamAY0037830-ara1""]",Same OpenITI work URI; retain versions separately.
dup_openiti_work_0356AbuCaliQali.AmaliFiLugha,openiti_work_0356AbuCaliQali.AmaliFiLugha,3,"[""openiti_dv_0356AbuCaliQali.AmaliFiLugha.JK000919BK1-ara1"",""openiti_dv_0356AbuCaliQali.AmaliFiLugha.Kraken22021606120800BK1-ara1"",""openiti_dv_0356AbuCaliQali.AmaliFiLugha.Shamela0009160-ara1""]",Same OpenITI work URI; retain versions separately.
dup_openiti_work_0356AbuCaliQali.DhaylAmali,openiti_work_0356AbuCaliQali.DhaylAmali,2,"[""openiti_dv_0356AbuCaliQali.DhaylAmali.JK000919BK2-ara1"",""openiti_dv_0356AbuCaliQali.DhaylAmali.Kraken22021606120800BK2-ara1""]",Same OpenITI work URI; retain versions separately.
dup_openiti_work_0356AbuCaliQali.Ittibac,openiti_work_0356AbuCaliQali.Ittibac,2,"[""openiti_dv_0356AbuCaliQali.Ittibac.JK009164-ara1"",""openiti_dv_0356AbuCaliQali.Ittibac.Shamela0006934-ara1""]",Same OpenITI work URI; retain versions separately.
dup_openiti_work_0356AbuCaliQali.Nawadir,openiti_work_0356AbuCaliQali.Nawadir,2,"[""openiti_dv_0356AbuCaliQali.Nawadir.JK000919BK3-ara1"",""openiti_dv_0356AbuCaliQali.Nawadir.Kraken22021606120800BK3-ara1""]",Same OpenITI work URI; retain versions separately.
dup_openiti_work_0357AbuFirasHamdani.Diwan,openiti_work_0357AbuFirasHamdani.Diwan,2,"[""openiti_dv_0357AbuFirasHamdani.Diwan.JK007584-ara1"",""openiti_dv_0357AbuFirasHamdani.Diwan.ShamAY0037823-ara1""]",Same OpenITI work URI; retain versions separately.
dup_openiti_work_0357IbnMuhammadKinani.JuzBitaqa,openiti_work_0357IbnMuhammadKinani.JuzBitaqa,3,"[""openiti_dv_0357IbnMuhammadKinani.JuzBitaqa.JK000491-ara1"",""openiti_dv_0357IbnMuhammadKinani.JuzBitaqa.ShamAY0033620-ara1"",""openiti_dv_0357IbnMuhammadKinani.JuzBitaqa.Shamela0013100-ara1""]",Same OpenITI work URI; retain versions separately.
dup_openiti_work_0359AbuBakrNasibi.Fawaid,openiti_work_0359AbuBakrNasibi.Fawaid,2,"[""openiti_dv_0359AbuBakrNasibi.Fawaid.ShamAY0032824-ara1"",""openiti_dv_0359AbuBakrNasibi.Fawaid.Shamela0029779-ara1""]",Same OpenITI work URI; retain versions separately.
dup_openiti_work_0359AbuCaliSawwaf.Fawaid,openiti_work_0359AbuCaliSawwaf.Fawaid,4,"[""openiti_dv_0359AbuCaliSawwaf.Fawaid.JK000592-ara1"",""openiti_dv_0359AbuCaliSawwaf.Fawaid.Shamela0010492-ara1"",""openiti_dv_0359AbuCaliSawwaf.Fawaid.Shamela0013144-ara1"",""openiti_dv_0359AbuCaliSawwaf.Fawaid.Shia002031-ara1""]",Same OpenITI work URI; retain versions separately.
dup_openiti_work_0359AbuCaliSawwaf.Juz,openiti_work_0359AbuCaliSawwaf.Juz,2,"[""openiti_dv_0359AbuCaliSawwaf.Juz.Shamela0029780-ara1"",""openiti_dv_0359AbuCaliSawwaf.Juz.Shamela0029898-ara1""]",Same OpenITI work URI; retain versions separately.
dup_openiti_work_0360AbuBakrAjurri.AkhbarAbiHafs,openiti_work_0360AbuBakrAjurri.AkhbarAbiHafs,2,"[""openiti_dv_0360AbuBakrAjurri.AkhbarAbiHafs.JK000933-ara1"",""openiti_dv_0360AbuBakrAjurri.AkhbarAbiHafs.Shamela0006650-ara1""]",Same OpenITI work URI; retain versions separately.
dup_openiti_work_0360AbuBakrAjurri.AkhlaqAhlQuran,openiti_work_0360AbuBakrAjurri.AkhlaqAhlQuran,3,"[""openiti_dv_0360AbuBakrAjurri.AkhlaqAhlQuran.JK010260-ara1"",""openiti_dv_0360AbuBakrAjurri.AkhlaqAhlQuran.ShamAY0034101-ara1"",""openiti_dv_0360AbuBakrAjurri.AkhlaqAhlQuran.Shamela0010531-ara1""]",Same OpenITI work URI; retain versions separately.
dup_openiti_work_0360AbuBakrAjurri.FadlQiyamLayl,openiti_work_0360AbuBakrAjurri.FadlQiyamLayl,2,"[""openiti_dv_0360AbuBakrAjurri.FadlQiyamLayl.ShamAY0001300-ara2"",""openiti_dv_0360AbuBakrAjurri.FadlQiyamLayl.Shamela0012746-ara1""]",Same OpenITI work URI; retain versions separately.
dup_openiti_work_0360AbuBakrAjurri.Ghuraba,openiti_work_0360AbuBakrAjurri.Ghuraba,3,"[""openiti_dv_0360AbuBakrAjurri.Ghuraba.JK000039-ara1"",""openiti_dv_0360AbuBakrAjurri.Ghuraba.Shamela0013045-ara1"",""openiti_dv_0360AbuBakrAjurri.Ghuraba.Shia002068-ara1""]",Same OpenITI work URI; retain versions separately.
dup_openiti_work_0360AbuBakrAjurri.MasalatTaifin,openiti_work_0360AbuBakrAjurri.MasalatTaifin,2,"[""openiti_dv_0360AbuBakrAjurri.MasalatTaifin.JK000608-ara1"",""openiti_dv_0360AbuBakrAjurri.MasalatTaifin.Shamela0006233-ara1""]",Same OpenITI work URI; retain versions separately.
dup_openiti_work_0360AbuBakrAjurri.Sharica,openiti_work_0360AbuBakrAjurri.Sharica,2,"[""openiti_dv_0360AbuBakrAjurri.Sharica.JK009158-ara1"",""openiti_dv_0360AbuBakrAjurri.Sharica.Shamela0013035-ara1""]",Same OpenITI work URI; retain versions separately.
dup_openiti_work_0360AbuBakrAjurri.TahrimNard,openiti_work_0360AbuBakrAjurri.TahrimNard,2,"[""openiti_dv_0360AbuBakrAjurri.TahrimNard.JK011455-ara1"",""openiti_dv_0360AbuBakrAjurri.TahrimNard.Shamela0008222-ara1""]",Same OpenITI work URI; retain versions separately.
dup_openiti_work_0360AbuBakrAjurri.TasdiqBiNazar,openiti_work_0360AbuBakrAjurri.TasdiqBiNazar,2,"[""openiti_dv_0360AbuBakrAjurri.TasdiqBiNazar.JK000598-ara1"",""openiti_dv_0360AbuBakrAjurri.TasdiqBiNazar.ShamAY0033848-ara1""]",Same OpenITI work URI; retain versions separately.
dup_openiti_work_0360AbuBakrAnbari.Hadith,openiti_work_0360AbuBakrAnbari.Hadith,2,"[""openiti_dv_0360AbuBakrAnbari.Hadith.Shamela0029781-ara1"",""openiti_dv_0360AbuBakrAnbari.Hadith.Shamela0029867-ara1""]",Same OpenITI work URI; retain versions separately.
dup_openiti_work_0360Khawlani.TarikhDaraya,openiti_work_0360Khawlani.TarikhDaraya,2,"[""openiti_dv_0360Khawlani.TarikhDaraya.JK011453-ara1"",""openiti_dv_0360Khawlani.TarikhDaraya.Shamela0008249-ara1""]",Same OpenITI work URI; retain versions separately.
dup_openiti_work_0360KushajimShacir.Diwan,openiti_work_0360KushajimShacir.Diwan,2,"[""openiti_dv_0360KushajimShacir.Diwan.JK007626-ara1"",""openiti_dv_0360KushajimShacir.Diwan.ShamAY0037962-ara1""]",Same OpenITI work URI; retain versions separately.
dup_openiti_work_0360Ramhurmuzi.AmthalHadith,openiti_work_0360Ramhurmuzi.AmthalHadith,4,"[""openiti_dv_0360Ramhurmuzi.AmthalHadith.JK000422-ara1"",""openiti_dv_0360Ramhurmuzi.AmthalHadith.ShamAY0033533-ara1"",""openiti_dv_0360Ramhurmuzi.AmthalHadith.Shamela0013083-ara1"",""openiti_dv_0360Ramhurmuzi.AmthalHadith.Shia002175-ara1""]",Same OpenITI work URI; retain versions separately.
dup_openiti_work_0360Ramhurmuzi.MuhaddithFasil,openiti_work_0360Ramhurmuzi.MuhaddithFasil,3,"[""openiti_dv_0360Ramhurmuzi.MuhaddithFasil.JK000771-ara1"",""openiti_dv_0360Ramhurmuzi.MuhaddithFasil.Shamela0013059-ara1"",""openiti_dv_0360Ramhurmuzi.MuhaddithFasil.Shia002033-ara1""]",Same OpenITI work URI; retain versions separately.
dup_openiti_work_0360Tabarani.AhadithTiwal,openiti_work_0360Tabarani.AhadithTiwal,3,"[""openiti_dv_0360Tabarani.AhadithTiwal.JK000599-ara1"",""openiti_dv_0360Tabarani.AhadithTiwal.Shamela0012989-ara1"",""openiti_dv_0360Tabarani.AhadithTiwal.Shia002032-ara1""]",Same OpenITI work URI; retain versions separately.
dup_openiti_work_0360Tabarani.Awail,openiti_work_0360Tabarani.Awail,3,"[""openiti_dv_0360Tabarani.Awail.JK000862-ara1"",""openiti_dv_0360Tabarani.Awail.Shamela0013002-ara1"",""openiti_dv_0360Tabarani.Awail.Shia002066-ara1""]",Same OpenITI work URI; retain versions separately.
dup_openiti_work_0360Tabarani.Duca,openiti_work_0360Tabarani.Duca,4,"[""openiti_dv_0360Tabarani.Duca.JK000675-ara1"",""openiti_dv_0360Tabarani.Duca.ShamAY0033982-ara1"",""openiti_dv_0360Tabarani.Duca.Shamela0013016-ara1"",""openiti_dv_0360Tabarani.Duca.Shia002067-ara1""]",Same OpenITI work URI; retain versions separately.
dup_openiti_work_0360Tabarani.FadailRamy,openiti_work_0360Tabarani.FadailRamy,2,"[""openiti_dv_0360Tabarani.FadailRamy.JK011560-ara1"",""openiti_dv_0360Tabarani.FadailRamy.Shamela0008239-ara1""]",Same OpenITI work URI; retain versions separately.
dup_openiti_work_0360Tabarani.JuzHadithAhlBasra,openiti_work_0360Tabarani.JuzHadithAhlBasra,2,"[""openiti_dv_0360Tabarani.JuzHadithAhlBasra.ShamAY0033643-ara1"",""openiti_dv_0360Tabarani.JuzHadithAhlBasra.Shamela0026474-ara1""]",Same OpenITI work URI; retain versions separately.
dup_openiti_work_0360Tabarani.MakarimAkhlaq,openiti_work_0360Tabarani.MakarimAkhlaq,3,"[""openiti_dv_0360Tabarani.MakarimAkhlaq.JK011642-ara1"",""openiti_dv_0360Tabarani.MakarimAkhlaq.ShamAY0038139-ara3"",""openiti_dv_0360Tabarani.MakarimAkhlaq.Shamela0009324-ara1""]",Same OpenITI work URI; retain versions separately.
dup_openiti_work_0360Tabarani.MucjamAwsat,openiti_work_0360Tabarani.MucjamAwsat,3,"[""openiti_dv_0360Tabarani.MucjamAwsat.JK000883-ara1"",""openiti_dv_0360Tabarani.MucjamAwsat.Shamela0028171-ara1"",""openiti_dv_0360Tabarani.MucjamAwsat.Shia002034Vols-ara1""]",Same OpenITI work URI; retain versions separately.
dup_openiti_work_0360Tabarani.MucjamKabir,openiti_work_0360Tabarani.MucjamKabir,7,"[""openiti_dv_0360Tabarani.MucjamKabir.JK000474-ara1"",""openiti_dv_0360Tabarani.MucjamKabir.ShamAY0033908-ara2"",""openiti_dv_0360Tabarani.MucjamKabir.ShamAY0033986-ara3"",""openiti_dv_0360Tabarani.MucjamKabir.Shamela0001353-ara1"",""openiti_dv_0360Tabarani.MucjamKabir.Shamela0001428-ara1"",""openiti_dv_0360Tabarani.MucjamKabir.Shamela0001733-ara1"",""openiti_dv_0360Tabarani.MucjamKabir.Shia002045Vols-ara1""]",Same OpenITI work URI; retain versions separately.
dup_openiti_work_0360Tabarani.MucjamSaghir,openiti_work_0360Tabarani.MucjamSaghir,3,"[""openiti_dv_0360Tabarani.MucjamSaghir.JK000476-ara1"",""openiti_dv_0360Tabarani.MucjamSaghir.Shamela0013068-ara1"",""openiti_dv_0360Tabarani.MucjamSaghir.Shia002043Vols-ara1""]",Same OpenITI work URI; retain versions separately.
dup_openiti_work_0360Tabarani.MusnadShamiyyin,openiti_work_0360Tabarani.MusnadShamiyyin,3,"[""openiti_dv_0360Tabarani.MusnadShamiyyin.JK000478-ara1"",""openiti_dv_0360Tabarani.MusnadShamiyyin.Shamela0013162-ara1"",""openiti_dv_0360Tabarani.MusnadShamiyyin.Shia002069Vols-ara1""]",Same OpenITI work URI; retain versions separately.
dup_openiti_work_0360Tabarani.TuruqHadithManKadhdhabaCalayya,openiti_work_0360Tabarani.TuruqHadithManKadhdhabaCalayya,3,"[""openiti_dv_0360Tabarani.TuruqHadithManKadhdhabaCalayya.JK000638-ara1"",""openiti_dv_0360Tabarani.TuruqHadithManKadhdhabaCalayya.Shamela0013130-ara1"",""openiti_dv_0360Tabarani.TuruqHadithManKadhdhabaCalayya.Shia002065-ara1""]",Same OpenITI work URI; retain versions separately.
dup_openiti_work_0361AbuSacidKudami.Istiqama,openiti_work_0361AbuSacidKudami.Istiqama,2,"[""openiti_dv_0361AbuSacidKudami.Istiqama.ShamIbadiyya0000005-ara1"",""openiti_dv_0361AbuSacidKudami.Istiqama.ShamIbadiyya0000094-ara1""]",Same OpenITI work URI; retain versions separately.
dup_openiti_work_0361AbuSacidKudami.Muctabar,openiti_work_0361AbuSacidKudami.Muctabar,2,"[""openiti_dv_0361AbuSacidKudami.Muctabar.ShamIbadiyya0000130-ara1"",""openiti_dv_0361AbuSacidKudami.Muctabar.ShamIbadiyya0000231-ara1""]",Same OpenITI work URI; retain versions separately.
dup_openiti_work_0361IbnIbrahimTustari.MudhakkarWaMuannath,openiti_work_0361IbnIbrahimTustari.MudhakkarWaMuannath,2,"[""openiti_dv_0361IbnIbrahimTustari.MudhakkarWaMuannath.JK010099-ara1"",""openiti_dv_0361IbnIbrahimTustari.MudhakkarWaMuannath.Shamela0000099-ara1""]",Same OpenITI work URI; retain versions separately.
dup_openiti_work_0362AbuFarajIsbahani.Diyarat,openiti_work_0362AbuFarajIsbahani.Diyarat,2,"[""openiti_dv_0362AbuFarajIsbahani.Diyarat.JK010725-ara1"",""openiti_dv_0362AbuFarajIsbahani.Diyarat.Shamela0000725-ara1""]",Same OpenITI work URI; retain versions separately.
dup_openiti_work_0362AbuFarajIsbahani.ImaShawacir,openiti_work_0362AbuFarajIsbahani.ImaShawacir,2,"[""openiti_dv_0362AbuFarajIsbahani.ImaShawacir.JK009369-ara1"",""openiti_dv_0362AbuFarajIsbahani.ImaShawacir.Shamela0009221-ara1""]",Same OpenITI work URI; retain versions separately.
dup_openiti_work_0362AbuFarajIsbahani.MaqatilTalibiyyin,openiti_work_0362AbuFarajIsbahani.MaqatilTalibiyyin,6,"[""openiti_dv_0362AbuFarajIsbahani.MaqatilTalibiyyin.JK010351-ara1"",""openiti_dv_0362AbuFarajIsbahani.MaqatilTalibiyyin.Rafed0003214-ara1"",""openiti_dv_0362AbuFarajIsbahani.MaqatilTalibiyyin.Shamela0012404-ara1"",""openiti_dv_0362AbuFarajIsbahani.MaqatilTalibiyyin.Shia001277-ara1"",""openiti_dv_0362AbuFarajIsbahani.MaqatilTalibiyyin.Zaydiyya0000154-ara1"",""openiti_dv_0362AbuFarajIsbahani.MaqatilTalibiyyin.Zaydiyya0000224-ara1""]",Same OpenITI work URI; retain versions separately.
dup_openiti_work_0362IbnBaraka.Tacaruf,openiti_work_0362IbnBaraka.Tacaruf,2,"[""openiti_dv_0362IbnBaraka.Tacaruf.ShamIbadiyya0000214-ara1"",""openiti_dv_0362IbnBaraka.Tacaruf.ShamIbadiyya0000782-ara1""]",Same OpenITI work URI; retain versions separately.
dup_openiti_work_0362IbnHaniAndalusi.Diwan,openiti_work_0362IbnHaniAndalusi.Diwan,2,"[""openiti_dv_0362IbnHaniAndalusi.Diwan.JK007572-ara1"",""openiti_dv_0362IbnHaniAndalusi.Diwan.ShamAY0037881-ara1""]",Same OpenITI work URI; retain versions separately.
dup_openiti_work_0362SariRaffa.Diwan,openiti_work_0362SariRaffa.Diwan,2,"[""openiti_dv_0362SariRaffa.Diwan.JK007606-ara1"",""openiti_dv_0362SariRaffa.Diwan.ShamAY0037885-ara1""]",Same OpenITI work URI; retain versions separately.
dup_openiti_work_0362SariRaffa.MuhibbWaMahbub,openiti_work_0362SariRaffa.MuhibbWaMahbub,2,"[""openiti_dv_0362SariRaffa.MuhibbWaMahbub.JK010731-ara1"",""openiti_dv_0362SariRaffa.MuhibbWaMahbub.Shamela0000731-ara1""]",Same OpenITI work URI; retain versions separately.
dup_openiti_work_0363QadiNucman.DacaimIslam,openiti_work_0363QadiNucman.DacaimIslam,2,"[""openiti_dv_0363QadiNucman.DacaimIslam.Shia001131Vols-ara1"",""openiti_dv_0363QadiNucman.DacaimIslam.Zaydiyya0000186-ara1""]",Same OpenITI work URI; retain versions separately.
dup_openiti_work_0363QadiNucman.ManaqibWaMathalib,openiti_work_0363QadiNucman.ManaqibWaMathalib,2,"[""openiti_dv_0363QadiNucman.ManaqibWaMathalib.EShia0086596-ara1"",""openiti_dv_0363QadiNucman.ManaqibWaMathalib.Masaha002875-ara1""]",Same OpenITI work URI; retain versions separately.
dup_openiti_work_0363QadiNucman.SharhAkhbar,openiti_work_0363QadiNucman.SharhAkhbar,3,"[""openiti_dv_0363QadiNucman.SharhAkhbar.Masaha002225Vols-ara1"",""openiti_dv_0363QadiNucman.SharhAkhbar.Rafed0000785Vols-ara1"",""openiti_dv_0363QadiNucman.SharhAkhbar.Shia001278Vols-ara1""]",Same OpenITI work URI; retain versions separately.
dup_openiti_work_0364IbnSunniDinawari.CamalYawmWaLayl,openiti_work_0364IbnSunniDinawari.CamalYawmWaLayl,2,"[""openiti_dv_0364IbnSunniDinawari.CamalYawmWaLayl.JK000943-ara1"",""openiti_dv_0364IbnSunniDinawari.CamalYawmWaLayl.Shamela0013132-ara1""]",Same OpenITI work URI; retain versions separately.
dup_openiti_work_0365IbnCadiJurjani.AsamiManRawaCanhum,openiti_work_0365IbnCadiJurjani.AsamiManRawaCanhum,2,"[""openiti_dv_0365IbnCadiJurjani.AsamiManRawaCanhum.JK000740-ara1"",""openiti_dv_0365IbnCadiJurjani.AsamiManRawaCanhum.Shamela0005862-ara1""]",Same OpenITI work URI; retain versions separately.
dup_openiti_work_0365IbnCadiJurjani.KamilFiDucafa,openiti_work_0365IbnCadiJurjani.KamilFiDucafa,7,"[""openiti_dv_0365IbnCadiJurjani.KamilFiDucafa.JK000519-ara2"",""openiti_dv_0365IbnCadiJurjani.KamilFiDucafa.JK001069-ara3"",""openiti_dv_0365IbnCadiJurjani.KamilFiDucafa.ShamAY0034613-ara1"",""openiti_dv_0365IbnCadiJurjani.KamilFiDucafa.ShamAY0034661-ara1"",""openiti_dv_0365IbnCadiJurjani.KamilFiDucafa.Shamela0005827-ara3"",""openiti_dv_0365IbnCadiJurjani.KamilFiDucafa.Shamela0012579-ara1"",""openiti_dv_0365IbnCadiJurjani.KamilFiDucafa.Shia003105Vols-ara2""]",Same OpenITI work URI; retain versions separately.
dup_openiti_work_0365IbnFaqihHamadhani.Buldan,openiti_work_0365IbnFaqihHamadhani.Buldan,3,"[""openiti_dv_0365IbnFaqihHamadhani.Buldan.Masaha003715-ara1"",""openiti_dv_0365IbnFaqihHamadhani.Buldan.Rafed0003770-ara1"",""openiti_dv_0365IbnFaqihHamadhani.Buldan.Shamela0011685-ara1""]",Same OpenITI work URI; retain versions separately.
dup_openiti_work_0366IbnCabdAllahNaysaburi.ManWafaqatKunyatuhu,openiti_work_0366IbnCabdAllahNaysaburi.ManWafaqatKunyatuhu,2,"[""openiti_dv_0366IbnCabdAllahNaysaburi.ManWafaqatKunyatuhu.JK011645-ara1"",""openiti_dv_0366IbnCabdAllahNaysaburi.ManWafaqatKunyatuhu.Shamela0012958-ara1""]",Same OpenITI work URI; retain versions separately.
dup_openiti_work_0367IbnHawqal.SuratArd,openiti_work_0367IbnHawqal.SuratArd,4,"[""openiti_dv_0367IbnHawqal.SuratArd.Kraken220413202432-ara1"",""openiti_dv_0367IbnHawqal.SuratArd.Masaha004471Vols-ara1"",""openiti_dv_0367IbnHawqal.SuratArd.Rafed0002448Vols-ara1"",""openiti_dv_0367IbnHawqal.SuratArd.Shamela0011780-ara1""]",Same OpenITI work URI; retain versions separately.
dup_openiti_work_0368AbuGhalibZurari.Risala,openiti_work_0368AbuGhalibZurari.Risala,3,"[""openiti_dv_0368AbuGhalibZurari.Risala.Masaha003536-ara1"",""openiti_dv_0368AbuGhalibZurari.Risala.Masaha004823-ara1"",""openiti_dv_0368AbuGhalibZurari.Risala.Shia002929-ara1""]",Same OpenITI work URI; retain versions separately.
dup_openiti_work_0368IbnJacfarQatici.Fawaid,openiti_work_0368IbnJacfarQatici.Fawaid,3,"[""openiti_dv_0368IbnJacfarQatici.Fawaid.JK000935-ara1"",""openiti_dv_0368IbnJacfarQatici.Fawaid.Shamela0010515-ara1"",""openiti_dv_0368IbnJacfarQatici.Fawaid.Shamela0013099-ara1""]",Same OpenITI work URI; retain versions separately.
dup_openiti_work_0369AbuShaykhIsbahani.AhadithAbiZubayr,openiti_work_0369AbuShaykhIsbahani.AhadithAbiZubayr,2,"[""openiti_dv_0369AbuShaykhIsbahani.AhadithAbiZubayr.JK001287-ara1"",""openiti_dv_0369AbuShaykhIsbahani.AhadithAbiZubayr.Shamela0013108-ara1""]",Same OpenITI work URI; retain versions separately.
dup_openiti_work_0369AbuShaykhIsbahani.AkhlaqNabi,openiti_work_0369AbuShaykhIsbahani.AkhlaqNabi,3,"[""openiti_dv_0369AbuShaykhIsbahani.AkhlaqNabi.JK000918-ara1"",""openiti_dv_0369AbuShaykhIsbahani.AkhlaqNabi.ShamAY0034449-ara2"",""openiti_dv_0369AbuShaykhIsbahani.AkhlaqNabi.Shamela0012980-ara1""]",Same OpenITI work URI; retain versions separately.
dup_openiti_work_0369AbuShaykhIsbahani.AmthalFiHadith,openiti_work_0369AbuShaykhIsbahani.AmthalFiHadith,2,"[""openiti_dv_0369AbuShaykhIsbahani.AmthalFiHadith.JK000946-ara1"",""openiti_dv_0369AbuShaykhIsbahani.AmthalFiHadith.Shamela0013082-ara1""]",Same OpenITI work URI; retain versions separately.
dup_openiti_work_0369AbuShaykhIsbahani.Cuzma,openiti_work_0369AbuShaykhIsbahani.Cuzma,2,"[""openiti_dv_0369AbuShaykhIsbahani.Cuzma.JK000742-ara1"",""openiti_dv_0369AbuShaykhIsbahani.Cuzma.Shamela0013043-ara1""]",Same OpenITI work URI; retain versions separately.
dup_openiti_work_0369AbuShaykhIsbahani.Fawaid,openiti_work_0369AbuShaykhIsbahani.Fawaid,3,"[""openiti_dv_0369AbuShaykhIsbahani.Fawaid.JK011406-ara1"",""openiti_dv_0369AbuShaykhIsbahani.Fawaid.JK011487-ara1"",""openiti_dv_0369AbuShaykhIsbahani.Fawaid.Shamela0008268-ara1""]",Same OpenITI work URI; retain versions separately.
dup_openiti_work_0369AbuShaykhIsbahani.TabaqatMuhaddithin,openiti_work_0369AbuShaykhIsbahani.TabaqatMuhaddithin,3,"[""openiti_dv_0369AbuShaykhIsbahani.TabaqatMuhaddithin.JK000520-ara1"",""openiti_dv_0369AbuShaykhIsbahani.TabaqatMuhaddithin.Shamela0004182-ara1"",""openiti_dv_0369AbuShaykhIsbahani.TabaqatMuhaddithin.Shia003112Vols-ara1""]",Same OpenITI work URI; retain versions separately.
dup_openiti_work_0369AbuShaykhIsbahani.Tawbikh,openiti_work_0369AbuShaykhIsbahani.Tawbikh,2,"[""openiti_dv_0369AbuShaykhIsbahani.Tawbikh.JK001274-ara1"",""openiti_dv_0369AbuShaykhIsbahani.Tawbikh.Shamela0013010-ara1""]",Same OpenITI work URI; retain versions separately.
dup_openiti_work_0369IbnMasiBaghdadi.Fawaid,openiti_work_0369IbnMasiBaghdadi.Fawaid,2,"[""openiti_dv_0369IbnMasiBaghdadi.Fawaid.JK009196-ara1"",""openiti_dv_0369IbnMasiBaghdadi.Fawaid.Shamela0013142-ara1""]",Same OpenITI work URI; retain versions separately.
dup_openiti_work_0370AbuMansurAzhari.TahdhibLugha,openiti_work_0370AbuMansurAzhari.TahdhibLugha,2,"[""openiti_dv_0370AbuMansurAzhari.TahdhibLugha.JK007040-ara1"",""openiti_dv_0370AbuMansurAzhari.TahdhibLugha.Shamela0007031-ara1""]",Same OpenITI work URI; retain versions separately.
dup_openiti_work_0370AbuMansurAzhari.ZahirFiGharibAlfazShafici,openiti_work_0370AbuMansurAzhari.ZahirFiGharibAlfazShafici,3,"[""openiti_dv_0370AbuMansurAzhari.ZahirFiGharibAlfazShafici.JK000311-ara1"",""openiti_dv_0370AbuMansurAzhari.ZahirFiGharibAlfazShafici.ShamAY0034678-ara1"",""openiti_dv_0370AbuMansurAzhari.ZahirFiGharibAlfazShafici.Shamela0011319-ara1""]",Same OpenITI work URI; retain versions separately.
dup_openiti_work_0370AbuQasimAmidi.MutalifWaMukhtalif,openiti_work_0370AbuQasimAmidi.MutalifWaMukhtalif,2,"[""openiti_dv_0370AbuQasimAmidi.MutalifWaMukhtalif.JK010675-ara1"",""openiti_dv_0370AbuQasimAmidi.MutalifWaMukhtalif.Shamela0010913-ara1""]",Same OpenITI work URI; retain versions separately.
dup_openiti_work_0370AbuQasimAmidi.Muwazana,openiti_work_0370AbuQasimAmidi.Muwazana,3,"[""openiti_dv_0370AbuQasimAmidi.Muwazana.JK010617-ara2"",""openiti_dv_0370AbuQasimAmidi.Muwazana.Sham19Y0026183-ara1"",""openiti_dv_0370AbuQasimAmidi.Muwazana.Shamela0026183-ara1""]",Same OpenITI work URI; retain versions separately.
dup_openiti_work_0370CaribQurtubi.SilaTarikhTabari,openiti_work_0370CaribQurtubi.SilaTarikhTabari,4,"[""openiti_dv_0370CaribQurtubi.SilaTarikhTabari.JK011178-ara1"",""openiti_dv_0370CaribQurtubi.SilaTarikhTabari.ShamAY0033813-ara1"",""openiti_dv_0370CaribQurtubi.SilaTarikhTabari.Shamela0009783BK2-ara1"",""openiti_dv_0370CaribQurtubi.SilaTarikhTabari.Shia003482-ara1""]",Same OpenITI work URI; retain versions separately.
dup_openiti_work_0370IbnAhmadIbnKhalawayh.HujjaFiQiraatSabca,openiti_work_0370IbnAhmadIbnKhalawayh.HujjaFiQiraatSabca,2,"[""openiti_dv_0370IbnAhmadIbnKhalawayh.HujjaFiQiraatSabca.JK000461-ara1"",""openiti_dv_0370IbnAhmadIbnKhalawayh.HujjaFiQiraatSabca.Shamela0026140-ara1""]",Same OpenITI work URI; retain versions separately.
dup_openiti_work_0370IbnCaliJassas.AhkamQuran,openiti_work_0370IbnCaliJassas.AhkamQuran,4,"[""openiti_dv_0370IbnCaliJassas.AhkamQuran.JK000871-ara1"",""openiti_dv_0370IbnCaliJassas.AhkamQuran.Shamela0007370-ara1"",""openiti_dv_0370IbnCaliJassas.AhkamQuran.Shamela0023579-ara1"",""openiti_dv_0370IbnCaliJassas.AhkamQuran.Shia002514Vols-ara1""]",Same OpenITI work URI; retain versions separately.
dup_openiti_work_0370IbnCaliJassas.FusulFiUsul,openiti_work_0370IbnCaliJassas.FusulFiUsul,3,"[""openiti_dv_0370IbnCaliJassas.FusulFiUsul.JK000286-ara1"",""openiti_dv_0370IbnCaliJassas.FusulFiUsul.Shamela0000676-ara1"",""openiti_dv_0370IbnCaliJassas.FusulFiUsul.Shia002901Vols-ara1""]",Same OpenITI work URI; retain versions separately.
dup_openiti_work_0370IbnCaliJassas.MukhtasarIkhtilafCulama,openiti_work_0370IbnCaliJassas.MukhtasarIkhtilafCulama,3,"[""openiti_dv_0370IbnCaliJassas.MukhtasarIkhtilafCulama.JK000292-ara1"",""openiti_dv_0370IbnCaliJassas.MukhtasarIkhtilafCulama.Kraken220413202452-ara1"",""openiti_dv_0370IbnCaliJassas.MukhtasarIkhtilafCulama.Shamela0006222-ara1""]",Same OpenITI work URI; retain versions separately.
dup_openiti_work_0371AhmadJurjani.IctiqadAimmatHadith,openiti_work_0371AhmadJurjani.IctiqadAimmatHadith,2,"[""openiti_dv_0371AhmadJurjani.IctiqadAimmatHadith.JK000356-ara1"",""openiti_dv_0371AhmadJurjani.IctiqadAimmatHadith.Shamela0010472-ara1""]",Same OpenITI work URI; retain versions separately.
dup_openiti_work_0371AhmadJurjani.Mucjam,openiti_work_0371AhmadJurjani.Mucjam,2,"[""openiti_dv_0371AhmadJurjani.Mucjam.JK000760-ara1"",""openiti_dv_0371AhmadJurjani.Mucjam.Shamela0013176-ara1""]",Same OpenITI work URI; retain versions separately.
dup_openiti_work_0373AbuLaythSamarqandi.BahrCulum,openiti_work_0373AbuLaythSamarqandi.BahrCulum,5,"[""openiti_dv_0373AbuLaythSamarqandi.BahrCulum.JK001471-ara1"",""openiti_dv_0373AbuLaythSamarqandi.BahrCulum.ShamAY0034069-ara1"",""openiti_dv_0373AbuLaythSamarqandi.BahrCulum.Shamela0023594-ara1"",""openiti_dv_0373AbuLaythSamarqandi.BahrCulum.Shia002517Vols-ara1"",""openiti_dv_0373AbuLaythSamarqandi.BahrCulum.Tafsir02011-ara1""]",Same OpenITI work URI; retain versions separately.
dup_openiti_work_0374IbnHusaynAzdi.AsmaManYucrafBiKunya,openiti_work_0374IbnHusaynAzdi.AsmaManYucrafBiKunya,3,"[""openiti_dv_0374IbnHusaynAzdi.AsmaManYucrafBiKunya.JK000526-ara1"",""openiti_dv_0374IbnHusaynAzdi.AsmaManYucrafBiKunya.ShamAY0034619-ara2"",""openiti_dv_0374IbnHusaynAzdi.AsmaManYucrafBiKunya.Shamela0005779-ara1""]",Same OpenITI work URI; retain versions separately.
dup_openiti_work_0374IbnHusaynAzdi.Makhzun,openiti_work_0374IbnHusaynAzdi.Makhzun,2,"[""openiti_dv_0374IbnHusaynAzdi.Makhzun.JK000970-ara1"",""openiti_dv_0374IbnHusaynAzdi.Makhzun.Shamela0001458-ara1""]",Same OpenITI work URI; retain versions separately.
dup_openiti_work_0374IbnHusaynAzdi.ManWafaqaIsmuhuIsmAbihi,openiti_work_0374IbnHusaynAzdi.ManWafaqaIsmuhuIsmAbihi,4,"[""openiti_dv_0374IbnHusaynAzdi.ManWafaqaIsmuhuIsmAbihi.JK000666-ara1"",""openiti_dv_0374IbnHusaynAzdi.ManWafaqaIsmuhuIsmAbihi.ShamAY0034610-ara1"",""openiti_dv_0374IbnHusaynAzdi.ManWafaqaIsmuhuIsmAbihi.Shamela0026919-ara1"",""openiti_dv_0374IbnHusaynAzdi.ManWafaqaIsmuhuIsmAbihi.Shamela0026920-ara1""]",Same OpenITI work URI; retain versions separately.
dup_openiti_work_0375AbuHafsZayyat.Juz,openiti_work_0375AbuHafsZayyat.Juz,2,"[""openiti_dv_0375AbuHafsZayyat.Juz.ShamAY0032808-ara2"",""openiti_dv_0375AbuHafsZayyat.Juz.ShamAY0033597-ara1""]",Same OpenITI work URI; retain versions separately.
dup_openiti_work_0375IbnHamzaBasri.Tanbihat,openiti_work_0375IbnHamzaBasri.Tanbihat,2,"[""openiti_dv_0375IbnHamzaBasri.Tanbihat.JK010226-ara1"",""openiti_dv_0375IbnHamzaBasri.Tanbihat.Shamela0000226-ara1""]",Same OpenITI work URI; retain versions separately.
dup_openiti_work_0375IkhwanSafa.RisalatJamica,openiti_work_0375IkhwanSafa.RisalatJamica,2,"[""openiti_dv_0375IkhwanSafa.RisalatJamica.Kraken210622021802-ara1"",""openiti_dv_0375IkhwanSafa.RisalatJamica.Kraken220610012301-ara1""]",Same OpenITI work URI; retain versions separately.
dup_openiti_work_0377IbnAhmadCasqalani.TanbihWaRadd,openiti_work_0377IbnAhmadCasqalani.TanbihWaRadd,2,"[""openiti_dv_0377IbnAhmadCasqalani.TanbihWaRadd.JK001263-ara1"",""openiti_dv_0377IbnAhmadCasqalani.TanbihWaRadd.Shamela0006537-ara1""]",Same OpenITI work URI; retain versions separately.
dup_openiti_work_0377IbnAhmadJurjani.JuzIbnGhitrif,openiti_work_0377IbnAhmadJurjani.JuzIbnGhitrif,2,"[""openiti_dv_0377IbnAhmadJurjani.JuzIbnGhitrif.JK000646-ara1"",""openiti_dv_0377IbnAhmadJurjani.JuzIbnGhitrif.Shamela0013096-ara1""]",Same OpenITI work URI; retain versions separately.
dup_openiti_work_0377IbnMuhammadShimshati.AnwarWaMahasinAshcar,openiti_work_0377IbnMuhammadShimshati.AnwarWaMahasinAshcar,2,"[""openiti_dv_0377IbnMuhammadShimshati.AnwarWaMahasinAshcar.JK009283-ara1"",""openiti_dv_0377IbnMuhammadShimshati.AnwarWaMahasinAshcar.Shamela0000601-ara1""]",Same OpenITI work URI; retain versions separately.
dup_openiti_work_0378HakimKabir.ShicarAshabHadith,openiti_work_0378HakimKabir.ShicarAshabHadith,3,"[""openiti_dv_0378HakimKabir.ShicarAshabHadith.JK000580-ara1"",""openiti_dv_0378HakimKabir.ShicarAshabHadith.Shamela0013126-ara1"",""openiti_dv_0378HakimKabir.ShicarAshabHadith.Shia002073-ara1""]",Same OpenITI work URI; retain versions separately.
dup_openiti_work_0378IbnSalihQahtani.QasidaNuniyya,openiti_work_0378IbnSalihQahtani.QasidaNuniyya,3,"[""openiti_dv_0378IbnSalihQahtani.QasidaNuniyya.JK001201-ara1"",""openiti_dv_0378IbnSalihQahtani.QasidaNuniyya.ShamAY0033880-ara1"",""openiti_dv_0378IbnSalihQahtani.QasidaNuniyya.Shamela0007533-ara1""]",Same OpenITI work URI; retain versions separately.
dup_openiti_work_0379IbnMuzaffarBazzaz.GharaibHadithMalik,openiti_work_0379IbnMuzaffarBazzaz.GharaibHadithMalik,2,"[""openiti_dv_0379IbnMuzaffarBazzaz.GharaibHadithMalik.JK011554-ara1"",""openiti_dv_0379IbnMuzaffarBazzaz.GharaibHadithMalik.Shamela0008236-ara1""]",Same OpenITI work URI; retain versions separately.
dup_openiti_work_0379IbnMuzaffarBazzaz.Hadith,openiti_work_0379IbnMuzaffarBazzaz.Hadith,2,"[""openiti_dv_0379IbnMuzaffarBazzaz.Hadith.ShamAY0032751-ara1"",""openiti_dv_0379IbnMuzaffarBazzaz.Hadith.Shamela0029739-ara1""]",Same OpenITI work URI; retain versions separately.
dup_openiti_work_0379IbnMuzaffarBazzaz.HadithShucba,openiti_work_0379IbnMuzaffarBazzaz.HadithShucba,2,"[""openiti_dv_0379IbnMuzaffarBazzaz.HadithShucba.JK007105-ara1"",""openiti_dv_0379IbnMuzaffarBazzaz.HadithShucba.Shamela0005732-ara1""]",Same OpenITI work URI; retain versions separately.
dup_openiti_work_0379IbnMuzaffarBazzaz.MuntaqaMinHadithIbnCammar,openiti_work_0379IbnMuzaffarBazzaz.MuntaqaMinHadithIbnCammar,2,"[""openiti_dv_0379IbnMuzaffarBazzaz.MuntaqaMinHadithIbnCammar.Masaha004097Vols-ara1"",""openiti_dv_0379IbnMuzaffarBazzaz.MuntaqaMinHadithIbnCammar.ShamAY0032955-ara1""]",Same OpenITI work URI; retain versions separately.
dup_openiti_work_0379IbnZabrRabci.TarikhMawlidCulama,openiti_work_0379IbnZabrRabci.TarikhMawlidCulama,2,"[""openiti_dv_0379IbnZabrRabci.TarikhMawlidCulama.JK000651-ara1"",""openiti_dv_0379IbnZabrRabci.TarikhMawlidCulama.Shamela0005791-ara1""]",Same OpenITI work URI; retain versions separately.
dup_openiti_work_0379IbnZabrRabci.WasayaCulama,openiti_work_0379IbnZabrRabci.WasayaCulama,2,"[""openiti_dv_0379IbnZabrRabci.WasayaCulama.JK000830-ara1"",""openiti_dv_0379IbnZabrRabci.WasayaCulama.Shamela0013186-ara1""]",Same OpenITI work URI; retain versions separately.
dup_openiti_work_0380AbuBakrKalabadhi.MacaniAkhbar,openiti_work_0380AbuBakrKalabadhi.MacaniAkhbar,4,"[""openiti_dv_0380AbuBakrKalabadhi.MacaniAkhbar.JK009190-ara1"",""openiti_dv_0380AbuBakrKalabadhi.MacaniAkhbar.ShamAY0038055-ara3"",""openiti_dv_0380AbuBakrKalabadhi.MacaniAkhbar.ShamAY0038096-ara2"",""openiti_dv_0380AbuBakrKalabadhi.MacaniAkhbar.Shamela0013084-ara1""]",Same OpenITI work URI; retain versions separately.
dup_openiti_work_0380AbuBakrKalabadhi.TacarrufLiMadhhabAhlTasawwuf,openiti_work_0380AbuBakrKalabadhi.TacarrufLiMadhhabAhlTasawwuf,2,"[""openiti_dv_0380AbuBakrKalabadhi.TacarrufLiMadhhabAhlTasawwuf.JK000347-ara1"",""openiti_dv_0380AbuBakrKalabadhi.TacarrufLiMadhhabAhlTasawwuf.Shamela0006518-ara1""]",Same OpenITI work URI; retain versions separately.
dup_openiti_work_0380IbnCabdRahmanIsbahani.Wadih,openiti_work_0380IbnCabdRahmanIsbahani.Wadih,2,"[""openiti_dv_0380IbnCabdRahmanIsbahani.Wadih.JK010779-ara1"",""openiti_dv_0380IbnCabdRahmanIsbahani.Wadih.Shamela0000779-ara1""]",Same OpenITI work URI; retain versions separately.
dup_openiti_work_0380IbnIbrahimNucmani.Ghayba,openiti_work_0380IbnIbrahimNucmani.Ghayba,3,"[""openiti_dv_0380IbnIbrahimNucmani.Ghayba.Masaha002070-ara1"",""openiti_dv_0380IbnIbrahimNucmani.Ghayba.Shia001281-ara1"",""openiti_dv_0380IbnIbrahimNucmani.Ghayba.Zaydiyya0000198-ara1""]",Same OpenITI work URI; retain versions separately.
dup_openiti_work_0380Khalidiyyan.AshbahWaNazair,openiti_work_0380Khalidiyyan.AshbahWaNazair,2,"[""openiti_dv_0380Khalidiyyan.AshbahWaNazair.JK010747-ara1"",""openiti_dv_0380Khalidiyyan.AshbahWaNazair.Shamela0010806-ara1""]",Same OpenITI work URI; retain versions separately.
dup_openiti_work_0380Muhallabi.MasalikWaMamalik,openiti_work_0380Muhallabi.MasalikWaMamalik,2,"[""openiti_dv_0380Muhallabi.MasalikWaMamalik.Masaha004350-ara1"",""openiti_dv_0380Muhallabi.MasalikWaMamalik.Shamela0011785-ara1""]",Same OpenITI work URI; retain versions separately.
dup_openiti_work_0381IbnBabawayhSaduq.Amali,openiti_work_0381IbnBabawayhSaduq.Amali,2,"[""openiti_dv_0381IbnBabawayhSaduq.Amali.Shia001134-ara1"",""openiti_dv_0381IbnBabawayhSaduq.Amali.Zaydiyya0000114-ara1""]",Same OpenITI work URI; retain versions separately.
dup_openiti_work_0381IbnBabawayhSaduq.CilalSharaic,openiti_work_0381IbnBabawayhSaduq.CilalSharaic,3,"[""openiti_dv_0381IbnBabawayhSaduq.CilalSharaic.Shia001140Vols-ara1"",""openiti_dv_0381IbnBabawayhSaduq.CilalSharaic.Zaydiyya0000192-ara1"",""openiti_dv_0381IbnBabawayhSaduq.CilalSharaic.Zaydiyya0000332-ara1""]",Same OpenITI work URI; retain versions separately.
dup_openiti_work_0381IbnBabawayhSaduq.CuyunAkhbarRida,openiti_work_0381IbnBabawayhSaduq.CuyunAkhbarRida,3,"[""openiti_dv_0381IbnBabawayhSaduq.CuyunAkhbarRida.Masaha002306Vols-ara1"",""openiti_dv_0381IbnBabawayhSaduq.CuyunAkhbarRida.Shia001142Vols-ara1"",""openiti_dv_0381IbnBabawayhSaduq.CuyunAkhbarRida.Zaydiyya0000193-ara1""]",Same OpenITI work URI; retain versions separately.
dup_openiti_work_0381IbnBabawayhSaduq.Hidaya,openiti_work_0381IbnBabawayhSaduq.Hidaya,2,"[""openiti_dv_0381IbnBabawayhSaduq.Hidaya.Masaha000714-ara1"",""openiti_dv_0381IbnBabawayhSaduq.Hidaya.Shia000004-ara1""]",Same OpenITI work URI; retain versions separately.
dup_openiti_work_0381IbnBabawayhSaduq.KamalDin,openiti_work_0381IbnBabawayhSaduq.KamalDin,2,"[""openiti_dv_0381IbnBabawayhSaduq.KamalDin.Masaha002494Vols-ara1"",""openiti_dv_0381IbnBabawayhSaduq.KamalDin.Shia001146-ara1""]",Same OpenITI work URI; retain versions separately.
dup_openiti_work_0381IbnBabawayhSaduq.Khisal,openiti_work_0381IbnBabawayhSaduq.Khisal,3,"[""openiti_dv_0381IbnBabawayhSaduq.Khisal.Masaha004652Vols-ara1"",""openiti_dv_0381IbnBabawayhSaduq.Khisal.Shia001137-ara1"",""openiti_dv_0381IbnBabawayhSaduq.Khisal.Zaydiyya0000128-ara1""]",Same OpenITI work URI; retain versions separately.
dup_openiti_work_0381IbnBabawayhSaduq.ManLaYahduruhuFaqih,openiti_work_0381IbnBabawayhSaduq.ManLaYahduruhuFaqih,2,"[""openiti_dv_0381IbnBabawayhSaduq.ManLaYahduruhuFaqih.Shia001149Vols-ara1"",""openiti_dv_0381IbnBabawayhSaduq.ManLaYahduruhuFaqih.Zaydiyya0000239-ara1""]",Same OpenITI work URI; retain versions separately.
dup_openiti_work_0381IbnCabdRahmanZuhri.Hadith,openiti_work_0381IbnCabdRahmanZuhri.Hadith,2,"[""openiti_dv_0381IbnCabdRahmanZuhri.Hadith.JK011496-ara1"",""openiti_dv_0381IbnCabdRahmanZuhri.Hadith.Shamela0008227-ara1""]",Same OpenITI work URI; retain versions separately.
dup_openiti_work_0381IbnMuqriIsbahani.JuzNafic,openiti_work_0381IbnMuqriIsbahani.JuzNafic,3,"[""openiti_dv_0381IbnMuqriIsbahani.JuzNafic.JK000634-ara1"",""openiti_dv_0381IbnMuqriIsbahani.JuzNafic.Shamela0013103-ara1"",""openiti_dv_0381IbnMuqriIsbahani.JuzNafic.Shia002075-ara1""]",Same OpenITI work URI; retain versions separately.
dup_openiti_work_0381IbnMuqriIsbahani.Mucjam,openiti_work_0381IbnMuqriIsbahani.Mucjam,2,"[""openiti_dv_0381IbnMuqriIsbahani.Mucjam.JK011634-ara1"",""openiti_dv_0381IbnMuqriIsbahani.Mucjam.Shamela0008244-ara1""]",Same OpenITI work URI; retain versions separately.
dup_openiti_work_0381IbnMuqriIsbahani.Rukhsa,openiti_work_0381IbnMuqriIsbahani.Rukhsa,3,"[""openiti_dv_0381IbnMuqriIsbahani.Rukhsa.JK000026-ara1"",""openiti_dv_0381IbnMuqriIsbahani.Rukhsa.Shamela0013021-ara1"",""openiti_dv_0381IbnMuqriIsbahani.Rukhsa.Shia002074-ara1""]",Same OpenITI work URI; retain versions separately.
dup_openiti_work_0381IbnWarraq.CilalNahw,openiti_work_0381IbnWarraq.CilalNahw,2,"[""openiti_dv_0381IbnWarraq.CilalNahw.JK009173-ara1"",""openiti_dv_0381IbnWarraq.CilalNahw.Shamela0007003-ara1""]",Same OpenITI work URI; retain versions separately.
dup_openiti_work_0382IbnCabdAllahCaskari.AkhbarMusahhifin,openiti_work_0382IbnCabdAllahCaskari.AkhbarMusahhifin,4,"[""openiti_dv_0382IbnCabdAllahCaskari.AkhbarMusahhifin.JK000722-ara1"",""openiti_dv_0382IbnCabdAllahCaskari.AkhbarMusahhifin.ShamAY0034669-ara2"",""openiti_dv_0382IbnCabdAllahCaskari.AkhbarMusahhifin.Shamela0006722-ara1"",""openiti_dv_0382IbnCabdAllahCaskari.AkhbarMusahhifin.Shia002076-ara1""]",Same OpenITI work URI; retain versions separately.
dup_openiti_work_0382IbnCabdAllahCaskari.MasunFiAdab,openiti_work_0382IbnCabdAllahCaskari.MasunFiAdab,2,"[""openiti_dv_0382IbnCabdAllahCaskari.MasunFiAdab.JK010726-ara1"",""openiti_dv_0382IbnCabdAllahCaskari.MasunFiAdab.Shamela0005502-ara1""]",Same OpenITI work URI; retain versions separately.
dup_openiti_work_0382IbnCabdAllahCaskari.TashifatMuhaddithin,openiti_work_0382IbnCabdAllahCaskari.TashifatMuhaddithin,3,"[""openiti_dv_0382IbnCabdAllahCaskari.TashifatMuhaddithin.JK000777-ara1"",""openiti_dv_0382IbnCabdAllahCaskari.TashifatMuhaddithin.Shamela0002449-ara1"",""openiti_dv_0382IbnCabdAllahCaskari.TashifatMuhaddithin.Shia002077Vols-ara1""]",Same OpenITI work URI; retain versions separately.
dup_openiti_work_0383IbnHayawayhKhazzaz.Mashyakha,openiti_work_0383IbnHayawayhKhazzaz.Mashyakha,3,"[""openiti_dv_0383IbnHayawayhKhazzaz.Mashyakha.Shamela0029954-ara1"",""openiti_dv_0383IbnHayawayhKhazzaz.Mashyakha.Shamela0029957-ara1"",""openiti_dv_0383IbnHayawayhKhazzaz.Mashyakha.Shamela0029958-ara1""]",Same OpenITI work URI; retain versions separately.
dup_openiti_work_0384AbuHasanRummani.MacaniHuruf,openiti_work_0384AbuHasanRummani.MacaniHuruf,3,"[""openiti_dv_0384AbuHasanRummani.MacaniHuruf.JK001218-ara1"",""openiti_dv_0384AbuHasanRummani.MacaniHuruf.Shamela0005353-ara2"",""openiti_dv_0384AbuHasanRummani.MacaniHuruf.Shamela0006997-ara1""]",Same OpenITI work URI; retain versions separately.
dup_openiti_work_0384AbuHasanRummani.RisalatHudud,openiti_work_0384AbuHasanRummani.RisalatHudud,2,"[""openiti_dv_0384AbuHasanRummani.RisalatHudud.JK006988-ara1"",""openiti_dv_0384AbuHasanRummani.RisalatHudud.Shamela0006981-ara1""]",Same OpenITI work URI; retain versions separately.
dup_openiti_work_0384IbnCimranMarzubani.MucjamShucara,openiti_work_0384IbnCimranMarzubani.MucjamShucara,2,"[""openiti_dv_0384IbnCimranMarzubani.MucjamShucara.JK010275-ara1"",""openiti_dv_0384IbnCimranMarzubani.MucjamShucara.Shamela0026552-ara1""]",Same OpenITI work URI; retain versions separately.
dup_openiti_work_0384MuhassinTanukhi.FarajBacdaShidda,openiti_work_0384MuhassinTanukhi.FarajBacdaShidda,2,"[""openiti_dv_0384MuhassinTanukhi.FarajBacdaShidda.Shamela0012828-ara1"",""openiti_dv_0384MuhassinTanukhi.FarajBacdaShidda.Shia001282Vols-ara1""]",Same OpenITI work URI; retain versions separately.
dup_openiti_work_0384MuhassinTanukhi.Mustajad,openiti_work_0384MuhassinTanukhi.Mustajad,2,"[""openiti_dv_0384MuhassinTanukhi.Mustajad.JK010768-ara1"",""openiti_dv_0384MuhassinTanukhi.Mustajad.Shamela0000768-ara1""]",Same OpenITI work URI; retain versions separately.
dup_openiti_work_0384MuhassinTanukhi.NishwarMuhadara,openiti_work_0384MuhassinTanukhi.NishwarMuhadara,4,"[""openiti_dv_0384MuhassinTanukhi.NishwarMuhadara.JK009297-ara1"",""openiti_dv_0384MuhassinTanukhi.NishwarMuhadara.Masaha002964VolsBK1-ara1"",""openiti_dv_0384MuhassinTanukhi.NishwarMuhadara.ShamAY0033773-ara1"",""openiti_dv_0384MuhassinTanukhi.NishwarMuhadara.Shamela0010275BK1-ara1""]",Same OpenITI work URI; retain versions separately.
dup_openiti_work_0385Daraqutni.Afrad,openiti_work_0385Daraqutni.Afrad,3,"[""openiti_dv_0385Daraqutni.Afrad.ShamAY0033996-ara2"",""openiti_dv_0385Daraqutni.Afrad.ShamAY0038051-ara2"",""openiti_dv_0385Daraqutni.Afrad.Shamela0030609-ara1""]",Same OpenITI work URI; retain versions separately.
dup_openiti_work_0385Daraqutni.AhadithAllatiKhulifaFihaMalikIbnAnas,openiti_work_0385Daraqutni.AhadithAllatiKhulifaFihaMalikIbnAnas,2,"[""openiti_dv_0385Daraqutni.AhadithAllatiKhulifaFihaMalikIbnAnas.JK000928-ara1"",""openiti_dv_0385Daraqutni.AhadithAllatiKhulifaFihaMalikIbnAnas.Shamela0005651-ara1""]",Same OpenITI work URI; retain versions separately.
dup_openiti_work_0385Daraqutni.AhadithMuwatta,openiti_work_0385Daraqutni.AhadithMuwatta,2,"[""openiti_dv_0385Daraqutni.AhadithMuwatta.JK009399-ara1"",""openiti_dv_0385Daraqutni.AhadithMuwatta.Shamela0001518-ara1""]",Same OpenITI work URI; retain versions separately.
dup_openiti_work_0385Daraqutni.CilalWarida,openiti_work_0385Daraqutni.CilalWarida,6,"[""openiti_dv_0385Daraqutni.CilalWarida.JK000522-ara1"",""openiti_dv_0385Daraqutni.CilalWarida.ShamAY0034171-ara3"",""openiti_dv_0385Daraqutni.CilalWarida.ShamAY0034177-ara2"",""openiti_dv_0385Daraqutni.CilalWarida.ShamAY0035209-ara4"",""openiti_dv_0385Daraqutni.CilalWarida.Shamela0009082-ara1"",""openiti_dv_0385Daraqutni.CilalWarida.Shia003117Vols-ara1""]",Same OpenITI work URI; retain versions separately.
dup_openiti_work_0385Daraqutni.DhikrAsmaTabicin,openiti_work_0385Daraqutni.DhikrAsmaTabicin,2,"[""openiti_dv_0385Daraqutni.DhikrAsmaTabicin.JK001323-ara1"",""openiti_dv_0385Daraqutni.DhikrAsmaTabicin.Shamela0005881-ara1""]",Same OpenITI work URI; retain versions separately.
dup_openiti_work_0385Daraqutni.Ducafa,openiti_work_0385Daraqutni.Ducafa,2,"[""openiti_dv_0385Daraqutni.Ducafa.ShamAY0034651-ara2"",""openiti_dv_0385Daraqutni.Ducafa.Shamela0010802-ara1""]",Same OpenITI work URI; retain versions separately.
dup_openiti_work_0385Daraqutni.FadailSahaba,openiti_work_0385Daraqutni.FadailSahaba,2,"[""openiti_dv_0385Daraqutni.FadailSahaba.JK011562-ara1"",""openiti_dv_0385Daraqutni.FadailSahaba.Shamela0008238-ara1""]",Same OpenITI work URI; retain versions separately.
dup_openiti_work_0385Daraqutni.FawaidMuntaqatDhuhli,openiti_work_0385Daraqutni.FawaidMuntaqatDhuhli,2,"[""openiti_dv_0385Daraqutni.FawaidMuntaqatDhuhli.JK000652-ara1"",""openiti_dv_0385Daraqutni.FawaidMuntaqatDhuhli.Shamela0013097-ara1""]",Same OpenITI work URI; retain versions separately.
dup_openiti_work_0385Daraqutni.Nuzul,openiti_work_0385Daraqutni.Nuzul,2,"[""openiti_dv_0385Daraqutni.Nuzul.JK011444-ara2"",""openiti_dv_0385Daraqutni.Nuzul.Shamela0013074-ara1""]",Same OpenITI work URI; retain versions separately.
dup_openiti_work_0385Daraqutni.Ruyat,openiti_work_0385Daraqutni.Ruyat,2,"[""openiti_dv_0385Daraqutni.Ruyat.JK000604-ara1"",""openiti_dv_0385Daraqutni.Ruyat.Shamela0021794-ara1""]",Same OpenITI work URI; retain versions separately.
dup_openiti_work_0385Daraqutni.Sifat,openiti_work_0385Daraqutni.Sifat,3,"[""openiti_dv_0385Daraqutni.Sifat.JK000329-ara1"",""openiti_dv_0385Daraqutni.Sifat.Shamela0011331-ara2"",""openiti_dv_0385Daraqutni.Sifat.Shamela0013038-ara1""]",Same OpenITI work URI; retain versions separately.
dup_openiti_work_0385Daraqutni.SualatHamza,openiti_work_0385Daraqutni.SualatHamza,2,"[""openiti_dv_0385Daraqutni.SualatHamza.JK000529-ara1"",""openiti_dv_0385Daraqutni.SualatHamza.Shia002082-ara1""]",Same OpenITI work URI; retain versions separately.
dup_openiti_work_0385Daraqutni.SualatNaysaburi,openiti_work_0385Daraqutni.SualatNaysaburi,3,"[""openiti_dv_0385Daraqutni.SualatNaysaburi.JK000527-ara1"",""openiti_dv_0385Daraqutni.SualatNaysaburi.Shamela0005950-ara1"",""openiti_dv_0385Daraqutni.SualatNaysaburi.Shia002081-ara1""]",Same OpenITI work URI; retain versions separately.
dup_openiti_work_0385Daraqutni.Sunan,openiti_work_0385Daraqutni.Sunan,4,"[""openiti_dv_0385Daraqutni.Sunan.JK000477-ara1"",""openiti_dv_0385Daraqutni.Sunan.ShamAY0033927-ara1"",""openiti_dv_0385Daraqutni.Sunan.Shamela0009771-ara1"",""openiti_dv_0385Daraqutni.Sunan.Shia002083Vols-ara1""]",Same OpenITI work URI; retain versions separately.
dup_openiti_work_0385IbnNadim.Fihrist,openiti_work_0385IbnNadim.Fihrist,4,"[""openiti_dv_0385IbnNadim.Fihrist.GRAR000030-ara2"",""openiti_dv_0385IbnNadim.Fihrist.JK000557-ara3"",""openiti_dv_0385IbnNadim.Fihrist.Shamela0007642-ara3"",""openiti_dv_0385IbnNadim.Fihrist.Shia003355-ara1""]",Same OpenITI work URI; retain versions separately.
dup_openiti_work_0385IbnShahin.DhikrManIkhtalafaCulama,openiti_work_0385IbnShahin.DhikrManIkhtalafaCulama,4,"[""openiti_dv_0385IbnShahin.DhikrManIkhtalafaCulama.JK000965-ara1"",""openiti_dv_0385IbnShahin.DhikrManIkhtalafaCulama.ShamAY0034153-ara2"",""openiti_dv_0385IbnShahin.DhikrManIkhtalafaCulama.Shamela0005800-ara1"",""openiti_dv_0385IbnShahin.DhikrManIkhtalafaCulama.Shamela0008542-ara1""]",Same OpenITI work URI; retain versions separately.
dup_openiti_work_0385IbnShahin.FadailFatima,openiti_work_0385IbnShahin.FadailFatima,5,"[""openiti_dv_0385IbnShahin.FadailFatima.JK000579-ara1"",""openiti_dv_0385IbnShahin.FadailFatima.ShamAY0033622-ara1"",""openiti_dv_0385IbnShahin.FadailFatima.Shamela0009434-ara1"",""openiti_dv_0385IbnShahin.FadailFatima.Shamela0009449-ara1"",""openiti_dv_0385IbnShahin.FadailFatima.Shia002087-ara1""]",Same OpenITI work URI; retain versions separately.
dup_openiti_work_0385IbnShahin.JuzHadith,openiti_work_0385IbnShahin.JuzHadith,3,"[""openiti_dv_0385IbnShahin.JuzHadith.JK011503-ara1"",""openiti_dv_0385IbnShahin.JuzHadith.Shamela0008226-ara1"",""openiti_dv_0385IbnShahin.JuzHadith.Shamela0026517-ara1""]",Same OpenITI work URI; retain versions separately.
dup_openiti_work_0385IbnShahin.NasikhHadithWaMansukhuh,openiti_work_0385IbnShahin.NasikhHadithWaMansukhuh,3,"[""openiti_dv_0385IbnShahin.NasikhHadithWaMansukhuh.JK000424-ara1"",""openiti_dv_0385IbnShahin.NasikhHadithWaMansukhuh.Shamela0013184-ara1"",""openiti_dv_0385IbnShahin.NasikhHadithWaMansukhuh.Shia002088-ara1""]",Same OpenITI work URI; retain versions separately.
dup_openiti_work_0385IbnShahin.SharhMadhahib,openiti_work_0385IbnShahin.SharhMadhahib,4,"[""openiti_dv_0385IbnShahin.SharhMadhahib.JK001143-ara1"",""openiti_dv_0385IbnShahin.SharhMadhahib.JK009188-ara1"",""openiti_dv_0385IbnShahin.SharhMadhahib.ShamAY0033856-ara1"",""openiti_dv_0385IbnShahin.SharhMadhahib.Shamela0013124-ara1""]",Same OpenITI work URI; retain versions separately.
dup_openiti_work_0385IbnShahin.TarghibFiFadailAcmal,openiti_work_0385IbnShahin.TarghibFiFadailAcmal,2,"[""openiti_dv_0385IbnShahin.TarghibFiFadailAcmal.ShamAY0034002-ara2"",""openiti_dv_0385IbnShahin.TarghibFiFadailAcmal.Shamela0008209-ara1""]",Same OpenITI work URI; retain versions separately.
dup_openiti_work_0385IbnShahin.TarikhAsmaDucafa,openiti_work_0385IbnShahin.TarikhAsmaDucafa,2,"[""openiti_dv_0385IbnShahin.TarikhAsmaDucafa.ShamAY0034152-ara2"",""openiti_dv_0385IbnShahin.TarikhAsmaDucafa.Shamela0011083-ara1""]",Same OpenITI work URI; retain versions separately.
dup_openiti_work_0385IbnShahin.TarikhAsmaThiqat,openiti_work_0385IbnShahin.TarikhAsmaThiqat,4,"[""openiti_dv_0385IbnShahin.TarikhAsmaThiqat.JK000511-ara1"",""openiti_dv_0385IbnShahin.TarikhAsmaThiqat.ShamAY0034151-ara2"",""openiti_dv_0385IbnShahin.TarikhAsmaThiqat.Shamela0005818-ara1"",""openiti_dv_0385IbnShahin.TarikhAsmaThiqat.Shia003116-ara1""]",Same OpenITI work URI; retain versions separately.
dup_openiti_work_0385SahibIbnCabbadTalqani.AmthalSaira,openiti_work_0385SahibIbnCabbadTalqani.AmthalSaira,2,"[""openiti_dv_0385SahibIbnCabbadTalqani.AmthalSaira.ShamAY0034477-ara2"",""openiti_dv_0385SahibIbnCabbadTalqani.AmthalSaira.Shamela0037460-ara1""]",Same OpenITI work URI; retain versions separately.
dup_openiti_work_0385SahibIbnCabbadTalqani.MuhitFiLugha,openiti_work_0385SahibIbnCabbadTalqani.MuhitFiLugha,4,"[""openiti_dv_0385SahibIbnCabbadTalqani.MuhitFiLugha.JK009326-ara1"",""openiti_dv_0385SahibIbnCabbadTalqani.MuhitFiLugha.Masaha003503Vols-ara1"",""openiti_dv_0385SahibIbnCabbadTalqani.MuhitFiLugha.ShamAY0034686-ara1"",""openiti_dv_0385SahibIbnCabbadTalqani.MuhitFiLugha.Shamela0000083-ara1""]",Same OpenITI work URI; retain versions separately.
dup_openiti_work_0385WaWaDimashqi.Diwan,openiti_work_0385WaWaDimashqi.Diwan,2,"[""openiti_dv_0385WaWaDimashqi.Diwan.JK007611-ara1"",""openiti_dv_0385WaWaDimashqi.Diwan.ShamAY0037832-ara1""]",Same OpenITI work URI; retain versions separately.
dup_openiti_work_0386AbuTalibMakki.QutQulub,openiti_work_0386AbuTalibMakki.QutQulub,2,"[""openiti_dv_0386AbuTalibMakki.QutQulub.JK009298-ara1"",""openiti_dv_0386AbuTalibMakki.QutQulub.Shamela0000482-ara1""]",Same OpenITI work URI; retain versions separately.
dup_openiti_work_0386IbnAbiZaydQayrawani.Risala,openiti_work_0386IbnAbiZaydQayrawani.Risala,4,"[""openiti_dv_0386IbnAbiZaydQayrawani.Risala.JK000171-ara1"",""openiti_dv_0386IbnAbiZaydQayrawani.Risala.Shamela0011373-ara1"",""openiti_dv_0386IbnAbiZaydQayrawani.Risala.Shamela0097806-ara1"",""openiti_dv_0386IbnAbiZaydQayrawani.Risala.Shia000903-ara1""]",Same OpenITI work URI; retain versions separately.
dup_openiti_work_0386IbnCumarHarbi.Fawaid,openiti_work_0386IbnCumarHarbi.Fawaid,2,"[""openiti_dv_0386IbnCumarHarbi.Fawaid.ShamAY0032911-ara1"",""openiti_dv_0386IbnCumarHarbi.Fawaid.Shamela0029979-ara1""]",Same OpenITI work URI; retain versions separately.
dup_openiti_work_0386IbnCumarHarbi.FawaidMuntaqa,openiti_work_0386IbnCumarHarbi.FawaidMuntaqa,2,"[""openiti_dv_0386IbnCumarHarbi.FawaidMuntaqa.JK011404-ara1"",""openiti_dv_0386IbnCumarHarbi.FawaidMuntaqa.Shamela0001360-ara1""]",Same OpenITI work URI; retain versions separately.
dup_openiti_work_0386IbnCumarHarbi.Hadith,openiti_work_0386IbnCumarHarbi.Hadith,3,"[""openiti_dv_0386IbnCumarHarbi.Hadith.ShamAY0032931-ara1"",""openiti_dv_0386IbnCumarHarbi.Hadith.ShamAY0032958-ara1"",""openiti_dv_0386IbnCumarHarbi.Hadith.Shamela0029732-ara1""]",Same OpenITI work URI; retain versions separately.
dup_openiti_work_0386IbnCumarHarbi.Harbiyyat,openiti_work_0386IbnCumarHarbi.Harbiyyat,3,"[""openiti_dv_0386IbnCumarHarbi.Harbiyyat.ShamAY0032748-ara1"",""openiti_dv_0386IbnCumarHarbi.Harbiyyat.ShamAY0038082-ara1"",""openiti_dv_0386IbnCumarHarbi.Harbiyyat.Shamela0010494-ara1""]",Same OpenITI work URI; retain versions separately.
dup_openiti_work_0386IbnHasnunMuqri.LughatFiQuran,openiti_work_0386IbnHasnunMuqri.LughatFiQuran,2,"[""openiti_dv_0386IbnHasnunMuqri.LughatFiQuran.JK009253-ara1"",""openiti_dv_0386IbnHasnunMuqri.LughatFiQuran.Shamela0009598-ara1""]",Same OpenITI work URI; retain versions separately.
dup_openiti_work_0387IbnBattaCukbari.IbanaCanSharica,openiti_work_0387IbnBattaCukbari.IbanaCanSharica,3,"[""openiti_dv_0387IbnBattaCukbari.IbanaCanSharica.JK001487-ara1"",""openiti_dv_0387IbnBattaCukbari.IbanaCanSharica.ShamAY0033871-ara2"",""openiti_dv_0387IbnBattaCukbari.IbanaCanSharica.ShamAY0035405-ara3""]",Same OpenITI work URI; retain versions separately.
dup_openiti_work_0387IbnBattaCukbari.IbtalHiyal,openiti_work_0387IbnBattaCukbari.IbtalHiyal,2,"[""openiti_dv_0387IbnBattaCukbari.IbtalHiyal.JK000181-ara1"",""openiti_dv_0387IbnBattaCukbari.IbtalHiyal.Shamela0008257-ara1""]",Same OpenITI work URI; retain versions separately.
dup_openiti_work_0387IbnBattaCukbari.SabcunaFiJihad,openiti_work_0387IbnBattaCukbari.SabcunaFiJihad,2,"[""openiti_dv_0387IbnBattaCukbari.SabcunaFiJihad.JK010195-ara1"",""openiti_dv_0387IbnBattaCukbari.SabcunaFiJihad.Shamela0001582-ara1""]",Same OpenITI work URI; retain versions separately.
dup_openiti_work_0387KatibKhwarizmi.MafatihCulum,openiti_work_0387KatibKhwarizmi.MafatihCulum,2,"[""openiti_dv_0387KatibKhwarizmi.MafatihCulum.JK001148-ara1"",""openiti_dv_0387KatibKhwarizmi.MafatihCulum.Shamela0012077-ara1""]",Same OpenITI work URI; retain versions separately.
dup_openiti_work_0388AbuSulaymanKhattabi.Cuzla,openiti_work_0388AbuSulaymanKhattabi.Cuzla,2,"[""openiti_dv_0388AbuSulaymanKhattabi.Cuzla.JK001213-ara1"",""openiti_dv_0388AbuSulaymanKhattabi.Cuzla.Shamela0013042-ara1""]",Same OpenITI work URI; retain versions separately.
dup_openiti_work_0388AbuSulaymanKhattabi.GharibHadith,openiti_work_0388AbuSulaymanKhattabi.GharibHadith,3,"[""openiti_dv_0388AbuSulaymanKhattabi.GharibHadith.JK000239-ara1"",""openiti_dv_0388AbuSulaymanKhattabi.GharibHadith.ShamAY0032379-ara2"",""openiti_dv_0388AbuSulaymanKhattabi.GharibHadith.Shamela0012042-ara1""]",Same OpenITI work URI; retain versions separately.
dup_openiti_work_0388AbuSulaymanKhattabi.GhunyaCanKalam,openiti_work_0388AbuSulaymanKhattabi.GhunyaCanKalam,2,"[""openiti_dv_0388AbuSulaymanKhattabi.GhunyaCanKalam.JK000361-ara1"",""openiti_dv_0388AbuSulaymanKhattabi.GhunyaCanKalam.ShamAY0033606-ara1""]",Same OpenITI work URI; retain versions separately.
dup_openiti_work_0388AbuSulaymanKhattabi.IslahGhalatMuhaddithin,openiti_work_0388AbuSulaymanKhattabi.IslahGhalatMuhaddithin,3,"[""openiti_dv_0388AbuSulaymanKhattabi.IslahGhalatMuhaddithin.JK006918-ara1"",""openiti_dv_0388AbuSulaymanKhattabi.IslahGhalatMuhaddithin.Shamela0006923-ara1"",""openiti_dv_0388AbuSulaymanKhattabi.IslahGhalatMuhaddithin.Shia002089-ara1""]",Same OpenITI work URI; retain versions separately.
dup_openiti_work_0388IbnBukayrSayrafi.FadailTasmiyya,openiti_work_0388IbnBukayrSayrafi.FadailTasmiyya,3,"[""openiti_dv_0388IbnBukayrSayrafi.FadailTasmiyya.JK000569-ara1"",""openiti_dv_0388IbnBukayrSayrafi.FadailTasmiyya.Shamela0013135-ara1"",""openiti_dv_0388IbnBukayrSayrafi.FadailTasmiyya.Shia002090-ara1""]",Same OpenITI work URI; retain versions separately.
dup_openiti_work_0388IbnHasanHatimi.RisalaWadiha,openiti_work_0388IbnHasanHatimi.RisalaWadiha,2,"[""openiti_dv_0388IbnHasanHatimi.RisalaWadiha.JK010777-ara1"",""openiti_dv_0388IbnHasanHatimi.RisalaWadiha.Shamela0000777-ara1""]",Same OpenITI work URI; retain versions separately.
dup_openiti_work_0388Shabushti.Diyarat,openiti_work_0388Shabushti.Diyarat,3,"[""openiti_dv_0388Shabushti.Diyarat.JK010589-ara1"",""openiti_dv_0388Shabushti.Diyarat.LAL2023060101-ara2"",""openiti_dv_0388Shabushti.Diyarat.Shamela0000589-ara1""]",Same OpenITI work URI; retain versions separately.
dup_openiti_work_0390IbnCabdAllahCaskari.HaththCalaTalabCilm,openiti_work_0390IbnCabdAllahCaskari.HaththCalaTalabCilm,2,"[""openiti_dv_0390IbnCabdAllahCaskari.HaththCalaTalabCilm.JK001096-ara1"",""openiti_dv_0390IbnCabdAllahCaskari.HaththCalaTalabCilm.Shamela0006861-ara1""]",Same OpenITI work URI; retain versions separately.
dup_openiti_work_0390IbnZakariyaNahrawani.JalisSalih,openiti_work_0390IbnZakariyaNahrawani.JalisSalih,2,"[""openiti_dv_0390IbnZakariyaNahrawani.JalisSalih.JK010552-ara1"",""openiti_dv_0390IbnZakariyaNahrawani.JalisSalih.Shamela0007301-ara1""]",Same OpenITI work URI; retain versions separately.
dup_openiti_work_0390Muqaddasi.AhsanTaqasim,openiti_work_0390Muqaddasi.AhsanTaqasim,6,"[""openiti_dv_0390Muqaddasi.AhsanTaqasim.JK000413-ara2"",""openiti_dv_0390Muqaddasi.AhsanTaqasim.MSG20191024-ara1"",""openiti_dv_0390Muqaddasi.AhsanTaqasim.MSG20230908-ara1"",""openiti_dv_0390Muqaddasi.AhsanTaqasim.Masaha004475-ara1"",""openiti_dv_0390Muqaddasi.AhsanTaqasim.ShamAY0033807-ara2"",""openiti_dv_0390Muqaddasi.AhsanTaqasim.Shamela0023696-ara1""]",Same OpenITI work URI; retain versions separately.
dup_openiti_work_0392IbnCabdCazizJurjani.Wisata,openiti_work_0392IbnCabdCazizJurjani.Wisata,2,"[""openiti_dv_0392IbnCabdCazizJurjani.Wisata.JK010638-ara1"",""openiti_dv_0392IbnCabdCazizJurjani.Wisata.Shamela0000489-ara1""]",Same OpenITI work URI; retain versions separately.
dup_openiti_work_0392IbnJinniMawsili.AlfazMahmuza,openiti_work_0392IbnJinniMawsili.AlfazMahmuza,2,"[""openiti_dv_0392IbnJinniMawsili.AlfazMahmuza.JK001497-ara1"",""openiti_dv_0392IbnJinniMawsili.AlfazMahmuza.Shamela0006979-ara1""]",Same OpenITI work URI; retain versions separately.
dup_openiti_work_0392IbnJinniMawsili.Carud,openiti_work_0392IbnJinniMawsili.Carud,2,"[""openiti_dv_0392IbnJinniMawsili.Carud.JK000956-ara1"",""openiti_dv_0392IbnJinniMawsili.Carud.Shamela0006917-ara1""]",Same OpenITI work URI; retain versions separately.
dup_openiti_work_0392IbnJinniMawsili.CilalTathniya,openiti_work_0392IbnJinniMawsili.CilalTathniya,2,"[""openiti_dv_0392IbnJinniMawsili.CilalTathniya.JK001272-ara1"",""openiti_dv_0392IbnJinniMawsili.CilalTathniya.Shamela0006995-ara1""]",Same OpenITI work URI; retain versions separately.
dup_openiti_work_0392IbnJinniMawsili.CuqudHamz,openiti_work_0392IbnJinniMawsili.CuqudHamz,2,"[""openiti_dv_0392IbnJinniMawsili.CuqudHamz.JK006987-ara1"",""openiti_dv_0392IbnJinniMawsili.CuqudHamz.Shamela0006994-ara1""]",Same OpenITI work URI; retain versions separately.
dup_openiti_work_0392IbnJinniMawsili.Khasais,openiti_work_0392IbnJinniMawsili.Khasais,2,"[""openiti_dv_0392IbnJinniMawsili.Khasais.JK001302-ara1"",""openiti_dv_0392IbnJinniMawsili.Khasais.Shamela0009986-ara1""]",Same OpenITI work URI; retain versions separately.
dup_openiti_work_0392IbnJinniMawsili.LumacFiCarabiyya,openiti_work_0392IbnJinniMawsili.LumacFiCarabiyya,2,"[""openiti_dv_0392IbnJinniMawsili.LumacFiCarabiyya.JK001134-ara1"",""openiti_dv_0392IbnJinniMawsili.LumacFiCarabiyya.Shamela0006987-ara1""]",Same OpenITI work URI; retain versions separately.
dup_openiti_work_0392IbnJinniMawsili.MubhijFiTafsirAsmaShucara,openiti_work_0392IbnJinniMawsili.MubhijFiTafsirAsmaShucara,2,"[""openiti_dv_0392IbnJinniMawsili.MubhijFiTafsirAsmaShucara.JK010614-ara1"",""openiti_dv_0392IbnJinniMawsili.MubhijFiTafsirAsmaShucara.Shamela0009244-ara1""]",Same OpenITI work URI; retain versions separately.
dup_openiti_work_0392IbnJinniMawsili.SirrSinacatIcrab,openiti_work_0392IbnJinniMawsili.SirrSinacatIcrab,3,"[""openiti_dv_0392IbnJinniMawsili.SirrSinacatIcrab.JK001326-ara1"",""openiti_dv_0392IbnJinniMawsili.SirrSinacatIcrab.ShamAY0034702-ara1"",""openiti_dv_0392IbnJinniMawsili.SirrSinacatIcrab.Shamela0012017-ara1""]",Same OpenITI work URI; retain versions separately.
dup_openiti_work_0392IbnJinniMawsili.TamamFiTafsirAshcarHudhayl,openiti_work_0392IbnJinniMawsili.TamamFiTafsirAshcarHudhayl,3,"[""openiti_dv_0392IbnJinniMawsili.TamamFiTafsirAshcarHudhayl.JK010668-ara1"",""openiti_dv_0392IbnJinniMawsili.TamamFiTafsirAshcarHudhayl.ShamAY0031951-ara1"",""openiti_dv_0392IbnJinniMawsili.TamamFiTafsirAshcarHudhayl.Shamela0000668-ara1""]",Same OpenITI work URI; retain versions separately.
dup_openiti_work_0393AbuTahirMukhallis.SabcatMajalis,openiti_work_0393AbuTahirMukhallis.SabcatMajalis,2,"[""openiti_dv_0393AbuTahirMukhallis.SabcatMajalis.Shamela0008233-ara1"",""openiti_dv_0393AbuTahirMukhallis.SabcatMajalis.Shamela0009107BK5-ara1""]",Same OpenITI work URI; retain versions separately.
dup_openiti_work_0393IbnHammadJawhari.SihahTajLugha,openiti_work_0393IbnHammadJawhari.SihahTajLugha,3,"[""openiti_dv_0393IbnHammadJawhari.SihahTajLugha.Masaha000955Vols-ara1"",""openiti_dv_0393IbnHammadJawhari.SihahTajLugha.Shamela0023235-ara1"",""openiti_dv_0393IbnHammadJawhari.SihahTajLugha.Shia003906Vols-ara1""]",Same OpenITI work URI; retain versions separately.
dup_openiti_work_0393IbnWakicTinnisi.MunsifLiSariq,openiti_work_0393IbnWakicTinnisi.MunsifLiSariq,2,"[""openiti_dv_0393IbnWakicTinnisi.MunsifLiSariq.JK010776-ara1"",""openiti_dv_0393IbnWakicTinnisi.MunsifLiSariq.Shamela0031373-ara1""]",Same OpenITI work URI; retain versions separately.
dup_openiti_work_0395AbuHilalCaskari.Awail,openiti_work_0395AbuHilalCaskari.Awail,2,"[""openiti_dv_0395AbuHilalCaskari.Awail.JK010370-ara1"",""openiti_dv_0395AbuHilalCaskari.Awail.Shamela0010529-ara1""]",Same OpenITI work URI; retain versions separately.
dup_openiti_work_0395AbuHilalCaskari.DiwanMacani,openiti_work_0395AbuHilalCaskari.DiwanMacani,2,"[""openiti_dv_0395AbuHilalCaskari.DiwanMacani.JK006921-ara1"",""openiti_dv_0395AbuHilalCaskari.DiwanMacani.Shamela0006909-ara1""]",Same OpenITI work URI; retain versions separately.
dup_openiti_work_0395AbuHilalCaskari.FuruqLughawiyya,openiti_work_0395AbuHilalCaskari.FuruqLughawiyya,5,"[""openiti_dv_0395AbuHilalCaskari.FuruqLughawiyya.JK006960-ara1"",""openiti_dv_0395AbuHilalCaskari.FuruqLughawiyya.Masaha004742-ara1"",""openiti_dv_0395AbuHilalCaskari.FuruqLughawiyya.Shamela0001736-ara1"",""openiti_dv_0395AbuHilalCaskari.FuruqLughawiyya.Shamela0010414-ara1"",""openiti_dv_0395AbuHilalCaskari.FuruqLughawiyya.Shia003912-ara1""]",Same OpenITI work URI; retain versions separately.
dup_openiti_work_0395AbuHilalCaskari.JamharatAmthal,openiti_work_0395AbuHilalCaskari.JamharatAmthal,3,"[""openiti_dv_0395AbuHilalCaskari.JamharatAmthal.JK000972-ara1"",""openiti_dv_0395AbuHilalCaskari.JamharatAmthal.JK010560-ara1"",""openiti_dv_0395AbuHilalCaskari.JamharatAmthal.Shamela0006897-ara1""]",Same OpenITI work URI; retain versions separately.
dup_openiti_work_0395AbuHilalCaskari.Sinacatayn,openiti_work_0395AbuHilalCaskari.Sinacatayn,2,"[""openiti_dv_0395AbuHilalCaskari.Sinacatayn.JK006910-ara1"",""openiti_dv_0395AbuHilalCaskari.Sinacatayn.Shamela0023787-ara1""]",Same OpenITI work URI; retain versions separately.
dup_openiti_work_0395IbnFarisQazwini.Ittibac,openiti_work_0395IbnFarisQazwini.Ittibac,2,"[""openiti_dv_0395IbnFarisQazwini.Ittibac.JK009165-ara1"",""openiti_dv_0395IbnFarisQazwini.Ittibac.Shamela0006933-ara1""]",Same OpenITI work URI; retain versions separately.
dup_openiti_work_0395IbnFarisQazwini.MucjamMaqayis,openiti_work_0395IbnFarisQazwini.MucjamMaqayis,4,"[""openiti_dv_0395IbnFarisQazwini.MucjamMaqayis.JK008008-ara1"",""openiti_dv_0395IbnFarisQazwini.MucjamMaqayis.Masaha003703Vols-ara1"",""openiti_dv_0395IbnFarisQazwini.MucjamMaqayis.Shamela0021710-ara1"",""openiti_dv_0395IbnFarisQazwini.MucjamMaqayis.Shia003913Vols-ara1""]",Same OpenITI work URI; retain versions separately.
dup_openiti_work_0395IbnFarisQazwini.Sahibi,openiti_work_0395IbnFarisQazwini.Sahibi,2,"[""openiti_dv_0395IbnFarisQazwini.Sahibi.JK010092-ara1"",""openiti_dv_0395IbnFarisQazwini.Sahibi.Shamela0009977-ara1""]",Same OpenITI work URI; retain versions separately.
dup_openiti_work_0395IbnMandaMuhammad.Amali,openiti_work_0395IbnMandaMuhammad.Amali,3,"[""openiti_dv_0395IbnMandaMuhammad.Amali.Shamela0021663-ara1"",""openiti_dv_0395IbnMandaMuhammad.Amali.Shamela0029737-ara1"",""openiti_dv_0395IbnMandaMuhammad.Amali.Shamela0030769-ara1""]",Same OpenITI work URI; retain versions separately.
dup_openiti_work_0395IbnMandaMuhammad.FathBab,openiti_work_0395IbnMandaMuhammad.FathBab,2,"[""openiti_dv_0395IbnMandaMuhammad.FathBab.JK007024-ara1"",""openiti_dv_0395IbnMandaMuhammad.FathBab.Shamela0005813-ara1""]",Same OpenITI work URI; retain versions separately.
dup_openiti_work_0395IbnMandaMuhammad.Fawaid,openiti_work_0395IbnMandaMuhammad.Fawaid,2,"[""openiti_dv_0395IbnMandaMuhammad.Fawaid.JK000587-ara1"",""openiti_dv_0395IbnMandaMuhammad.Fawaid.Shamela0009347-ara1""]",Same OpenITI work URI; retain versions separately.
dup_openiti_work_0395IbnMandaMuhammad.Iman,openiti_work_0395IbnMandaMuhammad.Iman,2,"[""openiti_dv_0395IbnMandaMuhammad.Iman.JK000384-ara1"",""openiti_dv_0395IbnMandaMuhammad.Iman.Shamela0013005-ara1""]",Same OpenITI work URI; retain versions separately.
dup_openiti_work_0395IbnMandaMuhammad.MusnadIbnAdham,openiti_work_0395IbnMandaMuhammad.MusnadIbnAdham,3,"[""openiti_dv_0395IbnMandaMuhammad.MusnadIbnAdham.JK000570-ara1"",""openiti_dv_0395IbnMandaMuhammad.MusnadIbnAdham.Shamela0013153-ara1"",""openiti_dv_0395IbnMandaMuhammad.MusnadIbnAdham.Shia002091-ara1""]",Same OpenITI work URI; retain versions separately.
dup_openiti_work_0395IbnMandaMuhammad.RaddCalaJahmiyya,openiti_work_0395IbnMandaMuhammad.RaddCalaJahmiyya,3,"[""openiti_dv_0395IbnMandaMuhammad.RaddCalaJahmiyya.JK000248-ara1"",""openiti_dv_0395IbnMandaMuhammad.RaddCalaJahmiyya.Shamela0003976-ara1"",""openiti_dv_0395IbnMandaMuhammad.RaddCalaJahmiyya.Shamela0013022-ara1""]",Same OpenITI work URI; retain versions separately.
dup_openiti_work_0395IbnMandaMuhammad.RisalaFiFadlAkhbar,openiti_work_0395IbnMandaMuhammad.RisalaFiFadlAkhbar,2,"[""openiti_dv_0395IbnMandaMuhammad.RisalaFiFadlAkhbar.JK000714-ara1"",""openiti_dv_0395IbnMandaMuhammad.RisalaFiFadlAkhbar.Shamela0006015-ara1""]",Same OpenITI work URI; retain versions separately.
dup_openiti_work_0395IbnMandaMuhammad.Tawhid,openiti_work_0395IbnMandaMuhammad.Tawhid,2,"[""openiti_dv_0395IbnMandaMuhammad.Tawhid.JK011329-ara1"",""openiti_dv_0395IbnMandaMuhammad.Tawhid.Shamela0008210-ara1""]",Same OpenITI work URI; retain versions separately.
dup_openiti_work_0398AbuNasrKalabadhi.HidayaWaIrshad,openiti_work_0398AbuNasrKalabadhi.HidayaWaIrshad,2,"[""openiti_dv_0398AbuNasrKalabadhi.HidayaWaIrshad.JK000689-ara1"",""openiti_dv_0398AbuNasrKalabadhi.HidayaWaIrshad.Shamela0010902-ara1""]",Same OpenITI work URI; retain versions separately.
dup_openiti_work_0398BadicZamanHamadhani.Diwan,openiti_work_0398BadicZamanHamadhani.Diwan,2,"[""openiti_dv_0398BadicZamanHamadhani.Diwan.JK007612-ara1"",""openiti_dv_0398BadicZamanHamadhani.Diwan.ShamAY0037929-ara1""]",Same OpenITI work URI; retain versions separately.
dup_openiti_work_0398BadicZamanHamadhani.Maqamat,openiti_work_0398BadicZamanHamadhani.Maqamat,3,"[""openiti_dv_0398BadicZamanHamadhani.Maqamat.JK009269-ara1"",""openiti_dv_0398BadicZamanHamadhani.Maqamat.ShamAY0033792-ara1"",""openiti_dv_0398BadicZamanHamadhani.Maqamat.Shamela0028113-ara1""]",Same OpenITI work URI; retain versions separately.
dup_openiti_work_0398IbnHarunDabbi.Amali,openiti_work_0398IbnHarunDabbi.Amali,2,"[""openiti_dv_0398IbnHarunDabbi.Amali.ShamAY0032899-ara1"",""openiti_dv_0398IbnHarunDabbi.Amali.ShamAY0032900-ara1""]",Same OpenITI work URI; retain versions separately.
dup_openiti_work_0399IbnAbiZamanaynIlbiri.RiyadJanna,openiti_work_0399IbnAbiZamanaynIlbiri.RiyadJanna,2,"[""openiti_dv_0399IbnAbiZamanaynIlbiri.RiyadJanna.JK009194-ara1"",""openiti_dv_0399IbnAbiZamanaynIlbiri.RiyadJanna.Shamela0009698-ara1""]",Same OpenITI work URI; retain versions separately.
dup_openiti_work_0399IbnAbiZamanaynIlbiri.Tafsir,openiti_work_0399IbnAbiZamanaynIlbiri.Tafsir,4,"[""openiti_dv_0399IbnAbiZamanaynIlbiri.Tafsir.JK007095-ara1"",""openiti_dv_0399IbnAbiZamanaynIlbiri.Tafsir.Shamela0002154-ara1"",""openiti_dv_0399IbnAbiZamanaynIlbiri.Tafsir.Shia002520Vols-ara1"",""openiti_dv_0399IbnAbiZamanaynIlbiri.Tafsir.Tafsir02104-ara1""]",Same OpenITI work URI; retain versions separately.
dup_openiti_work_0400AbuMajdalus.SharhAmana,openiti_work_0400AbuMajdalus.SharhAmana,2,"[""openiti_dv_0400AbuMajdalus.SharhAmana.Tertullian002-ara1"",""openiti_dv_0400AbuMajdalus.SharhAmana.Tertullian004-ara1""]",Same OpenITI work URI; retain versions separately.
dup_openiti_work_0400IbnCamashliqJacfari.JuzIbnCamashliq,openiti_work_0400IbnCamashliqJacfari.JuzIbnCamashliq,3,"[""openiti_dv_0400IbnCamashliqJacfari.JuzIbnCamashliq.JK000589-ara1"",""openiti_dv_0400IbnCamashliqJacfari.JuzIbnCamashliq.Shamela0005660-ara1"",""openiti_dv_0400IbnCamashliqJacfari.JuzIbnCamashliq.Shia002092-ara1""]",Same OpenITI work URI; retain versions separately.
dup_openiti_work_0400IbnHusaynYamani.MudahatAmthal,openiti_work_0400IbnHusaynYamani.MudahatAmthal,2,"[""openiti_dv_0400IbnHusaynYamani.MudahatAmthal.JK009361-ara1"",""openiti_dv_0400IbnHusaynYamani.MudahatAmthal.Shamela0000674-ara1""]",Same OpenITI work URI; retain versions separately.
dup_openiti_work_0400IbnJarirTabariSaghir.Mustarshid,openiti_work_0400IbnJarirTabariSaghir.Mustarshid,2,"[""openiti_dv_0400IbnJarirTabariSaghir.Mustarshid.Masaha002862-ara1"",""openiti_dv_0400IbnJarirTabariSaghir.Mustarshid.Shia001285-ara1""]",Same OpenITI work URI; retain versions separately.
dup_openiti_work_0400IbnJarirTabariSaghir.NawadirMucjizat,openiti_work_0400IbnJarirTabariSaghir.NawadirMucjizat,2,"[""openiti_dv_0400IbnJarirTabariSaghir.NawadirMucjizat.Masaha003034-ara1"",""openiti_dv_0400IbnJarirTabariSaghir.NawadirMucjizat.Shia001287-ara1""]",Same OpenITI work URI; retain versions separately.
dup_openiti_work_0400IbnMuhammadBusti.QasidatCunwanHukm,openiti_work_0400IbnMuhammadBusti.QasidatCunwanHukm,2,"[""openiti_dv_0400IbnMuhammadBusti.QasidatCunwanHukm.JK000037-ara1"",""openiti_dv_0400IbnMuhammadBusti.QasidatCunwanHukm.Shamela0006873-ara1""]",Same OpenITI work URI; retain versions separately.
dup_openiti_work_0400IbnMuhammadKhazzaz.KifayatAthar,openiti_work_0400IbnMuhammadKhazzaz.KifayatAthar,2,"[""openiti_dv_0400IbnMuhammadKhazzaz.KifayatAthar.Masaha002493-ara1"",""openiti_dv_0400IbnMuhammadKhazzaz.KifayatAthar.Shia001154-ara1""]",Same OpenITI work URI; retain versions separately.
dup_openiti_work_0400IbnTahirMaqdisi.BadWaTarikh,openiti_work_0400IbnTahirMaqdisi.BadWaTarikh,2,"[""openiti_dv_0400IbnTahirMaqdisi.BadWaTarikh.JK001289-ara1"",""openiti_dv_0400IbnTahirMaqdisi.BadWaTarikh.Shamela0012318-ara1""]",Same OpenITI work URI; retain versions separately.
dup_openiti_work_0400IshaqMunajjim.AkamMarjan,openiti_work_0400IshaqMunajjim.AkamMarjan,2,"[""openiti_dv_0400IshaqMunajjim.AkamMarjan.Masaha004478-ara1"",""openiti_dv_0400IshaqMunajjim.AkamMarjan.Shamela0011568-ara1""]",Same OpenITI work URI; retain versions separately.
dup_openiti_work_0401IbnAyyashJawhari.MuqtadabAthar,openiti_work_0401IbnAyyashJawhari.MuqtadabAthar,2,"[""openiti_dv_0401IbnAyyashJawhari.MuqtadabAthar.Masaha003308-ara1"",""openiti_dv_0401IbnAyyashJawhari.MuqtadabAthar.Shia001289-ara1""]",Same OpenITI work URI; retain versions separately.
dup_openiti_work_0402MuhammadSaydawi.MucjamShuyukh,openiti_work_0402MuhammadSaydawi.MucjamShuyukh,2,"[""openiti_dv_0402MuhammadSaydawi.MucjamShuyukh.JK000667-ara1"",""openiti_dv_0402MuhammadSaydawi.MucjamShuyukh.Shamela0013177-ara1""]",Same OpenITI work URI; retain versions separately.
dup_openiti_work_0403AbuBakrBaqillani.IcjazQuran,openiti_work_0403AbuBakrBaqillani.IcjazQuran,4,"[""openiti_dv_0403AbuBakrBaqillani.IcjazQuran.JK001020-ara1"",""openiti_dv_0403AbuBakrBaqillani.IcjazQuran.Rafed0003267-ara1"",""openiti_dv_0403AbuBakrBaqillani.IcjazQuran.Shamela0000953-ara1"",""openiti_dv_0403AbuBakrBaqillani.IcjazQuran.Shia002525-ara1""]",Same OpenITI work URI; retain versions separately.
dup_openiti_work_0403AbuBakrBaqillani.Insaf,openiti_work_0403AbuBakrBaqillani.Insaf,3,"[""openiti_dv_0403AbuBakrBaqillani.Insaf.JK009220-ara1"",""openiti_dv_0403AbuBakrBaqillani.Insaf.JK010425-ara1"",""openiti_dv_0403AbuBakrBaqillani.Insaf.ShamAY0035407-ara1""]",Same OpenITI work URI; retain versions separately.
dup_openiti_work_0403AbuBakrBaqillani.TamhidAwail,openiti_work_0403AbuBakrBaqillani.TamhidAwail,3,"[""openiti_dv_0403AbuBakrBaqillani.TamhidAwail.JK001262-ara1"",""openiti_dv_0403AbuBakrBaqillani.TamhidAwail.Shamela0006389-ara1"",""openiti_dv_0403AbuBakrBaqillani.TamhidAwail.Shia002526-ara1""]",Same OpenITI work URI; retain versions separately.
dup_openiti_work_0403IbnFaradi.TarikhCulamaAndalus,openiti_work_0403IbnFaradi.TarikhCulamaAndalus,2,"[""openiti_dv_0403IbnFaradi.TarikhCulamaAndalus.JK001462-ara1"",""openiti_dv_0403IbnFaradi.TarikhCulamaAndalus.Shamela0030743-ara1""]",Same OpenITI work URI; retain versions separately.
dup_openiti_work_0403IbnZanjala.HujjatQiraat,openiti_work_0403IbnZanjala.HujjatQiraat,2,"[""openiti_dv_0403IbnZanjala.HujjatQiraat.JK000875-ara1"",""openiti_dv_0403IbnZanjala.HujjatQiraat.Shamela0005531-ara1""]",Same OpenITI work URI; retain versions separately.
dup_openiti_work_0405AbuFadlHarawi.MucjamFiMushtabah,openiti_work_0405AbuFadlHarawi.MucjamFiMushtabah,2,"[""openiti_dv_0405AbuFadlHarawi.MucjamFiMushtabah.JK000867-ara1"",""openiti_dv_0405AbuFadlHarawi.MucjamFiMushtabah.Shamela0005804-ara1""]",Same OpenITI work URI; retain versions separately.
dup_openiti_work_0405CabdKarimNahshaliQayrawani.Mumtic,openiti_work_0405CabdKarimNahshaliQayrawani.Mumtic,2,"[""openiti_dv_0405CabdKarimNahshaliQayrawani.Mumtic.Sham19Y0014786-ara1"",""openiti_dv_0405CabdKarimNahshaliQayrawani.Mumtic.ShamAY0032088-ara1""]",Same OpenITI work URI; retain versions separately.
dup_openiti_work_0405HakimNaysaburi.MacrifatCulumHadith,openiti_work_0405HakimNaysaburi.MacrifatCulumHadith,4,"[""openiti_dv_0405HakimNaysaburi.MacrifatCulumHadith.JK000108-ara1"",""openiti_dv_0405HakimNaysaburi.MacrifatCulumHadith.ShamAY0034041-ara1"",""openiti_dv_0405HakimNaysaburi.MacrifatCulumHadith.Shamela0013179-ara1"",""openiti_dv_0405HakimNaysaburi.MacrifatCulumHadith.Shia002093-ara1""]",Same OpenITI work URI; retain versions separately.
dup_openiti_work_0405HakimNaysaburi.MadkhalIlaIklil,openiti_work_0405HakimNaysaburi.MadkhalIlaIklil,2,"[""openiti_dv_0405HakimNaysaburi.MadkhalIlaIklil.JK000804-ara1"",""openiti_dv_0405HakimNaysaburi.MadkhalIlaIklil.Shamela0005997-ara1""]",Same OpenITI work URI; retain versions separately.
dup_openiti_work_0405HakimNaysaburi.MadkhalIlaSahih,openiti_work_0405HakimNaysaburi.MadkhalIlaSahih,3,"[""openiti_dv_0405HakimNaysaburi.MadkhalIlaSahih.JK000719-ara1"",""openiti_dv_0405HakimNaysaburi.MadkhalIlaSahih.ShamAY0034014-ara1"",""openiti_dv_0405HakimNaysaburi.MadkhalIlaSahih.Shamela0006027-ara1""]",Same OpenITI work URI; retain versions separately.
dup_openiti_work_0405HakimNaysaburi.Mustadrak,openiti_work_0405HakimNaysaburi.Mustadrak,5,"[""openiti_dv_0405HakimNaysaburi.Mustadrak.JK000467-ara1"",""openiti_dv_0405HakimNaysaburi.Mustadrak.ShamAY0033941-ara3"",""openiti_dv_0405HakimNaysaburi.Mustadrak.ShamAY0033945-ara4"",""openiti_dv_0405HakimNaysaburi.Mustadrak.Shamela0002266-ara1"",""openiti_dv_0405HakimNaysaburi.Mustadrak.Shia001750Vols-ara1""]",Same OpenITI work URI; retain versions separately.
dup_openiti_work_0405HakimNaysaburi.Sualat,openiti_work_0405HakimNaysaburi.Sualat,3,"[""openiti_dv_0405HakimNaysaburi.Sualat.ShamAY0034162-ara1"",""openiti_dv_0405HakimNaysaburi.Sualat.ShamAY0034163-ara1"",""openiti_dv_0405HakimNaysaburi.Sualat.Shamela0000535-ara1""]",Same OpenITI work URI; retain versions separately.
dup_openiti_work_0405HakimNaysaburi.TasmiyatManAkhrajahum,openiti_work_0405HakimNaysaburi.TasmiyatManAkhrajahum,2,"[""openiti_dv_0405HakimNaysaburi.TasmiyatManAkhrajahum.JK000759-ara1"",""openiti_dv_0405HakimNaysaburi.TasmiyatManAkhrajahum.Shamela0005853-ara1""]",Same OpenITI work URI; retain versions separately.
dup_openiti_work_0406IbnFurakIsbahani.MushkilHadith,openiti_work_0406IbnFurakIsbahani.MushkilHadith,2,"[""openiti_dv_0406IbnFurakIsbahani.MushkilHadith.JK001187-ara1"",""openiti_dv_0406IbnFurakIsbahani.MushkilHadith.Shamela0005899-ara1""]",Same OpenITI work URI; retain versions separately.
dup_openiti_work_0406IbnHabibNaysaburi.CuqalaMajanin,openiti_work_0406IbnHabibNaysaburi.CuqalaMajanin,2,"[""openiti_dv_0406IbnHabibNaysaburi.CuqalaMajanin.JK010625-ara1"",""openiti_dv_0406IbnHabibNaysaburi.CuqalaMajanin.Shamela0001593-ara1""]",Same OpenITI work URI; retain versions separately.
dup_openiti_work_0406SharifRadi.Diwan,openiti_work_0406SharifRadi.Diwan,3,"[""openiti_dv_0406SharifRadi.Diwan.JK007608-ara1"",""openiti_dv_0406SharifRadi.Diwan.Masaha003399Vols-ara1"",""openiti_dv_0406SharifRadi.Diwan.ShamAY0037890-ara1""]",Same OpenITI work URI; retain versions separately.
dup_openiti_work_0406SharifRadi.NahjBalagha,openiti_work_0406SharifRadi.NahjBalagha,3,"[""openiti_dv_0406SharifRadi.NahjBalagha.Shia20200618-ara1"",""openiti_dv_0406SharifRadi.NahjBalagha.Zaydiyya0000009-ara2"",""openiti_dv_0406SharifRadi.NahjBalagha.Zaydiyya0000212-ara3""]",Same OpenITI work URI; retain versions separately.
dup_openiti_work_0409CabdGhaniAzdi.Awham,openiti_work_0409CabdGhaniAzdi.Awham,2,"[""openiti_dv_0409CabdGhaniAzdi.Awham.JK000683-ara1"",""openiti_dv_0409CabdGhaniAzdi.Awham.Shamela0013004-ara1""]",Same OpenITI work URI; retain versions separately.
dup_openiti_work_0409CabdGhaniAzdi.Mutawarin,openiti_work_0409CabdGhaniAzdi.Mutawarin,3,"[""openiti_dv_0409CabdGhaniAzdi.Mutawarin.JK000395-ara1"",""openiti_dv_0409CabdGhaniAzdi.Mutawarin.Shamela0001139-ara1"",""openiti_dv_0409CabdGhaniAzdi.Mutawarin.Shia003486-ara1""]",Same OpenITI work URI; retain versions separately.
dup_openiti_work_0410CabdWahidTamimi.IctiqadIbnHanbal,openiti_work_0410CabdWahidTamimi.IctiqadIbnHanbal,2,"[""openiti_dv_0410CabdWahidTamimi.IctiqadIbnHanbal.JK000200-ara1"",""openiti_dv_0410CabdWahidTamimi.IctiqadIbnHanbal.ShamAY0033902-ara1""]",Same OpenITI work URI; retain versions separately.
dup_openiti_work_0410IbnMardawayh.Majalis,openiti_work_0410IbnMardawayh.Majalis,5,"[""openiti_dv_0410IbnMardawayh.Majalis.JK000859-ara1"",""openiti_dv_0410IbnMardawayh.Majalis.JK011266-ara1"",""openiti_dv_0410IbnMardawayh.Majalis.ShamAY0038153-ara1"",""openiti_dv_0410IbnMardawayh.Majalis.Shamela0008275-ara1"",""openiti_dv_0410IbnMardawayh.Majalis.Shamela0026497-ara1""]",Same OpenITI work URI; retain versions separately.
dup_openiti_work_0410IbnMardawayh.ManaqibCali,openiti_work_0410IbnMardawayh.ManaqibCali,2,"[""openiti_dv_0410IbnMardawayh.ManaqibCali.Masaha003294-ara1"",""openiti_dv_0410IbnMardawayh.ManaqibCali.Shia003429-ara1""]",Same OpenITI work URI; retain versions separately.
dup_openiti_work_0410IbnSalamaBaghdadi.NasikhWaMansukh,openiti_work_0410IbnSalamaBaghdadi.NasikhWaMansukh,2,"[""openiti_dv_0410IbnSalamaBaghdadi.NasikhWaMansukh.JK000444-ara1"",""openiti_dv_0410IbnSalamaBaghdadi.NasikhWaMansukh.Shamela0005515-ara1""]",Same OpenITI work URI; retain versions separately.
dup_openiti_work_0411MuayyadAhmad.Tajrid,openiti_work_0411MuayyadAhmad.Tajrid,2,"[""openiti_dv_0411MuayyadAhmad.Tajrid.Zaydiyya0000068-ara1"",""openiti_dv_0411MuayyadAhmad.Tajrid.Zaydiyya0000267-ara1""]",Same OpenITI work URI; retain versions separately.
dup_openiti_work_0412Sulami.AdabSuhba,openiti_work_0412Sulami.AdabSuhba,2,"[""openiti_dv_0412Sulami.AdabSuhba.JK000838-ara1"",""openiti_dv_0412Sulami.AdabSuhba.Shamela0012982-ara1""]",Same OpenITI work URI; retain versions separately.
dup_openiti_work_0412Sulami.CuyubNafs,openiti_work_0412Sulami.CuyubNafs,2,"[""openiti_dv_0412Sulami.CuyubNafs.JK000833-ara1"",""openiti_dv_0412Sulami.CuyubNafs.Shamela0006786-ara1""]",Same OpenITI work URI; retain versions separately.
dup_openiti_work_0412Sulami.DhikrNiswaMutacabbidat,openiti_work_0412Sulami.DhikrNiswaMutacabbidat,2,"[""openiti_dv_0412Sulami.DhikrNiswaMutacabbidat.JK001243BK2-ara1"",""openiti_dv_0412Sulami.DhikrNiswaMutacabbidat.Shamela0006686BK2-ara1""]",Same OpenITI work URI; retain versions separately.
dup_openiti_work_0412Sulami.Majlis,openiti_work_0412Sulami.Majlis,2,"[""openiti_dv_0412Sulami.Majlis.ShamAY0033640-ara1"",""openiti_dv_0412Sulami.Majlis.Shamela0030142-ara1""]",Same OpenITI work URI; retain versions separately.
dup_openiti_work_0412Sulami.TabaqatSufiyya,openiti_work_0412Sulami.TabaqatSufiyya,3,"[""openiti_dv_0412Sulami.TabaqatSufiyya.JK001243BK1-ara1"",""openiti_dv_0412Sulami.TabaqatSufiyya.JK009213-ara1"",""openiti_dv_0412Sulami.TabaqatSufiyya.Shamela0006686BK1-ara1""]",Same OpenITI work URI; retain versions separately.
dup_openiti_work_0412Sulami.Tafsir,openiti_work_0412Sulami.Tafsir,4,"[""openiti_dv_0412Sulami.Tafsir.JK007094-ara1"",""openiti_dv_0412Sulami.Tafsir.ShamAY0034058-ara1"",""openiti_dv_0412Sulami.Tafsir.Shia002527Vols-ara1"",""openiti_dv_0412Sulami.Tafsir.Tafsir03030-ara1""]",Same OpenITI work URI; retain versions separately.
dup_openiti_work_0412Sulami.Wasiyya,openiti_work_0412Sulami.Wasiyya,2,"[""openiti_dv_0412Sulami.Wasiyya.JK008002-ara1"",""openiti_dv_0412Sulami.Wasiyya.Shamela0006890-ara1""]",Same OpenITI work URI; retain versions separately.
dup_openiti_work_0413AbuIshaqHusri.JamcJawahir,openiti_work_0413AbuIshaqHusri.JamcJawahir,2,"[""openiti_dv_0413AbuIshaqHusri.JamcJawahir.JK010621-ara1"",""openiti_dv_0413AbuIshaqHusri.JamcJawahir.Shamela0000621-ara1""]",Same OpenITI work URI; retain versions separately.
dup_openiti_work_0413AbuIshaqHusri.ZahrAdab,openiti_work_0413AbuIshaqHusri.ZahrAdab,3,"[""openiti_dv_0413AbuIshaqHusri.ZahrAdab.JK009230-ara1"",""openiti_dv_0413AbuIshaqHusri.ZahrAdab.ShamAY0033784-ara1"",""openiti_dv_0413AbuIshaqHusri.ZahrAdab.Shamela0010768-ara1""]",Same OpenITI work URI; retain versions separately.
dup_openiti_work_0413ShaykhMufid.AhkamNisa,openiti_work_0413ShaykhMufid.AhkamNisa,2,"[""openiti_dv_0413ShaykhMufid.AhkamNisa.Masaha000974-ara1"",""openiti_dv_0413ShaykhMufid.AhkamNisa.Shia000005-ara1""]",Same OpenITI work URI; retain versions separately.
dup_openiti_work_0413ShaykhMufid.Ashraf,openiti_work_0413ShaykhMufid.Ashraf,3,"[""openiti_dv_0413ShaykhMufid.Ashraf.Masaha000976-ara1"",""openiti_dv_0413ShaykhMufid.Ashraf.Shia001296-ara1"",""openiti_dv_0413ShaykhMufid.Ashraf.Zaydiyya0000307-ara1""]",Same OpenITI work URI; retain versions separately.
dup_openiti_work_0413ShaykhMufid.AwailMaqalat,openiti_work_0413ShaykhMufid.AwailMaqalat,3,"[""openiti_dv_0413ShaykhMufid.AwailMaqalat.Masaha000188-ara1"",""openiti_dv_0413ShaykhMufid.AwailMaqalat.Shia001292-ara1"",""openiti_dv_0413ShaykhMufid.AwailMaqalat.Zaydiyya0000323-ara1""]",Same OpenITI work URI; retain versions separately.
dup_openiti_work_0413ShaykhMufid.Cawis,openiti_work_0413ShaykhMufid.Cawis,2,"[""openiti_dv_0413ShaykhMufid.Cawis.Masaha000981-ara1"",""openiti_dv_0413ShaykhMufid.Cawis.Shia000006-ara1""]",Same OpenITI work URI; retain versions separately.
dup_openiti_work_0413ShaykhMufid.FusulCashara,openiti_work_0413ShaykhMufid.FusulCashara,2,"[""openiti_dv_0413ShaykhMufid.FusulCashara.Shia001302-ara1"",""openiti_dv_0413ShaykhMufid.FusulCashara.Zaydiyya0000318-ara1""]",Same OpenITI work URI; retain versions separately.
dup_openiti_work_0413ShaykhMufid.FusulMukhtara,openiti_work_0413ShaykhMufid.FusulMukhtara,2,"[""openiti_dv_0413ShaykhMufid.FusulMukhtara.Shia001303-ara1"",""openiti_dv_0413ShaykhMufid.FusulMukhtara.Zaydiyya0000319-ara1""]",Same OpenITI work URI; retain versions separately.
dup_openiti_work_0413ShaykhMufid.Hikayat,openiti_work_0413ShaykhMufid.Hikayat,3,"[""openiti_dv_0413ShaykhMufid.Hikayat.Masaha004544-ara1"",""openiti_dv_0413ShaykhMufid.Hikayat.Shia001301-ara1"",""openiti_dv_0413ShaykhMufid.Hikayat.Zaydiyya0000317-ara1""]",Same OpenITI work URI; retain versions separately.
dup_openiti_work_0413ShaykhMufid.Iclam,openiti_work_0413ShaykhMufid.Iclam,3,"[""openiti_dv_0413ShaykhMufid.Iclam.Masaha000977-ara1"",""openiti_dv_0413ShaykhMufid.Iclam.Shia001297-ara1"",""openiti_dv_0413ShaykhMufid.Iclam.Zaydiyya0000309-ara1""]",Same OpenITI work URI; retain versions separately.
dup_openiti_work_0413ShaykhMufid.Ifsah,openiti_work_0413ShaykhMufid.Ifsah,3,"[""openiti_dv_0413ShaykhMufid.Ifsah.Masaha000147-ara1"",""openiti_dv_0413ShaykhMufid.Ifsah.Shia001298-ara1"",""openiti_dv_0413ShaykhMufid.Ifsah.Zaydiyya0000316-ara1""]",Same OpenITI work URI; retain versions separately.
dup_openiti_work_0413ShaykhMufid.Ikhtisas,openiti_work_0413ShaykhMufid.Ikhtisas,2,"[""openiti_dv_0413ShaykhMufid.Ikhtisas.Shia001300-ara1"",""openiti_dv_0413ShaykhMufid.Ikhtisas.Zaydiyya0000321-ara1""]",Same OpenITI work URI; retain versions separately.
dup_openiti_work_0413ShaykhMufid.ImanAbiTalib,openiti_work_0413ShaykhMufid.ImanAbiTalib,2,"[""openiti_dv_0413ShaykhMufid.ImanAbiTalib.Shia001293-ara1"",""openiti_dv_0413ShaykhMufid.ImanAbiTalib.Zaydiyya0000324-ara1""]",Same OpenITI work URI; retain versions separately.
dup_openiti_work_0413ShaykhMufid.Irshad,openiti_work_0413ShaykhMufid.Irshad,3,"[""openiti_dv_0413ShaykhMufid.Irshad.Masaha001842Vols-ara1"",""openiti_dv_0413ShaykhMufid.Irshad.Shia001294Vols-ara1"",""openiti_dv_0413ShaykhMufid.Irshad.Zaydiyya0000306-ara1""]",Same OpenITI work URI; retain versions separately.
dup_openiti_work_0413ShaykhMufid.JawabatAhlMawsil,openiti_work_0413ShaykhMufid.JawabatAhlMawsil,2,"[""openiti_dv_0413ShaykhMufid.JawabatAhlMawsil.Masaha000980-ara1"",""openiti_dv_0413ShaykhMufid.JawabatAhlMawsil.Shia000012-ara1""]",Same OpenITI work URI; retain versions separately.
dup_openiti_work_0413ShaykhMufid.Kafia,openiti_work_0413ShaykhMufid.Kafia,2,"[""openiti_dv_0413ShaykhMufid.Kafia.Masaha004761-ara1"",""openiti_dv_0413ShaykhMufid.Kafia.Shia001304-ara1""]",Same OpenITI work URI; retain versions separately.
dup_openiti_work_0413ShaykhMufid.MasailCukbariyya,openiti_work_0413ShaykhMufid.MasailCukbariyya,2,"[""openiti_dv_0413ShaykhMufid.MasailCukbariyya.Shia001307-ara1"",""openiti_dv_0413ShaykhMufid.MasailCukbariyya.Zaydiyya0000322-ara1""]",Same OpenITI work URI; retain versions separately.
dup_openiti_work_0413ShaykhMufid.MasailJarudiyya,openiti_work_0413ShaykhMufid.MasailJarudiyya,2,"[""openiti_dv_0413ShaykhMufid.MasailJarudiyya.Shia001306-ara1"",""openiti_dv_0413ShaykhMufid.MasailJarudiyya.Zaydiyya0000305-ara1""]",Same OpenITI work URI; retain versions separately.
dup_openiti_work_0413ShaykhMufid.MasarShica,openiti_work_0413ShaykhMufid.MasarShica,4,"[""openiti_dv_0413ShaykhMufid.MasarShica.Shia001324-ara1"",""openiti_dv_0413ShaykhMufid.MasarShica.Shia001325-ara1"",""openiti_dv_0413ShaykhMufid.MasarShica.Zaydiyya0000326-ara1"",""openiti_dv_0413ShaykhMufid.MasarShica.Zaydiyya0000327-ara1""]",Same OpenITI work URI; retain versions separately.
dup_openiti_work_0413ShaykhMufid.MashCalaRijlayn,openiti_work_0413ShaykhMufid.MashCalaRijlayn,2,"[""openiti_dv_0413ShaykhMufid.MashCalaRijlayn.Masaha000988-ara1"",""openiti_dv_0413ShaykhMufid.MashCalaRijlayn.Shia000010-ara1""]",Same OpenITI work URI; retain versions separately.
dup_openiti_work_0413ShaykhMufid.Mazar,openiti_work_0413ShaykhMufid.Mazar,3,"[""openiti_dv_0413ShaykhMufid.Mazar.Masaha000699Vols-ara1"",""openiti_dv_0413ShaykhMufid.Mazar.Shia001305-ara1"",""openiti_dv_0413ShaykhMufid.Mazar.Zaydiyya0000320-ara1""]",Same OpenITI work URI; retain versions separately.
dup_openiti_work_0413ShaykhMufid.Muqnica,openiti_work_0413ShaykhMufid.Muqnica,2,"[""openiti_dv_0413ShaykhMufid.Muqnica.Masaha000989-ara1"",""openiti_dv_0413ShaykhMufid.Muqnica.Shia000011-ara1""]",Same OpenITI work URI; retain versions separately.
dup_openiti_work_0413ShaykhMufid.NukatIctiqadiyya,openiti_work_0413ShaykhMufid.NukatIctiqadiyya,2,"[""openiti_dv_0413ShaykhMufid.NukatIctiqadiyya.Shia001308-ara1"",""openiti_dv_0413ShaykhMufid.NukatIctiqadiyya.Zaydiyya0000308-ara1""]",Same OpenITI work URI; retain versions separately.
dup_openiti_work_0413ShaykhMufid.RisalatMutca,openiti_work_0413ShaykhMufid.RisalatMutca,2,"[""openiti_dv_0413ShaykhMufid.RisalatMutca.Masaha000983-ara1"",""openiti_dv_0413ShaykhMufid.RisalatMutca.Shia000015-ara1""]",Same OpenITI work URI; retain versions separately.
dup_openiti_work_0413ShaykhMufid.TashihIctiqadat,openiti_work_0413ShaykhMufid.TashihIctiqadat,2,"[""openiti_dv_0413ShaykhMufid.TashihIctiqadat.Shia001310-ara1"",""openiti_dv_0413ShaykhMufid.TashihIctiqadat.Zaydiyya0000325-ara1""]",Same OpenITI work URI; retain versions separately.
dup_openiti_work_0414AbuHayyanTawhidi.AkhlaqWazirayn,openiti_work_0414AbuHayyanTawhidi.AkhlaqWazirayn,2,"[""openiti_dv_0414AbuHayyanTawhidi.AkhlaqWazirayn.JK009310-ara2"",""openiti_dv_0414AbuHayyanTawhidi.AkhlaqWazirayn.Shamela0012541-ara1""]",Same OpenITI work URI; retain versions separately.
dup_openiti_work_0414AbuHayyanTawhidi.Basair,openiti_work_0414AbuHayyanTawhidi.Basair,2,"[""openiti_dv_0414AbuHayyanTawhidi.Basair.JK009288-ara1"",""openiti_dv_0414AbuHayyanTawhidi.Basair.Shamela0026423-ara1""]",Same OpenITI work URI; retain versions separately.
dup_openiti_work_0414AbuHayyanTawhidi.Imtac,openiti_work_0414AbuHayyanTawhidi.Imtac,3,"[""openiti_dv_0414AbuHayyanTawhidi.Imtac.JK009314-ara2"",""openiti_dv_0414AbuHayyanTawhidi.Imtac.ShamAY0033777-ara2"",""openiti_dv_0414AbuHayyanTawhidi.Imtac.Shamela0010521-ara1""]",Same OpenITI work URI; retain versions separately.
dup_openiti_work_0414AbuHayyanTawhidi.Sadaqa,openiti_work_0414AbuHayyanTawhidi.Sadaqa,2,"[""openiti_dv_0414AbuHayyanTawhidi.Sadaqa.JK010611-ara1"",""openiti_dv_0414AbuHayyanTawhidi.Sadaqa.Shamela0011485-ara1""]",Same OpenITI work URI; retain versions separately.
dup_openiti_work_0414AbuQasimRazi.Fawaid,openiti_work_0414AbuQasimRazi.Fawaid,2,"[""openiti_dv_0414AbuQasimRazi.Fawaid.JK000624-ara1"",""openiti_dv_0414AbuQasimRazi.Fawaid.Shamela0013147-ara1""]",Same OpenITI work URI; retain versions separately.
dup_openiti_work_0414AbuQasimRazi.MusnadMuqallin,openiti_work_0414AbuQasimRazi.MusnadMuqallin,3,"[""openiti_dv_0414AbuQasimRazi.MusnadMuqallin.JK000738-ara1"",""openiti_dv_0414AbuQasimRazi.MusnadMuqallin.Shamela0013164-ara1"",""openiti_dv_0414AbuQasimRazi.MusnadMuqallin.Shia002095-ara1""]",Same OpenITI work URI; retain versions separately.
dup_openiti_work_0414AbuSacidNaqqash.FawaidCiraqiyyin,openiti_work_0414AbuSacidNaqqash.FawaidCiraqiyyin,3,"[""openiti_dv_0414AbuSacidNaqqash.FawaidCiraqiyyin.JK000600-ara1"",""openiti_dv_0414AbuSacidNaqqash.FawaidCiraqiyyin.Shamela0013146-ara1"",""openiti_dv_0414AbuSacidNaqqash.FawaidCiraqiyyin.Shia002094-ara1""]",Same OpenITI work URI; retain versions separately.
dup_openiti_work_0414AbuSacidNaqqash.FununCajaib,openiti_work_0414AbuSacidNaqqash.FununCajaib,2,"[""openiti_dv_0414AbuSacidNaqqash.FununCajaib.JK009216-ara1"",""openiti_dv_0414AbuSacidNaqqash.FununCajaib.Shamela0009754-ara1""]",Same OpenITI work URI; retain versions separately.
dup_openiti_work_0414AbuSacidNaqqash.Majalis,openiti_work_0414AbuSacidNaqqash.Majalis,2,"[""openiti_dv_0414AbuSacidNaqqash.Majalis.Shamela0021702-ara1"",""openiti_dv_0414AbuSacidNaqqash.Majalis.Shamela0029747-ara1""]",Same OpenITI work URI; retain versions separately.
dup_openiti_work_0415CaliIbnBishranUmawi.Amali,openiti_work_0415CaliIbnBishranUmawi.Amali,3,"[""openiti_dv_0415CaliIbnBishranUmawi.Amali.ShamAY0038034-ara1"",""openiti_dv_0415CaliIbnBishranUmawi.Amali.Shamela0026562-ara1"",""openiti_dv_0415CaliIbnBishranUmawi.Amali.Shamela0030399-ara1""]",Same OpenITI work URI; retain versions separately.
dup_openiti_work_0415CaliIbnBishranUmawi.Fawaid,openiti_work_0415CaliIbnBishranUmawi.Fawaid,2,"[""openiti_dv_0415CaliIbnBishranUmawi.Fawaid.ShamAY0032879-ara1"",""openiti_dv_0415CaliIbnBishranUmawi.Fawaid.Shamela0009383-ara1""]",Same OpenITI work URI; retain versions separately.
dup_openiti_work_0415QadiCabdJabbar.TanzihQuran,openiti_work_0415QadiCabdJabbar.TanzihQuran,2,"[""openiti_dv_0415QadiCabdJabbar.TanzihQuran.ShamAY0034106-ara1"",""openiti_dv_0415QadiCabdJabbar.TanzihQuran.ShamAY0036757-ara1""]",Same OpenITI work URI; retain versions separately.
dup_openiti_work_0415QadiCabdJabbar.TathbitDalailNubuwwa,openiti_work_0415QadiCabdJabbar.TathbitDalailNubuwwa,2,"[""openiti_dv_0415QadiCabdJabbar.TathbitDalailNubuwwa.Masaha001985Vols-ara1"",""openiti_dv_0415QadiCabdJabbar.TathbitDalailNubuwwa.Shamela0009789-ara1""]",Same OpenITI work URI; retain versions separately.
dup_openiti_work_0416CaliIbnMuhammadTihami.Diwan,openiti_work_0416CaliIbnMuhammadTihami.Diwan,2,"[""openiti_dv_0416CaliIbnMuhammadTihami.Diwan.JK007623-ara1"",""openiti_dv_0416CaliIbnMuhammadTihami.Diwan.ShamAY0037899-ara1""]",Same OpenITI work URI; retain versions separately.
dup_openiti_work_0418HibatAllahLalikai.KaramatAwliya,openiti_work_0418HibatAllahLalikai.KaramatAwliya,2,"[""openiti_dv_0418HibatAllahLalikai.KaramatAwliya.JK000326-ara1"",""openiti_dv_0418HibatAllahLalikai.KaramatAwliya.Shamela0013150-ara1""]",Same OpenITI work URI; retain versions separately.
dup_openiti_work_0418HibatAllahLalikai.SharhUsulIctiqad,openiti_work_0418HibatAllahLalikai.SharhUsulIctiqad,2,"[""openiti_dv_0418HibatAllahLalikai.SharhUsulIctiqad.JK000764-ara1"",""openiti_dv_0418HibatAllahLalikai.SharhUsulIctiqad.Shamela0009200-ara1""]",Same OpenITI work URI; retain versions separately.
dup_openiti_work_0418WazirMaghribi.AdabKhawass,openiti_work_0418WazirMaghribi.AdabKhawass,2,"[""openiti_dv_0418WazirMaghribi.AdabKhawass.JK010667-ara1"",""openiti_dv_0418WazirMaghribi.AdabKhawass.Shamela0012392-ara1""]",Same OpenITI work URI; retain versions separately.
dup_openiti_work_0418WazirMaghribi.Inas,openiti_work_0418WazirMaghribi.Inas,2,"[""openiti_dv_0418WazirMaghribi.Inas.JK010492-ara1"",""openiti_dv_0418WazirMaghribi.Inas.Shamela0000492-ara1""]",Same OpenITI work URI; retain versions separately.
dup_openiti_work_0418WazirMaghribi.Siyasa,openiti_work_0418WazirMaghribi.Siyasa,2,"[""openiti_dv_0418WazirMaghribi.Siyasa.JK001314-ara1"",""openiti_dv_0418WazirMaghribi.Siyasa.Shamela0007229-ara1""]",Same OpenITI work URI; retain versions separately.
dup_openiti_work_0420IbnHasanTabib.Tashbihat,openiti_work_0420IbnHasanTabib.Tashbihat,2,"[""openiti_dv_0420IbnHasanTabib.Tashbihat.JK011024-ara1"",""openiti_dv_0420IbnHasanTabib.Tashbihat.Shamela0001024-ara1""]",Same OpenITI work URI; retain versions separately.
dup_openiti_work_0420Musabbihi.AkhbarMisr,openiti_work_0420Musabbihi.AkhbarMisr,3,"[""openiti_dv_0420Musabbihi.AkhbarMisr.Kraken210223142004-ara1"",""openiti_dv_0420Musabbihi.AkhbarMisr.Kraken210719221409-ara1"",""openiti_dv_0420Musabbihi.AkhbarMisr.MAB07012022-ara1""]",Same OpenITI work URI; retain versions separately.
dup_openiti_work_0421AbuSacdAbi.NathrDurr,openiti_work_0421AbuSacdAbi.NathrDurr,2,"[""openiti_dv_0421AbuSacdAbi.NathrDurr.JK009302-ara1"",""openiti_dv_0421AbuSacdAbi.NathrDurr.Shamela0007853-ara1""]",Same OpenITI work URI; retain versions separately.
dup_openiti_work_0421IbnDarrajQastali.Diwan,openiti_work_0421IbnDarrajQastali.Diwan,2,"[""openiti_dv_0421IbnDarrajQastali.Diwan.JK007566-ara1"",""openiti_dv_0421IbnDarrajQastali.Diwan.ShamAY0037866-ara1""]",Same OpenITI work URI; retain versions separately.
dup_openiti_work_0421IbnMuhammadMarzuqi.AmaliMarzuqi,openiti_work_0421IbnMuhammadMarzuqi.AmaliMarzuqi,2,"[""openiti_dv_0421IbnMuhammadMarzuqi.AmaliMarzuqi.JK010722-ara1"",""openiti_dv_0421IbnMuhammadMarzuqi.AmaliMarzuqi.Shamela0000722-ara1""]",Same OpenITI work URI; retain versions separately.
dup_openiti_work_0421IbnMuhammadMarzuqi.AzminaWaAmkina,openiti_work_0421IbnMuhammadMarzuqi.AzminaWaAmkina,3,"[""openiti_dv_0421IbnMuhammadMarzuqi.AzminaWaAmkina.JK010461-ara1"",""openiti_dv_0421IbnMuhammadMarzuqi.AzminaWaAmkina.Masaha004122-ara1"",""openiti_dv_0421IbnMuhammadMarzuqi.AzminaWaAmkina.Shamela0011469-ara1""]",Same OpenITI work URI; retain versions separately.
dup_openiti_work_0421IbnMuhammadMarzuqi.SharhDiwanHamasa,openiti_work_0421IbnMuhammadMarzuqi.SharhDiwanHamasa,2,"[""openiti_dv_0421IbnMuhammadMarzuqi.SharhDiwanHamasa.JK010521-ara1"",""openiti_dv_0421IbnMuhammadMarzuqi.SharhDiwanHamasa.Shamela0026536-ara1""]",Same OpenITI work URI; retain versions separately.
dup_openiti_work_0421Miskawayh.HawamilWaShawamil,openiti_work_0421Miskawayh.HawamilWaShawamil,3,"[""openiti_dv_0421Miskawayh.HawamilWaShawamil.JK009255-ara1"",""openiti_dv_0421Miskawayh.HawamilWaShawamil.LAL2019100801-ara2"",""openiti_dv_0421Miskawayh.HawamilWaShawamil.Shamela0004135-ara1""]",Same OpenITI work URI; retain versions separately.
dup_openiti_work_0421Miskawayh.TahdhibAkhlaq,openiti_work_0421Miskawayh.TahdhibAkhlaq,2,"[""openiti_dv_0421Miskawayh.TahdhibAkhlaq.JK010252-ara1"",""openiti_dv_0421Miskawayh.TahdhibAkhlaq.Shamela0012720-ara1""]",Same OpenITI work URI; retain versions separately.
dup_openiti_work_0422QadiCabdWahhabThaclabi.TalqinFiFiqh,openiti_work_0422QadiCabdWahhabThaclabi.TalqinFiFiqh,2,"[""openiti_dv_0422QadiCabdWahhabThaclabi.TalqinFiFiqh.JK000120-ara1"",""openiti_dv_0422QadiCabdWahhabThaclabi.TalqinFiFiqh.Shamela0007262-ara1""]",Same OpenITI work URI; retain versions separately.
dup_openiti_work_0423AbuQasimHurfi.Fawaid,openiti_work_0423AbuQasimHurfi.Fawaid,2,"[""openiti_dv_0423AbuQasimHurfi.Fawaid.Shamela0026533-ara1"",""openiti_dv_0423AbuQasimHurfi.Fawaid.Shamela0026584-ara1""]",Same OpenITI work URI; retain versions separately.
dup_openiti_work_0424AbuTalibYahyaHaruni.Tahrir,openiti_work_0424AbuTalibYahyaHaruni.Tahrir,2,"[""openiti_dv_0424AbuTalibYahyaHaruni.Tahrir.Zaydiyya0000069-ara1"",""openiti_dv_0424AbuTalibYahyaHaruni.Tahrir.Zaydiyya0000232-ara1""]",Same OpenITI work URI; retain versions separately.
dup_openiti_work_0425RaqiqQayrawani.QutbSurur,openiti_work_0425RaqiqQayrawani.QutbSurur,2,"[""openiti_dv_0425RaqiqQayrawani.QutbSurur.JK010672-ara1"",""openiti_dv_0425RaqiqQayrawani.QutbSurur.Shamela0000672-ara1""]",Same OpenITI work URI; retain versions separately.
dup_openiti_work_0425RaqiqQayrawani.TarikhIfriqiya,openiti_work_0425RaqiqQayrawani.TarikhIfriqiya,2,"[""openiti_dv_0425RaqiqQayrawani.TarikhIfriqiya.Masaha004657-ara1"",""openiti_dv_0425RaqiqQayrawani.TarikhIfriqiya.Rafed0002215-ara1""]",Same OpenITI work URI; retain versions separately.
dup_openiti_work_0426IbnAhmadIbnShadhan.MashyakhaSughra,openiti_work_0426IbnAhmadIbnShadhan.MashyakhaSughra,2,"[""openiti_dv_0426IbnAhmadIbnShadhan.MashyakhaSughra.JK001230-ara1"",""openiti_dv_0426IbnAhmadIbnShadhan.MashyakhaSughra.Shamela0005723-ara1""]",Same OpenITI work URI; retain versions separately.
dup_openiti_work_0426IbnMuhammadBarqani.SualatLiDaraqutni,openiti_work_0426IbnMuhammadBarqani.SualatLiDaraqutni,5,"[""openiti_dv_0426IbnMuhammadBarqani.SualatLiDaraqutni.JK000506-ara1"",""openiti_dv_0426IbnMuhammadBarqani.SualatLiDaraqutni.ShamAY0034158-ara1"",""openiti_dv_0426IbnMuhammadBarqani.SualatLiDaraqutni.Shamela0001060-ara2"",""openiti_dv_0426IbnMuhammadBarqani.SualatLiDaraqutni.Shamela0011237-ara1"",""openiti_dv_0426IbnMuhammadBarqani.SualatLiDaraqutni.Shia002080-ara2""]",Same OpenITI work URI; retain versions separately.
dup_openiti_work_0426IbnShuhaydAshjaci.Diwan,openiti_work_0426IbnShuhaydAshjaci.Diwan,2,"[""openiti_dv_0426IbnShuhaydAshjaci.Diwan.JK007570-ara1"",""openiti_dv_0426IbnShuhaydAshjaci.Diwan.ShamAY0037873-ara1""]",Same OpenITI work URI; retain versions separately.
dup_openiti_work_0426IbnShuhaydAshjaci.TawabicWaZawabic,openiti_work_0426IbnShuhaydAshjaci.TawabicWaZawabic,2,"[""openiti_dv_0426IbnShuhaydAshjaci.TawabicWaZawabic.JK010545-ara1"",""openiti_dv_0426IbnShuhaydAshjaci.TawabicWaZawabic.Shamela0012858-ara1""]",Same OpenITI work URI; retain versions separately.
dup_openiti_work_0427AbuIshaqThaclabi.KashfWaBayan,openiti_work_0427AbuIshaqThaclabi.KashfWaBayan,7,"[""openiti_dv_0427AbuIshaqThaclabi.KashfWaBayan.JK000449-ara1"",""openiti_dv_0427AbuIshaqThaclabi.KashfWaBayan.JK007093-ara1"",""openiti_dv_0427AbuIshaqThaclabi.KashfWaBayan.Rafed0001643Vols-ara1"",""openiti_dv_0427AbuIshaqThaclabi.KashfWaBayan.Sham19Y0018686-ara1"",""openiti_dv_0427AbuIshaqThaclabi.KashfWaBayan.Shamela0023578-ara1"",""openiti_dv_0427AbuIshaqThaclabi.KashfWaBayan.Shia002529Vols-ara1"",""openiti_dv_0427AbuIshaqThaclabi.KashfWaBayan.Tafsir02075-ara1""]",Same OpenITI work URI; retain versions separately.
dup_openiti_work_0427Sahmi.Sualat,openiti_work_0427Sahmi.Sualat,2,"[""openiti_dv_0427Sahmi.Sualat.ShamAY0034166-ara1"",""openiti_dv_0427Sahmi.Sualat.Shamela0002491-ara1""]",Same OpenITI work URI; retain versions separately.
dup_openiti_work_0427Sahmi.TarikhJurjan,openiti_work_0427Sahmi.TarikhJurjan,4,"[""openiti_dv_0427Sahmi.TarikhJurjan.JK000496BK1-ara1"",""openiti_dv_0427Sahmi.TarikhJurjan.Masaha004497BK1-ara1"",""openiti_dv_0427Sahmi.TarikhJurjan.Shamela0011077BK1-ara1"",""openiti_dv_0427Sahmi.TarikhJurjan.Shia003487BK1-ara1""]",Same OpenITI work URI; retain versions separately.
dup_openiti_work_0428IbnManjuwayhIsbahani.RijalSahihMuslim,openiti_work_0428IbnManjuwayhIsbahani.RijalSahihMuslim,2,"[""openiti_dv_0428IbnManjuwayhIsbahani.RijalSahihMuslim.JK000670-ara1"",""openiti_dv_0428IbnManjuwayhIsbahani.RijalSahihMuslim.Shamela0005860-ara1""]",Same OpenITI work URI; retain versions separately.
dup_openiti_work_0428IbnSina.IsharatWaTanbihat,openiti_work_0428IbnSina.IsharatWaTanbihat,2,"[""openiti_dv_0428IbnSina.IsharatWaTanbihat.JK001037BK1-ara1"",""openiti_dv_0428IbnSina.IsharatWaTanbihat.Shamela0006534BK1-ara1""]",Same OpenITI work URI; retain versions separately.
dup_openiti_work_0428IbnSina.QanunFiTibb,openiti_work_0428IbnSina.QanunFiTibb,4,"[""openiti_dv_0428IbnSina.QanunFiTibb.ALCorpus00024-ara1"",""openiti_dv_0428IbnSina.QanunFiTibb.JK007079-ara1"",""openiti_dv_0428IbnSina.QanunFiTibb.Shamela0010706-ara1"",""openiti_dv_0428IbnSina.QanunFiTibb.Shia004669Vols-ara1""]",Same OpenITI work URI; retain versions separately.
dup_openiti_work_0428IbnSina.ShifaIlahiyyat,openiti_work_0428IbnSina.ShifaIlahiyyat,3,"[""openiti_dv_0428IbnSina.ShifaIlahiyyat.ALCorpus00013-ara1"",""openiti_dv_0428IbnSina.ShifaIlahiyyat.MP001-ara1"",""openiti_dv_0428IbnSina.ShifaIlahiyyat.Rafed0001128-ara1""]",Same OpenITI work URI; retain versions separately.
dup_openiti_work_0428IbnSina.ShifaMantiq,openiti_work_0428IbnSina.ShifaMantiq,2,"[""openiti_dv_0428IbnSina.ShifaMantiq.JK010704-ara1"",""openiti_dv_0428IbnSina.ShifaMantiq.ShamAY0035934-ara1""]",Same OpenITI work URI; retain versions separately.
dup_openiti_work_0428IbnSina.ShifaNafs,openiti_work_0428IbnSina.ShifaNafs,2,"[""openiti_dv_0428IbnSina.ShifaNafs.ALCorpus00004-ara1"",""openiti_dv_0428IbnSina.ShifaNafs.Rafed0000904-ara1""]",Same OpenITI work URI; retain versions separately.
dup_openiti_work_0428IbnSina.ShifaShicr,openiti_work_0428IbnSina.ShifaShicr,2,"[""openiti_dv_0428IbnSina.ShifaShicr.GRAR000034-ara1"",""openiti_dv_0428IbnSina.ShifaShicr.GRAR000035-ara2""]",Same OpenITI work URI; retain versions separately.
dup_openiti_work_0428IbnSina.ShifaTabiciyyat,openiti_work_0428IbnSina.ShifaTabiciyyat,2,"[""openiti_dv_0428IbnSina.ShifaTabiciyyat.PV20230224-ara1"",""openiti_dv_0428IbnSina.ShifaTabiciyyat.Rafed0003037Vols-ara1""]",Same OpenITI work URI; retain versions separately.
dup_openiti_work_0428IbnSina.Siyasa,openiti_work_0428IbnSina.Siyasa,2,"[""openiti_dv_0428IbnSina.Siyasa.JK001313-ara1"",""openiti_dv_0428IbnSina.Siyasa.Shamela0007227-ara1""]",Same OpenITI work URI; retain versions separately.
dup_openiti_work_0428MihyarDaylami.Diwan,openiti_work_0428MihyarDaylami.Diwan,2,"[""openiti_dv_0428MihyarDaylami.Diwan.JK007630-ara1"",""openiti_dv_0428MihyarDaylami.Diwan.ShamAY0037863-ara1""]",Same OpenITI work URI; retain versions separately.
dup_openiti_work_0429AbuMansurThacalibi.Diwan,openiti_work_0429AbuMansurThacalibi.Diwan,2,"[""openiti_dv_0429AbuMansurThacalibi.Diwan.JK007585-ara1"",""openiti_dv_0429AbuMansurThacalibi.Diwan.ShamAY0037824-ara1""]",Same OpenITI work URI; retain versions separately.
dup_openiti_work_0429AbuMansurThacalibi.FiqhLugha,openiti_work_0429AbuMansurThacalibi.FiqhLugha,2,"[""openiti_dv_0429AbuMansurThacalibi.FiqhLugha.JK010074-ara2"",""openiti_dv_0429AbuMansurThacalibi.FiqhLugha.Shamela0011235-ara1""]",Same OpenITI work URI; retain versions separately.
dup_openiti_work_0429AbuMansurThacalibi.IcjazWaIjaz,openiti_work_0429AbuMansurThacalibi.IcjazWaIjaz,3,"[""openiti_dv_0429AbuMansurThacalibi.IcjazWaIjaz.JK009260-ara1"",""openiti_dv_0429AbuMansurThacalibi.IcjazWaIjaz.ShamAY0033776-ara1"",""openiti_dv_0429AbuMansurThacalibi.IcjazWaIjaz.Shamela0023741-ara1""]",Same OpenITI work URI; retain versions separately.
dup_openiti_work_0429AbuMansurThacalibi.KhassKhass,openiti_work_0429AbuMansurThacalibi.KhassKhass,2,"[""openiti_dv_0429AbuMansurThacalibi.KhassKhass.JK009322-ara1"",""openiti_dv_0429AbuMansurThacalibi.KhassKhass.Shamela0007830-ara1""]",Same OpenITI work URI; retain versions separately.
dup_openiti_work_0429AbuMansurThacalibi.KinayaWaTacrid,openiti_work_0429AbuMansurThacalibi.KinayaWaTacrid,2,"[""openiti_dv_0429AbuMansurThacalibi.KinayaWaTacrid.JK010623BK2-ara1"",""openiti_dv_0429AbuMansurThacalibi.KinayaWaTacrid.Shamela0000623BK2-ara1""]",Same OpenITI work URI; retain versions separately.
dup_openiti_work_0429AbuMansurThacalibi.LubabAdab,openiti_work_0429AbuMansurThacalibi.LubabAdab,2,"[""openiti_dv_0429AbuMansurThacalibi.LubabAdab.JK009320-ara1"",""openiti_dv_0429AbuMansurThacalibi.LubabAdab.Shamela0000418-ara1""]",Same OpenITI work URI; retain versions separately.
dup_openiti_work_0429AbuMansurThacalibi.ManGhabaCanhuMutrib,openiti_work_0429AbuMansurThacalibi.ManGhabaCanhuMutrib,2,"[""openiti_dv_0429AbuMansurThacalibi.ManGhabaCanhuMutrib.JK010591-ara2"",""openiti_dv_0429AbuMansurThacalibi.ManGhabaCanhuMutrib.Shamela0028115-ara1""]",Same OpenITI work URI; retain versions separately.
dup_openiti_work_0429AbuMansurThacalibi.Muntahal,openiti_work_0429AbuMansurThacalibi.Muntahal,2,"[""openiti_dv_0429AbuMansurThacalibi.Muntahal.JK010736-ara1"",""openiti_dv_0429AbuMansurThacalibi.Muntahal.Shamela0021105-ara1""]",Same OpenITI work URI; retain versions separately.
dup_openiti_work_0429AbuMansurThacalibi.NathrNazm,openiti_work_0429AbuMansurThacalibi.NathrNazm,2,"[""openiti_dv_0429AbuMansurThacalibi.NathrNazm.JK010623BK1-ara1"",""openiti_dv_0429AbuMansurThacalibi.NathrNazm.Shamela0000623BK1-ara1""]",Same OpenITI work URI; retain versions separately.
dup_openiti_work_0429AbuMansurThacalibi.SihrBalagha,openiti_work_0429AbuMansurThacalibi.SihrBalagha,2,"[""openiti_dv_0429AbuMansurThacalibi.SihrBalagha.JK009267-ara1"",""openiti_dv_0429AbuMansurThacalibi.SihrBalagha.Shamela0008279-ara1""]",Same OpenITI work URI; retain versions separately.
dup_openiti_work_0429AbuMansurThacalibi.TahsinQabih,openiti_work_0429AbuMansurThacalibi.TahsinQabih,2,"[""openiti_dv_0429AbuMansurThacalibi.TahsinQabih.JK009363-ara1"",""openiti_dv_0429AbuMansurThacalibi.TahsinQabih.Shamela0006040-ara1""]",Same OpenITI work URI; retain versions separately.
dup_openiti_work_0429AbuMansurThacalibi.Tamthil,openiti_work_0429AbuMansurThacalibi.Tamthil,2,"[""openiti_dv_0429AbuMansurThacalibi.Tamthil.JK010529-ara1"",""openiti_dv_0429AbuMansurThacalibi.Tamthil.Shamela0005683-ara1""]",Same OpenITI work URI; retain versions separately.
dup_openiti_work_0429AbuMansurThacalibi.ThimarQulub,openiti_work_0429AbuMansurThacalibi.ThimarQulub,3,"[""openiti_dv_0429AbuMansurThacalibi.ThimarQulub.JK000982-ara1"",""openiti_dv_0429AbuMansurThacalibi.ThimarQulub.ShamAY0032557-ara1"",""openiti_dv_0429AbuMansurThacalibi.ThimarQulub.Shamela0006896-ara1""]",Same OpenITI work URI; retain versions separately.
dup_openiti_work_0429AbuMansurThacalibi.YatimatDahr,openiti_work_0429AbuMansurThacalibi.YatimatDahr,3,"[""openiti_dv_0429AbuMansurThacalibi.YatimatDahr.JK001317-ara1"",""openiti_dv_0429AbuMansurThacalibi.YatimatDahr.Shamela0006743-ara1"",""openiti_dv_0429AbuMansurThacalibi.YatimatDahr.Shia004644Vols-ara1""]",Same OpenITI work URI; retain versions separately.
dup_openiti_work_0429IbnShihabCukburi.RisalaFiUsulFiqh,openiti_work_0429IbnShihabCukburi.RisalaFiUsulFiqh,2,"[""openiti_dv_0429IbnShihabCukburi.RisalaFiUsulFiqh.JK006965-ara1"",""openiti_dv_0429IbnShihabCukburi.RisalaFiUsulFiqh.Shamela0006311-ara1""]",Same OpenITI work URI; retain versions separately.
dup_openiti_work_0429IbnTahirBaghdadi.FarqBaynaFiraq,openiti_work_0429IbnTahirBaghdadi.FarqBaynaFiraq,3,"[""openiti_dv_0429IbnTahirBaghdadi.FarqBaynaFiraq.JK000334-ara1"",""openiti_dv_0429IbnTahirBaghdadi.FarqBaynaFiraq.Rafed0003488-ara1"",""openiti_dv_0429IbnTahirBaghdadi.FarqBaynaFiraq.Shamela0006520-ara1""]",Same OpenITI work URI; retain versions separately.
dup_openiti_work_0430AbuNucaymIsbahani.ArbacunaCalaMadhhabMutahaqqiqin,openiti_work_0430AbuNucaymIsbahani.ArbacunaCalaMadhhabMutahaqqiqin,3,"[""openiti_dv_0430AbuNucaymIsbahani.ArbacunaCalaMadhhabMutahaqqiqin.Masaha000050-ara1"",""openiti_dv_0430AbuNucaymIsbahani.ArbacunaCalaMadhhabMutahaqqiqin.ShamAY0035231-ara1"",""openiti_dv_0430AbuNucaymIsbahani.ArbacunaCalaMadhhabMutahaqqiqin.Shamela0008246-ara1""]",Same OpenITI work URI; retain versions separately.
dup_openiti_work_0430AbuNucaymIsbahani.DhikrManIsmuhuShucba,openiti_work_0430AbuNucaymIsbahani.DhikrManIsmuhuShucba,2,"[""openiti_dv_0430AbuNucaymIsbahani.DhikrManIsmuhuShucba.JK001241-ara1"",""openiti_dv_0430AbuNucaymIsbahani.DhikrManIsmuhuShucba.Shamela0013181-ara1""]",Same OpenITI work URI; retain versions separately.
dup_openiti_work_0430AbuNucaymIsbahani.Ducafa,openiti_work_0430AbuNucaymIsbahani.Ducafa,3,"[""openiti_dv_0430AbuNucaymIsbahani.Ducafa.JK000502-ara1"",""openiti_dv_0430AbuNucaymIsbahani.Ducafa.Shamela0005843-ara1"",""openiti_dv_0430AbuNucaymIsbahani.Ducafa.Shia003128-ara1""]",Same OpenITI work URI; retain versions separately.
dup_openiti_work_0430AbuNucaymIsbahani.FadailKhulafaRashidin,openiti_work_0430AbuNucaymIsbahani.FadailKhulafaRashidin,2,"[""openiti_dv_0430AbuNucaymIsbahani.FadailKhulafaRashidin.JK011558-ara1"",""openiti_dv_0430AbuNucaymIsbahani.FadailKhulafaRashidin.Shamela0008237-ara1""]",Same OpenITI work URI; retain versions separately.
dup_openiti_work_0430AbuNucaymIsbahani.FadilatCadilin,openiti_work_0430AbuNucaymIsbahani.FadilatCadilin,2,"[""openiti_dv_0430AbuNucaymIsbahani.FadilatCadilin.JK000860-ara1"",""openiti_dv_0430AbuNucaymIsbahani.FadilatCadilin.Shamela0013141-ara1""]",Same OpenITI work URI; retain versions separately.
dup_openiti_work_0430AbuNucaymIsbahani.HilyatAwliya,openiti_work_0430AbuNucaymIsbahani.HilyatAwliya,2,"[""openiti_dv_0430AbuNucaymIsbahani.HilyatAwliya.JK000022-ara1"",""openiti_dv_0430AbuNucaymIsbahani.HilyatAwliya.Shamela0010495-ara1""]",Same OpenITI work URI; retain versions separately.
dup_openiti_work_0430AbuNucaymIsbahani.ImamaWaRaddCalaRafida,openiti_work_0430AbuNucaymIsbahani.ImamaWaRaddCalaRafida,4,"[""openiti_dv_0430AbuNucaymIsbahani.ImamaWaRaddCalaRafida.JK009185-ara1"",""openiti_dv_0430AbuNucaymIsbahani.ImamaWaRaddCalaRafida.JK011454-ara1"",""openiti_dv_0430AbuNucaymIsbahani.ImamaWaRaddCalaRafida.Shamela0006449-ara1"",""openiti_dv_0430AbuNucaymIsbahani.ImamaWaRaddCalaRafida.Shamela0008221-ara1""]",Same OpenITI work URI; retain versions separately.
dup_openiti_work_0430AbuNucaymIsbahani.JuzAhadithCanAbiCaliSawwaf,openiti_work_0430AbuNucaymIsbahani.JuzAhadithCanAbiCaliSawwaf,2,"[""openiti_dv_0430AbuNucaymIsbahani.JuzAhadithCanAbiCaliSawwaf.JK011498-ara1"",""openiti_dv_0430AbuNucaymIsbahani.JuzAhadithCanAbiCaliSawwaf.Shamela0009416-ara1""]",Same OpenITI work URI; retain versions separately.
dup_openiti_work_0430AbuNucaymIsbahani.MacrifatSahaba,openiti_work_0430AbuNucaymIsbahani.MacrifatSahaba,2,"[""openiti_dv_0430AbuNucaymIsbahani.MacrifatSahaba.JK009408-ara1"",""openiti_dv_0430AbuNucaymIsbahani.MacrifatSahaba.Shamela0010490-ara1""]",Same OpenITI work URI; retain versions separately.
dup_openiti_work_0430AbuNucaymIsbahani.MajlisMinAmali,openiti_work_0430AbuNucaymIsbahani.MajlisMinAmali,4,"[""openiti_dv_0430AbuNucaymIsbahani.MajlisMinAmali.JK000505-ara1"",""openiti_dv_0430AbuNucaymIsbahani.MajlisMinAmali.JK000750-ara1"",""openiti_dv_0430AbuNucaymIsbahani.MajlisMinAmali.Shamela0005709-ara1"",""openiti_dv_0430AbuNucaymIsbahani.MajlisMinAmali.Shamela0013080-ara1""]",Same OpenITI work URI; retain versions separately.
dup_openiti_work_0430AbuNucaymIsbahani.MasanidAbiYahyaKufi,openiti_work_0430AbuNucaymIsbahani.MasanidAbiYahyaKufi,3,"[""openiti_dv_0430AbuNucaymIsbahani.MasanidAbiYahyaKufi.JK000611-ara1"",""openiti_dv_0430AbuNucaymIsbahani.MasanidAbiYahyaKufi.Shamela0010659-ara1"",""openiti_dv_0430AbuNucaymIsbahani.MasanidAbiYahyaKufi.Shia001877-ara1""]",Same OpenITI work URI; retain versions separately.
dup_openiti_work_0430AbuNucaymIsbahani.MusnadAbiHanifa,openiti_work_0430AbuNucaymIsbahani.MusnadAbiHanifa,3,"[""openiti_dv_0430AbuNucaymIsbahani.MusnadAbiHanifa.JK000736-ara1"",""openiti_dv_0430AbuNucaymIsbahani.MusnadAbiHanifa.Shamela0006721-ara1"",""openiti_dv_0430AbuNucaymIsbahani.MusnadAbiHanifa.Shia002099-ara1""]",Same OpenITI work URI; retain versions separately.
dup_openiti_work_0430AbuNucaymIsbahani.MusnadMustakhrajCalaSahihMuslim,openiti_work_0430AbuNucaymIsbahani.MusnadMustakhrajCalaSahihMuslim,2,"[""openiti_dv_0430AbuNucaymIsbahani.MusnadMustakhrajCalaSahihMuslim.JK000977-ara1"",""openiti_dv_0430AbuNucaymIsbahani.MusnadMustakhrajCalaSahihMuslim.Shamela0005562-ara1""]",Same OpenITI work URI; retain versions separately.
dup_openiti_work_0430AbuNucaymIsbahani.RiyadatAbdan,openiti_work_0430AbuNucaymIsbahani.RiyadatAbdan,2,"[""openiti_dv_0430AbuNucaymIsbahani.RiyadatAbdan.JK000596-ara1"",""openiti_dv_0430AbuNucaymIsbahani.RiyadatAbdan.Shamela0013118-ara1""]",Same OpenITI work URI; retain versions separately.
dup_openiti_work_0430AbuNucaymIsbahani.SifatJanna,openiti_work_0430AbuNucaymIsbahani.SifatJanna,2,"[""openiti_dv_0430AbuNucaymIsbahani.SifatJanna.JK009155-ara1"",""openiti_dv_0430AbuNucaymIsbahani.SifatJanna.Shamela0021602-ara1""]",Same OpenITI work URI; retain versions separately.
dup_openiti_work_0430AbuNucaymIsbahani.TarikhIsbahan,openiti_work_0430AbuNucaymIsbahani.TarikhIsbahan,5,"[""openiti_dv_0430AbuNucaymIsbahani.TarikhIsbahan.JK003506-ara1"",""openiti_dv_0430AbuNucaymIsbahani.TarikhIsbahan.JK011254-ara1"",""openiti_dv_0430AbuNucaymIsbahani.TarikhIsbahan.Masaha004135Vols-ara1"",""openiti_dv_0430AbuNucaymIsbahani.TarikhIsbahan.Shamela0001714-ara1"",""openiti_dv_0430AbuNucaymIsbahani.TarikhIsbahan.Shia003488Vols-ara1""]",Same OpenITI work URI; retain versions separately.
dup_openiti_work_0430AbuNucaymIsbahani.TasmiyatRuwatCanFadlIbnDakin,openiti_work_0430AbuNucaymIsbahani.TasmiyatRuwatCanFadlIbnDakin,2,"[""openiti_dv_0430AbuNucaymIsbahani.TasmiyatRuwatCanFadlIbnDakin.JK011458-ara1"",""openiti_dv_0430AbuNucaymIsbahani.TasmiyatRuwatCanFadlIbnDakin.Shamela0009312-ara1""]",Same OpenITI work URI; retain versions separately.
dup_openiti_work_0430AbuNucaymIsbahani.TasmiyatRuwatCanSacidIbnMansur,openiti_work_0430AbuNucaymIsbahani.TasmiyatRuwatCanSacidIbnMansur,3,"[""openiti_dv_0430AbuNucaymIsbahani.TasmiyatRuwatCanSacidIbnMansur.JK000717-ara1"",""openiti_dv_0430AbuNucaymIsbahani.TasmiyatRuwatCanSacidIbnMansur.Shamela0008224-ara1"",""openiti_dv_0430AbuNucaymIsbahani.TasmiyatRuwatCanSacidIbnMansur.Shia002097-ara1""]",Same OpenITI work URI; retain versions separately.
dup_openiti_work_0430AbuNucaymIsbahani.TuruqHadithInnaLillah99Isman,openiti_work_0430AbuNucaymIsbahani.TuruqHadithInnaLillah99Isman,3,"[""openiti_dv_0430AbuNucaymIsbahani.TuruqHadithInnaLillah99Isman.JK000848-ara1"",""openiti_dv_0430AbuNucaymIsbahani.TuruqHadithInnaLillah99Isman.Shamela0021783-ara1"",""openiti_dv_0430AbuNucaymIsbahani.TuruqHadithInnaLillah99Isman.Shia002098-ara1""]",Same OpenITI work URI; retain versions separately.
dup_openiti_work_0430AswadGhundijani.FarhatAdib,openiti_work_0430AswadGhundijani.FarhatAdib,2,"[""openiti_dv_0430AswadGhundijani.FarhatAdib.JK010640-ara1"",""openiti_dv_0430AswadGhundijani.FarhatAdib.Shamela0000640-ara1""]",Same OpenITI work URI; retain versions separately.
dup_openiti_work_0430CabdMalikIbnBishranUmawi.Amali,openiti_work_0430CabdMalikIbnBishranUmawi.Amali,4,"[""openiti_dv_0430CabdMalikIbnBishranUmawi.Amali.Shamela0001453-ara1"",""openiti_dv_0430CabdMalikIbnBishranUmawi.Amali.Shamela0011431-ara1"",""openiti_dv_0430CabdMalikIbnBishranUmawi.Amali.Shamela0012842-ara1"",""openiti_dv_0430CabdMalikIbnBishranUmawi.Amali.Shamela0029888-ara1""]",Same OpenITI work URI; retain versions separately.
dup_openiti_work_0430IbnHaytham.Manazir,openiti_work_0430IbnHaytham.Manazir,2,"[""openiti_dv_0430IbnHaytham.Manazir.ALCorpus00006-ara2"",""openiti_dv_0430IbnHaytham.Manazir.ShamAY0035933-ara1""]",Same OpenITI work URI; retain versions separately.
dup_openiti_work_0431IbnMuhammadZuzani.HamasatZurafa,openiti_work_0431IbnMuhammadZuzani.HamasatZurafa,2,"[""openiti_dv_0431IbnMuhammadZuzani.HamasatZurafa.JK010752-ara1"",""openiti_dv_0431IbnMuhammadZuzani.HamasatZurafa.Shamela0000752-ara1""]",Same OpenITI work URI; retain versions separately.
dup_openiti_work_0434IbnAhmadHarawi.Fawaid,openiti_work_0434IbnAhmadHarawi.Fawaid,2,"[""openiti_dv_0434IbnAhmadHarawi.Fawaid.JK001095-ara1"",""openiti_dv_0434IbnAhmadHarawi.Fawaid.Shamela0013143-ara1""]",Same OpenITI work URI; retain versions separately.
dup_openiti_work_0436AbuFadlMikali.Diwan,openiti_work_0436AbuFadlMikali.Diwan,2,"[""openiti_dv_0436AbuFadlMikali.Diwan.JK007581-ara1"",""openiti_dv_0436AbuFadlMikali.Diwan.ShamAY0037817-ara1""]",Same OpenITI work URI; retain versions separately.
dup_openiti_work_0436HusaynSaymari.AkhbarAbiHanifa,openiti_work_0436HusaynSaymari.AkhbarAbiHanifa,2,"[""openiti_dv_0436HusaynSaymari.AkhbarAbiHanifa.JK000932-ara1"",""openiti_dv_0436HusaynSaymari.AkhbarAbiHanifa.Shamela0006651-ara1""]",Same OpenITI work URI; retain versions separately.
dup_openiti_work_0436IbnCaliBasri.MuctamadFiUsulFiqh,openiti_work_0436IbnCaliBasri.MuctamadFiUsulFiqh,2,"[""openiti_dv_0436IbnCaliBasri.MuctamadFiUsulFiqh.JK000231-ara1"",""openiti_dv_0436IbnCaliBasri.MuctamadFiUsulFiqh.Shamela0006319-ara1""]",Same OpenITI work URI; retain versions separately.
dup_openiti_work_0436SharifMurtada.Amali,openiti_work_0436SharifMurtada.Amali,4,"[""openiti_dv_0436SharifMurtada.Amali.Masaha003390Vols-ara1"",""openiti_dv_0436SharifMurtada.Amali.Sham19Y0020937-ara1"",""openiti_dv_0436SharifMurtada.Amali.ShamAY0034519-ara2"",""openiti_dv_0436SharifMurtada.Amali.Shia001326Vols-ara1""]",Same OpenITI work URI; retain versions separately.
dup_openiti_work_0436SharifMurtada.Dharica,openiti_work_0436SharifMurtada.Dharica,2,"[""openiti_dv_0436SharifMurtada.Dharica.Masaha003448Vols-ara1"",""openiti_dv_0436SharifMurtada.Dharica.Shia002746Vols-ara1""]",Same OpenITI work URI; retain versions separately.
dup_openiti_work_0436SharifMurtada.MuqnicFiGhayba,openiti_work_0436SharifMurtada.MuqnicFiGhayba,2,"[""openiti_dv_0436SharifMurtada.MuqnicFiGhayba.Masaha000428-ara1"",""openiti_dv_0436SharifMurtada.MuqnicFiGhayba.Shia003688-ara1""]",Same OpenITI work URI; retain versions separately.
dup_openiti_work_0436SharifMurtada.Rasail,openiti_work_0436SharifMurtada.Rasail,3,"[""openiti_dv_0436SharifMurtada.Rasail.Masaha000998Vols-ara1"",""openiti_dv_0436SharifMurtada.Rasail.Rafed0003614Vols-ara1"",""openiti_dv_0436SharifMurtada.Rasail.Shia000019Vols-ara1""]",Same OpenITI work URI; retain versions separately.
dup_openiti_work_0436SharifMurtada.ShafiFiImama,openiti_work_0436SharifMurtada.ShafiFiImama,2,"[""openiti_dv_0436SharifMurtada.ShafiFiImama.Shia003996Vols-ara1"",""openiti_dv_0436SharifMurtada.ShafiFiImama.Zaydiyya0000119-ara1""]",Same OpenITI work URI; retain versions separately.
dup_openiti_work_0436SharifMurtada.TanzihAnbiya,openiti_work_0436SharifMurtada.TanzihAnbiya,3,"[""openiti_dv_0436SharifMurtada.TanzihAnbiya.Masaha004743-ara1"",""openiti_dv_0436SharifMurtada.TanzihAnbiya.Rafed0001746-ara1"",""openiti_dv_0436SharifMurtada.TanzihAnbiya.Shia003689-ara1""]",Same OpenITI work URI; retain versions separately.
dup_openiti_work_0437MakkiIbnHammushQaysi.Hidaya,openiti_work_0437MakkiIbnHammushQaysi.Hidaya,2,"[""openiti_dv_0437MakkiIbnHammushQaysi.Hidaya.Shamela0022593-ara1"",""openiti_dv_0437MakkiIbnHammushQaysi.Hidaya.Tafsir03092-ara1""]",Same OpenITI work URI; retain versions separately.
dup_openiti_work_0437MakkiIbnHammushQaysi.MushkilIcrabQuran,openiti_work_0437MakkiIbnHammushQaysi.MushkilIcrabQuran,2,"[""openiti_dv_0437MakkiIbnHammushQaysi.MushkilIcrabQuran.JK000445-ara1"",""openiti_dv_0437MakkiIbnHammushQaysi.MushkilIcrabQuran.Shamela0005538-ara1""]",Same OpenITI work URI; retain versions separately.
dup_openiti_work_0438AbuSacidBaradhici.TahdhibMudawwana,openiti_work_0438AbuSacidBaradhici.TahdhibMudawwana,2,"[""openiti_dv_0438AbuSacidBaradhici.TahdhibMudawwana.JK011147-ara1"",""openiti_dv_0438AbuSacidBaradhici.TahdhibMudawwana.Shamela0008487-ara1""]",Same OpenITI work URI; retain versions separately.
dup_openiti_work_0438IbnYusufJuwayni.RisalaFiIthbat,openiti_work_0438IbnYusufJuwayni.RisalaFiIthbat,2,"[""openiti_dv_0438IbnYusufJuwayni.RisalaFiIthbat.JK001045-ara1"",""openiti_dv_0438IbnYusufJuwayni.RisalaFiIthbat.Shamela0006475-ara1""]",Same OpenITI work URI; retain versions separately.
dup_openiti_work_0439IbnMuhammadKhallal.Amali,openiti_work_0439IbnMuhammadKhallal.Amali,3,"[""openiti_dv_0439IbnMuhammadKhallal.Amali.JK011420-ara1"",""openiti_dv_0439IbnMuhammadKhallal.Amali.Shamela0009311-ara1"",""openiti_dv_0439IbnMuhammadKhallal.Amali.Shamela0030446-ara1""]",Same OpenITI work URI; retain versions separately.
dup_openiti_work_0439IbnMuhammadKhallal.FadailSuratIkhlas,openiti_work_0439IbnMuhammadKhallal.FadailSuratIkhlas,2,"[""openiti_dv_0439IbnMuhammadKhallal.FadailSuratIkhlas.JK001026-ara1"",""openiti_dv_0439IbnMuhammadKhallal.FadailSuratIkhlas.Shamela0013138-ara1""]",Same OpenITI work URI; retain versions separately.
dup_openiti_work_0440AbuRayhanBiruni.Jamahir,openiti_work_0440AbuRayhanBiruni.Jamahir,2,"[""openiti_dv_0440AbuRayhanBiruni.Jamahir.JK010699-ara1"",""openiti_dv_0440AbuRayhanBiruni.Jamahir.Shamela0000699-ara1""]",Same OpenITI work URI; retain versions separately.
dup_openiti_work_0440AbuRayhanBiruni.TahqiqMaLilHind,openiti_work_0440AbuRayhanBiruni.TahqiqMaLilHind,3,"[""openiti_dv_0440AbuRayhanBiruni.TahqiqMaLilHind.JK010648-ara1"",""openiti_dv_0440AbuRayhanBiruni.TahqiqMaLilHind.Masaha004804-ara1"",""openiti_dv_0440AbuRayhanBiruni.TahqiqMaLilHind.Shamela0011655-ara1""]",Same OpenITI work URI; retain versions separately.
dup_openiti_work_0440IbnMuhammadHimyari.Badic,openiti_work_0440IbnMuhammadHimyari.Badic,2,"[""openiti_dv_0440IbnMuhammadHimyari.Badic.JK010723-ara1"",""openiti_dv_0440IbnMuhammadHimyari.Badic.Shamela0001704-ara1""]",Same OpenITI work URI; retain versions separately.
dup_openiti_work_0441IbnCaliSuri.FawaidCawali,openiti_work_0441IbnCaliSuri.FawaidCawali,2,"[""openiti_dv_0441IbnCaliSuri.FawaidCawali.JK000602-ara1"",""openiti_dv_0441IbnCaliSuri.FawaidCawali.Shamela0012721-ara1""]",Same OpenITI work URI; retain versions separately.
dup_openiti_work_0441IbnCaliSuri.FawaidMuntaqat,openiti_work_0441IbnCaliSuri.FawaidMuntaqat,3,"[""openiti_dv_0441IbnCaliSuri.FawaidMuntaqat.JK000605-ara1"",""openiti_dv_0441IbnCaliSuri.FawaidMuntaqat.Shamela0005693-ara1"",""openiti_dv_0441IbnCaliSuri.FawaidMuntaqat.Shia002100-ara1""]",Same OpenITI work URI; retain versions separately.
dup_openiti_work_0441IbnIflili.SharhShicrMutanabbi,openiti_work_0441IbnIflili.SharhShicrMutanabbi,4,"[""openiti_dv_0441IbnIflili.SharhShicrMutanabbi.ShamAY0000454-ara1"",""openiti_dv_0441IbnIflili.SharhShicrMutanabbi.ShamAY0000458-ara1"",""openiti_dv_0441IbnIflili.SharhShicrMutanabbi.Shamela0037065-ara1"",""openiti_dv_0441IbnIflili.SharhShicrMutanabbi.Shamela0037327-ara1""]",Same OpenITI work URI; retain versions separately.
dup_openiti_work_0442AbuHasanQazwini.Amali,openiti_work_0442AbuHasanQazwini.Amali,4,"[""openiti_dv_0442AbuHasanQazwini.Amali.ShamAY0032789-ara1"",""openiti_dv_0442AbuHasanQazwini.Amali.ShamAY0032792-ara1"",""openiti_dv_0442AbuHasanQazwini.Amali.ShamAY0032861-ara1"",""openiti_dv_0442AbuHasanQazwini.Amali.ShamAY0032862-ara1""]",Same OpenITI work URI; retain versions separately.
dup_openiti_work_0442Tanukhi.TarikhCulamaNahwiyyin,openiti_work_0442Tanukhi.TarikhCulamaNahwiyyin,2,"[""openiti_dv_0442Tanukhi.TarikhCulamaNahwiyyin.JK010105-ara1"",""openiti_dv_0442Tanukhi.TarikhCulamaNahwiyyin.Shamela0001386-ara1""]",Same OpenITI work URI; retain versions separately.
dup_openiti_work_0443IbnCaliShamukhi.Ahadith,openiti_work_0443IbnCaliShamukhi.Ahadith,4,"[""openiti_dv_0443IbnCaliShamukhi.Ahadith.JK000586-ara1"",""openiti_dv_0443IbnCaliShamukhi.Ahadith.ShamAY0033612-ara1"",""openiti_dv_0443IbnCaliShamukhi.Ahadith.Shamela0008272-ara1"",""openiti_dv_0443IbnCaliShamukhi.Ahadith.Shia002101-ara1""]",Same OpenITI work URI; retain versions separately.
dup_openiti_work_0444AbuCamrDani.AhrufSabca,openiti_work_0444AbuCamrDani.AhrufSabca,2,"[""openiti_dv_0444AbuCamrDani.AhrufSabca.JK000453-ara1"",""openiti_dv_0444AbuCamrDani.AhrufSabca.Shamela0005526-ara1""]",Same OpenITI work URI; retain versions separately.
dup_openiti_work_0444AbuCamrDani.BayanFiCaddAyyQuran,openiti_work_0444AbuCamrDani.BayanFiCaddAyyQuran,3,"[""openiti_dv_0444AbuCamrDani.BayanFiCaddAyyQuran.JK001013-ara1"",""openiti_dv_0444AbuCamrDani.BayanFiCaddAyyQuran.Shamela0005542-ara1"",""openiti_dv_0444AbuCamrDani.BayanFiCaddAyyQuran.Shia002539-ara1""]",Same OpenITI work URI; retain versions separately.
dup_openiti_work_0444AbuCamrDani.CilmHadith,openiti_work_0444AbuCamrDani.CilmHadith,2,"[""openiti_dv_0444AbuCamrDani.CilmHadith.ShamAY0034012-ara1"",""openiti_dv_0444AbuCamrDani.CilmHadith.Shamela0030386-ara1""]",Same OpenITI work URI; retain versions separately.
dup_openiti_work_0444AbuCamrDani.MuhkamFiNaqtMasahif,openiti_work_0444AbuCamrDani.MuhkamFiNaqtMasahif,2,"[""openiti_dv_0444AbuCamrDani.MuhkamFiNaqtMasahif.JK000438-ara1"",""openiti_dv_0444AbuCamrDani.MuhkamFiNaqtMasahif.Shamela0005552-ara1""]",Same OpenITI work URI; retain versions separately.
dup_openiti_work_0444AbuCamrDani.SunanWarida,openiti_work_0444AbuCamrDani.SunanWarida,2,"[""openiti_dv_0444AbuCamrDani.SunanWarida.JK000020-ara1"",""openiti_dv_0444AbuCamrDani.SunanWarida.Shamela0013034-ara1""]",Same OpenITI work URI; retain versions separately.
dup_openiti_work_0444AbuCamrDani.TaysirFiQiraatSabc,openiti_work_0444AbuCamrDani.TaysirFiQiraatSabc,3,"[""openiti_dv_0444AbuCamrDani.TaysirFiQiraatSabc.JK001278-ara1"",""openiti_dv_0444AbuCamrDani.TaysirFiQiraatSabc.Sham19Y0147812-ara2"",""openiti_dv_0444AbuCamrDani.TaysirFiQiraatSabc.Shamela0005527-ara1""]",Same OpenITI work URI; retain versions separately.
dup_openiti_work_0444AbuFadlIbnMahdi.DhikrShuyukh,openiti_work_0444AbuFadlIbnMahdi.DhikrShuyukh,2,"[""openiti_dv_0444AbuFadlIbnMahdi.DhikrShuyukh.ShamAY0033644-ara1"",""openiti_dv_0444AbuFadlIbnMahdi.DhikrShuyukh.Shamela0021641-ara1""]",Same OpenITI work URI; retain versions separately.
dup_openiti_work_0444IbnAbiHawl.FadailSham,openiti_work_0444IbnAbiHawl.FadailSham,2,"[""openiti_dv_0444IbnAbiHawl.FadailSham.Masaha004845BK2-ara1"",""openiti_dv_0444IbnAbiHawl.FadailSham.Shamela0026527-ara1""]",Same OpenITI work URI; retain versions separately.
dup_openiti_work_0445AbuCabdAllahCalawi.JamicKafi,openiti_work_0445AbuCabdAllahCalawi.JamicKafi,3,"[""openiti_dv_0445AbuCabdAllahCalawi.JamicKafi.Zaydiyya0000055-ara2"",""openiti_dv_0445AbuCabdAllahCalawi.JamicKafi.Zaydiyya0000364Vols-ara1"",""openiti_dv_0445AbuCabdAllahCalawi.JamicKafi.Zaydiyya0000412Vols-ara1""]",Same OpenITI work URI; retain versions separately.
dup_openiti_work_0445IbnCaliShajari.FadlZiyaratHusayn,openiti_work_0445IbnCaliShajari.FadlZiyaratHusayn,2,"[""openiti_dv_0445IbnCaliShajari.FadlZiyaratHusayn.Shia003690-ara1"",""openiti_dv_0445IbnCaliShajari.FadlZiyaratHusayn.Zaydiyya0000123-ara1""]",Same OpenITI work URI; retain versions separately.
dup_openiti_work_0446AbuYaclaKhalili.Fawaid,openiti_work_0446AbuYaclaKhalili.Fawaid,2,"[""openiti_dv_0446AbuYaclaKhalili.Fawaid.JK011577-ara1"",""openiti_dv_0446AbuYaclaKhalili.Fawaid.Shamela0008240-ara1""]",Same OpenITI work URI; retain versions separately.
dup_openiti_work_0446AbuYaclaKhalili.IrshadFiMacrifaCulama,openiti_work_0446AbuYaclaKhalili.IrshadFiMacrifaCulama,2,"[""openiti_dv_0446AbuYaclaKhalili.IrshadFiMacrifaCulama.JK000732-ara1"",""openiti_dv_0446AbuYaclaKhalili.IrshadFiMacrifaCulama.Shamela0012993-ara1""]",Same OpenITI work URI; retain versions separately.
dup_openiti_work_0447AbuSalahHalabi.Kafi,openiti_work_0447AbuSalahHalabi.Kafi,2,"[""openiti_dv_0447AbuSalahHalabi.Kafi.Masaha000582-ara1"",""openiti_dv_0447AbuSalahHalabi.Kafi.Shia000023-ara1""]",Same OpenITI work URI; retain versions separately.
dup_openiti_work_0448HilalSabi.RusumDarKhilafa,openiti_work_0448HilalSabi.RusumDarKhilafa,2,"[""openiti_dv_0448HilalSabi.RusumDarKhilafa.JK006980-ara1"",""openiti_dv_0448HilalSabi.RusumDarKhilafa.Shamela0008173-ara1""]",Same OpenITI work URI; retain versions separately.
dup_openiti_work_0448HilalSabi.TuhfatUmara,openiti_work_0448HilalSabi.TuhfatUmara,3,"[""openiti_dv_0448HilalSabi.TuhfatUmara.JK009368-ara1"",""openiti_dv_0448HilalSabi.TuhfatUmara.ShamAY0033825-ara1"",""openiti_dv_0448HilalSabi.TuhfatUmara.Shamela0026106-ara1""]",Same OpenITI work URI; retain versions separately.
dup_openiti_work_0448SallarIbnCabdCaziz.MarasimCalawiyya,openiti_work_0448SallarIbnCabdCaziz.MarasimCalawiyya,2,"[""openiti_dv_0448SallarIbnCabdCaziz.MarasimCalawiyya.Masaha000984-ara1"",""openiti_dv_0448SallarIbnCabdCaziz.MarasimCalawiyya.Shia000024-ara1""]",Same OpenITI work URI; retain versions separately.
dup_openiti_work_0449AbuCalaMacarri.Diwan,openiti_work_0449AbuCalaMacarri.Diwan,2,"[""openiti_dv_0449AbuCalaMacarri.Diwan.JK007580-ara1"",""openiti_dv_0449AbuCalaMacarri.Diwan.ShamAY0037816-ara1""]",Same OpenITI work URI; retain versions separately.
dup_openiti_work_0449AbuCalaMacarri.FusulWaGhayat,openiti_work_0449AbuCalaMacarri.FusulWaGhayat,2,"[""openiti_dv_0449AbuCalaMacarri.FusulWaGhayat.JK010612-ara1"",""openiti_dv_0449AbuCalaMacarri.FusulWaGhayat.Shamela0000612-ara1""]",Same OpenITI work URI; retain versions separately.
dup_openiti_work_0449AbuCalaMacarri.MucjizAhmad,openiti_work_0449AbuCalaMacarri.MucjizAhmad,3,"[""openiti_dv_0449AbuCalaMacarri.MucjizAhmad.JK010753-ara1"",""openiti_dv_0449AbuCalaMacarri.MucjizAhmad.Sham19Y0029591-ara1"",""openiti_dv_0449AbuCalaMacarri.MucjizAhmad.Shamela0000753-ara1""]",Same OpenITI work URI; retain versions separately.
dup_openiti_work_0449AbuCalaMacarri.RisalatGhufran,openiti_work_0449AbuCalaMacarri.RisalatGhufran,3,"[""openiti_dv_0449AbuCalaMacarri.RisalatGhufran.JK009234-ara1"",""openiti_dv_0449AbuCalaMacarri.RisalatGhufran.ShamAY0033783-ara1"",""openiti_dv_0449AbuCalaMacarri.RisalatGhufran.Shamela0001589-ara1""]",Same OpenITI work URI; retain versions separately.
dup_openiti_work_0449AbuCalaMacarri.RisalatMalaika,openiti_work_0449AbuCalaMacarri.RisalatMalaika,3,"[""openiti_dv_0449AbuCalaMacarri.RisalatMalaika.JK009294-ara1"",""openiti_dv_0449AbuCalaMacarri.RisalatMalaika.Sham19Y0018276-ara1"",""openiti_dv_0449AbuCalaMacarri.RisalatMalaika.Shamela0012817-ara1""]",Same OpenITI work URI; retain versions separately.
dup_openiti_work_0449AbuFathKarajiki.DalilNass,openiti_work_0449AbuFathKarajiki.DalilNass,2,"[""openiti_dv_0449AbuFathKarajiki.DalilNass.Masaha000259-ara1"",""openiti_dv_0449AbuFathKarajiki.DalilNass.Shia004002-ara1""]",Same OpenITI work URI; retain versions separately.
dup_openiti_work_0449AbuFathKarajiki.KanzFawaid,openiti_work_0449AbuFathKarajiki.KanzFawaid,4,"[""openiti_dv_0449AbuFathKarajiki.KanzFawaid.Masaha004568Vols-ara1"",""openiti_dv_0449AbuFathKarajiki.KanzFawaid.Rafed0003896Vols-ara1"",""openiti_dv_0449AbuFathKarajiki.KanzFawaid.Shia001332-ara1"",""openiti_dv_0449AbuFathKarajiki.KanzFawaid.Zaydiyya0000201-ara1""]",Same OpenITI work URI; retain versions separately.
dup_openiti_work_0449AbuFathKarajiki.MacdinJawahir,openiti_work_0449AbuFathKarajiki.MacdinJawahir,2,"[""openiti_dv_0449AbuFathKarajiki.MacdinJawahir.Shia001333-ara1"",""openiti_dv_0449AbuFathKarajiki.MacdinJawahir.Zaydiyya0000228-ara1""]",Same OpenITI work URI; retain versions separately.
dup_openiti_work_0449AbuFathKarajiki.Tacajjub,openiti_work_0449AbuFathKarajiki.Tacajjub,2,"[""openiti_dv_0449AbuFathKarajiki.Tacajjub.Shia001331-ara1"",""openiti_dv_0449AbuFathKarajiki.Tacajjub.Zaydiyya0000116-ara1""]",Same OpenITI work URI; retain versions separately.
dup_openiti_work_0449IbnBattalQurtubi.SharhSahihBukhari,openiti_work_0449IbnBattalQurtubi.SharhSahihBukhari,2,"[""openiti_dv_0449IbnBattalQurtubi.SharhSahihBukhari.JK009324-ara1"",""openiti_dv_0449IbnBattalQurtubi.SharhSahihBukhari.Shamela0010486-ara1""]",Same OpenITI work URI; retain versions separately.
dup_openiti_work_0450AbuHasanMawardi.AclamNubuwwa,openiti_work_0450AbuHasanMawardi.AclamNubuwwa,2,"[""openiti_dv_0450AbuHasanMawardi.AclamNubuwwa.JK000545-ara1"",""openiti_dv_0450AbuHasanMawardi.AclamNubuwwa.Shamela0009768-ara1""]",Same OpenITI work URI; retain versions separately.
dup_openiti_work_0450AbuHasanMawardi.AdabDunyaWaDin,openiti_work_0450AbuHasanMawardi.AdabDunyaWaDin,3,"[""openiti_dv_0450AbuHasanMawardi.AdabDunyaWaDin.JK011658-ara1"",""openiti_dv_0450AbuHasanMawardi.AdabDunyaWaDin.ShamAY0033725-ara2"",""openiti_dv_0450AbuHasanMawardi.AdabDunyaWaDin.Shamela0000765-ara1""]",Same OpenITI work URI; retain versions separately.
dup_openiti_work_0450AbuHasanMawardi.AhkamSultaniyya,openiti_work_0450AbuHasanMawardi.AhkamSultaniyya,2,"[""openiti_dv_0450AbuHasanMawardi.AhkamSultaniyya.JK001309-ara2"",""openiti_dv_0450AbuHasanMawardi.AhkamSultaniyya.Shamela0022881-ara1""]",Same OpenITI work URI; retain versions separately.
dup_openiti_work_0450AbuHasanMawardi.DurarSuluk,openiti_work_0450AbuHasanMawardi.DurarSuluk,2,"[""openiti_dv_0450AbuHasanMawardi.DurarSuluk.JK001238-ara1"",""openiti_dv_0450AbuHasanMawardi.DurarSuluk.Shamela0007242-ara1""]",Same OpenITI work URI; retain versions separately.
dup_openiti_work_0450AbuHasanMawardi.HawiKabir,openiti_work_0450AbuHasanMawardi.HawiKabir,3,"[""openiti_dv_0450AbuHasanMawardi.HawiKabir.JK009139-ara1"",""openiti_dv_0450AbuHasanMawardi.HawiKabir.ShamAY0034249-ara1"",""openiti_dv_0450AbuHasanMawardi.HawiKabir.Shamela0006157-ara1""]",Same OpenITI work URI; retain versions separately.
dup_openiti_work_0450AbuHasanMawardi.IqnacFiFiqh,openiti_work_0450AbuHasanMawardi.IqnacFiFiqh,2,"[""openiti_dv_0450AbuHasanMawardi.IqnacFiFiqh.JK000290-ara1"",""openiti_dv_0450AbuHasanMawardi.IqnacFiFiqh.Shamela0006120-ara1""]",Same OpenITI work URI; retain versions separately.
dup_openiti_work_0450AbuHasanMawardi.NukatWaCuyun,openiti_work_0450AbuHasanMawardi.NukatWaCuyun,3,"[""openiti_dv_0450AbuHasanMawardi.NukatWaCuyun.JK009396-ara1"",""openiti_dv_0450AbuHasanMawardi.NukatWaCuyun.Shamela0008346-ara1"",""openiti_dv_0450AbuHasanMawardi.NukatWaCuyun.Tafsir02012-ara1""]",Same OpenITI work URI; retain versions separately.
dup_openiti_work_0450AbuHasanMawardi.TashilNazar,openiti_work_0450AbuHasanMawardi.TashilNazar,2,"[""openiti_dv_0450AbuHasanMawardi.TashilNazar.JK001269-ara1"",""openiti_dv_0450AbuHasanMawardi.TashilNazar.Shamela0007239-ara1""]",Same OpenITI work URI; retain versions separately.
dup_openiti_work_0450Jubbi.SharhMudawwana,openiti_work_0450Jubbi.SharhMudawwana,2,"[""openiti_dv_0450Jubbi.SharhMudawwana.Sham19Y0014607-ara1"",""openiti_dv_0450Jubbi.SharhMudawwana.ShamAY0032026-ara1""]",Same OpenITI work URI; retain versions separately.
dup_openiti_work_0450Najashi.Rijal,openiti_work_0450Najashi.Rijal,3,"[""openiti_dv_0450Najashi.Rijal.Shia002931-ara1"",""openiti_dv_0450Najashi.Rijal.Shia003026VolsBK1-ara1"",""openiti_dv_0450Najashi.Rijal.Zaydiyya0000188-ara1""]",Same OpenITI work URI; retain versions separately.
dup_openiti_work_0453CaliIbnRidwan.TacaliqLiTafsirJalinus,openiti_work_0453CaliIbnRidwan.TacaliqLiTafsirJalinus,2,"[""openiti_dv_0453CaliIbnRidwan.TacaliqLiTafsirJalinus.ArabCommAph052065977-ara1"",""openiti_dv_0453CaliIbnRidwan.TacaliqLiTafsirJalinus.GRAR000031-ara1""]",Same OpenITI work URI; retain versions separately.
dup_openiti_work_0454AbuMuhammadJawhari.Amali,openiti_work_0454AbuMuhammadJawhari.Amali,6,"[""openiti_dv_0454AbuMuhammadJawhari.Amali.ShamAY0032885-ara1"",""openiti_dv_0454AbuMuhammadJawhari.Amali.ShamAY0032895-ara1"",""openiti_dv_0454AbuMuhammadJawhari.Amali.ShamAY0032954-ara1"",""openiti_dv_0454AbuMuhammadJawhari.Amali.Shamela0029770-ara1"",""openiti_dv_0454AbuMuhammadJawhari.Amali.Shamela0029771-ara1"",""openiti_dv_0454AbuMuhammadJawhari.Amali.Shamela0030071-ara1""]",Same OpenITI work URI; retain versions separately.
dup_openiti_work_0454AbuMuhammadJawhari.MajlisFiTawaduc,openiti_work_0454AbuMuhammadJawhari.MajlisFiTawaduc,2,"[""openiti_dv_0454AbuMuhammadJawhari.MajlisFiTawaduc.ShamAY0033587-ara1"",""openiti_dv_0454AbuMuhammadJawhari.MajlisFiTawaduc.Shamela0027100-ara1""]",Same OpenITI work URI; retain versions separately.
dup_openiti_work_0454IbnAhmadRazi.AhadithFiDhammKalam,openiti_work_0454IbnAhmadRazi.AhadithFiDhammKalam,3,"[""openiti_dv_0454IbnAhmadRazi.AhadithFiDhammKalam.JK008000-ara1"",""openiti_dv_0454IbnAhmadRazi.AhadithFiDhammKalam.Shamela0026462-ara1"",""openiti_dv_0454IbnAhmadRazi.AhadithFiDhammKalam.Shia004492-ara1""]",Same OpenITI work URI; retain versions separately.
dup_openiti_work_0454Qudaci.DusturMacalim,openiti_work_0454Qudaci.DusturMacalim,3,"[""openiti_dv_0454Qudaci.DusturMacalim.LAL2013020401BK1-ara2"",""openiti_dv_0454Qudaci.DusturMacalim.ShamAY0035175-ara1"",""openiti_dv_0454Qudaci.DusturMacalim.Shia002102-ara1""]",Same OpenITI work URI; retain versions separately.
dup_openiti_work_0454Qudaci.MusnadShihab,openiti_work_0454Qudaci.MusnadShihab,3,"[""openiti_dv_0454Qudaci.MusnadShihab.JK000480-ara1"",""openiti_dv_0454Qudaci.MusnadShihab.Shamela0013163-ara1"",""openiti_dv_0454Qudaci.MusnadShihab.Shia002103Vols-ara1""]",Same OpenITI work URI; retain versions separately.
dup_openiti_work_0455IbnKhalafSaraqusti.CunwanFiQiraatSabca,openiti_work_0455IbnKhalafSaraqusti.CunwanFiQiraatSabca,2,"[""openiti_dv_0455IbnKhalafSaraqusti.CunwanFiQiraatSabca.JK009227-ara1"",""openiti_dv_0455IbnKhalafSaraqusti.CunwanFiQiraatSabca.Shamela0012228-ara1""]",Same OpenITI work URI; retain versions separately.
dup_openiti_work_0456IbnHazm.AkhlaqWaSiyar,openiti_work_0456IbnHazm.AkhlaqWaSiyar,3,"[""openiti_dv_0456IbnHazm.AkhlaqWaSiyar.JK000426-ara1"",""openiti_dv_0456IbnHazm.AkhlaqWaSiyar.ShamAY0033746-ara1"",""openiti_dv_0456IbnHazm.AkhlaqWaSiyar.Shamela0006874-ara1""]",Same OpenITI work URI; retain versions separately.
dup_openiti_work_0456IbnHazm.FadlAndalus,openiti_work_0456IbnHazm.FadlAndalus,4,"[""openiti_dv_0456IbnHazm.FadlAndalus.JK000950-ara1"",""openiti_dv_0456IbnHazm.FadlAndalus.JK009343-ara1"",""openiti_dv_0456IbnHazm.FadlAndalus.ShamAY0033827-ara1"",""openiti_dv_0456IbnHazm.FadlAndalus.Shamela0006701-ara1""]",Same OpenITI work URI; retain versions separately.
dup_openiti_work_0456IbnHazm.FisalFiMilal,openiti_work_0456IbnHazm.FisalFiMilal,3,"[""openiti_dv_0456IbnHazm.FisalFiMilal.JK000343-ara1"",""openiti_dv_0456IbnHazm.FisalFiMilal.Rafed0003571Vols-ara1"",""openiti_dv_0456IbnHazm.FisalFiMilal.Shamela0006521-ara1""]",Same OpenITI work URI; retain versions separately.
dup_openiti_work_0456IbnHazm.HajjatWidac,openiti_work_0456IbnHazm.HajjatWidac,2,"[""openiti_dv_0456IbnHazm.HajjatWidac.JK001284-ara1"",""openiti_dv_0456IbnHazm.HajjatWidac.Shamela0013109-ara1""]",Same OpenITI work URI; retain versions separately.
dup_openiti_work_0456IbnHazm.IhkamFiUsulAhkam,openiti_work_0456IbnHazm.IhkamFiUsulAhkam,4,"[""openiti_dv_0456IbnHazm.IhkamFiUsulAhkam.JK000122-ara1"",""openiti_dv_0456IbnHazm.IhkamFiUsulAhkam.ShamAY0034182-ara1"",""openiti_dv_0456IbnHazm.IhkamFiUsulAhkam.Shamela0010432-ara1"",""openiti_dv_0456IbnHazm.IhkamFiUsulAhkam.Shia002905Vols-ara1""]",Same OpenITI work URI; retain versions separately.
dup_openiti_work_0456IbnHazm.JamharatAnsab,openiti_work_0456IbnHazm.JamharatAnsab,3,"[""openiti_dv_0456IbnHazm.JamharatAnsab.JK009221-ara1"",""openiti_dv_0456IbnHazm.JamharatAnsab.Masaha001960-ara1"",""openiti_dv_0456IbnHazm.JamharatAnsab.Shamela0009793-ara1""]",Same OpenITI work URI; retain versions separately.
dup_openiti_work_0456IbnHazm.JawamicSira,openiti_work_0456IbnHazm.JawamicSira,3,"[""openiti_dv_0456IbnHazm.JawamicSira.JK011036-ara1"",""openiti_dv_0456IbnHazm.JawamicSira.Shamela0001036-ara1"",""openiti_dv_0456IbnHazm.JawamicSira.Shamela0009728-ara1""]",Same OpenITI work URI; retain versions separately.
dup_openiti_work_0456IbnHazm.MaratibIjmac,openiti_work_0456IbnHazm.MaratibIjmac,2,"[""openiti_dv_0456IbnHazm.MaratibIjmac.JK000182-ara1"",""openiti_dv_0456IbnHazm.MaratibIjmac.Shamela0012446-ara1""]",Same OpenITI work URI; retain versions separately.
dup_openiti_work_0456IbnHazm.MuhallaBiAthar,openiti_work_0456IbnHazm.MuhallaBiAthar,5,"[""openiti_dv_0456IbnHazm.MuhallaBiAthar.JK000229-ara1"",""openiti_dv_0456IbnHazm.MuhallaBiAthar.JK000538-ara1"",""openiti_dv_0456IbnHazm.MuhallaBiAthar.ShamAY0034276-ara1"",""openiti_dv_0456IbnHazm.MuhallaBiAthar.Shamela0000767-ara1"",""openiti_dv_0456IbnHazm.MuhallaBiAthar.Shia001028Vols-ara1""]",Same OpenITI work URI; retain versions separately.
dup_openiti_work_0456IbnHazm.NasikhWaMansukh,openiti_work_0456IbnHazm.NasikhWaMansukh,3,"[""openiti_dv_0456IbnHazm.NasikhWaMansukh.JK000452-ara1"",""openiti_dv_0456IbnHazm.NasikhWaMansukh.Shamela0002216-ara1"",""openiti_dv_0456IbnHazm.NasikhWaMansukh.Shia002540-ara1""]",Same OpenITI work URI; retain versions separately.
dup_openiti_work_0456IbnHazm.NubdhaKafiya,openiti_work_0456IbnHazm.NubdhaKafiya,2,"[""openiti_dv_0456IbnHazm.NubdhaKafiya.JK000283-ara1"",""openiti_dv_0456IbnHazm.NubdhaKafiya.Shamela0006321-ara1""]",Same OpenITI work URI; retain versions separately.
dup_openiti_work_0456IbnHazm.TaqribLiHaddMantiq,openiti_work_0456IbnHazm.TaqribLiHaddMantiq,2,"[""openiti_dv_0456IbnHazm.TaqribLiHaddMantiq.JK009305-ara1"",""openiti_dv_0456IbnHazm.TaqribLiHaddMantiq.Shamela0001028-ara1""]",Same OpenITI work URI; retain versions separately.
dup_openiti_work_0456IbnHazm.TawqHamama,openiti_work_0456IbnHazm.TawqHamama,2,"[""openiti_dv_0456IbnHazm.TawqHamama.JK009337-ara1"",""openiti_dv_0456IbnHazm.TawqHamama.Shamela0010518-ara1""]",Same OpenITI work URI; retain versions separately.
dup_openiti_work_0458AbuYaclaIbnFarra.Amali,openiti_work_0458AbuYaclaIbnFarra.Amali,2,"[""openiti_dv_0458AbuYaclaIbnFarra.Amali.Shamela0026579-ara1"",""openiti_dv_0458AbuYaclaIbnFarra.Amali.Shamela0029876-ara1""]",Same OpenITI work URI; retain versions separately.
dup_openiti_work_0458AbuYaclaIbnFarra.CuddaFiUsulFiqh,openiti_work_0458AbuYaclaIbnFarra.CuddaFiUsulFiqh,2,"[""openiti_dv_0458AbuYaclaIbnFarra.CuddaFiUsulFiqh.ShamAY0038640-ara1"",""openiti_dv_0458AbuYaclaIbnFarra.CuddaFiUsulFiqh.Shamela0022793-ara1""]",Same OpenITI work URI; retain versions separately.
dup_openiti_work_0458AbuYaclaIbnFarra.RusulMuluk,openiti_work_0458AbuYaclaIbnFarra.RusulMuluk,2,"[""openiti_dv_0458AbuYaclaIbnFarra.RusulMuluk.JK001316-ara1"",""openiti_dv_0458AbuYaclaIbnFarra.RusulMuluk.Shamela0007243-ara1""]",Same OpenITI work URI; retain versions separately.
dup_openiti_work_0458Bayhaqi.Adab,openiti_work_0458Bayhaqi.Adab,3,"[""openiti_dv_0458Bayhaqi.Adab.JK011283-ara1"",""openiti_dv_0458Bayhaqi.Adab.ShamAY0033542-ara1"",""openiti_dv_0458Bayhaqi.Adab.Shamela0008203-ara1""]",Same OpenITI work URI; retain versions separately.
dup_openiti_work_0458Bayhaqi.ArbacunaSughra,openiti_work_0458Bayhaqi.ArbacunaSughra,4,"[""openiti_dv_0458Bayhaqi.ArbacunaSughra.JK000733-ara1"",""openiti_dv_0458Bayhaqi.ArbacunaSughra.ShamAY0033600-ara1"",""openiti_dv_0458Bayhaqi.ArbacunaSughra.Shamela0012992-ara1"",""openiti_dv_0458Bayhaqi.ArbacunaSughra.Shia002107-ara1""]",Same OpenITI work URI; retain versions separately.
dup_openiti_work_0458Bayhaqi.AsmaWaSifat,openiti_work_0458Bayhaqi.AsmaWaSifat,3,"[""openiti_dv_0458Bayhaqi.AsmaWaSifat.JK011293-ara1"",""openiti_dv_0458Bayhaqi.AsmaWaSifat.ShamAY0033978-ara1"",""openiti_dv_0458Bayhaqi.AsmaWaSifat.Shamela0009270-ara1""]",Same OpenITI work URI; retain versions separately.
dup_openiti_work_0458Bayhaqi.BacthWaNushur,openiti_work_0458Bayhaqi.BacthWaNushur,5,"[""openiti_dv_0458Bayhaqi.BacthWaNushur.JK011320-ara1"",""openiti_dv_0458Bayhaqi.BacthWaNushur.Sham19Y0147811-ara1"",""openiti_dv_0458Bayhaqi.BacthWaNushur.ShamAY0033977-ara1"",""openiti_dv_0458Bayhaqi.BacthWaNushur.ShamAY0034010-ara1"",""openiti_dv_0458Bayhaqi.BacthWaNushur.Shamela0009292-ara1""]",Same OpenITI work URI; retain versions separately.
dup_openiti_work_0458Bayhaqi.BayanKhata,openiti_work_0458Bayhaqi.BayanKhata,2,"[""openiti_dv_0458Bayhaqi.BayanKhata.JK000711-ara1"",""openiti_dv_0458Bayhaqi.BayanKhata.Shamela0013085-ara1""]",Same OpenITI work URI; retain versions separately.
dup_openiti_work_0458Bayhaqi.DacawatKabir,openiti_work_0458Bayhaqi.DacawatKabir,2,"[""openiti_dv_0458Bayhaqi.DacawatKabir.JK007124-ara1"",""openiti_dv_0458Bayhaqi.DacawatKabir.Shamela0008970-ara1""]",Same OpenITI work URI; retain versions separately.
dup_openiti_work_0458Bayhaqi.DalailNubuwwa,openiti_work_0458Bayhaqi.DalailNubuwwa,4,"[""openiti_dv_0458Bayhaqi.DalailNubuwwa.JK006838-ara1"",""openiti_dv_0458Bayhaqi.DalailNubuwwa.Masaha002188Vols-ara1"",""openiti_dv_0458Bayhaqi.DalailNubuwwa.Shamela0007478-ara1"",""openiti_dv_0458Bayhaqi.DalailNubuwwa.Shamela0013115-ara1""]",Same OpenITI work URI; retain versions separately.
dup_openiti_work_0458Bayhaqi.FadailAwqat,openiti_work_0458Bayhaqi.FadailAwqat,3,"[""openiti_dv_0458Bayhaqi.FadailAwqat.JK000024-ara1"",""openiti_dv_0458Bayhaqi.FadailAwqat.Shamela0013134-ara1"",""openiti_dv_0458Bayhaqi.FadailAwqat.Shia002106-ara1""]",Same OpenITI work URI; retain versions separately.
dup_openiti_work_0458Bayhaqi.HayatAnbiya,openiti_work_0458Bayhaqi.HayatAnbiya,2,"[""openiti_dv_0458Bayhaqi.HayatAnbiya.JK000949-ara1"",""openiti_dv_0458Bayhaqi.HayatAnbiya.Shamela0013114-ara1""]",Same OpenITI work URI; retain versions separately.
dup_openiti_work_0458Bayhaqi.Ictiqad,openiti_work_0458Bayhaqi.Ictiqad,3,"[""openiti_dv_0458Bayhaqi.Ictiqad.JK000698-ara1"",""openiti_dv_0458Bayhaqi.Ictiqad.ShamAY0034009-ara1"",""openiti_dv_0458Bayhaqi.Ictiqad.Shamela0012997-ara1""]",Same OpenITI work URI; retain versions separately.
dup_openiti_work_0458Bayhaqi.IthbatCadhabQabr,openiti_work_0458Bayhaqi.IthbatCadhabQabr,4,"[""openiti_dv_0458Bayhaqi.IthbatCadhabQabr.JK000314-ara1"",""openiti_dv_0458Bayhaqi.IthbatCadhabQabr.ShamAY0034008-ara1"",""openiti_dv_0458Bayhaqi.IthbatCadhabQabr.Shamela0008258-ara1"",""openiti_dv_0458Bayhaqi.IthbatCadhabQabr.Shia002105-ara1""]",Same OpenITI work URI; retain versions separately.
dup_openiti_work_0458Bayhaqi.JamicFiKhatim,openiti_work_0458Bayhaqi.JamicFiKhatim,2,"[""openiti_dv_0458Bayhaqi.JamicFiKhatim.JK011331-ara1"",""openiti_dv_0458Bayhaqi.JamicFiKhatim.Shamela0009300-ara1""]",Same OpenITI work URI; retain versions separately.
dup_openiti_work_0458Bayhaqi.MacrifatSunanWaAthar,openiti_work_0458Bayhaqi.MacrifatSunanWaAthar,4,"[""openiti_dv_0458Bayhaqi.MacrifatSunanWaAthar.JK007027-ara1"",""openiti_dv_0458Bayhaqi.MacrifatSunanWaAthar.ShamAY0033950-ara1"",""openiti_dv_0458Bayhaqi.MacrifatSunanWaAthar.Shamela0002863-ara1"",""openiti_dv_0458Bayhaqi.MacrifatSunanWaAthar.Shia002108Vols-ara1""]",Same OpenITI work URI; retain versions separately.
dup_openiti_work_0458Bayhaqi.MadkhalIlaSunanKubra,openiti_work_0458Bayhaqi.MadkhalIlaSunanKubra,2,"[""openiti_dv_0458Bayhaqi.MadkhalIlaSunanKubra.JK000728-ara1"",""openiti_dv_0458Bayhaqi.MadkhalIlaSunanKubra.Shamela0013061-ara1""]",Same OpenITI work URI; retain versions separately.
dup_openiti_work_0458Bayhaqi.QadaWaQadar,openiti_work_0458Bayhaqi.QadaWaQadar,2,"[""openiti_dv_0458Bayhaqi.QadaWaQadar.JK009179-ara1"",""openiti_dv_0458Bayhaqi.QadaWaQadar.Shamela0013053-ara1""]",Same OpenITI work URI; retain versions separately.
dup_openiti_work_0458Bayhaqi.QiraaKhalfaImam,openiti_work_0458Bayhaqi.QiraaKhalfaImam,2,"[""openiti_dv_0458Bayhaqi.QiraaKhalfaImam.JK000631-ara1"",""openiti_dv_0458Bayhaqi.QiraaKhalfaImam.Shamela0001378-ara1""]",Same OpenITI work URI; retain versions separately.
dup_openiti_work_0458Bayhaqi.ShucabIman,openiti_work_0458Bayhaqi.ShucabIman,3,"[""openiti_dv_0458Bayhaqi.ShucabIman.JK000021-ara1"",""openiti_dv_0458Bayhaqi.ShucabIman.ShamAY0033962-ara1"",""openiti_dv_0458Bayhaqi.ShucabIman.Shamela0010660-ara1""]",Same OpenITI work URI; retain versions separately.
dup_openiti_work_0458Bayhaqi.SunanKubra,openiti_work_0458Bayhaqi.SunanKubra,6,"[""openiti_dv_0458Bayhaqi.SunanKubra.JK000484-ara1"",""openiti_dv_0458Bayhaqi.SunanKubra.Sham19Y0148486-ara1"",""openiti_dv_0458Bayhaqi.SunanKubra.ShamAY0033909-ara1"",""openiti_dv_0458Bayhaqi.SunanKubra.ShamAY0033917-ara1"",""openiti_dv_0458Bayhaqi.SunanKubra.Shamela0007861-ara1"",""openiti_dv_0458Bayhaqi.SunanKubra.Shia001754Vols-ara1""]",Same OpenITI work URI; retain versions separately.
dup_openiti_work_0458Bayhaqi.SunanSaghir,openiti_work_0458Bayhaqi.SunanSaghir,2,"[""openiti_dv_0458Bayhaqi.SunanSaghir.ShamAY0033602-ara1"",""openiti_dv_0458Bayhaqi.SunanSaghir.Shamela0012415-ara1""]",Same OpenITI work URI; retain versions separately.
dup_openiti_work_0458Bayhaqi.ZuhdKabir,openiti_work_0458Bayhaqi.ZuhdKabir,2,"[""openiti_dv_0458Bayhaqi.ZuhdKabir.JK001288-ara1"",""openiti_dv_0458Bayhaqi.ZuhdKabir.Shamela0013025-ara1""]",Same OpenITI work URI; retain versions separately.
dup_openiti_work_0458IbnSidaMursi.CadadFiLugha,openiti_work_0458IbnSidaMursi.CadadFiLugha,2,"[""openiti_dv_0458IbnSidaMursi.CadadFiLugha.JK000909-ara1"",""openiti_dv_0458IbnSidaMursi.CadadFiLugha.Shamela0006983-ara1""]",Same OpenITI work URI; retain versions separately.
dup_openiti_work_0458IbnSidaMursi.MuhkamWaMuhit,openiti_work_0458IbnSidaMursi.MuhkamWaMuhit,2,"[""openiti_dv_0458IbnSidaMursi.MuhkamWaMuhit.JK006962-ara1"",""openiti_dv_0458IbnSidaMursi.MuhkamWaMuhit.Shamela0009757-ara1""]",Same OpenITI work URI; retain versions separately.
dup_openiti_work_0458IbnSidaMursi.Mukhassas,openiti_work_0458IbnSidaMursi.Mukhassas,2,"[""openiti_dv_0458IbnSidaMursi.Mukhassas.JK000849-ara1"",""openiti_dv_0458IbnSidaMursi.Mukhassas.Shamela0003590-ara1""]",Same OpenITI work URI; retain versions separately.
dup_openiti_work_0458IbnSidaMursi.SharhMushkil,openiti_work_0458IbnSidaMursi.SharhMushkil,2,"[""openiti_dv_0458IbnSidaMursi.SharhMushkil.JK010775-ara1"",""openiti_dv_0458IbnSidaMursi.SharhMushkil.Shamela0000775-ara1""]",Same OpenITI work URI; retain versions separately.
dup_openiti_work_0458YahyaIbnSacidAntaki.Tarikh,openiti_work_0458YahyaIbnSacidAntaki.Tarikh,2,"[""openiti_dv_0458YahyaIbnSacidAntaki.Tarikh.Kraken22080816591301-ara1"",""openiti_dv_0458YahyaIbnSacidAntaki.Tarikh.Sham19Y0014512BK1-ara1""]",Same OpenITI work URI; retain versions separately.
dup_openiti_work_0459IbnSufi.Majdi,openiti_work_0459IbnSufi.Majdi,3,"[""openiti_dv_0459IbnSufi.Majdi.Masaha002861-ara1"",""openiti_dv_0459IbnSufi.Majdi.Shia003445-ara1"",""openiti_dv_0459IbnSufi.Majdi.Zaydiyya0000156-ara1""]",Same OpenITI work URI; retain versions separately.
dup_openiti_work_0460AbuIshaqIlbiri.Diwan,openiti_work_0460AbuIshaqIlbiri.Diwan,3,"[""openiti_dv_0460AbuIshaqIlbiri.Diwan.JK000032-ara1"",""openiti_dv_0460AbuIshaqIlbiri.Diwan.JK007563-ara1"",""openiti_dv_0460AbuIshaqIlbiri.Diwan.Shamela0006869-ara1""]",Same OpenITI work URI; retain versions separately.
dup_openiti_work_0460IbnSharafQayruwani.MasailIntiqad,openiti_work_0460IbnSharafQayruwani.MasailIntiqad,2,"[""openiti_dv_0460IbnSharafQayruwani.MasailIntiqad.JK010786-ara1"",""openiti_dv_0460IbnSharafQayruwani.MasailIntiqad.Shamela0000786-ara1""]",Same OpenITI work URI; retain versions separately.
dup_openiti_work_0460ShaykhTusi.Amali,openiti_work_0460ShaykhTusi.Amali,2,"[""openiti_dv_0460ShaykhTusi.Amali.Shia001334-ara1"",""openiti_dv_0460ShaykhTusi.Amali.Zaydiyya0000277-ara1""]",Same OpenITI work URI; retain versions separately.
dup_openiti_work_0460ShaykhTusi.CiddatUsul,openiti_work_0460ShaykhTusi.CiddatUsul,2,"[""openiti_dv_0460ShaykhTusi.CiddatUsul.Shia002748Vols-ara1"",""openiti_dv_0460ShaykhTusi.CiddatUsul.Shia002750Vols-ara1""]",Same OpenITI work URI; retain versions separately.
dup_openiti_work_0460ShaykhTusi.Fihrist,openiti_work_0460ShaykhTusi.Fihrist,2,"[""openiti_dv_0460ShaykhTusi.Fihrist.Shia002934-ara1"",""openiti_dv_0460ShaykhTusi.Fihrist.Zaydiyya0000284-ara1""]",Same OpenITI work URI; retain versions separately.
dup_openiti_work_0460ShaykhTusi.Ghayba,openiti_work_0460ShaykhTusi.Ghayba,3,"[""openiti_dv_0460ShaykhTusi.Ghayba.Masaha002069Vols-ara1"",""openiti_dv_0460ShaykhTusi.Ghayba.Shia001335-ara1"",""openiti_dv_0460ShaykhTusi.Ghayba.Zaydiyya0000283-ara1""]",Same OpenITI work URI; retain versions separately.
dup_openiti_work_0460ShaykhTusi.IkhtiyarMacrifatRijal,openiti_work_0460ShaykhTusi.IkhtiyarMacrifatRijal,3,"[""openiti_dv_0460ShaykhTusi.IkhtiyarMacrifatRijal.Masaha000524Vols-ara1"",""openiti_dv_0460ShaykhTusi.IkhtiyarMacrifatRijal.Shia002932VolsBK1-ara1"",""openiti_dv_0460ShaykhTusi.IkhtiyarMacrifatRijal.Zaydiyya0000278-ara1""]",Same OpenITI work URI; retain versions separately.
dup_openiti_work_0460ShaykhTusi.Iqtisad,openiti_work_0460ShaykhTusi.Iqtisad,3,"[""openiti_dv_0460ShaykhTusi.Iqtisad.Masaha001015-ara1"",""openiti_dv_0460ShaykhTusi.Iqtisad.Rafed0003319-ara2"",""openiti_dv_0460ShaykhTusi.Iqtisad.Shia000025-ara1""]",Same OpenITI work URI; retain versions separately.
dup_openiti_work_0460ShaykhTusi.RasailCashar,openiti_work_0460ShaykhTusi.RasailCashar,3,"[""openiti_dv_0460ShaykhTusi.RasailCashar.Masaha001023-ara1"",""openiti_dv_0460ShaykhTusi.RasailCashar.Rafed0001252-ara1"",""openiti_dv_0460ShaykhTusi.RasailCashar.Shia000032-ara1""]",Same OpenITI work URI; retain versions separately.
dup_openiti_work_0460ShaykhTusi.Rijal,openiti_work_0460ShaykhTusi.Rijal,2,"[""openiti_dv_0460ShaykhTusi.Rijal.Shia002935-ara1"",""openiti_dv_0460ShaykhTusi.Rijal.Zaydiyya0000285-ara1""]",Same OpenITI work URI; retain versions separately.
dup_openiti_work_0460ShaykhTusi.TahdhibAhkam,openiti_work_0460ShaykhTusi.TahdhibAhkam,2,"[""openiti_dv_0460ShaykhTusi.TahdhibAhkam.Shia001161Vols-ara1"",""openiti_dv_0460ShaykhTusi.TahdhibAhkam.Zaydiyya0000302-ara1""]",Same OpenITI work URI; retain versions separately.
dup_openiti_work_0460ShaykhTusi.Tibyan,openiti_work_0460ShaykhTusi.Tibyan,3,"[""openiti_dv_0460ShaykhTusi.Tibyan.Shia002341Vols-ara1"",""openiti_dv_0460ShaykhTusi.Tibyan.Tafsir04039-ara1"",""openiti_dv_0460ShaykhTusi.Tibyan.Zaydiyya0000279-ara1""]",Same OpenITI work URI; retain versions separately.
dup_openiti_work_0461IbnHusaynSughdi.NutafFifatawa,openiti_work_0461IbnHusaynSughdi.NutafFifatawa,2,"[""openiti_dv_0461IbnHusaynSughdi.NutafFifatawa.JK000282-ara1"",""openiti_dv_0461IbnHusaynSughdi.NutafFifatawa.Shamela0006178-ara1""]",Same OpenITI work URI; retain versions separately.
dup_openiti_work_0463IbnCabdBarr.AdabMujalasa,openiti_work_0463IbnCabdBarr.AdabMujalasa,3,"[""openiti_dv_0463IbnCabdBarr.AdabMujalasa.JK000035-ara1"",""openiti_dv_0463IbnCabdBarr.AdabMujalasa.Shamela0006780-ara1"",""openiti_dv_0463IbnCabdBarr.AdabMujalasa.Shia002115-ara1""]",Same OpenITI work URI; retain versions separately.
dup_openiti_work_0463IbnCabdBarr.Durar,openiti_work_0463IbnCabdBarr.Durar,3,"[""openiti_dv_0463IbnCabdBarr.Durar.JK000118-ara1"",""openiti_dv_0463IbnCabdBarr.Durar.Shamela0010695-ara1"",""openiti_dv_0463IbnCabdBarr.Durar.Shia002155-ara1""]",Same OpenITI work URI; retain versions separately.
dup_openiti_work_0463IbnCabdBarr.InbahCalaQabail,openiti_work_0463IbnCabdBarr.InbahCalaQabail,3,"[""openiti_dv_0463IbnCabdBarr.InbahCalaQabail.JK000948-ara1"",""openiti_dv_0463IbnCabdBarr.InbahCalaQabail.Shamela0006696-ara1"",""openiti_dv_0463IbnCabdBarr.InbahCalaQabail.Shia002117-ara1""]",Same OpenITI work URI; retain versions separately.
dup_openiti_work_0463IbnCabdBarr.Insaf,openiti_work_0463IbnCabdBarr.Insaf,2,"[""openiti_dv_0463IbnCabdBarr.Insaf.JK011303-ara1"",""openiti_dv_0463IbnCabdBarr.Insaf.Shamela0013000-ara1""]",Same OpenITI work URI; retain versions separately.
dup_openiti_work_0463IbnCabdBarr.IntiqaFiFadail,openiti_work_0463IbnCabdBarr.IntiqaFiFadail,3,"[""openiti_dv_0463IbnCabdBarr.IntiqaFiFadail.JK001033-ara1"",""openiti_dv_0463IbnCabdBarr.IntiqaFiFadail.Shamela0006733-ara1"",""openiti_dv_0463IbnCabdBarr.IntiqaFiFadail.Shia002118-ara1""]",Same OpenITI work URI; retain versions separately.
dup_openiti_work_0463IbnCabdBarr.IsticabFiMacrifatAshab,openiti_work_0463IbnCabdBarr.IsticabFiMacrifatAshab,4,"[""openiti_dv_0463IbnCabdBarr.IsticabFiMacrifatAshab.JK000778-ara1"",""openiti_dv_0463IbnCabdBarr.IsticabFiMacrifatAshab.Shamela0012288-ara1"",""openiti_dv_0463IbnCabdBarr.IsticabFiMacrifatAshab.Shia002127Vols-ara1"",""openiti_dv_0463IbnCabdBarr.IsticabFiMacrifatAshab.Zaydiyya0000058-ara1""]",Same OpenITI work URI; retain versions separately.
dup_openiti_work_0463IbnCabdBarr.IstidhkarJamic,openiti_work_0463IbnCabdBarr.IstidhkarJamic,4,"[""openiti_dv_0463IbnCabdBarr.IstidhkarJamic.JK001503-ara1"",""openiti_dv_0463IbnCabdBarr.IstidhkarJamic.ShamAY0033530-ara1"",""openiti_dv_0463IbnCabdBarr.IstidhkarJamic.Shamela0001722-ara1"",""openiti_dv_0463IbnCabdBarr.IstidhkarJamic.Shia002119Vols-ara1""]",Same OpenITI work URI; retain versions separately.
dup_openiti_work_0463IbnCabdBarr.JamicBayan,openiti_work_0463IbnCabdBarr.JamicBayan,5,"[""openiti_dv_0463IbnCabdBarr.JamicBayan.JK000005-ara1"",""openiti_dv_0463IbnCabdBarr.JamicBayan.ShamAY0033956-ara1"",""openiti_dv_0463IbnCabdBarr.JamicBayan.ShamAY0034003-ara1"",""openiti_dv_0463IbnCabdBarr.JamicBayan.Shamela0022367-ara1"",""openiti_dv_0463IbnCabdBarr.JamicBayan.Shia002159Vols-ara1""]",Same OpenITI work URI; retain versions separately.
dup_openiti_work_0463IbnCabdBarr.KafiFiFiqh,openiti_work_0463IbnCabdBarr.KafiFiFiqh,4,"[""openiti_dv_0463IbnCabdBarr.KafiFiFiqh.JK000881-ara1"",""openiti_dv_0463IbnCabdBarr.KafiFiFiqh.ShamAY0034246-ara1"",""openiti_dv_0463IbnCabdBarr.KafiFiFiqh.Shamela0007367-ara1"",""openiti_dv_0463IbnCabdBarr.KafiFiFiqh.Shia002157-ara1""]",Same OpenITI work URI; retain versions separately.
dup_openiti_work_0463IbnCabdBarr.TamhidMuwatta,openiti_work_0463IbnCabdBarr.TamhidMuwatta,3,"[""openiti_dv_0463IbnCabdBarr.TamhidMuwatta.JK000585-ara1"",""openiti_dv_0463IbnCabdBarr.TamhidMuwatta.Shamela0001719-ara1"",""openiti_dv_0463IbnCabdBarr.TamhidMuwatta.Shia002131Vols-ara1""]",Same OpenITI work URI; retain versions separately.
dup_openiti_work_0463IbnRashiqQayrawani.CumdaFiMahasinShicr,openiti_work_0463IbnRashiqQayrawani.CumdaFiMahasinShicr,2,"[""openiti_dv_0463IbnRashiqQayrawani.CumdaFiMahasinShicr.JK010637-ara1"",""openiti_dv_0463IbnRashiqQayrawani.CumdaFiMahasinShicr.Shamela0010909-ara1""]",Same OpenITI work URI; retain versions separately.
dup_openiti_work_0463IbnRashiqQayrawani.Diwan,openiti_work_0463IbnRashiqQayrawani.Diwan,2,"[""openiti_dv_0463IbnRashiqQayrawani.Diwan.JK007596-ara1"",""openiti_dv_0463IbnRashiqQayrawani.Diwan.ShamAY0037868-ara1""]",Same OpenITI work URI; retain versions separately.
dup_openiti_work_0463IbnZaydun.Diwan,openiti_work_0463IbnZaydun.Diwan,2,"[""openiti_dv_0463IbnZaydun.Diwan.JK007568-ara1"",""openiti_dv_0463IbnZaydun.Diwan.ShamAY0037870-ara1""]",Same OpenITI work URI; retain versions separately.
dup_openiti_work_0463KhatibBaghdadi.AsmaMubhama,openiti_work_0463KhatibBaghdadi.AsmaMubhama,2,"[""openiti_dv_0463KhatibBaghdadi.AsmaMubhama.JK009142-ara1"",""openiti_dv_0463KhatibBaghdadi.AsmaMubhama.Shamela0005815-ara1""]",Same OpenITI work URI; retain versions separately.
dup_openiti_work_0463KhatibBaghdadi.FaqihWaMutafaqqih,openiti_work_0463KhatibBaghdadi.FaqihWaMutafaqqih,2,"[""openiti_dv_0463KhatibBaghdadi.FaqihWaMutafaqqih.JK007078-ara1"",""openiti_dv_0463KhatibBaghdadi.FaqihWaMutafaqqih.Shamela0013048-ara1""]",Same OpenITI work URI; retain versions separately.
dup_openiti_work_0463KhatibBaghdadi.FaslLiWaslMudrajFiNaql,openiti_work_0463KhatibBaghdadi.FaslLiWaslMudrajFiNaql,2,"[""openiti_dv_0463KhatibBaghdadi.FaslLiWaslMudrajFiNaql.JK000720-ara1"",""openiti_dv_0463KhatibBaghdadi.FaslLiWaslMudrajFiNaql.Shamela0010842-ara1""]",Same OpenITI work URI; retain versions separately.
dup_openiti_work_0463KhatibBaghdadi.GhunyatMultamis,openiti_work_0463KhatibBaghdadi.GhunyatMultamis,2,"[""openiti_dv_0463KhatibBaghdadi.GhunyatMultamis.JK007120-ara1"",""openiti_dv_0463KhatibBaghdadi.GhunyatMultamis.Shamela0005777-ara1""]",Same OpenITI work URI; retain versions separately.
dup_openiti_work_0463KhatibBaghdadi.HadithSittaMinTabicin,openiti_work_0463KhatibBaghdadi.HadithSittaMinTabicin,3,"[""openiti_dv_0463KhatibBaghdadi.HadithSittaMinTabicin.JK000636-ara1"",""openiti_dv_0463KhatibBaghdadi.HadithSittaMinTabicin.Shamela0005673-ara1"",""openiti_dv_0463KhatibBaghdadi.HadithSittaMinTabicin.Shia002161-ara1""]",Same OpenITI work URI; retain versions separately.
dup_openiti_work_0463KhatibBaghdadi.IhtijajBiShafici,openiti_work_0463KhatibBaghdadi.IhtijajBiShafici,2,"[""openiti_dv_0463KhatibBaghdadi.IhtijajBiShafici.JK000275-ara1"",""openiti_dv_0463KhatibBaghdadi.IhtijajBiShafici.Shamela0006353-ara1""]",Same OpenITI work URI; retain versions separately.
dup_openiti_work_0463KhatibBaghdadi.IqtidaCilmCamal,openiti_work_0463KhatibBaghdadi.IqtidaCilmCamal,3,"[""openiti_dv_0463KhatibBaghdadi.IqtidaCilmCamal.JK000607-ara1"",""openiti_dv_0463KhatibBaghdadi.IqtidaCilmCamal.Shamela0012985-ara1"",""openiti_dv_0463KhatibBaghdadi.IqtidaCilmCamal.Shia002116-ara1""]",Same OpenITI work URI; retain versions separately.
dup_openiti_work_0463KhatibBaghdadi.JamicLiAkhlaqRawiWaAdabSamic,openiti_work_0463KhatibBaghdadi.JamicLiAkhlaqRawiWaAdabSamic,2,"[""openiti_dv_0463KhatibBaghdadi.JamicLiAkhlaqRawiWaAdabSamic.JK000761-ara1"",""openiti_dv_0463KhatibBaghdadi.JamicLiAkhlaqRawiWaAdabSamic.Shamela0013012-ara1""]",Same OpenITI work URI; retain versions separately.
dup_openiti_work_0463KhatibBaghdadi.JuzTuruqHadithIbnCumarFiTaraiHilal,openiti_work_0463KhatibBaghdadi.JuzTuruqHadithIbnCumarFiTaraiHilal,4,"[""openiti_dv_0463KhatibBaghdadi.JuzTuruqHadithIbnCumarFiTaraiHilal.JK009195-ara1"",""openiti_dv_0463KhatibBaghdadi.JuzTuruqHadithIbnCumarFiTaraiHilal.ShamAY0033621-ara1"",""openiti_dv_0463KhatibBaghdadi.JuzTuruqHadithIbnCumarFiTaraiHilal.ShamAY0033682-ara1"",""openiti_dv_0463KhatibBaghdadi.JuzTuruqHadithIbnCumarFiTaraiHilal.Shamela0001932-ara1""]",Same OpenITI work URI; retain versions separately.
dup_openiti_work_0463KhatibBaghdadi.KalamCalaSifat,openiti_work_0463KhatibBaghdadi.KalamCalaSifat,3,"[""openiti_dv_0463KhatibBaghdadi.KalamCalaSifat.JK009382-ara1"",""openiti_dv_0463KhatibBaghdadi.KalamCalaSifat.ShamAY0035236-ara1"",""openiti_dv_0463KhatibBaghdadi.KalamCalaSifat.ShamAY0035653-ara1""]",Same OpenITI work URI; retain versions separately.
dup_openiti_work_0463KhatibBaghdadi.KifayaFiCilmRiwaya,openiti_work_0463KhatibBaghdadi.KifayaFiCilmRiwaya,4,"[""openiti_dv_0463KhatibBaghdadi.KifayaFiCilmRiwaya.JK000135-ara1"",""openiti_dv_0463KhatibBaghdadi.KifayaFiCilmRiwaya.ShamAY0033976-ara1"",""openiti_dv_0463KhatibBaghdadi.KifayaFiCilmRiwaya.Shamela0013055-ara1"",""openiti_dv_0463KhatibBaghdadi.KifayaFiCilmRiwaya.Shia002158-ara1""]",Same OpenITI work URI; retain versions separately.
dup_openiti_work_0463KhatibBaghdadi.MuntakhabMinZuhdWaRaqaiq,openiti_work_0463KhatibBaghdadi.MuntakhabMinZuhdWaRaqaiq,2,"[""openiti_dv_0463KhatibBaghdadi.MuntakhabMinZuhdWaRaqaiq.JK009186-ara1"",""openiti_dv_0463KhatibBaghdadi.MuntakhabMinZuhdWaRaqaiq.Shamela0022551-ara1""]",Same OpenITI work URI; retain versions separately.
dup_openiti_work_0463KhatibBaghdadi.MuwaddihAwham,openiti_work_0463KhatibBaghdadi.MuwaddihAwham,2,"[""openiti_dv_0463KhatibBaghdadi.MuwaddihAwham.JK000776-ara1"",""openiti_dv_0463KhatibBaghdadi.MuwaddihAwham.Shamela0006025-ara1""]",Same OpenITI work URI; retain versions separately.
dup_openiti_work_0463KhatibBaghdadi.NasihatAhlHadith,openiti_work_0463KhatibBaghdadi.NasihatAhlHadith,3,"[""openiti_dv_0463KhatibBaghdadi.NasihatAhlHadith.JK000632-ara1"",""openiti_dv_0463KhatibBaghdadi.NasihatAhlHadith.Shamela0005646-ara1"",""openiti_dv_0463KhatibBaghdadi.NasihatAhlHadith.Shia002162-ara1""]",Same OpenITI work URI; retain versions separately.
dup_openiti_work_0463KhatibBaghdadi.RihlaFiTalabCilm,openiti_work_0463KhatibBaghdadi.RihlaFiTalabCilm,3,"[""openiti_dv_0463KhatibBaghdadi.RihlaFiTalabCilm.JK000727-ara1"",""openiti_dv_0463KhatibBaghdadi.RihlaFiTalabCilm.Shamela0013020-ara1"",""openiti_dv_0463KhatibBaghdadi.RihlaFiTalabCilm.Shia002156-ara1""]",Same OpenITI work URI; retain versions separately.
dup_openiti_work_0463KhatibBaghdadi.SharafAshabHadith,openiti_work_0463KhatibBaghdadi.SharafAshabHadith,2,"[""openiti_dv_0463KhatibBaghdadi.SharafAshabHadith.JK000837-ara1"",""openiti_dv_0463KhatibBaghdadi.SharafAshabHadith.Shamela0013125-ara1""]",Same OpenITI work URI; retain versions separately.
dup_openiti_work_0463KhatibBaghdadi.TaliTalkhisMutashabih,openiti_work_0463KhatibBaghdadi.TaliTalkhisMutashabih,2,"[""openiti_dv_0463KhatibBaghdadi.TaliTalkhisMutashabih.JK000617-ara1"",""openiti_dv_0463KhatibBaghdadi.TaliTalkhisMutashabih.Shamela0006003-ara1""]",Same OpenITI work URI; retain versions separately.
dup_openiti_work_0463KhatibBaghdadi.TaqyidCilm,openiti_work_0463KhatibBaghdadi.TaqyidCilm,2,"[""openiti_dv_0463KhatibBaghdadi.TaqyidCilm.JK000627-ara1"",""openiti_dv_0463KhatibBaghdadi.TaqyidCilm.Shamela0013089-ara1""]",Same OpenITI work URI; retain versions separately.
dup_openiti_work_0463KhatibBaghdadi.TarikhBaghdad,openiti_work_0463KhatibBaghdadi.TarikhBaghdad,9,"[""openiti_dv_0463KhatibBaghdadi.TarikhBaghdad.JK000885-ara1"",""openiti_dv_0463KhatibBaghdadi.TarikhBaghdad.Sham30K0000736-ara1"",""openiti_dv_0463KhatibBaghdadi.TarikhBaghdad.Sham30K0023764-ara1"",""openiti_dv_0463KhatibBaghdadi.TarikhBaghdad.Sham30K0032383-ara1"",""openiti_dv_0463KhatibBaghdadi.TarikhBaghdad.Sham30K0036293-ara2"",""openiti_dv_0463KhatibBaghdadi.TarikhBaghdad.Sham30K0045859-ara1"",""openiti_dv_0463KhatibBaghdadi.TarikhBaghdad.Shamela0000736-ara2"",""openiti_dv_0463KhatibBaghdadi.TarikhBaghdad.Shamela0023764BK1-ara1"",""openiti_dv_0463KhatibBaghdadi.TarikhBaghdad.Shia003129Vols-ara1""]",Same OpenITI work URI; retain versions separately.
dup_openiti_work_0465IbnHawazinQushayri.LataifIsharat,openiti_work_0465IbnHawazinQushayri.LataifIsharat,3,"[""openiti_dv_0465IbnHawazinQushayri.LataifIsharat.JK009257-ara1"",""openiti_dv_0465IbnHawazinQushayri.LataifIsharat.Shamela0023629-ara1"",""openiti_dv_0465IbnHawazinQushayri.LataifIsharat.Tafsir03031-ara1""]",Same OpenITI work URI; retain versions separately.
dup_openiti_work_0465IbnHawazinQushayri.RisalaQushayriyya,openiti_work_0465IbnHawazinQushayri.RisalaQushayriyya,2,"[""openiti_dv_0465IbnHawazinQushayri.RisalaQushayriyya.JK009321-ara1"",""openiti_dv_0465IbnHawazinQushayri.RisalaQushayriyya.Shamela0009953-ara1""]",Same OpenITI work URI; retain versions separately.
dup_openiti_work_0465IbnMuhtadi.Mashyakha,openiti_work_0465IbnMuhtadi.Mashyakha,2,"[""openiti_dv_0465IbnMuhtadi.Mashyakha.ShamAY0032750-ara1"",""openiti_dv_0465IbnMuhtadi.Mashyakha.ShamAY0032959-ara1""]",Same OpenITI work URI; retain versions separately.
dup_openiti_work_0466CabdCazizKattani.DhaylTarikhMawlidCulama,openiti_work_0466CabdCazizKattani.DhaylTarikhMawlidCulama,2,"[""openiti_dv_0466CabdCazizKattani.DhaylTarikhMawlidCulama.JK000770-ara1"",""openiti_dv_0466CabdCazizKattani.DhaylTarikhMawlidCulama.Shamela0005790-ara1""]",Same OpenITI work URI; retain versions separately.
dup_openiti_work_0466IbnSinanKhafaji.Diwan,openiti_work_0466IbnSinanKhafaji.Diwan,2,"[""openiti_dv_0466IbnSinanKhafaji.Diwan.JK007620-ara1"",""openiti_dv_0466IbnSinanKhafaji.Diwan.ShamAY0037956-ara1""]",Same OpenITI work URI; retain versions separately.
dup_openiti_work_0466IbnSinanKhafaji.SirrFasaha,openiti_work_0466IbnSinanKhafaji.SirrFasaha,3,"[""openiti_dv_0466IbnSinanKhafaji.SirrFasaha.JK001090-ara1"",""openiti_dv_0466IbnSinanKhafaji.SirrFasaha.Rafed0002077-ara1"",""openiti_dv_0466IbnSinanKhafaji.SirrFasaha.Shamela0011239-ara1""]",Same OpenITI work URI; retain versions separately.
dup_openiti_work_0467IbnHasanBakharzi.Diwan,openiti_work_0467IbnHasanBakharzi.Diwan,2,"[""openiti_dv_0467IbnHasanBakharzi.Diwan.JK007600-ara1"",""openiti_dv_0467IbnHasanBakharzi.Diwan.ShamAY0037843-ara1""]",Same OpenITI work URI; retain versions separately.
dup_openiti_work_0467IbnHasanBakharzi.DumyatQasr,openiti_work_0467IbnHasanBakharzi.DumyatQasr,2,"[""openiti_dv_0467IbnHasanBakharzi.DumyatQasr.JK009211-ara1"",""openiti_dv_0467IbnHasanBakharzi.DumyatQasr.Shamela0010665-ara1""]",Same OpenITI work URI; retain versions separately.
dup_openiti_work_0468IbnAhmadWahidiNaysaburi.AsbabNuzul,openiti_work_0468IbnAhmadWahidiNaysaburi.AsbabNuzul,5,"[""openiti_dv_0468IbnAhmadWahidiNaysaburi.AsbabNuzul.ShamAY0036736-ara1"",""openiti_dv_0468IbnAhmadWahidiNaysaburi.AsbabNuzul.ShamAY0036754-ara1"",""openiti_dv_0468IbnAhmadWahidiNaysaburi.AsbabNuzul.Shamela0011314-ara1"",""openiti_dv_0468IbnAhmadWahidiNaysaburi.AsbabNuzul.Shamela0011456-ara1"",""openiti_dv_0468IbnAhmadWahidiNaysaburi.AsbabNuzul.Shia002541-ara1""]",Same OpenITI work URI; retain versions separately.
dup_openiti_work_0468IbnAhmadWahidiNaysaburi.SharhDiwanMutanabbi,openiti_work_0468IbnAhmadWahidiNaysaburi.SharhDiwanMutanabbi,2,"[""openiti_dv_0468IbnAhmadWahidiNaysaburi.SharhDiwanMutanabbi.JK010754-ara1"",""openiti_dv_0468IbnAhmadWahidiNaysaburi.SharhDiwanMutanabbi.Shamela0000754-ara1""]",Same OpenITI work URI; retain versions separately.
dup_openiti_work_0468IbnAhmadWahidiNaysaburi.WajizFiTafsir,openiti_work_0468IbnAhmadWahidiNaysaburi.WajizFiTafsir,4,"[""openiti_dv_0468IbnAhmadWahidiNaysaburi.WajizFiTafsir.JK000462-ara1"",""openiti_dv_0468IbnAhmadWahidiNaysaburi.WajizFiTafsir.Shamela0002547-ara1"",""openiti_dv_0468IbnAhmadWahidiNaysaburi.WajizFiTafsir.Shia002542Vols-ara1"",""openiti_dv_0468IbnAhmadWahidiNaysaburi.WajizFiTafsir.Tafsir08060-ara1""]",Same OpenITI work URI; retain versions separately.
dup_openiti_work_0468IbnMuhammadMihrawani.Fawaid,openiti_work_0468IbnMuhammadMihrawani.Fawaid,3,"[""openiti_dv_0468IbnMuhammadMihrawani.Fawaid.JK007015-ara1"",""openiti_dv_0468IbnMuhammadMihrawani.Fawaid.ShamAY0033616-ara1"",""openiti_dv_0468IbnMuhammadMihrawani.Fawaid.Shamela0000727-ara1""]",Same OpenITI work URI; retain versions separately.
dup_openiti_work_0469IbnHayyanQurtubi.Muqtabas,openiti_work_0469IbnHayyanQurtubi.Muqtabas,2,"[""openiti_dv_0469IbnHayyanQurtubi.Muqtabas.JK010333-ara1"",""openiti_dv_0469IbnHayyanQurtubi.Muqtabas.Shamela0016439-ara1""]",Same OpenITI work URI; retain versions separately.
dup_openiti_work_0470IbnAjdabi.KifayatMutahaffiz,openiti_work_0470IbnAjdabi.KifayatMutahaffiz,2,"[""openiti_dv_0470IbnAjdabi.KifayatMutahaffiz.JK001193-ara1"",""openiti_dv_0470IbnAjdabi.KifayatMutahaffiz.Shamela0007061-ara1""]",Same OpenITI work URI; retain versions separately.
dup_openiti_work_0470MuayyadFiDinShirazi.Sira,openiti_work_0470MuayyadFiDinShirazi.Sira,2,"[""openiti_dv_0470MuayyadFiDinShirazi.Sira.Kraken210615213257-ara1"",""openiti_dv_0470MuayyadFiDinShirazi.Sira.Kraken210622021805-ara1""]",Same OpenITI work URI; retain versions separately.
dup_openiti_work_0471CabdQahirJurjani.AsrarBalagha,openiti_work_0471CabdQahirJurjani.AsrarBalagha,4,"[""openiti_dv_0471CabdQahirJurjani.AsrarBalagha.JK006906-ara1"",""openiti_dv_0471CabdQahirJurjani.AsrarBalagha.Sham19Y0017387-ara1"",""openiti_dv_0471CabdQahirJurjani.AsrarBalagha.ShamAY0032338-ara1"",""openiti_dv_0471CabdQahirJurjani.AsrarBalagha.Shamela0008187-ara1""]",Same OpenITI work URI; retain versions separately.
dup_openiti_work_0471CabdQahirJurjani.DalailIcjaz,openiti_work_0471CabdQahirJurjani.DalailIcjaz,6,"[""openiti_dv_0471CabdQahirJurjani.DalailIcjaz.JK001019-ara1"",""openiti_dv_0471CabdQahirJurjani.DalailIcjaz.Rafed0002081-ara1"",""openiti_dv_0471CabdQahirJurjani.DalailIcjaz.ShamAY0034098-ara1"",""openiti_dv_0471CabdQahirJurjani.DalailIcjaz.Shamela0012055-ara1"",""openiti_dv_0471CabdQahirJurjani.DalailIcjaz.Shamela0022664-ara1"",""openiti_dv_0471CabdQahirJurjani.DalailIcjaz.Shamela0037697-ara1""]",Same OpenITI work URI; retain versions separately.
dup_openiti_work_0471CabdQahirJurjani.DarjDurar,openiti_work_0471CabdQahirJurjani.DarjDurar,2,"[""openiti_dv_0471CabdQahirJurjani.DarjDurar.Sham19Y0122173-ara1"",""openiti_dv_0471CabdQahirJurjani.DarjDurar.Sham19Y0122187-ara1""]",Same OpenITI work URI; retain versions separately.
dup_openiti_work_0471IbnAhmadIbnBannaBaghdadi.RisalaMughniyya,openiti_work_0471IbnAhmadIbnBannaBaghdadi.RisalaMughniyya,2,"[""openiti_dv_0471IbnAhmadIbnBannaBaghdadi.RisalaMughniyya.JK000051-ara1"",""openiti_dv_0471IbnAhmadIbnBannaBaghdadi.RisalaMughniyya.Shamela0006782-ara1""]",Same OpenITI work URI; retain versions separately.
dup_openiti_work_0471IbnCaliBalkhi.Wakhshiyyat,openiti_work_0471IbnCaliBalkhi.Wakhshiyyat,2,"[""openiti_dv_0471IbnCaliBalkhi.Wakhshiyyat.Shamela0029984-ara1"",""openiti_dv_0471IbnCaliBalkhi.Wakhshiyyat.Shamela0029991-ara1""]",Same OpenITI work URI; retain versions separately.
dup_openiti_work_0471IbnMuhammadIsfaraini.TabsirFiDin,openiti_work_0471IbnMuhammadIsfaraini.TabsirFiDin,2,"[""openiti_dv_0471IbnMuhammadIsfaraini.TabsirFiDin.JK001248-ara1"",""openiti_dv_0471IbnMuhammadIsfaraini.TabsirFiDin.Shamela0006376-ara1""]",Same OpenITI work URI; retain versions separately.
dup_openiti_work_0473IbnHayyus.Diwan,openiti_work_0473IbnHayyus.Diwan,2,"[""openiti_dv_0473IbnHayyus.Diwan.JK007594-ara1"",""openiti_dv_0473IbnHayyus.Diwan.ShamAY0037864-ara1""]",Same OpenITI work URI; retain versions separately.
dup_openiti_work_0474IbnKhalafBaji.IsharaFiUsulFiqh,openiti_work_0474IbnKhalafBaji.IsharaFiUsulFiqh,2,"[""openiti_dv_0474IbnKhalafBaji.IsharaFiUsulFiqh.Sham19Y0017871-ara1"",""openiti_dv_0474IbnKhalafBaji.IsharaFiUsulFiqh.Sham19Y0020983-ara1""]",Same OpenITI work URI; retain versions separately.
dup_openiti_work_0474IbnKhalafBaji.MuntaqaSharhMuwatta,openiti_work_0474IbnKhalafBaji.MuntaqaSharhMuwatta,2,"[""openiti_dv_0474IbnKhalafBaji.MuntaqaSharhMuwatta.Sham19Y0006684-ara1"",""openiti_dv_0474IbnKhalafBaji.MuntaqaSharhMuwatta.Shamela0006684-ara1""]",Same OpenITI work URI; retain versions separately.
dup_openiti_work_0474IbnKhalafBaji.Nasiha,openiti_work_0474IbnKhalafBaji.Nasiha,2,"[""openiti_dv_0474IbnKhalafBaji.Nasiha.JK001285-ara1"",""openiti_dv_0474IbnKhalafBaji.Nasiha.Shamela0006865-ara1""]",Same OpenITI work URI; retain versions separately.
dup_openiti_work_0474IbnKhalafBaji.TacdilWaTajrih,openiti_work_0474IbnKhalafBaji.TacdilWaTajrih,4,"[""openiti_dv_0474IbnKhalafBaji.TacdilWaTajrih.JK000499-ara1"",""openiti_dv_0474IbnKhalafBaji.TacdilWaTajrih.ShamAY0034037-ara1"",""openiti_dv_0474IbnKhalafBaji.TacdilWaTajrih.Shamela0005851-ara1"",""openiti_dv_0474IbnKhalafBaji.TacdilWaTajrih.Shia003143Vols-ara1""]",Same OpenITI work URI; retain versions separately.
dup_openiti_work_0475IbnMakula.IkmalFiRafcIrtiyab,openiti_work_0475IbnMakula.IkmalFiRafcIrtiyab,3,"[""openiti_dv_0475IbnMakula.IkmalFiRafcIrtiyab.JK000582-ara1"",""openiti_dv_0475IbnMakula.IkmalFiRafcIrtiyab.Shamela0022659-ara1"",""openiti_dv_0475IbnMakula.IkmalFiRafcIrtiyab.Shia003146Vols-ara1""]",Same OpenITI work URI; retain versions separately.
dup_openiti_work_0475IbnMakula.TahdhibMustamirr,openiti_work_0475IbnMakula.TahdhibMustamirr,2,"[""openiti_dv_0475IbnMakula.TahdhibMustamirr.JK000773-ara1"",""openiti_dv_0475IbnMakula.TahdhibMustamirr.Shamela0005798-ara1""]",Same OpenITI work URI; retain versions separately.
dup_openiti_work_0475IbnMandahCabdWahhabIsbahani.Fawaid,openiti_work_0475IbnMandahCabdWahhabIsbahani.Fawaid,2,"[""openiti_dv_0475IbnMandahCabdWahhabIsbahani.Fawaid.JK010938-ara1"",""openiti_dv_0475IbnMandahCabdWahhabIsbahani.Fawaid.Shia002163-ara1""]",Same OpenITI work URI; retain versions separately.
dup_openiti_work_0476AbuIshaqShirazi.LumacFiUsulFiqh,openiti_work_0476AbuIshaqShirazi.LumacFiUsulFiqh,3,"[""openiti_dv_0476AbuIshaqShirazi.LumacFiUsulFiqh.JK000427-ara1"",""openiti_dv_0476AbuIshaqShirazi.LumacFiUsulFiqh.Shamela0008536-ara1"",""openiti_dv_0476AbuIshaqShirazi.LumacFiUsulFiqh.Shia002913-ara1""]",Same OpenITI work URI; retain versions separately.
dup_openiti_work_0476AbuIshaqShirazi.MacunaFiJadal,openiti_work_0476AbuIshaqShirazi.MacunaFiJadal,2,"[""openiti_dv_0476AbuIshaqShirazi.MacunaFiJadal.JK000230-ara1"",""openiti_dv_0476AbuIshaqShirazi.MacunaFiJadal.Shamela0006320-ara1""]",Same OpenITI work URI; retain versions separately.
dup_openiti_work_0476AbuIshaqShirazi.MuhadhdhabFiFiqh,openiti_work_0476AbuIshaqShirazi.MuhadhdhabFiFiqh,2,"[""openiti_dv_0476AbuIshaqShirazi.MuhadhdhabFiFiqh.JK000272-ara1"",""openiti_dv_0476AbuIshaqShirazi.MuhadhdhabFiFiqh.Shamela0011813-ara1""]",Same OpenITI work URI; retain versions separately.
dup_openiti_work_0476AbuIshaqShirazi.TabaqatFuqaha,openiti_work_0476AbuIshaqShirazi.TabaqatFuqaha,2,"[""openiti_dv_0476AbuIshaqShirazi.TabaqatFuqaha.JK000217-ara2"",""openiti_dv_0476AbuIshaqShirazi.TabaqatFuqaha.Shamela0001031-ara1""]",Same OpenITI work URI; retain versions separately.
dup_openiti_work_0476AbuIshaqShirazi.TabsiraFiUsulFiqh,openiti_work_0476AbuIshaqShirazi.TabsiraFiUsulFiqh,2,"[""openiti_dv_0476AbuIshaqShirazi.TabsiraFiUsulFiqh.JK000214-ara1"",""openiti_dv_0476AbuIshaqShirazi.TabsiraFiUsulFiqh.Shamela0025787-ara1""]",Same OpenITI work URI; retain versions separately.
dup_openiti_work_0476AbuIshaqShirazi.TanbihFiFiqhShafici,openiti_work_0476AbuIshaqShirazi.TanbihFiFiqhShafici,2,"[""openiti_dv_0476AbuIshaqShirazi.TanbihFiFiqhShafici.JK000303-ara1"",""openiti_dv_0476AbuIshaqShirazi.TanbihFiFiqhShafici.Shamela0007589-ara1""]",Same OpenITI work URI; retain versions separately.
dup_openiti_work_0477BibiHarawiyya.Juz,openiti_work_0477BibiHarawiyya.Juz,2,"[""openiti_dv_0477BibiHarawiyya.Juz.JK000643-ara1"",""openiti_dv_0477BibiHarawiyya.Juz.Shamela0005668-ara1""]",Same OpenITI work URI; retain versions separately.
dup_openiti_work_0478ImamHaramaynJuwayni.BurhanFiUsulFiqh,openiti_work_0478ImamHaramaynJuwayni.BurhanFiUsulFiqh,3,"[""openiti_dv_0478ImamHaramaynJuwayni.BurhanFiUsulFiqh.JK000781-ara1"",""openiti_dv_0478ImamHaramaynJuwayni.BurhanFiUsulFiqh.ShamAY0034188-ara1"",""openiti_dv_0478ImamHaramaynJuwayni.BurhanFiUsulFiqh.Shamela0007439-ara1""]",Same OpenITI work URI; retain versions separately.
dup_openiti_work_0478ImamHaramaynJuwayni.GhiyathUmam,openiti_work_0478ImamHaramaynJuwayni.GhiyathUmam,3,"[""openiti_dv_0478ImamHaramaynJuwayni.GhiyathUmam.JK000043-ara1"",""openiti_dv_0478ImamHaramaynJuwayni.GhiyathUmam.ShamAY0034346-ara1"",""openiti_dv_0478ImamHaramaynJuwayni.GhiyathUmam.Shamela0008323-ara1""]",Same OpenITI work URI; retain versions separately.
dup_openiti_work_0478ImamHaramaynJuwayni.IjtihadMinTalkhis,openiti_work_0478ImamHaramaynJuwayni.IjtihadMinTalkhis,2,"[""openiti_dv_0478ImamHaramaynJuwayni.IjtihadMinTalkhis.JK000185-ara1"",""openiti_dv_0478ImamHaramaynJuwayni.IjtihadMinTalkhis.Shamela0006352-ara1""]",Same OpenITI work URI; retain versions separately.
dup_openiti_work_0478ImamHaramaynJuwayni.LamcAdilla,openiti_work_0478ImamHaramaynJuwayni.LamcAdilla,3,"[""openiti_dv_0478ImamHaramaynJuwayni.LamcAdilla.JK001133-ara1"",""openiti_dv_0478ImamHaramaynJuwayni.LamcAdilla.Shamela0006398-ara1"",""openiti_dv_0478ImamHaramaynJuwayni.LamcAdilla.Shia004493-ara1""]",Same OpenITI work URI; retain versions separately.
dup_openiti_work_0478ImamHaramaynJuwayni.TalkhisFiUsulFiqh,openiti_work_0478ImamHaramaynJuwayni.TalkhisFiUsulFiqh,2,"[""openiti_dv_0478ImamHaramaynJuwayni.TalkhisFiUsulFiqh.JK007005-ara1"",""openiti_dv_0478ImamHaramaynJuwayni.TalkhisFiUsulFiqh.Shamela0006323-ara1""]",Same OpenITI work URI; retain versions separately.
dup_openiti_work_0478ImamHaramaynJuwayni.Waraqat,openiti_work_0478ImamHaramaynJuwayni.Waraqat,2,"[""openiti_dv_0478ImamHaramaynJuwayni.Waraqat.JK000308-ara1"",""openiti_dv_0478ImamHaramaynJuwayni.Waraqat.Shamela0006297-ara1""]",Same OpenITI work URI; retain versions separately.
dup_openiti_work_0478MutawalliNaysaburi.GhunyaFiUsulDin,openiti_work_0478MutawalliNaysaburi.GhunyaFiUsulDin,2,"[""openiti_dv_0478MutawalliNaysaburi.GhunyaFiUsulDin.JK001094-ara1"",""openiti_dv_0478MutawalliNaysaburi.GhunyaFiUsulDin.ShamAY0033882-ara1""]",Same OpenITI work URI; retain versions separately.
dup_openiti_work_0480IbnHaddadQaysi.Diwan,openiti_work_0480IbnHaddadQaysi.Diwan,2,"[""openiti_dv_0480IbnHaddadQaysi.Diwan.JK007573-ara1"",""openiti_dv_0480IbnHaddadQaysi.Diwan.ShamAY0037849-ara1""]",Same OpenITI work URI; retain versions separately.
dup_openiti_work_0480IbnHilalSabi.HafawatNadira,openiti_work_0480IbnHilalSabi.HafawatNadira,2,"[""openiti_dv_0480IbnHilalSabi.HafawatNadira.ShamAY0001528-ara1"",""openiti_dv_0480IbnHilalSabi.HafawatNadira.Shamela0005363-ara1""]",Same OpenITI work URI; retain versions separately.
dup_openiti_work_0481AnsariHarawi.ArbacunaFiDalailTawhid,openiti_work_0481AnsariHarawi.ArbacunaFiDalailTawhid,3,"[""openiti_dv_0481AnsariHarawi.ArbacunaFiDalailTawhid.JK000317-ara1"",""openiti_dv_0481AnsariHarawi.ArbacunaFiDalailTawhid.Shamela0006410-ara1"",""openiti_dv_0481AnsariHarawi.ArbacunaFiDalailTawhid.Shia002164-ara1""]",Same OpenITI work URI; retain versions separately.
dup_openiti_work_0481AnsariHarawi.DhammKalam,openiti_work_0481AnsariHarawi.DhammKalam,4,"[""openiti_dv_0481AnsariHarawi.DhammKalam.JK001006-ara1"",""openiti_dv_0481AnsariHarawi.DhammKalam.ShamAY0033886-ara1"",""openiti_dv_0481AnsariHarawi.DhammKalam.Shamela0001427-ara1"",""openiti_dv_0481AnsariHarawi.DhammKalam.Shia004494Vols-ara1""]",Same OpenITI work URI; retain versions separately.
dup_openiti_work_0481AnsariHarawi.ManazilSairin,openiti_work_0481AnsariHarawi.ManazilSairin,2,"[""openiti_dv_0481AnsariHarawi.ManazilSairin.JK000052-ara1"",""openiti_dv_0481AnsariHarawi.ManazilSairin.Shamela0006876-ara1""]",Same OpenITI work URI; retain versions separately.
dup_openiti_work_0481IbnBarrajTarabulusi.JawahirFiqh,openiti_work_0481IbnBarrajTarabulusi.JawahirFiqh,2,"[""openiti_dv_0481IbnBarrajTarabulusi.JawahirFiqh.Masaha001052-ara1"",""openiti_dv_0481IbnBarrajTarabulusi.JawahirFiqh.Shia000045-ara1""]",Same OpenITI work URI; retain versions separately.
dup_openiti_work_0481IbnBarrajTarabulusi.Muhadhdhib,openiti_work_0481IbnBarrajTarabulusi.Muhadhdhib,2,"[""openiti_dv_0481IbnBarrajTarabulusi.Muhadhdhib.Masaha000722Vols-ara1"",""openiti_dv_0481IbnBarrajTarabulusi.Muhadhdhib.Shia000043Vols-ara1""]",Same OpenITI work URI; retain versions separately.
dup_openiti_work_0482AbuIshaqHabbal.WafayatMisriyyin,openiti_work_0482AbuIshaqHabbal.WafayatMisriyyin,2,"[""openiti_dv_0482AbuIshaqHabbal.WafayatMisriyyin.JK000712-ara1"",""openiti_dv_0482AbuIshaqHabbal.WafayatMisriyyin.Shamela0005871-ara1""]",Same OpenITI work URI; retain versions separately.
dup_openiti_work_0483IbnAhmadSarakhsi.Mabsut,openiti_work_0483IbnAhmadSarakhsi.Mabsut,4,"[""openiti_dv_0483IbnAhmadSarakhsi.Mabsut.JK000266-ara1"",""openiti_dv_0483IbnAhmadSarakhsi.Mabsut.ShamAY0034206-ara1"",""openiti_dv_0483IbnAhmadSarakhsi.Mabsut.Shamela0005423-ara1"",""openiti_dv_0483IbnAhmadSarakhsi.Mabsut.Shia000923Vols-ara1""]",Same OpenITI work URI; retain versions separately.
dup_openiti_work_0483IbnAhmadSarakhsi.SharhSiyarKabir,openiti_work_0483IbnAhmadSarakhsi.SharhSiyarKabir,3,"[""openiti_dv_0483IbnAhmadSarakhsi.SharhSiyarKabir.JK009218-ara1"",""openiti_dv_0483IbnAhmadSarakhsi.SharhSiyarKabir.Shamela0005434-ara1"",""openiti_dv_0483IbnAhmadSarakhsi.SharhSiyarKabir.Shia003154Vols-ara1""]",Same OpenITI work URI; retain versions separately.
dup_openiti_work_0483IbnAhmadSarakhsi.Usul,openiti_work_0483IbnAhmadSarakhsi.Usul,3,"[""openiti_dv_0483IbnAhmadSarakhsi.Usul.JK000211-ara1"",""openiti_dv_0483IbnAhmadSarakhsi.Usul.Shamela0006301-ara1"",""openiti_dv_0483IbnAhmadSarakhsi.Usul.Shia002914Vols-ara1""]",Same OpenITI work URI; retain versions separately.
dup_openiti_work_0483IbnMuhammadIbnMaghaziliWasiti.ManaqibCali,openiti_work_0483IbnMuhammadIbnMaghaziliWasiti.ManaqibCali,2,"[""openiti_dv_0483IbnMuhammadIbnMaghaziliWasiti.ManaqibCali.Masaha002336-ara1"",""openiti_dv_0483IbnMuhammadIbnMaghaziliWasiti.ManaqibCali.Shamela0026456-ara1""]",Same OpenITI work URI; retain versions separately.
dup_openiti_work_0485IbnMuhammadHaddadMahdawi.HasrHarfZa,openiti_work_0485IbnMuhammadHaddadMahdawi.HasrHarfZa,2,"[""openiti_dv_0485IbnMuhammadHaddadMahdawi.HasrHarfZa.JK006961-ara1"",""openiti_dv_0485IbnMuhammadHaddadMahdawi.HasrHarfZa.Shamela0001150-ara1""]",Same OpenITI work URI; retain versions separately.
dup_openiti_work_0485NizamMulkWazir.Amali,openiti_work_0485NizamMulkWazir.Amali,2,"[""openiti_dv_0485NizamMulkWazir.Amali.JK000563-ara1"",""openiti_dv_0485NizamMulkWazir.Amali.Shamela0009608-ara1""]",Same OpenITI work URI; retain versions separately.
dup_openiti_work_0486AbuAsbaghGharnati.DiwanAhkamKubra,openiti_work_0486AbuAsbaghGharnati.DiwanAhkamKubra,2,"[""openiti_dv_0486AbuAsbaghGharnati.DiwanAhkamKubra.Sham19Y0014593-ara1"",""openiti_dv_0486AbuAsbaghGharnati.DiwanAhkamKubra.ShamAY0034231-ara1""]",Same OpenITI work URI; retain versions separately.
dup_openiti_work_0487AbuCubaydBakri.FaslMaqal,openiti_work_0487AbuCubaydBakri.FaslMaqal,2,"[""openiti_dv_0487AbuCubaydBakri.FaslMaqal.JK000974-ara1"",""openiti_dv_0487AbuCubaydBakri.FaslMaqal.Shamela0001025-ara1""]",Same OpenITI work URI; retain versions separately.
dup_openiti_work_0487AbuCubaydBakri.MasalikWaMamalik,openiti_work_0487AbuCubaydBakri.MasalikWaMamalik,2,"[""openiti_dv_0487AbuCubaydBakri.MasalikWaMamalik.Masaha003951Vols-ara1"",""openiti_dv_0487AbuCubaydBakri.MasalikWaMamalik.Shamela0023849-ara1""]",Same OpenITI work URI; retain versions separately.
dup_openiti_work_0487AbuCubaydBakri.MucjamMaIstacjama,openiti_work_0487AbuCubaydBakri.MucjamMaIstacjama,4,"[""openiti_dv_0487AbuCubaydBakri.MucjamMaIstacjama.JK000800-ara1"",""openiti_dv_0487AbuCubaydBakri.MucjamMaIstacjama.Rafed0002530Vols-ara1"",""openiti_dv_0487AbuCubaydBakri.MucjamMaIstacjama.Shamela0011802-ara1"",""openiti_dv_0487AbuCubaydBakri.MucjamMaIstacjama.Shia003919Vols-ara1""]",Same OpenITI work URI; retain versions separately.
dup_openiti_work_0487AbuCubaydBakri.SimtLaaliFiSharhAmali,openiti_work_0487AbuCubaydBakri.SimtLaaliFiSharhAmali,2,"[""openiti_dv_0487AbuCubaydBakri.SimtLaaliFiSharhAmali.JK009225-ara1"",""openiti_dv_0487AbuCubaydBakri.SimtLaaliFiSharhAmali.Shamela0001586-ara1""]",Same OpenITI work URI; retain versions separately.
dup_openiti_work_0487AbuCubaydBakri.TanbihCalaAwham,openiti_work_0487AbuCubaydBakri.TanbihCalaAwham,4,"[""openiti_dv_0487AbuCubaydBakri.TanbihCalaAwham.JK007123-ara1"",""openiti_dv_0487AbuCubaydBakri.TanbihCalaAwham.JK009208-ara1"",""openiti_dv_0487AbuCubaydBakri.TanbihCalaAwham.Kraken22021606120800BK4-ara1"",""openiti_dv_0487AbuCubaydBakri.TanbihCalaAwham.Shamela0006752-ara1""]",Same OpenITI work URI; retain versions separately.
dup_openiti_work_0488IbnFutuhHumaydi.JadhwatMuqtabis,openiti_work_0488IbnFutuhHumaydi.JadhwatMuqtabis,2,"[""openiti_dv_0488IbnFutuhHumaydi.JadhwatMuqtabis.JK010310-ara1"",""openiti_dv_0488IbnFutuhHumaydi.JadhwatMuqtabis.Shamela0005742-ara1""]",Same OpenITI work URI; retain versions separately.
dup_openiti_work_0488IbnFutuhHumaydi.JamcBaynaSahihayn,openiti_work_0488IbnFutuhHumaydi.JamcBaynaSahihayn,2,"[""openiti_dv_0488IbnFutuhHumaydi.JamcBaynaSahihayn.JK007065-ara1"",""openiti_dv_0488IbnFutuhHumaydi.JamcBaynaSahihayn.Shamela0005567-ara1""]",Same OpenITI work URI; retain versions separately.
dup_openiti_work_0488IbnFutuhHumaydi.TafsirGharib,openiti_work_0488IbnFutuhHumaydi.TafsirGharib,2,"[""openiti_dv_0488IbnFutuhHumaydi.TafsirGharib.JK001211-ara1"",""openiti_dv_0488IbnFutuhHumaydi.TafsirGharib.Shamela0007014-ara1""]",Same OpenITI work URI; retain versions separately.
dup_openiti_work_0488ZahirDin.DhaylTajaribUmam,openiti_work_0488ZahirDin.DhaylTajaribUmam,2,"[""openiti_dv_0488ZahirDin.DhaylTajaribUmam.Kraken22021606121602-ara1"",""openiti_dv_0488ZahirDin.DhaylTajaribUmam.Shamela0012396BK2-ara1""]",Same OpenITI work URI; retain versions separately.
dup_openiti_work_0489IbnFadlIsbahani.FawaidCawali,openiti_work_0489IbnFadlIsbahani.FawaidCawali,4,"[""openiti_dv_0489IbnFadlIsbahani.FawaidCawali.ShamAY0032848-ara1"",""openiti_dv_0489IbnFadlIsbahani.FawaidCawali.ShamAY0032905-ara1"",""openiti_dv_0489IbnFadlIsbahani.FawaidCawali.ShamAY0032906-ara1"",""openiti_dv_0489IbnFadlIsbahani.FawaidCawali.Shamela0010514-ara1""]",Same OpenITI work URI; retain versions separately.
dup_openiti_work_0489IbnMuhammadSamcani.IntisarAshabHadith,openiti_work_0489IbnMuhammadSamcani.IntisarAshabHadith,2,"[""openiti_dv_0489IbnMuhammadSamcani.IntisarAshabHadith.JK000969-ara1"",""openiti_dv_0489IbnMuhammadSamcani.IntisarAshabHadith.Shamela0005727-ara1""]",Same OpenITI work URI; retain versions separately.
dup_openiti_work_0489IbnMuhammadSamcani.QawaticAdilla,openiti_work_0489IbnMuhammadSamcani.QawaticAdilla,2,"[""openiti_dv_0489IbnMuhammadSamcani.QawaticAdilla.JK001304-ara1"",""openiti_dv_0489IbnMuhammadSamcani.QawaticAdilla.Shamela0012049-ara1""]",Same OpenITI work URI; retain versions separately.
dup_openiti_work_0489IbnMuhammadSamcani.TafsirQuran,openiti_work_0489IbnMuhammadSamcani.TafsirQuran,3,"[""openiti_dv_0489IbnMuhammadSamcani.TafsirQuran.JK006476-ara1"",""openiti_dv_0489IbnMuhammadSamcani.TafsirQuran.Shamela0008320-ara1"",""openiti_dv_0489IbnMuhammadSamcani.TafsirQuran.Shia002544Vols-ara1""]",Same OpenITI work URI; retain versions separately.
dup_openiti_work_0490IbnIbrahimNabulusi.Amali,openiti_work_0490IbnIbrahimNabulusi.Amali,3,"[""openiti_dv_0490IbnIbrahimNabulusi.Amali.Shamela0029774-ara1"",""openiti_dv_0490IbnIbrahimNabulusi.Amali.Shamela0029895-ara1"",""openiti_dv_0490IbnIbrahimNabulusi.Amali.Shamela0030574-ara1""]",Same OpenITI work URI; retain versions separately.
dup_openiti_work_0491IbnMuhammadZaynabi.Amali,openiti_work_0491IbnMuhammadZaynabi.Amali,2,"[""openiti_dv_0491IbnMuhammadZaynabi.Amali.Shamela0012549-ara1"",""openiti_dv_0491IbnMuhammadZaynabi.Amali.Shamela0030725-ara1""]",Same OpenITI work URI; retain versions separately.
dup_openiti_work_0492AbuHasanKhulci.Fawaid,openiti_work_0492AbuHasanKhulci.Fawaid,2,"[""openiti_dv_0492AbuHasanKhulci.Fawaid.Shamela0010835-ara1"",""openiti_dv_0492AbuHasanKhulci.Fawaid.Shamela0029775-ara1""]",Same OpenITI work URI; retain versions separately.
dup_openiti_work_0492AbuMurshidMacarri.TafsirAbyat,openiti_work_0492AbuMurshidMacarri.TafsirAbyat,2,"[""openiti_dv_0492AbuMurshidMacarri.TafsirAbyat.JK010780-ara1"",""openiti_dv_0492AbuMurshidMacarri.TafsirAbyat.Shamela0000780-ara1""]",Same OpenITI work URI; retain versions separately.
dup_openiti_work_0494AbuNasrIbnWadcan.ArbacunaWadcaniyya,openiti_work_0494AbuNasrIbnWadcan.ArbacunaWadcaniyya,2,"[""openiti_dv_0494AbuNasrIbnWadcan.ArbacunaWadcaniyya.Shamela0012882-ara1"",""openiti_dv_0494AbuNasrIbnWadcan.ArbacunaWadcaniyya.Shamela0030584-ara1""]",Same OpenITI work URI; retain versions separately.
dup_openiti_work_0494HakimJushami.TanbihGhafilin,openiti_work_0494HakimJushami.TanbihGhafilin,2,"[""openiti_dv_0494HakimJushami.TanbihGhafilin.Shia003691-ara1"",""openiti_dv_0494HakimJushami.TanbihGhafilin.Zaydiyya0000137-ara1""]",Same OpenITI work URI; retain versions separately.
dup_openiti_work_0497IbnFarajIbnTallacQurtubi.AqdiyatRasul,openiti_work_0497IbnFarajIbnTallacQurtubi.AqdiyatRasul,2,"[""openiti_dv_0497IbnFarajIbnTallacQurtubi.AqdiyatRasul.Masaha001838-ara1"",""openiti_dv_0497IbnFarajIbnTallacQurtubi.AqdiyatRasul.Shamela0009769-ara1""]",Same OpenITI work URI; retain versions separately.
dup_openiti_work_0497IbnIbnZahraTuraythithi.Hadith,openiti_work_0497IbnIbnZahraTuraythithi.Hadith,2,"[""openiti_dv_0497IbnIbnZahraTuraythithi.Hadith.Shamela0011441-ara1"",""openiti_dv_0497IbnIbnZahraTuraythithi.Hadith.Shamela0029777-ara1""]",Same OpenITI work URI; retain versions separately.
dup_openiti_work_0498AbuCaliJayyani.AlqabSahaba,openiti_work_0498AbuCaliJayyani.AlqabSahaba,2,"[""openiti_dv_0498AbuCaliJayyani.AlqabSahaba.JK007034-ara1"",""openiti_dv_0498AbuCaliJayyani.AlqabSahaba.Shamela0005895-ara1""]",Same OpenITI work URI; retain versions separately.
dup_openiti_work_0498AbuCaliJayyani.TaqyidMuhmal,openiti_work_0498AbuCaliJayyani.TaqyidMuhmal,3,"[""openiti_dv_0498AbuCaliJayyani.TaqyidMuhmal.JK000986-ara1"",""openiti_dv_0498AbuCaliJayyani.TaqyidMuhmal.ShamAY0034577-ara1"",""openiti_dv_0498AbuCaliJayyani.TaqyidMuhmal.Shamela0005795-ara1""]",Same OpenITI work URI; retain versions separately.
dup_openiti_work_0498IbnMuhammadAbuBakrIsbahani.Juz,openiti_work_0498IbnMuhammadAbuBakrIsbahani.Juz,2,"[""openiti_dv_0498IbnMuhammadAbuBakrIsbahani.Juz.JK000572-ara1"",""openiti_dv_0498IbnMuhammadAbuBakrIsbahani.Juz.Shamela0013105-ara1""]",Same OpenITI work URI; retain versions separately.
dup_openiti_work_0499MurshidYahyaIbnShajari.Amali,openiti_work_0499MurshidYahyaIbnShajari.Amali,4,"[""openiti_dv_0499MurshidYahyaIbnShajari.Amali.JK009226-ara1"",""openiti_dv_0499MurshidYahyaIbnShajari.Amali.Shamela0009392-ara1"",""openiti_dv_0499MurshidYahyaIbnShajari.Amali.Zaydiyya0000230-ara1"",""openiti_dv_0499MurshidYahyaIbnShajari.Amali.Zaydiyya0000342-ara1""]",Same OpenITI work URI; retain versions separately.
dup_openiti_work_0500Anonymous.AwtanWaBuldan,openiti_work_0500Anonymous.AwtanWaBuldan,2,"[""openiti_dv_0500Anonymous.AwtanWaBuldan.Shamela0010428BK36-ara1"",""openiti_dv_0500Anonymous.AwtanWaBuldan.Shamela0010709BK2-ara2""]",Same OpenITI work URI; retain versions separately.
dup_openiti_work_0500Anonymous.ZiyadatMakhtutatTarikhJurjan,openiti_work_0500Anonymous.ZiyadatMakhtutatTarikhJurjan,4,"[""openiti_dv_0500Anonymous.ZiyadatMakhtutatTarikhJurjan.JK000496BK2-ara1"",""openiti_dv_0500Anonymous.ZiyadatMakhtutatTarikhJurjan.Masaha004497BK2-ara1"",""openiti_dv_0500Anonymous.ZiyadatMakhtutatTarikhJurjan.Shamela0011077BK2-ara1"",""openiti_dv_0500Anonymous.ZiyadatMakhtutatTarikhJurjan.Shia003487BK2-ara1""]",Same OpenITI work URI; retain versions separately.
dup_openiti_work_0500CabdWahidTamimiAmidi.GhurarHikam,openiti_work_0500CabdWahidTamimiAmidi.GhurarHikam,2,"[""openiti_dv_0500CabdWahidTamimiAmidi.GhurarHikam.Masaha004559-ara1"",""openiti_dv_0500CabdWahidTamimiAmidi.GhurarHikam.Masaha004580-ara1""]",Same OpenITI work URI; retain versions separately.
dup_openiti_work_0500IbnAhmadSarrajBaghdadi.Fawaid,openiti_work_0500IbnAhmadSarrajBaghdadi.Fawaid,2,"[""openiti_dv_0500IbnAhmadSarrajBaghdadi.Fawaid.ShamAY0038108-ara1"",""openiti_dv_0500IbnAhmadSarrajBaghdadi.Fawaid.ShamAY0038144-ara1""]",Same OpenITI work URI; retain versions separately.
dup_openiti_work_0500IbnAhmadSarrajBaghdadi.MasaricCushshaq,openiti_work_0500IbnAhmadSarrajBaghdadi.MasaricCushshaq,3,"[""openiti_dv_0500IbnAhmadSarrajBaghdadi.MasaricCushshaq.JK009304-ara1"",""openiti_dv_0500IbnAhmadSarrajBaghdadi.MasaricCushshaq.ShamAY0033793-ara1"",""openiti_dv_0500IbnAhmadSarrajBaghdadi.MasaricCushshaq.Shamela0026549-ara1""]",Same OpenITI work URI; retain versions separately.
dup_openiti_work_0502IbnCaliTabriziShaybani.DiwanHamasa,openiti_work_0502IbnCaliTabriziShaybani.DiwanHamasa,2,"[""openiti_dv_0502IbnCaliTabriziShaybani.DiwanHamasa.JK001099-ara1"",""openiti_dv_0502IbnCaliTabriziShaybani.DiwanHamasa.Shamela0006907-ara1""]",Same OpenITI work URI; retain versions separately.
dup_openiti_work_0502RaghibIsbahani.Mufradat,openiti_work_0502RaghibIsbahani.Mufradat,5,"[""openiti_dv_0502RaghibIsbahani.Mufradat.JK001150-ara1"",""openiti_dv_0502RaghibIsbahani.Mufradat.Masaha003644-ara1"",""openiti_dv_0502RaghibIsbahani.Mufradat.ShamAY0034092-ara1"",""openiti_dv_0502RaghibIsbahani.Mufradat.Shamela0023636-ara1"",""openiti_dv_0502RaghibIsbahani.Mufradat.Shia002552-ara1""]",Same OpenITI work URI; retain versions separately.
dup_openiti_work_0502RaghibIsbahani.MuhadaratUdaba,openiti_work_0502RaghibIsbahani.MuhadaratUdaba,2,"[""openiti_dv_0502RaghibIsbahani.MuhadaratUdaba.JK006919-ara1"",""openiti_dv_0502RaghibIsbahani.MuhadaratUdaba.Shamela0009078-ara1""]",Same OpenITI work URI; retain versions separately.
dup_openiti_work_0502RaghibIsbahani.TafsilNashatayn,openiti_work_0502RaghibIsbahani.TafsilNashatayn,2,"[""openiti_dv_0502RaghibIsbahani.TafsilNashatayn.JK010181-ara1"",""openiti_dv_0502RaghibIsbahani.TafsilNashatayn.Shamela0021562-ara1""]",Same OpenITI work URI; retain versions separately.
dup_openiti_work_0505Ghazali.AsnafMaghrurin,openiti_work_0505Ghazali.AsnafMaghrurin,2,"[""openiti_dv_0505Ghazali.AsnafMaghrurin.JK010255-ara1"",""openiti_dv_0505Ghazali.AsnafMaghrurin.Shamela0009198-ara1""]",Same OpenITI work URI; retain versions separately.
dup_openiti_work_0505Ghazali.Fadaih,openiti_work_0505Ghazali.Fadaih,4,"[""openiti_dv_0505Ghazali.Fadaih.JK000345-ara1"",""openiti_dv_0505Ghazali.Fadaih.Rafed0003529-ara1"",""openiti_dv_0505Ghazali.Fadaih.ShamAY0033901-ara1"",""openiti_dv_0505Ghazali.Fadaih.Shamela0006554-ara1""]",Same OpenITI work URI; retain versions separately.
dup_openiti_work_0505Ghazali.IhyaCulumDin,openiti_work_0505Ghazali.IhyaCulumDin,2,"[""openiti_dv_0505Ghazali.IhyaCulumDin.JK000001-ara1"",""openiti_dv_0505Ghazali.IhyaCulumDin.Shamela0009472-ara1""]",Same OpenITI work URI; retain versions separately.
dup_openiti_work_0505Ghazali.Iqtisad,openiti_work_0505Ghazali.Iqtisad,3,"[""openiti_dv_0505Ghazali.Iqtisad.JK009219-ara1"",""openiti_dv_0505Ghazali.Iqtisad.Rafed0003312-ara1"",""openiti_dv_0505Ghazali.Iqtisad.Shamela0009217-ara1""]",Same OpenITI work URI; retain versions separately.
dup_openiti_work_0505Ghazali.JawahirQuran,openiti_work_0505Ghazali.JawahirQuran,2,"[""openiti_dv_0505Ghazali.JawahirQuran.JK001110-ara1"",""openiti_dv_0505Ghazali.JawahirQuran.Shamela0009883-ara1""]",Same OpenITI work URI; retain versions separately.
dup_openiti_work_0505Ghazali.MacarijQuds,openiti_work_0505Ghazali.MacarijQuds,2,"[""openiti_dv_0505Ghazali.MacarijQuds.JK000061-ara1"",""openiti_dv_0505Ghazali.MacarijQuds.Shamela0006494-ara1""]",Same OpenITI work URI; retain versions separately.
dup_openiti_work_0505Ghazali.MajmucatRasail,openiti_work_0505Ghazali.MajmucatRasail,3,"[""openiti_dv_0505Ghazali.MajmucatRasail.Rafed0003457-ara1"",""openiti_dv_0505Ghazali.MajmucatRasail.ShamAY0034794-ara1"",""openiti_dv_0505Ghazali.MajmucatRasail.ShamAY0034797-ara1""]",Same OpenITI work URI; retain versions separately.
dup_openiti_work_0505Ghazali.Mankhul,openiti_work_0505Ghazali.Mankhul,3,"[""openiti_dv_0505Ghazali.Mankhul.JK000155-ara1"",""openiti_dv_0505Ghazali.Mankhul.Shamela0003960-ara1"",""openiti_dv_0505Ghazali.Mankhul.Shia002917-ara1""]",Same OpenITI work URI; retain versions separately.
dup_openiti_work_0505Ghazali.MaqsadAsna,openiti_work_0505Ghazali.MaqsadAsna,2,"[""openiti_dv_0505Ghazali.MaqsadAsna.JK000036-ara1"",""openiti_dv_0505Ghazali.MaqsadAsna.Shamela0006465-ara1""]",Same OpenITI work URI; retain versions separately.
dup_openiti_work_0505Ghazali.MicyarCilm,openiti_work_0505Ghazali.MicyarCilm,2,"[""openiti_dv_0505Ghazali.MicyarCilm.JK010716-ara1"",""openiti_dv_0505Ghazali.MicyarCilm.Shamela0026575-ara1""]",Same OpenITI work URI; retain versions separately.
dup_openiti_work_0505Ghazali.MishkatAnwar,openiti_work_0505Ghazali.MishkatAnwar,2,"[""openiti_dv_0505Ghazali.MishkatAnwar.JK009401-ara1"",""openiti_dv_0505Ghazali.MishkatAnwar.Shamela0012421-ara1""]",Same OpenITI work URI; retain versions separately.
dup_openiti_work_0505Ghazali.MizanCamal,openiti_work_0505Ghazali.MizanCamal,2,"[""openiti_dv_0505Ghazali.MizanCamal.JK009289-ara1"",""openiti_dv_0505Ghazali.MizanCamal.Shamela0009264-ara1""]",Same OpenITI work URI; retain versions separately.
dup_openiti_work_0505Ghazali.Munqidh,openiti_work_0505Ghazali.Munqidh,3,"[""openiti_dv_0505Ghazali.Munqidh.JK009330-ara1"",""openiti_dv_0505Ghazali.Munqidh.ShamAY0033739-ara1"",""openiti_dv_0505Ghazali.Munqidh.Shamela0009246-ara1""]",Same OpenITI work URI; retain versions separately.
dup_openiti_work_0505Ghazali.Mustasfa,openiti_work_0505Ghazali.Mustasfa,4,"[""openiti_dv_0505Ghazali.Mustasfa.JK000276-ara1"",""openiti_dv_0505Ghazali.Mustasfa.ShamAY0034180-ara1"",""openiti_dv_0505Ghazali.Mustasfa.Shamela0005459-ara1"",""openiti_dv_0505Ghazali.Mustasfa.Shia002916-ara1""]",Same OpenITI work URI; retain versions separately.
dup_openiti_work_0505Ghazali.QawacidCaqaid,openiti_work_0505Ghazali.QawacidCaqaid,2,"[""openiti_dv_0505Ghazali.QawacidCaqaid.JK000954-ara1"",""openiti_dv_0505Ghazali.QawacidCaqaid.Shamela0006397-ara1""]",Same OpenITI work URI; retain versions separately.
dup_openiti_work_0505Ghazali.SirrCalamin,openiti_work_0505Ghazali.SirrCalamin,2,"[""openiti_dv_0505Ghazali.SirrCalamin.JK009402-ara1"",""openiti_dv_0505Ghazali.SirrCalamin.JK010240-ara1""]",Same OpenITI work URI; retain versions separately.
dup_openiti_work_0505Ghazali.Wasit,openiti_work_0505Ghazali.Wasit,2,"[""openiti_dv_0505Ghazali.Wasit.JK000309-ara1"",""openiti_dv_0505Ghazali.Wasit.Shamela0006128-ara1""]",Same OpenITI work URI; retain versions separately.
dup_openiti_work_0505IbnHamzaTajQurraKirmani.AsrarTikrar,openiti_work_0505IbnHamzaTajQurraKirmani.AsrarTikrar,2,"[""openiti_dv_0505IbnHamzaTajQurraKirmani.AsrarTikrar.JK000463-ara1"",""openiti_dv_0505IbnHamzaTajQurraKirmani.AsrarTikrar.Shamela0003580-ara1""]",Same OpenITI work URI; retain versions separately.
dup_openiti_work_0507AbiwardiShacir.Diwan,openiti_work_0507AbiwardiShacir.Diwan,2,"[""openiti_dv_0507AbiwardiShacir.Diwan.JK007598-ara1"",""openiti_dv_0507AbiwardiShacir.Diwan.ShamAY0037938-ara1""]",Same OpenITI work URI; retain versions separately.
dup_openiti_work_0507AbuBakrShashi.Fawaid,openiti_work_0507AbuBakrShashi.Fawaid,2,"[""openiti_dv_0507AbuBakrShashi.Fawaid.JK008003-ara1"",""openiti_dv_0507AbuBakrShashi.Fawaid.Shamela0005695-ara1""]",Same OpenITI work URI; retain versions separately.
dup_openiti_work_0507AbuBakrShashi.HilyatCulama,openiti_work_0507AbuBakrShashi.HilyatCulama,3,"[""openiti_dv_0507AbuBakrShashi.HilyatCulama.JK000244-ara1"",""openiti_dv_0507AbuBakrShashi.HilyatCulama.Sham19Y0146126-ara1"",""openiti_dv_0507AbuBakrShashi.HilyatCulama.Shamela0006131-ara1""]",Same OpenITI work URI; retain versions separately.
dup_openiti_work_0507IbnQaysarani.AnsabMuttafiqa,openiti_work_0507IbnQaysarani.AnsabMuttafiqa,3,"[""openiti_dv_0507IbnQaysarani.AnsabMuttafiqa.JK000686-ara1"",""openiti_dv_0507IbnQaysarani.AnsabMuttafiqa.Shamela0005794-ara1"",""openiti_dv_0507IbnQaysarani.AnsabMuttafiqa.Shamela0021552-ara1""]",Same OpenITI work URI; retain versions separately.
dup_openiti_work_0507IbnQaysarani.AtrafGharaib,openiti_work_0507IbnQaysarani.AtrafGharaib,3,"[""openiti_dv_0507IbnQaysarani.AtrafGharaib.JK005006-ara1"",""openiti_dv_0507IbnQaysarani.AtrafGharaib.ShamAY0034172-ara1"",""openiti_dv_0507IbnQaysarani.AtrafGharaib.Shamela0006083-ara1""]",Same OpenITI work URI; retain versions separately.
dup_openiti_work_0507IbnQaysarani.DhakhiratHuffaz,openiti_work_0507IbnQaysarani.DhakhiratHuffaz,2,"[""openiti_dv_0507IbnQaysarani.DhakhiratHuffaz.JK005020-ara1"",""openiti_dv_0507IbnQaysarani.DhakhiratHuffaz.Shamela0006060-ara1""]",Same OpenITI work URI; retain versions separately.
dup_openiti_work_0507IbnQaysarani.IdahIshkal,openiti_work_0507IbnQaysarani.IdahIshkal,2,"[""openiti_dv_0507IbnQaysarani.IdahIshkal.JK000767-ara1"",""openiti_dv_0507IbnQaysarani.IdahIshkal.Shamela0005996-ara1""]",Same OpenITI work URI; retain versions separately.
dup_openiti_work_0507IbnQaysarani.MacrifatTadhkira,openiti_work_0507IbnQaysarani.MacrifatTadhkira,2,"[""openiti_dv_0507IbnQaysarani.MacrifatTadhkira.JK005019-ara1"",""openiti_dv_0507IbnQaysarani.MacrifatTadhkira.Shamela0006080-ara1""]",Same OpenITI work URI; retain versions separately.
dup_openiti_work_0507IbnQaysarani.MasalatCuluwwWaNuzul,openiti_work_0507IbnQaysarani.MasalatCuluwwWaNuzul,2,"[""openiti_dv_0507IbnQaysarani.MasalatCuluwwWaNuzul.JK000853-ara1"",""openiti_dv_0507IbnQaysarani.MasalatCuluwwWaNuzul.Shamela0006002-ara1""]",Same OpenITI work URI; retain versions separately.
dup_openiti_work_0507IbnQaysarani.Samac,openiti_work_0507IbnQaysarani.Samac,2,"[""openiti_dv_0507IbnQaysarani.Samac.JK009178-ara1"",""openiti_dv_0507IbnQaysarani.Samac.Shamela0006277-ara1""]",Same OpenITI work URI; retain versions separately.
dup_openiti_work_0508FattalNaysaburi.RawdatWacizin,openiti_work_0508FattalNaysaburi.RawdatWacizin,2,"[""openiti_dv_0508FattalNaysaburi.RawdatWacizin.Masaha002201Vols-ara1"",""openiti_dv_0508FattalNaysaburi.RawdatWacizin.Shia001171-ara1""]",Same OpenITI work URI; retain versions separately.
dup_openiti_work_0509IbnShahridarDaylami.Firdaws,openiti_work_0509IbnShahridarDaylami.Firdaws,2,"[""openiti_dv_0509IbnShahridarDaylami.Firdaws.JK001297-ara1"",""openiti_dv_0509IbnShahridarDaylami.Firdaws.Shamela0006072-ara1""]",Same OpenITI work URI; retain versions separately.
dup_openiti_work_0510CawtabiSuhari.Ansab,openiti_work_0510CawtabiSuhari.Ansab,3,"[""openiti_dv_0510CawtabiSuhari.Ansab.JK010491-ara1"",""openiti_dv_0510CawtabiSuhari.Ansab.ShamIbadiyya0000248-ara1"",""openiti_dv_0510CawtabiSuhari.Ansab.Shamela0000491-ara1""]",Same OpenITI work URI; retain versions separately.
dup_openiti_work_0510IbnCaliAbuGhanaimNursi.ThawabQada,openiti_work_0510IbnCaliAbuGhanaimNursi.ThawabQada,2,"[""openiti_dv_0510IbnCaliAbuGhanaimNursi.ThawabQada.JK001253-ara1"",""openiti_dv_0510IbnCaliAbuGhanaimNursi.ThawabQada.Shamela0006768-ara1""]",Same OpenITI work URI; retain versions separately.
dup_openiti_work_0510IbnMascudBaghawi.SharhSunna,openiti_work_0510IbnMascudBaghawi.SharhSunna,2,"[""openiti_dv_0510IbnMascudBaghawi.SharhSunna.JK009152-ara1"",""openiti_dv_0510IbnMascudBaghawi.SharhSunna.Shamela0007891-ara1""]",Same OpenITI work URI; retain versions separately.
dup_openiti_work_0510IbnMascudBaghawi.Tafsir,openiti_work_0510IbnMascudBaghawi.Tafsir,5,"[""openiti_dv_0510IbnMascudBaghawi.Tafsir.JK000464-ara1"",""openiti_dv_0510IbnMascudBaghawi.Tafsir.Shamela0000041-ara1"",""openiti_dv_0510IbnMascudBaghawi.Tafsir.Shamela0012217-ara1"",""openiti_dv_0510IbnMascudBaghawi.Tafsir.Shia002553Vols-ara1"",""openiti_dv_0510IbnMascudBaghawi.Tafsir.Tafsir02013-ara1""]",Same OpenITI work URI; retain versions separately.
dup_openiti_work_0511IbnMandaYahya.JuzFihiDhikr,openiti_work_0511IbnMandaYahya.JuzFihiDhikr,3,"[""openiti_dv_0511IbnMandaYahya.JuzFihiDhikr.JK000832-ara1"",""openiti_dv_0511IbnMandaYahya.JuzFihiDhikr.Shamela0006654-ara1"",""openiti_dv_0511IbnMandaYahya.JuzFihiDhikr.Shia003153-ara1""]",Same OpenITI work URI; retain versions separately.
dup_openiti_work_0511IbnMandaYahya.MacrifatAsamiArdaf,openiti_work_0511IbnMandaYahya.MacrifatAsamiArdaf,2,"[""openiti_dv_0511IbnMandaYahya.MacrifatAsamiArdaf.JK000757-ara1"",""openiti_dv_0511IbnMandaYahya.MacrifatAsamiArdaf.Shamela0005806-ara1""]",Same OpenITI work URI; retain versions separately.
dup_openiti_work_0513AbuWafaIbnCaqil.WadihFiUsulFiqh,openiti_work_0513AbuWafaIbnCaqil.WadihFiUsulFiqh,2,"[""openiti_dv_0513AbuWafaIbnCaqil.WadihFiUsulFiqh.Sham19Y0122232-ara1"",""openiti_dv_0513AbuWafaIbnCaqil.WadihFiUsulFiqh.ShamAY0031699-ara1""]",Same OpenITI work URI; retain versions separately.
dup_openiti_work_0515CumarKhayyam.Rubaciyyat,openiti_work_0515CumarKhayyam.Rubaciyyat,2,"[""openiti_dv_0515CumarKhayyam.Rubaciyyat.JK010581-ara1"",""openiti_dv_0515CumarKhayyam.Rubaciyyat.Shamela0012857-ara1""]",Same OpenITI work URI; retain versions separately.
dup_openiti_work_0515IbnQattac.Afcal,openiti_work_0515IbnQattac.Afcal,3,"[""openiti_dv_0515IbnQattac.Afcal.JK000925-ara1"",""openiti_dv_0515IbnQattac.Afcal.Sham19Y0018251-ara1"",""openiti_dv_0515IbnQattac.Afcal.Shamela0012050-ara1""]",Same OpenITI work URI; retain versions separately.
dup_openiti_work_0516IbnCaliHariri.DurratGhawwas,openiti_work_0516IbnCaliHariri.DurratGhawwas,2,"[""openiti_dv_0516IbnCaliHariri.DurratGhawwas.JK001016-ara1"",""openiti_dv_0516IbnCaliHariri.DurratGhawwas.Shamela0006920-ara1""]",Same OpenITI work URI; retain versions separately.
dup_openiti_work_0516IbnCaliHariri.Maqamat,openiti_work_0516IbnCaliHariri.Maqamat,3,"[""openiti_dv_0516IbnCaliHariri.Maqamat.JK009202-ara1"",""openiti_dv_0516IbnCaliHariri.Maqamat.ShamAY0033787-ara1"",""openiti_dv_0516IbnCaliHariri.Maqamat.Shamela0026585-ara1""]",Same OpenITI work URI; retain versions separately.
dup_openiti_work_0516IbnCaliHariri.MulhatIcrab,openiti_work_0516IbnCaliHariri.MulhatIcrab,2,"[""openiti_dv_0516IbnCaliHariri.MulhatIcrab.JK009281-ara1"",""openiti_dv_0516IbnCaliHariri.MulhatIcrab.Shamela0007840-ara1""]",Same OpenITI work URI; retain versions separately.
dup_openiti_work_0517IbnKhayyatShacir.Diwan,openiti_work_0517IbnKhayyatShacir.Diwan,3,"[""openiti_dv_0517IbnKhayyatShacir.Diwan.JK007588-ara1"",""openiti_dv_0517IbnKhayyatShacir.Diwan.Sham19Y0148537-ara1"",""openiti_dv_0517IbnKhayyatShacir.Diwan.ShamAY0037837-ara1""]",Same OpenITI work URI; retain versions separately.
dup_openiti_work_0518IbnMuhammadMaydaniNaysaburi.MajmacAmthal,openiti_work_0518IbnMuhammadMaydaniNaysaburi.MajmacAmthal,2,"[""openiti_dv_0518IbnMuhammadMaydaniNaysaburi.MajmacAmthal.JK000882-ara1"",""openiti_dv_0518IbnMuhammadMaydaniNaysaburi.MajmacAmthal.Shamela0012929-ara1""]",Same OpenITI work URI; retain versions separately.
dup_openiti_work_0520IbnRushdJadd.RaddCalaManDhahaba,openiti_work_0520IbnRushdJadd.RaddCalaManDhahaba,2,"[""openiti_dv_0520IbnRushdJadd.RaddCalaManDhahaba.JK000338-ara1"",""openiti_dv_0520IbnRushdJadd.RaddCalaManDhahaba.Shamela0006542-ara1""]",Same OpenITI work URI; retain versions separately.
dup_openiti_work_0520IbnWalidTurtushi.SirajMuluk,openiti_work_0520IbnWalidTurtushi.SirajMuluk,2,"[""openiti_dv_0520IbnWalidTurtushi.SirajMuluk.JK010572-ara2"",""openiti_dv_0520IbnWalidTurtushi.SirajMuluk.Shamela0001585-ara1""]",Same OpenITI work URI; retain versions separately.
dup_openiti_work_0521IbnMuhammadBatalyawsi.Hadaiq,openiti_work_0521IbnMuhammadBatalyawsi.Hadaiq,2,"[""openiti_dv_0521IbnMuhammadBatalyawsi.Hadaiq.JK001097-ara1"",""openiti_dv_0521IbnMuhammadBatalyawsi.Hadaiq.Shamela0006461-ara1""]",Same OpenITI work URI; retain versions separately.
dup_openiti_work_0521IbnMuhammadBatalyawsi.HulalFiSharh,openiti_work_0521IbnMuhammadBatalyawsi.HulalFiSharh,2,"[""openiti_dv_0521IbnMuhammadBatalyawsi.HulalFiSharh.JK009366-ara1"",""openiti_dv_0521IbnMuhammadBatalyawsi.HulalFiSharh.Shamela0000634-ara1""]",Same OpenITI work URI; retain versions separately.
dup_openiti_work_0521IbnMuhammadBatalyawsi.InsafFiTanbih,openiti_work_0521IbnMuhammadBatalyawsi.InsafFiTanbih,2,"[""openiti_dv_0521IbnMuhammadBatalyawsi.InsafFiTanbih.JK000294-ara1"",""openiti_dv_0521IbnMuhammadBatalyawsi.InsafFiTanbih.Shamela0006350-ara1""]",Same OpenITI work URI; retain versions separately.
dup_openiti_work_0521IbnMuhammadBatalyawsi.MushkilatMuwatta,openiti_work_0521IbnMuhammadBatalyawsi.MushkilatMuwatta,2,"[""openiti_dv_0521IbnMuhammadBatalyawsi.MushkilatMuwatta.JK009183-ara1"",""openiti_dv_0521IbnMuhammadBatalyawsi.MushkilatMuwatta.Shamela0006037-ara1""]",Same OpenITI work URI; retain versions separately.
dup_openiti_work_0521MuhammadHamadhani.TakmilatTarikhTabari,openiti_work_0521MuhammadHamadhani.TakmilatTarikhTabari,3,"[""openiti_dv_0521MuhammadHamadhani.TakmilatTarikhTabari.JK000414-ara1"",""openiti_dv_0521MuhammadHamadhani.TakmilatTarikhTabari.Shamela0006616-ara1"",""openiti_dv_0521MuhammadHamadhani.TakmilatTarikhTabari.Shamela0009783BK3-ara1""]",Same OpenITI work URI; retain versions separately.
dup_openiti_work_0524IbnAkfani.DhaylDhaylTarikhMawlidCulama,openiti_work_0524IbnAkfani.DhaylDhaylTarikhMawlidCulama,2,"[""openiti_dv_0524IbnAkfani.DhaylDhaylTarikhMawlidCulama.JK000695-ara1"",""openiti_dv_0524IbnAkfani.DhaylDhaylTarikhMawlidCulama.Shamela0005789-ara1""]",Same OpenITI work URI; retain versions separately.
dup_openiti_work_0525IbnCaliTabari.BisharatMustafa,openiti_work_0525IbnCaliTabari.BisharatMustafa,2,"[""openiti_dv_0525IbnCaliTabari.BisharatMustafa.Masaha001944-ara1"",""openiti_dv_0525IbnCaliTabari.BisharatMustafa.Shia003692-ara1""]",Same OpenITI work URI; retain versions separately.
dup_openiti_work_0526IbnAbiYacla.TabaqatHanabila,openiti_work_0526IbnAbiYacla.TabaqatHanabila,2,"[""openiti_dv_0526IbnAbiYacla.TabaqatHanabila.JK000213-ara1"",""openiti_dv_0526IbnAbiYacla.TabaqatHanabila.Shamela0009543-ara1""]",Same OpenITI work URI; retain versions separately.
dup_openiti_work_0527IbnHamdis.Diwan,openiti_work_0527IbnHamdis.Diwan,2,"[""openiti_dv_0527IbnHamdis.Diwan.JK007576-ara1"",""openiti_dv_0527IbnHamdis.Diwan.ShamAY0037952-ara1""]",Same OpenITI work URI; retain versions separately.
dup_openiti_work_0528IbnMuhammadIbnHaqanIshbili.MatmahAnfus,openiti_work_0528IbnMuhammadIbnHaqanIshbili.MatmahAnfus,3,"[""openiti_dv_0528IbnMuhammadIbnHaqanIshbili.MatmahAnfus.JK006920-ara1"",""openiti_dv_0528IbnMuhammadIbnHaqanIshbili.MatmahAnfus.Shamela0006910-ara1"",""openiti_dv_0528IbnMuhammadIbnHaqanIshbili.MatmahAnfus.Shamela0095581-ara1""]",Same OpenITI work URI; retain versions separately.
dup_openiti_work_0528IbnZaqqaqBalansi.Diwan,openiti_work_0528IbnZaqqaqBalansi.Diwan,2,"[""openiti_dv_0528IbnZaqqaqBalansi.Diwan.JK007564-ara1"",""openiti_dv_0528IbnZaqqaqBalansi.Diwan.ShamAY0037839-ara1""]",Same OpenITI work URI; retain versions separately.
dup_openiti_work_0533IbnKhafajaShacir.Diwan,openiti_work_0533IbnKhafajaShacir.Diwan,2,"[""openiti_dv_0533IbnKhafajaShacir.Diwan.JK007565-ara1"",""openiti_dv_0533IbnKhafajaShacir.Diwan.ShamAY0037865-ara1""]",Same OpenITI work URI; retain versions separately.
dup_openiti_work_0533IbnTahirAbuQasimShahhami.Ahadith,openiti_work_0533IbnTahirAbuQasimShahhami.Ahadith,3,"[""openiti_dv_0533IbnTahirAbuQasimShahhami.Ahadith.ShamAY0032798-ara1"",""openiti_dv_0533IbnTahirAbuQasimShahhami.Ahadith.ShamAY0032847-ara1"",""openiti_dv_0533IbnTahirAbuQasimShahhami.Ahadith.ShamAY0032884-ara1""]",Same OpenITI work URI; retain versions separately.
dup_openiti_work_0535QawwamSunna.DalailNubuwwa,openiti_work_0535QawwamSunna.DalailNubuwwa,3,"[""openiti_dv_0535QawwamSunna.DalailNubuwwa.JK000657-ara1"",""openiti_dv_0535QawwamSunna.DalailNubuwwa.Shamela0006569-ara1"",""openiti_dv_0535QawwamSunna.DalailNubuwwa.Shia002166Vols-ara1""]",Same OpenITI work URI; retain versions separately.
dup_openiti_work_0535QawwamSunna.HujjaFiBayanMahajja,openiti_work_0535QawwamSunna.HujjaFiBayanMahajja,2,"[""openiti_dv_0535QawwamSunna.HujjaFiBayanMahajja.JK009160-ara1"",""openiti_dv_0535QawwamSunna.HujjaFiBayanMahajja.Shamela0006446-ara1""]",Same OpenITI work URI; retain versions separately.
dup_openiti_work_0535YehudaHalevi.HujjaWaDalil,openiti_work_0535YehudaHalevi.HujjaWaDalil,2,"[""openiti_dv_0535YehudaHalevi.HujjaWaDalil.Kraken210416235755-ara1"",""openiti_dv_0535YehudaHalevi.HujjaWaDalil.Wiki20211119-ara1""]",Same OpenITI work URI; retain versions separately.
dup_openiti_work_0537NajmDinAbuHafsNasafi.Qand,openiti_work_0537NajmDinAbuHafsNasafi.Qand,2,"[""openiti_dv_0537NajmDinAbuHafsNasafi.Qand.ShamAY0034644-ara1"",""openiti_dv_0537NajmDinAbuHafsNasafi.Qand.ShamAY0037124-ara1""]",Same OpenITI work URI; retain versions separately.
dup_openiti_work_0537NajmDinAbuHafsNasafi.TalibatTalaba,openiti_work_0537NajmDinAbuHafsNasafi.TalibatTalaba,3,"[""openiti_dv_0537NajmDinAbuHafsNasafi.TalibatTalaba.JK007118-ara1"",""openiti_dv_0537NajmDinAbuHafsNasafi.TalibatTalaba.ShamAY0034685-ara1"",""openiti_dv_0537NajmDinAbuHafsNasafi.TalibatTalaba.Shamela0006039-ara1""]",Same OpenITI work URI; retain versions separately.
dup_openiti_work_0538JarAllahZamakhshari.AsasBalagha,openiti_work_0538JarAllahZamakhshari.AsasBalagha,3,"[""openiti_dv_0538JarAllahZamakhshari.AsasBalagha.JK007032-ara1"",""openiti_dv_0538JarAllahZamakhshari.AsasBalagha.ShamAY0034676-ara1"",""openiti_dv_0538JarAllahZamakhshari.AsasBalagha.Shamela0021568-ara1""]",Same OpenITI work URI; retain versions separately.
dup_openiti_work_0538JarAllahZamakhshari.AtwaqDhahab,openiti_work_0538JarAllahZamakhshari.AtwaqDhahab,2,"[""openiti_dv_0538JarAllahZamakhshari.AtwaqDhahab.JK009316-ara1"",""openiti_dv_0538JarAllahZamakhshari.AtwaqDhahab.Shamela0000277-ara1""]",Same OpenITI work URI; retain versions separately.
dup_openiti_work_0538JarAllahZamakhshari.FaiqFiGharib,openiti_work_0538JarAllahZamakhshari.FaiqFiGharib,4,"[""openiti_dv_0538JarAllahZamakhshari.FaiqFiGharib.JK000584-ara1"",""openiti_dv_0538JarAllahZamakhshari.FaiqFiGharib.Masaha003492Vols-ara1"",""openiti_dv_0538JarAllahZamakhshari.FaiqFiGharib.Shamela0007015-ara1"",""openiti_dv_0538JarAllahZamakhshari.FaiqFiGharib.Shia002170Vols-ara1""]",Same OpenITI work URI; retain versions separately.
dup_openiti_work_0538JarAllahZamakhshari.KalimNawabigh,openiti_work_0538JarAllahZamakhshari.KalimNawabigh,2,"[""openiti_dv_0538JarAllahZamakhshari.KalimNawabigh.JK010647-ara1"",""openiti_dv_0538JarAllahZamakhshari.KalimNawabigh.Shamela0021500-ara1""]",Same OpenITI work URI; retain versions separately.
dup_openiti_work_0538JarAllahZamakhshari.Kashshaf,openiti_work_0538JarAllahZamakhshari.Kashshaf,5,"[""openiti_dv_0538JarAllahZamakhshari.Kashshaf.JK001496-ara1"",""openiti_dv_0538JarAllahZamakhshari.Kashshaf.ShamAY0034052-ara1"",""openiti_dv_0538JarAllahZamakhshari.Kashshaf.Shamela0023627-ara1"",""openiti_dv_0538JarAllahZamakhshari.Kashshaf.Shia002352Vols-ara1"",""openiti_dv_0538JarAllahZamakhshari.Kashshaf.Tafsir01002-ara1""]",Same OpenITI work URI; retain versions separately.
dup_openiti_work_0538JarAllahZamakhshari.Maqamat,openiti_work_0538JarAllahZamakhshari.Maqamat,3,"[""openiti_dv_0538JarAllahZamakhshari.Maqamat.JK009308-ara1"",""openiti_dv_0538JarAllahZamakhshari.Maqamat.ShamAY0033788-ara1"",""openiti_dv_0538JarAllahZamakhshari.Maqamat.Shamela0026586-ara1""]",Same OpenITI work URI; retain versions separately.
dup_openiti_work_0538JarAllahZamakhshari.MufassalFiSuncatIcrab,openiti_work_0538JarAllahZamakhshari.MufassalFiSuncatIcrab,2,"[""openiti_dv_0538JarAllahZamakhshari.MufassalFiSuncatIcrab.JK001224-ara1"",""openiti_dv_0538JarAllahZamakhshari.MufassalFiSuncatIcrab.Shamela0000759-ara1""]",Same OpenITI work URI; retain versions separately.
dup_openiti_work_0538JarAllahZamakhshari.MustaqsaFiAmthal,openiti_work_0538JarAllahZamakhshari.MustaqsaFiAmthal,2,"[""openiti_dv_0538JarAllahZamakhshari.MustaqsaFiAmthal.JK000975-ara1"",""openiti_dv_0538JarAllahZamakhshari.MustaqsaFiAmthal.Shamela0006895-ara1""]",Same OpenITI work URI; retain versions separately.
dup_openiti_work_0538JarAllahZamakhshari.Qustas,openiti_work_0538JarAllahZamakhshari.Qustas,2,"[""openiti_dv_0538JarAllahZamakhshari.Qustas.JK010093-ara1"",""openiti_dv_0538JarAllahZamakhshari.Qustas.Shamela0000658-ara1""]",Same OpenITI work URI; retain versions separately.
dup_openiti_work_0538JarAllahZamakhshari.RabicAbrar,openiti_work_0538JarAllahZamakhshari.RabicAbrar,3,"[""openiti_dv_0538JarAllahZamakhshari.RabicAbrar.JK010561-ara1"",""openiti_dv_0538JarAllahZamakhshari.RabicAbrar.Masaha002979Vols-ara1"",""openiti_dv_0538JarAllahZamakhshari.RabicAbrar.Shamela0010668-ara1""]",Same OpenITI work URI; retain versions separately.
dup_openiti_work_0540AbuMansurJawaliqi.MaJaaCalaFacaltu,openiti_work_0540AbuMansurJawaliqi.MaJaaCalaFacaltu,2,"[""openiti_dv_0540AbuMansurJawaliqi.MaJaaCalaFacaltu.JK001078-ara1"",""openiti_dv_0540AbuMansurJawaliqi.MaJaaCalaFacaltu.Shamela0007062-ara1""]",Same OpenITI work URI; retain versions separately.
dup_openiti_work_0540AbuMansurJawaliqi.SharhAdabKatib,openiti_work_0540AbuMansurJawaliqi.SharhAdabKatib,2,"[""openiti_dv_0540AbuMansurJawaliqi.SharhAdabKatib.JK010646-ara1"",""openiti_dv_0540AbuMansurJawaliqi.SharhAdabKatib.Shamela0001587-ara1""]",Same OpenITI work URI; retain versions separately.
dup_openiti_work_0540IbnAhmadAbuSacdIsbahani.Amali,openiti_work_0540IbnAhmadAbuSacdIsbahani.Amali,2,"[""openiti_dv_0540IbnAhmadAbuSacdIsbahani.Amali.Shamela0029783-ara1"",""openiti_dv_0540IbnAhmadAbuSacdIsbahani.Amali.Shamela0029903-ara1""]",Same OpenITI work URI; retain versions separately.
dup_openiti_work_0540IbnAhmadCalaDinSamarqandi.TuhfatFuqaha,openiti_work_0540IbnAhmadCalaDinSamarqandi.TuhfatFuqaha,3,"[""openiti_dv_0540IbnAhmadCalaDinSamarqandi.TuhfatFuqaha.JK000220-ara1"",""openiti_dv_0540IbnAhmadCalaDinSamarqandi.TuhfatFuqaha.Shamela0007691-ara1"",""openiti_dv_0540IbnAhmadCalaDinSamarqandi.TuhfatFuqaha.Shia000953Vols-ara1""]",Same OpenITI work URI; retain versions separately.
dup_openiti_work_0541IbnCatiyyaAndalusi.Fahrasa,openiti_work_0541IbnCatiyyaAndalusi.Fahrasa,2,"[""openiti_dv_0541IbnCatiyyaAndalusi.Fahrasa.JK001007-ara1"",""openiti_dv_0541IbnCatiyyaAndalusi.Fahrasa.Shamela0010728-ara1""]",Same OpenITI work URI; retain versions separately.
dup_openiti_work_0541IbnCatiyyaAndalusi.MuharrarWajiz,openiti_work_0541IbnCatiyyaAndalusi.MuharrarWajiz,4,"[""openiti_dv_0541IbnCatiyyaAndalusi.MuharrarWajiz.JK001447-ara1"",""openiti_dv_0541IbnCatiyyaAndalusi.MuharrarWajiz.Shamela0023632-ara1"",""openiti_dv_0541IbnCatiyyaAndalusi.MuharrarWajiz.Shia002565Vols-ara1"",""openiti_dv_0541IbnCatiyyaAndalusi.MuharrarWajiz.Tafsir02014-ara1""]",Same OpenITI work URI; retain versions separately.
dup_openiti_work_0542IbnBassamShantarini.Dhakhira,openiti_work_0542IbnBassamShantarini.Dhakhira,2,"[""openiti_dv_0542IbnBassamShantarini.Dhakhira.JK006900-ara1"",""openiti_dv_0542IbnBassamShantarini.Dhakhira.Shamela0001035-ara1""]",Same OpenITI work URI; retain versions separately.
dup_openiti_work_0543IbnCarabiIshbili.AhkamQuran,openiti_work_0543IbnCarabiIshbili.AhkamQuran,3,"[""openiti_dv_0543IbnCarabiIshbili.AhkamQuran.JK000917-ara1"",""openiti_dv_0543IbnCarabiIshbili.AhkamQuran.Shamela0001464-ara1"",""openiti_dv_0543IbnCarabiIshbili.AhkamQuran.Shia002561Vols-ara1""]",Same OpenITI work URI; retain versions separately.
dup_openiti_work_0543IbnCarabiIshbili.CawasimMinQawasim,openiti_work_0543IbnCarabiIshbili.CawasimMinQawasim,4,"[""openiti_dv_0543IbnCarabiIshbili.CawasimMinQawasim.JK000402-ara1"",""openiti_dv_0543IbnCarabiIshbili.CawasimMinQawasim.Shamela0008314-ara1"",""openiti_dv_0543IbnCarabiIshbili.CawasimMinQawasim.Shamela0030897-ara1"",""openiti_dv_0543IbnCarabiIshbili.CawasimMinQawasim.Shamela0096180-ara1""]",Same OpenITI work URI; retain versions separately.
dup_openiti_work_0543IbnCarabiIshbili.Mahsul,openiti_work_0543IbnCarabiIshbili.Mahsul,2,"[""openiti_dv_0543IbnCarabiIshbili.Mahsul.JK006901-ara1"",""openiti_dv_0543IbnCarabiIshbili.Mahsul.Shamela0006281-ara1""]",Same OpenITI work URI; retain versions separately.
dup_openiti_work_0543IbnHusaynBaquliIsbahani.IcrabQuran,openiti_work_0543IbnHusaynBaquliIsbahani.IcrabQuran,2,"[""openiti_dv_0543IbnHusaynBaquliIsbahani.IcrabQuran.JK010075-ara1"",""openiti_dv_0543IbnHusaynBaquliIsbahani.IcrabQuran.Shamela0023585-ara1""]",Same OpenITI work URI; retain versions separately.
dup_openiti_work_0544QadiCiyad.IlmacIlaMacrifa,openiti_work_0544QadiCiyad.IlmacIlaMacrifa,2,"[""openiti_dv_0544QadiCiyad.IlmacIlaMacrifa.JK000968-ara1"",""openiti_dv_0544QadiCiyad.IlmacIlaMacrifa.Shamela0006030-ara1""]",Same OpenITI work URI; retain versions separately.
dup_openiti_work_0544QadiCiyad.MashariqAnwar,openiti_work_0544QadiCiyad.MashariqAnwar,2,"[""openiti_dv_0544QadiCiyad.MashariqAnwar.JK000953-ara1"",""openiti_dv_0544QadiCiyad.MashariqAnwar.Shamela0010527-ara1""]",Same OpenITI work URI; retain versions separately.
dup_openiti_work_0544QadiCiyad.Shifa,openiti_work_0544QadiCiyad.Shifa,6,"[""openiti_dv_0544QadiCiyad.Shifa.JK009263-ara1"",""openiti_dv_0544QadiCiyad.Shifa.Masaha002067Vols-ara1"",""openiti_dv_0544QadiCiyad.Shifa.ShamAY0038635-ara1"",""openiti_dv_0544QadiCiyad.Shifa.Shamela0001753-ara1"",""openiti_dv_0544QadiCiyad.Shifa.Shamela0023645-ara1"",""openiti_dv_0544QadiCiyad.Shifa.Shia003693Vols-ara1""]",Same OpenITI work URI; retain versions separately.
dup_openiti_work_0544QadiCiyad.TartibMadarik,openiti_work_0544QadiCiyad.TartibMadarik,2,"[""openiti_dv_0544QadiCiyad.TartibMadarik.JK009277-ara1"",""openiti_dv_0544QadiCiyad.TartibMadarik.Shamela0031215-ara1""]",Same OpenITI work URI; retain versions separately.
dup_openiti_work_0548IbnHasanTabarsi.MakarimAkhlaq,openiti_work_0548IbnHasanTabarsi.MakarimAkhlaq,2,"[""openiti_dv_0548IbnHasanTabarsi.MakarimAkhlaq.Masaha004687-ara1"",""openiti_dv_0548IbnHasanTabarsi.MakarimAkhlaq.Shia001340-ara1""]",Same OpenITI work URI; retain versions separately.
dup_openiti_work_0548IbnHasanTabarsi.TafsirMajmacBayan,openiti_work_0548IbnHasanTabarsi.TafsirMajmacBayan,4,"[""openiti_dv_0548IbnHasanTabarsi.TafsirMajmacBayan.Masaha002554Vols-ara1"",""openiti_dv_0548IbnHasanTabarsi.TafsirMajmacBayan.Shia002359Vols-ara1"",""openiti_dv_0548IbnHasanTabarsi.TafsirMajmacBayan.Tafsir04003-ara1"",""openiti_dv_0548IbnHasanTabarsi.TafsirMajmacBayan.Zaydiyya0000301-ara1""]",Same OpenITI work URI; retain versions separately.
dup_openiti_work_0548IbnHasanTabarsi.TajMawalid,openiti_work_0548IbnHasanTabarsi.TajMawalid,2,"[""openiti_dv_0548IbnHasanTabarsi.TajMawalid.Masaha001949-ara1"",""openiti_dv_0548IbnHasanTabarsi.TajMawalid.Shia001339-ara1""]",Same OpenITI work URI; retain versions separately.
dup_openiti_work_0548IbnQaysaraniShacir.Diwan,openiti_work_0548IbnQaysaraniShacir.Diwan,2,"[""openiti_dv_0548IbnQaysaraniShacir.Diwan.JK007591-ara1"",""openiti_dv_0548IbnQaysaraniShacir.Diwan.ShamAY0037840-ara1""]",Same OpenITI work URI; retain versions separately.
dup_openiti_work_0548Shahrastani.MilalWaNihal,openiti_work_0548Shahrastani.MilalWaNihal,5,"[""openiti_dv_0548Shahrastani.MilalWaNihal.JK000344-ara1"",""openiti_dv_0548Shahrastani.MilalWaNihal.Rafed0003569-ara1"",""openiti_dv_0548Shahrastani.MilalWaNihal.ShamAY0033890-ara2"",""openiti_dv_0548Shahrastani.MilalWaNihal.Shamela0011812-ara1"",""openiti_dv_0548Shahrastani.MilalWaNihal.Shia004499Vols-ara1""]",Same OpenITI work URI; retain versions separately.
dup_openiti_work_0548Shahrastani.NihayatAqdam,openiti_work_0548Shahrastani.NihayatAqdam,4,"[""openiti_dv_0548Shahrastani.NihayatAqdam.JK009331-ara1"",""openiti_dv_0548Shahrastani.NihayatAqdam.Rafed0003495-ara1"",""openiti_dv_0548Shahrastani.NihayatAqdam.ShamAY0033895-ara1"",""openiti_dv_0548Shahrastani.NihayatAqdam.ShamAY0035590-ara1""]",Same OpenITI work URI; retain versions separately.
dup_openiti_work_0550AbuHajjajAshcari.TacrifFiAnsab,openiti_work_0550AbuHajjajAshcari.TacrifFiAnsab,2,"[""openiti_dv_0550AbuHajjajAshcari.TacrifFiAnsab.JK010487-ara1"",""openiti_dv_0550AbuHajjajAshcari.TacrifFiAnsab.Shamela0000487-ara1""]",Same OpenITI work URI; retain versions separately.
dup_openiti_work_0555IbnQalanisi.TarikhDimashq,openiti_work_0555IbnQalanisi.TarikhDimashq,5,"[""openiti_dv_0555IbnQalanisi.TarikhDimashq.JK010402-ara1"",""openiti_dv_0555IbnQalanisi.TarikhDimashq.Masaha003958Vols-ara1"",""openiti_dv_0555IbnQalanisi.TarikhDimashq.Rafed0002261BK1-ara1"",""openiti_dv_0555IbnQalanisi.TarikhDimashq.Rafed0002269-ara1"",""openiti_dv_0555IbnQalanisi.TarikhDimashq.Shamela0022799-ara1""]",Same OpenITI work URI; retain versions separately.
dup_openiti_work_0558IbnAbiKhayrCimraniYamani.IntisarFiRadd,openiti_work_0558IbnAbiKhayrCimraniYamani.IntisarFiRadd,2,"[""openiti_dv_0558IbnAbiKhayrCimraniYamani.IntisarFiRadd.JK007004-ara1"",""openiti_dv_0558IbnAbiKhayrCimraniYamani.IntisarFiRadd.Shamela0007361-ara1""]",Same OpenITI work URI; retain versions separately.
dup_openiti_work_0560AbuMansurTabarsi.Ihtijaj,openiti_work_0560AbuMansurTabarsi.Ihtijaj,2,"[""openiti_dv_0560AbuMansurTabarsi.Ihtijaj.Rafed0001121-ara1"",""openiti_dv_0560AbuMansurTabarsi.Ihtijaj.Shia001337Vols-ara1""]",Same OpenITI work URI; retain versions separately.
dup_openiti_work_0560IbnHamzaTusi.ThaqibFiManaqib,openiti_work_0560IbnHamzaTusi.ThaqibFiManaqib,2,"[""openiti_dv_0560IbnHamzaTusi.ThaqibFiManaqib.Masaha001923-ara1"",""openiti_dv_0560IbnHamzaTusi.ThaqibFiManaqib.Shia001341-ara1""]",Same OpenITI work URI; retain versions separately.
dup_openiti_work_0560IbnHamzaTusi.Wasila,openiti_work_0560IbnHamzaTusi.Wasila,2,"[""openiti_dv_0560IbnHamzaTusi.Wasila.Masaha000627-ara1"",""openiti_dv_0560IbnHamzaTusi.Wasila.Shia000046-ara1""]",Same OpenITI work URI; retain versions separately.
dup_openiti_work_0560SharifIdrisi.NuzhatMushtaq,openiti_work_0560SharifIdrisi.NuzhatMushtaq,4,"[""openiti_dv_0560SharifIdrisi.NuzhatMushtaq.JK001331-ara1"",""openiti_dv_0560SharifIdrisi.NuzhatMushtaq.Masaha004636Vols-ara1"",""openiti_dv_0560SharifIdrisi.NuzhatMushtaq.Shamela0011787-ara1"",""openiti_dv_0560SharifIdrisi.NuzhatMushtaq.Shia003491Vols-ara1""]",Same OpenITI work URI; retain versions separately.
dup_openiti_work_0560WazirIbnHubayraShaybani.IkhtilafAimma,openiti_work_0560WazirIbnHubayraShaybani.IkhtilafAimma,2,"[""openiti_dv_0560WazirIbnHubayraShaybani.IkhtilafAimma.JK009140-ara1"",""openiti_dv_0560WazirIbnHubayraShaybani.IkhtilafAimma.Shamela0006228-ara1""]",Same OpenITI work URI; retain versions separately.
dup_openiti_work_0562IbnHamdun.TadhkiraHamduniyya,openiti_work_0562IbnHamdun.TadhkiraHamduniyya,2,"[""openiti_dv_0562IbnHamdun.TadhkiraHamduniyya.JK009325-ara1"",""openiti_dv_0562IbnHamdun.TadhkiraHamduniyya.Shamela0010646-ara1""]",Same OpenITI work URI; retain versions separately.
dup_openiti_work_0562Samcani.AdabImla,openiti_work_0562Samcani.AdabImla,3,"[""openiti_dv_0562Samcani.AdabImla.JK000448-ara1"",""openiti_dv_0562Samcani.AdabImla.Shamela0006018-ara1"",""openiti_dv_0562Samcani.AdabImla.Shia002173-ara1""]",Same OpenITI work URI; retain versions separately.
dup_openiti_work_0562Samcani.Ansab,openiti_work_0562Samcani.Ansab,7,"[""openiti_dv_0562Samcani.Ansab.JK000952-ara1"",""openiti_dv_0562Samcani.Ansab.Sham30K0002009-ara1"",""openiti_dv_0562Samcani.Ansab.Sham30K0012317-ara1"",""openiti_dv_0562Samcani.Ansab.Sham30K0045603-ara1"",""openiti_dv_0562Samcani.Ansab.ShamAY0034668-ara1"",""openiti_dv_0562Samcani.Ansab.Shamela0012317-ara1"",""openiti_dv_0562Samcani.Ansab.Shia003430Vols-ara1""]",Same OpenITI work URI; retain versions separately.
dup_openiti_work_0562Samcani.FadailSham,openiti_work_0562Samcani.FadailSham,2,"[""openiti_dv_0562Samcani.FadailSham.Masaha004845BK3-ara1"",""openiti_dv_0562Samcani.FadailSham.Shamela0012743-ara1""]",Same OpenITI work URI; retain versions separately.
dup_openiti_work_0562Samcani.Tahbir,openiti_work_0562Samcani.Tahbir,2,"[""openiti_dv_0562Samcani.Tahbir.JK001322-ara1"",""openiti_dv_0562Samcani.Tahbir.Shamela0001694-ara1""]",Same OpenITI work URI; retain versions separately.
dup_openiti_work_0565IbnFunduqBayhaqi.LubabAnsab,openiti_work_0565IbnFunduqBayhaqi.LubabAnsab,2,"[""openiti_dv_0565IbnFunduqBayhaqi.LubabAnsab.JK010355-ara1"",""openiti_dv_0565IbnFunduqBayhaqi.LubabAnsab.Shamela0000355-ara1""]",Same OpenITI work URI; retain versions separately.
dup_openiti_work_0565IbnFunduqBayhaqi.TatimmatSiwanHikma,openiti_work_0565IbnFunduqBayhaqi.TatimmatSiwanHikma,2,"[""openiti_dv_0565IbnFunduqBayhaqi.TatimmatSiwanHikma.JK010273-ara1"",""openiti_dv_0565IbnFunduqBayhaqi.TatimmatSiwanHikma.Shamela0000273-ara1""]",Same OpenITI work URI; retain versions separately.
dup_openiti_work_0566MutawakkilAhmad.UsulAhkam,openiti_work_0566MutawakkilAhmad.UsulAhkam,3,"[""openiti_dv_0566MutawakkilAhmad.UsulAhkam.Zaydiyya0000010-ara2"",""openiti_dv_0566MutawakkilAhmad.UsulAhkam.Zaydiyya0000357-ara1"",""openiti_dv_0566MutawakkilAhmad.UsulAhkam.Zaydiyya0000390Vols-ara1""]",Same OpenITI work URI; retain versions separately.
dup_openiti_work_0567CarqalaKalbi.Diwan,openiti_work_0567CarqalaKalbi.Diwan,2,"[""openiti_dv_0567CarqalaKalbi.Diwan.JK007621-ara1"",""openiti_dv_0567CarqalaKalbi.Diwan.ShamAY0037935-ara1""]",Same OpenITI work URI; retain versions separately.
dup_openiti_work_0569CumaraYamani.NukatCasriyya,openiti_work_0569CumaraYamani.NukatCasriyya,2,"[""openiti_dv_0569CumaraYamani.NukatCasriyya.Kraken22030819564100-ara1"",""openiti_dv_0569CumaraYamani.NukatCasriyya.Shamela0009248BK1-ara1""]",Same OpenITI work URI; retain versions separately.
dup_openiti_work_0569IbnAhmadCattarHamadhani.Futya,openiti_work_0569IbnAhmadCattarHamadhani.Futya,2,"[""openiti_dv_0569IbnAhmadCattarHamadhani.Futya.JK001050-ara1"",""openiti_dv_0569IbnAhmadCattarHamadhani.Futya.Shamela0006429-ara1""]",Same OpenITI work URI; retain versions separately.
dup_openiti_work_0570IbnMuhammadKarabisiNaysaburi.Furuq,openiti_work_0570IbnMuhammadKarabisiNaysaburi.Furuq,2,"[""openiti_dv_0570IbnMuhammadKarabisiNaysaburi.Furuq.JK000234-ara1"",""openiti_dv_0570IbnMuhammadKarabisiNaysaburi.Furuq.Shamela0008182-ara1""]",Same OpenITI work URI; retain versions separately.
dup_openiti_work_0570IbnYahyaSamawalMaghribi.IfhamYahud,openiti_work_0570IbnYahyaSamawalMaghribi.IfhamYahud,4,"[""openiti_dv_0570IbnYahyaSamawalMaghribi.IfhamYahud.JK001024-ara1"",""openiti_dv_0570IbnYahyaSamawalMaghribi.IfhamYahud.ShamAY0000406-ara1"",""openiti_dv_0570IbnYahyaSamawalMaghribi.IfhamYahud.Shamela0006529-ara1"",""openiti_dv_0570IbnYahyaSamawalMaghribi.IfhamYahud.Shamela0010719-ara2""]",Same OpenITI work URI; retain versions separately.
dup_openiti_work_0571IbnCasakir.ArbacunaBuldaniyya,openiti_work_0571IbnCasakir.ArbacunaBuldaniyya,5,"[""openiti_dv_0571IbnCasakir.ArbacunaBuldaniyya.JK000854-ara1"",""openiti_dv_0571IbnCasakir.ArbacunaBuldaniyya.JK010919-ara1"",""openiti_dv_0571IbnCasakir.ArbacunaBuldaniyya.ShamAY0033614-ara1"",""openiti_dv_0571IbnCasakir.ArbacunaBuldaniyya.Shamela0005713-ara1"",""openiti_dv_0571IbnCasakir.ArbacunaBuldaniyya.Shia002174-ara1""]",Same OpenITI work URI; retain versions separately.
dup_openiti_work_0571IbnCasakir.ArbacunaFiHathth,openiti_work_0571IbnCasakir.ArbacunaFiHathth,2,"[""openiti_dv_0571IbnCasakir.ArbacunaFiHathth.JK000616-ara1"",""openiti_dv_0571IbnCasakir.ArbacunaFiHathth.Shamela0005716-ara1""]",Same OpenITI work URI; retain versions separately.
dup_openiti_work_0571IbnCasakir.KashfMughatta,openiti_work_0571IbnCasakir.KashfMughatta,2,"[""openiti_dv_0571IbnCasakir.KashfMughatta.JK001124-ara1"",""openiti_dv_0571IbnCasakir.KashfMughatta.Shamela0006032-ara1""]",Same OpenITI work URI; retain versions separately.
dup_openiti_work_0571IbnCasakir.TabyinKadhib,openiti_work_0571IbnCasakir.TabyinKadhib,2,"[""openiti_dv_0571IbnCasakir.TabyinKadhib.JK000318-ara1"",""openiti_dv_0571IbnCasakir.TabyinKadhib.Shamela0006549-ara1""]",Same OpenITI work URI; retain versions separately.
dup_openiti_work_0571IbnCasakir.TacziyatMuslim,openiti_work_0571IbnCasakir.TacziyatMuslim,3,"[""openiti_dv_0571IbnCasakir.TacziyatMuslim.JK000023-ara1"",""openiti_dv_0571IbnCasakir.TacziyatMuslim.Shamela0006766-ara1"",""openiti_dv_0571IbnCasakir.TacziyatMuslim.Shia002180-ara1""]",Same OpenITI work URI; retain versions separately.
dup_openiti_work_0571IbnCasakir.TarikhDimashq,openiti_work_0571IbnCasakir.TarikhDimashq,8,"[""openiti_dv_0571IbnCasakir.TarikhDimashq.JK000916-ara1"",""openiti_dv_0571IbnCasakir.TarikhDimashq.Masaha001980Vols-ara1"",""openiti_dv_0571IbnCasakir.TarikhDimashq.Sham30K0000071-ara1"",""openiti_dv_0571IbnCasakir.TarikhDimashq.Sham30K0004624-ara1"",""openiti_dv_0571IbnCasakir.TarikhDimashq.Sham30K0032602-ara1"",""openiti_dv_0571IbnCasakir.TarikhDimashq.Sham30K0032852-ara1"",""openiti_dv_0571IbnCasakir.TarikhDimashq.Shamela0000071-ara1"",""openiti_dv_0571IbnCasakir.TarikhDimashq.Shia003157Vols-ara1""]",Same OpenITI work URI; retain versions separately.
dup_openiti_work_0571IbnCasakir.Tawba,openiti_work_0571IbnCasakir.Tawba,3,"[""openiti_dv_0571IbnCasakir.Tawba.JK000068-ara1"",""openiti_dv_0571IbnCasakir.Tawba.ShamAY0033615-ara1"",""openiti_dv_0571IbnCasakir.Tawba.Shamela0026465-ara1""]",Same OpenITI work URI; retain versions separately.
dup_openiti_work_0571IbnIbrahimIbnSacdKhayrAnsari.QurtCalaKamil,openiti_work_0571IbnIbrahimIbnSacdKhayrAnsari.QurtCalaKamil,2,"[""openiti_dv_0571IbnIbrahimIbnSacdKhayrAnsari.QurtCalaKamil.JK010670-ara1"",""openiti_dv_0571IbnIbrahimIbnSacdKhayrAnsari.QurtCalaKamil.Shamela0000670-ara1""]",Same OpenITI work URI; retain versions separately.
dup_openiti_work_0572RusafiBalansi.Diwan,openiti_work_0572RusafiBalansi.Diwan,2,"[""openiti_dv_0572RusafiBalansi.Diwan.JK007575-ara1"",""openiti_dv_0572RusafiBalansi.Diwan.ShamAY0037883-ara1""]",Same OpenITI work URI; retain versions separately.
dup_openiti_work_0573IbnHibatAllahQutbDinRawandi.Kharaij,openiti_work_0573IbnHibatAllahQutbDinRawandi.Kharaij,3,"[""openiti_dv_0573IbnHibatAllahQutbDinRawandi.Kharaij.Masaha001018Vols-ara1"",""openiti_dv_0573IbnHibatAllahQutbDinRawandi.Kharaij.Shia001344Vols-ara1"",""openiti_dv_0573IbnHibatAllahQutbDinRawandi.Kharaij.Zaydiyya0000120-ara1""]",Same OpenITI work URI; retain versions separately.
dup_openiti_work_0573NashwanHimyari.HurCin,openiti_work_0573NashwanHimyari.HurCin,2,"[""openiti_dv_0573NashwanHimyari.HurCin.JK010635-ara1"",""openiti_dv_0573NashwanHimyari.HurCin.Shamela0022885-ara1""]",Same OpenITI work URI; retain versions separately.
dup_openiti_work_0573NashwanHimyari.KhulasatSiyar,openiti_work_0573NashwanHimyari.KhulasatSiyar,2,"[""openiti_dv_0573NashwanHimyari.KhulasatSiyar.JK010763-ara1"",""openiti_dv_0573NashwanHimyari.KhulasatSiyar.Shamela0000763-ara1""]",Same OpenITI work URI; retain versions separately.
dup_openiti_work_0573NashwanHimyari.ShamsCulum,openiti_work_0573NashwanHimyari.ShamsCulum,3,"[""openiti_dv_0573NashwanHimyari.ShamsCulum.Masaha003682Vols-ara1"",""openiti_dv_0573NashwanHimyari.ShamsCulum.ShamIbadiyya0000880-ara1"",""openiti_dv_0573NashwanHimyari.ShamsCulum.Shamela0023358-ara1""]",Same OpenITI work URI; retain versions separately.
dup_openiti_work_0574ShuhdaBintAhmad.Cumda,openiti_work_0574ShuhdaBintAhmad.Cumda,2,"[""openiti_dv_0574ShuhdaBintAhmad.Cumda.JK001207-ara1"",""openiti_dv_0574ShuhdaBintAhmad.Cumda.Shamela0007375-ara1""]",Same OpenITI work URI; retain versions separately.
dup_openiti_work_0575IbnBabawayhMuntajabDin.Arbacuna,openiti_work_0575IbnBabawayhMuntajabDin.Arbacuna,3,"[""openiti_dv_0575IbnBabawayhMuntajabDin.Arbacuna.Masaha004533-ara1"",""openiti_dv_0575IbnBabawayhMuntajabDin.Arbacuna.ShamAY0032835-ara1"",""openiti_dv_0575IbnBabawayhMuntajabDin.Arbacuna.Shia001348-ara1""]",Same OpenITI work URI; retain versions separately.
dup_openiti_work_0575IbnBabawayhMuntajabDin.Fihrist,openiti_work_0575IbnBabawayhMuntajabDin.Fihrist,2,"[""openiti_dv_0575IbnBabawayhMuntajabDin.Fihrist.Masaha003497-ara1"",""openiti_dv_0575IbnBabawayhMuntajabDin.Fihrist.Shia002937-ara1""]",Same OpenITI work URI; retain versions separately.
dup_openiti_work_0575IbnKhayrIshbili.Fahrasa,openiti_work_0575IbnKhayrIshbili.Fahrasa,3,"[""openiti_dv_0575IbnKhayrIshbili.Fahrasa.JK001084-ara1"",""openiti_dv_0575IbnKhayrIshbili.Fahrasa.Sham19Y0016626-ara2"",""openiti_dv_0575IbnKhayrIshbili.Fahrasa.Shamela0010726-ara1""]",Same OpenITI work URI; retain versions separately.
dup_openiti_work_0576AbuTahirSilafi.MajalisKhamsa,openiti_work_0576AbuTahirSilafi.MajalisKhamsa,2,"[""openiti_dv_0576AbuTahirSilafi.MajalisKhamsa.JK001154-ara1"",""openiti_dv_0576AbuTahirSilafi.MajalisKhamsa.Shamela0005706-ara1""]",Same OpenITI work URI; retain versions separately.
dup_openiti_work_0576AbuTahirSilafi.Mashyakha,openiti_work_0576AbuTahirSilafi.Mashyakha,2,"[""openiti_dv_0576AbuTahirSilafi.Mashyakha.JK000649-ara1"",""openiti_dv_0576AbuTahirSilafi.Mashyakha.Shamela0005728-ara1""]",Same OpenITI work URI; retain versions separately.
dup_openiti_work_0576AbuTahirSilafi.MashyakhaBaghdadiyya,openiti_work_0576AbuTahirSilafi.MashyakhaBaghdadiyya,2,"[""openiti_dv_0576AbuTahirSilafi.MashyakhaBaghdadiyya.Shamela0021634-ara1"",""openiti_dv_0576AbuTahirSilafi.MashyakhaBaghdadiyya.Shamela0030623Vols-ara1""]",Same OpenITI work URI; retain versions separately.
dup_openiti_work_0576AbuTahirSilafi.MucjamSafar,openiti_work_0576AbuTahirSilafi.MucjamSafar,4,"[""openiti_dv_0576AbuTahirSilafi.MucjamSafar.JK001222-ara1"",""openiti_dv_0576AbuTahirSilafi.MucjamSafar.JK011029-ara1"",""openiti_dv_0576AbuTahirSilafi.MucjamSafar.Shamela0001029-ara1"",""openiti_dv_0576AbuTahirSilafi.MucjamSafar.Shamela0005805-ara1""]",Same OpenITI work URI; retain versions separately.
dup_openiti_work_0576AbuTahirSilafi.Sualat,openiti_work_0576AbuTahirSilafi.Sualat,3,"[""openiti_dv_0576AbuTahirSilafi.Sualat.JK000610-ara1"",""openiti_dv_0576AbuTahirSilafi.Sualat.ShamAY0034164-ara1"",""openiti_dv_0576AbuTahirSilafi.Sualat.Shamela0026209-ara1""]",Same OpenITI work URI; retain versions separately.
dup_openiti_work_0576AbuTahirSilafi.Tuyuriyyat,openiti_work_0576AbuTahirSilafi.Tuyuriyyat,2,"[""openiti_dv_0576AbuTahirSilafi.Tuyuriyyat.JK009391-ara1"",""openiti_dv_0576AbuTahirSilafi.Tuyuriyyat.Shamela0009634-ara1""]",Same OpenITI work URI; retain versions separately.
dup_openiti_work_0576AbuTahirSilafi.Wajiz,openiti_work_0576AbuTahirSilafi.Wajiz,2,"[""openiti_dv_0576AbuTahirSilafi.Wajiz.JK000987-ara1"",""openiti_dv_0576AbuTahirSilafi.Wajiz.Shamela0006031-ara1""]",Same OpenITI work URI; retain versions separately.
dup_openiti_work_0576IbnCabdSalamQadi.ArbacunCalawiyya,openiti_work_0576IbnCabdSalamQadi.ArbacunCalawiyya,2,"[""openiti_dv_0576IbnCabdSalamQadi.ArbacunCalawiyya.Zaydiyya0000340-ara1"",""openiti_dv_0576IbnCabdSalamQadi.ArbacunCalawiyya.Zaydiyya0000399-ara1""]",Same OpenITI work URI; retain versions separately.
dup_openiti_work_0577AbuBarakatAnbari.AsrarCarabiyya,openiti_work_0577AbuBarakatAnbari.AsrarCarabiyya,3,"[""openiti_dv_0577AbuBarakatAnbari.AsrarCarabiyya.JK000955-ara1"",""openiti_dv_0577AbuBarakatAnbari.AsrarCarabiyya.ShamAY0034671-ara1"",""openiti_dv_0577AbuBarakatAnbari.AsrarCarabiyya.Shamela0007502-ara1""]",Same OpenITI work URI; retain versions separately.
dup_openiti_work_0577AbuBarakatAnbari.BulghaFiFarq,openiti_work_0577AbuBarakatAnbari.BulghaFiFarq,2,"[""openiti_dv_0577AbuBarakatAnbari.BulghaFiFarq.JK009167-ara1"",""openiti_dv_0577AbuBarakatAnbari.BulghaFiFarq.Shamela0007002-ara1""]",Same OpenITI work URI; retain versions separately.
dup_openiti_work_0577AbuBarakatAnbari.InsafFiMasail,openiti_work_0577AbuBarakatAnbari.InsafFiMasail,3,"[""openiti_dv_0577AbuBarakatAnbari.InsafFiMasail.JK001424-ara1"",""openiti_dv_0577AbuBarakatAnbari.InsafFiMasail.ShamAY0034700-ara1"",""openiti_dv_0577AbuBarakatAnbari.InsafFiMasail.Shamela0007362-ara1""]",Same OpenITI work URI; retain versions separately.
dup_openiti_work_0578IbnBashkuwal.AkhbarIbnWahb,openiti_work_0578IbnBashkuwal.AkhbarIbnWahb,2,"[""openiti_dv_0578IbnBashkuwal.AkhbarIbnWahb.ShamAY0033539-ara1"",""openiti_dv_0578IbnBashkuwal.AkhbarIbnWahb.ShamAY0033540-ara1""]",Same OpenITI work URI; retain versions separately.
dup_openiti_work_0578IbnBashkuwal.GhawamidAsma,openiti_work_0578IbnBashkuwal.GhawamidAsma,2,"[""openiti_dv_0578IbnBashkuwal.GhawamidAsma.JK000726-ara1"",""openiti_dv_0578IbnBashkuwal.GhawamidAsma.Shamela0005803-ara1""]",Same OpenITI work URI; retain versions separately.
dup_openiti_work_0578IbnBashkuwal.MaRuwiyaFiHawd,openiti_work_0578IbnBashkuwal.MaRuwiyaFiHawd,2,"[""openiti_dv_0578IbnBashkuwal.MaRuwiyaFiHawd.Shamela0006753-ara1"",""openiti_dv_0578IbnBashkuwal.MaRuwiyaFiHawd.Shia002176-ara1""]",Same OpenITI work URI; retain versions separately.
dup_openiti_work_0578IbnBashkuwal.Sila,openiti_work_0578IbnBashkuwal.Sila,2,"[""openiti_dv_0578IbnBashkuwal.Sila.JK010268-ara1"",""openiti_dv_0578IbnBashkuwal.Sila.Shamela0022788-ara1""]",Same OpenITI work URI; retain versions separately.
dup_openiti_work_0581AbuMusaMadini.KhasaisMusnadAhmad,openiti_work_0581AbuMusaMadini.KhasaisMusnadAhmad,3,"[""openiti_dv_0581AbuMusaMadini.KhasaisMusnadAhmad.JK000715-ara1"",""openiti_dv_0581AbuMusaMadini.KhasaisMusnadAhmad.Shamela0011174-ara1"",""openiti_dv_0581AbuMusaMadini.KhasaisMusnadAhmad.Shia002177-ara1""]",Same OpenITI work URI; retain versions separately.
dup_openiti_work_0581AbuMusaMadini.Lataif,openiti_work_0581AbuMusaMadini.Lataif,2,"[""openiti_dv_0581AbuMusaMadini.Lataif.Shamela0026878-ara1"",""openiti_dv_0581AbuMusaMadini.Lataif.Shamela0029911-ara1""]",Same OpenITI work URI; retain versions separately.
dup_openiti_work_0581AbuMusaMadini.NuzhatHuffaz,openiti_work_0581AbuMusaMadini.NuzhatHuffaz,2,"[""openiti_dv_0581AbuMusaMadini.NuzhatHuffaz.JK000614-ara1"",""openiti_dv_0581AbuMusaMadini.NuzhatHuffaz.Shamela0005995-ara1""]",Same OpenITI work URI; retain versions separately.
dup_openiti_work_0581AbuQasimSuhayli.Faraid,openiti_work_0581AbuQasimSuhayli.Faraid,2,"[""openiti_dv_0581AbuQasimSuhayli.Faraid.JK000301-ara1"",""openiti_dv_0581AbuQasimSuhayli.Faraid.Shamela0006251-ara1""]",Same OpenITI work URI; retain versions separately.
dup_openiti_work_0581AbuQasimSuhayli.RawdUnuf,openiti_work_0581AbuQasimSuhayli.RawdUnuf,4,"[""openiti_dv_0581AbuQasimSuhayli.RawdUnuf.JK001463-ara1"",""openiti_dv_0581AbuQasimSuhayli.RawdUnuf.Masaha002028Vols-ara1"",""openiti_dv_0581AbuQasimSuhayli.RawdUnuf.Shamela0001514-ara1"",""openiti_dv_0581AbuQasimSuhayli.RawdUnuf.Shamela0006864-ara1""]",Same OpenITI work URI; retain versions separately.
dup_openiti_work_0581IbnKharratIshbili.AhkamSharciyya,openiti_work_0581IbnKharratIshbili.AhkamSharciyya,2,"[""openiti_dv_0581IbnKharratIshbili.AhkamSharciyya.JK009141-ara1"",""openiti_dv_0581IbnKharratIshbili.AhkamSharciyya.Shamela0004289-ara1""]",Same OpenITI work URI; retain versions separately.
dup_openiti_work_0581IbnKharratIshbili.CaqibaFiDhikrMawt,openiti_work_0581IbnKharratIshbili.CaqibaFiDhikrMawt,2,"[""openiti_dv_0581IbnKharratIshbili.CaqibaFiDhikrMawt.JK000030-ara1"",""openiti_dv_0581IbnKharratIshbili.CaqibaFiDhikrMawt.Shamela0006862-ara1""]",Same OpenITI work URI; retain versions separately.
dup_openiti_work_0582IbnBarri.FiTacrib,openiti_work_0582IbnBarri.FiTacrib,2,"[""openiti_dv_0582IbnBarri.FiTacrib.JK001246-ara1"",""openiti_dv_0582IbnBarri.FiTacrib.Shamela0007060-ara1""]",Same OpenITI work URI; retain versions separately.
dup_openiti_work_0582IbnBarri.GhalatDucafaMinFuqaha,openiti_work_0582IbnBarri.GhalatDucafaMinFuqaha,2,"[""openiti_dv_0582IbnBarri.GhalatDucafaMinFuqaha.JK006917-ara1"",""openiti_dv_0582IbnBarri.GhalatDucafaMinFuqaha.Shamela0006922-ara1""]",Same OpenITI work URI; retain versions separately.
dup_openiti_work_0583SibtIbnTacawidhiShacir.Diwan,openiti_work_0583SibtIbnTacawidhiShacir.Diwan,2,"[""openiti_dv_0583SibtIbnTacawidhiShacir.Diwan.JK007618-ara1"",""openiti_dv_0583SibtIbnTacawidhiShacir.Diwan.ShamAY0037949-ara1""]",Same OpenITI work URI; retain versions separately.
dup_openiti_work_0584IbnMunqidhShayzari.BadicFiNaqdShicr,openiti_work_0584IbnMunqidhShayzari.BadicFiNaqdShicr,2,"[""openiti_dv_0584IbnMunqidhShayzari.BadicFiNaqdShicr.JK010749-ara1"",""openiti_dv_0584IbnMunqidhShayzari.BadicFiNaqdShicr.Shamela0009225-ara1""]",Same OpenITI work URI; retain versions separately.
dup_openiti_work_0584IbnMunqidhShayzari.Diwan,openiti_work_0584IbnMunqidhShayzari.Diwan,2,"[""openiti_dv_0584IbnMunqidhShayzari.Diwan.JK007587-ara1"",""openiti_dv_0584IbnMunqidhShayzari.Diwan.ShamAY0037915-ara1""]",Same OpenITI work URI; retain versions separately.
dup_openiti_work_0584IbnMunqidhShayzari.Ictibar,openiti_work_0584IbnMunqidhShayzari.Ictibar,2,"[""openiti_dv_0584IbnMunqidhShayzari.Ictibar.JK009309-ara1"",""openiti_dv_0584IbnMunqidhShayzari.Ictibar.Shamela0021564-ara1""]",Same OpenITI work URI; retain versions separately.
dup_openiti_work_0584IbnMunqidhShayzari.LubabAdab,openiti_work_0584IbnMunqidhShayzari.LubabAdab,2,"[""openiti_dv_0584IbnMunqidhShayzari.LubabAdab.JK010729-ara1"",""openiti_dv_0584IbnMunqidhShayzari.LubabAdab.Shamela0010496-ara1""]",Same OpenITI work URI; retain versions separately.
dup_openiti_work_0584IbnMusaHazimi.Amakin,openiti_work_0584IbnMusaHazimi.Amakin,2,"[""openiti_dv_0584IbnMusaHazimi.Amakin.JK010104-ara1"",""openiti_dv_0584IbnMusaHazimi.Amakin.Shamela0000122-ara1""]",Same OpenITI work URI; retain versions separately.
dup_openiti_work_0584IbnMusaHazimi.CujalatMubtadi,openiti_work_0584IbnMusaHazimi.CujalatMubtadi,2,"[""openiti_dv_0584IbnMusaHazimi.CujalatMubtadi.JK010497-ara1"",""openiti_dv_0584IbnMusaHazimi.CujalatMubtadi.Shamela0096966-ara1""]",Same OpenITI work URI; retain versions separately.
dup_openiti_work_0585IbnCaliIbnZuhraHalabi.GhunyatNuzuc,openiti_work_0585IbnCaliIbnZuhraHalabi.GhunyatNuzuc,2,"[""openiti_dv_0585IbnCaliIbnZuhraHalabi.GhunyatNuzuc.Masaha000707-ara1"",""openiti_dv_0585IbnCaliIbnZuhraHalabi.GhunyatNuzuc.Shia000048-ara1""]",Same OpenITI work URI; retain versions separately.
dup_openiti_work_0586IbnMuhammadAbuNasrCattabi.SharhNukat,openiti_work_0586IbnMuhammadAbuNasrCattabi.SharhNukat,3,"[""openiti_dv_0586IbnMuhammadAbuNasrCattabi.SharhNukat.JK000285-ara1"",""openiti_dv_0586IbnMuhammadAbuNasrCattabi.SharhNukat.JK000891-ara1"",""openiti_dv_0586IbnMuhammadAbuNasrCattabi.SharhNukat.Shamela0022362-ara1""]",Same OpenITI work URI; retain versions separately.
dup_openiti_work_0587AbuMacaliFurawi.Subaciyyat,openiti_work_0587AbuMacaliFurawi.Subaciyyat,2,"[""openiti_dv_0587AbuMacaliFurawi.Subaciyyat.JK011523-ara1"",""openiti_dv_0587AbuMacaliFurawi.Subaciyyat.Shamela0009664-ara1""]",Same OpenITI work URI; retain versions separately.
dup_openiti_work_0587IbnMascudCalaDinKasani.BadaicSanaic,openiti_work_0587IbnMascudCalaDinKasani.BadaicSanaic,3,"[""openiti_dv_0587IbnMascudCalaDinKasani.BadaicSanaic.JK000150-ara1"",""openiti_dv_0587IbnMascudCalaDinKasani.BadaicSanaic.Shamela0008183-ara1"",""openiti_dv_0587IbnMascudCalaDinKasani.BadaicSanaic.Shia000956Vols-ara1""]",Same OpenITI work URI; retain versions separately.
dup_openiti_work_0588IbnShahrAshub.MacalimCulama,openiti_work_0588IbnShahrAshub.MacalimCulama,2,"[""openiti_dv_0588IbnShahrAshub.MacalimCulama.Masaha003552-ara1"",""openiti_dv_0588IbnShahrAshub.MacalimCulama.Shia002938-ara1""]",Same OpenITI work URI; retain versions separately.
dup_openiti_work_0588IbnShahrAshub.ManaqibAlAbiTalib,openiti_work_0588IbnShahrAshub.ManaqibAlAbiTalib,2,"[""openiti_dv_0588IbnShahrAshub.ManaqibAlAbiTalib.Masaha003007Vols-ara1"",""openiti_dv_0588IbnShahrAshub.ManaqibAlAbiTalib.Shia001349Vols-ara1""]",Same OpenITI work URI; retain versions separately.
dup_openiti_work_0590IbnFirruhShatibi.HirzAmani,openiti_work_0590IbnFirruhShatibi.HirzAmani,3,"[""openiti_dv_0590IbnFirruhShatibi.HirzAmani.JK000450-ara1"",""openiti_dv_0590IbnFirruhShatibi.HirzAmani.ShamAY0034095-ara1"",""openiti_dv_0590IbnFirruhShatibi.HirzAmani.Shamela0007754-ara1""]",Same OpenITI work URI; retain versions separately.
dup_openiti_work_0590IbnNasrJalalDinShayzari.ManhajMasluk,openiti_work_0590IbnNasrJalalDinShayzari.ManhajMasluk,2,"[""openiti_dv_0590IbnNasrJalalDinShayzari.ManhajMasluk.JK001189-ara1"",""openiti_dv_0590IbnNasrJalalDinShayzari.ManhajMasluk.Shamela0007235-ara1""]",Same OpenITI work URI; retain versions separately.
dup_openiti_work_0590IbnNasrJalalDinShayzari.NihayatRutba,openiti_work_0590IbnNasrJalalDinShayzari.NihayatRutba,2,"[""openiti_dv_0590IbnNasrJalalDinShayzari.NihayatRutba.JK011689-ara2"",""openiti_dv_0590IbnNasrJalalDinShayzari.NihayatRutba.Shamela0021584-ara1""]",Same OpenITI work URI; retain versions separately.
dup_openiti_work_0592IbnCaliFakhrDinIbnDahhan.TaqwimNazar,openiti_work_0592IbnCaliFakhrDinIbnDahhan.TaqwimNazar,2,"[""openiti_dv_0592IbnCaliFakhrDinIbnDahhan.TaqwimNazar.JK009148-ara1"",""openiti_dv_0592IbnCaliFakhrDinIbnDahhan.TaqwimNazar.Shamela0006337-ara1""]",Same OpenITI work URI; retain versions separately.
dup_openiti_work_0593BurhanDinFarghaniMarghinani.Bidaya,openiti_work_0593BurhanDinFarghaniMarghinani.Bidaya,2,"[""openiti_dv_0593BurhanDinFarghaniMarghinani.Bidaya.JK000278-ara1"",""openiti_dv_0593BurhanDinFarghaniMarghinani.Bidaya.Shamela0006170-ara1""]",Same OpenITI work URI; retain versions separately.
dup_openiti_work_0593BurhanDinFarghaniMarghinani.HidayaFiSharhBidaya,openiti_work_0593BurhanDinFarghaniMarghinani.HidayaFiSharhBidaya,6,"[""openiti_dv_0593BurhanDinFarghaniMarghinani.HidayaFiSharhBidaya.JK000242-ara1"",""openiti_dv_0593BurhanDinFarghaniMarghinani.HidayaFiSharhBidaya.JK011690BK1-ara1"",""openiti_dv_0593BurhanDinFarghaniMarghinani.HidayaFiSharhBidaya.ShamAY0034209-ara1"",""openiti_dv_0593BurhanDinFarghaniMarghinani.HidayaFiSharhBidaya.Shamela0000427BK1-ara1"",""openiti_dv_0593BurhanDinFarghaniMarghinani.HidayaFiSharhBidaya.Shamela0009403BK1-ara1"",""openiti_dv_0593BurhanDinFarghaniMarghinani.HidayaFiSharhBidaya.Shamela0011820-ara1""]",Same OpenITI work URI; retain versions separately.
dup_openiti_work_0593IbnMuhammadJamalDinGhaznawi.UsulDin,openiti_work_0593IbnMuhammadJamalDinGhaznawi.UsulDin,2,"[""openiti_dv_0593IbnMuhammadJamalDinGhaznawi.UsulDin.JK001464-ara1"",""openiti_dv_0593IbnMuhammadJamalDinGhaznawi.UsulDin.Shamela0006371-ara1""]",Same OpenITI work URI; retain versions separately.
dup_openiti_work_0595Daylami.SharhAnfasRuhaniyya,openiti_work_0595Daylami.SharhAnfasRuhaniyya,2,"[""openiti_dv_0595Daylami.SharhAnfasRuhaniyya.EScr20112317-ara1"",""openiti_dv_0595Daylami.SharhAnfasRuhaniyya.Kraken220413202903-ara1""]",Same OpenITI work URI; retain versions separately.
dup_openiti_work_0595IbnRushdHafid.BidayatMujtahid,openiti_work_0595IbnRushdHafid.BidayatMujtahid,5,"[""openiti_dv_0595IbnRushdHafid.BidayatMujtahid.JK000222-ara1"",""openiti_dv_0595IbnRushdHafid.BidayatMujtahid.ShamAY0034220-ara1"",""openiti_dv_0595IbnRushdHafid.BidayatMujtahid.ShamAY0034221-ara1"",""openiti_dv_0595IbnRushdHafid.BidayatMujtahid.Shamela0021739-ara1"",""openiti_dv_0595IbnRushdHafid.BidayatMujtahid.Shia001039Vols-ara1""]",Same OpenITI work URI; retain versions separately.
dup_openiti_work_0595IbnRushdHafid.FaslMaqal,openiti_work_0595IbnRushdHafid.FaslMaqal,2,"[""openiti_dv_0595IbnRushdHafid.FaslMaqal.JK010686-ara1"",""openiti_dv_0595IbnRushdHafid.FaslMaqal.Shamela0012727-ara1""]",Same OpenITI work URI; retain versions separately.
dup_openiti_work_0595IbnRushdHafid.TalkhisCibara,openiti_work_0595IbnRushdHafid.TalkhisCibara,2,"[""openiti_dv_0595IbnRushdHafid.TalkhisCibara.ALCorpus00023-ara1"",""openiti_dv_0595IbnRushdHafid.TalkhisCibara.DARE00018-ara1""]",Same OpenITI work URI; retain versions separately.
dup_openiti_work_0595IbnRushdHafid.TalkhisHassLiAristu,openiti_work_0595IbnRushdHafid.TalkhisHassLiAristu,2,"[""openiti_dv_0595IbnRushdHafid.TalkhisHassLiAristu.ALCorpus00022-ara1"",""openiti_dv_0595IbnRushdHafid.TalkhisHassLiAristu.GRAR000033-ara1""]",Same OpenITI work URI; retain versions separately.
dup_openiti_work_0595IbnRushdHafid.TalkhisKawnWaFasad,openiti_work_0595IbnRushdHafid.TalkhisKawnWaFasad,2,"[""openiti_dv_0595IbnRushdHafid.TalkhisKawnWaFasad.DARE00021-ara1"",""openiti_dv_0595IbnRushdHafid.TalkhisKawnWaFasad.Rafed0001722-ara1""]",Same OpenITI work URI; retain versions separately.
dup_openiti_work_0595IbnRushdHafid.TalkhisKhitaba,openiti_work_0595IbnRushdHafid.TalkhisKhitaba,2,"[""openiti_dv_0595IbnRushdHafid.TalkhisKhitaba.JK010698-ara1"",""openiti_dv_0595IbnRushdHafid.TalkhisKhitaba.Shamela0000698-ara1""]",Same OpenITI work URI; retain versions separately.
dup_openiti_work_0595IbnRushdHafid.TalkhisQiyas,openiti_work_0595IbnRushdHafid.TalkhisQiyas,3,"[""openiti_dv_0595IbnRushdHafid.TalkhisQiyas.DARE00107-ara1"",""openiti_dv_0595IbnRushdHafid.TalkhisQiyas.ShamAY0034178-ara1"",""openiti_dv_0595IbnRushdHafid.TalkhisQiyas.Shamela0009707-ara1""]",Same OpenITI work URI; retain versions separately.
dup_openiti_work_0595IbnRushdHafid.TalkhisShicrLiAristutalis,openiti_work_0595IbnRushdHafid.TalkhisShicrLiAristutalis,2,"[""openiti_dv_0595IbnRushdHafid.TalkhisShicrLiAristutalis.GRAR000032-ara1"",""openiti_dv_0595IbnRushdHafid.TalkhisShicrLiAristutalis.ShamAY0033797-ara1""]",Same OpenITI work URI; retain versions separately.
dup_openiti_work_0596IbnWasifShah.MukhtasarCajaibDunya,openiti_work_0596IbnWasifShah.MukhtasarCajaibDunya,2,"[""openiti_dv_0596IbnWasifShah.MukhtasarCajaibDunya.Masaha004092-ara1"",""openiti_dv_0596IbnWasifShah.MukhtasarCajaibDunya.Rafed0002460-ara1""]",Same OpenITI work URI; retain versions separately.
dup_openiti_work_0597CimadDinKatibIsfahani.BarqShami,openiti_work_0597CimadDinKatibIsfahani.BarqShami,2,"[""openiti_dv_0597CimadDinKatibIsfahani.BarqShami.JK000393-ara1"",""openiti_dv_0597CimadDinKatibIsfahani.BarqShami.Shamela0006628-ara1""]",Same OpenITI work URI; retain versions separately.
dup_openiti_work_0597CimadDinKatibIsfahani.Diwan,openiti_work_0597CimadDinKatibIsfahani.Diwan,2,"[""openiti_dv_0597CimadDinKatibIsfahani.Diwan.JK007625-ara1"",""openiti_dv_0597CimadDinKatibIsfahani.Diwan.ShamAY0037901-ara1""]",Same OpenITI work URI; retain versions separately.
dup_openiti_work_0597CimadDinKatibIsfahani.FathQussi,openiti_work_0597CimadDinKatibIsfahani.FathQussi,2,"[""openiti_dv_0597CimadDinKatibIsfahani.FathQussi.Sham19Y0014789-ara1"",""openiti_dv_0597CimadDinKatibIsfahani.FathQussi.Sham19Y014789-ara1""]",Same OpenITI work URI; retain versions separately.
dup_openiti_work_0597CimadDinKatibIsfahani.KharidatQasr,openiti_work_0597CimadDinKatibIsfahani.KharidatQasr,2,"[""openiti_dv_0597CimadDinKatibIsfahani.KharidatQasr.JK009370Vols-ara1"",""openiti_dv_0597CimadDinKatibIsfahani.KharidatQasr.Shamela0012815Vols-ara2""]",Same OpenITI work URI; retain versions separately.
dup_openiti_work_0597IbnJawzi.Adhkiya,openiti_work_0597IbnJawzi.Adhkiya,2,"[""openiti_dv_0597IbnJawzi.Adhkiya.JK000910-ara1"",""openiti_dv_0597IbnJawzi.Adhkiya.Shamela0006938-ara1""]",Same OpenITI work URI; retain versions separately.
dup_openiti_work_0597IbnJawzi.AkhbarHamqaWaMughaffalin,openiti_work_0597IbnJawzi.AkhbarHamqaWaMughaffalin,3,"[""openiti_dv_0597IbnJawzi.AkhbarHamqaWaMughaffalin.JK000004-ara1"",""openiti_dv_0597IbnJawzi.AkhbarHamqaWaMughaffalin.ShamAY0033774-ara1"",""openiti_dv_0597IbnJawzi.AkhbarHamqaWaMughaffalin.Shamela0011068-ara1""]",Same OpenITI work URI; retain versions separately.
dup_openiti_work_0597IbnJawzi.AkhbarNisa,openiti_work_0597IbnJawzi.AkhbarNisa,2,"[""openiti_dv_0597IbnJawzi.AkhbarNisa.ShamAY0034338-ara1"",""openiti_dv_0597IbnJawzi.AkhbarNisa.Shamela0021563-ara1""]",Same OpenITI work URI; retain versions separately.
dup_openiti_work_0597IbnJawzi.BirrWalidayn,openiti_work_0597IbnJawzi.BirrWalidayn,2,"[""openiti_dv_0597IbnJawzi.BirrWalidayn.JK010244-ara1"",""openiti_dv_0597IbnJawzi.BirrWalidayn.Shamela0000244-ara1""]",Same OpenITI work URI; retain versions separately.
dup_openiti_work_0597IbnJawzi.BustanWacizin,openiti_work_0597IbnJawzi.BustanWacizin,2,"[""openiti_dv_0597IbnJawzi.BustanWacizin.JK000999-ara1"",""openiti_dv_0597IbnJawzi.BustanWacizin.Shamela0006948-ara1""]",Same OpenITI work URI; retain versions separately.
dup_openiti_work_0597IbnJawzi.CilalMutanahiyya,openiti_work_0597IbnJawzi.CilalMutanahiyya,3,"[""openiti_dv_0597IbnJawzi.CilalMutanahiyya.JK000629-ara1"",""openiti_dv_0597IbnJawzi.CilalMutanahiyya.ShamAY0034148-ara1"",""openiti_dv_0597IbnJawzi.CilalMutanahiyya.Shamela0007351-ara1""]",Same OpenITI work URI; retain versions separately.
dup_openiti_work_0597IbnJawzi.DafcShubahTashbih,openiti_work_0597IbnJawzi.DafcShubahTashbih,2,"[""openiti_dv_0597IbnJawzi.DafcShubahTashbih.JK001469-ara1"",""openiti_dv_0597IbnJawzi.DafcShubahTashbih.Shia002178-ara1""]",Same OpenITI work URI; retain versions separately.
dup_openiti_work_0597IbnJawzi.DhammHawa,openiti_work_0597IbnJawzi.DhammHawa,2,"[""openiti_dv_0597IbnJawzi.DhammHawa.JK000003-ara1"",""openiti_dv_0597IbnJawzi.DhammHawa.Shamela0006870-ara1""]",Same OpenITI work URI; retain versions separately.
dup_openiti_work_0597IbnJawzi.DucafaWaMatrukin,openiti_work_0597IbnJawzi.DucafaWaMatrukin,2,"[""openiti_dv_0597IbnJawzi.DucafaWaMatrukin.JK000721-ara1"",""openiti_dv_0597IbnJawzi.DucafaWaMatrukin.Shamela0005830-ara1""]",Same OpenITI work URI; retain versions separately.
dup_openiti_work_0597IbnJawzi.FadailQuds,openiti_work_0597IbnJawzi.FadailQuds,3,"[""openiti_dv_0597IbnJawzi.FadailQuds.JK010192-ara1"",""openiti_dv_0597IbnJawzi.FadailQuds.ShamAY0032164-ara1"",""openiti_dv_0597IbnJawzi.FadailQuds.Shamela0001599-ara1""]",Same OpenITI work URI; retain versions separately.
dup_openiti_work_0597IbnJawzi.GharibHadith,openiti_work_0597IbnJawzi.GharibHadith,2,"[""openiti_dv_0597IbnJawzi.GharibHadith.JK001467-ara1"",""openiti_dv_0597IbnJawzi.GharibHadith.Shamela0002911-ara1""]",Same OpenITI work URI; retain versions separately.
dup_openiti_work_0597IbnJawzi.KashfMushkil,openiti_work_0597IbnJawzi.KashfMushkil,2,"[""openiti_dv_0597IbnJawzi.KashfMushkil.JK007128-ara1"",""openiti_dv_0597IbnJawzi.KashfMushkil.Shamela0005906-ara1""]",Same OpenITI work URI; retain versions separately.
dup_openiti_work_0597IbnJawzi.Laali,openiti_work_0597IbnJawzi.Laali,2,"[""openiti_dv_0597IbnJawzi.Laali.JK010659-ara1"",""openiti_dv_0597IbnJawzi.Laali.Shamela0000659-ara1""]",Same OpenITI work URI; retain versions separately.
dup_openiti_work_0597IbnJawzi.Lataif,openiti_work_0597IbnJawzi.Lataif,2,"[""openiti_dv_0597IbnJawzi.Lataif.JK010243-ara1"",""openiti_dv_0597IbnJawzi.Lataif.Shamela0000243-ara1""]",Same OpenITI work URI; retain versions separately.
dup_openiti_work_0597IbnJawzi.ManaqibImamAhmad,openiti_work_0597IbnJawzi.ManaqibImamAhmad,2,"[""openiti_dv_0597IbnJawzi.ManaqibImamAhmad.LAL2013082302-ara2"",""openiti_dv_0597IbnJawzi.ManaqibImamAhmad.Sham19Y0013250-ara1""]",Same OpenITI work URI; retain versions separately.
dup_openiti_work_0597IbnJawzi.Manthur,openiti_work_0597IbnJawzi.Manthur,2,"[""openiti_dv_0597IbnJawzi.Manthur.JK010180-ara1"",""openiti_dv_0597IbnJawzi.Manthur.Shamela0000180-ara1""]",Same OpenITI work URI; retain versions separately.
dup_openiti_work_0597IbnJawzi.Mawducat,openiti_work_0597IbnJawzi.Mawducat,4,"[""openiti_dv_0597IbnJawzi.Mawducat.JK005007-ara1"",""openiti_dv_0597IbnJawzi.Mawducat.ShamAY0034138-ara1"",""openiti_dv_0597IbnJawzi.Mawducat.Shamela0000882-ara1"",""openiti_dv_0597IbnJawzi.Mawducat.Shia003227Vols-ara1""]",Same OpenITI work URI; retain versions separately.
dup_openiti_work_0597IbnJawzi.Mudhish,openiti_work_0597IbnJawzi.Mudhish,2,"[""openiti_dv_0597IbnJawzi.Mudhish.JK001210-ara1"",""openiti_dv_0597IbnJawzi.Mudhish.Shamela0006940-ara1""]",Same OpenITI work URI; retain versions separately.
dup_openiti_work_0597IbnJawzi.Muntazam,openiti_work_0597IbnJawzi.Muntazam,7,"[""openiti_dv_0597IbnJawzi.Muntazam.JK001209-ara1"",""openiti_dv_0597IbnJawzi.Muntazam.Masaha002923Vols-ara1"",""openiti_dv_0597IbnJawzi.Muntazam.Sham30K0004592-ara3"",""openiti_dv_0597IbnJawzi.Muntazam.Sham30K0012406-ara1"",""openiti_dv_0597IbnJawzi.Muntazam.Sham30K0036167-ara2"",""openiti_dv_0597IbnJawzi.Muntazam.ShamAY0034611-ara3"",""openiti_dv_0597IbnJawzi.Muntazam.Shamela0012406-ara1""]",Same OpenITI work URI; retain versions separately.
dup_openiti_work_0597IbnJawzi.MusaffaBiAkuff,openiti_work_0597IbnJawzi.MusaffaBiAkuff,2,"[""openiti_dv_0597IbnJawzi.MusaffaBiAkuff.JK000456-ara1"",""openiti_dv_0597IbnJawzi.MusaffaBiAkuff.Shamela0008554-ara1""]",Same OpenITI work URI; retain versions separately.
dup_openiti_work_0597IbnJawzi.MuthirGharam,openiti_work_0597IbnJawzi.MuthirGharam,2,"[""openiti_dv_0597IbnJawzi.MuthirGharam.Shamela0010437-ara1"",""openiti_dv_0597IbnJawzi.MuthirGharam.Shamela0026674-ara1""]",Same OpenITI work URI; retain versions separately.
dup_openiti_work_0597IbnJawzi.NawasikhQuran,openiti_work_0597IbnJawzi.NawasikhQuran,6,"[""openiti_dv_0597IbnJawzi.NawasikhQuran.JK000441-ara1"",""openiti_dv_0597IbnJawzi.NawasikhQuran.ShamAY0001226-ara1"",""openiti_dv_0597IbnJawzi.NawasikhQuran.ShamAY0034097-ara1"",""openiti_dv_0597IbnJawzi.NawasikhQuran.Shamela0002176-ara1"",""openiti_dv_0597IbnJawzi.NawasikhQuran.Shamela0038121-ara1"",""openiti_dv_0597IbnJawzi.NawasikhQuran.Shia002578-ara1""]",Same OpenITI work URI; retain versions separately.
dup_openiti_work_0597IbnJawzi.NuzhatAcyun,openiti_work_0597IbnJawzi.NuzhatAcyun,2,"[""openiti_dv_0597IbnJawzi.NuzhatAcyun.JK007134-ara1"",""openiti_dv_0597IbnJawzi.NuzhatAcyun.Shamela0006334-ara1""]",Same OpenITI work URI; retain versions separately.
dup_openiti_work_0597IbnJawzi.QussasWaMudhakkirin,openiti_work_0597IbnJawzi.QussasWaMudhakkirin,2,"[""openiti_dv_0597IbnJawzi.QussasWaMudhakkirin.JK005003-ara1"",""openiti_dv_0597IbnJawzi.QussasWaMudhakkirin.Shamela0003617-ara1""]",Same OpenITI work URI; retain versions separately.
dup_openiti_work_0597IbnJawzi.SaydKhatir,openiti_work_0597IbnJawzi.SaydKhatir,2,"[""openiti_dv_0597IbnJawzi.SaydKhatir.JK010547-ara1"",""openiti_dv_0597IbnJawzi.SaydKhatir.Shamela0012028-ara1""]",Same OpenITI work URI; retain versions separately.
dup_openiti_work_0597IbnJawzi.SifatSafwa,openiti_work_0597IbnJawzi.SifatSafwa,3,"[""openiti_dv_0597IbnJawzi.SifatSafwa.JK000067-ara2"",""openiti_dv_0597IbnJawzi.SifatSafwa.ShamAY0033757-ara2"",""openiti_dv_0597IbnJawzi.SifatSafwa.Shamela0012031-ara1""]",Same OpenITI work URI; retain versions separately.
dup_openiti_work_0597IbnJawzi.Tabsira,openiti_work_0597IbnJawzi.Tabsira,2,"[""openiti_dv_0597IbnJawzi.Tabsira.JK007063-ara1"",""openiti_dv_0597IbnJawzi.Tabsira.Shamela0026351-ara1""]",Same OpenITI work URI; retain versions separately.
dup_openiti_work_0597IbnJawzi.TadhkiraFiWacz,openiti_work_0597IbnJawzi.TadhkiraFiWacz,2,"[""openiti_dv_0597IbnJawzi.TadhkiraFiWacz.JK000074-ara1"",""openiti_dv_0597IbnJawzi.TadhkiraFiWacz.Shamela0006858-ara1""]",Same OpenITI work URI; retain versions separately.
dup_openiti_work_0597IbnJawzi.TadhkiratArib,openiti_work_0597IbnJawzi.TadhkiratArib,2,"[""openiti_dv_0597IbnJawzi.TadhkiratArib.JK000704-ara1"",""openiti_dv_0597IbnJawzi.TadhkiratArib.Shamela0010450-ara1""]",Same OpenITI work URI; retain versions separately.
dup_openiti_work_0597IbnJawzi.TahqiqFiAhadithKhilaf,openiti_work_0597IbnJawzi.TahqiqFiAhadithKhilaf,2,"[""openiti_dv_0597IbnJawzi.TahqiqFiAhadithKhilaf.JK000221-ara1"",""openiti_dv_0597IbnJawzi.TahqiqFiAhadithKhilaf.Shamela0005907-ara1""]",Same OpenITI work URI; retain versions separately.
dup_openiti_work_0597IbnJawzi.TalbisIblis,openiti_work_0597IbnJawzi.TalbisIblis,3,"[""openiti_dv_0597IbnJawzi.TalbisIblis.JK000072-ara1"",""openiti_dv_0597IbnJawzi.TalbisIblis.ShamAY0033755-ara1"",""openiti_dv_0597IbnJawzi.TalbisIblis.Shamela0011438-ara1""]",Same OpenITI work URI; retain versions separately.
dup_openiti_work_0597IbnJawzi.TalqihFuhum,openiti_work_0597IbnJawzi.TalqihFuhum,2,"[""openiti_dv_0597IbnJawzi.TalqihFuhum.JK001083-ara1"",""openiti_dv_0597IbnJawzi.TalqihFuhum.Shamela0006700-ara1""]",Same OpenITI work URI; retain versions separately.
dup_openiti_work_0597IbnJawzi.TanbihNaim,openiti_work_0597IbnJawzi.TanbihNaim,3,"[""openiti_dv_0597IbnJawzi.TanbihNaim.JK010245-ara1"",""openiti_dv_0597IbnJawzi.TanbihNaim.Shamela0011023-ara1"",""openiti_dv_0597IbnJawzi.TanbihNaim.Shamela0026678-ara1""]",Same OpenITI work URI; retain versions separately.
dup_openiti_work_0597IbnJawzi.TanwirGhabash,openiti_work_0597IbnJawzi.TanwirGhabash,2,"[""openiti_dv_0597IbnJawzi.TanwirGhabash.JK009191-ara1"",""openiti_dv_0597IbnJawzi.TanwirGhabash.Shamela0005748-ara1""]",Same OpenITI work URI; retain versions separately.
dup_openiti_work_0597IbnJawzi.TarikhBaytMuqaddas,openiti_work_0597IbnJawzi.TarikhBaytMuqaddas,2,"[""openiti_dv_0597IbnJawzi.TarikhBaytMuqaddas.JK010412-ara1"",""openiti_dv_0597IbnJawzi.TarikhBaytMuqaddas.Shamela0010927-ara1""]",Same OpenITI work URI; retain versions separately.
dup_openiti_work_0597IbnJawzi.ThibatCindaMamat,openiti_work_0597IbnJawzi.ThibatCindaMamat,2,"[""openiti_dv_0597IbnJawzi.ThibatCindaMamat.JK000841-ara1"",""openiti_dv_0597IbnJawzi.ThibatCindaMamat.Shamela0006789-ara1""]",Same OpenITI work URI; retain versions separately.
dup_openiti_work_0597IbnJawzi.WafaBiAhwalMustafa,openiti_work_0597IbnJawzi.WafaBiAhwalMustafa,2,"[""openiti_dv_0597IbnJawzi.WafaBiAhwalMustafa.JK009242-ara1"",""openiti_dv_0597IbnJawzi.WafaBiAhwalMustafa.ShamAY0037387-ara1""]",Same OpenITI work URI; retain versions separately.
dup_openiti_work_0597IbnJawzi.ZadMasir,openiti_work_0597IbnJawzi.ZadMasir,5,"[""openiti_dv_0597IbnJawzi.ZadMasir.JK000791-ara1"",""openiti_dv_0597IbnJawzi.ZadMasir.ShamAY0034060-ara1"",""openiti_dv_0597IbnJawzi.ZadMasir.Shamela0023619-ara1"",""openiti_dv_0597IbnJawzi.ZadMasir.Shia002570Vols-ara1"",""openiti_dv_0597IbnJawzi.ZadMasir.Tafsir02015-ara1""]",Same OpenITI work URI; retain versions separately.
dup_openiti_work_0597IbnJawzi.ZirafWaMutamajinin,openiti_work_0597IbnJawzi.ZirafWaMutamajinin,2,"[""openiti_dv_0597IbnJawzi.ZirafWaMutamajinin.JK007056-ara1"",""openiti_dv_0597IbnJawzi.ZirafWaMutamajinin.Shamela0006952-ara1""]",Same OpenITI work URI; retain versions separately.
dup_openiti_work_0597IbnMubarakBaghdadi.MuntahaTalab,openiti_work_0597IbnMubarakBaghdadi.MuntahaTalab,2,"[""openiti_dv_0597IbnMubarakBaghdadi.MuntahaTalab.JK010732-ara1"",""openiti_dv_0597IbnMubarakBaghdadi.MuntahaTalab.Shamela0000732-ara1""]",Same OpenITI work URI; retain versions separately.
dup_openiti_work_0598IbnIbrahimIbnHajjQunawi.HazzGhalasim,openiti_work_0598IbnIbrahimIbnHajjQunawi.HazzGhalasim,4,"[""openiti_dv_0598IbnIbrahimIbnHajjQunawi.HazzGhalasim.JK000322-ara1"",""openiti_dv_0598IbnIbrahimIbnHajjQunawi.HazzGhalasim.JK011115-ara1"",""openiti_dv_0598IbnIbrahimIbnHajjQunawi.HazzGhalasim.Shamela0006550-ara1"",""openiti_dv_0598IbnIbrahimIbnHajjQunawi.HazzGhalasim.Shia002179-ara1""]",Same OpenITI work URI; retain versions separately.
dup_openiti_work_0599IbnYahyaHanafiKufi.Ahadith,openiti_work_0599IbnYahyaHanafiKufi.Ahadith,2,"[""openiti_dv_0599IbnYahyaHanafiKufi.Ahadith.ShamAY0033639-ara1"",""openiti_dv_0599IbnYahyaHanafiKufi.Ahadith.Shamela0029786-ara1""]",Same OpenITI work URI; retain versions separately.
dup_openiti_work_0600AbuBaqaHilli.ManaqibMazyadiyya,openiti_work_0600AbuBaqaHilli.ManaqibMazyadiyya,2,"[""openiti_dv_0600AbuBaqaHilli.ManaqibMazyadiyya.JK009228-ara1"",""openiti_dv_0600AbuBaqaHilli.ManaqibMazyadiyya.Shamela0030797-ara1""]",Same OpenITI work URI; retain versions separately.
dup_openiti_work_0600CabdGhaniMaqdisi.CumdatAhkam,openiti_work_0600CabdGhaniMaqdisi.CumdatAhkam,3,"[""openiti_dv_0600CabdGhaniMaqdisi.CumdatAhkam.Sham19Y0011194-ara1"",""openiti_dv_0600CabdGhaniMaqdisi.CumdatAhkam.Sham19Y0017103-ara1"",""openiti_dv_0600CabdGhaniMaqdisi.CumdatAhkam.Shamela0006075-ara1""]",Same OpenITI work URI; retain versions separately.
dup_openiti_work_0600CabdGhaniMaqdisi.JuzAhadithShicr,openiti_work_0600CabdGhaniMaqdisi.JuzAhadithShicr,3,"[""openiti_dv_0600CabdGhaniMaqdisi.JuzAhadithShicr.JK000672-ara1"",""openiti_dv_0600CabdGhaniMaqdisi.JuzAhadithShicr.Shamela0006900-ara1"",""openiti_dv_0600CabdGhaniMaqdisi.JuzAhadithShicr.Shia002181-ara1""]",Same OpenITI work URI; retain versions separately.
dup_openiti_work_0600CabdGhaniMaqdisi.TarghibFiDuca,openiti_work_0600CabdGhaniMaqdisi.TarghibFiDuca,2,"[""openiti_dv_0600CabdGhaniMaqdisi.TarghibFiDuca.JK001266-ara1"",""openiti_dv_0600CabdGhaniMaqdisi.TarghibFiDuca.Shamela0006749-ara1""]",Same OpenITI work URI; retain versions separately.
dup_openiti_work_0600CabdGhaniMaqdisi.TawhidLiLlah,openiti_work_0600CabdGhaniMaqdisi.TawhidLiLlah,2,"[""openiti_dv_0600CabdGhaniMaqdisi.TawhidLiLlah.JK001277-ara1"",""openiti_dv_0600CabdGhaniMaqdisi.TawhidLiLlah.Shamela0009381-ara1""]",Same OpenITI work URI; retain versions separately.
dup_openiti_work_0600IbnHasabAbuMajdHalabi.IsharatSabq,openiti_work_0600IbnHasabAbuMajdHalabi.IsharatSabq,3,"[""openiti_dv_0600IbnHasabAbuMajdHalabi.IsharatSabq.Masaha000616Vols-ara1"",""openiti_dv_0600IbnHasabAbuMajdHalabi.IsharatSabq.Rafed0001256-ara1"",""openiti_dv_0600IbnHasabAbuMajdHalabi.IsharatSabq.Shia000052-ara1""]",Same OpenITI work URI; retain versions separately.
dup_openiti_work_0600PseudoMascudi.AkhbarZaman,openiti_work_0600PseudoMascudi.AkhbarZaman,4,"[""openiti_dv_0600PseudoMascudi.AkhbarZaman.JK011221-ara1"",""openiti_dv_0600PseudoMascudi.AkhbarZaman.Rafed0001745-ara1"",""openiti_dv_0600PseudoMascudi.AkhbarZaman.Shamela0008620-ara1"",""openiti_dv_0600PseudoMascudi.AkhbarZaman.Shia003483-ara1""]",Same OpenITI work URI; retain versions separately.
dup_openiti_work_0606FakhrDinRazi.Ictiqadat,openiti_work_0606FakhrDinRazi.Ictiqadat,2,"[""openiti_dv_0606FakhrDinRazi.Ictiqadat.JK000346-ara1"",""openiti_dv_0606FakhrDinRazi.Ictiqadat.Shamela0006516-ara1""]",Same OpenITI work URI; retain versions separately.
dup_openiti_work_0606FakhrDinRazi.MacalimUsulDin,openiti_work_0606FakhrDinRazi.MacalimUsulDin,2,"[""openiti_dv_0606FakhrDinRazi.MacalimUsulDin.JK001465-ara1"",""openiti_dv_0606FakhrDinRazi.MacalimUsulDin.Shamela0006372-ara1""]",Same OpenITI work URI; retain versions separately.
dup_openiti_work_0606FakhrDinRazi.MafatihGhayb,openiti_work_0606FakhrDinRazi.MafatihGhayb,6,"[""openiti_dv_0606FakhrDinRazi.MafatihGhayb.JK006478-ara1"",""openiti_dv_0606FakhrDinRazi.MafatihGhayb.Masaha002591Vols-ara1"",""openiti_dv_0606FakhrDinRazi.MafatihGhayb.ShamAY0031578-ara1"",""openiti_dv_0606FakhrDinRazi.MafatihGhayb.Shamela0023635-ara1"",""openiti_dv_0606FakhrDinRazi.MafatihGhayb.Shia002579Vols-ara1"",""openiti_dv_0606FakhrDinRazi.MafatihGhayb.Tafsir01004-ara1""]",Same OpenITI work URI; retain versions separately.
dup_openiti_work_0606FakhrDinRazi.Mahsul,openiti_work_0606FakhrDinRazi.Mahsul,4,"[""openiti_dv_0606FakhrDinRazi.Mahsul.JK000153-ara1"",""openiti_dv_0606FakhrDinRazi.Mahsul.ShamAY0034194-ara1"",""openiti_dv_0606FakhrDinRazi.Mahsul.Shamela0002022-ara1"",""openiti_dv_0606FakhrDinRazi.Mahsul.Shia002918Vols-ara1""]",Same OpenITI work URI; retain versions separately.
dup_openiti_work_0606IbnAthirMajdDin.JamicUsul,openiti_work_0606IbnAthirMajdDin.JamicUsul,2,"[""openiti_dv_0606IbnAthirMajdDin.JamicUsul.JK009336-ara1"",""openiti_dv_0606IbnAthirMajdDin.JamicUsul.Shamela0025800-ara1""]",Same OpenITI work URI; retain versions separately.
dup_openiti_work_0606IbnAthirMajdDin.NihayaFiGharib,openiti_work_0606IbnAthirMajdDin.NihayaFiGharib,4,"[""openiti_dv_0606IbnAthirMajdDin.NihayaFiGharib.JK000124-ara1"",""openiti_dv_0606IbnAthirMajdDin.NihayaFiGharib.Masaha000969Vols-ara1"",""openiti_dv_0606IbnAthirMajdDin.NihayaFiGharib.Shamela0023691-ara1"",""openiti_dv_0606IbnAthirMajdDin.NihayaFiGharib.Shia003923Vols-ara1""]",Same OpenITI work URI; retain versions separately.
dup_openiti_work_0606RuzbihanBaqli.CaraisBayan,openiti_work_0606RuzbihanBaqli.CaraisBayan,2,"[""openiti_dv_0606RuzbihanBaqli.CaraisBayan.Rafed0003943Vols-ara1"",""openiti_dv_0606RuzbihanBaqli.CaraisBayan.Tafsir03032-ara1""]",Same OpenITI work URI; retain versions separately.
dup_openiti_work_0608IbnSanaMulk.DarTiraz,openiti_work_0608IbnSanaMulk.DarTiraz,2,"[""openiti_dv_0608IbnSanaMulk.DarTiraz.JK010570-ara1"",""openiti_dv_0608IbnSanaMulk.DarTiraz.Shamela0023119-ara1""]",Same OpenITI work URI; retain versions separately.
dup_openiti_work_0609AbuCabbasJarrawi.HamasaMaghribiyya,openiti_work_0609AbuCabbasJarrawi.HamasaMaghribiyya,2,"[""openiti_dv_0609AbuCabbasJarrawi.HamasaMaghribiyya.JK006908-ara1"",""openiti_dv_0609AbuCabbasJarrawi.HamasaMaghribiyya.Shamela0006902-ara1""]",Same OpenITI work URI; retain versions separately.
dup_openiti_work_0610MuhammadIbnMashhadi.Mazar,openiti_work_0610MuhammadIbnMashhadi.Mazar,2,"[""openiti_dv_0610MuhammadIbnMashhadi.Mazar.Masaha001025-ara1"",""openiti_dv_0610MuhammadIbnMashhadi.Mazar.Shia001357-ara1""]",Same OpenITI work URI; retain versions separately.
dup_openiti_work_0610Mutarrizi.MughribFiTartibMucrib,openiti_work_0610Mutarrizi.MughribFiTartibMucrib,3,"[""openiti_dv_0610Mutarrizi.MughribFiTartibMucrib.JK001174-ara1"",""openiti_dv_0610Mutarrizi.MughribFiTartibMucrib.ShamAY0034680-ara1"",""openiti_dv_0610Mutarrizi.MughribFiTartibMucrib.Shamela0008459-ara1""]",Same OpenITI work URI; retain versions separately.
dup_openiti_work_0611CaliHarawi.Isharat,openiti_work_0611CaliHarawi.Isharat,2,"[""openiti_dv_0611CaliHarawi.Isharat.Masaha004640-ara1"",""openiti_dv_0611CaliHarawi.Isharat.Shamela0010797-ara1""]",Same OpenITI work URI; retain versions separately.
dup_openiti_work_0613CaliIbnZafir.BadaicBadaih,openiti_work_0613CaliIbnZafir.BadaicBadaih,2,"[""openiti_dv_0613CaliIbnZafir.BadaicBadaih.JK010565-ara1"",""openiti_dv_0613CaliIbnZafir.BadaicBadaih.Shamela0021559-ara1""]",Same OpenITI work URI; retain versions separately.
dup_openiti_work_0613CaliIbnZafir.GharaibTanbihat,openiti_work_0613CaliIbnZafir.GharaibTanbihat,2,"[""openiti_dv_0613CaliIbnZafir.GharaibTanbihat.JK010744-ara1"",""openiti_dv_0613CaliIbnZafir.GharaibTanbihat.Shamela0001595-ara1""]",Same OpenITI work URI; retain versions separately.
dup_openiti_work_0613IbnBaninDaqiqiNahwi.IttifaqMabani,openiti_work_0613IbnBaninDaqiqiNahwi.IttifaqMabani,2,"[""openiti_dv_0613IbnBaninDaqiqiNahwi.IttifaqMabani.JK001043-ara1"",""openiti_dv_0613IbnBaninDaqiqiNahwi.IttifaqMabani.Shamela0007046-ara1""]",Same OpenITI work URI; retain versions separately.
dup_openiti_work_0614IbnAhmadIbnKhumayrSabti.TanzihAnbiya,openiti_work_0614IbnAhmadIbnKhumayrSabti.TanzihAnbiya,3,"[""openiti_dv_0614IbnAhmadIbnKhumayrSabti.TanzihAnbiya.JK001264-ara1"",""openiti_dv_0614IbnAhmadIbnKhumayrSabti.TanzihAnbiya.Rafed0001909-ara1"",""openiti_dv_0614IbnAhmadIbnKhumayrSabti.TanzihAnbiya.Shamela0006470-ara1""]",Same OpenITI work URI; retain versions separately.
dup_openiti_work_0614IbnJubayr.Rihla,openiti_work_0614IbnJubayr.Rihla,7,"[""openiti_dv_0614IbnJubayr.Rihla.JK000416-ara1"",""openiti_dv_0614IbnJubayr.Rihla.Masaha004170-ara1"",""openiti_dv_0614IbnJubayr.Rihla.Masaha004171-ara1"",""openiti_dv_0614IbnJubayr.Rihla.Rafed0002185-ara1"",""openiti_dv_0614IbnJubayr.Rihla.Rafed0002273-ara1"",""openiti_dv_0614IbnJubayr.Rihla.Shamela0010883-ara1"",""openiti_dv_0614IbnJubayr.Rihla.Shamela0011203-ara1""]",Same OpenITI work URI; retain versions separately.
dup_openiti_work_0614MansurCabdAllah.Majmuc,openiti_work_0614MansurCabdAllah.Majmuc,2,"[""openiti_dv_0614MansurCabdAllah.Majmuc.Zaydiyya0000077Vols-ara1"",""openiti_dv_0614MansurCabdAllah.Majmuc.Zaydiyya0000147-ara2""]",Same OpenITI work URI; retain versions separately.
dup_openiti_work_0614MansurCabdAllah.SafwatIkhtiyar,openiti_work_0614MansurCabdAllah.SafwatIkhtiyar,2,"[""openiti_dv_0614MansurCabdAllah.SafwatIkhtiyar.Zaydiyya0000005-ara1"",""openiti_dv_0614MansurCabdAllah.SafwatIkhtiyar.Zaydiyya0000372-ara1""]",Same OpenITI work URI; retain versions separately.
dup_openiti_work_0616BurhanDinBukhari.MuhitBurhani,openiti_work_0616BurhanDinBukhari.MuhitBurhani,2,"[""openiti_dv_0616BurhanDinBukhari.MuhitBurhani.ShamAY0034208-ara1"",""openiti_dv_0616BurhanDinBukhari.MuhitBurhani.Shamela0010875-ara1""]",Same OpenITI work URI; retain versions separately.
dup_openiti_work_0616MuhibbDinCukbari.IcrabLamiyatShanfara,openiti_work_0616MuhibbDinCukbari.IcrabLamiyatShanfara,2,"[""openiti_dv_0616MuhibbDinCukbari.IcrabLamiyatShanfara.JK001129-ara1"",""openiti_dv_0616MuhibbDinCukbari.IcrabLamiyatShanfara.Shamela0006998-ara1""]",Same OpenITI work URI; retain versions separately.
dup_openiti_work_0616MuhibbDinCukbari.IcrabMaYushkil,openiti_work_0616MuhibbDinCukbari.IcrabMaYushkil,2,"[""openiti_dv_0616MuhibbDinCukbari.IcrabMaYushkil.JK007033-ara1"",""openiti_dv_0616MuhibbDinCukbari.IcrabMaYushkil.Shamela0007001-ara1""]",Same OpenITI work URI; retain versions separately.
dup_openiti_work_0616MuhibbDinCukbari.Imla,openiti_work_0616MuhibbDinCukbari.Imla,3,"[""openiti_dv_0616MuhibbDinCukbari.Imla.JK001022-ara1"",""openiti_dv_0616MuhibbDinCukbari.Imla.ShamAY0034088-ara1"",""openiti_dv_0616MuhibbDinCukbari.Imla.Shia002372Vols-ara1""]",Same OpenITI work URI; retain versions separately.
dup_openiti_work_0616MuhibbDinCukbari.Lubab,openiti_work_0616MuhibbDinCukbari.Lubab,2,"[""openiti_dv_0616MuhibbDinCukbari.Lubab.JK001423-ara1"",""openiti_dv_0616MuhibbDinCukbari.Lubab.Shamela0006986-ara1""]",Same OpenITI work URI; retain versions separately.
dup_openiti_work_0616MuhibbDinCukbari.MasailKhilafiyya,openiti_work_0616MuhibbDinCukbari.MasailKhilafiyya,2,"[""openiti_dv_0616MuhibbDinCukbari.MasailKhilafiyya.JK001183-ara1"",""openiti_dv_0616MuhibbDinCukbari.MasailKhilafiyya.Shamela0006996-ara1""]",Same OpenITI work URI; retain versions separately.
dup_openiti_work_0616MuhibbDinCukbari.SharhDiwanMutanabbi,openiti_work_0616MuhibbDinCukbari.SharhDiwanMutanabbi,2,"[""openiti_dv_0616MuhibbDinCukbari.SharhDiwanMutanabbi.JK006914-ara1"",""openiti_dv_0616MuhibbDinCukbari.SharhDiwanMutanabbi.Shamela0006908-ara1""]",Same OpenITI work URI; retain versions separately.
dup_openiti_work_0616MuhibbDinCukbari.TibyanFiIcrabQuran,openiti_work_0616MuhibbDinCukbari.TibyanFiIcrabQuran,2,"[""openiti_dv_0616MuhibbDinCukbari.TibyanFiIcrabQuran.JK001420-ara1"",""openiti_dv_0616MuhibbDinCukbari.TibyanFiIcrabQuran.Shamela0022928-ara1""]",Same OpenITI work URI; retain versions separately.
dup_openiti_work_0617MansurIbnShahanshah.MidmarHaqaiq,openiti_work_0617MansurIbnShahanshah.MidmarHaqaiq,2,"[""openiti_dv_0617MansurIbnShahanshah.MidmarHaqaiq.JK001145-ara1"",""openiti_dv_0617MansurIbnShahanshah.MidmarHaqaiq.Shamela0006708-ara1""]",Same OpenITI work URI; retain versions separately.
dup_openiti_work_0618IbnCabdRahmanMuqriWasiti.ArbacinaFiJihad,openiti_work_0618IbnCabdRahmanMuqriWasiti.ArbacinaFiJihad,3,"[""openiti_dv_0618IbnCabdRahmanMuqriWasiti.ArbacinaFiJihad.JK000662-ara1"",""openiti_dv_0618IbnCabdRahmanMuqriWasiti.ArbacinaFiJihad.Shamela0009374-ara1"",""openiti_dv_0618IbnCabdRahmanMuqriWasiti.ArbacinaFiJihad.Shia002182-ara1""]",Same OpenITI work URI; retain versions separately.
dup_openiti_work_0619IbnNabih.Diwan,openiti_work_0619IbnNabih.Diwan,2,"[""openiti_dv_0619IbnNabih.Diwan.JK007593-ara1"",""openiti_dv_0619IbnNabih.Diwan.ShamAY0037842-ara1""]",Same OpenITI work URI; retain versions separately.
dup_openiti_work_0620IbnMuhammadIbnCasakir.ArbacunaFiManaqibUmmahat,openiti_work_0620IbnMuhammadIbnCasakir.ArbacunaFiManaqibUmmahat,2,"[""openiti_dv_0620IbnMuhammadIbnCasakir.ArbacunaFiManaqibUmmahat.JK000574-ara1"",""openiti_dv_0620IbnMuhammadIbnCasakir.ArbacunaFiManaqibUmmahat.Shamela0006596-ara1""]",Same OpenITI work URI; retain versions separately.
dup_openiti_work_0620IbnQudamaMaqdisi.CumdatFiqh,openiti_work_0620IbnQudamaMaqdisi.CumdatFiqh,2,"[""openiti_dv_0620IbnQudamaMaqdisi.CumdatFiqh.JK000287-ara1"",""openiti_dv_0620IbnQudamaMaqdisi.CumdatFiqh.Shamela0011315-ara1""]",Same OpenITI work URI; retain versions separately.
dup_openiti_work_0620IbnQudamaMaqdisi.DhammTawil,openiti_work_0620IbnQudamaMaqdisi.DhammTawil,2,"[""openiti_dv_0620IbnQudamaMaqdisi.DhammTawil.JK000335-ara1"",""openiti_dv_0620IbnQudamaMaqdisi.DhammTawil.Shamela0006425-ara1""]",Same OpenITI work URI; retain versions separately.
dup_openiti_work_0620IbnQudamaMaqdisi.HikayatMunazara,openiti_work_0620IbnQudamaMaqdisi.HikayatMunazara,2,"[""openiti_dv_0620IbnQudamaMaqdisi.HikayatMunazara.JK000328-ara1"",""openiti_dv_0620IbnQudamaMaqdisi.HikayatMunazara.Shamela0005554-ara1""]",Same OpenITI work URI; retain versions separately.
dup_openiti_work_0620IbnQudamaMaqdisi.IthbatSifatCuluww,openiti_work_0620IbnQudamaMaqdisi.IthbatSifatCuluww,3,"[""openiti_dv_0620IbnQudamaMaqdisi.IthbatSifatCuluww.JK000337-ara1"",""openiti_dv_0620IbnQudamaMaqdisi.IthbatSifatCuluww.ShamAY0033625-ara1"",""openiti_dv_0620IbnQudamaMaqdisi.IthbatSifatCuluww.Shamela0007268-ara1""]",Same OpenITI work URI; retain versions separately.
dup_openiti_work_0620IbnQudamaMaqdisi.KafiFiFiqh,openiti_work_0620IbnQudamaMaqdisi.KafiFiFiqh,3,"[""openiti_dv_0620IbnQudamaMaqdisi.KafiFiFiqh.JK000254-ara1"",""openiti_dv_0620IbnQudamaMaqdisi.KafiFiFiqh.ShamAY0034259-ara1"",""openiti_dv_0620IbnQudamaMaqdisi.KafiFiFiqh.Shamela0021731-ara1""]",Same OpenITI work URI; retain versions separately.
dup_openiti_work_0620IbnQudamaMaqdisi.LumcatIctiqad,openiti_work_0620IbnQudamaMaqdisi.LumcatIctiqad,2,"[""openiti_dv_0620IbnQudamaMaqdisi.LumcatIctiqad.JK000352-ara1"",""openiti_dv_0620IbnQudamaMaqdisi.LumcatIctiqad.Shamela0030855-ara1""]",Same OpenITI work URI; retain versions separately.
dup_openiti_work_0620IbnQudamaMaqdisi.Mughni,openiti_work_0620IbnQudamaMaqdisi.Mughni,4,"[""openiti_dv_0620IbnQudamaMaqdisi.Mughni.JK000154-ara1"",""openiti_dv_0620IbnQudamaMaqdisi.Mughni.ShamAY0034266-ara1"",""openiti_dv_0620IbnQudamaMaqdisi.Mughni.Shamela0008463-ara1"",""openiti_dv_0620IbnQudamaMaqdisi.Mughni.Shia000998Vols-ara1""]",Same OpenITI work URI; retain versions separately.
dup_openiti_work_0620IbnQudamaMaqdisi.MuntakhabMinCilal,openiti_work_0620IbnQudamaMaqdisi.MuntakhabMinCilal,2,"[""openiti_dv_0620IbnQudamaMaqdisi.MuntakhabMinCilal.ShamAY0034173-ara1"",""openiti_dv_0620IbnQudamaMaqdisi.MuntakhabMinCilal.Shamela0026075-ara1""]",Same OpenITI work URI; retain versions separately.
dup_openiti_work_0620IbnQudamaMaqdisi.MuqnicFiFiqh,openiti_work_0620IbnQudamaMaqdisi.MuqnicFiFiqh,3,"[""openiti_dv_0620IbnQudamaMaqdisi.MuqnicFiFiqh.JK000787BK1-ara1"",""openiti_dv_0620IbnQudamaMaqdisi.MuqnicFiFiqh.Sham19Y0019233-ara1"",""openiti_dv_0620IbnQudamaMaqdisi.MuqnicFiFiqh.Shamela0021619BK1-ara1""]",Same OpenITI work URI; retain versions separately.
dup_openiti_work_0620IbnQudamaMaqdisi.MutahabbinFiLlah,openiti_work_0620IbnQudamaMaqdisi.MutahabbinFiLlah,2,"[""openiti_dv_0620IbnQudamaMaqdisi.MutahabbinFiLlah.JK000671-ara1"",""openiti_dv_0620IbnQudamaMaqdisi.MutahabbinFiLlah.Shamela0006763-ara1""]",Same OpenITI work URI; retain versions separately.
dup_openiti_work_0620IbnQudamaMaqdisi.RawdatNazir,openiti_work_0620IbnQudamaMaqdisi.RawdatNazir,3,"[""openiti_dv_0620IbnQudamaMaqdisi.RawdatNazir.JK000156-ara1"",""openiti_dv_0620IbnQudamaMaqdisi.RawdatNazir.ShamAY0034197-ara1"",""openiti_dv_0620IbnQudamaMaqdisi.RawdatNazir.Shamela0012010-ara1""]",Same OpenITI work URI; retain versions separately.
dup_openiti_work_0620IbnQudamaMaqdisi.TahrimNazar,openiti_work_0620IbnQudamaMaqdisi.TahrimNazar,2,"[""openiti_dv_0620IbnQudamaMaqdisi.TahrimNazar.JK000941-ara1"",""openiti_dv_0620IbnQudamaMaqdisi.TahrimNazar.Shamela0006467-ara1""]",Same OpenITI work URI; retain versions separately.
dup_openiti_work_0620IbnQudamaMaqdisi.Tawwabin,openiti_work_0620IbnQudamaMaqdisi.Tawwabin,4,"[""openiti_dv_0620IbnQudamaMaqdisi.Tawwabin.JK000430-ara1"",""openiti_dv_0620IbnQudamaMaqdisi.Tawwabin.ShamAY0033750-ara1"",""openiti_dv_0620IbnQudamaMaqdisi.Tawwabin.Shamela0011317-ara1"",""openiti_dv_0620IbnQudamaMaqdisi.Tawwabin.Shia002183-ara1""]",Same OpenITI work URI; retain versions separately.
dup_openiti_work_0621IbnSirma.Arbacun,openiti_work_0621IbnSirma.Arbacun,2,"[""openiti_dv_0621IbnSirma.Arbacun.ShamAY0032837-ara1"",""openiti_dv_0621IbnSirma.Arbacun.ShamAY0033573-ara1""]",Same OpenITI work URI; retain versions separately.
dup_openiti_work_0622IbnBadrDiyaDinMawsili.MughniCanHifzWaKitab,openiti_work_0622IbnBadrDiyaDinMawsili.MughniCanHifzWaKitab,3,"[""openiti_dv_0622IbnBadrDiyaDinMawsili.MughniCanHifzWaKitab.JK005016-ara1"",""openiti_dv_0622IbnBadrDiyaDinMawsili.MughniCanHifzWaKitab.ShamAY0001502-ara1"",""openiti_dv_0622IbnBadrDiyaDinMawsili.MughniCanHifzWaKitab.Shamela0006065-ara1""]",Same OpenITI work URI; retain versions separately.
dup_openiti_work_0623AbuQasimRafici.SawadCaynayn,openiti_work_0623AbuQasimRafici.SawadCaynayn,2,"[""openiti_dv_0623AbuQasimRafici.SawadCaynayn.AOCP2023090614-ara1"",""openiti_dv_0623AbuQasimRafici.SawadCaynayn.AOCP2023090615-ara1""]",Same OpenITI work URI; retain versions separately.
dup_openiti_work_0623AbuQasimRafici.SharhKabir,openiti_work_0623AbuQasimRafici.SharhKabir,4,"[""openiti_dv_0623AbuQasimRafici.SharhKabir.JK011142-ara1"",""openiti_dv_0623AbuQasimRafici.SharhKabir.Sham19Y0013577-ara1"",""openiti_dv_0623AbuQasimRafici.SharhKabir.Shamela0001142-ara1"",""openiti_dv_0623AbuQasimRafici.SharhKabir.Shia000829Vols-ara1""]",Same OpenITI work URI; retain versions separately.
dup_openiti_work_0623AbuQasimRafici.Tadwin,openiti_work_0623AbuQasimRafici.Tadwin,3,"[""openiti_dv_0623AbuQasimRafici.Tadwin.JK001321-ara1"",""openiti_dv_0623AbuQasimRafici.Tadwin.Masaha004108Vols-ara1"",""openiti_dv_0623AbuQasimRafici.Tadwin.Shamela0007435-ara1""]",Same OpenITI work URI; retain versions separately.
dup_openiti_work_0623IbnCabdWahidBukhariMaqdisi.MajmucTakhrij,openiti_work_0623IbnCabdWahidBukhariMaqdisi.MajmucTakhrij,3,"[""openiti_dv_0623IbnCabdWahidBukhariMaqdisi.MajmucTakhrij.ShamAY0032791-ara1"",""openiti_dv_0623IbnCabdWahidBukhariMaqdisi.MajmucTakhrij.Shamela0029768-ara1"",""openiti_dv_0623IbnCabdWahidBukhariMaqdisi.MajmucTakhrij.Shamela0030055-ara1""]",Same OpenITI work URI; retain versions separately.
dup_openiti_work_0624IbnIbrahimBahaDinMaqdisi.CuddaSharhCumda,openiti_work_0624IbnIbrahimBahaDinMaqdisi.CuddaSharhCumda,2,"[""openiti_dv_0624IbnIbrahimBahaDinMaqdisi.CuddaSharhCumda.ShamAY0034263-ara1"",""openiti_dv_0624IbnIbrahimBahaDinMaqdisi.CuddaSharhCumda.Shamela0010908-ara1""]",Same OpenITI work URI; retain versions separately.
dup_openiti_work_0625SafiDinHalabi.UnsMasjun,openiti_work_0625SafiDinHalabi.UnsMasjun,2,"[""openiti_dv_0625SafiDinHalabi.UnsMasjun.Sham19Y0120146-ara1"",""openiti_dv_0625SafiDinHalabi.UnsMasjun.ShamAY0031707-ara1""]",Same OpenITI work URI; retain versions separately.
dup_openiti_work_0626IbnMuhammadKhwarazmiSakkaki.MiftahCulum,openiti_work_0626IbnMuhammadKhwarazmiSakkaki.MiftahCulum,2,"[""openiti_dv_0626IbnMuhammadKhwarazmiSakkaki.MiftahCulum.JK010081-ara1"",""openiti_dv_0626IbnMuhammadKhwarazmiSakkaki.MiftahCulum.Shamela0026581-ara1""]",Same OpenITI work URI; retain versions separately.
dup_openiti_work_0626YaqutHamawi.MucjamBuldan,openiti_work_0626YaqutHamawi.MucjamBuldan,6,"[""openiti_dv_0626YaqutHamawi.MucjamBuldan.JK000129-ara1"",""openiti_dv_0626YaqutHamawi.MucjamBuldan.Masaha002942Vols-ara1"",""openiti_dv_0626YaqutHamawi.MucjamBuldan.Rafed0002619Vols-ara1"",""openiti_dv_0626YaqutHamawi.MucjamBuldan.ShamAY0033803-ara1"",""openiti_dv_0626YaqutHamawi.MucjamBuldan.Shamela0023735-ara1"",""openiti_dv_0626YaqutHamawi.MucjamBuldan.Shia003435Vols-ara1""]",Same OpenITI work URI; retain versions separately.
dup_openiti_work_0626YaqutHamawi.MucjamUdaba,openiti_work_0626YaqutHamawi.MucjamUdaba,3,"[""openiti_dv_0626YaqutHamawi.MucjamUdaba.JK000924-ara2"",""openiti_dv_0626YaqutHamawi.MucjamUdaba.ShamAY0034599-ara2"",""openiti_dv_0626YaqutHamawi.MucjamUdaba.Shamela0009788-ara1""]",Same OpenITI work URI; retain versions separately.
dup_openiti_work_0628IbnCaliSanhaji.AkhbarMuluk,openiti_work_0628IbnCaliSanhaji.AkhbarMuluk,2,"[""openiti_dv_0628IbnCaliSanhaji.AkhbarMuluk.JK000405-ara1"",""openiti_dv_0628IbnCaliSanhaji.AkhbarMuluk.Shamela0006625-ara1""]",Same OpenITI work URI; retain versions separately.
dup_openiti_work_0628IbnQattanFasi.BayanWahm,openiti_work_0628IbnQattanFasi.BayanWahm,2,"[""openiti_dv_0628IbnQattanFasi.BayanWahm.JK009146-ara1"",""openiti_dv_0628IbnQattanFasi.BayanWahm.Shamela0005923-ara1""]",Same OpenITI work URI; retain versions separately.
dup_openiti_work_0629CabdLatifBaghdadi.IfadaWaIctibar,openiti_work_0629CabdLatifBaghdadi.IfadaWaIctibar,2,"[""openiti_dv_0629CabdLatifBaghdadi.IfadaWaIctibar.LAL2021040601-ara2"",""openiti_dv_0629CabdLatifBaghdadi.IfadaWaIctibar.Shamela0037031-ara1""]",Same OpenITI work URI; retain versions separately.
dup_openiti_work_0629IbnNuqta.TakmilatIkmal,openiti_work_0629IbnNuqta.TakmilatIkmal,2,"[""openiti_dv_0629IbnNuqta.TakmilatIkmal.JK000618-ara1"",""openiti_dv_0629IbnNuqta.TakmilatIkmal.Shamela0005797-ara1""]",Same OpenITI work URI; retain versions separately.
dup_openiti_work_0629IbnNuqta.TaqyidLiMacrifa,openiti_work_0629IbnNuqta.TaqyidLiMacrifa,2,"[""openiti_dv_0629IbnNuqta.TaqyidLiMacrifa.JK000688-ara1"",""openiti_dv_0629IbnNuqta.TaqyidLiMacrifa.Shamela0009584-ara1""]",Same OpenITI work URI; retain versions separately.
dup_openiti_work_0630IbnAthirCizzDin.Kamil,openiti_work_0630IbnAthirCizzDin.Kamil,10,"[""openiti_dv_0630IbnAthirCizzDin.Kamil.JK000911-ara1"",""openiti_dv_0630IbnAthirCizzDin.Kamil.Masaha002823Vols-ara1"",""openiti_dv_0630IbnAthirCizzDin.Kamil.Sham30K0004579-ara1"",""openiti_dv_0630IbnAthirCizzDin.Kamil.Sham30K0021712-ara2"",""openiti_dv_0630IbnAthirCizzDin.Kamil.Sham30K0033764-ara3"",""openiti_dv_0630IbnAthirCizzDin.Kamil.Sham30K0045325-ara1"",""openiti_dv_0630IbnAthirCizzDin.Kamil.ShamAY0033808-ara4"",""openiti_dv_0630IbnAthirCizzDin.Kamil.ShamAY0034612-ara1"",""openiti_dv_0630IbnAthirCizzDin.Kamil.Shamela0021712-ara2"",""openiti_dv_0630IbnAthirCizzDin.Kamil.Shia003493Vols-ara4""]",Same OpenITI work URI; retain versions separately.
dup_openiti_work_0630IbnAthirCizzDin.LubabFiTahdhibAnsab,openiti_work_0630IbnAthirCizzDin.LubabFiTahdhibAnsab,3,"[""openiti_dv_0630IbnAthirCizzDin.LubabFiTahdhibAnsab.JK001306-ara1"",""openiti_dv_0630IbnAthirCizzDin.LubabFiTahdhibAnsab.Shamela0005793-ara1"",""openiti_dv_0630IbnAthirCizzDin.LubabFiTahdhibAnsab.Shia003440Vols-ara1""]",Same OpenITI work URI; retain versions separately.
dup_openiti_work_0630IbnAthirCizzDin.UsdGhaba,openiti_work_0630IbnAthirCizzDin.UsdGhaba,4,"[""openiti_dv_0630IbnAthirCizzDin.UsdGhaba.JK009198-ara1"",""openiti_dv_0630IbnAthirCizzDin.UsdGhaba.Shamela0001110-ara1"",""openiti_dv_0630IbnAthirCizzDin.UsdGhaba.Shamela0023700-ara1"",""openiti_dv_0630IbnAthirCizzDin.UsdGhaba.Shia003230Vols-ara1""]",Same OpenITI work URI; retain versions separately.
dup_openiti_work_0630IbnCaliShaficiQalci.TahdhibRiyasa,openiti_work_0630IbnCaliShaficiQalci.TahdhibRiyasa,2,"[""openiti_dv_0630IbnCaliShaficiQalci.TahdhibRiyasa.JK001310-ara1"",""openiti_dv_0630IbnCaliShaficiQalci.TahdhibRiyasa.Shamela0007240-ara1""]",Same OpenITI work URI; retain versions separately.
dup_openiti_work_0630IbnCunayn.Diwan,openiti_work_0630IbnCunayn.Diwan,2,"[""openiti_dv_0630IbnCunayn.Diwan.JK007597-ara1"",""openiti_dv_0630IbnCunayn.Diwan.ShamAY0037875-ara1""]",Same OpenITI work URI; retain versions separately.
dup_openiti_work_0630IbnMuhammadBadrDinRazi.HujajQuran,openiti_work_0630IbnMuhammadBadrDinRazi.HujajQuran,2,"[""openiti_dv_0630IbnMuhammadBadrDinRazi.HujajQuran.JK001098-ara1"",""openiti_dv_0630IbnMuhammadBadrDinRazi.HujajQuran.Shamela0005548-ara1""]",Same OpenITI work URI; retain versions separately.
dup_openiti_work_0631SayfDinAmidi.GhayatMaram,openiti_work_0631SayfDinAmidi.GhayatMaram,3,"[""openiti_dv_0631SayfDinAmidi.GhayatMaram.JK000324-ara1"",""openiti_dv_0631SayfDinAmidi.GhayatMaram.Rafed0003481-ara1"",""openiti_dv_0631SayfDinAmidi.GhayatMaram.Shamela0006364-ara1""]",Same OpenITI work URI; retain versions separately.
dup_openiti_work_0631SayfDinAmidi.IhkamFiUsulAhkam,openiti_work_0631SayfDinAmidi.IhkamFiUsulAhkam,4,"[""openiti_dv_0631SayfDinAmidi.IhkamFiUsulAhkam.JK000149-ara1"",""openiti_dv_0631SayfDinAmidi.IhkamFiUsulAhkam.ShamAY0034186-ara1"",""openiti_dv_0631SayfDinAmidi.IhkamFiUsulAhkam.Shamela0010801-ara1"",""openiti_dv_0631SayfDinAmidi.IhkamFiUsulAhkam.Shia002924Vols-ara1""]",Same OpenITI work URI; retain versions separately.
dup_openiti_work_0632BahaDinIbnShaddad.NawadirSultaniyya,openiti_work_0632BahaDinIbnShaddad.NawadirSultaniyya,2,"[""openiti_dv_0632BahaDinIbnShaddad.NawadirSultaniyya.JK009276-ara1"",""openiti_dv_0632BahaDinIbnShaddad.NawadirSultaniyya.Shamela0012716-ara1""]",Same OpenITI work URI; retain versions separately.
dup_openiti_work_0632IsmacilMarwazi.FakhriFiAnsab,openiti_work_0632IsmacilMarwazi.FakhriFiAnsab,3,"[""openiti_dv_0632IsmacilMarwazi.FakhriFiAnsab.JK010500-ara1"",""openiti_dv_0632IsmacilMarwazi.FakhriFiAnsab.Masaha002914-ara1"",""openiti_dv_0632IsmacilMarwazi.FakhriFiAnsab.ShamAY0037019-ara1""]",Same OpenITI work URI; retain versions separately.
dup_openiti_work_0633IbnDihyaJumayyilKalbi.AdaMaWajaba,openiti_work_0633IbnDihyaJumayyilKalbi.AdaMaWajaba,2,"[""openiti_dv_0633IbnDihyaJumayyilKalbi.AdaMaWajaba.JK009389-ara1"",""openiti_dv_0633IbnDihyaJumayyilKalbi.AdaMaWajaba.Shamela0023163-ara1""]",Same OpenITI work URI; retain versions separately.
dup_openiti_work_0633IbnDihyaJumayyilKalbi.MaWadahaWaMaIstabana,openiti_work_0633IbnDihyaJumayyilKalbi.MaWadahaWaMaIstabana,2,"[""openiti_dv_0633IbnDihyaJumayyilKalbi.MaWadahaWaMaIstabana.JK009392-ara1"",""openiti_dv_0633IbnDihyaJumayyilKalbi.MaWadahaWaMaIstabana.Shamela0009593-ara1""]",Same OpenITI work URI; retain versions separately.
dup_openiti_work_0633IbnDihyaJumayyilKalbi.MutribMinAshcar,openiti_work_0633IbnDihyaJumayyilKalbi.MutribMinAshcar,2,"[""openiti_dv_0633IbnDihyaJumayyilKalbi.MutribMinAshcar.JK010658-ara1"",""openiti_dv_0633IbnDihyaJumayyilKalbi.MutribMinAshcar.Shamela0000093-ara1""]",Same OpenITI work URI; retain versions separately.
dup_openiti_work_0634AbuRabicHimyari.Iktifa,openiti_work_0634AbuRabicHimyari.Iktifa,4,"[""openiti_dv_0634AbuRabicHimyari.Iktifa.JK001294-ara1"",""openiti_dv_0634AbuRabicHimyari.Iktifa.Masaha001852Vols-ara1"",""openiti_dv_0634AbuRabicHimyari.Iktifa.Rafed0002513Vols-ara1"",""openiti_dv_0634AbuRabicHimyari.Iktifa.Shamela0009770-ara1""]",Same OpenITI work URI; retain versions separately.
dup_openiti_work_0634IbnNajmIbnHanbaliJazari.IstikhrajJidal,openiti_work_0634IbnNajmIbnHanbaliJazari.IstikhrajJidal,2,"[""openiti_dv_0634IbnNajmIbnHanbaliJazari.IstikhrajJidal.JK010427-ara1"",""openiti_dv_0634IbnNajmIbnHanbaliJazari.IstikhrajJidal.Shamela0000242-ara1""]",Same OpenITI work URI; retain versions separately.
dup_openiti_work_0636AbuCabdAllahIbnCaskar.Iclam,openiti_work_0636AbuCabdAllahIbnCaskar.Iclam,2,"[""openiti_dv_0636AbuCabdAllahIbnCaskar.Iclam.Sham19Y0014757-ara1"",""openiti_dv_0636AbuCabdAllahIbnCaskar.Iclam.Shamela0009271-ara1""]",Same OpenITI work URI; retain versions separately.
dup_openiti_work_0637IbnAthirDiyaDin.JamicKabir,openiti_work_0637IbnAthirDiyaDin.JamicKabir,2,"[""openiti_dv_0637IbnAthirDiyaDin.JamicKabir.ShamAY0000865-ara1"",""openiti_dv_0637IbnAthirDiyaDin.JamicKabir.Shamela0037475-ara1""]",Same OpenITI work URI; retain versions separately.
dup_openiti_work_0637IbnAthirDiyaDin.MathalSair,openiti_work_0637IbnAthirDiyaDin.MathalSair,3,"[""openiti_dv_0637IbnAthirDiyaDin.MathalSair.JK000980-ara2"",""openiti_dv_0637IbnAthirDiyaDin.MathalSair.Shamela0010551-ara1"",""openiti_dv_0637IbnAthirDiyaDin.MathalSair.Shamela0023794-ara2""]",Same OpenITI work URI; retain versions separately.
dup_openiti_work_0637IbnDubaythi.DhaylTarikhBaghdad,openiti_work_0637IbnDubaythi.DhaylTarikhBaghdad,4,"[""openiti_dv_0637IbnDubaythi.DhaylTarikhBaghdad.Masaha004452Vols-ara1"",""openiti_dv_0637IbnDubaythi.DhaylTarikhBaghdad.Rafed0002307Vols-ara1"",""openiti_dv_0637IbnDubaythi.DhaylTarikhBaghdad.Sham30K0001970-ara1"",""openiti_dv_0637IbnDubaythi.DhaylTarikhBaghdad.ShamAY0034569-ara1""]",Same OpenITI work URI; retain versions separately.
dup_openiti_work_0637IbnMustawfi.TarikhIrbil,openiti_work_0637IbnMustawfi.TarikhIrbil,3,"[""openiti_dv_0637IbnMustawfi.TarikhIrbil.JK007087-ara1"",""openiti_dv_0637IbnMustawfi.TarikhIrbil.Rafed0002314Vols-ara1"",""openiti_dv_0637IbnMustawfi.TarikhIrbil.Shamela0011746-ara1""]",Same OpenITI work URI; retain versions separately.
dup_openiti_work_0638IbnCarabi.FutuhatMakkiyya,openiti_work_0638IbnCarabi.FutuhatMakkiyya,2,"[""openiti_dv_0638IbnCarabi.FutuhatMakkiyya.JK009237-ara1"",""openiti_dv_0638IbnCarabi.FutuhatMakkiyya.Shia004687Vols-ara1""]",Same OpenITI work URI; retain versions separately.
dup_openiti_work_0638IbnCarabi.Tafsir,openiti_work_0638IbnCarabi.Tafsir,2,"[""openiti_dv_0638IbnCarabi.Tafsir.Shia002611Vols-ara1"",""openiti_dv_0638IbnCarabi.Tafsir.Tafsir03033-ara1""]",Same OpenITI work URI; retain versions separately.
dup_openiti_work_0641Sarifini.MuntakhabSiyaq,openiti_work_0641Sarifini.MuntakhabSiyaq,3,"[""openiti_dv_0641Sarifini.MuntakhabSiyaq.JK001172-ara1"",""openiti_dv_0641Sarifini.MuntakhabSiyaq.Masaha004118-ara1"",""openiti_dv_0641Sarifini.MuntakhabSiyaq.Shamela0012528-ara1""]",Same OpenITI work URI; retain versions separately.
dup_openiti_work_0643CaliSakhawi.JamalQurra,openiti_work_0643CaliSakhawi.JamalQurra,2,"[""openiti_dv_0643CaliSakhawi.JamalQurra.Shamela0010460-ara1"",""openiti_dv_0643CaliSakhawi.JamalQurra.Shamela0037653-ara1""]",Same OpenITI work URI; retain versions separately.
dup_openiti_work_0643DiyaDinMaqdisi.AhadithMukhatara,openiti_work_0643DiyaDinMaqdisi.AhadithMukhatara,2,"[""openiti_dv_0643DiyaDinMaqdisi.AhadithMukhatara.JK000782-ara1"",""openiti_dv_0643DiyaDinMaqdisi.AhadithMukhatara.Shamela0010480-ara1""]",Same OpenITI work URI; retain versions separately.
dup_openiti_work_0643DiyaDinMaqdisi.FadailAcmal,openiti_work_0643DiyaDinMaqdisi.FadailAcmal,3,"[""openiti_dv_0643DiyaDinMaqdisi.FadailAcmal.JK001429-ara1"",""openiti_dv_0643DiyaDinMaqdisi.FadailAcmal.ShamAY0033756-ara1"",""openiti_dv_0643DiyaDinMaqdisi.FadailAcmal.Shamela0004425-ara1""]",Same OpenITI work URI; retain versions separately.
dup_openiti_work_0643DiyaDinMaqdisi.FadailBaytMaqdis,openiti_work_0643DiyaDinMaqdisi.FadailBaytMaqdis,2,"[""openiti_dv_0643DiyaDinMaqdisi.FadailBaytMaqdis.JK000508-ara1"",""openiti_dv_0643DiyaDinMaqdisi.FadailBaytMaqdis.Shamela0005721-ara1""]",Same OpenITI work URI; retain versions separately.
dup_openiti_work_0643DiyaDinMaqdisi.IkhtisasQuran,openiti_work_0643DiyaDinMaqdisi.IkhtisasQuran,2,"[""openiti_dv_0643DiyaDinMaqdisi.IkhtisasQuran.JK001028-ara1"",""openiti_dv_0643DiyaDinMaqdisi.IkhtisasQuran.Shamela0006404-ara1""]",Same OpenITI work URI; retain versions separately.
dup_openiti_work_0643DiyaDinMaqdisi.IttibacSunan,openiti_work_0643DiyaDinMaqdisi.IttibacSunan,2,"[""openiti_dv_0643DiyaDinMaqdisi.IttibacSunan.JK010136-ara1"",""openiti_dv_0643DiyaDinMaqdisi.IttibacSunan.Shamela0000178-ara1""]",Same OpenITI work URI; retain versions separately.
dup_openiti_work_0643DiyaDinMaqdisi.JuzAwham,openiti_work_0643DiyaDinMaqdisi.JuzAwham,2,"[""openiti_dv_0643DiyaDinMaqdisi.JuzAwham.JK001005-ara1"",""openiti_dv_0643DiyaDinMaqdisi.JuzAwham.Shamela0005799-ara1""]",Same OpenITI work URI; retain versions separately.
dup_openiti_work_0643DiyaDinMaqdisi.MinHadithIbnYazidMuqri,openiti_work_0643DiyaDinMaqdisi.MinHadithIbnYazidMuqri,2,"[""openiti_dv_0643DiyaDinMaqdisi.MinHadithIbnYazidMuqri.Shamela0009624-ara1"",""openiti_dv_0643DiyaDinMaqdisi.MinHadithIbnYazidMuqri.Shamela0026733-ara1""]",Same OpenITI work URI; retain versions separately.
dup_openiti_work_0643DiyaDinMaqdisi.SifatJanna,openiti_work_0643DiyaDinMaqdisi.SifatJanna,2,"[""openiti_dv_0643DiyaDinMaqdisi.SifatJanna.ShamAY0033690-ara1"",""openiti_dv_0643DiyaDinMaqdisi.SifatJanna.Shamela0012740-ara1""]",Same OpenITI work URI; retain versions separately.
dup_openiti_work_0643IbnNajjar.DhaylTarikhBaghdad,openiti_work_0643IbnNajjar.DhaylTarikhBaghdad,5,"[""openiti_dv_0643IbnNajjar.DhaylTarikhBaghdad.JK009150-ara1"",""openiti_dv_0643IbnNajjar.DhaylTarikhBaghdad.Rafed0002170Vols-ara1"",""openiti_dv_0643IbnNajjar.DhaylTarikhBaghdad.ShamAY0038202-ara1"",""openiti_dv_0643IbnNajjar.DhaylTarikhBaghdad.Shamela0023764BK3-ara1"",""openiti_dv_0643IbnNajjar.DhaylTarikhBaghdad.Shia003236Vols-ara1""]",Same OpenITI work URI; retain versions separately.
dup_openiti_work_0643IbnNajjar.DurraThamina,openiti_work_0643IbnNajjar.DurraThamina,3,"[""openiti_dv_0643IbnNajjar.DurraThamina.ShamAY0038443-ara1"",""openiti_dv_0643IbnNajjar.DurraThamina.Shamela0008362BK3-ara2"",""openiti_dv_0643IbnNajjar.DurraThamina.Shamela0026662-ara1""]",Same OpenITI work URI; retain versions separately.
dup_openiti_work_0643IbnNajjar.RaddCalaKhatibBaghdadi,openiti_work_0643IbnNajjar.RaddCalaKhatibBaghdadi,2,"[""openiti_dv_0643IbnNajjar.RaddCalaKhatibBaghdadi.Shamela0023764BK5-ara1"",""openiti_dv_0643IbnNajjar.RaddCalaKhatibBaghdadi.Shia003235-ara1""]",Same OpenITI work URI; retain versions separately.
dup_openiti_work_0643IbnSalahShahrazuri.AdabMuftiWaMustafti,openiti_work_0643IbnSalahShahrazuri.AdabMuftiWaMustafti,2,"[""openiti_dv_0643IbnSalahShahrazuri.AdabMuftiWaMustafti.JK000280-ara1"",""openiti_dv_0643IbnSalahShahrazuri.AdabMuftiWaMustafti.Shamela0010720-ara1""]",Same OpenITI work URI; retain versions separately.
dup_openiti_work_0643IbnSalahShahrazuri.Fatawa,openiti_work_0643IbnSalahShahrazuri.Fatawa,2,"[""openiti_dv_0643IbnSalahShahrazuri.Fatawa.JK006986-ara1"",""openiti_dv_0643IbnSalahShahrazuri.Fatawa.Shamela0006137-ara1""]",Same OpenITI work URI; retain versions separately.
dup_openiti_work_0643IbnSalahShahrazuri.MuqaddimatCulumHadith,openiti_work_0643IbnSalahShahrazuri.MuqaddimatCulumHadith,5,"[""openiti_dv_0643IbnSalahShahrazuri.MuqaddimatCulumHadith.JK000537-ara1"",""openiti_dv_0643IbnSalahShahrazuri.MuqaddimatCulumHadith.Shamela0022870-ara1"",""openiti_dv_0643IbnSalahShahrazuri.MuqaddimatCulumHadith.Shamela0023799-ara1"",""openiti_dv_0643IbnSalahShahrazuri.MuqaddimatCulumHadith.Shamela0029878BK1-ara1"",""openiti_dv_0643IbnSalahShahrazuri.MuqaddimatCulumHadith.Shia002184-ara1""]",Same OpenITI work URI; retain versions separately.
dup_openiti_work_0643IbnSalahShahrazuri.SiyanatSahihMuslim,openiti_work_0643IbnSalahShahrazuri.SiyanatSahihMuslim,2,"[""openiti_dv_0643IbnSalahShahrazuri.SiyanatSahihMuslim.JK000603-ara1"",""openiti_dv_0643IbnSalahShahrazuri.SiyanatSahihMuslim.Shamela0006016-ara1""]",Same OpenITI work URI; retain versions separately.
dup_openiti_work_0643IbnSalahShahrazuri.TabaqatFuqaha,openiti_work_0643IbnSalahShahrazuri.TabaqatFuqaha,2,"[""openiti_dv_0643IbnSalahShahrazuri.TabaqatFuqaha.JK007022-ara1"",""openiti_dv_0643IbnSalahShahrazuri.TabaqatFuqaha.Shamela0006741-ara1""]",Same OpenITI work URI; retain versions separately.
dup_openiti_work_0645IbnNimaHilli.MuthirAhzan,openiti_work_0645IbnNimaHilli.MuthirAhzan,2,"[""openiti_dv_0645IbnNimaHilli.MuthirAhzan.Masaha002853-ara1"",""openiti_dv_0645IbnNimaHilli.MuthirAhzan.Shia001359-ara1""]",Same OpenITI work URI; retain versions separately.
dup_openiti_work_0645TilimsaniBurri.Jawhara,openiti_work_0645TilimsaniBurri.Jawhara,2,"[""openiti_dv_0645TilimsaniBurri.Jawhara.JK010493-ara1"",""openiti_dv_0645TilimsaniBurri.Jawhara.Shamela0026484-ara1""]",Same OpenITI work URI; retain versions separately.
dup_openiti_work_0646IbnBaytarAndalusi.JamicLiMufradat,openiti_work_0646IbnBaytarAndalusi.JamicLiMufradat,2,"[""openiti_dv_0646IbnBaytarAndalusi.JamicLiMufradat.JK009278-ara1"",""openiti_dv_0646IbnBaytarAndalusi.JamicLiMufradat.ShamAY0034792-ara1""]",Same OpenITI work URI; retain versions separately.
dup_openiti_work_0646IbnCumarIbnHajibKurdi.JamicUmmahat,openiti_work_0646IbnCumarIbnHajibKurdi.JamicUmmahat,3,"[""openiti_dv_0646IbnCumarIbnHajibKurdi.JamicUmmahat.JK006903-ara1"",""openiti_dv_0646IbnCumarIbnHajibKurdi.JamicUmmahat.ShamAY0031994-ara1"",""openiti_dv_0646IbnCumarIbnHajibKurdi.JamicUmmahat.Shamela0006196-ara1""]",Same OpenITI work URI; retain versions separately.
dup_openiti_work_0646IbnCumarIbnHajibKurdi.ShafiyaFiCilmTasrif,openiti_work_0646IbnCumarIbnHajibKurdi.ShafiyaFiCilmTasrif,3,"[""openiti_dv_0646IbnCumarIbnHajibKurdi.ShafiyaFiCilmTasrif.JK001223-ara1"",""openiti_dv_0646IbnCumarIbnHajibKurdi.ShafiyaFiCilmTasrif.Sham19Y0122235-ara1"",""openiti_dv_0646IbnCumarIbnHajibKurdi.ShafiyaFiCilmTasrif.Shamela0022391-ara1""]",Same OpenITI work URI; retain versions separately.
dup_openiti_work_0646IbnNamawarKhunaji.JumalFiMantiq,openiti_work_0646IbnNamawarKhunaji.JumalFiMantiq,2,"[""openiti_dv_0646IbnNamawarKhunaji.JumalFiMantiq.JK010719-ara1"",""openiti_dv_0646IbnNamawarKhunaji.JumalFiMantiq.Shamela0000719-ara1""]",Same OpenITI work URI; retain versions separately.
dup_openiti_work_0646IbnQifti.IkhbarCulama,openiti_work_0646IbnQifti.IkhbarCulama,2,"[""openiti_dv_0646IbnQifti.IkhbarCulama.JK010295-ara2"",""openiti_dv_0646IbnQifti.IkhbarCulama.Shamela0026336-ara1""]",Same OpenITI work URI; retain versions separately.
dup_openiti_work_0646IbnQifti.Muhammadun,openiti_work_0646IbnQifti.Muhammadun,2,"[""openiti_dv_0646IbnQifti.Muhammadun.JK010323-ara1"",""openiti_dv_0646IbnQifti.Muhammadun.Shamela0013031-ara1""]",Same OpenITI work URI; retain versions separately.
dup_openiti_work_0647CabdWahidMarrakushi.Mucjib,openiti_work_0647CabdWahidMarrakushi.Mucjib,2,"[""openiti_dv_0647CabdWahidMarrakushi.Mucjib.JK000410-ara1"",""openiti_dv_0647CabdWahidMarrakushi.Mucjib.Shamela0008559-ara1""]",Same OpenITI work URI; retain versions separately.
dup_openiti_work_0649IbnSahlAndalusi.Diwan,openiti_work_0649IbnSahlAndalusi.Diwan,2,"[""openiti_dv_0649IbnSahlAndalusi.Diwan.JK007569-ara1"",""openiti_dv_0649IbnSahlAndalusi.Diwan.ShamAY0037871-ara1""]",Same OpenITI work URI; retain versions separately.
dup_openiti_work_0650IbnMuhammadRadiDinSaghani.CubabZakhir,openiti_work_0650IbnMuhammadRadiDinSaghani.CubabZakhir,2,"[""openiti_dv_0650IbnMuhammadRadiDinSaghani.CubabZakhir.JK010761-ara1"",""openiti_dv_0650IbnMuhammadRadiDinSaghani.CubabZakhir.Shamela0000761-ara1""]",Same OpenITI work URI; retain versions separately.
dup_openiti_work_0650IbnMuhammadRadiDinSaghani.Mawducat,openiti_work_0650IbnMuhammadRadiDinSaghani.Mawducat,2,"[""openiti_dv_0650IbnMuhammadRadiDinSaghani.Mawducat.JK005010-ara1"",""openiti_dv_0650IbnMuhammadRadiDinSaghani.Mawducat.Shamela0006070-ara1""]",Same OpenITI work URI; retain versions separately.
dup_openiti_work_0650IbnMuhammadRadiDinSaghani.NaqcatSadyan,openiti_work_0650IbnMuhammadRadiDinSaghani.NaqcatSadyan,2,"[""openiti_dv_0650IbnMuhammadRadiDinSaghani.NaqcatSadyan.JK001228-ara1"",""openiti_dv_0650IbnMuhammadRadiDinSaghani.NaqcatSadyan.Shamela0006974-ara1""]",Same OpenITI work URI; retain versions separately.
dup_openiti_work_0650IbnNazifHamawi.TarikhMansuri,openiti_work_0650IbnNazifHamawi.TarikhMansuri,2,"[""openiti_dv_0650IbnNazifHamawi.TarikhMansuri.JK001169-ara1"",""openiti_dv_0650IbnNazifHamawi.TarikhMansuri.Shamela0006607-ara1""]",Same OpenITI work URI; retain versions separately.
dup_openiti_work_0650RashidDinDimashqi.MashyakhaBaghdadiyya,openiti_work_0650RashidDinDimashqi.MashyakhaBaghdadiyya,2,"[""openiti_dv_0650RashidDinDimashqi.MashyakhaBaghdadiyya.Shamela0009389-ara1"",""openiti_dv_0650RashidDinDimashqi.MashyakhaBaghdadiyya.Shamela0026471-ara1""]",Same OpenITI work URI; retain versions separately.
dup_openiti_work_0651Bunasi.KanzKuttab,openiti_work_0651Bunasi.KanzKuttab,2,"[""openiti_dv_0651Bunasi.KanzKuttab.Sham19Y0013666-ara1"",""openiti_dv_0651Bunasi.KanzKuttab.ShamAY0031931-ara1""]",Same OpenITI work URI; retain versions separately.
dup_openiti_work_0652IbnTalhaKamalDinNasibi.MatalibSaul,openiti_work_0652IbnTalhaKamalDinNasibi.MatalibSaul,2,"[""openiti_dv_0652IbnTalhaKamalDinNasibi.MatalibSaul.Masaha002488-ara1"",""openiti_dv_0652IbnTalhaKamalDinNasibi.MatalibSaul.Shia003702-ara1""]",Same OpenITI work URI; retain versions separately.
dup_openiti_work_0652IbnTaymiyyaMajdDin.Muharrar,openiti_work_0652IbnTaymiyyaMajdDin.Muharrar,2,"[""openiti_dv_0652IbnTaymiyyaMajdDin.Muharrar.JK000269-ara1"",""openiti_dv_0652IbnTaymiyyaMajdDin.Muharrar.Shamela0007460-ara1""]",Same OpenITI work URI; retain versions separately.
dup_openiti_work_0654IbnCabdWahidIbnAbiIsbac.TahrirTahbir,openiti_work_0654IbnCabdWahidIbnAbiIsbac.TahrirTahbir,2,"[""openiti_dv_0654IbnCabdWahidIbnAbiIsbac.TahrirTahbir.JK010568-ara1"",""openiti_dv_0654IbnCabdWahidIbnAbiIsbac.TahrirTahbir.Shamela0026520-ara1""]",Same OpenITI work URI; retain versions separately.
dup_openiti_work_0654SibtIbnJawzi.ItharInsaf,openiti_work_0654SibtIbnJawzi.ItharInsaf,2,"[""openiti_dv_0654SibtIbnJawzi.ItharInsaf.JK000247-ara1"",""openiti_dv_0654SibtIbnJawzi.ItharInsaf.Shamela0006349-ara1""]",Same OpenITI work URI; retain versions separately.
dup_openiti_work_0654SibtIbnJawzi.MiratZaman,openiti_work_0654SibtIbnJawzi.MiratZaman,2,"[""openiti_dv_0654SibtIbnJawzi.MiratZaman.Rafed0002261BK2-ara1"",""openiti_dv_0654SibtIbnJawzi.MiratZaman.Sham19Y0023644-ara1""]",Same OpenITI work URI; retain versions separately.
dup_openiti_work_0654SibtIbnJawzi.TadhkiratKhawass,openiti_work_0654SibtIbnJawzi.TadhkiratKhawass,2,"[""openiti_dv_0654SibtIbnJawzi.TadhkiratKhawass.Masaha001954-ara1"",""openiti_dv_0654SibtIbnJawzi.TadhkiratKhawass.ShamAY0033599-ara1""]",Same OpenITI work URI; retain versions separately.
dup_openiti_work_0656IbnAbiHadid.RawdaMukhtara,openiti_work_0656IbnAbiHadid.RawdaMukhtara,3,"[""openiti_dv_0656IbnAbiHadid.RawdaMukhtara.Masaha001700-ara1"",""openiti_dv_0656IbnAbiHadid.RawdaMukhtara.Shia003703-ara1"",""openiti_dv_0656IbnAbiHadid.RawdaMukhtara.Zaydiyya0000036-ara1""]",Same OpenITI work URI; retain versions separately.
dup_openiti_work_0656IbnAbiHadid.SharhNahjBalagha,openiti_work_0656IbnAbiHadid.SharhNahjBalagha,5,"[""openiti_dv_0656IbnAbiHadid.SharhNahjBalagha.JK009359-ara1"",""openiti_dv_0656IbnAbiHadid.SharhNahjBalagha.Masaha002790Vols-ara1"",""openiti_dv_0656IbnAbiHadid.SharhNahjBalagha.ShamAY0033785-ara1"",""openiti_dv_0656IbnAbiHadid.SharhNahjBalagha.Shia002185Vols-ara1"",""openiti_dv_0656IbnAbiHadid.SharhNahjBalagha.Zaydiyya0000145-ara1""]",Same OpenITI work URI; retain versions separately.
dup_openiti_work_0656IbnAhmadShihabDinZanjani.TakhrijFuruc,openiti_work_0656IbnAhmadShihabDinZanjani.TakhrijFuruc,2,"[""openiti_dv_0656IbnAhmadShihabDinZanjani.TakhrijFuruc.JK000212-ara1"",""openiti_dv_0656IbnAhmadShihabDinZanjani.TakhrijFuruc.Shamela0006298-ara1""]",Same OpenITI work URI; retain versions separately.
dup_openiti_work_0656IbnCabdQawiMundhiri.TarghibWaTarhib,openiti_work_0656IbnCabdQawiMundhiri.TarghibWaTarhib,3,"[""openiti_dv_0656IbnCabdQawiMundhiri.TarghibWaTarhib.JK000080-ara1"",""openiti_dv_0656IbnCabdQawiMundhiri.TarghibWaTarhib.Sham19Y0013223-ara2"",""openiti_dv_0656IbnCabdQawiMundhiri.TarghibWaTarhib.Shamela0006847-ara1""]",Same OpenITI work URI; retain versions separately.
dup_openiti_work_0656IbnFadlMuzaffarCiraqi.NagratIghrid,openiti_work_0656IbnFadlMuzaffarCiraqi.NagratIghrid,2,"[""openiti_dv_0656IbnFadlMuzaffarCiraqi.NagratIghrid.JK010629-ara1"",""openiti_dv_0656IbnFadlMuzaffarCiraqi.NagratIghrid.Shamela0000629-ara1""]",Same OpenITI work URI; retain versions separately.
dup_openiti_work_0657IbnIbrahimIrbili.MudhakaraFiAlqab,openiti_work_0657IbnIbrahimIrbili.MudhakaraFiAlqab,2,"[""openiti_dv_0657IbnIbrahimIrbili.MudhakaraFiAlqab.JK010746-ara1"",""openiti_dv_0657IbnIbrahimIrbili.MudhakaraFiAlqab.Shamela0000746-ara1""]",Same OpenITI work URI; retain versions separately.
dup_openiti_work_0658IbnAbbar.HullaSiyara,openiti_work_0658IbnAbbar.HullaSiyara,2,"[""openiti_dv_0658IbnAbbar.HullaSiyara.JK001300-ara1"",""openiti_dv_0658IbnAbbar.HullaSiyara.Shamela0006630-ara1""]",Same OpenITI work URI; retain versions separately.
dup_openiti_work_0658IbnAbbar.IctabKitab,openiti_work_0658IbnAbbar.IctabKitab,2,"[""openiti_dv_0658IbnAbbar.IctabKitab.JK010583-ara1"",""openiti_dv_0658IbnAbbar.IctabKitab.Shamela0008190-ara1""]",Same OpenITI work URI; retain versions separately.
dup_openiti_work_0658IbnAbbar.MucjamAshab,openiti_work_0658IbnAbbar.MucjamAshab,2,"[""openiti_dv_0658IbnAbbar.MucjamAshab.JK009189-ara1"",""openiti_dv_0658IbnAbbar.MucjamAshab.Shamela0028740-ara1""]",Same OpenITI work URI; retain versions separately.
dup_openiti_work_0658IbnAbbar.TakmilaLiSila,openiti_work_0658IbnAbbar.TakmilaLiSila,2,"[""openiti_dv_0658IbnAbbar.TakmilaLiSila.JK001319-ara1"",""openiti_dv_0658IbnAbbar.TakmilaLiSila.Shamela0006608-ara1""]",Same OpenITI work URI; retain versions separately.
dup_openiti_work_0658IbnAbbar.TuhfatQadim,openiti_work_0658IbnAbbar.TuhfatQadim,2,"[""openiti_dv_0658IbnAbbar.TuhfatQadim.JK010739-ara1"",""openiti_dv_0658IbnAbbar.TuhfatQadim.Shamela0026108-ara1""]",Same OpenITI work URI; retain versions separately.
dup_openiti_work_0659SadrDinBasri.Hamasa,openiti_work_0659SadrDinBasri.Hamasa,2,"[""openiti_dv_0659SadrDinBasri.Hamasa.JK006907-ara1"",""openiti_dv_0659SadrDinBasri.Hamasa.Shamela0006901-ara1""]",Same OpenITI work URI; retain versions separately.
dup_openiti_work_0660IbnCadim.BughyatTalab,openiti_work_0660IbnCadim.BughyatTalab,4,"[""openiti_dv_0660IbnCadim.BughyatTalab.JK001299-ara1"",""openiti_dv_0660IbnCadim.BughyatTalab.Masaha004415Vols-ara1"",""openiti_dv_0660IbnCadim.BughyatTalab.Rafed0002136Vols-ara1"",""openiti_dv_0660IbnCadim.BughyatTalab.Shamela0010798-ara1""]",Same OpenITI work URI; retain versions separately.
dup_openiti_work_0660IbnCadim.ZubdatHalab,openiti_work_0660IbnCadim.ZubdatHalab,4,"[""openiti_dv_0660IbnCadim.ZubdatHalab.JK009235-ara1"",""openiti_dv_0660IbnCadim.ZubdatHalab.Masaha004190Vols-ara1"",""openiti_dv_0660IbnCadim.ZubdatHalab.Rafed0002422Vols-ara1"",""openiti_dv_0660IbnCadim.ZubdatHalab.Shamela0009872-ara1""]",Same OpenITI work URI; retain versions separately.
dup_openiti_work_0660ShadhanIbnJibrailQummi.Fadail,openiti_work_0660ShadhanIbnJibrailQummi.Fadail,2,"[""openiti_dv_0660ShadhanIbnJibrailQummi.Fadail.Masaha002857-ara1"",""openiti_dv_0660ShadhanIbnJibrailQummi.Fadail.Shia001361-ara1""]",Same OpenITI work URI; retain versions separately.
dup_openiti_work_0660ShadhanIbnJibrailQummi.Rawda,openiti_work_0660ShadhanIbnJibrailQummi.Rawda,2,"[""openiti_dv_0660ShadhanIbnJibrailQummi.Rawda.Masaha002035-ara1"",""openiti_dv_0660ShadhanIbnJibrailQummi.Rawda.Shia001360-ara1""]",Same OpenITI work URI; retain versions separately.
dup_openiti_work_0660SultanCulamaCizzDinDimashqi.BidayatSul,openiti_work_0660SultanCulamaCizzDinDimashqi.BidayatSul,2,"[""openiti_dv_0660SultanCulamaCizzDinDimashqi.BidayatSul.JK010348-ara1"",""openiti_dv_0660SultanCulamaCizzDinDimashqi.BidayatSul.Shamela0000348-ara1""]",Same OpenITI work URI; retain versions separately.
dup_openiti_work_0660SultanCulamaCizzDinDimashqi.FawaidFiIkhtisarMaqasid,openiti_work_0660SultanCulamaCizzDinDimashqi.FawaidFiIkhtisarMaqasid,2,"[""openiti_dv_0660SultanCulamaCizzDinDimashqi.FawaidFiIkhtisarMaqasid.JK000260-ara1"",""openiti_dv_0660SultanCulamaCizzDinDimashqi.FawaidFiIkhtisarMaqasid.Shamela0006291-ara1""]",Same OpenITI work URI; retain versions separately.
dup_openiti_work_0660SultanCulamaCizzDinDimashqi.ImamFiBayan,openiti_work_0660SultanCulamaCizzDinDimashqi.ImamFiBayan,2,"[""openiti_dv_0660SultanCulamaCizzDinDimashqi.ImamFiBayan.JK000293-ara1"",""openiti_dv_0660SultanCulamaCizzDinDimashqi.ImamFiBayan.Shamela0006278-ara1""]",Same OpenITI work URI; retain versions separately.
dup_openiti_work_0660SultanCulamaCizzDinDimashqi.MaqasidRicaya,openiti_work_0660SultanCulamaCizzDinDimashqi.MaqasidRicaya,2,"[""openiti_dv_0660SultanCulamaCizzDinDimashqi.MaqasidRicaya.JK001159-ara1"",""openiti_dv_0660SultanCulamaCizzDinDimashqi.MaqasidRicaya.Shamela0006875-ara1""]",Same OpenITI work URI; retain versions separately.
dup_openiti_work_0660SultanCulamaCizzDinDimashqi.QawacidAhkam,openiti_work_0660SultanCulamaCizzDinDimashqi.QawacidAhkam,3,"[""openiti_dv_0660SultanCulamaCizzDinDimashqi.QawacidAhkam.JK000979-ara1"",""openiti_dv_0660SultanCulamaCizzDinDimashqi.QawacidAhkam.ShamAY0034198-ara1"",""openiti_dv_0660SultanCulamaCizzDinDimashqi.QawacidAhkam.Shamela0008608-ara1""]",Same OpenITI work URI; retain versions separately.
dup_openiti_work_0660SultanCulamaCizzDinDimashqi.TafsirQuran,openiti_work_0660SultanCulamaCizzDinDimashqi.TafsirQuran,4,"[""openiti_dv_0660SultanCulamaCizzDinDimashqi.TafsirQuran.JK007018-ara1"",""openiti_dv_0660SultanCulamaCizzDinDimashqi.TafsirQuran.Shamela0005638-ara1"",""openiti_dv_0660SultanCulamaCizzDinDimashqi.TafsirQuran.Shia002615Vols-ara1"",""openiti_dv_0660SultanCulamaCizzDinDimashqi.TafsirQuran.Tafsir02016-ara1""]",Same OpenITI work URI; retain versions separately.
dup_openiti_work_0662HusaynIbnBadrDin.CiqdThamin,openiti_work_0662HusaynIbnBadrDin.CiqdThamin,2,"[""openiti_dv_0662HusaynIbnBadrDin.CiqdThamin.Shia004485-ara1"",""openiti_dv_0662HusaynIbnBadrDin.CiqdThamin.Zaydiyya0000138-ara1""]",Same OpenITI work URI; retain versions separately.
dup_openiti_work_0662RashidCattar.GhurarFawaid,openiti_work_0662RashidCattar.GhurarFawaid,3,"[""openiti_dv_0662RashidCattar.GhurarFawaid.JK000737-ara1"",""openiti_dv_0662RashidCattar.GhurarFawaid.Shamela0002749-ara1"",""openiti_dv_0662RashidCattar.GhurarFawaid.Shia002206-ara1""]",Same OpenITI work URI; retain versions separately.
dup_openiti_work_0664IbnHatimCamiliShami.DurrNazim,openiti_work_0664IbnHatimCamiliShami.DurrNazim,2,"[""openiti_dv_0664IbnHatimCamiliShami.DurrNazim.Masaha004573-ara1"",""openiti_dv_0664IbnHatimCamiliShami.DurrNazim.Shia003704-ara1""]",Same OpenITI work URI; retain versions separately.
dup_openiti_work_0664IbnTawus.FarajMahmum,openiti_work_0664IbnTawus.FarajMahmum,2,"[""openiti_dv_0664IbnTawus.FarajMahmum.Masaha001035-ara1"",""openiti_dv_0664IbnTawus.FarajMahmum.Shia001375-ara1""]",Same OpenITI work URI; retain versions separately.
dup_openiti_work_0664IbnTawus.IqbalAcmal,openiti_work_0664IbnTawus.IqbalAcmal,2,"[""openiti_dv_0664IbnTawus.IqbalAcmal.Masaha001012Vols-ara1"",""openiti_dv_0664IbnTawus.IqbalAcmal.Shia001362Vols-ara1""]",Same OpenITI work URI; retain versions separately.
dup_openiti_work_0664IbnTawus.LuhufFiQatlaTufuf,openiti_work_0664IbnTawus.LuhufFiQatlaTufuf,2,"[""openiti_dv_0664IbnTawus.LuhufFiQatlaTufuf.Masaha002860-ara1"",""openiti_dv_0664IbnTawus.LuhufFiQatlaTufuf.Shia003705-ara1""]",Same OpenITI work URI; retain versions separately.
dup_openiti_work_0664IbnTawus.MalahimWaFitan,openiti_work_0664IbnTawus.MalahimWaFitan,2,"[""openiti_dv_0664IbnTawus.MalahimWaFitan.Masaha002335-ara1"",""openiti_dv_0664IbnTawus.MalahimWaFitan.Shia001370-ara1""]",Same OpenITI work URI; retain versions separately.
dup_openiti_work_0664IbnTawus.Tahsin,openiti_work_0664IbnTawus.Tahsin,2,"[""openiti_dv_0664IbnTawus.Tahsin.Masaha004805-ara1"",""openiti_dv_0664IbnTawus.Tahsin.Shia001366-ara1""]",Same OpenITI work URI; retain versions separately.
dup_openiti_work_0664IbnTawus.TaraifFiMacrifatMadhahib,openiti_work_0664IbnTawus.TaraifFiMacrifatMadhahib,2,"[""openiti_dv_0664IbnTawus.TaraifFiMacrifatMadhahib.Masaha002052Vols-ara1"",""openiti_dv_0664IbnTawus.TaraifFiMacrifatMadhahib.Shia001368-ara1""]",Same OpenITI work URI; retain versions separately.
dup_openiti_work_0664IbnTawus.Yaqin,openiti_work_0664IbnTawus.Yaqin,2,"[""openiti_dv_0664IbnTawus.Yaqin.Masaha002866-ara1"",""openiti_dv_0664IbnTawus.Yaqin.Shia001371-ara1""]",Same OpenITI work URI; retain versions separately.
dup_openiti_work_0665AbuShama.BacithCalaInkarBidac,openiti_work_0665AbuShama.BacithCalaInkarBidac,2,"[""openiti_dv_0665AbuShama.BacithCalaInkarBidac.JK000873-ara1"",""openiti_dv_0665AbuShama.BacithCalaInkarBidac.Shamela0006276-ara1""]",Same OpenITI work URI; retain versions separately.
dup_openiti_work_0665AbuShama.IbrazMacani,openiti_work_0665AbuShama.IbrazMacani,3,"[""openiti_dv_0665AbuShama.IbrazMacani.JK001292-ara1"",""openiti_dv_0665AbuShama.IbrazMacani.ShamAY0034102-ara1"",""openiti_dv_0665AbuShama.IbrazMacani.Shamela0005486-ara1""]",Same OpenITI work URI; retain versions separately.
dup_openiti_work_0665AbuShama.KhutbatMuammal,openiti_work_0665AbuShama.KhutbatMuammal,2,"[""openiti_dv_0665AbuShama.KhutbatMuammal.JK009406-ara1"",""openiti_dv_0665AbuShama.KhutbatMuammal.Sham19Y0014447-ara1""]",Same OpenITI work URI; retain versions separately.
dup_openiti_work_0665AbuShama.MukhtasarMuammal,openiti_work_0665AbuShama.MukhtasarMuammal,2,"[""openiti_dv_0665AbuShama.MukhtasarMuammal.JK000206-ara1"",""openiti_dv_0665AbuShama.MukhtasarMuammal.Shamela0006299-ara1""]",Same OpenITI work URI; retain versions separately.
dup_openiti_work_0665AbuShama.Rawdatayn,openiti_work_0665AbuShama.Rawdatayn,2,"[""openiti_dv_0665AbuShama.Rawdatayn.JK001290-ara1"",""openiti_dv_0665AbuShama.Rawdatayn.Shamela0006631-ara1""]",Same OpenITI work URI; retain versions separately.
dup_openiti_work_0665AbuShama.SharhHadithMuqtafa,openiti_work_0665AbuShama.SharhHadithMuqtafa,2,"[""openiti_dv_0665AbuShama.SharhHadithMuqtafa.JK009395-ara1"",""openiti_dv_0665AbuShama.SharhHadithMuqtafa.Shamela0007808-ara1""]",Same OpenITI work URI; retain versions separately.
dup_openiti_work_0666IbnAbiBakrZaynDinRazi.MukhtarSihah,openiti_work_0666IbnAbiBakrZaynDinRazi.MukhtarSihah,4,"[""openiti_dv_0666IbnAbiBakrZaynDinRazi.MukhtarSihah.JK000107-ara1"",""openiti_dv_0666IbnAbiBakrZaynDinRazi.MukhtarSihah.ShamAY0034681-ara1"",""openiti_dv_0666IbnAbiBakrZaynDinRazi.MukhtarSihah.Shamela0023193-ara1"",""openiti_dv_0666IbnAbiBakrZaynDinRazi.MukhtarSihah.Shia003951-ara1""]",Same OpenITI work URI; retain versions separately.
dup_openiti_work_0666IbnAbiBakrZaynDinRazi.TuhfatMuluk,openiti_work_0666IbnAbiBakrZaynDinRazi.TuhfatMuluk,2,"[""openiti_dv_0666IbnAbiBakrZaynDinRazi.TuhfatMuluk.JK000114-ara1"",""openiti_dv_0666IbnAbiBakrZaynDinRazi.TuhfatMuluk.Shamela0006173-ara1""]",Same OpenITI work URI; retain versions separately.
dup_openiti_work_0666IbnCadlanMawsiliRabci.IntikhabLiKashfAbyat,openiti_work_0666IbnCadlanMawsiliRabci.IntikhabLiKashfAbyat,2,"[""openiti_dv_0666IbnCadlanMawsiliRabci.IntikhabLiKashfAbyat.JK001034-ara1"",""openiti_dv_0666IbnCadlanMawsiliRabci.IntikhabLiKashfAbyat.Shamela0006999-ara1""]",Same OpenITI work URI; retain versions separately.
dup_openiti_work_0668IbnAbiUsaybica.CuyunAnba,openiti_work_0668IbnAbiUsaybica.CuyunAnba,3,"[""openiti_dv_0668IbnAbiUsaybica.CuyunAnba.JK000962-ara1"",""openiti_dv_0668IbnAbiUsaybica.CuyunAnba.Shamela0006687-ara1"",""openiti_dv_0668IbnAbiUsaybica.CuyunAnba.Shia003443-ara1""]",Same OpenITI work URI; retain versions separately.
dup_openiti_work_0671AbuCabdAllahQurtubi.IclamBimaFiDinNasara,openiti_work_0671AbuCabdAllahQurtubi.IclamBimaFiDinNasara,2,"[""openiti_dv_0671AbuCabdAllahQurtubi.IclamBimaFiDinNasara.JK000333-ara1"",""openiti_dv_0671AbuCabdAllahQurtubi.IclamBimaFiDinNasara.Shamela0006517-ara1""]",Same OpenITI work URI; retain versions separately.
dup_openiti_work_0671AbuCabdAllahQurtubi.JamicLiAhkamQuran,openiti_work_0671AbuCabdAllahQurtubi.JamicLiAhkamQuran,4,"[""openiti_dv_0671AbuCabdAllahQurtubi.JamicLiAhkamQuran.JK000160-ara1"",""openiti_dv_0671AbuCabdAllahQurtubi.JamicLiAhkamQuran.Shamela0020855-ara1"",""openiti_dv_0671AbuCabdAllahQurtubi.JamicLiAhkamQuran.Shia002616Vols-ara1"",""openiti_dv_0671AbuCabdAllahQurtubi.JamicLiAhkamQuran.Tafsir01005-ara1""]",Same OpenITI work URI; retain versions separately.
dup_openiti_work_0671AbuCabdAllahQurtubi.TadhkiraFiAhwalMawta,openiti_work_0671AbuCabdAllahQurtubi.TadhkiraFiAhwalMawta,3,"[""openiti_dv_0671AbuCabdAllahQurtubi.TadhkiraFiAhwalMawta.ShamAY0033749-ara1"",""openiti_dv_0671AbuCabdAllahQurtubi.TadhkiraFiAhwalMawta.ShamAY0033760-ara1"",""openiti_dv_0671AbuCabdAllahQurtubi.TadhkiraFiAhwalMawta.Shamela0021536-ara1""]",Same OpenITI work URI; retain versions separately.
dup_openiti_work_0671AbuMuzaffarNabulusi.AhadithSittaCiraqiyya,openiti_work_0671AbuMuzaffarNabulusi.AhadithSittaCiraqiyya,2,"[""openiti_dv_0671AbuMuzaffarNabulusi.AhadithSittaCiraqiyya.ShamAY0032758-ara1"",""openiti_dv_0671AbuMuzaffarNabulusi.AhadithSittaCiraqiyya.Shamela0029466-ara1""]",Same OpenITI work URI; retain versions separately.
dup_openiti_work_0672IbnAhmaLuluDarir.Juz,openiti_work_0672IbnAhmaLuluDarir.Juz,2,"[""openiti_dv_0672IbnAhmaLuluDarir.Juz.JK000647-ara1"",""openiti_dv_0672IbnAhmaLuluDarir.Juz.Shamela0005671-ara1""]",Same OpenITI work URI; retain versions separately.
dup_openiti_work_0672IbnMalik.AlfazMukhtalifa,openiti_work_0672IbnMalik.AlfazMukhtalifa,2,"[""openiti_dv_0672IbnMalik.AlfazMukhtalifa.JK000739-ara1"",""openiti_dv_0672IbnMalik.AlfazMukhtalifa.Shamela0007049-ara1""]",Same OpenITI work URI; retain versions separately.
dup_openiti_work_0672IbnMalik.IkmalAclam,openiti_work_0672IbnMalik.IkmalAclam,2,"[""openiti_dv_0672IbnMalik.IkmalAclam.JK001027-ara1"",""openiti_dv_0672IbnMalik.IkmalAclam.Shamela0007047-ara1""]",Same OpenITI work URI; retain versions separately.
dup_openiti_work_0672NasirDinTusi.TafsirIsharat,openiti_work_0672NasirDinTusi.TafsirIsharat,2,"[""openiti_dv_0672NasirDinTusi.TafsirIsharat.JK001037BK2-ara1"",""openiti_dv_0672NasirDinTusi.TafsirIsharat.Shamela0006534BK2-ara1""]",Same OpenITI work URI; retain versions separately.
dup_openiti_work_0672NasirDinTusi.TajridMantiq,openiti_work_0672NasirDinTusi.TajridMantiq,2,"[""openiti_dv_0672NasirDinTusi.TajridMantiq.JK010709-ara1"",""openiti_dv_0672NasirDinTusi.TajridMantiq.ShamAY0035935-ara1""]",Same OpenITI work URI; retain versions separately.
dup_openiti_work_0673AbuMahasinYaghmuri.NurQabas,openiti_work_0673AbuMahasinYaghmuri.NurQabas,2,"[""openiti_dv_0673AbuMahasinYaghmuri.NurQabas.JK010678-ara1"",""openiti_dv_0673AbuMahasinYaghmuri.NurQabas.Shamela0000678-ara1""]",Same OpenITI work URI; retain versions separately.
dup_openiti_work_0673IbnMansurIbnHaddad.JawharNafis,openiti_work_0673IbnMansurIbnHaddad.JawharNafis,2,"[""openiti_dv_0673IbnMansurIbnHaddad.JawharNafis.JK007066-ara1"",""openiti_dv_0673IbnMansurIbnHaddad.JawharNafis.Shamela0009681-ara1""]",Same OpenITI work URI; retain versions separately.
dup_openiti_work_0676IbnHasanMuhaqqiqHilli.MacarijUsul,openiti_work_0676IbnHasanMuhaqqiqHilli.MacarijUsul,2,"[""openiti_dv_0676IbnHasanMuhaqqiqHilli.MacarijUsul.Masaha001011-ara1"",""openiti_dv_0676IbnHasanMuhaqqiqHilli.MacarijUsul.Shia002753-ara1""]",Same OpenITI work URI; retain versions separately.
dup_openiti_work_0676IbnHasanMuhaqqiqHilli.MaslakFiUsuslDin,openiti_work_0676IbnHasanMuhaqqiqHilli.MaslakFiUsuslDin,2,"[""openiti_dv_0676IbnHasanMuhaqqiqHilli.MaslakFiUsuslDin.Rafed0003474-ara1"",""openiti_dv_0676IbnHasanMuhaqqiqHilli.MaslakFiUsuslDin.Shia004008-ara1""]",Same OpenITI work URI; retain versions separately.
dup_openiti_work_0676IbnHasanMuhaqqiqHilli.RasailTisac,openiti_work_0676IbnHasanMuhaqqiqHilli.RasailTisac,2,"[""openiti_dv_0676IbnHasanMuhaqqiqHilli.RasailTisac.Masaha001022-ara1"",""openiti_dv_0676IbnHasanMuhaqqiqHilli.RasailTisac.Shia000053-ara1""]",Same OpenITI work URI; retain versions separately.
dup_openiti_work_0676IbnHasanMuhaqqiqHilli.SharaicIslam,openiti_work_0676IbnHasanMuhaqqiqHilli.SharaicIslam,4,"[""openiti_dv_0676IbnHasanMuhaqqiqHilli.SharaicIslam.Masaha001030Vols-ara1"",""openiti_dv_0676IbnHasanMuhaqqiqHilli.SharaicIslam.Shia000057Vols-ara1"",""openiti_dv_0676IbnHasanMuhaqqiqHilli.SharaicIslam.Shia000163VolsBK1-ara1"",""openiti_dv_0676IbnHasanMuhaqqiqHilli.SharaicIslam.Zaydiyya0000244-ara1""]",Same OpenITI work URI; retain versions separately.
dup_openiti_work_0676Nawawi.AdabFatwa,openiti_work_0676Nawawi.AdabFatwa,3,"[""openiti_dv_0676Nawawi.AdabFatwa.JK000237-ara1"",""openiti_dv_0676Nawawi.AdabFatwa.ShamAY0034339-ara1"",""openiti_dv_0676Nawawi.AdabFatwa.Shamela0006345-ara1""]",Same OpenITI work URI; retain versions separately.
dup_openiti_work_0676Nawawi.Adhkar,openiti_work_0676Nawawi.Adhkar,5,"[""openiti_dv_0676Nawawi.Adhkar.JK001249-ara1"",""openiti_dv_0676Nawawi.Adhkar.Sham19Y0013566-ara1"",""openiti_dv_0676Nawawi.Adhkar.Shamela0001956-ara1"",""openiti_dv_0676Nawawi.Adhkar.Shamela0010639-ara1"",""openiti_dv_0676Nawawi.Adhkar.Shia002207-ara1""]",Same OpenITI work URI; retain versions separately.
dup_openiti_work_0676Nawawi.ArbacunaNawawiyya,openiti_work_0676Nawawi.ArbacunaNawawiyya,2,"[""openiti_dv_0676Nawawi.ArbacunaNawawiyya.Sham19Y0147927-ara2"",""openiti_dv_0676Nawawi.ArbacunaNawawiyya.Shamela0012836-ara1""]",Same OpenITI work URI; retain versions separately.
dup_openiti_work_0676Nawawi.BustanCarifin,openiti_work_0676Nawawi.BustanCarifin,2,"[""openiti_dv_0676Nawawi.BustanCarifin.JK009329-ara1"",""openiti_dv_0676Nawawi.BustanCarifin.Shamela0012719-ara1""]",Same OpenITI work URI; retain versions separately.
dup_openiti_work_0676Nawawi.DaqaiqMinhaj,openiti_work_0676Nawawi.DaqaiqMinhaj,2,"[""openiti_dv_0676Nawawi.DaqaiqMinhaj.JK001014-ara1"",""openiti_dv_0676Nawawi.DaqaiqMinhaj.Shamela0006134-ara1""]",Same OpenITI work URI; retain versions separately.
dup_openiti_work_0676Nawawi.KhulasatAhkam,openiti_work_0676Nawawi.KhulasatAhkam,2,"[""openiti_dv_0676Nawawi.KhulasatAhkam.JK007107-ara1"",""openiti_dv_0676Nawawi.KhulasatAhkam.Shamela0005920-ara1""]",Same OpenITI work URI; retain versions separately.
dup_openiti_work_0676Nawawi.Majmuc,openiti_work_0676Nawawi.Majmuc,3,"[""openiti_dv_0676Nawawi.Majmuc.JK000913-ara1"",""openiti_dv_0676Nawawi.Majmuc.Shamela0002186-ara1"",""openiti_dv_0676Nawawi.Majmuc.Shia000841Vols-ara1""]",Same OpenITI work URI; retain versions separately.
dup_openiti_work_0676Nawawi.MinhajFiSharhMuslim,openiti_work_0676Nawawi.MinhajFiSharhMuslim,3,"[""openiti_dv_0676Nawawi.MinhajFiSharhMuslim.JK000137-ara1"",""openiti_dv_0676Nawawi.MinhajFiSharhMuslim.Shamela0001711-ara1"",""openiti_dv_0676Nawawi.MinhajFiSharhMuslim.Shia001764Vols-ara1""]",Same OpenITI work URI; retain versions separately.
dup_openiti_work_0676Nawawi.MinhajTalibin,openiti_work_0676Nawawi.MinhajTalibin,4,"[""openiti_dv_0676Nawawi.MinhajTalibin.JK001168-ara1"",""openiti_dv_0676Nawawi.MinhajTalibin.ShamAY0034248-ara1"",""openiti_dv_0676Nawawi.MinhajTalibin.Shamela0011444BK1-ara1"",""openiti_dv_0676Nawawi.MinhajTalibin.Shamela0012096-ara1""]",Same OpenITI work URI; retain versions separately.
dup_openiti_work_0676Nawawi.RawdatTalibin,openiti_work_0676Nawawi.RawdatTalibin,4,"[""openiti_dv_0676Nawawi.RawdatTalibin.JK000192-ara1"",""openiti_dv_0676Nawawi.RawdatTalibin.ShamAY0034251BK3-ara1"",""openiti_dv_0676Nawawi.RawdatTalibin.Shamela0000499-ara1"",""openiti_dv_0676Nawawi.RawdatTalibin.Shia000861VolsBK3-ara1""]",Same OpenITI work URI; retain versions separately.
dup_openiti_work_0676Nawawi.RiyadSalihin,openiti_work_0676Nawawi.RiyadSalihin,6,"[""openiti_dv_0676Nawawi.RiyadSalihin.JK000073-ara2"",""openiti_dv_0676Nawawi.RiyadSalihin.ShamAY0038643-ara3"",""openiti_dv_0676Nawawi.RiyadSalihin.Shamela0000512-ara4"",""openiti_dv_0676Nawawi.RiyadSalihin.Shamela0002348-ara5"",""openiti_dv_0676Nawawi.RiyadSalihin.Shamela0012014-ara1"",""openiti_dv_0676Nawawi.RiyadSalihin.Shia002208-ara2""]",Same OpenITI work URI; retain versions separately.
dup_openiti_work_0676Nawawi.TahdhibAsma,openiti_work_0676Nawawi.TahdhibAsma,3,"[""openiti_dv_0676Nawawi.TahdhibAsma.JK001320-ara1"",""openiti_dv_0676Nawawi.TahdhibAsma.ShamAY0009702-ara1"",""openiti_dv_0676Nawawi.TahdhibAsma.Shamela0009702-ara1""]",Same OpenITI work URI; retain versions separately.
dup_openiti_work_0676Nawawi.TahrirAlfaz,openiti_work_0676Nawawi.TahrirAlfaz,2,"[""openiti_dv_0676Nawawi.TahrirAlfaz.JK000168-ara1"",""openiti_dv_0676Nawawi.TahrirAlfaz.Shamela0007043-ara1""]",Same OpenITI work URI; retain versions separately.
dup_openiti_work_0676Nawawi.Taqrib,openiti_work_0676Nawawi.Taqrib,2,"[""openiti_dv_0676Nawawi.Taqrib.JK010178-ara1"",""openiti_dv_0676Nawawi.Taqrib.Shamela0005586-ara1""]",Same OpenITI work URI; retain versions separately.
dup_openiti_work_0676Nawawi.Tibyan,openiti_work_0676Nawawi.Tibyan,4,"[""openiti_dv_0676Nawawi.Tibyan.JK000125-ara1"",""openiti_dv_0676Nawawi.Tibyan.ShamAY0034087-ara1"",""openiti_dv_0676Nawawi.Tibyan.Shamela0001969-ara1"",""openiti_dv_0676Nawawi.Tibyan.Shia002636-ara1""]",Same OpenITI work URI; retain versions separately.
dup_openiti_work_0676Nawawi.UsulWaDawabit,openiti_work_0676Nawawi.UsulWaDawabit,2,"[""openiti_dv_0676Nawawi.UsulWaDawabit.JK000177-ara1"",""openiti_dv_0676Nawawi.UsulWaDawabit.Shamela0006285-ara1""]",Same OpenITI work URI; retain versions separately.
dup_openiti_work_0677IbnMuyassar.AkhbarMisr,openiti_work_0677IbnMuyassar.AkhbarMisr,2,"[""openiti_dv_0677IbnMuyassar.AkhbarMisr.EScr06092021-ara1"",""openiti_dv_0677IbnMuyassar.AkhbarMisr.Kraken210528115855-ara1""]",Same OpenITI work URI; retain versions separately.
dup_openiti_work_0677JamalDinAhmadAlTawus.CaynCibra,openiti_work_0677JamalDinAhmadAlTawus.CaynCibra,2,"[""openiti_dv_0677JamalDinAhmadAlTawus.CaynCibra.Masaha004678-ara1"",""openiti_dv_0677JamalDinAhmadAlTawus.CaynCibra.Shia001378-ara1""]",Same OpenITI work URI; retain versions separately.
dup_openiti_work_0677SahibiTaji.HalbaFiAsmaKhayl,openiti_work_0677SahibiTaji.HalbaFiAsmaKhayl,2,"[""openiti_dv_0677SahibiTaji.HalbaFiAsmaKhayl.JK006957-ara1"",""openiti_dv_0677SahibiTaji.HalbaFiAsmaKhayl.Shamela0007050-ara1""]",Same OpenITI work URI; retain versions separately.
dup_openiti_work_0678IbnAhmadCizzDinMaqdisi.KashfAsrar,openiti_work_0678IbnAhmadCizzDinMaqdisi.KashfAsrar,2,"[""openiti_dv_0678IbnAhmadCizzDinMaqdisi.KashfAsrar.JK010259-ara1"",""openiti_dv_0678IbnAhmadCizzDinMaqdisi.KashfAsrar.Shamela0031379-ara1""]",Same OpenITI work URI; retain versions separately.
dup_openiti_work_0680IbnSabuni.TakmilatIkmalIkmal,openiti_work_0680IbnSabuni.TakmilatIkmalIkmal,2,"[""openiti_dv_0680IbnSabuni.TakmilatIkmalIkmal.JK000884-ara1"",""openiti_dv_0680IbnSabuni.TakmilatIkmalIkmal.Shamela0021107-ara1""]",Same OpenITI work URI; retain versions separately.
dup_openiti_work_0681IbnKhallikan.WafayatAcyan,openiti_work_0681IbnKhallikan.WafayatAcyan,3,"[""openiti_dv_0681IbnKhallikan.WafayatAcyan.JK001318-ara2"",""openiti_dv_0681IbnKhallikan.WafayatAcyan.Shamela0001000-ara1"",""openiti_dv_0681IbnKhallikan.WafayatAcyan.Shia003505Vols-ara1""]",Same OpenITI work URI; retain versions separately.
dup_openiti_work_0682CabdRahmanIbnQudama.SharhKabir,openiti_work_0682CabdRahmanIbnQudama.SharhKabir,5,"[""openiti_dv_0682CabdRahmanIbnQudama.SharhKabir.JK011153-ara1"",""openiti_dv_0682CabdRahmanIbnQudama.SharhKabir.Sham19Y0019188-ara1"",""openiti_dv_0682CabdRahmanIbnQudama.SharhKabir.ShamAY0001153-ara1"",""openiti_dv_0682CabdRahmanIbnQudama.SharhKabir.Shamela0001153-ara1"",""openiti_dv_0682CabdRahmanIbnQudama.SharhKabir.Shia001010Vols-ara1""]",Same OpenITI work URI; retain versions separately.
dup_openiti_work_0682IbnCabdakKunji.MashyakhatDiyaDinTurkumani,openiti_work_0682IbnCabdakKunji.MashyakhatDiyaDinTurkumani,2,"[""openiti_dv_0682IbnCabdakKunji.MashyakhatDiyaDinTurkumani.ShamAY0032968-ara1"",""openiti_dv_0682IbnCabdakKunji.MashyakhatDiyaDinTurkumani.Shamela0021681-ara1""]",Same OpenITI work URI; retain versions separately.
dup_openiti_work_0682ZakariyaQazwini.AtharBilad,openiti_work_0682ZakariyaQazwini.AtharBilad,4,"[""openiti_dv_0682ZakariyaQazwini.AtharBilad.JK010459-ara1"",""openiti_dv_0682ZakariyaQazwini.AtharBilad.Masaha004128-ara1"",""openiti_dv_0682ZakariyaQazwini.AtharBilad.Rafed0000349-ara1"",""openiti_dv_0682ZakariyaQazwini.AtharBilad.Shamela0009631-ara1""]",Same OpenITI work URI; retain versions separately.
dup_openiti_work_0683IbnMahmudMajdDinMawsili.IkhtiyarLiTaclil,openiti_work_0683IbnMahmudMajdDinMawsili.IkhtiyarLiTaclil,3,"[""openiti_dv_0683IbnMahmudMajdDinMawsili.IkhtiyarLiTaclil.JK009404-ara1"",""openiti_dv_0683IbnMahmudMajdDinMawsili.IkhtiyarLiTaclil.ShamAY0034205-ara1"",""openiti_dv_0683IbnMahmudMajdDinMawsili.IkhtiyarLiTaclil.Shamela0001066-ara1""]",Same OpenITI work URI; retain versions separately.
dup_openiti_work_0683IbnMansurIbnKammuna.JadidFiHikma,openiti_work_0683IbnMansurIbnKammuna.JadidFiHikma,2,"[""openiti_dv_0683IbnMansurIbnKammuna.JadidFiHikma.JK007008-ara1"",""openiti_dv_0683IbnMansurIbnKammuna.JadidFiHikma.ShamAY0033849-ara1""]",Same OpenITI work URI; retain versions separately.
dup_openiti_work_0683IbnMunayyir.Mutawari,openiti_work_0683IbnMunayyir.Mutawari,2,"[""openiti_dv_0683IbnMunayyir.Mutawari.JK007017-ara1"",""openiti_dv_0683IbnMunayyir.Mutawari.Shamela0005772-ara1""]",Same OpenITI work URI; retain versions separately.
dup_openiti_work_0684IbnShaddad.AclaqKhatira,openiti_work_0684IbnShaddad.AclaqKhatira,2,"[""openiti_dv_0684IbnShaddad.AclaqKhatira.JK010758-ara1"",""openiti_dv_0684IbnShaddad.AclaqKhatira.Shamela0000758-ara1""]",Same OpenITI work URI; retain versions separately.
dup_openiti_work_0684ShihabDinQarafi.Dhakhira,openiti_work_0684ShihabDinQarafi.Dhakhira,2,"[""openiti_dv_0684ShihabDinQarafi.Dhakhira.JK003500-ara1"",""openiti_dv_0684ShihabDinQarafi.Dhakhira.Shamela0001717-ara1""]",Same OpenITI work URI; retain versions separately.
dup_openiti_work_0684ShihabDinQarafi.Furuq,openiti_work_0684ShihabDinQarafi.Furuq,3,"[""openiti_dv_0684ShihabDinQarafi.Furuq.JK007075-ara1"",""openiti_dv_0684ShihabDinQarafi.Furuq.ShamAY0034190-ara1"",""openiti_dv_0684ShihabDinQarafi.Furuq.Shamela0002215BK1-ara1""]",Same OpenITI work URI; retain versions separately.
dup_openiti_work_0684ShihabDinQarafi.SharhTanqih,openiti_work_0684ShihabDinQarafi.SharhTanqih,2,"[""openiti_dv_0684ShihabDinQarafi.SharhTanqih.Shamela0009879-ara1"",""openiti_dv_0684ShihabDinQarafi.SharhTanqih.Shamela0021813-ara1""]",Same OpenITI work URI; retain versions separately.
dup_openiti_work_0684ShihabDinQarafi.Umniyya,openiti_work_0684ShihabDinQarafi.Umniyya,2,"[""openiti_dv_0684ShihabDinQarafi.Umniyya.JK001208-ara1"",""openiti_dv_0684ShihabDinQarafi.Umniyya.Shamela0006245-ara1""]",Same OpenITI work URI; retain versions separately.
dup_openiti_work_0685IbnCibri.TarikhMukhtasarDuwal,openiti_work_0685IbnCibri.TarikhMukhtasarDuwal,2,"[""openiti_dv_0685IbnCibri.TarikhMukhtasarDuwal.JK010376-ara2"",""openiti_dv_0685IbnCibri.TarikhMukhtasarDuwal.Shamela0012348-ara1""]",Same OpenITI work URI; retain versions separately.
dup_openiti_work_0685IbnSacidMaghribi.Jughrafiya,openiti_work_0685IbnSacidMaghribi.Jughrafiya,2,"[""openiti_dv_0685IbnSacidMaghribi.Jughrafiya.JK010463-ara1"",""openiti_dv_0685IbnSacidMaghribi.Jughrafiya.Shamela0000463-ara1""]",Same OpenITI work URI; retain versions separately.
dup_openiti_work_0685IbnSacidMaghribi.Mughrib,openiti_work_0685IbnSacidMaghribi.Mughrib,2,"[""openiti_dv_0685IbnSacidMaghribi.Mughrib.JK000404-ara1"",""openiti_dv_0685IbnSacidMaghribi.Mughrib.Shamela0006633-ara1""]",Same OpenITI work URI; retain versions separately.
dup_openiti_work_0685IbnSacidMaghribi.MurqisatWaMutribat,openiti_work_0685IbnSacidMaghribi.MurqisatWaMutribat,2,"[""openiti_dv_0685IbnSacidMaghribi.MurqisatWaMutribat.JK010665-ara1"",""openiti_dv_0685IbnSacidMaghribi.MurqisatWaMutribat.Shamela0000665-ara1""]",Same OpenITI work URI; retain versions separately.
dup_openiti_work_0685IbnYahyaSulami.CiqdDurar,openiti_work_0685IbnYahyaSulami.CiqdDurar,2,"[""openiti_dv_0685IbnYahyaSulami.CiqdDurar.JK009214-ara1"",""openiti_dv_0685IbnYahyaSulami.CiqdDurar.Shamela0009799-ara1""]",Same OpenITI work URI; retain versions separately.
dup_openiti_work_0685NasirDinBaydawi.AnwarTanzil,openiti_work_0685NasirDinBaydawi.AnwarTanzil,5,"[""openiti_dv_0685NasirDinBaydawi.AnwarTanzil.JK000128-ara1"",""openiti_dv_0685NasirDinBaydawi.AnwarTanzil.ShamAY0034065-ara1"",""openiti_dv_0685NasirDinBaydawi.AnwarTanzil.Shamela0023588-ara1"",""openiti_dv_0685NasirDinBaydawi.AnwarTanzil.Shia002637Vols-ara1"",""openiti_dv_0685NasirDinBaydawi.AnwarTanzil.Tafsir01006-ara1""]",Same OpenITI work URI; retain versions separately.
dup_openiti_work_0686IbnZakariyaManbiji.LubabFiJamc,openiti_work_0686IbnZakariyaManbiji.LubabFiJamc,2,"[""openiti_dv_0686IbnZakariyaManbiji.LubabFiJamc.JK007036-ara1"",""openiti_dv_0686IbnZakariyaManbiji.LubabFiJamc.Shamela0006226-ara1""]",Same OpenITI work URI; retain versions separately.
dup_openiti_work_0686RadiDinAstarabadhi.SharhRadiCalaKafiya,openiti_work_0686RadiDinAstarabadhi.SharhRadiCalaKafiya,3,"[""openiti_dv_0686RadiDinAstarabadhi.SharhRadiCalaKafiya.ShamAY0034696-ara3"",""openiti_dv_0686RadiDinAstarabadhi.SharhRadiCalaKafiya.ShamAY0034703-ara2"",""openiti_dv_0686RadiDinAstarabadhi.SharhRadiCalaKafiya.Shia003928Vols-ara1""]",Same OpenITI work URI; retain versions separately.
dup_openiti_work_0686RadiDinAstarabadhi.SharhShafiyaIbnHajib,openiti_work_0686RadiDinAstarabadhi.SharhShafiyaIbnHajib,2,"[""openiti_dv_0686RadiDinAstarabadhi.SharhShafiyaIbnHajib.Shamela0021567-ara1"",""openiti_dv_0686RadiDinAstarabadhi.SharhShafiyaIbnHajib.Shia003932Vols-ara1""]",Same OpenITI work URI; retain versions separately.
dup_openiti_work_0687IbnNafis.SharhTashrihQanun,openiti_work_0687IbnNafis.SharhTashrihQanun,3,"[""openiti_dv_0687IbnNafis.SharhTashrihQanun.JK009287-ara1"",""openiti_dv_0687IbnNafis.SharhTashrihQanun.ShamAY0034791-ara1"",""openiti_dv_0687IbnNafis.SharhTashrihQanun.Shamela0000802-ara1""]",Same OpenITI work URI; retain versions separately.
dup_openiti_work_0688ShabZarif.Diwan,openiti_work_0688ShabZarif.Diwan,2,"[""openiti_dv_0688ShabZarif.Diwan.JK007607-ara1"",""openiti_dv_0688ShabZarif.Diwan.ShamAY0037889-ara1""]",Same OpenITI work URI; retain versions separately.
dup_openiti_work_0689IbnSacidYahyaHilli.JamicLiSharaic,openiti_work_0689IbnSacidYahyaHilli.JamicLiSharaic,2,"[""openiti_dv_0689IbnSacidYahyaHilli.JamicLiSharaic.Masaha001017-ara1"",""openiti_dv_0689IbnSacidYahyaHilli.JamicLiSharaic.Shia000061-ara1""]",Same OpenITI work URI; retain versions separately.
dup_openiti_work_0690IbnAbiTalibFadilYusufi.KashfRumuz,openiti_work_0690IbnAbiTalibFadilYusufi.KashfRumuz,2,"[""openiti_dv_0690IbnAbiTalibFadilYusufi.KashfRumuz.Masaha001044Vols-ara1"",""openiti_dv_0690IbnAbiTalibFadilYusufi.KashfRumuz.Shia000063Vols-ara1""]",Same OpenITI work URI; retain versions separately.
dup_openiti_work_0690IbnBukhari.Mashyakha,openiti_work_0690IbnBukhari.Mashyakha,2,"[""openiti_dv_0690IbnBukhari.Mashyakha.ShamAY0032864-ara1"",""openiti_dv_0690IbnBukhari.Mashyakha.Shamela0029738-ara1""]",Same OpenITI work URI; retain versions separately.
dup_openiti_work_0690IbnMujawirDimashqi.TarikhMustabsir,openiti_work_0690IbnMujawirDimashqi.TarikhMustabsir,4,"[""openiti_dv_0690IbnMujawirDimashqi.TarikhMustabsir.JK010471-ara1"",""openiti_dv_0690IbnMujawirDimashqi.TarikhMustabsir.Masaha004138-ara1"",""openiti_dv_0690IbnMujawirDimashqi.TarikhMustabsir.Rafed0002189-ara1"",""openiti_dv_0690IbnMujawirDimashqi.TarikhMustabsir.Shamela0000471-ara1""]",Same OpenITI work URI; retain versions separately.
dup_openiti_work_0691IbnYusufLabli.Fihrist,openiti_work_0691IbnYusufLabli.Fihrist,2,"[""openiti_dv_0691IbnYusufLabli.Fihrist.JK001087-ara1"",""openiti_dv_0691IbnYusufLabli.Fihrist.Shamela0010731-ara1""]",Same OpenITI work URI; retain versions separately.
dup_openiti_work_0692IbnCisaBahaDinIrbili.RisalatTayf,openiti_work_0692IbnCisaBahaDinIrbili.RisalatTayf,2,"[""openiti_dv_0692IbnCisaBahaDinIrbili.RisalatTayf.JK010764-ara1"",""openiti_dv_0692IbnCisaBahaDinIrbili.RisalatTayf.Shamela0000764-ara1""]",Same OpenITI work URI; retain versions separately.
dup_openiti_work_0692IbnCisaBahaDinIrbili.TadhkiraFakhriyya,openiti_work_0692IbnCisaBahaDinIrbili.TadhkiraFakhriyya,2,"[""openiti_dv_0692IbnCisaBahaDinIrbili.TadhkiraFakhriyya.JK010724-ara1"",""openiti_dv_0692IbnCisaBahaDinIrbili.TadhkiraFakhriyya.Shamela0000724-ara1""]",Same OpenITI work URI; retain versions separately.
dup_openiti_work_0692TaqiDinIscirdi.FadailKitabJamic,openiti_work_0692TaqiDinIscirdi.FadailKitabJamic,3,"[""openiti_dv_0692TaqiDinIscirdi.FadailKitabJamic.JK000648-ara1"",""openiti_dv_0692TaqiDinIscirdi.FadailKitabJamic.Shamela0006028-ara1"",""openiti_dv_0692TaqiDinIscirdi.FadailKitabJamic.Shia002209-ara1""]",Same OpenITI work URI; retain versions separately.
dup_openiti_work_0693CabdKarimIbnTawus.FarhatGhari,openiti_work_0693CabdKarimIbnTawus.FarhatGhari,2,"[""openiti_dv_0693CabdKarimIbnTawus.FarhatGhari.Masaha002869-ara1"",""openiti_dv_0693CabdKarimIbnTawus.FarhatGhari.Shia001380-ara1""]",Same OpenITI work URI; retain versions separately.
dup_openiti_work_0693IbnAbiFathIrbili.KashfGhumma,openiti_work_0693IbnAbiFathIrbili.KashfGhumma,2,"[""openiti_dv_0693IbnAbiFathIrbili.KashfGhumma.Masaha002491Vols-ara1"",""openiti_dv_0693IbnAbiFathIrbili.KashfGhumma.Shia003707Vols-ara1""]",Same OpenITI work URI; retain versions separately.
dup_openiti_work_0693IbnGhannam.TacbirRuya,openiti_work_0693IbnGhannam.TacbirRuya,2,"[""openiti_dv_0693IbnGhannam.TacbirRuya.JK006855-ara1"",""openiti_dv_0693IbnGhannam.TacbirRuya.Shamela0010696-ara1""]",Same OpenITI work URI; retain versions separately.
dup_openiti_work_0694MuhibbDinTabari.Dhakhair,openiti_work_0694MuhibbDinTabari.Dhakhair,3,"[""openiti_dv_0694MuhibbDinTabari.Dhakhair.JK001015-ara1"",""openiti_dv_0694MuhibbDinTabari.Dhakhair.Shamela0001001-ara1"",""openiti_dv_0694MuhibbDinTabari.Dhakhair.Shia001381-ara1""]",Same OpenITI work URI; retain versions separately.
dup_openiti_work_0694MuhibbDinTabari.KhulasatSiyar,openiti_work_0694MuhibbDinTabari.KhulasatSiyar,2,"[""openiti_dv_0694MuhibbDinTabari.KhulasatSiyar.JK001117-ara1"",""openiti_dv_0694MuhibbDinTabari.KhulasatSiyar.Shamela0006583-ara1""]",Same OpenITI work URI; retain versions separately.
dup_openiti_work_0694MuhibbDinTabari.RiyadNadira,openiti_work_0694MuhibbDinTabari.RiyadNadira,2,"[""openiti_dv_0694MuhibbDinTabari.RiyadNadira.JK000701-ara1"",""openiti_dv_0694MuhibbDinTabari.RiyadNadira.Shamela0008657-ara1""]",Same OpenITI work URI; retain versions separately.
dup_openiti_work_0695IbnHamdanHarraniNumayri.SifatFatwa,openiti_work_0695IbnHamdanHarraniNumayri.SifatFatwa,4,"[""openiti_dv_0695IbnHamdanHarraniNumayri.SifatFatwa.JK000236-ara1"",""openiti_dv_0695IbnHamdanHarraniNumayri.SifatFatwa.Sham19Y0132972-ara1"",""openiti_dv_0695IbnHamdanHarraniNumayri.SifatFatwa.Shamela0000679-ara1"",""openiti_dv_0695IbnHamdanHarraniNumayri.SifatFatwa.Shamela0006356-ara1""]",Same OpenITI work URI; retain versions separately.
dup_openiti_work_0696CumarSunami.NisabIhtisab,openiti_work_0696CumarSunami.NisabIhtisab,2,"[""openiti_dv_0696CumarSunami.NisabIhtisab.JK001311-ara1"",""openiti_dv_0696CumarSunami.NisabIhtisab.Shamela0009679-ara1""]",Same OpenITI work URI; retain versions separately.
dup_openiti_work_0696IbnZahiri.Mashyakha,openiti_work_0696IbnZahiri.Mashyakha,2,"[""openiti_dv_0696IbnZahiri.Mashyakha.JK009154-ara1"",""openiti_dv_0696IbnZahiri.Mashyakha.Shamela0005740-ara1""]",Same OpenITI work URI; retain versions separately.
dup_openiti_work_0696SharafDinBusiri.Diwan,openiti_work_0696SharafDinBusiri.Diwan,2,"[""openiti_dv_0696SharafDinBusiri.Diwan.JK007603-ara1"",""openiti_dv_0696SharafDinBusiri.Diwan.ShamAY0037846-ara1""]",Same OpenITI work URI; retain versions separately.
dup_openiti_work_0697AbuCabbasShihabDinNabulusi.QawacidTafsirAhlam,openiti_work_0697AbuCabbasShihabDinNabulusi.QawacidTafsirAhlam,2,"[""openiti_dv_0697AbuCabbasShihabDinNabulusi.QawacidTafsirAhlam.JK006858-ara1"",""openiti_dv_0697AbuCabbasShihabDinNabulusi.QawacidTafsirAhlam.Shamela0010703-ara1""]",Same OpenITI work URI; retain versions separately.
dup_openiti_work_0697MutahharIbnYahyaHusayni.SilatIkhwan,openiti_work_0697MutahharIbnYahyaHusayni.SilatIkhwan,2,"[""openiti_dv_0697MutahharIbnYahyaHusayni.SilatIkhwan.Zaydiyya0000354-ara1"",""openiti_dv_0697MutahharIbnYahyaHusayni.SilatIkhwan.Zaydiyya0000355-ara1""]",Same OpenITI work URI; retain versions separately.
dup_openiti_work_0699IbnCabdRahmanIbnMurahhal.MatnMuwattatFasih,openiti_work_0699IbnCabdRahmanIbnMurahhal.MatnMuwattatFasih,2,"[""openiti_dv_0699IbnCabdRahmanIbnMurahhal.MatnMuwattatFasih.ShamAY0000687-ara1"",""openiti_dv_0699IbnCabdRahmanIbnMurahhal.MatnMuwattatFasih.Shamela0037482-ara1""]",Same OpenITI work URI; retain versions separately.
dup_openiti_work_0699IbnCabdRahmanQazwiniShafici.MukhtasarShucabIman,openiti_work_0699IbnCabdRahmanQazwiniShafici.MukhtasarShucabIman,2,"[""openiti_dv_0699IbnCabdRahmanQazwiniShafici.MukhtasarShucabIman.JK000027-ara1"",""openiti_dv_0699IbnCabdRahmanQazwiniShafici.MukhtasarShucabIman.Shamela0006850-ara1""]",Same OpenITI work URI; retain versions separately.
dup_openiti_work_0699ShihabDinIshbiliLakhmi.MukhtasarKhilafiyyat,openiti_work_0699ShihabDinIshbiliLakhmi.MukhtasarKhilafiyyat,2,"[""openiti_dv_0699ShihabDinIshbiliLakhmi.MukhtasarKhilafiyyat.JK009138-ara1"",""openiti_dv_0699ShihabDinIshbiliLakhmi.MukhtasarKhilafiyyat.Shamela0006227-ara1""]",Same OpenITI work URI; retain versions separately.
dup_openiti_work_0700YahyaIbnQasimIbnYahya.SiratAbiTayr,openiti_work_0700YahyaIbnQasimIbnYahya.SiratAbiTayr,2,"[""openiti_dv_0700YahyaIbnQasimIbnYahya.SiratAbiTayr.Zaydiyya0000299-ara1"",""openiti_dv_0700YahyaIbnQasimIbnYahya.SiratAbiTayr.Zaydiyya0000406-ara1""]",Same OpenITI work URI; retain versions separately.
dup_openiti_work_0701IbnNasrAllahJazari.Maqamat,openiti_work_0701IbnNasrAllahJazari.Maqamat,2,"[""openiti_dv_0701IbnNasrAllahJazari.Maqamat.JK010644-ara1"",""openiti_dv_0701IbnNasrAllahJazari.Maqamat.Shamela0000644-ara1""]",Same OpenITI work URI; retain versions separately.
dup_openiti_work_0702IbnCabdRahmanCubaydi.TadhkiraSacdiyya,openiti_work_0702IbnCabdRahmanCubaydi.TadhkiraSacdiyya,2,"[""openiti_dv_0702IbnCabdRahmanCubaydi.TadhkiraSacdiyya.JK010743-ara1"",""openiti_dv_0702IbnCabdRahmanCubaydi.TadhkiraSacdiyya.Shamela0000743-ara1""]",Same OpenITI work URI; retain versions separately.
dup_openiti_work_0702IbnDaqiqCidQushayri.IhkamAhkamSharhCumdatAhkam,openiti_work_0702IbnDaqiqCidQushayri.IhkamAhkamSharhCumdatAhkam,3,"[""openiti_dv_0702IbnDaqiqCidQushayri.IhkamAhkamSharhCumdatAhkam.JK000437-ara1"",""openiti_dv_0702IbnDaqiqCidQushayri.IhkamAhkamSharhCumdatAhkam.JK000710-ara1"",""openiti_dv_0702IbnDaqiqCidQushayri.IhkamAhkamSharhCumdatAhkam.Shamela0001665-ara1""]",Same OpenITI work URI; retain versions separately.
dup_openiti_work_0702IbnDaqiqCidQushayri.IlmamBiAhadith,openiti_work_0702IbnDaqiqCidQushayri.IlmamBiAhadith,4,"[""openiti_dv_0702IbnDaqiqCidQushayri.IlmamBiAhadith.JK007057-ara1"",""openiti_dv_0702IbnDaqiqCidQushayri.IlmamBiAhadith.Sham19Y0000924-ara1"",""openiti_dv_0702IbnDaqiqCidQushayri.IlmamBiAhadith.ShamAY0033975-ara1"",""openiti_dv_0702IbnDaqiqCidQushayri.IlmamBiAhadith.Shamela0005919-ara1""]",Same OpenITI work URI; retain versions separately.
dup_openiti_work_0702IbnDaqiqCidQushayri.Iqtirah,openiti_work_0702IbnDaqiqCidQushayri.Iqtirah,2,"[""openiti_dv_0702IbnDaqiqCidQushayri.Iqtirah.JK000780-ara1"",""openiti_dv_0702IbnDaqiqCidQushayri.Iqtirah.Shamela0005968-ara1""]",Same OpenITI work URI; retain versions separately.
dup_openiti_work_0703IbnCabdMalikMarrakushi.DhaylWaTakmila,openiti_work_0703IbnCabdMalikMarrakushi.DhaylWaTakmila,3,"[""openiti_dv_0703IbnCabdMalikMarrakushi.DhaylWaTakmila.JK011030-ara1"",""openiti_dv_0703IbnCabdMalikMarrakushi.DhaylWaTakmila.Sham19Y0017056-ara1"",""openiti_dv_0703IbnCabdMalikMarrakushi.DhaylWaTakmila.Shamela0001030-ara1""]",Same OpenITI work URI; retain versions separately.
dup_openiti_work_0705IbnYusufHilli.CudadQawiyya,openiti_work_0705IbnYusufHilli.CudadQawiyya,2,"[""openiti_dv_0705IbnYusufHilli.CudadQawiyya.Masaha001072-ara1"",""openiti_dv_0705IbnYusufHilli.CudadQawiyya.Shia003711-ara1""]",Same OpenITI work URI; retain versions separately.
dup_openiti_work_0709IbnAbiFathShamsDinBacli.MatlacCalaAbwabMuqnic,openiti_work_0709IbnAbiFathShamsDinBacli.MatlacCalaAbwabMuqnic,3,"[""openiti_dv_0709IbnAbiFathShamsDinBacli.MatlacCalaAbwabMuqnic.JK000277-ara1"",""openiti_dv_0709IbnAbiFathShamsDinBacli.MatlacCalaAbwabMuqnic.ShamAY0034683-ara1"",""openiti_dv_0709IbnAbiFathShamsDinBacli.MatlacCalaAbwabMuqnic.Shamela0011809-ara1""]",Same OpenITI work URI; retain versions separately.
dup_openiti_work_0709IbnTiqtaqa.FakhriFiAdab,openiti_work_0709IbnTiqtaqa.FakhriFiAdab,2,"[""openiti_dv_0709IbnTiqtaqa.FakhriFiAdab.JK010372-ara1"",""openiti_dv_0709IbnTiqtaqa.FakhriFiAdab.Shamela0012400-ara1""]",Same OpenITI work URI; retain versions separately.
dup_openiti_work_0710IbnAhmadHafizDinNasafi.Tafsir,openiti_work_0710IbnAhmadHafizDinNasafi.Tafsir,5,"[""openiti_dv_0710IbnAhmadHafizDinNasafi.Tafsir.JK000876-ara1"",""openiti_dv_0710IbnAhmadHafizDinNasafi.Tafsir.ShamAY0034061-ara1"",""openiti_dv_0710IbnAhmadHafizDinNasafi.Tafsir.Shamela0001394-ara1"",""openiti_dv_0710IbnAhmadHafizDinNasafi.Tafsir.Shia002557Vols-ara1"",""openiti_dv_0710IbnAhmadHafizDinNasafi.Tafsir.Tafsir02017-ara1""]",Same OpenITI work URI; retain versions separately.
dup_openiti_work_0710IbnRifca.Nafais,openiti_work_0710IbnRifca.Nafais,2,"[""openiti_dv_0710IbnRifca.Nafais.GVDB20190213-ara1"",""openiti_dv_0710IbnRifca.Nafais.ShamAY0036029-ara2""]",Same OpenITI work URI; retain versions separately.
dup_openiti_work_0711IbnIbrahimCimadDinWasiti.NasihaFiSifatRabb,openiti_work_0711IbnIbrahimCimadDinWasiti.NasihaFiSifatRabb,3,"[""openiti_dv_0711IbnIbrahimCimadDinWasiti.NasihaFiSifatRabb.JK000325-ara1"",""openiti_dv_0711IbnIbrahimCimadDinWasiti.NasihaFiSifatRabb.Shamela0006487-ara1"",""openiti_dv_0711IbnIbrahimCimadDinWasiti.NasihaFiSifatRabb.Shia002210-ara1""]",Same OpenITI work URI; retain versions separately.
dup_openiti_work_0711IbnManzurIfriqi.LisanCarab,openiti_work_0711IbnManzurIfriqi.LisanCarab,4,"[""openiti_dv_0711IbnManzurIfriqi.LisanCarab.JK000880-ara1"",""openiti_dv_0711IbnManzurIfriqi.LisanCarab.ShamAY0034695-ara2"",""openiti_dv_0711IbnManzurIfriqi.LisanCarab.Shamela0001687-ara1"",""openiti_dv_0711IbnManzurIfriqi.LisanCarab.Shia003936Vols-ara1""]",Same OpenITI work URI; retain versions separately.
dup_openiti_work_0711IbnManzurIfriqi.MukhtasarTarikhDimashq,openiti_work_0711IbnManzurIfriqi.MukhtasarTarikhDimashq,6,"[""openiti_dv_0711IbnManzurIfriqi.MukhtasarTarikhDimashq.JK010346-ara2"",""openiti_dv_0711IbnManzurIfriqi.MukhtasarTarikhDimashq.Sham30K0003118-ara1"",""openiti_dv_0711IbnManzurIfriqi.MukhtasarTarikhDimashq.Sham30K0032488-ara2"",""openiti_dv_0711IbnManzurIfriqi.MukhtasarTarikhDimashq.Sham30K0036513-ara2"",""openiti_dv_0711IbnManzurIfriqi.MukhtasarTarikhDimashq.Sham30K0040573-ara1"",""openiti_dv_0711IbnManzurIfriqi.MukhtasarTarikhDimashq.Shamela0003118-ara1""]",Same OpenITI work URI; retain versions separately.
dup_openiti_work_0711IbnManzurIfriqi.NitharAzhar,openiti_work_0711IbnManzurIfriqi.NitharAzhar,2,"[""openiti_dv_0711IbnManzurIfriqi.NitharAzhar.ShamAY0002072-ara1"",""openiti_dv_0711IbnManzurIfriqi.NitharAzhar.Shamela0037632-ara1""]",Same OpenITI work URI; retain versions separately.
dup_openiti_work_0711IbnManzurIfriqi.SururNafs,openiti_work_0711IbnManzurIfriqi.SururNafs,2,"[""openiti_dv_0711IbnManzurIfriqi.SururNafs.JK011032-ara1"",""openiti_dv_0711IbnManzurIfriqi.SururNafs.Shamela0001032-ara1""]",Same OpenITI work URI; retain versions separately.
dup_openiti_work_0718AbuIshaqWatwat.GhurarKhasais,openiti_work_0718AbuIshaqWatwat.GhurarKhasais,2,"[""openiti_dv_0718AbuIshaqWatwat.GhurarKhasais.JK010627-ara2"",""openiti_dv_0718AbuIshaqWatwat.GhurarKhasais.Shamela0001349-ara1""]",Same OpenITI work URI; retain versions separately.
dup_openiti_work_0718AbuIshaqWatwat.MabahijFikar,openiti_work_0718AbuIshaqWatwat.MabahijFikar,3,"[""openiti_dv_0718AbuIshaqWatwat.MabahijFikar.JK010771-ara2"",""openiti_dv_0718AbuIshaqWatwat.MabahijFikar.Kraken21050420-ara1"",""openiti_dv_0718AbuIshaqWatwat.MabahijFikar.Shamela0000771-ara2""]",Same OpenITI work URI; retain versions separately.
dup_openiti_work_0718IbnAhmadNabulusi.Cawali,openiti_work_0718IbnAhmadNabulusi.Cawali,2,"[""openiti_dv_0718IbnAhmadNabulusi.Cawali.ShamAY0033532-ara1"",""openiti_dv_0718IbnAhmadNabulusi.Cawali.Shamela0029481-ara1""]",Same OpenITI work URI; retain versions separately.
dup_openiti_work_0721IbnRushaydSabti.SunanAbyan,openiti_work_0721IbnRushaydSabti.SunanAbyan,2,"[""openiti_dv_0721IbnRushaydSabti.SunanAbyan.JK000590-ara1"",""openiti_dv_0721IbnRushaydSabti.SunanAbyan.Shamela0006011-ara1""]",Same OpenITI work URI; retain versions separately.
dup_openiti_work_0724IbnCattar.TuhfatTalibin,openiti_work_0724IbnCattar.TuhfatTalibin,2,"[""openiti_dv_0724IbnCattar.TuhfatTalibin.JK010321-ara1"",""openiti_dv_0724IbnCattar.TuhfatTalibin.Shamela0000321-ara1""]",Same OpenITI work URI; retain versions separately.
dup_openiti_work_0725AmirKhusraw.MatlacAnwar,openiti_work_0725AmirKhusraw.MatlacAnwar,2,"[""openiti_dv_0725AmirKhusraw.MatlacAnwar.AOCP20251117020-per1"",""openiti_dv_0725AmirKhusraw.MatlacAnwar.PDL00060-per1""]",Same OpenITI work URI; retain versions separately.
dup_openiti_work_0725IbnCidhariMarrakushi.BayanMughrib,openiti_work_0725IbnCidhariMarrakushi.BayanMughrib,2,"[""openiti_dv_0725IbnCidhariMarrakushi.BayanMughrib.JK010773-ara1"",""openiti_dv_0725IbnCidhariMarrakushi.BayanMughrib.Shamela0011782-ara1""]",Same OpenITI work URI; retain versions separately.
dup_openiti_work_0726CallamaHilli.IdahIshtibah,openiti_work_0726CallamaHilli.IdahIshtibah,2,"[""openiti_dv_0726CallamaHilli.IdahIshtibah.Masaha003516-ara1"",""openiti_dv_0726CallamaHilli.IdahIshtibah.Shia002939-ara1""]",Same OpenITI work URI; retain versions separately.
dup_openiti_work_0726CallamaHilli.IrshadAdhhan,openiti_work_0726CallamaHilli.IrshadAdhhan,3,"[""openiti_dv_0726CallamaHilli.IrshadAdhhan.Masaha000749Vols-ara1"",""openiti_dv_0726CallamaHilli.IrshadAdhhan.Shia000066Vols-ara1"",""openiti_dv_0726CallamaHilli.IrshadAdhhan.Shia000182VolsBK1-ara1""]",Same OpenITI work URI; retain versions separately.
dup_openiti_work_0726CallamaHilli.KashfMurad,openiti_work_0726CallamaHilli.KashfMurad,3,"[""openiti_dv_0726CallamaHilli.KashfMurad.Shia004016-ara1"",""openiti_dv_0726CallamaHilli.KashfMurad.Shia004017-ara1"",""openiti_dv_0726CallamaHilli.KashfMurad.Shia004018-ara1""]",Same OpenITI work URI; retain versions separately.
dup_openiti_work_0726CallamaHilli.KashfYaqin,openiti_work_0726CallamaHilli.KashfYaqin,3,"[""openiti_dv_0726CallamaHilli.KashfYaqin.Masaha000385-ara1"",""openiti_dv_0726CallamaHilli.KashfYaqin.Masaha004583-ara1"",""openiti_dv_0726CallamaHilli.KashfYaqin.Shia003712-ara1""]",Same OpenITI work URI; retain versions separately.
dup_openiti_work_0726CallamaHilli.KhulasatAqwal,openiti_work_0726CallamaHilli.KhulasatAqwal,2,"[""openiti_dv_0726CallamaHilli.KhulasatAqwal.Masaha000547-ara1"",""openiti_dv_0726CallamaHilli.KhulasatAqwal.Shia002940-ara1""]",Same OpenITI work URI; retain versions separately.
dup_openiti_work_0726CallamaHilli.KitabAlfayn,openiti_work_0726CallamaHilli.KitabAlfayn,2,"[""openiti_dv_0726CallamaHilli.KitabAlfayn.Masaha004040Vols-ara1"",""openiti_dv_0726CallamaHilli.KitabAlfayn.Shia004015-ara1""]",Same OpenITI work URI; retain versions separately.
dup_openiti_work_0726CallamaHilli.MuntahaMatlab,openiti_work_0726CallamaHilli.MuntahaMatlab,2,"[""openiti_dv_0726CallamaHilli.MuntahaMatlab.Shia000103Vols-ara1"",""openiti_dv_0726CallamaHilli.MuntahaMatlab.Shia000107Vols-ara1""]",Same OpenITI work URI; retain versions separately.
dup_openiti_work_0726CallamaHilli.NahjHaqq,openiti_work_0726CallamaHilli.NahjHaqq,2,"[""openiti_dv_0726CallamaHilli.NahjHaqq.Masaha004552-ara1"",""openiti_dv_0726CallamaHilli.NahjHaqq.Shia004020-ara1""]",Same OpenITI work URI; retain versions separately.
dup_openiti_work_0726CallamaHilli.NihayatAhkam,openiti_work_0726CallamaHilli.NihayatAhkam,2,"[""openiti_dv_0726CallamaHilli.NihayatAhkam.Shia000109Vols-ara1"",""openiti_dv_0726CallamaHilli.NihayatAhkam.Zaydiyya0000245-ara1""]",Same OpenITI work URI; retain versions separately.
dup_openiti_work_0726CallamaHilli.QawacidAhkam,openiti_work_0726CallamaHilli.QawacidAhkam,2,"[""openiti_dv_0726CallamaHilli.QawacidAhkam.Shia000091Vols-ara1"",""openiti_dv_0726CallamaHilli.QawacidAhkam.Shia000134VolsBK1-ara1""]",Same OpenITI work URI; retain versions separately.
dup_openiti_work_0726CallamaHilli.TadhkiratFuqaha,openiti_work_0726CallamaHilli.TadhkiratFuqaha,2,"[""openiti_dv_0726CallamaHilli.TadhkiratFuqaha.Shia000075Vols-ara1"",""openiti_dv_0726CallamaHilli.TadhkiratFuqaha.Shia000089Vols-ara1""]",Same OpenITI work URI; retain versions separately.
dup_openiti_work_0726CallamaHilli.TahrirAhkam,openiti_work_0726CallamaHilli.TahrirAhkam,2,"[""openiti_dv_0726CallamaHilli.TahrirAhkam.Shia000070Vols-ara1"",""openiti_dv_0726CallamaHilli.TahrirAhkam.Zaydiyya0000181-ara1""]",Same OpenITI work URI; retain versions separately.
dup_openiti_work_0726Yunini.DhaylMiratZaman,openiti_work_0726Yunini.DhaylMiratZaman,2,"[""openiti_dv_0726Yunini.DhaylMiratZaman.JK010379-ara1"",""openiti_dv_0726Yunini.DhaylMiratZaman.Shamela0012722-ara1""]",Same OpenITI work URI; retain versions separately.
dup_openiti_work_0728IbnTaymiyya.AhadithCawaliMinIbnCarafa,openiti_work_0728IbnTaymiyya.AhadithCawaliMinIbnCarafa,2,"[""openiti_dv_0728IbnTaymiyya.AhadithCawaliMinIbnCarafa.JK000779-ara1"",""openiti_dv_0728IbnTaymiyya.AhadithCawaliMinIbnCarafa.Shamela0007525-ara1""]",Same OpenITI work URI; retain versions separately.
dup_openiti_work_0728IbnTaymiyya.AhadithQussas,openiti_work_0728IbnTaymiyya.AhadithQussas,2,"[""openiti_dv_0728IbnTaymiyya.AhadithQussas.JK005009-ara1"",""openiti_dv_0728IbnTaymiyya.AhadithQussas.Shamela0022812-ara1""]",Same OpenITI work URI; retain versions separately.
dup_openiti_work_0728IbnTaymiyya.AmrBiMacruf,openiti_work_0728IbnTaymiyya.AmrBiMacruf,2,"[""openiti_dv_0728IbnTaymiyya.AmrBiMacruf.JK000372-ara1"",""openiti_dv_0728IbnTaymiyya.AmrBiMacruf.Shamela0030903-ara1""]",Same OpenITI work URI; retain versions separately.
dup_openiti_work_0728IbnTaymiyya.AmradQulub,openiti_work_0728IbnTaymiyya.AmradQulub,2,"[""openiti_dv_0728IbnTaymiyya.AmradQulub.JK000079-ara1"",""openiti_dv_0728IbnTaymiyya.AmradQulub.Shamela0001512-ara1""]",Same OpenITI work URI; retain versions separately.
dup_openiti_work_0728IbnTaymiyya.BayanTalbisJahmiyya,openiti_work_0728IbnTaymiyya.BayanTalbisJahmiyya,4,"[""openiti_dv_0728IbnTaymiyya.BayanTalbisJahmiyya.JK000382-ara1"",""openiti_dv_0728IbnTaymiyya.BayanTalbisJahmiyya.ShamAY0034368-ara1"",""openiti_dv_0728IbnTaymiyya.BayanTalbisJahmiyya.ShamAY0034382-ara1"",""openiti_dv_0728IbnTaymiyya.BayanTalbisJahmiyya.Shamela0002864-ara1""]",Same OpenITI work URI; retain versions separately.
dup_openiti_work_0728IbnTaymiyya.BughyatMurtad,openiti_work_0728IbnTaymiyya.BughyatMurtad,2,"[""openiti_dv_0728IbnTaymiyya.BughyatMurtad.JK000374-ara1"",""openiti_dv_0728IbnTaymiyya.BughyatMurtad.Shamela0011071-ara1""]",Same OpenITI work URI; retain versions separately.
dup_openiti_work_0728IbnTaymiyya.CaqidaWasitiyya,openiti_work_0728IbnTaymiyya.CaqidaWasitiyya,3,"[""openiti_dv_0728IbnTaymiyya.CaqidaWasitiyya.JK000359-ara1"",""openiti_dv_0728IbnTaymiyya.CaqidaWasitiyya.Sham19Y0018098-ara1"",""openiti_dv_0728IbnTaymiyya.CaqidaWasitiyya.Shamela0022665-ara1""]",Same OpenITI work URI; retain versions separately.
dup_openiti_work_0728IbnTaymiyya.DaqaiqTafsir,openiti_work_0728IbnTaymiyya.DaqaiqTafsir,3,"[""openiti_dv_0728IbnTaymiyya.DaqaiqTafsir.JK000378-ara1"",""openiti_dv_0728IbnTaymiyya.DaqaiqTafsir.Shamela0005487-ara1"",""openiti_dv_0728IbnTaymiyya.DaqaiqTafsir.Shia002642Vols-ara1""]",Same OpenITI work URI; retain versions separately.
dup_openiti_work_0728IbnTaymiyya.DarTacarud,openiti_work_0728IbnTaymiyya.DarTacarud,3,"[""openiti_dv_0728IbnTaymiyya.DarTacarud.JK000362-ara1"",""openiti_dv_0728IbnTaymiyya.DarTacarud.ShamAY0033865-ara1"",""openiti_dv_0728IbnTaymiyya.DarTacarud.Shamela0021506-ara1""]",Same OpenITI work URI; retain versions separately.
dup_openiti_work_0728IbnTaymiyya.FatawaKubra,openiti_work_0728IbnTaymiyya.FatawaKubra,3,"[""openiti_dv_0728IbnTaymiyya.FatawaKubra.JK001414-ara1"",""openiti_dv_0728IbnTaymiyya.FatawaKubra.ShamAY0034363-ara1"",""openiti_dv_0728IbnTaymiyya.FatawaKubra.Shamela0009690-ara1""]",Same OpenITI work URI; retain versions separately.
dup_openiti_work_0728IbnTaymiyya.FurqanBaynaAwliya,openiti_work_0728IbnTaymiyya.FurqanBaynaAwliya,2,"[""openiti_dv_0728IbnTaymiyya.FurqanBaynaAwliya.ShamAY0034364-ara1"",""openiti_dv_0728IbnTaymiyya.FurqanBaynaAwliya.Shamela0021499-ara1""]",Same OpenITI work URI; retain versions separately.
dup_openiti_work_0728IbnTaymiyya.HasanaWaSayyia,openiti_work_0728IbnTaymiyya.HasanaWaSayyia,3,"[""openiti_dv_0728IbnTaymiyya.HasanaWaSayyia.JK000351-ara1"",""openiti_dv_0728IbnTaymiyya.HasanaWaSayyia.ShamAY0034359-ara1"",""openiti_dv_0728IbnTaymiyya.HasanaWaSayyia.Shamela0007609-ara1""]",Same OpenITI work URI; retain versions separately.
dup_openiti_work_0728IbnTaymiyya.HijabMara,openiti_work_0728IbnTaymiyya.HijabMara,2,"[""openiti_dv_0728IbnTaymiyya.HijabMara.JK010398-ara1"",""openiti_dv_0728IbnTaymiyya.HijabMara.Shamela0011150-ara1""]",Same OpenITI work URI; retain versions separately.
dup_openiti_work_0728IbnTaymiyya.Hisba,openiti_work_0728IbnTaymiyya.Hisba,4,"[""openiti_dv_0728IbnTaymiyya.Hisba.JK006982-ara1"",""openiti_dv_0728IbnTaymiyya.Hisba.ShamAY0000351-ara1"",""openiti_dv_0728IbnTaymiyya.Hisba.Shamela0007263-ara1"",""openiti_dv_0728IbnTaymiyya.Hisba.Shamela0036551-ara1""]",Same OpenITI work URI; retain versions separately.
dup_openiti_work_0728IbnTaymiyya.Iman,openiti_work_0728IbnTaymiyya.Iman,4,"[""openiti_dv_0728IbnTaymiyya.Iman.Sham19Y0020587-ara1"",""openiti_dv_0728IbnTaymiyya.Iman.ShamAY0035410-ara1"",""openiti_dv_0728IbnTaymiyya.Iman.Shamela0000264-ara1"",""openiti_dv_0728IbnTaymiyya.Iman.Shamela0007564-ara1""]",Same OpenITI work URI; retain versions separately.
dup_openiti_work_0728IbnTaymiyya.IqtidaSirat,openiti_work_0728IbnTaymiyya.IqtidaSirat,3,"[""openiti_dv_0728IbnTaymiyya.IqtidaSirat.JK000367-ara1"",""openiti_dv_0728IbnTaymiyya.IqtidaSirat.ShamAY0034358-ara1"",""openiti_dv_0728IbnTaymiyya.IqtidaSirat.Shamela0011620-ara1""]",Same OpenITI work URI; retain versions separately.
dup_openiti_work_0728IbnTaymiyya.Istighatha,openiti_work_0728IbnTaymiyya.Istighatha,5,"[""openiti_dv_0728IbnTaymiyya.Istighatha.JK000383BK2-ara1"",""openiti_dv_0728IbnTaymiyya.Istighatha.JK000385-ara1"",""openiti_dv_0728IbnTaymiyya.Istighatha.Sham19Y0018328-ara2"",""openiti_dv_0728IbnTaymiyya.Istighatha.ShamAY0034352BK2-ara1"",""openiti_dv_0728IbnTaymiyya.Istighatha.ShamAY0034402BK2-ara1""]",Same OpenITI work URI; retain versions separately.
dup_openiti_work_0728IbnTaymiyya.Istiqama,openiti_work_0728IbnTaymiyya.Istiqama,2,"[""openiti_dv_0728IbnTaymiyya.Istiqama.JK000028-ara1"",""openiti_dv_0728IbnTaymiyya.Istiqama.Shamela0006820-ara1""]",Same OpenITI work URI; retain versions separately.
dup_openiti_work_0728IbnTaymiyya.JamicMasail,openiti_work_0728IbnTaymiyya.JamicMasail,3,"[""openiti_dv_0728IbnTaymiyya.JamicMasail.Sham19Y0016953Vols-ara1"",""openiti_dv_0728IbnTaymiyya.JamicMasail.ShamAY0037987-ara1"",""openiti_dv_0728IbnTaymiyya.JamicMasail.Shamela0022797-ara1""]",Same OpenITI work URI; retain versions separately.
dup_openiti_work_0728IbnTaymiyya.JamicRasail,openiti_work_0728IbnTaymiyya.JamicRasail,2,"[""openiti_dv_0728IbnTaymiyya.JamicRasail.JK000377-ara1"",""openiti_dv_0728IbnTaymiyya.JamicRasail.Shamela0022653-ara1""]",Same OpenITI work URI; retain versions separately.
dup_openiti_work_0728IbnTaymiyya.JawabFiHilf,openiti_work_0728IbnTaymiyya.JawabFiHilf,3,"[""openiti_dv_0728IbnTaymiyya.JawabFiHilf.ShamAY0034353-ara1"",""openiti_dv_0728IbnTaymiyya.JawabFiHilf.ShamAY0038455-ara1"",""openiti_dv_0728IbnTaymiyya.JawabFiHilf.Shamela0021565-ara1""]",Same OpenITI work URI; retain versions separately.
dup_openiti_work_0728IbnTaymiyya.JawabSahih,openiti_work_0728IbnTaymiyya.JawabSahih,2,"[""openiti_dv_0728IbnTaymiyya.JawabSahih.JK000330-ara1"",""openiti_dv_0728IbnTaymiyya.JawabSahih.Shamela0000170-ara1""]",Same OpenITI work URI; retain versions separately.
dup_openiti_work_0728IbnTaymiyya.KalimTayyib,openiti_work_0728IbnTaymiyya.KalimTayyib,3,"[""openiti_dv_0728IbnTaymiyya.KalimTayyib.JK001440-ara1"",""openiti_dv_0728IbnTaymiyya.KalimTayyib.Shamela0000327-ara1"",""openiti_dv_0728IbnTaymiyya.KalimTayyib.Shamela0021578-ara1""]",Same OpenITI work URI; retain versions separately.
dup_openiti_work_0728IbnTaymiyya.MajmucFatawa,openiti_work_0728IbnTaymiyya.MajmucFatawa,2,"[""openiti_dv_0728IbnTaymiyya.MajmucFatawa.JK000381-ara1"",""openiti_dv_0728IbnTaymiyya.MajmucFatawa.Shamela0007289-ara1""]",Same OpenITI work URI; retain versions separately.
dup_openiti_work_0728IbnTaymiyya.MajmucatRasailWaMasail,openiti_work_0728IbnTaymiyya.MajmucatRasailWaMasail,2,"[""openiti_dv_0728IbnTaymiyya.MajmucatRasailWaMasail.ShamAY0034371-ara1"",""openiti_dv_0728IbnTaymiyya.MajmucatRasailWaMasail.Shamela0011730-ara1""]",Same OpenITI work URI; retain versions separately.
dup_openiti_work_0728IbnTaymiyya.MasalaFiKanais,openiti_work_0728IbnTaymiyya.MasalaFiKanais,2,"[""openiti_dv_0728IbnTaymiyya.MasalaFiKanais.ShamAY0038206-ara1"",""openiti_dv_0728IbnTaymiyya.MasalaFiKanais.Shamela0022651-ara1""]",Same OpenITI work URI; retain versions separately.
dup_openiti_work_0728IbnTaymiyya.MinhajSunna,openiti_work_0728IbnTaymiyya.MinhajSunna,4,"[""openiti_dv_0728IbnTaymiyya.MinhajSunna.JK000365-ara1"",""openiti_dv_0728IbnTaymiyya.MinhajSunna.ShamAY0034375-ara1"",""openiti_dv_0728IbnTaymiyya.MinhajSunna.Shamela0000927-ara1"",""openiti_dv_0728IbnTaymiyya.MinhajSunna.Zaydiyya0000108-ara1""]",Same OpenITI work URI; retain versions separately.
dup_openiti_work_0728IbnTaymiyya.MusawwadaFiUsulFiqh,openiti_work_0728IbnTaymiyya.MusawwadaFiUsulFiqh,2,"[""openiti_dv_0728IbnTaymiyya.MusawwadaFiUsulFiqh.JK000388-ara1"",""openiti_dv_0728IbnTaymiyya.MusawwadaFiUsulFiqh.Shamela0011814-ara1""]",Same OpenITI work URI; retain versions separately.
dup_openiti_work_0728IbnTaymiyya.Nubuwwat,openiti_work_0728IbnTaymiyya.Nubuwwat,3,"[""openiti_dv_0728IbnTaymiyya.Nubuwwat.JK000373-ara1"",""openiti_dv_0728IbnTaymiyya.Nubuwwat.ShamAY0034366-ara1"",""openiti_dv_0728IbnTaymiyya.Nubuwwat.Shamela0011817-ara1""]",Same OpenITI work URI; retain versions separately.
dup_openiti_work_0728IbnTaymiyya.QacidaFiMahabba,openiti_work_0728IbnTaymiyya.QacidaFiMahabba,2,"[""openiti_dv_0728IbnTaymiyya.QacidaFiMahabba.JK000379-ara1"",""openiti_dv_0728IbnTaymiyya.QacidaFiMahabba.Shamela0011289-ara1""]",Same OpenITI work URI; retain versions separately.
dup_openiti_work_0728IbnTaymiyya.QacidaJalila,openiti_work_0728IbnTaymiyya.QacidaJalila,2,"[""openiti_dv_0728IbnTaymiyya.QacidaJalila.JK000376-ara1"",""openiti_dv_0728IbnTaymiyya.QacidaJalila.Shamela0022649-ara1""]",Same OpenITI work URI; retain versions separately.
dup_openiti_work_0728IbnTaymiyya.QasidaTaiyyaFiQadar,openiti_work_0728IbnTaymiyya.QasidaTaiyyaFiQadar,2,"[""openiti_dv_0728IbnTaymiyya.QasidaTaiyyaFiQadar.ShamAY0034356-ara1"",""openiti_dv_0728IbnTaymiyya.QasidaTaiyyaFiQadar.Shamela0000792-ara1""]",Same OpenITI work URI; retain versions separately.
dup_openiti_work_0728IbnTaymiyya.QawacidNuraniyya,openiti_work_0728IbnTaymiyya.QawacidNuraniyya,3,"[""openiti_dv_0728IbnTaymiyya.QawacidNuraniyya.JK000976-ara1"",""openiti_dv_0728IbnTaymiyya.QawacidNuraniyya.ShamAY0034365-ara1"",""openiti_dv_0728IbnTaymiyya.QawacidNuraniyya.Shamela0021729-ara1""]",Same OpenITI work URI; retain versions separately.
dup_openiti_work_0728IbnTaymiyya.RaddCalaAkhnai,openiti_work_0728IbnTaymiyya.RaddCalaAkhnai,4,"[""openiti_dv_0728IbnTaymiyya.RaddCalaAkhnai.JK000350-ara1"",""openiti_dv_0728IbnTaymiyya.RaddCalaAkhnai.ShamAY0034360-ara1"",""openiti_dv_0728IbnTaymiyya.RaddCalaAkhnai.Shamela0009277-ara1"",""openiti_dv_0728IbnTaymiyya.RaddCalaAkhnai.Shamela0037816-ara1""]",Same OpenITI work URI; retain versions separately.
dup_openiti_work_0728IbnTaymiyya.RaddCalaMantiqiyyin,openiti_work_0728IbnTaymiyya.RaddCalaMantiqiyyin,2,"[""openiti_dv_0728IbnTaymiyya.RaddCalaMantiqiyyin.JK000371-ara1"",""openiti_dv_0728IbnTaymiyya.RaddCalaMantiqiyyin.Shamela0007626-ara1""]",Same OpenITI work URI; retain versions separately.
dup_openiti_work_0728IbnTaymiyya.RafcMalam,openiti_work_0728IbnTaymiyya.RafcMalam,3,"[""openiti_dv_0728IbnTaymiyya.RafcMalam.ShamAY0034369-ara1"",""openiti_dv_0728IbnTaymiyya.RafcMalam.ShamAY0034383-ara1"",""openiti_dv_0728IbnTaymiyya.RafcMalam.Shamela0004118-ara1""]",Same OpenITI work URI; retain versions separately.
dup_openiti_work_0728IbnTaymiyya.RasHusayn,openiti_work_0728IbnTaymiyya.RasHusayn,3,"[""openiti_dv_0728IbnTaymiyya.RasHusayn.JK010892-ara1"",""openiti_dv_0728IbnTaymiyya.RasHusayn.Shamela0000892-ara1"",""openiti_dv_0728IbnTaymiyya.RasHusayn.Shia003713-ara1""]",Same OpenITI work URI; retain versions separately.
dup_openiti_work_0728IbnTaymiyya.RasailWaFatawa,openiti_work_0728IbnTaymiyya.RasailWaFatawa,5,"[""openiti_dv_0728IbnTaymiyya.RasailWaFatawa.JK000006-ara1"",""openiti_dv_0728IbnTaymiyya.RasailWaFatawa.JK000907-ara1"",""openiti_dv_0728IbnTaymiyya.RasailWaFatawa.JK006835-ara1"",""openiti_dv_0728IbnTaymiyya.RasailWaFatawa.JK006950-ara1"",""openiti_dv_0728IbnTaymiyya.RasailWaFatawa.JK006976-ara1""]",Same OpenITI work URI; retain versions separately.
dup_openiti_work_0728IbnTaymiyya.RisalaQubrusiyya,openiti_work_0728IbnTaymiyya.RisalaQubrusiyya,2,"[""openiti_dv_0728IbnTaymiyya.RisalaQubrusiyya.JK006984-ara1"",""openiti_dv_0728IbnTaymiyya.RisalaQubrusiyya.ShamAY0034378-ara1""]",Same OpenITI work URI; retain versions separately.
dup_openiti_work_0728IbnTaymiyya.RisalaTadmuriyya,openiti_work_0728IbnTaymiyya.RisalaTadmuriyya,2,"[""openiti_dv_0728IbnTaymiyya.RisalaTadmuriyya.ShamAY0034381-ara1"",""openiti_dv_0728IbnTaymiyya.RisalaTadmuriyya.Shamela0022666-ara1""]",Same OpenITI work URI; retain versions separately.
dup_openiti_work_0728IbnTaymiyya.Safadiyya,openiti_work_0728IbnTaymiyya.Safadiyya,2,"[""openiti_dv_0728IbnTaymiyya.Safadiyya.JK000368-ara1"",""openiti_dv_0728IbnTaymiyya.Safadiyya.Shamela0022874-ara1""]",Same OpenITI work URI; retain versions separately.
dup_openiti_work_0728IbnTaymiyya.SarimMaslul,openiti_work_0728IbnTaymiyya.SarimMaslul,3,"[""openiti_dv_0728IbnTaymiyya.SarimMaslul.JK000370-ara1"",""openiti_dv_0728IbnTaymiyya.SarimMaslul.ShamAY0034362-ara1"",""openiti_dv_0728IbnTaymiyya.SarimMaslul.Shamela0007344-ara1""]",Same OpenITI work URI; retain versions separately.
dup_openiti_work_0728IbnTaymiyya.SharhCaqidaIsfahaniyya,openiti_work_0728IbnTaymiyya.SharhCaqidaIsfahaniyya,4,"[""openiti_dv_0728IbnTaymiyya.SharhCaqidaIsfahaniyya.JK000375-ara1"",""openiti_dv_0728IbnTaymiyya.SharhCaqidaIsfahaniyya.ShamAY0034373-ara1"",""openiti_dv_0728IbnTaymiyya.SharhCaqidaIsfahaniyya.ShamAY0034392-ara1"",""openiti_dv_0728IbnTaymiyya.SharhCaqidaIsfahaniyya.Shamela0011248-ara1""]",Same OpenITI work URI; retain versions separately.
dup_openiti_work_0728IbnTaymiyya.SharhCumdatFiqh,openiti_work_0728IbnTaymiyya.SharhCumdatFiqh,7,"[""openiti_dv_0728IbnTaymiyya.SharhCumdatFiqh.JK000386-ara1"",""openiti_dv_0728IbnTaymiyya.SharhCumdatFiqh.Sham19Y0014500-ara1"",""openiti_dv_0728IbnTaymiyya.SharhCumdatFiqh.Sham19Y0017073-ara1"",""openiti_dv_0728IbnTaymiyya.SharhCumdatFiqh.Sham19Y0017417-ara1"",""openiti_dv_0728IbnTaymiyya.SharhCumdatFiqh.ShamAY0032298-ara1"",""openiti_dv_0728IbnTaymiyya.SharhCumdatFiqh.Shamela0010810-ara1"",""openiti_dv_0728IbnTaymiyya.SharhCumdatFiqh.Shamela0011251-ara1""]",Same OpenITI work URI; retain versions separately.
dup_openiti_work_0728IbnTaymiyya.ShubuhatHawlCaisha,openiti_work_0728IbnTaymiyya.ShubuhatHawlCaisha,2,"[""openiti_dv_0728IbnTaymiyya.ShubuhatHawlCaisha.ShamAY0037806-ara1"",""openiti_dv_0728IbnTaymiyya.ShubuhatHawlCaisha.ShamAY0037807-ara1""]",Same OpenITI work URI; retain versions separately.
dup_openiti_work_0728IbnTaymiyya.SiyasaSharciyya,openiti_work_0728IbnTaymiyya.SiyasaSharciyya,4,"[""openiti_dv_0728IbnTaymiyya.SiyasaSharciyya.JK000008-ara1"",""openiti_dv_0728IbnTaymiyya.SiyasaSharciyya.ShamAY0034347-ara1"",""openiti_dv_0728IbnTaymiyya.SiyasaSharciyya.ShamAY0038472-ara1"",""openiti_dv_0728IbnTaymiyya.SiyasaSharciyya.Shamela0031237-ara1""]",Same OpenITI work URI; retain versions separately.
dup_openiti_work_0728IbnTaymiyya.TanbihRajulCaqil,openiti_work_0728IbnTaymiyya.TanbihRajulCaqil,3,"[""openiti_dv_0728IbnTaymiyya.TanbihRajulCaqil.Sham19Y0018645-ara1"",""openiti_dv_0728IbnTaymiyya.TanbihRajulCaqil.ShamAY0034386-ara1"",""openiti_dv_0728IbnTaymiyya.TanbihRajulCaqil.ShamAY0038468-ara1""]",Same OpenITI work URI; retain versions separately.
dup_openiti_work_0728IbnTaymiyya.TuhfaCiraqiyya,openiti_work_0728IbnTaymiyya.TuhfaCiraqiyya,2,"[""openiti_dv_0728IbnTaymiyya.TuhfaCiraqiyya.JK000075-ara1"",""openiti_dv_0728IbnTaymiyya.TuhfaCiraqiyya.Shamela0006827-ara1""]",Same OpenITI work URI; retain versions separately.
dup_openiti_work_0728IbnTaymiyya.WasiyyaSughra,openiti_work_0728IbnTaymiyya.WasiyyaSughra,2,"[""openiti_dv_0728IbnTaymiyya.WasiyyaSughra.ShamAY0034367-ara1"",""openiti_dv_0728IbnTaymiyya.WasiyyaSughra.ShamAY0034399-ara1""]",Same OpenITI work URI; retain versions separately.
dup_openiti_work_0728IbnTaymiyya.ZiyaratQubur,openiti_work_0728IbnTaymiyya.ZiyaratQubur,2,"[""openiti_dv_0728IbnTaymiyya.ZiyaratQubur.JK000355-ara1"",""openiti_dv_0728IbnTaymiyya.ZiyaratQubur.Shamela0006919-ara1""]",Same OpenITI work URI; retain versions separately.
dup_openiti_work_0728IbnTaymiyya.ZuhdWaWarac,openiti_work_0728IbnTaymiyya.ZuhdWaWarac,2,"[""openiti_dv_0728IbnTaymiyya.ZuhdWaWarac.JK000077-ara1"",""openiti_dv_0728IbnTaymiyya.ZuhdWaWarac.Shamela0006826-ara1""]",Same OpenITI work URI; retain versions separately.
dup_openiti_work_0729IbnUkhuwwa.MacalimQurba,openiti_work_0729IbnUkhuwwa.MacalimQurba,2,"[""openiti_dv_0729IbnUkhuwwa.MacalimQurba.JK011677-ara1"",""openiti_dv_0729IbnUkhuwwa.MacalimQurba.Shamela0010526-ara1""]",Same OpenITI work URI; retain versions separately.
dup_openiti_work_0730IbnAhmadCalaDinBukhari.KashfAsrar,openiti_work_0730IbnAhmadCalaDinBukhari.KashfAsrar,3,"[""openiti_dv_0730IbnAhmadCalaDinBukhari.KashfAsrar.JK007126-ara1"",""openiti_dv_0730IbnAhmadCalaDinBukhari.KashfAsrar.ShamAY0034199-ara1"",""openiti_dv_0730IbnAhmadCalaDinBukhari.KashfAsrar.Shamela0009062-ara1""]",Same OpenITI work URI; retain versions separately.
dup_openiti_work_0730NizamDinNaysaburi.GharaibQuran,openiti_work_0730NizamDinNaysaburi.GharaibQuran,4,"[""openiti_dv_0730NizamDinNaysaburi.GharaibQuran.JK009268-ara1"",""openiti_dv_0730NizamDinNaysaburi.GharaibQuran.Rafed0001792Vols-ara1"",""openiti_dv_0730NizamDinNaysaburi.GharaibQuran.Shamela0023613-ara1"",""openiti_dv_0730NizamDinNaysaburi.GharaibQuran.Tafsir02022-ara1""]",Same OpenITI work URI; retain versions separately.
dup_openiti_work_0732AbuFida.MukhtasarFiAkhbar,openiti_work_0732AbuFida.MukhtasarFiAkhbar,2,"[""openiti_dv_0732AbuFida.MukhtasarFiAkhbar.JK010358-ara1"",""openiti_dv_0732AbuFida.MukhtasarFiAkhbar.Shamela0012715-ara1""]",Same OpenITI work URI; retain versions separately.
dup_openiti_work_0732AbuFida.TaqwimBuldan,openiti_work_0732AbuFida.TaqwimBuldan,3,"[""openiti_dv_0732AbuFida.TaqwimBuldan.Masaha003961-ara1"",""openiti_dv_0732AbuFida.TaqwimBuldan.Rafed0002296-ara1"",""openiti_dv_0732AbuFida.TaqwimBuldan.ShamDhahabiyya0056999-ara1""]",Same OpenITI work URI; retain versions separately.
dup_openiti_work_0732AbuFida.Yawaqit,openiti_work_0732AbuFida.Yawaqit,2,"[""openiti_dv_0732AbuFida.Yawaqit.JK010465-ara1"",""openiti_dv_0732AbuFida.Yawaqit.Shamela0000465-ara1""]",Same OpenITI work URI; retain versions separately.
dup_openiti_work_0732IbnCumarBurhanDinJacbari.RusumTahdith,openiti_work_0732IbnCumarBurhanDinJacbari.RusumTahdith,2,"[""openiti_dv_0732IbnCumarBurhanDinJacbari.RusumTahdith.JK009169-ara1"",""openiti_dv_0732IbnCumarBurhanDinJacbari.RusumTahdith.Shamela0005992-ara1""]",Same OpenITI work URI; retain versions separately.
dup_openiti_work_0732IbnYacqubJanadi.SulukFiTabaqat,openiti_work_0732IbnYacqubJanadi.SulukFiTabaqat,2,"[""openiti_dv_0732IbnYacqubJanadi.SulukFiTabaqat.JK007011-ara1"",""openiti_dv_0732IbnYacqubJanadi.SulukFiTabaqat.Shamela0006668-ara1""]",Same OpenITI work URI; retain versions separately.
dup_openiti_work_0733IbnJamacaBadrDinHamawi.IdahDalil,openiti_work_0733IbnJamacaBadrDinHamawi.IdahDalil,2,"[""openiti_dv_0733IbnJamacaBadrDinHamawi.IdahDalil.JK001419-ara1"",""openiti_dv_0733IbnJamacaBadrDinHamawi.IdahDalil.Shamela0006547-ara1""]",Same OpenITI work URI; retain versions separately.
dup_openiti_work_0733IbnJamacaBadrDinHamawi.ManhalRawi,openiti_work_0733IbnJamacaBadrDinHamawi.ManhalRawi,2,"[""openiti_dv_0733IbnJamacaBadrDinHamawi.ManhalRawi.JK000745-ara1"",""openiti_dv_0733IbnJamacaBadrDinHamawi.ManhalRawi.Shamela0005959-ara1""]",Same OpenITI work URI; retain versions separately.
dup_openiti_work_0733IbnJamacaBadrDinHamawi.TahrirAhkam,openiti_work_0733IbnJamacaBadrDinHamawi.TahrirAhkam,2,"[""openiti_dv_0733IbnJamacaBadrDinHamawi.TahrirAhkam.JK007090-ara1"",""openiti_dv_0733IbnJamacaBadrDinHamawi.TahrirAhkam.Shamela0009685-ara1""]",Same OpenITI work URI; retain versions separately.
dup_openiti_work_0733Nuwayri.NihayatArab,openiti_work_0733Nuwayri.NihayatArab,7,"[""openiti_dv_0733Nuwayri.NihayatArab.JK009238-ara1"",""openiti_dv_0733Nuwayri.NihayatArab.Masaha003070Vols-ara1"",""openiti_dv_0733Nuwayri.NihayatArab.Sham30K0005176-ara1"",""openiti_dv_0733Nuwayri.NihayatArab.Sham30K0010283-ara1"",""openiti_dv_0733Nuwayri.NihayatArab.ShamAY0033789-ara1"",""openiti_dv_0733Nuwayri.NihayatArab.Shamela0010283-ara1"",""openiti_dv_0733Nuwayri.NihayatArab.Zaydiyya0000261-ara1""]",Same OpenITI work URI; retain versions separately.
dup_openiti_work_0734IbnQaddahHawari.MasailFiqhiyya,openiti_work_0734IbnQaddahHawari.MasailFiqhiyya,2,"[""openiti_dv_0734IbnQaddahHawari.MasailFiqhiyya.JK006902-ara1"",""openiti_dv_0734IbnQaddahHawari.MasailFiqhiyya.Shamela0006255-ara1""]",Same OpenITI work URI; retain versions separately.
dup_openiti_work_0734IbnQaddahHawari.MulhaqFatawa,openiti_work_0734IbnQaddahHawari.MulhaqFatawa,2,"[""openiti_dv_0734IbnQaddahHawari.MulhaqFatawa.JK008007-ara1"",""openiti_dv_0734IbnQaddahHawari.MulhaqFatawa.Shamela0006256-ara1""]",Same OpenITI work URI; retain versions separately.
dup_openiti_work_0734IbnSayyidNas.CuyunAthar,openiti_work_0734IbnSayyidNas.CuyunAthar,3,"[""openiti_dv_0734IbnSayyidNas.CuyunAthar.Masaha002308Vols-ara1"",""openiti_dv_0734IbnSayyidNas.CuyunAthar.Shamela0023653-ara1"",""openiti_dv_0734IbnSayyidNas.CuyunAthar.Shia003714Vols-ara1""]",Same OpenITI work URI; retain versions separately.
dup_openiti_work_0734IbnSayyidNas.NafhShadhi,openiti_work_0734IbnSayyidNas.NafhShadhi,2,"[""openiti_dv_0734IbnSayyidNas.NafhShadhi.Sham19Y0007488-ara1"",""openiti_dv_0734IbnSayyidNas.NafhShadhi.Sham19Y0016599-ara1""]",Same OpenITI work URI; retain versions separately.
dup_openiti_work_0735DawudIbnMakhila.CuyunHaqaiq,openiti_work_0735DawudIbnMakhila.CuyunHaqaiq,2,"[""openiti_dv_0735DawudIbnMakhila.CuyunHaqaiq.Kraken230117000600-ara1"",""openiti_dv_0735DawudIbnMakhila.CuyunHaqaiq.LMN230208105400-ara1""]",Same OpenITI work URI; retain versions separately.
dup_openiti_work_0736IbnDawadari.KanzDurar,openiti_work_0736IbnDawadari.KanzDurar,2,"[""openiti_dv_0736IbnDawadari.KanzDurar.Sham19Y0018147-ara1"",""openiti_dv_0736IbnDawadari.KanzDurar.ShamAY0032597-ara1""]",Same OpenITI work URI; retain versions separately.
dup_openiti_work_0737IbnMuhammadIbnHajjFasi.Madkhal,openiti_work_0737IbnMuhammadIbnHajjFasi.Madkhal,3,"[""openiti_dv_0737IbnMuhammadIbnHajjFasi.Madkhal.JK007084-ara1"",""openiti_dv_0737IbnMuhammadIbnHajjFasi.Madkhal.ShamAY0034247-ara1"",""openiti_dv_0737IbnMuhammadIbnHajjFasi.Madkhal.Shamela0011406-ara1""]",Same OpenITI work URI; retain versions separately.
dup_openiti_work_0738IbnCabdRahimSharafDinHamawi.NasikhQuran,openiti_work_0738IbnCabdRahimSharafDinHamawi.NasikhQuran,2,"[""openiti_dv_0738IbnCabdRahimSharafDinHamawi.NasikhQuran.JK000454-ara1"",""openiti_dv_0738IbnCabdRahimSharafDinHamawi.NasikhQuran.Shamela0002209-ara1""]",Same OpenITI work URI; retain versions separately.
dup_openiti_work_0739Birzali.Mashyakha,openiti_work_0739Birzali.Mashyakha,2,"[""openiti_dv_0739Birzali.Mashyakha.JK001188-ara1"",""openiti_dv_0739Birzali.Mashyakha.Shamela0005724-ara1""]",Same OpenITI work URI; retain versions separately.
dup_openiti_work_0739CalaDinIbnBalban.Ihsan,openiti_work_0739CalaDinIbnBalban.Ihsan,2,"[""openiti_dv_0739CalaDinIbnBalban.Ihsan.Sham19Y0001729-ara1"",""openiti_dv_0739CalaDinIbnBalban.Ihsan.Sham19Y0001734-ara1""]",Same OpenITI work URI; retain versions separately.
dup_openiti_work_0739JalalDinQazwini.IdahFiCulumBalagha,openiti_work_0739JalalDinQazwini.IdahFiCulumBalagha,2,"[""openiti_dv_0739JalalDinQazwini.IdahFiCulumBalagha.JK001001-ara1"",""openiti_dv_0739JalalDinQazwini.IdahFiCulumBalagha.ShamAY0033778-ara1""]",Same OpenITI work URI; retain versions separately.
dup_openiti_work_0739SafiDinHanbali.QawacidUsul,openiti_work_0739SafiDinHanbali.QawacidUsul,2,"[""openiti_dv_0739SafiDinHanbali.QawacidUsul.Sham19Y0147662-ara1"",""openiti_dv_0739SafiDinHanbali.QawacidUsul.ShamAY0037576-ara1""]",Same OpenITI work URI; retain versions separately.
dup_openiti_work_0740IbnDawudHilli.Rijal,openiti_work_0740IbnDawudHilli.Rijal,3,"[""openiti_dv_0740IbnDawudHilli.Rijal.Masaha004647-ara1"",""openiti_dv_0740IbnDawudHilli.Rijal.Shia002941-ara1"",""openiti_dv_0740IbnDawudHilli.Rijal.Zaydiyya0000187-ara1""]",Same OpenITI work URI; retain versions separately.
dup_openiti_work_0741IbnAhmadGharnatiKalbi.QawaninFiqhiyya,openiti_work_0741IbnAhmadGharnatiKalbi.QawaninFiqhiyya,2,"[""openiti_dv_0741IbnAhmadGharnatiKalbi.QawaninFiqhiyya.JK000253-ara1"",""openiti_dv_0741IbnAhmadGharnatiKalbi.QawaninFiqhiyya.Shamela0006193-ara1""]",Same OpenITI work URI; retain versions separately.
dup_openiti_work_0741IbnAhmadGharnatiKalbi.TashilLiCulumTanzil,openiti_work_0741IbnAhmadGharnatiKalbi.TashilLiCulumTanzil,4,"[""openiti_dv_0741IbnAhmadGharnatiKalbi.TashilLiCulumTanzil.JK001480-ara1"",""openiti_dv_0741IbnAhmadGharnatiKalbi.TashilLiCulumTanzil.Shamela0023626-ara1"",""openiti_dv_0741IbnAhmadGharnatiKalbi.TashilLiCulumTanzil.Shia002645Vols-ara1"",""openiti_dv_0741IbnAhmadGharnatiKalbi.TashilLiCulumTanzil.Tafsir02088-ara1""]",Same OpenITI work URI; retain versions separately.
dup_openiti_work_0741IbnYahyaAndalusiMalaqi.TamhidWaBayan,openiti_work_0741IbnYahyaAndalusiMalaqi.TamhidWaBayan,2,"[""openiti_dv_0741IbnYahyaAndalusiMalaqi.TamhidWaBayan.JK000803-ara1"",""openiti_dv_0741IbnYahyaAndalusiMalaqi.TamhidWaBayan.Shamela0006649-ara1""]",Same OpenITI work URI; retain versions separately.
dup_openiti_work_0741KhatibTabrizi.MishkatMasabih,openiti_work_0741KhatibTabrizi.MishkatMasabih,2,"[""openiti_dv_0741KhatibTabrizi.MishkatMasabih.JK007045-ara1"",""openiti_dv_0741KhatibTabrizi.MishkatMasabih.Shamela0008360-ara1""]",Same OpenITI work URI; retain versions separately.
dup_openiti_work_0741KhazinBaghdadi.LubabTawil,openiti_work_0741KhazinBaghdadi.LubabTawil,4,"[""openiti_dv_0741KhazinBaghdadi.LubabTawil.JK009244-ara1"",""openiti_dv_0741KhazinBaghdadi.LubabTawil.ShamAY0034067-ara1"",""openiti_dv_0741KhazinBaghdadi.LubabTawil.Shamela0023628-ara1"",""openiti_dv_0741KhazinBaghdadi.LubabTawil.Tafsir02018-ara1""]",Same OpenITI work URI; retain versions separately.
dup_openiti_work_0742Mizzi.TahdhibKamal,openiti_work_0742Mizzi.TahdhibKamal,6,"[""openiti_dv_0742Mizzi.TahdhibKamal.JK000144-ara1"",""openiti_dv_0742Mizzi.TahdhibKamal.Sham30K0003722-ara1"",""openiti_dv_0742Mizzi.TahdhibKamal.Sham30K0036601-ara1"",""openiti_dv_0742Mizzi.TahdhibKamal.Sham30K0038926-ara1"",""openiti_dv_0742Mizzi.TahdhibKamal.Shamela0003722-ara1"",""openiti_dv_0742Mizzi.TahdhibKamal.Shia003241Vols-ara1""]",Same OpenITI work URI; retain versions separately.
dup_openiti_work_0742Mizzi.TuhfatAshraf,openiti_work_0742Mizzi.TuhfatAshraf,2,"[""openiti_dv_0742Mizzi.TuhfatAshraf.JK009256BK1-ara1"",""openiti_dv_0742Mizzi.TuhfatAshraf.Shamela0011385-ara1""]",Same OpenITI work URI; retain versions separately.
dup_openiti_work_0743FakhrDinZaylaci.TabyinHaqaiq,openiti_work_0743FakhrDinZaylaci.TabyinHaqaiq,2,"[""openiti_dv_0743FakhrDinZaylaci.TabyinHaqaiq.JK005200-ara1"",""openiti_dv_0743FakhrDinZaylaci.TabyinHaqaiq.Shamela0023023BK1-ara1""]",Same OpenITI work URI; retain versions separately.
dup_openiti_work_0744IbnCabdHadi.CuqudDurriyya,openiti_work_0744IbnCabdHadi.CuqudDurriyya,3,"[""openiti_dv_0744IbnCabdHadi.CuqudDurriyya.JK000363-ara1"",""openiti_dv_0744IbnCabdHadi.CuqudDurriyya.ShamAY0038476BK1-ara1"",""openiti_dv_0744IbnCabdHadi.CuqudDurriyya.Shamela0006663-ara1""]",Same OpenITI work URI; retain versions separately.
dup_openiti_work_0744IbnCabdHadi.FadailSham,openiti_work_0744IbnCabdHadi.FadailSham,2,"[""openiti_dv_0744IbnCabdHadi.FadailSham.Masaha004845BK1-ara1"",""openiti_dv_0744IbnCabdHadi.FadailSham.ShamAY0034310-ara1""]",Same OpenITI work URI; retain versions separately.
dup_openiti_work_0744IbnCabdHadi.MuharrirFiHadith,openiti_work_0744IbnCabdHadi.MuharrirFiHadith,2,"[""openiti_dv_0744IbnCabdHadi.MuharrirFiHadith.JK007083-ara1"",""openiti_dv_0744IbnCabdHadi.MuharrirFiHadith.Shamela0005918-ara1""]",Same OpenITI work URI; retain versions separately.
dup_openiti_work_0744IbnCabdHadi.SarimMunki,openiti_work_0744IbnCabdHadi.SarimMunki,2,"[""openiti_dv_0744IbnCabdHadi.SarimMunki.JK001226-ara1"",""openiti_dv_0744IbnCabdHadi.SarimMunki.Shamela0008622-ara1""]",Same OpenITI work URI; retain versions separately.
dup_openiti_work_0744IbnCabdHadi.TacliqaCalaCilal,openiti_work_0744IbnCabdHadi.TacliqaCalaCilal,2,"[""openiti_dv_0744IbnCabdHadi.TacliqaCalaCilal.JK007091-ara1"",""openiti_dv_0744IbnCabdHadi.TacliqaCalaCilal.Shamela0011569-ara1""]",Same OpenITI work URI; retain versions separately.
dup_openiti_work_0744IbnCabdHadi.TanqihTahqiq,openiti_work_0744IbnCabdHadi.TanqihTahqiq,3,"[""openiti_dv_0744IbnCabdHadi.TanqihTahqiq.JK006803-ara1"",""openiti_dv_0744IbnCabdHadi.TanqihTahqiq.ShamAY0034125-ara1"",""openiti_dv_0744IbnCabdHadi.TanqihTahqiq.Shamela0010657-ara1""]",Same OpenITI work URI; retain versions separately.
dup_openiti_work_0745AbuHayyanGharnati.TafsirBahrMuhit,openiti_work_0745AbuHayyanGharnati.TafsirBahrMuhit,5,"[""openiti_dv_0745AbuHayyanGharnati.TafsirBahrMuhit.JK007053-ara1"",""openiti_dv_0745AbuHayyanGharnati.TafsirBahrMuhit.ShamAY0034064-ara1"",""openiti_dv_0745AbuHayyanGharnati.TafsirBahrMuhit.Shamela0023591-ara1"",""openiti_dv_0745AbuHayyanGharnati.TafsirBahrMuhit.Shia002649Vols-ara1"",""openiti_dv_0745AbuHayyanGharnati.TafsirBahrMuhit.Tafsir02019-ara1""]",Same OpenITI work URI; retain versions separately.
dup_openiti_work_0745AbuHayyanGharnati.TuhfatArib,openiti_work_0745AbuHayyanGharnati.TuhfatArib,2,"[""openiti_dv_0745AbuHayyanGharnati.TuhfatArib.Sham19Y0013304-ara1"",""openiti_dv_0745AbuHayyanGharnati.TuhfatArib.ShamAY0036738-ara2""]",Same OpenITI work URI; retain versions separately.
dup_openiti_work_0745IbnMuhammadTaqiDinIbnImam.SilahMumin,openiti_work_0745IbnMuhammadTaqiDinIbnImam.SilahMumin,2,"[""openiti_dv_0745IbnMuhammadTaqiDinIbnImam.SilahMumin.JK001236-ara1"",""openiti_dv_0745IbnMuhammadTaqiDinIbnImam.SilahMumin.Shamela0006843-ara1""]",Same OpenITI work URI; retain versions separately.
dup_openiti_work_0745MuayyadYahyaIbnHamzaCalawi.AtwaqHamama,openiti_work_0745MuayyadYahyaIbnHamzaCalawi.AtwaqHamama,2,"[""openiti_dv_0745MuayyadYahyaIbnHamzaCalawi.AtwaqHamama.ShamAY0001057-ara1"",""openiti_dv_0745MuayyadYahyaIbnHamzaCalawi.AtwaqHamama.Shamela0012791-ara1""]",Same OpenITI work URI; retain versions separately.
dup_openiti_work_0748Dhahabi.AhadithMukhtaraMinMawducat,openiti_work_0748Dhahabi.AhadithMukhtaraMinMawducat,2,"[""openiti_dv_0748Dhahabi.AhadithMukhtaraMinMawducat.JK005013-ara1"",""openiti_dv_0748Dhahabi.AhadithMukhtaraMinMawducat.Shamela0006071-ara1""]",Same OpenITI work URI; retain versions separately.
dup_openiti_work_0748Dhahabi.CibarFiKhabar,openiti_work_0748Dhahabi.CibarFiKhabar,7,"[""openiti_dv_0748Dhahabi.CibarFiKhabar.JK004500-ara1"",""openiti_dv_0748Dhahabi.CibarFiKhabar.Sham30K0002903-ara1"",""openiti_dv_0748Dhahabi.CibarFiKhabar.Sham30K0025841-ara1"",""openiti_dv_0748Dhahabi.CibarFiKhabar.Sham30K0037883-ara1"",""openiti_dv_0748Dhahabi.CibarFiKhabar.ShamAY0033810-ara1"",""openiti_dv_0748Dhahabi.CibarFiKhabar.ShamAY0034591-ara1"",""openiti_dv_0748Dhahabi.CibarFiKhabar.Shamela0025841-ara1""]",Same OpenITI work URI; retain versions separately.
dup_openiti_work_0748Dhahabi.Culuww,openiti_work_0748Dhahabi.Culuww,2,"[""openiti_dv_0748Dhahabi.Culuww.JK001205-ara1"",""openiti_dv_0748Dhahabi.Culuww.Shamela0006463-ara1""]",Same OpenITI work URI; retain versions separately.
dup_openiti_work_0748Dhahabi.DhaylCibar,openiti_work_0748Dhahabi.DhaylCibar,2,"[""openiti_dv_0748Dhahabi.DhaylCibar.JK001291BK1-ara1"",""openiti_dv_0748Dhahabi.DhaylCibar.ShamAY0034590BK1-ara1""]",Same OpenITI work URI; retain versions separately.
dup_openiti_work_0748Dhahabi.DhikrAsma,openiti_work_0748Dhahabi.DhikrAsma,3,"[""openiti_dv_0748Dhahabi.DhikrAsma.JK000031-ara1"",""openiti_dv_0748Dhahabi.DhikrAsma.Shamela0001892-ara1"",""openiti_dv_0748Dhahabi.DhikrAsma.Shamela0012095-ara2""]",Same OpenITI work URI; retain versions separately.
dup_openiti_work_0748Dhahabi.DinarMinHadith,openiti_work_0748Dhahabi.DinarMinHadith,2,"[""openiti_dv_0748Dhahabi.DinarMinHadith.JK000699-ara1"",""openiti_dv_0748Dhahabi.DinarMinHadith.Shamela0005688-ara1""]",Same OpenITI work URI; retain versions separately.
dup_openiti_work_0748Dhahabi.HaqqJar,openiti_work_0748Dhahabi.HaqqJar,2,"[""openiti_dv_0748Dhahabi.HaqqJar.JK010221-ara1"",""openiti_dv_0748Dhahabi.HaqqJar.Shamela0011064-ara1""]",Same OpenITI work URI; retain versions separately.
dup_openiti_work_0748Dhahabi.Kabair,openiti_work_0748Dhahabi.Kabair,3,"[""openiti_dv_0748Dhahabi.Kabair.JK000429-ara1"",""openiti_dv_0748Dhahabi.Kabair.ShamAY0033744-ara2"",""openiti_dv_0748Dhahabi.Kabair.Shamela0006848-ara1""]",Same OpenITI work URI; retain versions separately.
dup_openiti_work_0748Dhahabi.Kashif,openiti_work_0748Dhahabi.Kashif,3,"[""openiti_dv_0748Dhahabi.Kashif.JK000111-ara1"",""openiti_dv_0748Dhahabi.Kashif.Shamela0002171-ara1"",""openiti_dv_0748Dhahabi.Kashif.Shia003276Vols-ara1""]",Same OpenITI work URI; retain versions separately.
dup_openiti_work_0748Dhahabi.MacrifaQurraKibar,openiti_work_0748Dhahabi.MacrifaQurraKibar,3,"[""openiti_dv_0748Dhahabi.MacrifaQurraKibar.JK000443-ara1"",""openiti_dv_0748Dhahabi.MacrifaQurraKibar.ShamAY0034609-ara1"",""openiti_dv_0748Dhahabi.MacrifaQurraKibar.Shamela0008349-ara2""]",Same OpenITI work URI; retain versions separately.
dup_openiti_work_0748Dhahabi.MizanIctidal,openiti_work_0748Dhahabi.MizanIctidal,5,"[""openiti_dv_0748Dhahabi.MizanIctidal.JK001293BK1-ara1"",""openiti_dv_0748Dhahabi.MizanIctidal.ShamAY0034601BK1-ara1"",""openiti_dv_0748Dhahabi.MizanIctidal.ShamAY0034652-ara2"",""openiti_dv_0748Dhahabi.MizanIctidal.Shamela0001692-ara3"",""openiti_dv_0748Dhahabi.MizanIctidal.Shia003306Vols-ara3""]",Same OpenITI work URI; retain versions separately.
dup_openiti_work_0748Dhahabi.MucinFiTabaqatMuhaddithin,openiti_work_0748Dhahabi.MucinFiTabaqatMuhaddithin,2,"[""openiti_dv_0748Dhahabi.MucinFiTabaqatMuhaddithin.JK000658-ara1"",""openiti_dv_0748Dhahabi.MucinFiTabaqatMuhaddithin.Shamela0005889-ara1""]",Same OpenITI work URI; retain versions separately.
dup_openiti_work_0748Dhahabi.MucjamLatif,openiti_work_0748Dhahabi.MucjamLatif,2,"[""openiti_dv_0748Dhahabi.MucjamLatif.ShamAY0033668-ara1"",""openiti_dv_0748Dhahabi.MucjamLatif.Shamela0030673-ara1""]",Same OpenITI work URI; retain versions separately.
dup_openiti_work_0748Dhahabi.MucjamMuhaddithin,openiti_work_0748Dhahabi.MucjamMuhaddithin,4,"[""openiti_dv_0748Dhahabi.MucjamMuhaddithin.JK000763-ara1"",""openiti_dv_0748Dhahabi.MucjamMuhaddithin.JK001152-ara2"",""openiti_dv_0748Dhahabi.MucjamMuhaddithin.ShamAY0034631-ara2"",""openiti_dv_0748Dhahabi.MucjamMuhaddithin.Shamela0009869-ara1""]",Same OpenITI work URI; retain versions separately.
dup_openiti_work_0748Dhahabi.MughniFiDucafa,openiti_work_0748Dhahabi.MughniFiDucafa,2,"[""openiti_dv_0748Dhahabi.MughniFiDucafa.JK001307-ara1"",""openiti_dv_0748Dhahabi.MughniFiDucafa.Shamela0005836-ara1""]",Same OpenITI work URI; retain versions separately.
dup_openiti_work_0748Dhahabi.MukhtasarMinDubaythi,openiti_work_0748Dhahabi.MukhtasarMinDubaythi,3,"[""openiti_dv_0748Dhahabi.MukhtasarMinDubaythi.JK009161-ara1"",""openiti_dv_0748Dhahabi.MukhtasarMinDubaythi.Shamela0023764BK2-ara1"",""openiti_dv_0748Dhahabi.MukhtasarMinDubaythi.Shia003278-ara1""]",Same OpenITI work URI; retain versions separately.
dup_openiti_work_0748Dhahabi.MuntaqaMinMinhajIctidal,openiti_work_0748Dhahabi.MuntaqaMinMinhajIctidal,2,"[""openiti_dv_0748Dhahabi.MuntaqaMinMinhajIctidal.JK001173-ara1"",""openiti_dv_0748Dhahabi.MuntaqaMinMinhajIctidal.Shamela0006531-ara1""]",Same OpenITI work URI; retain versions separately.
dup_openiti_work_0748Dhahabi.Muqtana,openiti_work_0748Dhahabi.Muqtana,2,"[""openiti_dv_0748Dhahabi.Muqtana.JK001489-ara1"",""openiti_dv_0748Dhahabi.Muqtana.Shamela0007271-ara1""]",Same OpenITI work URI; retain versions separately.
dup_openiti_work_0748Dhahabi.Radd,openiti_work_0748Dhahabi.Radd,2,"[""openiti_dv_0748Dhahabi.Radd.JK009387-ara1"",""openiti_dv_0748Dhahabi.Radd.Shamela0009075-ara1""]",Same OpenITI work URI; retain versions separately.
dup_openiti_work_0748Dhahabi.RisalaTuruqHadith,openiti_work_0748Dhahabi.RisalaTuruqHadith,2,"[""openiti_dv_0748Dhahabi.RisalaTuruqHadith.Masaha002199-ara1"",""openiti_dv_0748Dhahabi.RisalaTuruqHadith.Shamela0002582-ara1""]",Same OpenITI work URI; retain versions separately.
dup_openiti_work_0748Dhahabi.RuwatThiqat,openiti_work_0748Dhahabi.RuwatThiqat,2,"[""openiti_dv_0748Dhahabi.RuwatThiqat.JK001220-ara1"",""openiti_dv_0748Dhahabi.RuwatThiqat.Shamela0005817-ara1""]",Same OpenITI work URI; retain versions separately.
dup_openiti_work_0748Dhahabi.SiyarAclamNubala,openiti_work_0748Dhahabi.SiyarAclamNubala,9,"[""openiti_dv_0748Dhahabi.SiyarAclamNubala.JK000151-ara1"",""openiti_dv_0748Dhahabi.SiyarAclamNubala.Sham30K0010906-ara1"",""openiti_dv_0748Dhahabi.SiyarAclamNubala.Sham30K0022669-ara2"",""openiti_dv_0748Dhahabi.SiyarAclamNubala.Sham30K0034515-ara1"",""openiti_dv_0748Dhahabi.SiyarAclamNubala.Sham30K0034996-ara1"",""openiti_dv_0748Dhahabi.SiyarAclamNubala.Sham30K0046068-ara1"",""openiti_dv_0748Dhahabi.SiyarAclamNubala.Shamela0010906-ara1"",""openiti_dv_0748Dhahabi.SiyarAclamNubala.Shamela0022669-ara2"",""openiti_dv_0748Dhahabi.SiyarAclamNubala.Shia003283Vols-ara1""]",Same OpenITI work URI; retain versions separately.
dup_openiti_work_0748Dhahabi.TadhkiratHuffaz,openiti_work_0748Dhahabi.TadhkiratHuffaz,4,"[""openiti_dv_0748Dhahabi.TadhkiratHuffaz.JK000532-ara1"",""openiti_dv_0748Dhahabi.TadhkiratHuffaz.ShamAY0038192-ara2"",""openiti_dv_0748Dhahabi.TadhkiratHuffaz.Shamela0001583-ara2"",""openiti_dv_0748Dhahabi.TadhkiratHuffaz.Shia003279Vols-ara1""]",Same OpenITI work URI; retain versions separately.
dup_openiti_work_0748Dhahabi.TalkhisMawducatIbnJawzi,openiti_work_0748Dhahabi.TalkhisMawducatIbnJawzi,2,"[""openiti_dv_0748Dhahabi.TalkhisMawducatIbnJawzi.JK005018-ara1"",""openiti_dv_0748Dhahabi.TalkhisMawducatIbnJawzi.Shamela0006068-ara1""]",Same OpenITI work URI; retain versions separately.
dup_openiti_work_0748Dhahabi.TamassukBiSunan,openiti_work_0748Dhahabi.TamassukBiSunan,2,"[""openiti_dv_0748Dhahabi.TamassukBiSunan.JK009393-ara1"",""openiti_dv_0748Dhahabi.TamassukBiSunan.Shamela0010321-ara1""]",Same OpenITI work URI; retain versions separately.
dup_openiti_work_0748Dhahabi.TanqihTahqiq,openiti_work_0748Dhahabi.TanqihTahqiq,3,"[""openiti_dv_0748Dhahabi.TanqihTahqiq.JK007039-ara1"",""openiti_dv_0748Dhahabi.TanqihTahqiq.Shamela0022848-ara1"",""openiti_dv_0748Dhahabi.TanqihTahqiq.Shia002211Vols-ara1""]",Same OpenITI work URI; retain versions separately.
dup_openiti_work_0748Dhahabi.TarikhIslam,openiti_work_0748Dhahabi.TarikhIslam,12,"[""openiti_dv_0748Dhahabi.TarikhIslam.JK007088-ara1"",""openiti_dv_0748Dhahabi.TarikhIslam.Masaha002238Vols-ara1"",""openiti_dv_0748Dhahabi.TarikhIslam.Sham30K0004263-ara1"",""openiti_dv_0748Dhahabi.TarikhIslam.Sham30K0012397-ara1"",""openiti_dv_0748Dhahabi.TarikhIslam.Sham30K0022771-ara1"",""openiti_dv_0748Dhahabi.TarikhIslam.Sham30K0034409-ara1"",""openiti_dv_0748Dhahabi.TarikhIslam.Sham30K0036549-ara1"",""openiti_dv_0748Dhahabi.TarikhIslam.Sham30K0045037-ara1"",""openiti_dv_0748Dhahabi.TarikhIslam.Shamela0012397-ara1"",""openiti_dv_0748Dhahabi.TarikhIslam.Shamela0022771-ara1"",""openiti_dv_0748Dhahabi.TarikhIslam.Shamela0035100-ara1"",""openiti_dv_0748Dhahabi.TarikhIslam.Shia003512Vols-ara1""]",Same OpenITI work URI; retain versions separately.
dup_openiti_work_0748Dhahabi.TarjamatBirzali,openiti_work_0748Dhahabi.TarjamatBirzali,2,"[""openiti_dv_0748Dhahabi.TarjamatBirzali.JK001265BK2-ara1"",""openiti_dv_0748Dhahabi.TarjamatBirzali.Shamela0006653BK2-ara1""]",Same OpenITI work URI; retain versions separately.
dup_openiti_work_0748Dhahabi.TarjamatIbnTaymiyya,openiti_work_0748Dhahabi.TarjamatIbnTaymiyya,3,"[""openiti_dv_0748Dhahabi.TarjamatIbnTaymiyya.JK001265BK1-ara1"",""openiti_dv_0748Dhahabi.TarjamatIbnTaymiyya.ShamAY0034384-ara1"",""openiti_dv_0748Dhahabi.TarjamatIbnTaymiyya.Shamela0006653BK1-ara1""]",Same OpenITI work URI; retain versions separately.
dup_openiti_work_0748Dhahabi.TarjamatMizzi,openiti_work_0748Dhahabi.TarjamatMizzi,2,"[""openiti_dv_0748Dhahabi.TarjamatMizzi.JK001265BK3-ara1"",""openiti_dv_0748Dhahabi.TarjamatMizzi.Shamela0006653BK3-ara1""]",Same OpenITI work URI; retain versions separately.
dup_openiti_work_0748Dhahabi.ZaghlCilm,openiti_work_0748Dhahabi.ZaghlCilm,2,"[""openiti_dv_0748Dhahabi.ZaghlCilm.JK006953-ara1"",""openiti_dv_0748Dhahabi.ZaghlCilm.Shamela0006342-ara1""]",Same OpenITI work URI; retain versions separately.
dup_openiti_work_0749BadrDinMisriMuradi.JanaDani,openiti_work_0749BadrDinMisriMuradi.JanaDani,2,"[""openiti_dv_0749BadrDinMisriMuradi.JanaDani.JK010091-ara1"",""openiti_dv_0749BadrDinMisriMuradi.JanaDani.Shamela0026099-ara1""]",Same OpenITI work URI; retain versions separately.
dup_openiti_work_0749IbnAkfaniSinjari.IrshadQasid,openiti_work_0749IbnAkfaniSinjari.IrshadQasid,4,"[""openiti_dv_0749IbnAkfaniSinjari.IrshadQasid.KetabOnline01046403-ara2"",""openiti_dv_0749IbnAkfaniSinjari.IrshadQasid.Kraken220709160914-ara1"",""openiti_dv_0749IbnAkfaniSinjari.IrshadQasid.Kraken220712113348-ara3"",""openiti_dv_0749IbnAkfaniSinjari.IrshadQasid.ShamDhahabiyya01046403-ara2""]",Same OpenITI work URI; retain versions separately.
dup_openiti_work_0749IbnCaliSirajDinBazzar.AclamCaliyya,openiti_work_0749IbnCaliSirajDinBazzar.AclamCaliyya,3,"[""openiti_dv_0749IbnCaliSirajDinBazzar.AclamCaliyya.JK000369-ara1"",""openiti_dv_0749IbnCaliSirajDinBazzar.AclamCaliyya.ShamAY0038476BK2-ara1"",""openiti_dv_0749IbnCaliSirajDinBazzar.AclamCaliyya.Shamela0006659-ara1""]",Same OpenITI work URI; retain versions separately.
dup_openiti_work_0749IbnDimyati.Mustafad,openiti_work_0749IbnDimyati.Mustafad,3,"[""openiti_dv_0749IbnDimyati.Mustafad.JK009162-ara1"",""openiti_dv_0749IbnDimyati.Mustafad.Shamela0023764BK4-ara1"",""openiti_dv_0749IbnDimyati.Mustafad.Shia003310-ara1""]",Same OpenITI work URI; retain versions separately.
dup_openiti_work_0749IbnFadlAllahCumari.MasalikAbsar,openiti_work_0749IbnFadlAllahCumari.MasalikAbsar,3,"[""openiti_dv_0749IbnFadlAllahCumari.MasalikAbsar.JK010407-ara1"",""openiti_dv_0749IbnFadlAllahCumari.MasalikAbsar.Kraken210630005153-ara1"",""openiti_dv_0749IbnFadlAllahCumari.MasalikAbsar.Shamela0011790-ara1""]",Same OpenITI work URI; retain versions separately.
dup_openiti_work_0749IbnFadlAllahCumari.TacrifBiMustalahSharif,openiti_work_0749IbnFadlAllahCumari.TacrifBiMustalahSharif,2,"[""openiti_dv_0749IbnFadlAllahCumari.TacrifBiMustalahSharif.ShamAY0000446-ara1"",""openiti_dv_0749IbnFadlAllahCumari.TacrifBiMustalahSharif.Shamela0037051-ara1""]",Same OpenITI work URI; retain versions separately.
dup_openiti_work_0749IbnJabirWadiAshi.Barnamaj,openiti_work_0749IbnJabirWadiAshi.Barnamaj,2,"[""openiti_dv_0749IbnJabirWadiAshi.Barnamaj.JK001279-ara1"",""openiti_dv_0749IbnJabirWadiAshi.Barnamaj.Shamela0010740-ara1""]",Same OpenITI work URI; retain versions separately.
dup_openiti_work_0749MuayyadYahya.DibajWadi,openiti_work_0749MuayyadYahya.DibajWadi,2,"[""openiti_dv_0749MuayyadYahya.DibajWadi.Zaydiyya0000272-ara1"",""openiti_dv_0749MuayyadYahya.DibajWadi.Zaydiyya0000543-ara1""]",Same OpenITI work URI; retain versions separately.
dup_openiti_work_0749MuayyadYahya.Intisar,openiti_work_0749MuayyadYahya.Intisar,3,"[""openiti_dv_0749MuayyadYahya.Intisar.Zaydiyya0000162-ara1"",""openiti_dv_0749MuayyadYahya.Intisar.Zaydiyya0000391Vols-ara2"",""openiti_dv_0749MuayyadYahya.Intisar.Zaydiyya0000393Vols-ara3""]",Same OpenITI work URI; retain versions separately.
dup_openiti_work_0749ZaynDinIbnWardi.Tarikh,openiti_work_0749ZaynDinIbnWardi.Tarikh,2,"[""openiti_dv_0749ZaynDinIbnWardi.Tarikh.JK009147-ara1"",""openiti_dv_0749ZaynDinIbnWardi.Tarikh.Shamela0006624-ara1""]",Same OpenITI work URI; retain versions separately.
dup_openiti_work_0750IbnTurkamani.JawharNaqi,openiti_work_0750IbnTurkamani.JawharNaqi,3,"[""openiti_dv_0750IbnTurkamani.JawharNaqi.JK011184-ara1"",""openiti_dv_0750IbnTurkamani.JawharNaqi.Shamela0001184-ara1"",""openiti_dv_0750IbnTurkamani.JawharNaqi.Shia000963Vols-ara1""]",Same OpenITI work URI; retain versions separately.
dup_openiti_work_0750IbnYusufZarandi.MacarijWusul,openiti_work_0750IbnYusufZarandi.MacarijWusul,2,"[""openiti_dv_0750IbnYusufZarandi.MacarijWusul.Masaha002855-ara1"",""openiti_dv_0750IbnYusufZarandi.MacarijWusul.Shia003716-ara1""]",Same OpenITI work URI; retain versions separately.
dup_openiti_work_0750IbnYusufZarandi.NazmDurar,openiti_work_0750IbnYusufZarandi.NazmDurar,2,"[""openiti_dv_0750IbnYusufZarandi.NazmDurar.Masaha003104-ara1"",""openiti_dv_0750IbnYusufZarandi.NazmDurar.Shia002213-ara1""]",Same OpenITI work URI; retain versions separately.
dup_openiti_work_0750PseudoIbnFuwati.Hawadith,openiti_work_0750PseudoIbnFuwati.Hawadith,3,"[""openiti_dv_0750PseudoIbnFuwati.Hawadith.JK009307-ara1"",""openiti_dv_0750PseudoIbnFuwati.Hawadith.ShamAY0037156-ara1"",""openiti_dv_0750PseudoIbnFuwati.Hawadith.Shamela0000400-ara1""]",Same OpenITI work URI; retain versions separately.
dup_openiti_work_0750SafiDinHilli.Diwan,openiti_work_0750SafiDinHilli.Diwan,2,"[""openiti_dv_0750SafiDinHilli.Diwan.JK007639-ara1"",""openiti_dv_0750SafiDinHilli.Diwan.ShamAY0037951-ara1""]",Same OpenITI work URI; retain versions separately.
dup_openiti_work_0751IbnQayyimJawziyya.AclamMuwaqqicin,openiti_work_0751IbnQayyimJawziyya.AclamMuwaqqicin,5,"[""openiti_dv_0751IbnQayyimJawziyya.AclamMuwaqqicin.JK000094-ara1"",""openiti_dv_0751IbnQayyimJawziyya.AclamMuwaqqicin.Sham19Y0017798-ara1"",""openiti_dv_0751IbnQayyimJawziyya.AclamMuwaqqicin.ShamAY0034410-ara1"",""openiti_dv_0751IbnQayyimJawziyya.AclamMuwaqqicin.ShamAY0034411-ara1"",""openiti_dv_0751IbnQayyimJawziyya.AclamMuwaqqicin.Shamela0011496-ara1""]",Same OpenITI work URI; retain versions separately.
dup_openiti_work_0751IbnQayyimJawziyya.AhkamAhlDhimma,openiti_work_0751IbnQayyimJawziyya.AhkamAhlDhimma,3,"[""openiti_dv_0751IbnQayyimJawziyya.AhkamAhlDhimma.JK000103-ara1"",""openiti_dv_0751IbnQayyimJawziyya.AhkamAhlDhimma.ShamAY0034409-ara1"",""openiti_dv_0751IbnQayyimJawziyya.AhkamAhlDhimma.Shamela0021747-ara1""]",Same OpenITI work URI; retain versions separately.
dup_openiti_work_0751IbnQayyimJawziyya.AmthalFiQuran,openiti_work_0751IbnQayyimJawziyya.AmthalFiQuran,4,"[""openiti_dv_0751IbnQayyimJawziyya.AmthalFiQuran.JK000869-ara1"",""openiti_dv_0751IbnQayyimJawziyya.AmthalFiQuran.ShamAY0034421-ara1"",""openiti_dv_0751IbnQayyimJawziyya.AmthalFiQuran.Shamela0000928-ara1"",""openiti_dv_0751IbnQayyimJawziyya.AmthalFiQuran.Shia002657-ara1""]",Same OpenITI work URI; retain versions separately.
dup_openiti_work_0751IbnQayyimJawziyya.AsmaMuallafatIbnTaymiya,openiti_work_0751IbnQayyimJawziyya.AsmaMuallafatIbnTaymiya,2,"[""openiti_dv_0751IbnQayyimJawziyya.AsmaMuallafatIbnTaymiya.JK000093-ara1"",""openiti_dv_0751IbnQayyimJawziyya.AsmaMuallafatIbnTaymiya.Shamela0010713-ara1""]",Same OpenITI work URI; retain versions separately.
dup_openiti_work_0751IbnQayyimJawziyya.BadaicFawaid,openiti_work_0751IbnQayyimJawziyya.BadaicFawaid,4,"[""openiti_dv_0751IbnQayyimJawziyya.BadaicFawaid.JK000064-ara1"",""openiti_dv_0751IbnQayyimJawziyya.BadaicFawaid.Sham19Y0145410-ara1"",""openiti_dv_0751IbnQayyimJawziyya.BadaicFawaid.ShamAY0034433-ara1"",""openiti_dv_0751IbnQayyimJawziyya.BadaicFawaid.Shamela0012003-ara1""]",Same OpenITI work URI; retain versions separately.
dup_openiti_work_0751IbnQayyimJawziyya.CuddatSabirin,openiti_work_0751IbnQayyimJawziyya.CuddatSabirin,4,"[""openiti_dv_0751IbnQayyimJawziyya.CuddatSabirin.JK000057-ara1"",""openiti_dv_0751IbnQayyimJawziyya.CuddatSabirin.ShamAY0034428-ara1"",""openiti_dv_0751IbnQayyimJawziyya.CuddatSabirin.ShamAY0038389-ara3"",""openiti_dv_0751IbnQayyimJawziyya.CuddatSabirin.Shamela0011274-ara1""]",Same OpenITI work URI; retain versions separately.
dup_openiti_work_0751IbnQayyimJawziyya.DaWaDawa,openiti_work_0751IbnQayyimJawziyya.DaWaDawa,5,"[""openiti_dv_0751IbnQayyimJawziyya.DaWaDawa.JK000062-ara1"",""openiti_dv_0751IbnQayyimJawziyya.DaWaDawa.ShamAY0034414-ara1"",""openiti_dv_0751IbnQayyimJawziyya.DaWaDawa.ShamAY0038516-ara1"",""openiti_dv_0751IbnQayyimJawziyya.DaWaDawa.Shamela0000158-ara1"",""openiti_dv_0751IbnQayyimJawziyya.DaWaDawa.Shamela0098093-ara1""]",Same OpenITI work URI; retain versions separately.
dup_openiti_work_0751IbnQayyimJawziyya.Fawaid,openiti_work_0751IbnQayyimJawziyya.Fawaid,2,"[""openiti_dv_0751IbnQayyimJawziyya.Fawaid.JK000060-ara1"",""openiti_dv_0751IbnQayyimJawziyya.Fawaid.Shamela0006832-ara1""]",Same OpenITI work URI; retain versions separately.
dup_openiti_work_0751IbnQayyimJawziyya.Furusiyya,openiti_work_0751IbnQayyimJawziyya.Furusiyya,3,"[""openiti_dv_0751IbnQayyimJawziyya.Furusiyya.JK000106-ara1"",""openiti_dv_0751IbnQayyimJawziyya.Furusiyya.Sham19Y0018169-ara1"",""openiti_dv_0751IbnQayyimJawziyya.Furusiyya.Shamela0006275-ara1""]",Same OpenITI work URI; retain versions separately.
dup_openiti_work_0751IbnQayyimJawziyya.HadiArwah,openiti_work_0751IbnQayyimJawziyya.HadiArwah,3,"[""openiti_dv_0751IbnQayyimJawziyya.HadiArwah.JK000083-ara1"",""openiti_dv_0751IbnQayyimJawziyya.HadiArwah.ShamAY0034425-ara1"",""openiti_dv_0751IbnQayyimJawziyya.HadiArwah.Shamela0011147-ara1""]",Same OpenITI work URI; retain versions separately.
dup_openiti_work_0751IbnQayyimJawziyya.HashiyaCalaSunanAbiDawud,openiti_work_0751IbnQayyimJawziyya.HashiyaCalaSunanAbiDawud,2,"[""openiti_dv_0751IbnQayyimJawziyya.HashiyaCalaSunanAbiDawud.JK000097-ara1"",""openiti_dv_0751IbnQayyimJawziyya.HashiyaCalaSunanAbiDawud.ShamAY0033523-ara2""]",Same OpenITI work URI; retain versions separately.
dup_openiti_work_0751IbnQayyimJawziyya.HidayatHayara,openiti_work_0751IbnQayyimJawziyya.HidayatHayara,4,"[""openiti_dv_0751IbnQayyimJawziyya.HidayatHayara.JK000089-ara1"",""openiti_dv_0751IbnQayyimJawziyya.HidayatHayara.ShamAY0034429-ara1"",""openiti_dv_0751IbnQayyimJawziyya.HidayatHayara.ShamAY0034430-ara3"",""openiti_dv_0751IbnQayyimJawziyya.HidayatHayara.Shamela0022707-ara1""]",Same OpenITI work URI; retain versions separately.
dup_openiti_work_0751IbnQayyimJawziyya.IghathatLahfan,openiti_work_0751IbnQayyimJawziyya.IghathatLahfan,7,"[""openiti_dv_0751IbnQayyimJawziyya.IghathatLahfan.JK000087-ara1"",""openiti_dv_0751IbnQayyimJawziyya.IghathatLahfan.JK000091-ara1"",""openiti_dv_0751IbnQayyimJawziyya.IghathatLahfan.Sham19Y0018612-ara1"",""openiti_dv_0751IbnQayyimJawziyya.IghathatLahfan.Sham19Y0019225-ara1"",""openiti_dv_0751IbnQayyimJawziyya.IghathatLahfan.ShamAY0034412-ara1"",""openiti_dv_0751IbnQayyimJawziyya.IghathatLahfan.Shamela0007513-ara1"",""openiti_dv_0751IbnQayyimJawziyya.IghathatLahfan.Shamela0011688-ara1""]",Same OpenITI work URI; retain versions separately.
dup_openiti_work_0751IbnQayyimJawziyya.IjtimacJuyush,openiti_work_0751IbnQayyimJawziyya.IjtimacJuyush,5,"[""openiti_dv_0751IbnQayyimJawziyya.IjtimacJuyush.JK000090-ara1"",""openiti_dv_0751IbnQayyimJawziyya.IjtimacJuyush.Sham19Y0018632-ara1"",""openiti_dv_0751IbnQayyimJawziyya.IjtimacJuyush.ShamAY0033845-ara1"",""openiti_dv_0751IbnQayyimJawziyya.IjtimacJuyush.ShamAY0034408-ara1"",""openiti_dv_0751IbnQayyimJawziyya.IjtimacJuyush.Shamela0021714-ara1""]",Same OpenITI work URI; retain versions separately.
dup_openiti_work_0751IbnQayyimJawziyya.JalaAfham,openiti_work_0751IbnQayyimJawziyya.JalaAfham,4,"[""openiti_dv_0751IbnQayyimJawziyya.JalaAfham.JK000088-ara1"",""openiti_dv_0751IbnQayyimJawziyya.JalaAfham.ShamAY0034424-ara3"",""openiti_dv_0751IbnQayyimJawziyya.JalaAfham.ShamAY0038324-ara2"",""openiti_dv_0751IbnQayyimJawziyya.JalaAfham.Shamela0006829-ara1""]",Same OpenITI work URI; retain versions separately.
dup_openiti_work_0751IbnQayyimJawziyya.JawabFiSiyaghHamd,openiti_work_0751IbnQayyimJawziyya.JawabFiSiyaghHamd,2,"[""openiti_dv_0751IbnQayyimJawziyya.JawabFiSiyaghHamd.JK000059-ara1"",""openiti_dv_0751IbnQayyimJawziyya.JawabFiSiyaghHamd.Shamela0006841-ara1""]",Same OpenITI work URI; retain versions separately.
dup_openiti_work_0751IbnQayyimJawziyya.KafiyaShafiya,openiti_work_0751IbnQayyimJawziyya.KafiyaShafiya,3,"[""openiti_dv_0751IbnQayyimJawziyya.KafiyaShafiya.ShamAY0034419-ara1"",""openiti_dv_0751IbnQayyimJawziyya.KafiyaShafiya.ShamAY0038329-ara1"",""openiti_dv_0751IbnQayyimJawziyya.KafiyaShafiya.Shamela0011375-ara1""]",Same OpenITI work URI; retain versions separately.
dup_openiti_work_0751IbnQayyimJawziyya.MadarijSalikin,openiti_work_0751IbnQayyimJawziyya.MadarijSalikin,2,"[""openiti_dv_0751IbnQayyimJawziyya.MadarijSalikin.JK000081-ara1"",""openiti_dv_0751IbnQayyimJawziyya.MadarijSalikin.Shamela0008370-ara1""]",Same OpenITI work URI; retain versions separately.
dup_openiti_work_0751IbnQayyimJawziyya.ManarMunif,openiti_work_0751IbnQayyimJawziyya.ManarMunif,3,"[""openiti_dv_0751IbnQayyimJawziyya.ManarMunif.JK000092-ara1"",""openiti_dv_0751IbnQayyimJawziyya.ManarMunif.ShamAY0038386-ara1"",""openiti_dv_0751IbnQayyimJawziyya.ManarMunif.Shamela0008566-ara1""]",Same OpenITI work URI; retain versions separately.
dup_openiti_work_0751IbnQayyimJawziyya.MiftahDarSacada,openiti_work_0751IbnQayyimJawziyya.MiftahDarSacada,3,"[""openiti_dv_0751IbnQayyimJawziyya.MiftahDarSacada.JK000082-ara1"",""openiti_dv_0751IbnQayyimJawziyya.MiftahDarSacada.Sham19Y0145411-ara2"",""openiti_dv_0751IbnQayyimJawziyya.MiftahDarSacada.Shamela0006840-ara1""]",Same OpenITI work URI; retain versions separately.
dup_openiti_work_0751IbnQayyimJawziyya.NaqdManqul,openiti_work_0751IbnQayyimJawziyya.NaqdManqul,2,"[""openiti_dv_0751IbnQayyimJawziyya.NaqdManqul.JK000096-ara1"",""openiti_dv_0751IbnQayyimJawziyya.NaqdManqul.ShamAY0034407-ara1""]",Same OpenITI work URI; retain versions separately.
dup_openiti_work_0751IbnQayyimJawziyya.RawdatMuhibbin,openiti_work_0751IbnQayyimJawziyya.RawdatMuhibbin,3,"[""openiti_dv_0751IbnQayyimJawziyya.RawdatMuhibbin.JK000063-ara1"",""openiti_dv_0751IbnQayyimJawziyya.RawdatMuhibbin.ShamAY0038393-ara2"",""openiti_dv_0751IbnQayyimJawziyya.RawdatMuhibbin.Shamela0011229-ara1""]",Same OpenITI work URI; retain versions separately.
dup_openiti_work_0751IbnQayyimJawziyya.RisalaIlaAhadIkhwan,openiti_work_0751IbnQayyimJawziyya.RisalaIlaAhadIkhwan,3,"[""openiti_dv_0751IbnQayyimJawziyya.RisalaIlaAhadIkhwan.JK001063-ara1"",""openiti_dv_0751IbnQayyimJawziyya.RisalaIlaAhadIkhwan.ShamAY0038350-ara1"",""openiti_dv_0751IbnQayyimJawziyya.RisalaIlaAhadIkhwan.Shamela0006666-ara1""]",Same OpenITI work URI; retain versions separately.
dup_openiti_work_0751IbnQayyimJawziyya.RisalaTabukiyya,openiti_work_0751IbnQayyimJawziyya.RisalaTabukiyya,3,"[""openiti_dv_0751IbnQayyimJawziyya.RisalaTabukiyya.JK000058-ara1"",""openiti_dv_0751IbnQayyimJawziyya.RisalaTabukiyya.Sham19Y0014211-ara1"",""openiti_dv_0751IbnQayyimJawziyya.RisalaTabukiyya.Shamela0007632-ara1""]",Same OpenITI work URI; retain versions separately.
dup_openiti_work_0751IbnQayyimJawziyya.RuhFiKalam,openiti_work_0751IbnQayyimJawziyya.RuhFiKalam,4,"[""openiti_dv_0751IbnQayyimJawziyya.RuhFiKalam.JK000056-ara1"",""openiti_dv_0751IbnQayyimJawziyya.RuhFiKalam.ShamAY0034432-ara1"",""openiti_dv_0751IbnQayyimJawziyya.RuhFiKalam.ShamAY0038394-ara1"",""openiti_dv_0751IbnQayyimJawziyya.RuhFiKalam.Shamela0006462-ara1""]",Same OpenITI work URI; retain versions separately.
dup_openiti_work_0751IbnQayyimJawziyya.Salat,openiti_work_0751IbnQayyimJawziyya.Salat,3,"[""openiti_dv_0751IbnQayyimJawziyya.Salat.JK000099-ara1"",""openiti_dv_0751IbnQayyimJawziyya.Salat.ShamAY0034415-ara1"",""openiti_dv_0751IbnQayyimJawziyya.Salat.Shamela0007661-ara1""]",Same OpenITI work URI; retain versions separately.
dup_openiti_work_0751IbnQayyimJawziyya.SawaciqMursala,openiti_work_0751IbnQayyimJawziyya.SawaciqMursala,2,"[""openiti_dv_0751IbnQayyimJawziyya.SawaciqMursala.JK000101-ara1"",""openiti_dv_0751IbnQayyimJawziyya.SawaciqMursala.Shamela0007345-ara1""]",Same OpenITI work URI; retain versions separately.
dup_openiti_work_0751IbnQayyimJawziyya.ShifaCalil,openiti_work_0751IbnQayyimJawziyya.ShifaCalil,4,"[""openiti_dv_0751IbnQayyimJawziyya.ShifaCalil.JK000100-ara1"",""openiti_dv_0751IbnQayyimJawziyya.ShifaCalil.ShamAY0034403-ara3"",""openiti_dv_0751IbnQayyimJawziyya.ShifaCalil.ShamAY0034426-ara1"",""openiti_dv_0751IbnQayyimJawziyya.ShifaCalil.Shamela0012021-ara1""]",Same OpenITI work URI; retain versions separately.
dup_openiti_work_0751IbnQayyimJawziyya.TariqHijratayn,openiti_work_0751IbnQayyimJawziyya.TariqHijratayn,4,"[""openiti_dv_0751IbnQayyimJawziyya.TariqHijratayn.JK000065-ara1"",""openiti_dv_0751IbnQayyimJawziyya.TariqHijratayn.ShamAY0034427-ara1"",""openiti_dv_0751IbnQayyimJawziyya.TariqHijratayn.ShamAY0038387-ara3"",""openiti_dv_0751IbnQayyimJawziyya.TariqHijratayn.Shamela0012029-ara1""]",Same OpenITI work URI; retain versions separately.
dup_openiti_work_0751IbnQayyimJawziyya.TibbNabawi,openiti_work_0751IbnQayyimJawziyya.TibbNabawi,6,"[""openiti_dv_0751IbnQayyimJawziyya.TibbNabawi.JK000010-ara1"",""openiti_dv_0751IbnQayyimJawziyya.TibbNabawi.Masaha002051-ara1"",""openiti_dv_0751IbnQayyimJawziyya.TibbNabawi.ShamAY0034416-ara1"",""openiti_dv_0751IbnQayyimJawziyya.TibbNabawi.ShamAY0034417-ara1"",""openiti_dv_0751IbnQayyimJawziyya.TibbNabawi.Shamela0023649-ara1"",""openiti_dv_0751IbnQayyimJawziyya.TibbNabawi.Shia004672-ara1""]",Same OpenITI work URI; retain versions separately.
dup_openiti_work_0751IbnQayyimJawziyya.TibyanFiAqsamQuran,openiti_work_0751IbnQayyimJawziyya.TibyanFiAqsamQuran,4,"[""openiti_dv_0751IbnQayyimJawziyya.TibyanFiAqsamQuran.JK000102-ara1"",""openiti_dv_0751IbnQayyimJawziyya.TibyanFiAqsamQuran.Sham19Y0018337-ara1"",""openiti_dv_0751IbnQayyimJawziyya.TibyanFiAqsamQuran.ShamAY0034413-ara1"",""openiti_dv_0751IbnQayyimJawziyya.TibyanFiAqsamQuran.Shamela0007572-ara1""]",Same OpenITI work URI; retain versions separately.
dup_openiti_work_0751IbnQayyimJawziyya.TuhfatMawdud,openiti_work_0751IbnQayyimJawziyya.TuhfatMawdud,3,"[""openiti_dv_0751IbnQayyimJawziyya.TuhfatMawdud.JK000095-ara1"",""openiti_dv_0751IbnQayyimJawziyya.TuhfatMawdud.ShamAY0034423-ara2"",""openiti_dv_0751IbnQayyimJawziyya.TuhfatMawdud.Shamela0006266-ara1""]",Same OpenITI work URI; retain versions separately.
dup_openiti_work_0751IbnQayyimJawziyya.TuruqHukmiyya,openiti_work_0751IbnQayyimJawziyya.TuruqHukmiyya,4,"[""openiti_dv_0751IbnQayyimJawziyya.TuruqHukmiyya.JK000104-ara1"",""openiti_dv_0751IbnQayyimJawziyya.TuruqHukmiyya.Sham19Y0018159-ara1"",""openiti_dv_0751IbnQayyimJawziyya.TuruqHukmiyya.ShamAY0034418-ara1"",""openiti_dv_0751IbnQayyimJawziyya.TuruqHukmiyya.Shamela0011495-ara1""]",Same OpenITI work URI; retain versions separately.
dup_openiti_work_0751IbnQayyimJawziyya.WabilSayyib,openiti_work_0751IbnQayyimJawziyya.WabilSayyib,3,"[""openiti_dv_0751IbnQayyimJawziyya.WabilSayyib.JK000069-ara1"",""openiti_dv_0751IbnQayyimJawziyya.WabilSayyib.ShamAY0034420-ara1"",""openiti_dv_0751IbnQayyimJawziyya.WabilSayyib.Shamela0000216-ara1""]",Same OpenITI work URI; retain versions separately.
dup_openiti_work_0751IbnQayyimJawziyya.ZadMacad,openiti_work_0751IbnQayyimJawziyya.ZadMacad,2,"[""openiti_dv_0751IbnQayyimJawziyya.ZadMacad.JK000105-ara1"",""openiti_dv_0751IbnQayyimJawziyya.ZadMacad.Shamela0021713-ara1""]",Same OpenITI work URI; retain versions separately.
dup_openiti_work_0756CadudDinIji.Mawaqif,openiti_work_0756CadudDinIji.Mawaqif,3,"[""openiti_dv_0756CadudDinIji.Mawaqif.JK001335-ara1"",""openiti_dv_0756CadudDinIji.Mawaqif.ShamAY0033881-ara1"",""openiti_dv_0756CadudDinIji.Mawaqif.Shia002215Vols-ara1""]",Same OpenITI work URI; retain versions separately.
dup_openiti_work_0756IbnYusufSaminHalabi.DurrMasun,openiti_work_0756IbnYusufSaminHalabi.DurrMasun,3,"[""openiti_dv_0756IbnYusufSaminHalabi.DurrMasun.JK012048-ara1"",""openiti_dv_0756IbnYusufSaminHalabi.DurrMasun.Shamela0009057-ara1"",""openiti_dv_0756IbnYusufSaminHalabi.DurrMasun.Tafsir02079-ara1""]",Same OpenITI work URI; retain versions separately.
dup_openiti_work_0756TaqiDinSubki.Fatawa,openiti_work_0756TaqiDinSubki.Fatawa,2,"[""openiti_dv_0756TaqiDinSubki.Fatawa.JK007121-ara1"",""openiti_dv_0756TaqiDinSubki.Fatawa.Shamela0011498-ara1""]",Same OpenITI work URI; retain versions separately.
dup_openiti_work_0756TaqiDinSubki.Ibhaj,openiti_work_0756TaqiDinSubki.Ibhaj,3,"[""openiti_dv_0756TaqiDinSubki.Ibhaj.JK000180-ara1"",""openiti_dv_0756TaqiDinSubki.Ibhaj.Sham19Y0147104-ara3"",""openiti_dv_0756TaqiDinSubki.Ibhaj.Shamela0011727-ara1""]",Same OpenITI work URI; retain versions separately.
dup_openiti_work_0756TaqiDinSubki.IbrazHikam,openiti_work_0756TaqiDinSubki.IbrazHikam,2,"[""openiti_dv_0756TaqiDinSubki.IbrazHikam.JK010223-ara1"",""openiti_dv_0756TaqiDinSubki.IbrazHikam.Shamela0008466-ara1""]",Same OpenITI work URI; retain versions separately.
dup_openiti_work_0758MaryamSittQudatHanbaliyya.Musnad,openiti_work_0758MaryamSittQudatHanbaliyya.Musnad,2,"[""openiti_dv_0758MaryamSittQudatHanbaliyya.Musnad.JK000571-ara1"",""openiti_dv_0758MaryamSittQudatHanbaliyya.Musnad.Shamela0005680-ara1""]",Same OpenITI work URI; retain versions separately.
dup_openiti_work_0758NajmDinTarsusi.TuhfatTurk,openiti_work_0758NajmDinTarsusi.TuhfatTurk,2,"[""openiti_dv_0758NajmDinTarsusi.TuhfatTurk.JK011044-ara1"",""openiti_dv_0758NajmDinTarsusi.TuhfatTurk.Shamela0001044-ara1""]",Same OpenITI work URI; retain versions separately.
dup_openiti_work_0759AbuCabdAllahMaqqari.Qawacid,openiti_work_0759AbuCabdAllahMaqqari.Qawacid,2,"[""openiti_dv_0759AbuCabdAllahMaqqari.Qawacid.Kraken210316165200-ara1"",""openiti_dv_0759AbuCabdAllahMaqqari.Qawacid.Kraken220413030809-ara1""]",Same OpenITI work URI; retain versions separately.
dup_openiti_work_0759MufaddalIbnAbiFadail.NahjSadid,openiti_work_0759MufaddalIbnAbiFadail.NahjSadid,2,"[""openiti_dv_0759MufaddalIbnAbiFadail.NahjSadid.Kraken22032302241801-ara1"",""openiti_dv_0759MufaddalIbnAbiFadail.NahjSadid.Kraken220413030924-ara1""]",Same OpenITI work URI; retain versions separately.
dup_openiti_work_0761IbnKaykaldiCalai.FusulMufida,openiti_work_0761IbnKaykaldiCalai.FusulMufida,2,"[""openiti_dv_0761IbnKaykaldiCalai.FusulMufida.JK000942-ara1"",""openiti_dv_0761IbnKaykaldiCalai.FusulMufida.Shamela0006984-ara1""]",Same OpenITI work URI; retain versions separately.
dup_openiti_work_0761IbnKaykaldiCalai.IjmalIsaba,openiti_work_0761IbnKaykaldiCalai.IjmalIsaba,2,"[""openiti_dv_0761IbnKaykaldiCalai.IjmalIsaba.JK000184-ara1"",""openiti_dv_0761IbnKaykaldiCalai.IjmalIsaba.Shamela0006347-ara1""]",Same OpenITI work URI; retain versions separately.
dup_openiti_work_0761IbnKaykaldiCalai.JamicTahsil,openiti_work_0761IbnKaykaldiCalai.JamicTahsil,2,"[""openiti_dv_0761IbnKaykaldiCalai.JamicTahsil.JK000551-ara1"",""openiti_dv_0761IbnKaykaldiCalai.JamicTahsil.Shamela0025864-ara1""]",Same OpenITI work URI; retain versions separately.
dup_openiti_work_0761IbnKaykaldiCalai.JuzFiTafsirBaqiyat,openiti_work_0761IbnKaykaldiCalai.JuzFiTafsirBaqiyat,2,"[""openiti_dv_0761IbnKaykaldiCalai.JuzFiTafsirBaqiyat.JK001002-ara1"",""openiti_dv_0761IbnKaykaldiCalai.JuzFiTafsirBaqiyat.Shamela0005509-ara1""]",Same OpenITI work URI; retain versions separately.
dup_openiti_work_0761IbnKaykaldiCalai.Mukhtalitin,openiti_work_0761IbnKaykaldiCalai.Mukhtalitin,2,"[""openiti_dv_0761IbnKaykaldiCalai.Mukhtalitin.JK001165-ara1"",""openiti_dv_0761IbnKaykaldiCalai.Mukhtalitin.Shamela0025846-ara1""]",Same OpenITI work URI; retain versions separately.
dup_openiti_work_0761IbnKaykaldiCalai.TahqiqMurad,openiti_work_0761IbnKaykaldiCalai.TahqiqMurad,2,"[""openiti_dv_0761IbnKaykaldiCalai.TahqiqMurad.JK000233-ara1"",""openiti_dv_0761IbnKaykaldiCalai.TahqiqMurad.Shamela0006355-ara1""]",Same OpenITI work URI; retain versions separately.
dup_openiti_work_0761JamalDinIbnHisham.AwdahMasalik,openiti_work_0761JamalDinIbnHisham.AwdahMasalik,3,"[""openiti_dv_0761JamalDinIbnHisham.AwdahMasalik.JK001455-ara1"",""openiti_dv_0761JamalDinIbnHisham.AwdahMasalik.ShamAY0034698-ara1"",""openiti_dv_0761JamalDinIbnHisham.AwdahMasalik.Shamela0011825-ara1""]",Same OpenITI work URI; retain versions separately.
dup_openiti_work_0761JamalDinIbnHisham.IctiradShart,openiti_work_0761JamalDinIbnHisham.IctiradShart,2,"[""openiti_dv_0761JamalDinIbnHisham.IctiradShart.JK001023-ara1"",""openiti_dv_0761JamalDinIbnHisham.IctiradShart.Shamela0006978-ara1""]",Same OpenITI work URI; retain versions separately.
dup_openiti_work_0761JamalDinIbnHisham.MabahithMurdiyya,openiti_work_0761JamalDinIbnHisham.MabahithMurdiyya,2,"[""openiti_dv_0761JamalDinIbnHisham.MabahithMurdiyya.JK001142-ara1"",""openiti_dv_0761JamalDinIbnHisham.MabahithMurdiyya.Shamela0006991-ara1""]",Same OpenITI work URI; retain versions separately.
dup_openiti_work_0761JamalDinIbnHisham.MasailSafariyya,openiti_work_0761JamalDinIbnHisham.MasailSafariyya,2,"[""openiti_dv_0761JamalDinIbnHisham.MasailSafariyya.JK006709-ara1"",""openiti_dv_0761JamalDinIbnHisham.MasailSafariyya.Shamela0006988-ara1""]",Same OpenITI work URI; retain versions separately.
dup_openiti_work_0761JamalDinIbnHisham.MughniLabib,openiti_work_0761JamalDinIbnHisham.MughniLabib,3,"[""openiti_dv_0761JamalDinIbnHisham.MughniLabib.JK001131-ara1"",""openiti_dv_0761JamalDinIbnHisham.MughniLabib.Shamela0006972-ara1"",""openiti_dv_0761JamalDinIbnHisham.MughniLabib.Shia003952Vols-ara1""]",Same OpenITI work URI; retain versions separately.
dup_openiti_work_0761JamalDinIbnHisham.SharhQatrNada,openiti_work_0761JamalDinIbnHisham.SharhQatrNada,2,"[""openiti_dv_0761JamalDinIbnHisham.SharhQatrNada.JK000007-ara1"",""openiti_dv_0761JamalDinIbnHisham.SharhQatrNada.Shamela0006970-ara1""]",Same OpenITI work URI; retain versions separately.
dup_openiti_work_0761JamalDinIbnHisham.SharhShudhurDhahab,openiti_work_0761JamalDinIbnHisham.SharhShudhurDhahab,2,"[""openiti_dv_0761JamalDinIbnHisham.SharhShudhurDhahab.JK001231-ara1"",""openiti_dv_0761JamalDinIbnHisham.SharhShudhurDhahab.Shamela0006969-ara1""]",Same OpenITI work URI; retain versions separately.
dup_openiti_work_0762IbnYusufZaylaci.NasbRaya,openiti_work_0762IbnYusufZaylaci.NasbRaya,3,"[""openiti_dv_0762IbnYusufZaylaci.NasbRaya.JK000471-ara1"",""openiti_dv_0762IbnYusufZaylaci.NasbRaya.Shamela0011428-ara1"",""openiti_dv_0762IbnYusufZaylaci.NasbRaya.Shia002222Vols-ara1""]",Same OpenITI work URI; retain versions separately.
dup_openiti_work_0762IbnYusufZaylaci.TakhrijAhadith,openiti_work_0762IbnYusufZaylaci.TakhrijAhadith,3,"[""openiti_dv_0762IbnYusufZaylaci.TakhrijAhadith.JK001492-ara1"",""openiti_dv_0762IbnYusufZaylaci.TakhrijAhadith.Shamela0008636-ara1"",""openiti_dv_0762IbnYusufZaylaci.TakhrijAhadith.Shia002218Vols-ara1""]",Same OpenITI work URI; retain versions separately.
dup_openiti_work_0762MughultayIbnQilij.IkmalTahdhib,openiti_work_0762MughultayIbnQilij.IkmalTahdhib,4,"[""openiti_dv_0762MughultayIbnQilij.IkmalTahdhib.ShamAY0034632-ara4"",""openiti_dv_0762MughultayIbnQilij.IkmalTahdhib.ShamAY0034647-ara3"",""openiti_dv_0762MughultayIbnQilij.IkmalTahdhib.Shamela0036515-ara1"",""openiti_dv_0762MughultayIbnQilij.IkmalTahdhib.Shia003311Vols-ara1""]",Same OpenITI work URI; retain versions separately.
dup_openiti_work_0763IbnMuflihMaqdisi.AdabSharciyya,openiti_work_0763IbnMuflihMaqdisi.AdabSharciyya,2,"[""openiti_dv_0763IbnMuflihMaqdisi.AdabSharciyya.JK007054-ara1"",""openiti_dv_0763IbnMuflihMaqdisi.AdabSharciyya.Shamela0021582-ara1""]",Same OpenITI work URI; retain versions separately.
dup_openiti_work_0763IbnMuflihMaqdisi.FurucWaTashihFuruc,openiti_work_0763IbnMuflihMaqdisi.FurucWaTashihFuruc,3,"[""openiti_dv_0763IbnMuflihMaqdisi.FurucWaTashihFuruc.JK000302-ara1"",""openiti_dv_0763IbnMuflihMaqdisi.FurucWaTashihFuruc.ShamAY0034264-ara1"",""openiti_dv_0763IbnMuflihMaqdisi.FurucWaTashihFuruc.Shamela0012052-ara1""]",Same OpenITI work URI; retain versions separately.
dup_openiti_work_0764BahaDinIkhmimi.RisalaFiRaddCalaIbnTaymiyya,openiti_work_0764BahaDinIkhmimi.RisalaFiRaddCalaIbnTaymiyya,2,"[""openiti_dv_0764BahaDinIkhmimi.RisalaFiRaddCalaIbnTaymiyya.JK001468-ara1"",""openiti_dv_0764BahaDinIkhmimi.RisalaFiRaddCalaIbnTaymiyya.Shamela0006538-ara1""]",Same OpenITI work URI; retain versions separately.
dup_openiti_work_0764IbnShakirKutubi.FawatWafayat,openiti_work_0764IbnShakirKutubi.FawatWafayat,3,"[""openiti_dv_0764IbnShakirKutubi.FawatWafayat.JK004700-ara1"",""openiti_dv_0764IbnShakirKutubi.FawatWafayat.Shamela0001003-ara1"",""openiti_dv_0764IbnShakirKutubi.FawatWafayat.Shia003591Vols-ara1""]",Same OpenITI work URI; retain versions separately.
dup_openiti_work_0764Safadi.KashfHal,openiti_work_0764Safadi.KashfHal,2,"[""openiti_dv_0764Safadi.KashfHal.ShamAY0036062-ara2"",""openiti_dv_0764Safadi.KashfHal.Shamela0005393-ara1""]",Same OpenITI work URI; retain versions separately.
dup_openiti_work_0764Safadi.NaktHimyan,openiti_work_0764Safadi.NaktHimyan,2,"[""openiti_dv_0764Safadi.NaktHimyan.JK010550-ara1"",""openiti_dv_0764Safadi.NaktHimyan.Shamela0028182-ara1""]",Same OpenITI work URI; retain versions separately.
dup_openiti_work_0764Safadi.NusratThair,openiti_work_0764Safadi.NusratThair,2,"[""openiti_dv_0764Safadi.NusratThair.JK010514-ara1"",""openiti_dv_0764Safadi.NusratThair.Shamela0000514-ara1""]",Same OpenITI work URI; retain versions separately.
dup_openiti_work_0764Safadi.ShucurBiCur,openiti_work_0764Safadi.ShucurBiCur,2,"[""openiti_dv_0764Safadi.ShucurBiCur.JK001233-ara1"",""openiti_dv_0764Safadi.ShucurBiCur.Shamela0006939-ara1""]",Same OpenITI work URI; retain versions separately.
dup_openiti_work_0764Safadi.WafiBiWafayat,openiti_work_0764Safadi.WafiBiWafayat,9,"[""openiti_dv_0764Safadi.WafiBiWafayat.JK003609-ara1"",""openiti_dv_0764Safadi.WafiBiWafayat.Sham30K0006677-ara1"",""openiti_dv_0764Safadi.WafiBiWafayat.Sham30K0033390-ara2"",""openiti_dv_0764Safadi.WafiBiWafayat.Sham30K0042941-ara1"",""openiti_dv_0764Safadi.WafiBiWafayat.Sham30K0045089-ara1"",""openiti_dv_0764Safadi.WafiBiWafayat.ShamAY0032241-ara1"",""openiti_dv_0764Safadi.WafiBiWafayat.ShamAY0038166-ara1"",""openiti_dv_0764Safadi.WafiBiWafayat.Shamela0006677-ara1"",""openiti_dv_0764Safadi.WafiBiWafayat.Shia003564Vols-ara1""]",Same OpenITI work URI; retain versions separately.
dup_openiti_work_0765AbuMahasinHusayni.DhaylCibar,openiti_work_0765AbuMahasinHusayni.DhaylCibar,2,"[""openiti_dv_0765AbuMahasinHusayni.DhaylCibar.JK001291BK2-ara1"",""openiti_dv_0765AbuMahasinHusayni.DhaylCibar.ShamAY0034590BK2-ara1""]",Same OpenITI work URI; retain versions separately.
dup_openiti_work_0765AbuMahasinHusayni.DhaylTadhkira,openiti_work_0765AbuMahasinHusayni.DhaylTadhkira,5,"[""openiti_dv_0765AbuMahasinHusayni.DhaylTadhkira.JK001250-ara1"",""openiti_dv_0765AbuMahasinHusayni.DhaylTadhkira.ShamAY0034592-ara1"",""openiti_dv_0765AbuMahasinHusayni.DhaylTadhkira.ShamAY0038190-ara1"",""openiti_dv_0765AbuMahasinHusayni.DhaylTadhkira.Shamela0007307-ara1"",""openiti_dv_0765AbuMahasinHusayni.DhaylTadhkira.Shia003313-ara1""]",Same OpenITI work URI; retain versions separately.
dup_openiti_work_0765AbuMahasinHusayni.IkmalLiRijal,openiti_work_0765AbuMahasinHusayni.IkmalLiRijal,3,"[""openiti_dv_0765AbuMahasinHusayni.IkmalLiRijal.JK000547-ara1"",""openiti_dv_0765AbuMahasinHusayni.IkmalLiRijal.Shamela0005850-ara1"",""openiti_dv_0765AbuMahasinHusayni.IkmalLiRijal.Shia003314-ara1""]",Same OpenITI work URI; retain versions separately.
dup_openiti_work_0767CizzDinIbnJamaca.MukhtasarKabir,openiti_work_0767CizzDinIbnJamaca.MukhtasarKabir,3,"[""openiti_dv_0767CizzDinIbnJamaca.MukhtasarKabir.JK007037-ara1"",""openiti_dv_0767CizzDinIbnJamaca.MukhtasarKabir.Masaha002867-ara1"",""openiti_dv_0767CizzDinIbnJamaca.MukhtasarKabir.Shamela0006593-ara1""]",Same OpenITI work URI; retain versions separately.
dup_openiti_work_0767IbnCisaBalawi.TajMafriq,openiti_work_0767IbnCisaBalawi.TajMafriq,2,"[""openiti_dv_0767IbnCisaBalawi.TajMafriq.JK010478-ara1"",""openiti_dv_0767IbnCisaBalawi.TajMafriq.Shamela0000478-ara1""]",Same OpenITI work URI; retain versions separately.
dup_openiti_work_0767KhalilIbnIshaq.MukhtasarKhalil,openiti_work_0767KhalilIbnIshaq.MukhtasarKhalil,4,"[""openiti_dv_0767KhalilIbnIshaq.MukhtasarKhalil.JK000255-ara1"",""openiti_dv_0767KhalilIbnIshaq.MukhtasarKhalil.ShamAY0034225-ara1"",""openiti_dv_0767KhalilIbnIshaq.MukhtasarKhalil.Shamela0011355-ara1"",""openiti_dv_0767KhalilIbnIshaq.MukhtasarKhalil.Shia000904-ara1""]",Same OpenITI work URI; retain versions separately.
dup_openiti_work_0768IbnNubataShacir.Diwan,openiti_work_0768IbnNubataShacir.Diwan,2,"[""openiti_dv_0768IbnNubataShacir.Diwan.JK007636-ara1"",""openiti_dv_0768IbnNubataShacir.Diwan.Sham19Y0148538-ara1""]",Same OpenITI work URI; retain versions separately.
dup_openiti_work_0768Yafici.MarhamCilalMucdila,openiti_work_0768Yafici.MarhamCilalMucdila,2,"[""openiti_dv_0768Yafici.MarhamCilalMucdila.JK001140-ara1"",""openiti_dv_0768Yafici.MarhamCilalMucdila.Shamela0006555-ara1""]",Same OpenITI work URI; retain versions separately.
dup_openiti_work_0768Yafici.MiratJinan,openiti_work_0768Yafici.MiratJinan,7,"[""openiti_dv_0768Yafici.MiratJinan.JK003507-ara2"",""openiti_dv_0768Yafici.MiratJinan.Sham30K0009091-ara1"",""openiti_dv_0768Yafici.MiratJinan.Sham30K0034060-ara3"",""openiti_dv_0768Yafici.MiratJinan.Sham30K0042940-ara2"",""openiti_dv_0768Yafici.MiratJinan.Sham30K0045389-ara2"",""openiti_dv_0768Yafici.MiratJinan.ShamAY0033823-ara2"",""openiti_dv_0768Yafici.MiratJinan.Shamela0009091-ara1""]",Same OpenITI work URI; retain versions separately.
dup_openiti_work_0769IbnCabdAllahTaqiDinShibli.AkamMarjan,openiti_work_0769IbnCabdAllahTaqiDinShibli.AkamMarjan,2,"[""openiti_dv_0769IbnCabdAllahTaqiDinShibli.AkamMarjan.JK000940-ara1"",""openiti_dv_0769IbnCabdAllahTaqiDinShibli.AkamMarjan.Shamela0006451-ara1""]",Same OpenITI work URI; retain versions separately.
dup_openiti_work_0769IbnCaqilBahaDinMisri.SharhCalaAlfiyya,openiti_work_0769IbnCaqilBahaDinMisri.SharhCalaAlfiyya,4,"[""openiti_dv_0769IbnCaqilBahaDinMisri.SharhCalaAlfiyya.JK001328-ara1"",""openiti_dv_0769IbnCaqilBahaDinMisri.SharhCalaAlfiyya.ShamAY0034699-ara1"",""openiti_dv_0769IbnCaqilBahaDinMisri.SharhCalaAlfiyya.Shamela0009904-ara1"",""openiti_dv_0769IbnCaqilBahaDinMisri.SharhCalaAlfiyya.Shia003954Vols-ara1""]",Same OpenITI work URI; retain versions separately.
dup_openiti_work_0770IbnMuhammadFayyumiHamawi.MisbahMunir,openiti_work_0770IbnMuhammadFayyumiHamawi.MisbahMunir,4,"[""openiti_dv_0770IbnMuhammadFayyumiHamawi.MisbahMunir.JK001451-ara1"",""openiti_dv_0770IbnMuhammadFayyumiHamawi.MisbahMunir.Masaha003514-ara1"",""openiti_dv_0770IbnMuhammadFayyumiHamawi.MisbahMunir.ShamAY0034679-ara1"",""openiti_dv_0770IbnMuhammadFayyumiHamawi.MisbahMunir.Shamela0012145-ara1""]",Same OpenITI work URI; retain versions separately.
dup_openiti_work_0771TajDinSubki.RafcHajib,openiti_work_0771TajDinSubki.RafcHajib,2,"[""openiti_dv_0771TajDinSubki.RafcHajib.JK009151-ara1"",""openiti_dv_0771TajDinSubki.RafcHajib.Shamela0006338-ara1""]",Same OpenITI work URI; retain versions separately.
dup_openiti_work_0771TajDinSubki.TabaqatShaficiyyaKubra,openiti_work_0771TajDinSubki.TabaqatShaficiyyaKubra,2,"[""openiti_dv_0771TajDinSubki.TabaqatShaficiyyaKubra.JK000914-ara1"",""openiti_dv_0771TajDinSubki.TabaqatShaficiyyaKubra.Shamela0006739-ara1""]",Same OpenITI work URI; retain versions separately.
dup_openiti_work_0772IbnHasanJamalDinIsnawi.KawkabDurri,openiti_work_0772IbnHasanJamalDinIsnawi.KawkabDurri,2,"[""openiti_dv_0772IbnHasanJamalDinIsnawi.KawkabDurri.JK000261-ara1"",""openiti_dv_0772IbnHasanJamalDinIsnawi.KawkabDurri.Shamela0006280-ara1""]",Same OpenITI work URI; retain versions separately.
dup_openiti_work_0772IbnHasanJamalDinIsnawi.TamhidFiTakhrijFuruc,openiti_work_0772IbnHasanJamalDinIsnawi.TamhidFiTakhrijFuruc,2,"[""openiti_dv_0772IbnHasanJamalDinIsnawi.TamhidFiTakhrijFuruc.JK000215-ara1"",""openiti_dv_0772IbnHasanJamalDinIsnawi.TamhidFiTakhrijFuruc.Shamela0006289-ara1""]",Same OpenITI work URI; retain versions separately.
dup_openiti_work_0772ShamsDinHanbaliZarqashi.SharhCalaMukhtasarKhiraqi,openiti_work_0772ShamsDinHanbaliZarqashi.SharhCalaMukhtasarKhiraqi,3,"[""openiti_dv_0772ShamsDinHanbaliZarqashi.SharhCalaMukhtasarKhiraqi.JK007111-ara1"",""openiti_dv_0772ShamsDinHanbaliZarqashi.SharhCalaMukhtasarKhiraqi.ShamAY0034268-ara1"",""openiti_dv_0772ShamsDinHanbaliZarqashi.SharhCalaMukhtasarKhiraqi.Shamela0021743-ara1""]",Same OpenITI work URI; retain versions separately.
dup_openiti_work_0773IbnIshaqSirajDinGhaznawi.GhurraMunifa,openiti_work_0773IbnIshaqSirajDinGhaznawi.GhurraMunifa,2,"[""openiti_dv_0773IbnIshaqSirajDinGhaznawi.GhurraMunifa.JK000240-ara1"",""openiti_dv_0773IbnIshaqSirajDinGhaznawi.GhurraMunifa.Shamela0007534-ara1""]",Same OpenITI work URI; retain versions separately.
dup_openiti_work_0774IbnKathir.AdabDukhulHammam,openiti_work_0774IbnKathir.AdabDukhulHammam,2,"[""openiti_dv_0774IbnKathir.AdabDukhulHammam.JK001100-ara1"",""openiti_dv_0774IbnKathir.AdabDukhulHammam.Shamela0006244-ara1""]",Same OpenITI work URI; retain versions separately.
dup_openiti_work_0774IbnKathir.Bidaya,openiti_work_0774IbnKathir.Bidaya,17,"[""openiti_dv_0774IbnKathir.Bidaya.JK000158-ara3"",""openiti_dv_0774IbnKathir.Bidaya.JK010930-ara6"",""openiti_dv_0774IbnKathir.Bidaya.Masaha001924Vols-ara1"",""openiti_dv_0774IbnKathir.Bidaya.Sham30K0004445-ara1"",""openiti_dv_0774IbnKathir.Bidaya.Sham30K0008376-ara2"",""openiti_dv_0774IbnKathir.Bidaya.Sham30K0023708-ara4"",""openiti_dv_0774IbnKathir.Bidaya.Sham30K0032354-ara3"",""openiti_dv_0774IbnKathir.Bidaya.Sham30K0036126-ara2"",""openiti_dv_0774IbnKathir.Bidaya.Sham30K0041451-ara1"",""openiti_dv_0774IbnKathir.Bidaya.Sham30K0045182-ara3"",""openiti_dv_0774IbnKathir.Bidaya.Shamela0000930-ara6"",""openiti_dv_0774IbnKathir.Bidaya.Shamela0004445-ara1"",""openiti_dv_0774IbnKathir.Bidaya.Shamela0008376-ara2"",""openiti_dv_0774IbnKathir.Bidaya.Shamela0023678-ara5"",""openiti_dv_0774IbnKathir.Bidaya.Shamela0023708-ara4"",""openiti_dv_0774IbnKathir.Bidaya.Shia003593Vols-ara2"",""openiti_dv_0774IbnKathir.Bidaya.Shia003717Vols-ara6""]",Same OpenITI work URI; retain versions separately.
dup_openiti_work_0774IbnKathir.FadailQuran,openiti_work_0774IbnKathir.FadailQuran,2,"[""openiti_dv_0774IbnKathir.FadailQuran.JK009246-ara1"",""openiti_dv_0774IbnKathir.FadailQuran.Shamela0022800-ara1""]",Same OpenITI work URI; retain versions separately.
dup_openiti_work_0774IbnKathir.FusulMinSira,openiti_work_0774IbnKathir.FusulMinSira,2,"[""openiti_dv_0774IbnKathir.FusulMinSira.JK000796-ara1"",""openiti_dv_0774IbnKathir.FusulMinSira.Shamela0009241-ara1""]",Same OpenITI work URI; retain versions separately.
dup_openiti_work_0774IbnKathir.MusnadCumarIbnKhattab,openiti_work_0774IbnKathir.MusnadCumarIbnKhattab,2,"[""openiti_dv_0774IbnKathir.MusnadCumarIbnKhattab.Sham19Y0016555-ara2"",""openiti_dv_0774IbnKathir.MusnadCumarIbnKhattab.Shamela0026039-ara1""]",Same OpenITI work URI; retain versions separately.
dup_openiti_work_0774IbnKathir.NihayaFiFitan,openiti_work_0774IbnKathir.NihayaFiFitan,2,"[""openiti_dv_0774IbnKathir.NihayaFiFitan.JK009265-ara1"",""openiti_dv_0774IbnKathir.NihayaFiFitan.Shamela0011818-ara1""]",Same OpenITI work URI; retain versions separately.
dup_openiti_work_0774IbnKathir.QisasAnbiya,openiti_work_0774IbnKathir.QisasAnbiya,2,"[""openiti_dv_0774IbnKathir.QisasAnbiya.Shamela0000932-ara1"",""openiti_dv_0774IbnKathir.QisasAnbiya.Shia003721Vols-ara1""]",Same OpenITI work URI; retain versions separately.
dup_openiti_work_0774IbnKathir.TafsirQuran,openiti_work_0774IbnKathir.TafsirQuran,7,"[""openiti_dv_0774IbnKathir.TafsirQuran.JK000161-ara2"",""openiti_dv_0774IbnKathir.TafsirQuran.ShamAY0034045-ara5"",""openiti_dv_0774IbnKathir.TafsirQuran.ShamAY0034063-ara3"",""openiti_dv_0774IbnKathir.TafsirQuran.Shamela0008473-ara1"",""openiti_dv_0774IbnKathir.TafsirQuran.Shamela0023604-ara4"",""openiti_dv_0774IbnKathir.TafsirQuran.Shia002658Vols-ara6"",""openiti_dv_0774IbnKathir.TafsirQuran.Tafsir01007-ara7""]",Same OpenITI work URI; retain versions separately.
dup_openiti_work_0774IbnKathir.TalkhisIstighatha,openiti_work_0774IbnKathir.TalkhisIstighatha,3,"[""openiti_dv_0774IbnKathir.TalkhisIstighatha.JK000383BK1-ara1"",""openiti_dv_0774IbnKathir.TalkhisIstighatha.ShamAY0034352BK1-ara1"",""openiti_dv_0774IbnKathir.TalkhisIstighatha.ShamAY0034402BK1-ara1""]",Same OpenITI work URI; retain versions separately.
dup_openiti_work_0774IbnKathir.TuhfatTalib,openiti_work_0774IbnKathir.TuhfatTalib,3,"[""openiti_dv_0774IbnKathir.TuhfatTalib.JK000762-ara1"",""openiti_dv_0774IbnKathir.TuhfatTalib.ShamAY0034127-ara1"",""openiti_dv_0774IbnKathir.TuhfatTalib.Shamela0009978-ara1""]",Same OpenITI work URI; retain versions separately.
dup_openiti_work_0774IbnMuhammadShamsDinIbnMawsili.HusnSuluk,openiti_work_0774IbnMuhammadShamsDinIbnMawsili.HusnSuluk,2,"[""openiti_dv_0774IbnMuhammadShamsDinIbnMawsili.HusnSuluk.JK001103-ara1"",""openiti_dv_0774IbnMuhammadShamsDinIbnMawsili.HusnSuluk.Shamela0007241-ara1""]",Same OpenITI work URI; retain versions separately.
dup_openiti_work_0774IbnMuhammadShamsDinIbnMawsili.MukhtasarSawaciqMursala,openiti_work_0774IbnMuhammadShamsDinIbnMawsili.MukhtasarSawaciqMursala,2,"[""openiti_dv_0774IbnMuhammadShamsDinIbnMawsili.MukhtasarSawaciqMursala.ShamAY0037747-ara2"",""openiti_dv_0774IbnMuhammadShamsDinIbnMawsili.MukhtasarSawaciqMursala.Shamela0008363-ara1""]",Same OpenITI work URI; retain versions separately.
dup_openiti_work_0774IbnRaficSallami.MashyakhatBayani,openiti_work_0774IbnRaficSallami.MashyakhatBayani,2,"[""openiti_dv_0774IbnRaficSallami.MashyakhatBayani.Shamela0009620-ara1"",""openiti_dv_0774IbnRaficSallami.MashyakhatBayani.Shamela0027103-ara1""]",Same OpenITI work URI; retain versions separately.
dup_openiti_work_0774IbnRaficSallami.Wafayat,openiti_work_0774IbnRaficSallami.Wafayat,2,"[""openiti_dv_0774IbnRaficSallami.Wafayat.JK000769-ara1"",""openiti_dv_0774IbnRaficSallami.Wafayat.Shamela0006724-ara1""]",Same OpenITI work URI; retain versions separately.
dup_openiti_work_0775Anonymous.InsafFiIntisaf,openiti_work_0775Anonymous.InsafFiIntisaf,2,"[""openiti_dv_0775Anonymous.InsafFiIntisaf.Kraken211005012007-ara1"",""openiti_dv_0775Anonymous.InsafFiIntisaf.Kraken220413030811-ara1""]",Same OpenITI work URI; retain versions separately.
dup_openiti_work_0775IbnAbiWafa.JawahirMudiya,openiti_work_0775IbnAbiWafa.JawahirMudiya,4,"[""openiti_dv_0775IbnAbiWafa.JawahirMudiya.JK000806BK1-ara1"",""openiti_dv_0775IbnAbiWafa.JawahirMudiya.JK009262BK1-ara1"",""openiti_dv_0775IbnAbiWafa.JawahirMudiya.ShamAY0038014BK1-ara1"",""openiti_dv_0775IbnAbiWafa.JawahirMudiya.Shamela0006725BK1-ara1""]",Same OpenITI work URI; retain versions separately.
dup_openiti_work_0776IbnAbiHajala.DiwanSababa,openiti_work_0776IbnAbiHajala.DiwanSababa,2,"[""openiti_dv_0776IbnAbiHajala.DiwanSababa.JK010580-ara1"",""openiti_dv_0776IbnAbiHajala.DiwanSababa.Shamela0000580-ara1""]",Same OpenITI work URI; retain versions separately.
dup_openiti_work_0776LisanDinIbnKhatib.Diwan,openiti_work_0776LisanDinIbnKhatib.Diwan,2,"[""openiti_dv_0776LisanDinIbnKhatib.Diwan.JK007577-ara1"",""openiti_dv_0776LisanDinIbnKhatib.Diwan.ShamAY0037834-ara1""]",Same OpenITI work URI; retain versions separately.
dup_openiti_work_0776LisanDinIbnKhatib.Ihata,openiti_work_0776LisanDinIbnKhatib.Ihata,2,"[""openiti_dv_0776LisanDinIbnKhatib.Ihata.JK009224-ara1"",""openiti_dv_0776LisanDinIbnKhatib.Ihata.Shamela0011682-ara1""]",Same OpenITI work URI; retain versions separately.
dup_openiti_work_0776LisanDinIbnKhatib.KatibaKamina,openiti_work_0776LisanDinIbnKhatib.KatibaKamina,2,"[""openiti_dv_0776LisanDinIbnKhatib.KatibaKamina.JK011027-ara1"",""openiti_dv_0776LisanDinIbnKhatib.KatibaKamina.Shamela0001027-ara1""]",Same OpenITI work URI; retain versions separately.
dup_openiti_work_0776LisanDinIbnKhatib.KhatratTayf,openiti_work_0776LisanDinIbnKhatib.KhatratTayf,4,"[""openiti_dv_0776LisanDinIbnKhatib.KhatratTayf.JK010474-ara1"",""openiti_dv_0776LisanDinIbnKhatib.KhatratTayf.Masaha004506-ara1"",""openiti_dv_0776LisanDinIbnKhatib.KhatratTayf.ShamAY0033806-ara1"",""openiti_dv_0776LisanDinIbnKhatib.KhatratTayf.Shamela0000474-ara1""]",Same OpenITI work URI; retain versions separately.
dup_openiti_work_0776LisanDinIbnKhatib.NufadatJirab,openiti_work_0776LisanDinIbnKhatib.NufadatJirab,2,"[""openiti_dv_0776LisanDinIbnKhatib.NufadatJirab.JK010477-ara1"",""openiti_dv_0776LisanDinIbnKhatib.NufadatJirab.Shamela0000477-ara1""]",Same OpenITI work URI; retain versions separately.
dup_openiti_work_0776LisanDinIbnKhatib.RayhanatKitab,openiti_work_0776LisanDinIbnKhatib.RayhanatKitab,2,"[""openiti_dv_0776LisanDinIbnKhatib.RayhanatKitab.JK007042-ara1"",""openiti_dv_0776LisanDinIbnKhatib.RayhanatKitab.Shamela0006955-ara1""]",Same OpenITI work URI; retain versions separately.
dup_openiti_work_0778BadrDinBacli.MukhtasarFatawaMisriyya,openiti_work_0778BadrDinBacli.MukhtasarFatawaMisriyya,2,"[""openiti_dv_0778BadrDinBacli.MukhtasarFatawaMisriyya.JK000235-ara1"",""openiti_dv_0778BadrDinBacli.MukhtasarFatawaMisriyya.Shamela0006104-ara1""]",Same OpenITI work URI; retain versions separately.
dup_openiti_work_0779IbnBattuta.Rihla,openiti_work_0779IbnBattuta.Rihla,4,"[""openiti_dv_0779IbnBattuta.Rihla.JK000409-ara1"",""openiti_dv_0779IbnBattuta.Rihla.Rafed0002357Vols-ara1"",""openiti_dv_0779IbnBattuta.Rihla.Shamela0011769-ara1"",""openiti_dv_0779IbnBattuta.Rihla.Shamela0012009-ara1""]",Same OpenITI work URI; retain versions separately.
dup_openiti_work_0779IbnHabibHalabi.MuqtafaMinSiratMustafa,openiti_work_0779IbnHabibHalabi.MuqtafaMinSiratMustafa,2,"[""openiti_dv_0779IbnHabibHalabi.MuqtafaMinSiratMustafa.JK001164-ara1"",""openiti_dv_0779IbnHabibHalabi.MuqtafaMinSiratMustafa.Shamela0006582-ara1""]",Same OpenITI work URI; retain versions separately.
dup_openiti_work_0779IbnHabibHalabi.NasimSaba,openiti_work_0779IbnHabibHalabi.NasimSaba,2,"[""openiti_dv_0779IbnHabibHalabi.NasimSaba.JK010575-ara1"",""openiti_dv_0779IbnHabibHalabi.NasimSaba.Shamela0000575-ara1""]",Same OpenITI work URI; retain versions separately.
dup_openiti_work_0785IbnMuhammadShamsDinManbiji.TasliyatAhlMasaib,openiti_work_0785IbnMuhammadShamsDinManbiji.TasliyatAhlMasaib,2,"[""openiti_dv_0785IbnMuhammadShamsDinManbiji.TasliyatAhlMasaib.JK000829-ara1"",""openiti_dv_0785IbnMuhammadShamsDinManbiji.TasliyatAhlMasaib.Shamela0021502-ara1""]",Same OpenITI work URI; retain versions separately.
dup_openiti_work_0786IbnCabdRahmanJamalDinHubayshi.NashrTayy,openiti_work_0786IbnCabdRahmanJamalDinHubayshi.NashrTayy,2,"[""openiti_dv_0786IbnCabdRahmanJamalDinHubayshi.NashrTayy.JK001021-ara1"",""openiti_dv_0786IbnCabdRahmanJamalDinHubayshi.NashrTayy.Shamela0006878-ara1""]",Same OpenITI work URI; retain versions separately.
dup_openiti_work_0786IbnMuhammadBabarti.CinayaSharhHidaya,openiti_work_0786IbnMuhammadBabarti.CinayaSharhHidaya,2,"[""openiti_dv_0786IbnMuhammadBabarti.CinayaSharhHidaya.JK011690BK2-ara1"",""openiti_dv_0786IbnMuhammadBabarti.CinayaSharhHidaya.Shamela0009403BK2-ara1""]",Same OpenITI work URI; retain versions separately.
dup_openiti_work_0786ShahidAwwal.Alfiyya,openiti_work_0786ShahidAwwal.Alfiyya,3,"[""openiti_dv_0786ShahidAwwal.Alfiyya.Masaha000630-ara1"",""openiti_dv_0786ShahidAwwal.Alfiyya.Masaha001056-ara1"",""openiti_dv_0786ShahidAwwal.Alfiyya.Shia000115-ara1""]",Same OpenITI work URI; retain versions separately.
dup_openiti_work_0786ShahidAwwal.Mazar,openiti_work_0786ShahidAwwal.Mazar,2,"[""openiti_dv_0786ShahidAwwal.Mazar.Masaha001074-ara1"",""openiti_dv_0786ShahidAwwal.Mazar.Shia001386-ara1""]",Same OpenITI work URI; retain versions separately.
dup_openiti_work_0786ShahidAwwal.Qawacid,openiti_work_0786ShahidAwwal.Qawacid,2,"[""openiti_dv_0786ShahidAwwal.Qawacid.Masaha001078Vols-ara1"",""openiti_dv_0786ShahidAwwal.Qawacid.Shia001082Vols-ara1""]",Same OpenITI work URI; retain versions separately.
dup_openiti_work_0786ShahidAwwal.SahifaSajjadiyya,openiti_work_0786ShahidAwwal.SahifaSajjadiyya,3,"[""openiti_dv_0786ShahidAwwal.SahifaSajjadiyya.Shia001111-ara2"",""openiti_dv_0786ShahidAwwal.SahifaSajjadiyya.Shia001112-ara1"",""openiti_dv_0786ShahidAwwal.SahifaSajjadiyya.Zaydiyya0000014-ara1""]",Same OpenITI work URI; retain versions separately.
dup_openiti_work_0789IbnMuhammadKhuzaci.TakhrijDalalat,openiti_work_0789IbnMuhammadKhuzaci.TakhrijDalalat,2,"[""openiti_dv_0789IbnMuhammadKhuzaci.TakhrijDalalat.JK000415-ara1"",""openiti_dv_0789IbnMuhammadKhuzaci.TakhrijDalalat.Shamela0009790-ara1""]",Same OpenITI work URI; retain versions separately.
dup_openiti_work_0790IbnMusaGharnatiShatibi.Ictisam,openiti_work_0790IbnMusaGharnatiShatibi.Ictisam,4,"[""openiti_dv_0790IbnMusaGharnatiShatibi.Ictisam.JK000967-ara1"",""openiti_dv_0790IbnMusaGharnatiShatibi.Ictisam.ShamAY0033844-ara1"",""openiti_dv_0790IbnMusaGharnatiShatibi.Ictisam.Shamela0021720-ara1"",""openiti_dv_0790IbnMusaGharnatiShatibi.Ictisam.Shamela0036558-ara1""]",Same OpenITI work URI; retain versions separately.
dup_openiti_work_0790IbnMusaGharnatiShatibi.Ifadat,openiti_work_0790IbnMusaGharnatiShatibi.Ifadat,2,"[""openiti_dv_0790IbnMusaGharnatiShatibi.Ifadat.JK010584-ara1"",""openiti_dv_0790IbnMusaGharnatiShatibi.Ifadat.Shamela0000584-ara1""]",Same OpenITI work URI; retain versions separately.
dup_openiti_work_0790IbnMusaGharnatiShatibi.Muwafaqat,openiti_work_0790IbnMusaGharnatiShatibi.Muwafaqat,3,"[""openiti_dv_0790IbnMusaGharnatiShatibi.Muwafaqat.JK000279-ara1"",""openiti_dv_0790IbnMusaGharnatiShatibi.Muwafaqat.ShamAY0034196-ara1"",""openiti_dv_0790IbnMusaGharnatiShatibi.Muwafaqat.Shamela0011435-ara1""]",Same OpenITI work URI; retain versions separately.
dup_openiti_work_0791IbnCumarHalabiHamawi.QawacidWaIsharat,openiti_work_0791IbnCumarHalabiHamawi.QawacidWaIsharat,2,"[""openiti_dv_0791IbnCumarHalabiHamawi.QawacidWaIsharat.JK000886-ara1"",""openiti_dv_0791IbnCumarHalabiHamawi.QawacidWaIsharat.Shamela0009597-ara1""]",Same OpenITI work URI; retain versions separately.
dup_openiti_work_0792IbnCumarTaftazani.MukhtasarMacani,openiti_work_0792IbnCumarTaftazani.MukhtasarMacani,2,"[""openiti_dv_0792IbnCumarTaftazani.MukhtasarMacani.ShamAY0033799-ara1"",""openiti_dv_0792IbnCumarTaftazani.MukhtasarMacani.Shia003956-ara1""]",Same OpenITI work URI; retain versions separately.
dup_openiti_work_0792IbnCumarTaftazani.SharhMaqasid,openiti_work_0792IbnCumarTaftazani.SharhMaqasid,3,"[""openiti_dv_0792IbnCumarTaftazani.SharhMaqasid.JK001157-ara1"",""openiti_dv_0792IbnCumarTaftazani.SharhMaqasid.ShamAY0033884-ara1"",""openiti_dv_0792IbnCumarTaftazani.SharhMaqasid.Shia004501Vols-ara1""]",Same OpenITI work URI; retain versions separately.
dup_openiti_work_0792IbnCumarTaftazani.TalwihCalaTawdih,openiti_work_0792IbnCumarTaftazani.TalwihCalaTawdih,2,"[""openiti_dv_0792IbnCumarTaftazani.TalwihCalaTawdih.JK007110-ara1"",""openiti_dv_0792IbnCumarTaftazani.TalwihCalaTawdih.Shamela0009508-ara1""]",Same OpenITI work URI; retain versions separately.
dup_openiti_work_0792SadrDinIbnAbiCizzAdhraci.Ittibac,openiti_work_0792SadrDinIbnAbiCizzAdhraci.Ittibac,2,"[""openiti_dv_0792SadrDinIbnAbiCizzAdhraci.Ittibac.JK001042-ara1"",""openiti_dv_0792SadrDinIbnAbiCizzAdhraci.Ittibac.Shamela0006248-ara1""]",Same OpenITI work URI; retain versions separately.
dup_openiti_work_0792SadrDinIbnAbiCizzAdhraci.SharhCaqidaTahawiyya,openiti_work_0792SadrDinIbnAbiCizzAdhraci.SharhCaqidaTahawiyya,5,"[""openiti_dv_0792SadrDinIbnAbiCizzAdhraci.SharhCaqidaTahawiyya.JK000146-ara1"",""openiti_dv_0792SadrDinIbnAbiCizzAdhraci.SharhCaqidaTahawiyya.Shamela0008352-ara1"",""openiti_dv_0792SadrDinIbnAbiCizzAdhraci.SharhCaqidaTahawiyya.Shamela0010549-ara1"",""openiti_dv_0792SadrDinIbnAbiCizzAdhraci.SharhCaqidaTahawiyya.Shamela0010777-ara1"",""openiti_dv_0792SadrDinIbnAbiCizzAdhraci.SharhCaqidaTahawiyya.Shia004503-ara1""]",Same OpenITI work URI; retain versions separately.
dup_openiti_work_0793AbuHasanMalaqi.TarikhQudat,openiti_work_0793AbuHasanMalaqi.TarikhQudat,2,"[""openiti_dv_0793AbuHasanMalaqi.TarikhQudat.JK009319-ara1"",""openiti_dv_0793AbuHasanMalaqi.TarikhQudat.Shamela0004363-ara1""]",Same OpenITI work URI; retain versions separately.
dup_openiti_work_0794BadrDinZarkashi.BahrMuhit,openiti_work_0794BadrDinZarkashi.BahrMuhit,3,"[""openiti_dv_0794BadrDinZarkashi.BahrMuhit.JK007060-ara1"",""openiti_dv_0794BadrDinZarkashi.BahrMuhit.ShamAY0034187-ara1"",""openiti_dv_0794BadrDinZarkashi.BahrMuhit.Shamela0021593-ara1""]",Same OpenITI work URI; retain versions separately.
dup_openiti_work_0794BadrDinZarkashi.BurhanFiCulumQuran,openiti_work_0794BadrDinZarkashi.BurhanFiCulumQuran,3,"[""openiti_dv_0794BadrDinZarkashi.BurhanFiCulumQuran.JK000162-ara1"",""openiti_dv_0794BadrDinZarkashi.BurhanFiCulumQuran.Shamela0011436-ara1"",""openiti_dv_0794BadrDinZarkashi.BurhanFiCulumQuran.Shia002662Vols-ara1""]",Same OpenITI work URI; retain versions separately.
dup_openiti_work_0794BadrDinZarkashi.IjabaLiIrad,openiti_work_0794BadrDinZarkashi.IjabaLiIrad,3,"[""openiti_dv_0794BadrDinZarkashi.IjabaLiIrad.JK001421-ara1"",""openiti_dv_0794BadrDinZarkashi.IjabaLiIrad.Shamela0008490-ara1"",""openiti_dv_0794BadrDinZarkashi.IjabaLiIrad.Shamela0012703-ara1""]",Same OpenITI work URI; retain versions separately.
dup_openiti_work_0794BadrDinZarkashi.KhabayaZawaya,openiti_work_0794BadrDinZarkashi.KhabayaZawaya,2,"[""openiti_dv_0794BadrDinZarkashi.KhabayaZawaya.JK000256-ara1"",""openiti_dv_0794BadrDinZarkashi.KhabayaZawaya.Shamela0006133-ara1""]",Same OpenITI work URI; retain versions separately.
dup_openiti_work_0794BadrDinZarkashi.MacnaLaIlahaIllaLlah,openiti_work_0794BadrDinZarkashi.MacnaLaIlahaIllaLlah,2,"[""openiti_dv_0794BadrDinZarkashi.MacnaLaIlahaIllaLlah.JK001135-ara1"",""openiti_dv_0794BadrDinZarkashi.MacnaLaIlahaIllaLlah.Shamela0006495-ara1""]",Same OpenITI work URI; retain versions separately.
dup_openiti_work_0794BadrDinZarkashi.ManthurFiQawacid,openiti_work_0794BadrDinZarkashi.ManthurFiQawacid,2,"[""openiti_dv_0794BadrDinZarkashi.ManthurFiQawacid.JK000226-ara1"",""openiti_dv_0794BadrDinZarkashi.ManthurFiQawacid.Shamela0021592-ara1""]",Same OpenITI work URI; retain versions separately.
dup_openiti_work_0794BadrDinZarkashi.NukatCalaMuqaddimatIbnSalah,openiti_work_0794BadrDinZarkashi.NukatCalaMuqaddimatIbnSalah,2,"[""openiti_dv_0794BadrDinZarkashi.NukatCalaMuqaddimatIbnSalah.JK000991-ara1"",""openiti_dv_0794BadrDinZarkashi.NukatCalaMuqaddimatIbnSalah.Shamela0005978-ara1""]",Same OpenITI work URI; retain versions separately.
dup_openiti_work_0794BadrDinZarkashi.TadhkiraFiAhadithMashhura,openiti_work_0794BadrDinZarkashi.TadhkiraFiAhadithMashhura,3,"[""openiti_dv_0794BadrDinZarkashi.TadhkiraFiAhadithMashhura.JK001271-ara1"",""openiti_dv_0794BadrDinZarkashi.TadhkiraFiAhadithMashhura.ShamAY0033924-ara1"",""openiti_dv_0794BadrDinZarkashi.TadhkiraFiAhadithMashhura.Shamela0006061-ara1""]",Same OpenITI work URI; retain versions separately.
dup_openiti_work_0795IbnRajabHanbali.AhwalQubur,openiti_work_0795IbnRajabHanbali.AhwalQubur,3,"[""openiti_dv_0795IbnRajabHanbali.AhwalQubur.ShamAY0033754-ara2"",""openiti_dv_0795IbnRajabHanbali.AhwalQubur.ShamAY0033761-ara3"",""openiti_dv_0795IbnRajabHanbali.AhwalQubur.Shamela0010900-ara1""]",Same OpenITI work URI; retain versions separately.
dup_openiti_work_0795IbnRajabHanbali.AsbabMaghfira,openiti_work_0795IbnRajabHanbali.AsbabMaghfira,2,"[""openiti_dv_0795IbnRajabHanbali.AsbabMaghfira.JK010200-ara1"",""openiti_dv_0795IbnRajabHanbali.AsbabMaghfira.Shamela0000200-ara1""]",Same OpenITI work URI; retain versions separately.
dup_openiti_work_0795IbnRajabHanbali.DhaylTabaqatHanabila,openiti_work_0795IbnRajabHanbali.DhaylTabaqatHanabila,2,"[""openiti_dv_0795IbnRajabHanbali.DhaylTabaqatHanabila.JK010293-ara1"",""openiti_dv_0795IbnRajabHanbali.DhaylTabaqatHanabila.Shamela0031366-ara1""]",Same OpenITI work URI; retain versions separately.
dup_openiti_work_0795IbnRajabHanbali.FadlCilmSalaf,openiti_work_0795IbnRajabHanbali.FadlCilmSalaf,3,"[""openiti_dv_0795IbnRajabHanbali.FadlCilmSalaf.ShamAY0032660-ara1"",""openiti_dv_0795IbnRajabHanbali.FadlCilmSalaf.ShamAY0038626-ara1"",""openiti_dv_0795IbnRajabHanbali.FadlCilmSalaf.Shamela0000132-ara1""]",Same OpenITI work URI; retain versions separately.
dup_openiti_work_0795IbnRajabHanbali.FathBariFiSharhSahihBukhari,openiti_work_0795IbnRajabHanbali.FathBariFiSharhSahihBukhari,2,"[""openiti_dv_0795IbnRajabHanbali.FathBariFiSharhSahihBukhari.JK009231-ara1"",""openiti_dv_0795IbnRajabHanbali.FathBariFiSharhSahihBukhari.Shamela0000137-ara1""]",Same OpenITI work URI; retain versions separately.
dup_openiti_work_0795IbnRajabHanbali.IstikhrajLiAhkamKharaj,openiti_work_0795IbnRajabHanbali.IstikhrajLiAhkamKharaj,2,"[""openiti_dv_0795IbnRajabHanbali.IstikhrajLiAhkamKharaj.JK000259-ara1"",""openiti_dv_0795IbnRajabHanbali.IstikhrajLiAhkamKharaj.Shamela0006238-ara1""]",Same OpenITI work URI; retain versions separately.
dup_openiti_work_0795IbnRajabHanbali.JamicCulumWaHikam,openiti_work_0795IbnRajabHanbali.JamicCulumWaHikam,4,"[""openiti_dv_0795IbnRajabHanbali.JamicCulumWaHikam.JK000071-ara1"",""openiti_dv_0795IbnRajabHanbali.JamicCulumWaHikam.ShamAY0033527-ara1"",""openiti_dv_0795IbnRajabHanbali.JamicCulumWaHikam.Shamela0004268-ara1"",""openiti_dv_0795IbnRajabHanbali.JamicCulumWaHikam.Shamela0010443-ara1""]",Same OpenITI work URI; retain versions separately.
dup_openiti_work_0795IbnRajabHanbali.KalimatIkhsas,openiti_work_0795IbnRajabHanbali.KalimatIkhsas,3,"[""openiti_dv_0795IbnRajabHanbali.KalimatIkhsas.JK000340-ara1"",""openiti_dv_0795IbnRajabHanbali.KalimatIkhsas.Shamela0000696-ara1"",""openiti_dv_0795IbnRajabHanbali.KalimatIkhsas.Shamela0006490-ara1""]",Same OpenITI work URI; retain versions separately.
dup_openiti_work_0795IbnRajabHanbali.QacidaDhahabiyya,openiti_work_0795IbnRajabHanbali.QacidaDhahabiyya,2,"[""openiti_dv_0795IbnRajabHanbali.QacidaDhahabiyya.JK010131-ara1"",""openiti_dv_0795IbnRajabHanbali.QacidaDhahabiyya.Shamela0010910-ara1""]",Same OpenITI work URI; retain versions separately.
dup_openiti_work_0795IbnRajabHanbali.Qawacid,openiti_work_0795IbnRajabHanbali.Qawacid,5,"[""openiti_dv_0795IbnRajabHanbali.Qawacid.JK007052-ara1"",""openiti_dv_0795IbnRajabHanbali.Qawacid.Sham19Y0017894-ara1"",""openiti_dv_0795IbnRajabHanbali.Qawacid.ShamAY0034191-ara3"",""openiti_dv_0795IbnRajabHanbali.Qawacid.ShamAY0034192-ara1"",""openiti_dv_0795IbnRajabHanbali.Qawacid.Shamela0021730-ara1""]",Same OpenITI work URI; retain versions separately.
dup_openiti_work_0795IbnRajabHanbali.SharhCilalTirmidhi,openiti_work_0795IbnRajabHanbali.SharhCilalTirmidhi,3,"[""openiti_dv_0795IbnRajabHanbali.SharhCilalTirmidhi.JK006673-ara1"",""openiti_dv_0795IbnRajabHanbali.SharhCilalTirmidhi.ShamAY0034011-ara1"",""openiti_dv_0795IbnRajabHanbali.SharhCilalTirmidhi.Shamela0009552-ara1""]",Same OpenITI work URI; retain versions separately.
dup_openiti_work_0795IbnRajabHanbali.SharhHadithLabbayka,openiti_work_0795IbnRajabHanbali.SharhHadithLabbayka,2,"[""openiti_dv_0795IbnRajabHanbali.SharhHadithLabbayka.JK000034-ara1"",""openiti_dv_0795IbnRajabHanbali.SharhHadithLabbayka.Shamela0005767-ara1""]",Same OpenITI work URI; retain versions separately.
dup_openiti_work_0795IbnRajabHanbali.TakhwifMinNar,openiti_work_0795IbnRajabHanbali.TakhwifMinNar,3,"[""openiti_dv_0795IbnRajabHanbali.TakhwifMinNar.JK000127-ara1"",""openiti_dv_0795IbnRajabHanbali.TakhwifMinNar.Shamela0004033-ara1"",""openiti_dv_0795IbnRajabHanbali.TakhwifMinNar.Shia002228-ara1""]",Same OpenITI work URI; retain versions separately.
dup_openiti_work_0795IbnZumruq.Diwan,openiti_work_0795IbnZumruq.Diwan,2,"[""openiti_dv_0795IbnZumruq.Diwan.JK007567-ara1"",""openiti_dv_0795IbnZumruq.Diwan.ShamAY0037869-ara1""]",Same OpenITI work URI; retain versions separately.
dup_openiti_work_0799IbnFarhun.DibajMudhahhab,openiti_work_0799IbnFarhun.DibajMudhahhab,3,"[""openiti_dv_0799IbnFarhun.DibajMudhahhab.JK000174-ara2"",""openiti_dv_0799IbnFarhun.DibajMudhahhab.ShamAY0001135-ara1"",""openiti_dv_0799IbnFarhun.DibajMudhahhab.Shamela0006730-ara1""]",Same OpenITI work URI; retain versions separately.
dup_openiti_work_0799IbnFarhun.TabsiratHukkam,openiti_work_0799IbnFarhun.TabsiratHukkam,2,"[""openiti_dv_0799IbnFarhun.TabsiratHukkam.JK007089-ara1"",""openiti_dv_0799IbnFarhun.TabsiratHukkam.Shamela0021595-ara1""]",Same OpenITI work URI; retain versions separately.
dup_openiti_work_0800IbnAhmadAbuCabdAllahSalimi.IsharaIlaCilmCibara,openiti_work_0800IbnAhmadAbuCabdAllahSalimi.IsharaIlaCilmCibara,2,"[""openiti_dv_0800IbnAhmadAbuCabdAllahSalimi.IsharaIlaCilmCibara.JK006857-ara1"",""openiti_dv_0800IbnAhmadAbuCabdAllahSalimi.IsharaIlaCilmCibara.Shamela0010698-ara1""]",Same OpenITI work URI; retain versions separately.
dup_openiti_work_0800IbnCaliYamaniZabidi.JawharaNayyira,openiti_work_0800IbnCaliYamaniZabidi.JawharaNayyira,2,"[""openiti_dv_0800IbnCaliYamaniZabidi.JawharaNayyira.JK011696-ara1"",""openiti_dv_0800IbnCaliYamaniZabidi.JawharaNayyira.Shamela0021596-ara1""]",Same OpenITI work URI; retain versions separately.
dup_openiti_work_0802IbnMusaAbnasi.ShadhaFayyah,openiti_work_0802IbnMusaAbnasi.ShadhaFayyah,2,"[""openiti_dv_0802IbnMusaAbnasi.ShadhaFayyah.JK000981-ara1"",""openiti_dv_0802IbnMusaAbnasi.ShadhaFayyah.Shamela0007349-ara1""]",Same OpenITI work URI; retain versions separately.
dup_openiti_work_0803BahaDinNiliNajafi.MuntakhabAnwar,openiti_work_0803BahaDinNiliNajafi.MuntakhabAnwar,2,"[""openiti_dv_0803BahaDinNiliNajafi.MuntakhabAnwar.Masaha003293-ara1"",""openiti_dv_0803BahaDinNiliNajafi.MuntakhabAnwar.Shia004022-ara1""]",Same OpenITI work URI; retain versions separately.
dup_openiti_work_0803IbnCarafaWarghami.MukhtasarFiMantiq,openiti_work_0803IbnCarafaWarghami.MukhtasarFiMantiq,2,"[""openiti_dv_0803IbnCarafaWarghami.MukhtasarFiMantiq.JK010708-ara1"",""openiti_dv_0803IbnCarafaWarghami.MukhtasarFiMantiq.Shamela0000708-ara1""]",Same OpenITI work URI; retain versions separately.
dup_openiti_work_0803IbnCarafaWarghami.Tafsir,openiti_work_0803IbnCarafaWarghami.Tafsir,4,"[""openiti_dv_0803IbnCarafaWarghami.Tafsir.JK009258-ara1"",""openiti_dv_0803IbnCarafaWarghami.Tafsir.Shamela0000067-ara1"",""openiti_dv_0803IbnCarafaWarghami.Tafsir.Shamela0096753-ara1"",""openiti_dv_0803IbnCarafaWarghami.Tafsir.Tafsir02020-ara1""]",Same OpenITI work URI; retain versions separately.
dup_openiti_work_0803IbnLahhamCalaDinBacli.MukhtasarFiUsulFiqh,openiti_work_0803IbnLahhamCalaDinBacli.MukhtasarFiUsulFiqh,2,"[""openiti_dv_0803IbnLahhamCalaDinBacli.MukhtasarFiUsulFiqh.JK000223-ara1"",""openiti_dv_0803IbnLahhamCalaDinBacli.MukhtasarFiUsulFiqh.Shamela0006308-ara1""]",Same OpenITI work URI; retain versions separately.
dup_openiti_work_0803IbnLahhamCalaDinBacli.Qawacid,openiti_work_0803IbnLahhamCalaDinBacli.Qawacid,3,"[""openiti_dv_0803IbnLahhamCalaDinBacli.Qawacid.JK000879-ara1"",""openiti_dv_0803IbnLahhamCalaDinBacli.Qawacid.ShamAY0034193-ara1"",""openiti_dv_0803IbnLahhamCalaDinBacli.Qawacid.Shamela0008526-ara1""]",Same OpenITI work URI; retain versions separately.
dup_openiti_work_0803IbnMusaJamalDinMalati.MuctasarMinMukhtasar,openiti_work_0803IbnMusaJamalDinMalati.MuctasarMinMukhtasar,2,"[""openiti_dv_0803IbnMusaJamalDinMalati.MuctasarMinMukhtasar.JK000232-ara1"",""openiti_dv_0803IbnMusaJamalDinMalati.MuctasarMinMukhtasar.Shamela0011816-ara1""]",Same OpenITI work URI; retain versions separately.
dup_openiti_work_0804IbnMulaqqin.BadrMunir,openiti_work_0804IbnMulaqqin.BadrMunir,2,"[""openiti_dv_0804IbnMulaqqin.BadrMunir.JK009137-ara1"",""openiti_dv_0804IbnMulaqqin.BadrMunir.Shamela0005922-ara1""]",Same OpenITI work URI; retain versions separately.
dup_openiti_work_0804IbnMulaqqin.GhayatSul,openiti_work_0804IbnMulaqqin.GhayatSul,2,"[""openiti_dv_0804IbnMulaqqin.GhayatSul.JK001472-ara1"",""openiti_dv_0804IbnMulaqqin.GhayatSul.Shamela0006588-ara1""]",Same OpenITI work URI; retain versions separately.
dup_openiti_work_0804IbnMulaqqin.IclamBiFawaid,openiti_work_0804IbnMulaqqin.IclamBiFawaid,2,"[""openiti_dv_0804IbnMulaqqin.IclamBiFawaid.Sham19Y0013769-ara1"",""openiti_dv_0804IbnMulaqqin.IclamBiFawaid.ShamAY0031785-ara1""]",Same OpenITI work URI; retain versions separately.
dup_openiti_work_0804IbnMulaqqin.KhulasatBadrMunir,openiti_work_0804IbnMulaqqin.KhulasatBadrMunir,2,"[""openiti_dv_0804IbnMulaqqin.KhulasatBadrMunir.JK000734-ara1"",""openiti_dv_0804IbnMulaqqin.KhulasatBadrMunir.Shamela0021104-ara1""]",Same OpenITI work URI; retain versions separately.
dup_openiti_work_0804IbnMulaqqin.MuqnicFiCulumHadith,openiti_work_0804IbnMulaqqin.MuqnicFiCulumHadith,2,"[""openiti_dv_0804IbnMulaqqin.MuqnicFiCulumHadith.JK000996-ara1"",""openiti_dv_0804IbnMulaqqin.MuqnicFiCulumHadith.Shamela0005976-ara1""]",Same OpenITI work URI; retain versions separately.
dup_openiti_work_0804IbnMulaqqin.TabaqatAwliya,openiti_work_0804IbnMulaqqin.TabaqatAwliya,2,"[""openiti_dv_0804IbnMulaqqin.TabaqatAwliya.JK010755-ara1"",""openiti_dv_0804IbnMulaqqin.TabaqatAwliya.Shamela0001347-ara1""]",Same OpenITI work URI; retain versions separately.
dup_openiti_work_0804IbnMulaqqin.TadhkiratMuhtaj,openiti_work_0804IbnMulaqqin.TadhkiratMuhtaj,2,"[""openiti_dv_0804IbnMulaqqin.TadhkiratMuhtaj.JK006802-ara1"",""openiti_dv_0804IbnMulaqqin.TadhkiratMuhtaj.Shamela0009569-ara1""]",Same OpenITI work URI; retain versions separately.
dup_openiti_work_0804IbnMulaqqin.TuhfatMuhtaj,openiti_work_0804IbnMulaqqin.TuhfatMuhtaj,2,"[""openiti_dv_0804IbnMulaqqin.TuhfatMuhtaj.JK000271-ara1"",""openiti_dv_0804IbnMulaqqin.TuhfatMuhtaj.Shamela0005911-ara1""]",Same OpenITI work URI; retain versions separately.
dup_openiti_work_0805BahramDamiri.ShamilFiFiqhMalik,openiti_work_0805BahramDamiri.ShamilFiFiqhMalik,2,"[""openiti_dv_0805BahramDamiri.ShamilFiFiqhMalik.Sham19Y0013234-ara1"",""openiti_dv_0805BahramDamiri.ShamilFiFiqhMalik.ShamAY0034233-ara1""]",Same OpenITI work URI; retain versions separately.
dup_openiti_work_0806IbnHusaynZaynDinCiraqi.AlfiyyatSira,openiti_work_0806IbnHusaynZaynDinCiraqi.AlfiyyatSira,2,"[""openiti_dv_0806IbnHusaynZaynDinCiraqi.AlfiyyatSira.Masaha001863-ara1"",""openiti_dv_0806IbnHusaynZaynDinCiraqi.AlfiyyatSira.Shamela0023660-ara1""]",Same OpenITI work URI; retain versions separately.
dup_openiti_work_0806IbnHusaynZaynDinCiraqi.ArbacunaCushariyya,openiti_work_0806IbnHusaynZaynDinCiraqi.ArbacunaCushariyya,3,"[""openiti_dv_0806IbnHusaynZaynDinCiraqi.ArbacunaCushariyya.JK000663-ara1"",""openiti_dv_0806IbnHusaynZaynDinCiraqi.ArbacunaCushariyya.Shamela0005715-ara1"",""openiti_dv_0806IbnHusaynZaynDinCiraqi.ArbacunaCushariyya.Shia002230-ara1""]",Same OpenITI work URI; retain versions separately.
dup_openiti_work_0806IbnHusaynZaynDinCiraqi.DhaylMizan,openiti_work_0806IbnHusaynZaynDinCiraqi.DhaylMizan,4,"[""openiti_dv_0806IbnHusaynZaynDinCiraqi.DhaylMizan.JK001293BK2-ara1"",""openiti_dv_0806IbnHusaynZaynDinCiraqi.DhaylMizan.JK005015-ara1"",""openiti_dv_0806IbnHusaynZaynDinCiraqi.DhaylMizan.ShamAY0034601BK2-ara1"",""openiti_dv_0806IbnHusaynZaynDinCiraqi.DhaylMizan.Shamela0005847-ara1""]",Same OpenITI work URI; retain versions separately.
dup_openiti_work_0806IbnHusaynZaynDinCiraqi.Mughni,openiti_work_0806IbnHusaynZaynDinCiraqi.Mughni,3,"[""openiti_dv_0806IbnHusaynZaynDinCiraqi.Mughni.JK005021-ara1"",""openiti_dv_0806IbnHusaynZaynDinCiraqi.Mughni.ShamAY0034126-ara1"",""openiti_dv_0806IbnHusaynZaynDinCiraqi.Mughni.Shamela0021550-ara1""]",Same OpenITI work URI; retain versions separately.
dup_openiti_work_0806IbnHusaynZaynDinCiraqi.MustakhrajCalaMustadrak,openiti_work_0806IbnHusaynZaynDinCiraqi.MustakhrajCalaMustadrak,4,"[""openiti_dv_0806IbnHusaynZaynDinCiraqi.MustakhrajCalaMustadrak.JK000628-ara1"",""openiti_dv_0806IbnHusaynZaynDinCiraqi.MustakhrajCalaMustadrak.JK000861-ara1"",""openiti_dv_0806IbnHusaynZaynDinCiraqi.MustakhrajCalaMustadrak.Shamela0006008-ara1"",""openiti_dv_0806IbnHusaynZaynDinCiraqi.MustakhrajCalaMustadrak.Shia002229-ara1""]",Same OpenITI work URI; retain versions separately.
dup_openiti_work_0806IbnHusaynZaynDinCiraqi.Taqyid,openiti_work_0806IbnHusaynZaynDinCiraqi.Taqyid,2,"[""openiti_dv_0806IbnHusaynZaynDinCiraqi.Taqyid.JK000985-ara1"",""openiti_dv_0806IbnHusaynZaynDinCiraqi.Taqyid.Shamela0007581-ara1""]",Same OpenITI work URI; retain versions separately.
dup_openiti_work_0806IbnHusaynZaynDinCiraqi.TarhTarthib,openiti_work_0806IbnHusaynZaynDinCiraqi.TarhTarthib,2,"[""openiti_dv_0806IbnHusaynZaynDinCiraqi.TarhTarthib.JK007117-ara1"",""openiti_dv_0806IbnHusaynZaynDinCiraqi.TarhTarthib.Shamela0011036-ara1""]",Same OpenITI work URI; retain versions separately.
dup_openiti_work_0807IbnAhmarKhazraji.NafhaNisriniyya,openiti_work_0807IbnAhmarKhazraji.NafhaNisriniyya,2,"[""openiti_dv_0807IbnAhmarKhazraji.NafhaNisriniyya.JK010401-ara1"",""openiti_dv_0807IbnAhmarKhazraji.NafhaNisriniyya.Shamela0000401-ara1""]",Same OpenITI work URI; retain versions separately.
dup_openiti_work_0807NurDinHaythami.BughyatBahith,openiti_work_0807NurDinHaythami.BughyatBahith,2,"[""openiti_dv_0807NurDinHaythami.BughyatBahith.ShamAY0033926-ara1"",""openiti_dv_0807NurDinHaythami.BughyatBahith.ShamAY0033985-ara1""]",Same OpenITI work URI; retain versions separately.
dup_openiti_work_0807NurDinHaythami.MajmacZawaid,openiti_work_0807NurDinHaythami.MajmacZawaid,6,"[""openiti_dv_0807NurDinHaythami.MajmacZawaid.JK000637-ara1"",""openiti_dv_0807NurDinHaythami.MajmacZawaid.ShamAY0034120-ara1"",""openiti_dv_0807NurDinHaythami.MajmacZawaid.ShamAY0038036-ara1"",""openiti_dv_0807NurDinHaythami.MajmacZawaid.Shamela0000061-ara1"",""openiti_dv_0807NurDinHaythami.MajmacZawaid.Shamela0096615-ara1"",""openiti_dv_0807NurDinHaythami.MajmacZawaid.Shia001782Vols-ara1""]",Same OpenITI work URI; retain versions separately.
dup_openiti_work_0807NurDinHaythami.MawaridZaman,openiti_work_0807NurDinHaythami.MawaridZaman,4,"[""openiti_dv_0807NurDinHaythami.MawaridZaman.JK000707-ara1"",""openiti_dv_0807NurDinHaythami.MawaridZaman.Shamela0000901-ara1"",""openiti_dv_0807NurDinHaythami.MawaridZaman.Shamela0098126-ara1"",""openiti_dv_0807NurDinHaythami.MawaridZaman.Shia002231Vols-ara1""]",Same OpenITI work URI; retain versions separately.
dup_openiti_work_0808IbnCimadDinShihabDinAqfahsi.AdabAkl,openiti_work_0808IbnCimadDinShihabDinAqfahsi.AdabAkl,2,"[""openiti_dv_0808IbnCimadDinShihabDinAqfahsi.AdabAkl.JK010210-ara1"",""openiti_dv_0808IbnCimadDinShihabDinAqfahsi.AdabAkl.Shamela0008185-ara1""]",Same OpenITI work URI; retain versions separately.
dup_openiti_work_0808IbnKhaldun.Rihla,openiti_work_0808IbnKhaldun.Rihla,2,"[""openiti_dv_0808IbnKhaldun.Rihla.Masaha003967-ara1"",""openiti_dv_0808IbnKhaldun.Rihla.Shamela0037022-ara1""]",Same OpenITI work URI; retain versions separately.
dup_openiti_work_0808IbnKhaldun.Tarikh,openiti_work_0808IbnKhaldun.Tarikh,6,"[""openiti_dv_0808IbnKhaldun.Tarikh.JK000420-ara2"",""openiti_dv_0808IbnKhaldun.Tarikh.JK005600-ara2"",""openiti_dv_0808IbnKhaldun.Tarikh.ShamAY0033819-ara1"",""openiti_dv_0808IbnKhaldun.Tarikh.Shamela0012320-ara1"",""openiti_dv_0808IbnKhaldun.Tarikh.Shia003607Vols-ara2"",""openiti_dv_0808IbnKhaldun.Tarikh.Zaydiyya0000152-ara2""]",Same OpenITI work URI; retain versions separately.
dup_openiti_work_0808MuhammadDamiri.HayatHayawanKubra,openiti_work_0808MuhammadDamiri.HayatHayawanKubra,4,"[""openiti_dv_0808MuhammadDamiri.HayatHayawanKubra.JK009229-ara1"",""openiti_dv_0808MuhammadDamiri.HayatHayawanKubra.JK010542-ara1"",""openiti_dv_0808MuhammadDamiri.HayatHayawanKubra.Shamela0010664-ara1"",""openiti_dv_0808MuhammadDamiri.HayatHayawanKubra.Zaydiyya0000303-ara2""]",Same OpenITI work URI; retain versions separately.
dup_openiti_work_0809IbnQunfudh.Wafayat,openiti_work_0809IbnQunfudh.Wafayat,3,"[""openiti_dv_0809IbnQunfudh.Wafayat.JK001481-ara1"",""openiti_dv_0809IbnQunfudh.Wafayat.Shamela0010921-ara1"",""openiti_dv_0809IbnQunfudh.Wafayat.Shia003615-ara1""]",Same OpenITI work URI; retain versions separately.
dup_openiti_work_0809IbnQunfudh.WasilatIslam,openiti_work_0809IbnQunfudh.WasilatIslam,2,"[""openiti_dv_0809IbnQunfudh.WasilatIslam.JK001286-ara1"",""openiti_dv_0809IbnQunfudh.WasilatIslam.Shamela0006587-ara1""]",Same OpenITI work URI; retain versions separately.
dup_openiti_work_0813RajabIbnMuhammadBursi.MashariqAnwar,openiti_work_0813RajabIbnMuhammadBursi.MashariqAnwar,2,"[""openiti_dv_0813RajabIbnMuhammadBursi.MashariqAnwar.Masaha002876-ara1"",""openiti_dv_0813RajabIbnMuhammadBursi.MashariqAnwar.Shia004023-ara1""]",Same OpenITI work URI; retain versions separately.
dup_openiti_work_0815IbnMuhammadShihabDinIbnHaim.TibyanFiTafsirGharib,openiti_work_0815IbnMuhammadShihabDinIbnHaim.TibyanFiTafsirGharib,3,"[""openiti_dv_0815IbnMuhammadShihabDinIbnHaim.TibyanFiTafsirGharib.JK001123-ara1"",""openiti_dv_0815IbnMuhammadShihabDinIbnHaim.TibyanFiTafsirGharib.ShamAY0034046-ara1"",""openiti_dv_0815IbnMuhammadShihabDinIbnHaim.TibyanFiTafsirGharib.Shamela0023598-ara1""]",Same OpenITI work URI; retain versions separately.
dup_openiti_work_0815MuhibbDinIbnShihna.MacaniWaBayan,openiti_work_0815MuhibbDinIbnShihna.MacaniWaBayan,2,"[""openiti_dv_0815MuhibbDinIbnShihna.MacaniWaBayan.ShamAY0034484-ara1"",""openiti_dv_0815MuhibbDinIbnShihna.MacaniWaBayan.ShamAY0034490-ara1""]",Same OpenITI work URI; retain versions separately.
dup_openiti_work_0816IbnMuhammadSharifJurjani.DibajMudhahhab,openiti_work_0816IbnMuhammadSharifJurjani.DibajMudhahhab,2,"[""openiti_dv_0816IbnMuhammadSharifJurjani.DibajMudhahhab.ShamAY0000134-ara1"",""openiti_dv_0816IbnMuhammadSharifJurjani.DibajMudhahhab.Shamela0030531-ara1""]",Same OpenITI work URI; retain versions separately.
dup_openiti_work_0816IbnMuhammadSharifJurjani.RisalaFiUsulHadith,openiti_work_0816IbnMuhammadSharifJurjani.RisalaFiUsulHadith,2,"[""openiti_dv_0816IbnMuhammadSharifJurjani.RisalaFiUsulHadith.JK006972-ara1"",""openiti_dv_0816IbnMuhammadSharifJurjani.RisalaFiUsulHadith.Shamela0005984-ara1""]",Same OpenITI work URI; retain versions separately.
dup_openiti_work_0816IbnMuhammadSharifJurjani.Tacrifat,openiti_work_0816IbnMuhammadSharifJurjani.Tacrifat,2,"[""openiti_dv_0816IbnMuhammadSharifJurjani.Tacrifat.JK000768-ara1"",""openiti_dv_0816IbnMuhammadSharifJurjani.Tacrifat.Shamela0007312-ara1""]",Same OpenITI work URI; retain versions separately.
dup_openiti_work_0817MajdDinFiruzabadi.BulghaFiTarajim,openiti_work_0817MajdDinFiruzabadi.BulghaFiTarajim,2,"[""openiti_dv_0817MajdDinFiruzabadi.BulghaFiTarajim.JK000396-ara1"",""openiti_dv_0817MajdDinFiruzabadi.BulghaFiTarajim.Shamela0009984-ara1""]",Same OpenITI work URI; retain versions separately.
dup_openiti_work_0817MajdDinFiruzabadi.QamusMuhit,openiti_work_0817MajdDinFiruzabadi.QamusMuhit,3,"[""openiti_dv_0817MajdDinFiruzabadi.QamusMuhit.JK001437-ara1"",""openiti_dv_0817MajdDinFiruzabadi.QamusMuhit.Shamela0007283-ara1"",""openiti_dv_0817MajdDinFiruzabadi.QamusMuhit.Shia003957Vols-ara1""]",Same OpenITI work URI; retain versions separately.
dup_openiti_work_0817MajdDinFiruzabadi.RisalaFiBayan,openiti_work_0817MajdDinFiruzabadi.RisalaFiBayan,2,"[""openiti_dv_0817MajdDinFiruzabadi.RisalaFiBayan.ShamAY0034139-ara1"",""openiti_dv_0817MajdDinFiruzabadi.RisalaFiBayan.Shamela0011760-ara1""]",Same OpenITI work URI; retain versions separately.
dup_openiti_work_0817MajdDinFiruzabadi.TanwirMiqbas,openiti_work_0817MajdDinFiruzabadi.TanwirMiqbas,4,"[""openiti_dv_0817MajdDinFiruzabadi.TanwirMiqbas.JK000865-ara1"",""openiti_dv_0817MajdDinFiruzabadi.TanwirMiqbas.Shamela0012877-ara1"",""openiti_dv_0817MajdDinFiruzabadi.TanwirMiqbas.Shia002666-ara1"",""openiti_dv_0817MajdDinFiruzabadi.TanwirMiqbas.Tafsir02010-ara1""]",Same OpenITI work URI; retain versions separately.
dup_openiti_work_0821Qalqashandi.Maathir,openiti_work_0821Qalqashandi.Maathir,3,"[""openiti_dv_0821Qalqashandi.Maathir.JK000401-ara1"",""openiti_dv_0821Qalqashandi.Maathir.MMS00001-ara1"",""openiti_dv_0821Qalqashandi.Maathir.Shamela0008460-ara1""]",Same OpenITI work URI; retain versions separately.
dup_openiti_work_0821Qalqashandi.QalaidJuman,openiti_work_0821Qalqashandi.QalaidJuman,2,"[""openiti_dv_0821Qalqashandi.QalaidJuman.JK010489-ara2"",""openiti_dv_0821Qalqashandi.QalaidJuman.Shamela0000315-ara1""]",Same OpenITI work URI; retain versions separately.
dup_openiti_work_0821Qalqashandi.SubhAcsha,openiti_work_0821Qalqashandi.SubhAcsha,2,"[""openiti_dv_0821Qalqashandi.SubhAcsha.JK000958-ara1"",""openiti_dv_0821Qalqashandi.SubhAcsha.Shamela0009429-ara1""]",Same OpenITI work URI; retain versions separately.
dup_openiti_work_0826IbnCiraqi.TuhfatTahsil,openiti_work_0826IbnCiraqi.TuhfatTahsil,2,"[""openiti_dv_0826IbnCiraqi.TuhfatTahsil.JK001255-ara1"",""openiti_dv_0826IbnCiraqi.TuhfatTahsil.Shamela0005838-ara1""]",Same OpenITI work URI; retain versions separately.
dup_openiti_work_0828IbnCinaba.CumdatTalib,openiti_work_0828IbnCinaba.CumdatTalib,3,"[""openiti_dv_0828IbnCinaba.CumdatTalib.Masaha002302-ara1"",""openiti_dv_0828IbnCinaba.CumdatTalib.Shia001388-ara1"",""openiti_dv_0828IbnCinaba.CumdatTalib.Zaydiyya0000026-ara1""]",Same OpenITI work URI; retain versions separately.
dup_openiti_work_0829TaqiDinDimashqiHisni.DafcShubh,openiti_work_0829TaqiDinDimashqiHisni.DafcShubh,3,"[""openiti_dv_0829TaqiDinDimashqiHisni.DafcShubh.JK001011-ara1"",""openiti_dv_0829TaqiDinDimashqiHisni.DafcShubh.Masaha000257-ara1"",""openiti_dv_0829TaqiDinDimashqiHisni.DafcShubh.Shia003724-ara1""]",Same OpenITI work URI; retain versions separately.
dup_openiti_work_0829TaqiDinDimashqiHisni.KifayatAkhyar,openiti_work_0829TaqiDinDimashqiHisni.KifayatAkhyar,2,"[""openiti_dv_0829TaqiDinDimashqiHisni.KifayatAkhyar.JK000119-ara1"",""openiti_dv_0829TaqiDinDimashqiHisni.KifayatAkhyar.Shamela0006140-ara1""]",Same OpenITI work URI; retain versions separately.
dup_openiti_work_0830BuraciYamaniShacir.Diwan,openiti_work_0830BuraciYamaniShacir.Diwan,2,"[""openiti_dv_0830BuraciYamaniShacir.Diwan.JK007602-ara1"",""openiti_dv_0830BuraciYamaniShacir.Diwan.ShamAY0037845-ara1""]",Same OpenITI work URI; retain versions separately.
dup_openiti_work_0832TaqiFasi.CiqdThamin,openiti_work_0832TaqiFasi.CiqdThamin,3,"[""openiti_dv_0832TaqiFasi.CiqdThamin.MMS00002-ara1"",""openiti_dv_0832TaqiFasi.CiqdThamin.Rafed0002209Vols-ara1"",""openiti_dv_0832TaqiFasi.CiqdThamin.Sham19Y0020989-ara1""]",Same OpenITI work URI; retain versions separately.
dup_openiti_work_0832TaqiFasi.DhaylTaqyid,openiti_work_0832TaqiFasi.DhaylTaqyid,2,"[""openiti_dv_0832TaqiFasi.DhaylTaqyid.JK000680-ara1"",""openiti_dv_0832TaqiFasi.DhaylTaqyid.Shamela0008884-ara1""]",Same OpenITI work URI; retain versions separately.
dup_openiti_work_0832TaqiFasi.ZuhurMuqtatafa,openiti_work_0832TaqiFasi.ZuhurMuqtatafa,2,"[""openiti_dv_0832TaqiFasi.ZuhurMuqtatafa.MMS00004-ara1"",""openiti_dv_0832TaqiFasi.ZuhurMuqtatafa.Masaha004654-ara1""]",Same OpenITI work URI; retain versions separately.
dup_openiti_work_0833IbnJazari.AsnaMatalib,openiti_work_0833IbnJazari.AsnaMatalib,2,"[""openiti_dv_0833IbnJazari.AsnaMatalib.Masaha001832-ara1"",""openiti_dv_0833IbnJazari.AsnaMatalib.Rafed0002614-ara1""]",Same OpenITI work URI; retain versions separately.
dup_openiti_work_0833IbnJazari.DurraMudiyya,openiti_work_0833IbnJazari.DurraMudiyya,2,"[""openiti_dv_0833IbnJazari.DurraMudiyya.JK000887-ara1"",""openiti_dv_0833IbnJazari.DurraMudiyya.Shamela0007749-ara1""]",Same OpenITI work URI; retain versions separately.
dup_openiti_work_0833IbnJazari.GhayatNihaya,openiti_work_0833IbnJazari.GhayatNihaya,2,"[""openiti_dv_0833IbnJazari.GhayatNihaya.JK010283-ara1"",""openiti_dv_0833IbnJazari.GhayatNihaya.Shamela0012040-ara1""]",Same OpenITI work URI; retain versions separately.
dup_openiti_work_0833IbnJazari.ManaqibAsadGhalib,openiti_work_0833IbnJazari.ManaqibAsadGhalib,2,"[""openiti_dv_0833IbnJazari.ManaqibAsadGhalib.JK011068-ara1"",""openiti_dv_0833IbnJazari.ManaqibAsadGhalib.Shamela0012752-ara1""]",Same OpenITI work URI; retain versions separately.
dup_openiti_work_0833IbnJazari.TahbirTaysir,openiti_work_0833IbnJazari.TahbirTaysir,2,"[""openiti_dv_0833IbnJazari.TahbirTaysir.JK009168-ara1"",""openiti_dv_0833IbnJazari.TahbirTaysir.Shamela0005556-ara1""]",Same OpenITI work URI; retain versions separately.
dup_openiti_work_0833IbnJazari.ZahrFaih,openiti_work_0833IbnJazari.ZahrFaih,2,"[""openiti_dv_0833IbnJazari.ZahrFaih.JK010408-ara1"",""openiti_dv_0833IbnJazari.ZahrFaih.Shamela0009102-ara1""]",Same OpenITI work URI; retain versions separately.
dup_openiti_work_0837IbnHijjaHamawi.BulughAmal,openiti_work_0837IbnHijjaHamawi.BulughAmal,2,"[""openiti_dv_0837IbnHijjaHamawi.BulughAmal.JK010567-ara1"",""openiti_dv_0837IbnHijjaHamawi.BulughAmal.Shamela0000567-ara1""]",Same OpenITI work URI; retain versions separately.
dup_openiti_work_0837IbnHijjaHamawi.DhaylThamaratAwraq,openiti_work_0837IbnHijjaHamawi.DhaylThamaratAwraq,2,"[""openiti_dv_0837IbnHijjaHamawi.DhaylThamaratAwraq.JK009204BK2-ara1"",""openiti_dv_0837IbnHijjaHamawi.DhaylThamaratAwraq.Shamela0011056BK2-ara1""]",Same OpenITI work URI; retain versions separately.
dup_openiti_work_0837IbnHijjaHamawi.KhizanatAdab,openiti_work_0837IbnHijjaHamawi.KhizanatAdab,2,"[""openiti_dv_0837IbnHijjaHamawi.KhizanatAdab.JK001305-ara1"",""openiti_dv_0837IbnHijjaHamawi.KhizanatAdab.Shamela0008675-ara1""]",Same OpenITI work URI; retain versions separately.
dup_openiti_work_0837IbnHijjaHamawi.QahwatInsha,openiti_work_0837IbnHijjaHamawi.QahwatInsha,2,"[""openiti_dv_0837IbnHijjaHamawi.QahwatInsha.Kraken220413030901-ara1"",""openiti_dv_0837IbnHijjaHamawi.QahwatInsha.MMS00006-ara1""]",Same OpenITI work URI; retain versions separately.
dup_openiti_work_0837IbnHijjaHamawi.ThamaratAwraq,openiti_work_0837IbnHijjaHamawi.ThamaratAwraq,2,"[""openiti_dv_0837IbnHijjaHamawi.ThamaratAwraq.JK009204BK1-ara1"",""openiti_dv_0837IbnHijjaHamawi.ThamaratAwraq.Shamela0011056BK1-ara1""]",Same OpenITI work URI; retain versions separately.
dup_openiti_work_0840IbnWazirYamani.ItharHaqq,openiti_work_0840IbnWazirYamani.ItharHaqq,3,"[""openiti_dv_0840IbnWazirYamani.ItharHaqq.JK000966-ara1"",""openiti_dv_0840IbnWazirYamani.ItharHaqq.ShamAY0001238-ara1"",""openiti_dv_0840IbnWazirYamani.ItharHaqq.Shamela0005937-ara1""]",Same OpenITI work URI; retain versions separately.
dup_openiti_work_0840IbnWazirYamani.RawdBasim,openiti_work_0840IbnWazirYamani.RawdBasim,3,"[""openiti_dv_0840IbnWazirYamani.RawdBasim.ShamAY0000028-ara1"",""openiti_dv_0840IbnWazirYamani.RawdBasim.Shamela0036427-ara1"",""openiti_dv_0840IbnWazirYamani.RawdBasim.Zaydiyya0000084-ara1""]",Same OpenITI work URI; retain versions separately.
dup_openiti_work_0840MahdiAhmadIbnYahyaHasani.MatnAzhar,openiti_work_0840MahdiAhmadIbnYahyaHasani.MatnAzhar,2,"[""openiti_dv_0840MahdiAhmadIbnYahyaHasani.MatnAzhar.Zaydiyya0000060-ara1"",""openiti_dv_0840MahdiAhmadIbnYahyaHasani.MatnAzhar.Zaydiyya0000489-ara1""]",Same OpenITI work URI; retain versions separately.
dup_openiti_work_0840ShihabDinBusiri.MisbahZujaja,openiti_work_0840ShihabDinBusiri.MisbahZujaja,3,"[""openiti_dv_0840ShihabDinBusiri.MisbahZujaja.JK000312-ara1"",""openiti_dv_0840ShihabDinBusiri.MisbahZujaja.ShamAY0034128-ara1"",""openiti_dv_0840ShihabDinBusiri.MisbahZujaja.Shamela0005635-ara1""]",Same OpenITI work URI; retain versions separately.
dup_openiti_work_0841BurhanDinSibtIbnCajami.Ightibat,openiti_work_0841BurhanDinSibtIbnCajami.Ightibat,2,"[""openiti_dv_0841BurhanDinSibtIbnCajami.Ightibat.JK000246-ara1"",""openiti_dv_0841BurhanDinSibtIbnCajami.Ightibat.Shamela0000130-ara1""]",Same OpenITI work URI; retain versions separately.
dup_openiti_work_0841BurhanDinSibtIbnCajami.KashfHathith,openiti_work_0841BurhanDinSibtIbnCajami.KashfHathith,3,"[""openiti_dv_0841BurhanDinSibtIbnCajami.KashfHathith.JK000495-ara1"",""openiti_dv_0841BurhanDinSibtIbnCajami.KashfHathith.Shamela0005832-ara1"",""openiti_dv_0841BurhanDinSibtIbnCajami.KashfHathith.Shia003316-ara1""]",Same OpenITI work URI; retain versions separately.
dup_openiti_work_0841BurhanDinSibtIbnCajami.TabyinLiAsma,openiti_work_0841BurhanDinSibtIbnCajami.TabyinLiAsma,4,"[""openiti_dv_0841BurhanDinSibtIbnCajami.TabyinLiAsma.JK000501-ara1"",""openiti_dv_0841BurhanDinSibtIbnCajami.TabyinLiAsma.ShamAY0034616-ara1"",""openiti_dv_0841BurhanDinSibtIbnCajami.TabyinLiAsma.Shamela0001187-ara1"",""openiti_dv_0841BurhanDinSibtIbnCajami.TabyinLiAsma.Shia003315-ara1""]",Same OpenITI work URI; retain versions separately.
dup_openiti_work_0842IbnNasirDinDimashqi.MajlisFiHadithJabir,openiti_work_0842IbnNasirDinDimashqi.MajlisFiHadithJabir,4,"[""openiti_dv_0842IbnNasirDinDimashqi.MajlisFiHadithJabir.JK000591-ara1"",""openiti_dv_0842IbnNasirDinDimashqi.MajlisFiHadithJabir.ShamAY0033624-ara1"",""openiti_dv_0842IbnNasirDinDimashqi.MajlisFiHadithJabir.Shamela0009605-ara1"",""openiti_dv_0842IbnNasirDinDimashqi.MajlisFiHadithJabir.Shia002239-ara1""]",Same OpenITI work URI; retain versions separately.
dup_openiti_work_0842IbnNasirDinDimashqi.RaddWafir,openiti_work_0842IbnNasirDinDimashqi.RaddWafir,2,"[""openiti_dv_0842IbnNasirDinDimashqi.RaddWafir.JK000366-ara1"",""openiti_dv_0842IbnNasirDinDimashqi.RaddWafir.Shamela0006660-ara1""]",Same OpenITI work URI; retain versions separately.
dup_openiti_work_0842IbnNasirDinDimashqi.SalwatKaib,openiti_work_0842IbnNasirDinDimashqi.SalwatKaib,2,"[""openiti_dv_0842IbnNasirDinDimashqi.SalwatKaib.JK007020-ara1"",""openiti_dv_0842IbnNasirDinDimashqi.SalwatKaib.Shamela0006594-ara1""]",Same OpenITI work URI; retain versions separately.
dup_openiti_work_0842IbnNasirDinDimashqi.TawdihMushtabih,openiti_work_0842IbnNasirDinDimashqi.TawdihMushtabih,2,"[""openiti_dv_0842IbnNasirDinDimashqi.TawdihMushtabih.JK007097-ara1"",""openiti_dv_0842IbnNasirDinDimashqi.TawdihMushtabih.Shamela0005812-ara1""]",Same OpenITI work URI; retain versions separately.
dup_openiti_work_0843IbnIsmacilJadhbati.DurraGharra,openiti_work_0843IbnIsmacilJadhbati.DurraGharra,2,"[""openiti_dv_0843IbnIsmacilJadhbati.DurraGharra.JK007010-ara1"",""openiti_dv_0843IbnIsmacilJadhbati.DurraGharra.Shamela0009683-ara1""]",Same OpenITI work URI; retain versions separately.
dup_openiti_work_0843IbnKhatibNasiriyya.DurrMuntakhab,openiti_work_0843IbnKhatibNasiriyya.DurrMuntakhab,2,"[""openiti_dv_0843IbnKhatibNasiriyya.DurrMuntakhab.Kraken22021606122503-ara1"",""openiti_dv_0843IbnKhatibNasiriyya.DurrMuntakhab.MMS00008-ara1""]",Same OpenITI work URI; retain versions separately.
dup_openiti_work_0844IbnHusaynIbnRaslanRamli.ZubadFiFiqh,openiti_work_0844IbnHusaynIbnRaslanRamli.ZubadFiFiqh,2,"[""openiti_dv_0844IbnHusaynIbnRaslanRamli.ZubadFiFiqh.JK000209-ara1"",""openiti_dv_0844IbnHusaynIbnRaslanRamli.ZubadFiFiqh.Shamela0022364-ara1""]",Same OpenITI work URI; retain versions separately.
dup_openiti_work_0844IbnKhalilCalaDinTarabulusi.MucinHukkam,openiti_work_0844IbnKhalilCalaDinTarabulusi.MucinHukkam,2,"[""openiti_dv_0844IbnKhalilCalaDinTarabulusi.MucinHukkam.JK011699-ara1"",""openiti_dv_0844IbnKhalilCalaDinTarabulusi.MucinHukkam.Shamela0021600-ara1""]",Same OpenITI work URI; retain versions separately.
dup_openiti_work_0845Maqrizi.Bayan,openiti_work_0845Maqrizi.Bayan,2,"[""openiti_dv_0845Maqrizi.Bayan.JK010319-ara1"",""openiti_dv_0845Maqrizi.Bayan.Shamela0009226-ara1""]",Same OpenITI work URI; retain versions separately.
dup_openiti_work_0845Maqrizi.DurarCuqud,openiti_work_0845Maqrizi.DurarCuqud,2,"[""openiti_dv_0845Maqrizi.DurarCuqud.Kraken220413030834-ara1"",""openiti_dv_0845Maqrizi.DurarCuqud.MMS00011-ara1""]",Same OpenITI work URI; retain versions separately.
dup_openiti_work_0845Maqrizi.ImtacAsmac,openiti_work_0845Maqrizi.ImtacAsmac,3,"[""openiti_dv_0845Maqrizi.ImtacAsmac.Masaha001864Vols-ara1"",""openiti_dv_0845Maqrizi.ImtacAsmac.Shamela0001524-ara1"",""openiti_dv_0845Maqrizi.ImtacAsmac.Shia003616Vols-ara1""]",Same OpenITI work URI; retain versions separately.
dup_openiti_work_0845Maqrizi.ItticazHunafa,openiti_work_0845Maqrizi.ItticazHunafa,2,"[""openiti_dv_0845Maqrizi.ItticazHunafa.JK009215-ara1"",""openiti_dv_0845Maqrizi.ItticazHunafa.Shamela0000176-ara1""]",Same OpenITI work URI; retain versions separately.
dup_openiti_work_0845Maqrizi.Mawaciz,openiti_work_0845Maqrizi.Mawaciz,4,"[""openiti_dv_0845Maqrizi.Mawaciz.MAB02082022-ara1"",""openiti_dv_0845Maqrizi.Mawaciz.Masaha004351Vols-ara1"",""openiti_dv_0845Maqrizi.Mawaciz.Rafed0002319Vols-ara1"",""openiti_dv_0845Maqrizi.Mawaciz.Shamela0011566-ara1""]",Same OpenITI work URI; retain versions separately.
dup_openiti_work_0845Maqrizi.MukhtasarKamil,openiti_work_0845Maqrizi.MukhtasarKamil,2,"[""openiti_dv_0845Maqrizi.MukhtasarKamil.JK009182-ara1"",""openiti_dv_0845Maqrizi.MukhtasarKamil.Shamela0005848-ara1""]",Same OpenITI work URI; retain versions separately.
dup_openiti_work_0845Maqrizi.MukhtasarQiyamRamadan,openiti_work_0845Maqrizi.MukhtasarQiyamRamadan,2,"[""openiti_dv_0845Maqrizi.MukhtasarQiyamRamadan.JK011588-ara1"",""openiti_dv_0845Maqrizi.MukhtasarQiyamRamadan.Shamela0012872-ara1""]",Same OpenITI work URI; retain versions separately.
dup_openiti_work_0845Maqrizi.Suluk,openiti_work_0845Maqrizi.Suluk,3,"[""openiti_dv_0845Maqrizi.Suluk.JK007071-ara1"",""openiti_dv_0845Maqrizi.Suluk.MMS00015-ara1"",""openiti_dv_0845Maqrizi.Suluk.Shamela0006667-ara1""]",Same OpenITI work URI; retain versions separately.
dup_openiti_work_0850ShihabDinIbshihi.Mustatraf,openiti_work_0850ShihabDinIbshihi.Mustatraf,3,"[""openiti_dv_0850ShihabDinIbshihi.Mustatraf.JK001336-ara1"",""openiti_dv_0850ShihabDinIbshihi.Mustatraf.ShamAY0033781-ara1"",""openiti_dv_0850ShihabDinIbshihi.Mustatraf.Shamela0023802-ara1""]",Same OpenITI work URI; retain versions separately.
dup_openiti_work_0851IbnQadiShuhba.TabaqatShaficiyya,openiti_work_0851IbnQadiShuhba.TabaqatShaficiyya,2,"[""openiti_dv_0851IbnQadiShuhba.TabaqatShaficiyya.JK000195-ara1"",""openiti_dv_0851IbnQadiShuhba.TabaqatShaficiyya.Shamela0006736-ara1""]",Same OpenITI work URI; retain versions separately.
dup_openiti_work_0852IbnHajarCasqalani.AhadithCashara,openiti_work_0852IbnHajarCasqalani.AhadithCashara,2,"[""openiti_dv_0852IbnHajarCasqalani.AhadithCashara.ShamAY0033613-ara1"",""openiti_dv_0852IbnHajarCasqalani.AhadithCashara.Shamela0021489-ara1""]",Same OpenITI work URI; retain versions separately.
dup_openiti_work_0852IbnHajarCasqalani.AmaliHalabiyya,openiti_work_0852IbnHajarCasqalani.AmaliHalabiyya,3,"[""openiti_dv_0852IbnHajarCasqalani.AmaliHalabiyya.JK007058-ara1"",""openiti_dv_0852IbnHajarCasqalani.AmaliHalabiyya.Shamela0005729-ara1"",""openiti_dv_0852IbnHajarCasqalani.AmaliHalabiyya.Shamela0009377-ara1""]",Same OpenITI work URI; retain versions separately.
dup_openiti_work_0852IbnHajarCasqalani.AmaliMutlaqa,openiti_work_0852IbnHajarCasqalani.AmaliMutlaqa,2,"[""openiti_dv_0852IbnHajarCasqalani.AmaliMutlaqa.JK000685-ara1"",""openiti_dv_0852IbnHajarCasqalani.AmaliMutlaqa.Shamela0005702-ara1""]",Same OpenITI work URI; retain versions separately.
dup_openiti_work_0852IbnHajarCasqalani.BulughMaram,openiti_work_0852IbnHajarCasqalani.BulughMaram,3,"[""openiti_dv_0852IbnHajarCasqalani.BulughMaram.Sham19Y0017757-ara3"",""openiti_dv_0852IbnHajarCasqalani.BulughMaram.ShamAY0034283-ara2"",""openiti_dv_0852IbnHajarCasqalani.BulughMaram.Shamela0009111-ara1""]",Same OpenITI work URI; retain versions separately.
dup_openiti_work_0852IbnHajarCasqalani.CujabFiBayanAsbab,openiti_work_0852IbnHajarCasqalani.CujabFiBayanAsbab,3,"[""openiti_dv_0852IbnHajarCasqalani.CujabFiBayanAsbab.JK001329-ara1"",""openiti_dv_0852IbnHajarCasqalani.CujabFiBayanAsbab.Shamela0002102-ara1"",""openiti_dv_0852IbnHajarCasqalani.CujabFiBayanAsbab.Shia002667Vols-ara1""]",Same OpenITI work URI; retain versions separately.
dup_openiti_work_0852IbnHajarCasqalani.DirayaFiTakhrijAhadithHidaya,openiti_work_0852IbnHajarCasqalani.DirayaFiTakhrijAhadithHidaya,3,"[""openiti_dv_0852IbnHajarCasqalani.DirayaFiTakhrijAhadithHidaya.JK000775-ara1"",""openiti_dv_0852IbnHajarCasqalani.DirayaFiTakhrijAhadithHidaya.Shamela0005908-ara1"",""openiti_dv_0852IbnHajarCasqalani.DirayaFiTakhrijAhadithHidaya.Shia002240Vols-ara1""]",Same OpenITI work URI; retain versions separately.
dup_openiti_work_0852IbnHajarCasqalani.DurarKamina,openiti_work_0852IbnHajarCasqalani.DurarKamina,3,"[""openiti_dv_0852IbnHajarCasqalani.DurarKamina.JK001301-ara1"",""openiti_dv_0852IbnHajarCasqalani.DurarKamina.ShamAY0038015-ara1"",""openiti_dv_0852IbnHajarCasqalani.DurarKamina.Shamela0006674-ara1""]",Same OpenITI work URI; retain versions separately.
dup_openiti_work_0852IbnHajarCasqalani.FathBari,openiti_work_0852IbnHajarCasqalani.FathBari,3,"[""openiti_dv_0852IbnHajarCasqalani.FathBari.JK000166-ara1"",""openiti_dv_0852IbnHajarCasqalani.FathBari.Shamela0001673-ara1"",""openiti_dv_0852IbnHajarCasqalani.FathBari.Shia001792Vols-ara1""]",Same OpenITI work URI; retain versions separately.
dup_openiti_work_0852IbnHajarCasqalani.ImtacBiArbacin,openiti_work_0852IbnHajarCasqalani.ImtacBiArbacin,2,"[""openiti_dv_0852IbnHajarCasqalani.ImtacBiArbacin.JK001031-ara1"",""openiti_dv_0852IbnHajarCasqalani.ImtacBiArbacin.Shamela0005719-ara1""]",Same OpenITI work URI; retain versions separately.
dup_openiti_work_0852IbnHajarCasqalani.InbaGhumr,openiti_work_0852IbnHajarCasqalani.InbaGhumr,2,"[""openiti_dv_0852IbnHajarCasqalani.InbaGhumr.JK009239-ara1"",""openiti_dv_0852IbnHajarCasqalani.InbaGhumr.Shamela0026317-ara2""]",Same OpenITI work URI; retain versions separately.
dup_openiti_work_0852IbnHajarCasqalani.IsabaFiTamyiz,openiti_work_0852IbnHajarCasqalani.IsabaFiTamyiz,6,"[""openiti_dv_0852IbnHajarCasqalani.IsabaFiTamyiz.JK000533-ara1"",""openiti_dv_0852IbnHajarCasqalani.IsabaFiTamyiz.ShamAY0034567-ara2"",""openiti_dv_0852IbnHajarCasqalani.IsabaFiTamyiz.ShamAY0034568-ara3"",""openiti_dv_0852IbnHajarCasqalani.IsabaFiTamyiz.ShamAY0038004-ara1"",""openiti_dv_0852IbnHajarCasqalani.IsabaFiTamyiz.Shamela0009767-ara4"",""openiti_dv_0852IbnHajarCasqalani.IsabaFiTamyiz.Shia003317Vols-ara4""]",Same OpenITI work URI; retain versions separately.
dup_openiti_work_0852IbnHajarCasqalani.ItharBiMacrifa,openiti_work_0852IbnHajarCasqalani.ItharBiMacrifa,2,"[""openiti_dv_0852IbnHajarCasqalani.ItharBiMacrifa.JK000656-ara1"",""openiti_dv_0852IbnHajarCasqalani.ItharBiMacrifa.Shamela0005861-ara1""]",Same OpenITI work URI; retain versions separately.
dup_openiti_work_0852IbnHajarCasqalani.JawabJalil,openiti_work_0852IbnHajarCasqalani.JawabJalil,2,"[""openiti_dv_0852IbnHajarCasqalani.JawabJalil.MMS00019-ara1"",""openiti_dv_0852IbnHajarCasqalani.JawabJalil.ShamAY0034291-ara1""]",Same OpenITI work URI; retain versions separately.
dup_openiti_work_0852IbnHajarCasqalani.KalamCalaHadithImraati,openiti_work_0852IbnHajarCasqalani.KalamCalaHadithImraati,2,"[""openiti_dv_0852IbnHajarCasqalani.KalamCalaHadithImraati.ShamAY0035242-ara1"",""openiti_dv_0852IbnHajarCasqalani.KalamCalaHadithImraati.Shamela0011057-ara1""]",Same OpenITI work URI; retain versions separately.
dup_openiti_work_0852IbnHajarCasqalani.KhisalMukaffira,openiti_work_0852IbnHajarCasqalani.KhisalMukaffira,2,"[""openiti_dv_0852IbnHajarCasqalani.KhisalMukaffira.ShamAY0033751-ara1"",""openiti_dv_0852IbnHajarCasqalani.KhisalMukaffira.ShamAY0034819-ara1""]",Same OpenITI work URI; retain versions separately.
dup_openiti_work_0852IbnHajarCasqalani.LisanMizan,openiti_work_0852IbnHajarCasqalani.LisanMizan,4,"[""openiti_dv_0852IbnHajarCasqalani.LisanMizan.JK000534-ara2"",""openiti_dv_0852IbnHajarCasqalani.LisanMizan.Shamela0012063-ara2"",""openiti_dv_0852IbnHajarCasqalani.LisanMizan.Shamela0036357-ara1"",""openiti_dv_0852IbnHajarCasqalani.LisanMizan.Shia003341Vols-ara2""]",Same OpenITI work URI; retain versions separately.
dup_openiti_work_0852IbnHajarCasqalani.MatalibCaliya,openiti_work_0852IbnHajarCasqalani.MatalibCaliya,3,"[""openiti_dv_0852IbnHajarCasqalani.MatalibCaliya.JK006801-ara1"",""openiti_dv_0852IbnHajarCasqalani.MatalibCaliya.Sham19Y0037618-ara1"",""openiti_dv_0852IbnHajarCasqalani.MatalibCaliya.Shamela0022804-ara1""]",Same OpenITI work URI; retain versions separately.
dup_openiti_work_0852IbnHajarCasqalani.MucjamMufahras,openiti_work_0852IbnHajarCasqalani.MucjamMufahras,2,"[""openiti_dv_0852IbnHajarCasqalani.MucjamMufahras.JK001149-ara1"",""openiti_dv_0852IbnHajarCasqalani.MucjamMufahras.Shamela0010714-ara1""]",Same OpenITI work URI; retain versions separately.
dup_openiti_work_0852IbnHajarCasqalani.MuqaddimatFathBari,openiti_work_0852IbnHajarCasqalani.MuqaddimatFathBari,3,"[""openiti_dv_0852IbnHajarCasqalani.MuqaddimatFathBari.JK000136-ara1"",""openiti_dv_0852IbnHajarCasqalani.MuqaddimatFathBari.ShamAY0038211-ara1"",""openiti_dv_0852IbnHajarCasqalani.MuqaddimatFathBari.Shia001805-ara1""]",Same OpenITI work URI; retain versions separately.
dup_openiti_work_0852IbnHajarCasqalani.NukatCalaIbnSalah,openiti_work_0852IbnHajarCasqalani.NukatCalaIbnSalah,2,"[""openiti_dv_0852IbnHajarCasqalani.NukatCalaIbnSalah.JK006975-ara1"",""openiti_dv_0852IbnHajarCasqalani.NukatCalaIbnSalah.Shamela0008316-ara1""]",Same OpenITI work URI; retain versions separately.
dup_openiti_work_0852IbnHajarCasqalani.NukhbatFikar,openiti_work_0852IbnHajarCasqalani.NukhbatFikar,3,"[""openiti_dv_0852IbnHajarCasqalani.NukhbatFikar.JK000434-ara1"",""openiti_dv_0852IbnHajarCasqalani.NukhbatFikar.Shamela0005940-ara1"",""openiti_dv_0852IbnHajarCasqalani.NukhbatFikar.Shia002248-ara1""]",Same OpenITI work URI; retain versions separately.
dup_openiti_work_0852IbnHajarCasqalani.NuzhatAlbab,openiti_work_0852IbnHajarCasqalani.NuzhatAlbab,2,"[""openiti_dv_0852IbnHajarCasqalani.NuzhatAlbab.JK000936-ara1"",""openiti_dv_0852IbnHajarCasqalani.NuzhatAlbab.Shamela0005809-ara1""]",Same OpenITI work URI; retain versions separately.
dup_openiti_work_0852IbnHajarCasqalani.NuzhatNazar,openiti_work_0852IbnHajarCasqalani.NuzhatNazar,3,"[""openiti_dv_0852IbnHajarCasqalani.NuzhatNazar.Sham19Y0037456-ara1"",""openiti_dv_0852IbnHajarCasqalani.NuzhatNazar.Shamela0001565-ara1"",""openiti_dv_0852IbnHajarCasqalani.NuzhatNazar.Shamela0012115-ara1""]",Same OpenITI work URI; retain versions separately.
dup_openiti_work_0852IbnHajarCasqalani.NuzhatSamicin,openiti_work_0852IbnHajarCasqalani.NuzhatSamicin,2,"[""openiti_dv_0852IbnHajarCasqalani.NuzhatSamicin.JK001203-ara1"",""openiti_dv_0852IbnHajarCasqalani.NuzhatSamicin.Shamela0006009-ara1""]",Same OpenITI work URI; retain versions separately.
dup_openiti_work_0852IbnHajarCasqalani.QawlMusaddad,openiti_work_0852IbnHajarCasqalani.QawlMusaddad,3,"[""openiti_dv_0852IbnHajarCasqalani.QawlMusaddad.JK000755-ara1"",""openiti_dv_0852IbnHajarCasqalani.QawlMusaddad.Shamela0006035-ara1"",""openiti_dv_0852IbnHajarCasqalani.QawlMusaddad.Shia002242-ara1""]",Same OpenITI work URI; retain versions separately.
dup_openiti_work_0852IbnHajarCasqalani.RafcIsr,openiti_work_0852IbnHajarCasqalani.RafcIsr,2,"[""openiti_dv_0852IbnHajarCasqalani.RafcIsr.JK009280-ara1"",""openiti_dv_0852IbnHajarCasqalani.RafcIsr.Shamela0012724-ara1""]",Same OpenITI work URI; retain versions separately.
dup_openiti_work_0852IbnHajarCasqalani.SilsilatDhahab,openiti_work_0852IbnHajarCasqalani.SilsilatDhahab,3,"[""openiti_dv_0852IbnHajarCasqalani.SilsilatDhahab.JK000641-ara1"",""openiti_dv_0852IbnHajarCasqalani.SilsilatDhahab.Shamela0006023-ara1"",""openiti_dv_0852IbnHajarCasqalani.SilsilatDhahab.Shia002247-ara1""]",Same OpenITI work URI; retain versions separately.
dup_openiti_work_0852IbnHajarCasqalani.TabsirMuntabih,openiti_work_0852IbnHajarCasqalani.TabsirMuntabih,2,"[""openiti_dv_0852IbnHajarCasqalani.TabsirMuntabih.JK009358-ara1"",""openiti_dv_0852IbnHajarCasqalani.TabsirMuntabih.Shamela0004092-ara1""]",Same OpenITI work URI; retain versions separately.
dup_openiti_work_0852IbnHajarCasqalani.TacjilManfaca,openiti_work_0852IbnHajarCasqalani.TacjilManfaca,4,"[""openiti_dv_0852IbnHajarCasqalani.TacjilManfaca.JK000536-ara2"",""openiti_dv_0852IbnHajarCasqalani.TacjilManfaca.ShamAY0034606-ara2"",""openiti_dv_0852IbnHajarCasqalani.TacjilManfaca.Shamela0001893-ara1"",""openiti_dv_0852IbnHajarCasqalani.TacjilManfaca.Shia003325-ara2""]",Same OpenITI work URI; retain versions separately.
dup_openiti_work_0852IbnHajarCasqalani.TacrifAhlTaqdis,openiti_work_0852IbnHajarCasqalani.TacrifAhlTaqdis,4,"[""openiti_dv_0852IbnHajarCasqalani.TacrifAhlTaqdis.JK000535-ara1"",""openiti_dv_0852IbnHajarCasqalani.TacrifAhlTaqdis.JK010902BK1-ara1"",""openiti_dv_0852IbnHajarCasqalani.TacrifAhlTaqdis.Shamela0001186BK1-ara1"",""openiti_dv_0852IbnHajarCasqalani.TacrifAhlTaqdis.Shia003340BK1-ara1""]",Same OpenITI work URI; retain versions separately.
dup_openiti_work_0852IbnHajarCasqalani.TaghliqTacliq,openiti_work_0852IbnHajarCasqalani.TaghliqTacliq,2,"[""openiti_dv_0852IbnHajarCasqalani.TaghliqTacliq.JK000702-ara1"",""openiti_dv_0852IbnHajarCasqalani.TaghliqTacliq.Shamela0000347-ara1""]",Same OpenITI work URI; retain versions separately.
dup_openiti_work_0852IbnHajarCasqalani.TahdhibTahdhib,openiti_work_0852IbnHajarCasqalani.TahdhibTahdhib,4,"[""openiti_dv_0852IbnHajarCasqalani.TahdhibTahdhib.JK000134-ara1"",""openiti_dv_0852IbnHajarCasqalani.TahdhibTahdhib.ShamAY0034614-ara1"",""openiti_dv_0852IbnHajarCasqalani.TahdhibTahdhib.Shamela0003310-ara2"",""openiti_dv_0852IbnHajarCasqalani.TahdhibTahdhib.Shia003328Vols-ara1""]",Same OpenITI work URI; retain versions separately.
dup_openiti_work_0852IbnHajarCasqalani.TalkhisHabir,openiti_work_0852IbnHajarCasqalani.TalkhisHabir,6,"[""openiti_dv_0852IbnHajarCasqalani.TalkhisHabir.JK000559-ara1"",""openiti_dv_0852IbnHajarCasqalani.TalkhisHabir.Sham19Y0123608-ara1"",""openiti_dv_0852IbnHajarCasqalani.TalkhisHabir.ShamAY0034124-ara1"",""openiti_dv_0852IbnHajarCasqalani.TalkhisHabir.Shamela0001581-ara1"",""openiti_dv_0852IbnHajarCasqalani.TalkhisHabir.Shamela0021601-ara1"",""openiti_dv_0852IbnHajarCasqalani.TalkhisHabir.Shia001041Vols-ara1""]",Same OpenITI work URI; retain versions separately.
dup_openiti_work_0852IbnHajarCasqalani.TaqribTahdhib,openiti_work_0852IbnHajarCasqalani.TaqribTahdhib,4,"[""openiti_dv_0852IbnHajarCasqalani.TaqribTahdhib.JK000121-ara1"",""openiti_dv_0852IbnHajarCasqalani.TaqribTahdhib.ShamAY0034607-ara1"",""openiti_dv_0852IbnHajarCasqalani.TaqribTahdhib.Shamela0008609-ara1"",""openiti_dv_0852IbnHajarCasqalani.TaqribTahdhib.Shia003326Vols-ara1""]",Same OpenITI work URI; retain versions separately.
dup_openiti_work_0852IbnHajarCasqalani.WuqufCalaMawquf,openiti_work_0852IbnHajarCasqalani.WuqufCalaMawquf,2,"[""openiti_dv_0852IbnHajarCasqalani.WuqufCalaMawquf.JK000609-ara1"",""openiti_dv_0852IbnHajarCasqalani.WuqufCalaMawquf.Shamela0005993-ara1""]",Same OpenITI work URI; retain versions separately.
dup_openiti_work_0852IbnHajarCasqalani.ZahrNadirFiHalKhadir,openiti_work_0852IbnHajarCasqalani.ZahrNadirFiHalKhadir,2,"[""openiti_dv_0852IbnHajarCasqalani.ZahrNadirFiHalKhadir.JK006670-ara1"",""openiti_dv_0852IbnHajarCasqalani.ZahrNadirFiHalKhadir.Shamela0005738-ara1""]",Same OpenITI work URI; retain versions separately.
dup_openiti_work_0852SirajDinIbnWardi.KharidatCajaib,openiti_work_0852SirajDinIbnWardi.KharidatCajaib,3,"[""openiti_dv_0852SirajDinIbnWardi.KharidatCajaib.Masaha004380-ara1"",""openiti_dv_0852SirajDinIbnWardi.KharidatCajaib.Rafed0002213-ara1"",""openiti_dv_0852SirajDinIbnWardi.KharidatCajaib.Shamela0003298-ara1""]",Same OpenITI work URI; retain versions separately.
dup_openiti_work_0854IbnCarabshah.CajaibMaqdur,openiti_work_0854IbnCarabshah.CajaibMaqdur,2,"[""openiti_dv_0854IbnCarabshah.CajaibMaqdur.JK010338-ara1"",""openiti_dv_0854IbnCarabshah.CajaibMaqdur.Shamela0012417-ara1""]",Same OpenITI work URI; retain versions separately.
dup_openiti_work_0854IbnCarabshah.FakihatKhulafa,openiti_work_0854IbnCarabshah.FakihatKhulafa,2,"[""openiti_dv_0854IbnCarabshah.FakihatKhulafa.JK010770-ara1"",""openiti_dv_0854IbnCarabshah.FakihatKhulafa.Shamela0012726-ara1""]",Same OpenITI work URI; retain versions separately.
dup_openiti_work_0854IbnDiyaMakki.TarikhMakka,openiti_work_0854IbnDiyaMakki.TarikhMakka,3,"[""openiti_dv_0854IbnDiyaMakki.TarikhMakka.JK009303-ara1"",""openiti_dv_0854IbnDiyaMakki.TarikhMakka.Masaha004140Vols-ara1"",""openiti_dv_0854IbnDiyaMakki.TarikhMakka.Shamela0005539-ara1""]",Same OpenITI work URI; retain versions separately.
dup_openiti_work_0855BadrDinCayni.CiqdJuman,openiti_work_0855BadrDinCayni.CiqdJuman,6,"[""openiti_dv_0855BadrDinCayni.CiqdJuman.GVDB20230424-ara4"",""openiti_dv_0855BadrDinCayni.CiqdJuman.JK010380-ara1"",""openiti_dv_0855BadrDinCayni.CiqdJuman.MMS00021-ara2"",""openiti_dv_0855BadrDinCayni.CiqdJuman.PV20220525-ara3"",""openiti_dv_0855BadrDinCayni.CiqdJuman.ShamAY0033840-ara1"",""openiti_dv_0855BadrDinCayni.CiqdJuman.Shamela0000380-ara1""]",Same OpenITI work URI; retain versions separately.
dup_openiti_work_0855BadrDinCayni.CumdatQari,openiti_work_0855BadrDinCayni.CumdatQari,3,"[""openiti_dv_0855BadrDinCayni.CumdatQari.JK006804-ara1"",""openiti_dv_0855BadrDinCayni.CumdatQari.Shamela0005756-ara1"",""openiti_dv_0855BadrDinCayni.CumdatQari.Shia001806Vols-ara1""]",Same OpenITI work URI; retain versions separately.
dup_openiti_work_0855BadrDinCayni.MaghaniAkhyar,openiti_work_0855BadrDinCayni.MaghaniAkhyar,2,"[""openiti_dv_0855BadrDinCayni.MaghaniAkhyar.JK011148-ara1"",""openiti_dv_0855BadrDinCayni.MaghaniAkhyar.Shamela0010452-ara1""]",Same OpenITI work URI; retain versions separately.
dup_openiti_work_0855IbnSabbaghMakki.FusulMuhimma,openiti_work_0855IbnSabbaghMakki.FusulMuhimma,2,"[""openiti_dv_0855IbnSabbaghMakki.FusulMuhimma.Masaha002915Vols-ara1"",""openiti_dv_0855IbnSabbaghMakki.FusulMuhimma.Shia003727Vols-ara1""]",Same OpenITI work URI; retain versions separately.
dup_openiti_work_0855IbnTayyFaqacani.DurrMandud,openiti_work_0855IbnTayyFaqacani.DurrMandud,2,"[""openiti_dv_0855IbnTayyFaqacani.DurrMandud.Masaha001063-ara1"",""openiti_dv_0855IbnTayyFaqacani.DurrMandud.Shia000131-ara1""]",Same OpenITI work URI; retain versions separately.
dup_openiti_work_0862IbnMuhammadMujari.Barnamaj,openiti_work_0862IbnMuhammadMujari.Barnamaj,2,"[""openiti_dv_0862IbnMuhammadMujari.Barnamaj.JK001156-ara1"",""openiti_dv_0862IbnMuhammadMujari.Barnamaj.Shamela0010735-ara1""]",Same OpenITI work URI; retain versions separately.
dup_openiti_work_0864IbnAhmadJalalDinMahalli.KanzRaghibin,openiti_work_0864IbnAhmadJalalDinMahalli.KanzRaghibin,2,"[""openiti_dv_0864IbnAhmadJalalDinMahalli.KanzRaghibin.Kraken220314171616-ara1"",""openiti_dv_0864IbnAhmadJalalDinMahalli.KanzRaghibin.Shamela0021843BK1-ara1""]",Same OpenITI work URI; retain versions separately.
dup_openiti_work_0864RadiDinGhazzi.BahjatNazirin,openiti_work_0864RadiDinGhazzi.BahjatNazirin,2,"[""openiti_dv_0864RadiDinGhazzi.BahjatNazirin.MMS00025-ara1"",""openiti_dv_0864RadiDinGhazzi.BahjatNazirin.Sham19Y0020578-ara1""]",Same OpenITI work URI; retain versions separately.
dup_openiti_work_0866MuhammadIbnSayyidHasan.RamuzCalaSihah,openiti_work_0866MuhammadIbnSayyidHasan.RamuzCalaSihah,2,"[""openiti_dv_0866MuhammadIbnSayyidHasan.RamuzCalaSihah.JK001215-ara1"",""openiti_dv_0866MuhammadIbnSayyidHasan.RamuzCalaSihah.Shamela0007051-ara1""]",Same OpenITI work URI; retain versions separately.
dup_openiti_work_0869IbnKhalilZaynDinQabuni.BisharatMahbub,openiti_work_0869IbnKhalilZaynDinQabuni.BisharatMahbub,2,"[""openiti_dv_0869IbnKhalilZaynDinQabuni.BisharatMahbub.JK009315-ara1"",""openiti_dv_0869IbnKhalilZaynDinQabuni.BisharatMahbub.Shamela0010922-ara1""]",Same OpenITI work URI; retain versions separately.
dup_openiti_work_0871IbnCuthmanShamsDinMardini.AnjumZahirat,openiti_work_0871IbnCuthmanShamsDinMardini.AnjumZahirat,2,"[""openiti_dv_0871IbnCuthmanShamsDinMardini.AnjumZahirat.JK007035-ara1"",""openiti_dv_0871IbnCuthmanShamsDinMardini.AnjumZahirat.Shamela0005990-ara1""]",Same OpenITI work URI; retain versions separately.
dup_openiti_work_0871TaqiDinIbnFahd.LahzAlhaz,openiti_work_0871TaqiDinIbnFahd.LahzAlhaz,3,"[""openiti_dv_0871TaqiDinIbnFahd.LahzAlhaz.JK004502-ara1"",""openiti_dv_0871TaqiDinIbnFahd.LahzAlhaz.Shamela0007313-ara1"",""openiti_dv_0871TaqiDinIbnFahd.LahzAlhaz.Shia003348-ara1""]",Same OpenITI work URI; retain versions separately.
dup_openiti_work_0873AbuZaydThacalibi.JawahirHisan,openiti_work_0873AbuZaydThacalibi.JawahirHisan,3,"[""openiti_dv_0873AbuZaydThacalibi.JawahirHisan.Sham19Y0023618-ara1"",""openiti_dv_0873AbuZaydThacalibi.JawahirHisan.ShamAY0034066-ara1"",""openiti_dv_0873AbuZaydThacalibi.JawahirHisan.Tafsir02023-ara1""]",Same OpenITI work URI; retain versions separately.
dup_openiti_work_0873IbnShahinZahiri.Isharat,openiti_work_0873IbnShahinZahiri.Isharat,3,"[""openiti_dv_0873IbnShahinZahiri.Isharat.JK006851-ara1"",""openiti_dv_0873IbnShahinZahiri.Isharat.Shamela0009968-ara1"",""openiti_dv_0873IbnShahinZahiri.Isharat.Shia004693Vols-ara1""]",Same OpenITI work URI; retain versions separately.
dup_openiti_work_0874IbnTaghribirdi.HawadithDuhur,openiti_work_0874IbnTaghribirdi.HawadithDuhur,2,"[""openiti_dv_0874IbnTaghribirdi.HawadithDuhur.JK010774-ara1"",""openiti_dv_0874IbnTaghribirdi.HawadithDuhur.Shamela0009807-ara1""]",Same OpenITI work URI; retain versions separately.
dup_openiti_work_0874IbnTaghribirdi.ManhalSafi,openiti_work_0874IbnTaghribirdi.ManhalSafi,2,"[""openiti_dv_0874IbnTaghribirdi.ManhalSafi.MMS00027-ara1"",""openiti_dv_0874IbnTaghribirdi.ManhalSafi.Shamela0023156-ara1""]",Same OpenITI work URI; retain versions separately.
dup_openiti_work_0874IbnTaghribirdi.MawridLatafa,openiti_work_0874IbnTaghribirdi.MawridLatafa,2,"[""openiti_dv_0874IbnTaghribirdi.MawridLatafa.JK007028-ara1"",""openiti_dv_0874IbnTaghribirdi.MawridLatafa.Shamela0006669-ara1""]",Same OpenITI work URI; retain versions separately.
dup_openiti_work_0874IbnTaghribirdi.NujumZahira,openiti_work_0874IbnTaghribirdi.NujumZahira,6,"[""openiti_dv_0874IbnTaghribirdi.NujumZahira.JK001330-ara1"",""openiti_dv_0874IbnTaghribirdi.NujumZahira.Sham30K0011988-ara1"",""openiti_dv_0874IbnTaghribirdi.NujumZahira.Sham30K0034814-ara2"",""openiti_dv_0874IbnTaghribirdi.NujumZahira.Sham30K0043642-ara1"",""openiti_dv_0874IbnTaghribirdi.NujumZahira.Sham30K0045924-ara1"",""openiti_dv_0874IbnTaghribirdi.NujumZahira.Shamela0011988-ara1""]",Same OpenITI work URI; retain versions separately.
dup_openiti_work_0877CaliNabatiCamili.SiratMustaqim,openiti_work_0877CaliNabatiCamili.SiratMustaqim,2,"[""openiti_dv_0877CaliNabatiCamili.SiratMustaqim.Masaha002048Vols-ara1"",""openiti_dv_0877CaliNabatiCamili.SiratMustaqim.Shia001392Vols-ara1""]",Same OpenITI work URI; retain versions separately.
dup_openiti_work_0877IbnMiftah.SharhAzhar,openiti_work_0877IbnMiftah.SharhAzhar,3,"[""openiti_dv_0877IbnMiftah.SharhAzhar.Shia000814VolsBK2-ara1"",""openiti_dv_0877IbnMiftah.SharhAzhar.Zaydiyya0000275BK1-ara1"",""openiti_dv_0877IbnMiftah.SharhAzhar.Zaydiyya0000570BK1-ara2""]",Same OpenITI work URI; retain versions separately.
dup_openiti_work_0879IbnMuhammadIbnAmirHajj.TaqrirWaTahbir,openiti_work_0879IbnMuhammadIbnAmirHajj.TaqrirWaTahbir,3,"[""openiti_dv_0879IbnMuhammadIbnAmirHajj.TaqrirWaTahbir.JK000983-ara1"",""openiti_dv_0879IbnMuhammadIbnAmirHajj.TaqrirWaTahbir.ShamAY0034189-ara1"",""openiti_dv_0879IbnMuhammadIbnAmirHajj.TaqrirWaTahbir.Shamela0021605-ara1""]",Same OpenITI work URI; retain versions separately.
dup_openiti_work_0879IbnQutlubugha.KhulasatAfkar,openiti_work_0879IbnQutlubugha.KhulasatAfkar,3,"[""openiti_dv_0879IbnQutlubugha.KhulasatAfkar.Sham19Y0124365-ara1"",""openiti_dv_0879IbnQutlubugha.KhulasatAfkar.ShamAY0031950-ara1"",""openiti_dv_0879IbnQutlubugha.KhulasatAfkar.ShamAY0037543-ara1""]",Same OpenITI work URI; retain versions separately.
dup_openiti_work_0879IbnQutlubugha.TajTarajim,openiti_work_0879IbnQutlubugha.TajTarajim,2,"[""openiti_dv_0879IbnQutlubugha.TajTarajim.JK009243-ara1"",""openiti_dv_0879IbnQutlubugha.TajTarajim.Shamela0010925-ara1""]",Same OpenITI work URI; retain versions separately.
dup_openiti_work_0879MuhyiDinKafiyaji.MukhtasarFiCilmAthar,openiti_work_0879MuhyiDinKafiyaji.MukhtasarFiCilmAthar,2,"[""openiti_dv_0879MuhyiDinKafiyaji.MukhtasarFiCilmAthar.JK006971-ara1"",""openiti_dv_0879MuhyiDinKafiyaji.MukhtasarFiCilmAthar.Shamela0005975-ara1""]",Same OpenITI work URI; retain versions separately.
dup_openiti_work_0880IbnAhmadShamsDinAsyuti.JawahirCuqud,openiti_work_0880IbnAhmadShamsDinAsyuti.JawahirCuqud,3,"[""openiti_dv_0880IbnAhmadShamsDinAsyuti.JawahirCuqud.JK000252-ara1"",""openiti_dv_0880IbnAhmadShamsDinAsyuti.JawahirCuqud.Shamela0006172-ara1"",""openiti_dv_0880IbnAhmadShamsDinAsyuti.JawahirCuqud.Shia001053Vols-ara1""]",Same OpenITI work URI; retain versions separately.
dup_openiti_work_0880IbnCadilHanbali.LubabFiCulumKitab,openiti_work_0880IbnCadilHanbali.LubabFiCulumKitab,4,"[""openiti_dv_0880IbnCadilHanbali.LubabFiCulumKitab.JK009266-ara1"",""openiti_dv_0880IbnCadilHanbali.LubabFiCulumKitab.ShamAY0034056-ara1"",""openiti_dv_0880IbnCadilHanbali.LubabFiCulumKitab.Shamela0009108-ara1"",""openiti_dv_0880IbnCadilHanbali.LubabFiCulumKitab.Tafsir02024-ara1""]",Same OpenITI work URI; retain versions separately.
dup_openiti_work_0882IbnAhmadShadhiliTunisi.FarahAsma,openiti_work_0882IbnAhmadShadhiliTunisi.FarahAsma,2,"[""openiti_dv_0882IbnAhmadShadhiliTunisi.FarahAsma.JK010133-ara1"",""openiti_dv_0882IbnAhmadShadhiliTunisi.FarahAsma.Shamela0001598-ara1""]",Same OpenITI work URI; retain versions separately.
dup_openiti_work_0882LisanDinIbnShihnaHalabi.LisanHukkam,openiti_work_0882LisanDinIbnShihnaHalabi.LisanHukkam,2,"[""openiti_dv_0882LisanDinIbnShihnaHalabi.LisanHukkam.JK000262-ara1"",""openiti_dv_0882LisanDinIbnShihnaHalabi.LisanHukkam.Shamela0006179-ara1""]",Same OpenITI work URI; retain versions separately.
dup_openiti_work_0884AbuIshaqIbnMuflih.MaqsidArshad,openiti_work_0884AbuIshaqIbnMuflih.MaqsidArshad,2,"[""openiti_dv_0884AbuIshaqIbnMuflih.MaqsidArshad.JK004503-ara1"",""openiti_dv_0884AbuIshaqIbnMuflih.MaqsidArshad.Shamela0005890-ara1""]",Same OpenITI work URI; retain versions separately.
dup_openiti_work_0884AbuIshaqIbnMuflih.MubdicFiSharhMuqnic,openiti_work_0884AbuIshaqIbnMuflih.MubdicFiSharhMuqnic,2,"[""openiti_dv_0884AbuIshaqIbnMuflih.MubdicFiSharhMuqnic.JK000787BK2-ara1"",""openiti_dv_0884AbuIshaqIbnMuflih.MubdicFiSharhMuqnic.Shamela0021619BK2-ara1""]",Same OpenITI work URI; retain versions separately.
dup_openiti_work_0884AbuIshaqIbnMuflih.NukatWaFawaid,openiti_work_0884AbuIshaqIbnMuflih.NukatWaFawaid,2,"[""openiti_dv_0884AbuIshaqIbnMuflih.NukatWaFawaid.JK000270-ara1"",""openiti_dv_0884AbuIshaqIbnMuflih.NukatWaFawaid.Shamela0006094-ara1""]",Same OpenITI work URI; retain versions separately.
dup_openiti_work_0885BurhanDinBiqaci.MasracTasawwuf,openiti_work_0885BurhanDinBiqaci.MasracTasawwuf,2,"[""openiti_dv_0885BurhanDinBiqaci.MasracTasawwuf.JK000066-ara1"",""openiti_dv_0885BurhanDinBiqaci.MasracTasawwuf.Shamela0008317-ara1""]",Same OpenITI work URI; retain versions separately.
dup_openiti_work_0885BurhanDinBiqaci.NazmDurar,openiti_work_0885BurhanDinBiqaci.NazmDurar,4,"[""openiti_dv_0885BurhanDinBiqaci.NazmDurar.JK009270-ara1"",""openiti_dv_0885BurhanDinBiqaci.NazmDurar.ShamAY0034073-ara1"",""openiti_dv_0885BurhanDinBiqaci.NazmDurar.Shamela0009098-ara1"",""openiti_dv_0885BurhanDinBiqaci.NazmDurar.Tafsir02025-ara1""]",Same OpenITI work URI; retain versions separately.
dup_openiti_work_0885CalaDinMardawi.Insaf,openiti_work_0885CalaDinMardawi.Insaf,4,"[""openiti_dv_0885CalaDinMardawi.Insaf.JK000788-ara1"",""openiti_dv_0885CalaDinMardawi.Insaf.Sham19Y0019228-ara1"",""openiti_dv_0885CalaDinMardawi.Insaf.Shamela0021609-ara1"",""openiti_dv_0885CalaDinMardawi.Insaf.Shia002249Vols-ara1""]",Same OpenITI work URI; retain versions separately.
dup_openiti_work_0885CalaDinMardawi.TahbirSharhTahrir,openiti_work_0885CalaDinMardawi.TahbirSharhTahrir,2,"[""openiti_dv_0885CalaDinMardawi.TahbirSharhTahrir.JK009143-ara1"",""openiti_dv_0885CalaDinMardawi.TahbirSharhTahrir.Shamela0006336-ara1""]",Same OpenITI work URI; retain versions separately.
dup_openiti_work_0885IbnFahd.DurrKamin,openiti_work_0885IbnFahd.DurrKamin,2,"[""openiti_dv_0885IbnFahd.DurrKamin.MMS00032-ara1"",""openiti_dv_0885IbnFahd.DurrKamin.Masaha004231Vols-ara1""]",Same OpenITI work URI; retain versions separately.
dup_openiti_work_0885IbnFaramurzMullaKhusraw.DurarHukkam,openiti_work_0885IbnFaramurzMullaKhusraw.DurarHukkam,2,"[""openiti_dv_0885IbnFaramurzMullaKhusraw.DurarHukkam.JK011703-ara1"",""openiti_dv_0885IbnFaramurzMullaKhusraw.DurarHukkam.Shamela0011446-ara1""]",Same OpenITI work URI; retain versions separately.
dup_openiti_work_0893CamiriHaradi.BahjatMahafil,openiti_work_0893CamiriHaradi.BahjatMahafil,2,"[""openiti_dv_0893CamiriHaradi.BahjatMahafil.Masaha001946Vols-ara1"",""openiti_dv_0893CamiriHaradi.BahjatMahafil.Shamela0009780-ara1""]",Same OpenITI work URI; retain versions separately.
dup_openiti_work_0894CabdRahmanSaffuri.NuzhatMajalis,openiti_work_0894CabdRahmanSaffuri.NuzhatMajalis,3,"[""openiti_dv_0894CabdRahmanSaffuri.NuzhatMajalis.JK009236-ara1"",""openiti_dv_0894CabdRahmanSaffuri.NuzhatMajalis.ShamAY0033745-ara1"",""openiti_dv_0894CabdRahmanSaffuri.NuzhatMajalis.Shamela0028168-ara1""]",Same OpenITI work URI; retain versions separately.
dup_openiti_work_0894IbnQasimRassacTunisi.SharhHudud,openiti_work_0894IbnQasimRassacTunisi.SharhHudud,2,"[""openiti_dv_0894IbnQasimRassacTunisi.SharhHudud.JK011705-ara1"",""openiti_dv_0894IbnQasimRassacTunisi.SharhHudud.Shamela0021610-ara1""]",Same OpenITI work URI; retain versions separately.
dup_openiti_work_0896AbuHamidMaqdisi.BadhlNasaih,openiti_work_0896AbuHamidMaqdisi.BadhlNasaih,2,"[""openiti_dv_0896AbuHamidMaqdisi.BadhlNasaih.MMS00034-ara1"",""openiti_dv_0896AbuHamidMaqdisi.BadhlNasaih.Sham19Y0036111-ara1""]",Same OpenITI work URI; retain versions separately.
dup_openiti_work_0896IbnCaliIbnAzraqGharnati.BadaicSilk,openiti_work_0896IbnCaliIbnAzraqGharnati.BadaicSilk,2,"[""openiti_dv_0896IbnCaliIbnAzraqGharnati.BadaicSilk.JK001412-ara1"",""openiti_dv_0896IbnCaliIbnAzraqGharnati.BadaicSilk.Shamela0007236-ara1""]",Same OpenITI work URI; retain versions separately.
dup_openiti_work_0897IbnYusufCabdariGharnati.TajWaIklilLiMukhtasarKhalil,openiti_work_0897IbnYusufCabdariGharnati.TajWaIklilLiMukhtasarKhalil,3,"[""openiti_dv_0897IbnYusufCabdariGharnati.TajWaIklilLiMukhtasarKhalil.JK000289-ara1"",""openiti_dv_0897IbnYusufCabdariGharnati.TajWaIklilLiMukhtasarKhalil.ShamAY0034219-ara1"",""openiti_dv_0897IbnYusufCabdariGharnati.TajWaIklilLiMukhtasarKhalil.Shamela0021611-ara1""]",Same OpenITI work URI; retain versions separately.
dup_openiti_work_0899ZarruqShihabDinFasi.CuddatMurid,openiti_work_0899ZarruqShihabDinFasi.CuddatMurid,2,"[""openiti_dv_0899ZarruqShihabDinFasi.CuddatMurid.Sham19Y0123663-ara1"",""openiti_dv_0899ZarruqShihabDinFasi.CuddatMurid.ShamAY0031741-ara1""]",Same OpenITI work URI; retain versions separately.
dup_openiti_work_0899ZarruqShihabDinFasi.NasihaKafiya,openiti_work_0899ZarruqShihabDinFasi.NasihaKafiya,2,"[""openiti_dv_0899ZarruqShihabDinFasi.NasihaKafiya.JK009333-ara1"",""openiti_dv_0899ZarruqShihabDinFasi.NasihaKafiya.Shamela0000258-ara1""]",Same OpenITI work URI; retain versions separately.
dup_openiti_work_0900IbnCabdMuncimHimyari.RawdMictar,openiti_work_0900IbnCabdMuncimHimyari.RawdMictar,6,"[""openiti_dv_0900IbnCabdMuncimHimyari.RawdMictar.JK009397-ara1"",""openiti_dv_0900IbnCabdMuncimHimyari.RawdMictar.JK009398-ara1"",""openiti_dv_0900IbnCabdMuncimHimyari.RawdMictar.Masaha004113-ara1"",""openiti_dv_0900IbnCabdMuncimHimyari.RawdMictar.Rafed0003786-ara1"",""openiti_dv_0900IbnCabdMuncimHimyari.RawdMictar.Shamela0001043-ara1"",""openiti_dv_0900IbnCabdMuncimHimyari.RawdMictar.Shamela0001344-ara1""]",Same OpenITI work URI; retain versions separately.
dup_openiti_work_0902Sakhawi.Buldaniyyat,openiti_work_0902Sakhawi.Buldaniyyat,3,"[""openiti_dv_0902Sakhawi.Buldaniyyat.JK007062-ara1"",""openiti_dv_0902Sakhawi.Buldaniyyat.Masaha003716-ara1"",""openiti_dv_0902Sakhawi.Buldaniyyat.Shamela0003576-ara1""]",Same OpenITI work URI; retain versions separately.
dup_openiti_work_0902Sakhawi.DawLamic,openiti_work_0902Sakhawi.DawLamic,3,"[""openiti_dv_0902Sakhawi.DawLamic.JK003608-ara1"",""openiti_dv_0902Sakhawi.DawLamic.Kraken220125191538-ara1"",""openiti_dv_0902Sakhawi.DawLamic.Shamela0006675-ara1""]",Same OpenITI work URI; retain versions separately.
dup_openiti_work_0902Sakhawi.FakhrMutawali,openiti_work_0902Sakhawi.FakhrMutawali,2,"[""openiti_dv_0902Sakhawi.FakhrMutawali.JK001048-ara1"",""openiti_dv_0902Sakhawi.FakhrMutawali.Shamela0006585-ara1""]",Same OpenITI work URI; retain versions separately.
dup_openiti_work_0902Sakhawi.FathMughith,openiti_work_0902Sakhawi.FathMughith,2,"[""openiti_dv_0902Sakhawi.FathMughith.JK006675-ara1"",""openiti_dv_0902Sakhawi.FathMughith.Shamela0005963-ara1""]",Same OpenITI work URI; retain versions separately.
dup_openiti_work_0902Sakhawi.GhayaFiSharh,openiti_work_0902Sakhawi.GhayaFiSharh,2,"[""openiti_dv_0902Sakhawi.GhayaFiSharh.JK007014-ara1"",""openiti_dv_0902Sakhawi.GhayaFiSharh.Shamela0005956-ara1""]",Same OpenITI work URI; retain versions separately.
dup_openiti_work_0902Sakhawi.JawahirWaDurar,openiti_work_0902Sakhawi.JawahirWaDurar,2,"[""openiti_dv_0902Sakhawi.JawahirWaDurar.Sham19Y0017372-ara1"",""openiti_dv_0902Sakhawi.JawahirWaDurar.ShamAY0032249-ara1""]",Same OpenITI work URI; retain versions separately.
dup_openiti_work_0902Sakhawi.ManhalCadhb,openiti_work_0902Sakhawi.ManhalCadhb,2,"[""openiti_dv_0902Sakhawi.ManhalCadhb.JK010317-ara1"",""openiti_dv_0902Sakhawi.ManhalCadhb.Shamela0000317-ara1""]",Same OpenITI work URI; retain versions separately.
dup_openiti_work_0902Sakhawi.MaqasidHasana,openiti_work_0902Sakhawi.MaqasidHasana,2,"[""openiti_dv_0902Sakhawi.MaqasidHasana.JK001160-ara1"",""openiti_dv_0902Sakhawi.MaqasidHasana.Shamela0023177-ara1""]",Same OpenITI work URI; retain versions separately.
dup_openiti_work_0902Sakhawi.TawdihAbhar,openiti_work_0902Sakhawi.TawdihAbhar,2,"[""openiti_dv_0902Sakhawi.TawdihAbhar.JK000997-ara1"",""openiti_dv_0902Sakhawi.TawdihAbhar.Shamela0008663-ara1""]",Same OpenITI work URI; retain versions separately.
dup_openiti_work_0902Sakhawi.TuhfaLatifa,openiti_work_0902Sakhawi.TuhfaLatifa,4,"[""openiti_dv_0902Sakhawi.TuhfaLatifa.JK001475-ara1"",""openiti_dv_0902Sakhawi.TuhfaLatifa.Masaha004395Vols-ara1"",""openiti_dv_0902Sakhawi.TuhfaLatifa.Rafed0002247Vols-ara1"",""openiti_dv_0902Sakhawi.TuhfaLatifa.Shamela0007434-ara1""]",Same OpenITI work URI; retain versions separately.
dup_openiti_work_0904Burayhi.TabaqatSulahaYaman,openiti_work_0904Burayhi.TabaqatSulahaYaman,2,"[""openiti_dv_0904Burayhi.TabaqatSulahaYaman.JK001237-ara1"",""openiti_dv_0904Burayhi.TabaqatSulahaYaman.Shamela0006641-ara1""]",Same OpenITI work URI; retain versions separately.
dup_openiti_work_0905Basrawi.Tarikh,openiti_work_0905Basrawi.Tarikh,2,"[""openiti_dv_0905Basrawi.Tarikh.JK000400-ara1"",""openiti_dv_0905Basrawi.Tarikh.Shamela0006637-ara1""]",Same OpenITI work URI; retain versions separately.
dup_openiti_work_0905IbnCabdAllahWaqqadAzhari.MuwassilTullab,openiti_work_0905IbnCabdAllahWaqqadAzhari.MuwassilTullab,2,"[""openiti_dv_0905IbnCabdAllahWaqqadAzhari.MuwassilTullab.JK001179-ara1"",""openiti_dv_0905IbnCabdAllahWaqqadAzhari.MuwassilTullab.Shamela0006973-ara1""]",Same OpenITI work URI; retain versions separately.
dup_openiti_work_0905IbnCaliTaqiDinKafcami.Misbah,openiti_work_0905IbnCaliTaqiDinKafcami.Misbah,2,"[""openiti_dv_0905IbnCaliTaqiDinKafcami.Misbah.Masaha001075-ara1"",""openiti_dv_0905IbnCaliTaqiDinKafcami.Misbah.Shia001399-ara1""]",Same OpenITI work URI; retain versions separately.
dup_openiti_work_0908JalalDinDawwani.HujajBahira,openiti_work_0908JalalDinDawwani.HujajBahira,2,"[""openiti_dv_0908JalalDinDawwani.HujajBahira.ShamAY0000923-ara1"",""openiti_dv_0908JalalDinDawwani.HujajBahira.Shamela0037537-ara1""]",Same OpenITI work URI; retain versions separately.
dup_openiti_work_0909IbnMabrid.BahrDamm,openiti_work_0909IbnMabrid.BahrDamm,2,"[""openiti_dv_0909IbnMabrid.BahrDamm.Shamela0002994-ara1"",""openiti_dv_0909IbnMabrid.BahrDamm.Shia003349-ara1""]",Same OpenITI work URI; retain versions separately.
dup_openiti_work_0909IbnMabrid.JamcJuyushWaDasakir,openiti_work_0909IbnMabrid.JamcJuyushWaDasakir,2,"[""openiti_dv_0909IbnMabrid.JamcJuyushWaDasakir.AOCP2023090627-ara1"",""openiti_dv_0909IbnMabrid.JamcJuyushWaDasakir.Shamela0030312-ara1""]",Same OpenITI work URI; retain versions separately.
dup_openiti_work_0909IbnMabrid.MucjamKutub,openiti_work_0909IbnMabrid.MucjamKutub,2,"[""openiti_dv_0909IbnMabrid.MucjamKutub.JK001126-ara1"",""openiti_dv_0909IbnMabrid.MucjamKutub.Shamela0010737-ara1""]",Same OpenITI work URI; retain versions separately.
dup_openiti_work_0909IbnMabrid.SayrHathth,openiti_work_0909IbnMabrid.SayrHathth,2,"[""openiti_dv_0909IbnMabrid.SayrHathth.JK009405-ara1"",""openiti_dv_0909IbnMabrid.SayrHathth.ShamAY0034305-ara1""]",Same OpenITI work URI; retain versions separately.
dup_openiti_work_0910IbnAbiJumhurAhsai.AqtabFiqhiyya,openiti_work_0910IbnAbiJumhurAhsai.AqtabFiqhiyya,2,"[""openiti_dv_0910IbnAbiJumhurAhsai.AqtabFiqhiyya.Masaha001055-ara1"",""openiti_dv_0910IbnAbiJumhurAhsai.AqtabFiqhiyya.Shia000132-ara1""]",Same OpenITI work URI; retain versions separately.
dup_openiti_work_0910IbnAbiJumhurAhsai.CawaliLaali,openiti_work_0910IbnAbiJumhurAhsai.CawaliLaali,2,"[""openiti_dv_0910IbnAbiJumhurAhsai.CawaliLaali.Masaha001108Vols-ara1"",""openiti_dv_0910IbnAbiJumhurAhsai.CawaliLaali.Shia001395Vols-ara1""]",Same OpenITI work URI; retain versions separately.
dup_openiti_work_0911Samhudi.KhulasatWafa,openiti_work_0911Samhudi.KhulasatWafa,2,"[""openiti_dv_0911Samhudi.KhulasatWafa.JK010420-ara1"",""openiti_dv_0911Samhudi.KhulasatWafa.Shamela0031372-ara1""]",Same OpenITI work URI; retain versions separately.
dup_openiti_work_0911Samhudi.WafaWafa,openiti_work_0911Samhudi.WafaWafa,2,"[""openiti_dv_0911Samhudi.WafaWafa.Masaha003028Vols-ara1"",""openiti_dv_0911Samhudi.WafaWafa.Shamela0023695-ara1""]",Same OpenITI work URI; retain versions separately.
dup_openiti_work_0911Suyuti.Ashbah,openiti_work_0911Suyuti.Ashbah,4,"[""openiti_dv_0911Suyuti.Ashbah.JK000425-ara1"",""openiti_dv_0911Suyuti.Ashbah.Masaha003068Vols-ara1"",""openiti_dv_0911Suyuti.Ashbah.Rafed0002058Vols-ara1"",""openiti_dv_0911Suyuti.Ashbah.Shamela0021719-ara1""]",Same OpenITI work URI; retain versions separately.
dup_openiti_work_0911Suyuti.AsmaBiqac,openiti_work_0911Suyuti.AsmaBiqac,2,"[""openiti_dv_0911Suyuti.AsmaBiqac.Masaha003709-ara1"",""openiti_dv_0911Suyuti.AsmaBiqac.Rafed0002082-ara1""]",Same OpenITI work URI; retain versions separately.
dup_openiti_work_0911Suyuti.AsmaMudallisin,openiti_work_0911Suyuti.AsmaMudallisin,2,"[""openiti_dv_0911Suyuti.AsmaMudallisin.JK010005-ara1"",""openiti_dv_0911Suyuti.AsmaMudallisin.Shamela0000005-ara1""]",Same OpenITI work URI; retain versions separately.
dup_openiti_work_0911Suyuti.AsrarKawn,openiti_work_0911Suyuti.AsrarKawn,2,"[""openiti_dv_0911Suyuti.AsrarKawn.JK010248-ara1"",""openiti_dv_0911Suyuti.AsrarKawn.Shamela0000209-ara1""]",Same OpenITI work URI; retain versions separately.
dup_openiti_work_0911Suyuti.AsrarTartibQuran,openiti_work_0911Suyuti.AsrarTartibQuran,2,"[""openiti_dv_0911Suyuti.AsrarTartibQuran.JK000440-ara1"",""openiti_dv_0911Suyuti.AsrarTartibQuran.Shamela0009992-ara1""]",Same OpenITI work URI; retain versions separately.
dup_openiti_work_0911Suyuti.BastKaff,openiti_work_0911Suyuti.BastKaff,2,"[""openiti_dv_0911Suyuti.BastKaff.JK001114-ara1"",""openiti_dv_0911Suyuti.BastKaff.Shamela0006257-ara1""]",Same OpenITI work URI; retain versions separately.
dup_openiti_work_0911Suyuti.BughyatWucat,openiti_work_0911Suyuti.BughyatWucat,3,"[""openiti_dv_0911Suyuti.BughyatWucat.JK009145-ara1"",""openiti_dv_0911Suyuti.BughyatWucat.ShamAY0038016-ara1"",""openiti_dv_0911Suyuti.BughyatWucat.Shamela0006744-ara1""]",Same OpenITI work URI; retain versions separately.
dup_openiti_work_0911Suyuti.BushraKaib,openiti_work_0911Suyuti.BushraKaib,2,"[""openiti_dv_0911Suyuti.BushraKaib.JK010242-ara1"",""openiti_dv_0911Suyuti.BushraKaib.Shamela0010924-ara1""]",Same OpenITI work URI; retain versions separately.
dup_openiti_work_0911Suyuti.BuzughHilal,openiti_work_0911Suyuti.BuzughHilal,2,"[""openiti_dv_0911Suyuti.BuzughHilal.JK010213-ara1"",""openiti_dv_0911Suyuti.BuzughHilal.Shamela0000213-ara1""]",Same OpenITI work URI; retain versions separately.
dup_openiti_work_0911Suyuti.CuqudZabarjad,openiti_work_0911Suyuti.CuqudZabarjad,2,"[""openiti_dv_0911Suyuti.CuqudZabarjad.Sham19Y0014299-ara1"",""openiti_dv_0911Suyuti.CuqudZabarjad.Shamela0023077-ara1""]",Same OpenITI work URI; retain versions separately.
dup_openiti_work_0911Suyuti.DafcTashnic,openiti_work_0911Suyuti.DafcTashnic,2,"[""openiti_dv_0911Suyuti.DafcTashnic.JK000188-ara1"",""openiti_dv_0911Suyuti.DafcTashnic.Shamela0006260-ara1""]",Same OpenITI work URI; retain versions separately.
dup_openiti_work_0911Suyuti.DhammMaks,openiti_work_0911Suyuti.DhammMaks,2,"[""openiti_dv_0911Suyuti.DhammMaks.ShamAY0035239-ara1"",""openiti_dv_0911Suyuti.DhammMaks.Shamela0036041-ara1""]",Same OpenITI work URI; retain versions separately.
dup_openiti_work_0911Suyuti.DhaylTabaqatHuffaz,openiti_work_0911Suyuti.DhaylTabaqatHuffaz,3,"[""openiti_dv_0911Suyuti.DhaylTabaqatHuffaz.JK004504-ara1"",""openiti_dv_0911Suyuti.DhaylTabaqatHuffaz.ShamAY0038189-ara1"",""openiti_dv_0911Suyuti.DhaylTabaqatHuffaz.Shamela0007315-ara1""]",Same OpenITI work URI; retain versions separately.
dup_openiti_work_0911Suyuti.DibajCalaMuslim,openiti_work_0911Suyuti.DibajCalaMuslim,3,"[""openiti_dv_0911Suyuti.DibajCalaMuslim.JK000552-ara1"",""openiti_dv_0911Suyuti.DibajCalaMuslim.Shamela0001712-ara1"",""openiti_dv_0911Suyuti.DibajCalaMuslim.Shia001831Vols-ara1""]",Same OpenITI work URI; retain versions separately.
dup_openiti_work_0911Suyuti.DurrManthur,openiti_work_0911Suyuti.DurrManthur,5,"[""openiti_dv_0911Suyuti.DurrManthur.JK000167-ara1"",""openiti_dv_0911Suyuti.DurrManthur.ShamAY0034057-ara1"",""openiti_dv_0911Suyuti.DurrManthur.Shamela0012884-ara1"",""openiti_dv_0911Suyuti.DurrManthur.Shia002677Vols-ara1"",""openiti_dv_0911Suyuti.DurrManthur.Tafsir02026-ara1""]",Same OpenITI work URI; retain versions separately.
dup_openiti_work_0911Suyuti.FaddWica,openiti_work_0911Suyuti.FaddWica,2,"[""openiti_dv_0911Suyuti.FaddWica.JK000086-ara1"",""openiti_dv_0911Suyuti.FaddWica.Shamela0006262-ara1""]",Same OpenITI work URI; retain versions separately.
dup_openiti_work_0911Suyuti.Fanid,openiti_work_0911Suyuti.Fanid,2,"[""openiti_dv_0911Suyuti.Fanid.Sham19Y0017739-ara1"",""openiti_dv_0911Suyuti.Fanid.Shamela0009388-ara1""]",Same OpenITI work URI; retain versions separately.
dup_openiti_work_0911Suyuti.FathKabir,openiti_work_0911Suyuti.FathKabir,2,"[""openiti_dv_0911Suyuti.FathKabir.JK009274-ara1"",""openiti_dv_0911Suyuti.FathKabir.Shamela0001975-ara1""]",Same OpenITI work URI; retain versions separately.
dup_openiti_work_0911Suyuti.GhurarFiFadailCumar,openiti_work_0911Suyuti.GhurarFiFadailCumar,2,"[""openiti_dv_0911Suyuti.GhurarFiFadailCumar.JK010193-ara1"",""openiti_dv_0911Suyuti.GhurarFiFadailCumar.Shamela0000193-ara1""]",Same OpenITI work URI; retain versions separately.
dup_openiti_work_0911Suyuti.Habaik,openiti_work_0911Suyuti.Habaik,2,"[""openiti_dv_0911Suyuti.Habaik.JK009379-ara1"",""openiti_dv_0911Suyuti.Habaik.Shamela0021944-ara1""]",Same OpenITI work URI; retain versions separately.
dup_openiti_work_0911Suyuti.HamcHawamic,openiti_work_0911Suyuti.HamcHawamic,2,"[""openiti_dv_0911Suyuti.HamcHawamic.JK006705-ara1"",""openiti_dv_0911Suyuti.HamcHawamic.Shamela0006975-ara1""]",Same OpenITI work URI; retain versions separately.
dup_openiti_work_0911Suyuti.HawiLiFatawi,openiti_work_0911Suyuti.HawiLiFatawi,2,"[""openiti_dv_0911Suyuti.HawiLiFatawi.JK009241-ara1"",""openiti_dv_0911Suyuti.HawiLiFatawi.Shamela0021723-ara1""]",Same OpenITI work URI; retain versions separately.
dup_openiti_work_0911Suyuti.HusnMuhadara,openiti_work_0911Suyuti.HusnMuhadara,4,"[""openiti_dv_0911Suyuti.HusnMuhadara.JK010772-ara1"",""openiti_dv_0911Suyuti.HusnMuhadara.Masaha004817Vols-ara1"",""openiti_dv_0911Suyuti.HusnMuhadara.Rafed0002158Vols-ara1"",""openiti_dv_0911Suyuti.HusnMuhadara.Shamela0003283-ara1""]",Same OpenITI work URI; retain versions separately.
dup_openiti_work_0911Suyuti.Iqtirah,openiti_work_0911Suyuti.Iqtirah,2,"[""openiti_dv_0911Suyuti.Iqtirah.Sham19Y0014246-ara1"",""openiti_dv_0911Suyuti.Iqtirah.Sham19Y0095692-ara1""]",Same OpenITI work URI; retain versions separately.
dup_openiti_work_0911Suyuti.IscafMubatta,openiti_work_0911Suyuti.IscafMubatta,4,"[""openiti_dv_0911Suyuti.IscafMubatta.JK000550-ara1"",""openiti_dv_0911Suyuti.IscafMubatta.ShamAY0034582-ara1"",""openiti_dv_0911Suyuti.IscafMubatta.ShamAY0034624-ara1"",""openiti_dv_0911Suyuti.IscafMubatta.Shamela0005849-ara1""]",Same OpenITI work URI; retain versions separately.
dup_openiti_work_0911Suyuti.IthafNubala,openiti_work_0911Suyuti.IthafNubala,2,"[""openiti_dv_0911Suyuti.IthafNubala.ShamAY0036024-ara1"",""openiti_dv_0911Suyuti.IthafNubala.ShamAY0036025-ara1""]",Same OpenITI work URI; retain versions separately.
dup_openiti_work_0911Suyuti.ItmamDiraya,openiti_work_0911Suyuti.ItmamDiraya,2,"[""openiti_dv_0911Suyuti.ItmamDiraya.JK001046-ara1"",""openiti_dv_0911Suyuti.ItmamDiraya.Shamela0010733-ara1""]",Same OpenITI work URI; retain versions separately.
dup_openiti_work_0911Suyuti.Itqan,openiti_work_0911Suyuti.Itqan,3,"[""openiti_dv_0911Suyuti.Itqan.JK001295-ara1"",""openiti_dv_0911Suyuti.Itqan.Shamela0011728-ara1"",""openiti_dv_0911Suyuti.Itqan.Shia002675Vols-ara1""]",Same OpenITI work URI; retain versions separately.
dup_openiti_work_0911Suyuti.Ittibac,openiti_work_0911Suyuti.Ittibac,2,"[""openiti_dv_0911Suyuti.Ittibac.JK009166-ara1"",""openiti_dv_0911Suyuti.Ittibac.Shamela0006935-ara1""]",Same OpenITI work URI; retain versions separately.
dup_openiti_work_0911Suyuti.Izdihar,openiti_work_0911Suyuti.Izdihar,2,"[""openiti_dv_0911Suyuti.Izdihar.JK010733-ara1"",""openiti_dv_0911Suyuti.Izdihar.Shamela0000733-ara1""]",Same OpenITI work URI; retain versions separately.
dup_openiti_work_0911Suyuti.KhasaisKubra,openiti_work_0911Suyuti.KhasaisKubra,2,"[""openiti_dv_0911Suyuti.KhasaisKubra.JK001303-ara1"",""openiti_dv_0911Suyuti.KhasaisKubra.Shamela0006590-ara1""]",Same OpenITI work URI; retain versions separately.
dup_openiti_work_0911Suyuti.LaaliMasnuca,openiti_work_0911Suyuti.LaaliMasnuca,2,"[""openiti_dv_0911Suyuti.LaaliMasnuca.JK005004-ara1"",""openiti_dv_0911Suyuti.LaaliMasnuca.Shamela0006062-ara1""]",Same OpenITI work URI; retain versions separately.
dup_openiti_work_0911Suyuti.LubabHadith,openiti_work_0911Suyuti.LubabHadith,2,"[""openiti_dv_0911Suyuti.LubabHadith.JK009250-ara1"",""openiti_dv_0911Suyuti.LubabHadith.ShamAY0033052-ara1""]",Same OpenITI work URI; retain versions separately.
dup_openiti_work_0911Suyuti.LubabNuqul,openiti_work_0911Suyuti.LubabNuqul,4,"[""openiti_dv_0911Suyuti.LubabNuqul.JK000436-ara1"",""openiti_dv_0911Suyuti.LubabNuqul.ShamAY0034090-ara1"",""openiti_dv_0911Suyuti.LubabNuqul.Shamela0002247-ara1"",""openiti_dv_0911Suyuti.LubabNuqul.Shia002684-ara1""]",Same OpenITI work URI; retain versions separately.
dup_openiti_work_0911Suyuti.LubbLubab,openiti_work_0911Suyuti.LubbLubab,3,"[""openiti_dv_0911Suyuti.LubbLubab.JK009222-ara1"",""openiti_dv_0911Suyuti.LubbLubab.Shamela0007418-ara1"",""openiti_dv_0911Suyuti.LubbLubab.Zaydiyya0000205-ara1""]",Same OpenITI work URI; retain versions separately.
dup_openiti_work_0911Suyuti.LumacFiAsbabHadith,openiti_work_0911Suyuti.LumacFiAsbabHadith,3,"[""openiti_dv_0911Suyuti.LumacFiAsbabHadith.JK000423-ara1"",""openiti_dv_0911Suyuti.LumacFiAsbabHadith.ShamAY0033525-ara1"",""openiti_dv_0911Suyuti.LumacFiAsbabHadith.Shamela0000976-ara1""]",Same OpenITI work URI; retain versions separately.
dup_openiti_work_0911Suyuti.LumcaFiKhasaisJumca,openiti_work_0911Suyuti.LumcaFiKhasaisJumca,2,"[""openiti_dv_0911Suyuti.LumcaFiKhasaisJumca.JK000263-ara1"",""openiti_dv_0911Suyuti.LumcaFiKhasaisJumca.Shamela0010747-ara1""]",Same OpenITI work URI; retain versions separately.
dup_openiti_work_0911Suyuti.LumcaFiTahqiq,openiti_work_0911Suyuti.LumcaFiTahqiq,2,"[""openiti_dv_0911Suyuti.LumcaFiTahqiq.JK001217-ara1"",""openiti_dv_0911Suyuti.LumcaFiTahqiq.Shamela0006253-ara1""]",Same OpenITI work URI; retain versions separately.
dup_openiti_work_0911Suyuti.MadrajIlaMudraj,openiti_work_0911Suyuti.MadrajIlaMudraj,3,"[""openiti_dv_0911Suyuti.MadrajIlaMudraj.JK000836-ara1"",""openiti_dv_0911Suyuti.MadrajIlaMudraj.ShamAY0034019-ara1"",""openiti_dv_0911Suyuti.MadrajIlaMudraj.Shamela0005955-ara1""]",Same OpenITI work URI; retain versions separately.
dup_openiti_work_0911Suyuti.MatlacBadrayn,openiti_work_0911Suyuti.MatlacBadrayn,2,"[""openiti_dv_0911Suyuti.MatlacBadrayn.JK010224-ara1"",""openiti_dv_0911Suyuti.MatlacBadrayn.Shamela0026551-ara1""]",Same OpenITI work URI; retain versions separately.
dup_openiti_work_0911Suyuti.MiftahJanna,openiti_work_0911Suyuti.MiftahJanna,2,"[""openiti_dv_0911Suyuti.MiftahJanna.JK000250-ara1"",""openiti_dv_0911Suyuti.MiftahJanna.Shamela0004864-ara1""]",Same OpenITI work URI; retain versions separately.
dup_openiti_work_0911Suyuti.MimmaRawahuAsatin,openiti_work_0911Suyuti.MimmaRawahuAsatin,2,"[""openiti_dv_0911Suyuti.MimmaRawahuAsatin.JK010191-ara1"",""openiti_dv_0911Suyuti.MimmaRawahuAsatin.Shamela0000191-ara1""]",Same OpenITI work URI; retain versions separately.
dup_openiti_work_0911Suyuti.MinhajSawi,openiti_work_0911Suyuti.MinhajSawi,2,"[""openiti_dv_0911Suyuti.MinhajSawi.ShamAY0034251BK1-ara1"",""openiti_dv_0911Suyuti.MinhajSawi.Shia000861VolsBK1-ara1""]",Same OpenITI work URI; retain versions separately.
dup_openiti_work_0911Suyuti.MisbahZujaja,openiti_work_0911Suyuti.MisbahZujaja,2,"[""openiti_dv_0911Suyuti.MisbahZujaja.JK000555-ara1"",""openiti_dv_0911Suyuti.MisbahZujaja.Shamela0000791-ara1""]",Same OpenITI work URI; retain versions separately.
dup_openiti_work_0911Suyuti.MucjamMaqalid,openiti_work_0911Suyuti.MucjamMaqalid,2,"[""openiti_dv_0911Suyuti.MucjamMaqalid.JK009184-ara1"",""openiti_dv_0911Suyuti.MucjamMaqalid.Shamela0007039-ara1""]",Same OpenITI work URI; retain versions separately.
dup_openiti_work_0911Suyuti.MufhimatAqran,openiti_work_0911Suyuti.MufhimatAqran,2,"[""openiti_dv_0911Suyuti.MufhimatAqran.JK009252-ara1"",""openiti_dv_0911Suyuti.MufhimatAqran.Shamela0026582-ara1""]",Same OpenITI work URI; retain versions separately.
dup_openiti_work_0911Suyuti.MuhadhdhabFimaWaqaca,openiti_work_0911Suyuti.MuhadhdhabFimaWaqaca,3,"[""openiti_dv_0911Suyuti.MuhadhdhabFimaWaqaca.JK009264-ara1"",""openiti_dv_0911Suyuti.MuhadhdhabFimaWaqaca.ShamAY0034093-ara1"",""openiti_dv_0911Suyuti.MuhadhdhabFimaWaqaca.Shamela0026097-ara1""]",Same OpenITI work URI; retain versions separately.
dup_openiti_work_0911Suyuti.MuntaqaYanbuc,openiti_work_0911Suyuti.MuntaqaYanbuc,2,"[""openiti_dv_0911Suyuti.MuntaqaYanbuc.ShamAY0034251BK2-ara1"",""openiti_dv_0911Suyuti.MuntaqaYanbuc.Shia000861VolsBK2-ara1""]",Same OpenITI work URI; retain versions separately.
dup_openiti_work_0911Suyuti.MuzhirFiCulumLugha,openiti_work_0911Suyuti.MuzhirFiCulumLugha,2,"[""openiti_dv_0911Suyuti.MuzhirFiCulumLugha.JK001460-ara1"",""openiti_dv_0911Suyuti.MuzhirFiCulumLugha.Shamela0006936-ara1""]",Same OpenITI work URI; retain versions separately.
dup_openiti_work_0911Suyuti.NazmCiqyan,openiti_work_0911Suyuti.NazmCiqyan,2,"[""openiti_dv_0911Suyuti.NazmCiqyan.JK009212-ara1"",""openiti_dv_0911Suyuti.NazmCiqyan.Shamela0009061-ara1""]",Same OpenITI work URI; retain versions separately.
dup_openiti_work_0911Suyuti.NuzhatJulasa,openiti_work_0911Suyuti.NuzhatJulasa,2,"[""openiti_dv_0911Suyuti.NuzhatJulasa.JK010730-ara1"",""openiti_dv_0911Suyuti.NuzhatJulasa.Shamela0008200-ara1""]",Same OpenITI work URI; retain versions separately.
dup_openiti_work_0911Suyuti.RawdAniqFiFadlSiddiq,openiti_work_0911Suyuti.RawdAniqFiFadlSiddiq,2,"[""openiti_dv_0911Suyuti.RawdAniqFiFadlSiddiq.JK010194-ara1"",""openiti_dv_0911Suyuti.RawdAniqFiFadlSiddiq.Shamela0000194-ara1""]",Same OpenITI work URI; retain versions separately.
dup_openiti_work_0911Suyuti.RihNisrin,openiti_work_0911Suyuti.RihNisrin,2,"[""openiti_dv_0911Suyuti.RihNisrin.JK000851-ara1"",""openiti_dv_0911Suyuti.RihNisrin.Shamela0005802-ara1""]",Same OpenITI work URI; retain versions separately.
dup_openiti_work_0911Suyuti.SababWadc,openiti_work_0911Suyuti.SababWadc,2,"[""openiti_dv_0911Suyuti.SababWadc.JK001221-ara1"",""openiti_dv_0911Suyuti.SababWadc.Shamela0006993-ara1""]",Same OpenITI work URI; retain versions separately.
dup_openiti_work_0911Suyuti.ShamailSharifa,openiti_work_0911Suyuti.ShamailSharifa,2,"[""openiti_dv_0911Suyuti.ShamailSharifa.JK001239-ara1"",""openiti_dv_0911Suyuti.ShamailSharifa.Shamela0006589-ara1""]",Same OpenITI work URI; retain versions separately.
dup_openiti_work_0911Suyuti.Shamarikh,openiti_work_0911Suyuti.Shamarikh,3,"[""openiti_dv_0911Suyuti.Shamarikh.JK000406-ara1"",""openiti_dv_0911Suyuti.Shamarikh.ShamAY0033817-ara1"",""openiti_dv_0911Suyuti.Shamarikh.Shamela0007650-ara1""]",Same OpenITI work URI; retain versions separately.
dup_openiti_work_0911Suyuti.SharhSudur,openiti_work_0911Suyuti.SharhSudur,2,"[""openiti_dv_0911Suyuti.SharhSudur.JK001227-ara1"",""openiti_dv_0911Suyuti.SharhSudur.Shamela0006485-ara1""]",Same OpenITI work URI; retain versions separately.
dup_openiti_work_0911Suyuti.SharhSunanNasai,openiti_work_0911Suyuti.SharhSunanNasai,4,"[""openiti_dv_0911Suyuti.SharhSunanNasai.JK000553-ara1"",""openiti_dv_0911Suyuti.SharhSunanNasai.ShamAY0033910-ara1"",""openiti_dv_0911Suyuti.SharhSunanNasai.Shamela0000360-ara1"",""openiti_dv_0911Suyuti.SharhSunanNasai.Shia001837Vols-ara1""]",Same OpenITI work URI; retain versions separately.
dup_openiti_work_0911Suyuti.SifatSahibDhawqSalim,openiti_work_0911Suyuti.SifatSahibDhawqSalim,2,"[""openiti_dv_0911Suyuti.SifatSahibDhawqSalim.JK010262-ara1"",""openiti_dv_0911Suyuti.SifatSahibDhawqSalim.Shamela0001345-ara1""]",Same OpenITI work URI; retain versions separately.
dup_openiti_work_0911Suyuti.TabaqatHuffaz,openiti_work_0911Suyuti.TabaqatHuffaz,2,"[""openiti_dv_0911Suyuti.TabaqatHuffaz.JK000753-ara1"",""openiti_dv_0911Suyuti.TabaqatHuffaz.Shamela0005823-ara1""]",Same OpenITI work URI; retain versions separately.
dup_openiti_work_0911Suyuti.TabaqatMufassirin,openiti_work_0911Suyuti.TabaqatMufassirin,2,"[""openiti_dv_0911Suyuti.TabaqatMufassirin.JK000442-ara1"",""openiti_dv_0911Suyuti.TabaqatMufassirin.Shamela0006234-ara1""]",Same OpenITI work URI; retain versions separately.
dup_openiti_work_0911Suyuti.TabarriMinMacarratMacarri,openiti_work_0911Suyuti.TabarriMinMacarratMacarri,2,"[""openiti_dv_0911Suyuti.TabarriMinMacarratMacarri.JK010781-ara1"",""openiti_dv_0911Suyuti.TabarriMinMacarratMacarri.Shamela0000781-ara1""]",Same OpenITI work URI; retain versions separately.
dup_openiti_work_0911Suyuti.TadhkiratMutasi,openiti_work_0911Suyuti.TadhkiratMutasi,2,"[""openiti_dv_0911Suyuti.TadhkiratMutasi.JK000684-ara1"",""openiti_dv_0911Suyuti.TadhkiratMutasi.Shamela0006021-ara1""]",Same OpenITI work URI; retain versions separately.
dup_openiti_work_0911Suyuti.TadribRawi,openiti_work_0911Suyuti.TadribRawi,3,"[""openiti_dv_0911Suyuti.TadribRawi.JK000138-ara1"",""openiti_dv_0911Suyuti.TadribRawi.ShamAY0034038-ara1"",""openiti_dv_0911Suyuti.TadribRawi.Shamela0009329-ara1""]",Same OpenITI work URI; retain versions separately.
dup_openiti_work_0911Suyuti.TafsirJalalayn,openiti_work_0911Suyuti.TafsirJalalayn,4,"[""openiti_dv_0911Suyuti.TafsirJalalayn.JK000818-ara1"",""openiti_dv_0911Suyuti.TafsirJalalayn.Shamela0012876-ara1"",""openiti_dv_0911Suyuti.TafsirJalalayn.Shia002669-ara1"",""openiti_dv_0911Suyuti.TafsirJalalayn.Tafsir01008-ara1""]",Same OpenITI work URI; retain versions separately.
dup_openiti_work_0911Suyuti.TahdhirKhawass,openiti_work_0911Suyuti.TahdhirKhawass,2,"[""openiti_dv_0911Suyuti.TahdhirKhawass.JK001258-ara1"",""openiti_dv_0911Suyuti.TahdhirKhawass.Shamela0006073-ara1""]",Same OpenITI work URI; retain versions separately.
dup_openiti_work_0911Suyuti.TakhirZalama,openiti_work_0911Suyuti.TakhirZalama,2,"[""openiti_dv_0911Suyuti.TakhirZalama.Shamela0011429-ara1"",""openiti_dv_0911Suyuti.TakhirZalama.Shamela0096851-ara1""]",Same OpenITI work URI; retain versions separately.
dup_openiti_work_0911Suyuti.TakrirIstinad,openiti_work_0911Suyuti.TakrirIstinad,2,"[""openiti_dv_0911Suyuti.TakrirIstinad.JK000297-ara1"",""openiti_dv_0911Suyuti.TakrirIstinad.Shamela0006344-ara1""]",Same OpenITI work URI; retain versions separately.
dup_openiti_work_0911Suyuti.TanwirHawalik,openiti_work_0911Suyuti.TanwirHawalik,4,"[""openiti_dv_0911Suyuti.TanwirHawalik.JK000556-ara1"",""openiti_dv_0911Suyuti.TanwirHawalik.ShamAY0033522-ara2"",""openiti_dv_0911Suyuti.TanwirHawalik.ShamAY0033528-ara1"",""openiti_dv_0911Suyuti.TanwirHawalik.Shamela0005757-ara1""]",Same OpenITI work URI; retain versions separately.
dup_openiti_work_0911Suyuti.TarikhKhulafa,openiti_work_0911Suyuti.TarikhKhulafa,3,"[""openiti_dv_0911Suyuti.TarikhKhulafa.JK000117-ara1"",""openiti_dv_0911Suyuti.TarikhKhulafa.ShamAY0033820-ara1"",""openiti_dv_0911Suyuti.TarikhKhulafa.Shamela0011997-ara1""]",Same OpenITI work URI; retain versions separately.
dup_openiti_work_0911Suyuti.Tatrif,openiti_work_0911Suyuti.Tatrif,2,"[""openiti_dv_0911Suyuti.Tatrif.JK000665-ara1"",""openiti_dv_0911Suyuti.Tatrif.Shamela0006001-ara1""]",Same OpenITI work URI; retain versions separately.
dup_openiti_work_0911Suyuti.TuhfatAbrar,openiti_work_0911Suyuti.TuhfatAbrar,2,"[""openiti_dv_0911Suyuti.TuhfatAbrar.JK009249-ara1"",""openiti_dv_0911Suyuti.TuhfatAbrar.Shamela0021560-ara1""]",Same OpenITI work URI; retain versions separately.
dup_openiti_work_0914IbnYahyaWansharisi.AsnaMatajir,openiti_work_0914IbnYahyaWansharisi.AsnaMatajir,2,"[""openiti_dv_0914IbnYahyaWansharisi.AsnaMatajir.JK001192-ara1"",""openiti_dv_0914IbnYahyaWansharisi.AsnaMatajir.Shamela0006243-ara1""]",Same OpenITI work URI; retain versions separately.
dup_openiti_work_0914IbnYahyaWansharisi.IdahMasalik,openiti_work_0914IbnYahyaWansharisi.IdahMasalik,2,"[""openiti_dv_0914IbnYahyaWansharisi.IdahMasalik.Sham19Y0132374-ara1"",""openiti_dv_0914IbnYahyaWansharisi.IdahMasalik.Sham19Y0133360-ara1""]",Same OpenITI work URI; retain versions separately.
dup_openiti_work_0914SarimDinWaziri.FusulLuluiyya,openiti_work_0914SarimDinWaziri.FusulLuluiyya,2,"[""openiti_dv_0914SarimDinWaziri.FusulLuluiyya.Zaydiyya0000066-ara1"",""openiti_dv_0914SarimDinWaziri.FusulLuluiyya.Zaydiyya0000273-ara1""]",Same OpenITI work URI; retain versions separately.
dup_openiti_work_0914SarimDinWaziri.MukhtasarFiCulumHadith,openiti_work_0914SarimDinWaziri.MukhtasarFiCulumHadith,2,"[""openiti_dv_0914SarimDinWaziri.MukhtasarFiCulumHadith.Zaydiyya0000252-ara1"",""openiti_dv_0914SarimDinWaziri.MukhtasarFiCulumHadith.Zaydiyya0000470-ara1""]",Same OpenITI work URI; retain versions separately.
dup_openiti_work_0918BafadlHadrami.MuqaddimaHadramiyya,openiti_work_0918BafadlHadrami.MuqaddimaHadramiyya,2,"[""openiti_dv_0918BafadlHadrami.MuqaddimaHadramiyya.JK000243-ara1"",""openiti_dv_0918BafadlHadrami.MuqaddimaHadramiyya.Shamela0006125-ara1""]",Same OpenITI work URI; retain versions separately.
dup_openiti_work_0919IbnGhaziMiknasi.TacallulBiRusumIsnad,openiti_work_0919IbnGhaziMiknasi.TacallulBiRusumIsnad,2,"[""openiti_dv_0919IbnGhaziMiknasi.TacallulBiRusumIsnad.JK001251BK2-ara1"",""openiti_dv_0919IbnGhaziMiknasi.TacallulBiRusumIsnad.Shamela0010736BK2-ara1""]",Same OpenITI work URI; retain versions separately.
dup_openiti_work_0920IbnKhalilZaynDinMalati.GhayatSul,openiti_work_0920IbnKhalilZaynDinMalati.GhayatSul,2,"[""openiti_dv_0920IbnKhalilZaynDinMalati.GhayatSul.JK001093-ara1"",""openiti_dv_0920IbnKhalilZaynDinMalati.GhayatSul.Shamela0006591-ara1""]",Same OpenITI work URI; retain versions separately.
dup_openiti_work_0920IbnKhalilZaynDinMalati.NaylAmal,openiti_work_0920IbnKhalilZaynDinMalati.NaylAmal,2,"[""openiti_dv_0920IbnKhalilZaynDinMalati.NaylAmal.Sham19Y0017097-ara1"",""openiti_dv_0920IbnKhalilZaynDinMalati.NaylAmal.Sham30K0046779-ara1""]",Same OpenITI work URI; retain versions separately.
dup_openiti_work_0923IbnCabdAllahKhazraji.KhulasatTadhhibTahdhibKamal,openiti_work_0923IbnCabdAllahKhazraji.KhulasatTadhhibTahdhibKamal,3,"[""openiti_dv_0923IbnCabdAllahKhazraji.KhulasatTadhhibTahdhibKamal.JK006672BK1-ara1"",""openiti_dv_0923IbnCabdAllahKhazraji.KhulasatTadhhibTahdhibKamal.Shamela0005858BK1-ara1"",""openiti_dv_0923IbnCabdAllahKhazraji.KhulasatTadhhibTahdhibKamal.Shia002282BK1-ara1""]",Same OpenITI work URI; retain versions separately.
dup_openiti_work_0925IbnCabdWahhabAcraj.TahrirSuluk,openiti_work_0925IbnCabdWahhabAcraj.TahrirSuluk,2,"[""openiti_dv_0925IbnCabdWahhabAcraj.TahrirSuluk.JK001312-ara1"",""openiti_dv_0925IbnCabdWahhabAcraj.TahrirSuluk.Shamela0007237-ara1""]",Same OpenITI work URI; retain versions separately.
dup_openiti_work_0926ZakariyyaAnsari.AsnaMatalib,openiti_work_0926ZakariyyaAnsari.AsnaMatalib,2,"[""openiti_dv_0926ZakariyyaAnsari.AsnaMatalib.JK007113-ara1"",""openiti_dv_0926ZakariyyaAnsari.AsnaMatalib.Shamela0011468BK1-ara1""]",Same OpenITI work URI; retain versions separately.
dup_openiti_work_0926ZakariyyaAnsari.FathWahhab,openiti_work_0926ZakariyyaAnsari.FathWahhab,5,"[""openiti_dv_0926ZakariyyaAnsari.FathWahhab.JK000204-ara1"",""openiti_dv_0926ZakariyyaAnsari.FathWahhab.JK007101-ara1"",""openiti_dv_0926ZakariyyaAnsari.FathWahhab.ShamAY0034253-ara1"",""openiti_dv_0926ZakariyyaAnsari.FathWahhab.Shamela0012036-ara1"",""openiti_dv_0926ZakariyyaAnsari.FathWahhab.Shia000869Vols-ara1""]",Same OpenITI work URI; retain versions separately.
dup_openiti_work_0926ZakariyyaAnsari.GhayatWusul,openiti_work_0926ZakariyyaAnsari.GhayatWusul,2,"[""openiti_dv_0926ZakariyyaAnsari.GhayatWusul.JK009279-ara1"",""openiti_dv_0926ZakariyyaAnsari.GhayatWusul.Shamela0009112-ara1""]",Same OpenITI work URI; retain versions separately.
dup_openiti_work_0926ZakariyyaAnsari.HududAniqa,openiti_work_0926ZakariyyaAnsari.HududAniqa,2,"[""openiti_dv_0926ZakariyyaAnsari.HududAniqa.JK000245-ara1"",""openiti_dv_0926ZakariyyaAnsari.HududAniqa.Shamela0007036-ara1""]",Same OpenITI work URI; retain versions separately.
dup_openiti_work_0926ZakariyyaAnsari.ManhajTullab,openiti_work_0926ZakariyyaAnsari.ManhajTullab,2,"[""openiti_dv_0926ZakariyyaAnsari.ManhajTullab.JK000304-ara1"",""openiti_dv_0926ZakariyyaAnsari.ManhajTullab.Shamela0012100-ara1""]",Same OpenITI work URI; retain versions separately.
dup_openiti_work_0926ZakariyyaAnsari.MaqsidLiTalkhis,openiti_work_0926ZakariyyaAnsari.MaqsidLiTalkhis,2,"[""openiti_dv_0926ZakariyyaAnsari.MaqsidLiTalkhis.JK009295-ara1"",""openiti_dv_0926ZakariyyaAnsari.MaqsidLiTalkhis.Shamela0010917-ara1""]",Same OpenITI work URI; retain versions separately.
dup_openiti_work_0926ZakariyyaAnsari.Munfarijatan,openiti_work_0926ZakariyyaAnsari.Munfarijatan,3,"[""openiti_dv_0926ZakariyyaAnsari.Munfarijatan.JK006951-ara1"",""openiti_dv_0926ZakariyyaAnsari.Munfarijatan.JK006952-ara1"",""openiti_dv_0926ZakariyyaAnsari.Munfarijatan.Shamela0006167-ara1""]",Same OpenITI work URI; retain versions separately.
dup_openiti_work_0927Culaymi.UnsJalil,openiti_work_0927Culaymi.UnsJalil,2,"[""openiti_dv_0927Culaymi.UnsJalil.JK003501-ara1"",""openiti_dv_0927Culaymi.UnsJalil.Shamela0006626-ara1""]",Same OpenITI work URI; retain versions separately.
dup_openiti_work_0927Nucaymi.DarisFiMadaris,openiti_work_0927Nucaymi.DarisFiMadaris,3,"[""openiti_dv_0927Nucaymi.DarisFiMadaris.JK000417-ara1"",""openiti_dv_0927Nucaymi.DarisFiMadaris.Masaha004642Vols-ara1"",""openiti_dv_0927Nucaymi.DarisFiMadaris.Shamela0008880-ara1""]",Same OpenITI work URI; retain versions separately.
dup_openiti_work_0930IbnCumarBahraqHadrami.HadaiqAnwar,openiti_work_0930IbnCumarBahraqHadrami.HadaiqAnwar,2,"[""openiti_dv_0930IbnCumarBahraqHadrami.HadaiqAnwar.JK007021-ara1"",""openiti_dv_0930IbnCumarBahraqHadrami.HadaiqAnwar.Shamela0009795-ara1""]",Same OpenITI work URI; retain versions separately.
dup_openiti_work_0930IbnIyas.NuzhatUmam,openiti_work_0930IbnIyas.NuzhatUmam,2,"[""openiti_dv_0930IbnIyas.NuzhatUmam.Masaha004846-ara1"",""openiti_dv_0930IbnIyas.NuzhatUmam.Rafed0002538-ara1""]",Same OpenITI work URI; retain versions separately.
dup_openiti_work_0938IbnCaliBalawi.Thabat,openiti_work_0938IbnCaliBalawi.Thabat,2,"[""openiti_dv_0938IbnCaliBalawi.Thabat.JK001251BK1-ara1"",""openiti_dv_0938IbnCaliBalawi.Thabat.Shamela0010736BK1-ara1""]",Same OpenITI work URI; retain versions separately.
dup_openiti_work_0939IbnKayyal.KawakibNayyirat,openiti_work_0939IbnKayyal.KawakibNayyirat,4,"[""openiti_dv_0939IbnKayyal.KawakibNayyirat.JK000500-ara1"",""openiti_dv_0939IbnKayyal.KawakibNayyirat.ShamAY0034617-ara1"",""openiti_dv_0939IbnKayyal.KawakibNayyirat.Shamela0000309-ara1"",""openiti_dv_0939IbnKayyal.KawakibNayyirat.Shia003352-ara1""]",Same OpenITI work URI; retain versions separately.
dup_openiti_work_0942IbnYusufShami.SubulHuda,openiti_work_0942IbnYusufShami.SubulHuda,4,"[""openiti_dv_0942IbnYusufShami.SubulHuda.JK009313-ara1"",""openiti_dv_0942IbnYusufShami.SubulHuda.Masaha002207Vols-ara1"",""openiti_dv_0942IbnYusufShami.SubulHuda.Shamela0001693-ara1"",""openiti_dv_0942IbnYusufShami.SubulHuda.Shia003732Vols-ara1""]",Same OpenITI work URI; retain versions separately.
dup_openiti_work_0944IbnDaybac.MukaffiratDhunub,openiti_work_0944IbnDaybac.MukaffiratDhunub,2,"[""openiti_dv_0944IbnDaybac.MukaffiratDhunub.JK010204-ara1"",""openiti_dv_0944IbnDaybac.MukaffiratDhunub.Shamela0028114-ara1""]",Same OpenITI work URI; retain versions separately.
dup_openiti_work_0944IbnDaybac.NashrMahasin,openiti_work_0944IbnDaybac.NashrMahasin,2,"[""openiti_dv_0944IbnDaybac.NashrMahasin.Masaha004524-ara1"",""openiti_dv_0944IbnDaybac.NashrMahasin.Rafed0002551-ara1""]",Same OpenITI work URI; retain versions separately.
dup_openiti_work_0953IbnTulun.AhadithMia,openiti_work_0953IbnTulun.AhadithMia,2,"[""openiti_dv_0953IbnTulun.AhadithMia.JK000846-ara1"",""openiti_dv_0953IbnTulun.AhadithMia.Shamela0005640-ara1""]",Same OpenITI work URI; retain versions separately.
dup_openiti_work_0953IbnTulun.FassKhawatim,openiti_work_0953IbnTulun.FassKhawatim,2,"[""openiti_dv_0953IbnTulun.FassKhawatim.JK010656-ara1"",""openiti_dv_0953IbnTulun.FassKhawatim.Shamela0000656-ara1""]",Same OpenITI work URI; retain versions separately.
dup_openiti_work_0953IbnTulun.MufakahaKhillan,openiti_work_0953IbnTulun.MufakahaKhillan,2,"[""openiti_dv_0953IbnTulun.MufakahaKhillan.JK009290-ara1"",""openiti_dv_0953IbnTulun.MufakahaKhillan.Shamela0026578-ara1""]",Same OpenITI work URI; retain versions separately.
dup_openiti_work_0954HattabRucayniMaghribi.MawahibJalil,openiti_work_0954HattabRucayniMaghribi.MawahibJalil,4,"[""openiti_dv_0954HattabRucayniMaghribi.MawahibJalil.JK000281-ara1"",""openiti_dv_0954HattabRucayniMaghribi.MawahibJalil.ShamAY0034227-ara1"",""openiti_dv_0954HattabRucayniMaghribi.MawahibJalil.Shamela0000569-ara1"",""openiti_dv_0954HattabRucayniMaghribi.MawahibJalil.Shia000906Vols-ara1""]",Same OpenITI work URI; retain versions separately.
dup_openiti_work_0956IbnMuhammadHalabiHanafi.NicmatDharica,openiti_work_0956IbnMuhammadHalabiHanafi.NicmatDharica,2,"[""openiti_dv_0956IbnMuhammadHalabiHanafi.NicmatDharica.JK001017-ara1"",""openiti_dv_0956IbnMuhammadHalabiHanafi.NicmatDharica.Shamela0006558-ara1""]",Same OpenITI work URI; retain versions separately.
dup_openiti_work_0957ShihabDinRamli.FatawaRamli,openiti_work_0957ShihabDinRamli.FatawaRamli,2,"[""openiti_dv_0957ShihabDinRamli.FatawaRamli.JK011712-ara1"",""openiti_dv_0957ShihabDinRamli.FatawaRamli.Shamela0021623-ara1""]",Same OpenITI work URI; retain versions separately.
dup_openiti_work_0957ShihabDinRamli.HashiyatKanzRaghibin,openiti_work_0957ShihabDinRamli.HashiyatKanzRaghibin,2,"[""openiti_dv_0957ShihabDinRamli.HashiyatKanzRaghibin.JK007142-ara1"",""openiti_dv_0957ShihabDinRamli.HashiyatKanzRaghibin.Shamela0021843BK3-ara1""]",Same OpenITI work URI; retain versions separately.
dup_openiti_work_0963CabdRahmanAbuFathCabbasi.MacahidTansis,openiti_work_0963CabdRahmanAbuFathCabbasi.MacahidTansis,2,"[""openiti_dv_0963CabdRahmanAbuFathCabbasi.MacahidTansis.JK001477-ara1"",""openiti_dv_0963CabdRahmanAbuFathCabbasi.MacahidTansis.Shamela0006951-ara1""]",Same OpenITI work URI; retain versions separately.
dup_openiti_work_0963IbnMuhammadIbnCiraqKanani.TanzihSharica,openiti_work_0963IbnMuhammadIbnCiraqKanani.TanzihSharica,2,"[""openiti_dv_0963IbnMuhammadIbnCiraqKanani.TanzihSharica.JK005005-ara1"",""openiti_dv_0963IbnMuhammadIbnCiraqKanani.TanzihSharica.Shamela0001432-ara1""]",Same OpenITI work URI; retain versions separately.
dup_openiti_work_0965ShahidThani.MasalikAfham,openiti_work_0965ShahidThani.MasalikAfham,2,"[""openiti_dv_0965ShahidThani.MasalikAfham.Masaha001193Vols-ara1"",""openiti_dv_0965ShahidThani.MasalikAfham.Shia000163VolsBK2-ara1""]",Same OpenITI work URI; retain versions separately.
dup_openiti_work_0965ShahidThani.MunyatMurid,openiti_work_0965ShahidThani.MunyatMurid,2,"[""openiti_dv_0965ShahidThani.MunyatMurid.Masaha004698-ara1"",""openiti_dv_0965ShahidThani.MunyatMurid.Shia001402-ara1""]",Same OpenITI work URI; retain versions separately.
dup_openiti_work_0965ShahidThani.MusakkinFuad,openiti_work_0965ShahidThani.MusakkinFuad,2,"[""openiti_dv_0965ShahidThani.MusakkinFuad.Masaha004835-ara1"",""openiti_dv_0965ShahidThani.MusakkinFuad.Shia001401-ara1""]",Same OpenITI work URI; retain versions separately.
dup_openiti_work_0965ShahidThani.RawdaBahiyya,openiti_work_0965ShahidThani.RawdaBahiyya,4,"[""openiti_dv_0965ShahidThani.RawdaBahiyya.Masaha000586-ara1"",""openiti_dv_0965ShahidThani.RawdaBahiyya.Masaha001142Vols-ara1"",""openiti_dv_0965ShahidThani.RawdaBahiyya.Shia000153Vols-ara1"",""openiti_dv_0965ShahidThani.RawdaBahiyya.Zaydiyya0000218-ara1""]",Same OpenITI work URI; retain versions separately.
dup_openiti_work_0965ShahidThani.TamhidQawacid,openiti_work_0965ShahidThani.TamhidQawacid,2,"[""openiti_dv_0965ShahidThani.TamhidQawacid.Masaha001151-ara1"",""openiti_dv_0965ShahidThani.TamhidQawacid.Rafed001344-ara1""]",Same OpenITI work URI; retain versions separately.
dup_openiti_work_0966HusaynDiyarbakri.TarikhKhamis,openiti_work_0966HusaynDiyarbakri.TarikhKhamis,2,"[""openiti_dv_0966HusaynDiyarbakri.TarikhKhamis.Masaha001961Vols-ara1"",""openiti_dv_0966HusaynDiyarbakri.TarikhKhamis.Shamela0009784-ara1""]",Same OpenITI work URI; retain versions separately.
dup_openiti_work_0968IbnAhmadAbuNajaHajjawi.ZadMustaqnic,openiti_work_0968IbnAhmadAbuNajaHajjawi.ZadMustaqnic,3,"[""openiti_dv_0968IbnAhmadAbuNajaHajjawi.ZadMustaqnic.JK000790-ara1"",""openiti_dv_0968IbnAhmadAbuNajaHajjawi.ZadMustaqnic.ShamAY0034267-ara1"",""openiti_dv_0968IbnAhmadAbuNajaHajjawi.ZadMustaqnic.Shamela0011230-ara1""]",Same OpenITI work URI; retain versions separately.
dup_openiti_work_0968Tashkuprizadah.ShaqaiqNucmaniyya,openiti_work_0968Tashkuprizadah.ShaqaiqNucmaniyya,2,"[""openiti_dv_0968Tashkuprizadah.ShaqaiqNucmaniyya.JK000421-ara1"",""openiti_dv_0968Tashkuprizadah.ShaqaiqNucmaniyya.Shamela0006723BK1-ara1""]",Same OpenITI work URI; retain versions separately.
dup_openiti_work_0970IbnIbrahimIbnNujaymMisri.AshbahWaNazair,openiti_work_0970IbnIbrahimIbnNujaymMisri.AshbahWaNazair,2,"[""openiti_dv_0970IbnIbrahimIbnNujaymMisri.AshbahWaNazair.Kraken220425154200-ara1"",""openiti_dv_0970IbnIbrahimIbnNujaymMisri.AshbahWaNazair.Shamela0001666-ara1""]",Same OpenITI work URI; retain versions separately.
dup_openiti_work_0970IbnIbrahimIbnNujaymMisri.BahrRaiq,openiti_work_0970IbnIbrahimIbnNujaymMisri.BahrRaiq,4,"[""openiti_dv_0970IbnIbrahimIbnNujaymMisri.BahrRaiq.JK000189BK1-ara1"",""openiti_dv_0970IbnIbrahimIbnNujaymMisri.BahrRaiq.ShamAY0034204BK1-ara1"",""openiti_dv_0970IbnIbrahimIbnNujaymMisri.BahrRaiq.Shamela0012227BK1-ara1"",""openiti_dv_0970IbnIbrahimIbnNujaymMisri.BahrRaiq.Shia000973Vols-ara1""]",Same OpenITI work URI; retain versions separately.
dup_openiti_work_0971IbnIbrahimIbnHanbaliHalabi.QafwAthar,openiti_work_0971IbnIbrahimIbnHanbaliHalabi.QafwAthar,2,"[""openiti_dv_0971IbnIbrahimIbnHanbaliHalabi.QafwAthar.JK000989-ara1"",""openiti_dv_0971IbnIbrahimIbnHanbaliHalabi.QafwAthar.Shamela0001531-ara1""]",Same OpenITI work URI; retain versions separately.
dup_openiti_work_0971IbnIbrahimIbnHanbaliHalabi.SahmAlhaz,openiti_work_0971IbnIbrahimIbnHanbaliHalabi.SahmAlhaz,2,"[""openiti_dv_0971IbnIbrahimIbnHanbaliHalabi.SahmAlhaz.JK006915-ara1"",""openiti_dv_0971IbnIbrahimIbnHanbaliHalabi.SahmAlhaz.Shamela0006921-ara1""]",Same OpenITI work URI; retain versions separately.
dup_openiti_work_0972IbnAhmadIbnNajjarHanbali.SharhKawkabMunir,openiti_work_0972IbnAhmadIbnNajjarHanbali.SharhKawkabMunir,2,"[""openiti_dv_0972IbnAhmadIbnNajjarHanbali.SharhKawkabMunir.JK009286-ara1"",""openiti_dv_0972IbnAhmadIbnNajjarHanbali.SharhKawkabMunir.Shamela0012019-ara1""]",Same OpenITI work URI; retain versions separately.
dup_openiti_work_0972IbnMahmudAmirBadishahBukhari.TaysirTahrir,openiti_work_0972IbnMahmudAmirBadishahBukhari.TaysirTahrir,3,"[""openiti_dv_0972IbnMahmudAmirBadishahBukhari.TaysirTahrir.JK007098-ara1"",""openiti_dv_0972IbnMahmudAmirBadishahBukhari.TaysirTahrir.ShamAY0032376-ara1"",""openiti_dv_0972IbnMahmudAmirBadishahBukhari.TaysirTahrir.Shamela0006327-ara1""]",Same OpenITI work URI; retain versions separately.
dup_openiti_work_0973CabdWahhabShacrani.LawaqihAnwar,openiti_work_0973CabdWahhabShacrani.LawaqihAnwar,2,"[""openiti_dv_0973CabdWahhabShacrani.LawaqihAnwar.JK009301-ara1"",""openiti_dv_0973CabdWahhabShacrani.LawaqihAnwar.Shamela0009627-ara1""]",Same OpenITI work URI; retain versions separately.
dup_openiti_work_0974IbnHajarHaytami.FatawaHadithiyya,openiti_work_0974IbnHajarHaytami.FatawaHadithiyya,3,"[""openiti_dv_0974IbnHajarHaytami.FatawaHadithiyya.JK009273-ara1"",""openiti_dv_0974IbnHajarHaytami.FatawaHadithiyya.ShamAY0034350-ara2"",""openiti_dv_0974IbnHajarHaytami.FatawaHadithiyya.Shamela0001922-ara1""]",Same OpenITI work URI; retain versions separately.
dup_openiti_work_0974IbnHajarHaytami.FatawaKubra,openiti_work_0974IbnHajarHaytami.FatawaKubra,2,"[""openiti_dv_0974IbnHajarHaytami.FatawaKubra.JK007074-ara1"",""openiti_dv_0974IbnHajarHaytami.FatawaKubra.Shamela0021628-ara1""]",Same OpenITI work URI; retain versions separately.
dup_openiti_work_0974IbnHajarHaytami.IfsahCanHadithNikah,openiti_work_0974IbnHajarHaytami.IfsahCanHadithNikah,2,"[""openiti_dv_0974IbnHajarHaytami.IfsahCanHadithNikah.JK000678-ara1"",""openiti_dv_0974IbnHajarHaytami.IfsahCanHadithNikah.Shamela0006247-ara1""]",Same OpenITI work URI; retain versions separately.
dup_openiti_work_0974IbnHajarHaytami.Inafa,openiti_work_0974IbnHajarHaytami.Inafa,2,"[""openiti_dv_0974IbnHajarHaytami.Inafa.JK009318-ara1"",""openiti_dv_0974IbnHajarHaytami.Inafa.Shamela0012570-ara1""]",Same OpenITI work URI; retain versions separately.
dup_openiti_work_0974IbnHajarHaytami.MablaghArab,openiti_work_0974IbnHajarHaytami.MablaghArab,2,"[""openiti_dv_0974IbnHajarHaytami.MablaghArab.JK009334-ara1"",""openiti_dv_0974IbnHajarHaytami.MablaghArab.Shamela0000661-ara1""]",Same OpenITI work URI; retain versions separately.
dup_openiti_work_0974IbnHajarHaytami.ManhajQawim,openiti_work_0974IbnHajarHaytami.ManhajQawim,2,"[""openiti_dv_0974IbnHajarHaytami.ManhajQawim.JK000203-ara1"",""openiti_dv_0974IbnHajarHaytami.ManhajQawim.Shamela0009973-ara1""]",Same OpenITI work URI; retain versions separately.
dup_openiti_work_0974IbnHajarHaytami.SawaciqMuhriqa,openiti_work_0974IbnHajarHaytami.SawaciqMuhriqa,2,"[""openiti_dv_0974IbnHajarHaytami.SawaciqMuhriqa.JK001324-ara1"",""openiti_dv_0974IbnHajarHaytami.SawaciqMuhriqa.Shamela0006544-ara1""]",Same OpenITI work URI; retain versions separately.
dup_openiti_work_0974IbnHajarHaytami.Zawajir,openiti_work_0974IbnHajarHaytami.Zawajir,3,"[""openiti_dv_0974IbnHajarHaytami.Zawajir.JK007070-ara1"",""openiti_dv_0974IbnHajarHaytami.Zawajir.ShamAY0033753-ara1"",""openiti_dv_0974IbnHajarHaytami.Zawajir.Shamela0021629-ara1""]",Same OpenITI work URI; retain versions separately.
dup_openiti_work_0975MuttaqiHindi.KanzCummal,openiti_work_0975MuttaqiHindi.KanzCummal,3,"[""openiti_dv_0975MuttaqiHindi.KanzCummal.JK008001-ara1"",""openiti_dv_0975MuttaqiHindi.KanzCummal.Shamela0002677-ara1"",""openiti_dv_0975MuttaqiHindi.KanzCummal.Shia002265Vols-ara1""]",Same OpenITI work URI; retain versions separately.
dup_openiti_work_0977KhatibShirbini.Iqnac,openiti_work_0977KhatibShirbini.Iqnac,3,"[""openiti_dv_0977KhatibShirbini.Iqnac.JK000291-ara1"",""openiti_dv_0977KhatibShirbini.Iqnac.Shamela0006121-ara1"",""openiti_dv_0977KhatibShirbini.Iqnac.Shia000871Vols-ara1""]",Same OpenITI work URI; retain versions separately.
dup_openiti_work_0977KhatibShirbini.MughniMuhtaj,openiti_work_0977KhatibShirbini.MughniMuhtaj,4,"[""openiti_dv_0977KhatibShirbini.MughniMuhtaj.JK000888-ara1"",""openiti_dv_0977KhatibShirbini.MughniMuhtaj.ShamAY0034254-ara1"",""openiti_dv_0977KhatibShirbini.MughniMuhtaj.Shamela0011444BK2-ara1"",""openiti_dv_0977KhatibShirbini.MughniMuhtaj.Shia000873Vols-ara1""]",Same OpenITI work URI; retain versions separately.
dup_openiti_work_0977KhatibShirbini.SirajMunir,openiti_work_0977KhatibShirbini.SirajMunir,2,"[""openiti_dv_0977KhatibShirbini.SirajMunir.ShamAY0034068-ara2"",""openiti_dv_0977KhatibShirbini.SirajMunir.Shamela0001466-ara1""]",Same OpenITI work URI; retain versions separately.
dup_openiti_work_0978QasimQunawi.AnisFuqaha,openiti_work_0978QasimQunawi.AnisFuqaha,3,"[""openiti_dv_0978QasimQunawi.AnisFuqaha.JK000205-ara1"",""openiti_dv_0978QasimQunawi.AnisFuqaha.ShamAY0034684-ara1"",""openiti_dv_0978QasimQunawi.AnisFuqaha.Shamela0010930-ara1""]",Same OpenITI work URI; retain versions separately.
dup_openiti_work_0982IbnMuhammadAbuSucud.IrshadCaqlSalim,openiti_work_0982IbnMuhammadAbuSucud.IrshadCaqlSalim,4,"[""openiti_dv_0982IbnMuhammadAbuSucud.IrshadCaqlSalim.JK000458-ara1"",""openiti_dv_0982IbnMuhammadAbuSucud.IrshadCaqlSalim.Shamela0001429-ara1"",""openiti_dv_0982IbnMuhammadAbuSucud.IrshadCaqlSalim.Shia002686Vols-ara1"",""openiti_dv_0982IbnMuhammadAbuSucud.IrshadCaqlSalim.Tafsir02028-ara1""]",Same OpenITI work URI; retain versions separately.
dup_openiti_work_0983IbnMuhammadSahgirAkhdari.MukhtasarFiCibadat,openiti_work_0983IbnMuhammadSahgirAkhdari.MukhtasarFiCibadat,3,"[""openiti_dv_0983IbnMuhammadSahgirAkhdari.MukhtasarFiCibadat.JK009285-ara1"",""openiti_dv_0983IbnMuhammadSahgirAkhdari.MukhtasarFiCibadat.ShamAY0031995-ara1"",""openiti_dv_0983IbnMuhammadSahgirAkhdari.MukhtasarFiCibadat.Shamela0009548-ara1""]",Same OpenITI work URI; retain versions separately.
dup_openiti_work_0984BadrDinGhazzi.AdabCishra,openiti_work_0984BadrDinGhazzi.AdabCishra,2,"[""openiti_dv_0984BadrDinGhazzi.AdabCishra.JK010253-ara1"",""openiti_dv_0984BadrDinGhazzi.AdabCishra.Shamela0008186-ara1""]",Same OpenITI work URI; retain versions separately.
dup_openiti_work_0984BadrDinGhazzi.AdabMuwakala,openiti_work_0984BadrDinGhazzi.AdabMuwakala,2,"[""openiti_dv_0984BadrDinGhazzi.AdabMuwakala.JK010254-ara1"",""openiti_dv_0984BadrDinGhazzi.AdabMuwakala.Shamela0000466-ara1""]",Same OpenITI work URI; retain versions separately.
dup_openiti_work_0984BadrDinGhazzi.MatalicBadriya,openiti_work_0984BadrDinGhazzi.MatalicBadriya,3,"[""openiti_dv_0984BadrDinGhazzi.MatalicBadriya.Rafed0002309-ara1"",""openiti_dv_0984BadrDinGhazzi.MatalicBadriya.ShamAY0000450-ara1"",""openiti_dv_0984BadrDinGhazzi.MatalicBadriya.Shamela0037060-ara1""]",Same OpenITI work URI; retain versions separately.
dup_openiti_work_0984BadrDinGhazzi.MurahFiMuzah,openiti_work_0984BadrDinGhazzi.MurahFiMuzah,2,"[""openiti_dv_0984BadrDinGhazzi.MurahFiMuzah.JK009317-ara1"",""openiti_dv_0984BadrDinGhazzi.MurahFiMuzah.Shamela0004126-ara1""]",Same OpenITI work URI; retain versions separately.
dup_openiti_work_0984HusaynBinCabdSamadCamili.CiqdHusayni,openiti_work_0984HusaynBinCabdSamadCamili.CiqdHusayni,2,"[""openiti_dv_0984HusaynBinCabdSamadCamili.CiqdHusayni.Masaha001145-ara1"",""openiti_dv_0984HusaynBinCabdSamadCamili.CiqdHusayni.Shia000178-ara1""]",Same OpenITI work URI; retain versions separately.
dup_openiti_work_0986IbnCaliFattani.TadhkiratMawducat,openiti_work_0986IbnCaliFattani.TadhkiratMawducat,2,"[""openiti_dv_0986IbnCaliFattani.TadhkiratMawducat.Shamela0012738-ara1"",""openiti_dv_0986IbnCaliFattani.TadhkiratMawducat.Shia002281-ara1""]",Same OpenITI work URI; retain versions separately.
dup_openiti_work_0987ZaynDinMalibari.FathMucin,openiti_work_0987ZaynDinMalibari.FathMucin,5,"[""openiti_dv_0987ZaynDinMalibari.FathMucin.JK000228-ara1"",""openiti_dv_0987ZaynDinMalibari.FathMucin.JK011226-ara1"",""openiti_dv_0987ZaynDinMalibari.FathMucin.ShamAY0034252-ara1"",""openiti_dv_0987ZaynDinMalibari.FathMucin.Shamela0011327-ara1"",""openiti_dv_0987ZaynDinMalibari.FathMucin.Shia000877Vols-ara1""]",Same OpenITI work URI; retain versions separately.
dup_openiti_work_0987ZaynDinMalibari.IsticdadLiMawt,openiti_work_0987ZaynDinMalibari.IsticdadLiMawt,2,"[""openiti_dv_0987ZaynDinMalibari.IsticdadLiMawt.JK010127-ara1"",""openiti_dv_0987ZaynDinMalibari.IsticdadLiMawt.Shamela0000483-ara1""]",Same OpenITI work URI; retain versions separately.
dup_openiti_work_0989SharafDinCimriti.Tashil,openiti_work_0989SharafDinCimriti.Tashil,2,"[""openiti_dv_0989SharafDinCimriti.Tashil.ShamAY0037471-ara1"",""openiti_dv_0989SharafDinCimriti.Tashil.ShamAY0037586-ara1""]",Same OpenITI work URI; retain versions separately.
dup_openiti_work_0990QutbDinNahrawani.IclamBiAclam,openiti_work_0990QutbDinNahrawani.IclamBiAclam,2,"[""openiti_dv_0990QutbDinNahrawani.IclamBiAclam.Masaha004217-ara1"",""openiti_dv_0990QutbDinNahrawani.IclamBiAclam.Rafed0002400-ara1""]",Same OpenITI work URI; retain versions separately.
dup_openiti_work_0992CaliIbnBaliManq.KhayrKalam,openiti_work_0992CaliIbnBaliManq.KhayrKalam,2,"[""openiti_dv_0992CaliIbnBaliManq.KhayrKalam.JK006913-ara1"",""openiti_dv_0992CaliIbnBaliManq.KhayrKalam.Shamela0000310-ara1""]",Same OpenITI work URI; retain versions separately.
dup_openiti_work_0992IbnQasimCibadi.RisalaFiIsmFacil,openiti_work_0992IbnQasimCibadi.RisalaFiIsmFacil,2,"[""openiti_dv_0992IbnQasimCibadi.RisalaFiIsmFacil.JK001047-ara1"",""openiti_dv_0992IbnQasimCibadi.RisalaFiIsmFacil.Shamela0006992-ara1""]",Same OpenITI work URI; retain versions separately.
dup_openiti_work_0993MuhaqqiqArdabili.MajmacFaida,openiti_work_0993MuhaqqiqArdabili.MajmacFaida,2,"[""openiti_dv_0993MuhaqqiqArdabili.MajmacFaida.Masaha001171Vols-ara1"",""openiti_dv_0993MuhaqqiqArdabili.MajmacFaida.Shia000182VolsBK2-ara1""]",Same OpenITI work URI; retain versions separately.
dup_openiti_work_0993MuhaqqiqArdabili.RisalaUlaFiKharaj,openiti_work_0993MuhaqqiqArdabili.RisalaUlaFiKharaj,2,"[""openiti_dv_0993MuhaqqiqArdabili.RisalaUlaFiKharaj.Masaha001141-ara1"",""openiti_dv_0993MuhaqqiqArdabili.RisalaUlaFiKharaj.Shia000180BK1-ara1""]",Same OpenITI work URI; retain versions separately.
dup_openiti_work_1004ShamsDinRamli.GhayatBayan,openiti_work_1004ShamsDinRamli.GhayatBayan,2,"[""openiti_dv_1004ShamsDinRamli.GhayatBayan.JK000172-ara1"",""openiti_dv_1004ShamsDinRamli.GhayatBayan.Shamela0006136-ara1""]",Same OpenITI work URI; retain versions separately.
dup_openiti_work_1004ShamsDinRamli.NihayatMuhtaj,openiti_work_1004ShamsDinRamli.NihayatMuhtaj,2,"[""openiti_dv_1004ShamsDinRamli.NihayatMuhtaj.JK007135-ara1"",""openiti_dv_1004ShamsDinRamli.NihayatMuhtaj.Shamela0003565-ara1""]",Same OpenITI work URI; retain versions separately.
dup_openiti_work_1008DawudAntaki.TadhkiratUliAlbab,openiti_work_1008DawudAntaki.TadhkiratUliAlbab,2,"[""openiti_dv_1008DawudAntaki.TadhkiratUliAlbab.Shia004673Vols-ara1"",""openiti_dv_1008DawudAntaki.TadhkiratUliAlbab.Zaydiyya0000262-ara1""]",Same OpenITI work URI; retain versions separately.
dup_openiti_work_1008DawudAntaki.TazyinAswaq,openiti_work_1008DawudAntaki.TazyinAswaq,3,"[""openiti_dv_1008DawudAntaki.TazyinAswaq.JK009233-ara1"",""openiti_dv_1008DawudAntaki.TazyinAswaq.ShamAY0033794-ara1"",""openiti_dv_1008DawudAntaki.TazyinAswaq.Shamela0000630-ara1""]",Same OpenITI work URI; retain versions separately.
dup_openiti_work_1010TaqiDinGhazzi.TabaqatSaniyya,openiti_work_1010TaqiDinGhazzi.TabaqatSaniyya,3,"[""openiti_dv_1010TaqiDinGhazzi.TabaqatSaniyya.JK010322-ara1"",""openiti_dv_1010TaqiDinGhazzi.TabaqatSaniyya.ShamAY0034662-ara1"",""openiti_dv_1010TaqiDinGhazzi.TabaqatSaniyya.Shamela0000322-ara1""]",Same OpenITI work URI; retain versions separately.
dup_openiti_work_1014MullaCaliQari.Adilla,openiti_work_1014MullaCaliQari.Adilla,2,"[""openiti_dv_1014MullaCaliQari.Adilla.JK000926-ara1"",""openiti_dv_1014MullaCaliQari.Adilla.Shamela0006453-ara1""]",Same OpenITI work URI; retain versions separately.
dup_openiti_work_1014MullaCaliQari.AhadithQudsiyya,openiti_work_1014MullaCaliQari.AhadithQudsiyya,2,"[""openiti_dv_1014MullaCaliQari.AhadithQudsiyya.Shamela0019482-ara1"",""openiti_dv_1014MullaCaliQari.AhadithQudsiyya.Shamela0037652-ara1""]",Same OpenITI work URI; retain versions separately.
dup_openiti_work_1014MullaCaliQari.AsrarMarfuca,openiti_work_1014MullaCaliQari.AsrarMarfuca,2,"[""openiti_dv_1014MullaCaliQari.AsrarMarfuca.JK001198-ara1"",""openiti_dv_1014MullaCaliQari.AsrarMarfuca.Shamela0006056-ara1""]",Same OpenITI work URI; retain versions separately.
dup_openiti_work_1014MullaCaliQari.DhaylJawahirMudiya,openiti_work_1014MullaCaliQari.DhaylJawahirMudiya,2,"[""openiti_dv_1014MullaCaliQari.DhaylJawahirMudiya.JK009262BK2-ara1"",""openiti_dv_1014MullaCaliQari.DhaylJawahirMudiya.Shamela0006725BK2-ara1""]",Same OpenITI work URI; retain versions separately.
dup_openiti_work_1014MullaCaliQari.FaydMucin,openiti_work_1014MullaCaliQari.FaydMucin,2,"[""openiti_dv_1014MullaCaliQari.FaydMucin.JK010189-ara1"",""openiti_dv_1014MullaCaliQari.FaydMucin.Shamela0031378-ara1""]",Same OpenITI work URI; retain versions separately.
dup_openiti_work_1014MullaCaliQari.JamcWasail,openiti_work_1014MullaCaliQari.JamcWasail,2,"[""openiti_dv_1014MullaCaliQari.JamcWasail.ShamAY0034445-ara1"",""openiti_dv_1014MullaCaliQari.JamcWasail.Shamela0002569-ara1""]",Same OpenITI work URI; retain versions separately.
dup_openiti_work_1014MullaCaliQari.MawducatSughra,openiti_work_1014MullaCaliQari.MawducatSughra,2,"[""openiti_dv_1014MullaCaliQari.MawducatSughra.JK000674-ara1"",""openiti_dv_1014MullaCaliQari.MawducatSughra.Shamela0006064-ara1""]",Same OpenITI work URI; retain versions separately.
dup_openiti_work_1014MullaCaliQari.MirqatMafatih,openiti_work_1014MullaCaliQari.MirqatMafatih,2,"[""openiti_dv_1014MullaCaliQari.MirqatMafatih.JK007044-ara1"",""openiti_dv_1014MullaCaliQari.MirqatMafatih.Shamela0008176-ara1""]",Same OpenITI work URI; retain versions separately.
dup_openiti_work_1014MullaCaliQari.RaddCalaQailinBiWahdatWujud,openiti_work_1014MullaCaliQari.RaddCalaQailinBiWahdatWujud,2,"[""openiti_dv_1014MullaCaliQari.RaddCalaQailinBiWahdatWujud.JK001111-ara1"",""openiti_dv_1014MullaCaliQari.RaddCalaQailinBiWahdatWujud.Shamela0006541-ara1""]",Same OpenITI work URI; retain versions separately.
dup_openiti_work_1014MullaCaliQari.SharhMusnadAbiHanifa,openiti_work_1014MullaCaliQari.SharhMusnadAbiHanifa,3,"[""openiti_dv_1014MullaCaliQari.SharhMusnadAbiHanifa.JK011225-ara1"",""openiti_dv_1014MullaCaliQari.SharhMusnadAbiHanifa.Shamela0009060-ara1"",""openiti_dv_1014MullaCaliQari.SharhMusnadAbiHanifa.Shia002283-ara1""]",Same OpenITI work URI; retain versions separately.
dup_openiti_work_1014MullaCaliQari.SharhNukhbatFikr,openiti_work_1014MullaCaliQari.SharhNukhbatFikr,2,"[""openiti_dv_1014MullaCaliQari.SharhNukhbatFikr.JK007030-ara1"",""openiti_dv_1014MullaCaliQari.SharhNukhbatFikr.Shamela0005989-ara1""]",Same OpenITI work URI; retain versions separately.
dup_openiti_work_1014ZaynDinTablawi.ShamcaMudiyya,openiti_work_1014ZaynDinTablawi.ShamcaMudiyya,2,"[""openiti_dv_1014ZaynDinTablawi.ShamcaMudiyya.JK009144-ara1"",""openiti_dv_1014ZaynDinTablawi.ShamcaMudiyya.Shamela0005555-ara1""]",Same OpenITI work URI; retain versions separately.
dup_openiti_work_1016MuhibbDinHamawi.HadiAzcan,openiti_work_1016MuhibbDinHamawi.HadiAzcan,2,"[""openiti_dv_1016MuhibbDinHamawi.HadiAzcan.JK010476-ara1"",""openiti_dv_1016MuhibbDinHamawi.HadiAzcan.Shamela0000476-ara1""]",Same OpenITI work URI; retain versions separately.
dup_openiti_work_1019NurAllahTustari.IhqaqHaqq,openiti_work_1019NurAllahTustari.IhqaqHaqq,2,"[""openiti_dv_1019NurAllahTustari.IhqaqHaqq.Rafed0002654Vols-ara1"",""openiti_dv_1019NurAllahTustari.IhqaqHaqq.Shia004026-ara1""]",Same OpenITI work URI; retain versions separately.
dup_openiti_work_1023MuhammadAminAstarabadi.FawaidMadaniyya,openiti_work_1023MuhammadAminAstarabadi.FawaidMadaniyya,2,"[""openiti_dv_1023MuhammadAminAstarabadi.FawaidMadaniyya.Rafed0001325-ara1"",""openiti_dv_1023MuhammadAminAstarabadi.FawaidMadaniyya.Shia002759BK1-ara1""]",Same OpenITI work URI; retain versions separately.
dup_openiti_work_1029QasimIbnMuhammadImam.Irshad,openiti_work_1029QasimIbnMuhammadImam.Irshad,2,"[""openiti_dv_1029QasimIbnMuhammadImam.Irshad.Shia004486-ara1"",""openiti_dv_1029QasimIbnMuhammadImam.Irshad.Zaydiyya0000043-ara1""]",Same OpenITI work URI; retain versions separately.
dup_openiti_work_1029QasimIbnMuhammadImam.JawabMukhtar,openiti_work_1029QasimIbnMuhammadImam.JawabMukhtar,2,"[""openiti_dv_1029QasimIbnMuhammadImam.JawabMukhtar.Zaydiyya0000079BK1-ara1"",""openiti_dv_1029QasimIbnMuhammadImam.JawabMukhtar.Zaydiyya0000331-ara1""]",Same OpenITI work URI; retain versions separately.
dup_openiti_work_1029QasimIbnMuhammadImam.Tahdhir,openiti_work_1029QasimIbnMuhammadImam.Tahdhir,2,"[""openiti_dv_1029QasimIbnMuhammadImam.Tahdhir.Zaydiyya0000079BK2-ara1"",""openiti_dv_1029QasimIbnMuhammadImam.Tahdhir.Zaydiyya0000330BK1-ara1""]",Same OpenITI work URI; retain versions separately.
dup_openiti_work_1029QasimIbnMuhammadImam.Wasiyya,openiti_work_1029QasimIbnMuhammadImam.Wasiyya,2,"[""openiti_dv_1029QasimIbnMuhammadImam.Wasiyya.Zaydiyya0000079BK3-ara1"",""openiti_dv_1029QasimIbnMuhammadImam.Wasiyya.Zaydiyya0000330BK2-ara1""]",Same OpenITI work URI; retain versions separately.
dup_openiti_work_1030IbnGhanimBaghdadiHanafi.MajmacDamanat,openiti_work_1030IbnGhanimBaghdadiHanafi.MajmacDamanat,3,"[""openiti_dv_1030IbnGhanimBaghdadiHanafi.MajmacDamanat.JK007131-ara1"",""openiti_dv_1030IbnGhanimBaghdadiHanafi.MajmacDamanat.ShamAY0034213-ara1"",""openiti_dv_1030IbnGhanimBaghdadiHanafi.MajmacDamanat.Shamela0021639-ara1""]",Same OpenITI work URI; retain versions separately.
dup_openiti_work_1031BahaDinCamili.Kashkul,openiti_work_1031BahaDinCamili.Kashkul,2,"[""openiti_dv_1031BahaDinCamili.Kashkul.JK009365-ara1"",""openiti_dv_1031BahaDinCamili.Kashkul.Shamela0001571-ara1""]",Same OpenITI work URI; retain versions separately.
dup_openiti_work_1031CabdRaufMunawi.FathSamawi,openiti_work_1031CabdRaufMunawi.FathSamawi,3,"[""openiti_dv_1031CabdRaufMunawi.FathSamawi.JK006671-ara1"",""openiti_dv_1031CabdRaufMunawi.FathSamawi.Shamela0008635-ara1"",""openiti_dv_1031CabdRaufMunawi.FathSamawi.Shia002284Vols-ara1""]",Same OpenITI work URI; retain versions separately.
dup_openiti_work_1031CabdRaufMunawi.FaydQadir,openiti_work_1031CabdRaufMunawi.FaydQadir,4,"[""openiti_dv_1031CabdRaufMunawi.FaydQadir.JK000298-ara1"",""openiti_dv_1031CabdRaufMunawi.FaydQadir.ShamAY0033524-ara1"",""openiti_dv_1031CabdRaufMunawi.FaydQadir.Shamela0021660-ara1"",""openiti_dv_1031CabdRaufMunawi.FaydQadir.Shia002287Vols-ara1""]",Same OpenITI work URI; retain versions separately.
dup_openiti_work_1031CabdRaufMunawi.Ittihafat,openiti_work_1031CabdRaufMunawi.Ittihafat,3,"[""openiti_dv_1031CabdRaufMunawi.Ittihafat.JK001044-ara1"",""openiti_dv_1031CabdRaufMunawi.Ittihafat.ShamAY0034121-ara1"",""openiti_dv_1031CabdRaufMunawi.Ittihafat.Shamela0007266-ara1""]",Same OpenITI work URI; retain versions separately.
dup_openiti_work_1031CabdRaufMunawi.SayyidatNisa,openiti_work_1031CabdRaufMunawi.SayyidatNisa,2,"[""openiti_dv_1031CabdRaufMunawi.SayyidatNisa.JK009332-ara1"",""openiti_dv_1031CabdRaufMunawi.SayyidatNisa.Shamela0012731-ara1""]",Same OpenITI work URI; retain versions separately.
dup_openiti_work_1031CabdRaufMunawi.Tawqif,openiti_work_1031CabdRaufMunawi.Tawqif,3,"[""openiti_dv_1031CabdRaufMunawi.Tawqif.JK000306-ara1"",""openiti_dv_1031CabdRaufMunawi.Tawqif.ShamAY0034677-ara1"",""openiti_dv_1031CabdRaufMunawi.Tawqif.Shamela0010640-ara1""]",Same OpenITI work URI; retain versions separately.
dup_openiti_work_1031CabdRaufMunawi.TaysirBiSharh,openiti_work_1031CabdRaufMunawi.TaysirBiSharh,2,"[""openiti_dv_1031CabdRaufMunawi.TaysirBiSharh.JK007006-ara1"",""openiti_dv_1031CabdRaufMunawi.TaysirBiSharh.Shamela0005769-ara1""]",Same OpenITI work URI; retain versions separately.
dup_openiti_work_1031CabdRaufMunawi.YawaqitWaDurar,openiti_work_1031CabdRaufMunawi.YawaqitWaDurar,2,"[""openiti_dv_1031CabdRaufMunawi.YawaqitWaDurar.JK006973-ara1"",""openiti_dv_1031CabdRaufMunawi.YawaqitWaDurar.Shamela0005979-ara1""]",Same OpenITI work URI; retain versions separately.
dup_openiti_work_1033MarciKarmi.AqawilThiqat,openiti_work_1033MarciKarmi.AqawilThiqat,2,"[""openiti_dv_1033MarciKarmi.AqawilThiqat.JK000331-ara1"",""openiti_dv_1033MarciKarmi.AqawilThiqat.Shamela0006454-ara1""]",Same OpenITI work URI; retain versions separately.
dup_openiti_work_1033MarciKarmi.DalilTalibCalaMadhhabIbnHanbal,openiti_work_1033MarciKarmi.DalilTalibCalaMadhhabIbnHanbal,2,"[""openiti_dv_1033MarciKarmi.DalilTalibCalaMadhhabIbnHanbal.JK000115-ara1"",""openiti_dv_1033MarciKarmi.DalilTalibCalaMadhhabIbnHanbal.ShamAY0034260-ara1""]",Same OpenITI work URI; retain versions separately.
dup_openiti_work_1033MarciKarmi.FawaidMawduca,openiti_work_1033MarciKarmi.FawaidMawduca,2,"[""openiti_dv_1033MarciKarmi.FawaidMawduca.JK005012-ara1"",""openiti_dv_1033MarciKarmi.FawaidMawduca.Shamela0006051-ara1""]",Same OpenITI work URI; retain versions separately.
dup_openiti_work_1033MarciKarmi.MasbukDhahab,openiti_work_1033MarciKarmi.MasbukDhahab,2,"[""openiti_dv_1033MarciKarmi.MasbukDhahab.JK010502-ara1"",""openiti_dv_1033MarciKarmi.MasbukDhahab.Shamela0026541-ara1""]",Same OpenITI work URI; retain versions separately.
dup_openiti_work_1033MarciKarmi.QalaidMarjan,openiti_work_1033MarciKarmi.QalaidMarjan,2,"[""openiti_dv_1033MarciKarmi.QalaidMarjan.JK000451-ara1"",""openiti_dv_1033MarciKarmi.QalaidMarjan.Shamela0005517-ara1""]",Same OpenITI work URI; retain versions separately.
dup_openiti_work_1033MarciKarmi.RafcShubha,openiti_work_1033MarciKarmi.RafcShubha,2,"[""openiti_dv_1033MarciKarmi.RafcShubha.JK001242-ara1"",""openiti_dv_1033MarciKarmi.RafcShubha.Shamela0006481-ara1""]",Same OpenITI work URI; retain versions separately.
dup_openiti_work_1033MarciKarmi.ShahadaZakiyya,openiti_work_1033MarciKarmi.ShahadaZakiyya,2,"[""openiti_dv_1033MarciKarmi.ShahadaZakiyya.JK000364-ara1"",""openiti_dv_1033MarciKarmi.ShahadaZakiyya.Shamela0006661-ara1""]",Same OpenITI work URI; retain versions separately.
dup_openiti_work_1038CabdQadirCaydarus.TarikhNurSafir,openiti_work_1038CabdQadirCaydarus.TarikhNurSafir,2,"[""openiti_dv_1038CabdQadirCaydarus.TarikhNurSafir.JK000418-ara1"",""openiti_dv_1038CabdQadirCaydarus.TarikhNurSafir.Shamela0006676-ara1""]",Same OpenITI work URI; retain versions separately.
dup_openiti_work_1041Maqqari.AzharRiyad,openiti_work_1041Maqqari.AzharRiyad,2,"[""openiti_dv_1041Maqqari.AzharRiyad.JK010757-ara1"",""openiti_dv_1041Maqqari.AzharRiyad.Shamela0026350-ara1""]",Same OpenITI work URI; retain versions separately.
dup_openiti_work_1041Maqqari.NafhTib,openiti_work_1041Maqqari.NafhTib,3,"[""openiti_dv_1041Maqqari.NafhTib.JK001474-ara1"",""openiti_dv_1041Maqqari.NafhTib.Rafed0002786Vols-ara1"",""openiti_dv_1041Maqqari.NafhTib.Shamela0001002-ara1""]",Same OpenITI work URI; retain versions separately.
dup_openiti_work_1044IbnBurhanDinHalabi.SiraHalabiyya,openiti_work_1044IbnBurhanDinHalabi.SiraHalabiyya,4,"[""openiti_dv_1044IbnBurhanDinHalabi.SiraHalabiyya.JK000159-ara1"",""openiti_dv_1044IbnBurhanDinHalabi.SiraHalabiyya.ShamAY0034439-ara1"",""openiti_dv_1044IbnBurhanDinHalabi.SiraHalabiyya.Shamela0009873-ara1"",""openiti_dv_1044IbnBurhanDinHalabi.SiraHalabiyya.Shia003746Vols-ara1""]",Same OpenITI work URI; retain versions separately.
dup_openiti_work_1050IbnMansurBiLlahYamani.AdabCulama,openiti_work_1050IbnMansurBiLlahYamani.AdabCulama,3,"[""openiti_dv_1050IbnMansurBiLlahYamani.AdabCulama.JK010649-ara1"",""openiti_dv_1050IbnMansurBiLlahYamani.AdabCulama.Shamela0000649-ara1"",""openiti_dv_1050IbnMansurBiLlahYamani.AdabCulama.Zaydiyya0000339-ara1""]",Same OpenITI work URI; retain versions separately.
dup_openiti_work_1051Cimadi.RawdaRayya,openiti_work_1051Cimadi.RawdaRayya,2,"[""openiti_dv_1051Cimadi.RawdaRayya.JK001216-ara1"",""openiti_dv_1051Cimadi.RawdaRayya.Shamela0005864-ara1""]",Same OpenITI work URI; retain versions separately.
dup_openiti_work_1051IbnYunusBuhutiHanbali.KashshafQinac,openiti_work_1051IbnYunusBuhutiHanbali.KashshafQinac,4,"[""openiti_dv_1051IbnYunusBuhutiHanbali.KashshafQinac.JK000148-ara1"",""openiti_dv_1051IbnYunusBuhutiHanbali.KashshafQinac.ShamAY0034261-ara1"",""openiti_dv_1051IbnYunusBuhutiHanbali.KashshafQinac.Shamela0021642-ara1"",""openiti_dv_1051IbnYunusBuhutiHanbali.KashshafQinac.Shia001022Vols-ara1""]",Same OpenITI work URI; retain versions separately.
dup_openiti_work_1051IbnYunusBuhutiHanbali.RawdMurbic,openiti_work_1051IbnYunusBuhutiHanbali.RawdMurbic,5,"[""openiti_dv_1051IbnYunusBuhutiHanbali.RawdMurbic.JK000190-ara1"",""openiti_dv_1051IbnYunusBuhutiHanbali.RawdMurbic.Sham19Y0147658-ara1"",""openiti_dv_1051IbnYunusBuhutiHanbali.RawdMurbic.ShamAY0034262-ara1"",""openiti_dv_1051IbnYunusBuhutiHanbali.RawdMurbic.ShamAY0034271-ara1"",""openiti_dv_1051IbnYunusBuhutiHanbali.RawdMurbic.Shamela0001679-ara1""]",Same OpenITI work URI; retain versions separately.
dup_openiti_work_1051IbnYunusBuhutiHanbali.SharhMuntahaIradat,openiti_work_1051IbnYunusBuhutiHanbali.SharhMuntahaIradat,2,"[""openiti_dv_1051IbnYunusBuhutiHanbali.SharhMuntahaIradat.JK000225-ara1"",""openiti_dv_1051IbnYunusBuhutiHanbali.SharhMuntahaIradat.Shamela0021693-ara1""]",Same OpenITI work URI; retain versions separately.
dup_openiti_work_1052CabdHaqqDihlawi.MuqaddimaFiUsulHadith,openiti_work_1052CabdHaqqDihlawi.MuqaddimaFiUsulHadith,2,"[""openiti_dv_1052CabdHaqqDihlawi.MuqaddimaFiUsulHadith.JK000978-ara1"",""openiti_dv_1052CabdHaqqDihlawi.MuqaddimaFiUsulHadith.Shamela0005988-ara1""]",Same OpenITI work URI; retain versions separately.
dup_openiti_work_1057IbnCallan.DalilFalihin,openiti_work_1057IbnCallan.DalilFalihin,2,"[""openiti_dv_1057IbnCallan.DalilFalihin.JK010830-ara1"",""openiti_dv_1057IbnCallan.DalilFalihin.Shamela0000140-ara1""]",Same OpenITI work URI; retain versions separately.
dup_openiti_work_1057IbnCallan.IthafFadil,openiti_work_1057IbnCallan.IthafFadil,2,"[""openiti_dv_1057IbnCallan.IthafFadil.JK006710-ara1"",""openiti_dv_1057IbnCallan.IthafFadil.Shamela0006977-ara1""]",Same OpenITI work URI; retain versions separately.
dup_openiti_work_1060IbnQaysar.SiratNasirIbnMurshid,openiti_work_1060IbnQaysar.SiratNasirIbnMurshid,2,"[""openiti_dv_1060IbnQaysar.SiratNasirIbnMurshid.ShamIbadiyya0000116-ara1"",""openiti_dv_1060IbnQaysar.SiratNasirIbnMurshid.ShamIbadiyya0000174-ara1""]",Same OpenITI work URI; retain versions separately.
dup_openiti_work_1061IbnMullaFarrukhRumi.QawlSadid,openiti_work_1061IbnMullaFarrukhRumi.QawlSadid,2,"[""openiti_dv_1061IbnMullaFarrukhRumi.QawlSadid.JK000890-ara1"",""openiti_dv_1061IbnMullaFarrukhRumi.QawlSadid.Shamela0006354-ara1""]",Same OpenITI work URI; retain versions separately.
dup_openiti_work_1061NajmDinGhazzi.KawakibSaira,openiti_work_1061NajmDinGhazzi.KawakibSaira,2,"[""openiti_dv_1061NajmDinGhazzi.KawakibSaira.JK010347-ara1"",""openiti_dv_1061NajmDinGhazzi.KawakibSaira.Shamela0010912-ara1""]",Same OpenITI work URI; retain versions separately.
dup_openiti_work_1062CabdAllahSharafi.MasabihSatica,openiti_work_1062CabdAllahSharafi.MasabihSatica,2,"[""openiti_dv_1062CabdAllahSharafi.MasabihSatica.Zaydiyya0000020-ara2"",""openiti_dv_1062CabdAllahSharafi.MasabihSatica.Zaydiyya0000295Vols-ara1""]",Same OpenITI work URI; retain versions separately.
dup_openiti_work_1067HajjiKhalifa.KashfZunun,openiti_work_1067HajjiKhalifa.KashfZunun,4,"[""openiti_dv_1067HajjiKhalifa.KashfZunun.JK000468-ara1"",""openiti_dv_1067HajjiKhalifa.KashfZunun.Sham19Y0002118-ara1"",""openiti_dv_1067HajjiKhalifa.KashfZunun.Shamela0002118-ara1"",""openiti_dv_1067HajjiKhalifa.KashfZunun.Shia003356Vols-ara1""]",Same OpenITI work URI; retain versions separately.
dup_openiti_work_1069IbnCammarShurunbulali.NurIdah,openiti_work_1069IbnCammarShurunbulali.NurIdah,3,"[""openiti_dv_1069IbnCammarShurunbulali.NurIdah.JK000284-ara1"",""openiti_dv_1069IbnCammarShurunbulali.NurIdah.ShamAY0034214-ara1"",""openiti_dv_1069IbnCammarShurunbulali.NurIdah.Shamela0012117-ara1""]",Same OpenITI work URI; retain versions separately.
dup_openiti_work_1069ShihabDinKhafaji.RayhanatAlibba,openiti_work_1069ShihabDinKhafaji.RayhanatAlibba,2,"[""openiti_dv_1069ShihabDinKhafaji.RayhanatAlibba.JK010792-ara1"",""openiti_dv_1069ShihabDinKhafaji.RayhanatAlibba.Shamela0001522-ara1""]",Same OpenITI work URI; retain versions separately.
dup_openiti_work_1069ShihabDinQalyubi.HashiyatKanzRaghibin,openiti_work_1069ShihabDinQalyubi.HashiyatKanzRaghibin,2,"[""openiti_dv_1069ShihabDinQalyubi.HashiyatKanzRaghibin.JK007141-ara1"",""openiti_dv_1069ShihabDinQalyubi.HashiyatKanzRaghibin.Shamela0021843BK2-ara1""]",Same OpenITI work URI; retain versions separately.
dup_openiti_work_1070MuhammadKibrit.JawahirThamina,openiti_work_1070MuhammadKibrit.JawahirThamina,2,"[""openiti_dv_1070MuhammadKibrit.JawahirThamina.Rafed0002347-ara1"",""openiti_dv_1070MuhammadKibrit.JawahirThamina.ShamAY0038440-ara1""]",Same OpenITI work URI; retain versions separately.
dup_openiti_work_1071IbnFaqihFussaBacliDimashqi.CaynWaAthar,openiti_work_1071IbnFaqihFussaBacliDimashqi.CaynWaAthar,2,"[""openiti_dv_1071IbnFaqihFussaBacliDimashqi.CaynWaAthar.JK000923-ara1"",""openiti_dv_1071IbnFaqihFussaBacliDimashqi.CaynWaAthar.Shamela0008518-ara1""]",Same OpenITI work URI; retain versions separately.
dup_openiti_work_1072IbnAhmadMayyaraFasi.SharhMayyara,openiti_work_1072IbnAhmadMayyaraFasi.SharhMayyara,2,"[""openiti_dv_1072IbnAhmadMayyaraFasi.SharhMayyara.JK007115-ara1"",""openiti_dv_1072IbnAhmadMayyaraFasi.SharhMayyara.Shamela0021643-ara1""]",Same OpenITI work URI; retain versions separately.
dup_openiti_work_1073YusufBadiciDimashqi.SubhMunabbi,openiti_work_1073YusufBadiciDimashqi.SubhMunabbi,2,"[""openiti_dv_1073YusufBadiciDimashqi.SubhMunabbi.JK010778-ara1"",""openiti_dv_1073YusufBadiciDimashqi.SubhMunabbi.Shamela0021498-ara1""]",Same OpenITI work URI; retain versions separately.
dup_openiti_work_1077Jurmuzi.NubdhaMushira,openiti_work_1077Jurmuzi.NubdhaMushira,2,"[""openiti_dv_1077Jurmuzi.NubdhaMushira.Zaydiyya0000093-ara1"",""openiti_dv_1077Jurmuzi.NubdhaMushira.Zaydiyya0000369-ara1""]",Same OpenITI work URI; retain versions separately.
dup_openiti_work_1078RiyadZadah.AsmaKutub,openiti_work_1078RiyadZadah.AsmaKutub,2,"[""openiti_dv_1078RiyadZadah.AsmaKutub.JK001121-ara1"",""openiti_dv_1078RiyadZadah.AsmaKutub.Shamela0010734-ara1""]",Same OpenITI work URI; retain versions separately.
dup_openiti_work_1078ShaykhiZadahDamadAfandi.MajmacAnhur,openiti_work_1078ShaykhiZadahDamadAfandi.MajmacAnhur,5,"[""openiti_dv_1078ShaykhiZadahDamadAfandi.MajmacAnhur.JK007129-ara1"",""openiti_dv_1078ShaykhiZadahDamadAfandi.MajmacAnhur.JK007130-ara1"",""openiti_dv_1078ShaykhiZadahDamadAfandi.MajmacAnhur.ShamAY0034212-ara1"",""openiti_dv_1078ShaykhiZadahDamadAfandi.MajmacAnhur.Shamela0006185-ara1"",""openiti_dv_1078ShaykhiZadahDamadAfandi.MajmacAnhur.Shamela0021644-ara1""]",Same OpenITI work URI; retain versions separately.
dup_openiti_work_1079HabalShacir.Diwan,openiti_work_1079HabalShacir.Diwan,3,"[""openiti_dv_1079HabalShacir.Diwan.JK007637-ara1"",""openiti_dv_1079HabalShacir.Diwan.ShamAY0037831-ara1"",""openiti_dv_1079HabalShacir.Diwan.Zaydiyya0000249-ara1""]",Same OpenITI work URI; retain versions separately.
dup_openiti_work_1080IbnMuhammadBayquniDimashqi.ManzumaBayquniyya,openiti_work_1080IbnMuhammadBayquniDimashqi.ManzumaBayquniyya,3,"[""openiti_dv_1080IbnMuhammadBayquniDimashqi.ManzumaBayquniyya.JK010967-ara1"",""openiti_dv_1080IbnMuhammadBayquniDimashqi.ManzumaBayquniyya.ShamAY0037317-ara1"",""openiti_dv_1080IbnMuhammadBayquniDimashqi.ManzumaBayquniyya.Shamela0008567-ara1""]",Same OpenITI work URI; retain versions separately.
dup_openiti_work_1082IbnShadqamMadani.WaqcatJamal,openiti_work_1082IbnShadqamMadani.WaqcatJamal,2,"[""openiti_dv_1082IbnShadqamMadani.WaqcatJamal.Shia001415-ara1"",""openiti_dv_1082IbnShadqamMadani.WaqcatJamal.Zaydiyya0000122-ara1""]",Same OpenITI work URI; retain versions separately.
dup_openiti_work_1083IbnBalbanDimashqi.AkhsarMukhtasarat,openiti_work_1083IbnBalbanDimashqi.AkhsarMukhtasarat,3,"[""openiti_dv_1083IbnBalbanDimashqi.AkhsarMukhtasarat.JK000202-ara1"",""openiti_dv_1083IbnBalbanDimashqi.AkhsarMukhtasarat.Sham19Y0147656-ara1"",""openiti_dv_1083IbnBalbanDimashqi.AkhsarMukhtasarat.Shamela0006084-ara1""]",Same OpenITI work URI; retain versions separately.
dup_openiti_work_1083NasirIbrahimMuayyadi.IsbahCalaMisbah,openiti_work_1083NasirIbrahimMuayyadi.IsbahCalaMisbah,2,"[""openiti_dv_1083NasirIbrahimMuayyadi.IsbahCalaMisbah.Zaydiyya0000130-ara1"",""openiti_dv_1083NasirIbrahimMuayyadi.IsbahCalaMisbah.Zaydiyya0000384-ara1""]",Same OpenITI work URI; retain versions separately.
dup_openiti_work_1087IbnMactuqShacir.Diwan,openiti_work_1087IbnMactuqShacir.Diwan,2,"[""openiti_dv_1087IbnMactuqShacir.Diwan.JK007634-ara1"",""openiti_dv_1087IbnMactuqShacir.Diwan.ShamAY0037877-ara1""]",Same OpenITI work URI; retain versions separately.
dup_openiti_work_1088IbnCaliHaskafi.DurrMukhtar,openiti_work_1088IbnCaliHaskafi.DurrMukhtar,3,"[""openiti_dv_1088IbnCaliHaskafi.DurrMukhtar.JK000176-ara1"",""openiti_dv_1088IbnCaliHaskafi.DurrMukhtar.Sham19Y0014250-ara1"",""openiti_dv_1088IbnCaliHaskafi.DurrMukhtar.Shia000979Vols-ara1""]",Same OpenITI work URI; retain versions separately.
dup_openiti_work_1089IbnCimad.Shadharat,openiti_work_1089IbnCimad.Shadharat,7,"[""openiti_dv_1089IbnCimad.Shadharat.JK001495-ara1"",""openiti_dv_1089IbnCimad.Shadharat.Sham30K0004387-ara1"",""openiti_dv_1089IbnCimad.Shadharat.Sham30K0012398-ara1"",""openiti_dv_1089IbnCimad.Shadharat.Sham30K0035008-ara1"",""openiti_dv_1089IbnCimad.Shadharat.Sham30K0046069-ara1"",""openiti_dv_1089IbnCimad.Shadharat.ShamAY0034625-ara1"",""openiti_dv_1089IbnCimad.Shadharat.Shamela0012398-ara1""]",Same OpenITI work URI; retain versions separately.
dup_openiti_work_1090NizamDinBalkhi.FatawaHindiyya,openiti_work_1090NizamDinBalkhi.FatawaHindiyya,2,"[""openiti_dv_1090NizamDinBalkhi.FatawaHindiyya.JK007073-ara1"",""openiti_dv_1090NizamDinBalkhi.FatawaHindiyya.Shamela0021640-ara1""]",Same OpenITI work URI; retain versions separately.
dup_openiti_work_1091MuhammadMuhsinFaydKashani.TafsirSafi,openiti_work_1091MuhammadMuhsinFaydKashani.TafsirSafi,2,"[""openiti_dv_1091MuhammadMuhsinFaydKashani.TafsirSafi.Shia002382Vols-ara1"",""openiti_dv_1091MuhammadMuhsinFaydKashani.TafsirSafi.Tafsir04041-ara1""]",Same OpenITI work URI; retain versions separately.
dup_openiti_work_1093CabdQadirBaghdadi.KhizanatAdab,openiti_work_1093CabdQadirBaghdadi.KhizanatAdab,4,"[""openiti_dv_1093CabdQadirBaghdadi.KhizanatAdab.JK007143-ara1"",""openiti_dv_1093CabdQadirBaghdadi.KhizanatAdab.ShamAY0033782-ara1"",""openiti_dv_1093CabdQadirBaghdadi.KhizanatAdab.Shamela0012732-ara1"",""openiti_dv_1093CabdQadirBaghdadi.KhizanatAdab.Shia004649Vols-ara1""]",Same OpenITI work URI; retain versions separately.
dup_openiti_work_1094IbnMusaKaffawi.Kulliyat,openiti_work_1094IbnMusaKaffawi.Kulliyat,2,"[""openiti_dv_1094IbnMusaKaffawi.Kulliyat.JK007081-ara1"",""openiti_dv_1094IbnMusaKaffawi.Kulliyat.Shamela0007037-ara1""]",Same OpenITI work URI; retain versions separately.
dup_openiti_work_1097CaliIbnSalahIbnCaliTabari.Kafil,openiti_work_1097CaliIbnSalahIbnCaliTabari.Kafil,2,"[""openiti_dv_1097CaliIbnSalahIbnCaliTabari.Kafil.Zaydiyya0000176-ara1"",""openiti_dv_1097CaliIbnSalahIbnCaliTabari.Kafil.Zaydiyya0000407-ara1""]",Same OpenITI work URI; retain versions separately.
dup_openiti_work_1097IbnQaid.RisalatAyyMushaddada,openiti_work_1097IbnQaid.RisalatAyyMushaddada,2,"[""openiti_dv_1097IbnQaid.RisalatAyyMushaddada.JK001185-ara1"",""openiti_dv_1097IbnQaid.RisalatAyyMushaddada.Shamela0006990-ara1""]",Same OpenITI work URI; retain versions separately.
dup_openiti_work_1098IbnMuhammadShihabDinHamawi.GhamzCuyun,openiti_work_1098IbnMuhammadShihabDinHamawi.GhamzCuyun,2,"[""openiti_dv_1098IbnMuhammadShihabDinHamawi.GhamzCuyun.JK007119-ara1"",""openiti_dv_1098IbnMuhammadShihabDinHamawi.GhamzCuyun.Shamela0021588-ara1""]",Same OpenITI work URI; retain versions separately.
dup_openiti_work_1100IbnCabdKarimAshmuniMisri.ManarHuda,openiti_work_1100IbnCabdKarimAshmuniMisri.ManarHuda,2,"[""openiti_dv_1100IbnCabdKarimAshmuniMisri.ManarHuda.Shamela0006496-ara1"",""openiti_dv_1100IbnCabdKarimAshmuniMisri.ManarHuda.Shamela0038091-ara1""]",Same OpenITI work URI; retain versions separately.
dup_openiti_work_1100IbnMuhammadAdnahwi.TabaqatMufassirin,openiti_work_1100IbnMuhammadAdnahwi.TabaqatMufassirin,2,"[""openiti_dv_1100IbnMuhammadAdnahwi.TabaqatMufassirin.JK001444-ara1"",""openiti_dv_1100IbnMuhammadAdnahwi.TabaqatMufassirin.Shamela0006729-ara1""]",Same OpenITI work URI; retain versions separately.
dup_openiti_work_1100MuhammadItlidi.IclamNas,openiti_work_1100MuhammadItlidi.IclamNas,2,"[""openiti_dv_1100MuhammadItlidi.IclamNas.JK009306-ara1"",""openiti_dv_1100MuhammadItlidi.IclamNas.Shamela0000408-ara1""]",Same OpenITI work URI; retain versions separately.
dup_openiti_work_1100MustafaTafrishi.NaqdRijal,openiti_work_1100MustafaTafrishi.NaqdRijal,2,"[""openiti_dv_1100MustafaTafrishi.NaqdRijal.Shia002948Vols-ara1"",""openiti_dv_1100MustafaTafrishi.NaqdRijal.Zaydiyya0000243-ara1""]",Same OpenITI work URI; retain versions separately.
dup_openiti_work_1101IbnCabdAllahKharshi.SharhMukhtasarSayyidiKhalil,openiti_work_1101IbnCabdAllahKharshi.SharhMukhtasarSayyidiKhalil,2,"[""openiti_dv_1101IbnCabdAllahKharshi.SharhMukhtasarSayyidiKhalil.JK005201-ara1"",""openiti_dv_1101IbnCabdAllahKharshi.SharhMukhtasarSayyidiKhalil.Shamela0000091-ara1""]",Same OpenITI work URI; retain versions separately.
dup_openiti_work_1102NurDinYusi.MuhadaratFiLugha,openiti_work_1102NurDinYusi.MuhadaratFiLugha,2,"[""openiti_dv_1102NurDinYusi.MuhadaratFiLugha.JK010473-ara1"",""openiti_dv_1102NurDinYusi.MuhadaratFiLugha.Shamela0000473-ara1""]",Same OpenITI work URI; retain versions separately.
dup_openiti_work_1102NurDinYusi.ZahrAkam,openiti_work_1102NurDinYusi.ZahrAkam,2,"[""openiti_dv_1102NurDinYusi.ZahrAkam.JK010766-ara1"",""openiti_dv_1102NurDinYusi.ZahrAkam.Shamela0007414-ara1""]",Same OpenITI work URI; retain versions separately.
dup_openiti_work_1104IbnHasanHurrCamili.AmalAmil,openiti_work_1104IbnHasanHurrCamili.AmalAmil,2,"[""openiti_dv_1104IbnHasanHurrCamili.AmalAmil.Shia002955Vols-ara1"",""openiti_dv_1104IbnHasanHurrCamili.AmalAmil.Zaydiyya0000178-ara1""]",Same OpenITI work URI; retain versions separately.
dup_openiti_work_1104IbnHasanHurrCamili.WasailShica,openiti_work_1104IbnHasanHurrCamili.WasailShica,3,"[""openiti_dv_1104IbnHasanHurrCamili.WasailShica.Shia001187Vols-ara1"",""openiti_dv_1104IbnHasanHurrCamili.WasailShica.Shia001217Vols-ara1"",""openiti_dv_1104IbnHasanHurrCamili.WasailShica.Zaydiyya0000248-ara1""]",Same OpenITI work URI; retain versions separately.
dup_openiti_work_1111CabdMalikCasimi.SamtNujum,openiti_work_1111CabdMalikCasimi.SamtNujum,2,"[""openiti_dv_1111CabdMalikCasimi.SamtNujum.JK003503-ara1"",""openiti_dv_1111CabdMalikCasimi.SamtNujum.Shamela0006617-ara1""]",Same OpenITI work URI; retain versions separately.
dup_openiti_work_1111Majlisi.BiharAnwar,openiti_work_1111Majlisi.BiharAnwar,2,"[""openiti_dv_1111Majlisi.BiharAnwar.Shia001432Vols-ara1"",""openiti_dv_1111Majlisi.BiharAnwar.Zaydiyya0000202-ara1""]",Same OpenITI work URI; retain versions separately.
dup_openiti_work_1111Majlisi.IjazatHadith,openiti_work_1111Majlisi.IjazatHadith,2,"[""openiti_dv_1111Majlisi.IjazatHadith.Shia002957-ara1"",""openiti_dv_1111Majlisi.IjazatHadith.Zaydiyya0000113-ara1""]",Same OpenITI work URI; retain versions separately.
dup_openiti_work_1111MuhammadAminMuhibbi.DhaylNafahatRayhana,openiti_work_1111MuhammadAminMuhibbi.DhaylNafahatRayhana,2,"[""openiti_dv_1111MuhammadAminMuhibbi.DhaylNafahatRayhana.JK009360-ara1"",""openiti_dv_1111MuhammadAminMuhibbi.DhaylNafahatRayhana.ShamAY0034600-ara1""]",Same OpenITI work URI; retain versions separately.
dup_openiti_work_1111MuhammadAminMuhibbi.KhulasatAthar,openiti_work_1111MuhammadAminMuhibbi.KhulasatAthar,2,"[""openiti_dv_1111MuhammadAminMuhibbi.KhulasatAthar.JK003502-ara1"",""openiti_dv_1111MuhammadAminMuhibbi.KhulasatAthar.Shamela0006678-ara1""]",Same OpenITI work URI; retain versions separately.
dup_openiti_work_1111MuhammadAminMuhibbi.NafahatRayhana,openiti_work_1111MuhammadAminMuhibbi.NafahatRayhana,2,"[""openiti_dv_1111MuhammadAminMuhibbi.NafahatRayhana.JK009296-ara1"",""openiti_dv_1111MuhammadAminMuhibbi.NafahatRayhana.Shamela0000579-ara1""]",Same OpenITI work URI; retain versions separately.
dup_openiti_work_1117IbnMuhammadSharafDinDimyatti.IthafFudalaBashar,openiti_work_1117IbnMuhammadSharafDinDimyatti.IthafFudalaBashar,2,"[""openiti_dv_1117IbnMuhammadSharafDinDimyatti.IthafFudalaBashar.JK001080-ara1"",""openiti_dv_1117IbnMuhammadSharafDinDimyatti.IthafFudalaBashar.Shamela0010010-ara1""]",Same OpenITI work URI; retain versions separately.
dup_openiti_work_1118CabdHamidShirwani.HashiyaCalaTuhfatMuhtaj,openiti_work_1118CabdHamidShirwani.HashiyaCalaTuhfatMuhtaj,3,"[""openiti_dv_1118CabdHamidShirwani.HashiyaCalaTuhfatMuhtaj.JK000196-ara1"",""openiti_dv_1118CabdHamidShirwani.HashiyaCalaTuhfatMuhtaj.Shamela0009059BK2-ara1"",""openiti_dv_1118CabdHamidShirwani.HashiyaCalaTuhfatMuhtaj.Shia000881Vols-ara1""]",Same OpenITI work URI; retain versions separately.
dup_openiti_work_1118IbnMuhammadNuriSafaqsi.TanbihGhafilin,openiti_work_1118IbnMuhammadNuriSafaqsi.TanbihGhafilin,2,"[""openiti_dv_1118IbnMuhammadNuriSafaqsi.TanbihGhafilin.JK010654-ara1"",""openiti_dv_1118IbnMuhammadNuriSafaqsi.TanbihGhafilin.Shamela0010929-ara1""]",Same OpenITI work URI; retain versions separately.
dup_openiti_work_1119IbnMacsum.Diwan,openiti_work_1119IbnMacsum.Diwan,2,"[""openiti_dv_1119IbnMacsum.Diwan.JK007635-ara1"",""openiti_dv_1119IbnMacsum.Diwan.ShamAY0037878-ara1""]",Same OpenITI work URI; retain versions separately.
dup_openiti_work_1119IbnMacsum.SulafaCasr,openiti_work_1119IbnMacsum.SulafaCasr,3,"[""openiti_dv_1119IbnMacsum.SulafaCasr.JK010298-ara1"",""openiti_dv_1119IbnMacsum.SulafaCasr.ShamAY0034642-ara1"",""openiti_dv_1119IbnMacsum.SulafaCasr.Shamela0000298-ara1""]",Same OpenITI work URI; retain versions separately.
dup_openiti_work_1120IbnMuhammadBurhanDinDimashqi.BayanWaTacrif,openiti_work_1120IbnMuhammadBurhanDinDimashqi.BayanWaTacrif,2,"[""openiti_dv_1120IbnMuhammadBurhanDinDimashqi.BayanWaTacrif.JK000216-ara1"",""openiti_dv_1120IbnMuhammadBurhanDinDimashqi.BayanWaTacrif.Shamela0006000-ara1""]",Same OpenITI work URI; retain versions separately.
dup_openiti_work_1122MuhammadZurqani.SharhCalaMuwatta,openiti_work_1122MuhammadZurqani.SharhCalaMuwatta,3,"[""openiti_dv_1122MuhammadZurqani.SharhCalaMuwatta.JK000754-ara1"",""openiti_dv_1122MuhammadZurqani.SharhCalaMuwatta.JK000792-ara1"",""openiti_dv_1122MuhammadZurqani.SharhCalaMuwatta.Shamela0000551-ara1""]",Same OpenITI work URI; retain versions separately.
dup_openiti_work_1125IbnGhanimAzhariNafrawi.FawakihDawani,openiti_work_1125IbnGhanimAzhariNafrawi.FawakihDawani,3,"[""openiti_dv_1125IbnGhanimAzhariNafrawi.FawakihDawani.JK000238-ara1"",""openiti_dv_1125IbnGhanimAzhariNafrawi.FawakihDawani.ShamAY0034228-ara1"",""openiti_dv_1125IbnGhanimAzhariNafrawi.FawakihDawani.Shamela0021589-ara1""]",Same OpenITI work URI; retain versions separately.
dup_openiti_work_1127IsmacilHaqqiBurusawi.RuhBayan,openiti_work_1127IsmacilHaqqiBurusawi.RuhBayan,3,"[""openiti_dv_1127IsmacilHaqqiBurusawi.RuhBayan.ShamAY0034059-ara1"",""openiti_dv_1127IsmacilHaqqiBurusawi.RuhBayan.Shamela0023612-ara1"",""openiti_dv_1127IsmacilHaqqiBurusawi.RuhBayan.Tafsir03036-ara1""]",Same OpenITI work URI; retain versions separately.
dup_openiti_work_1137FadilHindi.KashfLitham,openiti_work_1137FadilHindi.KashfLitham,2,"[""openiti_dv_1137FadilHindi.KashfLitham.Shia000220Vols-ara1"",""openiti_dv_1137FadilHindi.KashfLitham.Shia000231Vols-ara1""]",Same OpenITI work URI; retain versions separately.
dup_openiti_work_1138IbnCabdHadiNurDinSindi.HashiyaCalaNasai,openiti_work_1138IbnCabdHadiNurDinSindi.HashiyaCalaNasai,3,"[""openiti_dv_1138IbnCabdHadiNurDinSindi.HashiyaCalaNasai.JK000554-ara1"",""openiti_dv_1138IbnCabdHadiNurDinSindi.HashiyaCalaNasai.Shamela0000522-ara1"",""openiti_dv_1138IbnCabdHadiNurDinSindi.HashiyaCalaNasai.Shia001845Vols-ara1""]",Same OpenITI work URI; retain versions separately.
dup_openiti_work_1138IbnHusaynQadiriTawari.TakmilatBahrRaiq,openiti_work_1138IbnHusaynQadiriTawari.TakmilatBahrRaiq,4,"[""openiti_dv_1138IbnHusaynQadiriTawari.TakmilatBahrRaiq.JK000189BK2-ara1"",""openiti_dv_1138IbnHusaynQadiriTawari.TakmilatBahrRaiq.ShamAY0034204BK2-ara1"",""openiti_dv_1138IbnHusaynQadiriTawari.TakmilatBahrRaiq.Shamela0012227BK3-ara1"",""openiti_dv_1138IbnHusaynQadiriTawari.TakmilatBahrRaiq.Shia000987Vols-ara1""]",Same OpenITI work URI; retain versions separately.
dup_openiti_work_1143CabdGhaniNabulusi.Diwan,openiti_work_1143CabdGhaniNabulusi.Diwan,2,"[""openiti_dv_1143CabdGhaniNabulusi.Diwan.JK007641-ara1"",""openiti_dv_1143CabdGhaniNabulusi.Diwan.ShamAY0037955-ara1""]",Same OpenITI work URI; retain versions separately.
dup_openiti_work_1143CabdGhaniNabulusi.TactirAnam,openiti_work_1143CabdGhaniNabulusi.TactirAnam,3,"[""openiti_dv_1143CabdGhaniNabulusi.TactirAnam.JK006852-ara1"",""openiti_dv_1143CabdGhaniNabulusi.TactirAnam.Shamela0001217-ara1"",""openiti_dv_1143CabdGhaniNabulusi.TactirAnam.Shia004642Vols-ara1""]",Same OpenITI work URI; retain versions separately.
dup_openiti_work_1143IbnCabdKarimGhazziCamiri.JiddHathith,openiti_work_1143IbnCabdKarimGhazziCamiri.JiddHathith,3,"[""openiti_dv_1143IbnCabdKarimGhazziCamiri.JiddHathith.JK005002-ara1"",""openiti_dv_1143IbnCabdKarimGhazziCamiri.JiddHathith.ShamAY0034147-ara1"",""openiti_dv_1143IbnCabdKarimGhazziCamiri.JiddHathith.Shamela0006077-ara1""]",Same OpenITI work URI; retain versions separately.
dup_openiti_work_1147CabdAllahSancani.TarikhYaman,openiti_work_1147CabdAllahSancani.TarikhYaman,2,"[""openiti_dv_1147CabdAllahSancani.TarikhYaman.JK001483-ara1"",""openiti_dv_1147CabdAllahSancani.TarikhYaman.Shamela0006640-ara1""]",Same OpenITI work URI; retain versions separately.
dup_openiti_work_1153IbnKannan.YawmiyyatShamiyya,openiti_work_1153IbnKannan.YawmiyyatShamiyya,2,"[""openiti_dv_1153IbnKannan.YawmiyyatShamiyya.JK010397-ara1"",""openiti_dv_1153IbnKannan.YawmiyyatShamiyya.Shamela0000397-ara1""]",Same OpenITI work URI; retain versions separately.
dup_openiti_work_1156IbnMuhammadAbuSacidKhadimi.BariqaMahmudiyya,openiti_work_1156IbnMuhammadAbuSacidKhadimi.BariqaMahmudiyya,2,"[""openiti_dv_1156IbnMuhammadAbuSacidKhadimi.BariqaMahmudiyya.JK011730-ara1"",""openiti_dv_1156IbnMuhammadAbuSacidKhadimi.BariqaMahmudiyya.Shamela0021654-ara1""]",Same OpenITI work URI; retain versions separately.
dup_openiti_work_1156MustafaIzmiri.TahrirNashr,openiti_work_1156MustafaIzmiri.TahrirNashr,2,"[""openiti_dv_1156MustafaIzmiri.TahrirNashr.ShamAY0031692-ara1"",""openiti_dv_1156MustafaIzmiri.TahrirNashr.ShamAY0036800-ara1""]",Same OpenITI work URI; retain versions separately.
dup_openiti_work_1162IbnMuammadAbuFidaCajluni.KashfKhafa,openiti_work_1162IbnMuammadAbuFidaCajluni.KashfKhafa,4,"[""openiti_dv_1162IbnMuammadAbuFidaCajluni.KashfKhafa.JK000583-ara1"",""openiti_dv_1162IbnMuammadAbuFidaCajluni.KashfKhafa.Shamela0000856-ara1"",""openiti_dv_1162IbnMuammadAbuFidaCajluni.KashfKhafa.Shamela0009576-ara1"",""openiti_dv_1162IbnMuammadAbuFidaCajluni.KashfKhafa.Shia002294Vols-ara1""]",Same OpenITI work URI; retain versions separately.
dup_openiti_work_1163MuhammadHayatSindi.FathGhufur,openiti_work_1163MuhammadHayatSindi.FathGhufur,3,"[""openiti_dv_1163MuhammadHayatSindi.FathGhufur.JK010138-ara1"",""openiti_dv_1163MuhammadHayatSindi.FathGhufur.ShamAY0036027-ara1"",""openiti_dv_1163MuhammadHayatSindi.FathGhufur.Shamela0001596-ara1""]",Same OpenITI work URI; retain versions separately.
dup_openiti_work_1167IbnCabdRahmanGhazzi.DiwanIslam,openiti_work_1167IbnCabdRahmanGhazzi.DiwanIslam,2,"[""openiti_dv_1167IbnCabdRahmanGhazzi.DiwanIslam.JK010378-ara1"",""openiti_dv_1167IbnCabdRahmanGhazzi.DiwanIslam.Shamela0001488-ara1""]",Same OpenITI work URI; retain versions separately.
dup_openiti_work_1167IbnHamidMashtuli.SalwatAhzan,openiti_work_1167IbnHamidMashtuli.SalwatAhzan,2,"[""openiti_dv_1167IbnHamidMashtuli.SalwatAhzan.JK010655-ara1"",""openiti_dv_1167IbnHamidMashtuli.SalwatAhzan.Shamela0000655-ara1""]",Same OpenITI work URI; retain versions separately.
dup_openiti_work_1172IbnKhalifaMasakini.Fahrasa,openiti_work_1172IbnKhalifaMasakini.Fahrasa,2,"[""openiti_dv_1172IbnKhalifaMasakini.Fahrasa.JK001086-ara1"",""openiti_dv_1172IbnKhalifaMasakini.Fahrasa.Shamela0010732-ara1""]",Same OpenITI work URI; retain versions separately.
dup_openiti_work_1173IbnCaliMusawiTustari.TadhyilSulafatCasr,openiti_work_1173IbnCaliMusawiTustari.TadhyilSulafatCasr,2,"[""openiti_dv_1173IbnCaliMusawiTustari.TadhyilSulafatCasr.Shamela0009085-ara1"",""openiti_dv_1173IbnCaliMusawiTustari.TadhyilSulafatCasr.Shia004660-ara1""]",Same OpenITI work URI; retain versions separately.
dup_openiti_work_1175AhmadBudayri.HawadithDimashq,openiti_work_1175AhmadBudayri.HawadithDimashq,2,"[""openiti_dv_1175AhmadBudayri.HawadithDimashq.JK010404-ara1"",""openiti_dv_1175AhmadBudayri.HawadithDimashq.Shamela0000404-ara1""]",Same OpenITI work URI; retain versions separately.
dup_openiti_work_1176ShahWaliAllahDihlawi.CiqdJayyid,openiti_work_1176ShahWaliAllahDihlawi.CiqdJayyid,2,"[""openiti_dv_1176ShahWaliAllahDihlawi.CiqdJayyid.JK000288-ara1"",""openiti_dv_1176ShahWaliAllahDihlawi.CiqdJayyid.Shamela0006357-ara1""]",Same OpenITI work URI; retain versions separately.
dup_openiti_work_1176ShahWaliAllahDihlawi.HujjatAllahBaligha,openiti_work_1176ShahWaliAllahDihlawi.HujjatAllahBaligha,3,"[""openiti_dv_1176ShahWaliAllahDihlawi.HujjatAllahBaligha.JK007104-ara1"",""openiti_dv_1176ShahWaliAllahDihlawi.HujjatAllahBaligha.ShamAY0034274-ara1"",""openiti_dv_1176ShahWaliAllahDihlawi.HujjatAllahBaligha.Shamela0000773-ara1""]",Same OpenITI work URI; retain versions separately.
dup_openiti_work_1176ShahWaliAllahDihlawi.InsafFiBayan,openiti_work_1176ShahWaliAllahDihlawi.InsafFiBayan,2,"[""openiti_dv_1176ShahWaliAllahDihlawi.InsafFiBayan.JK000295-ara1"",""openiti_dv_1176ShahWaliAllahDihlawi.InsafFiBayan.Shamela0000422-ara1""]",Same OpenITI work URI; retain versions separately.
dup_openiti_work_1182IbnIsmacilSancani.IftiraqUmma,openiti_work_1182IbnIsmacilSancani.IftiraqUmma,3,"[""openiti_dv_1182IbnIsmacilSancani.IftiraqUmma.JK000357-ara1"",""openiti_dv_1182IbnIsmacilSancani.IftiraqUmma.Shamela0006456-ara1"",""openiti_dv_1182IbnIsmacilSancani.IftiraqUmma.Shia002297-ara1""]",Same OpenITI work URI; retain versions separately.
dup_openiti_work_1182IbnIsmacilSancani.InsafFiHaqiqatAwliya,openiti_work_1182IbnIsmacilSancani.InsafFiHaqiqatAwliya,2,"[""openiti_dv_1182IbnIsmacilSancani.InsafFiHaqiqatAwliya.JK001032-ara1"",""openiti_dv_1182IbnIsmacilSancani.InsafFiHaqiqatAwliya.Shamela0007556-ara1""]",Same OpenITI work URI; retain versions separately.
dup_openiti_work_1182IbnIsmacilSancani.IrshadNuqqad,openiti_work_1182IbnIsmacilSancani.IrshadNuqqad,2,"[""openiti_dv_1182IbnIsmacilSancani.IrshadNuqqad.JK000296-ara1"",""openiti_dv_1182IbnIsmacilSancani.IrshadNuqqad.Shamela0006348-ara1""]",Same OpenITI work URI; retain versions separately.
dup_openiti_work_1182IbnIsmacilSancani.RafcAstar,openiti_work_1182IbnIsmacilSancani.RafcAstar,3,"[""openiti_dv_1182IbnIsmacilSancani.RafcAstar.JK000327-ara1"",""openiti_dv_1182IbnIsmacilSancani.RafcAstar.Shamela0001756-ara1"",""openiti_dv_1182IbnIsmacilSancani.RafcAstar.Shia002296-ara1""]",Same OpenITI work URI; retain versions separately.
dup_openiti_work_1182IbnIsmacilSancani.SubulSalam,openiti_work_1182IbnIsmacilSancani.SubulSalam,4,"[""openiti_dv_1182IbnIsmacilSancani.SubulSalam.JK000123-ara1"",""openiti_dv_1182IbnIsmacilSancani.SubulSalam.ShamAY0034278-ara1"",""openiti_dv_1182IbnIsmacilSancani.SubulSalam.Shamela0021590-ara1"",""openiti_dv_1182IbnIsmacilSancani.SubulSalam.Shia001055Vols-ara1""]",Same OpenITI work URI; retain versions separately.
dup_openiti_work_1182IbnIsmacilSancani.TathirIctiqad,openiti_work_1182IbnIsmacilSancani.TathirIctiqad,2,"[""openiti_dv_1182IbnIsmacilSancani.TathirIctiqad.JK011796-ara1"",""openiti_dv_1182IbnIsmacilSancani.TathirIctiqad.Shamela0011098-ara1""]",Same OpenITI work URI; retain versions separately.
dup_openiti_work_1182IbnIsmacilSancani.TawdihAfkar,openiti_work_1182IbnIsmacilSancani.TawdihAfkar,3,"[""openiti_dv_1182IbnIsmacilSancani.TawdihAfkar.JK000995-ara1"",""openiti_dv_1182IbnIsmacilSancani.TawdihAfkar.ShamAY0034039-ara1"",""openiti_dv_1182IbnIsmacilSancani.TawdihAfkar.Shamela0011990-ara1""]",Same OpenITI work URI; retain versions separately.
dup_openiti_work_1182IbnIsmacilSancani.ThamaratNazar,openiti_work_1182IbnIsmacilSancani.ThamaratNazar,2,"[""openiti_dv_1182IbnIsmacilSancani.ThamaratNazar.JK000988-ara1"",""openiti_dv_1182IbnIsmacilSancani.ThamaratNazar.Shamela0005983-ara1""]",Same OpenITI work URI; retain versions separately.
dup_openiti_work_1182IbnIsmacilSancani.UsulFiqh,openiti_work_1182IbnIsmacilSancani.UsulFiqh,3,"[""openiti_dv_1182IbnIsmacilSancani.UsulFiqh.JK000169-ara1"",""openiti_dv_1182IbnIsmacilSancani.UsulFiqh.Shamela0006315-ara1"",""openiti_dv_1182IbnIsmacilSancani.UsulFiqh.Zaydiyya0000127-ara1""]",Same OpenITI work URI; retain versions separately.
dup_openiti_work_1184CisamDinCumari.RawdNadir,openiti_work_1184CisamDinCumari.RawdNadir,2,"[""openiti_dv_1184CisamDinCumari.RawdNadir.Sham19Y0013226-ara1"",""openiti_dv_1184CisamDinCumari.RawdNadir.ShamAY0035857-ara1""]",Same OpenITI work URI; retain versions separately.
dup_openiti_work_1186YusufBahraniMuhaqqiq.HadaiqNadira,openiti_work_1186YusufBahraniMuhaqqiq.HadaiqNadira,2,"[""openiti_dv_1186YusufBahraniMuhaqqiq.HadaiqNadira.Rafed0002698-ara1"",""openiti_dv_1186YusufBahraniMuhaqqiq.HadaiqNadira.Shia000234Vols-ara1""]",Same OpenITI work URI; retain versions separately.
dup_openiti_work_1188ShamsDinSaffarini.DurraMudiyya,openiti_work_1188ShamsDinSaffarini.DurraMudiyya,2,"[""openiti_dv_1188ShamsDinSaffarini.DurraMudiyya.JK001229-ara1"",""openiti_dv_1188ShamsDinSaffarini.DurraMudiyya.Shamela0006382-ara1""]",Same OpenITI work URI; retain versions separately.
dup_openiti_work_1188ShamsDinSaffarini.GhidhaAlbab,openiti_work_1188ShamsDinSaffarini.GhidhaAlbab,3,"[""openiti_dv_1188ShamsDinSaffarini.GhidhaAlbab.JK009245-ara1"",""openiti_dv_1188ShamsDinSaffarini.GhidhaAlbab.ShamAY0033742-ara1"",""openiti_dv_1188ShamsDinSaffarini.GhidhaAlbab.Shamela0025791-ara1""]",Same OpenITI work URI; retain versions separately.
dup_openiti_work_1189CaliCadawi.HashiyatCadawi,openiti_work_1189CaliCadawi.HashiyatCadawi,2,"[""openiti_dv_1189CaliCadawi.HashiyatCadawi.JK000198-ara1"",""openiti_dv_1189CaliCadawi.HashiyatCadawi.Shamela0021597-ara1""]",Same OpenITI work URI; retain versions separately.
dup_openiti_work_1191Kawkabani.IthafKhassa,openiti_work_1191Kawkabani.IthafKhassa,3,"[""openiti_dv_1191Kawkabani.IthafKhassa.JK006672BK2-ara1"",""openiti_dv_1191Kawkabani.IthafKhassa.Shamela0005858BK2-ara1"",""openiti_dv_1191Kawkabani.IthafKhassa.Shia002282BK2-ara1""]",Same OpenITI work URI; retain versions separately.
dup_openiti_work_1192IbnCabdAllahBacliHanbali.BidayatCabid,openiti_work_1192IbnCabdAllahBacliHanbali.BidayatCabid,2,"[""openiti_dv_1192IbnCabdAllahBacliHanbali.BidayatCabid.Sham19Y0147661-ara1"",""openiti_dv_1192IbnCabdAllahBacliHanbali.BidayatCabid.Shamela0029796-ara1""]",Same OpenITI work URI; retain versions separately.
dup_openiti_work_1192IbnCabdAllahBacliHanbali.KashfMukhaddarat,openiti_work_1192IbnCabdAllahBacliHanbali.KashfMukhaddarat,3,"[""openiti_dv_1192IbnCabdAllahBacliHanbali.KashfMukhaddarat.JK007127-ara1"",""openiti_dv_1192IbnCabdAllahBacliHanbali.KashfMukhaddarat.ShamAY0034269-ara1"",""openiti_dv_1192IbnCabdAllahBacliHanbali.KashfMukhaddarat.Shamela0006115-ara1""]",Same OpenITI work URI; retain versions separately.
dup_openiti_work_1195CabdRahmanAnsari.Tuhfa,openiti_work_1195CabdRahmanAnsari.Tuhfa,2,"[""openiti_dv_1195CabdRahmanAnsari.Tuhfa.JK010276-ara1"",""openiti_dv_1195CabdRahmanAnsari.Tuhfa.Shamela0030744-ara1""]",Same OpenITI work URI; retain versions separately.
dup_openiti_work_1200CabdNabiAhmadNagari.DusturCulama,openiti_work_1200CabdNabiAhmadNagari.DusturCulama,2,"[""openiti_dv_1200CabdNabiAhmadNagari.DusturCulama.JK009149-ara1"",""openiti_dv_1200CabdNabiAhmadNagari.DusturCulama.Shamela0007038-ara1""]",Same OpenITI work URI; retain versions separately.
dup_openiti_work_1200IbnAhmadSafiDinBukhari.TaqrizLiIbnHajarCasqalani,openiti_work_1200IbnAhmadSafiDinBukhari.TaqrizLiIbnHajarCasqalani,2,"[""openiti_dv_1200IbnAhmadSafiDinBukhari.TaqrizLiIbnHajarCasqalani.JK001260-ara1"",""openiti_dv_1200IbnAhmadSafiDinBukhari.TaqrizLiIbnHajarCasqalani.Shamela0006662-ara1""]",Same OpenITI work URI; retain versions separately.
dup_openiti_work_1201AhmadDardirAbuBarakat.SharhKabir,openiti_work_1201AhmadDardirAbuBarakat.SharhKabir,2,"[""openiti_dv_1201AhmadDardirAbuBarakat.SharhKabir.JK000193-ara1"",""openiti_dv_1201AhmadDardirAbuBarakat.SharhKabir.Shia000918Vols-ara1""]",Same OpenITI work URI; retain versions separately.
dup_openiti_work_1204SulaymanJamal.Hashiya,openiti_work_1204SulaymanJamal.Hashiya,2,"[""openiti_dv_1204SulaymanJamal.Hashiya.JK007041-ara1"",""openiti_dv_1204SulaymanJamal.Hashiya.Shamela0021598-ara1""]",Same OpenITI work URI; retain versions separately.
dup_openiti_work_1205MurtadaZabidi.BulghatArib,openiti_work_1205MurtadaZabidi.BulghatArib,2,"[""openiti_dv_1205MurtadaZabidi.BulghatArib.JK000994-ara1"",""openiti_dv_1205MurtadaZabidi.BulghatArib.Shamela0005980-ara1""]",Same OpenITI work URI; retain versions separately.
dup_openiti_work_1205MurtadaZabidi.IdahMadarik,openiti_work_1205MurtadaZabidi.IdahMadarik,2,"[""openiti_dv_1205MurtadaZabidi.IdahMadarik.Sham19Y0013995-ara1"",""openiti_dv_1205MurtadaZabidi.IdahMadarik.ShamAY0036056-ara1""]",Same OpenITI work URI; retain versions separately.
dup_openiti_work_1205MurtadaZabidi.TajCarus,openiti_work_1205MurtadaZabidi.TajCarus,4,"[""openiti_dv_1205MurtadaZabidi.TajCarus.JK007140-ara1"",""openiti_dv_1205MurtadaZabidi.TajCarus.ShamAY0034693-ara1"",""openiti_dv_1205MurtadaZabidi.TajCarus.Shamela0007030-ara1"",""openiti_dv_1205MurtadaZabidi.TajCarus.Shia003965Vols-ara1""]",Same OpenITI work URI; retain versions separately.
dup_openiti_work_1206IbnCabdWahhab.AdabMashyIlaSalat,openiti_work_1206IbnCabdWahhab.AdabMashyIlaSalat,3,"[""openiti_dv_1206IbnCabdWahhab.AdabMashyIlaSalat.JK006883-ara1"",""openiti_dv_1206IbnCabdWahhab.AdabMashyIlaSalat.Shamela0007495-ara1"",""openiti_dv_1206IbnCabdWahhab.AdabMashyIlaSalat.Shamela0031246-ara1""]",Same OpenITI work URI; retain versions separately.
dup_openiti_work_1206IbnCabdWahhab.AhadithFiFitan,openiti_work_1206IbnCabdWahhab.AhadithFiFitan,3,"[""openiti_dv_1206IbnCabdWahhab.AhadithFiFitan.JK006898-ara1"",""openiti_dv_1206IbnCabdWahhab.AhadithFiFitan.Shamela0007485-ara1"",""openiti_dv_1206IbnCabdWahhab.AhadithFiFitan.Shamela0007486-ara1""]",Same OpenITI work URI; retain versions separately.
dup_openiti_work_1206IbnCabdWahhab.AhkamTamanniMawt,openiti_work_1206IbnCabdWahhab.AhkamTamanniMawt,2,"[""openiti_dv_1206IbnCabdWahhab.AhkamTamanniMawt.JK006884-ara1"",""openiti_dv_1206IbnCabdWahhab.AhkamTamanniMawt.Shamela0007489-ara1""]",Same OpenITI work URI; retain versions separately.
dup_openiti_work_1206IbnCabdWahhab.ArbacQawacidTaduruAhkamCalayha,openiti_work_1206IbnCabdWahhab.ArbacQawacidTaduruAhkamCalayha,2,"[""openiti_dv_1206IbnCabdWahhab.ArbacQawacidTaduruAhkamCalayha.JK006879-ara1"",""openiti_dv_1206IbnCabdWahhab.ArbacQawacidTaduruAhkamCalayha.Shamela0007499-ara1""]",Same OpenITI work URI; retain versions separately.
dup_openiti_work_1206IbnCabdWahhab.BacdFawaidSulhHudaybiyya,openiti_work_1206IbnCabdWahhab.BacdFawaidSulhHudaybiyya,2,"[""openiti_dv_1206IbnCabdWahhab.BacdFawaidSulhHudaybiyya.JK006894-ara1"",""openiti_dv_1206IbnCabdWahhab.BacdFawaidSulhHudaybiyya.Shamela0011070-ara1""]",Same OpenITI work URI; retain versions separately.
dup_openiti_work_1206IbnCabdWahhab.CaqidatFirqaNajiya,openiti_work_1206IbnCabdWahhab.CaqidatFirqaNajiya,2,"[""openiti_dv_1206IbnCabdWahhab.CaqidatFirqaNajiya.JK000353-ara1"",""openiti_dv_1206IbnCabdWahhab.CaqidatFirqaNajiya.ShamAY0033869-ara1""]",Same OpenITI work URI; retain versions separately.
dup_openiti_work_1206IbnCabdWahhab.FadailQuran,openiti_work_1206IbnCabdWahhab.FadailQuran,2,"[""openiti_dv_1206IbnCabdWahhab.FadailQuran.JK006888-ara1"",""openiti_dv_1206IbnCabdWahhab.FadailQuran.Shamela0011328-ara1""]",Same OpenITI work URI; retain versions separately.
dup_openiti_work_1206IbnCabdWahhab.FadlIslam,openiti_work_1206IbnCabdWahhab.FadlIslam,2,"[""openiti_dv_1206IbnCabdWahhab.FadlIslam.JK006874-ara1"",""openiti_dv_1206IbnCabdWahhab.FadlIslam.Shamela0011221-ara1""]",Same OpenITI work URI; retain versions separately.
dup_openiti_work_1206IbnCabdWahhab.Fatawa,openiti_work_1206IbnCabdWahhab.Fatawa,2,"[""openiti_dv_1206IbnCabdWahhab.Fatawa.JK006887-ara1"",""openiti_dv_1206IbnCabdWahhab.Fatawa.Shamela0011324-ara1""]",Same OpenITI work URI; retain versions separately.
dup_openiti_work_1206IbnCabdWahhab.Hadith,openiti_work_1206IbnCabdWahhab.Hadith,2,"[""openiti_dv_1206IbnCabdWahhab.Hadith.JK006897-ara1"",""openiti_dv_1206IbnCabdWahhab.Hadith.Shamela0012061-ara1""]",Same OpenITI work URI; retain versions separately.
dup_openiti_work_1206IbnCabdWahhab.Kabair,openiti_work_1206IbnCabdWahhab.Kabair,3,"[""openiti_dv_1206IbnCabdWahhab.Kabair.JK006877-ara1"",""openiti_dv_1206IbnCabdWahhab.Kabair.Shamela0001467-ara1"",""openiti_dv_1206IbnCabdWahhab.Kabair.Shamela0008531-ara1""]",Same OpenITI work URI; retain versions separately.
dup_openiti_work_1206IbnCabdWahhab.KashfShubuhat,openiti_work_1206IbnCabdWahhab.KashfShubuhat,2,"[""openiti_dv_1206IbnCabdWahhab.KashfShubuhat.JK006871-ara1"",""openiti_dv_1206IbnCabdWahhab.KashfShubuhat.Shamela0030850-ara1""]",Same OpenITI work URI; retain versions separately.
dup_openiti_work_1206IbnCabdWahhab.KhutabMinbariyya,openiti_work_1206IbnCabdWahhab.KhutabMinbariyya,2,"[""openiti_dv_1206IbnCabdWahhab.KhutabMinbariyya.JK006896-ara1"",""openiti_dv_1206IbnCabdWahhab.KhutabMinbariyya.Shamela0007612-ara1""]",Same OpenITI work URI; retain versions separately.
dup_openiti_work_1206IbnCabdWahhab.KitabTahara,openiti_work_1206IbnCabdWahhab.KitabTahara,2,"[""openiti_dv_1206IbnCabdWahhab.KitabTahara.JK006881-ara1"",""openiti_dv_1206IbnCabdWahhab.KitabTahara.Shamela0008383-ara1""]",Same OpenITI work URI; retain versions separately.
dup_openiti_work_1206IbnCabdWahhab.MabhathIjtihadWaKhilaf,openiti_work_1206IbnCabdWahhab.MabhathIjtihadWaKhilaf,2,"[""openiti_dv_1206IbnCabdWahhab.MabhathIjtihadWaKhilaf.JK006880-ara1"",""openiti_dv_1206IbnCabdWahhab.MabhathIjtihadWaKhilaf.Shamela0011369-ara1""]",Same OpenITI work URI; retain versions separately.
dup_openiti_work_1206IbnCabdWahhab.MacnaLaIlahaIllaLlah,openiti_work_1206IbnCabdWahhab.MacnaLaIlahaIllaLlah,2,"[""openiti_dv_1206IbnCabdWahhab.MacnaLaIlahaIllaLlah.JK011797-ara1"",""openiti_dv_1206IbnCabdWahhab.MacnaLaIlahaIllaLlah.Shamela0030882-ara1""]",Same OpenITI work URI; retain versions separately.
dup_openiti_work_1206IbnCabdWahhab.MajmucatRasailFiTawhid,openiti_work_1206IbnCabdWahhab.MajmucatRasailFiTawhid,2,"[""openiti_dv_1206IbnCabdWahhab.MajmucatRasailFiTawhid.JK006876-ara1"",""openiti_dv_1206IbnCabdWahhab.MajmucatRasailFiTawhid.Shamela0011381-ara1""]",Same OpenITI work URI; retain versions separately.
dup_openiti_work_1206IbnCabdWahhab.MasailJahiliyya,openiti_work_1206IbnCabdWahhab.MasailJahiliyya,3,"[""openiti_dv_1206IbnCabdWahhab.MasailJahiliyya.JK000805-ara1"",""openiti_dv_1206IbnCabdWahhab.MasailJahiliyya.ShamAY0033889-ara1"",""openiti_dv_1206IbnCabdWahhab.MasailJahiliyya.Shamela0008137-ara1""]",Same OpenITI work URI; retain versions separately.
dup_openiti_work_1206IbnCabdWahhab.MasailLakhkhasahaIbnCabdWahhab,openiti_work_1206IbnCabdWahhab.MasailLakhkhasahaIbnCabdWahhab,2,"[""openiti_dv_1206IbnCabdWahhab.MasailLakhkhasahaIbnCabdWahhab.JK006892-ara1"",""openiti_dv_1206IbnCabdWahhab.MasailLakhkhasahaIbnCabdWahhab.Shamela0011572-ara1""]",Same OpenITI work URI; retain versions separately.
dup_openiti_work_1206IbnCabdWahhab.MufidMustafid,openiti_work_1206IbnCabdWahhab.MufidMustafid,2,"[""openiti_dv_1206IbnCabdWahhab.MufidMustafid.JK006875-ara1"",""openiti_dv_1206IbnCabdWahhab.MufidMustafid.Shamela0012078-ara1""]",Same OpenITI work URI; retain versions separately.
dup_openiti_work_1206IbnCabdWahhab.MukhtasarInsaf,openiti_work_1206IbnCabdWahhab.MukhtasarInsaf,2,"[""openiti_dv_1206IbnCabdWahhab.MukhtasarInsaf.JK006878-ara1"",""openiti_dv_1206IbnCabdWahhab.MukhtasarInsaf.Shamela0001685-ara1""]",Same OpenITI work URI; retain versions separately.
dup_openiti_work_1206IbnCabdWahhab.MukhtasarSira,openiti_work_1206IbnCabdWahhab.MukhtasarSira,4,"[""openiti_dv_1206IbnCabdWahhab.MukhtasarSira.JK006886-ara1"",""openiti_dv_1206IbnCabdWahhab.MukhtasarSira.ShamAY0034441-ara1"",""openiti_dv_1206IbnCabdWahhab.MukhtasarSira.ShamAY0034442-ara1"",""openiti_dv_1206IbnCabdWahhab.MukhtasarSira.Shamela0031465-ara1""]",Same OpenITI work URI; retain versions separately.
dup_openiti_work_1206IbnCabdWahhab.MukhtasarTafsirSuratAnfal,openiti_work_1206IbnCabdWahhab.MukhtasarTafsirSuratAnfal,3,"[""openiti_dv_1206IbnCabdWahhab.MukhtasarTafsirSuratAnfal.JK006893-ara1"",""openiti_dv_1206IbnCabdWahhab.MukhtasarTafsirSuratAnfal.Shamela0011383-ara1"",""openiti_dv_1206IbnCabdWahhab.MukhtasarTafsirSuratAnfal.Shia002696-ara1""]",Same OpenITI work URI; retain versions separately.
dup_openiti_work_1206IbnCabdWahhab.MukhtasarZadMacad,openiti_work_1206IbnCabdWahhab.MukhtasarZadMacad,2,"[""openiti_dv_1206IbnCabdWahhab.MukhtasarZadMacad.JK006890-ara1"",""openiti_dv_1206IbnCabdWahhab.MukhtasarZadMacad.Shamela0031457-ara1""]",Same OpenITI work URI; retain versions separately.
dup_openiti_work_1206IbnCabdWahhab.QawacidArbaca,openiti_work_1206IbnCabdWahhab.QawacidArbaca,2,"[""openiti_dv_1206IbnCabdWahhab.QawacidArbaca.JK006873-ara1"",""openiti_dv_1206IbnCabdWahhab.QawacidArbaca.Shamela0008524-ara1""]",Same OpenITI work URI; retain versions separately.
dup_openiti_work_1206IbnCabdWahhab.RasailShakhsiyya,openiti_work_1206IbnCabdWahhab.RasailShakhsiyya,2,"[""openiti_dv_1206IbnCabdWahhab.RasailShakhsiyya.JK006891-ara1"",""openiti_dv_1206IbnCabdWahhab.RasailShakhsiyya.Shamela0007629-ara1""]",Same OpenITI work URI; retain versions separately.
dup_openiti_work_1206IbnCabdWahhab.RisalaFiRaddCalaRafida,openiti_work_1206IbnCabdWahhab.RisalaFiRaddCalaRafida,2,"[""openiti_dv_1206IbnCabdWahhab.RisalaFiRaddCalaRafida.JK006895-ara1"",""openiti_dv_1206IbnCabdWahhab.RisalaFiRaddCalaRafida.Shamela0011217-ara1""]",Same OpenITI work URI; retain versions separately.
dup_openiti_work_1206IbnCabdWahhab.ShurutSalat,openiti_work_1206IbnCabdWahhab.ShurutSalat,2,"[""openiti_dv_1206IbnCabdWahhab.ShurutSalat.JK006882-ara1"",""openiti_dv_1206IbnCabdWahhab.ShurutSalat.Shamela0011266-ara1""]",Same OpenITI work URI; retain versions separately.
dup_openiti_work_1206IbnCabdWahhab.TafsirAyatMinQuran,openiti_work_1206IbnCabdWahhab.TafsirAyatMinQuran,3,"[""openiti_dv_1206IbnCabdWahhab.TafsirAyatMinQuran.JK006889-ara1"",""openiti_dv_1206IbnCabdWahhab.TafsirAyatMinQuran.Shamela0011099-ara1"",""openiti_dv_1206IbnCabdWahhab.TafsirAyatMinQuran.Shia002695-ara1""]",Same OpenITI work URI; retain versions separately.
dup_openiti_work_1206IbnCabdWahhab.Tawhid,openiti_work_1206IbnCabdWahhab.Tawhid,3,"[""openiti_dv_1206IbnCabdWahhab.Tawhid.JK006870-ara1"",""openiti_dv_1206IbnCabdWahhab.Tawhid.Shamela0011318-ara1"",""openiti_dv_1206IbnCabdWahhab.Tawhid.Shia004041-ara1""]",Same OpenITI work URI; retain versions separately.
dup_openiti_work_1206IbnCabdWahhab.ThalathatUsul,openiti_work_1206IbnCabdWahhab.ThalathatUsul,3,"[""openiti_dv_1206IbnCabdWahhab.ThalathatUsul.JK006872-ara1"",""openiti_dv_1206IbnCabdWahhab.ThalathatUsul.Shamela0000239-ara1"",""openiti_dv_1206IbnCabdWahhab.ThalathatUsul.Shamela0011126-ara1""]",Same OpenITI work URI; retain versions separately.
dup_openiti_work_1206IbnCabdWahhab.UsulIman,openiti_work_1206IbnCabdWahhab.UsulIman,3,"[""openiti_dv_1206IbnCabdWahhab.UsulIman.JK000799-ara1"",""openiti_dv_1206IbnCabdWahhab.UsulIman.Shamela0001395-ara1"",""openiti_dv_1206IbnCabdWahhab.UsulIman.Shamela0007504-ara1""]",Same OpenITI work URI; retain versions separately.
dup_openiti_work_1207IbnAhmadCabdQadirKawkabani.FulkQamus,openiti_work_1207IbnAhmadCabdQadirKawkabani.FulkQamus,2,"[""openiti_dv_1207IbnAhmadCabdQadirKawkabani.FulkQamus.JK001088-ara1"",""openiti_dv_1207IbnAhmadCabdQadirKawkabani.FulkQamus.Shamela0007059-ara1""]",Same OpenITI work URI; retain versions separately.
dup_openiti_work_1208SulaymanJamzuriAffandi.TuhfatAtfal,openiti_work_1208SulaymanJamzuriAffandi.TuhfatAtfal,2,"[""openiti_dv_1208SulaymanJamzuriAffandi.TuhfatAtfal.JK000963-ara1"",""openiti_dv_1208SulaymanJamzuriAffandi.TuhfatAtfal.Shamela0009632-ara1""]",Same OpenITI work URI; retain versions separately.
dup_openiti_work_1218SalihFulani.IqazHimam,openiti_work_1218SalihFulani.IqazHimam,2,"[""openiti_dv_1218SalihFulani.IqazHimam.JK000041-ara1"",""openiti_dv_1218SalihFulani.IqazHimam.Shamela0006856-ara1""]",Same OpenITI work URI; retain versions separately.
dup_openiti_work_1218SalihFulani.QatfThamar,openiti_work_1218SalihFulani.QatfThamar,2,"[""openiti_dv_1218SalihFulani.QatfThamar.JK000957-ara1"",""openiti_dv_1218SalihFulani.QatfThamar.Shamela0010730-ara1""]",Same OpenITI work URI; retain versions separately.
dup_openiti_work_1221IbnAhmadSayyaghi.TuhfatMushtaq,openiti_work_1221IbnAhmadSayyaghi.TuhfatMushtaq,2,"[""openiti_dv_1221IbnAhmadSayyaghi.TuhfatMushtaq.JK010662-ara1"",""openiti_dv_1221IbnAhmadSayyaghi.TuhfatMushtaq.Shamela0000662-ara1""]",Same OpenITI work URI; retain versions separately.
dup_openiti_work_1221IbnMuhammadBujayrimiMisri.TajridLiNafcCabid,openiti_work_1221IbnMuhammadBujayrimiMisri.TajridLiNafcCabid,2,"[""openiti_dv_1221IbnMuhammadBujayrimiMisri.TajridLiNafcCabid.JK000208-ara1"",""openiti_dv_1221IbnMuhammadBujayrimiMisri.TajridLiNafcCabid.Shamela0021603-ara1""]",Same OpenITI work URI; retain versions separately.
dup_openiti_work_1221IbnMuhammadBujayrimiMisri.TuhfatHabib,openiti_work_1221IbnMuhammadBujayrimiMisri.TuhfatHabib,3,"[""openiti_dv_1221IbnMuhammadBujayrimiMisri.TuhfatHabib.JK009248-ara1"",""openiti_dv_1221IbnMuhammadBujayrimiMisri.TuhfatHabib.ShamAY0034250-ara1"",""openiti_dv_1221IbnMuhammadBujayrimiMisri.TuhfatHabib.Shamela0021599-ara1""]",Same OpenITI work URI; retain versions separately.
dup_openiti_work_1224IbnCajiba.BahrMadid,openiti_work_1224IbnCajiba.BahrMadid,3,"[""openiti_dv_1224IbnCajiba.BahrMadid.ShamAY0034062-ara1"",""openiti_dv_1224IbnCajiba.BahrMadid.Shamela0010273-ara1"",""openiti_dv_1224IbnCajiba.BahrMadid.Tafsir03037-ara1""]",Same OpenITI work URI; retain versions separately.
dup_openiti_work_1225IbnNasirNajdi.FawakihCidhab,openiti_work_1225IbnNasirNajdi.FawakihCidhab,2,"[""openiti_dv_1225IbnNasirNajdi.FawakihCidhab.JK010001-ara1"",""openiti_dv_1225IbnNasirNajdi.FawakihCidhab.Shamela0000001-ara1""]",Same OpenITI work URI; retain versions separately.
dup_openiti_work_1225IbnNasirNajdi.TuhfaMadaniyya,openiti_work_1225IbnNasirNajdi.TuhfaMadaniyya,2,"[""openiti_dv_1225IbnNasirNajdi.TuhfaMadaniyya.JK001254-ara1"",""openiti_dv_1225IbnNasirNajdi.TuhfaMadaniyya.Shamela0008585-ara1""]",Same OpenITI work URI; retain versions separately.
dup_openiti_work_1228MahmudMaqdishSafaqsi.NuzhatAnzar,openiti_work_1228MahmudMaqdishSafaqsi.NuzhatAnzar,2,"[""openiti_dv_1228MahmudMaqdishSafaqsi.NuzhatAnzar.Sham19Y0017048-ara1"",""openiti_dv_1228MahmudMaqdishSafaqsi.NuzhatAnzar.ShamAY0032217-ara1""]",Same OpenITI work URI; retain versions separately.
dup_openiti_work_1228MuhammadAmirKabirMaliki.NukhbaBahiyya,openiti_work_1228MuhammadAmirKabirMaliki.NukhbaBahiyya,2,"[""openiti_dv_1228MuhammadAmirKabirMaliki.NukhbaBahiyya.JK005011-ara1"",""openiti_dv_1228MuhammadAmirKabirMaliki.NukhbaBahiyya.Shamela0006079-ara1""]",Same OpenITI work URI; retain versions separately.
dup_openiti_work_1230IbnAhmadDasuqi.HashiyatCalaSharhKabir,openiti_work_1230IbnAhmadDasuqi.HashiyatCalaSharhKabir,3,"[""openiti_dv_1230IbnAhmadDasuqi.HashiyatCalaSharhKabir.JK000241-ara1"",""openiti_dv_1230IbnAhmadDasuqi.HashiyatCalaSharhKabir.Shamela0021604-ara1"",""openiti_dv_1230IbnAhmadDasuqi.HashiyatCalaSharhKabir.Shia000914Vols-ara1""]",Same OpenITI work URI; retain versions separately.
dup_openiti_work_1231IbnMuhammadHanafiTahtawi.HashiyaCalaMaraqi,openiti_work_1231IbnMuhammadHanafiTahtawi.HashiyaCalaMaraqi,3,"[""openiti_dv_1231IbnMuhammadHanafiTahtawi.HashiyaCalaMaraqi.JK000219-ara1"",""openiti_dv_1231IbnMuhammadHanafiTahtawi.HashiyaCalaMaraqi.ShamAY0034210-ara1"",""openiti_dv_1231IbnMuhammadHanafiTahtawi.HashiyaCalaMaraqi.Shamela0011993-ara1""]",Same OpenITI work URI; retain versions separately.
dup_openiti_work_1231MirzaAbuQasimQummi.QawaninUsul,openiti_work_1231MirzaAbuQasimQummi.QawaninUsul,2,"[""openiti_dv_1231MirzaAbuQasimQummi.QawaninUsul.Rafed002622-ara1"",""openiti_dv_1231MirzaAbuQasimQummi.QawaninUsul.Shia002760-ara1""]",Same OpenITI work URI; retain versions separately.
dup_openiti_work_1233SulaymanSibtIbnCabdWahhab.Taysir,openiti_work_1233SulaymanSibtIbnCabdWahhab.Taysir,4,"[""openiti_dv_1233SulaymanSibtIbnCabdWahhab.Taysir.JK000116-ara1"",""openiti_dv_1233SulaymanSibtIbnCabdWahhab.Taysir.JK007099-ara1"",""openiti_dv_1233SulaymanSibtIbnCabdWahhab.Taysir.ShamAY0033888-ara1"",""openiti_dv_1233SulaymanSibtIbnCabdWahhab.Taysir.Shamela0002378-ara1""]",Same OpenITI work URI; retain versions separately.
dup_openiti_work_1237Jabarti.CajaibAthar,openiti_work_1237Jabarti.CajaibAthar,3,"[""openiti_dv_1237Jabarti.CajaibAthar.JK000394-ara1"",""openiti_dv_1237Jabarti.CajaibAthar.Shamela0011998-ara1"",""openiti_dv_1237Jabarti.CajaibAthar.Shia003630Vols-ara1""]",Same OpenITI work URI; retain versions separately.
dup_openiti_work_1240IbnMuhsinHimi.Tabsira,openiti_work_1240IbnMuhsinHimi.Tabsira,3,"[""openiti_dv_1240IbnMuhsinHimi.Tabsira.Shia000814VolsBK3-ara1"",""openiti_dv_1240IbnMuhsinHimi.Tabsira.Zaydiyya0000275BK2-ara1"",""openiti_dv_1240IbnMuhsinHimi.Tabsira.Zaydiyya0000750BK2-ara1""]",Same OpenITI work URI; retain versions separately.
dup_openiti_work_1241IbnMuhammadKhalwatiSawi.BulghatSalik,openiti_work_1241IbnMuhammadKhalwatiSawi.BulghatSalik,4,"[""openiti_dv_1241IbnMuhammadKhalwatiSawi.BulghatSalik.JK007085-ara1"",""openiti_dv_1241IbnMuhammadKhalwatiSawi.BulghatSalik.Sham19Y0150969-ara1"",""openiti_dv_1241IbnMuhammadKhalwatiSawi.BulghatSalik.ShamAY0034222-ara1"",""openiti_dv_1241IbnMuhammadKhalwatiSawi.BulghatSalik.Shamela0021607-ara1""]",Same OpenITI work URI; retain versions separately.
dup_openiti_work_1243IbnSacdRahyabaniSuyuti.MatalibUliNuha,openiti_work_1243IbnSacdRahyabaniSuyuti.MatalibUliNuha,2,"[""openiti_dv_1243IbnSacdRahyabaniSuyuti.MatalibUliNuha.JK005202-ara1"",""openiti_dv_1243IbnSacdRahyabaniSuyuti.MatalibUliNuha.Shamela0021677-ara1""]",Same OpenITI work URI; retain versions separately.
dup_openiti_work_1246IbnCabdGhaniDihlawi.RisalatTawhid,openiti_work_1246IbnCabdGhaniDihlawi.RisalatTawhid,2,"[""openiti_dv_1246IbnCabdGhaniDihlawi.RisalatTawhid.JK000360-ara1"",""openiti_dv_1246IbnCabdGhaniDihlawi.RisalatTawhid.Shamela0001123-ara1""]",Same OpenITI work URI; retain versions separately.
dup_openiti_work_1246IbnHamadBassam.DurarMafakhir,openiti_work_1246IbnHamadBassam.DurarMafakhir,2,"[""openiti_dv_1246IbnHamadBassam.DurarMafakhir.JK010410-ara1"",""openiti_dv_1246IbnHamadBassam.DurarMafakhir.Shamela0000410-ara1""]",Same OpenITI work URI; retain versions separately.
dup_openiti_work_1250IbnMuhammadCattarShafici.HashiyaCalaJamcJawamic,openiti_work_1250IbnMuhammadCattarShafici.HashiyaCalaJamcJawamic,2,"[""openiti_dv_1250IbnMuhammadCattarShafici.HashiyaCalaJamcJawamic.JK007102-ara1"",""openiti_dv_1250IbnMuhammadCattarShafici.HashiyaCalaJamcJawamic.Shamela0021608-ara1""]",Same OpenITI work URI; retain versions separately.
dup_openiti_work_1252IbnCabidinDimashqi.FawaidCajiba,openiti_work_1252IbnCabidinDimashqi.FawaidCajiba,3,"[""openiti_dv_1252IbnCabidinDimashqi.FawaidCajiba.JK006708-ara1"",""openiti_dv_1252IbnCabidinDimashqi.FawaidCajiba.ShamAY0034701-ara1"",""openiti_dv_1252IbnCabidinDimashqi.FawaidCajiba.Shamela0007000-ara1""]",Same OpenITI work URI; retain versions separately.
dup_openiti_work_1252IbnCabidinDimashqi.RaddMukhtar,openiti_work_1252IbnCabidinDimashqi.RaddMukhtar,3,"[""openiti_dv_1252IbnCabidinDimashqi.RaddMukhtar.JK000170-ara1"",""openiti_dv_1252IbnCabidinDimashqi.RaddMukhtar.Shamela0021613-ara1"",""openiti_dv_1252IbnCabidinDimashqi.RaddMukhtar.Shia000990Vols-ara1""]",Same OpenITI work URI; retain versions separately.
dup_openiti_work_1252IbnCabidinDimashqi.TanqihFatawa,openiti_work_1252IbnCabidinDimashqi.TanqihFatawa,2,"[""openiti_dv_1252IbnCabidinDimashqi.TanqihFatawa.JK011743-ara1"",""openiti_dv_1252IbnCabidinDimashqi.TanqihFatawa.Shamela0021687-ara1""]",Same OpenITI work URI; retain versions separately.
dup_openiti_work_1255Shawkani.AdabTalab,openiti_work_1255Shawkani.AdabTalab,2,"[""openiti_dv_1255Shawkani.AdabTalab.JK006955-ara1"",""openiti_dv_1255Shawkani.AdabTalab.Shamela0006854-ara1""]",Same OpenITI work URI; retain versions separately.
dup_openiti_work_1255Shawkani.BadrTalic,openiti_work_1255Shawkani.BadrTalic,2,"[""openiti_dv_1255Shawkani.BadrTalic.JK000998-ara1"",""openiti_dv_1255Shawkani.BadrTalic.Shamela0006671-ara1""]",Same OpenITI work URI; retain versions separately.
dup_openiti_work_1255Shawkani.DarariMudiyya,openiti_work_1255Shawkani.DarariMudiyya,4,"[""openiti_dv_1255Shawkani.DarariMudiyya.JK000175-ara1"",""openiti_dv_1255Shawkani.DarariMudiyya.ShamAY0034281-ara1"",""openiti_dv_1255Shawkani.DarariMudiyya.Shamela0007264-ara1"",""openiti_dv_1255Shawkani.DarariMudiyya.Zaydiyya0000266-ara1""]",Same OpenITI work URI; retain versions separately.
dup_openiti_work_1255Shawkani.DurarBahiyya,openiti_work_1255Shawkani.DurarBahiyya,2,"[""openiti_dv_1255Shawkani.DurarBahiyya.ShamAY0034280-ara1"",""openiti_dv_1255Shawkani.DurarBahiyya.ShamAY0036516-ara1""]",Same OpenITI work URI; retain versions separately.
dup_openiti_work_1255Shawkani.FathQadir,openiti_work_1255Shawkani.FathQadir,5,"[""openiti_dv_1255Shawkani.FathQadir.JK000465-ara1"",""openiti_dv_1255Shawkani.FathQadir.ShamAY0034054-ara1"",""openiti_dv_1255Shawkani.FathQadir.Shamela0023623-ara1"",""openiti_dv_1255Shawkani.FathQadir.Shia002697Vols-ara1"",""openiti_dv_1255Shawkani.FathQadir.Tafsir01009-ara1""]",Same OpenITI work URI; retain versions separately.
dup_openiti_work_1255Shawkani.FawaidMajmuca,openiti_work_1255Shawkani.FawaidMajmuca,2,"[""openiti_dv_1255Shawkani.FawaidMajmuca.JK001091-ara1"",""openiti_dv_1255Shawkani.FawaidMajmuca.Shamela0002671-ara1""]",Same OpenITI work URI; retain versions separately.
dup_openiti_work_1255Shawkani.HawashiCalaSharhAzhar,openiti_work_1255Shawkani.HawashiCalaSharhAzhar,3,"[""openiti_dv_1255Shawkani.HawashiCalaSharhAzhar.Shia000814VolsBK4-ara1"",""openiti_dv_1255Shawkani.HawashiCalaSharhAzhar.Zaydiyya0000275BK3-ara1"",""openiti_dv_1255Shawkani.HawashiCalaSharhAzhar.Zaydiyya0000570BK3-ara1""]",Same OpenITI work URI; retain versions separately.
dup_openiti_work_1255Shawkani.IrshadFuhul,openiti_work_1255Shawkani.IrshadFuhul,3,"[""openiti_dv_1255Shawkani.IrshadFuhul.JK000152-ara1"",""openiti_dv_1255Shawkani.IrshadFuhul.ShamAY0034184-ara1"",""openiti_dv_1255Shawkani.IrshadFuhul.Shamela0011437-ara1""]",Same OpenITI work URI; retain versions separately.
dup_openiti_work_1255Shawkani.IrshadThiqat,openiti_work_1255Shawkani.IrshadThiqat,2,"[""openiti_dv_1255Shawkani.IrshadThiqat.JK001036-ara1"",""openiti_dv_1255Shawkani.IrshadThiqat.Shamela0006455-ara1""]",Same OpenITI work URI; retain versions separately.
dup_openiti_work_1255Shawkani.NaylAwtar,openiti_work_1255Shawkani.NaylAwtar,3,"[""openiti_dv_1255Shawkani.NaylAwtar.JK000165-ara1"",""openiti_dv_1255Shawkani.NaylAwtar.Shamela0009242-ara1"",""openiti_dv_1255Shawkani.NaylAwtar.Shia001060Vols-ara1""]",Same OpenITI work URI; retain versions separately.
dup_openiti_work_1255Shawkani.QawlMufid,openiti_work_1255Shawkani.QawlMufid,2,"[""openiti_dv_1255Shawkani.QawlMufid.JK000187-ara1"",""openiti_dv_1255Shawkani.QawlMufid.Shamela0006359-ara1""]",Same OpenITI work URI; retain versions separately.
dup_openiti_work_1255Shawkani.SawarimHidad,openiti_work_1255Shawkani.SawarimHidad,2,"[""openiti_dv_1255Shawkani.SawarimHidad.JK001245-ara1"",""openiti_dv_1255Shawkani.SawarimHidad.Shamela0006519-ara1""]",Same OpenITI work URI; retain versions separately.
dup_openiti_work_1255Shawkani.SaylJarrar,openiti_work_1255Shawkani.SaylJarrar,3,"[""openiti_dv_1255Shawkani.SaylJarrar.JK000251-ara1"",""openiti_dv_1255Shawkani.SaylJarrar.ShamAY0034277-ara1"",""openiti_dv_1255Shawkani.SaylJarrar.Shamela0007342-ara1""]",Same OpenITI work URI; retain versions separately.
dup_openiti_work_1255Shawkani.SharhSudur,openiti_work_1255Shawkani.SharhSudur,2,"[""openiti_dv_1255Shawkani.SharhSudur.Shamela0005208-ara1"",""openiti_dv_1255Shawkani.SharhSudur.Shia001059-ara1""]",Same OpenITI work URI; retain versions separately.
dup_openiti_work_1255Shawkani.TuhafFiMadhahibSalaf,openiti_work_1255Shawkani.TuhafFiMadhahibSalaf,4,"[""openiti_dv_1255Shawkani.TuhafFiMadhahibSalaf.JK000870-ara1"",""openiti_dv_1255Shawkani.TuhafFiMadhahibSalaf.ShamAY0033847-ara1"",""openiti_dv_1255Shawkani.TuhafFiMadhahibSalaf.Shamela0037029-ara1"",""openiti_dv_1255Shawkani.TuhafFiMadhahibSalaf.Shamela0037030-ara1""]",Same OpenITI work URI; retain versions separately.
dup_openiti_work_1255Shawkani.TuhfatDhakirin,openiti_work_1255Shawkani.TuhfatDhakirin,2,"[""openiti_dv_1255Shawkani.TuhfatDhakirin.JK001012-ara1"",""openiti_dv_1255Shawkani.TuhfatDhakirin.Shamela0006844-ara1""]",Same OpenITI work URI; retain versions separately.
dup_openiti_work_1258IbnCabdSalamTusuli.Bahja,openiti_work_1258IbnCabdSalamTusuli.Bahja,2,"[""openiti_dv_1258IbnCabdSalamTusuli.Bahja.JK009261-ara1"",""openiti_dv_1258IbnCabdSalamTusuli.Bahja.Shamela0001544-ara1""]",Same OpenITI work URI; retain versions separately.
dup_openiti_work_1262IbnMuhammadKuzbari.IntikhabCawali,openiti_work_1262IbnMuhammadKuzbari.IntikhabCawali,2,"[""openiti_dv_1262IbnMuhammadKuzbari.IntikhabCawali.JK001035-ara1"",""openiti_dv_1262IbnMuhammadKuzbari.IntikhabCawali.Shamela0005726-ara1""]",Same OpenITI work URI; retain versions separately.
dup_openiti_work_1270IbnMuhammadIhsaiHanafi.TanbihAfham,openiti_work_1270IbnMuhammadIhsaiHanafi.TanbihAfham,2,"[""openiti_dv_1270IbnMuhammadIhsaiHanafi.TanbihAfham.JK006853-ara1"",""openiti_dv_1270IbnMuhammadIhsaiHanafi.TanbihAfham.Shamela0010652-ara1""]",Same OpenITI work URI; retain versions separately.
dup_openiti_work_1270ShihabDinAlusi.GharaibIghtirab,openiti_work_1270ShihabDinAlusi.GharaibIghtirab,2,"[""openiti_dv_1270ShihabDinAlusi.GharaibIghtirab.JK010475-ara1"",""openiti_dv_1270ShihabDinAlusi.GharaibIghtirab.Shamela0000475-ara1""]",Same OpenITI work URI; retain versions separately.
dup_openiti_work_1270ShihabDinAlusi.RuhMacani,openiti_work_1270ShihabDinAlusi.RuhMacani,6,"[""openiti_dv_1270ShihabDinAlusi.RuhMacani.JK000906-ara1"",""openiti_dv_1270ShihabDinAlusi.RuhMacani.Rafed0003178Vols-ara1"",""openiti_dv_1270ShihabDinAlusi.RuhMacani.ShamAY0034055-ara1"",""openiti_dv_1270ShihabDinAlusi.RuhMacani.Shamela0022835-ara1"",""openiti_dv_1270ShihabDinAlusi.RuhMacani.Shia002702Vols-ara1"",""openiti_dv_1270ShihabDinAlusi.RuhMacani.Tafsir07052-ara1""]",Same OpenITI work URI; retain versions separately.
dup_openiti_work_1277IbnDarwishHut.AsnaMatalib,openiti_work_1277IbnDarwishHut.AsnaMatalib,2,"[""openiti_dv_1277IbnDarwishHut.AsnaMatalib.JK005014-ara1"",""openiti_dv_1277IbnDarwishHut.AsnaMatalib.Shamela0006076-ara1""]",Same OpenITI work URI; retain versions separately.
dup_openiti_work_1280QadiMulkHindi.DhaylQawlMusaddad,openiti_work_1280QadiMulkHindi.DhaylQawlMusaddad,2,"[""openiti_dv_1280QadiMulkHindi.DhaylQawlMusaddad.JK006923-ara1"",""openiti_dv_1280QadiMulkHindi.DhaylQawlMusaddad.Shamela0008637-ara1""]",Same OpenITI work URI; retain versions separately.
dup_openiti_work_1281IbnShawkani.FiSulukIslami,openiti_work_1281IbnShawkani.FiSulukIslami,2,"[""openiti_dv_1281IbnShawkani.FiSulukIslami.JK010250-ara1"",""openiti_dv_1281IbnShawkani.FiSulukIslami.Shamela0031375-ara1""]",Same OpenITI work URI; retain versions separately.
dup_openiti_work_1281MurtadaAnsari.Salat,openiti_work_1281MurtadaAnsari.Salat,2,"[""openiti_dv_1281MurtadaAnsari.Salat.Shia000368Vols-ara1"",""openiti_dv_1281MurtadaAnsari.Salat.Shia000370-ara1""]",Same OpenITI work URI; retain versions separately.
dup_openiti_work_1281MurtadaAnsari.Tahara,openiti_work_1281MurtadaAnsari.Tahara,2,"[""openiti_dv_1281MurtadaAnsari.Tahara.Shia000372Vols-ara1"",""openiti_dv_1281MurtadaAnsari.Tahara.Shia000374Vols-ara1""]",Same OpenITI work URI; retain versions separately.
dup_openiti_work_1285IbnHasanAlShaykh.Iman,openiti_work_1285IbnHasanAlShaykh.Iman,2,"[""openiti_dv_1285IbnHasanAlShaykh.Iman.JK012057-ara1"",""openiti_dv_1285IbnHasanAlShaykh.Iman.Shamela0009841-ara1""]",Same OpenITI work URI; retain versions separately.
dup_openiti_work_1285IbnHasanAlShaykh.MawridCadhbZulal,openiti_work_1285IbnHasanAlShaykh.MawridCadhbZulal,2,"[""openiti_dv_1285IbnHasanAlShaykh.MawridCadhbZulal.ShamAY0033876-ara1"",""openiti_dv_1285IbnHasanAlShaykh.MawridCadhbZulal.Shamela0008571-ara1""]",Same OpenITI work URI; retain versions separately.
dup_openiti_work_1285IbnMushrifShacir.Diwan,openiti_work_1285IbnMushrifShacir.Diwan,2,"[""openiti_dv_1285IbnMushrifShacir.Diwan.JK007633-ara1"",""openiti_dv_1285IbnMushrifShacir.Diwan.ShamAY0037876-ara1""]",Same OpenITI work URI; retain versions separately.
dup_openiti_work_1286IcjazHusaynKunturi.KashfHujub,openiti_work_1286IcjazHusaynKunturi.KashfHujub,2,"[""openiti_dv_1286IcjazHusaynKunturi.KashfHujub.Shia003358-ara1"",""openiti_dv_1286IcjazHusaynKunturi.KashfHujub.Zaydiyya0000200-ara1""]",Same OpenITI work URI; retain versions separately.
dup_openiti_work_1290CabdGhaffarAkhras.Diwan,openiti_work_1290CabdGhaffarAkhras.Diwan,2,"[""openiti_dv_1290CabdGhaffarAkhras.Diwan.JK007640-ara1"",""openiti_dv_1290CabdGhaffarAkhras.Diwan.ShamAY0037954-ara1""]",Same OpenITI work URI; retain versions separately.
dup_openiti_work_1293CabdLatifAlShaykh.CuyunRasailwaAjwiba,openiti_work_1293CabdLatifAlShaykh.CuyunRasailwaAjwiba,2,"[""openiti_dv_1293CabdLatifAlShaykh.CuyunRasailwaAjwiba.Shamela0011379-ara1"",""openiti_dv_1293CabdLatifAlShaykh.CuyunRasailwaAjwiba.Shamela0012033-ara1""]",Same OpenITI work URI; retain versions separately.
dup_openiti_work_1299IbnMuhammadNajafiQurashi.Hamasa,openiti_work_1299IbnMuhammadNajafiQurashi.Hamasa,2,"[""openiti_dv_1299IbnMuhammadNajafiQurashi.Hamasa.JK010727-ara1"",""openiti_dv_1299IbnMuhammadNajafiQurashi.Hamasa.Shamela0002512-ara1""]",Same OpenITI work URI; retain versions separately.
dup_openiti_work_1299MuhammadCulayshMaliki.MinahJalil,openiti_work_1299MuhammadCulayshMaliki.MinahJalil,2,"[""openiti_dv_1299MuhammadCulayshMaliki.MinahJalil.JK007132-ara1"",""openiti_dv_1299MuhammadCulayshMaliki.MinahJalil.Shamela0021614-ara1""]",Same OpenITI work URI; retain versions separately.
dup_openiti_work_1300Anonymous.AlfLaylaWaLayla,openiti_work_1300Anonymous.AlfLaylaWaLayla,2,"[""openiti_dv_1300Anonymous.AlfLaylaWaLayla.Alwaraq0000026-ara1"",""openiti_dv_1300Anonymous.AlfLaylaWaLayla.Hindawi0061961973Vols-ara1""]",Same OpenITI work URI; retain versions separately.
dup_openiti_work_1300CabdQadirJazairi.DhikraCaqil,openiti_work_1300CabdQadirJazairi.DhikraCaqil,2,"[""openiti_dv_1300CabdQadirJazairi.DhikraCaqil.JK010639-ara1"",""openiti_dv_1300CabdQadirJazairi.DhikraCaqil.ShamAY0034499-ara1""]",Same OpenITI work URI; retain versions separately.
dup_openiti_work_1304CabdHayyLaknawi.AtharMarfuca,openiti_work_1304CabdHayyLaknawi.AtharMarfuca,2,"[""openiti_dv_1304CabdHayyLaknawi.AtharMarfuca.JK005001-ara1"",""openiti_dv_1304CabdHayyLaknawi.AtharMarfuca.Shamela0006053-ara1""]",Same OpenITI work URI; retain versions separately.
dup_openiti_work_1304CabdHayyLaknawi.InsafFiHukmIctikaf,openiti_work_1304CabdHayyLaknawi.InsafFiHukmIctikaf,2,"[""openiti_dv_1304CabdHayyLaknawi.InsafFiHukmIctikaf.Sham19Y0017742-ara1"",""openiti_dv_1304CabdHayyLaknawi.InsafFiHukmIctikaf.ShamAY0036004-ara1""]",Same OpenITI work URI; retain versions separately.
dup_openiti_work_1304CabdHayyLaknawi.RafcWaTakmil,openiti_work_1304CabdHayyLaknawi.RafcWaTakmil,2,"[""openiti_dv_1304CabdHayyLaknawi.RafcWaTakmil.JK000993-ara1"",""openiti_dv_1304CabdHayyLaknawi.RafcWaTakmil.Shamela0005973-ara1""]",Same OpenITI work URI; retain versions separately.
dup_openiti_work_1304HaydarIbnSulaymanHilli.Diwan,openiti_work_1304HaydarIbnSulaymanHilli.Diwan,3,"[""openiti_dv_1304HaydarIbnSulaymanHilli.Diwan.JK007638-ara1"",""openiti_dv_1304HaydarIbnSulaymanHilli.Diwan.ShamAY0037945-ara1"",""openiti_dv_1304HaydarIbnSulaymanHilli.Diwan.Shia004662Vols-ara1""]",Same OpenITI work URI; retain versions separately.
dup_openiti_work_1305IbnKhalilQawuqjiTarabulusi.LuluMarsuc,openiti_work_1305IbnKhalilQawuqjiTarabulusi.LuluMarsuc,2,"[""openiti_dv_1305IbnKhalilQawuqjiTarabulusi.LuluMarsuc.JK005017-ara1"",""openiti_dv_1305IbnKhalilQawuqjiTarabulusi.LuluMarsuc.Shamela0006063-ara1""]",Same OpenITI work URI; retain versions separately.
dup_openiti_work_1306IbnMuhammadIbnCabidinDimashqi.TakmilatRaddMuhtar,openiti_work_1306IbnMuhammadIbnCabidinDimashqi.TakmilatRaddMuhtar,3,"[""openiti_dv_1306IbnMuhammadIbnCabidinDimashqi.TakmilatRaddMuhtar.JK010918-ara1"",""openiti_dv_1306IbnMuhammadIbnCabidinDimashqi.TakmilatRaddMuhtar.Shamela0000918-ara1"",""openiti_dv_1306IbnMuhammadIbnCabidinDimashqi.TakmilatRaddMuhtar.Shia000996Vols-ara1""]",Same OpenITI work URI; retain versions separately.
dup_openiti_work_1307Qannawji.AbjadCulum,openiti_work_1307Qannawji.AbjadCulum,2,"[""openiti_dv_1307Qannawji.AbjadCulum.JK000676-ara1"",""openiti_dv_1307Qannawji.AbjadCulum.Shamela0009579-ara1""]",Same OpenITI work URI; retain versions separately.
dup_openiti_work_1307Qannawji.HittaFiDhikr,openiti_work_1307Qannawji.HittaFiDhikr,2,"[""openiti_dv_1307Qannawji.HittaFiDhikr.JK000971-ara1"",""openiti_dv_1307Qannawji.HittaFiDhikr.Shamela0010717-ara1""]",Same OpenITI work URI; retain versions separately.
dup_openiti_work_1307Qannawji.HusnUswa,openiti_work_1307Qannawji.HusnUswa,2,"[""openiti_dv_1307Qannawji.HusnUswa.JK000961-ara1"",""openiti_dv_1307Qannawji.HusnUswa.Shamela0003485-ara1""]",Same OpenITI work URI; retain versions separately.
dup_openiti_work_1307Qannawji.LuqtatCajlan,openiti_work_1307Qannawji.LuqtatCajlan,2,"[""openiti_dv_1307Qannawji.LuqtatCajlan.JK001132-ara1"",""openiti_dv_1307Qannawji.LuqtatCajlan.Shamela0010739-ara1""]",Same OpenITI work URI; retain versions separately.
dup_openiti_work_1307Qannawji.QatfThamar,openiti_work_1307Qannawji.QatfThamar,2,"[""openiti_dv_1307Qannawji.QatfThamar.JK000113-ara1"",""openiti_dv_1307Qannawji.QatfThamar.Shamela0003874-ara1""]",Same OpenITI work URI; retain versions separately.
dup_openiti_work_1307Qannawji.RawdaNadiyya,openiti_work_1307Qannawji.RawdaNadiyya,3,"[""openiti_dv_1307Qannawji.RawdaNadiyya.JK007064-ara1"",""openiti_dv_1307Qannawji.RawdaNadiyya.Shamela0007444-ara1"",""openiti_dv_1307Qannawji.RawdaNadiyya.Shamela0009293-ara1""]",Same OpenITI work URI; retain versions separately.
dup_openiti_work_1307Qannawji.TajMukallal,openiti_work_1307Qannawji.TajMukallal,2,"[""openiti_dv_1307Qannawji.TajMukallal.Sham19Y0017349-ara1"",""openiti_dv_1307Qannawji.TajMukallal.ShamAY0032275-ara1""]",Same OpenITI work URI; retain versions separately.
dup_openiti_work_1307Qannawji.Yaqza,openiti_work_1307Qannawji.Yaqza,2,"[""openiti_dv_1307Qannawji.Yaqza.JK000076-ara1"",""openiti_dv_1307Qannawji.Yaqza.Shamela0006879-ara1""]",Same OpenITI work URI; retain versions separately.
dup_openiti_work_1308IbnKhalilHindiCuthmani.MukhtasarIzharHaqq,openiti_work_1308IbnKhalilHindiCuthmani.MukhtasarIzharHaqq,2,"[""openiti_dv_1308IbnKhalilHindiCuthmani.MukhtasarIzharHaqq.JK011854-ara1"",""openiti_dv_1308IbnKhalilHindiCuthmani.MukhtasarIzharHaqq.Shamela0030945-ara1""]",Same OpenITI work URI; retain versions separately.
dup_openiti_work_1308IbnKhalilHindiCuthmani.MunazaraTaqririyya,openiti_work_1308IbnKhalilHindiCuthmani.MunazaraTaqririyya,2,"[""openiti_dv_1308IbnKhalilHindiCuthmani.MunazaraTaqririyya.JK000332-ara1"",""openiti_dv_1308IbnKhalilHindiCuthmani.MunazaraTaqririyya.Shamela0006546-ara1""]",Same OpenITI work URI; retain versions separately.
dup_openiti_work_1310BakriDimyati.HashiyaIcanaTalibin,openiti_work_1310BakriDimyati.HashiyaIcanaTalibin,3,"[""openiti_dv_1310BakriDimyati.HashiyaIcanaTalibin.JK000179-ara1"",""openiti_dv_1310BakriDimyati.HashiyaIcanaTalibin.Shamela0000963-ara1"",""openiti_dv_1310BakriDimyati.HashiyaIcanaTalibin.Shia000891Vols-ara1""]",Same OpenITI work URI; retain versions separately.
dup_openiti_work_1313CorneliusVanDyck.IktifaQunuc,openiti_work_1313CorneliusVanDyck.IktifaQunuc,2,"[""openiti_dv_1313CorneliusVanDyck.IktifaQunuc.JK001441-ara1"",""openiti_dv_1313CorneliusVanDyck.IktifaQunuc.Shamela0009199-ara1""]",Same OpenITI work URI; retain versions separately.
dup_openiti_work_1313SayyidCaliBurujirdi.Taraif,openiti_work_1313SayyidCaliBurujirdi.Taraif,2,"[""openiti_dv_1313SayyidCaliBurujirdi.Taraif.Shia002970Vols-ara1"",""openiti_dv_1313SayyidCaliBurujirdi.Taraif.Zaydiyya0000190-ara1""]",Same OpenITI work URI; retain versions separately.
dup_openiti_work_1315Salawi.IstiqsaLiAhkbar,openiti_work_1315Salawi.IstiqsaLiAhkbar,2,"[""openiti_dv_1315Salawi.IstiqsaLiAhkbar.JK001325-ara1"",""openiti_dv_1315Salawi.IstiqsaLiAhkbar.Shamela0006627-ara1""]",Same OpenITI work URI; retain versions separately.
dup_openiti_work_1316IbnCumarBantaniJawi.NihayatZayn,openiti_work_1316IbnCumarBantaniJawi.NihayatZayn,2,"[""openiti_dv_1316IbnCumarBantaniJawi.NihayatZayn.JK000310-ara1"",""openiti_dv_1316IbnCumarBantaniJawi.NihayatZayn.Shamela0006146-ara1""]",Same OpenITI work URI; retain versions separately.
dup_openiti_work_1317KhayrDinAlusi.AyatBayyinat,openiti_work_1317KhayrDinAlusi.AyatBayyinat,3,"[""openiti_dv_1317KhayrDinAlusi.AyatBayyinat.JK001010-ara1"",""openiti_dv_1317KhayrDinAlusi.AyatBayyinat.Shamela0000247-ara1"",""openiti_dv_1317KhayrDinAlusi.AyatBayyinat.Shamela0006457-ara1""]",Same OpenITI work URI; retain versions separately.
dup_openiti_work_1317KhayrDinAlusi.JalaCaynayn,openiti_work_1317KhayrDinAlusi.JalaCaynayn,2,"[""openiti_dv_1317KhayrDinAlusi.JalaCaynayn.Shamela0009943-ara1"",""openiti_dv_1317KhayrDinAlusi.JalaCaynayn.Zaydiyya0000379-ara1""]",Same OpenITI work URI; retain versions separately.
dup_openiti_work_1318AhmadDimashqi.MucjamAsmaAshya,openiti_work_1318AhmadDimashqi.MucjamAsmaAshya,2,"[""openiti_dv_1318AhmadDimashqi.MucjamAsmaAshya.JK001175-ara1"",""openiti_dv_1318AhmadDimashqi.MucjamAsmaAshya.Shamela0007057-ara1""]",Same OpenITI work URI; retain versions separately.
dup_openiti_work_1320IbnAhmadSayyidFuratiKawakibi.UmmQura,openiti_work_1320IbnAhmadSayyidFuratiKawakibi.UmmQura,2,"[""openiti_dv_1320IbnAhmadSayyidFuratiKawakibi.UmmQura.JK007003-ara1"",""openiti_dv_1320IbnAhmadSayyidFuratiKawakibi.UmmQura.Shamela0009680-ara1""]",Same OpenITI work URI; retain versions separately.
dup_openiti_work_1323MuhammadCabduh.RisalatTawhid,openiti_work_1323MuhammadCabduh.RisalatTawhid,3,"[""openiti_dv_1323MuhammadCabduh.RisalatTawhid.JK001276-ara1"",""openiti_dv_1323MuhammadCabduh.RisalatTawhid.ShamAY0033867-ara1"",""openiti_dv_1323MuhammadCabduh.RisalatTawhid.Shamela0006392-ara1""]",Same OpenITI work URI; retain versions separately.
dup_openiti_work_1327AhmadIbrahimCisa.TawdihMaqasid,openiti_work_1327AhmadIbrahimCisa.TawdihMaqasid,2,"[""openiti_dv_1327AhmadIbrahimCisa.TawdihMaqasid.JK000098-ara1"",""openiti_dv_1327AhmadIbrahimCisa.TawdihMaqasid.Shamela0006362-ara1""]",Same OpenITI work URI; retain versions separately.
dup_openiti_work_1328AbuHudaSayyadi.Diwan,openiti_work_1328AbuHudaSayyadi.Diwan,2,"[""openiti_dv_1328AbuHudaSayyadi.Diwan.JK007631-ara1"",""openiti_dv_1328AbuHudaSayyadi.Diwan.ShamAY0037820-ara1""]",Same OpenITI work URI; retain versions separately.
dup_openiti_work_1329MuhammadAshrafCazimabadi.CawnMacbud,openiti_work_1329MuhammadAshrafCazimabadi.CawnMacbud,4,"[""openiti_dv_1329MuhammadAshrafCazimabadi.CawnMacbud.JK000264-ara1"",""openiti_dv_1329MuhammadAshrafCazimabadi.CawnMacbud.ShamAY0033531-ara1"",""openiti_dv_1329MuhammadAshrafCazimabadi.CawnMacbud.Shamela0005760-ara1"",""openiti_dv_1329MuhammadAshrafCazimabadi.CawnMacbud.Shia001863Vols-ara1""]",Same OpenITI work URI; retain versions separately.
dup_openiti_work_1332IbnMuhammadJamalDinQasimi.IslahMasajid,openiti_work_1332IbnMuhammadJamalDinQasimi.IslahMasajid,2,"[""openiti_dv_1332IbnMuhammadJamalDinQasimi.IslahMasajid.JK010190-ara1"",""openiti_dv_1332IbnMuhammadJamalDinQasimi.IslahMasajid.Shamela0010541-ara1""]",Same OpenITI work URI; retain versions separately.
dup_openiti_work_1332IbnMuhammadJamalDinQasimi.MahasinTawil,openiti_work_1332IbnMuhammadJamalDinQasimi.MahasinTawil,3,"[""openiti_dv_1332IbnMuhammadJamalDinQasimi.MahasinTawil.Rafed0003902Vols-ara1"",""openiti_dv_1332IbnMuhammadJamalDinQasimi.MahasinTawil.Shamela0023631-ara1"",""openiti_dv_1332IbnMuhammadJamalDinQasimi.MahasinTawil.Tafsir02102-ara1""]",Same OpenITI work URI; retain versions separately.
dup_openiti_work_1332IbnMuhammadJamalDinQasimi.Mash,openiti_work_1332IbnMuhammadJamalDinQasimi.Mash,2,"[""openiti_dv_1332IbnMuhammadJamalDinQasimi.Mash.JK010343-ara1"",""openiti_dv_1332IbnMuhammadJamalDinQasimi.Mash.Shamela0000343-ara1""]",Same OpenITI work URI; retain versions separately.
dup_openiti_work_1332IbnMuhammadJamalDinQasimi.MawcizatMuminin,openiti_work_1332IbnMuhammadJamalDinQasimi.MawcizatMuminin,2,"[""openiti_dv_1332IbnMuhammadJamalDinQasimi.MawcizatMuminin.JK001197-ara1"",""openiti_dv_1332IbnMuhammadJamalDinQasimi.MawcizatMuminin.Shamela0022842-ara1""]",Same OpenITI work URI; retain versions separately.
dup_openiti_work_1332IbnMuhammadJamalDinQasimi.QawacidTahdith,openiti_work_1332IbnMuhammadJamalDinQasimi.QawacidTahdith,2,"[""openiti_dv_1332IbnMuhammadJamalDinQasimi.QawacidTahdith.JK006677-ara1"",""openiti_dv_1332IbnMuhammadJamalDinQasimi.QawacidTahdith.Shamela0009993-ara1""]",Same OpenITI work URI; retain versions separately.
dup_openiti_work_1332MahmudSamiBarudi.Diwan,openiti_work_1332MahmudSamiBarudi.Diwan,2,"[""openiti_dv_1332MahmudSamiBarudi.Diwan.Hindawi041969168-ara1"",""openiti_dv_1332MahmudSamiBarudi.Diwan.ShamAY0037857-ara1""]",Same OpenITI work URI; retain versions separately.
dup_openiti_work_1332NurDinSalimi.BahjatAnwar,openiti_work_1332NurDinSalimi.BahjatAnwar,2,"[""openiti_dv_1332NurDinSalimi.BahjatAnwar.ShamIbadiyya0000038-ara1"",""openiti_dv_1332NurDinSalimi.BahjatAnwar.ShamIbadiyya0000146-ara1""]",Same OpenITI work URI; retain versions separately.
dup_openiti_work_1332NurDinSalimi.HujjajMuqannaca,openiti_work_1332NurDinSalimi.HujjajMuqannaca,2,"[""openiti_dv_1332NurDinSalimi.HujjajMuqannaca.ShamIbadiyya0000486-ara1"",""openiti_dv_1332NurDinSalimi.HujjajMuqannaca.ShamIbadiyya0000487-ara1""]",Same OpenITI work URI; retain versions separately.
dup_openiti_work_1332NurDinSalimi.MacarijAmal,openiti_work_1332NurDinSalimi.MacarijAmal,2,"[""openiti_dv_1332NurDinSalimi.MacarijAmal.ShamIbadiyya0000229-ara1"",""openiti_dv_1332NurDinSalimi.MacarijAmal.ShamIbadiyya0000975-ara1""]",Same OpenITI work URI; retain versions separately.
dup_openiti_work_1332QutbAtfayyish.HamayanZad,openiti_work_1332QutbAtfayyish.HamayanZad,2,"[""openiti_dv_1332QutbAtfayyish.HamayanZad.ShamIbadiyya0000050-ara1"",""openiti_dv_1332QutbAtfayyish.HamayanZad.Tafsir06049-ara1""]",Same OpenITI work URI; retain versions separately.
dup_openiti_work_1332QutbAtfayyish.SharhNilWaShifaCalil,openiti_work_1332QutbAtfayyish.SharhNilWaShifaCalil,2,"[""openiti_dv_1332QutbAtfayyish.SharhNilWaShifaCalil.ShamIbadiyya0000109-ara1"",""openiti_dv_1332QutbAtfayyish.SharhNilWaShifaCalil.ShamIbadiyya0000926-ara1""]",Same OpenITI work URI; retain versions separately.
dup_openiti_work_1333CaliHairiYazdi.IlzamNasib,openiti_work_1333CaliHairiYazdi.IlzamNasib,2,"[""openiti_dv_1333CaliHairiYazdi.IlzamNasib.Rafed0002565Vols-ara1"",""openiti_dv_1333CaliHairiYazdi.IlzamNasib.Shia004053Vols-ara1""]",Same OpenITI work URI; retain versions separately.
dup_openiti_work_1335CabdRazzaqBaytar.HilyatBashar,openiti_work_1335CabdRazzaqBaytar.HilyatBashar,2,"[""openiti_dv_1335CabdRazzaqBaytar.HilyatBashar.JK010388-ara1"",""openiti_dv_1335CabdRazzaqBaytar.HilyatBashar.Shamela0031371-ara1""]",Same OpenITI work URI; retain versions separately.
dup_openiti_work_1335IbnCabdSamicAbiAzhari.ThamrDani,openiti_work_1335IbnCabdSamicAbiAzhari.ThamrDani,3,"[""openiti_dv_1335IbnCabdSamicAbiAzhari.ThamrDani.JK000218-ara1"",""openiti_dv_1335IbnCabdSamicAbiAzhari.ThamrDani.Shamela0007441-ara1"",""openiti_dv_1335IbnCabdSamicAbiAzhari.ThamrDani.Shia000922-ara1""]",Same OpenITI work URI; retain versions separately.
dup_openiti_work_1336CabdHamidThani.MudhakkaratiSiyasiya,openiti_work_1336CabdHamidThani.MudhakkaratiSiyasiya,2,"[""openiti_dv_1336CabdHamidThani.MudhakkaratiSiyasiya.JK000391-ara1"",""openiti_dv_1336CabdHamidThani.MudhakkaratiSiyasiya.Shamela0009118-ara1""]",Same OpenITI work URI; retain versions separately.
dup_openiti_work_1337MuhammadZahriGhamrawi.SirajWahhaj,openiti_work_1337MuhammadZahriGhamrawi.SirajWahhaj,2,"[""openiti_dv_1337MuhammadZahriGhamrawi.SirajWahhaj.JK001244-ara1"",""openiti_dv_1337MuhammadZahriGhamrawi.SirajWahhaj.Shamela0006123-ara1""]",Same OpenITI work URI; retain versions separately.
dup_openiti_work_1338MuhammadFaridBey.Tarikh,openiti_work_1338MuhammadFaridBey.Tarikh,2,"[""openiti_dv_1338MuhammadFaridBey.Tarikh.JK000411-ara1"",""openiti_dv_1338MuhammadFaridBey.Tarikh.Shamela0006638-ara1""]",Same OpenITI work URI; retain versions separately.
dup_openiti_work_1338TahirJazairiDimashqi.TawjihNazar,openiti_work_1338TahirJazairiDimashqi.TawjihNazar,2,"[""openiti_dv_1338TahirJazairiDimashqi.TawjihNazar.JK000990-ara1"",""openiti_dv_1338TahirJazairiDimashqi.TawjihNazar.Shamela0005981-ara1""]",Same OpenITI work URI; retain versions separately.
dup_openiti_work_1339FursatDawlaShirazi.AtharCajam,openiti_work_1339FursatDawlaShirazi.AtharCajam,2,"[""openiti_dv_1339FursatDawlaShirazi.AtharCajam.Kraken210903013118-per1"",""openiti_dv_1339FursatDawlaShirazi.AtharCajam.Qaemiyeh000000-per1""]",Same OpenITI work URI; retain versions separately.
dup_openiti_work_1339IsmacilBashaBaghdadi.HadiyyatCarifin,openiti_work_1339IsmacilBashaBaghdadi.HadiyyatCarifin,4,"[""openiti_dv_1339IsmacilBashaBaghdadi.HadiyyatCarifin.JK001418-ara1"",""openiti_dv_1339IsmacilBashaBaghdadi.HadiyyatCarifin.Shamela0003003-ara1"",""openiti_dv_1339IsmacilBashaBaghdadi.HadiyyatCarifin.Shia003362Vols-ara1"",""openiti_dv_1339IsmacilBashaBaghdadi.HadiyyatCarifin.Zaydiyya0000247-ara1""]",Same OpenITI work URI; retain versions separately.
dup_openiti_work_1339IsmacilBashaBaghdadi.IdahMaknun,openiti_work_1339IsmacilBashaBaghdadi.IdahMaknun,3,"[""openiti_dv_1339IsmacilBashaBaghdadi.IdahMaknun.JK000845-ara1"",""openiti_dv_1339IsmacilBashaBaghdadi.IdahMaknun.Shamela0000851-ara1"",""openiti_dv_1339IsmacilBashaBaghdadi.IdahMaknun.Shia003360Vols-ara1""]",Same OpenITI work URI; retain versions separately.
dup_openiti_work_1340CaliBahrani.ManarHuda,openiti_work_1340CaliBahrani.ManarHuda,2,"[""openiti_dv_1340CaliBahrani.ManarHuda.Rafed0003574-ara1"",""openiti_dv_1340CaliBahrani.ManarHuda.Shia004525-ara1""]",Same OpenITI work URI; retain versions separately.
dup_openiti_work_1342MahmudShukriAlusi.FaslKhitab,openiti_work_1342MahmudShukriAlusi.FaslKhitab,3,"[""openiti_dv_1342MahmudShukriAlusi.FaslKhitab.Shamela0008549-ara1"",""openiti_dv_1342MahmudShukriAlusi.FaslKhitab.Shamela0009637-ara1"",""openiti_dv_1342MahmudShukriAlusi.FaslKhitab.Shamela0030866-ara1""]",Same OpenITI work URI; retain versions separately.
dup_openiti_work_1342MahmudShukriAlusi.MaDallaCalayhiQuran,openiti_work_1342MahmudShukriAlusi.MaDallaCalayhiQuran,3,"[""openiti_dv_1342MahmudShukriAlusi.MaDallaCalayhiQuran.JK001137-ara1"",""openiti_dv_1342MahmudShukriAlusi.MaDallaCalayhiQuran.ShamAY0001529-ara1"",""openiti_dv_1342MahmudShukriAlusi.MaDallaCalayhiQuran.Shamela0005551-ara1""]",Same OpenITI work URI; retain versions separately.
dup_openiti_work_1342MahmudShukriAlusi.Suyuf,openiti_work_1342MahmudShukriAlusi.Suyuf,2,"[""openiti_dv_1342MahmudShukriAlusi.Suyuf.ShamAY0001783-ara1"",""openiti_dv_1342MahmudShukriAlusi.Suyuf.Shamela0096337-ara1""]",Same OpenITI work URI; retain versions separately.
dup_openiti_work_1342MustafaLutfiManfaluti.Nazarat,openiti_work_1342MustafaLutfiManfaluti.Nazarat,2,"[""openiti_dv_1342MustafaLutfiManfaluti.Nazarat.Hindawi094061468-ara1"",""openiti_dv_1342MustafaLutfiManfaluti.Nazarat.Shamela0011400-ara1""]",Same OpenITI work URI; retain versions separately.
dup_openiti_work_1345IbnCafifiKhudari.NurYaqin,openiti_work_1345IbnCafifiKhudari.NurYaqin,3,"[""openiti_dv_1345IbnCafifiKhudari.NurYaqin.JK009247-ara1"",""openiti_dv_1345IbnCafifiKhudari.NurYaqin.ShamAY0034443-ara1"",""openiti_dv_1345IbnCafifiKhudari.NurYaqin.Shamela0023692-ara1""]",Same OpenITI work URI; retain versions separately.
dup_openiti_work_1345IbnJacfarKattani.NazmMutanathir,openiti_work_1345IbnJacfarKattani.NazmMutanathir,3,"[""openiti_dv_1345IbnJacfarKattani.NazmMutanathir.JK000772-ara1"",""openiti_dv_1345IbnJacfarKattani.NazmMutanathir.Shamela0007016-ara1"",""openiti_dv_1345IbnJacfarKattani.NazmMutanathir.Shia002298-ara1""]",Same OpenITI work URI; retain versions separately.
dup_openiti_work_1345IbnJacfarKattani.RisalaMustatrafa,openiti_work_1345IbnJacfarKattani.RisalaMustatrafa,3,"[""openiti_dv_1345IbnJacfarKattani.RisalaMustatrafa.JK000224-ara1"",""openiti_dv_1345IbnJacfarKattani.RisalaMustatrafa.ShamAY0037613-ara1"",""openiti_dv_1345IbnJacfarKattani.RisalaMustatrafa.Shamela0007636-ara1""]",Same OpenITI work URI; retain versions separately.
dup_openiti_work_1346CabdQadirBadran.MadkhalIlaMadhhabAhmad,openiti_work_1346CabdQadirBadran.MadkhalIlaMadhhabAhmad,3,"[""openiti_dv_1346CabdQadirBadran.MadkhalIlaMadhhabAhmad.JK000268-ara1"",""openiti_dv_1346CabdQadirBadran.MadkhalIlaMadhhabAhmad.ShamAY0034195-ara1"",""openiti_dv_1346CabdQadirBadran.MadkhalIlaMadhhabAhmad.Shamela0006309-ara1""]",Same OpenITI work URI; retain versions separately.
dup_openiti_work_1346CabdQadirBadran.Munadama,openiti_work_1346CabdQadirBadran.Munadama,2,"[""openiti_dv_1346CabdQadirBadran.Munadama.JK000964-ara1"",""openiti_dv_1346CabdQadirBadran.Munadama.Shamela0006710-ara1""]",Same OpenITI work URI; retain versions separately.
dup_openiti_work_1349IbnSahmanKhathcami.Futyayan,openiti_work_1349IbnSahmanKhathcami.Futyayan,2,"[""openiti_dv_1349IbnSahmanKhathcami.Futyayan.JK009136-ara1"",""openiti_dv_1349IbnSahmanKhathcami.Futyayan.Shamela0006515-ara1""]",Same OpenITI work URI; retain versions separately.
dup_openiti_work_1349IbnSahmanKhathcami.KashfAwham,openiti_work_1349IbnSahmanKhathcami.KashfAwham,2,"[""openiti_dv_1349IbnSahmanKhathcami.KashfAwham.JK001025-ara1"",""openiti_dv_1349IbnSahmanKhathcami.KashfAwham.Shamela0006504-ara1""]",Same OpenITI work URI; retain versions separately.
dup_openiti_work_1349IbnSahmanKhathcami.TamayyuzSidq,openiti_work_1349IbnSahmanKhathcami.TamayyuzSidq,2,"[""openiti_dv_1349IbnSahmanKhathcami.TamayyuzSidq.JK006834-ara1"",""openiti_dv_1349IbnSahmanKhathcami.TamayyuzSidq.Shamela0006488-ara1""]",Same OpenITI work URI; retain versions separately.
dup_openiti_work_1351YusufIlyanSarkis.MucjamMatbucat,openiti_work_1351YusufIlyanSarkis.MucjamMatbucat,3,"[""openiti_dv_1351YusufIlyanSarkis.MucjamMatbucat.Shamela0001242-ara1"",""openiti_dv_1351YusufIlyanSarkis.MucjamMatbucat.Shia003364Vols-ara1"",""openiti_dv_1351YusufIlyanSarkis.MucjamMatbucat.Zaydiyya0000223-ara1""]",Same OpenITI work URI; retain versions separately.
dup_openiti_work_1353IbnCabdRahimMubarakfuri.TuhfatAhwadhi,openiti_work_1353IbnCabdRahimMubarakfuri.TuhfatAhwadhi,3,"[""openiti_dv_1353IbnCabdRahimMubarakfuri.TuhfatAhwadhi.JK000201-ara1"",""openiti_dv_1353IbnCabdRahimMubarakfuri.TuhfatAhwadhi.Shamela0021662-ara1"",""openiti_dv_1353IbnCabdRahimMubarakfuri.TuhfatAhwadhi.Shia001853Vols-ara1""]",Same OpenITI work URI; retain versions separately.
dup_openiti_work_1354RashidRida.Manar,openiti_work_1354RashidRida.Manar,3,"[""openiti_dv_1354RashidRida.Manar.ShamAY0012304-ara1"",""openiti_dv_1354RashidRida.Manar.Shamela0006947-ara1"",""openiti_dv_1354RashidRida.Manar.Tafsir02103-ara1""]",Same OpenITI work URI; retain versions separately.
dup_openiti_work_1355AhmadTahtawi.TanbihWaIqaz,openiti_work_1355AhmadTahtawi.TanbihWaIqaz,3,"[""openiti_dv_1355AhmadTahtawi.TanbihWaIqaz.JK004505-ara1"",""openiti_dv_1355AhmadTahtawi.TanbihWaIqaz.Shamela0001116-ara1"",""openiti_dv_1355AhmadTahtawi.TanbihWaIqaz.Shia003354-ara1""]",Same OpenITI work URI; retain versions separately.
dup_openiti_work_1364CamirIbnKHamisMaliki.GhayatMatlub,openiti_work_1364CamirIbnKHamisMaliki.GhayatMatlub,2,"[""openiti_dv_1364CamirIbnKHamisMaliki.GhayatMatlub.ShamIbadiyya0000459-ara1"",""openiti_dv_1364CamirIbnKHamisMaliki.GhayatMatlub.ShamIbadiyya0000942-ara1""]",Same OpenITI work URI; retain versions separately.
dup_openiti_work_1364IbnHamdMughiri.MuntakhabQabail,openiti_work_1364IbnHamdMughiri.MuntakhabQabail,2,"[""openiti_dv_1364IbnHamdMughiri.MuntakhabQabail.JK010494-ara1"",""openiti_dv_1364IbnHamdMughiri.MuntakhabQabail.Shamela0000494-ara1""]",Same OpenITI work URI; retain versions separately.
dup_openiti_work_1364MacrufRusafi.Diwan,openiti_work_1364MacrufRusafi.Diwan,2,"[""openiti_dv_1364MacrufRusafi.Diwan.Hindawi051703160-ara1"",""openiti_dv_1364MacrufRusafi.Diwan.JK007642-ara1""]",Same OpenITI work URI; retain versions separately.
dup_openiti_work_1369MuhammadRida.AbuBakr,openiti_work_1369MuhammadRida.AbuBakr,2,"[""openiti_dv_1369MuhammadRida.AbuBakr.Shamela0007472-ara1"",""openiti_dv_1369MuhammadRida.AbuBakr.Shamela0021515-ara1""]",Same OpenITI work URI; retain versions separately.
dup_openiti_work_1371AhmadMustafaMaraghi.Tafsir,openiti_work_1371AhmadMustafaMaraghi.Tafsir,3,"[""openiti_dv_1371AhmadMustafaMaraghi.Tafsir.Rafed0001658Vols-ara1"",""openiti_dv_1371AhmadMustafaMaraghi.Tafsir.Sham19Y0023608-ara1"",""openiti_dv_1371AhmadMustafaMaraghi.Tafsir.ShamAY0023608-ara1""]",Same OpenITI work URI; retain versions separately.
dup_openiti_work_1372KurdCali.KhitatSham,openiti_work_1372KurdCali.KhitatSham,4,"[""openiti_dv_1372KurdCali.KhitatSham.Rafed0002276Vols-ara1"",""openiti_dv_1372KurdCali.KhitatSham.ShamAY0000451-ara1"",""openiti_dv_1372KurdCali.KhitatSham.ShamAY0033802-ara1"",""openiti_dv_1372KurdCali.KhitatSham.Shamela0037063-ara1""]",Same OpenITI work URI; retain versions separately.
dup_openiti_work_1372KurdCali.MajallatMuqtabas,openiti_work_1372KurdCali.MajallatMuqtabas,2,"[""openiti_dv_1372KurdCali.MajallatMuqtabas.Sham19Y0026523-ara1"",""openiti_dv_1372KurdCali.MajallatMuqtabas.ShamAY0000443-ara1""]",Same OpenITI work URI; retain versions separately.
dup_openiti_work_1377AhmadMuhammadShakir.BacithHathith,openiti_work_1377AhmadMuhammadShakir.BacithHathith,2,"[""openiti_dv_1377AhmadMuhammadShakir.BacithHathith.JK006970-ara1"",""openiti_dv_1377AhmadMuhammadShakir.BacithHathith.Shamela0021571-ara1""]",Same OpenITI work URI; retain versions separately.
dup_openiti_work_1379BadicZamanNursi.IsharatIcjaz,openiti_work_1379BadicZamanNursi.IsharatIcjaz,2,"[""openiti_dv_1379BadicZamanNursi.IsharatIcjaz.Sham19Y0007849-ara1"",""openiti_dv_1379BadicZamanNursi.IsharatIcjaz.ShamAY0007849-ara1""]",Same OpenITI work URI; retain versions separately.
dup_openiti_work_1381MuhammadSancani.MulhaqBadr,openiti_work_1381MuhammadSancani.MulhaqBadr,2,"[""openiti_dv_1381MuhammadSancani.MulhaqBadr.JK008005-ara1"",""openiti_dv_1381MuhammadSancani.MulhaqBadr.Shamela0006672-ara1""]",Same OpenITI work URI; retain versions separately.
dup_openiti_work_1382Kattani.FahrasFaharis,openiti_work_1382Kattani.FahrasFaharis,2,"[""openiti_dv_1382Kattani.FahrasFaharis.JK001082-ara1"",""openiti_dv_1382Kattani.FahrasFaharis.Shamela0001037-ara1""]",Same OpenITI work URI; retain versions separately.
dup_openiti_work_1389AghaBuzurgTihrani.DharicaIlaTasanifShica,openiti_work_1389AghaBuzurgTihrani.DharicaIlaTasanifShica,2,"[""openiti_dv_1389AghaBuzurgTihrani.DharicaIlaTasanifShica.Shia003366Vols-ara1"",""openiti_dv_1389AghaBuzurgTihrani.DharicaIlaTasanifShica.Zaydiyya0000134-ara1""]",Same OpenITI work URI; retain versions separately.
dup_openiti_work_1390HamadSulaymi.HidayatMubassirin,openiti_work_1390HamadSulaymi.HidayatMubassirin,2,"[""openiti_dv_1390HamadSulaymi.HidayatMubassirin.ShamIbadiyya0000823-ara1"",""openiti_dv_1390HamadSulaymi.HidayatMubassirin.ShamIbadiyya0000824-ara1""]",Same OpenITI work URI; retain versions separately.
dup_openiti_work_1392CazraHaddad.RihlatBinyaminTutili,openiti_work_1392CazraHaddad.RihlatBinyaminTutili,2,"[""openiti_dv_1392CazraHaddad.RihlatBinyaminTutili.Masaha004577-ara1"",""openiti_dv_1392CazraHaddad.RihlatBinyaminTutili.Shamela0011681-ara1""]",Same OpenITI work URI; retain versions separately.
dup_openiti_work_1393MuhammadTahirIbnCashurTunisi.TahrirWaTanwir,openiti_work_1393MuhammadTahirIbnCashurTunisi.TahrirWaTanwir,4,"[""openiti_dv_1393MuhammadTahirIbnCashurTunisi.TahrirWaTanwir.JK009362-ara1"",""openiti_dv_1393MuhammadTahirIbnCashurTunisi.TahrirWaTanwir.Rafed0002905Vols-ara1"",""openiti_dv_1393MuhammadTahirIbnCashurTunisi.TahrirWaTanwir.Shamela0009776-ara1"",""openiti_dv_1393MuhammadTahirIbnCashurTunisi.TahrirWaTanwir.Tafsir07054-ara1""]",Same OpenITI work URI; retain versions separately.
dup_openiti_work_1396KhayrDinZirikli.Aclam,openiti_work_1396KhayrDinZirikli.Aclam,5,"[""openiti_dv_1396KhayrDinZirikli.Aclam.Sham30K0012286-ara1"",""openiti_dv_1396KhayrDinZirikli.Aclam.Sham30K0032952-ara1"",""openiti_dv_1396KhayrDinZirikli.Aclam.Sham30K0044666-ara1"",""openiti_dv_1396KhayrDinZirikli.Aclam.Shamela0012286-ara1"",""openiti_dv_1396KhayrDinZirikli.Aclam.Shia003396Vols-ara1""]",Same OpenITI work URI; retain versions separately.
dup_openiti_work_1400MuhammadIbrahimSalim.TabaicNisa,openiti_work_1400MuhammadIbrahimSalim.TabaicNisa,2,"[""openiti_dv_1400MuhammadIbrahimSalim.TabaicNisa.JK000009-ara1"",""openiti_dv_1400MuhammadIbrahimSalim.TabaicNisa.Shamela0006945-ara1""]",Same OpenITI work URI; retain versions separately.
dup_openiti_work_1402SayyidTabatabai.TafsirMizan,openiti_work_1402SayyidTabatabai.TafsirMizan,4,"[""openiti_dv_1402SayyidTabatabai.TafsirMizan.Rafed0001433Vols-ara1"",""openiti_dv_1402SayyidTabatabai.TafsirMizan.Shia002406Vols-ara1"",""openiti_dv_1402SayyidTabatabai.TafsirMizan.Tafsir04056-ara1"",""openiti_dv_1402SayyidTabatabai.TafsirMizan.Zaydiyya0000282-ara1""]",Same OpenITI work URI; retain versions separately.
dup_openiti_work_1404IbrahimQattan.TaysirTafsir,openiti_work_1404IbrahimQattan.TaysirTafsir,2,"[""openiti_dv_1404IbrahimQattan.TaysirTafsir.ShamAY0000029-ara1"",""openiti_dv_1404IbrahimQattan.TaysirTafsir.Tafsir09068-ara1""]",Same OpenITI work URI; retain versions separately.
dup_openiti_work_1408CabdSalamHarun.NawadirMakhtutat,openiti_work_1408CabdSalamHarun.NawadirMakhtutat,2,"[""openiti_dv_1408CabdSalamHarun.NawadirMakhtutat.Sham19Y0021514-ara1"",""openiti_dv_1408CabdSalamHarun.NawadirMakhtutat.ShamAY0021514-ara1""]",Same OpenITI work URI; retain versions separately.
dup_openiti_work_1408CumarKahhala.MucjamMuallifin,openiti_work_1408CumarKahhala.MucjamMuallifin,6,"[""openiti_dv_1408CumarKahhala.MucjamMuallifin.Sham30K0003901-ara1"",""openiti_dv_1408CumarKahhala.MucjamMuallifin.Sham30K0035638-ara1"",""openiti_dv_1408CumarKahhala.MucjamMuallifin.Sham30K0036917-ara1"",""openiti_dv_1408CumarKahhala.MucjamMuallifin.Sham30K0042922-ara1"",""openiti_dv_1408CumarKahhala.MucjamMuallifin.Shamela0003901-ara1"",""openiti_dv_1408CumarKahhala.MucjamMuallifin.Shia003408Vols-ara1""]",Same OpenITI work URI; retain versions separately.
dup_openiti_work_1408CumarKahhala.MucjamQabail,openiti_work_1408CumarKahhala.MucjamQabail,2,"[""openiti_dv_1408CumarKahhala.MucjamQabail.Shamela0012402-ara1"",""openiti_dv_1408CumarKahhala.MucjamQabail.Shia003451Vols-ara1""]",Same OpenITI work URI; retain versions separately.
dup_openiti_work_1409MuhammadHusaynShahriyar.HaydarBaba,openiti_work_1409MuhammadHusaynShahriyar.HaydarBaba,2,"[""openiti_dv_1409MuhammadHusaynShahriyar.HaydarBaba.PDL00113-per1"",""openiti_dv_1409MuhammadHusaynShahriyar.HaydarBaba.PDL00114-per1""]",Same OpenITI work URI; retain versions separately.
dup_openiti_work_1409RuhAllahKhumayni.ArbacunHadithan,openiti_work_1409RuhAllahKhumayni.ArbacunHadithan,2,"[""openiti_dv_1409RuhAllahKhumayni.ArbacunHadithan.Zaydiyya0000111-ara1"",""openiti_dv_1409RuhAllahKhumayni.ArbacunHadithan.Zaydiyya0000256-ara1""]",Same OpenITI work URI; retain versions separately.
dup_openiti_work_1416CabbudShaliji.NishwarQuotes,openiti_work_1416CabbudShaliji.NishwarQuotes,2,"[""openiti_dv_1416CabbudShaliji.NishwarQuotes.Masaha002964VolsBK2-ara1"",""openiti_dv_1416CabbudShaliji.NishwarQuotes.Shamela0010275BK2-ara1""]",Same OpenITI work URI; retain versions separately.
dup_openiti_work_1419MahmudTanahi.MaqalatTanahi,openiti_work_1419MahmudTanahi.MaqalatTanahi,2,"[""openiti_dv_1419MahmudTanahi.MaqalatTanahi.Sham19Y0148533-ara1"",""openiti_dv_1419MahmudTanahi.MaqalatTanahi.ShamAY0038630-ara1""]",Same OpenITI work URI; retain versions separately.
dup_openiti_work_1420CaliTantawi.NurWaHidaya,openiti_work_1420CaliTantawi.NurWaHidaya,2,"[""openiti_dv_1420CaliTantawi.NurWaHidaya.Sham19Y0001791-ara1"",""openiti_dv_1420CaliTantawi.NurWaHidaya.ShamAY0031960-ara1""]",Same OpenITI work URI; retain versions separately.
dup_openiti_work_1420CaliTantawi.TacrifCamm,openiti_work_1420CaliTantawi.TacrifCamm,2,"[""openiti_dv_1420CaliTantawi.TacrifCamm.Sham19Y0037562-ara1"",""openiti_dv_1420CaliTantawi.TacrifCamm.ShamAY0000986-ara1""]",Same OpenITI work URI; retain versions separately.
dup_openiti_work_1420IbnBaz.FatawaNurCalaDarb,openiti_work_1420IbnBaz.FatawaNurCalaDarb,2,"[""openiti_dv_1420IbnBaz.FatawaNurCalaDarb.Shamela0000107-ara1"",""openiti_dv_1420IbnBaz.FatawaNurCalaDarb.Shamela0008380-ara1""]",Same OpenITI work URI; retain versions separately.
dup_openiti_work_1421MuhammadHadiAmini.MucjamMatbucatNajafiyya,openiti_work_1421MuhammadHadiAmini.MucjamMatbucatNajafiyya,2,"[""openiti_dv_1421MuhammadHadiAmini.MucjamMatbucatNajafiyya.Shia003421-ara1"",""openiti_dv_1421MuhammadHadiAmini.MucjamMatbucatNajafiyya.Zaydiyya0000225-ara1""]",Same OpenITI work URI; retain versions separately.
dup_openiti_work_1422CabdCazizSalman.MajmucatQasaid,openiti_work_1422CabdCazizSalman.MajmucatQasaid,2,"[""openiti_dv_1422CabdCazizSalman.MajmucatQasaid.Sham19Y0038155-ara1"",""openiti_dv_1422CabdCazizSalman.MajmucatQasaid.ShamAY0001268-ara1""]",Same OpenITI work URI; retain versions separately.
dup_openiti_work_1428MajdDinMuayyadi.Tuhaf,openiti_work_1428MajdDinMuayyadi.Tuhaf,2,"[""openiti_dv_1428MajdDinMuayyadi.Tuhaf.Zaydiyya0000086-ara1"",""openiti_dv_1428MajdDinMuayyadi.Tuhaf.Zaydiyya0000392-ara1""]",Same OpenITI work URI; retain versions separately.
dup_openiti_work_1430MunicCabdHalimMahmud.ManahijMufassirin,openiti_work_1430MunicCabdHalimMahmud.ManahijMufassirin,3,"[""openiti_dv_1430MunicCabdHalimMahmud.ManahijMufassirin.Rafed0000876-ara1"",""openiti_dv_1430MunicCabdHalimMahmud.ManahijMufassirin.Sham19Y0038093-ara1"",""openiti_dv_1430MunicCabdHalimMahmud.ManahijMufassirin.ShamAY0001236-ara1""]",Same OpenITI work URI; retain versions separately.
dup_openiti_work_1431MuhammadSayyidTantawi.TafsirWasit,openiti_work_1431MuhammadSayyidTantawi.TafsirWasit,3,"[""openiti_dv_1431MuhammadSayyidTantawi.TafsirWasit.Rafed0003931Vols-ara1"",""openiti_dv_1431MuhammadSayyidTantawi.TafsirWasit.Sham19Y0023590-ara1"",""openiti_dv_1431MuhammadSayyidTantawi.TafsirWasit.Tafsir07057-ara1""]",Same OpenITI work URI; retain versions separately.
dup_openiti_work_1432YahyaKhashshab.SafarNamah,openiti_work_1432YahyaKhashshab.SafarNamah,3,"[""openiti_dv_1432YahyaKhashshab.SafarNamah.JK000392-ara1"",""openiti_dv_1432YahyaKhashshab.SafarNamah.Shamela0006707-ara1"",""openiti_dv_1432YahyaKhashshab.SafarNamah.Shia003490-ara1""]",Same OpenITI work URI; retain versions separately.
dup_openiti_work_1450Anonymous.AnwarYaqin,openiti_work_1450Anonymous.AnwarYaqin,2,"[""openiti_dv_1450Anonymous.AnwarYaqin.Zaydiyya0000288-ara2"",""openiti_dv_1450Anonymous.AnwarYaqin.Zaydiyya0000410Vols-ara1""]",Same OpenITI work URI; retain versions separately.
dup_openiti_work_1450Anonymous.KhatmMayyit,openiti_work_1450Anonymous.KhatmMayyit,2,"[""openiti_dv_1450Anonymous.KhatmMayyit.Zaydiyya0000234-ara1"",""openiti_dv_1450Anonymous.KhatmMayyit.Zaydiyya0000235-ara1""]",Same OpenITI work URI; retain versions separately.
dup_openiti_work_1450CabdKarimKhudayr.SharhAlfiyyatTabsira,openiti_work_1450CabdKarimKhudayr.SharhAlfiyyatTabsira,2,"[""openiti_dv_1450CabdKarimKhudayr.SharhAlfiyyatTabsira.Shamela0001779-ara1"",""openiti_dv_1450CabdKarimKhudayr.SharhAlfiyyatTabsira.Shamela0023769-ara1""]",Same OpenITI work URI; retain versions separately.
dup_openiti_work_1450CabdKarimKhudayr.SharhArbacinaNawawi,openiti_work_1450CabdKarimKhudayr.SharhArbacinaNawawi,2,"[""openiti_dv_1450CabdKarimKhudayr.SharhArbacinaNawawi.JK010183-ara1"",""openiti_dv_1450CabdKarimKhudayr.SharhArbacinaNawawi.Shamela0023423-ara1""]",Same OpenITI work URI; retain versions separately.
dup_openiti_work_1450CabdMajidBadawi.TarikhBukhara,openiti_work_1450CabdMajidBadawi.TarikhBukhara,2,"[""openiti_dv_1450CabdMajidBadawi.TarikhBukhara.Masaha004565-ara1"",""openiti_dv_1450CabdMajidBadawi.TarikhBukhara.ShamAY0033828-ara1""]",Same OpenITI work URI; retain versions separately.
dup_openiti_work_1450CasimQaryuti.MalahiqTacrifAhlTaqdis,openiti_work_1450CasimQaryuti.MalahiqTacrifAhlTaqdis,3,"[""openiti_dv_1450CasimQaryuti.MalahiqTacrifAhlTaqdis.JK010902BK2-ara1"",""openiti_dv_1450CasimQaryuti.MalahiqTacrifAhlTaqdis.Shamela0001186BK2-ara1"",""openiti_dv_1450CasimQaryuti.MalahiqTacrifAhlTaqdis.Shia003340BK2-ara1""]",Same OpenITI work URI; retain versions separately.
dup_openiti_work_1450DarIftaMisriyya.FatawaDarIfta,openiti_work_1450DarIftaMisriyya.FatawaDarIfta,2,"[""openiti_dv_1450DarIftaMisriyya.FatawaDarIfta.Sham30K0000432-ara1"",""openiti_dv_1450DarIftaMisriyya.FatawaDarIfta.Shamela0000432-ara1""]",Same OpenITI work URI; retain versions separately.
dup_openiti_work_1450HusamDinMusaCaffana.Fatawa,openiti_work_1450HusamDinMusaCaffana.Fatawa,2,"[""openiti_dv_1450HusamDinMusaCaffana.Fatawa.Shamela0009087-ara1"",""openiti_dv_1450HusamDinMusaCaffana.Fatawa.Shamela0010517-ara1""]",Same OpenITI work URI; retain versions separately.
dup_openiti_work_1450KazimZaydi.MajmucRasailKazim,openiti_work_1450KazimZaydi.MajmucRasailKazim,4,"[""openiti_dv_1450KazimZaydi.MajmucRasailKazim.Zaydiyya0000367-ara1"",""openiti_dv_1450KazimZaydi.MajmucRasailKazim.Zaydiyya0000494-ara1"",""openiti_dv_1450KazimZaydi.MajmucRasailKazim.Zaydiyya0000516-ara1"",""openiti_dv_1450KazimZaydi.MajmucRasailKazim.Zaydiyya0000589-ara1""]",Same OpenITI work URI; retain versions separately.
dup_openiti_work_1450MajmacFikrIslami.MawsucatMuallifiImamiyya,openiti_work_1450MajmacFikrIslami.MawsucatMuallifiImamiyya,2,"[""openiti_dv_1450MajmacFikrIslami.MawsucatMuallifiImamiyya.Shia003422Vols-ara1"",""openiti_dv_1450MajmacFikrIslami.MawsucatMuallifiImamiyya.Zaydiyya0000242-ara1""]",Same OpenITI work URI; retain versions separately.
dup_openiti_work_1450MuhammadHadiYusufi.MawsucatTarikhIslam,openiti_work_1450MuhammadHadiYusufi.MawsucatTarikhIslam,2,"[""openiti_dv_1450MuhammadHadiYusufi.MawsucatTarikhIslam.ShamAY0037152-ara1"",""openiti_dv_1450MuhammadHadiYusufi.MawsucatTarikhIslam.Shia003656Vols-ara1""]",Same OpenITI work URI; retain versions separately.
dup_openiti_work_1450MuhammadHasanBakkai.TartibIslahMantiq,openiti_work_1450MuhammadHasanBakkai.TartibIslahMantiq,2,"[""openiti_dv_1450MuhammadHasanBakkai.TartibIslahMantiq.JK010886-ara1"",""openiti_dv_1450MuhammadHasanBakkai.TartibIslahMantiq.Shia003900-ara1""]",Same OpenITI work URI; retain versions separately.
dup_openiti_work_1450MuhammadIsmacilMuqaddam.CuluwwHimma,openiti_work_1450MuhammadIsmacilMuqaddam.CuluwwHimma,2,"[""openiti_dv_1450MuhammadIsmacilMuqaddam.CuluwwHimma.Sham19Y0096278-ara1"",""openiti_dv_1450MuhammadIsmacilMuqaddam.CuluwwHimma.ShamAY0001760-ara1""]",Same OpenITI work URI; retain versions separately.
dup_openiti_work_1450MuhammadYahyaCazzan.HayyCalaKhayrCamal,openiti_work_1450MuhammadYahyaCazzan.HayyCalaKhayrCamal,2,"[""openiti_dv_1450MuhammadYahyaCazzan.HayyCalaKhayrCamal.Zaydiyya0000157-ara1"",""openiti_dv_1450MuhammadYahyaCazzan.HayyCalaKhayrCamal.Zaydiyya0000465-ara1""]",Same OpenITI work URI; retain versions separately.
dup_openiti_work_1450MurtadaCaskari.MacalimMadrasatayn,openiti_work_1450MurtadaCaskari.MacalimMadrasatayn,2,"[""openiti_dv_1450MurtadaCaskari.MacalimMadrasatayn.Shia001663Vols-ara1"",""openiti_dv_1450MurtadaCaskari.MacalimMadrasatayn.Zaydiyya0000169-ara1""]",Same OpenITI work URI; retain versions separately.
dup_openiti_work_1450QasimCaliSacd.JamharatTarajimFuqahaMalikiyya,openiti_work_1450QasimCaliSacd.JamharatTarajimFuqahaMalikiyya,2,"[""openiti_dv_1450QasimCaliSacd.JamharatTarajimFuqahaMalikiyya.Sham19Y0004324-ara1"",""openiti_dv_1450QasimCaliSacd.JamharatTarajimFuqahaMalikiyya.ShamAY0034657-ara1""]",Same OpenITI work URI; retain versions separately.
dup_openiti_work_1450TullabKSU.IkmalTahdhibTarajimSaqita,openiti_work_1450TullabKSU.IkmalTahdhibTarajimSaqita,2,"[""openiti_dv_1450TullabKSU.IkmalTahdhibTarajimSaqita.ShamAY0000958-ara1"",""openiti_dv_1450TullabKSU.IkmalTahdhibTarajimSaqita.Shamela0037551-ara1""]",Same OpenITI work URI; retain versions separately.
dup_openiti_work_1450YasirCabdRahman.MawsucatAkhlaq,openiti_work_1450YasirCabdRahman.MawsucatAkhlaq,2,"[""openiti_dv_1450YasirCabdRahman.MawsucatAkhlaq.Sham19Y0096918-ara1"",""openiti_dv_1450YasirCabdRahman.MawsucatAkhlaq.ShamAY0002038-ara1""]",Same OpenITI work URI; retain versions separately.
dup_openiti_work_1450YusufBakar.SiyasatNamaNizamMulk,openiti_work_1450YusufBakar.SiyasatNamaNizamMulk,2,"[""openiti_dv_1450YusufBakar.SiyasatNamaNizamMulk.JK000419-ara1"",""openiti_dv_1450YusufBakar.SiyasatNamaNizamMulk.Shamela0008345-ara1""]",Same OpenITI work URI; retain versions separately.
dup_openiti_work_1450YusufHadi.HududCalam,openiti_work_1450YusufHadi.HududCalam,2,"[""openiti_dv_1450YusufHadi.HududCalam.Rafed0002458-ara1"",""openiti_dv_1450YusufHadi.HududCalam.Shamela0010809-ara1""]",Same OpenITI work URI; retain versions separately.
