manuscript_id,work_id,institution,collection,shelfmark,catalog_title,catalog_url,digitized_url,iiif_manifest,folio_count,date,place,scribe,material,script,language,description,rights_statement,rights_url,download_allowed,local_hosting_allowed,attribution,image_resolution,ocr_available,rights_status,source_provider
MS0000Unknown.FieldCT133_4.IEDC1261-mpp1,NULL,مجموعة مجهولة,MS0000Unknown,location unknown (field no. CT-133/4),MS0000Unknown.FieldCT133_4.IEDC1261-mpp1,NULL,NULL,NULL,NULL,NULL,مجهول,NULL,NULL,NULL,mpp,OpenITI manuscript/document transcription; physical-image rights not inferred.,OpenITI transcription CC BY-NC-SA 4.0; source image/catalog rights separate.,https://kitab-project.org/docs/openITI,TRANSCRIPTION_ALLOWED_BY_LICENSE,NONCOMMERCIAL_BY_NC_SA_ONLY,OpenITI/KITAB + source institution,NULL,False,NEEDS_ITEM_LEVEL_REVIEW,OpenITI 2025.1.9
MS0000UnknownPrivate.HuartI.IEDC0150-ara1,NULL,مجموعة خاصة,MS0000UnknownPrivate,Huart I,MS0000UnknownPrivate.HuartI.IEDC0150-ara1,NULL,NULL,NULL,NULL,NULL,مجهول,NULL,NULL,NULL,ara,OpenITI manuscript/document transcription; physical-image rights not inferred.,OpenITI transcription CC BY-NC-SA 4.0; source image/catalog rights separate.,https://kitab-project.org/docs/openITI,TRANSCRIPTION_ALLOWED_BY_LICENSE,NONCOMMERCIAL_BY_NC_SA_ONLY,OpenITI/KITAB + source institution,NULL,False,NEEDS_ITEM_LEVEL_REVIEW,OpenITI 2025.1.9
MS0000UnknownPrivate.HuartII.IEDC0151-ara1ugo1,NULL,مجموعة خاصة,MS0000UnknownPrivate,Huart II,MS0000UnknownPrivate.HuartII.IEDC0151-ara1ugo1,NULL,NULL,NULL,NULL,NULL,مجهول,NULL,NULL,NULL,"ara,ugo",OpenITI manuscript/document transcription; physical-image rights not inferred.,OpenITI transcription CC BY-NC-SA 4.0; source image/catalog rights separate.,https://kitab-project.org/docs/openITI,TRANSCRIPTION_ALLOWED_BY_LICENSE,NONCOMMERCIAL_BY_NC_SA_ONLY,OpenITI/KITAB + source institution,NULL,False,NEEDS_ITEM_LEVEL_REVIEW,OpenITI 2025.1.9
MS0000UnknownPrivate.HuartIII.IEDC0152-ara1ugo1,NULL,مجموعة خاصة,MS0000UnknownPrivate,Huart III,MS0000UnknownPrivate.HuartIII.IEDC0152-ara1ugo1,NULL,NULL,NULL,NULL,NULL,مجهول,NULL,NULL,NULL,"ara,ugo",OpenITI manuscript/document transcription; physical-image rights not inferred.,OpenITI transcription CC BY-NC-SA 4.0; source image/catalog rights separate.,https://kitab-project.org/docs/openITI,TRANSCRIPTION_ALLOWED_BY_LICENSE,NONCOMMERCIAL_BY_NC_SA_ONLY,OpenITI/KITAB + source institution,NULL,False,NEEDS_ITEM_LEVEL_REVIEW,OpenITI 2025.1.9
MS0000UnknownPrivate.SimsWilliamsJg.IEDC0025-bac1,NULL,مجموعة خاصة,MS0000UnknownPrivate,Sims-Williams jg,MS0000UnknownPrivate.SimsWilliamsJg.IEDC0025-bac1,NULL,NULL,NULL,NULL,NULL,مجهول,NULL,NULL,NULL,bac,OpenITI manuscript/document transcription; physical-image rights not inferred.,OpenITI transcription CC BY-NC-SA 4.0; source image/catalog rights separate.,https://kitab-project.org/docs/openITI,TRANSCRIPTION_ALLOWED_BY_LICENSE,NONCOMMERCIAL_BY_NC_SA_ONLY,OpenITI/KITAB + source institution,NULL,False,NEEDS_ITEM_LEVEL_REVIEW,OpenITI 2025.1.9
MS0000UnknownPrivate.SimsWilliamsJj.IEDC0014-bac1,NULL,مجموعة خاصة,MS0000UnknownPrivate,Sims-Williams jj,MS0000UnknownPrivate.SimsWilliamsJj.IEDC0014-bac1,NULL,NULL,NULL,NULL,NULL,مجهول,NULL,NULL,NULL,bac,OpenITI manuscript/document transcription; physical-image rights not inferred.,OpenITI transcription CC BY-NC-SA 4.0; source image/catalog rights separate.,https://kitab-project.org/docs/openITI,TRANSCRIPTION_ALLOWED_BY_LICENSE,NONCOMMERCIAL_BY_NC_SA_ONLY,OpenITI/KITAB + source institution,NULL,False,NEEDS_ITEM_LEVEL_REVIEW,OpenITI 2025.1.9
MS0000UnknownPrivate.SimsWilliamsUv.IEDC0013-bac1,NULL,مجموعة خاصة,MS0000UnknownPrivate,Sims-Williams Uv,MS0000UnknownPrivate.SimsWilliamsUv.IEDC0013-bac1,NULL,NULL,NULL,NULL,NULL,مجهول,NULL,NULL,NULL,bac,OpenITI manuscript/document transcription; physical-image rights not inferred.,OpenITI transcription CC BY-NC-SA 4.0; source image/catalog rights separate.,https://kitab-project.org/docs/openITI,TRANSCRIPTION_ALLOWED_BY_LICENSE,NONCOMMERCIAL_BY_NC_SA_ONLY,OpenITI/KITAB + source institution,NULL,False,NEEDS_ITEM_LEVEL_REVIEW,OpenITI 2025.1.9
MS0001ChicagoISAC.ISACMA154067FieldCT205_1.IEDC1267-mpp1,NULL,معهد الدراسات المجتمعات القديمة,MS0001ChicagoISAC,ISACM A154067 (field no. CT-205.1),MS0001ChicagoISAC.ISACMA154067FieldCT205_1.IEDC1267-mpp1,NULL,NULL,NULL,NULL,NULL,شيكاغو,NULL,NULL,NULL,mpp,OpenITI manuscript/document transcription; physical-image rights not inferred.,OpenITI transcription CC BY-NC-SA 4.0; source image/catalog rights separate.,https://kitab-project.org/docs/openITI,TRANSCRIPTION_ALLOWED_BY_LICENSE,NONCOMMERCIAL_BY_NC_SA_ONLY,OpenITI/KITAB + source institution,NULL,False,NEEDS_ITEM_LEVEL_REVIEW,OpenITI 2025.1.9
MS0001ChicagoISAC.ISACMA154068FieldCT205_4.IEDC1270-mpp1,NULL,معهد الدراسات المجتمعات القديمة,MS0001ChicagoISAC,ISACM A154068 (field no. CT-205/4),MS0001ChicagoISAC.ISACMA154068FieldCT205_4.IEDC1270-mpp1,NULL,NULL,NULL,NULL,NULL,شيكاغو,NULL,NULL,NULL,mpp,OpenITI manuscript/document transcription; physical-image rights not inferred.,OpenITI transcription CC BY-NC-SA 4.0; source image/catalog rights separate.,https://kitab-project.org/docs/openITI,TRANSCRIPTION_ALLOWED_BY_LICENSE,NONCOMMERCIAL_BY_NC_SA_ONLY,OpenITI/KITAB + source institution,NULL,False,NEEDS_ITEM_LEVEL_REVIEW,OpenITI 2025.1.9
MS0001ChicagoISAC.ISACMA154069FieldCT205_3a.IEDC1268-mpp1,NULL,معهد الدراسات المجتمعات القديمة,MS0001ChicagoISAC,ISACM A154069 (field no. CT-205/3a),MS0001ChicagoISAC.ISACMA154069FieldCT205_3a.IEDC1268-mpp1,NULL,NULL,NULL,NULL,NULL,شيكاغو,NULL,NULL,NULL,mpp,OpenITI manuscript/document transcription; physical-image rights not inferred.,OpenITI transcription CC BY-NC-SA 4.0; source image/catalog rights separate.,https://kitab-project.org/docs/openITI,TRANSCRIPTION_ALLOWED_BY_LICENSE,NONCOMMERCIAL_BY_NC_SA_ONLY,OpenITI/KITAB + source institution,NULL,False,NEEDS_ITEM_LEVEL_REVIEW,OpenITI 2025.1.9
MS0001ChicagoISAC.ISACMA154070FieldCT205_3b.IEDC1269-mpp1,NULL,معهد الدراسات المجتمعات القديمة,MS0001ChicagoISAC,ISACM A154070 (field no. CT-205/3b),MS0001ChicagoISAC.ISACMA154070FieldCT205_3b.IEDC1269-mpp1,NULL,NULL,NULL,NULL,NULL,شيكاغو,NULL,NULL,NULL,mpp,OpenITI manuscript/document transcription; physical-image rights not inferred.,OpenITI transcription CC BY-NC-SA 4.0; source image/catalog rights separate.,https://kitab-project.org/docs/openITI,TRANSCRIPTION_ALLOWED_BY_LICENSE,NONCOMMERCIAL_BY_NC_SA_ONLY,OpenITI/KITAB + source institution,NULL,False,NEEDS_ITEM_LEVEL_REVIEW,OpenITI 2025.1.9
MS0001PhiladelphiaPenn.PM37_33_21FieldCT135_5.IEDC1265-mpp1,NULL,متحف الآثار وعلم الانسان في جامعة پنسلفانيا,MS0001PhiladelphiaPenn,PM 37-33-21 (field no. CT-135/5),MS0001PhiladelphiaPenn.PM37_33_21FieldCT135_5.IEDC1265-mpp1,NULL,NULL,NULL,NULL,NULL,فيلادلفيا,NULL,NULL,NULL,mpp,OpenITI manuscript/document transcription; physical-image rights not inferred.,OpenITI transcription CC BY-NC-SA 4.0; source image/catalog rights separate.,https://kitab-project.org/docs/openITI,TRANSCRIPTION_ALLOWED_BY_LICENSE,NONCOMMERCIAL_BY_NC_SA_ONLY,OpenITI/KITAB + source institution,NULL,False,NEEDS_ITEM_LEVEL_REVIEW,OpenITI 2025.1.9
MS0001PhiladelphiaPenn.PM37_33_42FieldCT135_6.IEDC1266-mpp1,NULL,متحف الآثار وعلم الانسان في جامعة پنسلفانيا,MS0001PhiladelphiaPenn,PM 37-33-42 (field no. CT-135/6),MS0001PhiladelphiaPenn.PM37_33_42FieldCT135_6.IEDC1266-mpp1,NULL,NULL,NULL,NULL,NULL,فيلادلفيا,NULL,NULL,NULL,mpp,OpenITI manuscript/document transcription; physical-image rights not inferred.,OpenITI transcription CC BY-NC-SA 4.0; source image/catalog rights separate.,https://kitab-project.org/docs/openITI,TRANSCRIPTION_ALLOWED_BY_LICENSE,NONCOMMERCIAL_BY_NC_SA_ONLY,OpenITI/KITAB + source institution,NULL,False,NEEDS_ITEM_LEVEL_REVIEW,OpenITI 2025.1.9
MS0001PhiladelphiaPenn.PM37_33_50FieldCT135_4.IEDC1264-mpp1,NULL,متحف الآثار وعلم الانسان في جامعة پنسلفانيا,MS0001PhiladelphiaPenn,PM 37-33-50 (field no. CT-135/4),MS0001PhiladelphiaPenn.PM37_33_50FieldCT135_4.IEDC1264-mpp1,NULL,NULL,NULL,NULL,NULL,فيلادلفيا,NULL,NULL,NULL,mpp,OpenITI manuscript/document transcription; physical-image rights not inferred.,OpenITI transcription CC BY-NC-SA 4.0; source image/catalog rights separate.,https://kitab-project.org/docs/openITI,TRANSCRIPTION_ALLOWED_BY_LICENSE,NONCOMMERCIAL_BY_NC_SA_ONLY,OpenITI/KITAB + source institution,NULL,False,NEEDS_ITEM_LEVEL_REVIEW,OpenITI 2025.1.9
MS0001PhiladelphiaPenn.PM37_33_52FieldCT135_2.IEDC1263-mpp1,NULL,متحف الآثار وعلم الانسان في جامعة پنسلفانيا,MS0001PhiladelphiaPenn,PM 37-33-52 (field no. CT-135/2),MS0001PhiladelphiaPenn.PM37_33_52FieldCT135_2.IEDC1263-mpp1,NULL,NULL,NULL,NULL,NULL,فيلادلفيا,NULL,NULL,NULL,mpp,OpenITI manuscript/document transcription; physical-image rights not inferred.,OpenITI transcription CC BY-NC-SA 4.0; source image/catalog rights separate.,https://kitab-project.org/docs/openITI,TRANSCRIPTION_ALLOWED_BY_LICENSE,NONCOMMERCIAL_BY_NC_SA_ONLY,OpenITI/KITAB + source institution,NULL,False,NEEDS_ITEM_LEVEL_REVIEW,OpenITI 2025.1.9
MS0001PhiladelphiaPenn.PM37_33_54FieldCT135_1.IEDC1262-mpp1,NULL,متحف الآثار وعلم الانسان في جامعة پنسلفانيا,MS0001PhiladelphiaPenn,PM 37-33-54 (field no. CT-135/1),MS0001PhiladelphiaPenn.PM37_33_54FieldCT135_1.IEDC1262-mpp1,NULL,NULL,NULL,NULL,NULL,فيلادلفيا,NULL,NULL,NULL,mpp,OpenITI manuscript/document transcription; physical-image rights not inferred.,OpenITI transcription CC BY-NC-SA 4.0; source image/catalog rights separate.,https://kitab-project.org/docs/openITI,TRANSCRIPTION_ALLOWED_BY_LICENSE,NONCOMMERCIAL_BY_NC_SA_ONLY,OpenITI/KITAB + source institution,NULL,False,NEEDS_ITEM_LEVEL_REVIEW,OpenITI 2025.1.9
MS0001PrincetonUL.Garett247B.SK202503-per1,NULL,مكتبة جامعت برينستون,MS0001PrincetonUL,Garett 247B,نظام التواریخ,NULL,NULL,NULL,NULL,NULL,برينستون، نيو جيرسي,NULL,NULL,NULL,per,OpenITI manuscript/document transcription; physical-image rights not inferred.,OpenITI transcription CC BY-NC-SA 4.0; source image/catalog rights separate.,https://kitab-project.org/docs/openITI,TRANSCRIPTION_ALLOWED_BY_LICENSE,NONCOMMERCIAL_BY_NC_SA_ONLY,OpenITI/KITAB + source institution,NULL,False,NEEDS_ITEM_LEVEL_REVIEW,OpenITI 2025.1.9
MS0001VirginiaPrivate.SimsWilliamsO.IEDC0001-bac1,NULL,مجموعة خاصة,MS0001VirginiaPrivate,Sims-Williams O,MS0001VirginiaPrivate.SimsWilliamsO.IEDC0001-bac1,NULL,NULL,NULL,NULL,NULL,فرجينيا,NULL,NULL,NULL,bac,OpenITI manuscript/document transcription; physical-image rights not inferred.,OpenITI transcription CC BY-NC-SA 4.0; source image/catalog rights separate.,https://kitab-project.org/docs/openITI,TRANSCRIPTION_ALLOWED_BY_LICENSE,NONCOMMERCIAL_BY_NC_SA_ONLY,OpenITI/KITAB + source institution,NULL,False,NEEDS_ITEM_LEVEL_REVIEW,OpenITI 2025.1.9
MS0044LondonBL.Or8212_166.IEDC1281-jup1,NULL,المكتبة البريطانية,MS0044LondonBL,Or.8212/166,MS0044LondonBL.Or8212_166.IEDC1281-jup1,NULL,NULL,NULL,NULL,NULL,لندن,NULL,NULL,NULL,jup,OpenITI manuscript/document transcription; physical-image rights not inferred.,OpenITI transcription CC BY-NC-SA 4.0; source image/catalog rights separate.,https://kitab-project.org/docs/openITI,TRANSCRIPTION_ALLOWED_BY_LICENSE,NONCOMMERCIAL_BY_NC_SA_ONLY,OpenITI/KITAB + source institution,NULL,False,NEEDS_ITEM_LEVEL_REVIEW,OpenITI 2025.1.9
MS0044LondonKhalili.DOC10.IEDC0008-bac1,NULL,مجموعة الخليلي,MS0044LondonKhalili,DOC 10,MS0044LondonKhalili.DOC10.IEDC0008-bac1,NULL,NULL,NULL,NULL,NULL,لندن,NULL,NULL,NULL,bac,OpenITI manuscript/document transcription; physical-image rights not inferred.,OpenITI transcription CC BY-NC-SA 4.0; source image/catalog rights separate.,https://kitab-project.org/docs/openITI,TRANSCRIPTION_ALLOWED_BY_LICENSE,NONCOMMERCIAL_BY_NC_SA_ONLY,OpenITI/KITAB + source institution,NULL,False,NEEDS_ITEM_LEVEL_REVIEW,OpenITI 2025.1.9
MS0044LondonKhalili.DOC112.IEDC0003-bac1,NULL,مجموعة الخليلي,MS0044LondonKhalili,DOC 112,MS0044LondonKhalili.DOC112.IEDC0003-bac1,NULL,NULL,NULL,NULL,NULL,لندن,NULL,NULL,NULL,bac,OpenITI manuscript/document transcription; physical-image rights not inferred.,OpenITI transcription CC BY-NC-SA 4.0; source image/catalog rights separate.,https://kitab-project.org/docs/openITI,TRANSCRIPTION_ALLOWED_BY_LICENSE,NONCOMMERCIAL_BY_NC_SA_ONLY,OpenITI/KITAB + source institution,NULL,False,NEEDS_ITEM_LEVEL_REVIEW,OpenITI 2025.1.9
MS0044LondonKhalili.DOC113.IEDC0011-bac1,NULL,مجموعة الخليلي,MS0044LondonKhalili,DOC 113,MS0044LondonKhalili.DOC113.IEDC0011-bac1,NULL,NULL,NULL,NULL,NULL,لندن,NULL,NULL,NULL,bac,OpenITI manuscript/document transcription; physical-image rights not inferred.,OpenITI transcription CC BY-NC-SA 4.0; source image/catalog rights separate.,https://kitab-project.org/docs/openITI,TRANSCRIPTION_ALLOWED_BY_LICENSE,NONCOMMERCIAL_BY_NC_SA_ONLY,OpenITI/KITAB + source institution,NULL,False,NEEDS_ITEM_LEVEL_REVIEW,OpenITI 2025.1.9
MS0044LondonKhalili.DOC114.IEDC0017-bac1,NULL,مجموعة الخليلي,MS0044LondonKhalili,DOC 114,MS0044LondonKhalili.DOC114.IEDC0017-bac1,NULL,NULL,NULL,NULL,NULL,لندن,NULL,NULL,NULL,bac,OpenITI manuscript/document transcription; physical-image rights not inferred.,OpenITI transcription CC BY-NC-SA 4.0; source image/catalog rights separate.,https://kitab-project.org/docs/openITI,TRANSCRIPTION_ALLOWED_BY_LICENSE,NONCOMMERCIAL_BY_NC_SA_ONLY,OpenITI/KITAB + source institution,NULL,False,NEEDS_ITEM_LEVEL_REVIEW,OpenITI 2025.1.9
MS0044LondonKhalili.DOC115.IEDC0019-bac1,NULL,مجموعة الخليلي,MS0044LondonKhalili,DOC 115,MS0044LondonKhalili.DOC115.IEDC0019-bac1,NULL,NULL,NULL,NULL,NULL,لندن,NULL,NULL,NULL,bac,OpenITI manuscript/document transcription; physical-image rights not inferred.,OpenITI transcription CC BY-NC-SA 4.0; source image/catalog rights separate.,https://kitab-project.org/docs/openITI,TRANSCRIPTION_ALLOWED_BY_LICENSE,NONCOMMERCIAL_BY_NC_SA_ONLY,OpenITI/KITAB + source institution,NULL,False,NEEDS_ITEM_LEVEL_REVIEW,OpenITI 2025.1.9
MS0044LondonKhalili.DOC116.IEDC0004-bac1,NULL,مجموعة الخليلي,MS0044LondonKhalili,DOC 116,MS0044LondonKhalili.DOC116.IEDC0004-bac1,NULL,NULL,NULL,NULL,NULL,لندن,NULL,NULL,NULL,bac,OpenITI manuscript/document transcription; physical-image rights not inferred.,OpenITI transcription CC BY-NC-SA 4.0; source image/catalog rights separate.,https://kitab-project.org/docs/openITI,TRANSCRIPTION_ALLOWED_BY_LICENSE,NONCOMMERCIAL_BY_NC_SA_ONLY,OpenITI/KITAB + source institution,NULL,False,NEEDS_ITEM_LEVEL_REVIEW,OpenITI 2025.1.9
MS0044LondonKhalili.DOC117.IEDC0005-bac1,NULL,مجموعة الخليلي,MS0044LondonKhalili,DOC 117,MS0044LondonKhalili.DOC117.IEDC0005-bac1,NULL,NULL,NULL,NULL,NULL,لندن,NULL,NULL,NULL,bac,OpenITI manuscript/document transcription; physical-image rights not inferred.,OpenITI transcription CC BY-NC-SA 4.0; source image/catalog rights separate.,https://kitab-project.org/docs/openITI,TRANSCRIPTION_ALLOWED_BY_LICENSE,NONCOMMERCIAL_BY_NC_SA_ONLY,OpenITI/KITAB + source institution,NULL,False,NEEDS_ITEM_LEVEL_REVIEW,OpenITI 2025.1.9
MS0044LondonKhalili.DOC11AR14.IEDC0056-ara1,NULL,مجموعة الخليلي,MS0044LondonKhalili,DOC 11 [AR 14],MS0044LondonKhalili.DOC11AR14.IEDC0056-ara1,NULL,NULL,NULL,NULL,NULL,لندن,NULL,NULL,NULL,ara,OpenITI manuscript/document transcription; physical-image rights not inferred.,OpenITI transcription CC BY-NC-SA 4.0; source image/catalog rights separate.,https://kitab-project.org/docs/openITI,TRANSCRIPTION_ALLOWED_BY_LICENSE,NONCOMMERCIAL_BY_NC_SA_ONLY,OpenITI/KITAB + source institution,NULL,False,NEEDS_ITEM_LEVEL_REVIEW,OpenITI 2025.1.9
MS0044LondonKhalili.DOC12AR11.IEDC0046-ara1,NULL,مجموعة الخليلي,MS0044LondonKhalili,DOC 12 [AR 11],MS0044LondonKhalili.DOC12AR11.IEDC0046-ara1,NULL,NULL,NULL,NULL,NULL,لندن,NULL,NULL,NULL,ara,OpenITI manuscript/document transcription; physical-image rights not inferred.,OpenITI transcription CC BY-NC-SA 4.0; source image/catalog rights separate.,https://kitab-project.org/docs/openITI,TRANSCRIPTION_ALLOWED_BY_LICENSE,NONCOMMERCIAL_BY_NC_SA_ONLY,OpenITI/KITAB + source institution,NULL,False,NEEDS_ITEM_LEVEL_REVIEW,OpenITI 2025.1.9
MS0044LondonKhalili.DOC13AR15.IEDC0032-ara1,NULL,مجموعة الخليلي,MS0044LondonKhalili,DOC 13 [AR 15],MS0044LondonKhalili.DOC13AR15.IEDC0032-ara1,NULL,NULL,NULL,NULL,NULL,لندن,NULL,NULL,NULL,ara,OpenITI manuscript/document transcription; physical-image rights not inferred.,OpenITI transcription CC BY-NC-SA 4.0; source image/catalog rights separate.,https://kitab-project.org/docs/openITI,TRANSCRIPTION_ALLOWED_BY_LICENSE,NONCOMMERCIAL_BY_NC_SA_ONLY,OpenITI/KITAB + source institution,NULL,False,NEEDS_ITEM_LEVEL_REVIEW,OpenITI 2025.1.9
MS0044LondonKhalili.DOC14AR28.IEDC0050-ara1,NULL,مجموعة الخليلي,MS0044LondonKhalili,DOC 14 [AR 28],MS0044LondonKhalili.DOC14AR28.IEDC0050-ara1,NULL,NULL,NULL,NULL,NULL,لندن,NULL,NULL,NULL,ara,OpenITI manuscript/document transcription; physical-image rights not inferred.,OpenITI transcription CC BY-NC-SA 4.0; source image/catalog rights separate.,https://kitab-project.org/docs/openITI,TRANSCRIPTION_ALLOWED_BY_LICENSE,NONCOMMERCIAL_BY_NC_SA_ONLY,OpenITI/KITAB + source institution,NULL,False,NEEDS_ITEM_LEVEL_REVIEW,OpenITI 2025.1.9
MS0044LondonKhalili.DOC151.IEDC1222-per1,NULL,مجموعة الخليلي,MS0044LondonKhalili,DOC 151,MS0044LondonKhalili.DOC151.IEDC1222-per1,NULL,NULL,NULL,NULL,NULL,لندن,NULL,NULL,NULL,per,OpenITI manuscript/document transcription; physical-image rights not inferred.,OpenITI transcription CC BY-NC-SA 4.0; source image/catalog rights separate.,https://kitab-project.org/docs/openITI,TRANSCRIPTION_ALLOWED_BY_LICENSE,NONCOMMERCIAL_BY_NC_SA_ONLY,OpenITI/KITAB + source institution,NULL,False,NEEDS_ITEM_LEVEL_REVIEW,OpenITI 2025.1.9
MS0044LondonKhalili.DOC152Rectoa.IEDC1226-per1,NULL,مجموعة الخليلي,MS0044LondonKhalili,"DOC 152, recto (a)",MS0044LondonKhalili.DOC152Rectoa.IEDC1226-per1,NULL,NULL,NULL,NULL,NULL,لندن,NULL,NULL,NULL,per,OpenITI manuscript/document transcription; physical-image rights not inferred.,OpenITI transcription CC BY-NC-SA 4.0; source image/catalog rights separate.,https://kitab-project.org/docs/openITI,TRANSCRIPTION_ALLOWED_BY_LICENSE,NONCOMMERCIAL_BY_NC_SA_ONLY,OpenITI/KITAB + source institution,NULL,False,NEEDS_ITEM_LEVEL_REVIEW,OpenITI 2025.1.9
MS0044LondonKhalili.DOC152Rectob.IEDC1225-per1,NULL,مجموعة الخليلي,MS0044LondonKhalili,"DOC 152, recto (b)",MS0044LondonKhalili.DOC152Rectob.IEDC1225-per1,NULL,NULL,NULL,NULL,NULL,لندن,NULL,NULL,NULL,per,OpenITI manuscript/document transcription; physical-image rights not inferred.,OpenITI transcription CC BY-NC-SA 4.0; source image/catalog rights separate.,https://kitab-project.org/docs/openITI,TRANSCRIPTION_ALLOWED_BY_LICENSE,NONCOMMERCIAL_BY_NC_SA_ONLY,OpenITI/KITAB + source institution,NULL,False,NEEDS_ITEM_LEVEL_REVIEW,OpenITI 2025.1.9
MS0044LondonKhalili.DOC152Verso.IEDC1223-per1,NULL,مجموعة الخليلي,MS0044LondonKhalili,"DOC 152, verso",MS0044LondonKhalili.DOC152Verso.IEDC1223-per1,NULL,NULL,NULL,NULL,NULL,لندن,NULL,NULL,NULL,per,OpenITI manuscript/document transcription; physical-image rights not inferred.,OpenITI transcription CC BY-NC-SA 4.0; source image/catalog rights separate.,https://kitab-project.org/docs/openITI,TRANSCRIPTION_ALLOWED_BY_LICENSE,NONCOMMERCIAL_BY_NC_SA_ONLY,OpenITI/KITAB + source institution,NULL,False,NEEDS_ITEM_LEVEL_REVIEW,OpenITI 2025.1.9
MS0044LondonKhalili.DOC15AR23.IEDC0036-ara1,NULL,مجموعة الخليلي,MS0044LondonKhalili,DOC 15 [AR 23],MS0044LondonKhalili.DOC15AR23.IEDC0036-ara1,NULL,NULL,NULL,NULL,NULL,لندن,NULL,NULL,NULL,ara,OpenITI manuscript/document transcription; physical-image rights not inferred.,OpenITI transcription CC BY-NC-SA 4.0; source image/catalog rights separate.,https://kitab-project.org/docs/openITI,TRANSCRIPTION_ALLOWED_BY_LICENSE,NONCOMMERCIAL_BY_NC_SA_ONLY,OpenITI/KITAB + source institution,NULL,False,NEEDS_ITEM_LEVEL_REVIEW,OpenITI 2025.1.9
MS0044LondonKhalili.DOC16AR24.IEDC0049-ara1,NULL,مجموعة الخليلي,MS0044LondonKhalili,DOC 16 [AR 24],MS0044LondonKhalili.DOC16AR24.IEDC0049-ara1,NULL,NULL,NULL,NULL,NULL,لندن,NULL,NULL,NULL,ara,OpenITI manuscript/document transcription; physical-image rights not inferred.,OpenITI transcription CC BY-NC-SA 4.0; source image/catalog rights separate.,https://kitab-project.org/docs/openITI,TRANSCRIPTION_ALLOWED_BY_LICENSE,NONCOMMERCIAL_BY_NC_SA_ONLY,OpenITI/KITAB + source institution,NULL,False,NEEDS_ITEM_LEVEL_REVIEW,OpenITI 2025.1.9
MS0044LondonKhalili.DOC17AR3.IEDC0043-ara1,NULL,مجموعة الخليلي,MS0044LondonKhalili,DOC 17 [AR 3],MS0044LondonKhalili.DOC17AR3.IEDC0043-ara1,NULL,NULL,NULL,NULL,NULL,لندن,NULL,NULL,NULL,ara,OpenITI manuscript/document transcription; physical-image rights not inferred.,OpenITI transcription CC BY-NC-SA 4.0; source image/catalog rights separate.,https://kitab-project.org/docs/openITI,TRANSCRIPTION_ALLOWED_BY_LICENSE,NONCOMMERCIAL_BY_NC_SA_ONLY,OpenITI/KITAB + source institution,NULL,False,NEEDS_ITEM_LEVEL_REVIEW,OpenITI 2025.1.9
MS0044LondonKhalili.DOC18AR27.IEDC0029-ara1,NULL,مجموعة الخليلي,MS0044LondonKhalili,DOC 18 [AR 27],MS0044LondonKhalili.DOC18AR27.IEDC0029-ara1,NULL,NULL,NULL,NULL,NULL,لندن,NULL,NULL,NULL,ara,OpenITI manuscript/document transcription; physical-image rights not inferred.,OpenITI transcription CC BY-NC-SA 4.0; source image/catalog rights separate.,https://kitab-project.org/docs/openITI,TRANSCRIPTION_ALLOWED_BY_LICENSE,NONCOMMERCIAL_BY_NC_SA_ONLY,OpenITI/KITAB + source institution,NULL,False,NEEDS_ITEM_LEVEL_REVIEW,OpenITI 2025.1.9
MS0044LondonKhalili.DOC19AR1.IEDC0031-ara1,NULL,مجموعة الخليلي,MS0044LondonKhalili,DOC 19 [AR 1],MS0044LondonKhalili.DOC19AR1.IEDC0031-ara1,NULL,NULL,NULL,NULL,NULL,لندن,NULL,NULL,NULL,ara,OpenITI manuscript/document transcription; physical-image rights not inferred.,OpenITI transcription CC BY-NC-SA 4.0; source image/catalog rights separate.,https://kitab-project.org/docs/openITI,TRANSCRIPTION_ALLOWED_BY_LICENSE,NONCOMMERCIAL_BY_NC_SA_ONLY,OpenITI/KITAB + source institution,NULL,False,NEEDS_ITEM_LEVEL_REVIEW,OpenITI 2025.1.9
MS0044LondonKhalili.DOC20AR26.IEDC0044-ara1,NULL,مجموعة الخليلي,MS0044LondonKhalili,DOC 20 [AR 26],MS0044LondonKhalili.DOC20AR26.IEDC0044-ara1,NULL,NULL,NULL,NULL,NULL,لندن,NULL,NULL,NULL,ara,OpenITI manuscript/document transcription; physical-image rights not inferred.,OpenITI transcription CC BY-NC-SA 4.0; source image/catalog rights separate.,https://kitab-project.org/docs/openITI,TRANSCRIPTION_ALLOWED_BY_LICENSE,NONCOMMERCIAL_BY_NC_SA_ONLY,OpenITI/KITAB + source institution,NULL,False,NEEDS_ITEM_LEVEL_REVIEW,OpenITI 2025.1.9
MS0044LondonKhalili.DOC21AR25.IEDC0051-ara1,NULL,مجموعة الخليلي,MS0044LondonKhalili,DOC 21 [AR 25],MS0044LondonKhalili.DOC21AR25.IEDC0051-ara1,NULL,NULL,NULL,NULL,NULL,لندن,NULL,NULL,NULL,ara,OpenITI manuscript/document transcription; physical-image rights not inferred.,OpenITI transcription CC BY-NC-SA 4.0; source image/catalog rights separate.,https://kitab-project.org/docs/openITI,TRANSCRIPTION_ALLOWED_BY_LICENSE,NONCOMMERCIAL_BY_NC_SA_ONLY,OpenITI/KITAB + source institution,NULL,False,NEEDS_ITEM_LEVEL_REVIEW,OpenITI 2025.1.9
MS0044LondonKhalili.DOC22AR7.IEDC0034-ara1,NULL,مجموعة الخليلي,MS0044LondonKhalili,DOC 22 [AR 7],MS0044LondonKhalili.DOC22AR7.IEDC0034-ara1,NULL,NULL,NULL,NULL,NULL,لندن,NULL,NULL,NULL,ara,OpenITI manuscript/document transcription; physical-image rights not inferred.,OpenITI transcription CC BY-NC-SA 4.0; source image/catalog rights separate.,https://kitab-project.org/docs/openITI,TRANSCRIPTION_ALLOWED_BY_LICENSE,NONCOMMERCIAL_BY_NC_SA_ONLY,OpenITI/KITAB + source institution,NULL,False,NEEDS_ITEM_LEVEL_REVIEW,OpenITI 2025.1.9
MS0044LondonKhalili.DOC23AR6.IEDC0033-ara1,NULL,مجموعة الخليلي,MS0044LondonKhalili,DOC 23 [AR 6],MS0044LondonKhalili.DOC23AR6.IEDC0033-ara1,NULL,NULL,NULL,NULL,NULL,لندن,NULL,NULL,NULL,ara,OpenITI manuscript/document transcription; physical-image rights not inferred.,OpenITI transcription CC BY-NC-SA 4.0; source image/catalog rights separate.,https://kitab-project.org/docs/openITI,TRANSCRIPTION_ALLOWED_BY_LICENSE,NONCOMMERCIAL_BY_NC_SA_ONLY,OpenITI/KITAB + source institution,NULL,False,NEEDS_ITEM_LEVEL_REVIEW,OpenITI 2025.1.9
MS0044LondonKhalili.DOC24AR31.IEDC0040-ara1,NULL,مجموعة الخليلي,MS0044LondonKhalili,DOC 24 [AR 31],MS0044LondonKhalili.DOC24AR31.IEDC0040-ara1,NULL,NULL,NULL,NULL,NULL,لندن,NULL,NULL,NULL,ara,OpenITI manuscript/document transcription; physical-image rights not inferred.,OpenITI transcription CC BY-NC-SA 4.0; source image/catalog rights separate.,https://kitab-project.org/docs/openITI,TRANSCRIPTION_ALLOWED_BY_LICENSE,NONCOMMERCIAL_BY_NC_SA_ONLY,OpenITI/KITAB + source institution,NULL,False,NEEDS_ITEM_LEVEL_REVIEW,OpenITI 2025.1.9
MS0044LondonKhalili.DOC25AR16.IEDC0047-ara1,NULL,مجموعة الخليلي,MS0044LondonKhalili,DOC 25 [AR 16],MS0044LondonKhalili.DOC25AR16.IEDC0047-ara1,NULL,NULL,NULL,NULL,NULL,لندن,NULL,NULL,NULL,ara,OpenITI manuscript/document transcription; physical-image rights not inferred.,OpenITI transcription CC BY-NC-SA 4.0; source image/catalog rights separate.,https://kitab-project.org/docs/openITI,TRANSCRIPTION_ALLOWED_BY_LICENSE,NONCOMMERCIAL_BY_NC_SA_ONLY,OpenITI/KITAB + source institution,NULL,False,NEEDS_ITEM_LEVEL_REVIEW,OpenITI 2025.1.9
MS0044LondonKhalili.DOC26AR13.IEDC0028-ara1,NULL,مجموعة الخليلي,MS0044LondonKhalili,DOC 26 [AR 13],MS0044LondonKhalili.DOC26AR13.IEDC0028-ara1,NULL,NULL,NULL,NULL,NULL,لندن,NULL,NULL,NULL,ara,OpenITI manuscript/document transcription; physical-image rights not inferred.,OpenITI transcription CC BY-NC-SA 4.0; source image/catalog rights separate.,https://kitab-project.org/docs/openITI,TRANSCRIPTION_ALLOWED_BY_LICENSE,NONCOMMERCIAL_BY_NC_SA_ONLY,OpenITI/KITAB + source institution,NULL,False,NEEDS_ITEM_LEVEL_REVIEW,OpenITI 2025.1.9
MS0044LondonKhalili.DOC27AR30.IEDC0041-ara1,NULL,مجموعة الخليلي,MS0044LondonKhalili,DOC 27 [AR 30],MS0044LondonKhalili.DOC27AR30.IEDC0041-ara1,NULL,NULL,NULL,NULL,NULL,لندن,NULL,NULL,NULL,ara,OpenITI manuscript/document transcription; physical-image rights not inferred.,OpenITI transcription CC BY-NC-SA 4.0; source image/catalog rights separate.,https://kitab-project.org/docs/openITI,TRANSCRIPTION_ALLOWED_BY_LICENSE,NONCOMMERCIAL_BY_NC_SA_ONLY,OpenITI/KITAB + source institution,NULL,False,NEEDS_ITEM_LEVEL_REVIEW,OpenITI 2025.1.9
MS0044LondonKhalili.DOC28AR4.IEDC0055-ara1,NULL,مجموعة الخليلي,MS0044LondonKhalili,DOC 28 [AR 4],MS0044LondonKhalili.DOC28AR4.IEDC0055-ara1,NULL,NULL,NULL,NULL,NULL,لندن,NULL,NULL,NULL,ara,OpenITI manuscript/document transcription; physical-image rights not inferred.,OpenITI transcription CC BY-NC-SA 4.0; source image/catalog rights separate.,https://kitab-project.org/docs/openITI,TRANSCRIPTION_ALLOWED_BY_LICENSE,NONCOMMERCIAL_BY_NC_SA_ONLY,OpenITI/KITAB + source institution,NULL,False,NEEDS_ITEM_LEVEL_REVIEW,OpenITI 2025.1.9
MS0044LondonKhalili.DOC29AR9.IEDC0057-ara1,NULL,مجموعة الخليلي,MS0044LondonKhalili,DOC 29 [AR 9],MS0044LondonKhalili.DOC29AR9.IEDC0057-ara1,NULL,NULL,NULL,NULL,NULL,لندن,NULL,NULL,NULL,ara,OpenITI manuscript/document transcription; physical-image rights not inferred.,OpenITI transcription CC BY-NC-SA 4.0; source image/catalog rights separate.,https://kitab-project.org/docs/openITI,TRANSCRIPTION_ALLOWED_BY_LICENSE,NONCOMMERCIAL_BY_NC_SA_ONLY,OpenITI/KITAB + source institution,NULL,False,NEEDS_ITEM_LEVEL_REVIEW,OpenITI 2025.1.9
MS0044LondonKhalili.DOC30AR8.IEDC0038-ara1,NULL,مجموعة الخليلي,MS0044LondonKhalili,DOC 30 [AR 8],MS0044LondonKhalili.DOC30AR8.IEDC0038-ara1,NULL,NULL,NULL,NULL,NULL,لندن,NULL,NULL,NULL,ara,OpenITI manuscript/document transcription; physical-image rights not inferred.,OpenITI transcription CC BY-NC-SA 4.0; source image/catalog rights separate.,https://kitab-project.org/docs/openITI,TRANSCRIPTION_ALLOWED_BY_LICENSE,NONCOMMERCIAL_BY_NC_SA_ONLY,OpenITI/KITAB + source institution,NULL,False,NEEDS_ITEM_LEVEL_REVIEW,OpenITI 2025.1.9
MS0044LondonKhalili.DOC31AR2.IEDC0052-ara1,NULL,مجموعة الخليلي,MS0044LondonKhalili,DOC 31 [AR 2],MS0044LondonKhalili.DOC31AR2.IEDC0052-ara1,NULL,NULL,NULL,NULL,NULL,لندن,NULL,NULL,NULL,ara,OpenITI manuscript/document transcription; physical-image rights not inferred.,OpenITI transcription CC BY-NC-SA 4.0; source image/catalog rights separate.,https://kitab-project.org/docs/openITI,TRANSCRIPTION_ALLOWED_BY_LICENSE,NONCOMMERCIAL_BY_NC_SA_ONLY,OpenITI/KITAB + source institution,NULL,False,NEEDS_ITEM_LEVEL_REVIEW,OpenITI 2025.1.9
MS0044LondonKhalili.DOC32AR19.IEDC0054-ara1,NULL,مجموعة الخليلي,MS0044LondonKhalili,DOC 32 [AR 19],MS0044LondonKhalili.DOC32AR19.IEDC0054-ara1,NULL,NULL,NULL,NULL,NULL,لندن,NULL,NULL,NULL,ara,OpenITI manuscript/document transcription; physical-image rights not inferred.,OpenITI transcription CC BY-NC-SA 4.0; source image/catalog rights separate.,https://kitab-project.org/docs/openITI,TRANSCRIPTION_ALLOWED_BY_LICENSE,NONCOMMERCIAL_BY_NC_SA_ONLY,OpenITI/KITAB + source institution,NULL,False,NEEDS_ITEM_LEVEL_REVIEW,OpenITI 2025.1.9
MS0044LondonKhalili.DOC33AR32.IEDC0045-ara1,NULL,مجموعة الخليلي,MS0044LondonKhalili,DOC 33 [AR 32],MS0044LondonKhalili.DOC33AR32.IEDC0045-ara1,NULL,NULL,NULL,NULL,NULL,لندن,NULL,NULL,NULL,ara,OpenITI manuscript/document transcription; physical-image rights not inferred.,OpenITI transcription CC BY-NC-SA 4.0; source image/catalog rights separate.,https://kitab-project.org/docs/openITI,TRANSCRIPTION_ALLOWED_BY_LICENSE,NONCOMMERCIAL_BY_NC_SA_ONLY,OpenITI/KITAB + source institution,NULL,False,NEEDS_ITEM_LEVEL_REVIEW,OpenITI 2025.1.9
MS0044LondonKhalili.DOC34AR22.IEDC0048-ara1,NULL,مجموعة الخليلي,MS0044LondonKhalili,DOC 34 [AR 22],MS0044LondonKhalili.DOC34AR22.IEDC0048-ara1,NULL,NULL,NULL,NULL,NULL,لندن,NULL,NULL,NULL,ara,OpenITI manuscript/document transcription; physical-image rights not inferred.,OpenITI transcription CC BY-NC-SA 4.0; source image/catalog rights separate.,https://kitab-project.org/docs/openITI,TRANSCRIPTION_ALLOWED_BY_LICENSE,NONCOMMERCIAL_BY_NC_SA_ONLY,OpenITI/KITAB + source institution,NULL,False,NEEDS_ITEM_LEVEL_REVIEW,OpenITI 2025.1.9
MS0044LondonKhalili.DOC35AR12.IEDC0027-ara1,NULL,مجموعة الخليلي,MS0044LondonKhalili,DOC 35 [AR 12],MS0044LondonKhalili.DOC35AR12.IEDC0027-ara1,NULL,NULL,NULL,NULL,NULL,لندن,NULL,NULL,NULL,ara,OpenITI manuscript/document transcription; physical-image rights not inferred.,OpenITI transcription CC BY-NC-SA 4.0; source image/catalog rights separate.,https://kitab-project.org/docs/openITI,TRANSCRIPTION_ALLOWED_BY_LICENSE,NONCOMMERCIAL_BY_NC_SA_ONLY,OpenITI/KITAB + source institution,NULL,False,NEEDS_ITEM_LEVEL_REVIEW,OpenITI 2025.1.9
MS0044LondonKhalili.DOC36AR5.IEDC0042-ara1,NULL,مجموعة الخليلي,MS0044LondonKhalili,DOC 36 [AR 5],MS0044LondonKhalili.DOC36AR5.IEDC0042-ara1,NULL,NULL,NULL,NULL,NULL,لندن,NULL,NULL,NULL,ara,OpenITI manuscript/document transcription; physical-image rights not inferred.,OpenITI transcription CC BY-NC-SA 4.0; source image/catalog rights separate.,https://kitab-project.org/docs/openITI,TRANSCRIPTION_ALLOWED_BY_LICENSE,NONCOMMERCIAL_BY_NC_SA_ONLY,OpenITI/KITAB + source institution,NULL,False,NEEDS_ITEM_LEVEL_REVIEW,OpenITI 2025.1.9
MS0044LondonKhalili.DOC37.IEDC0255-per1,NULL,مجموعة الخليلي,MS0044LondonKhalili,DOC 37,MS0044LondonKhalili.DOC37.IEDC0255-per1,NULL,NULL,NULL,NULL,NULL,لندن,NULL,NULL,NULL,per,OpenITI manuscript/document transcription; physical-image rights not inferred.,OpenITI transcription CC BY-NC-SA 4.0; source image/catalog rights separate.,https://kitab-project.org/docs/openITI,TRANSCRIPTION_ALLOWED_BY_LICENSE,NONCOMMERCIAL_BY_NC_SA_ONLY,OpenITI/KITAB + source institution,NULL,False,NEEDS_ITEM_LEVEL_REVIEW,OpenITI 2025.1.9
MS0044LondonKhalili.DOC38.IEDC0257-per1ara1,NULL,مجموعة الخليلي,MS0044LondonKhalili,DOC 38,MS0044LondonKhalili.DOC38.IEDC0257-per1ara1,NULL,NULL,NULL,NULL,NULL,لندن,NULL,NULL,NULL,"per,ara",OpenITI manuscript/document transcription; physical-image rights not inferred.,OpenITI transcription CC BY-NC-SA 4.0; source image/catalog rights separate.,https://kitab-project.org/docs/openITI,TRANSCRIPTION_ALLOWED_BY_LICENSE,NONCOMMERCIAL_BY_NC_SA_ONLY,OpenITI/KITAB + source institution,NULL,False,NEEDS_ITEM_LEVEL_REVIEW,OpenITI 2025.1.9
MS0044LondonKhalili.DOC39.IEDC0254-per1,NULL,مجموعة الخليلي,MS0044LondonKhalili,DOC 39,MS0044LondonKhalili.DOC39.IEDC0254-per1,NULL,NULL,NULL,NULL,NULL,لندن,NULL,NULL,NULL,per,OpenITI manuscript/document transcription; physical-image rights not inferred.,OpenITI transcription CC BY-NC-SA 4.0; source image/catalog rights separate.,https://kitab-project.org/docs/openITI,TRANSCRIPTION_ALLOWED_BY_LICENSE,NONCOMMERCIAL_BY_NC_SA_ONLY,OpenITI/KITAB + source institution,NULL,False,NEEDS_ITEM_LEVEL_REVIEW,OpenITI 2025.1.9
MS0044LondonKhalili.DOC40.IEDC0256-ara1,NULL,مجموعة الخليلي,MS0044LondonKhalili,DOC 40,MS0044LondonKhalili.DOC40.IEDC0256-ara1,NULL,NULL,NULL,NULL,NULL,لندن,NULL,NULL,NULL,ara,OpenITI manuscript/document transcription; physical-image rights not inferred.,OpenITI transcription CC BY-NC-SA 4.0; source image/catalog rights separate.,https://kitab-project.org/docs/openITI,TRANSCRIPTION_ALLOWED_BY_LICENSE,NONCOMMERCIAL_BY_NC_SA_ONLY,OpenITI/KITAB + source institution,NULL,False,NEEDS_ITEM_LEVEL_REVIEW,OpenITI 2025.1.9
MS0044LondonKhalili.DOC41.IEDC1224-per1,NULL,مجموعة الخليلي,MS0044LondonKhalili,DOC 41,MS0044LondonKhalili.DOC41.IEDC1224-per1,NULL,NULL,NULL,NULL,NULL,لندن,NULL,NULL,NULL,per,OpenITI manuscript/document transcription; physical-image rights not inferred.,OpenITI transcription CC BY-NC-SA 4.0; source image/catalog rights separate.,https://kitab-project.org/docs/openITI,TRANSCRIPTION_ALLOWED_BY_LICENSE,NONCOMMERCIAL_BY_NC_SA_ONLY,OpenITI/KITAB + source institution,NULL,False,NEEDS_ITEM_LEVEL_REVIEW,OpenITI 2025.1.9
MS0044LondonKhalili.DOC42AR18.IEDC0037-ara1,NULL,مجموعة الخليلي,MS0044LondonKhalili,DOC 42 [AR 18],MS0044LondonKhalili.DOC42AR18.IEDC0037-ara1,NULL,NULL,NULL,NULL,NULL,لندن,NULL,NULL,NULL,ara,OpenITI manuscript/document transcription; physical-image rights not inferred.,OpenITI transcription CC BY-NC-SA 4.0; source image/catalog rights separate.,https://kitab-project.org/docs/openITI,TRANSCRIPTION_ALLOWED_BY_LICENSE,NONCOMMERCIAL_BY_NC_SA_ONLY,OpenITI/KITAB + source institution,NULL,False,NEEDS_ITEM_LEVEL_REVIEW,OpenITI 2025.1.9
MS0044LondonKhalili.DOC43AR10.IEDC0030-ara1,NULL,مجموعة الخليلي,MS0044LondonKhalili,DOC 43 [AR 10],MS0044LondonKhalili.DOC43AR10.IEDC0030-ara1,NULL,NULL,NULL,NULL,NULL,لندن,NULL,NULL,NULL,ara,OpenITI manuscript/document transcription; physical-image rights not inferred.,OpenITI transcription CC BY-NC-SA 4.0; source image/catalog rights separate.,https://kitab-project.org/docs/openITI,TRANSCRIPTION_ALLOWED_BY_LICENSE,NONCOMMERCIAL_BY_NC_SA_ONLY,OpenITI/KITAB + source institution,NULL,False,NEEDS_ITEM_LEVEL_REVIEW,OpenITI 2025.1.9
MS0044LondonKhalili.DOC44AR17.IEDC0053-ara1,NULL,مجموعة الخليلي,MS0044LondonKhalili,DOC 44 [AR 17],MS0044LondonKhalili.DOC44AR17.IEDC0053-ara1,NULL,NULL,NULL,NULL,NULL,لندن,NULL,NULL,NULL,ara,OpenITI manuscript/document transcription; physical-image rights not inferred.,OpenITI transcription CC BY-NC-SA 4.0; source image/catalog rights separate.,https://kitab-project.org/docs/openITI,TRANSCRIPTION_ALLOWED_BY_LICENSE,NONCOMMERCIAL_BY_NC_SA_ONLY,OpenITI/KITAB + source institution,NULL,False,NEEDS_ITEM_LEVEL_REVIEW,OpenITI 2025.1.9
MS0044LondonKhalili.DOC45AR20.IEDC0058-ara1,NULL,مجموعة الخليلي,MS0044LondonKhalili,DOC 45 [AR 20],MS0044LondonKhalili.DOC45AR20.IEDC0058-ara1,NULL,NULL,NULL,NULL,NULL,لندن,NULL,NULL,NULL,ara,OpenITI manuscript/document transcription; physical-image rights not inferred.,OpenITI transcription CC BY-NC-SA 4.0; source image/catalog rights separate.,https://kitab-project.org/docs/openITI,TRANSCRIPTION_ALLOWED_BY_LICENSE,NONCOMMERCIAL_BY_NC_SA_ONLY,OpenITI/KITAB + source institution,NULL,False,NEEDS_ITEM_LEVEL_REVIEW,OpenITI 2025.1.9
MS0044LondonKhalili.DOC46AR29.IEDC0039-ara1,NULL,مجموعة الخليلي,MS0044LondonKhalili,DOC 46 [AR 29],MS0044LondonKhalili.DOC46AR29.IEDC0039-ara1,NULL,NULL,NULL,NULL,NULL,لندن,NULL,NULL,NULL,ara,OpenITI manuscript/document transcription; physical-image rights not inferred.,OpenITI transcription CC BY-NC-SA 4.0; source image/catalog rights separate.,https://kitab-project.org/docs/openITI,TRANSCRIPTION_ALLOWED_BY_LICENSE,NONCOMMERCIAL_BY_NC_SA_ONLY,OpenITI/KITAB + source institution,NULL,False,NEEDS_ITEM_LEVEL_REVIEW,OpenITI 2025.1.9
MS0044LondonKhalili.DOC47AR21.IEDC0035-ara1,NULL,مجموعة الخليلي,MS0044LondonKhalili,DOC 47 [AR 21],MS0044LondonKhalili.DOC47AR21.IEDC0035-ara1,NULL,NULL,NULL,NULL,NULL,لندن,NULL,NULL,NULL,ara,OpenITI manuscript/document transcription; physical-image rights not inferred.,OpenITI transcription CC BY-NC-SA 4.0; source image/catalog rights separate.,https://kitab-project.org/docs/openITI,TRANSCRIPTION_ALLOWED_BY_LICENSE,NONCOMMERCIAL_BY_NC_SA_ONLY,OpenITI/KITAB + source institution,NULL,False,NEEDS_ITEM_LEVEL_REVIEW,OpenITI 2025.1.9
MS0044LondonKhalili.DOC48.IEDC1227-per1,NULL,مجموعة الخليلي,MS0044LondonKhalili,DOC 48,MS0044LondonKhalili.DOC48.IEDC1227-per1,NULL,NULL,NULL,NULL,NULL,لندن,NULL,NULL,NULL,per,OpenITI manuscript/document transcription; physical-image rights not inferred.,OpenITI transcription CC BY-NC-SA 4.0; source image/catalog rights separate.,https://kitab-project.org/docs/openITI,TRANSCRIPTION_ALLOWED_BY_LICENSE,NONCOMMERCIAL_BY_NC_SA_ONLY,OpenITI/KITAB + source institution,NULL,False,NEEDS_ITEM_LEVEL_REVIEW,OpenITI 2025.1.9
MS0044LondonKhalili.DOC49.IEDC1253-per1,NULL,مجموعة الخليلي,MS0044LondonKhalili,DOC 49,MS0044LondonKhalili.DOC49.IEDC1253-per1,NULL,NULL,NULL,NULL,NULL,لندن,NULL,NULL,NULL,per,OpenITI manuscript/document transcription; physical-image rights not inferred.,OpenITI transcription CC BY-NC-SA 4.0; source image/catalog rights separate.,https://kitab-project.org/docs/openITI,TRANSCRIPTION_ALLOWED_BY_LICENSE,NONCOMMERCIAL_BY_NC_SA_ONLY,OpenITI/KITAB + source institution,NULL,False,NEEDS_ITEM_LEVEL_REVIEW,OpenITI 2025.1.9
MS0044LondonKhalili.DOC5.IEDC0024-bac1,NULL,مجموعة الخليلي,MS0044LondonKhalili,DOC 5,MS0044LondonKhalili.DOC5.IEDC0024-bac1,NULL,NULL,NULL,NULL,NULL,لندن,NULL,NULL,NULL,bac,OpenITI manuscript/document transcription; physical-image rights not inferred.,OpenITI transcription CC BY-NC-SA 4.0; source image/catalog rights separate.,https://kitab-project.org/docs/openITI,TRANSCRIPTION_ALLOWED_BY_LICENSE,NONCOMMERCIAL_BY_NC_SA_ONLY,OpenITI/KITAB + source institution,NULL,False,NEEDS_ITEM_LEVEL_REVIEW,OpenITI 2025.1.9
MS0044LondonKhalili.DOC50Recto.IEDC1254-per1,NULL,مجموعة الخليلي,MS0044LondonKhalili,"DOC 50, recto",MS0044LondonKhalili.DOC50Recto.IEDC1254-per1,NULL,NULL,NULL,NULL,NULL,لندن,NULL,NULL,NULL,per,OpenITI manuscript/document transcription; physical-image rights not inferred.,OpenITI transcription CC BY-NC-SA 4.0; source image/catalog rights separate.,https://kitab-project.org/docs/openITI,TRANSCRIPTION_ALLOWED_BY_LICENSE,NONCOMMERCIAL_BY_NC_SA_ONLY,OpenITI/KITAB + source institution,NULL,False,NEEDS_ITEM_LEVEL_REVIEW,OpenITI 2025.1.9
MS0044LondonKhalili.DOC50Verso.IEDC1255-per1,NULL,مجموعة الخليلي,MS0044LondonKhalili,"DOC 50, verso",MS0044LondonKhalili.DOC50Verso.IEDC1255-per1,NULL,NULL,NULL,NULL,NULL,لندن,NULL,NULL,NULL,per,OpenITI manuscript/document transcription; physical-image rights not inferred.,OpenITI transcription CC BY-NC-SA 4.0; source image/catalog rights separate.,https://kitab-project.org/docs/openITI,TRANSCRIPTION_ALLOWED_BY_LICENSE,NONCOMMERCIAL_BY_NC_SA_ONLY,OpenITI/KITAB + source institution,NULL,False,NEEDS_ITEM_LEVEL_REVIEW,OpenITI 2025.1.9
MS0044LondonKhalili.DOC51.IEDC1256-per1ara1,NULL,مجموعة الخليلي,MS0044LondonKhalili,DOC 51,MS0044LondonKhalili.DOC51.IEDC1256-per1ara1,NULL,NULL,NULL,NULL,NULL,لندن,NULL,NULL,NULL,"per,ara",OpenITI manuscript/document transcription; physical-image rights not inferred.,OpenITI transcription CC BY-NC-SA 4.0; source image/catalog rights separate.,https://kitab-project.org/docs/openITI,TRANSCRIPTION_ALLOWED_BY_LICENSE,NONCOMMERCIAL_BY_NC_SA_ONLY,OpenITI/KITAB + source institution,NULL,False,NEEDS_ITEM_LEVEL_REVIEW,OpenITI 2025.1.9
MS0044LondonKhalili.DOC52.IEDC1258-ara1per1,NULL,مجموعة الخليلي,MS0044LondonKhalili,DOC 52,MS0044LondonKhalili.DOC52.IEDC1258-ara1per1,NULL,NULL,NULL,NULL,NULL,لندن,NULL,NULL,NULL,"ara,per",OpenITI manuscript/document transcription; physical-image rights not inferred.,OpenITI transcription CC BY-NC-SA 4.0; source image/catalog rights separate.,https://kitab-project.org/docs/openITI,TRANSCRIPTION_ALLOWED_BY_LICENSE,NONCOMMERCIAL_BY_NC_SA_ONLY,OpenITI/KITAB + source institution,NULL,False,NEEDS_ITEM_LEVEL_REVIEW,OpenITI 2025.1.9
MS0044LondonKhalili.DOC53.IEDC1259-ara1per1,NULL,مجموعة الخليلي,MS0044LondonKhalili,DOC 53,MS0044LondonKhalili.DOC53.IEDC1259-ara1per1,NULL,NULL,NULL,NULL,NULL,لندن,NULL,NULL,NULL,"ara,per",OpenITI manuscript/document transcription; physical-image rights not inferred.,OpenITI transcription CC BY-NC-SA 4.0; source image/catalog rights separate.,https://kitab-project.org/docs/openITI,TRANSCRIPTION_ALLOWED_BY_LICENSE,NONCOMMERCIAL_BY_NC_SA_ONLY,OpenITI/KITAB + source institution,NULL,False,NEEDS_ITEM_LEVEL_REVIEW,OpenITI 2025.1.9
MS0044LondonKhalili.DOC54.IEDC1260-ara1per1,NULL,مجموعة الخليلي,MS0044LondonKhalili,DOC 54,MS0044LondonKhalili.DOC54.IEDC1260-ara1per1,NULL,NULL,NULL,NULL,NULL,لندن,NULL,NULL,NULL,"ara,per",OpenITI manuscript/document transcription; physical-image rights not inferred.,OpenITI transcription CC BY-NC-SA 4.0; source image/catalog rights separate.,https://kitab-project.org/docs/openITI,TRANSCRIPTION_ALLOWED_BY_LICENSE,NONCOMMERCIAL_BY_NC_SA_ONLY,OpenITI/KITAB + source institution,NULL,False,NEEDS_ITEM_LEVEL_REVIEW,OpenITI 2025.1.9
MS0044LondonKhalili.DOC55.IEDC0018-bac1,NULL,مجموعة الخليلي,MS0044LondonKhalili,DOC 55,MS0044LondonKhalili.DOC55.IEDC0018-bac1,NULL,NULL,NULL,NULL,NULL,لندن,NULL,NULL,NULL,bac,OpenITI manuscript/document transcription; physical-image rights not inferred.,OpenITI transcription CC BY-NC-SA 4.0; source image/catalog rights separate.,https://kitab-project.org/docs/openITI,TRANSCRIPTION_ALLOWED_BY_LICENSE,NONCOMMERCIAL_BY_NC_SA_ONLY,OpenITI/KITAB + source institution,NULL,False,NEEDS_ITEM_LEVEL_REVIEW,OpenITI 2025.1.9
MS0044LondonKhalili.DOC58.IEDC0012-bac1,NULL,مجموعة الخليلي,MS0044LondonKhalili,DOC 58,MS0044LondonKhalili.DOC58.IEDC0012-bac1,NULL,NULL,NULL,NULL,NULL,لندن,NULL,NULL,NULL,bac,OpenITI manuscript/document transcription; physical-image rights not inferred.,OpenITI transcription CC BY-NC-SA 4.0; source image/catalog rights separate.,https://kitab-project.org/docs/openITI,TRANSCRIPTION_ALLOWED_BY_LICENSE,NONCOMMERCIAL_BY_NC_SA_ONLY,OpenITI/KITAB + source institution,NULL,False,NEEDS_ITEM_LEVEL_REVIEW,OpenITI 2025.1.9
MS0044LondonKhalili.DOC8.IEDC0021-bac1,NULL,مجموعة الخليلي,MS0044LondonKhalili,DOC 8,MS0044LondonKhalili.DOC8.IEDC0021-bac1,NULL,NULL,NULL,NULL,NULL,لندن,NULL,NULL,NULL,bac,OpenITI manuscript/document transcription; physical-image rights not inferred.,OpenITI transcription CC BY-NC-SA 4.0; source image/catalog rights separate.,https://kitab-project.org/docs/openITI,TRANSCRIPTION_ALLOWED_BY_LICENSE,NONCOMMERCIAL_BY_NC_SA_ONLY,OpenITI/KITAB + source institution,NULL,False,NEEDS_ITEM_LEVEL_REVIEW,OpenITI 2025.1.9
MS0044LondonSOAS.YarkandArabic1GronkeV.IEDC0139-ara1ugo1ota1,NULL,مكتبة مدرسة الدراسات الشرقية والافريقية,MS0044LondonSOAS,Arabic No. 1 (Gronke V),MS0044LondonSOAS.YarkandArabic1GronkeV.IEDC0139-ara1ugo1ota1,NULL,NULL,NULL,NULL,NULL,لندن,NULL,NULL,NULL,"ara,ugo,ota",OpenITI manuscript/document transcription; physical-image rights not inferred.,OpenITI transcription CC BY-NC-SA 4.0; source image/catalog rights separate.,https://kitab-project.org/docs/openITI,TRANSCRIPTION_ALLOWED_BY_LICENSE,NONCOMMERCIAL_BY_NC_SA_ONLY,OpenITI/KITAB + source institution,NULL,False,NEEDS_ITEM_LEVEL_REVIEW,OpenITI 2025.1.9
MS0044LondonSOAS.YarkandArabic2GronkeI.IEDC0133-ara1,NULL,مكتبة مدرسة الدراسات الشرقية والافريقية,MS0044LondonSOAS,Arabic No. 2 (Gronke I),MS0044LondonSOAS.YarkandArabic2GronkeI.IEDC0133-ara1,NULL,NULL,NULL,NULL,NULL,لندن,NULL,NULL,NULL,ara,OpenITI manuscript/document transcription; physical-image rights not inferred.,OpenITI transcription CC BY-NC-SA 4.0; source image/catalog rights separate.,https://kitab-project.org/docs/openITI,TRANSCRIPTION_ALLOWED_BY_LICENSE,NONCOMMERCIAL_BY_NC_SA_ONLY,OpenITI/KITAB + source institution,NULL,False,NEEDS_ITEM_LEVEL_REVIEW,OpenITI 2025.1.9
MS0044LondonSOAS.YarkandArabic5GronkeIII.IEDC0137-ara1ugo1,NULL,مكتبة مدرسة الدراسات الشرقية والافريقية,MS0044LondonSOAS,Arabic No. 5 (Gronke III),MS0044LondonSOAS.YarkandArabic5GronkeIII.IEDC0137-ara1ugo1,NULL,NULL,NULL,NULL,NULL,لندن,NULL,NULL,NULL,"ara,ugo",OpenITI manuscript/document transcription; physical-image rights not inferred.,OpenITI transcription CC BY-NC-SA 4.0; source image/catalog rights separate.,https://kitab-project.org/docs/openITI,TRANSCRIPTION_ALLOWED_BY_LICENSE,NONCOMMERCIAL_BY_NC_SA_ONLY,OpenITI/KITAB + source institution,NULL,False,NEEDS_ITEM_LEVEL_REVIEW,OpenITI 2025.1.9
MS0044LondonSOAS.YarkandArabic6GronkeII.IEDC0134-ara1,NULL,مكتبة مدرسة الدراسات الشرقية والافريقية,MS0044LondonSOAS,Arabic No. 6 (Gronke II),MS0044LondonSOAS.YarkandArabic6GronkeII.IEDC0134-ara1,NULL,NULL,NULL,NULL,NULL,لندن,NULL,NULL,NULL,ara,OpenITI manuscript/document transcription; physical-image rights not inferred.,OpenITI transcription CC BY-NC-SA 4.0; source image/catalog rights separate.,https://kitab-project.org/docs/openITI,TRANSCRIPTION_ALLOWED_BY_LICENSE,NONCOMMERCIAL_BY_NC_SA_ONLY,OpenITI/KITAB + source institution,NULL,False,NEEDS_ITEM_LEVEL_REVIEW,OpenITI 2025.1.9
MS0044LondonSOAS.YarkandArabic7GronkeIV.IEDC0138-ara1,NULL,مكتبة مدرسة الدراسات الشرقية والافريقية,MS0044LondonSOAS,Arabic No. 7 (Gronke IV),MS0044LondonSOAS.YarkandArabic7GronkeIV.IEDC0138-ara1,NULL,NULL,NULL,NULL,NULL,لندن,NULL,NULL,NULL,ara,OpenITI manuscript/document transcription; physical-image rights not inferred.,OpenITI transcription CC BY-NC-SA 4.0; source image/catalog rights separate.,https://kitab-project.org/docs/openITI,TRANSCRIPTION_ALLOWED_BY_LICENSE,NONCOMMERCIAL_BY_NC_SA_ONLY,OpenITI/KITAB + source institution,NULL,False,NEEDS_ITEM_LEVEL_REVIEW,OpenITI 2025.1.9
MS0044LondonSamFogg.SimsWilliamsAn.IEDC0016-bac1,NULL,سام فوج لالكتب النادرة,MS0044LondonSamFogg,Sims-Williams an,MS0044LondonSamFogg.SimsWilliamsAn.IEDC0016-bac1,NULL,NULL,NULL,NULL,NULL,لندن,NULL,NULL,NULL,bac,OpenITI manuscript/document transcription; physical-image rights not inferred.,OpenITI transcription CC BY-NC-SA 4.0; source image/catalog rights separate.,https://kitab-project.org/docs/openITI,TRANSCRIPTION_ALLOWED_BY_LICENSE,NONCOMMERCIAL_BY_NC_SA_ONLY,OpenITI/KITAB + source institution,NULL,False,NEEDS_ITEM_LEVEL_REVIEW,OpenITI 2025.1.9
MS0044LondonSamFogg.SimsWilliamsJd.IEDC0026-bac1,NULL,سام فوج لالكتب النادرة,MS0044LondonSamFogg,Sims-Williams jd,MS0044LondonSamFogg.SimsWilliamsJd.IEDC0026-bac1,NULL,NULL,NULL,NULL,NULL,لندن,NULL,NULL,NULL,bac,OpenITI manuscript/document transcription; physical-image rights not inferred.,OpenITI transcription CC BY-NC-SA 4.0; source image/catalog rights separate.,https://kitab-project.org/docs/openITI,TRANSCRIPTION_ALLOWED_BY_LICENSE,NONCOMMERCIAL_BY_NC_SA_ONLY,OpenITI/KITAB + source institution,NULL,False,NEEDS_ITEM_LEVEL_REVIEW,OpenITI 2025.1.9
MS0044LondonSamFogg.SimsWilliamsJi.IEDC0015-bac1,NULL,سام فوج لالكتب النادرة,MS0044LondonSamFogg,Sims-Williams ji,MS0044LondonSamFogg.SimsWilliamsJi.IEDC0015-bac1,NULL,NULL,NULL,NULL,NULL,لندن,NULL,NULL,NULL,bac,OpenITI manuscript/document transcription; physical-image rights not inferred.,OpenITI transcription CC BY-NC-SA 4.0; source image/catalog rights separate.,https://kitab-project.org/docs/openITI,TRANSCRIPTION_ALLOWED_BY_LICENSE,NONCOMMERCIAL_BY_NC_SA_ONLY,OpenITI/KITAB + source institution,NULL,False,NEEDS_ITEM_LEVEL_REVIEW,OpenITI 2025.1.9
MS0044LondonSamFogg.SimsWilliamsNn.IEDC0023-bac1,NULL,سام فوج لالكتب النادرة,MS0044LondonSamFogg,Sims-Williams Nn,MS0044LondonSamFogg.SimsWilliamsNn.IEDC0023-bac1,NULL,NULL,NULL,NULL,NULL,لندن,NULL,NULL,NULL,bac,OpenITI manuscript/document transcription; physical-image rights not inferred.,OpenITI transcription CC BY-NC-SA 4.0; source image/catalog rights separate.,https://kitab-project.org/docs/openITI,TRANSCRIPTION_ALLOWED_BY_LICENSE,NONCOMMERCIAL_BY_NC_SA_ONLY,OpenITI/KITAB + source institution,NULL,False,NEEDS_ITEM_LEVEL_REVIEW,OpenITI 2025.1.9
MS0044LondonSamFogg.SimsWilliamsR.IEDC0022-bac1,NULL,سام فوج لالكتب النادرة,MS0044LondonSamFogg,Sims-Williams R,MS0044LondonSamFogg.SimsWilliamsR.IEDC0022-bac1,NULL,NULL,NULL,NULL,NULL,لندن,NULL,NULL,NULL,bac,OpenITI manuscript/document transcription; physical-image rights not inferred.,OpenITI transcription CC BY-NC-SA 4.0; source image/catalog rights separate.,https://kitab-project.org/docs/openITI,TRANSCRIPTION_ALLOWED_BY_LICENSE,NONCOMMERCIAL_BY_NC_SA_ONLY,OpenITI/KITAB + source institution,NULL,False,NEEDS_ITEM_LEVEL_REVIEW,OpenITI 2025.1.9
MS0044LondonSamFogg.SimsWilliamsSs.IEDC0006-bac1,NULL,سام فوج لالكتب النادرة,MS0044LondonSamFogg,Sims-Williams Ss,MS0044LondonSamFogg.SimsWilliamsSs.IEDC0006-bac1,NULL,NULL,NULL,NULL,NULL,لندن,NULL,NULL,NULL,bac,OpenITI manuscript/document transcription; physical-image rights not inferred.,OpenITI transcription CC BY-NC-SA 4.0; source image/catalog rights separate.,https://kitab-project.org/docs/openITI,TRANSCRIPTION_ALLOWED_BY_LICENSE,NONCOMMERCIAL_BY_NC_SA_ONLY,OpenITI/KITAB + source institution,NULL,False,NEEDS_ITEM_LEVEL_REVIEW,OpenITI 2025.1.9
MS0044LondonSamFogg.SimsWilliamsTt.IEDC0020-bac1,NULL,سام فوج لالكتب النادرة,MS0044LondonSamFogg,Sims-Williams Tt,MS0044LondonSamFogg.SimsWilliamsTt.IEDC0020-bac1,NULL,NULL,NULL,NULL,NULL,لندن,NULL,NULL,NULL,bac,OpenITI manuscript/document transcription; physical-image rights not inferred.,OpenITI transcription CC BY-NC-SA 4.0; source image/catalog rights separate.,https://kitab-project.org/docs/openITI,TRANSCRIPTION_ALLOWED_BY_LICENSE,NONCOMMERCIAL_BY_NC_SA_ONLY,OpenITI/KITAB + source institution,NULL,False,NEEDS_ITEM_LEVEL_REVIEW,OpenITI 2025.1.9
MS0047OsloSchoeyen.4580.IEDC0009-bac1,NULL,مجموعت شوين,MS0047OsloSchoeyen,MS 4580,MS0047OsloSchoeyen.4580.IEDC0009-bac1,NULL,NULL,NULL,NULL,NULL,أوسلو; لندن,NULL,NULL,NULL,bac,OpenITI manuscript/document transcription; physical-image rights not inferred.,OpenITI transcription CC BY-NC-SA 4.0; source image/catalog rights separate.,https://kitab-project.org/docs/openITI,TRANSCRIPTION_ALLOWED_BY_LICENSE,NONCOMMERCIAL_BY_NC_SA_ONLY,OpenITI/KITAB + source institution,NULL,False,NEEDS_ITEM_LEVEL_REVIEW,OpenITI 2025.1.9
MS0047OsloSchoeyen.4581.IEDC0007-bac1,NULL,مجموعت شوين,MS0047OsloSchoeyen,MS 4581,MS0047OsloSchoeyen.4581.IEDC0007-bac1,NULL,NULL,NULL,NULL,NULL,أوسلو; لندن,NULL,NULL,NULL,bac,OpenITI manuscript/document transcription; physical-image rights not inferred.,OpenITI transcription CC BY-NC-SA 4.0; source image/catalog rights separate.,https://kitab-project.org/docs/openITI,TRANSCRIPTION_ALLOWED_BY_LICENSE,NONCOMMERCIAL_BY_NC_SA_ONLY,OpenITI/KITAB + source institution,NULL,False,NEEDS_ITEM_LEVEL_REVIEW,OpenITI 2025.1.9
MS0049BerlinSBB.Landberg209P207B.LMN20251021130512-ara1,NULL,مكتبة برلين الحكومية,MS0049BerlinSBB,"Staatsbibliothek zu Berlin, Landberg 209",سيرة الشيخ الفاضل,NULL,NULL,NULL,NULL,NULL,برلين,NULL,NULL,NULL,ara,OpenITI manuscript/document transcription; physical-image rights not inferred.,OpenITI transcription CC BY-NC-SA 4.0; source image/catalog rights separate.,https://kitab-project.org/docs/openITI,TRANSCRIPTION_ALLOWED_BY_LICENSE,NONCOMMERCIAL_BY_NC_SA_ONLY,OpenITI/KITAB + source institution,NULL,False,NEEDS_ITEM_LEVEL_REVIEW,OpenITI 2025.1.9
MS0049LeipzigUBL.Vollers262P2A.LMN20251022140728-ara1,NULL,مكتبة جامعة لايبزيغ,MS0049LeipzigUBL,"Universitätsbibliothek Leipzig, Vollers 262",مختصر من سيرة الشيخ الفاضل,NULL,NULL,NULL,NULL,NULL,لايبزيغ,NULL,NULL,NULL,ara,OpenITI manuscript/document transcription; physical-image rights not inferred.,OpenITI transcription CC BY-NC-SA 4.0; source image/catalog rights separate.,https://kitab-project.org/docs/openITI,TRANSCRIPTION_ALLOWED_BY_LICENSE,NONCOMMERCIAL_BY_NC_SA_ONLY,OpenITI/KITAB + source institution,NULL,False,NEEDS_ITEM_LEVEL_REVIEW,OpenITI 2025.1.9
MS0049MunichBSB.Arab230P96B.LMN20251023162024-ara1,NULL,المكتبة البافارية الحكومية,MS0049MunichBSB,"Bayerische Staatsbibliothek, Cod.Arab.230",من فضائل المرحوم الشيخ أبو علي عبد الملك,NULL,NULL,NULL,NULL,NULL,ميونيخ,NULL,NULL,NULL,ara,OpenITI manuscript/document transcription; physical-image rights not inferred.,OpenITI transcription CC BY-NC-SA 4.0; source image/catalog rights separate.,https://kitab-project.org/docs/openITI,TRANSCRIPTION_ALLOWED_BY_LICENSE,NONCOMMERCIAL_BY_NC_SA_ONLY,OpenITI/KITAB + source institution,NULL,False,NEEDS_ITEM_LEVEL_REVIEW,OpenITI 2025.1.9
MS0081TokyoKurita.SimsWilliamsZd.IEDC0010-bac1,NULL,coلecتoن oف اسo كرت,MS0081TokyoKurita,Sims-Williams zd,MS0081TokyoKurita.SimsWilliamsZd.IEDC0010-bac1,NULL,NULL,NULL,NULL,NULL,مجهول,NULL,NULL,NULL,bac,OpenITI manuscript/document transcription; physical-image rights not inferred.,OpenITI transcription CC BY-NC-SA 4.0; source image/catalog rights separate.,https://kitab-project.org/docs/openITI,TRANSCRIPTION_ALLOWED_BY_LICENSE,NONCOMMERCIAL_BY_NC_SA_ONLY,OpenITI/KITAB + source institution,NULL,False,NEEDS_ITEM_LEVEL_REVIEW,OpenITI 2025.1.9
MS0086BeijingCNL.BH1_19.IEDC1282-jup1,NULL,المكتبة الوطنية الصينية,MS0086BeijingCNL,BH1-19,MS0086BeijingCNL.BH1_19.IEDC1282-jup1,NULL,NULL,NULL,NULL,NULL,بكين,NULL,NULL,NULL,jup,OpenITI manuscript/document transcription; physical-image rights not inferred.,OpenITI transcription CC BY-NC-SA 4.0; source image/catalog rights separate.,https://kitab-project.org/docs/openITI,TRANSCRIPTION_ALLOWED_BY_LICENSE,NONCOMMERCIAL_BY_NC_SA_ONLY,OpenITI/KITAB + source institution,NULL,False,NEEDS_ITEM_LEVEL_REVIEW,OpenITI 2025.1.9
MS0090IstanbulTopkapi.H1653.SK202501-per1,NULL,قصر طوب قابي,MS0090IstanbulTopkapi,Topkapı Saray Müzesi ms. H.1653,جامع التواريخ,NULL,NULL,NULL,NULL,NULL,اسطنبول,NULL,NULL,NULL,per,OpenITI manuscript/document transcription; physical-image rights not inferred.,OpenITI transcription CC BY-NC-SA 4.0; source image/catalog rights separate.,https://kitab-project.org/docs/openITI,TRANSCRIPTION_ALLOWED_BY_LICENSE,NONCOMMERCIAL_BY_NC_SA_ONLY,OpenITI/KITAB + source institution,NULL,False,NEEDS_ITEM_LEVEL_REVIEW,OpenITI 2025.1.9
MS0092IslamabadAmanUrRahman.SimsWilliamsJf.IEDC0002-bac1,NULL,مجموعة أمان الرحمان,MS0092IslamabadAmanUrRahman,Sims-Williams jf,MS0092IslamabadAmanUrRahman.SimsWilliamsJf.IEDC0002-bac1,NULL,NULL,NULL,NULL,NULL,اسلاماباد; دبي,NULL,NULL,NULL,bac,OpenITI manuscript/document transcription; physical-image rights not inferred.,OpenITI transcription CC BY-NC-SA 4.0; source image/catalog rights separate.,https://kitab-project.org/docs/openITI,TRANSCRIPTION_ALLOWED_BY_LICENSE,NONCOMMERCIAL_BY_NC_SA_ONLY,OpenITI/KITAB + source institution,NULL,False,NEEDS_ITEM_LEVEL_REVIEW,OpenITI 2025.1.9
MS0093KabulANA.Firuzkuh1.IEDC1230-ara1,NULL,أرشيف ملي أفغنستان,MS0093KabulANA,Firuzkuh 1,MS0093KabulANA.Firuzkuh1.IEDC1230-ara1,NULL,NULL,NULL,NULL,NULL,كابل,NULL,NULL,NULL,ara,OpenITI manuscript/document transcription; physical-image rights not inferred.,OpenITI transcription CC BY-NC-SA 4.0; source image/catalog rights separate.,https://kitab-project.org/docs/openITI,TRANSCRIPTION_ALLOWED_BY_LICENSE,NONCOMMERCIAL_BY_NC_SA_ONLY,OpenITI/KITAB + source institution,NULL,False,NEEDS_ITEM_LEVEL_REVIEW,OpenITI 2025.1.9
MS0093KabulANA.Firuzkuh10.IEDC0113-per1,NULL,أرشيف ملي أفغنستان,MS0093KabulANA,Firuzkuh 10,MS0093KabulANA.Firuzkuh10.IEDC0113-per1,NULL,NULL,NULL,NULL,NULL,كابل,NULL,NULL,NULL,per,OpenITI manuscript/document transcription; physical-image rights not inferred.,OpenITI transcription CC BY-NC-SA 4.0; source image/catalog rights separate.,https://kitab-project.org/docs/openITI,TRANSCRIPTION_ALLOWED_BY_LICENSE,NONCOMMERCIAL_BY_NC_SA_ONLY,OpenITI/KITAB + source institution,NULL,False,NEEDS_ITEM_LEVEL_REVIEW,OpenITI 2025.1.9
MS0093KabulANA.Firuzkuh100.IEDC0159-per1,NULL,أرشيف ملي أفغنستان,MS0093KabulANA,Firuzkuh 100,MS0093KabulANA.Firuzkuh100.IEDC0159-per1,NULL,NULL,NULL,NULL,NULL,كابل,NULL,NULL,NULL,per,OpenITI manuscript/document transcription; physical-image rights not inferred.,OpenITI transcription CC BY-NC-SA 4.0; source image/catalog rights separate.,https://kitab-project.org/docs/openITI,TRANSCRIPTION_ALLOWED_BY_LICENSE,NONCOMMERCIAL_BY_NC_SA_ONLY,OpenITI/KITAB + source institution,NULL,False,NEEDS_ITEM_LEVEL_REVIEW,OpenITI 2025.1.9
MS0093KabulANA.Firuzkuh11.IEDC0252-per1,NULL,أرشيف ملي أفغنستان,MS0093KabulANA,Firuzkuh 11,MS0093KabulANA.Firuzkuh11.IEDC0252-per1,NULL,NULL,NULL,NULL,NULL,كابل,NULL,NULL,NULL,per,OpenITI manuscript/document transcription; physical-image rights not inferred.,OpenITI transcription CC BY-NC-SA 4.0; source image/catalog rights separate.,https://kitab-project.org/docs/openITI,TRANSCRIPTION_ALLOWED_BY_LICENSE,NONCOMMERCIAL_BY_NC_SA_ONLY,OpenITI/KITAB + source institution,NULL,False,NEEDS_ITEM_LEVEL_REVIEW,OpenITI 2025.1.9
MS0093KabulANA.Firuzkuh12.IEDC0258-per1,NULL,أرشيف ملي أفغنستان,MS0093KabulANA,Firuzkuh 12,MS0093KabulANA.Firuzkuh12.IEDC0258-per1,NULL,NULL,NULL,NULL,NULL,كابل,NULL,NULL,NULL,per,OpenITI manuscript/document transcription; physical-image rights not inferred.,OpenITI transcription CC BY-NC-SA 4.0; source image/catalog rights separate.,https://kitab-project.org/docs/openITI,TRANSCRIPTION_ALLOWED_BY_LICENSE,NONCOMMERCIAL_BY_NC_SA_ONLY,OpenITI/KITAB + source institution,NULL,False,NEEDS_ITEM_LEVEL_REVIEW,OpenITI 2025.1.9
MS0093KabulANA.Firuzkuh13.IEDC0259-per1,NULL,أرشيف ملي أفغنستان,MS0093KabulANA,Firuzkuh 13,MS0093KabulANA.Firuzkuh13.IEDC0259-per1,NULL,NULL,NULL,NULL,NULL,كابل,NULL,NULL,NULL,per,OpenITI manuscript/document transcription; physical-image rights not inferred.,OpenITI transcription CC BY-NC-SA 4.0; source image/catalog rights separate.,https://kitab-project.org/docs/openITI,TRANSCRIPTION_ALLOWED_BY_LICENSE,NONCOMMERCIAL_BY_NC_SA_ONLY,OpenITI/KITAB + source institution,NULL,False,NEEDS_ITEM_LEVEL_REVIEW,OpenITI 2025.1.9
MS0093KabulANA.Firuzkuh14.IEDC0260-per1,NULL,أرشيف ملي أفغنستان,MS0093KabulANA,Firuzkuh 14,MS0093KabulANA.Firuzkuh14.IEDC0260-per1,NULL,NULL,NULL,NULL,NULL,كابل,NULL,NULL,NULL,per,OpenITI manuscript/document transcription; physical-image rights not inferred.,OpenITI transcription CC BY-NC-SA 4.0; source image/catalog rights separate.,https://kitab-project.org/docs/openITI,TRANSCRIPTION_ALLOWED_BY_LICENSE,NONCOMMERCIAL_BY_NC_SA_ONLY,OpenITI/KITAB + source institution,NULL,False,NEEDS_ITEM_LEVEL_REVIEW,OpenITI 2025.1.9
MS0093KabulANA.Firuzkuh15.IEDC0251-per1,NULL,أرشيف ملي أفغنستان,MS0093KabulANA,Firuzkuh 15,MS0093KabulANA.Firuzkuh15.IEDC0251-per1,NULL,NULL,NULL,NULL,NULL,كابل,NULL,NULL,NULL,per,OpenITI manuscript/document transcription; physical-image rights not inferred.,OpenITI transcription CC BY-NC-SA 4.0; source image/catalog rights separate.,https://kitab-project.org/docs/openITI,TRANSCRIPTION_ALLOWED_BY_LICENSE,NONCOMMERCIAL_BY_NC_SA_ONLY,OpenITI/KITAB + source institution,NULL,False,NEEDS_ITEM_LEVEL_REVIEW,OpenITI 2025.1.9
MS0093KabulANA.Firuzkuh16.IEDC0261-per1,NULL,أرشيف ملي أفغنستان,MS0093KabulANA,Firuzkuh 16,MS0093KabulANA.Firuzkuh16.IEDC0261-per1,NULL,NULL,NULL,NULL,NULL,كابل,NULL,NULL,NULL,per,OpenITI manuscript/document transcription; physical-image rights not inferred.,OpenITI transcription CC BY-NC-SA 4.0; source image/catalog rights separate.,https://kitab-project.org/docs/openITI,TRANSCRIPTION_ALLOWED_BY_LICENSE,NONCOMMERCIAL_BY_NC_SA_ONLY,OpenITI/KITAB + source institution,NULL,False,NEEDS_ITEM_LEVEL_REVIEW,OpenITI 2025.1.9
MS0093KabulANA.Firuzkuh17.IEDC0262-per1,NULL,أرشيف ملي أفغنستان,MS0093KabulANA,Firuzkuh 17,MS0093KabulANA.Firuzkuh17.IEDC0262-per1,NULL,NULL,NULL,NULL,NULL,كابل,NULL,NULL,NULL,per,OpenITI manuscript/document transcription; physical-image rights not inferred.,OpenITI transcription CC BY-NC-SA 4.0; source image/catalog rights separate.,https://kitab-project.org/docs/openITI,TRANSCRIPTION_ALLOWED_BY_LICENSE,NONCOMMERCIAL_BY_NC_SA_ONLY,OpenITI/KITAB + source institution,NULL,False,NEEDS_ITEM_LEVEL_REVIEW,OpenITI 2025.1.9
MS0093KabulANA.Firuzkuh18.IEDC0263-per1,NULL,أرشيف ملي أفغنستان,MS0093KabulANA,Firuzkuh 18,MS0093KabulANA.Firuzkuh18.IEDC0263-per1,NULL,NULL,NULL,NULL,NULL,كابل,NULL,NULL,NULL,per,OpenITI manuscript/document transcription; physical-image rights not inferred.,OpenITI transcription CC BY-NC-SA 4.0; source image/catalog rights separate.,https://kitab-project.org/docs/openITI,TRANSCRIPTION_ALLOWED_BY_LICENSE,NONCOMMERCIAL_BY_NC_SA_ONLY,OpenITI/KITAB + source institution,NULL,False,NEEDS_ITEM_LEVEL_REVIEW,OpenITI 2025.1.9
MS0093KabulANA.Firuzkuh19.IEDC1221-per1,NULL,أرشيف ملي أفغنستان,MS0093KabulANA,Firuzkuh 19,MS0093KabulANA.Firuzkuh19.IEDC1221-per1,NULL,NULL,NULL,NULL,NULL,كابل,NULL,NULL,NULL,per,OpenITI manuscript/document transcription; physical-image rights not inferred.,OpenITI transcription CC BY-NC-SA 4.0; source image/catalog rights separate.,https://kitab-project.org/docs/openITI,TRANSCRIPTION_ALLOWED_BY_LICENSE,NONCOMMERCIAL_BY_NC_SA_ONLY,OpenITI/KITAB + source institution,NULL,False,NEEDS_ITEM_LEVEL_REVIEW,OpenITI 2025.1.9
MS0093KabulANA.Firuzkuh2.IEDC1231-per1,NULL,أرشيف ملي أفغنستان,MS0093KabulANA,Firuzkuh 2,MS0093KabulANA.Firuzkuh2.IEDC1231-per1,NULL,NULL,NULL,NULL,NULL,كابل,NULL,NULL,NULL,per,OpenITI manuscript/document transcription; physical-image rights not inferred.,OpenITI transcription CC BY-NC-SA 4.0; source image/catalog rights separate.,https://kitab-project.org/docs/openITI,TRANSCRIPTION_ALLOWED_BY_LICENSE,NONCOMMERCIAL_BY_NC_SA_ONLY,OpenITI/KITAB + source institution,NULL,False,NEEDS_ITEM_LEVEL_REVIEW,OpenITI 2025.1.9
MS0093KabulANA.Firuzkuh21_27.IEDC1165-per1,NULL,أرشيف ملي أفغنستان,MS0093KabulANA,Firuzkuh 21 & 27,MS0093KabulANA.Firuzkuh21_27.IEDC1165-per1,NULL,NULL,NULL,NULL,NULL,كابل,NULL,NULL,NULL,per,OpenITI manuscript/document transcription; physical-image rights not inferred.,OpenITI transcription CC BY-NC-SA 4.0; source image/catalog rights separate.,https://kitab-project.org/docs/openITI,TRANSCRIPTION_ALLOWED_BY_LICENSE,NONCOMMERCIAL_BY_NC_SA_ONLY,OpenITI/KITAB + source institution,NULL,False,NEEDS_ITEM_LEVEL_REVIEW,OpenITI 2025.1.9
MS0093KabulANA.Firuzkuh22.IEDC1166-per1,NULL,أرشيف ملي أفغنستان,MS0093KabulANA,Firuzkuh 22,MS0093KabulANA.Firuzkuh22.IEDC1166-per1,NULL,NULL,NULL,NULL,NULL,كابل,NULL,NULL,NULL,per,OpenITI manuscript/document transcription; physical-image rights not inferred.,OpenITI transcription CC BY-NC-SA 4.0; source image/catalog rights separate.,https://kitab-project.org/docs/openITI,TRANSCRIPTION_ALLOWED_BY_LICENSE,NONCOMMERCIAL_BY_NC_SA_ONLY,OpenITI/KITAB + source institution,NULL,False,NEEDS_ITEM_LEVEL_REVIEW,OpenITI 2025.1.9
MS0093KabulANA.Firuzkuh23.IEDC1167-per1,NULL,أرشيف ملي أفغنستان,MS0093KabulANA,Firuzkuh 23,MS0093KabulANA.Firuzkuh23.IEDC1167-per1,NULL,NULL,NULL,NULL,NULL,كابل,NULL,NULL,NULL,per,OpenITI manuscript/document transcription; physical-image rights not inferred.,OpenITI transcription CC BY-NC-SA 4.0; source image/catalog rights separate.,https://kitab-project.org/docs/openITI,TRANSCRIPTION_ALLOWED_BY_LICENSE,NONCOMMERCIAL_BY_NC_SA_ONLY,OpenITI/KITAB + source institution,NULL,False,NEEDS_ITEM_LEVEL_REVIEW,OpenITI 2025.1.9
MS0093KabulANA.Firuzkuh24.IEDC1168-per1,NULL,أرشيف ملي أفغنستان,MS0093KabulANA,Firuzkuh 24,MS0093KabulANA.Firuzkuh24.IEDC1168-per1,NULL,NULL,NULL,NULL,NULL,كابل,NULL,NULL,NULL,per,OpenITI manuscript/document transcription; physical-image rights not inferred.,OpenITI transcription CC BY-NC-SA 4.0; source image/catalog rights separate.,https://kitab-project.org/docs/openITI,TRANSCRIPTION_ALLOWED_BY_LICENSE,NONCOMMERCIAL_BY_NC_SA_ONLY,OpenITI/KITAB + source institution,NULL,False,NEEDS_ITEM_LEVEL_REVIEW,OpenITI 2025.1.9
MS0093KabulANA.Firuzkuh25.IEDC1169-per1,NULL,أرشيف ملي أفغنستان,MS0093KabulANA,Firuzkuh 25,MS0093KabulANA.Firuzkuh25.IEDC1169-per1,NULL,NULL,NULL,NULL,NULL,كابل,NULL,NULL,NULL,per,OpenITI manuscript/document transcription; physical-image rights not inferred.,OpenITI transcription CC BY-NC-SA 4.0; source image/catalog rights separate.,https://kitab-project.org/docs/openITI,TRANSCRIPTION_ALLOWED_BY_LICENSE,NONCOMMERCIAL_BY_NC_SA_ONLY,OpenITI/KITAB + source institution,NULL,False,NEEDS_ITEM_LEVEL_REVIEW,OpenITI 2025.1.9
MS0093KabulANA.Firuzkuh26.IEDC1170-per1,NULL,أرشيف ملي أفغنستان,MS0093KabulANA,Firuzkuh 26,MS0093KabulANA.Firuzkuh26.IEDC1170-per1,NULL,NULL,NULL,NULL,NULL,كابل,NULL,NULL,NULL,per,OpenITI manuscript/document transcription; physical-image rights not inferred.,OpenITI transcription CC BY-NC-SA 4.0; source image/catalog rights separate.,https://kitab-project.org/docs/openITI,TRANSCRIPTION_ALLOWED_BY_LICENSE,NONCOMMERCIAL_BY_NC_SA_ONLY,OpenITI/KITAB + source institution,NULL,False,NEEDS_ITEM_LEVEL_REVIEW,OpenITI 2025.1.9
MS0093KabulANA.Firuzkuh28.IEDC0114-per1,NULL,أرشيف ملي أفغنستان,MS0093KabulANA,Firuzkuh 28,MS0093KabulANA.Firuzkuh28.IEDC0114-per1,NULL,NULL,NULL,NULL,NULL,كابل,NULL,NULL,NULL,per,OpenITI manuscript/document transcription; physical-image rights not inferred.,OpenITI transcription CC BY-NC-SA 4.0; source image/catalog rights separate.,https://kitab-project.org/docs/openITI,TRANSCRIPTION_ALLOWED_BY_LICENSE,NONCOMMERCIAL_BY_NC_SA_ONLY,OpenITI/KITAB + source institution,NULL,False,NEEDS_ITEM_LEVEL_REVIEW,OpenITI 2025.1.9
MS0093KabulANA.Firuzkuh29.IEDC0115-per1,NULL,أرشيف ملي أفغنستان,MS0093KabulANA,Firuzkuh 29,MS0093KabulANA.Firuzkuh29.IEDC0115-per1,NULL,NULL,NULL,NULL,NULL,كابل,NULL,NULL,NULL,per,OpenITI manuscript/document transcription; physical-image rights not inferred.,OpenITI transcription CC BY-NC-SA 4.0; source image/catalog rights separate.,https://kitab-project.org/docs/openITI,TRANSCRIPTION_ALLOWED_BY_LICENSE,NONCOMMERCIAL_BY_NC_SA_ONLY,OpenITI/KITAB + source institution,NULL,False,NEEDS_ITEM_LEVEL_REVIEW,OpenITI 2025.1.9
MS0093KabulANA.Firuzkuh3.IEDC1257-per1,NULL,أرشيف ملي أفغنستان,MS0093KabulANA,Firuzkuh 3,MS0093KabulANA.Firuzkuh3.IEDC1257-per1,NULL,NULL,NULL,NULL,NULL,كابل,NULL,NULL,NULL,per,OpenITI manuscript/document transcription; physical-image rights not inferred.,OpenITI transcription CC BY-NC-SA 4.0; source image/catalog rights separate.,https://kitab-project.org/docs/openITI,TRANSCRIPTION_ALLOWED_BY_LICENSE,NONCOMMERCIAL_BY_NC_SA_ONLY,OpenITI/KITAB + source institution,NULL,False,NEEDS_ITEM_LEVEL_REVIEW,OpenITI 2025.1.9
MS0093KabulANA.Firuzkuh30.IEDC0116-per1,NULL,أرشيف ملي أفغنستان,MS0093KabulANA,Firuzkuh 30,MS0093KabulANA.Firuzkuh30.IEDC0116-per1,NULL,NULL,NULL,NULL,NULL,كابل,NULL,NULL,NULL,per,OpenITI manuscript/document transcription; physical-image rights not inferred.,OpenITI transcription CC BY-NC-SA 4.0; source image/catalog rights separate.,https://kitab-project.org/docs/openITI,TRANSCRIPTION_ALLOWED_BY_LICENSE,NONCOMMERCIAL_BY_NC_SA_ONLY,OpenITI/KITAB + source institution,NULL,False,NEEDS_ITEM_LEVEL_REVIEW,OpenITI 2025.1.9
MS0093KabulANA.Firuzkuh31.IEDC0117-per1,NULL,أرشيف ملي أفغنستان,MS0093KabulANA,Firuzkuh 31,MS0093KabulANA.Firuzkuh31.IEDC0117-per1,NULL,NULL,NULL,NULL,NULL,كابل,NULL,NULL,NULL,per,OpenITI manuscript/document transcription; physical-image rights not inferred.,OpenITI transcription CC BY-NC-SA 4.0; source image/catalog rights separate.,https://kitab-project.org/docs/openITI,TRANSCRIPTION_ALLOWED_BY_LICENSE,NONCOMMERCIAL_BY_NC_SA_ONLY,OpenITI/KITAB + source institution,NULL,False,NEEDS_ITEM_LEVEL_REVIEW,OpenITI 2025.1.9
MS0093KabulANA.Firuzkuh32.IEDC0118-per1,NULL,أرشيف ملي أفغنستان,MS0093KabulANA,Firuzkuh 32,MS0093KabulANA.Firuzkuh32.IEDC0118-per1,NULL,NULL,NULL,NULL,NULL,كابل,NULL,NULL,NULL,per,OpenITI manuscript/document transcription; physical-image rights not inferred.,OpenITI transcription CC BY-NC-SA 4.0; source image/catalog rights separate.,https://kitab-project.org/docs/openITI,TRANSCRIPTION_ALLOWED_BY_LICENSE,NONCOMMERCIAL_BY_NC_SA_ONLY,OpenITI/KITAB + source institution,NULL,False,NEEDS_ITEM_LEVEL_REVIEW,OpenITI 2025.1.9
MS0093KabulANA.Firuzkuh33.IEDC0119-per1,NULL,أرشيف ملي أفغنستان,MS0093KabulANA,Firuzkuh 33,MS0093KabulANA.Firuzkuh33.IEDC0119-per1,NULL,NULL,NULL,NULL,NULL,كابل,NULL,NULL,NULL,per,OpenITI manuscript/document transcription; physical-image rights not inferred.,OpenITI transcription CC BY-NC-SA 4.0; source image/catalog rights separate.,https://kitab-project.org/docs/openITI,TRANSCRIPTION_ALLOWED_BY_LICENSE,NONCOMMERCIAL_BY_NC_SA_ONLY,OpenITI/KITAB + source institution,NULL,False,NEEDS_ITEM_LEVEL_REVIEW,OpenITI 2025.1.9
MS0093KabulANA.Firuzkuh34.IEDC0120-per1,NULL,أرشيف ملي أفغنستان,MS0093KabulANA,Firuzkuh 34,MS0093KabulANA.Firuzkuh34.IEDC0120-per1,NULL,NULL,NULL,NULL,NULL,كابل,NULL,NULL,NULL,per,OpenITI manuscript/document transcription; physical-image rights not inferred.,OpenITI transcription CC BY-NC-SA 4.0; source image/catalog rights separate.,https://kitab-project.org/docs/openITI,TRANSCRIPTION_ALLOWED_BY_LICENSE,NONCOMMERCIAL_BY_NC_SA_ONLY,OpenITI/KITAB + source institution,NULL,False,NEEDS_ITEM_LEVEL_REVIEW,OpenITI 2025.1.9
MS0093KabulANA.Firuzkuh35.IEDC1162-per1,NULL,أرشيف ملي أفغنستان,MS0093KabulANA,Firuzkuh 35,MS0093KabulANA.Firuzkuh35.IEDC1162-per1,NULL,NULL,NULL,NULL,NULL,كابل,NULL,NULL,NULL,per,OpenITI manuscript/document transcription; physical-image rights not inferred.,OpenITI transcription CC BY-NC-SA 4.0; source image/catalog rights separate.,https://kitab-project.org/docs/openITI,TRANSCRIPTION_ALLOWED_BY_LICENSE,NONCOMMERCIAL_BY_NC_SA_ONLY,OpenITI/KITAB + source institution,NULL,False,NEEDS_ITEM_LEVEL_REVIEW,OpenITI 2025.1.9
MS0093KabulANA.Firuzkuh36.IEDC0121-per1,NULL,أرشيف ملي أفغنستان,MS0093KabulANA,Firuzkuh 36,MS0093KabulANA.Firuzkuh36.IEDC0121-per1,NULL,NULL,NULL,NULL,NULL,كابل,NULL,NULL,NULL,per,OpenITI manuscript/document transcription; physical-image rights not inferred.,OpenITI transcription CC BY-NC-SA 4.0; source image/catalog rights separate.,https://kitab-project.org/docs/openITI,TRANSCRIPTION_ALLOWED_BY_LICENSE,NONCOMMERCIAL_BY_NC_SA_ONLY,OpenITI/KITAB + source institution,NULL,False,NEEDS_ITEM_LEVEL_REVIEW,OpenITI 2025.1.9
MS0093KabulANA.Firuzkuh37.IEDC0122-per1,NULL,أرشيف ملي أفغنستان,MS0093KabulANA,Firuzkuh 37,MS0093KabulANA.Firuzkuh37.IEDC0122-per1,NULL,NULL,NULL,NULL,NULL,كابل,NULL,NULL,NULL,per,OpenITI manuscript/document transcription; physical-image rights not inferred.,OpenITI transcription CC BY-NC-SA 4.0; source image/catalog rights separate.,https://kitab-project.org/docs/openITI,TRANSCRIPTION_ALLOWED_BY_LICENSE,NONCOMMERCIAL_BY_NC_SA_ONLY,OpenITI/KITAB + source institution,NULL,False,NEEDS_ITEM_LEVEL_REVIEW,OpenITI 2025.1.9
MS0093KabulANA.Firuzkuh38.IEDC0123-per1,NULL,أرشيف ملي أفغنستان,MS0093KabulANA,Firuzkuh 38,MS0093KabulANA.Firuzkuh38.IEDC0123-per1,NULL,NULL,NULL,NULL,NULL,كابل,NULL,NULL,NULL,per,OpenITI manuscript/document transcription; physical-image rights not inferred.,OpenITI transcription CC BY-NC-SA 4.0; source image/catalog rights separate.,https://kitab-project.org/docs/openITI,TRANSCRIPTION_ALLOWED_BY_LICENSE,NONCOMMERCIAL_BY_NC_SA_ONLY,OpenITI/KITAB + source institution,NULL,False,NEEDS_ITEM_LEVEL_REVIEW,OpenITI 2025.1.9
MS0093KabulANA.Firuzkuh39.IEDC0124-per1,NULL,أرشيف ملي أفغنستان,MS0093KabulANA,Firuzkuh 39,MS0093KabulANA.Firuzkuh39.IEDC0124-per1,NULL,NULL,NULL,NULL,NULL,كابل,NULL,NULL,NULL,per,OpenITI manuscript/document transcription; physical-image rights not inferred.,OpenITI transcription CC BY-NC-SA 4.0; source image/catalog rights separate.,https://kitab-project.org/docs/openITI,TRANSCRIPTION_ALLOWED_BY_LICENSE,NONCOMMERCIAL_BY_NC_SA_ONLY,OpenITI/KITAB + source institution,NULL,False,NEEDS_ITEM_LEVEL_REVIEW,OpenITI 2025.1.9
MS0093KabulANA.Firuzkuh4.IEDC0253-per1,NULL,أرشيف ملي أفغنستان,MS0093KabulANA,Firuzkuh 4,MS0093KabulANA.Firuzkuh4.IEDC0253-per1,NULL,NULL,NULL,NULL,NULL,كابل,NULL,NULL,NULL,per,OpenITI manuscript/document transcription; physical-image rights not inferred.,OpenITI transcription CC BY-NC-SA 4.0; source image/catalog rights separate.,https://kitab-project.org/docs/openITI,TRANSCRIPTION_ALLOWED_BY_LICENSE,NONCOMMERCIAL_BY_NC_SA_ONLY,OpenITI/KITAB + source institution,NULL,False,NEEDS_ITEM_LEVEL_REVIEW,OpenITI 2025.1.9
MS0093KabulANA.Firuzkuh40.IEDC0126-per1,NULL,أرشيف ملي أفغنستان,MS0093KabulANA,Firuzkuh 40,MS0093KabulANA.Firuzkuh40.IEDC0126-per1,NULL,NULL,NULL,NULL,NULL,كابل,NULL,NULL,NULL,per,OpenITI manuscript/document transcription; physical-image rights not inferred.,OpenITI transcription CC BY-NC-SA 4.0; source image/catalog rights separate.,https://kitab-project.org/docs/openITI,TRANSCRIPTION_ALLOWED_BY_LICENSE,NONCOMMERCIAL_BY_NC_SA_ONLY,OpenITI/KITAB + source institution,NULL,False,NEEDS_ITEM_LEVEL_REVIEW,OpenITI 2025.1.9
MS0093KabulANA.Firuzkuh41.IEDC0127-per1,NULL,أرشيف ملي أفغنستان,MS0093KabulANA,Firuzkuh 41,MS0093KabulANA.Firuzkuh41.IEDC0127-per1,NULL,NULL,NULL,NULL,NULL,كابل,NULL,NULL,NULL,per,OpenITI manuscript/document transcription; physical-image rights not inferred.,OpenITI transcription CC BY-NC-SA 4.0; source image/catalog rights separate.,https://kitab-project.org/docs/openITI,TRANSCRIPTION_ALLOWED_BY_LICENSE,NONCOMMERCIAL_BY_NC_SA_ONLY,OpenITI/KITAB + source institution,NULL,False,NEEDS_ITEM_LEVEL_REVIEW,OpenITI 2025.1.9
MS0093KabulANA.Firuzkuh42.IEDC0129-per1,NULL,أرشيف ملي أفغنستان,MS0093KabulANA,Firuzkuh 42,MS0093KabulANA.Firuzkuh42.IEDC0129-per1,NULL,NULL,NULL,NULL,NULL,كابل,NULL,NULL,NULL,per,OpenITI manuscript/document transcription; physical-image rights not inferred.,OpenITI transcription CC BY-NC-SA 4.0; source image/catalog rights separate.,https://kitab-project.org/docs/openITI,TRANSCRIPTION_ALLOWED_BY_LICENSE,NONCOMMERCIAL_BY_NC_SA_ONLY,OpenITI/KITAB + source institution,NULL,False,NEEDS_ITEM_LEVEL_REVIEW,OpenITI 2025.1.9
MS0093KabulANA.Firuzkuh43.IEDC0130-per1,NULL,أرشيف ملي أفغنستان,MS0093KabulANA,Firuzkuh 43,MS0093KabulANA.Firuzkuh43.IEDC0130-per1,NULL,NULL,NULL,NULL,NULL,كابل,NULL,NULL,NULL,per,OpenITI manuscript/document transcription; physical-image rights not inferred.,OpenITI transcription CC BY-NC-SA 4.0; source image/catalog rights separate.,https://kitab-project.org/docs/openITI,TRANSCRIPTION_ALLOWED_BY_LICENSE,NONCOMMERCIAL_BY_NC_SA_ONLY,OpenITI/KITAB + source institution,NULL,False,NEEDS_ITEM_LEVEL_REVIEW,OpenITI 2025.1.9
MS0093KabulANA.Firuzkuh44.IEDC0131-per1,NULL,أرشيف ملي أفغنستان,MS0093KabulANA,Firuzkuh 44,MS0093KabulANA.Firuzkuh44.IEDC0131-per1,NULL,NULL,NULL,NULL,NULL,كابل,NULL,NULL,NULL,per,OpenITI manuscript/document transcription; physical-image rights not inferred.,OpenITI transcription CC BY-NC-SA 4.0; source image/catalog rights separate.,https://kitab-project.org/docs/openITI,TRANSCRIPTION_ALLOWED_BY_LICENSE,NONCOMMERCIAL_BY_NC_SA_ONLY,OpenITI/KITAB + source institution,NULL,False,NEEDS_ITEM_LEVEL_REVIEW,OpenITI 2025.1.9
MS0093KabulANA.Firuzkuh45.IEDC0132-per1,NULL,أرشيف ملي أفغنستان,MS0093KabulANA,Firuzkuh 45,MS0093KabulANA.Firuzkuh45.IEDC0132-per1,NULL,NULL,NULL,NULL,NULL,كابل,NULL,NULL,NULL,per,OpenITI manuscript/document transcription; physical-image rights not inferred.,OpenITI transcription CC BY-NC-SA 4.0; source image/catalog rights separate.,https://kitab-project.org/docs/openITI,TRANSCRIPTION_ALLOWED_BY_LICENSE,NONCOMMERCIAL_BY_NC_SA_ONLY,OpenITI/KITAB + source institution,NULL,False,NEEDS_ITEM_LEVEL_REVIEW,OpenITI 2025.1.9
MS0093KabulANA.Firuzkuh46.IEDC0135-per1,NULL,أرشيف ملي أفغنستان,MS0093KabulANA,Firuzkuh 46,MS0093KabulANA.Firuzkuh46.IEDC0135-per1,NULL,NULL,NULL,NULL,NULL,كابل,NULL,NULL,NULL,per,OpenITI manuscript/document transcription; physical-image rights not inferred.,OpenITI transcription CC BY-NC-SA 4.0; source image/catalog rights separate.,https://kitab-project.org/docs/openITI,TRANSCRIPTION_ALLOWED_BY_LICENSE,NONCOMMERCIAL_BY_NC_SA_ONLY,OpenITI/KITAB + source institution,NULL,False,NEEDS_ITEM_LEVEL_REVIEW,OpenITI 2025.1.9
MS0093KabulANA.Firuzkuh47.IEDC0136-per1,NULL,أرشيف ملي أفغنستان,MS0093KabulANA,Firuzkuh 47,MS0093KabulANA.Firuzkuh47.IEDC0136-per1,NULL,NULL,NULL,NULL,NULL,كابل,NULL,NULL,NULL,per,OpenITI manuscript/document transcription; physical-image rights not inferred.,OpenITI transcription CC BY-NC-SA 4.0; source image/catalog rights separate.,https://kitab-project.org/docs/openITI,TRANSCRIPTION_ALLOWED_BY_LICENSE,NONCOMMERCIAL_BY_NC_SA_ONLY,OpenITI/KITAB + source institution,NULL,False,NEEDS_ITEM_LEVEL_REVIEW,OpenITI 2025.1.9
MS0093KabulANA.Firuzkuh48.IEDC0141-per1,NULL,أرشيف ملي أفغنستان,MS0093KabulANA,Firuzkuh 48,MS0093KabulANA.Firuzkuh48.IEDC0141-per1,NULL,NULL,NULL,NULL,NULL,كابل,NULL,NULL,NULL,per,OpenITI manuscript/document transcription; physical-image rights not inferred.,OpenITI transcription CC BY-NC-SA 4.0; source image/catalog rights separate.,https://kitab-project.org/docs/openITI,TRANSCRIPTION_ALLOWED_BY_LICENSE,NONCOMMERCIAL_BY_NC_SA_ONLY,OpenITI/KITAB + source institution,NULL,False,NEEDS_ITEM_LEVEL_REVIEW,OpenITI 2025.1.9
MS0093KabulANA.Firuzkuh49.IEDC0142-per1,NULL,أرشيف ملي أفغنستان,MS0093KabulANA,Firuzkuh 49,MS0093KabulANA.Firuzkuh49.IEDC0142-per1,NULL,NULL,NULL,NULL,NULL,كابل,NULL,NULL,NULL,per,OpenITI manuscript/document transcription; physical-image rights not inferred.,OpenITI transcription CC BY-NC-SA 4.0; source image/catalog rights separate.,https://kitab-project.org/docs/openITI,TRANSCRIPTION_ALLOWED_BY_LICENSE,NONCOMMERCIAL_BY_NC_SA_ONLY,OpenITI/KITAB + source institution,NULL,False,NEEDS_ITEM_LEVEL_REVIEW,OpenITI 2025.1.9
MS0093KabulANA.Firuzkuh5.IEDC0109-per1,NULL,أرشيف ملي أفغنستان,MS0093KabulANA,Firuzkuh 5,MS0093KabulANA.Firuzkuh5.IEDC0109-per1,NULL,NULL,NULL,NULL,NULL,كابل,NULL,NULL,NULL,per,OpenITI manuscript/document transcription; physical-image rights not inferred.,OpenITI transcription CC BY-NC-SA 4.0; source image/catalog rights separate.,https://kitab-project.org/docs/openITI,TRANSCRIPTION_ALLOWED_BY_LICENSE,NONCOMMERCIAL_BY_NC_SA_ONLY,OpenITI/KITAB + source institution,NULL,False,NEEDS_ITEM_LEVEL_REVIEW,OpenITI 2025.1.9
MS0093KabulANA.Firuzkuh50.IEDC0143-per1,NULL,أرشيف ملي أفغنستان,MS0093KabulANA,Firuzkuh 50,MS0093KabulANA.Firuzkuh50.IEDC0143-per1,NULL,NULL,NULL,NULL,NULL,كابل,NULL,NULL,NULL,per,OpenITI manuscript/document transcription; physical-image rights not inferred.,OpenITI transcription CC BY-NC-SA 4.0; source image/catalog rights separate.,https://kitab-project.org/docs/openITI,TRANSCRIPTION_ALLOWED_BY_LICENSE,NONCOMMERCIAL_BY_NC_SA_ONLY,OpenITI/KITAB + source institution,NULL,False,NEEDS_ITEM_LEVEL_REVIEW,OpenITI 2025.1.9
MS0093KabulANA.Firuzkuh51.IEDC0264-per1,NULL,أرشيف ملي أفغنستان,MS0093KabulANA,Firuzkuh 51,MS0093KabulANA.Firuzkuh51.IEDC0264-per1,NULL,NULL,NULL,NULL,NULL,كابل,NULL,NULL,NULL,per,OpenITI manuscript/document transcription; physical-image rights not inferred.,OpenITI transcription CC BY-NC-SA 4.0; source image/catalog rights separate.,https://kitab-project.org/docs/openITI,TRANSCRIPTION_ALLOWED_BY_LICENSE,NONCOMMERCIAL_BY_NC_SA_ONLY,OpenITI/KITAB + source institution,NULL,False,NEEDS_ITEM_LEVEL_REVIEW,OpenITI 2025.1.9
MS0093KabulANA.Firuzkuh52.IEDC0237-per1,NULL,أرشيف ملي أفغنستان,MS0093KabulANA,Firuzkuh 52,MS0093KabulANA.Firuzkuh52.IEDC0237-per1,NULL,NULL,NULL,NULL,NULL,كابل,NULL,NULL,NULL,per,OpenITI manuscript/document transcription; physical-image rights not inferred.,OpenITI transcription CC BY-NC-SA 4.0; source image/catalog rights separate.,https://kitab-project.org/docs/openITI,TRANSCRIPTION_ALLOWED_BY_LICENSE,NONCOMMERCIAL_BY_NC_SA_ONLY,OpenITI/KITAB + source institution,NULL,False,NEEDS_ITEM_LEVEL_REVIEW,OpenITI 2025.1.9
MS0093KabulANA.Firuzkuh53.IEDC1154-per1,NULL,أرشيف ملي أفغنستان,MS0093KabulANA,Firuzkuh 53,MS0093KabulANA.Firuzkuh53.IEDC1154-per1,NULL,NULL,NULL,NULL,NULL,كابل,NULL,NULL,NULL,per,OpenITI manuscript/document transcription; physical-image rights not inferred.,OpenITI transcription CC BY-NC-SA 4.0; source image/catalog rights separate.,https://kitab-project.org/docs/openITI,TRANSCRIPTION_ALLOWED_BY_LICENSE,NONCOMMERCIAL_BY_NC_SA_ONLY,OpenITI/KITAB + source institution,NULL,False,NEEDS_ITEM_LEVEL_REVIEW,OpenITI 2025.1.9
MS0093KabulANA.Firuzkuh54.IEDC0238-per1,NULL,أرشيف ملي أفغنستان,MS0093KabulANA,Firuzkuh 54,MS0093KabulANA.Firuzkuh54.IEDC0238-per1,NULL,NULL,NULL,NULL,NULL,كابل,NULL,NULL,NULL,per,OpenITI manuscript/document transcription; physical-image rights not inferred.,OpenITI transcription CC BY-NC-SA 4.0; source image/catalog rights separate.,https://kitab-project.org/docs/openITI,TRANSCRIPTION_ALLOWED_BY_LICENSE,NONCOMMERCIAL_BY_NC_SA_ONLY,OpenITI/KITAB + source institution,NULL,False,NEEDS_ITEM_LEVEL_REVIEW,OpenITI 2025.1.9
MS0093KabulANA.Firuzkuh55.IEDC0239-per1,NULL,أرشيف ملي أفغنستان,MS0093KabulANA,Firuzkuh 55,MS0093KabulANA.Firuzkuh55.IEDC0239-per1,NULL,NULL,NULL,NULL,NULL,كابل,NULL,NULL,NULL,per,OpenITI manuscript/document transcription; physical-image rights not inferred.,OpenITI transcription CC BY-NC-SA 4.0; source image/catalog rights separate.,https://kitab-project.org/docs/openITI,TRANSCRIPTION_ALLOWED_BY_LICENSE,NONCOMMERCIAL_BY_NC_SA_ONLY,OpenITI/KITAB + source institution,NULL,False,NEEDS_ITEM_LEVEL_REVIEW,OpenITI 2025.1.9
MS0093KabulANA.Firuzkuh56.IEDC0240-per1,NULL,أرشيف ملي أفغنستان,MS0093KabulANA,Firuzkuh 56,MS0093KabulANA.Firuzkuh56.IEDC0240-per1,NULL,NULL,NULL,NULL,NULL,كابل,NULL,NULL,NULL,per,OpenITI manuscript/document transcription; physical-image rights not inferred.,OpenITI transcription CC BY-NC-SA 4.0; source image/catalog rights separate.,https://kitab-project.org/docs/openITI,TRANSCRIPTION_ALLOWED_BY_LICENSE,NONCOMMERCIAL_BY_NC_SA_ONLY,OpenITI/KITAB + source institution,NULL,False,NEEDS_ITEM_LEVEL_REVIEW,OpenITI 2025.1.9
MS0093KabulANA.Firuzkuh57.IEDC1155-per1,NULL,أرشيف ملي أفغنستان,MS0093KabulANA,Firuzkuh 57,MS0093KabulANA.Firuzkuh57.IEDC1155-per1,NULL,NULL,NULL,NULL,NULL,كابل,NULL,NULL,NULL,per,OpenITI manuscript/document transcription; physical-image rights not inferred.,OpenITI transcription CC BY-NC-SA 4.0; source image/catalog rights separate.,https://kitab-project.org/docs/openITI,TRANSCRIPTION_ALLOWED_BY_LICENSE,NONCOMMERCIAL_BY_NC_SA_ONLY,OpenITI/KITAB + source institution,NULL,False,NEEDS_ITEM_LEVEL_REVIEW,OpenITI 2025.1.9
MS0093KabulANA.Firuzkuh58.IEDC0144-per1,NULL,أرشيف ملي أفغنستان,MS0093KabulANA,Firuzkuh 58,MS0093KabulANA.Firuzkuh58.IEDC0144-per1,NULL,NULL,NULL,NULL,NULL,كابل,NULL,NULL,NULL,per,OpenITI manuscript/document transcription; physical-image rights not inferred.,OpenITI transcription CC BY-NC-SA 4.0; source image/catalog rights separate.,https://kitab-project.org/docs/openITI,TRANSCRIPTION_ALLOWED_BY_LICENSE,NONCOMMERCIAL_BY_NC_SA_ONLY,OpenITI/KITAB + source institution,NULL,False,NEEDS_ITEM_LEVEL_REVIEW,OpenITI 2025.1.9
MS0093KabulANA.Firuzkuh59.IEDC0246-per1,NULL,أرشيف ملي أفغنستان,MS0093KabulANA,Firuzkuh 59,MS0093KabulANA.Firuzkuh59.IEDC0246-per1,NULL,NULL,NULL,NULL,NULL,كابل,NULL,NULL,NULL,per,OpenITI manuscript/document transcription; physical-image rights not inferred.,OpenITI transcription CC BY-NC-SA 4.0; source image/catalog rights separate.,https://kitab-project.org/docs/openITI,TRANSCRIPTION_ALLOWED_BY_LICENSE,NONCOMMERCIAL_BY_NC_SA_ONLY,OpenITI/KITAB + source institution,NULL,False,NEEDS_ITEM_LEVEL_REVIEW,OpenITI 2025.1.9
MS0093KabulANA.Firuzkuh6.IEDC0110-per1,NULL,أرشيف ملي أفغنستان,MS0093KabulANA,Firuzkuh 6,MS0093KabulANA.Firuzkuh6.IEDC0110-per1,NULL,NULL,NULL,NULL,NULL,كابل,NULL,NULL,NULL,per,OpenITI manuscript/document transcription; physical-image rights not inferred.,OpenITI transcription CC BY-NC-SA 4.0; source image/catalog rights separate.,https://kitab-project.org/docs/openITI,TRANSCRIPTION_ALLOWED_BY_LICENSE,NONCOMMERCIAL_BY_NC_SA_ONLY,OpenITI/KITAB + source institution,NULL,False,NEEDS_ITEM_LEVEL_REVIEW,OpenITI 2025.1.9
MS0093KabulANA.Firuzkuh60.IEDC0248-per1,NULL,أرشيف ملي أفغنستان,MS0093KabulANA,Firuzkuh 60,MS0093KabulANA.Firuzkuh60.IEDC0248-per1,NULL,NULL,NULL,NULL,NULL,كابل,NULL,NULL,NULL,per,OpenITI manuscript/document transcription; physical-image rights not inferred.,OpenITI transcription CC BY-NC-SA 4.0; source image/catalog rights separate.,https://kitab-project.org/docs/openITI,TRANSCRIPTION_ALLOWED_BY_LICENSE,NONCOMMERCIAL_BY_NC_SA_ONLY,OpenITI/KITAB + source institution,NULL,False,NEEDS_ITEM_LEVEL_REVIEW,OpenITI 2025.1.9
MS0093KabulANA.Firuzkuh61.IEDC0243-per1,NULL,أرشيف ملي أفغنستان,MS0093KabulANA,Firuzkuh 61,MS0093KabulANA.Firuzkuh61.IEDC0243-per1,NULL,NULL,NULL,NULL,NULL,كابل,NULL,NULL,NULL,per,OpenITI manuscript/document transcription; physical-image rights not inferred.,OpenITI transcription CC BY-NC-SA 4.0; source image/catalog rights separate.,https://kitab-project.org/docs/openITI,TRANSCRIPTION_ALLOWED_BY_LICENSE,NONCOMMERCIAL_BY_NC_SA_ONLY,OpenITI/KITAB + source institution,NULL,False,NEEDS_ITEM_LEVEL_REVIEW,OpenITI 2025.1.9
MS0093KabulANA.Firuzkuh62.IEDC0250-per1,NULL,أرشيف ملي أفغنستان,MS0093KabulANA,Firuzkuh 62,MS0093KabulANA.Firuzkuh62.IEDC0250-per1,NULL,NULL,NULL,NULL,NULL,كابل,NULL,NULL,NULL,per,OpenITI manuscript/document transcription; physical-image rights not inferred.,OpenITI transcription CC BY-NC-SA 4.0; source image/catalog rights separate.,https://kitab-project.org/docs/openITI,TRANSCRIPTION_ALLOWED_BY_LICENSE,NONCOMMERCIAL_BY_NC_SA_ONLY,OpenITI/KITAB + source institution,NULL,False,NEEDS_ITEM_LEVEL_REVIEW,OpenITI 2025.1.9
MS0093KabulANA.Firuzkuh63.IEDC0244-per1,NULL,أرشيف ملي أفغنستان,MS0093KabulANA,Firuzkuh 63,MS0093KabulANA.Firuzkuh63.IEDC0244-per1,NULL,NULL,NULL,NULL,NULL,كابل,NULL,NULL,NULL,per,OpenITI manuscript/document transcription; physical-image rights not inferred.,OpenITI transcription CC BY-NC-SA 4.0; source image/catalog rights separate.,https://kitab-project.org/docs/openITI,TRANSCRIPTION_ALLOWED_BY_LICENSE,NONCOMMERCIAL_BY_NC_SA_ONLY,OpenITI/KITAB + source institution,NULL,False,NEEDS_ITEM_LEVEL_REVIEW,OpenITI 2025.1.9
MS0093KabulANA.Firuzkuh64.IEDC0247-per1,NULL,أرشيف ملي أفغنستان,MS0093KabulANA,Firuzkuh 64,MS0093KabulANA.Firuzkuh64.IEDC0247-per1,NULL,NULL,NULL,NULL,NULL,كابل,NULL,NULL,NULL,per,OpenITI manuscript/document transcription; physical-image rights not inferred.,OpenITI transcription CC BY-NC-SA 4.0; source image/catalog rights separate.,https://kitab-project.org/docs/openITI,TRANSCRIPTION_ALLOWED_BY_LICENSE,NONCOMMERCIAL_BY_NC_SA_ONLY,OpenITI/KITAB + source institution,NULL,False,NEEDS_ITEM_LEVEL_REVIEW,OpenITI 2025.1.9
MS0093KabulANA.Firuzkuh65.IEDC0249-per1,NULL,أرشيف ملي أفغنستان,MS0093KabulANA,Firuzkuh 65,MS0093KabulANA.Firuzkuh65.IEDC0249-per1,NULL,NULL,NULL,NULL,NULL,كابل,NULL,NULL,NULL,per,OpenITI manuscript/document transcription; physical-image rights not inferred.,OpenITI transcription CC BY-NC-SA 4.0; source image/catalog rights separate.,https://kitab-project.org/docs/openITI,TRANSCRIPTION_ALLOWED_BY_LICENSE,NONCOMMERCIAL_BY_NC_SA_ONLY,OpenITI/KITAB + source institution,NULL,False,NEEDS_ITEM_LEVEL_REVIEW,OpenITI 2025.1.9
MS0093KabulANA.Firuzkuh66.IEDC0157-per1,NULL,أرشيف ملي أفغنستان,MS0093KabulANA,Firuzkuh 66,MS0093KabulANA.Firuzkuh66.IEDC0157-per1,NULL,NULL,NULL,NULL,NULL,كابل,NULL,NULL,NULL,per,OpenITI manuscript/document transcription; physical-image rights not inferred.,OpenITI transcription CC BY-NC-SA 4.0; source image/catalog rights separate.,https://kitab-project.org/docs/openITI,TRANSCRIPTION_ALLOWED_BY_LICENSE,NONCOMMERCIAL_BY_NC_SA_ONLY,OpenITI/KITAB + source institution,NULL,False,NEEDS_ITEM_LEVEL_REVIEW,OpenITI 2025.1.9
MS0093KabulANA.Firuzkuh67.IEDC0158-per1,NULL,أرشيف ملي أفغنستان,MS0093KabulANA,Firuzkuh 67,MS0093KabulANA.Firuzkuh67.IEDC0158-per1,NULL,NULL,NULL,NULL,NULL,كابل,NULL,NULL,NULL,per,OpenITI manuscript/document transcription; physical-image rights not inferred.,OpenITI transcription CC BY-NC-SA 4.0; source image/catalog rights separate.,https://kitab-project.org/docs/openITI,TRANSCRIPTION_ALLOWED_BY_LICENSE,NONCOMMERCIAL_BY_NC_SA_ONLY,OpenITI/KITAB + source institution,NULL,False,NEEDS_ITEM_LEVEL_REVIEW,OpenITI 2025.1.9
MS0093KabulANA.Firuzkuh68Recto.IEDC0242-per1,NULL,أرشيف ملي أفغنستان,MS0093KabulANA,"Firuzkuh 68, recto",MS0093KabulANA.Firuzkuh68Recto.IEDC0242-per1,NULL,NULL,NULL,NULL,NULL,كابل,NULL,NULL,NULL,per,OpenITI manuscript/document transcription; physical-image rights not inferred.,OpenITI transcription CC BY-NC-SA 4.0; source image/catalog rights separate.,https://kitab-project.org/docs/openITI,TRANSCRIPTION_ALLOWED_BY_LICENSE,NONCOMMERCIAL_BY_NC_SA_ONLY,OpenITI/KITAB + source institution,NULL,False,NEEDS_ITEM_LEVEL_REVIEW,OpenITI 2025.1.9
MS0093KabulANA.Firuzkuh69.IEDC1156-per1,NULL,أرشيف ملي أفغنستان,MS0093KabulANA,Firuzkuh 69,MS0093KabulANA.Firuzkuh69.IEDC1156-per1,NULL,NULL,NULL,NULL,NULL,كابل,NULL,NULL,NULL,per,OpenITI manuscript/document transcription; physical-image rights not inferred.,OpenITI transcription CC BY-NC-SA 4.0; source image/catalog rights separate.,https://kitab-project.org/docs/openITI,TRANSCRIPTION_ALLOWED_BY_LICENSE,NONCOMMERCIAL_BY_NC_SA_ONLY,OpenITI/KITAB + source institution,NULL,False,NEEDS_ITEM_LEVEL_REVIEW,OpenITI 2025.1.9
MS0093KabulANA.Firuzkuh7.IEDC0111-per1,NULL,أرشيف ملي أفغنستان,MS0093KabulANA,Firuzkuh 7,MS0093KabulANA.Firuzkuh7.IEDC0111-per1,NULL,NULL,NULL,NULL,NULL,كابل,NULL,NULL,NULL,per,OpenITI manuscript/document transcription; physical-image rights not inferred.,OpenITI transcription CC BY-NC-SA 4.0; source image/catalog rights separate.,https://kitab-project.org/docs/openITI,TRANSCRIPTION_ALLOWED_BY_LICENSE,NONCOMMERCIAL_BY_NC_SA_ONLY,OpenITI/KITAB + source institution,NULL,False,NEEDS_ITEM_LEVEL_REVIEW,OpenITI 2025.1.9
MS0093KabulANA.Firuzkuh70.IEDC1157-per1,NULL,أرشيف ملي أفغنستان,MS0093KabulANA,Firuzkuh 70,MS0093KabulANA.Firuzkuh70.IEDC1157-per1,NULL,NULL,NULL,NULL,NULL,كابل,NULL,NULL,NULL,per,OpenITI manuscript/document transcription; physical-image rights not inferred.,OpenITI transcription CC BY-NC-SA 4.0; source image/catalog rights separate.,https://kitab-project.org/docs/openITI,TRANSCRIPTION_ALLOWED_BY_LICENSE,NONCOMMERCIAL_BY_NC_SA_ONLY,OpenITI/KITAB + source institution,NULL,False,NEEDS_ITEM_LEVEL_REVIEW,OpenITI 2025.1.9
MS0093KabulANA.Firuzkuh71.IEDC1207-per1,NULL,أرشيف ملي أفغنستان,MS0093KabulANA,Firuzkuh 71,MS0093KabulANA.Firuzkuh71.IEDC1207-per1,NULL,NULL,NULL,NULL,NULL,كابل,NULL,NULL,NULL,per,OpenITI manuscript/document transcription; physical-image rights not inferred.,OpenITI transcription CC BY-NC-SA 4.0; source image/catalog rights separate.,https://kitab-project.org/docs/openITI,TRANSCRIPTION_ALLOWED_BY_LICENSE,NONCOMMERCIAL_BY_NC_SA_ONLY,OpenITI/KITAB + source institution,NULL,False,NEEDS_ITEM_LEVEL_REVIEW,OpenITI 2025.1.9
MS0093KabulANA.Firuzkuh72.IEDC1208-per1,NULL,أرشيف ملي أفغنستان,MS0093KabulANA,Firuzkuh 72,MS0093KabulANA.Firuzkuh72.IEDC1208-per1,NULL,NULL,NULL,NULL,NULL,كابل,NULL,NULL,NULL,per,OpenITI manuscript/document transcription; physical-image rights not inferred.,OpenITI transcription CC BY-NC-SA 4.0; source image/catalog rights separate.,https://kitab-project.org/docs/openITI,TRANSCRIPTION_ALLOWED_BY_LICENSE,NONCOMMERCIAL_BY_NC_SA_ONLY,OpenITI/KITAB + source institution,NULL,False,NEEDS_ITEM_LEVEL_REVIEW,OpenITI 2025.1.9
MS0093KabulANA.Firuzkuh73.IEDC1209-per1,NULL,أرشيف ملي أفغنستان,MS0093KabulANA,Firuzkuh 73,MS0093KabulANA.Firuzkuh73.IEDC1209-per1,NULL,NULL,NULL,NULL,NULL,كابل,NULL,NULL,NULL,per,OpenITI manuscript/document transcription; physical-image rights not inferred.,OpenITI transcription CC BY-NC-SA 4.0; source image/catalog rights separate.,https://kitab-project.org/docs/openITI,TRANSCRIPTION_ALLOWED_BY_LICENSE,NONCOMMERCIAL_BY_NC_SA_ONLY,OpenITI/KITAB + source institution,NULL,False,NEEDS_ITEM_LEVEL_REVIEW,OpenITI 2025.1.9
MS0093KabulANA.Firuzkuh74.IEDC1211-per1,NULL,أرشيف ملي أفغنستان,MS0093KabulANA,Firuzkuh 74,MS0093KabulANA.Firuzkuh74.IEDC1211-per1,NULL,NULL,NULL,NULL,NULL,كابل,NULL,NULL,NULL,per,OpenITI manuscript/document transcription; physical-image rights not inferred.,OpenITI transcription CC BY-NC-SA 4.0; source image/catalog rights separate.,https://kitab-project.org/docs/openITI,TRANSCRIPTION_ALLOWED_BY_LICENSE,NONCOMMERCIAL_BY_NC_SA_ONLY,OpenITI/KITAB + source institution,NULL,False,NEEDS_ITEM_LEVEL_REVIEW,OpenITI 2025.1.9
MS0093KabulANA.Firuzkuh75Recto.IEDC1164-per1,NULL,أرشيف ملي أفغنستان,MS0093KabulANA,"Firuzkuh 75, recto",MS0093KabulANA.Firuzkuh75Recto.IEDC1164-per1,NULL,NULL,NULL,NULL,NULL,كابل,NULL,NULL,NULL,per,OpenITI manuscript/document transcription; physical-image rights not inferred.,OpenITI transcription CC BY-NC-SA 4.0; source image/catalog rights separate.,https://kitab-project.org/docs/openITI,TRANSCRIPTION_ALLOWED_BY_LICENSE,NONCOMMERCIAL_BY_NC_SA_ONLY,OpenITI/KITAB + source institution,NULL,False,NEEDS_ITEM_LEVEL_REVIEW,OpenITI 2025.1.9
MS0093KabulANA.Firuzkuh75Verso.IEDC1210-per1,NULL,أرشيف ملي أفغنستان,MS0093KabulANA,"Firuzkuh 75, verso",MS0093KabulANA.Firuzkuh75Verso.IEDC1210-per1,NULL,NULL,NULL,NULL,NULL,كابل,NULL,NULL,NULL,per,OpenITI manuscript/document transcription; physical-image rights not inferred.,OpenITI transcription CC BY-NC-SA 4.0; source image/catalog rights separate.,https://kitab-project.org/docs/openITI,TRANSCRIPTION_ALLOWED_BY_LICENSE,NONCOMMERCIAL_BY_NC_SA_ONLY,OpenITI/KITAB + source institution,NULL,False,NEEDS_ITEM_LEVEL_REVIEW,OpenITI 2025.1.9
MS0093KabulANA.Firuzkuh76.IEDC1212-per1,NULL,أرشيف ملي أفغنستان,MS0093KabulANA,Firuzkuh 76,MS0093KabulANA.Firuzkuh76.IEDC1212-per1,NULL,NULL,NULL,NULL,NULL,كابل,NULL,NULL,NULL,per,OpenITI manuscript/document transcription; physical-image rights not inferred.,OpenITI transcription CC BY-NC-SA 4.0; source image/catalog rights separate.,https://kitab-project.org/docs/openITI,TRANSCRIPTION_ALLOWED_BY_LICENSE,NONCOMMERCIAL_BY_NC_SA_ONLY,OpenITI/KITAB + source institution,NULL,False,NEEDS_ITEM_LEVEL_REVIEW,OpenITI 2025.1.9
MS0093KabulANA.Firuzkuh77.IEDC1213-per1,NULL,أرشيف ملي أفغنستان,MS0093KabulANA,Firuzkuh 77,MS0093KabulANA.Firuzkuh77.IEDC1213-per1,NULL,NULL,NULL,NULL,NULL,كابل,NULL,NULL,NULL,per,OpenITI manuscript/document transcription; physical-image rights not inferred.,OpenITI transcription CC BY-NC-SA 4.0; source image/catalog rights separate.,https://kitab-project.org/docs/openITI,TRANSCRIPTION_ALLOWED_BY_LICENSE,NONCOMMERCIAL_BY_NC_SA_ONLY,OpenITI/KITAB + source institution,NULL,False,NEEDS_ITEM_LEVEL_REVIEW,OpenITI 2025.1.9
MS0093KabulANA.Firuzkuh78.IEDC1214-per1,NULL,أرشيف ملي أفغنستان,MS0093KabulANA,Firuzkuh 78,MS0093KabulANA.Firuzkuh78.IEDC1214-per1,NULL,NULL,NULL,NULL,NULL,كابل,NULL,NULL,NULL,per,OpenITI manuscript/document transcription; physical-image rights not inferred.,OpenITI transcription CC BY-NC-SA 4.0; source image/catalog rights separate.,https://kitab-project.org/docs/openITI,TRANSCRIPTION_ALLOWED_BY_LICENSE,NONCOMMERCIAL_BY_NC_SA_ONLY,OpenITI/KITAB + source institution,NULL,False,NEEDS_ITEM_LEVEL_REVIEW,OpenITI 2025.1.9
MS0093KabulANA.Firuzkuh79.IEDC1158-per1,NULL,أرشيف ملي أفغنستان,MS0093KabulANA,Firuzkuh 79,MS0093KabulANA.Firuzkuh79.IEDC1158-per1,NULL,NULL,NULL,NULL,NULL,كابل,NULL,NULL,NULL,per,OpenITI manuscript/document transcription; physical-image rights not inferred.,OpenITI transcription CC BY-NC-SA 4.0; source image/catalog rights separate.,https://kitab-project.org/docs/openITI,TRANSCRIPTION_ALLOWED_BY_LICENSE,NONCOMMERCIAL_BY_NC_SA_ONLY,OpenITI/KITAB + source institution,NULL,False,NEEDS_ITEM_LEVEL_REVIEW,OpenITI 2025.1.9
MS0093KabulANA.Firuzkuh8.IEDC0112-per1,NULL,أرشيف ملي أفغنستان,MS0093KabulANA,Firuzkuh 8,MS0093KabulANA.Firuzkuh8.IEDC0112-per1,NULL,NULL,NULL,NULL,NULL,كابل,NULL,NULL,NULL,per,OpenITI manuscript/document transcription; physical-image rights not inferred.,OpenITI transcription CC BY-NC-SA 4.0; source image/catalog rights separate.,https://kitab-project.org/docs/openITI,TRANSCRIPTION_ALLOWED_BY_LICENSE,NONCOMMERCIAL_BY_NC_SA_ONLY,OpenITI/KITAB + source institution,NULL,False,NEEDS_ITEM_LEVEL_REVIEW,OpenITI 2025.1.9
MS0093KabulANA.Firuzkuh80.IEDC1159-per1,NULL,أرشيف ملي أفغنستان,MS0093KabulANA,Firuzkuh 80,MS0093KabulANA.Firuzkuh80.IEDC1159-per1,NULL,NULL,NULL,NULL,NULL,كابل,NULL,NULL,NULL,per,OpenITI manuscript/document transcription; physical-image rights not inferred.,OpenITI transcription CC BY-NC-SA 4.0; source image/catalog rights separate.,https://kitab-project.org/docs/openITI,TRANSCRIPTION_ALLOWED_BY_LICENSE,NONCOMMERCIAL_BY_NC_SA_ONLY,OpenITI/KITAB + source institution,NULL,False,NEEDS_ITEM_LEVEL_REVIEW,OpenITI 2025.1.9
MS0093KabulANA.Firuzkuh81.IEDC1232-per1,NULL,أرشيف ملي أفغنستان,MS0093KabulANA,Firuzkuh 81,MS0093KabulANA.Firuzkuh81.IEDC1232-per1,NULL,NULL,NULL,NULL,NULL,كابل,NULL,NULL,NULL,per,OpenITI manuscript/document transcription; physical-image rights not inferred.,OpenITI transcription CC BY-NC-SA 4.0; source image/catalog rights separate.,https://kitab-project.org/docs/openITI,TRANSCRIPTION_ALLOWED_BY_LICENSE,NONCOMMERCIAL_BY_NC_SA_ONLY,OpenITI/KITAB + source institution,NULL,False,NEEDS_ITEM_LEVEL_REVIEW,OpenITI 2025.1.9
MS0093KabulANA.Firuzkuh82.IEDC1215-per1,NULL,أرشيف ملي أفغنستان,MS0093KabulANA,Firuzkuh 82,MS0093KabulANA.Firuzkuh82.IEDC1215-per1,NULL,NULL,NULL,NULL,NULL,كابل,NULL,NULL,NULL,per,OpenITI manuscript/document transcription; physical-image rights not inferred.,OpenITI transcription CC BY-NC-SA 4.0; source image/catalog rights separate.,https://kitab-project.org/docs/openITI,TRANSCRIPTION_ALLOWED_BY_LICENSE,NONCOMMERCIAL_BY_NC_SA_ONLY,OpenITI/KITAB + source institution,NULL,False,NEEDS_ITEM_LEVEL_REVIEW,OpenITI 2025.1.9
MS0093KabulANA.Firuzkuh83.IEDC1171-per1,NULL,أرشيف ملي أفغنستان,MS0093KabulANA,Firuzkuh 83,MS0093KabulANA.Firuzkuh83.IEDC1171-per1,NULL,NULL,NULL,NULL,NULL,كابل,NULL,NULL,NULL,per,OpenITI manuscript/document transcription; physical-image rights not inferred.,OpenITI transcription CC BY-NC-SA 4.0; source image/catalog rights separate.,https://kitab-project.org/docs/openITI,TRANSCRIPTION_ALLOWED_BY_LICENSE,NONCOMMERCIAL_BY_NC_SA_ONLY,OpenITI/KITAB + source institution,NULL,False,NEEDS_ITEM_LEVEL_REVIEW,OpenITI 2025.1.9
MS0093KabulANA.Firuzkuh84.IEDC1160-per1,NULL,أرشيف ملي أفغنستان,MS0093KabulANA,Firuzkuh 84,MS0093KabulANA.Firuzkuh84.IEDC1160-per1,NULL,NULL,NULL,NULL,NULL,كابل,NULL,NULL,NULL,per,OpenITI manuscript/document transcription; physical-image rights not inferred.,OpenITI transcription CC BY-NC-SA 4.0; source image/catalog rights separate.,https://kitab-project.org/docs/openITI,TRANSCRIPTION_ALLOWED_BY_LICENSE,NONCOMMERCIAL_BY_NC_SA_ONLY,OpenITI/KITAB + source institution,NULL,False,NEEDS_ITEM_LEVEL_REVIEW,OpenITI 2025.1.9
MS0093KabulANA.Firuzkuh85.IEDC0145-per1,NULL,أرشيف ملي أفغنستان,MS0093KabulANA,Firuzkuh 85,MS0093KabulANA.Firuzkuh85.IEDC0145-per1,NULL,NULL,NULL,NULL,NULL,كابل,NULL,NULL,NULL,per,OpenITI manuscript/document transcription; physical-image rights not inferred.,OpenITI transcription CC BY-NC-SA 4.0; source image/catalog rights separate.,https://kitab-project.org/docs/openITI,TRANSCRIPTION_ALLOWED_BY_LICENSE,NONCOMMERCIAL_BY_NC_SA_ONLY,OpenITI/KITAB + source institution,NULL,False,NEEDS_ITEM_LEVEL_REVIEW,OpenITI 2025.1.9
MS0093KabulANA.Firuzkuh86.IEDC1217-per1,NULL,أرشيف ملي أفغنستان,MS0093KabulANA,Firuzkuh 86,MS0093KabulANA.Firuzkuh86.IEDC1217-per1,NULL,NULL,NULL,NULL,NULL,كابل,NULL,NULL,NULL,per,OpenITI manuscript/document transcription; physical-image rights not inferred.,OpenITI transcription CC BY-NC-SA 4.0; source image/catalog rights separate.,https://kitab-project.org/docs/openITI,TRANSCRIPTION_ALLOWED_BY_LICENSE,NONCOMMERCIAL_BY_NC_SA_ONLY,OpenITI/KITAB + source institution,NULL,False,NEEDS_ITEM_LEVEL_REVIEW,OpenITI 2025.1.9
MS0093KabulANA.Firuzkuh87.IEDC1218-per1,NULL,أرشيف ملي أفغنستان,MS0093KabulANA,Firuzkuh 87,MS0093KabulANA.Firuzkuh87.IEDC1218-per1,NULL,NULL,NULL,NULL,NULL,كابل,NULL,NULL,NULL,per,OpenITI manuscript/document transcription; physical-image rights not inferred.,OpenITI transcription CC BY-NC-SA 4.0; source image/catalog rights separate.,https://kitab-project.org/docs/openITI,TRANSCRIPTION_ALLOWED_BY_LICENSE,NONCOMMERCIAL_BY_NC_SA_ONLY,OpenITI/KITAB + source institution,NULL,False,NEEDS_ITEM_LEVEL_REVIEW,OpenITI 2025.1.9
MS0093KabulANA.Firuzkuh88.IEDC1233-ara1,NULL,أرشيف ملي أفغنستان,MS0093KabulANA,Firuzkuh 88,MS0093KabulANA.Firuzkuh88.IEDC1233-ara1,NULL,NULL,NULL,NULL,NULL,كابل,NULL,NULL,NULL,ara,OpenITI manuscript/document transcription; physical-image rights not inferred.,OpenITI transcription CC BY-NC-SA 4.0; source image/catalog rights separate.,https://kitab-project.org/docs/openITI,TRANSCRIPTION_ALLOWED_BY_LICENSE,NONCOMMERCIAL_BY_NC_SA_ONLY,OpenITI/KITAB + source institution,NULL,False,NEEDS_ITEM_LEVEL_REVIEW,OpenITI 2025.1.9
MS0093KabulANA.Firuzkuh89.IEDC1234-ara1,NULL,أرشيف ملي أفغنستان,MS0093KabulANA,Firuzkuh 89,MS0093KabulANA.Firuzkuh89.IEDC1234-ara1,NULL,NULL,NULL,NULL,NULL,كابل,NULL,NULL,NULL,ara,OpenITI manuscript/document transcription; physical-image rights not inferred.,OpenITI transcription CC BY-NC-SA 4.0; source image/catalog rights separate.,https://kitab-project.org/docs/openITI,TRANSCRIPTION_ALLOWED_BY_LICENSE,NONCOMMERCIAL_BY_NC_SA_ONLY,OpenITI/KITAB + source institution,NULL,False,NEEDS_ITEM_LEVEL_REVIEW,OpenITI 2025.1.9
MS0093KabulANA.Firuzkuh9.IEDC1216-per1,NULL,أرشيف ملي أفغنستان,MS0093KabulANA,Firuzkuh 9,MS0093KabulANA.Firuzkuh9.IEDC1216-per1,NULL,NULL,NULL,NULL,NULL,كابل,NULL,NULL,NULL,per,OpenITI manuscript/document transcription; physical-image rights not inferred.,OpenITI transcription CC BY-NC-SA 4.0; source image/catalog rights separate.,https://kitab-project.org/docs/openITI,TRANSCRIPTION_ALLOWED_BY_LICENSE,NONCOMMERCIAL_BY_NC_SA_ONLY,OpenITI/KITAB + source institution,NULL,False,NEEDS_ITEM_LEVEL_REVIEW,OpenITI 2025.1.9
MS0093KabulANA.Firuzkuh90.IEDC1235-ara1,NULL,أرشيف ملي أفغنستان,MS0093KabulANA,Firuzkuh 90,MS0093KabulANA.Firuzkuh90.IEDC1235-ara1,NULL,NULL,NULL,NULL,NULL,كابل,NULL,NULL,NULL,ara,OpenITI manuscript/document transcription; physical-image rights not inferred.,OpenITI transcription CC BY-NC-SA 4.0; source image/catalog rights separate.,https://kitab-project.org/docs/openITI,TRANSCRIPTION_ALLOWED_BY_LICENSE,NONCOMMERCIAL_BY_NC_SA_ONLY,OpenITI/KITAB + source institution,NULL,False,NEEDS_ITEM_LEVEL_REVIEW,OpenITI 2025.1.9
MS0093KabulANA.Firuzkuh91.IEDC1219-per1,NULL,أرشيف ملي أفغنستان,MS0093KabulANA,Firuzkuh 91,MS0093KabulANA.Firuzkuh91.IEDC1219-per1,NULL,NULL,NULL,NULL,NULL,كابل,NULL,NULL,NULL,per,OpenITI manuscript/document transcription; physical-image rights not inferred.,OpenITI transcription CC BY-NC-SA 4.0; source image/catalog rights separate.,https://kitab-project.org/docs/openITI,TRANSCRIPTION_ALLOWED_BY_LICENSE,NONCOMMERCIAL_BY_NC_SA_ONLY,OpenITI/KITAB + source institution,NULL,False,NEEDS_ITEM_LEVEL_REVIEW,OpenITI 2025.1.9
MS0093KabulANA.Firuzkuh92.IEDC1172-per1,NULL,أرشيف ملي أفغنستان,MS0093KabulANA,Firuzkuh 92,MS0093KabulANA.Firuzkuh92.IEDC1172-per1,NULL,NULL,NULL,NULL,NULL,كابل,NULL,NULL,NULL,per,OpenITI manuscript/document transcription; physical-image rights not inferred.,OpenITI transcription CC BY-NC-SA 4.0; source image/catalog rights separate.,https://kitab-project.org/docs/openITI,TRANSCRIPTION_ALLOWED_BY_LICENSE,NONCOMMERCIAL_BY_NC_SA_ONLY,OpenITI/KITAB + source institution,NULL,False,NEEDS_ITEM_LEVEL_REVIEW,OpenITI 2025.1.9
MS0093KabulANA.Firuzkuh93.IEDC0146-per1,NULL,أرشيف ملي أفغنستان,MS0093KabulANA,Firuzkuh 93,MS0093KabulANA.Firuzkuh93.IEDC0146-per1,NULL,NULL,NULL,NULL,NULL,كابل,NULL,NULL,NULL,per,OpenITI manuscript/document transcription; physical-image rights not inferred.,OpenITI transcription CC BY-NC-SA 4.0; source image/catalog rights separate.,https://kitab-project.org/docs/openITI,TRANSCRIPTION_ALLOWED_BY_LICENSE,NONCOMMERCIAL_BY_NC_SA_ONLY,OpenITI/KITAB + source institution,NULL,False,NEEDS_ITEM_LEVEL_REVIEW,OpenITI 2025.1.9
MS0093KabulANA.Firuzkuh94.IEDC1161-per1,NULL,أرشيف ملي أفغنستان,MS0093KabulANA,Firuzkuh 94,MS0093KabulANA.Firuzkuh94.IEDC1161-per1,NULL,NULL,NULL,NULL,NULL,كابل,NULL,NULL,NULL,per,OpenITI manuscript/document transcription; physical-image rights not inferred.,OpenITI transcription CC BY-NC-SA 4.0; source image/catalog rights separate.,https://kitab-project.org/docs/openITI,TRANSCRIPTION_ALLOWED_BY_LICENSE,NONCOMMERCIAL_BY_NC_SA_ONLY,OpenITI/KITAB + source institution,NULL,False,NEEDS_ITEM_LEVEL_REVIEW,OpenITI 2025.1.9
MS0093KabulANA.Firuzkuh95.IEDC0241-per1,NULL,أرشيف ملي أفغنستان,MS0093KabulANA,Firuzkuh 95,MS0093KabulANA.Firuzkuh95.IEDC0241-per1,NULL,NULL,NULL,NULL,NULL,كابل,NULL,NULL,NULL,per,OpenITI manuscript/document transcription; physical-image rights not inferred.,OpenITI transcription CC BY-NC-SA 4.0; source image/catalog rights separate.,https://kitab-project.org/docs/openITI,TRANSCRIPTION_ALLOWED_BY_LICENSE,NONCOMMERCIAL_BY_NC_SA_ONLY,OpenITI/KITAB + source institution,NULL,False,NEEDS_ITEM_LEVEL_REVIEW,OpenITI 2025.1.9
MS0093KabulANA.Firuzkuh96.IEDC0147-per1,NULL,أرشيف ملي أفغنستان,MS0093KabulANA,Firuzkuh 96,MS0093KabulANA.Firuzkuh96.IEDC0147-per1,NULL,NULL,NULL,NULL,NULL,كابل,NULL,NULL,NULL,per,OpenITI manuscript/document transcription; physical-image rights not inferred.,OpenITI transcription CC BY-NC-SA 4.0; source image/catalog rights separate.,https://kitab-project.org/docs/openITI,TRANSCRIPTION_ALLOWED_BY_LICENSE,NONCOMMERCIAL_BY_NC_SA_ONLY,OpenITI/KITAB + source institution,NULL,False,NEEDS_ITEM_LEVEL_REVIEW,OpenITI 2025.1.9
MS0093KabulANA.Firuzkuh97.IEDC1163-per1,NULL,أرشيف ملي أفغنستان,MS0093KabulANA,Firuzkuh 97,MS0093KabulANA.Firuzkuh97.IEDC1163-per1,NULL,NULL,NULL,NULL,NULL,كابل,NULL,NULL,NULL,per,OpenITI manuscript/document transcription; physical-image rights not inferred.,OpenITI transcription CC BY-NC-SA 4.0; source image/catalog rights separate.,https://kitab-project.org/docs/openITI,TRANSCRIPTION_ALLOWED_BY_LICENSE,NONCOMMERCIAL_BY_NC_SA_ONLY,OpenITI/KITAB + source institution,NULL,False,NEEDS_ITEM_LEVEL_REVIEW,OpenITI 2025.1.9
MS0093KabulANA.Firuzkuh98.IEDC1220-per1,NULL,أرشيف ملي أفغنستان,MS0093KabulANA,Firuzkuh 98,MS0093KabulANA.Firuzkuh98.IEDC1220-per1,NULL,NULL,NULL,NULL,NULL,كابل,NULL,NULL,NULL,per,OpenITI manuscript/document transcription; physical-image rights not inferred.,OpenITI transcription CC BY-NC-SA 4.0; source image/catalog rights separate.,https://kitab-project.org/docs/openITI,TRANSCRIPTION_ALLOWED_BY_LICENSE,NONCOMMERCIAL_BY_NC_SA_ONLY,OpenITI/KITAB + source institution,NULL,False,NEEDS_ITEM_LEVEL_REVIEW,OpenITI 2025.1.9
MS0093KabulANA.Firuzkuh99.IEDC1236-per1,NULL,أرشيف ملي أفغنستان,MS0093KabulANA,Firuzkuh 99,MS0093KabulANA.Firuzkuh99.IEDC1236-per1,NULL,NULL,NULL,NULL,NULL,كابل,NULL,NULL,NULL,per,OpenITI manuscript/document transcription; physical-image rights not inferred.,OpenITI transcription CC BY-NC-SA 4.0; source image/catalog rights separate.,https://kitab-project.org/docs/openITI,TRANSCRIPTION_ALLOWED_BY_LICENSE,NONCOMMERCIAL_BY_NC_SA_ONLY,OpenITI/KITAB + source institution,NULL,False,NEEDS_ITEM_LEVEL_REVIEW,OpenITI 2025.1.9
MS0098TehranUL.Ms9067.SK202502-per1,NULL,المكتبة المركزية لجامعة طهران,MS0098TehranUL,Tehran University Library ms. 9067,زبدة التواريخ,NULL,NULL,NULL,NULL,NULL,طهران,NULL,NULL,NULL,per,OpenITI manuscript/document transcription; physical-image rights not inferred.,OpenITI transcription CC BY-NC-SA 4.0; source image/catalog rights separate.,https://kitab-project.org/docs/openITI,TRANSCRIPTION_ALLOWED_BY_LICENSE,NONCOMMERCIAL_BY_NC_SA_ONLY,OpenITI/KITAB + source institution,NULL,False,NEEDS_ITEM_LEVEL_REVIEW,OpenITI 2025.1.9
MS0972JerusalemNLI.Heb8333_100.IEDC0077-per1,NULL,المكتبة الوطنية الاسرائيلية,MS0972JerusalemNLI,Ms.Heb.8333.100,MS0972JerusalemNLI.Heb8333_100.IEDC0077-per1,NULL,NULL,NULL,NULL,NULL,القدس,NULL,NULL,NULL,per,OpenITI manuscript/document transcription; physical-image rights not inferred.,OpenITI transcription CC BY-NC-SA 4.0; source image/catalog rights separate.,https://kitab-project.org/docs/openITI,TRANSCRIPTION_ALLOWED_BY_LICENSE,NONCOMMERCIAL_BY_NC_SA_ONLY,OpenITI/KITAB + source institution,NULL,False,NEEDS_ITEM_LEVEL_REVIEW,OpenITI 2025.1.9
MS0972JerusalemNLI.Heb8333_101Recto.IEDC0267-per1,NULL,المكتبة الوطنية الاسرائيلية,MS0972JerusalemNLI,"Ms.Heb.8333.101, recto",MS0972JerusalemNLI.Heb8333_101Recto.IEDC0267-per1,NULL,NULL,NULL,NULL,NULL,القدس,NULL,NULL,NULL,per,OpenITI manuscript/document transcription; physical-image rights not inferred.,OpenITI transcription CC BY-NC-SA 4.0; source image/catalog rights separate.,https://kitab-project.org/docs/openITI,TRANSCRIPTION_ALLOWED_BY_LICENSE,NONCOMMERCIAL_BY_NC_SA_ONLY,OpenITI/KITAB + source institution,NULL,False,NEEDS_ITEM_LEVEL_REVIEW,OpenITI 2025.1.9
MS0972JerusalemNLI.Heb8333_101Verso.IEDC0212-per1,NULL,المكتبة الوطنية الاسرائيلية,MS0972JerusalemNLI,"Ms.Heb.8333.101, verso",MS0972JerusalemNLI.Heb8333_101Verso.IEDC0212-per1,NULL,NULL,NULL,NULL,NULL,القدس,NULL,NULL,NULL,per,OpenITI manuscript/document transcription; physical-image rights not inferred.,OpenITI transcription CC BY-NC-SA 4.0; source image/catalog rights separate.,https://kitab-project.org/docs/openITI,TRANSCRIPTION_ALLOWED_BY_LICENSE,NONCOMMERCIAL_BY_NC_SA_ONLY,OpenITI/KITAB + source institution,NULL,False,NEEDS_ITEM_LEVEL_REVIEW,OpenITI 2025.1.9
MS0972JerusalemNLI.Heb8333_102.IEDC1188-per1,NULL,المكتبة الوطنية الاسرائيلية,MS0972JerusalemNLI,Ms.Heb.8333.102,MS0972JerusalemNLI.Heb8333_102.IEDC1188-per1,NULL,NULL,NULL,NULL,NULL,القدس,NULL,NULL,NULL,per,OpenITI manuscript/document transcription; physical-image rights not inferred.,OpenITI transcription CC BY-NC-SA 4.0; source image/catalog rights separate.,https://kitab-project.org/docs/openITI,TRANSCRIPTION_ALLOWED_BY_LICENSE,NONCOMMERCIAL_BY_NC_SA_ONLY,OpenITI/KITAB + source institution,NULL,False,NEEDS_ITEM_LEVEL_REVIEW,OpenITI 2025.1.9
MS0972JerusalemNLI.Heb8333_103.IEDC0231-per1,NULL,المكتبة الوطنية الاسرائيلية,MS0972JerusalemNLI,Ms.Heb.8333.103,MS0972JerusalemNLI.Heb8333_103.IEDC0231-per1,NULL,NULL,NULL,NULL,NULL,القدس,NULL,NULL,NULL,per,OpenITI manuscript/document transcription; physical-image rights not inferred.,OpenITI transcription CC BY-NC-SA 4.0; source image/catalog rights separate.,https://kitab-project.org/docs/openITI,TRANSCRIPTION_ALLOWED_BY_LICENSE,NONCOMMERCIAL_BY_NC_SA_ONLY,OpenITI/KITAB + source institution,NULL,False,NEEDS_ITEM_LEVEL_REVIEW,OpenITI 2025.1.9
MS0972JerusalemNLI.Heb8333_104.IEDC0060-per1,NULL,المكتبة الوطنية الاسرائيلية,MS0972JerusalemNLI,Ms.Heb.8333.104,MS0972JerusalemNLI.Heb8333_104.IEDC0060-per1,NULL,NULL,NULL,NULL,NULL,القدس,NULL,NULL,NULL,per,OpenITI manuscript/document transcription; physical-image rights not inferred.,OpenITI transcription CC BY-NC-SA 4.0; source image/catalog rights separate.,https://kitab-project.org/docs/openITI,TRANSCRIPTION_ALLOWED_BY_LICENSE,NONCOMMERCIAL_BY_NC_SA_ONLY,OpenITI/KITAB + source institution,NULL,False,NEEDS_ITEM_LEVEL_REVIEW,OpenITI 2025.1.9
MS0972JerusalemNLI.Heb8333_105Recto.IEDC1196-per1,NULL,المكتبة الوطنية الاسرائيلية,MS0972JerusalemNLI,"Ms.Heb.8333.105, recto",MS0972JerusalemNLI.Heb8333_105Recto.IEDC1196-per1,NULL,NULL,NULL,NULL,NULL,القدس,NULL,NULL,NULL,per,OpenITI manuscript/document transcription; physical-image rights not inferred.,OpenITI transcription CC BY-NC-SA 4.0; source image/catalog rights separate.,https://kitab-project.org/docs/openITI,TRANSCRIPTION_ALLOWED_BY_LICENSE,NONCOMMERCIAL_BY_NC_SA_ONLY,OpenITI/KITAB + source institution,NULL,False,NEEDS_ITEM_LEVEL_REVIEW,OpenITI 2025.1.9
MS0972JerusalemNLI.Heb8333_105Verso.IEDC0092-per1,NULL,المكتبة الوطنية الاسرائيلية,MS0972JerusalemNLI,"Ms.Heb.8333.105, verso",MS0972JerusalemNLI.Heb8333_105Verso.IEDC0092-per1,NULL,NULL,NULL,NULL,NULL,القدس,NULL,NULL,NULL,per,OpenITI manuscript/document transcription; physical-image rights not inferred.,OpenITI transcription CC BY-NC-SA 4.0; source image/catalog rights separate.,https://kitab-project.org/docs/openITI,TRANSCRIPTION_ALLOWED_BY_LICENSE,NONCOMMERCIAL_BY_NC_SA_ONLY,OpenITI/KITAB + source institution,NULL,False,NEEDS_ITEM_LEVEL_REVIEW,OpenITI 2025.1.9
MS0972JerusalemNLI.Heb8333_106.IEDC0093-per1,NULL,المكتبة الوطنية الاسرائيلية,MS0972JerusalemNLI,Ms.Heb.8333.106,MS0972JerusalemNLI.Heb8333_106.IEDC0093-per1,NULL,NULL,NULL,NULL,NULL,القدس,NULL,NULL,NULL,per,OpenITI manuscript/document transcription; physical-image rights not inferred.,OpenITI transcription CC BY-NC-SA 4.0; source image/catalog rights separate.,https://kitab-project.org/docs/openITI,TRANSCRIPTION_ALLOWED_BY_LICENSE,NONCOMMERCIAL_BY_NC_SA_ONLY,OpenITI/KITAB + source institution,NULL,False,NEEDS_ITEM_LEVEL_REVIEW,OpenITI 2025.1.9
MS0972JerusalemNLI.Heb8333_107.IEDC1192-per1,NULL,المكتبة الوطنية الاسرائيلية,MS0972JerusalemNLI,Ms.Heb.8333.107,MS0972JerusalemNLI.Heb8333_107.IEDC1192-per1,NULL,NULL,NULL,NULL,NULL,القدس,NULL,NULL,NULL,per,OpenITI manuscript/document transcription; physical-image rights not inferred.,OpenITI transcription CC BY-NC-SA 4.0; source image/catalog rights separate.,https://kitab-project.org/docs/openITI,TRANSCRIPTION_ALLOWED_BY_LICENSE,NONCOMMERCIAL_BY_NC_SA_ONLY,OpenITI/KITAB + source institution,NULL,False,NEEDS_ITEM_LEVEL_REVIEW,OpenITI 2025.1.9
MS0972JerusalemNLI.Heb8333_108.IEDC0229-per1,NULL,المكتبة الوطنية الاسرائيلية,MS0972JerusalemNLI,Ms.Heb.8333.108,MS0972JerusalemNLI.Heb8333_108.IEDC0229-per1,NULL,NULL,NULL,NULL,NULL,القدس,NULL,NULL,NULL,per,OpenITI manuscript/document transcription; physical-image rights not inferred.,OpenITI transcription CC BY-NC-SA 4.0; source image/catalog rights separate.,https://kitab-project.org/docs/openITI,TRANSCRIPTION_ALLOWED_BY_LICENSE,NONCOMMERCIAL_BY_NC_SA_ONLY,OpenITI/KITAB + source institution,NULL,False,NEEDS_ITEM_LEVEL_REVIEW,OpenITI 2025.1.9
MS0972JerusalemNLI.Heb8333_109Recto.IEDC0228-per1,NULL,المكتبة الوطنية الاسرائيلية,MS0972JerusalemNLI,"Ms.Heb.8333.109, recto",MS0972JerusalemNLI.Heb8333_109Recto.IEDC0228-per1,NULL,NULL,NULL,NULL,NULL,القدس,NULL,NULL,NULL,per,OpenITI manuscript/document transcription; physical-image rights not inferred.,OpenITI transcription CC BY-NC-SA 4.0; source image/catalog rights separate.,https://kitab-project.org/docs/openITI,TRANSCRIPTION_ALLOWED_BY_LICENSE,NONCOMMERCIAL_BY_NC_SA_ONLY,OpenITI/KITAB + source institution,NULL,False,NEEDS_ITEM_LEVEL_REVIEW,OpenITI 2025.1.9
MS0972JerusalemNLI.Heb8333_109Verso.IEDC0268-per1,NULL,المكتبة الوطنية الاسرائيلية,MS0972JerusalemNLI,"Ms.Heb.8333.109, verso",MS0972JerusalemNLI.Heb8333_109Verso.IEDC0268-per1,NULL,NULL,NULL,NULL,NULL,القدس,NULL,NULL,NULL,per,OpenITI manuscript/document transcription; physical-image rights not inferred.,OpenITI transcription CC BY-NC-SA 4.0; source image/catalog rights separate.,https://kitab-project.org/docs/openITI,TRANSCRIPTION_ALLOWED_BY_LICENSE,NONCOMMERCIAL_BY_NC_SA_ONLY,OpenITI/KITAB + source institution,NULL,False,NEEDS_ITEM_LEVEL_REVIEW,OpenITI 2025.1.9
MS0972JerusalemNLI.Heb8333_11.IEDC0097-per1,NULL,المكتبة الوطنية الاسرائيلية,MS0972JerusalemNLI,Ms.Heb.8333.11,MS0972JerusalemNLI.Heb8333_11.IEDC0097-per1,NULL,NULL,NULL,NULL,NULL,القدس,NULL,NULL,NULL,per,OpenITI manuscript/document transcription; physical-image rights not inferred.,OpenITI transcription CC BY-NC-SA 4.0; source image/catalog rights separate.,https://kitab-project.org/docs/openITI,TRANSCRIPTION_ALLOWED_BY_LICENSE,NONCOMMERCIAL_BY_NC_SA_ONLY,OpenITI/KITAB + source institution,NULL,False,NEEDS_ITEM_LEVEL_REVIEW,OpenITI 2025.1.9
MS0972JerusalemNLI.Heb8333_110Recto.IEDC1197-per1,NULL,المكتبة الوطنية الاسرائيلية,MS0972JerusalemNLI,"Ms.Heb.8333.110, recto",MS0972JerusalemNLI.Heb8333_110Recto.IEDC1197-per1,NULL,NULL,NULL,NULL,NULL,القدس,NULL,NULL,NULL,per,OpenITI manuscript/document transcription; physical-image rights not inferred.,OpenITI transcription CC BY-NC-SA 4.0; source image/catalog rights separate.,https://kitab-project.org/docs/openITI,TRANSCRIPTION_ALLOWED_BY_LICENSE,NONCOMMERCIAL_BY_NC_SA_ONLY,OpenITI/KITAB + source institution,NULL,False,NEEDS_ITEM_LEVEL_REVIEW,OpenITI 2025.1.9
MS0972JerusalemNLI.Heb8333_110Verso.IEDC0269-per1,NULL,المكتبة الوطنية الاسرائيلية,MS0972JerusalemNLI,"Ms.Heb.8333.110, verso",MS0972JerusalemNLI.Heb8333_110Verso.IEDC0269-per1,NULL,NULL,NULL,NULL,NULL,القدس,NULL,NULL,NULL,per,OpenITI manuscript/document transcription; physical-image rights not inferred.,OpenITI transcription CC BY-NC-SA 4.0; source image/catalog rights separate.,https://kitab-project.org/docs/openITI,TRANSCRIPTION_ALLOWED_BY_LICENSE,NONCOMMERCIAL_BY_NC_SA_ONLY,OpenITI/KITAB + source institution,NULL,False,NEEDS_ITEM_LEVEL_REVIEW,OpenITI 2025.1.9
MS0972JerusalemNLI.Heb8333_111Recto.IEDC1198-per1,NULL,المكتبة الوطنية الاسرائيلية,MS0972JerusalemNLI,"Ms.Heb.8333.111, recto",MS0972JerusalemNLI.Heb8333_111Recto.IEDC1198-per1,NULL,NULL,NULL,NULL,NULL,القدس,NULL,NULL,NULL,per,OpenITI manuscript/document transcription; physical-image rights not inferred.,OpenITI transcription CC BY-NC-SA 4.0; source image/catalog rights separate.,https://kitab-project.org/docs/openITI,TRANSCRIPTION_ALLOWED_BY_LICENSE,NONCOMMERCIAL_BY_NC_SA_ONLY,OpenITI/KITAB + source institution,NULL,False,NEEDS_ITEM_LEVEL_REVIEW,OpenITI 2025.1.9
MS0972JerusalemNLI.Heb8333_111Verso.IEDC0285-per1,NULL,المكتبة الوطنية الاسرائيلية,MS0972JerusalemNLI,"Ms.Heb.8333.111, verso",MS0972JerusalemNLI.Heb8333_111Verso.IEDC0285-per1,NULL,NULL,NULL,NULL,NULL,القدس,NULL,NULL,NULL,per,OpenITI manuscript/document transcription; physical-image rights not inferred.,OpenITI transcription CC BY-NC-SA 4.0; source image/catalog rights separate.,https://kitab-project.org/docs/openITI,TRANSCRIPTION_ALLOWED_BY_LICENSE,NONCOMMERCIAL_BY_NC_SA_ONLY,OpenITI/KITAB + source institution,NULL,False,NEEDS_ITEM_LEVEL_REVIEW,OpenITI 2025.1.9
MS0972JerusalemNLI.Heb8333_112RectoHeb8333_141Recto.IEDC0286-per1,NULL,المكتبة الوطنية الاسرائيلية,MS0972JerusalemNLI,"Ms.Heb.8333.112, recto & Ms.Heb.8333.141, recto",MS0972JerusalemNLI.Heb8333_112RectoHeb8333_141Recto.IEDC0286-per1,NULL,NULL,NULL,NULL,NULL,القدس,NULL,NULL,NULL,per,OpenITI manuscript/document transcription; physical-image rights not inferred.,OpenITI transcription CC BY-NC-SA 4.0; source image/catalog rights separate.,https://kitab-project.org/docs/openITI,TRANSCRIPTION_ALLOWED_BY_LICENSE,NONCOMMERCIAL_BY_NC_SA_ONLY,OpenITI/KITAB + source institution,NULL,False,NEEDS_ITEM_LEVEL_REVIEW,OpenITI 2025.1.9
MS0972JerusalemNLI.Heb8333_112Verso.IEDC0088-per1,NULL,المكتبة الوطنية الاسرائيلية,MS0972JerusalemNLI,"Ms.Heb.8333.112, verso",MS0972JerusalemNLI.Heb8333_112Verso.IEDC0088-per1,NULL,NULL,NULL,NULL,NULL,القدس,NULL,NULL,NULL,per,OpenITI manuscript/document transcription; physical-image rights not inferred.,OpenITI transcription CC BY-NC-SA 4.0; source image/catalog rights separate.,https://kitab-project.org/docs/openITI,TRANSCRIPTION_ALLOWED_BY_LICENSE,NONCOMMERCIAL_BY_NC_SA_ONLY,OpenITI/KITAB + source institution,NULL,False,NEEDS_ITEM_LEVEL_REVIEW,OpenITI 2025.1.9
MS0972JerusalemNLI.Heb8333_113Recto.IEDC1277-per1ara1,NULL,المكتبة الوطنية الاسرائيلية,MS0972JerusalemNLI,"Ms.Heb.8333.113, recto",MS0972JerusalemNLI.Heb8333_113Recto.IEDC1277-per1ara1,NULL,NULL,NULL,NULL,NULL,القدس,NULL,NULL,NULL,"per,ara",OpenITI manuscript/document transcription; physical-image rights not inferred.,OpenITI transcription CC BY-NC-SA 4.0; source image/catalog rights separate.,https://kitab-project.org/docs/openITI,TRANSCRIPTION_ALLOWED_BY_LICENSE,NONCOMMERCIAL_BY_NC_SA_ONLY,OpenITI/KITAB + source institution,NULL,False,NEEDS_ITEM_LEVEL_REVIEW,OpenITI 2025.1.9
MS0972JerusalemNLI.Heb8333_113Verso.IEDC0226-per1,NULL,المكتبة الوطنية الاسرائيلية,MS0972JerusalemNLI,"Ms.Heb.8333.113, verso",MS0972JerusalemNLI.Heb8333_113Verso.IEDC0226-per1,NULL,NULL,NULL,NULL,NULL,القدس,NULL,NULL,NULL,per,OpenITI manuscript/document transcription; physical-image rights not inferred.,OpenITI transcription CC BY-NC-SA 4.0; source image/catalog rights separate.,https://kitab-project.org/docs/openITI,TRANSCRIPTION_ALLOWED_BY_LICENSE,NONCOMMERCIAL_BY_NC_SA_ONLY,OpenITI/KITAB + source institution,NULL,False,NEEDS_ITEM_LEVEL_REVIEW,OpenITI 2025.1.9
MS0972JerusalemNLI.Heb8333_114Recto.IEDC0271-per1,NULL,المكتبة الوطنية الاسرائيلية,MS0972JerusalemNLI,"Ms.Heb.8333.114, recto",MS0972JerusalemNLI.Heb8333_114Recto.IEDC0271-per1,NULL,NULL,NULL,NULL,NULL,القدس,NULL,NULL,NULL,per,OpenITI manuscript/document transcription; physical-image rights not inferred.,OpenITI transcription CC BY-NC-SA 4.0; source image/catalog rights separate.,https://kitab-project.org/docs/openITI,TRANSCRIPTION_ALLOWED_BY_LICENSE,NONCOMMERCIAL_BY_NC_SA_ONLY,OpenITI/KITAB + source institution,NULL,False,NEEDS_ITEM_LEVEL_REVIEW,OpenITI 2025.1.9
MS0972JerusalemNLI.Heb8333_114Verso.IEDC0287-per1,NULL,المكتبة الوطنية الاسرائيلية,MS0972JerusalemNLI,"Ms.Heb.8333.114, verso",MS0972JerusalemNLI.Heb8333_114Verso.IEDC0287-per1,NULL,NULL,NULL,NULL,NULL,القدس,NULL,NULL,NULL,per,OpenITI manuscript/document transcription; physical-image rights not inferred.,OpenITI transcription CC BY-NC-SA 4.0; source image/catalog rights separate.,https://kitab-project.org/docs/openITI,TRANSCRIPTION_ALLOWED_BY_LICENSE,NONCOMMERCIAL_BY_NC_SA_ONLY,OpenITI/KITAB + source institution,NULL,False,NEEDS_ITEM_LEVEL_REVIEW,OpenITI 2025.1.9
MS0972JerusalemNLI.Heb8333_115Recto.IEDC1278-per1,NULL,المكتبة الوطنية الاسرائيلية,MS0972JerusalemNLI,"Ms.Heb.8333.115, recto",MS0972JerusalemNLI.Heb8333_115Recto.IEDC1278-per1,NULL,NULL,NULL,NULL,NULL,القدس,NULL,NULL,NULL,per,OpenITI manuscript/document transcription; physical-image rights not inferred.,OpenITI transcription CC BY-NC-SA 4.0; source image/catalog rights separate.,https://kitab-project.org/docs/openITI,TRANSCRIPTION_ALLOWED_BY_LICENSE,NONCOMMERCIAL_BY_NC_SA_ONLY,OpenITI/KITAB + source institution,NULL,False,NEEDS_ITEM_LEVEL_REVIEW,OpenITI 2025.1.9
MS0972JerusalemNLI.Heb8333_115Verso.IEDC0288-per1,NULL,المكتبة الوطنية الاسرائيلية,MS0972JerusalemNLI,"Ms.Heb.8333.115, verso",MS0972JerusalemNLI.Heb8333_115Verso.IEDC0288-per1,NULL,NULL,NULL,NULL,NULL,القدس,NULL,NULL,NULL,per,OpenITI manuscript/document transcription; physical-image rights not inferred.,OpenITI transcription CC BY-NC-SA 4.0; source image/catalog rights separate.,https://kitab-project.org/docs/openITI,TRANSCRIPTION_ALLOWED_BY_LICENSE,NONCOMMERCIAL_BY_NC_SA_ONLY,OpenITI/KITAB + source institution,NULL,False,NEEDS_ITEM_LEVEL_REVIEW,OpenITI 2025.1.9
MS0972JerusalemNLI.Heb8333_116Recto.IEDC0289-per1,NULL,المكتبة الوطنية الاسرائيلية,MS0972JerusalemNLI,"Ms.Heb.8333.116, recto",MS0972JerusalemNLI.Heb8333_116Recto.IEDC0289-per1,NULL,NULL,NULL,NULL,NULL,القدس,NULL,NULL,NULL,per,OpenITI manuscript/document transcription; physical-image rights not inferred.,OpenITI transcription CC BY-NC-SA 4.0; source image/catalog rights separate.,https://kitab-project.org/docs/openITI,TRANSCRIPTION_ALLOWED_BY_LICENSE,NONCOMMERCIAL_BY_NC_SA_ONLY,OpenITI/KITAB + source institution,NULL,False,NEEDS_ITEM_LEVEL_REVIEW,OpenITI 2025.1.9
MS0972JerusalemNLI.Heb8333_116Verso.IEDC0225-per1,NULL,المكتبة الوطنية الاسرائيلية,MS0972JerusalemNLI,"Ms.Heb.8333.116, verso",MS0972JerusalemNLI.Heb8333_116Verso.IEDC0225-per1,NULL,NULL,NULL,NULL,NULL,القدس,NULL,NULL,NULL,per,OpenITI manuscript/document transcription; physical-image rights not inferred.,OpenITI transcription CC BY-NC-SA 4.0; source image/catalog rights separate.,https://kitab-project.org/docs/openITI,TRANSCRIPTION_ALLOWED_BY_LICENSE,NONCOMMERCIAL_BY_NC_SA_ONLY,OpenITI/KITAB + source institution,NULL,False,NEEDS_ITEM_LEVEL_REVIEW,OpenITI 2025.1.9
MS0972JerusalemNLI.Heb8333_117.IEDC0224-per1,NULL,المكتبة الوطنية الاسرائيلية,MS0972JerusalemNLI,Ms.Heb.8333.117,MS0972JerusalemNLI.Heb8333_117.IEDC0224-per1,NULL,NULL,NULL,NULL,NULL,القدس,NULL,NULL,NULL,per,OpenITI manuscript/document transcription; physical-image rights not inferred.,OpenITI transcription CC BY-NC-SA 4.0; source image/catalog rights separate.,https://kitab-project.org/docs/openITI,TRANSCRIPTION_ALLOWED_BY_LICENSE,NONCOMMERCIAL_BY_NC_SA_ONLY,OpenITI/KITAB + source institution,NULL,False,NEEDS_ITEM_LEVEL_REVIEW,OpenITI 2025.1.9
MS0972JerusalemNLI.Heb8333_118Recto.IEDC0095-per1,NULL,المكتبة الوطنية الاسرائيلية,MS0972JerusalemNLI,Ms.Heb.8333.118 recto,MS0972JerusalemNLI.Heb8333_118Recto.IEDC0095-per1,NULL,NULL,NULL,NULL,NULL,القدس,NULL,NULL,NULL,per,OpenITI manuscript/document transcription; physical-image rights not inferred.,OpenITI transcription CC BY-NC-SA 4.0; source image/catalog rights separate.,https://kitab-project.org/docs/openITI,TRANSCRIPTION_ALLOWED_BY_LICENSE,NONCOMMERCIAL_BY_NC_SA_ONLY,OpenITI/KITAB + source institution,NULL,False,NEEDS_ITEM_LEVEL_REVIEW,OpenITI 2025.1.9
MS0972JerusalemNLI.Heb8333_118Verso.IEDC1199-ara1,NULL,المكتبة الوطنية الاسرائيلية,MS0972JerusalemNLI,"Ms.Heb.8333.118, verso",MS0972JerusalemNLI.Heb8333_118Verso.IEDC1199-ara1,NULL,NULL,NULL,NULL,NULL,القدس,NULL,NULL,NULL,ara,OpenITI manuscript/document transcription; physical-image rights not inferred.,OpenITI transcription CC BY-NC-SA 4.0; source image/catalog rights separate.,https://kitab-project.org/docs/openITI,TRANSCRIPTION_ALLOWED_BY_LICENSE,NONCOMMERCIAL_BY_NC_SA_ONLY,OpenITI/KITAB + source institution,NULL,False,NEEDS_ITEM_LEVEL_REVIEW,OpenITI 2025.1.9
MS0972JerusalemNLI.Heb8333_119Recto.IEDC0294-per1,NULL,المكتبة الوطنية الاسرائيلية,MS0972JerusalemNLI,"Ms.Heb.8333.119, recto",MS0972JerusalemNLI.Heb8333_119Recto.IEDC0294-per1,NULL,NULL,NULL,NULL,NULL,القدس,NULL,NULL,NULL,per,OpenITI manuscript/document transcription; physical-image rights not inferred.,OpenITI transcription CC BY-NC-SA 4.0; source image/catalog rights separate.,https://kitab-project.org/docs/openITI,TRANSCRIPTION_ALLOWED_BY_LICENSE,NONCOMMERCIAL_BY_NC_SA_ONLY,OpenITI/KITAB + source institution,NULL,False,NEEDS_ITEM_LEVEL_REVIEW,OpenITI 2025.1.9
MS0972JerusalemNLI.Heb8333_119Verso.IEDC0295-per1,NULL,المكتبة الوطنية الاسرائيلية,MS0972JerusalemNLI,"Ms.Heb.8333.119, verso",MS0972JerusalemNLI.Heb8333_119Verso.IEDC0295-per1,NULL,NULL,NULL,NULL,NULL,القدس,NULL,NULL,NULL,per,OpenITI manuscript/document transcription; physical-image rights not inferred.,OpenITI transcription CC BY-NC-SA 4.0; source image/catalog rights separate.,https://kitab-project.org/docs/openITI,TRANSCRIPTION_ALLOWED_BY_LICENSE,NONCOMMERCIAL_BY_NC_SA_ONLY,OpenITI/KITAB + source institution,NULL,False,NEEDS_ITEM_LEVEL_REVIEW,OpenITI 2025.1.9
MS0972JerusalemNLI.Heb8333_12.IEDC0098-per1jup1,NULL,المكتبة الوطنية الاسرائيلية,MS0972JerusalemNLI,Ms.Heb.8333.12,MS0972JerusalemNLI.Heb8333_12.IEDC0098-per1jup1,NULL,NULL,NULL,NULL,NULL,القدس,NULL,NULL,NULL,"per,jup",OpenITI manuscript/document transcription; physical-image rights not inferred.,OpenITI transcription CC BY-NC-SA 4.0; source image/catalog rights separate.,https://kitab-project.org/docs/openITI,TRANSCRIPTION_ALLOWED_BY_LICENSE,NONCOMMERCIAL_BY_NC_SA_ONLY,OpenITI/KITAB + source institution,NULL,False,NEEDS_ITEM_LEVEL_REVIEW,OpenITI 2025.1.9
MS0972JerusalemNLI.Heb8333_120Recto.IEDC0223-per1,NULL,المكتبة الوطنية الاسرائيلية,MS0972JerusalemNLI,"Ms.Heb.8333.120, recto",MS0972JerusalemNLI.Heb8333_120Recto.IEDC0223-per1,NULL,NULL,NULL,NULL,NULL,القدس,NULL,NULL,NULL,per,OpenITI manuscript/document transcription; physical-image rights not inferred.,OpenITI transcription CC BY-NC-SA 4.0; source image/catalog rights separate.,https://kitab-project.org/docs/openITI,TRANSCRIPTION_ALLOWED_BY_LICENSE,NONCOMMERCIAL_BY_NC_SA_ONLY,OpenITI/KITAB + source institution,NULL,False,NEEDS_ITEM_LEVEL_REVIEW,OpenITI 2025.1.9
MS0972JerusalemNLI.Heb8333_120Verso.IEDC1193-per1,NULL,المكتبة الوطنية الاسرائيلية,MS0972JerusalemNLI,"Ms.Heb.8333.120, verso",MS0972JerusalemNLI.Heb8333_120Verso.IEDC1193-per1,NULL,NULL,NULL,NULL,NULL,القدس,NULL,NULL,NULL,per,OpenITI manuscript/document transcription; physical-image rights not inferred.,OpenITI transcription CC BY-NC-SA 4.0; source image/catalog rights separate.,https://kitab-project.org/docs/openITI,TRANSCRIPTION_ALLOWED_BY_LICENSE,NONCOMMERCIAL_BY_NC_SA_ONLY,OpenITI/KITAB + source institution,NULL,False,NEEDS_ITEM_LEVEL_REVIEW,OpenITI 2025.1.9
MS0972JerusalemNLI.Heb8333_121.IEDC1279-per1,NULL,المكتبة الوطنية الاسرائيلية,MS0972JerusalemNLI,Ms.Heb.8333.121,MS0972JerusalemNLI.Heb8333_121.IEDC1279-per1,NULL,NULL,NULL,NULL,NULL,القدس,NULL,NULL,NULL,per,OpenITI manuscript/document transcription; physical-image rights not inferred.,OpenITI transcription CC BY-NC-SA 4.0; source image/catalog rights separate.,https://kitab-project.org/docs/openITI,TRANSCRIPTION_ALLOWED_BY_LICENSE,NONCOMMERCIAL_BY_NC_SA_ONLY,OpenITI/KITAB + source institution,NULL,False,NEEDS_ITEM_LEVEL_REVIEW,OpenITI 2025.1.9
MS0972JerusalemNLI.Heb8333_122Recto.IEDC1200-per1,NULL,المكتبة الوطنية الاسرائيلية,MS0972JerusalemNLI,"Ms.Heb.8333.122, recto",MS0972JerusalemNLI.Heb8333_122Recto.IEDC1200-per1,NULL,NULL,NULL,NULL,NULL,القدس,NULL,NULL,NULL,per,OpenITI manuscript/document transcription; physical-image rights not inferred.,OpenITI transcription CC BY-NC-SA 4.0; source image/catalog rights separate.,https://kitab-project.org/docs/openITI,TRANSCRIPTION_ALLOWED_BY_LICENSE,NONCOMMERCIAL_BY_NC_SA_ONLY,OpenITI/KITAB + source institution,NULL,False,NEEDS_ITEM_LEVEL_REVIEW,OpenITI 2025.1.9
MS0972JerusalemNLI.Heb8333_122Verso.IEDC0222-per1,NULL,المكتبة الوطنية الاسرائيلية,MS0972JerusalemNLI,"Ms.Heb.8333.122, verso",MS0972JerusalemNLI.Heb8333_122Verso.IEDC0222-per1,NULL,NULL,NULL,NULL,NULL,القدس,NULL,NULL,NULL,per,OpenITI manuscript/document transcription; physical-image rights not inferred.,OpenITI transcription CC BY-NC-SA 4.0; source image/catalog rights separate.,https://kitab-project.org/docs/openITI,TRANSCRIPTION_ALLOWED_BY_LICENSE,NONCOMMERCIAL_BY_NC_SA_ONLY,OpenITI/KITAB + source institution,NULL,False,NEEDS_ITEM_LEVEL_REVIEW,OpenITI 2025.1.9
MS0972JerusalemNLI.Heb8333_123Recto.IEDC0221-per1,NULL,المكتبة الوطنية الاسرائيلية,MS0972JerusalemNLI,"Ms.Heb.8333.123, recto",MS0972JerusalemNLI.Heb8333_123Recto.IEDC0221-per1,NULL,NULL,NULL,NULL,NULL,القدس,NULL,NULL,NULL,per,OpenITI manuscript/document transcription; physical-image rights not inferred.,OpenITI transcription CC BY-NC-SA 4.0; source image/catalog rights separate.,https://kitab-project.org/docs/openITI,TRANSCRIPTION_ALLOWED_BY_LICENSE,NONCOMMERCIAL_BY_NC_SA_ONLY,OpenITI/KITAB + source institution,NULL,False,NEEDS_ITEM_LEVEL_REVIEW,OpenITI 2025.1.9
MS0972JerusalemNLI.Heb8333_123Verso.IEDC0220-per1,NULL,المكتبة الوطنية الاسرائيلية,MS0972JerusalemNLI,"Ms.Heb.8333.123, verso",MS0972JerusalemNLI.Heb8333_123Verso.IEDC0220-per1,NULL,NULL,NULL,NULL,NULL,القدس,NULL,NULL,NULL,per,OpenITI manuscript/document transcription; physical-image rights not inferred.,OpenITI transcription CC BY-NC-SA 4.0; source image/catalog rights separate.,https://kitab-project.org/docs/openITI,TRANSCRIPTION_ALLOWED_BY_LICENSE,NONCOMMERCIAL_BY_NC_SA_ONLY,OpenITI/KITAB + source institution,NULL,False,NEEDS_ITEM_LEVEL_REVIEW,OpenITI 2025.1.9
MS0972JerusalemNLI.Heb8333_124Recto.IEDC1201-per1,NULL,المكتبة الوطنية الاسرائيلية,MS0972JerusalemNLI,"Ms.Heb.8333.124, recto",MS0972JerusalemNLI.Heb8333_124Recto.IEDC1201-per1,NULL,NULL,NULL,NULL,NULL,القدس,NULL,NULL,NULL,per,OpenITI manuscript/document transcription; physical-image rights not inferred.,OpenITI transcription CC BY-NC-SA 4.0; source image/catalog rights separate.,https://kitab-project.org/docs/openITI,TRANSCRIPTION_ALLOWED_BY_LICENSE,NONCOMMERCIAL_BY_NC_SA_ONLY,OpenITI/KITAB + source institution,NULL,False,NEEDS_ITEM_LEVEL_REVIEW,OpenITI 2025.1.9
MS0972JerusalemNLI.Heb8333_125.IEDC1131-per1,NULL,المكتبة الوطنية الاسرائيلية,MS0972JerusalemNLI,Ms.Heb.8333.125,MS0972JerusalemNLI.Heb8333_125.IEDC1131-per1,NULL,NULL,NULL,NULL,NULL,القدس,NULL,NULL,NULL,per,OpenITI manuscript/document transcription; physical-image rights not inferred.,OpenITI transcription CC BY-NC-SA 4.0; source image/catalog rights separate.,https://kitab-project.org/docs/openITI,TRANSCRIPTION_ALLOWED_BY_LICENSE,NONCOMMERCIAL_BY_NC_SA_ONLY,OpenITI/KITAB + source institution,NULL,False,NEEDS_ITEM_LEVEL_REVIEW,OpenITI 2025.1.9
MS0972JerusalemNLI.Heb8333_126Recto.IEDC1202-per1,NULL,المكتبة الوطنية الاسرائيلية,MS0972JerusalemNLI,"Ms.Heb.8333.126, recto",MS0972JerusalemNLI.Heb8333_126Recto.IEDC1202-per1,NULL,NULL,NULL,NULL,NULL,القدس,NULL,NULL,NULL,per,OpenITI manuscript/document transcription; physical-image rights not inferred.,OpenITI transcription CC BY-NC-SA 4.0; source image/catalog rights separate.,https://kitab-project.org/docs/openITI,TRANSCRIPTION_ALLOWED_BY_LICENSE,NONCOMMERCIAL_BY_NC_SA_ONLY,OpenITI/KITAB + source institution,NULL,False,NEEDS_ITEM_LEVEL_REVIEW,OpenITI 2025.1.9
MS0972JerusalemNLI.Heb8333_126Verso.IEDC0219-per1,NULL,المكتبة الوطنية الاسرائيلية,MS0972JerusalemNLI,"Ms.Heb.8333.126, verso",MS0972JerusalemNLI.Heb8333_126Verso.IEDC0219-per1,NULL,NULL,NULL,NULL,NULL,القدس,NULL,NULL,NULL,per,OpenITI manuscript/document transcription; physical-image rights not inferred.,OpenITI transcription CC BY-NC-SA 4.0; source image/catalog rights separate.,https://kitab-project.org/docs/openITI,TRANSCRIPTION_ALLOWED_BY_LICENSE,NONCOMMERCIAL_BY_NC_SA_ONLY,OpenITI/KITAB + source institution,NULL,False,NEEDS_ITEM_LEVEL_REVIEW,OpenITI 2025.1.9
MS0972JerusalemNLI.Heb8333_127.IEDC0218-per1,NULL,المكتبة الوطنية الاسرائيلية,MS0972JerusalemNLI,Ms.Heb.8333.127,MS0972JerusalemNLI.Heb8333_127.IEDC0218-per1,NULL,NULL,NULL,NULL,NULL,القدس,NULL,NULL,NULL,per,OpenITI manuscript/document transcription; physical-image rights not inferred.,OpenITI transcription CC BY-NC-SA 4.0; source image/catalog rights separate.,https://kitab-project.org/docs/openITI,TRANSCRIPTION_ALLOWED_BY_LICENSE,NONCOMMERCIAL_BY_NC_SA_ONLY,OpenITI/KITAB + source institution,NULL,False,NEEDS_ITEM_LEVEL_REVIEW,OpenITI 2025.1.9
MS0972JerusalemNLI.Heb8333_128.IEDC1189-per1,NULL,المكتبة الوطنية الاسرائيلية,MS0972JerusalemNLI,Ms.Heb.8333.128,MS0972JerusalemNLI.Heb8333_128.IEDC1189-per1,NULL,NULL,NULL,NULL,NULL,القدس,NULL,NULL,NULL,per,OpenITI manuscript/document transcription; physical-image rights not inferred.,OpenITI transcription CC BY-NC-SA 4.0; source image/catalog rights separate.,https://kitab-project.org/docs/openITI,TRANSCRIPTION_ALLOWED_BY_LICENSE,NONCOMMERCIAL_BY_NC_SA_ONLY,OpenITI/KITAB + source institution,NULL,False,NEEDS_ITEM_LEVEL_REVIEW,OpenITI 2025.1.9
MS0972JerusalemNLI.Heb8333_129.IEDC1274-per1,NULL,المكتبة الوطنية الاسرائيلية,MS0972JerusalemNLI,Ms.Heb.8333.129,MS0972JerusalemNLI.Heb8333_129.IEDC1274-per1,NULL,NULL,NULL,NULL,NULL,القدس,NULL,NULL,NULL,per,OpenITI manuscript/document transcription; physical-image rights not inferred.,OpenITI transcription CC BY-NC-SA 4.0; source image/catalog rights separate.,https://kitab-project.org/docs/openITI,TRANSCRIPTION_ALLOWED_BY_LICENSE,NONCOMMERCIAL_BY_NC_SA_ONLY,OpenITI/KITAB + source institution,NULL,False,NEEDS_ITEM_LEVEL_REVIEW,OpenITI 2025.1.9
MS0972JerusalemNLI.Heb8333_13.IEDC0290-per1,NULL,المكتبة الوطنية الاسرائيلية,MS0972JerusalemNLI,Ms.Heb.8333.13,MS0972JerusalemNLI.Heb8333_13.IEDC0290-per1,NULL,NULL,NULL,NULL,NULL,القدس,NULL,NULL,NULL,per,OpenITI manuscript/document transcription; physical-image rights not inferred.,OpenITI transcription CC BY-NC-SA 4.0; source image/catalog rights separate.,https://kitab-project.org/docs/openITI,TRANSCRIPTION_ALLOWED_BY_LICENSE,NONCOMMERCIAL_BY_NC_SA_ONLY,OpenITI/KITAB + source institution,NULL,False,NEEDS_ITEM_LEVEL_REVIEW,OpenITI 2025.1.9
MS0972JerusalemNLI.Heb8333_130.IEDC0296-per1,NULL,المكتبة الوطنية الاسرائيلية,MS0972JerusalemNLI,Ms.Heb.8333.130,MS0972JerusalemNLI.Heb8333_130.IEDC0296-per1,NULL,NULL,NULL,NULL,NULL,القدس,NULL,NULL,NULL,per,OpenITI manuscript/document transcription; physical-image rights not inferred.,OpenITI transcription CC BY-NC-SA 4.0; source image/catalog rights separate.,https://kitab-project.org/docs/openITI,TRANSCRIPTION_ALLOWED_BY_LICENSE,NONCOMMERCIAL_BY_NC_SA_ONLY,OpenITI/KITAB + source institution,NULL,False,NEEDS_ITEM_LEVEL_REVIEW,OpenITI 2025.1.9
MS0972JerusalemNLI.Heb8333_131.IEDC1203-per1,NULL,المكتبة الوطنية الاسرائيلية,MS0972JerusalemNLI,Ms.Heb.8333.131,MS0972JerusalemNLI.Heb8333_131.IEDC1203-per1,NULL,NULL,NULL,NULL,NULL,القدس,NULL,NULL,NULL,per,OpenITI manuscript/document transcription; physical-image rights not inferred.,OpenITI transcription CC BY-NC-SA 4.0; source image/catalog rights separate.,https://kitab-project.org/docs/openITI,TRANSCRIPTION_ALLOWED_BY_LICENSE,NONCOMMERCIAL_BY_NC_SA_ONLY,OpenITI/KITAB + source institution,NULL,False,NEEDS_ITEM_LEVEL_REVIEW,OpenITI 2025.1.9
MS0972JerusalemNLI.Heb8333_132.IEDC1204-per1,NULL,المكتبة الوطنية الاسرائيلية,MS0972JerusalemNLI,Ms.Heb.8333.132,MS0972JerusalemNLI.Heb8333_132.IEDC1204-per1,NULL,NULL,NULL,NULL,NULL,القدس,NULL,NULL,NULL,per,OpenITI manuscript/document transcription; physical-image rights not inferred.,OpenITI transcription CC BY-NC-SA 4.0; source image/catalog rights separate.,https://kitab-project.org/docs/openITI,TRANSCRIPTION_ALLOWED_BY_LICENSE,NONCOMMERCIAL_BY_NC_SA_ONLY,OpenITI/KITAB + source institution,NULL,False,NEEDS_ITEM_LEVEL_REVIEW,OpenITI 2025.1.9
MS0972JerusalemNLI.Heb8333_133.IEDC0217-per1,NULL,المكتبة الوطنية الاسرائيلية,MS0972JerusalemNLI,Ms.Heb.8333.133,MS0972JerusalemNLI.Heb8333_133.IEDC0217-per1,NULL,NULL,NULL,NULL,NULL,القدس,NULL,NULL,NULL,per,OpenITI manuscript/document transcription; physical-image rights not inferred.,OpenITI transcription CC BY-NC-SA 4.0; source image/catalog rights separate.,https://kitab-project.org/docs/openITI,TRANSCRIPTION_ALLOWED_BY_LICENSE,NONCOMMERCIAL_BY_NC_SA_ONLY,OpenITI/KITAB + source institution,NULL,False,NEEDS_ITEM_LEVEL_REVIEW,OpenITI 2025.1.9
MS0972JerusalemNLI.Heb8333_134.IEDC0298-per1,NULL,المكتبة الوطنية الاسرائيلية,MS0972JerusalemNLI,Ms.Heb.8333.134,MS0972JerusalemNLI.Heb8333_134.IEDC0298-per1,NULL,NULL,NULL,NULL,NULL,القدس,NULL,NULL,NULL,per,OpenITI manuscript/document transcription; physical-image rights not inferred.,OpenITI transcription CC BY-NC-SA 4.0; source image/catalog rights separate.,https://kitab-project.org/docs/openITI,TRANSCRIPTION_ALLOWED_BY_LICENSE,NONCOMMERCIAL_BY_NC_SA_ONLY,OpenITI/KITAB + source institution,NULL,False,NEEDS_ITEM_LEVEL_REVIEW,OpenITI 2025.1.9
MS0972JerusalemNLI.Heb8333_135Recto.IEDC1133-per1,NULL,المكتبة الوطنية الاسرائيلية,MS0972JerusalemNLI,"Ms.Heb.8333.135, recto",MS0972JerusalemNLI.Heb8333_135Recto.IEDC1133-per1,NULL,NULL,NULL,NULL,NULL,القدس,NULL,NULL,NULL,per,OpenITI manuscript/document transcription; physical-image rights not inferred.,OpenITI transcription CC BY-NC-SA 4.0; source image/catalog rights separate.,https://kitab-project.org/docs/openITI,TRANSCRIPTION_ALLOWED_BY_LICENSE,NONCOMMERCIAL_BY_NC_SA_ONLY,OpenITI/KITAB + source institution,NULL,False,NEEDS_ITEM_LEVEL_REVIEW,OpenITI 2025.1.9
MS0972JerusalemNLI.Heb8333_135Verso.IEDC1132-per1,NULL,المكتبة الوطنية الاسرائيلية,MS0972JerusalemNLI,"Ms.Heb.8333.135, verso",MS0972JerusalemNLI.Heb8333_135Verso.IEDC1132-per1,NULL,NULL,NULL,NULL,NULL,القدس,NULL,NULL,NULL,per,OpenITI manuscript/document transcription; physical-image rights not inferred.,OpenITI transcription CC BY-NC-SA 4.0; source image/catalog rights separate.,https://kitab-project.org/docs/openITI,TRANSCRIPTION_ALLOWED_BY_LICENSE,NONCOMMERCIAL_BY_NC_SA_ONLY,OpenITI/KITAB + source institution,NULL,False,NEEDS_ITEM_LEVEL_REVIEW,OpenITI 2025.1.9
MS0972JerusalemNLI.Heb8333_136Recto.IEDC1135-per1,NULL,المكتبة الوطنية الاسرائيلية,MS0972JerusalemNLI,"Ms.Heb.8333.136, recto",MS0972JerusalemNLI.Heb8333_136Recto.IEDC1135-per1,NULL,NULL,NULL,NULL,NULL,القدس,NULL,NULL,NULL,per,OpenITI manuscript/document transcription; physical-image rights not inferred.,OpenITI transcription CC BY-NC-SA 4.0; source image/catalog rights separate.,https://kitab-project.org/docs/openITI,TRANSCRIPTION_ALLOWED_BY_LICENSE,NONCOMMERCIAL_BY_NC_SA_ONLY,OpenITI/KITAB + source institution,NULL,False,NEEDS_ITEM_LEVEL_REVIEW,OpenITI 2025.1.9
MS0972JerusalemNLI.Heb8333_136Verso.IEDC1134-per1,NULL,المكتبة الوطنية الاسرائيلية,MS0972JerusalemNLI,"Ms.Heb.8333.136, verso",MS0972JerusalemNLI.Heb8333_136Verso.IEDC1134-per1,NULL,NULL,NULL,NULL,NULL,القدس,NULL,NULL,NULL,per,OpenITI manuscript/document transcription; physical-image rights not inferred.,OpenITI transcription CC BY-NC-SA 4.0; source image/catalog rights separate.,https://kitab-project.org/docs/openITI,TRANSCRIPTION_ALLOWED_BY_LICENSE,NONCOMMERCIAL_BY_NC_SA_ONLY,OpenITI/KITAB + source institution,NULL,False,NEEDS_ITEM_LEVEL_REVIEW,OpenITI 2025.1.9
MS0972JerusalemNLI.Heb8333_137.IEDC1136-per1,NULL,المكتبة الوطنية الاسرائيلية,MS0972JerusalemNLI,Ms.Heb.8333.137,MS0972JerusalemNLI.Heb8333_137.IEDC1136-per1,NULL,NULL,NULL,NULL,NULL,القدس,NULL,NULL,NULL,per,OpenITI manuscript/document transcription; physical-image rights not inferred.,OpenITI transcription CC BY-NC-SA 4.0; source image/catalog rights separate.,https://kitab-project.org/docs/openITI,TRANSCRIPTION_ALLOWED_BY_LICENSE,NONCOMMERCIAL_BY_NC_SA_ONLY,OpenITI/KITAB + source institution,NULL,False,NEEDS_ITEM_LEVEL_REVIEW,OpenITI 2025.1.9
MS0972JerusalemNLI.Heb8333_138.IEDC1205-per1,NULL,المكتبة الوطنية الاسرائيلية,MS0972JerusalemNLI,Ms.Heb.8333.138,MS0972JerusalemNLI.Heb8333_138.IEDC1205-per1,NULL,NULL,NULL,NULL,NULL,القدس,NULL,NULL,NULL,per,OpenITI manuscript/document transcription; physical-image rights not inferred.,OpenITI transcription CC BY-NC-SA 4.0; source image/catalog rights separate.,https://kitab-project.org/docs/openITI,TRANSCRIPTION_ALLOWED_BY_LICENSE,NONCOMMERCIAL_BY_NC_SA_ONLY,OpenITI/KITAB + source institution,NULL,False,NEEDS_ITEM_LEVEL_REVIEW,OpenITI 2025.1.9
MS0972JerusalemNLI.Heb8333_139.IEDC1140-per1,NULL,المكتبة الوطنية الاسرائيلية,MS0972JerusalemNLI,Ms.Heb.8333.139,MS0972JerusalemNLI.Heb8333_139.IEDC1140-per1,NULL,NULL,NULL,NULL,NULL,القدس,NULL,NULL,NULL,per,OpenITI manuscript/document transcription; physical-image rights not inferred.,OpenITI transcription CC BY-NC-SA 4.0; source image/catalog rights separate.,https://kitab-project.org/docs/openITI,TRANSCRIPTION_ALLOWED_BY_LICENSE,NONCOMMERCIAL_BY_NC_SA_ONLY,OpenITI/KITAB + source institution,NULL,False,NEEDS_ITEM_LEVEL_REVIEW,OpenITI 2025.1.9
MS0972JerusalemNLI.Heb8333_140.IEDC1141-per1,NULL,المكتبة الوطنية الاسرائيلية,MS0972JerusalemNLI,Ms.Heb.8333.140,MS0972JerusalemNLI.Heb8333_140.IEDC1141-per1,NULL,NULL,NULL,NULL,NULL,القدس,NULL,NULL,NULL,per,OpenITI manuscript/document transcription; physical-image rights not inferred.,OpenITI transcription CC BY-NC-SA 4.0; source image/catalog rights separate.,https://kitab-project.org/docs/openITI,TRANSCRIPTION_ALLOWED_BY_LICENSE,NONCOMMERCIAL_BY_NC_SA_ONLY,OpenITI/KITAB + source institution,NULL,False,NEEDS_ITEM_LEVEL_REVIEW,OpenITI 2025.1.9
MS0972JerusalemNLI.Heb8333_141Verso.IEDC1142-per1,NULL,المكتبة الوطنية الاسرائيلية,MS0972JerusalemNLI,"Ms.Heb.8333.141, verso",MS0972JerusalemNLI.Heb8333_141Verso.IEDC1142-per1,NULL,NULL,NULL,NULL,NULL,القدس,NULL,NULL,NULL,per,OpenITI manuscript/document transcription; physical-image rights not inferred.,OpenITI transcription CC BY-NC-SA 4.0; source image/catalog rights separate.,https://kitab-project.org/docs/openITI,TRANSCRIPTION_ALLOWED_BY_LICENSE,NONCOMMERCIAL_BY_NC_SA_ONLY,OpenITI/KITAB + source institution,NULL,False,NEEDS_ITEM_LEVEL_REVIEW,OpenITI 2025.1.9
MS0972JerusalemNLI.Heb8333_142Recto.IEDC1206-per1,NULL,المكتبة الوطنية الاسرائيلية,MS0972JerusalemNLI,"Ms.Heb.8333.142, recto",MS0972JerusalemNLI.Heb8333_142Recto.IEDC1206-per1,NULL,NULL,NULL,NULL,NULL,القدس,NULL,NULL,NULL,per,OpenITI manuscript/document transcription; physical-image rights not inferred.,OpenITI transcription CC BY-NC-SA 4.0; source image/catalog rights separate.,https://kitab-project.org/docs/openITI,TRANSCRIPTION_ALLOWED_BY_LICENSE,NONCOMMERCIAL_BY_NC_SA_ONLY,OpenITI/KITAB + source institution,NULL,False,NEEDS_ITEM_LEVEL_REVIEW,OpenITI 2025.1.9
MS0972JerusalemNLI.Heb8333_142Verso.IEDC1194-per1,NULL,المكتبة الوطنية الاسرائيلية,MS0972JerusalemNLI,"Ms.Heb.8333.142, verso",MS0972JerusalemNLI.Heb8333_142Verso.IEDC1194-per1,NULL,NULL,NULL,NULL,NULL,القدس,NULL,NULL,NULL,per,OpenITI manuscript/document transcription; physical-image rights not inferred.,OpenITI transcription CC BY-NC-SA 4.0; source image/catalog rights separate.,https://kitab-project.org/docs/openITI,TRANSCRIPTION_ALLOWED_BY_LICENSE,NONCOMMERCIAL_BY_NC_SA_ONLY,OpenITI/KITAB + source institution,NULL,False,NEEDS_ITEM_LEVEL_REVIEW,OpenITI 2025.1.9
MS0972JerusalemNLI.Heb8333_143.IEDC1143-per1,NULL,المكتبة الوطنية الاسرائيلية,MS0972JerusalemNLI,Ms.Heb.8333.143,MS0972JerusalemNLI.Heb8333_143.IEDC1143-per1,NULL,NULL,NULL,NULL,NULL,القدس,NULL,NULL,NULL,per,OpenITI manuscript/document transcription; physical-image rights not inferred.,OpenITI transcription CC BY-NC-SA 4.0; source image/catalog rights separate.,https://kitab-project.org/docs/openITI,TRANSCRIPTION_ALLOWED_BY_LICENSE,NONCOMMERCIAL_BY_NC_SA_ONLY,OpenITI/KITAB + source institution,NULL,False,NEEDS_ITEM_LEVEL_REVIEW,OpenITI 2025.1.9
MS0972JerusalemNLI.Heb8333_144Recto.IEDC1144-per1,NULL,المكتبة الوطنية الاسرائيلية,MS0972JerusalemNLI,"Ms.Heb.8333.144, recto",MS0972JerusalemNLI.Heb8333_144Recto.IEDC1144-per1,NULL,NULL,NULL,NULL,NULL,القدس,NULL,NULL,NULL,per,OpenITI manuscript/document transcription; physical-image rights not inferred.,OpenITI transcription CC BY-NC-SA 4.0; source image/catalog rights separate.,https://kitab-project.org/docs/openITI,TRANSCRIPTION_ALLOWED_BY_LICENSE,NONCOMMERCIAL_BY_NC_SA_ONLY,OpenITI/KITAB + source institution,NULL,False,NEEDS_ITEM_LEVEL_REVIEW,OpenITI 2025.1.9
MS0972JerusalemNLI.Heb8333_144Verso.IEDC1145-per1,NULL,المكتبة الوطنية الاسرائيلية,MS0972JerusalemNLI,"Ms.Heb.8333.144, verso",MS0972JerusalemNLI.Heb8333_144Verso.IEDC1145-per1,NULL,NULL,NULL,NULL,NULL,القدس,NULL,NULL,NULL,per,OpenITI manuscript/document transcription; physical-image rights not inferred.,OpenITI transcription CC BY-NC-SA 4.0; source image/catalog rights separate.,https://kitab-project.org/docs/openITI,TRANSCRIPTION_ALLOWED_BY_LICENSE,NONCOMMERCIAL_BY_NC_SA_ONLY,OpenITI/KITAB + source institution,NULL,False,NEEDS_ITEM_LEVEL_REVIEW,OpenITI 2025.1.9
MS0972JerusalemNLI.Heb8333_145Recto.IEDC1146-per1,NULL,المكتبة الوطنية الاسرائيلية,MS0972JerusalemNLI,"Ms.Heb.8333.145, recto",MS0972JerusalemNLI.Heb8333_145Recto.IEDC1146-per1,NULL,NULL,NULL,NULL,NULL,القدس,NULL,NULL,NULL,per,OpenITI manuscript/document transcription; physical-image rights not inferred.,OpenITI transcription CC BY-NC-SA 4.0; source image/catalog rights separate.,https://kitab-project.org/docs/openITI,TRANSCRIPTION_ALLOWED_BY_LICENSE,NONCOMMERCIAL_BY_NC_SA_ONLY,OpenITI/KITAB + source institution,NULL,False,NEEDS_ITEM_LEVEL_REVIEW,OpenITI 2025.1.9
MS0972JerusalemNLI.Heb8333_145Verso.IEDC1147-per1,NULL,المكتبة الوطنية الاسرائيلية,MS0972JerusalemNLI,"Ms.Heb.8333.145, verso",MS0972JerusalemNLI.Heb8333_145Verso.IEDC1147-per1,NULL,NULL,NULL,NULL,NULL,القدس,NULL,NULL,NULL,per,OpenITI manuscript/document transcription; physical-image rights not inferred.,OpenITI transcription CC BY-NC-SA 4.0; source image/catalog rights separate.,https://kitab-project.org/docs/openITI,TRANSCRIPTION_ALLOWED_BY_LICENSE,NONCOMMERCIAL_BY_NC_SA_ONLY,OpenITI/KITAB + source institution,NULL,False,NEEDS_ITEM_LEVEL_REVIEW,OpenITI 2025.1.9
MS0972JerusalemNLI.Heb8333_146Recto.IEDC1148-per1,NULL,المكتبة الوطنية الاسرائيلية,MS0972JerusalemNLI,"Ms.Heb.8333.146, recto",MS0972JerusalemNLI.Heb8333_146Recto.IEDC1148-per1,NULL,NULL,NULL,NULL,NULL,القدس,NULL,NULL,NULL,per,OpenITI manuscript/document transcription; physical-image rights not inferred.,OpenITI transcription CC BY-NC-SA 4.0; source image/catalog rights separate.,https://kitab-project.org/docs/openITI,TRANSCRIPTION_ALLOWED_BY_LICENSE,NONCOMMERCIAL_BY_NC_SA_ONLY,OpenITI/KITAB + source institution,NULL,False,NEEDS_ITEM_LEVEL_REVIEW,OpenITI 2025.1.9
MS0972JerusalemNLI.Heb8333_146Verso.IEDC1149-per1,NULL,المكتبة الوطنية الاسرائيلية,MS0972JerusalemNLI,"Ms.Heb.8333.146, verso",MS0972JerusalemNLI.Heb8333_146Verso.IEDC1149-per1,NULL,NULL,NULL,NULL,NULL,القدس,NULL,NULL,NULL,per,OpenITI manuscript/document transcription; physical-image rights not inferred.,OpenITI transcription CC BY-NC-SA 4.0; source image/catalog rights separate.,https://kitab-project.org/docs/openITI,TRANSCRIPTION_ALLOWED_BY_LICENSE,NONCOMMERCIAL_BY_NC_SA_ONLY,OpenITI/KITAB + source institution,NULL,False,NEEDS_ITEM_LEVEL_REVIEW,OpenITI 2025.1.9
MS0972JerusalemNLI.Heb8333_147.IEDC1150-per1,NULL,المكتبة الوطنية الاسرائيلية,MS0972JerusalemNLI,Ms.Heb.8333.147,MS0972JerusalemNLI.Heb8333_147.IEDC1150-per1,NULL,NULL,NULL,NULL,NULL,القدس,NULL,NULL,NULL,per,OpenITI manuscript/document transcription; physical-image rights not inferred.,OpenITI transcription CC BY-NC-SA 4.0; source image/catalog rights separate.,https://kitab-project.org/docs/openITI,TRANSCRIPTION_ALLOWED_BY_LICENSE,NONCOMMERCIAL_BY_NC_SA_ONLY,OpenITI/KITAB + source institution,NULL,False,NEEDS_ITEM_LEVEL_REVIEW,OpenITI 2025.1.9
MS0972JerusalemNLI.Heb8333_148.IEDC1151-per1,NULL,المكتبة الوطنية الاسرائيلية,MS0972JerusalemNLI,Ms.Heb.8333.148,MS0972JerusalemNLI.Heb8333_148.IEDC1151-per1,NULL,NULL,NULL,NULL,NULL,القدس,NULL,NULL,NULL,per,OpenITI manuscript/document transcription; physical-image rights not inferred.,OpenITI transcription CC BY-NC-SA 4.0; source image/catalog rights separate.,https://kitab-project.org/docs/openITI,TRANSCRIPTION_ALLOWED_BY_LICENSE,NONCOMMERCIAL_BY_NC_SA_ONLY,OpenITI/KITAB + source institution,NULL,False,NEEDS_ITEM_LEVEL_REVIEW,OpenITI 2025.1.9
MS0972JerusalemNLI.Heb8333_149.IEDC1152-per1,NULL,المكتبة الوطنية الاسرائيلية,MS0972JerusalemNLI,Ms.Heb.8333.149,MS0972JerusalemNLI.Heb8333_149.IEDC1152-per1,NULL,NULL,NULL,NULL,NULL,القدس,NULL,NULL,NULL,per,OpenITI manuscript/document transcription; physical-image rights not inferred.,OpenITI transcription CC BY-NC-SA 4.0; source image/catalog rights separate.,https://kitab-project.org/docs/openITI,TRANSCRIPTION_ALLOWED_BY_LICENSE,NONCOMMERCIAL_BY_NC_SA_ONLY,OpenITI/KITAB + source institution,NULL,False,NEEDS_ITEM_LEVEL_REVIEW,OpenITI 2025.1.9
MS0972JerusalemNLI.Heb8333_15.IEDC0099-per1jup1,NULL,المكتبة الوطنية الاسرائيلية,MS0972JerusalemNLI,Ms.Heb.8333.15,MS0972JerusalemNLI.Heb8333_15.IEDC0099-per1jup1,NULL,NULL,NULL,NULL,NULL,القدس,NULL,NULL,NULL,"per,jup",OpenITI manuscript/document transcription; physical-image rights not inferred.,OpenITI transcription CC BY-NC-SA 4.0; source image/catalog rights separate.,https://kitab-project.org/docs/openITI,TRANSCRIPTION_ALLOWED_BY_LICENSE,NONCOMMERCIAL_BY_NC_SA_ONLY,OpenITI/KITAB + source institution,NULL,False,NEEDS_ITEM_LEVEL_REVIEW,OpenITI 2025.1.9
MS0972JerusalemNLI.Heb8333_150.IEDC1228-per1,NULL,المكتبة الوطنية الاسرائيلية,MS0972JerusalemNLI,Ms.Heb.8333.150,MS0972JerusalemNLI.Heb8333_150.IEDC1228-per1,NULL,NULL,NULL,NULL,NULL,القدس,NULL,NULL,NULL,per,OpenITI manuscript/document transcription; physical-image rights not inferred.,OpenITI transcription CC BY-NC-SA 4.0; source image/catalog rights separate.,https://kitab-project.org/docs/openITI,TRANSCRIPTION_ALLOWED_BY_LICENSE,NONCOMMERCIAL_BY_NC_SA_ONLY,OpenITI/KITAB + source institution,NULL,False,NEEDS_ITEM_LEVEL_REVIEW,OpenITI 2025.1.9
MS0972JerusalemNLI.Heb8333_151.IEDC1173-per1,NULL,المكتبة الوطنية الاسرائيلية,MS0972JerusalemNLI,Ms.Heb.8333.151,MS0972JerusalemNLI.Heb8333_151.IEDC1173-per1,NULL,NULL,NULL,NULL,NULL,القدس,NULL,NULL,NULL,per,OpenITI manuscript/document transcription; physical-image rights not inferred.,OpenITI transcription CC BY-NC-SA 4.0; source image/catalog rights separate.,https://kitab-project.org/docs/openITI,TRANSCRIPTION_ALLOWED_BY_LICENSE,NONCOMMERCIAL_BY_NC_SA_ONLY,OpenITI/KITAB + source institution,NULL,False,NEEDS_ITEM_LEVEL_REVIEW,OpenITI 2025.1.9
MS0972JerusalemNLI.Heb8333_152Recto.IEDC1174-per1,NULL,المكتبة الوطنية الاسرائيلية,MS0972JerusalemNLI,"Ms.Heb.8333.152, recto",MS0972JerusalemNLI.Heb8333_152Recto.IEDC1174-per1,NULL,NULL,NULL,NULL,NULL,القدس,NULL,NULL,NULL,per,OpenITI manuscript/document transcription; physical-image rights not inferred.,OpenITI transcription CC BY-NC-SA 4.0; source image/catalog rights separate.,https://kitab-project.org/docs/openITI,TRANSCRIPTION_ALLOWED_BY_LICENSE,NONCOMMERCIAL_BY_NC_SA_ONLY,OpenITI/KITAB + source institution,NULL,False,NEEDS_ITEM_LEVEL_REVIEW,OpenITI 2025.1.9
MS0972JerusalemNLI.Heb8333_153Recto.IEDC1190-per1,NULL,المكتبة الوطنية الاسرائيلية,MS0972JerusalemNLI,"Ms.Heb.8333.153, recto",MS0972JerusalemNLI.Heb8333_153Recto.IEDC1190-per1,NULL,NULL,NULL,NULL,NULL,القدس,NULL,NULL,NULL,per,OpenITI manuscript/document transcription; physical-image rights not inferred.,OpenITI transcription CC BY-NC-SA 4.0; source image/catalog rights separate.,https://kitab-project.org/docs/openITI,TRANSCRIPTION_ALLOWED_BY_LICENSE,NONCOMMERCIAL_BY_NC_SA_ONLY,OpenITI/KITAB + source institution,NULL,False,NEEDS_ITEM_LEVEL_REVIEW,OpenITI 2025.1.9
MS0972JerusalemNLI.Heb8333_153Verso.IEDC1175-per1,NULL,المكتبة الوطنية الاسرائيلية,MS0972JerusalemNLI,"Ms.Heb.8333.153, verso",MS0972JerusalemNLI.Heb8333_153Verso.IEDC1175-per1,NULL,NULL,NULL,NULL,NULL,القدس,NULL,NULL,NULL,per,OpenITI manuscript/document transcription; physical-image rights not inferred.,OpenITI transcription CC BY-NC-SA 4.0; source image/catalog rights separate.,https://kitab-project.org/docs/openITI,TRANSCRIPTION_ALLOWED_BY_LICENSE,NONCOMMERCIAL_BY_NC_SA_ONLY,OpenITI/KITAB + source institution,NULL,False,NEEDS_ITEM_LEVEL_REVIEW,OpenITI 2025.1.9
MS0972JerusalemNLI.Heb8333_154.IEDC0299-per1,NULL,المكتبة الوطنية الاسرائيلية,MS0972JerusalemNLI,Ms.Heb.8333.154,MS0972JerusalemNLI.Heb8333_154.IEDC0299-per1,NULL,NULL,NULL,NULL,NULL,القدس,NULL,NULL,NULL,per,OpenITI manuscript/document transcription; physical-image rights not inferred.,OpenITI transcription CC BY-NC-SA 4.0; source image/catalog rights separate.,https://kitab-project.org/docs/openITI,TRANSCRIPTION_ALLOWED_BY_LICENSE,NONCOMMERCIAL_BY_NC_SA_ONLY,OpenITI/KITAB + source institution,NULL,False,NEEDS_ITEM_LEVEL_REVIEW,OpenITI 2025.1.9
MS0972JerusalemNLI.Heb8333_155Recto.IEDC0301-per1,NULL,المكتبة الوطنية الاسرائيلية,MS0972JerusalemNLI,"Ms.Heb.8333.155, recto",MS0972JerusalemNLI.Heb8333_155Recto.IEDC0301-per1,NULL,NULL,NULL,NULL,NULL,القدس,NULL,NULL,NULL,per,OpenITI manuscript/document transcription; physical-image rights not inferred.,OpenITI transcription CC BY-NC-SA 4.0; source image/catalog rights separate.,https://kitab-project.org/docs/openITI,TRANSCRIPTION_ALLOWED_BY_LICENSE,NONCOMMERCIAL_BY_NC_SA_ONLY,OpenITI/KITAB + source institution,NULL,False,NEEDS_ITEM_LEVEL_REVIEW,OpenITI 2025.1.9
MS0972JerusalemNLI.Heb8333_155Verso.IEDC0300-per1,NULL,المكتبة الوطنية الاسرائيلية,MS0972JerusalemNLI,"Ms.Heb.8333.155, verso",MS0972JerusalemNLI.Heb8333_155Verso.IEDC0300-per1,NULL,NULL,NULL,NULL,NULL,القدس,NULL,NULL,NULL,per,OpenITI manuscript/document transcription; physical-image rights not inferred.,OpenITI transcription CC BY-NC-SA 4.0; source image/catalog rights separate.,https://kitab-project.org/docs/openITI,TRANSCRIPTION_ALLOWED_BY_LICENSE,NONCOMMERCIAL_BY_NC_SA_ONLY,OpenITI/KITAB + source institution,NULL,False,NEEDS_ITEM_LEVEL_REVIEW,OpenITI 2025.1.9
MS0972JerusalemNLI.Heb8333_156Recto.IEDC0272-per1,NULL,المكتبة الوطنية الاسرائيلية,MS0972JerusalemNLI,"Ms.Heb.8333.156, recto",MS0972JerusalemNLI.Heb8333_156Recto.IEDC0272-per1,NULL,NULL,NULL,NULL,NULL,القدس,NULL,NULL,NULL,per,OpenITI manuscript/document transcription; physical-image rights not inferred.,OpenITI transcription CC BY-NC-SA 4.0; source image/catalog rights separate.,https://kitab-project.org/docs/openITI,TRANSCRIPTION_ALLOWED_BY_LICENSE,NONCOMMERCIAL_BY_NC_SA_ONLY,OpenITI/KITAB + source institution,NULL,False,NEEDS_ITEM_LEVEL_REVIEW,OpenITI 2025.1.9
MS0972JerusalemNLI.Heb8333_157Recto.IEDC1176-per1,NULL,المكتبة الوطنية الاسرائيلية,MS0972JerusalemNLI,"Ms.Heb.8333.157, recto",MS0972JerusalemNLI.Heb8333_157Recto.IEDC1176-per1,NULL,NULL,NULL,NULL,NULL,القدس,NULL,NULL,NULL,per,OpenITI manuscript/document transcription; physical-image rights not inferred.,OpenITI transcription CC BY-NC-SA 4.0; source image/catalog rights separate.,https://kitab-project.org/docs/openITI,TRANSCRIPTION_ALLOWED_BY_LICENSE,NONCOMMERCIAL_BY_NC_SA_ONLY,OpenITI/KITAB + source institution,NULL,False,NEEDS_ITEM_LEVEL_REVIEW,OpenITI 2025.1.9
MS0972JerusalemNLI.Heb8333_157Verso.IEDC1177-per1,NULL,المكتبة الوطنية الاسرائيلية,MS0972JerusalemNLI,"Ms.Heb.8333.157, verso",MS0972JerusalemNLI.Heb8333_157Verso.IEDC1177-per1,NULL,NULL,NULL,NULL,NULL,القدس,NULL,NULL,NULL,per,OpenITI manuscript/document transcription; physical-image rights not inferred.,OpenITI transcription CC BY-NC-SA 4.0; source image/catalog rights separate.,https://kitab-project.org/docs/openITI,TRANSCRIPTION_ALLOWED_BY_LICENSE,NONCOMMERCIAL_BY_NC_SA_ONLY,OpenITI/KITAB + source institution,NULL,False,NEEDS_ITEM_LEVEL_REVIEW,OpenITI 2025.1.9
MS0972JerusalemNLI.Heb8333_158Recto.IEDC0096-per1,NULL,المكتبة الوطنية الاسرائيلية,MS0972JerusalemNLI,Ms.Heb.8333.158 recto,MS0972JerusalemNLI.Heb8333_158Recto.IEDC0096-per1,NULL,NULL,NULL,NULL,NULL,القدس,NULL,NULL,NULL,per,OpenITI manuscript/document transcription; physical-image rights not inferred.,OpenITI transcription CC BY-NC-SA 4.0; source image/catalog rights separate.,https://kitab-project.org/docs/openITI,TRANSCRIPTION_ALLOWED_BY_LICENSE,NONCOMMERCIAL_BY_NC_SA_ONLY,OpenITI/KITAB + source institution,NULL,False,NEEDS_ITEM_LEVEL_REVIEW,OpenITI 2025.1.9
MS0972JerusalemNLI.Heb8333_158Verso.IEDC0087-per1,NULL,المكتبة الوطنية الاسرائيلية,MS0972JerusalemNLI,Ms.Heb.8333.158 verso,MS0972JerusalemNLI.Heb8333_158Verso.IEDC0087-per1,NULL,NULL,NULL,NULL,NULL,القدس,NULL,NULL,NULL,per,OpenITI manuscript/document transcription; physical-image rights not inferred.,OpenITI transcription CC BY-NC-SA 4.0; source image/catalog rights separate.,https://kitab-project.org/docs/openITI,TRANSCRIPTION_ALLOWED_BY_LICENSE,NONCOMMERCIAL_BY_NC_SA_ONLY,OpenITI/KITAB + source institution,NULL,False,NEEDS_ITEM_LEVEL_REVIEW,OpenITI 2025.1.9
MS0972JerusalemNLI.Heb8333_159.IEDC0216-per1,NULL,المكتبة الوطنية الاسرائيلية,MS0972JerusalemNLI,Ms.Heb.8333.159,MS0972JerusalemNLI.Heb8333_159.IEDC0216-per1,NULL,NULL,NULL,NULL,NULL,القدس,NULL,NULL,NULL,per,OpenITI manuscript/document transcription; physical-image rights not inferred.,OpenITI transcription CC BY-NC-SA 4.0; source image/catalog rights separate.,https://kitab-project.org/docs/openITI,TRANSCRIPTION_ALLOWED_BY_LICENSE,NONCOMMERCIAL_BY_NC_SA_ONLY,OpenITI/KITAB + source institution,NULL,False,NEEDS_ITEM_LEVEL_REVIEW,OpenITI 2025.1.9
MS0972JerusalemNLI.Heb8333_16.IEDC1178-per1,NULL,المكتبة الوطنية الاسرائيلية,MS0972JerusalemNLI,Ms.Heb.8333.16,MS0972JerusalemNLI.Heb8333_16.IEDC1178-per1,NULL,NULL,NULL,NULL,NULL,القدس,NULL,NULL,NULL,per,OpenITI manuscript/document transcription; physical-image rights not inferred.,OpenITI transcription CC BY-NC-SA 4.0; source image/catalog rights separate.,https://kitab-project.org/docs/openITI,TRANSCRIPTION_ALLOWED_BY_LICENSE,NONCOMMERCIAL_BY_NC_SA_ONLY,OpenITI/KITAB + source institution,NULL,False,NEEDS_ITEM_LEVEL_REVIEW,OpenITI 2025.1.9
MS0972JerusalemNLI.Heb8333_161.IEDC0215-ara1,NULL,المكتبة الوطنية الاسرائيلية,MS0972JerusalemNLI,Ms.Heb.8333.161,MS0972JerusalemNLI.Heb8333_161.IEDC0215-ara1,NULL,NULL,NULL,NULL,NULL,القدس,NULL,NULL,NULL,ara,OpenITI manuscript/document transcription; physical-image rights not inferred.,OpenITI transcription CC BY-NC-SA 4.0; source image/catalog rights separate.,https://kitab-project.org/docs/openITI,TRANSCRIPTION_ALLOWED_BY_LICENSE,NONCOMMERCIAL_BY_NC_SA_ONLY,OpenITI/KITAB + source institution,NULL,False,NEEDS_ITEM_LEVEL_REVIEW,OpenITI 2025.1.9
MS0972JerusalemNLI.Heb8333_162.IEDC0214-per1,NULL,المكتبة الوطنية الاسرائيلية,MS0972JerusalemNLI,Ms.Heb.8333.162,MS0972JerusalemNLI.Heb8333_162.IEDC0214-per1,NULL,NULL,NULL,NULL,NULL,القدس,NULL,NULL,NULL,per,OpenITI manuscript/document transcription; physical-image rights not inferred.,OpenITI transcription CC BY-NC-SA 4.0; source image/catalog rights separate.,https://kitab-project.org/docs/openITI,TRANSCRIPTION_ALLOWED_BY_LICENSE,NONCOMMERCIAL_BY_NC_SA_ONLY,OpenITI/KITAB + source institution,NULL,False,NEEDS_ITEM_LEVEL_REVIEW,OpenITI 2025.1.9
MS0972JerusalemNLI.Heb8333_163.IEDC0273-per1,NULL,المكتبة الوطنية الاسرائيلية,MS0972JerusalemNLI,Ms.Heb.8333.163,MS0972JerusalemNLI.Heb8333_163.IEDC0273-per1,NULL,NULL,NULL,NULL,NULL,القدس,NULL,NULL,NULL,per,OpenITI manuscript/document transcription; physical-image rights not inferred.,OpenITI transcription CC BY-NC-SA 4.0; source image/catalog rights separate.,https://kitab-project.org/docs/openITI,TRANSCRIPTION_ALLOWED_BY_LICENSE,NONCOMMERCIAL_BY_NC_SA_ONLY,OpenITI/KITAB + source institution,NULL,False,NEEDS_ITEM_LEVEL_REVIEW,OpenITI 2025.1.9
MS0972JerusalemNLI.Heb8333_164.IEDC0213-per1,NULL,المكتبة الوطنية الاسرائيلية,MS0972JerusalemNLI,Ms.Heb.8333.164,MS0972JerusalemNLI.Heb8333_164.IEDC0213-per1,NULL,NULL,NULL,NULL,NULL,القدس,NULL,NULL,NULL,per,OpenITI manuscript/document transcription; physical-image rights not inferred.,OpenITI transcription CC BY-NC-SA 4.0; source image/catalog rights separate.,https://kitab-project.org/docs/openITI,TRANSCRIPTION_ALLOWED_BY_LICENSE,NONCOMMERCIAL_BY_NC_SA_ONLY,OpenITI/KITAB + source institution,NULL,False,NEEDS_ITEM_LEVEL_REVIEW,OpenITI 2025.1.9
MS0972JerusalemNLI.Heb8333_165.IEDC0211-per1,NULL,المكتبة الوطنية الاسرائيلية,MS0972JerusalemNLI,Ms.Heb.8333.165,MS0972JerusalemNLI.Heb8333_165.IEDC0211-per1,NULL,NULL,NULL,NULL,NULL,القدس,NULL,NULL,NULL,per,OpenITI manuscript/document transcription; physical-image rights not inferred.,OpenITI transcription CC BY-NC-SA 4.0; source image/catalog rights separate.,https://kitab-project.org/docs/openITI,TRANSCRIPTION_ALLOWED_BY_LICENSE,NONCOMMERCIAL_BY_NC_SA_ONLY,OpenITI/KITAB + source institution,NULL,False,NEEDS_ITEM_LEVEL_REVIEW,OpenITI 2025.1.9
MS0972JerusalemNLI.Heb8333_166.IEDC0203-per1,NULL,المكتبة الوطنية الاسرائيلية,MS0972JerusalemNLI,Ms.Heb.8333.166,MS0972JerusalemNLI.Heb8333_166.IEDC0203-per1,NULL,NULL,NULL,NULL,NULL,القدس,NULL,NULL,NULL,per,OpenITI manuscript/document transcription; physical-image rights not inferred.,OpenITI transcription CC BY-NC-SA 4.0; source image/catalog rights separate.,https://kitab-project.org/docs/openITI,TRANSCRIPTION_ALLOWED_BY_LICENSE,NONCOMMERCIAL_BY_NC_SA_ONLY,OpenITI/KITAB + source institution,NULL,False,NEEDS_ITEM_LEVEL_REVIEW,OpenITI 2025.1.9
MS0972JerusalemNLI.Heb8333_167.IEDC0202-per1,NULL,المكتبة الوطنية الاسرائيلية,MS0972JerusalemNLI,Ms.Heb.8333.167,MS0972JerusalemNLI.Heb8333_167.IEDC0202-per1,NULL,NULL,NULL,NULL,NULL,القدس,NULL,NULL,NULL,per,OpenITI manuscript/document transcription; physical-image rights not inferred.,OpenITI transcription CC BY-NC-SA 4.0; source image/catalog rights separate.,https://kitab-project.org/docs/openITI,TRANSCRIPTION_ALLOWED_BY_LICENSE,NONCOMMERCIAL_BY_NC_SA_ONLY,OpenITI/KITAB + source institution,NULL,False,NEEDS_ITEM_LEVEL_REVIEW,OpenITI 2025.1.9
MS0972JerusalemNLI.Heb8333_168.IEDC0209-per1,NULL,المكتبة الوطنية الاسرائيلية,MS0972JerusalemNLI,Ms.Heb.8333.168,MS0972JerusalemNLI.Heb8333_168.IEDC0209-per1,NULL,NULL,NULL,NULL,NULL,القدس,NULL,NULL,NULL,per,OpenITI manuscript/document transcription; physical-image rights not inferred.,OpenITI transcription CC BY-NC-SA 4.0; source image/catalog rights separate.,https://kitab-project.org/docs/openITI,TRANSCRIPTION_ALLOWED_BY_LICENSE,NONCOMMERCIAL_BY_NC_SA_ONLY,OpenITI/KITAB + source institution,NULL,False,NEEDS_ITEM_LEVEL_REVIEW,OpenITI 2025.1.9
MS0972JerusalemNLI.Heb8333_169.IEDC0208-per1,NULL,المكتبة الوطنية الاسرائيلية,MS0972JerusalemNLI,Ms.Heb.8333.169,MS0972JerusalemNLI.Heb8333_169.IEDC0208-per1,NULL,NULL,NULL,NULL,NULL,القدس,NULL,NULL,NULL,per,OpenITI manuscript/document transcription; physical-image rights not inferred.,OpenITI transcription CC BY-NC-SA 4.0; source image/catalog rights separate.,https://kitab-project.org/docs/openITI,TRANSCRIPTION_ALLOWED_BY_LICENSE,NONCOMMERCIAL_BY_NC_SA_ONLY,OpenITI/KITAB + source institution,NULL,False,NEEDS_ITEM_LEVEL_REVIEW,OpenITI 2025.1.9
MS0972JerusalemNLI.Heb8333_17.IEDC0100-per1jup1,NULL,المكتبة الوطنية الاسرائيلية,MS0972JerusalemNLI,Ms.Heb.8333.17,MS0972JerusalemNLI.Heb8333_17.IEDC0100-per1jup1,NULL,NULL,NULL,NULL,NULL,القدس,NULL,NULL,NULL,"per,jup",OpenITI manuscript/document transcription; physical-image rights not inferred.,OpenITI transcription CC BY-NC-SA 4.0; source image/catalog rights separate.,https://kitab-project.org/docs/openITI,TRANSCRIPTION_ALLOWED_BY_LICENSE,NONCOMMERCIAL_BY_NC_SA_ONLY,OpenITI/KITAB + source institution,NULL,False,NEEDS_ITEM_LEVEL_REVIEW,OpenITI 2025.1.9
MS0972JerusalemNLI.Heb8333_170.IEDC0207-per1,NULL,المكتبة الوطنية الاسرائيلية,MS0972JerusalemNLI,Ms.Heb.8333.170,MS0972JerusalemNLI.Heb8333_170.IEDC0207-per1,NULL,NULL,NULL,NULL,NULL,القدس,NULL,NULL,NULL,per,OpenITI manuscript/document transcription; physical-image rights not inferred.,OpenITI transcription CC BY-NC-SA 4.0; source image/catalog rights separate.,https://kitab-project.org/docs/openITI,TRANSCRIPTION_ALLOWED_BY_LICENSE,NONCOMMERCIAL_BY_NC_SA_ONLY,OpenITI/KITAB + source institution,NULL,False,NEEDS_ITEM_LEVEL_REVIEW,OpenITI 2025.1.9
MS0972JerusalemNLI.Heb8333_171.IEDC0206-per1,NULL,المكتبة الوطنية الاسرائيلية,MS0972JerusalemNLI,Ms.Heb.8333.171,MS0972JerusalemNLI.Heb8333_171.IEDC0206-per1,NULL,NULL,NULL,NULL,NULL,القدس,NULL,NULL,NULL,per,OpenITI manuscript/document transcription; physical-image rights not inferred.,OpenITI transcription CC BY-NC-SA 4.0; source image/catalog rights separate.,https://kitab-project.org/docs/openITI,TRANSCRIPTION_ALLOWED_BY_LICENSE,NONCOMMERCIAL_BY_NC_SA_ONLY,OpenITI/KITAB + source institution,NULL,False,NEEDS_ITEM_LEVEL_REVIEW,OpenITI 2025.1.9
MS0972JerusalemNLI.Heb8333_172.IEDC0205-per1,NULL,المكتبة الوطنية الاسرائيلية,MS0972JerusalemNLI,Ms.Heb.8333.172,MS0972JerusalemNLI.Heb8333_172.IEDC0205-per1,NULL,NULL,NULL,NULL,NULL,القدس,NULL,NULL,NULL,per,OpenITI manuscript/document transcription; physical-image rights not inferred.,OpenITI transcription CC BY-NC-SA 4.0; source image/catalog rights separate.,https://kitab-project.org/docs/openITI,TRANSCRIPTION_ALLOWED_BY_LICENSE,NONCOMMERCIAL_BY_NC_SA_ONLY,OpenITI/KITAB + source institution,NULL,False,NEEDS_ITEM_LEVEL_REVIEW,OpenITI 2025.1.9
MS0972JerusalemNLI.Heb8333_173.IEDC0085-per1,NULL,المكتبة الوطنية الاسرائيلية,MS0972JerusalemNLI,Ms.Heb.8333.173,MS0972JerusalemNLI.Heb8333_173.IEDC0085-per1,NULL,NULL,NULL,NULL,NULL,القدس,NULL,NULL,NULL,per,OpenITI manuscript/document transcription; physical-image rights not inferred.,OpenITI transcription CC BY-NC-SA 4.0; source image/catalog rights separate.,https://kitab-project.org/docs/openITI,TRANSCRIPTION_ALLOWED_BY_LICENSE,NONCOMMERCIAL_BY_NC_SA_ONLY,OpenITI/KITAB + source institution,NULL,False,NEEDS_ITEM_LEVEL_REVIEW,OpenITI 2025.1.9
MS0972JerusalemNLI.Heb8333_174.IEDC0086-per1,NULL,المكتبة الوطنية الاسرائيلية,MS0972JerusalemNLI,Ms.Heb.8333.174,MS0972JerusalemNLI.Heb8333_174.IEDC0086-per1,NULL,NULL,NULL,NULL,NULL,القدس,NULL,NULL,NULL,per,OpenITI manuscript/document transcription; physical-image rights not inferred.,OpenITI transcription CC BY-NC-SA 4.0; source image/catalog rights separate.,https://kitab-project.org/docs/openITI,TRANSCRIPTION_ALLOWED_BY_LICENSE,NONCOMMERCIAL_BY_NC_SA_ONLY,OpenITI/KITAB + source institution,NULL,False,NEEDS_ITEM_LEVEL_REVIEW,OpenITI 2025.1.9
MS0972JerusalemNLI.Heb8333_175.IEDC0204-per1,NULL,المكتبة الوطنية الاسرائيلية,MS0972JerusalemNLI,Ms.Heb.8333.175,MS0972JerusalemNLI.Heb8333_175.IEDC0204-per1,NULL,NULL,NULL,NULL,NULL,القدس,NULL,NULL,NULL,per,OpenITI manuscript/document transcription; physical-image rights not inferred.,OpenITI transcription CC BY-NC-SA 4.0; source image/catalog rights separate.,https://kitab-project.org/docs/openITI,TRANSCRIPTION_ALLOWED_BY_LICENSE,NONCOMMERCIAL_BY_NC_SA_ONLY,OpenITI/KITAB + source institution,NULL,False,NEEDS_ITEM_LEVEL_REVIEW,OpenITI 2025.1.9
MS0972JerusalemNLI.Heb8333_176.IEDC0201-per1,NULL,المكتبة الوطنية الاسرائيلية,MS0972JerusalemNLI,Ms.Heb.8333.176,MS0972JerusalemNLI.Heb8333_176.IEDC0201-per1,NULL,NULL,NULL,NULL,NULL,القدس,NULL,NULL,NULL,per,OpenITI manuscript/document transcription; physical-image rights not inferred.,OpenITI transcription CC BY-NC-SA 4.0; source image/catalog rights separate.,https://kitab-project.org/docs/openITI,TRANSCRIPTION_ALLOWED_BY_LICENSE,NONCOMMERCIAL_BY_NC_SA_ONLY,OpenITI/KITAB + source institution,NULL,False,NEEDS_ITEM_LEVEL_REVIEW,OpenITI 2025.1.9
MS0972JerusalemNLI.Heb8333_177.IEDC0084-per1,NULL,المكتبة الوطنية الاسرائيلية,MS0972JerusalemNLI,Ms.Heb.8333.177,MS0972JerusalemNLI.Heb8333_177.IEDC0084-per1,NULL,NULL,NULL,NULL,NULL,القدس,NULL,NULL,NULL,per,OpenITI manuscript/document transcription; physical-image rights not inferred.,OpenITI transcription CC BY-NC-SA 4.0; source image/catalog rights separate.,https://kitab-project.org/docs/openITI,TRANSCRIPTION_ALLOWED_BY_LICENSE,NONCOMMERCIAL_BY_NC_SA_ONLY,OpenITI/KITAB + source institution,NULL,False,NEEDS_ITEM_LEVEL_REVIEW,OpenITI 2025.1.9
MS0972JerusalemNLI.Heb8333_178.IEDC0302-per1,NULL,المكتبة الوطنية الاسرائيلية,MS0972JerusalemNLI,Ms.Heb.8333.178,MS0972JerusalemNLI.Heb8333_178.IEDC0302-per1,NULL,NULL,NULL,NULL,NULL,القدس,NULL,NULL,NULL,per,OpenITI manuscript/document transcription; physical-image rights not inferred.,OpenITI transcription CC BY-NC-SA 4.0; source image/catalog rights separate.,https://kitab-project.org/docs/openITI,TRANSCRIPTION_ALLOWED_BY_LICENSE,NONCOMMERCIAL_BY_NC_SA_ONLY,OpenITI/KITAB + source institution,NULL,False,NEEDS_ITEM_LEVEL_REVIEW,OpenITI 2025.1.9
MS0972JerusalemNLI.Heb8333_18.IEDC0101-per1,NULL,المكتبة الوطنية الاسرائيلية,MS0972JerusalemNLI,Ms.Heb.8333.18,MS0972JerusalemNLI.Heb8333_18.IEDC0101-per1,NULL,NULL,NULL,NULL,NULL,القدس,NULL,NULL,NULL,per,OpenITI manuscript/document transcription; physical-image rights not inferred.,OpenITI transcription CC BY-NC-SA 4.0; source image/catalog rights separate.,https://kitab-project.org/docs/openITI,TRANSCRIPTION_ALLOWED_BY_LICENSE,NONCOMMERCIAL_BY_NC_SA_ONLY,OpenITI/KITAB + source institution,NULL,False,NEEDS_ITEM_LEVEL_REVIEW,OpenITI 2025.1.9
MS0972JerusalemNLI.Heb8333_183Recto.IEDC1179-per1,NULL,المكتبة الوطنية الاسرائيلية,MS0972JerusalemNLI,"Ms.Heb.8333.183, recto",MS0972JerusalemNLI.Heb8333_183Recto.IEDC1179-per1,NULL,NULL,NULL,NULL,NULL,القدس,NULL,NULL,NULL,per,OpenITI manuscript/document transcription; physical-image rights not inferred.,OpenITI transcription CC BY-NC-SA 4.0; source image/catalog rights separate.,https://kitab-project.org/docs/openITI,TRANSCRIPTION_ALLOWED_BY_LICENSE,NONCOMMERCIAL_BY_NC_SA_ONLY,OpenITI/KITAB + source institution,NULL,False,NEEDS_ITEM_LEVEL_REVIEW,OpenITI 2025.1.9
MS0972JerusalemNLI.Heb8333_183Verso.IEDC0283-per1,NULL,المكتبة الوطنية الاسرائيلية,MS0972JerusalemNLI,"Ms.Heb.8333.183, verso",MS0972JerusalemNLI.Heb8333_183Verso.IEDC0283-per1,NULL,NULL,NULL,NULL,NULL,القدس,NULL,NULL,NULL,per,OpenITI manuscript/document transcription; physical-image rights not inferred.,OpenITI transcription CC BY-NC-SA 4.0; source image/catalog rights separate.,https://kitab-project.org/docs/openITI,TRANSCRIPTION_ALLOWED_BY_LICENSE,NONCOMMERCIAL_BY_NC_SA_ONLY,OpenITI/KITAB + source institution,NULL,False,NEEDS_ITEM_LEVEL_REVIEW,OpenITI 2025.1.9
MS0972JerusalemNLI.Heb8333_189.IEDC1285-per1ara1,NULL,المكتبة الوطنية الاسرائيلية,MS0972JerusalemNLI,Ms.Heb.8333.189,MS0972JerusalemNLI.Heb8333_189.IEDC1285-per1ara1,NULL,NULL,NULL,NULL,NULL,القدس,NULL,NULL,NULL,"per,ara",OpenITI manuscript/document transcription; physical-image rights not inferred.,OpenITI transcription CC BY-NC-SA 4.0; source image/catalog rights separate.,https://kitab-project.org/docs/openITI,TRANSCRIPTION_ALLOWED_BY_LICENSE,NONCOMMERCIAL_BY_NC_SA_ONLY,OpenITI/KITAB + source institution,NULL,False,NEEDS_ITEM_LEVEL_REVIEW,OpenITI 2025.1.9
MS0972JerusalemNLI.Heb8333_19.IEDC0104-per1jup1,NULL,المكتبة الوطنية الاسرائيلية,MS0972JerusalemNLI,Ms.Heb.8333.19,MS0972JerusalemNLI.Heb8333_19.IEDC0104-per1jup1,NULL,NULL,NULL,NULL,NULL,القدس,NULL,NULL,NULL,"per,jup",OpenITI manuscript/document transcription; physical-image rights not inferred.,OpenITI transcription CC BY-NC-SA 4.0; source image/catalog rights separate.,https://kitab-project.org/docs/openITI,TRANSCRIPTION_ALLOWED_BY_LICENSE,NONCOMMERCIAL_BY_NC_SA_ONLY,OpenITI/KITAB + source institution,NULL,False,NEEDS_ITEM_LEVEL_REVIEW,OpenITI 2025.1.9
MS0972JerusalemNLI.Heb8333_192.IEDC1284-ara1,NULL,المكتبة الوطنية الاسرائيلية,MS0972JerusalemNLI,Ms.Heb.8333.192,MS0972JerusalemNLI.Heb8333_192.IEDC1284-ara1,NULL,NULL,NULL,NULL,NULL,القدس,NULL,NULL,NULL,ara,OpenITI manuscript/document transcription; physical-image rights not inferred.,OpenITI transcription CC BY-NC-SA 4.0; source image/catalog rights separate.,https://kitab-project.org/docs/openITI,TRANSCRIPTION_ALLOWED_BY_LICENSE,NONCOMMERCIAL_BY_NC_SA_ONLY,OpenITI/KITAB + source institution,NULL,False,NEEDS_ITEM_LEVEL_REVIEW,OpenITI 2025.1.9
MS0972JerusalemNLI.Heb8333_20.IEDC0102-per1,NULL,المكتبة الوطنية الاسرائيلية,MS0972JerusalemNLI,Ms.Heb.8333.20,MS0972JerusalemNLI.Heb8333_20.IEDC0102-per1,NULL,NULL,NULL,NULL,NULL,القدس,NULL,NULL,NULL,per,OpenITI manuscript/document transcription; physical-image rights not inferred.,OpenITI transcription CC BY-NC-SA 4.0; source image/catalog rights separate.,https://kitab-project.org/docs/openITI,TRANSCRIPTION_ALLOWED_BY_LICENSE,NONCOMMERCIAL_BY_NC_SA_ONLY,OpenITI/KITAB + source institution,NULL,False,NEEDS_ITEM_LEVEL_REVIEW,OpenITI 2025.1.9
MS0972JerusalemNLI.Heb8333_201.IEDC1286-jup1,NULL,المكتبة الوطنية الاسرائيلية,MS0972JerusalemNLI,Ms.Heb.8333.201,MS0972JerusalemNLI.Heb8333_201.IEDC1286-jup1,NULL,NULL,NULL,NULL,NULL,القدس,NULL,NULL,NULL,jup,OpenITI manuscript/document transcription; physical-image rights not inferred.,OpenITI transcription CC BY-NC-SA 4.0; source image/catalog rights separate.,https://kitab-project.org/docs/openITI,TRANSCRIPTION_ALLOWED_BY_LICENSE,NONCOMMERCIAL_BY_NC_SA_ONLY,OpenITI/KITAB + source institution,NULL,False,NEEDS_ITEM_LEVEL_REVIEW,OpenITI 2025.1.9
MS0972JerusalemNLI.Heb8333_206Fol11v.IEDC1280-jup1,NULL,المكتبة الوطنية الاسرائيلية,MS0972JerusalemNLI,"Ms.Heb.8333.206, fol. 11v",MS0972JerusalemNLI.Heb8333_206Fol11v.IEDC1280-jup1,NULL,NULL,NULL,NULL,NULL,القدس,NULL,NULL,NULL,jup,OpenITI manuscript/document transcription; physical-image rights not inferred.,OpenITI transcription CC BY-NC-SA 4.0; source image/catalog rights separate.,https://kitab-project.org/docs/openITI,TRANSCRIPTION_ALLOWED_BY_LICENSE,NONCOMMERCIAL_BY_NC_SA_ONLY,OpenITI/KITAB + source institution,NULL,False,NEEDS_ITEM_LEVEL_REVIEW,OpenITI 2025.1.9
MS0972JerusalemNLI.Heb8333_209.IEDC1180-per1,NULL,المكتبة الوطنية الاسرائيلية,MS0972JerusalemNLI,Ms.Heb.8333.209,MS0972JerusalemNLI.Heb8333_209.IEDC1180-per1,NULL,NULL,NULL,NULL,NULL,القدس,NULL,NULL,NULL,per,OpenITI manuscript/document transcription; physical-image rights not inferred.,OpenITI transcription CC BY-NC-SA 4.0; source image/catalog rights separate.,https://kitab-project.org/docs/openITI,TRANSCRIPTION_ALLOWED_BY_LICENSE,NONCOMMERCIAL_BY_NC_SA_ONLY,OpenITI/KITAB + source institution,NULL,False,NEEDS_ITEM_LEVEL_REVIEW,OpenITI 2025.1.9
MS0972JerusalemNLI.Heb8333_21.IEDC0103-per1jup1,NULL,المكتبة الوطنية الاسرائيلية,MS0972JerusalemNLI,Ms.Heb.8333.21,MS0972JerusalemNLI.Heb8333_21.IEDC0103-per1jup1,NULL,NULL,NULL,NULL,NULL,القدس,NULL,NULL,NULL,"per,jup",OpenITI manuscript/document transcription; physical-image rights not inferred.,OpenITI transcription CC BY-NC-SA 4.0; source image/catalog rights separate.,https://kitab-project.org/docs/openITI,TRANSCRIPTION_ALLOWED_BY_LICENSE,NONCOMMERCIAL_BY_NC_SA_ONLY,OpenITI/KITAB + source institution,NULL,False,NEEDS_ITEM_LEVEL_REVIEW,OpenITI 2025.1.9
MS0972JerusalemNLI.Heb8333_210.IEDC1181-per1,NULL,المكتبة الوطنية الاسرائيلية,MS0972JerusalemNLI,Ms.Heb.8333.210,MS0972JerusalemNLI.Heb8333_210.IEDC1181-per1,NULL,NULL,NULL,NULL,NULL,القدس,NULL,NULL,NULL,per,OpenITI manuscript/document transcription; physical-image rights not inferred.,OpenITI transcription CC BY-NC-SA 4.0; source image/catalog rights separate.,https://kitab-project.org/docs/openITI,TRANSCRIPTION_ALLOWED_BY_LICENSE,NONCOMMERCIAL_BY_NC_SA_ONLY,OpenITI/KITAB + source institution,NULL,False,NEEDS_ITEM_LEVEL_REVIEW,OpenITI 2025.1.9
MS0972JerusalemNLI.Heb8333_211Recto.IEDC1182-per1,NULL,المكتبة الوطنية الاسرائيلية,MS0972JerusalemNLI,"Ms.Heb.8333.211, recto",MS0972JerusalemNLI.Heb8333_211Recto.IEDC1182-per1,NULL,NULL,NULL,NULL,NULL,القدس,NULL,NULL,NULL,per,OpenITI manuscript/document transcription; physical-image rights not inferred.,OpenITI transcription CC BY-NC-SA 4.0; source image/catalog rights separate.,https://kitab-project.org/docs/openITI,TRANSCRIPTION_ALLOWED_BY_LICENSE,NONCOMMERCIAL_BY_NC_SA_ONLY,OpenITI/KITAB + source institution,NULL,False,NEEDS_ITEM_LEVEL_REVIEW,OpenITI 2025.1.9
MS0972JerusalemNLI.Heb8333_211Verso.IEDC1183-per1,NULL,المكتبة الوطنية الاسرائيلية,MS0972JerusalemNLI,"Ms.Heb.8333.211, verso",MS0972JerusalemNLI.Heb8333_211Verso.IEDC1183-per1,NULL,NULL,NULL,NULL,NULL,القدس,NULL,NULL,NULL,per,OpenITI manuscript/document transcription; physical-image rights not inferred.,OpenITI transcription CC BY-NC-SA 4.0; source image/catalog rights separate.,https://kitab-project.org/docs/openITI,TRANSCRIPTION_ALLOWED_BY_LICENSE,NONCOMMERCIAL_BY_NC_SA_ONLY,OpenITI/KITAB + source institution,NULL,False,NEEDS_ITEM_LEVEL_REVIEW,OpenITI 2025.1.9
MS0972JerusalemNLI.Heb8333_212.IEDC1184-per1,NULL,المكتبة الوطنية الاسرائيلية,MS0972JerusalemNLI,Ms.Heb.8333.212,MS0972JerusalemNLI.Heb8333_212.IEDC1184-per1,NULL,NULL,NULL,NULL,NULL,القدس,NULL,NULL,NULL,per,OpenITI manuscript/document transcription; physical-image rights not inferred.,OpenITI transcription CC BY-NC-SA 4.0; source image/catalog rights separate.,https://kitab-project.org/docs/openITI,TRANSCRIPTION_ALLOWED_BY_LICENSE,NONCOMMERCIAL_BY_NC_SA_ONLY,OpenITI/KITAB + source institution,NULL,False,NEEDS_ITEM_LEVEL_REVIEW,OpenITI 2025.1.9
MS0972JerusalemNLI.Heb8333_213.IEDC1185-per1,NULL,المكتبة الوطنية الاسرائيلية,MS0972JerusalemNLI,Ms.Heb.8333.213,MS0972JerusalemNLI.Heb8333_213.IEDC1185-per1,NULL,NULL,NULL,NULL,NULL,القدس,NULL,NULL,NULL,per,OpenITI manuscript/document transcription; physical-image rights not inferred.,OpenITI transcription CC BY-NC-SA 4.0; source image/catalog rights separate.,https://kitab-project.org/docs/openITI,TRANSCRIPTION_ALLOWED_BY_LICENSE,NONCOMMERCIAL_BY_NC_SA_ONLY,OpenITI/KITAB + source institution,NULL,False,NEEDS_ITEM_LEVEL_REVIEW,OpenITI 2025.1.9
MS0972JerusalemNLI.Heb8333_214Recto.IEDC1186-per1,NULL,المكتبة الوطنية الاسرائيلية,MS0972JerusalemNLI,"Ms.Heb.8333.214, recto",MS0972JerusalemNLI.Heb8333_214Recto.IEDC1186-per1,NULL,NULL,NULL,NULL,NULL,القدس,NULL,NULL,NULL,per,OpenITI manuscript/document transcription; physical-image rights not inferred.,OpenITI transcription CC BY-NC-SA 4.0; source image/catalog rights separate.,https://kitab-project.org/docs/openITI,TRANSCRIPTION_ALLOWED_BY_LICENSE,NONCOMMERCIAL_BY_NC_SA_ONLY,OpenITI/KITAB + source institution,NULL,False,NEEDS_ITEM_LEVEL_REVIEW,OpenITI 2025.1.9
MS0972JerusalemNLI.Heb8333_214Verso.IEDC1187-per1,NULL,المكتبة الوطنية الاسرائيلية,MS0972JerusalemNLI,"Ms.Heb.8333.214, verso",MS0972JerusalemNLI.Heb8333_214Verso.IEDC1187-per1,NULL,NULL,NULL,NULL,NULL,القدس,NULL,NULL,NULL,per,OpenITI manuscript/document transcription; physical-image rights not inferred.,OpenITI transcription CC BY-NC-SA 4.0; source image/catalog rights separate.,https://kitab-project.org/docs/openITI,TRANSCRIPTION_ALLOWED_BY_LICENSE,NONCOMMERCIAL_BY_NC_SA_ONLY,OpenITI/KITAB + source institution,NULL,False,NEEDS_ITEM_LEVEL_REVIEW,OpenITI 2025.1.9
MS0972JerusalemNLI.Heb8333_216.IEDC0106-per1jup1,NULL,المكتبة الوطنية الاسرائيلية,MS0972JerusalemNLI,Ms.Heb.8333.216,MS0972JerusalemNLI.Heb8333_216.IEDC0106-per1jup1,NULL,NULL,NULL,NULL,NULL,القدس,NULL,NULL,NULL,"per,jup",OpenITI manuscript/document transcription; physical-image rights not inferred.,OpenITI transcription CC BY-NC-SA 4.0; source image/catalog rights separate.,https://kitab-project.org/docs/openITI,TRANSCRIPTION_ALLOWED_BY_LICENSE,NONCOMMERCIAL_BY_NC_SA_ONLY,OpenITI/KITAB + source institution,NULL,False,NEEDS_ITEM_LEVEL_REVIEW,OpenITI 2025.1.9
MS0972JerusalemNLI.Heb8333_217.IEDC0108-per1jup1,NULL,المكتبة الوطنية الاسرائيلية,MS0972JerusalemNLI,Ms.Heb.8333.217,MS0972JerusalemNLI.Heb8333_217.IEDC0108-per1jup1,NULL,NULL,NULL,NULL,NULL,القدس,NULL,NULL,NULL,"per,jup",OpenITI manuscript/document transcription; physical-image rights not inferred.,OpenITI transcription CC BY-NC-SA 4.0; source image/catalog rights separate.,https://kitab-project.org/docs/openITI,TRANSCRIPTION_ALLOWED_BY_LICENSE,NONCOMMERCIAL_BY_NC_SA_ONLY,OpenITI/KITAB + source institution,NULL,False,NEEDS_ITEM_LEVEL_REVIEW,OpenITI 2025.1.9
MS0972JerusalemNLI.Heb8333_218.IEDC0281-per1,NULL,المكتبة الوطنية الاسرائيلية,MS0972JerusalemNLI,Ms.Heb.8333.218,MS0972JerusalemNLI.Heb8333_218.IEDC0281-per1,NULL,NULL,NULL,NULL,NULL,القدس,NULL,NULL,NULL,per,OpenITI manuscript/document transcription; physical-image rights not inferred.,OpenITI transcription CC BY-NC-SA 4.0; source image/catalog rights separate.,https://kitab-project.org/docs/openITI,TRANSCRIPTION_ALLOWED_BY_LICENSE,NONCOMMERCIAL_BY_NC_SA_ONLY,OpenITI/KITAB + source institution,NULL,False,NEEDS_ITEM_LEVEL_REVIEW,OpenITI 2025.1.9
MS0972JerusalemNLI.Heb8333_219.IEDC0164-per1,NULL,المكتبة الوطنية الاسرائيلية,MS0972JerusalemNLI,Ms.Heb.8333.219,MS0972JerusalemNLI.Heb8333_219.IEDC0164-per1,NULL,NULL,NULL,NULL,NULL,القدس,NULL,NULL,NULL,per,OpenITI manuscript/document transcription; physical-image rights not inferred.,OpenITI transcription CC BY-NC-SA 4.0; source image/catalog rights separate.,https://kitab-project.org/docs/openITI,TRANSCRIPTION_ALLOWED_BY_LICENSE,NONCOMMERCIAL_BY_NC_SA_ONLY,OpenITI/KITAB + source institution,NULL,False,NEEDS_ITEM_LEVEL_REVIEW,OpenITI 2025.1.9
MS0972JerusalemNLI.Heb8333_22.IEDC0282-per1,NULL,المكتبة الوطنية الاسرائيلية,MS0972JerusalemNLI,Ms.Heb.8333.22,MS0972JerusalemNLI.Heb8333_22.IEDC0282-per1,NULL,NULL,NULL,NULL,NULL,القدس,NULL,NULL,NULL,per,OpenITI manuscript/document transcription; physical-image rights not inferred.,OpenITI transcription CC BY-NC-SA 4.0; source image/catalog rights separate.,https://kitab-project.org/docs/openITI,TRANSCRIPTION_ALLOWED_BY_LICENSE,NONCOMMERCIAL_BY_NC_SA_ONLY,OpenITI/KITAB + source institution,NULL,False,NEEDS_ITEM_LEVEL_REVIEW,OpenITI 2025.1.9
MS0972JerusalemNLI.Heb8333_24.IEDC0291-per1,NULL,المكتبة الوطنية الاسرائيلية,MS0972JerusalemNLI,Ms.Heb.8333.24,MS0972JerusalemNLI.Heb8333_24.IEDC0291-per1,NULL,NULL,NULL,NULL,NULL,القدس,NULL,NULL,NULL,per,OpenITI manuscript/document transcription; physical-image rights not inferred.,OpenITI transcription CC BY-NC-SA 4.0; source image/catalog rights separate.,https://kitab-project.org/docs/openITI,TRANSCRIPTION_ALLOWED_BY_LICENSE,NONCOMMERCIAL_BY_NC_SA_ONLY,OpenITI/KITAB + source institution,NULL,False,NEEDS_ITEM_LEVEL_REVIEW,OpenITI 2025.1.9
MS0972JerusalemNLI.Heb8333_25.IEDC0105-per1jup1,NULL,المكتبة الوطنية الاسرائيلية,MS0972JerusalemNLI,Ms.Heb.8333.25,MS0972JerusalemNLI.Heb8333_25.IEDC0105-per1jup1,NULL,NULL,NULL,NULL,NULL,القدس,NULL,NULL,NULL,"per,jup",OpenITI manuscript/document transcription; physical-image rights not inferred.,OpenITI transcription CC BY-NC-SA 4.0; source image/catalog rights separate.,https://kitab-project.org/docs/openITI,TRANSCRIPTION_ALLOWED_BY_LICENSE,NONCOMMERCIAL_BY_NC_SA_ONLY,OpenITI/KITAB + source institution,NULL,False,NEEDS_ITEM_LEVEL_REVIEW,OpenITI 2025.1.9
MS0972JerusalemNLI.Heb8333_26.IEDC0292-per1,NULL,المكتبة الوطنية الاسرائيلية,MS0972JerusalemNLI,Ms.Heb.8333.26,MS0972JerusalemNLI.Heb8333_26.IEDC0292-per1,NULL,NULL,NULL,NULL,NULL,القدس,NULL,NULL,NULL,per,OpenITI manuscript/document transcription; physical-image rights not inferred.,OpenITI transcription CC BY-NC-SA 4.0; source image/catalog rights separate.,https://kitab-project.org/docs/openITI,TRANSCRIPTION_ALLOWED_BY_LICENSE,NONCOMMERCIAL_BY_NC_SA_ONLY,OpenITI/KITAB + source institution,NULL,False,NEEDS_ITEM_LEVEL_REVIEW,OpenITI 2025.1.9
MS0972JerusalemNLI.Heb8333_27.IEDC0166-per1,NULL,المكتبة الوطنية الاسرائيلية,MS0972JerusalemNLI,Ms.Heb.8333.27,MS0972JerusalemNLI.Heb8333_27.IEDC0166-per1,NULL,NULL,NULL,NULL,NULL,القدس,NULL,NULL,NULL,per,OpenITI manuscript/document transcription; physical-image rights not inferred.,OpenITI transcription CC BY-NC-SA 4.0; source image/catalog rights separate.,https://kitab-project.org/docs/openITI,TRANSCRIPTION_ALLOWED_BY_LICENSE,NONCOMMERCIAL_BY_NC_SA_ONLY,OpenITI/KITAB + source institution,NULL,False,NEEDS_ITEM_LEVEL_REVIEW,OpenITI 2025.1.9
MS0972JerusalemNLI.Heb8333_28.IEDC0293-per1,NULL,المكتبة الوطنية الاسرائيلية,MS0972JerusalemNLI,Ms.Heb.8333.28,MS0972JerusalemNLI.Heb8333_28.IEDC0293-per1,NULL,NULL,NULL,NULL,NULL,القدس,NULL,NULL,NULL,per,OpenITI manuscript/document transcription; physical-image rights not inferred.,OpenITI transcription CC BY-NC-SA 4.0; source image/catalog rights separate.,https://kitab-project.org/docs/openITI,TRANSCRIPTION_ALLOWED_BY_LICENSE,NONCOMMERCIAL_BY_NC_SA_ONLY,OpenITI/KITAB + source institution,NULL,False,NEEDS_ITEM_LEVEL_REVIEW,OpenITI 2025.1.9
MS0972JerusalemNLI.Heb8333_29.IEDC0107-jup1ara1,NULL,المكتبة الوطنية الاسرائيلية,MS0972JerusalemNLI,Ms.Heb.8333.29,MS0972JerusalemNLI.Heb8333_29.IEDC0107-jup1ara1,NULL,NULL,NULL,NULL,NULL,القدس,NULL,NULL,NULL,"jup,ara",OpenITI manuscript/document transcription; physical-image rights not inferred.,OpenITI transcription CC BY-NC-SA 4.0; source image/catalog rights separate.,https://kitab-project.org/docs/openITI,TRANSCRIPTION_ALLOWED_BY_LICENSE,NONCOMMERCIAL_BY_NC_SA_ONLY,OpenITI/KITAB + source institution,NULL,False,NEEDS_ITEM_LEVEL_REVIEW,OpenITI 2025.1.9
MS0972JerusalemNLI.Heb8333_36.IEDC0078-per1,NULL,المكتبة الوطنية الاسرائيلية,MS0972JerusalemNLI,Ms.Heb.8333.36,MS0972JerusalemNLI.Heb8333_36.IEDC0078-per1,NULL,NULL,NULL,NULL,NULL,القدس,NULL,NULL,NULL,per,OpenITI manuscript/document transcription; physical-image rights not inferred.,OpenITI transcription CC BY-NC-SA 4.0; source image/catalog rights separate.,https://kitab-project.org/docs/openITI,TRANSCRIPTION_ALLOWED_BY_LICENSE,NONCOMMERCIAL_BY_NC_SA_ONLY,OpenITI/KITAB + source institution,NULL,False,NEEDS_ITEM_LEVEL_REVIEW,OpenITI 2025.1.9
MS0972JerusalemNLI.Heb8333_37Recto.IEDC0266-per1,NULL,المكتبة الوطنية الاسرائيلية,MS0972JerusalemNLI,"Ms.Heb.8333.37, recto",MS0972JerusalemNLI.Heb8333_37Recto.IEDC0266-per1,NULL,NULL,NULL,NULL,NULL,القدس,NULL,NULL,NULL,per,OpenITI manuscript/document transcription; physical-image rights not inferred.,OpenITI transcription CC BY-NC-SA 4.0; source image/catalog rights separate.,https://kitab-project.org/docs/openITI,TRANSCRIPTION_ALLOWED_BY_LICENSE,NONCOMMERCIAL_BY_NC_SA_ONLY,OpenITI/KITAB + source institution,NULL,False,NEEDS_ITEM_LEVEL_REVIEW,OpenITI 2025.1.9
MS0972JerusalemNLI.Heb8333_37Verso.IEDC0081-per1,NULL,المكتبة الوطنية الاسرائيلية,MS0972JerusalemNLI,Ms.Heb.8333.37 verso,MS0972JerusalemNLI.Heb8333_37Verso.IEDC0081-per1,NULL,NULL,NULL,NULL,NULL,القدس,NULL,NULL,NULL,per,OpenITI manuscript/document transcription; physical-image rights not inferred.,OpenITI transcription CC BY-NC-SA 4.0; source image/catalog rights separate.,https://kitab-project.org/docs/openITI,TRANSCRIPTION_ALLOWED_BY_LICENSE,NONCOMMERCIAL_BY_NC_SA_ONLY,OpenITI/KITAB + source institution,NULL,False,NEEDS_ITEM_LEVEL_REVIEW,OpenITI 2025.1.9
MS0972JerusalemNLI.Heb8333_38Recto.IEDC0168-per1,NULL,المكتبة الوطنية الاسرائيلية,MS0972JerusalemNLI,"Ms.Heb.8333.38, recto",MS0972JerusalemNLI.Heb8333_38Recto.IEDC0168-per1,NULL,NULL,NULL,NULL,NULL,القدس,NULL,NULL,NULL,per,OpenITI manuscript/document transcription; physical-image rights not inferred.,OpenITI transcription CC BY-NC-SA 4.0; source image/catalog rights separate.,https://kitab-project.org/docs/openITI,TRANSCRIPTION_ALLOWED_BY_LICENSE,NONCOMMERCIAL_BY_NC_SA_ONLY,OpenITI/KITAB + source institution,NULL,False,NEEDS_ITEM_LEVEL_REVIEW,OpenITI 2025.1.9
MS0972JerusalemNLI.Heb8333_38Verso.IEDC0167-per1,NULL,المكتبة الوطنية الاسرائيلية,MS0972JerusalemNLI,"Ms.Heb.8333.38, verso",MS0972JerusalemNLI.Heb8333_38Verso.IEDC0167-per1,NULL,NULL,NULL,NULL,NULL,القدس,NULL,NULL,NULL,per,OpenITI manuscript/document transcription; physical-image rights not inferred.,OpenITI transcription CC BY-NC-SA 4.0; source image/catalog rights separate.,https://kitab-project.org/docs/openITI,TRANSCRIPTION_ALLOWED_BY_LICENSE,NONCOMMERCIAL_BY_NC_SA_ONLY,OpenITI/KITAB + source institution,NULL,False,NEEDS_ITEM_LEVEL_REVIEW,OpenITI 2025.1.9
MS0972JerusalemNLI.Heb8333_39.IEDC0169-per1,NULL,المكتبة الوطنية الاسرائيلية,MS0972JerusalemNLI,Ms.Heb.8333.39,MS0972JerusalemNLI.Heb8333_39.IEDC0169-per1,NULL,NULL,NULL,NULL,NULL,القدس,NULL,NULL,NULL,per,OpenITI manuscript/document transcription; physical-image rights not inferred.,OpenITI transcription CC BY-NC-SA 4.0; source image/catalog rights separate.,https://kitab-project.org/docs/openITI,TRANSCRIPTION_ALLOWED_BY_LICENSE,NONCOMMERCIAL_BY_NC_SA_ONLY,OpenITI/KITAB + source institution,NULL,False,NEEDS_ITEM_LEVEL_REVIEW,OpenITI 2025.1.9
MS0972JerusalemNLI.Heb8333_40.IEDC0170-per1,NULL,المكتبة الوطنية الاسرائيلية,MS0972JerusalemNLI,Ms.Heb.8333.40,MS0972JerusalemNLI.Heb8333_40.IEDC0170-per1,NULL,NULL,NULL,NULL,NULL,القدس,NULL,NULL,NULL,per,OpenITI manuscript/document transcription; physical-image rights not inferred.,OpenITI transcription CC BY-NC-SA 4.0; source image/catalog rights separate.,https://kitab-project.org/docs/openITI,TRANSCRIPTION_ALLOWED_BY_LICENSE,NONCOMMERCIAL_BY_NC_SA_ONLY,OpenITI/KITAB + source institution,NULL,False,NEEDS_ITEM_LEVEL_REVIEW,OpenITI 2025.1.9
MS0972JerusalemNLI.Heb8333_41Recto.IEDC0303-per1,NULL,المكتبة الوطنية الاسرائيلية,MS0972JerusalemNLI,"Ms.Heb.8333.41, recto",MS0972JerusalemNLI.Heb8333_41Recto.IEDC0303-per1,NULL,NULL,NULL,NULL,NULL,القدس,NULL,NULL,NULL,per,OpenITI manuscript/document transcription; physical-image rights not inferred.,OpenITI transcription CC BY-NC-SA 4.0; source image/catalog rights separate.,https://kitab-project.org/docs/openITI,TRANSCRIPTION_ALLOWED_BY_LICENSE,NONCOMMERCIAL_BY_NC_SA_ONLY,OpenITI/KITAB + source institution,NULL,False,NEEDS_ITEM_LEVEL_REVIEW,OpenITI 2025.1.9
MS0972JerusalemNLI.Heb8333_41Verso.IEDC0171-per1,NULL,المكتبة الوطنية الاسرائيلية,MS0972JerusalemNLI,"Ms.Heb.8333.41, verso",MS0972JerusalemNLI.Heb8333_41Verso.IEDC0171-per1,NULL,NULL,NULL,NULL,NULL,القدس,NULL,NULL,NULL,per,OpenITI manuscript/document transcription; physical-image rights not inferred.,OpenITI transcription CC BY-NC-SA 4.0; source image/catalog rights separate.,https://kitab-project.org/docs/openITI,TRANSCRIPTION_ALLOWED_BY_LICENSE,NONCOMMERCIAL_BY_NC_SA_ONLY,OpenITI/KITAB + source institution,NULL,False,NEEDS_ITEM_LEVEL_REVIEW,OpenITI 2025.1.9
MS0972JerusalemNLI.Heb8333_42.IEDC0304-per1,NULL,المكتبة الوطنية الاسرائيلية,MS0972JerusalemNLI,Ms.Heb.8333.42,MS0972JerusalemNLI.Heb8333_42.IEDC0304-per1,NULL,NULL,NULL,NULL,NULL,القدس,NULL,NULL,NULL,per,OpenITI manuscript/document transcription; physical-image rights not inferred.,OpenITI transcription CC BY-NC-SA 4.0; source image/catalog rights separate.,https://kitab-project.org/docs/openITI,TRANSCRIPTION_ALLOWED_BY_LICENSE,NONCOMMERCIAL_BY_NC_SA_ONLY,OpenITI/KITAB + source institution,NULL,False,NEEDS_ITEM_LEVEL_REVIEW,OpenITI 2025.1.9
MS0972JerusalemNLI.Heb8333_43.IEDC0172-per1,NULL,المكتبة الوطنية الاسرائيلية,MS0972JerusalemNLI,Ms.Heb.8333.43,MS0972JerusalemNLI.Heb8333_43.IEDC0172-per1,NULL,NULL,NULL,NULL,NULL,القدس,NULL,NULL,NULL,per,OpenITI manuscript/document transcription; physical-image rights not inferred.,OpenITI transcription CC BY-NC-SA 4.0; source image/catalog rights separate.,https://kitab-project.org/docs/openITI,TRANSCRIPTION_ALLOWED_BY_LICENSE,NONCOMMERCIAL_BY_NC_SA_ONLY,OpenITI/KITAB + source institution,NULL,False,NEEDS_ITEM_LEVEL_REVIEW,OpenITI 2025.1.9
MS0972JerusalemNLI.Heb8333_44.IEDC0073-per1,NULL,المكتبة الوطنية الاسرائيلية,MS0972JerusalemNLI,Ms.Heb.8333.44,MS0972JerusalemNLI.Heb8333_44.IEDC0073-per1,NULL,NULL,NULL,NULL,NULL,القدس,NULL,NULL,NULL,per,OpenITI manuscript/document transcription; physical-image rights not inferred.,OpenITI transcription CC BY-NC-SA 4.0; source image/catalog rights separate.,https://kitab-project.org/docs/openITI,TRANSCRIPTION_ALLOWED_BY_LICENSE,NONCOMMERCIAL_BY_NC_SA_ONLY,OpenITI/KITAB + source institution,NULL,False,NEEDS_ITEM_LEVEL_REVIEW,OpenITI 2025.1.9
MS0972JerusalemNLI.Heb8333_45.IEDC0192-per1,NULL,المكتبة الوطنية الاسرائيلية,MS0972JerusalemNLI,Ms.Heb.8333.45,MS0972JerusalemNLI.Heb8333_45.IEDC0192-per1,NULL,NULL,NULL,NULL,NULL,القدس,NULL,NULL,NULL,per,OpenITI manuscript/document transcription; physical-image rights not inferred.,OpenITI transcription CC BY-NC-SA 4.0; source image/catalog rights separate.,https://kitab-project.org/docs/openITI,TRANSCRIPTION_ALLOWED_BY_LICENSE,NONCOMMERCIAL_BY_NC_SA_ONLY,OpenITI/KITAB + source institution,NULL,False,NEEDS_ITEM_LEVEL_REVIEW,OpenITI 2025.1.9
MS0972JerusalemNLI.Heb8333_46Recto.IEDC0274-per1,NULL,المكتبة الوطنية الاسرائيلية,MS0972JerusalemNLI,"Ms.Heb.8333.46, recto",MS0972JerusalemNLI.Heb8333_46Recto.IEDC0274-per1,NULL,NULL,NULL,NULL,NULL,القدس,NULL,NULL,NULL,per,OpenITI manuscript/document transcription; physical-image rights not inferred.,OpenITI transcription CC BY-NC-SA 4.0; source image/catalog rights separate.,https://kitab-project.org/docs/openITI,TRANSCRIPTION_ALLOWED_BY_LICENSE,NONCOMMERCIAL_BY_NC_SA_ONLY,OpenITI/KITAB + source institution,NULL,False,NEEDS_ITEM_LEVEL_REVIEW,OpenITI 2025.1.9
MS0972JerusalemNLI.Heb8333_46Verso.IEDC0275-per1,NULL,المكتبة الوطنية الاسرائيلية,MS0972JerusalemNLI,"Ms.Heb.8333.46, verso",MS0972JerusalemNLI.Heb8333_46Verso.IEDC0275-per1,NULL,NULL,NULL,NULL,NULL,القدس,NULL,NULL,NULL,per,OpenITI manuscript/document transcription; physical-image rights not inferred.,OpenITI transcription CC BY-NC-SA 4.0; source image/catalog rights separate.,https://kitab-project.org/docs/openITI,TRANSCRIPTION_ALLOWED_BY_LICENSE,NONCOMMERCIAL_BY_NC_SA_ONLY,OpenITI/KITAB + source institution,NULL,False,NEEDS_ITEM_LEVEL_REVIEW,OpenITI 2025.1.9
MS0972JerusalemNLI.Heb8333_47.IEDC0305-per1,NULL,المكتبة الوطنية الاسرائيلية,MS0972JerusalemNLI,Ms.Heb.8333.47,MS0972JerusalemNLI.Heb8333_47.IEDC0305-per1,NULL,NULL,NULL,NULL,NULL,القدس,NULL,NULL,NULL,per,OpenITI manuscript/document transcription; physical-image rights not inferred.,OpenITI transcription CC BY-NC-SA 4.0; source image/catalog rights separate.,https://kitab-project.org/docs/openITI,TRANSCRIPTION_ALLOWED_BY_LICENSE,NONCOMMERCIAL_BY_NC_SA_ONLY,OpenITI/KITAB + source institution,NULL,False,NEEDS_ITEM_LEVEL_REVIEW,OpenITI 2025.1.9
MS0972JerusalemNLI.Heb8333_48.IEDC0089-per1,NULL,المكتبة الوطنية الاسرائيلية,MS0972JerusalemNLI,Ms.Heb.8333.48,MS0972JerusalemNLI.Heb8333_48.IEDC0089-per1,NULL,NULL,NULL,NULL,NULL,القدس,NULL,NULL,NULL,per,OpenITI manuscript/document transcription; physical-image rights not inferred.,OpenITI transcription CC BY-NC-SA 4.0; source image/catalog rights separate.,https://kitab-project.org/docs/openITI,TRANSCRIPTION_ALLOWED_BY_LICENSE,NONCOMMERCIAL_BY_NC_SA_ONLY,OpenITI/KITAB + source institution,NULL,False,NEEDS_ITEM_LEVEL_REVIEW,OpenITI 2025.1.9
MS0972JerusalemNLI.Heb8333_49Verso.IEDC0307-per1,NULL,المكتبة الوطنية الاسرائيلية,MS0972JerusalemNLI,"Ms.Heb.8333.49, verso",MS0972JerusalemNLI.Heb8333_49Verso.IEDC0307-per1,NULL,NULL,NULL,NULL,NULL,القدس,NULL,NULL,NULL,per,OpenITI manuscript/document transcription; physical-image rights not inferred.,OpenITI transcription CC BY-NC-SA 4.0; source image/catalog rights separate.,https://kitab-project.org/docs/openITI,TRANSCRIPTION_ALLOWED_BY_LICENSE,NONCOMMERCIAL_BY_NC_SA_ONLY,OpenITI/KITAB + source institution,NULL,False,NEEDS_ITEM_LEVEL_REVIEW,OpenITI 2025.1.9
MS0972JerusalemNLI.Heb8333_50Recto.IEDC1237-per1,NULL,المكتبة الوطنية الاسرائيلية,MS0972JerusalemNLI,"Ms.Heb.8333.50, recto",MS0972JerusalemNLI.Heb8333_50Recto.IEDC1237-per1,NULL,NULL,NULL,NULL,NULL,القدس,NULL,NULL,NULL,per,OpenITI manuscript/document transcription; physical-image rights not inferred.,OpenITI transcription CC BY-NC-SA 4.0; source image/catalog rights separate.,https://kitab-project.org/docs/openITI,TRANSCRIPTION_ALLOWED_BY_LICENSE,NONCOMMERCIAL_BY_NC_SA_ONLY,OpenITI/KITAB + source institution,NULL,False,NEEDS_ITEM_LEVEL_REVIEW,OpenITI 2025.1.9
MS0972JerusalemNLI.Heb8333_50Verso.IEDC1238-per1,NULL,المكتبة الوطنية الاسرائيلية,MS0972JerusalemNLI,"Ms.Heb.8333.50, verso",MS0972JerusalemNLI.Heb8333_50Verso.IEDC1238-per1,NULL,NULL,NULL,NULL,NULL,القدس,NULL,NULL,NULL,per,OpenITI manuscript/document transcription; physical-image rights not inferred.,OpenITI transcription CC BY-NC-SA 4.0; source image/catalog rights separate.,https://kitab-project.org/docs/openITI,TRANSCRIPTION_ALLOWED_BY_LICENSE,NONCOMMERCIAL_BY_NC_SA_ONLY,OpenITI/KITAB + source institution,NULL,False,NEEDS_ITEM_LEVEL_REVIEW,OpenITI 2025.1.9
MS0972JerusalemNLI.Heb8333_51Recto.IEDC1239-per1,NULL,المكتبة الوطنية الاسرائيلية,MS0972JerusalemNLI,"Ms.Heb.8333.51, recto",MS0972JerusalemNLI.Heb8333_51Recto.IEDC1239-per1,NULL,NULL,NULL,NULL,NULL,القدس,NULL,NULL,NULL,per,OpenITI manuscript/document transcription; physical-image rights not inferred.,OpenITI transcription CC BY-NC-SA 4.0; source image/catalog rights separate.,https://kitab-project.org/docs/openITI,TRANSCRIPTION_ALLOWED_BY_LICENSE,NONCOMMERCIAL_BY_NC_SA_ONLY,OpenITI/KITAB + source institution,NULL,False,NEEDS_ITEM_LEVEL_REVIEW,OpenITI 2025.1.9
MS0972JerusalemNLI.Heb8333_51Verso.IEDC1240-per1,NULL,المكتبة الوطنية الاسرائيلية,MS0972JerusalemNLI,"Ms.Heb.8333.51, verso",MS0972JerusalemNLI.Heb8333_51Verso.IEDC1240-per1,NULL,NULL,NULL,NULL,NULL,القدس,NULL,NULL,NULL,per,OpenITI manuscript/document transcription; physical-image rights not inferred.,OpenITI transcription CC BY-NC-SA 4.0; source image/catalog rights separate.,https://kitab-project.org/docs/openITI,TRANSCRIPTION_ALLOWED_BY_LICENSE,NONCOMMERCIAL_BY_NC_SA_ONLY,OpenITI/KITAB + source institution,NULL,False,NEEDS_ITEM_LEVEL_REVIEW,OpenITI 2025.1.9
MS0972JerusalemNLI.Heb8333_52.IEDC0310-per1,NULL,المكتبة الوطنية الاسرائيلية,MS0972JerusalemNLI,Ms.Heb.8333.52,MS0972JerusalemNLI.Heb8333_52.IEDC0310-per1,NULL,NULL,NULL,NULL,NULL,القدس,NULL,NULL,NULL,per,OpenITI manuscript/document transcription; physical-image rights not inferred.,OpenITI transcription CC BY-NC-SA 4.0; source image/catalog rights separate.,https://kitab-project.org/docs/openITI,TRANSCRIPTION_ALLOWED_BY_LICENSE,NONCOMMERCIAL_BY_NC_SA_ONLY,OpenITI/KITAB + source institution,NULL,False,NEEDS_ITEM_LEVEL_REVIEW,OpenITI 2025.1.9
MS0972JerusalemNLI.Heb8333_53.IEDC1241-per1,NULL,المكتبة الوطنية الاسرائيلية,MS0972JerusalemNLI,Ms.Heb.8333.53,MS0972JerusalemNLI.Heb8333_53.IEDC1241-per1,NULL,NULL,NULL,NULL,NULL,القدس,NULL,NULL,NULL,per,OpenITI manuscript/document transcription; physical-image rights not inferred.,OpenITI transcription CC BY-NC-SA 4.0; source image/catalog rights separate.,https://kitab-project.org/docs/openITI,TRANSCRIPTION_ALLOWED_BY_LICENSE,NONCOMMERCIAL_BY_NC_SA_ONLY,OpenITI/KITAB + source institution,NULL,False,NEEDS_ITEM_LEVEL_REVIEW,OpenITI 2025.1.9
MS0972JerusalemNLI.Heb8333_54Recto.IEDC1242-per1,NULL,المكتبة الوطنية الاسرائيلية,MS0972JerusalemNLI,"Ms.Heb.8333.54, recto",MS0972JerusalemNLI.Heb8333_54Recto.IEDC1242-per1,NULL,NULL,NULL,NULL,NULL,القدس,NULL,NULL,NULL,per,OpenITI manuscript/document transcription; physical-image rights not inferred.,OpenITI transcription CC BY-NC-SA 4.0; source image/catalog rights separate.,https://kitab-project.org/docs/openITI,TRANSCRIPTION_ALLOWED_BY_LICENSE,NONCOMMERCIAL_BY_NC_SA_ONLY,OpenITI/KITAB + source institution,NULL,False,NEEDS_ITEM_LEVEL_REVIEW,OpenITI 2025.1.9
MS0972JerusalemNLI.Heb8333_54Verso.IEDC1243-per1,NULL,المكتبة الوطنية الاسرائيلية,MS0972JerusalemNLI,"Ms.Heb.8333.54, verso",MS0972JerusalemNLI.Heb8333_54Verso.IEDC1243-per1,NULL,NULL,NULL,NULL,NULL,القدس,NULL,NULL,NULL,per,OpenITI manuscript/document transcription; physical-image rights not inferred.,OpenITI transcription CC BY-NC-SA 4.0; source image/catalog rights separate.,https://kitab-project.org/docs/openITI,TRANSCRIPTION_ALLOWED_BY_LICENSE,NONCOMMERCIAL_BY_NC_SA_ONLY,OpenITI/KITAB + source institution,NULL,False,NEEDS_ITEM_LEVEL_REVIEW,OpenITI 2025.1.9
MS0972JerusalemNLI.Heb8333_55Recto.IEDC1244-per1,NULL,المكتبة الوطنية الاسرائيلية,MS0972JerusalemNLI,"Ms.Heb.8333.55, recto",MS0972JerusalemNLI.Heb8333_55Recto.IEDC1244-per1,NULL,NULL,NULL,NULL,NULL,القدس,NULL,NULL,NULL,per,OpenITI manuscript/document transcription; physical-image rights not inferred.,OpenITI transcription CC BY-NC-SA 4.0; source image/catalog rights separate.,https://kitab-project.org/docs/openITI,TRANSCRIPTION_ALLOWED_BY_LICENSE,NONCOMMERCIAL_BY_NC_SA_ONLY,OpenITI/KITAB + source institution,NULL,False,NEEDS_ITEM_LEVEL_REVIEW,OpenITI 2025.1.9
MS0972JerusalemNLI.Heb8333_55Verso.IEDC1245-per1,NULL,المكتبة الوطنية الاسرائيلية,MS0972JerusalemNLI,"Ms.Heb.8333.55, verso",MS0972JerusalemNLI.Heb8333_55Verso.IEDC1245-per1,NULL,NULL,NULL,NULL,NULL,القدس,NULL,NULL,NULL,per,OpenITI manuscript/document transcription; physical-image rights not inferred.,OpenITI transcription CC BY-NC-SA 4.0; source image/catalog rights separate.,https://kitab-project.org/docs/openITI,TRANSCRIPTION_ALLOWED_BY_LICENSE,NONCOMMERCIAL_BY_NC_SA_ONLY,OpenITI/KITAB + source institution,NULL,False,NEEDS_ITEM_LEVEL_REVIEW,OpenITI 2025.1.9
MS0972JerusalemNLI.Heb8333_56Recto.IEDC1246-per1,NULL,المكتبة الوطنية الاسرائيلية,MS0972JerusalemNLI,"Ms.Heb.8333.56, recto",MS0972JerusalemNLI.Heb8333_56Recto.IEDC1246-per1,NULL,NULL,NULL,NULL,NULL,القدس,NULL,NULL,NULL,per,OpenITI manuscript/document transcription; physical-image rights not inferred.,OpenITI transcription CC BY-NC-SA 4.0; source image/catalog rights separate.,https://kitab-project.org/docs/openITI,TRANSCRIPTION_ALLOWED_BY_LICENSE,NONCOMMERCIAL_BY_NC_SA_ONLY,OpenITI/KITAB + source institution,NULL,False,NEEDS_ITEM_LEVEL_REVIEW,OpenITI 2025.1.9
MS0972JerusalemNLI.Heb8333_56Verso.IEDC1247-per1,NULL,المكتبة الوطنية الاسرائيلية,MS0972JerusalemNLI,"Ms.Heb.8333.56, verso",MS0972JerusalemNLI.Heb8333_56Verso.IEDC1247-per1,NULL,NULL,NULL,NULL,NULL,القدس,NULL,NULL,NULL,per,OpenITI manuscript/document transcription; physical-image rights not inferred.,OpenITI transcription CC BY-NC-SA 4.0; source image/catalog rights separate.,https://kitab-project.org/docs/openITI,TRANSCRIPTION_ALLOWED_BY_LICENSE,NONCOMMERCIAL_BY_NC_SA_ONLY,OpenITI/KITAB + source institution,NULL,False,NEEDS_ITEM_LEVEL_REVIEW,OpenITI 2025.1.9
MS0972JerusalemNLI.Heb8333_57.IEDC1249-per1,NULL,المكتبة الوطنية الاسرائيلية,MS0972JerusalemNLI,Ms.Heb.8333.57,MS0972JerusalemNLI.Heb8333_57.IEDC1249-per1,NULL,NULL,NULL,NULL,NULL,القدس,NULL,NULL,NULL,per,OpenITI manuscript/document transcription; physical-image rights not inferred.,OpenITI transcription CC BY-NC-SA 4.0; source image/catalog rights separate.,https://kitab-project.org/docs/openITI,TRANSCRIPTION_ALLOWED_BY_LICENSE,NONCOMMERCIAL_BY_NC_SA_ONLY,OpenITI/KITAB + source institution,NULL,False,NEEDS_ITEM_LEVEL_REVIEW,OpenITI 2025.1.9
MS0972JerusalemNLI.Heb8333_58Recto.IEDC1250-per1,NULL,المكتبة الوطنية الاسرائيلية,MS0972JerusalemNLI,"Ms.Heb.8333.58, recto",MS0972JerusalemNLI.Heb8333_58Recto.IEDC1250-per1,NULL,NULL,NULL,NULL,NULL,القدس,NULL,NULL,NULL,per,OpenITI manuscript/document transcription; physical-image rights not inferred.,OpenITI transcription CC BY-NC-SA 4.0; source image/catalog rights separate.,https://kitab-project.org/docs/openITI,TRANSCRIPTION_ALLOWED_BY_LICENSE,NONCOMMERCIAL_BY_NC_SA_ONLY,OpenITI/KITAB + source institution,NULL,False,NEEDS_ITEM_LEVEL_REVIEW,OpenITI 2025.1.9
MS0972JerusalemNLI.Heb8333_58Verso.IEDC1251-per1,NULL,المكتبة الوطنية الاسرائيلية,MS0972JerusalemNLI,"Ms.Heb.8333.58, verso",MS0972JerusalemNLI.Heb8333_58Verso.IEDC1251-per1,NULL,NULL,NULL,NULL,NULL,القدس,NULL,NULL,NULL,per,OpenITI manuscript/document transcription; physical-image rights not inferred.,OpenITI transcription CC BY-NC-SA 4.0; source image/catalog rights separate.,https://kitab-project.org/docs/openITI,TRANSCRIPTION_ALLOWED_BY_LICENSE,NONCOMMERCIAL_BY_NC_SA_ONLY,OpenITI/KITAB + source institution,NULL,False,NEEDS_ITEM_LEVEL_REVIEW,OpenITI 2025.1.9
MS0972JerusalemNLI.Heb8333_5Recto.IEDC0284-per1,NULL,المكتبة الوطنية الاسرائيلية,MS0972JerusalemNLI,"Ms.Heb.8333.5, recto",MS0972JerusalemNLI.Heb8333_5Recto.IEDC0284-per1,NULL,NULL,NULL,NULL,NULL,القدس,NULL,NULL,NULL,per,OpenITI manuscript/document transcription; physical-image rights not inferred.,OpenITI transcription CC BY-NC-SA 4.0; source image/catalog rights separate.,https://kitab-project.org/docs/openITI,TRANSCRIPTION_ALLOWED_BY_LICENSE,NONCOMMERCIAL_BY_NC_SA_ONLY,OpenITI/KITAB + source institution,NULL,False,NEEDS_ITEM_LEVEL_REVIEW,OpenITI 2025.1.9
MS0972JerusalemNLI.Heb8333_60Recto.IEDC0306-per1,NULL,المكتبة الوطنية الاسرائيلية,MS0972JerusalemNLI,"Ms.Heb.8333.60, recto",MS0972JerusalemNLI.Heb8333_60Recto.IEDC0306-per1,NULL,NULL,NULL,NULL,NULL,القدس,NULL,NULL,NULL,per,OpenITI manuscript/document transcription; physical-image rights not inferred.,OpenITI transcription CC BY-NC-SA 4.0; source image/catalog rights separate.,https://kitab-project.org/docs/openITI,TRANSCRIPTION_ALLOWED_BY_LICENSE,NONCOMMERCIAL_BY_NC_SA_ONLY,OpenITI/KITAB + source institution,NULL,False,NEEDS_ITEM_LEVEL_REVIEW,OpenITI 2025.1.9
MS0972JerusalemNLI.Heb8333_60Verso.IEDC0068-per1,NULL,المكتبة الوطنية الاسرائيلية,MS0972JerusalemNLI,"Ms.Heb.8333.60, verso",MS0972JerusalemNLI.Heb8333_60Verso.IEDC0068-per1,NULL,NULL,NULL,NULL,NULL,القدس,NULL,NULL,NULL,per,OpenITI manuscript/document transcription; physical-image rights not inferred.,OpenITI transcription CC BY-NC-SA 4.0; source image/catalog rights separate.,https://kitab-project.org/docs/openITI,TRANSCRIPTION_ALLOWED_BY_LICENSE,NONCOMMERCIAL_BY_NC_SA_ONLY,OpenITI/KITAB + source institution,NULL,False,NEEDS_ITEM_LEVEL_REVIEW,OpenITI 2025.1.9
MS0972JerusalemNLI.Heb8333_61Recto.IEDC0276-per1,NULL,المكتبة الوطنية الاسرائيلية,MS0972JerusalemNLI,"Ms.Heb.8333.61, recto",MS0972JerusalemNLI.Heb8333_61Recto.IEDC0276-per1,NULL,NULL,NULL,NULL,NULL,القدس,NULL,NULL,NULL,per,OpenITI manuscript/document transcription; physical-image rights not inferred.,OpenITI transcription CC BY-NC-SA 4.0; source image/catalog rights separate.,https://kitab-project.org/docs/openITI,TRANSCRIPTION_ALLOWED_BY_LICENSE,NONCOMMERCIAL_BY_NC_SA_ONLY,OpenITI/KITAB + source institution,NULL,False,NEEDS_ITEM_LEVEL_REVIEW,OpenITI 2025.1.9
MS0972JerusalemNLI.Heb8333_61Verso.IEDC0277-per1,NULL,المكتبة الوطنية الاسرائيلية,MS0972JerusalemNLI,"Ms.Heb.8333.61, verso",MS0972JerusalemNLI.Heb8333_61Verso.IEDC0277-per1,NULL,NULL,NULL,NULL,NULL,القدس,NULL,NULL,NULL,per,OpenITI manuscript/document transcription; physical-image rights not inferred.,OpenITI transcription CC BY-NC-SA 4.0; source image/catalog rights separate.,https://kitab-project.org/docs/openITI,TRANSCRIPTION_ALLOWED_BY_LICENSE,NONCOMMERCIAL_BY_NC_SA_ONLY,OpenITI/KITAB + source institution,NULL,False,NEEDS_ITEM_LEVEL_REVIEW,OpenITI 2025.1.9
MS0972JerusalemNLI.Heb8333_62.IEDC0173-per1,NULL,المكتبة الوطنية الاسرائيلية,MS0972JerusalemNLI,Ms.Heb.8333.62,MS0972JerusalemNLI.Heb8333_62.IEDC0173-per1,NULL,NULL,NULL,NULL,NULL,القدس,NULL,NULL,NULL,per,OpenITI manuscript/document transcription; physical-image rights not inferred.,OpenITI transcription CC BY-NC-SA 4.0; source image/catalog rights separate.,https://kitab-project.org/docs/openITI,TRANSCRIPTION_ALLOWED_BY_LICENSE,NONCOMMERCIAL_BY_NC_SA_ONLY,OpenITI/KITAB + source institution,NULL,False,NEEDS_ITEM_LEVEL_REVIEW,OpenITI 2025.1.9
MS0972JerusalemNLI.Heb8333_63Recto.IEDC0174-per1,NULL,المكتبة الوطنية الاسرائيلية,MS0972JerusalemNLI,"Ms.Heb.8333.63, recto",MS0972JerusalemNLI.Heb8333_63Recto.IEDC0174-per1,NULL,NULL,NULL,NULL,NULL,القدس,NULL,NULL,NULL,per,OpenITI manuscript/document transcription; physical-image rights not inferred.,OpenITI transcription CC BY-NC-SA 4.0; source image/catalog rights separate.,https://kitab-project.org/docs/openITI,TRANSCRIPTION_ALLOWED_BY_LICENSE,NONCOMMERCIAL_BY_NC_SA_ONLY,OpenITI/KITAB + source institution,NULL,False,NEEDS_ITEM_LEVEL_REVIEW,OpenITI 2025.1.9
MS0972JerusalemNLI.Heb8333_63Verso.IEDC0175-per1,NULL,المكتبة الوطنية الاسرائيلية,MS0972JerusalemNLI,"Ms.Heb.8333.63, verso",MS0972JerusalemNLI.Heb8333_63Verso.IEDC0175-per1,NULL,NULL,NULL,NULL,NULL,القدس,NULL,NULL,NULL,per,OpenITI manuscript/document transcription; physical-image rights not inferred.,OpenITI transcription CC BY-NC-SA 4.0; source image/catalog rights separate.,https://kitab-project.org/docs/openITI,TRANSCRIPTION_ALLOWED_BY_LICENSE,NONCOMMERCIAL_BY_NC_SA_ONLY,OpenITI/KITAB + source institution,NULL,False,NEEDS_ITEM_LEVEL_REVIEW,OpenITI 2025.1.9
MS0972JerusalemNLI.Heb8333_64.IEDC0183-per1,NULL,المكتبة الوطنية الاسرائيلية,MS0972JerusalemNLI,Ms.Heb.8333.64,MS0972JerusalemNLI.Heb8333_64.IEDC0183-per1,NULL,NULL,NULL,NULL,NULL,القدس,NULL,NULL,NULL,per,OpenITI manuscript/document transcription; physical-image rights not inferred.,OpenITI transcription CC BY-NC-SA 4.0; source image/catalog rights separate.,https://kitab-project.org/docs/openITI,TRANSCRIPTION_ALLOWED_BY_LICENSE,NONCOMMERCIAL_BY_NC_SA_ONLY,OpenITI/KITAB + source institution,NULL,False,NEEDS_ITEM_LEVEL_REVIEW,OpenITI 2025.1.9
MS0972JerusalemNLI.Heb8333_65.IEDC0182-per1,NULL,المكتبة الوطنية الاسرائيلية,MS0972JerusalemNLI,Ms.Heb.8333.65,MS0972JerusalemNLI.Heb8333_65.IEDC0182-per1,NULL,NULL,NULL,NULL,NULL,القدس,NULL,NULL,NULL,per,OpenITI manuscript/document transcription; physical-image rights not inferred.,OpenITI transcription CC BY-NC-SA 4.0; source image/catalog rights separate.,https://kitab-project.org/docs/openITI,TRANSCRIPTION_ALLOWED_BY_LICENSE,NONCOMMERCIAL_BY_NC_SA_ONLY,OpenITI/KITAB + source institution,NULL,False,NEEDS_ITEM_LEVEL_REVIEW,OpenITI 2025.1.9
MS0972JerusalemNLI.Heb8333_66.IEDC0181-ara1,NULL,المكتبة الوطنية الاسرائيلية,MS0972JerusalemNLI,Ms.Heb.8333.66,MS0972JerusalemNLI.Heb8333_66.IEDC0181-ara1,NULL,NULL,NULL,NULL,NULL,القدس,NULL,NULL,NULL,ara,OpenITI manuscript/document transcription; physical-image rights not inferred.,OpenITI transcription CC BY-NC-SA 4.0; source image/catalog rights separate.,https://kitab-project.org/docs/openITI,TRANSCRIPTION_ALLOWED_BY_LICENSE,NONCOMMERCIAL_BY_NC_SA_ONLY,OpenITI/KITAB + source institution,NULL,False,NEEDS_ITEM_LEVEL_REVIEW,OpenITI 2025.1.9
MS0972JerusalemNLI.Heb8333_67Recto.IEDC0311-per1,NULL,المكتبة الوطنية الاسرائيلية,MS0972JerusalemNLI,"Ms.Heb.8333.67, recto",MS0972JerusalemNLI.Heb8333_67Recto.IEDC0311-per1,NULL,NULL,NULL,NULL,NULL,القدس,NULL,NULL,NULL,per,OpenITI manuscript/document transcription; physical-image rights not inferred.,OpenITI transcription CC BY-NC-SA 4.0; source image/catalog rights separate.,https://kitab-project.org/docs/openITI,TRANSCRIPTION_ALLOWED_BY_LICENSE,NONCOMMERCIAL_BY_NC_SA_ONLY,OpenITI/KITAB + source institution,NULL,False,NEEDS_ITEM_LEVEL_REVIEW,OpenITI 2025.1.9
MS0972JerusalemNLI.Heb8333_67Verso.IEDC0070-per1,NULL,المكتبة الوطنية الاسرائيلية,MS0972JerusalemNLI,Ms.Heb.8333.67 verso,MS0972JerusalemNLI.Heb8333_67Verso.IEDC0070-per1,NULL,NULL,NULL,NULL,NULL,القدس,NULL,NULL,NULL,per,OpenITI manuscript/document transcription; physical-image rights not inferred.,OpenITI transcription CC BY-NC-SA 4.0; source image/catalog rights separate.,https://kitab-project.org/docs/openITI,TRANSCRIPTION_ALLOWED_BY_LICENSE,NONCOMMERCIAL_BY_NC_SA_ONLY,OpenITI/KITAB + source institution,NULL,False,NEEDS_ITEM_LEVEL_REVIEW,OpenITI 2025.1.9
MS0972JerusalemNLI.Heb8333_68Recto.IEDC0180-per1,NULL,المكتبة الوطنية الاسرائيلية,MS0972JerusalemNLI,"Ms.Heb.8333.68, recto",MS0972JerusalemNLI.Heb8333_68Recto.IEDC0180-per1,NULL,NULL,NULL,NULL,NULL,القدس,NULL,NULL,NULL,per,OpenITI manuscript/document transcription; physical-image rights not inferred.,OpenITI transcription CC BY-NC-SA 4.0; source image/catalog rights separate.,https://kitab-project.org/docs/openITI,TRANSCRIPTION_ALLOWED_BY_LICENSE,NONCOMMERCIAL_BY_NC_SA_ONLY,OpenITI/KITAB + source institution,NULL,False,NEEDS_ITEM_LEVEL_REVIEW,OpenITI 2025.1.9
MS0972JerusalemNLI.Heb8333_68Verso.IEDC0179-per1,NULL,المكتبة الوطنية الاسرائيلية,MS0972JerusalemNLI,"Ms.Heb.8333.68, verso",MS0972JerusalemNLI.Heb8333_68Verso.IEDC0179-per1,NULL,NULL,NULL,NULL,NULL,القدس,NULL,NULL,NULL,per,OpenITI manuscript/document transcription; physical-image rights not inferred.,OpenITI transcription CC BY-NC-SA 4.0; source image/catalog rights separate.,https://kitab-project.org/docs/openITI,TRANSCRIPTION_ALLOWED_BY_LICENSE,NONCOMMERCIAL_BY_NC_SA_ONLY,OpenITI/KITAB + source institution,NULL,False,NEEDS_ITEM_LEVEL_REVIEW,OpenITI 2025.1.9
MS0972JerusalemNLI.Heb8333_69Recto.IEDC0178-per1,NULL,المكتبة الوطنية الاسرائيلية,MS0972JerusalemNLI,"Ms.Heb.8333.69, recto",MS0972JerusalemNLI.Heb8333_69Recto.IEDC0178-per1,NULL,NULL,NULL,NULL,NULL,القدس,NULL,NULL,NULL,per,OpenITI manuscript/document transcription; physical-image rights not inferred.,OpenITI transcription CC BY-NC-SA 4.0; source image/catalog rights separate.,https://kitab-project.org/docs/openITI,TRANSCRIPTION_ALLOWED_BY_LICENSE,NONCOMMERCIAL_BY_NC_SA_ONLY,OpenITI/KITAB + source institution,NULL,False,NEEDS_ITEM_LEVEL_REVIEW,OpenITI 2025.1.9
MS0972JerusalemNLI.Heb8333_69Verso.IEDC0177-per1,NULL,المكتبة الوطنية الاسرائيلية,MS0972JerusalemNLI,"Ms.Heb.8333.69, verso",MS0972JerusalemNLI.Heb8333_69Verso.IEDC0177-per1,NULL,NULL,NULL,NULL,NULL,القدس,NULL,NULL,NULL,per,OpenITI manuscript/document transcription; physical-image rights not inferred.,OpenITI transcription CC BY-NC-SA 4.0; source image/catalog rights separate.,https://kitab-project.org/docs/openITI,TRANSCRIPTION_ALLOWED_BY_LICENSE,NONCOMMERCIAL_BY_NC_SA_ONLY,OpenITI/KITAB + source institution,NULL,False,NEEDS_ITEM_LEVEL_REVIEW,OpenITI 2025.1.9
MS0972JerusalemNLI.Heb8333_70.IEDC0176-per1,NULL,المكتبة الوطنية الاسرائيلية,MS0972JerusalemNLI,Ms.Heb.8333.70,MS0972JerusalemNLI.Heb8333_70.IEDC0176-per1,NULL,NULL,NULL,NULL,NULL,القدس,NULL,NULL,NULL,per,OpenITI manuscript/document transcription; physical-image rights not inferred.,OpenITI transcription CC BY-NC-SA 4.0; source image/catalog rights separate.,https://kitab-project.org/docs/openITI,TRANSCRIPTION_ALLOWED_BY_LICENSE,NONCOMMERCIAL_BY_NC_SA_ONLY,OpenITI/KITAB + source institution,NULL,False,NEEDS_ITEM_LEVEL_REVIEW,OpenITI 2025.1.9
MS0972JerusalemNLI.Heb8333_71.IEDC0184-per1,NULL,المكتبة الوطنية الاسرائيلية,MS0972JerusalemNLI,Ms.Heb.8333.71,MS0972JerusalemNLI.Heb8333_71.IEDC0184-per1,NULL,NULL,NULL,NULL,NULL,القدس,NULL,NULL,NULL,per,OpenITI manuscript/document transcription; physical-image rights not inferred.,OpenITI transcription CC BY-NC-SA 4.0; source image/catalog rights separate.,https://kitab-project.org/docs/openITI,TRANSCRIPTION_ALLOWED_BY_LICENSE,NONCOMMERCIAL_BY_NC_SA_ONLY,OpenITI/KITAB + source institution,NULL,False,NEEDS_ITEM_LEVEL_REVIEW,OpenITI 2025.1.9
MS0972JerusalemNLI.Heb8333_72Recto.IEDC0185-per1,NULL,المكتبة الوطنية الاسرائيلية,MS0972JerusalemNLI,"Ms.Heb.8333.72, recto",MS0972JerusalemNLI.Heb8333_72Recto.IEDC0185-per1,NULL,NULL,NULL,NULL,NULL,القدس,NULL,NULL,NULL,per,OpenITI manuscript/document transcription; physical-image rights not inferred.,OpenITI transcription CC BY-NC-SA 4.0; source image/catalog rights separate.,https://kitab-project.org/docs/openITI,TRANSCRIPTION_ALLOWED_BY_LICENSE,NONCOMMERCIAL_BY_NC_SA_ONLY,OpenITI/KITAB + source institution,NULL,False,NEEDS_ITEM_LEVEL_REVIEW,OpenITI 2025.1.9
MS0972JerusalemNLI.Heb8333_72Verso.IEDC0186-per1,NULL,المكتبة الوطنية الاسرائيلية,MS0972JerusalemNLI,"Ms.Heb.8333.72, verso",MS0972JerusalemNLI.Heb8333_72Verso.IEDC0186-per1,NULL,NULL,NULL,NULL,NULL,القدس,NULL,NULL,NULL,per,OpenITI manuscript/document transcription; physical-image rights not inferred.,OpenITI transcription CC BY-NC-SA 4.0; source image/catalog rights separate.,https://kitab-project.org/docs/openITI,TRANSCRIPTION_ALLOWED_BY_LICENSE,NONCOMMERCIAL_BY_NC_SA_ONLY,OpenITI/KITAB + source institution,NULL,False,NEEDS_ITEM_LEVEL_REVIEW,OpenITI 2025.1.9
MS0972JerusalemNLI.Heb8333_73Recto.IEDC0187-per1,NULL,المكتبة الوطنية الاسرائيلية,MS0972JerusalemNLI,"Ms.Heb.8333.73, recto",MS0972JerusalemNLI.Heb8333_73Recto.IEDC0187-per1,NULL,NULL,NULL,NULL,NULL,القدس,NULL,NULL,NULL,per,OpenITI manuscript/document transcription; physical-image rights not inferred.,OpenITI transcription CC BY-NC-SA 4.0; source image/catalog rights separate.,https://kitab-project.org/docs/openITI,TRANSCRIPTION_ALLOWED_BY_LICENSE,NONCOMMERCIAL_BY_NC_SA_ONLY,OpenITI/KITAB + source institution,NULL,False,NEEDS_ITEM_LEVEL_REVIEW,OpenITI 2025.1.9
MS0972JerusalemNLI.Heb8333_73Verso.IEDC0188-per1,NULL,المكتبة الوطنية الاسرائيلية,MS0972JerusalemNLI,"Ms.Heb.8333.73, verso",MS0972JerusalemNLI.Heb8333_73Verso.IEDC0188-per1,NULL,NULL,NULL,NULL,NULL,القدس,NULL,NULL,NULL,per,OpenITI manuscript/document transcription; physical-image rights not inferred.,OpenITI transcription CC BY-NC-SA 4.0; source image/catalog rights separate.,https://kitab-project.org/docs/openITI,TRANSCRIPTION_ALLOWED_BY_LICENSE,NONCOMMERCIAL_BY_NC_SA_ONLY,OpenITI/KITAB + source institution,NULL,False,NEEDS_ITEM_LEVEL_REVIEW,OpenITI 2025.1.9
MS0972JerusalemNLI.Heb8333_74.IEDC0190-per1,NULL,المكتبة الوطنية الاسرائيلية,MS0972JerusalemNLI,Ms.Heb.8333.74,MS0972JerusalemNLI.Heb8333_74.IEDC0190-per1,NULL,NULL,NULL,NULL,NULL,القدس,NULL,NULL,NULL,per,OpenITI manuscript/document transcription; physical-image rights not inferred.,OpenITI transcription CC BY-NC-SA 4.0; source image/catalog rights separate.,https://kitab-project.org/docs/openITI,TRANSCRIPTION_ALLOWED_BY_LICENSE,NONCOMMERCIAL_BY_NC_SA_ONLY,OpenITI/KITAB + source institution,NULL,False,NEEDS_ITEM_LEVEL_REVIEW,OpenITI 2025.1.9
MS0972JerusalemNLI.Heb8333_75.IEDC0191-per1,NULL,المكتبة الوطنية الاسرائيلية,MS0972JerusalemNLI,Ms.Heb.8333.75,MS0972JerusalemNLI.Heb8333_75.IEDC0191-per1,NULL,NULL,NULL,NULL,NULL,القدس,NULL,NULL,NULL,per,OpenITI manuscript/document transcription; physical-image rights not inferred.,OpenITI transcription CC BY-NC-SA 4.0; source image/catalog rights separate.,https://kitab-project.org/docs/openITI,TRANSCRIPTION_ALLOWED_BY_LICENSE,NONCOMMERCIAL_BY_NC_SA_ONLY,OpenITI/KITAB + source institution,NULL,False,NEEDS_ITEM_LEVEL_REVIEW,OpenITI 2025.1.9
MS0972JerusalemNLI.Heb8333_76.IEDC0189-per1,NULL,المكتبة الوطنية الاسرائيلية,MS0972JerusalemNLI,Ms.Heb.8333.76,MS0972JerusalemNLI.Heb8333_76.IEDC0189-per1,NULL,NULL,NULL,NULL,NULL,القدس,NULL,NULL,NULL,per,OpenITI manuscript/document transcription; physical-image rights not inferred.,OpenITI transcription CC BY-NC-SA 4.0; source image/catalog rights separate.,https://kitab-project.org/docs/openITI,TRANSCRIPTION_ALLOWED_BY_LICENSE,NONCOMMERCIAL_BY_NC_SA_ONLY,OpenITI/KITAB + source institution,NULL,False,NEEDS_ITEM_LEVEL_REVIEW,OpenITI 2025.1.9
MS0972JerusalemNLI.Heb8333_77.IEDC0065-per1,NULL,المكتبة الوطنية الاسرائيلية,MS0972JerusalemNLI,Ms.Heb.8333.77,MS0972JerusalemNLI.Heb8333_77.IEDC0065-per1,NULL,NULL,NULL,NULL,NULL,القدس,NULL,NULL,NULL,per,OpenITI manuscript/document transcription; physical-image rights not inferred.,OpenITI transcription CC BY-NC-SA 4.0; source image/catalog rights separate.,https://kitab-project.org/docs/openITI,TRANSCRIPTION_ALLOWED_BY_LICENSE,NONCOMMERCIAL_BY_NC_SA_ONLY,OpenITI/KITAB + source institution,NULL,False,NEEDS_ITEM_LEVEL_REVIEW,OpenITI 2025.1.9
MS0972JerusalemNLI.Heb8333_78.IEDC0067-per1,NULL,المكتبة الوطنية الاسرائيلية,MS0972JerusalemNLI,Ms.Heb.8333.78,MS0972JerusalemNLI.Heb8333_78.IEDC0067-per1,NULL,NULL,NULL,NULL,NULL,القدس,NULL,NULL,NULL,per,OpenITI manuscript/document transcription; physical-image rights not inferred.,OpenITI transcription CC BY-NC-SA 4.0; source image/catalog rights separate.,https://kitab-project.org/docs/openITI,TRANSCRIPTION_ALLOWED_BY_LICENSE,NONCOMMERCIAL_BY_NC_SA_ONLY,OpenITI/KITAB + source institution,NULL,False,NEEDS_ITEM_LEVEL_REVIEW,OpenITI 2025.1.9
MS0972JerusalemNLI.Heb8333_79Recto.IEDC0278-per1,NULL,المكتبة الوطنية الاسرائيلية,MS0972JerusalemNLI,"Ms.Heb.8333.79, recto",MS0972JerusalemNLI.Heb8333_79Recto.IEDC0278-per1,NULL,NULL,NULL,NULL,NULL,القدس,NULL,NULL,NULL,per,OpenITI manuscript/document transcription; physical-image rights not inferred.,OpenITI transcription CC BY-NC-SA 4.0; source image/catalog rights separate.,https://kitab-project.org/docs/openITI,TRANSCRIPTION_ALLOWED_BY_LICENSE,NONCOMMERCIAL_BY_NC_SA_ONLY,OpenITI/KITAB + source institution,NULL,False,NEEDS_ITEM_LEVEL_REVIEW,OpenITI 2025.1.9
MS0972JerusalemNLI.Heb8333_79Verso.IEDC0279-per1,NULL,المكتبة الوطنية الاسرائيلية,MS0972JerusalemNLI,"Ms.Heb.8333.79, verso",MS0972JerusalemNLI.Heb8333_79Verso.IEDC0279-per1,NULL,NULL,NULL,NULL,NULL,القدس,NULL,NULL,NULL,per,OpenITI manuscript/document transcription; physical-image rights not inferred.,OpenITI transcription CC BY-NC-SA 4.0; source image/catalog rights separate.,https://kitab-project.org/docs/openITI,TRANSCRIPTION_ALLOWED_BY_LICENSE,NONCOMMERCIAL_BY_NC_SA_ONLY,OpenITI/KITAB + source institution,NULL,False,NEEDS_ITEM_LEVEL_REVIEW,OpenITI 2025.1.9
MS0972JerusalemNLI.Heb8333_7v10r10v9r9v14r.IEDC0125-per1,NULL,المكتبة الوطنية الاسرائيلية,MS0972JerusalemNLI,"Ms.Heb.8333.7v, 10r, 10v, 9r, 9v, 14r",MS0972JerusalemNLI.Heb8333_7v10r10v9r9v14r.IEDC0125-per1,NULL,NULL,NULL,NULL,NULL,القدس,NULL,NULL,NULL,per,OpenITI manuscript/document transcription; physical-image rights not inferred.,OpenITI transcription CC BY-NC-SA 4.0; source image/catalog rights separate.,https://kitab-project.org/docs/openITI,TRANSCRIPTION_ALLOWED_BY_LICENSE,NONCOMMERCIAL_BY_NC_SA_ONLY,OpenITI/KITAB + source institution,NULL,False,NEEDS_ITEM_LEVEL_REVIEW,OpenITI 2025.1.9
MS0972JerusalemNLI.Heb8333_8.IEDC1195-per1,NULL,المكتبة الوطنية الاسرائيلية,MS0972JerusalemNLI,Ms.Heb.8333.8,MS0972JerusalemNLI.Heb8333_8.IEDC1195-per1,NULL,NULL,NULL,NULL,NULL,القدس,NULL,NULL,NULL,per,OpenITI manuscript/document transcription; physical-image rights not inferred.,OpenITI transcription CC BY-NC-SA 4.0; source image/catalog rights separate.,https://kitab-project.org/docs/openITI,TRANSCRIPTION_ALLOWED_BY_LICENSE,NONCOMMERCIAL_BY_NC_SA_ONLY,OpenITI/KITAB + source institution,NULL,False,NEEDS_ITEM_LEVEL_REVIEW,OpenITI 2025.1.9
MS0972JerusalemNLI.Heb8333_80Recto.IEDC1138-per1,NULL,المكتبة الوطنية الاسرائيلية,MS0972JerusalemNLI,"Ms.Heb.8333.80, recto",MS0972JerusalemNLI.Heb8333_80Recto.IEDC1138-per1,NULL,NULL,NULL,NULL,NULL,القدس,NULL,NULL,NULL,per,OpenITI manuscript/document transcription; physical-image rights not inferred.,OpenITI transcription CC BY-NC-SA 4.0; source image/catalog rights separate.,https://kitab-project.org/docs/openITI,TRANSCRIPTION_ALLOWED_BY_LICENSE,NONCOMMERCIAL_BY_NC_SA_ONLY,OpenITI/KITAB + source institution,NULL,False,NEEDS_ITEM_LEVEL_REVIEW,OpenITI 2025.1.9
MS0972JerusalemNLI.Heb8333_80Verso.IEDC0308-per1,NULL,المكتبة الوطنية الاسرائيلية,MS0972JerusalemNLI,"Ms.Heb.8333.80, verso",MS0972JerusalemNLI.Heb8333_80Verso.IEDC0308-per1,NULL,NULL,NULL,NULL,NULL,القدس,NULL,NULL,NULL,per,OpenITI manuscript/document transcription; physical-image rights not inferred.,OpenITI transcription CC BY-NC-SA 4.0; source image/catalog rights separate.,https://kitab-project.org/docs/openITI,TRANSCRIPTION_ALLOWED_BY_LICENSE,NONCOMMERCIAL_BY_NC_SA_ONLY,OpenITI/KITAB + source institution,NULL,False,NEEDS_ITEM_LEVEL_REVIEW,OpenITI 2025.1.9
MS0972JerusalemNLI.Heb8333_81Recto.IEDC1271-per1,NULL,المكتبة الوطنية الاسرائيلية,MS0972JerusalemNLI,"Ms.Heb.8333.81, recto",MS0972JerusalemNLI.Heb8333_81Recto.IEDC1271-per1,NULL,NULL,NULL,NULL,NULL,القدس,NULL,NULL,NULL,per,OpenITI manuscript/document transcription; physical-image rights not inferred.,OpenITI transcription CC BY-NC-SA 4.0; source image/catalog rights separate.,https://kitab-project.org/docs/openITI,TRANSCRIPTION_ALLOWED_BY_LICENSE,NONCOMMERCIAL_BY_NC_SA_ONLY,OpenITI/KITAB + source institution,NULL,False,NEEDS_ITEM_LEVEL_REVIEW,OpenITI 2025.1.9
MS0972JerusalemNLI.Heb8333_81Verso.IEDC0195-per1,NULL,المكتبة الوطنية الاسرائيلية,MS0972JerusalemNLI,"Ms.Heb.8333.81, verso",MS0972JerusalemNLI.Heb8333_81Verso.IEDC0195-per1,NULL,NULL,NULL,NULL,NULL,القدس,NULL,NULL,NULL,per,OpenITI manuscript/document transcription; physical-image rights not inferred.,OpenITI transcription CC BY-NC-SA 4.0; source image/catalog rights separate.,https://kitab-project.org/docs/openITI,TRANSCRIPTION_ALLOWED_BY_LICENSE,NONCOMMERCIAL_BY_NC_SA_ONLY,OpenITI/KITAB + source institution,NULL,False,NEEDS_ITEM_LEVEL_REVIEW,OpenITI 2025.1.9
MS0972JerusalemNLI.Heb8333_82Recto.IEDC0309-per1,NULL,المكتبة الوطنية الاسرائيلية,MS0972JerusalemNLI,"Ms.Heb.8333.82, recto",MS0972JerusalemNLI.Heb8333_82Recto.IEDC0309-per1,NULL,NULL,NULL,NULL,NULL,القدس,NULL,NULL,NULL,per,OpenITI manuscript/document transcription; physical-image rights not inferred.,OpenITI transcription CC BY-NC-SA 4.0; source image/catalog rights separate.,https://kitab-project.org/docs/openITI,TRANSCRIPTION_ALLOWED_BY_LICENSE,NONCOMMERCIAL_BY_NC_SA_ONLY,OpenITI/KITAB + source institution,NULL,False,NEEDS_ITEM_LEVEL_REVIEW,OpenITI 2025.1.9
MS0972JerusalemNLI.Heb8333_82Verso.IEDC0196-per1,NULL,المكتبة الوطنية الاسرائيلية,MS0972JerusalemNLI,"Ms.Heb.8333.82, verso",MS0972JerusalemNLI.Heb8333_82Verso.IEDC0196-per1,NULL,NULL,NULL,NULL,NULL,القدس,NULL,NULL,NULL,per,OpenITI manuscript/document transcription; physical-image rights not inferred.,OpenITI transcription CC BY-NC-SA 4.0; source image/catalog rights separate.,https://kitab-project.org/docs/openITI,TRANSCRIPTION_ALLOWED_BY_LICENSE,NONCOMMERCIAL_BY_NC_SA_ONLY,OpenITI/KITAB + source institution,NULL,False,NEEDS_ITEM_LEVEL_REVIEW,OpenITI 2025.1.9
MS0972JerusalemNLI.Heb8333_83Recto.IEDC0197-per1,NULL,المكتبة الوطنية الاسرائيلية,MS0972JerusalemNLI,"Ms.Heb.8333.83, recto",MS0972JerusalemNLI.Heb8333_83Recto.IEDC0197-per1,NULL,NULL,NULL,NULL,NULL,القدس,NULL,NULL,NULL,per,OpenITI manuscript/document transcription; physical-image rights not inferred.,OpenITI transcription CC BY-NC-SA 4.0; source image/catalog rights separate.,https://kitab-project.org/docs/openITI,TRANSCRIPTION_ALLOWED_BY_LICENSE,NONCOMMERCIAL_BY_NC_SA_ONLY,OpenITI/KITAB + source institution,NULL,False,NEEDS_ITEM_LEVEL_REVIEW,OpenITI 2025.1.9
MS0972JerusalemNLI.Heb8333_83Verso.IEDC0198-per1,NULL,المكتبة الوطنية الاسرائيلية,MS0972JerusalemNLI,"Ms.Heb.8333.83, verso",MS0972JerusalemNLI.Heb8333_83Verso.IEDC0198-per1,NULL,NULL,NULL,NULL,NULL,القدس,NULL,NULL,NULL,per,OpenITI manuscript/document transcription; physical-image rights not inferred.,OpenITI transcription CC BY-NC-SA 4.0; source image/catalog rights separate.,https://kitab-project.org/docs/openITI,TRANSCRIPTION_ALLOWED_BY_LICENSE,NONCOMMERCIAL_BY_NC_SA_ONLY,OpenITI/KITAB + source institution,NULL,False,NEEDS_ITEM_LEVEL_REVIEW,OpenITI 2025.1.9
MS0972JerusalemNLI.Heb8333_84Recto.IEDC1272-per1,NULL,المكتبة الوطنية الاسرائيلية,MS0972JerusalemNLI,"Ms.Heb.8333.84, recto",MS0972JerusalemNLI.Heb8333_84Recto.IEDC1272-per1,NULL,NULL,NULL,NULL,NULL,القدس,NULL,NULL,NULL,per,OpenITI manuscript/document transcription; physical-image rights not inferred.,OpenITI transcription CC BY-NC-SA 4.0; source image/catalog rights separate.,https://kitab-project.org/docs/openITI,TRANSCRIPTION_ALLOWED_BY_LICENSE,NONCOMMERCIAL_BY_NC_SA_ONLY,OpenITI/KITAB + source institution,NULL,False,NEEDS_ITEM_LEVEL_REVIEW,OpenITI 2025.1.9
MS0972JerusalemNLI.Heb8333_84Verso.IEDC0199-per1,NULL,المكتبة الوطنية الاسرائيلية,MS0972JerusalemNLI,"Ms.Heb.8333.84, verso",MS0972JerusalemNLI.Heb8333_84Verso.IEDC0199-per1,NULL,NULL,NULL,NULL,NULL,القدس,NULL,NULL,NULL,per,OpenITI manuscript/document transcription; physical-image rights not inferred.,OpenITI transcription CC BY-NC-SA 4.0; source image/catalog rights separate.,https://kitab-project.org/docs/openITI,TRANSCRIPTION_ALLOWED_BY_LICENSE,NONCOMMERCIAL_BY_NC_SA_ONLY,OpenITI/KITAB + source institution,NULL,False,NEEDS_ITEM_LEVEL_REVIEW,OpenITI 2025.1.9
MS0972JerusalemNLI.Heb8333_85Recto.IEDC1273-per1,NULL,المكتبة الوطنية الاسرائيلية,MS0972JerusalemNLI,"Ms.Heb.8333.85, recto",MS0972JerusalemNLI.Heb8333_85Recto.IEDC1273-per1,NULL,NULL,NULL,NULL,NULL,القدس,NULL,NULL,NULL,per,OpenITI manuscript/document transcription; physical-image rights not inferred.,OpenITI transcription CC BY-NC-SA 4.0; source image/catalog rights separate.,https://kitab-project.org/docs/openITI,TRANSCRIPTION_ALLOWED_BY_LICENSE,NONCOMMERCIAL_BY_NC_SA_ONLY,OpenITI/KITAB + source institution,NULL,False,NEEDS_ITEM_LEVEL_REVIEW,OpenITI 2025.1.9
MS0972JerusalemNLI.Heb8333_85Verso.IEDC0200-per1,NULL,المكتبة الوطنية الاسرائيلية,MS0972JerusalemNLI,"Ms.Heb.8333.85, verso",MS0972JerusalemNLI.Heb8333_85Verso.IEDC0200-per1,NULL,NULL,NULL,NULL,NULL,القدس,NULL,NULL,NULL,per,OpenITI manuscript/document transcription; physical-image rights not inferred.,OpenITI transcription CC BY-NC-SA 4.0; source image/catalog rights separate.,https://kitab-project.org/docs/openITI,TRANSCRIPTION_ALLOWED_BY_LICENSE,NONCOMMERCIAL_BY_NC_SA_ONLY,OpenITI/KITAB + source institution,NULL,False,NEEDS_ITEM_LEVEL_REVIEW,OpenITI 2025.1.9
MS0972JerusalemNLI.Heb8333_86Recto.IEDC0162-per1,NULL,المكتبة الوطنية الاسرائيلية,MS0972JerusalemNLI,Ms.Heb.8333.86 recto,MS0972JerusalemNLI.Heb8333_86Recto.IEDC0162-per1,NULL,NULL,NULL,NULL,NULL,القدس,NULL,NULL,NULL,per,OpenITI manuscript/document transcription; physical-image rights not inferred.,OpenITI transcription CC BY-NC-SA 4.0; source image/catalog rights separate.,https://kitab-project.org/docs/openITI,TRANSCRIPTION_ALLOWED_BY_LICENSE,NONCOMMERCIAL_BY_NC_SA_ONLY,OpenITI/KITAB + source institution,NULL,False,NEEDS_ITEM_LEVEL_REVIEW,OpenITI 2025.1.9
MS0972JerusalemNLI.Heb8333_86Verso.IEDC1191-per1,NULL,المكتبة الوطنية الاسرائيلية,MS0972JerusalemNLI,"Ms.Heb.8333.86, verso",MS0972JerusalemNLI.Heb8333_86Verso.IEDC1191-per1,NULL,NULL,NULL,NULL,NULL,القدس,NULL,NULL,NULL,per,OpenITI manuscript/document transcription; physical-image rights not inferred.,OpenITI transcription CC BY-NC-SA 4.0; source image/catalog rights separate.,https://kitab-project.org/docs/openITI,TRANSCRIPTION_ALLOWED_BY_LICENSE,NONCOMMERCIAL_BY_NC_SA_ONLY,OpenITI/KITAB + source institution,NULL,False,NEEDS_ITEM_LEVEL_REVIEW,OpenITI 2025.1.9
MS0972JerusalemNLI.Heb8333_87.IEDC1137-per1,NULL,المكتبة الوطنية الاسرائيلية,MS0972JerusalemNLI,Ms.Heb.8333.87,MS0972JerusalemNLI.Heb8333_87.IEDC1137-per1,NULL,NULL,NULL,NULL,NULL,القدس,NULL,NULL,NULL,per,OpenITI manuscript/document transcription; physical-image rights not inferred.,OpenITI transcription CC BY-NC-SA 4.0; source image/catalog rights separate.,https://kitab-project.org/docs/openITI,TRANSCRIPTION_ALLOWED_BY_LICENSE,NONCOMMERCIAL_BY_NC_SA_ONLY,OpenITI/KITAB + source institution,NULL,False,NEEDS_ITEM_LEVEL_REVIEW,OpenITI 2025.1.9
MS0972JerusalemNLI.Heb8333_88.IEDC0072-per1,NULL,المكتبة الوطنية الاسرائيلية,MS0972JerusalemNLI,Ms.Heb.8333.88,MS0972JerusalemNLI.Heb8333_88.IEDC0072-per1,NULL,NULL,NULL,NULL,NULL,القدس,NULL,NULL,NULL,per,OpenITI manuscript/document transcription; physical-image rights not inferred.,OpenITI transcription CC BY-NC-SA 4.0; source image/catalog rights separate.,https://kitab-project.org/docs/openITI,TRANSCRIPTION_ALLOWED_BY_LICENSE,NONCOMMERCIAL_BY_NC_SA_ONLY,OpenITI/KITAB + source institution,NULL,False,NEEDS_ITEM_LEVEL_REVIEW,OpenITI 2025.1.9
MS0972JerusalemNLI.Heb8333_89Recto.IEDC0265-per1,NULL,المكتبة الوطنية الاسرائيلية,MS0972JerusalemNLI,"Ms.Heb.8333.89, recto",MS0972JerusalemNLI.Heb8333_89Recto.IEDC0265-per1,NULL,NULL,NULL,NULL,NULL,القدس,NULL,NULL,NULL,per,OpenITI manuscript/document transcription; physical-image rights not inferred.,OpenITI transcription CC BY-NC-SA 4.0; source image/catalog rights separate.,https://kitab-project.org/docs/openITI,TRANSCRIPTION_ALLOWED_BY_LICENSE,NONCOMMERCIAL_BY_NC_SA_ONLY,OpenITI/KITAB + source institution,NULL,False,NEEDS_ITEM_LEVEL_REVIEW,OpenITI 2025.1.9
MS0972JerusalemNLI.Heb8333_89Verso.IEDC0235-per1,NULL,المكتبة الوطنية الاسرائيلية,MS0972JerusalemNLI,"Ms.Heb.8333.89, verso",MS0972JerusalemNLI.Heb8333_89Verso.IEDC0235-per1,NULL,NULL,NULL,NULL,NULL,القدس,NULL,NULL,NULL,per,OpenITI manuscript/document transcription; physical-image rights not inferred.,OpenITI transcription CC BY-NC-SA 4.0; source image/catalog rights separate.,https://kitab-project.org/docs/openITI,TRANSCRIPTION_ALLOWED_BY_LICENSE,NONCOMMERCIAL_BY_NC_SA_ONLY,OpenITI/KITAB + source institution,NULL,False,NEEDS_ITEM_LEVEL_REVIEW,OpenITI 2025.1.9
MS0972JerusalemNLI.Heb8333_90.IEDC0280-per1,NULL,المكتبة الوطنية الاسرائيلية,MS0972JerusalemNLI,Ms.Heb.8333.90,MS0972JerusalemNLI.Heb8333_90.IEDC0280-per1,NULL,NULL,NULL,NULL,NULL,القدس,NULL,NULL,NULL,per,OpenITI manuscript/document transcription; physical-image rights not inferred.,OpenITI transcription CC BY-NC-SA 4.0; source image/catalog rights separate.,https://kitab-project.org/docs/openITI,TRANSCRIPTION_ALLOWED_BY_LICENSE,NONCOMMERCIAL_BY_NC_SA_ONLY,OpenITI/KITAB + source institution,NULL,False,NEEDS_ITEM_LEVEL_REVIEW,OpenITI 2025.1.9
MS0972JerusalemNLI.Heb8333_91.IEDC0079-per1,NULL,المكتبة الوطنية الاسرائيلية,MS0972JerusalemNLI,Ms.Heb.8333.91,MS0972JerusalemNLI.Heb8333_91.IEDC0079-per1,NULL,NULL,NULL,NULL,NULL,القدس,NULL,NULL,NULL,per,OpenITI manuscript/document transcription; physical-image rights not inferred.,OpenITI transcription CC BY-NC-SA 4.0; source image/catalog rights separate.,https://kitab-project.org/docs/openITI,TRANSCRIPTION_ALLOWED_BY_LICENSE,NONCOMMERCIAL_BY_NC_SA_ONLY,OpenITI/KITAB + source institution,NULL,False,NEEDS_ITEM_LEVEL_REVIEW,OpenITI 2025.1.9
MS0972JerusalemNLI.Heb8333_92.IEDC0234-per1,NULL,المكتبة الوطنية الاسرائيلية,MS0972JerusalemNLI,Ms.Heb.8333.92,MS0972JerusalemNLI.Heb8333_92.IEDC0234-per1,NULL,NULL,NULL,NULL,NULL,القدس,NULL,NULL,NULL,per,OpenITI manuscript/document transcription; physical-image rights not inferred.,OpenITI transcription CC BY-NC-SA 4.0; source image/catalog rights separate.,https://kitab-project.org/docs/openITI,TRANSCRIPTION_ALLOWED_BY_LICENSE,NONCOMMERCIAL_BY_NC_SA_ONLY,OpenITI/KITAB + source institution,NULL,False,NEEDS_ITEM_LEVEL_REVIEW,OpenITI 2025.1.9
MS0972JerusalemNLI.Heb8333_93.IEDC0062-per1,NULL,المكتبة الوطنية الاسرائيلية,MS0972JerusalemNLI,Ms.Heb.8333.93,MS0972JerusalemNLI.Heb8333_93.IEDC0062-per1,NULL,NULL,NULL,NULL,NULL,القدس,NULL,NULL,NULL,per,OpenITI manuscript/document transcription; physical-image rights not inferred.,OpenITI transcription CC BY-NC-SA 4.0; source image/catalog rights separate.,https://kitab-project.org/docs/openITI,TRANSCRIPTION_ALLOWED_BY_LICENSE,NONCOMMERCIAL_BY_NC_SA_ONLY,OpenITI/KITAB + source institution,NULL,False,NEEDS_ITEM_LEVEL_REVIEW,OpenITI 2025.1.9
MS0972JerusalemNLI.Heb8333_94Recto.IEDC0233-per1,NULL,المكتبة الوطنية الاسرائيلية,MS0972JerusalemNLI,"Ms.Heb.8333.94, recto",MS0972JerusalemNLI.Heb8333_94Recto.IEDC0233-per1,NULL,NULL,NULL,NULL,NULL,القدس,NULL,NULL,NULL,per,OpenITI manuscript/document transcription; physical-image rights not inferred.,OpenITI transcription CC BY-NC-SA 4.0; source image/catalog rights separate.,https://kitab-project.org/docs/openITI,TRANSCRIPTION_ALLOWED_BY_LICENSE,NONCOMMERCIAL_BY_NC_SA_ONLY,OpenITI/KITAB + source institution,NULL,False,NEEDS_ITEM_LEVEL_REVIEW,OpenITI 2025.1.9
MS0972JerusalemNLI.Heb8333_94Verso.IEDC0094-per1,NULL,المكتبة الوطنية الاسرائيلية,MS0972JerusalemNLI,"Ms.Heb.8333.94, verso",MS0972JerusalemNLI.Heb8333_94Verso.IEDC0094-per1,NULL,NULL,NULL,NULL,NULL,القدس,NULL,NULL,NULL,per,OpenITI manuscript/document transcription; physical-image rights not inferred.,OpenITI transcription CC BY-NC-SA 4.0; source image/catalog rights separate.,https://kitab-project.org/docs/openITI,TRANSCRIPTION_ALLOWED_BY_LICENSE,NONCOMMERCIAL_BY_NC_SA_ONLY,OpenITI/KITAB + source institution,NULL,False,NEEDS_ITEM_LEVEL_REVIEW,OpenITI 2025.1.9
MS0972JerusalemNLI.Heb8333_95.IEDC0232-per1,NULL,المكتبة الوطنية الاسرائيلية,MS0972JerusalemNLI,Ms.Heb.8333.95,MS0972JerusalemNLI.Heb8333_95.IEDC0232-per1,NULL,NULL,NULL,NULL,NULL,القدس,NULL,NULL,NULL,per,OpenITI manuscript/document transcription; physical-image rights not inferred.,OpenITI transcription CC BY-NC-SA 4.0; source image/catalog rights separate.,https://kitab-project.org/docs/openITI,TRANSCRIPTION_ALLOWED_BY_LICENSE,NONCOMMERCIAL_BY_NC_SA_ONLY,OpenITI/KITAB + source institution,NULL,False,NEEDS_ITEM_LEVEL_REVIEW,OpenITI 2025.1.9
MS0972JerusalemNLI.Heb8333_96.IEDC0091-per1,NULL,المكتبة الوطنية الاسرائيلية,MS0972JerusalemNLI,Ms.Heb.8333.96,MS0972JerusalemNLI.Heb8333_96.IEDC0091-per1,NULL,NULL,NULL,NULL,NULL,القدس,NULL,NULL,NULL,per,OpenITI manuscript/document transcription; physical-image rights not inferred.,OpenITI transcription CC BY-NC-SA 4.0; source image/catalog rights separate.,https://kitab-project.org/docs/openITI,TRANSCRIPTION_ALLOWED_BY_LICENSE,NONCOMMERCIAL_BY_NC_SA_ONLY,OpenITI/KITAB + source institution,NULL,False,NEEDS_ITEM_LEVEL_REVIEW,OpenITI 2025.1.9
MS0972JerusalemNLI.Heb8333_97.IEDC0090-per1,NULL,المكتبة الوطنية الاسرائيلية,MS0972JerusalemNLI,Ms.Heb.8333.97,MS0972JerusalemNLI.Heb8333_97.IEDC0090-per1,NULL,NULL,NULL,NULL,NULL,القدس,NULL,NULL,NULL,per,OpenITI manuscript/document transcription; physical-image rights not inferred.,OpenITI transcription CC BY-NC-SA 4.0; source image/catalog rights separate.,https://kitab-project.org/docs/openITI,TRANSCRIPTION_ALLOWED_BY_LICENSE,NONCOMMERCIAL_BY_NC_SA_ONLY,OpenITI/KITAB + source institution,NULL,False,NEEDS_ITEM_LEVEL_REVIEW,OpenITI 2025.1.9
MS0972JerusalemNLI.Heb8333_98.IEDC0227-per1,NULL,المكتبة الوطنية الاسرائيلية,MS0972JerusalemNLI,Ms.Heb.8333.98,MS0972JerusalemNLI.Heb8333_98.IEDC0227-per1,NULL,NULL,NULL,NULL,NULL,القدس,NULL,NULL,NULL,per,OpenITI manuscript/document transcription; physical-image rights not inferred.,OpenITI transcription CC BY-NC-SA 4.0; source image/catalog rights separate.,https://kitab-project.org/docs/openITI,TRANSCRIPTION_ALLOWED_BY_LICENSE,NONCOMMERCIAL_BY_NC_SA_ONLY,OpenITI/KITAB + source institution,NULL,False,NEEDS_ITEM_LEVEL_REVIEW,OpenITI 2025.1.9
MS0972JerusalemNLI.Heb8333_99.IEDC0083-per1,NULL,المكتبة الوطنية الاسرائيلية,MS0972JerusalemNLI,Ms.Heb.8333.99,MS0972JerusalemNLI.Heb8333_99.IEDC0083-per1,NULL,NULL,NULL,NULL,NULL,القدس,NULL,NULL,NULL,per,OpenITI manuscript/document transcription; physical-image rights not inferred.,OpenITI transcription CC BY-NC-SA 4.0; source image/catalog rights separate.,https://kitab-project.org/docs/openITI,TRANSCRIPTION_ALLOWED_BY_LICENSE,NONCOMMERCIAL_BY_NC_SA_ONLY,OpenITI/KITAB + source institution,NULL,False,NEEDS_ITEM_LEVEL_REVIEW,OpenITI 2025.1.9
princeton_ark_88435_hx11xf31p,NULL,Princeton University Library,Manuscripts of the Islamic World / Robert Garrett,Garrett no. 2213Y,الجمع بين الصحيحين / al-Jamʻ bayna al-Ṣaḥīḥayn,https://dpul.princeton.edu/Garrettcollections/catalog/hx11xf31p,https://dpul.princeton.edu/Garrettcollections/catalog/hx11xf31p,UNVERIFIED_EXACT_MANIFEST_URL,138 leaves,1200-1299 CE,NULL,NULL,paper,naskh,Arabic,Incomplete manuscript collection of traditions compiled from Sahih Muslim and Sahih al-Bukhari.,Provider label: No Known Copyright,https://dpul.princeton.edu/Garrettcollections/catalog/hx11xf31p,DOWNLOAD_REQUIRES_LICENSE_REVIEW,UNVERIFIED,Princeton University Library,IIIF-capable platform,UNVERIFIED,NEEDS_ITEM_LEVEL_REVIEW,Princeton Digital PUL
bl_or_16915,NULL,British Library,Archives and Manuscripts,Or 16915,Or 16915 Arabic manuscript record,https://searcharchives.bl.uk/catalog/032-001608370,https://iiif.bl.uk/uv/#?manifest=https://bl.digirati.io/iiif/ark:/81055/vdc_100188907154.0x000001,https://bl.digirati.io/iiif/ark:/81055/vdc_100188907154.0x000001,255 folios,1819-1840 CE,NULL,NULL,NULL,Arabic,Arabic,Digitized Arabic manuscript record with IIIF manifest.,No blanket image reuse right established in this pass.,NULL,DOWNLOAD_REQUIRES_LICENSE_REVIEW,FALSE,British Library,IIIF,UNVERIFIED,NEEDS_ITEM_LEVEL_REVIEW,British Library
