person_id,canonical_name_ar,canonical_name_en,kunya,nisba,known_as,birth_year_hijri,death_year_hijri,birth_year_ce,death_year_ce,era,region,roles,schools,teachers,students,works_count,authority_ids,wikidata_id,viaf_id,isni_id,openiti_person_id,biography_sources
0001AbuTalibCabdManaf,أبو طالب,Abu Talib Cabd Manaf,NULL,NULL,NULL,NULL,0001,NULL,NULL,NULL,NULL,author,NULL,NULL,NULL,1,NULL,NULL,NULL,NULL,0001AbuTalibCabdManaf,OpenITI 2025.1.9
0001AwsIbnHajar,أوس بن حجر,Aws Ibn Hajar,NULL,NULL,NULL,NULL,0001,NULL,NULL,NULL,NULL,author,NULL,NULL,NULL,1,NULL,NULL,NULL,NULL,0001AwsIbnHajar,OpenITI 2025.1.9
0001CalqamaFahl,علقمة الفحل,Calqama Fahl,NULL,NULL,NULL,NULL,0001,NULL,NULL,NULL,NULL,author,NULL,NULL,NULL,1,NULL,NULL,NULL,NULL,0001CalqamaFahl,OpenITI 2025.1.9
0001CamrIbnKulthum,عمرو بن كلثوم,Camr Ibn Kulthum,NULL,NULL,NULL,NULL,0001,NULL,NULL,NULL,NULL,author,NULL,NULL,NULL,2,NULL,NULL,NULL,NULL,0001CamrIbnKulthum,OpenITI 2025.1.9
0001CamrIbnMalik,عمرو بن مالك,Camr Ibn Malik,NULL,NULL,NULL,NULL,0001,NULL,NULL,NULL,NULL,author,NULL,NULL,NULL,1,NULL,NULL,NULL,NULL,0001CamrIbnMalik,OpenITI 2025.1.9
0001CamrIbnQumaya,عمرو بن قميئة,Camr Ibn Qumaya,NULL,NULL,NULL,NULL,0001,NULL,NULL,NULL,NULL,author,NULL,NULL,NULL,1,NULL,NULL,NULL,NULL,0001CamrIbnQumaya,OpenITI 2025.1.9
0001CantaraIbnShaddad,عنترة بن شداد,Cantara Ibn Shaddad,NULL,NULL,NULL,NULL,0001,NULL,NULL,NULL,NULL,author,NULL,NULL,NULL,2,NULL,NULL,NULL,NULL,0001CantaraIbnShaddad,OpenITI 2025.1.9
0001CurwaIbnWard,عروة بن الورد,Curwa Ibn Ward,NULL,NULL,NULL,NULL,0001,NULL,NULL,NULL,NULL,author,NULL,NULL,NULL,1,NULL,NULL,NULL,NULL,0001CurwaIbnWard,OpenITI 2025.1.9
0001HajibIbnMudallil,حاجب بن حبيب,Hajib Ibn Mudallil,NULL,NULL,NULL,NULL,0001,NULL,NULL,NULL,NULL,author,NULL,NULL,NULL,1,NULL,NULL,NULL,NULL,0001HajibIbnMudallil,OpenITI 2025.1.9
0001HarithIbnHilliza,الحارث بن حلزة,Harith Ibn Hilliza,NULL,NULL,NULL,NULL,0001,NULL,NULL,NULL,NULL,author,NULL,NULL,NULL,2,NULL,NULL,NULL,NULL,0001HarithIbnHilliza,OpenITI 2025.1.9
0001HatimTai,حاتم الطائي,Hatim Tai,NULL,NULL,NULL,NULL,0001,NULL,NULL,NULL,NULL,author,NULL,NULL,NULL,1,NULL,NULL,NULL,NULL,0001HatimTai,OpenITI 2025.1.9
0001ImruQaysIbnHujr,امرؤ القيس,Imru Qays Ibn Hujr,NULL,NULL,NULL,NULL,0001,NULL,NULL,NULL,NULL,author,NULL,NULL,NULL,1,NULL,NULL,NULL,NULL,0001ImruQaysIbnHujr,OpenITI 2025.1.9
0001LaqitIbnYacmur,لقيط بن يعمر الإيادي,Laqit Ibn Yacmur,NULL,NULL,NULL,NULL,0001,NULL,NULL,NULL,NULL,author,NULL,NULL,NULL,1,NULL,NULL,NULL,NULL,0001LaqitIbnYacmur,OpenITI 2025.1.9
0001MuhalhilIbnRabica,مهلهل بن ربيعة,Muhalhil Ibn Rabica,NULL,NULL,NULL,NULL,0001,NULL,NULL,NULL,NULL,author,NULL,NULL,NULL,1,NULL,NULL,NULL,NULL,0001MuhalhilIbnRabica,OpenITI 2025.1.9
0001MuthaqqibCabdi,المثقب العبدي,Muthaqqib Cabdi,NULL,NULL,NULL,NULL,0001,NULL,NULL,NULL,NULL,author,NULL,NULL,NULL,1,NULL,NULL,NULL,NULL,0001MuthaqqibCabdi,OpenITI 2025.1.9
0001NabighaDhubyani,النابغة الذبياني,Nabigha Dhubyani,NULL,NULL,NULL,NULL,0001,NULL,NULL,NULL,NULL,author,NULL,NULL,NULL,1,NULL,NULL,NULL,NULL,0001NabighaDhubyani,OpenITI 2025.1.9
0001QaysIbnKhatim,قيس بن الخطيم,Qays Ibn Khatim,NULL,NULL,NULL,NULL,0001,NULL,NULL,NULL,NULL,author,NULL,NULL,NULL,1,NULL,NULL,NULL,NULL,0001QaysIbnKhatim,OpenITI 2025.1.9
0001Quran,القرآن,Quran,NULL,NULL,al-Qurʾān,NULL,0001,NULL,NULL,NULL,NULL,author,NULL,NULL,NULL,1,NULL,NULL,NULL,NULL,0001Quran,OpenITI 2025.1.9
0001SalamaIbnJandal,سلامة بن جندل,Salama Ibn Jandal,NULL,NULL,NULL,NULL,0001,NULL,NULL,NULL,NULL,author,NULL,NULL,NULL,1,NULL,NULL,NULL,NULL,0001SalamaIbnJandal,OpenITI 2025.1.9
0001SamawalIbnCadiya,السموأل,Samawal Ibn Cadiya,NULL,NULL,NULL,NULL,0001,NULL,NULL,NULL,NULL,author,NULL,NULL,NULL,1,NULL,NULL,NULL,NULL,0001SamawalIbnCadiya,OpenITI 2025.1.9
0001Shanfara,الشنفرى,Shanfara,NULL,NULL,NULL,NULL,0001,NULL,NULL,NULL,NULL,author,NULL,NULL,NULL,1,NULL,NULL,NULL,NULL,0001Shanfara,OpenITI 2025.1.9
0001SulaykIbnSulaka,السليك بن عمرو,Sulayk Ibn Sulaka,NULL,NULL,NULL,NULL,0001,NULL,NULL,NULL,NULL,author,NULL,NULL,NULL,1,NULL,NULL,NULL,NULL,0001SulaykIbnSulaka,OpenITI 2025.1.9
0001TaabbataSharran,ثابت بن جابر,Taabbata Sharran,NULL,NULL,NULL,NULL,0001,NULL,NULL,NULL,NULL,author,NULL,NULL,NULL,1,NULL,NULL,NULL,NULL,0001TaabbataSharran,OpenITI 2025.1.9
0001TarafaIbnCabd,طرفة بن العبد,Tarafa Ibn Cabd,NULL,NULL,NULL,NULL,0001,NULL,NULL,NULL,NULL,author,NULL,NULL,NULL,1,NULL,NULL,NULL,NULL,0001TarafaIbnCabd,OpenITI 2025.1.9
0001TufaylGhanawi,طفيل الغنوي,Tufayl Ghanawi,NULL,NULL,NULL,NULL,0001,NULL,NULL,NULL,NULL,author,NULL,NULL,NULL,1,NULL,NULL,NULL,NULL,0001TufaylGhanawi,OpenITI 2025.1.9
0001ZuhayrIbnAbiSulma,زهير بن أبي سلمى,Zuhayr Ibn Abi Sulma,NULL,NULL,NULL,NULL,0001,NULL,NULL,NULL,NULL,author,NULL,NULL,NULL,2,NULL,NULL,NULL,NULL,0001ZuhayrIbnAbiSulma,OpenITI 2025.1.9
0005Hadira,الحادرة,Hadira,NULL,NULL,NULL,NULL,0005,NULL,NULL,NULL,NULL,author,NULL,NULL,NULL,1,NULL,NULL,NULL,NULL,0005Hadira,OpenITI 2025.1.9
0007MaymunIbnQaysAcsha,الأعشى,Maymun Ibn Qays Acsha,NULL,NULL,NULL,NULL,0007,NULL,NULL,NULL,NULL,author,NULL,NULL,NULL,1,NULL,NULL,NULL,NULL,0007MaymunIbnQaysAcsha,OpenITI 2025.1.9
0011CamirIbnTufayl,عامر بن الطفيل,Camir Ibn Tufayl,NULL,NULL,NULL,NULL,0011,NULL,NULL,NULL,NULL,author,NULL,NULL,NULL,1,NULL,NULL,NULL,NULL,0011CamirIbnTufayl,OpenITI 2025.1.9
0021CamrZubaydi,عمرو بن معدي كرب,Camr Zubaydi,NULL,NULL,NULL,NULL,0021,NULL,NULL,NULL,NULL,author,NULL,NULL,NULL,1,NULL,NULL,NULL,NULL,0021CamrZubaydi,OpenITI 2025.1.9
0022ShammakhIbnDirar,الشماخ بن ضرار,Shammakh Ibn Dirar,NULL,NULL,NULL,NULL,0022,NULL,NULL,NULL,NULL,author,NULL,NULL,NULL,1,NULL,NULL,NULL,NULL,0022ShammakhIbnDirar,OpenITI 2025.1.9
0024TumadirBinCamrKhansa,الخنساء,Tumadir Bin Camr Khansa,NULL,NULL,NULL,NULL,0024,NULL,NULL,NULL,NULL,author,NULL,NULL,NULL,1,NULL,NULL,NULL,NULL,0024TumadirBinCamrKhansa,OpenITI 2025.1.9
0026KacbIbnZuhayr,كعب بن زهير,Kacb Ibn Zuhayr,NULL,NULL,NULL,NULL,0026,NULL,NULL,NULL,NULL,author,NULL,NULL,NULL,1,NULL,NULL,NULL,NULL,0026KacbIbnZuhayr,OpenITI 2025.1.9
0030CurwaIbnHizam,عروة بن حزام,Curwa Ibn Hizam,NULL,NULL,NULL,NULL,0030,NULL,NULL,NULL,NULL,author,NULL,NULL,NULL,1,NULL,NULL,NULL,NULL,0030CurwaIbnHizam,OpenITI 2025.1.9
0037IbnMuqbil,ابن مقبل,Ibn Muqbil,NULL,NULL,NULL,NULL,0037,NULL,NULL,NULL,NULL,author,NULL,NULL,NULL,1,NULL,NULL,NULL,NULL,0037IbnMuqbil,OpenITI 2025.1.9
0040CaliIbnAbiTalib,علي بن أبي طالب,Cali Ibn Abi Talib,NULL,NULL,NULL,NULL,0040,NULL,NULL,NULL,NULL,author,NULL,NULL,NULL,1,NULL,NULL,NULL,NULL,0040CaliIbnAbiTalib,OpenITI 2025.1.9
0041LabidIbnRabica,لبيد بن ربيعة العامري,Labid Ibn Rabica,NULL,NULL,NULL,NULL,0041,NULL,NULL,NULL,NULL,author,NULL,NULL,NULL,2,NULL,NULL,NULL,NULL,0041LabidIbnRabica,OpenITI 2025.1.9
0045JarwalIbnAwsHutaya,الحطيئة,Jarwal Ibn Aws Hutaya,NULL,NULL,NULL,NULL,0045,NULL,NULL,NULL,NULL,author,NULL,NULL,NULL,1,NULL,NULL,NULL,NULL,0045JarwalIbnAwsHutaya,OpenITI 2025.1.9
0050KhirniqBintBadr,الخرنق بنت بدر,Khirniq Bint Badr,NULL,NULL,NULL,NULL,0050,NULL,NULL,NULL,NULL,author,NULL,NULL,NULL,1,NULL,NULL,NULL,NULL,0050KhirniqBintBadr,OpenITI 2025.1.9
0054HassanIbnThabit,حسان بن ثابت,Hassan Ibn Thabit,NULL,NULL,NULL,NULL,0054,NULL,NULL,NULL,NULL,author,NULL,NULL,NULL,1,NULL,NULL,NULL,NULL,0054HassanIbnThabit,OpenITI 2025.1.9
0060MucawiyaIbnAbiSufyan,معاوية بن أبي سفيان,Mucawiya Ibn Abi Sufyan,NULL,NULL,NULL,NULL,0060,NULL,NULL,NULL,NULL,author,NULL,NULL,NULL,1,NULL,NULL,NULL,NULL,0060MucawiyaIbnAbiSufyan,OpenITI 2025.1.9
0060SuwaydIbnAbiKahil,ابن أبي كاهل,Suwayd Ibn Abi Kahil,NULL,NULL,NULL,NULL,0060,NULL,NULL,NULL,NULL,author,NULL,NULL,NULL,1,NULL,NULL,NULL,NULL,0060SuwaydIbnAbiKahil,OpenITI 2025.1.9
0063AbuDihbilJumahi,أبو دهبل الجمحي,Abu Dihbil Jumahi,NULL,NULL,NULL,NULL,0063,NULL,NULL,NULL,NULL,author,NULL,NULL,NULL,1,NULL,NULL,NULL,NULL,0063AbuDihbilJumahi,OpenITI 2025.1.9
0068CabdAllahIbnCabbas,عن الصحابي عبد الله بن عباس بن عبد المطلب القرشي الهاشمي، أبو العباس (المتوفى: 68هـ) - رضي الله عنهما,Cabd Allah Ibn Cabbas,NULL,NULL,NULL,NULL,0068,NULL,NULL,NULL,NULL,author,NULL,NULL,NULL,1,NULL,NULL,NULL,NULL,0068CabdAllahIbnCabbas,OpenITI 2025.1.9
0068QaysIbnDharihLubna,قيس لبنى,Qays Ibn Dharih Lubna,NULL,NULL,NULL,NULL,0068,NULL,NULL,NULL,NULL,author,NULL,NULL,NULL,1,NULL,NULL,NULL,NULL,0068QaysIbnDharihLubna,OpenITI 2025.1.9
0068QaysMajnunLayla,مجنون ليلى,Qays Majnun Layla,NULL,NULL,NULL,NULL,0068,NULL,NULL,NULL,NULL,author,NULL,NULL,NULL,1,NULL,NULL,NULL,NULL,0068QaysMajnunLayla,OpenITI 2025.1.9
0080LaylaAkhyaliyya,ليلى الأخيلية,Layla Akhyaliyya,NULL,NULL,NULL,NULL,0080,NULL,NULL,NULL,NULL,author,NULL,NULL,NULL,1,NULL,NULL,NULL,NULL,0080LaylaAkhyaliyya,OpenITI 2025.1.9
0080UqayshirAsadi,الأقيشر السعدي,Uqayshir Asadi,NULL,NULL,NULL,NULL,0080,NULL,NULL,NULL,NULL,author,NULL,NULL,NULL,1,NULL,NULL,NULL,NULL,0080UqayshirAsadi,OpenITI 2025.1.9
0082JamilButhayna,جميل بثينة,Jamil Buthayna,NULL,NULL,NULL,NULL,0082,NULL,NULL,NULL,NULL,author,NULL,NULL,NULL,1,NULL,NULL,NULL,NULL,0082JamilButhayna,OpenITI 2025.1.9
0085SulaymIbnQaysHilali,تحقيق محمد باقر الأنصاري,Sulaym Ibn Qays Hilali,NULL,NULL,NULL,NULL,0085,NULL,NULL,NULL,NULL,author,NULL,NULL,NULL,1,NULL,NULL,NULL,NULL,0085SulaymIbnQaysHilali,OpenITI 2025.1.9
0090AkhtalShacir,الأخطل,Akhtal Shacir,NULL,NULL,NULL,NULL,0090,NULL,NULL,NULL,NULL,author,NULL,NULL,NULL,1,NULL,NULL,NULL,NULL,0090AkhtalShacir,OpenITI 2025.1.9
0090RaciNumayriShacir,الراعي النميري,Raci Numayri Shacir,NULL,NULL,NULL,NULL,0090,NULL,NULL,NULL,NULL,author,NULL,NULL,NULL,1,NULL,NULL,NULL,NULL,0090RaciNumayriShacir,OpenITI 2025.1.9
0090WaddahYaman,وضاح اليمن,Waddah Yaman,NULL,NULL,NULL,NULL,0090,NULL,NULL,NULL,NULL,author,NULL,NULL,NULL,1,NULL,NULL,NULL,NULL,0090WaddahYaman,OpenITI 2025.1.9
0093IbnAbiRabica,عمر ابن أبي ربيعة,Ibn Abi Rabica,NULL,NULL,NULL,NULL,0093,NULL,NULL,NULL,NULL,author,NULL,NULL,NULL,1,NULL,NULL,NULL,NULL,0093IbnAbiRabica,OpenITI 2025.1.9
0095CadiIbnRiqac,عدي بن الرقاع,Cadi Ibn Riqac,NULL,NULL,NULL,NULL,0095,NULL,NULL,NULL,NULL,author,NULL,NULL,NULL,1,NULL,NULL,NULL,NULL,0095CadiIbnRiqac,OpenITI 2025.1.9
0104MujahidIbnJabr,مجاهد,Mujahid Ibn Jabr,NULL,NULL,NULL,NULL,0104,NULL,NULL,NULL,NULL,author,NULL,NULL,NULL,1,NULL,NULL,NULL,NULL,0104MujahidIbnJabr,OpenITI 2025.1.9
0105AhwasAnsari,الأحوص,Ahwas Ansari,NULL,NULL,NULL,NULL,0105,NULL,NULL,NULL,NULL,author,NULL,NULL,NULL,1,NULL,NULL,NULL,NULL,0105AhwasAnsari,OpenITI 2025.1.9
0105KuthayyirCazza,كثير عزة,Kuthayyir Cazza,NULL,NULL,NULL,NULL,0105,NULL,NULL,NULL,NULL,author,NULL,NULL,NULL,1,NULL,NULL,NULL,NULL,0105KuthayyirCazza,OpenITI 2025.1.9
0110Farazdaq,الفرزدق,Farazdaq,NULL,NULL,NULL,NULL,0110,NULL,NULL,NULL,NULL,author,NULL,NULL,NULL,1,NULL,NULL,NULL,NULL,0110Farazdaq,OpenITI 2025.1.9
0110HasanBasri,الحسن البصري,Hasan Basri,NULL,NULL,al-Ḥasan al-Baṣrī,NULL,0110,NULL,NULL,NULL,NULL,author,NULL,NULL,NULL,2,NULL,NULL,NULL,NULL,0110HasanBasri,OpenITI 2025.1.9
0110IbnSirin,ابن سيرين,Ibn Sirin,NULL,NULL,NULL,NULL,0110,NULL,NULL,NULL,NULL,author,NULL,NULL,NULL,1,NULL,NULL,NULL,NULL,0110IbnSirin,OpenITI 2025.1.9
0110JarirShacir,جرير,Jarir Shacir,NULL,NULL,NULL,NULL,0110,NULL,NULL,NULL,NULL,author,NULL,NULL,NULL,1,NULL,NULL,NULL,NULL,0110JarirShacir,OpenITI 2025.1.9
0117DhuRumma,ذو الرمة,Dhu Rumma,NULL,NULL,NULL,NULL,0117,NULL,NULL,NULL,NULL,author,NULL,NULL,NULL,1,NULL,NULL,NULL,NULL,0117DhuRumma,OpenITI 2025.1.9
0117IbnDicamaSadusi,قتادة بن دعامة بن قتادة السدوسي أبو الخطاب,Ibn Dicama Sadusi,NULL,NULL,NULL,NULL,0117,NULL,NULL,NULL,NULL,author,NULL,NULL,NULL,1,NULL,NULL,NULL,NULL,0117IbnDicamaSadusi,OpenITI 2025.1.9
0122ZaydIbnCali,زيد بن علي بن الحسين بن علي بن أبي طالب,Zayd Ibn Cali,NULL,NULL,NULL,NULL,0122,NULL,NULL,NULL,NULL,author,NULL,NULL,NULL,4,NULL,NULL,NULL,NULL,0122ZaydIbnCali,OpenITI 2025.1.9
0124IbnShihabZuhri,ابن شهاب الزهري,Ibn Shihab Zuhri,NULL,NULL,NULL,NULL,0124,NULL,NULL,NULL,NULL,author,NULL,NULL,NULL,1,NULL,NULL,NULL,NULL,0124IbnShihabZuhri,OpenITI 2025.1.9
0125NabighaShaybani,النابغة الشيباني,Nabigha Shaybani,NULL,NULL,NULL,NULL,0125,NULL,NULL,NULL,NULL,author,NULL,NULL,NULL,1,NULL,NULL,NULL,NULL,0125NabighaShaybani,OpenITI 2025.1.9
0125Tirimmah,الطرماح,Tirimmah,NULL,NULL,NULL,NULL,0125,NULL,NULL,NULL,NULL,author,NULL,NULL,NULL,1,NULL,NULL,NULL,NULL,0125Tirimmah,OpenITI 2025.1.9
0126KumaytIbnZaydAsadi,كميت بن زيد الأسدي,Kumayt Ibn Zayd Asadi,NULL,NULL,NULL,NULL,0126,NULL,NULL,NULL,NULL,author,NULL,NULL,NULL,1,NULL,NULL,NULL,NULL,0126KumaytIbnZaydAsadi,OpenITI 2025.1.9
0128IbnAbiHabibMisri,يزيد بن أبى حبيب سويد الأزدى أبو رجاء المصرى مولى شريك بن الطفيل الأزدى (المتوفى: 128هـ),Ibn Abi Habib Misri,NULL,NULL,NULL,NULL,0128,NULL,NULL,NULL,NULL,author,NULL,NULL,NULL,1,NULL,NULL,NULL,NULL,0128IbnAbiHabibMisri,OpenITI 2025.1.9
0130CurwaIbnUdhayna,عروة بن أذينة,Curwa Ibn Udhayna,NULL,NULL,NULL,NULL,0130,NULL,NULL,NULL,NULL,author,NULL,NULL,NULL,1,NULL,NULL,NULL,NULL,0130CurwaIbnUdhayna,OpenITI 2025.1.9
0130IbnBashirKhariji,محمد بن بشير الخارجي,Ibn Bashir Khariji,NULL,NULL,NULL,NULL,0130,NULL,NULL,NULL,NULL,author,NULL,NULL,NULL,1,NULL,NULL,NULL,NULL,0130IbnBashirKhariji,OpenITI 2025.1.9
0131ZubayrHamdani,الزبير بن عدي أبو عدي الهمداني اليامي الكوفي، قاضي الري (المتوفى: 131هـ),Zubayr Hamdani,NULL,NULL,NULL,NULL,0131,NULL,NULL,NULL,NULL,author,NULL,NULL,NULL,1,NULL,NULL,NULL,NULL,0131ZubayrHamdani,OpenITI 2025.1.9
0132HammamIbnMunabbih,همام بن منبه,Hammam Ibn Munabbih,NULL,NULL,NULL,NULL,0132,NULL,NULL,NULL,NULL,author,NULL,NULL,NULL,1,NULL,NULL,NULL,NULL,0132HammamIbnMunabbih,OpenITI 2025.1.9
0139IbnMuqaffac,ابن المقفع,Ibn Muqaffac,NULL,NULL,NULL,NULL,0139,NULL,NULL,NULL,NULL,author,NULL,NULL,NULL,3,NULL,NULL,NULL,NULL,0139IbnMuqaffac,OpenITI 2025.1.9
0141MusaIbnCuqba,موسى بن عقبة بن أبي عياش الأسدي بالولاء، أبو محمد، مولى آل الزبير (المتوفى: 141هـ),Musa Ibn Cuqba,NULL,NULL,NULL,NULL,0141,NULL,NULL,NULL,NULL,author,NULL,NULL,NULL,1,NULL,NULL,NULL,NULL,0141MusaIbnCuqba,OpenITI 2025.1.9
0145MufaddalIbnCumarJucfi,المفضل بن عمر الجعفي,Mufaddal Ibn Cumar Jucfi,NULL,NULL,al-Mufaḍḍal b. ʿUmar al-Juʿfī,NULL,0145,NULL,NULL,NULL,NULL,author,NULL,NULL,NULL,1,NULL,NULL,NULL,NULL,0145MufaddalIbnCumarJucfi,OpenITI 2025.1.9
0146MujacaIbnZubayr,مجاعة بن الزبير البصري (المتوفى: 146هـ),Mujaca Ibn Zubayr,NULL,NULL,NULL,NULL,0146,NULL,NULL,NULL,NULL,author,NULL,NULL,NULL,1,NULL,NULL,NULL,NULL,0146MujacaIbnZubayr,OpenITI 2025.1.9
0148AbuHamzaThumali,أبو حمزة الثمالي,Abu Hamza Thumali,NULL,NULL,NULL,NULL,0148,NULL,NULL,NULL,NULL,author,NULL,NULL,NULL,1,NULL,NULL,NULL,NULL,0148AbuHamzaThumali,OpenITI 2025.1.9
0148JacfarSadiq,المنسوب للإمام الصادق (ع),Jacfar Sadiq,NULL,NULL,NULL,NULL,0148,NULL,NULL,NULL,NULL,author,NULL,NULL,NULL,1,NULL,NULL,NULL,NULL,0148JacfarSadiq,OpenITI 2025.1.9
0150AbuHanifa,أبو حنيفة,Abu Hanifa,NULL,NULL,Abū Ḥanīfaŧ,NULL,0150,NULL,NULL,NULL,NULL,author,NULL,NULL,NULL,4,NULL,NULL,NULL,NULL,0150AbuHanifa,OpenITI 2025.1.9
0150IbnJurayj,أبو الوليد و أبو خالد عبد الملك بن عبد العزيز بن جريج القرشي الأموي المكي (المتوفى : 150هـ),Ibn Jurayj,NULL,NULL,NULL,NULL,0150,NULL,NULL,NULL,NULL,author,NULL,NULL,NULL,1,NULL,NULL,NULL,NULL,0150IbnJurayj,OpenITI 2025.1.9
0150MuqatilIbnSulayman,أبو الحسن مقاتل بن سليمان بن بشير الأزدي بالولاء البلخي,Muqatil Ibn Sulayman,NULL,NULL,NULL,NULL,0150,NULL,NULL,NULL,NULL,author,NULL,NULL,NULL,1,NULL,NULL,NULL,NULL,0150MuqatilIbnSulayman,OpenITI 2025.1.9
0150SalihIbnJinahLakhmi,صالح بن جناح,Salih Ibn Jinah Lakhmi,NULL,NULL,NULL,NULL,0150,NULL,NULL,NULL,NULL,author,NULL,NULL,NULL,1,NULL,NULL,NULL,NULL,0150SalihIbnJinahLakhmi,OpenITI 2025.1.9
0151IbnIshaq,ابن اسحاق,Ibn Ishaq,NULL,NULL,åbn Isḥāq,NULL,0151,NULL,NULL,NULL,NULL,author,NULL,NULL,NULL,1,NULL,NULL,NULL,NULL,0151IbnIshaq,OpenITI 2025.1.9
0151MacmarIbnRashid,معمر بن راشد الأزدي,Macmar Ibn Rashid,NULL,NULL,NULL,NULL,0151,NULL,NULL,NULL,NULL,author,NULL,NULL,NULL,1,NULL,NULL,NULL,NULL,0151MacmarIbnRashid,OpenITI 2025.1.9
0156IbnAbiCuruba,أبو النضر سعيد بن أبي عروبة: مهران العدوي ـ ولاء ـ البصري (المتوفى : 156هـ),Ibn Abi Curuba,NULL,NULL,NULL,NULL,0156,NULL,NULL,NULL,NULL,author,NULL,NULL,NULL,1,NULL,NULL,NULL,NULL,0156IbnAbiCuruba,OpenITI 2025.1.9
0157AbuMikhnafAzdi,أبو مخنف الأزدي,Abu Mikhnaf Azdi,NULL,NULL,NULL,NULL,0157,NULL,NULL,NULL,NULL,author,NULL,NULL,NULL,2,NULL,NULL,NULL,NULL,0157AbuMikhnafAzdi,OpenITI 2025.1.9
0161SufyanThawri,سفيان الثوري,Sufyan Thawri,NULL,NULL,Sufyān al-Ṯawrī,NULL,0161,NULL,NULL,NULL,NULL,author,NULL,NULL,NULL,3,NULL,NULL,NULL,NULL,0161SufyanThawri,OpenITI 2025.1.9
0164MajishunMadani,أبو عبد الله، وأبو الأصبغ الماجشون عبد العزيز بن عبد الله التيمي ابن أبي سلمة ميمون - وقيل: دينار - التيمي مولاهم، المدني (المتوفى: 164هـ),Majishun Madani,NULL,NULL,NULL,NULL,0164,NULL,NULL,NULL,NULL,author,NULL,NULL,NULL,1,NULL,NULL,NULL,NULL,0164MajishunMadani,OpenITI 2025.1.9
0167BashsharIbnBurdShacir,بشار بن برد,Bashshar Ibn Burd Shacir,NULL,NULL,NULL,NULL,0167,NULL,NULL,NULL,NULL,author,NULL,NULL,NULL,1,NULL,NULL,NULL,NULL,0167BashsharIbnBurdShacir,OpenITI 2025.1.9
0167SariIbnYahyaBasri,السرى بن يحيى بن إياس بن حرملة بن إياس الشيبانى المحلمى، أبو الهيثم، ويقال أبو يحيى، البصرى (المتوفى: 167هـ),Sari Ibn Yahya Basri,NULL,NULL,NULL,NULL,0167,NULL,NULL,NULL,NULL,author,NULL,NULL,NULL,1,NULL,NULL,NULL,NULL,0167SariIbnYahyaBasri,OpenITI 2025.1.9
0168IbnTahman,ابن طهمان,Ibn Tahman,NULL,NULL,NULL,NULL,0168,NULL,NULL,NULL,NULL,author,NULL,NULL,NULL,1,NULL,NULL,NULL,NULL,0168IbnTahman,OpenITI 2025.1.9
0168MufaddalDabbi,المفضل بن محمد بن يعلى بن سالم الضبي (المتوفى : نحو 168هـ),Mufaddal Dabbi,NULL,NULL,NULL,NULL,0168,NULL,NULL,NULL,NULL,author,NULL,NULL,NULL,2,NULL,NULL,NULL,NULL,0168MufaddalDabbi,OpenITI 2025.1.9
0170AbuZaydQurashi,أبو زيد القرشي,Abu Zayd Qurashi,NULL,NULL,NULL,NULL,0170,NULL,NULL,NULL,NULL,author,NULL,NULL,NULL,1,NULL,NULL,NULL,NULL,0170AbuZaydQurashi,OpenITI 2025.1.9
0170KhalilFarahidi,خليل الفراهيدي,Khalil Farahidi,NULL,NULL,Ḫalīl al-Farāhīdī,NULL,0170,NULL,NULL,NULL,NULL,author,NULL,NULL,NULL,2,NULL,NULL,NULL,NULL,0170KhalilFarahidi,OpenITI 2025.1.9
0170RabicIbnHabibAzdi,الربيع بن حبيب بن عمر الأزدي البصري (المتوفى حوالي سنة: 170ه),Rabic Ibn Habib Azdi,NULL,NULL,NULL,NULL,0170,NULL,NULL,NULL,NULL,author,NULL,NULL,NULL,1,NULL,NULL,NULL,NULL,0170RabicIbnHabibAzdi,OpenITI 2025.1.9
0173SayyidHimyari,"إسماعيل بن محمد بن يزيد بن ربيعة بن مفرع الحميري. لقبه "" السيد "" وكنيته "" أبو هاشم "" وجده "" يزيد بن ربيعة """,Sayyid Himyari,NULL,NULL,NULL,NULL,0173,NULL,NULL,NULL,NULL,author,NULL,NULL,NULL,1,NULL,NULL,NULL,NULL,0173SayyidHimyari,OpenITI 2025.1.9
0175Anonymous,مترجم مجهول,Anonymous,NULL,NULL,NULL,NULL,0175,NULL,NULL,NULL,NULL,author,NULL,NULL,NULL,1,NULL,NULL,NULL,NULL,0175Anonymous,OpenITI 2025.1.9
0175LaythIbnSacd,أبو الحارث الليث بن سعد بن عبد الرحمن الفهمي المصري (المتوفى: 175هـ),Layth Ibn Sacd,NULL,NULL,NULL,NULL,0175,NULL,NULL,NULL,NULL,author,NULL,NULL,NULL,3,NULL,NULL,NULL,NULL,0175LaythIbnSacd,OpenITI 2025.1.9
0179MalikIbnAnas,مالك بن أنس,Malik Ibn Anas,NULL,NULL,Mālik b. Anas,NULL,0179,NULL,NULL,NULL,NULL,author,NULL,NULL,NULL,2,NULL,NULL,NULL,NULL,0179MalikIbnAnas,OpenITI 2025.1.9
0180AbuShamaqmaq,أبو الشمقمق,Abu Shamaqmaq,NULL,NULL,NULL,NULL,0180,NULL,NULL,NULL,NULL,author,NULL,NULL,NULL,1,NULL,NULL,NULL,NULL,0180AbuShamaqmaq,OpenITI 2025.1.9
0180IbnJacfarAnsari,أبو إسحاق إسماعيل بن جعفر بن أبي كثير الأنصاري الزرقي المدني (المتوفى : 180هـ),Ibn Jacfar Ansari,NULL,NULL,NULL,NULL,0180,NULL,NULL,NULL,NULL,author,NULL,NULL,NULL,1,NULL,NULL,NULL,NULL,0180IbnJacfarAnsari,OpenITI 2025.1.9
0180Sibawayhi,سيبويه,Sibawayhi,NULL,NULL,Sībawayhi,NULL,0180,NULL,NULL,NULL,NULL,author,NULL,NULL,NULL,1,NULL,NULL,NULL,NULL,0180Sibawayhi,OpenITI 2025.1.9
0181IbnMubarak,ابن مبارك,Ibn Mubarak,NULL,NULL,Ibn Mubārak,NULL,0181,NULL,NULL,NULL,NULL,author,NULL,NULL,NULL,5,NULL,NULL,NULL,NULL,0181IbnMubarak,OpenITI 2025.1.9
0182AbuYusufYacqub,أبو يوسف,Abu Yusuf Yacqub,NULL,NULL,Abū Yūsuf,NULL,0182,NULL,NULL,NULL,NULL,author,NULL,NULL,NULL,4,NULL,NULL,NULL,NULL,0182AbuYusufYacqub,OpenITI 2025.1.9
0182MarwanIbnAbiHafsa,مروان ابن أبي حفصة,Marwan Ibn Abi Hafsa,NULL,NULL,NULL,NULL,0182,NULL,NULL,NULL,NULL,author,NULL,NULL,NULL,1,NULL,NULL,NULL,NULL,0182MarwanIbnAbiHafsa,OpenITI 2025.1.9
0183AbuHayyaNumayri,أبو حية النميري,Abu Hayya Numayri,NULL,NULL,NULL,NULL,0183,NULL,NULL,NULL,NULL,author,NULL,NULL,NULL,1,NULL,NULL,NULL,NULL,0183AbuHayyaNumayri,OpenITI 2025.1.9
0184AbuIshaqZuhri,إبراهيم بن سعد بن إبراهيم بن عبد الرحمن بن عوف، أبو إسحاق الزهري (المتوفى: 184هـ),Abu Ishaq Zuhri,NULL,NULL,NULL,NULL,0184,NULL,NULL,NULL,NULL,author,NULL,NULL,NULL,1,NULL,NULL,NULL,NULL,0184AbuIshaqZuhri,OpenITI 2025.1.9
0185IbnCimranMawsili,أبو مسعود المعافى بن عمران بن نفيل بن جابر الأزدي الموصلي (المتوفى: 185هـ),Ibn Cimran Mawsili,NULL,NULL,NULL,NULL,0185,NULL,NULL,NULL,NULL,author,NULL,NULL,NULL,1,NULL,NULL,NULL,NULL,0185IbnCimranMawsili,OpenITI 2025.1.9
0188IbnMuhammadFazari,أبو إسحاق إبراهيم بن محمد بن الحارث بن أسماء بن خارجة بن حصن الفزاري (المتوفى: 188هـ),Ibn Muhammad Fazari,NULL,NULL,NULL,NULL,0188,NULL,NULL,NULL,NULL,author,NULL,NULL,NULL,1,NULL,NULL,NULL,NULL,0188IbnMuhammadFazari,OpenITI 2025.1.9
0189IbnHamzaKisai,علي بن حمزة بن عبد الله الأسدي بالولاء، الكوفي، أبو الحسن الكسائي (المتوفى: 189هـ),Ibn Hamza Kisai,NULL,NULL,NULL,NULL,0189,NULL,NULL,NULL,NULL,author,NULL,NULL,NULL,1,NULL,NULL,NULL,NULL,0189IbnHamzaKisai,OpenITI 2025.1.9
0189MuhammadShaybani,الشيباني,Muhammad Shaybani,NULL,NULL,al-Šaybānī,NULL,0189,NULL,NULL,NULL,NULL,author,NULL,NULL,NULL,8,NULL,NULL,NULL,NULL,0189MuhammadShaybani,OpenITI 2025.1.9
0191IbnQasimMisri,عبد الرحمن بن القاسم بن خالد بن جنادة العتقي المصري، أبو عبد الله، ويعرف بابن القاسم (المتوفى: 191هـ),Ibn Qasim Misri,NULL,NULL,NULL,NULL,0191,NULL,NULL,NULL,NULL,author,NULL,NULL,NULL,1,NULL,NULL,NULL,NULL,0191IbnQasimMisri,OpenITI 2025.1.9
0192IbnAhnaf,أبو الفضل بن الأحنف,Ibn Ahnaf,NULL,NULL,NULL,NULL,0192,NULL,NULL,NULL,NULL,author,NULL,NULL,NULL,1,NULL,NULL,NULL,NULL,0192IbnAhnaf,OpenITI 2025.1.9
0195IbnFudaylDabbi,أبو عبد الرحمن محمد بن فضيل بن غزوان الضبي,Ibn Fudayl Dabbi,NULL,NULL,NULL,NULL,0195,NULL,NULL,NULL,NULL,author,NULL,NULL,NULL,1,NULL,NULL,NULL,NULL,0195IbnFudaylDabbi,OpenITI 2025.1.9
0195MuarrijSadusi,أبو فيد مؤرج بن عمرو السدوسي (المتوفى : 195هـ),Muarrij Sadusi,NULL,NULL,NULL,NULL,0195,NULL,NULL,NULL,NULL,author,NULL,NULL,NULL,2,NULL,NULL,NULL,NULL,0195MuarrijSadusi,OpenITI 2025.1.9
0197IbnWahbQurashi,عبد الله بن وهب بن مسلم القرشي أبو محمد المصري,Ibn Wahb Qurashi,NULL,NULL,NULL,NULL,0197,NULL,NULL,NULL,NULL,author,NULL,NULL,NULL,7,NULL,NULL,NULL,NULL,0197IbnWahbQurashi,OpenITI 2025.1.9
0197WakicIbnJarrah,وكيع بن الجراح,Wakic Ibn Jarrah,NULL,NULL,NULL,NULL,0197,NULL,NULL,NULL,NULL,author,NULL,NULL,NULL,2,NULL,NULL,NULL,NULL,0197WakicIbnJarrah,OpenITI 2025.1.9
0198AbuNuwasShacir,أبو نواس,Abu Nuwas Shacir,NULL,NULL,NULL,NULL,0198,NULL,NULL,NULL,NULL,author,NULL,NULL,NULL,1,NULL,NULL,NULL,NULL,0198AbuNuwasShacir,OpenITI 2025.1.9
0198RabicaRaqqi,ربيعة الرقي,Rabica Raqqi,NULL,NULL,NULL,NULL,0198,NULL,NULL,NULL,NULL,author,NULL,NULL,NULL,1,NULL,NULL,NULL,NULL,0198RabicaRaqqi,OpenITI 2025.1.9
0198SufyanIbnCuyayna,سفيان بن عيينة,Sufyan Ibn Cuyayna,NULL,NULL,Sufyān b. ʿUyaynaŧ,NULL,0198,NULL,NULL,NULL,NULL,author,NULL,NULL,NULL,2,NULL,NULL,NULL,NULL,0198SufyanIbnCuyayna,OpenITI 2025.1.9
0200AbuGhanimKhurasani,أبو غانم الخراساني,Abu Ghanim Khurasani,NULL,NULL,Abū Ġānim al-Ḫurāsānī,NULL,0200,NULL,NULL,NULL,NULL,author,NULL,NULL,NULL,2,NULL,NULL,NULL,NULL,0200AbuGhanimKhurasani,OpenITI 2025.1.9
0200AbuShis,أبو الشيص محمد,Abu Shis,NULL,NULL,NULL,NULL,0200,NULL,NULL,NULL,NULL,author,NULL,NULL,NULL,1,NULL,NULL,NULL,NULL,0200AbuShis,OpenITI 2025.1.9
0200Anonymous,مؤلف مجهول,Anonymous,NULL,NULL,Muʾallif majhūl,NULL,0200,NULL,NULL,NULL,NULL,author,NULL,NULL,NULL,1,NULL,NULL,NULL,NULL,0200Anonymous,OpenITI 2025.1.9
0200IbnJacfarSadiq,ابن الإمام جعفر الصادق (ع),Ibn Jacfar Sadiq,NULL,NULL,NULL,NULL,0200,NULL,NULL,NULL,NULL,author,NULL,NULL,NULL,1,NULL,NULL,NULL,NULL,0200IbnJacfarSadiq,OpenITI 2025.1.9
0200SayfIbnCumar,سيف بن عمر,Sayf Ibn Cumar,NULL,NULL,Sayf b. ʿUmar,NULL,0200,NULL,NULL,NULL,NULL,author,NULL,NULL,NULL,1,NULL,NULL,NULL,NULL,0200SayfIbnCumar,OpenITI 2025.1.9
0200YahyaIbnBitriq,يحيى بن البطريق,Yahya Ibn Bitriq,NULL,NULL,Yaḥyá b. al-Biṭrīq,NULL,0200,NULL,NULL,NULL,NULL,author,NULL,NULL,NULL,4,NULL,NULL,NULL,NULL,0200YahyaIbnBitriq,OpenITI 2025.1.9
0200YahyaIbnSallam,يحيى بن سلام بن أبي ثعلبة، التيمي بالولاء، من تيم ربيعة، البصري ثم الإفريقي القيرواني (المتوفى: 200هـ),Yahya Ibn Sallam,NULL,NULL,NULL,NULL,0200,NULL,NULL,NULL,NULL,author,NULL,NULL,NULL,2,NULL,NULL,NULL,NULL,0200YahyaIbnSallam,OpenITI 2025.1.9
0201CaliIbnCasim,علي بن عاصم,Cali Ibn Casim,NULL,NULL,ʿAlī b. ʿĀṣim,NULL,0201,NULL,NULL,NULL,NULL,author,NULL,NULL,NULL,1,NULL,NULL,NULL,NULL,0201CaliIbnCasim,OpenITI 2025.1.9
0203CaliRida,علي الرضى,Cali Rida,NULL,NULL,ʿAlī al-Riḍá,NULL,0203,NULL,NULL,NULL,NULL,author,NULL,NULL,NULL,2,NULL,NULL,NULL,NULL,0203CaliRida,OpenITI 2025.1.9
0203IbnSulaymanGhazi,داود بن سليمان الغازي,Ibn Sulayman Ghazi,NULL,NULL,NULL,NULL,0203,NULL,NULL,NULL,NULL,author,NULL,NULL,NULL,1,NULL,NULL,NULL,NULL,0203IbnSulaymanGhazi,OpenITI 2025.1.9
0203YahyaIbnAdam,يحيى القرشي,Yahya Ibn Adam,NULL,NULL,NULL,NULL,0203,NULL,NULL,NULL,NULL,author,NULL,NULL,NULL,1,NULL,NULL,NULL,NULL,0203YahyaIbnAdam,OpenITI 2025.1.9
0204AbuDawudTayalisi,الطيالسي,Abu Dawud Tayalisi,NULL,NULL,NULL,NULL,0204,NULL,NULL,NULL,NULL,author,NULL,NULL,NULL,1,NULL,NULL,NULL,NULL,0204AbuDawudTayalisi,OpenITI 2025.1.9
0204IbnKalbi,ابن الكلبي,Ibn Kalbi,NULL,NULL,Ibn al-Kalbī,NULL,0204,NULL,NULL,NULL,NULL,author,NULL,NULL,NULL,4,NULL,NULL,NULL,NULL,0204IbnKalbi,OpenITI 2025.1.9
0204Shafici,الشافعي,Shafici,NULL,NULL,NULL,NULL,0204,NULL,NULL,NULL,NULL,author,NULL,NULL,NULL,9,NULL,NULL,NULL,NULL,0204Shafici,OpenITI 2025.1.9
0206AbuCamrShaybani,أبو عمرو الشيباني,Abu Camr Shaybani,NULL,NULL,NULL,NULL,0206,NULL,NULL,NULL,NULL,author,NULL,NULL,NULL,1,NULL,NULL,NULL,NULL,0206AbuCamrShaybani,OpenITI 2025.1.9
0206AbuMuhammadQutrub,قطرب,Abu Muhammad Qutrub,NULL,NULL,NULL,NULL,0206,NULL,NULL,NULL,NULL,author,NULL,NULL,NULL,1,NULL,NULL,NULL,NULL,0206AbuMuhammadQutrub,OpenITI 2025.1.9
0206IshaqIbnBishrQurashi,أبي حذيفة إسحاق بن بشر القرشي,Ishaq Ibn Bishr Qurashi,NULL,NULL,NULL,NULL,0206,NULL,NULL,NULL,NULL,author,NULL,NULL,NULL,1,NULL,NULL,NULL,NULL,0206IshaqIbnBishrQurashi,OpenITI 2025.1.9
0207IbnBakkarQaysi,بكر بن بكار أبو عمرو القيسي البصري (المتوفى: 207هـ),Ibn Bakkar Qaysi,NULL,NULL,NULL,NULL,0207,NULL,NULL,NULL,NULL,author,NULL,NULL,NULL,1,NULL,NULL,NULL,NULL,0207IbnBakkarQaysi,OpenITI 2025.1.9
0207IbnZiyadFarra,الفراء، يحيى بن زياد,Ibn Ziyad Farra,NULL,NULL,NULL,NULL,0207,NULL,NULL,NULL,NULL,author,NULL,NULL,NULL,2,NULL,NULL,NULL,NULL,0207IbnZiyadFarra,OpenITI 2025.1.9
0207Waqidi,الواقدي,Waqidi,NULL,NULL,al-Wāqidī,NULL,0207,NULL,NULL,NULL,NULL,author,NULL,NULL,NULL,3,NULL,NULL,NULL,NULL,0207Waqidi,OpenITI 2025.1.9
0209AbuCaliAshyabBaghdadi,الحسن بن موسى أبو علي الأشيب البغدادي,Abu Cali Ashyab Baghdadi,NULL,NULL,NULL,NULL,0209,NULL,NULL,NULL,NULL,author,NULL,NULL,NULL,1,NULL,NULL,NULL,NULL,0209AbuCaliAshyabBaghdadi,OpenITI 2025.1.9
0209AbuCubayda,أبو عبيدة,Abu Cubayda,NULL,NULL,Abū ʿUbaydaŧ,NULL,0209,NULL,NULL,NULL,NULL,author,NULL,NULL,NULL,4,NULL,NULL,NULL,NULL,0209AbuCubayda,OpenITI 2025.1.9
0210CulayyaBintMahdi,علية بنت المهدي,Culayya Bint Mahdi,NULL,NULL,ʿUlayyaŧ bint al-Mahdī,NULL,0210,NULL,NULL,NULL,NULL,author,NULL,NULL,NULL,1,NULL,NULL,NULL,NULL,0210CulayyaBintMahdi,OpenITI 2025.1.9
0211AbuCatahiya,أبو العتاهي,Abu Catahiya,NULL,NULL,Abū al-ʿAtāhiya,NULL,0211,NULL,NULL,NULL,NULL,author,NULL,NULL,NULL,2,NULL,NULL,NULL,NULL,0211AbuCatahiya,OpenITI 2025.1.9
0211CabdRazzaqSancani,عبد الرزاق بن همام الصنعاني,Cabd Razzaq Sancani,NULL,NULL,NULL,NULL,0211,NULL,NULL,NULL,NULL,author,NULL,NULL,NULL,3,NULL,NULL,NULL,NULL,0211CabdRazzaqSancani,OpenITI 2025.1.9
0212IbnMusaQurashi,أبو سعيد أسد بن موسى بن إبراهيم بن الوليد بن عبد الملك بن مروان الأموي القرشي الملقب بأسد السنة (المتوفى: 212هـ),Ibn Musa Qurashi,NULL,NULL,NULL,NULL,0212,NULL,NULL,NULL,NULL,author,NULL,NULL,NULL,1,NULL,NULL,NULL,NULL,0212IbnMusaQurashi,OpenITI 2025.1.9
0212NasrIbnMuzahim,نصر بن مزاحم بن سيار المنقري (المتوفى : 212هـ),Nasr Ibn Muzahim,NULL,NULL,NULL,NULL,0212,NULL,NULL,NULL,NULL,author,NULL,NULL,NULL,1,NULL,NULL,NULL,NULL,0212NasrIbnMuzahim,OpenITI 2025.1.9
0213IbnHisham,ابن هشام,Ibn Hisham,NULL,NULL,Ibn Hišām,NULL,0213,NULL,NULL,NULL,NULL,author,NULL,NULL,NULL,3,NULL,NULL,NULL,NULL,0213IbnHisham,OpenITI 2025.1.9
0213IbnJabalaShacir,علي بن جبلة,Ibn Jabala Shacir,NULL,NULL,NULL,NULL,0213,NULL,NULL,NULL,NULL,author,NULL,NULL,NULL,1,NULL,NULL,NULL,NULL,0213IbnJabalaShacir,OpenITI 2025.1.9
0214IbnCabdHakamMisri,ابن عبد الحكم المصري,Ibn Cabd Hakam Misri,NULL,NULL,Ibn ʿabd al-ḥakam al-Miṣrī,NULL,0214,NULL,NULL,NULL,NULL,author,NULL,NULL,NULL,2,NULL,NULL,NULL,NULL,0214IbnCabdHakamMisri,OpenITI 2025.1.9
0215AbuZaydAnsari,أبو زيد الأنصاري,Abu Zayd Ansari,NULL,NULL,NULL,NULL,0215,NULL,NULL,NULL,NULL,author,NULL,NULL,NULL,1,NULL,NULL,NULL,NULL,0215AbuZaydAnsari,OpenITI 2025.1.9
0215AkhfashAwsat,أبو الحسن المجاشعي بالولاء، البلخي ثم البصري، المعروف بالأخفش الأوسط (المتوفى: 215هـ),Akhfash Awsat,NULL,NULL,NULL,NULL,0215,NULL,NULL,NULL,NULL,author,NULL,NULL,NULL,2,NULL,NULL,NULL,NULL,0215AkhfashAwsat,OpenITI 2025.1.9
0215IbnCabdAllahAnsari,ابن عبد الله الأنصاري,Ibn Cabd Allah Ansari,NULL,NULL,Ibn ʿAbd Allāh al-Anṣārī,NULL,0215,NULL,NULL,NULL,NULL,author,NULL,NULL,NULL,1,NULL,NULL,NULL,NULL,0215IbnCabdAllahAnsari,OpenITI 2025.1.9
0215IbnHazimBahili,محمد بن حازم الباهلي,Ibn Hazim Bahili,NULL,NULL,NULL,NULL,0215,NULL,NULL,NULL,NULL,author,NULL,NULL,NULL,1,NULL,NULL,NULL,NULL,0215IbnHazimBahili,OpenITI 2025.1.9
0216IbnQuraybAsmaci,الأصمعي,Ibn Qurayb Asmaci,NULL,NULL,al-Aṣmaʿī,NULL,0216,NULL,NULL,NULL,NULL,author,NULL,NULL,NULL,6,NULL,NULL,NULL,NULL,0216IbnQuraybAsmaci,OpenITI 2025.1.9
0218CabdAclaGhassani,أبو مسهر,Cabd Acla Ghassani,NULL,NULL,NULL,NULL,0218,NULL,NULL,NULL,NULL,author,NULL,NULL,NULL,1,NULL,NULL,NULL,NULL,0218CabdAclaGhassani,OpenITI 2025.1.9
0218HajjajIbnYusufIbnMatar,Ptolemy,Hajjaj Ibn Yusuf Ibn Matar,NULL,NULL,NULL,NULL,0218,NULL,NULL,NULL,NULL,author,NULL,NULL,NULL,1,NULL,NULL,NULL,NULL,0218HajjajIbnYusufIbnMatar,OpenITI 2025.1.9
0219AbuNucaymIbnDukayn,أبي نعيم الفضل بن دكين,Abu Nucaym Ibn Dukayn,NULL,NULL,NULL,NULL,0219,NULL,NULL,NULL,NULL,author,NULL,NULL,NULL,1,NULL,NULL,NULL,NULL,0219AbuNucaymIbnDukayn,OpenITI 2025.1.9
0219IbnMuslimBasri,عفان بن مسلم بن عبد الله الباهلى، أبو عثمان الصفار البصرى، مولى عزرة بن ثابت الأنصارى (المتوفى: بعد 219هـ),Ibn Muslim Basri,NULL,NULL,NULL,NULL,0219,NULL,NULL,NULL,NULL,author,NULL,NULL,NULL,1,NULL,NULL,NULL,NULL,0219IbnMuslimBasri,OpenITI 2025.1.9
0219IbnZubayrHumaydi,الحميدي,Ibn Zubayr Humaydi,NULL,NULL,NULL,NULL,0219,NULL,NULL,NULL,NULL,author,NULL,NULL,NULL,2,NULL,NULL,NULL,NULL,0219IbnZubayrHumaydi,OpenITI 2025.1.9
0220AbuJacfarIskafi,جعفر بن محمد الإسكافي‏,Abu Jacfar Iskafi,NULL,NULL,NULL,NULL,0220,NULL,NULL,NULL,NULL,author,NULL,NULL,NULL,2,NULL,NULL,NULL,NULL,0220AbuJacfarIskafi,OpenITI 2025.1.9
0220CaliIbnJacfar,علي بن جعفر(ع),Cali Ibn Jacfar,NULL,NULL,NULL,NULL,0220,NULL,NULL,NULL,NULL,author,NULL,NULL,NULL,1,NULL,NULL,NULL,NULL,0220CaliIbnJacfar,OpenITI 2025.1.9
0221IbnAbiIyasCasqalani,آدم بن أبى إياس: عبد الرحمن ويقال: ناهية بن محمد بن شعيب الخراسانى المروذى أبو الحسن العسقلانى، مولى بنى تيم أو تميم (المتوفى: 221هـ),Ibn Abi Iyas Casqalani,NULL,NULL,NULL,NULL,0221,NULL,NULL,NULL,NULL,author,NULL,NULL,NULL,1,NULL,NULL,NULL,NULL,0221IbnAbiIyasCasqalani,OpenITI 2025.1.9
0222IbnBakkarDabi,العباس بن بكار الضبي,Ibn Bakkar Dabi,NULL,NULL,NULL,NULL,0222,NULL,NULL,NULL,NULL,author,NULL,NULL,NULL,2,NULL,NULL,NULL,NULL,0222IbnBakkarDabi,OpenITI 2025.1.9
0222IbnNaficHimsi,الحكم بن نافع البهرانى، أبو اليمان الحمصى (المتوفى: 222هـ),Ibn Nafic Himsi,NULL,NULL,NULL,NULL,0222,NULL,NULL,NULL,NULL,author,NULL,NULL,NULL,1,NULL,NULL,NULL,NULL,0222IbnNaficHimsi,OpenITI 2025.1.9
0223IbnSalihKatibLayth,أبو صالح، عبد الله بن صالح بن محمد بن مسلم الجهني مولاهم، المصري، كاتب الليث بن سعد (المتوفى: 223هـ),Ibn Salih Katib Layth,NULL,NULL,NULL,NULL,0223,NULL,NULL,NULL,NULL,author,NULL,NULL,NULL,1,NULL,NULL,NULL,NULL,0223IbnSalihKatibLayth,OpenITI 2025.1.9
0224QasimIbnSallam,القاسم بن سلام,Qasim Ibn Sallam,NULL,NULL,al-Qāsim b. Sallām,NULL,0224,NULL,NULL,NULL,NULL,author,NULL,NULL,NULL,12,NULL,NULL,NULL,NULL,0224QasimIbnSallam,OpenITI 2025.1.9
0225Anonymous,(مؤلف مجهول),Anonymous,NULL,NULL,(muʾallif majhūl),NULL,0225,NULL,NULL,NULL,NULL,author,NULL,NULL,NULL,1,NULL,NULL,NULL,NULL,0225Anonymous,OpenITI 2025.1.9
0225PseudoIbnMuqaffac,عبد الله بن المقفع (المتوفى: 142هـ),Pseudo Ibn Muqaffac,NULL,NULL,NULL,NULL,0225,NULL,NULL,NULL,NULL,author,NULL,NULL,NULL,1,NULL,NULL,NULL,NULL,0225PseudoIbnMuqaffac,OpenITI 2025.1.9
0227IbnMansurKhurasani,سعيد بن منصور,Ibn Mansur Khurasani,NULL,NULL,NULL,NULL,0227,NULL,NULL,NULL,NULL,author,NULL,NULL,NULL,2,NULL,NULL,NULL,NULL,0227IbnMansurKhurasani,OpenITI 2025.1.9
0228AbuJahmBahili,العلاء بن موسى بن عطية البغدادي، أبو الجهم الباهلي (المتوفى: 228هـ),Abu Jahm Bahili,NULL,NULL,NULL,NULL,0228,NULL,NULL,NULL,NULL,author,NULL,NULL,NULL,1,NULL,NULL,NULL,NULL,0228AbuJahmBahili,OpenITI 2025.1.9
0228IbnHammadKhuzaci,نعيم بن حماد,Ibn Hammad Khuzaci,NULL,NULL,NULL,NULL,0228,NULL,NULL,NULL,NULL,author,NULL,NULL,NULL,1,NULL,NULL,NULL,NULL,0228IbnHammadKhuzaci,OpenITI 2025.1.9
0228IbnMuhammadMadaini,المدائني,Ibn Muhammad Madaini,NULL,NULL,al-Madāʾinī,NULL,0228,NULL,NULL,NULL,NULL,author,NULL,NULL,NULL,1,NULL,NULL,NULL,NULL,0228IbnMuhammadMadaini,OpenITI 2025.1.9
0230AbuMushal,عبد الوهاب بن حريش الأعرابي أبو محمد، الملقب بـ أبي مسحل (المتوفى: نحو 230هـ),Abu Mushal,NULL,NULL,NULL,NULL,0230,NULL,NULL,NULL,NULL,author,NULL,NULL,NULL,1,NULL,NULL,NULL,NULL,0230AbuMushal,OpenITI 2025.1.9
0230CaliIbnJacd,علي بن الجعد بن عبيد أبو الحسن الجوهري البغدادي,Cali Ibn Jacd,NULL,NULL,NULL,NULL,0230,NULL,NULL,NULL,NULL,author,NULL,NULL,NULL,1,NULL,NULL,NULL,NULL,0230CaliIbnJacd,OpenITI 2025.1.9
0230IbnSacd,ابن سعد,Ibn Sacd,NULL,NULL,Ibn Saʿd,NULL,0230,NULL,NULL,NULL,NULL,author,NULL,NULL,NULL,3,NULL,NULL,NULL,NULL,0230IbnSacd,OpenITI 2025.1.9
0230YaclaIbnCibad,يعلى بن عباد (المتوفى: 230هـ),Yacla Ibn Cibad,NULL,NULL,NULL,NULL,0230,NULL,NULL,NULL,NULL,author,NULL,NULL,NULL,1,NULL,NULL,NULL,NULL,0230YaclaIbnCibad,OpenITI 2025.1.9
0231AbuNasrBahili,أبو نصر الباهلي,Abu Nasr Bahili,NULL,NULL,NULL,NULL,0231,NULL,NULL,NULL,NULL,author,NULL,NULL,NULL,1,NULL,NULL,NULL,NULL,0231AbuNasrBahili,OpenITI 2025.1.9
0231AbuTamam,أبو تمام,Abu Tamam,NULL,NULL,NULL,NULL,0231,NULL,NULL,NULL,NULL,author,NULL,NULL,NULL,2,NULL,NULL,NULL,NULL,0231AbuTamam,OpenITI 2025.1.9
0231IbnMirdasSarraj,خالد بن مرداس أبو الهيثم السراج (المتوفى: 231هـ),Ibn Mirdas Sarraj,NULL,NULL,NULL,NULL,0231,NULL,NULL,NULL,NULL,author,NULL,NULL,NULL,1,NULL,NULL,NULL,NULL,0231IbnMirdasSarraj,OpenITI 2025.1.9
0231IbnSacdanDarir,أبو جعفر محمد بن سعدان الكوفي النحوي المقرئ الضرير (المتوفى: 231 ه),Ibn Sacdan Darir,NULL,NULL,NULL,NULL,0231,NULL,NULL,NULL,NULL,author,NULL,NULL,NULL,1,NULL,NULL,NULL,NULL,0231IbnSacdanDarir,OpenITI 2025.1.9
0231IbnSallamJumahi,ابن سلام الجمحي,Ibn Sallam Jumahi,NULL,NULL,Ibn salām al-ǧumḥī,NULL,0231,NULL,NULL,NULL,NULL,author,NULL,NULL,NULL,1,NULL,NULL,NULL,NULL,0231IbnSallamJumahi,OpenITI 2025.1.9
0231IbnZiyadAcrabi,أبو عبد الله ابن الأعرابي,Ibn Ziyad Acrabi,NULL,NULL,NULL,NULL,0231,NULL,NULL,NULL,NULL,author,NULL,NULL,NULL,1,NULL,NULL,NULL,NULL,0231IbnZiyadAcrabi,OpenITI 2025.1.9
0232CabdAllahIbnCawnKharraz,عبد الله بن عون الخراز,Cabd Allah Ibn Cawn Kharraz,NULL,NULL,NULL,NULL,0232,NULL,NULL,NULL,NULL,author,NULL,NULL,NULL,1,NULL,NULL,NULL,NULL,0232CabdAllahIbnCawnKharraz,OpenITI 2025.1.9
0232CisaIbnSacidShashi,أبو سعيد الشاشي,Cisa Ibn Sacid Shashi,NULL,NULL,NULL,NULL,0232,NULL,NULL,NULL,NULL,author,NULL,NULL,NULL,1,NULL,NULL,NULL,NULL,0232CisaIbnSacidShashi,OpenITI 2025.1.9
0233IbnCaidhDimashqi,ابن عائذ الدمشقي,Ibn Caidh Dimashqi,NULL,NULL,Ibn ʿĀʾiḏ al-Dimašqī,NULL,0233,NULL,NULL,NULL,NULL,author,NULL,NULL,NULL,1,NULL,NULL,NULL,NULL,0233IbnCaidhDimashqi,OpenITI 2025.1.9
0233YahyaIbnMacin,يحيى بن معين,Yahya Ibn Macin,NULL,NULL,NULL,NULL,0233,NULL,NULL,NULL,NULL,author,NULL,NULL,NULL,4,NULL,NULL,NULL,NULL,0233YahyaIbnMacin,OpenITI 2025.1.9
0234AbuKhaythamaNisai,زهير بن حرب أبو خيثمة النسائي,Abu Khaythama Nisai,NULL,NULL,NULL,NULL,0234,NULL,NULL,NULL,NULL,author,NULL,NULL,NULL,1,NULL,NULL,NULL,NULL,0234AbuKhaythamaNisai,OpenITI 2025.1.9
0234CaliIbnMadini,علي بن عبد الله بن جعفر السعدي المديني,Cali Ibn Madini,NULL,NULL,NULL,NULL,0234,NULL,NULL,NULL,NULL,author,NULL,NULL,NULL,3,NULL,NULL,NULL,NULL,0234CaliIbnMadini,OpenITI 2025.1.9
0235DikJinn,ديك الجن,Dik Jinn,NULL,NULL,NULL,NULL,0235,NULL,NULL,NULL,NULL,author,NULL,NULL,NULL,1,NULL,NULL,NULL,NULL,0235DikJinn,OpenITI 2025.1.9
0235HanunIbnYuhannaIbnSalt,يحنى بن الصلت,Hanun Ibn Yuhanna Ibn Salt,NULL,NULL,Yuḥanná b. al-Ṣalt,NULL,0235,NULL,NULL,NULL,NULL,author,NULL,NULL,NULL,1,NULL,NULL,NULL,NULL,0235HanunIbnYuhannaIbnSalt,OpenITI 2025.1.9
0235IbnAbiShayba,ابن أبي شيبة,Ibn Abi Shayba,NULL,NULL,Ibn Abī Šaybaŧ,NULL,0235,NULL,NULL,NULL,NULL,author,NULL,NULL,NULL,5,NULL,NULL,NULL,NULL,0235IbnAbiShayba,OpenITI 2025.1.9
0235IbnYunusBaghdadi,أبو الحارث سريج بن يونس بن إبراهيم البغدادي (المتوفى : 235هـ),Ibn Yunus Baghdadi,NULL,NULL,NULL,NULL,0235,NULL,NULL,NULL,NULL,author,NULL,NULL,NULL,1,NULL,NULL,NULL,NULL,0235IbnYunusBaghdadi,OpenITI 2025.1.9
0236AbuCabdAllahZubayri,أبو عبد الله المصعب بن عبد الله بن المصعب الزبيري,Abu Cabd Allah Zubayri,NULL,NULL,NULL,NULL,0236,NULL,NULL,NULL,NULL,author,NULL,NULL,NULL,1,NULL,NULL,NULL,NULL,0236AbuCabdAllahZubayri,OpenITI 2025.1.9
0238IbnHabibQurtubi,ابن حبيب، القرطبي,Ibn Habib Qurtubi,NULL,NULL,"Ibn Ḥabīb, al-Qurṭubī",NULL,0238,NULL,NULL,NULL,NULL,author,NULL,NULL,NULL,6,NULL,NULL,NULL,NULL,0238IbnHabibQurtubi,OpenITI 2025.1.9
0238IbnRahawayh,إسحاق بن إبراهيم بن مخلد بن راهويه الحنظلي,Ibn Rahawayh,NULL,NULL,NULL,NULL,0238,NULL,NULL,NULL,NULL,author,NULL,NULL,NULL,1,NULL,NULL,NULL,NULL,0238IbnRahawayh,OpenITI 2025.1.9
0238MuhammadBurjulani,البرجلاني,Muhammad Burjulani,NULL,NULL,NULL,NULL,0238,NULL,NULL,NULL,NULL,author,NULL,NULL,NULL,1,NULL,NULL,NULL,NULL,0238MuhammadBurjulani,OpenITI 2025.1.9
0239CumaraIbnCaqil,عمارة بن عقيل,Cumara Ibn Caqil,NULL,NULL,NULL,NULL,0239,NULL,NULL,NULL,NULL,author,NULL,NULL,NULL,1,NULL,NULL,NULL,NULL,0239CumaraIbnCaqil,OpenITI 2025.1.9
0239IbnGhawri,محمد بن أحمد أبو الفرج ابن الغوري (ت: 239),Ibn Ghawri,NULL,NULL,NULL,NULL,0239,NULL,NULL,NULL,NULL,author,NULL,NULL,NULL,1,NULL,NULL,NULL,NULL,0239IbnGhawri,OpenITI 2025.1.9
0240AbuHafsIbnZuraraTarsusi,أبو حفص عمر بن زرارة الحدثي الطرسوسي,Abu Hafs Ibn Zurara Tarsusi,NULL,NULL,NULL,NULL,0240,NULL,NULL,NULL,NULL,author,NULL,NULL,NULL,1,NULL,NULL,NULL,NULL,0240AbuHafsIbnZuraraTarsusi,OpenITI 2025.1.9
0240CabdSamadIbnMucadhdhal,عبد الصمد بن المعذل,Cabd Samad Ibn Mucadhdhal,NULL,NULL,NULL,NULL,0240,NULL,NULL,NULL,NULL,author,NULL,NULL,NULL,1,NULL,NULL,NULL,NULL,0240CabdSamadIbnMucadhdhal,OpenITI 2025.1.9
0240IbnKhayyatCusfuri,أبو عمرو خليفة بن خياط بن خليفة الشيباني العصفري البصري (المتوفى: 240هـ),Ibn Khayyat Cusfuri,NULL,NULL,NULL,NULL,0240,NULL,NULL,NULL,NULL,author,NULL,NULL,NULL,3,NULL,NULL,NULL,NULL,0240IbnKhayyatCusfuri,OpenITI 2025.1.9
0240IbnYahyaKinani,عبد العزيز بن يحيى الكناني,Ibn Yahya Kinani,NULL,NULL,NULL,NULL,0240,NULL,NULL,NULL,NULL,author,NULL,NULL,NULL,1,NULL,NULL,NULL,NULL,0240IbnYahyaKinani,OpenITI 2025.1.9
0240SahnunIbnSacid,مالك,Sahnun Ibn Sacid,NULL,NULL,NULL,NULL,0240,NULL,NULL,NULL,NULL,author,NULL,NULL,NULL,1,NULL,NULL,NULL,NULL,0240SahnunIbnSacid,OpenITI 2025.1.9
0241IbnHanbal,أحمد بن حنبل,Ibn Hanbal,NULL,NULL,aḥmad b. ḥanbal,NULL,0241,NULL,NULL,NULL,NULL,author,NULL,NULL,NULL,17,NULL,NULL,NULL,NULL,0241IbnHanbal,OpenITI 2025.1.9
0242IbnAslamTusi,الإمام الحافظ أبي الحسن محمد بن أسلم الطوسي,Ibn Aslam Tusi,NULL,NULL,NULL,NULL,0242,NULL,NULL,NULL,NULL,author,NULL,NULL,NULL,1,NULL,NULL,NULL,NULL,0242IbnAslamTusi,OpenITI 2025.1.9
0243HannadIbnSari,هناد بن السري,Hannad Ibn Sari,NULL,NULL,NULL,NULL,0243,NULL,NULL,NULL,NULL,author,NULL,NULL,NULL,1,NULL,NULL,NULL,NULL,0243HannadIbnSari,OpenITI 2025.1.9
0243HarithMuhasibi,الحارث المحاسبي,Harith Muhasibi,NULL,NULL,al-Ḥāriṯ al-Muḥāsibī,NULL,0243,NULL,NULL,NULL,NULL,author,NULL,NULL,NULL,8,NULL,NULL,NULL,NULL,0243HarithMuhasibi,OpenITI 2025.1.9
0243IbnYahyaCadani,ابن أبي عمر العدني,Ibn Yahya Cadani,NULL,NULL,Ibn Abī ʿUmar al-ʿAdanī,NULL,0243,NULL,NULL,NULL,NULL,author,NULL,NULL,NULL,1,NULL,NULL,NULL,NULL,0243IbnYahyaCadani,OpenITI 2025.1.9
0243YuhannaIbnMasawayh,يحنى بن ماسويه,Yuhanna Ibn Masawayh,NULL,NULL,Yuḥanná b. Māsawayh,NULL,0243,NULL,NULL,NULL,NULL,author,NULL,NULL,NULL,1,NULL,NULL,NULL,NULL,0243YuhannaIbnMasawayh,OpenITI 2025.1.9
0244IbnSikkit,ابن السكيت,Ibn Sikkit,NULL,NULL,NULL,NULL,0244,NULL,NULL,NULL,NULL,author,NULL,NULL,NULL,4,NULL,NULL,NULL,NULL,0244IbnSikkit,OpenITI 2025.1.9
0245IbnKullab,ابن كلاب,Ibn Kullab,NULL,NULL,Ibn Kullāb,NULL,0245,NULL,NULL,NULL,NULL,author,NULL,NULL,NULL,1,NULL,NULL,NULL,NULL,0245IbnKullab,OpenITI 2025.1.9
0245LuwaynMissisi,المصيصي,Luwayn Missisi,NULL,NULL,NULL,NULL,0245,NULL,NULL,NULL,NULL,author,NULL,NULL,NULL,1,NULL,NULL,NULL,NULL,0245LuwaynMissisi,OpenITI 2025.1.9
0245MuhammadIbnHabib,محمد بن حبيب,Muhammad Ibn Habib,NULL,NULL,Muḥammad b. Ḥabīb,NULL,0245,NULL,NULL,NULL,NULL,author,NULL,NULL,NULL,6,NULL,NULL,NULL,NULL,0245MuhammadIbnHabib,OpenITI 2025.1.9
0246AbuCaliIbnShadhdhan,الحسن بن خلف بن شاذان بن زياد الواسطى، أبو على البزاز (المتوفى: 246هـ),Abu Cali Ibn Shadhdhan,NULL,NULL,NULL,NULL,0246,NULL,NULL,NULL,NULL,author,NULL,NULL,NULL,1,NULL,NULL,NULL,NULL,0246AbuCaliIbnShadhdhan,OpenITI 2025.1.9
0246AhmadDawraqi,الدورقي,Ahmad Dawraqi,NULL,NULL,NULL,NULL,0246,NULL,NULL,NULL,NULL,author,NULL,NULL,NULL,1,NULL,NULL,NULL,NULL,0246AhmadDawraqi,OpenITI 2025.1.9
0246DhuNunAbuFayd,ذو النون المصري ثوبان بن إبراهيم وقيل: فيض بن أحمد وقيل: فيض بن إبراهيم النوبي، الإخميمي (المتوفى: 248هـ),Dhu Nun Abu Fayd,NULL,NULL,NULL,NULL,0246,NULL,NULL,NULL,NULL,author,NULL,NULL,NULL,1,NULL,NULL,NULL,NULL,0246DhuNunAbuFayd,OpenITI 2025.1.9
0246DicbilKhuzaci,دعبل بن علي,Dicbil Khuzaci,NULL,NULL,NULL,NULL,0246,NULL,NULL,NULL,NULL,author,NULL,NULL,NULL,2,NULL,NULL,NULL,NULL,0246DicbilKhuzaci,OpenITI 2025.1.9
0246HishamSulami,هشام بن عمار بن نصير بن ميسرة بن أبان السلمي، ويقال: الظفري، أبو الوليد الدمشقي المقرئ (المتوفى: 245هـ),Hisham Sulami,NULL,NULL,NULL,NULL,0246,NULL,NULL,NULL,NULL,author,NULL,NULL,NULL,2,NULL,NULL,NULL,NULL,0246HishamSulami,OpenITI 2025.1.9
0246HusaynMarwazi,المروزي,Husayn Marwazi,NULL,NULL,NULL,NULL,0246,NULL,NULL,NULL,NULL,author,NULL,NULL,NULL,1,NULL,NULL,NULL,NULL,0246HusaynMarwazi,OpenITI 2025.1.9
0246IbnCumarDuri,حفص بن عمر الدوري,Ibn Cumar Duri,NULL,NULL,NULL,NULL,0246,NULL,NULL,NULL,NULL,author,NULL,NULL,NULL,1,NULL,NULL,NULL,NULL,0246IbnCumarDuri,OpenITI 2025.1.9
0246QasimRassi,القاسم الرسي,Qasim Rassi,NULL,NULL,al-Qāsim al-Rassī,NULL,0246,NULL,NULL,NULL,NULL,author,NULL,NULL,NULL,34,NULL,NULL,NULL,NULL,0246QasimRassi,OpenITI 2025.1.9
0247AhmadIbnCisa,أحمد بن عيسى (ع),Ahmad Ibn Cisa,NULL,NULL,NULL,NULL,0247,NULL,NULL,NULL,NULL,author,NULL,NULL,NULL,1,NULL,NULL,NULL,NULL,0247AhmadIbnCisa,OpenITI 2025.1.9
0249AbuBishrTamimi,أبو بشر هارون بن حاتم التميمي البزاز,Abu Bishr Tamimi,NULL,NULL,NULL,NULL,0249,NULL,NULL,NULL,NULL,author,NULL,NULL,NULL,1,NULL,NULL,NULL,NULL,0249AbuBishrTamimi,OpenITI 2025.1.9
0249Azraqi,الأزرقي,Azraqi,NULL,NULL,al-Azraqī,NULL,0249,NULL,NULL,NULL,NULL,author,NULL,NULL,NULL,1,NULL,NULL,NULL,NULL,0249Azraqi,OpenITI 2025.1.9
0249CabdIbnHamid,أبو محمد عبد الحميد بن حميد بن نصر الكسي ويقال له: الكشي بالفتح والإعجام (المتوفى: 249هـ),Cabd Ibn Hamid,NULL,NULL,NULL,NULL,0249,NULL,NULL,NULL,NULL,author,NULL,NULL,NULL,2,NULL,NULL,NULL,NULL,0249CabdIbnHamid,OpenITI 2025.1.9
0249IbnBarqiMuhammad,أبو عبد الله محمد بن عبد الله بن عبد الرحيم المصري,Ibn Barqi Muhammad,NULL,NULL,NULL,NULL,0249,NULL,NULL,NULL,NULL,author,NULL,NULL,NULL,1,NULL,NULL,NULL,NULL,0249IbnBarqiMuhammad,OpenITI 2025.1.9
0250AflahIbnCabdWahhab,أفلح بن عبد الوهاب,Aflah Ibn Cabd Wahhab,NULL,NULL,Aflaḥ b. ʿAbd al-Wahhāb,NULL,0250,NULL,NULL,NULL,NULL,author,NULL,NULL,NULL,1,NULL,NULL,NULL,NULL,0250AflahIbnCabdWahhab,OpenITI 2025.1.9
0250CabdMasihNacimi,عبد المسيح الناعمي,Cabd Masih Nacimi,NULL,NULL,ʿAbd al-Masīḥ al-Nāʿimī,NULL,0250,NULL,NULL,NULL,NULL,author,NULL,NULL,NULL,1,NULL,NULL,NULL,NULL,0250CabdMasihNacimi,OpenITI 2025.1.9
0250IbnCatiyyaShami,ابن عطي الشامي,Ibn Catiyya Shami,NULL,NULL,Ibn ʿAṭiyya al-Šāmī,NULL,0250,NULL,NULL,NULL,NULL,author,NULL,NULL,NULL,1,NULL,NULL,NULL,NULL,0250IbnCatiyyaShami,OpenITI 2025.1.9
0250ThabitIbnAbiThabit,ثابت بن أبي ثابت,Thabit Ibn Abi Thabit,NULL,NULL,Ṯābit b. Abī Ṯābit,NULL,0250,NULL,NULL,NULL,NULL,author,NULL,NULL,NULL,1,NULL,NULL,NULL,NULL,0250ThabitIbnAbiThabit,OpenITI 2025.1.9
0251IbnMansurKawsaj,إسحاق بن منصور بن بهرام الكوسج أبو يعقوب التميمي المروزي,Ibn Mansur Kawsaj,NULL,NULL,NULL,NULL,0251,NULL,NULL,NULL,NULL,author,NULL,NULL,NULL,1,NULL,NULL,NULL,NULL,0251IbnMansurKawsaj,OpenITI 2025.1.9
0251IbnZanjawayh,ابن زنجويه,Ibn Zanjawayh,NULL,NULL,NULL,NULL,0251,NULL,NULL,NULL,NULL,author,NULL,NULL,NULL,1,NULL,NULL,NULL,NULL,0251IbnZanjawayh,OpenITI 2025.1.9
0254MuammalIbnIhab,مؤمل بن إيهاب,Muammal Ibn Ihab,NULL,NULL,NULL,NULL,0254,NULL,NULL,NULL,NULL,author,NULL,NULL,NULL,1,NULL,NULL,NULL,NULL,0254MuammalIbnIhab,OpenITI 2025.1.9
0255AbuHatimSijistani,السجستاني,Abu Hatim Sijistani,NULL,NULL,NULL,NULL,0255,NULL,NULL,NULL,NULL,author,NULL,NULL,NULL,3,NULL,NULL,NULL,NULL,0255AbuHatimSijistani,OpenITI 2025.1.9
0255CabdAllahDarimi,عبدالله بن عبدالرحمن أبو محمد الدارمي,Cabd Allah Darimi,NULL,NULL,NULL,NULL,0255,NULL,NULL,NULL,NULL,author,NULL,NULL,NULL,1,NULL,NULL,NULL,NULL,0255CabdAllahDarimi,OpenITI 2025.1.9
0255IbnAhmadQurtubi,محمد بن أحمد بن عبد العزيز الأموي القرطبي الأندلسي، أبو عبد الله المالكي (المتوفى: 255هـ),Ibn Ahmad Qurtubi,NULL,NULL,NULL,NULL,0255,NULL,NULL,NULL,NULL,author,NULL,NULL,NULL,1,NULL,NULL,NULL,NULL,0255IbnAhmadQurtubi,OpenITI 2025.1.9
0255Jahiz,الجاحظ,Jahiz,NULL,NULL,al-ǧāḥiẓ,NULL,0255,NULL,NULL,NULL,NULL,author,NULL,NULL,NULL,56,NULL,NULL,NULL,NULL,0255Jahiz,OpenITI 2025.1.9
0256Bukhari,البخاري,Bukhari,NULL,NULL,al-buḫārī,NULL,0256,NULL,NULL,NULL,NULL,author,NULL,NULL,NULL,9,NULL,NULL,NULL,NULL,0256Bukhari,OpenITI 2025.1.9
0256IbnIshaqKindi,ابن اسحاق الكندي,Ibn Ishaq Kindi,NULL,NULL,Ibn Isḥāq al-Kindī,NULL,0256,NULL,NULL,NULL,NULL,author,NULL,NULL,NULL,6,NULL,NULL,NULL,NULL,0256IbnIshaqKindi,OpenITI 2025.1.9
0256ZubayrIbnBakkar,الزبير بن بكار,Zubayr Ibn Bakkar,NULL,NULL,al-zubayr b. bakkār,NULL,0256,NULL,NULL,NULL,NULL,author,NULL,NULL,NULL,3,NULL,NULL,NULL,NULL,0256ZubayrIbnBakkar,OpenITI 2025.1.9
0257AbuHiffanMihzami,عبد الله بن أحمد بن حرب المهزمي العبدي، أبو هفان (المتوفى: 257هـ),Abu Hiffan Mihzami,NULL,NULL,NULL,NULL,0257,NULL,NULL,NULL,NULL,author,NULL,NULL,NULL,1,NULL,NULL,NULL,NULL,0257AbuHiffanMihzami,OpenITI 2025.1.9
0257AbuSacidAshajj,أبو سعيد الأشج عبد الله بن سعيد بن حصين الكندي، الكوفي (المتوفى: 257هـ),Abu Sacid Ashajj,NULL,NULL,NULL,NULL,0257,NULL,NULL,NULL,NULL,author,NULL,NULL,NULL,1,NULL,NULL,NULL,NULL,0257AbuSacidAshajj,OpenITI 2025.1.9
0257IbnCabdHakam,ابن عبد الحكم,Ibn Cabd Hakam,NULL,NULL,Ibn ʿAbd al-Ḥakam,NULL,0257,NULL,NULL,NULL,NULL,author,NULL,NULL,NULL,1,NULL,NULL,NULL,NULL,0257IbnCabdHakam,OpenITI 2025.1.9
0257IbnCarafaCabdi,أبو علي الحسن بن عرفة بن يزيد العبدي البغدادي (المتوفى: 257هـ),Ibn Carafa Cabdi,NULL,NULL,NULL,NULL,0257,NULL,NULL,NULL,NULL,author,NULL,NULL,NULL,1,NULL,NULL,NULL,NULL,0257IbnCarafaCabdi,OpenITI 2025.1.9
0258AhmadIbnFurat,أحمد بن الفرات بن خالد الضبي الرازي، أبو مسعود (المتوفى: 258هـ),Ahmad Ibn Furat,NULL,NULL,NULL,NULL,0258,NULL,NULL,NULL,NULL,author,NULL,NULL,NULL,2,NULL,NULL,NULL,NULL,0258AhmadIbnFurat,OpenITI 2025.1.9
0258IbnYahyaNaysaburi,محمد بن يحيى بن عبد الله الذهلي، مولاهم، النيسابورى، أبو عبد الله (المتوفى: 258هـ),Ibn Yahya Naysaburi,NULL,NULL,NULL,NULL,0258,NULL,NULL,NULL,NULL,author,NULL,NULL,NULL,1,NULL,NULL,NULL,NULL,0258IbnYahyaNaysaburi,OpenITI 2025.1.9
0259HunaynIbnIshaq,هنين بن اسحاق,Hunayn Ibn Ishaq,NULL,NULL,Hunayn b. Isḥāq,NULL,0259,NULL,NULL,NULL,NULL,author,NULL,NULL,NULL,24,NULL,NULL,NULL,NULL,0259HunaynIbnIshaq,OpenITI 2025.1.9
0259IbnYacqubJuzjani,الجوزجاني,Ibn Yacqub Juzjani,NULL,NULL,NULL,NULL,0259,NULL,NULL,NULL,NULL,author,NULL,NULL,NULL,2,NULL,NULL,NULL,NULL,0259IbnYacqubJuzjani,OpenITI 2025.1.9
0260AbuCaliZacfarani,الحافظ أبو علي الحسن بن محمد الصباح,Abu Cali Zacfarani,NULL,NULL,NULL,NULL,0260,NULL,NULL,NULL,NULL,author,NULL,NULL,NULL,1,NULL,NULL,NULL,NULL,0260AbuCaliZacfarani,OpenITI 2025.1.9
0260IbnSahlTabari,إبن سهل الطبري,Ibn Sahl Tabari,NULL,NULL,NULL,NULL,0260,NULL,NULL,NULL,NULL,author,NULL,NULL,NULL,1,NULL,NULL,NULL,NULL,0260IbnSahlTabari,OpenITI 2025.1.9
0260IbnShadhanAzdi,الفضل بن شاذان الأزدي,Ibn Shadhan Azdi,NULL,NULL,NULL,NULL,0260,NULL,NULL,NULL,NULL,author,NULL,NULL,NULL,1,NULL,NULL,NULL,NULL,0260IbnShadhanAzdi,OpenITI 2025.1.9
0260ImamCaskari,المنسوب إلى الإمام العسكري (ع),Imam Caskari,NULL,NULL,NULL,NULL,0260,NULL,NULL,NULL,NULL,author,NULL,NULL,NULL,1,NULL,NULL,NULL,NULL,0260ImamCaskari,OpenITI 2025.1.9
0261AbuHasanCijli,العجلي,Abu Hasan Cijli,NULL,NULL,al-ʿiǧlī,NULL,0261,NULL,NULL,NULL,NULL,author,NULL,NULL,NULL,1,NULL,NULL,NULL,NULL,0261AbuHasanCijli,OpenITI 2025.1.9
0261Khassaf,الخصاف,Khassaf,NULL,NULL,al-Ḫaṣṣāf,NULL,0261,NULL,NULL,NULL,NULL,author,NULL,NULL,NULL,2,NULL,NULL,NULL,NULL,0261Khassaf,OpenITI 2025.1.9
0261Muslim,مسلم,Muslim,NULL,NULL,Muslim,NULL,0261,NULL,NULL,NULL,NULL,author,NULL,NULL,NULL,4,NULL,NULL,NULL,NULL,0261Muslim,OpenITI 2025.1.9
0262CumarIbnShabba,عمر بن شبة,Cumar Ibn Shabba,NULL,NULL,ʿUmar b. Šabbaŧ,NULL,0262,NULL,NULL,NULL,NULL,author,NULL,NULL,NULL,1,NULL,NULL,NULL,NULL,0262CumarIbnShabba,OpenITI 2025.1.9
0262IbnCasimIsbahani,محمد بن عاصم,Ibn Casim Isbahani,NULL,NULL,NULL,NULL,0262,NULL,NULL,NULL,NULL,author,NULL,NULL,NULL,1,NULL,NULL,NULL,NULL,0262IbnCasimIsbahani,OpenITI 2025.1.9
0262IbnMatarWasiti,بشر بن مطر بن ثابت أبو أحمد الدقاق الواسطي (المتوفى: 262هـ),Ibn Matar Wasiti,NULL,NULL,NULL,NULL,0262,NULL,NULL,NULL,NULL,author,NULL,NULL,NULL,1,NULL,NULL,NULL,NULL,0262IbnMatarWasiti,OpenITI 2025.1.9
0262YacqubIbnShayba,يعقوب بن شيبة,Yacqub Ibn Shayba,NULL,NULL,Yaʿqūb b. Šaybaŧ,NULL,0262,NULL,NULL,NULL,NULL,author,NULL,NULL,NULL,2,NULL,NULL,NULL,NULL,0262YacqubIbnShayba,OpenITI 2025.1.9
0264IbnYahyaMuzani,المزني,Ibn Yahya Muzani,NULL,NULL,al-Muzanī,NULL,0264,NULL,NULL,NULL,NULL,author,NULL,NULL,NULL,3,NULL,NULL,NULL,NULL,0264IbnYahyaMuzani,OpenITI 2025.1.9
0265CaliIbnHarbTai,على بن حرب بن محمد بن على الطائى، أبو الحسن الموصلى (المتوفى: 265هـ),Cali Ibn Harb Tai,NULL,NULL,NULL,NULL,0265,NULL,NULL,NULL,NULL,author,NULL,NULL,NULL,2,NULL,NULL,NULL,NULL,0265CaliIbnHarbTai,OpenITI 2025.1.9
0265SacdanIbnNasr,أبو عثمان سعدان بن نصر بن منصور المخرمي المتوفى سنة 265 ه,Sacdan Ibn Nasr,NULL,NULL,NULL,NULL,0265,NULL,NULL,NULL,NULL,author,NULL,NULL,NULL,3,NULL,NULL,NULL,NULL,0265SacdanIbnNasr,OpenITI 2025.1.9
0265SalihIbnHanbal,لأبي الفضل صالح أحمد بن حنبل,Salih Ibn Hanbal,NULL,NULL,NULL,NULL,0265,NULL,NULL,NULL,NULL,author,NULL,NULL,NULL,1,NULL,NULL,NULL,NULL,0265SalihIbnHanbal,OpenITI 2025.1.9
0267HammadIbnIshaq,حماد بن إسحاق,Hammad Ibn Ishaq,NULL,NULL,NULL,NULL,0267,NULL,NULL,NULL,NULL,author,NULL,NULL,NULL,1,NULL,NULL,NULL,NULL,0267HammadIbnIshaq,OpenITI 2025.1.9
0267IbnCabdAllahTarqufi,أبو محمد عباس بن عبد الله بن أبي عيسى الباكسائي، الترقفي (المتوفى: 267هـ),Ibn Cabd Allah Tarqufi,NULL,NULL,NULL,NULL,0267,NULL,NULL,NULL,NULL,author,NULL,NULL,NULL,1,NULL,NULL,NULL,NULL,0267IbnCabdAllahTarqufi,OpenITI 2025.1.9
0270IbnCabdAllahKhutali,أبو إسحاق إبراهيم بن عبد الله بن الجنيد، الختلي، ثم السرمرائي (المتوفى: نحو 270هـ),Ibn Cabd Allah Khutali,NULL,NULL,NULL,NULL,0270,NULL,NULL,NULL,NULL,author,NULL,NULL,NULL,1,NULL,NULL,NULL,NULL,0270IbnCabdAllahKhutali,OpenITI 2025.1.9
0270IbnCaffanKufi,ابني عفان,Ibn Caffan Kufi,NULL,NULL,NULL,NULL,0270,NULL,NULL,NULL,NULL,author,NULL,NULL,NULL,1,NULL,NULL,NULL,NULL,0270IbnCaffanKufi,OpenITI 2025.1.9
0271CabbasDuri,عباس الدوري,Cabbas Duri,NULL,NULL,ʿAbbās al-Dūrī,NULL,0271,NULL,NULL,NULL,NULL,author,NULL,NULL,NULL,1,NULL,NULL,NULL,NULL,0271CabbasDuri,OpenITI 2025.1.9
0271IbnSinanQazzaz,محمد بن سنان بن يزيد، أبو الحسن القزاز البصري (المتوفى: 271هـ),Ibn Sinan Qazzaz,NULL,NULL,NULL,NULL,0271,NULL,NULL,NULL,NULL,author,NULL,NULL,NULL,1,NULL,NULL,NULL,NULL,0271IbnSinanQazzaz,OpenITI 2025.1.9
0272IbnAbiRabic,ابن أبي ربيع,Ibn Abi Rabic,NULL,NULL,Ibn Abī Rabīʿ,NULL,0272,NULL,NULL,NULL,NULL,author,NULL,NULL,NULL,1,NULL,NULL,NULL,NULL,0272IbnAbiRabic,OpenITI 2025.1.9
0272IbnCassamIsbahani,أحمد بن عاصم,Ibn Cassam Isbahani,NULL,NULL,NULL,NULL,0272,NULL,NULL,NULL,NULL,author,NULL,NULL,NULL,1,NULL,NULL,NULL,NULL,0272IbnCassamIsbahani,OpenITI 2025.1.9
0272IbnIshaqFakihi,محمد ابن اسحاق الفاكهي,Ibn Ishaq Fakihi,NULL,NULL,Muḥammad Ibn Isḥāq al-Fākihī,NULL,0272,NULL,NULL,NULL,NULL,author,NULL,NULL,NULL,2,NULL,NULL,NULL,NULL,0272IbnIshaqFakihi,OpenITI 2025.1.9
0273AbuBakrAthram,أبو بكر أحمد بن محمد بن هانئ الإسكافي الأثرم الطائي وقيل: الكلبي (المتوفى: 273هـ),Abu Bakr Athram,NULL,NULL,NULL,NULL,0273,NULL,NULL,NULL,NULL,author,NULL,NULL,NULL,3,NULL,NULL,NULL,NULL,0273AbuBakrAthram,OpenITI 2025.1.9
0273AbuMacsharBalkhi,أبو معشر البلخي,Abu Macshar Balkhi,NULL,NULL,Abū Maʿšar al-Balḫī,NULL,0273,NULL,NULL,NULL,NULL,author,NULL,NULL,NULL,3,NULL,NULL,NULL,NULL,0273AbuMacsharBalkhi,OpenITI 2025.1.9
0273AbuUmayyaTarsusi,أبو أمية محمد بن إبراهيم بن مسلم الخزاعي البغدادي ثم الطرسوسي (المتوفى: 273هـ),Abu Umayya Tarsusi,NULL,NULL,NULL,NULL,0273,NULL,NULL,NULL,NULL,author,NULL,NULL,NULL,2,NULL,NULL,NULL,NULL,0273AbuUmayyaTarsusi,OpenITI 2025.1.9
0273HanbalIbnIshaqShaybani,حنبل بن إسحاق,Hanbal Ibn Ishaq Shaybani,NULL,NULL,NULL,NULL,0273,NULL,NULL,NULL,NULL,author,NULL,NULL,NULL,2,NULL,NULL,NULL,NULL,0273HanbalIbnIshaqShaybani,OpenITI 2025.1.9
0273IbnMaja,محمد بن يزيد أبو عبدالله القزويني,Ibn Maja,NULL,NULL,NULL,NULL,0273,NULL,NULL,NULL,NULL,author,NULL,NULL,NULL,1,NULL,NULL,NULL,NULL,0273IbnMaja,OpenITI 2025.1.9
0274AhmadBarqi,أحمد بن محمد بن خالد البرقي,Ahmad Barqi,NULL,NULL,NULL,NULL,0274,NULL,NULL,NULL,NULL,author,NULL,NULL,NULL,2,NULL,NULL,NULL,NULL,0274AhmadBarqi,OpenITI 2025.1.9
0275AbuBakrMarrudhi,أبو بكر المروذي,Abu Bakr Marrudhi,NULL,NULL,Abū Bakr al-Marrūḏī,NULL,0275,NULL,NULL,NULL,NULL,author,NULL,NULL,NULL,2,NULL,NULL,NULL,NULL,0275AbuBakrMarrudhi,OpenITI 2025.1.9
0275AbuCaliShacrani,أبو علي الشعراني,Abu Cali Shacrani,NULL,NULL,Abū ʿAlī al-Šaʿrānī,NULL,0275,NULL,NULL,NULL,NULL,author,NULL,NULL,NULL,1,NULL,NULL,NULL,NULL,0275AbuCaliShacrani,OpenITI 2025.1.9
0275AbuDawudSijistani,أبو داود السجستاني,Abu Dawud Sijistani,NULL,NULL,NULL,NULL,0275,NULL,NULL,NULL,NULL,author,NULL,NULL,NULL,6,NULL,NULL,NULL,NULL,0275AbuDawudSijistani,OpenITI 2025.1.9
0275AbuHawariCumani,أبو الحواري الأعمى,Abu Hawari Cumani,NULL,NULL,Abū al-Ḥawārī al-Aʿmá,NULL,0275,NULL,NULL,NULL,NULL,author,NULL,NULL,NULL,1,NULL,NULL,NULL,NULL,0275AbuHawariCumani,OpenITI 2025.1.9
0275AnonTranslator,(مترجم مجهول),Anon Translator,NULL,NULL,(mutarjim majhūl),NULL,0275,NULL,NULL,NULL,NULL,author,NULL,NULL,NULL,1,NULL,NULL,NULL,NULL,0275AnonTranslator,OpenITI 2025.1.9
0275Anonymous,أبو محمد عبد الله بن وهب بن مسلم المصري القرشي (المتوفى: 197هـ),Anonymous,NULL,NULL,NULL,NULL,0275,NULL,NULL,NULL,NULL,author,NULL,NULL,NULL,1,NULL,NULL,NULL,NULL,0275Anonymous,OpenITI 2025.1.9
0275GhulamKhalil,غلام خليل,Ghulam Khalil,NULL,NULL,Ġulām Ḫalīl,NULL,0275,NULL,NULL,NULL,NULL,author,NULL,NULL,NULL,1,NULL,NULL,NULL,NULL,0275GhulamKhalil,OpenITI 2025.1.9
0275IbnMulacibMukharrimi,أحمد بن ملاعب أبو الفضل البغدادي المخرمي (المتوفى: 275هـ),Ibn Mulacib Mukharrimi,NULL,NULL,NULL,NULL,0275,NULL,NULL,NULL,NULL,author,NULL,NULL,NULL,1,NULL,NULL,NULL,NULL,0275IbnMulacibMukharrimi,OpenITI 2025.1.9
0275IstifanIbnBasil,اصطفن ابن بسيل,Istifan Ibn Basil,NULL,NULL,Iṣṭifan ibn Basīl,NULL,0275,NULL,NULL,NULL,NULL,author,NULL,NULL,NULL,1,NULL,NULL,NULL,NULL,0275IstifanIbnBasil,OpenITI 2025.1.9
0275LawwabIbnSallam,لواب بن سلام,Lawwab Ibn Sallam,NULL,NULL,Lawwāb b. Sallām,NULL,0275,NULL,NULL,NULL,NULL,author,NULL,NULL,NULL,1,NULL,NULL,NULL,NULL,0275LawwabIbnSallam,OpenITI 2025.1.9
0275Sukkari,أبو سعيد السكري,Sukkari,NULL,NULL,NULL,NULL,0275,NULL,NULL,NULL,NULL,author,NULL,NULL,NULL,1,NULL,NULL,NULL,NULL,0275Sukkari,OpenITI 2025.1.9
0275ThayadurusIbnBasil,ثيادورس ابن بسيل,Thayadurus Ibn Basil,NULL,NULL,Ṯayādūrus Ibn Basīl,NULL,0275,NULL,NULL,NULL,NULL,author,NULL,NULL,NULL,1,NULL,NULL,NULL,NULL,0275ThayadurusIbnBasil,OpenITI 2025.1.9
0275Ustath,أسطاث,Ustath,NULL,NULL,Usṭāṯ,NULL,0275,NULL,NULL,NULL,NULL,author,NULL,NULL,NULL,3,NULL,NULL,NULL,NULL,0275Ustath,OpenITI 2025.1.9
0276IbnHazimGhifari,أحمد بن حازم بن محمد بن يونس بن قيس بن أبي غرزة، أبو عمرو الغفاري الكوفي (المتوفى: 276هـ),Ibn Hazim Ghifari,NULL,NULL,NULL,NULL,0276,NULL,NULL,NULL,NULL,author,NULL,NULL,NULL,1,NULL,NULL,NULL,NULL,0276IbnHazimGhifari,OpenITI 2025.1.9
0276IbnMukhalladQurtubi,بقي بن مخلد,Ibn Mukhallad Qurtubi,NULL,NULL,NULL,NULL,0276,NULL,NULL,NULL,NULL,author,NULL,NULL,NULL,1,NULL,NULL,NULL,NULL,0276IbnMukhalladQurtubi,OpenITI 2025.1.9
0276IbnQutaybaDinawari,ابن قتيبة، الدينوري,Ibn Qutayba Dinawari,NULL,NULL,"Ibn Qutaybaŧ, al-Dīnawarī",NULL,0276,NULL,NULL,NULL,NULL,author,NULL,NULL,NULL,18,NULL,NULL,NULL,NULL,0276IbnQutaybaDinawari,OpenITI 2025.1.9
0277AbuHatimRazi,محمد بن إدريس بن المنذر بن داود بن مهران الحنظلي الرازي (المتوفى : 277هـ),Abu Hatim Razi,NULL,NULL,NULL,NULL,0277,NULL,NULL,NULL,NULL,author,NULL,NULL,NULL,1,NULL,NULL,NULL,NULL,0277AbuHatimRazi,OpenITI 2025.1.9
0277IbnSufyanFasawi,بن سفيان الفسوي,Ibn Sufyan Fasawi,NULL,NULL,b. sufyān al-fasawī,NULL,0277,NULL,NULL,NULL,NULL,author,NULL,NULL,NULL,2,NULL,NULL,NULL,NULL,0277IbnSufyanFasawi,OpenITI 2025.1.9
0277MuhammadHunayni,أبو جعفر محمد بن الحسين بن موسى الحنيني,Muhammad Hunayni,NULL,NULL,NULL,NULL,0277,NULL,NULL,NULL,NULL,author,NULL,NULL,NULL,1,NULL,NULL,NULL,NULL,0277MuhammadHunayni,OpenITI 2025.1.9
0277YahyaIbnHasanCaqiqi,يحيى بن الحسن العقيقي,Yahya Ibn Hasan Caqiqi,NULL,NULL,Yaḥyá b. al-Ḥasan al-ʿAqīqī,NULL,0277,NULL,NULL,NULL,NULL,author,NULL,NULL,NULL,1,NULL,NULL,NULL,NULL,0277YahyaIbnHasanCaqiqi,OpenITI 2025.1.9
0278IbnMarthadTabarani,هاشم بن مرثد الطبراني,Ibn Marthad Tabarani,NULL,NULL,Hāšim b. Marṯad al-Ṭabarānī,NULL,0278,NULL,NULL,NULL,NULL,author,NULL,NULL,NULL,1,NULL,NULL,NULL,NULL,0278IbnMarthadTabarani,OpenITI 2025.1.9
0279Baladhuri,بلاذري,Baladhuri,NULL,NULL,Balāḏurī,NULL,0279,NULL,NULL,NULL,NULL,author,NULL,NULL,NULL,2,NULL,NULL,NULL,NULL,0279Baladhuri,OpenITI 2025.1.9
0279IbnAbiKhaythama,ابن أبي خيثمة,Ibn Abi Khaythama,NULL,NULL,Ibn Abī Ḫayṯamaŧ,NULL,0279,NULL,NULL,NULL,NULL,author,NULL,NULL,NULL,1,NULL,NULL,NULL,NULL,0279IbnAbiKhaythama,OpenITI 2025.1.9
0279Tirmidhi,أبو طالب القاضي,Tirmidhi,NULL,NULL,NULL,NULL,0279,NULL,NULL,NULL,NULL,author,NULL,NULL,NULL,5,NULL,NULL,NULL,NULL,0279Tirmidhi,OpenITI 2025.1.9
0280AbuCabbasBirti,أحمد بن محمد بن عيسى البرتي,Abu Cabbas Birti,NULL,NULL,NULL,NULL,0280,NULL,NULL,NULL,NULL,author,NULL,NULL,NULL,1,NULL,NULL,NULL,NULL,0280AbuCabbasBirti,OpenITI 2025.1.9
0280CuthmanIbnSacidDarimi,عثمان بن سعيد الدارمي,Cuthman Ibn Sacid Darimi,NULL,NULL,ʿUṯmān b. Saʿīd al-Dārimī,NULL,0280,NULL,NULL,NULL,NULL,author,NULL,NULL,NULL,3,NULL,NULL,NULL,NULL,0280CuthmanIbnSacidDarimi,OpenITI 2025.1.9
0280HudHawwari,الهواري - إباضي,Hud Hawwari,NULL,NULL,NULL,NULL,0280,NULL,NULL,NULL,NULL,author,NULL,NULL,NULL,1,NULL,NULL,NULL,NULL,0280HudHawwari,OpenITI 2025.1.9
0280IbnIsmacilKirmani,حرب بن اسماعيل الكرماني,Ibn Ismacil Kirmani,NULL,NULL,Ḥarb b. Ismāʿīl al-Kirmānī,NULL,0280,NULL,NULL,NULL,NULL,author,NULL,NULL,NULL,1,NULL,NULL,NULL,NULL,0280IbnIsmacilKirmani,OpenITI 2025.1.9
0280IbnTayfur,ابن طيفور,Ibn Tayfur,NULL,NULL,Ibn Ṭayfūr,NULL,0280,NULL,NULL,NULL,NULL,author,NULL,NULL,NULL,2,NULL,NULL,NULL,NULL,0280IbnTayfur,OpenITI 2025.1.9
0281AbuCamrHilalRaqqi,أبو عمر هلال بن العلاء بن هلال الباهلي القتبي الرقي,Abu Camr Hilal Raqqi,NULL,NULL,NULL,NULL,0281,NULL,NULL,NULL,NULL,author,NULL,NULL,NULL,1,NULL,NULL,NULL,NULL,0281AbuCamrHilalRaqqi,OpenITI 2025.1.9
0281AbuZurcaDimashqi,عبد الرحمن بن عمرو بن عبد الله بن صفوان النصري المشهور بأبي زرعة الدمشقي الملقب بشيخ الشباب (المتوفى: 281هـ),Abu Zurca Dimashqi,NULL,NULL,NULL,NULL,0281,NULL,NULL,NULL,NULL,author,NULL,NULL,NULL,2,NULL,NULL,NULL,NULL,0281AbuZurcaDimashqi,OpenITI 2025.1.9
0281IbnAbiDunya,ابن أبي الدنيا,Ibn Abi Dunya,NULL,NULL,Ibn Abī al-Dunyā,NULL,0281,NULL,NULL,NULL,NULL,author,NULL,NULL,NULL,63,NULL,NULL,NULL,NULL,0281IbnAbiDunya,OpenITI 2025.1.9
0281IbnDizilHamdani,إبراهيم بن الحسين بن علي الهمداني الكسائي المعروف بابن ديزيل (281 هـ),Ibn Dizil Hamdani,NULL,NULL,NULL,NULL,0281,NULL,NULL,NULL,NULL,author,NULL,NULL,NULL,1,NULL,NULL,NULL,NULL,0281IbnDizilHamdani,OpenITI 2025.1.9
0282AbuHanifaDinawari,أبو حنيفة الدينوري,Abu Hanifa Dinawari,NULL,NULL,Abū Ḥanīfaŧ al-Dīnawarī,NULL,0282,NULL,NULL,NULL,NULL,author,NULL,NULL,NULL,1,NULL,NULL,NULL,NULL,0282AbuHanifaDinawari,OpenITI 2025.1.9
0282IbnAbiUsamaTamimi,الحارث بن أبي أسامة / الحافظ نور الدين الهيثمي,Ibn Abi Usama Tamimi,NULL,NULL,NULL,NULL,0282,NULL,NULL,NULL,NULL,author,NULL,NULL,NULL,2,NULL,NULL,NULL,NULL,0282IbnAbiUsamaTamimi,OpenITI 2025.1.9
0282IbnHarbCaskari,أبو إسحاق إبراهيم بن حرب العسكري، السمسار (المتوفى: بعد 282هـ),Ibn Harb Caskari,NULL,NULL,NULL,NULL,0282,NULL,NULL,NULL,NULL,author,NULL,NULL,NULL,1,NULL,NULL,NULL,NULL,0282IbnHarbCaskari,OpenITI 2025.1.9
0282IbnIshaqJahdami,القاضي أبو إسحاق إسماعيل بن إسحاق بن إسماعيل بن حماد بن زيد الأزدي البصري ثم البغدادي المالكي الجهضمي (المتوفى: 282هـ),Ibn Ishaq Jahdami,NULL,NULL,NULL,NULL,0282,NULL,NULL,NULL,NULL,author,NULL,NULL,NULL,4,NULL,NULL,NULL,NULL,0282IbnIshaqJahdami,OpenITI 2025.1.9
0283AbuIshaqThaqafi,إبراهيم بن محمد الثقفي,Abu Ishaq Thaqafi,NULL,NULL,NULL,NULL,0283,NULL,NULL,NULL,NULL,author,NULL,NULL,NULL,1,NULL,NULL,NULL,NULL,0283AbuIshaqThaqafi,OpenITI 2025.1.9
0283BaghandiKabir,الباغندي الكبير محمد بن سليمان بن الحارث الواسطي، أبو بكر الباغندي، والد الحافظ محمد بن محمد الباغندي (المتوفى: 283هـ),Baghandi Kabir,NULL,NULL,NULL,NULL,0283,NULL,NULL,NULL,NULL,author,NULL,NULL,NULL,1,NULL,NULL,NULL,NULL,0283BaghandiKabir,OpenITI 2025.1.9
0283CamrusIbnFath,عمروس بن فتح النفوسي,Camrus Ibn Fath,NULL,NULL,NULL,NULL,0283,NULL,NULL,NULL,NULL,author,NULL,NULL,NULL,1,NULL,NULL,NULL,NULL,0283CamrusIbnFath,OpenITI 2025.1.9
0283IbnIbrahimKhuttali,إسحاق بن إبراهيم بن سنين أبو القاسم الختلي (المتوفى: 283هـ),Ibn Ibrahim Khuttali,NULL,NULL,NULL,NULL,0283,NULL,NULL,NULL,NULL,author,NULL,NULL,NULL,1,NULL,NULL,NULL,NULL,0283IbnIbrahimKhuttali,OpenITI 2025.1.9
0283IbnRumi,ابن الرومي,Ibn Rumi,NULL,NULL,NULL,NULL,0283,NULL,NULL,NULL,NULL,author,NULL,NULL,NULL,1,NULL,NULL,NULL,NULL,0283IbnRumi,OpenITI 2025.1.9
0283SahlTustari,أبو محمد سهل بن عبد الله بن يونس بن رفيع التستري (المتوفى: 283هـ),Sahl Tustari,NULL,NULL,NULL,NULL,0283,NULL,NULL,NULL,NULL,author,NULL,NULL,NULL,1,NULL,NULL,NULL,NULL,0283SahlTustari,OpenITI 2025.1.9
0284Bandaniji,البندنيجي,Bandaniji,NULL,NULL,NULL,NULL,0284,NULL,NULL,NULL,NULL,author,NULL,NULL,NULL,1,NULL,NULL,NULL,NULL,0284Bandaniji,OpenITI 2025.1.9
0284Buhturi,البحتري,Buhturi,NULL,NULL,NULL,NULL,0284,NULL,NULL,NULL,NULL,author,NULL,NULL,NULL,2,NULL,NULL,NULL,NULL,0284Buhturi,OpenITI 2025.1.9
0284MuhammadIbnQasimRassi,لإمام محمد بن القاسم بن إبراهيم عليهم السلام,Muhammad Ibn Qasim Rassi,NULL,NULL,NULL,NULL,0284,NULL,NULL,NULL,NULL,author,NULL,NULL,NULL,1,NULL,NULL,NULL,NULL,0284MuhammadIbnQasimRassi,OpenITI 2025.1.9
0284YazidIbnHaythamDaqqaq,يزيد بن هيثم الدققاق,Yazid Ibn Haytham Daqqaq,NULL,NULL,Yazīd b. Hayṯam al-Daqqāq,NULL,0284,NULL,NULL,NULL,NULL,author,NULL,NULL,NULL,1,NULL,NULL,NULL,NULL,0284YazidIbnHaythamDaqqaq,OpenITI 2025.1.9
0285IbnIbrahimSancani,أبو يعقوب إسحاق بن إبراهيم بن عباد الصنعاني الدبري (المتوفى: 285هـ),Ibn Ibrahim Sancani,NULL,NULL,NULL,NULL,0285,NULL,NULL,NULL,NULL,author,NULL,NULL,NULL,1,NULL,NULL,NULL,NULL,0285IbnIbrahimSancani,OpenITI 2025.1.9
0285IbnYazidMubarrad,ابن يزيد المبرد,Ibn Yazid Mubarrad,NULL,NULL,Ibn Yazīd al-Mubarrad,NULL,0285,NULL,NULL,NULL,NULL,author,NULL,NULL,NULL,8,NULL,NULL,NULL,NULL,0285IbnYazidMubarrad,OpenITI 2025.1.9
0285IbrahimHarbi,إبراهيم بن إسحاق الحربي أبو إسحاق,Ibrahim Harbi,NULL,NULL,NULL,NULL,0285,NULL,NULL,NULL,NULL,author,NULL,NULL,NULL,3,NULL,NULL,NULL,NULL,0285IbrahimHarbi,OpenITI 2025.1.9
0286AbuHasanMakki,أبو الحسن المكي,Abu Hasan Makki,NULL,NULL,Abū al-Ḥasan al-Makkī,NULL,0286,NULL,NULL,NULL,NULL,author,NULL,NULL,NULL,1,NULL,NULL,NULL,NULL,0286AbuHasanMakki,OpenITI 2025.1.9
0286AbuSacidKharraz,أحمد بن عيسى الخراز,Abu Sacid Kharraz,NULL,NULL,Aḥmad b. ʿĪsá al-Ḫarrāz,NULL,0286,NULL,NULL,NULL,NULL,author,NULL,NULL,NULL,1,NULL,NULL,NULL,NULL,0286AbuSacidKharraz,OpenITI 2025.1.9
0286IbnHakamHibari,حسين بن حكم الكوفي الحبري‏,Ibn Hakam Hibari,NULL,NULL,NULL,NULL,0286,NULL,NULL,NULL,NULL,author,NULL,NULL,NULL,1,NULL,NULL,NULL,NULL,0286IbnHakamHibari,OpenITI 2025.1.9
0286IbnWaddahQurtubi,ابن وضاح,Ibn Waddah Qurtubi,NULL,NULL,NULL,NULL,0286,NULL,NULL,NULL,NULL,author,NULL,NULL,NULL,1,NULL,NULL,NULL,NULL,0286IbnWaddahQurtubi,OpenITI 2025.1.9
0287IbnAbiCasim,ابن أبي عاصم,Ibn Abi Casim,NULL,NULL,Ibn Abī ʿĀṣim,NULL,0287,NULL,NULL,NULL,NULL,author,NULL,NULL,NULL,8,NULL,NULL,NULL,NULL,0287IbnAbiCasim,OpenITI 2025.1.9
0288ThabitIbnQurra,ثابت ابن قرة,Thabit Ibn Qurra,NULL,NULL,Ṯābit ibn Qurraŧ,NULL,0288,NULL,NULL,NULL,NULL,author,NULL,NULL,NULL,6,NULL,NULL,NULL,NULL,0288ThabitIbnQurra,OpenITI 2025.1.9
0288Ushnandani,الأشنانداني,Ushnandani,NULL,NULL,al-Ušnāndānī,NULL,0288,NULL,NULL,NULL,NULL,author,NULL,NULL,NULL,1,NULL,NULL,NULL,NULL,0288Ushnandani,OpenITI 2025.1.9
0289YahyaBinCumarAndalusi,الفقيه أبي زكريا يحيى بن عمر بن يوسف الكناني الأندلسي (213 - 289ه),Yahya Bin Cumar Andalusi,NULL,NULL,NULL,NULL,0289,NULL,NULL,NULL,NULL,author,NULL,NULL,NULL,1,NULL,NULL,NULL,NULL,0289YahyaBinCumarAndalusi,OpenITI 2025.1.9
0290IbnAhmadIbnHanbal,أبو عبد الرحمان عبد الله بن أحمد بن محمد بن حنبل الشيباني,Ibn Ahmad Ibn Hanbal,NULL,NULL,NULL,NULL,0290,NULL,NULL,NULL,NULL,author,NULL,NULL,NULL,2,NULL,NULL,NULL,NULL,0290IbnAhmadIbnHanbal,OpenITI 2025.1.9
0290IbnCaliKhuyutiAbbar,أبو العباس أحمد بن علي بن مسلم الأبار,Ibn Cali Khuyuti Abbar,NULL,NULL,NULL,NULL,0290,NULL,NULL,NULL,NULL,author,NULL,NULL,NULL,1,NULL,NULL,NULL,NULL,0290IbnCaliKhuyutiAbbar,OpenITI 2025.1.9
0290IbnHasanSaffar,محمد بن حسن الصفار,Ibn Hasan Saffar,NULL,NULL,NULL,NULL,0290,NULL,NULL,NULL,NULL,author,NULL,NULL,NULL,1,NULL,NULL,NULL,NULL,0290IbnHasanSaffar,OpenITI 2025.1.9
0290IbnMansurMuradi,ابن منصور المرادي,Ibn Mansur Muradi,NULL,NULL,Ibn Manṣūr al-Murādī,NULL,0290,NULL,NULL,NULL,NULL,author,NULL,NULL,NULL,1,NULL,NULL,NULL,NULL,0290IbnMansurMuradi,OpenITI 2025.1.9
0290MufaddalIbnSalama,المفضل بن سلمة بن عاصم، أبو طالب (المتوفى: نحو 290هـ),Mufaddal Ibn Salama,NULL,NULL,NULL,NULL,0290,NULL,NULL,NULL,NULL,author,NULL,NULL,NULL,1,NULL,NULL,NULL,NULL,0290MufaddalIbnSalama,OpenITI 2025.1.9
0291IbnYahyaThaclab,أحمد بن يحيى بن زيد بن سيار الشيباني بالولاء، أبو العباس، المعروف بثعلب (المتوفى: 291هـ),Ibn Yahya Thaclab,NULL,NULL,NULL,NULL,0291,NULL,NULL,NULL,NULL,author,NULL,NULL,NULL,3,NULL,NULL,NULL,NULL,0291IbnYahyaThaclab,OpenITI 2025.1.9
0292AbuBakrBazzar,أبو بكر أحمد بن عمرو بن عبد الخالق البزار,Abu Bakr Bazzar,NULL,NULL,NULL,NULL,0292,NULL,NULL,NULL,NULL,author,NULL,NULL,NULL,1,NULL,NULL,NULL,NULL,0292AbuBakrBazzar,OpenITI 2025.1.9
0292Bahshal,بحشل الواصطي,Bahshal,NULL,NULL,baḥšal al-wāṣiṭī,NULL,0292,NULL,NULL,NULL,NULL,author,NULL,NULL,NULL,1,NULL,NULL,NULL,NULL,0292Bahshal,OpenITI 2025.1.9
0292IbnCaliMarwazi,أبو بكر أحمد بن علي بن سعيد بن إبراهيم الأموي المروزي (المتوفى: 292هـ),Ibn Cali Marwazi,NULL,NULL,NULL,NULL,0292,NULL,NULL,NULL,NULL,author,NULL,NULL,NULL,2,NULL,NULL,NULL,NULL,0292IbnCaliMarwazi,OpenITI 2025.1.9
0292SacidBardhaci,عبيد الله بن عبد الكريم بن يزيد الرازي أبو زرعة,Sacid Bardhaci,NULL,NULL,NULL,NULL,0292,NULL,NULL,NULL,NULL,author,NULL,NULL,NULL,2,NULL,NULL,NULL,NULL,0292SacidBardhaci,OpenITI 2025.1.9
0292Yacqubi,اليعقوبي، ابن واضح الأخباري,Yacqubi,NULL,NULL,"al-Yaʿqūbī, Ibn Wāḍiḥ al-Aḫbārī",NULL,0292,NULL,NULL,NULL,NULL,author,NULL,NULL,NULL,3,NULL,NULL,NULL,NULL,0292Yacqubi,OpenITI 2025.1.9
0294IbnDurays,أبو عبد الله محمد بن أيوب بن يحيى بن الضريس بن يسار الضريس البجلي الرازي (المتوفى : 294هـ),Ibn Durays,NULL,NULL,NULL,NULL,0294,NULL,NULL,NULL,NULL,author,NULL,NULL,NULL,2,NULL,NULL,NULL,NULL,0294IbnDurays,OpenITI 2025.1.9
0294IbnHarunBazzaz,أبو عمران موسى بن هارون بن عبد الله البزاز,Ibn Harun Bazzaz,NULL,NULL,NULL,NULL,0294,NULL,NULL,NULL,NULL,author,NULL,NULL,NULL,1,NULL,NULL,NULL,NULL,0294IbnHarunBazzaz,OpenITI 2025.1.9
0294IbnNasrMarwazi,محمد بن نصر المروزي أبو عبد الله,Ibn Nasr Marwazi,NULL,NULL,NULL,NULL,0294,NULL,NULL,NULL,NULL,author,NULL,NULL,NULL,4,NULL,NULL,NULL,NULL,0294IbnNasrMarwazi,OpenITI 2025.1.9
0295AbuJacfarTirmidhi,أبو جعفر الترمذي محمد بن أحمد بن نصر الشافعي الترمذي الرملي الفقيه (المتوفى: 295هـ),Abu Jacfar Tirmidhi,NULL,NULL,NULL,NULL,0295,NULL,NULL,NULL,NULL,author,NULL,NULL,NULL,1,NULL,NULL,NULL,NULL,0295AbuJacfarTirmidhi,OpenITI 2025.1.9
0295IbnHasanHarrani,عبد الله بن الحسن أحمد، أبو شعيب الأموي الحراني (المتوفى: 295هـ),Ibn Hasan Harrani,NULL,NULL,NULL,NULL,0295,NULL,NULL,NULL,NULL,author,NULL,NULL,NULL,1,NULL,NULL,NULL,NULL,0295IbnHasanHarrani,OpenITI 2025.1.9
0296IbnMuctazz,عبد الله بن محمد ابن المعتز العباسي (المتوفى : 296هـ),Ibn Muctazz,NULL,NULL,NULL,NULL,0296,NULL,NULL,NULL,NULL,author,NULL,NULL,NULL,3,NULL,NULL,NULL,NULL,0296IbnMuctazz,OpenITI 2025.1.9
0296MuhammadIbnJarrah,أبو عبد الله محمد بن داود بن الجراح,Muhammad Ibn Jarrah,NULL,NULL,NULL,NULL,0296,NULL,NULL,NULL,NULL,author,NULL,NULL,NULL,2,NULL,NULL,NULL,NULL,0296MuhammadIbnJarrah,OpenITI 2025.1.9
0297IbnAbiShaybaAbuJacfar,ابن أبي شيبة,Ibn Abi Shayba Abu Jacfar,NULL,NULL,NULL,NULL,0297,NULL,NULL,NULL,NULL,author,NULL,NULL,NULL,2,NULL,NULL,NULL,NULL,0297IbnAbiShaybaAbuJacfar,OpenITI 2025.1.9
0297IbnDawudZahiri,ابن داود الظاهري,Ibn Dawud Zahiri,NULL,NULL,NULL,NULL,0297,NULL,NULL,NULL,NULL,author,NULL,NULL,NULL,1,NULL,NULL,NULL,NULL,0297IbnDawudZahiri,OpenITI 2025.1.9
0298HadiIlaHaqqYahya,الهادي الى الحقق يحيى,Hadi Ila Haqq Yahya,NULL,NULL,al-Hādī Ilá al-Ḥaqq Yaḥyá,NULL,0298,NULL,NULL,NULL,NULL,author,NULL,NULL,NULL,43,NULL,NULL,NULL,NULL,0298HadiIlaHaqqYahya,OpenITI 2025.1.9
0298IbnCalawayhQattan,أبو محمد الحسن بن علي بن محمد القطان المعروف بابن علويه,Ibn Calawayh Qattan,NULL,NULL,NULL,NULL,0298,NULL,NULL,NULL,NULL,author,NULL,NULL,NULL,1,NULL,NULL,NULL,NULL,0298IbnCalawayhQattan,OpenITI 2025.1.9
0298IshaqIbnHunayn,اسحاق بن حنين,Ishaq Ibn Hunayn,NULL,NULL,Isḥāq b. Ḥunayn,NULL,0298,NULL,NULL,NULL,NULL,author,NULL,NULL,NULL,9,NULL,NULL,NULL,NULL,0298IshaqIbnHunayn,OpenITI 2025.1.9
0298Junayd,الجنيد,Junayd,NULL,NULL,al-Junayd,NULL,0298,NULL,NULL,NULL,NULL,author,NULL,NULL,NULL,2,NULL,NULL,NULL,NULL,0298Junayd,OpenITI 2025.1.9
0299IbnKaysan,ابن كيسان,Ibn Kaysan,NULL,NULL,Ibn Kaysān,NULL,0299,NULL,NULL,NULL,NULL,author,NULL,NULL,NULL,1,NULL,NULL,NULL,NULL,0299IbnKaysan,OpenITI 2025.1.9
0300AnonTranslator,(مترجم مجهول),Anon Translator,NULL,NULL,(mutarjim majhūl),NULL,0300,NULL,NULL,NULL,NULL,author,NULL,NULL,NULL,1,NULL,NULL,NULL,NULL,0300AnonTranslator,OpenITI 2025.1.9
0300Anonymous,مؤلف مجهول,Anonymous,NULL,NULL,Muʾallif maǧhūl,NULL,0300,NULL,NULL,NULL,NULL,author,NULL,NULL,NULL,4,NULL,NULL,NULL,NULL,0300Anonymous,OpenITI 2025.1.9
0300CisaIbnYahya,عيسى بن يحيى,Cisa Ibn Yahya,NULL,NULL,ʿĪsá b. Yaḥyá,NULL,0300,NULL,NULL,NULL,NULL,author,NULL,NULL,NULL,3,NULL,NULL,NULL,NULL,0300CisaIbnYahya,OpenITI 2025.1.9
0300HubayshIbnHasan,حبيش بن الحسن,Hubaysh Ibn Hasan,NULL,NULL,Ḥubayš b. al-Ḥasan,NULL,0300,NULL,NULL,NULL,NULL,author,NULL,NULL,NULL,7,NULL,NULL,NULL,NULL,0300HubayshIbnHasan,OpenITI 2025.1.9
0300IbnCisaAshcari,أحمد بن عيسى الأشعري,Ibn Cisa Ashcari,NULL,NULL,NULL,NULL,0300,NULL,NULL,NULL,NULL,author,NULL,NULL,NULL,1,NULL,NULL,NULL,NULL,0300IbnCisaAshcari,OpenITI 2025.1.9
0300IbnJacfarHimyari,عبد الله بن جعفر الحميري,Ibn Jacfar Himyari,NULL,NULL,NULL,NULL,0300,NULL,NULL,NULL,NULL,author,NULL,NULL,NULL,1,NULL,NULL,NULL,NULL,0300IbnJacfarHimyari,OpenITI 2025.1.9
0300IbnKhurdadhbih,ابن خرداذبه,Ibn Khurdadhbih,NULL,NULL,Ibn Ḫurdāḏbih,NULL,0300,NULL,NULL,NULL,NULL,author,NULL,NULL,NULL,2,NULL,NULL,NULL,NULL,0300IbnKhurdadhbih,OpenITI 2025.1.9
0300IbnRusta,ابن رسته,Ibn Rusta,NULL,NULL,Ibn Rustah,NULL,0300,NULL,NULL,NULL,NULL,author,NULL,NULL,NULL,1,NULL,NULL,NULL,NULL,0300IbnRusta,OpenITI 2025.1.9
0300IbnSacidKufi,الحسين بن سعيد,Ibn Sacid Kufi,NULL,NULL,NULL,NULL,0300,NULL,NULL,NULL,NULL,author,NULL,NULL,NULL,2,NULL,NULL,NULL,NULL,0300IbnSacidKufi,OpenITI 2025.1.9
0300IbnShahdaKarkhi,ابن شهدا الكرخي,Ibn Shahda Karkhi,NULL,NULL,Ibn Šahdā al-Karḫī,NULL,0300,NULL,NULL,NULL,NULL,author,NULL,NULL,NULL,2,NULL,NULL,NULL,NULL,0300IbnShahdaKarkhi,OpenITI 2025.1.9
0300IbnSulaymanKufi,محمد بن سليمان الكوفي‏,Ibn Sulayman Kufi,NULL,NULL,NULL,NULL,0300,NULL,NULL,NULL,NULL,author,NULL,NULL,NULL,1,NULL,NULL,NULL,NULL,0300IbnSulaymanKufi,OpenITI 2025.1.9
0300IbnZakariyaHajari,أبو علي الهجري ، هارون بن زكريا (المتوفى : نحو 300هـ),Ibn Zakariya Hajari,NULL,NULL,NULL,NULL,0300,NULL,NULL,NULL,NULL,author,NULL,NULL,NULL,1,NULL,NULL,NULL,NULL,0300IbnZakariyaHajari,OpenITI 2025.1.9
0300IshaqRuhawi,اسحاق بن علي الرهاوي,Ishaq Ruhawi,NULL,NULL,Isḥāq b. ʿAlī al-Ruhāwī,NULL,0300,NULL,NULL,NULL,NULL,author,NULL,NULL,NULL,1,NULL,NULL,NULL,NULL,0300IshaqRuhawi,OpenITI 2025.1.9
0300QustaIbnLuqa,قسطا بن لوقا,Qusta Ibn Luqa,NULL,NULL,Qusṭā b. Lūqā,NULL,0300,NULL,NULL,NULL,NULL,author,NULL,NULL,NULL,2,NULL,NULL,NULL,NULL,0300QustaIbnLuqa,OpenITI 2025.1.9
0301AbuBakrFaryabi,جعفر بن محمد بن الحسن الفريابي أبو بكر,Abu Bakr Faryabi,NULL,NULL,NULL,NULL,0301,NULL,NULL,NULL,NULL,author,NULL,NULL,NULL,7,NULL,NULL,NULL,NULL,0301AbuBakrFaryabi,OpenITI 2025.1.9
0301Bardiji,أبو بكر أحمد بن هارون بن روح البرديجي (المتوفى: 301هـ),Bardiji,NULL,NULL,NULL,NULL,0301,NULL,NULL,NULL,NULL,author,NULL,NULL,NULL,2,NULL,NULL,NULL,NULL,0301Bardiji,OpenITI 2025.1.9
0301IbnIdrisAnsari,أبو علي الحسين بن إدريس الأنصاري,Ibn Idris Ansari,NULL,NULL,NULL,NULL,0301,NULL,NULL,NULL,NULL,author,NULL,NULL,NULL,1,NULL,NULL,NULL,NULL,0301IbnIdrisAnsari,OpenITI 2025.1.9
0301MuhammadIbnAhmadMaqdami,المقدمي,Muhammad Ibn Ahmad Maqdami,NULL,NULL,NULL,NULL,0301,NULL,NULL,NULL,NULL,author,NULL,NULL,NULL,1,NULL,NULL,NULL,NULL,0301MuhammadIbnAhmadMaqdami,OpenITI 2025.1.9
0302AbuMuhammadAshyabBaghdadi,القاسم بن موسى بن الحسن بن موسى الأشيب أبو محمد البغدادي (المتوفى: 302هـ),Abu Muhammad Ashyab Baghdadi,NULL,NULL,NULL,NULL,0302,NULL,NULL,NULL,NULL,author,NULL,NULL,NULL,1,NULL,NULL,NULL,NULL,0302AbuMuhammadAshyabBaghdadi,OpenITI 2025.1.9
0302QasimCawfi,قاسم بن ثابت بن حزم العوفي السرقسطي، أبو محمد (المتوفى: 302هـ),Qasim Cawfi,NULL,NULL,NULL,NULL,0302,NULL,NULL,NULL,NULL,author,NULL,NULL,NULL,1,NULL,NULL,NULL,NULL,0302QasimCawfi,OpenITI 2025.1.9
0303IbnSufyanNasawi,ابن سفيان النسوي,Ibn Sufyan Nasawi,NULL,NULL,Ibn Sufyān al-Nasawī,NULL,0303,NULL,NULL,NULL,NULL,author,NULL,NULL,NULL,1,NULL,NULL,NULL,NULL,0303IbnSufyanNasawi,OpenITI 2025.1.9
0303Nasai,النسائي,Nasai,NULL,NULL,al-Nasā'ī,NULL,0303,NULL,NULL,NULL,NULL,author,NULL,NULL,NULL,23,NULL,NULL,NULL,NULL,0303Nasai,OpenITI 2025.1.9
0304HasanUtrush,الإمام الناصرللحق الحسن بن علي الأطروش,Hasan Utrush,NULL,NULL,NULL,NULL,0304,NULL,NULL,NULL,NULL,author,NULL,NULL,NULL,2,NULL,NULL,NULL,NULL,0304HasanUtrush,OpenITI 2025.1.9
0304YamutIbnMuzarrac,يموت بن المزرع العبدي، من عبد القيس، البصري، أبو بكر (المتوفى : 304هـ),Yamut Ibn Muzarrac,NULL,NULL,NULL,NULL,0304,NULL,NULL,NULL,NULL,author,NULL,NULL,NULL,1,NULL,NULL,NULL,NULL,0304YamutIbnMuzarrac,OpenITI 2025.1.9
0305AbuCuthmanDimashqi,أبو عثمان الدمشقي,Abu Cuthman Dimashqi,NULL,NULL,Abū ʿUṯmān al-Dimašqī,NULL,0305,NULL,NULL,NULL,NULL,author,NULL,NULL,NULL,6,NULL,NULL,NULL,NULL,0305AbuCuthmanDimashqi,OpenITI 2025.1.9
0305IbnZakariyaMutarriz,أبو بكر القاسم بن زكريا بن يحيى البغدادي، المعروف: بالمطرز (المتوفى: 305هـ),Ibn Zakariya Mutarriz,NULL,NULL,NULL,NULL,0305,NULL,NULL,NULL,NULL,author,NULL,NULL,NULL,1,NULL,NULL,NULL,NULL,0305IbnZakariyaMutarriz,OpenITI 2025.1.9
0306CumarIbnSurayj,عمر بن سريج,Cumar Ibn Surayj,NULL,NULL,ʿUmar b. Surayj,NULL,0306,NULL,NULL,NULL,NULL,author,NULL,NULL,NULL,1,NULL,NULL,NULL,NULL,0306CumarIbnSurayj,OpenITI 2025.1.9
0306Wakic,محمد بن خلف بن حيان,Wakic,NULL,NULL,NULL,NULL,0306,NULL,NULL,NULL,NULL,author,NULL,NULL,NULL,1,NULL,NULL,NULL,NULL,0306Wakic,OpenITI 2025.1.9
0307AbuYaclaMawsili,أبو يعلى أحمد بن علي بن المثنى بن يحيى بن عيسى بن هلال التميمي، الموصلي (المتوفى: 307هـ),Abu Yacla Mawsili,NULL,NULL,NULL,NULL,0307,NULL,NULL,NULL,NULL,author,NULL,NULL,NULL,4,NULL,NULL,NULL,NULL,0307AbuYaclaMawsili,OpenITI 2025.1.9
0307IbnHarunRuyani,الروياني,Ibn Harun Ruyani,NULL,NULL,NULL,NULL,0307,NULL,NULL,NULL,NULL,author,NULL,NULL,NULL,1,NULL,NULL,NULL,NULL,0307IbnHarunRuyani,OpenITI 2025.1.9
0307IbnJarudNaysaburi,ابن الجارود,Ibn Jarud Naysaburi,NULL,NULL,NULL,NULL,0307,NULL,NULL,NULL,NULL,author,NULL,NULL,NULL,1,NULL,NULL,NULL,NULL,0307IbnJarudNaysaburi,OpenITI 2025.1.9
0307IbnKhalafDuri,أبو محمد الهيثم بن خلف الدوري,Ibn Khalaf Duri,NULL,NULL,NULL,NULL,0307,NULL,NULL,NULL,NULL,author,NULL,NULL,NULL,1,NULL,NULL,NULL,NULL,0307IbnKhalafDuri,OpenITI 2025.1.9
0308AbuSacidJanadi,المفضل الجندي,Abu Sacid Janadi,NULL,NULL,NULL,NULL,0308,NULL,NULL,NULL,NULL,author,NULL,NULL,NULL,2,NULL,NULL,NULL,NULL,0308AbuSacidJanadi,OpenITI 2025.1.9
0309IbnFadlan,ابن فضلان,Ibn Fadlan,NULL,NULL,NULL,NULL,0309,NULL,NULL,NULL,NULL,author,NULL,NULL,NULL,1,NULL,NULL,NULL,NULL,0309IbnFadlan,OpenITI 2025.1.9
0309IbnMarzuban,ابن المرزبان,Ibn Marzuban,NULL,NULL,Ibn al-Marzubān,NULL,0309,NULL,NULL,NULL,NULL,author,NULL,NULL,NULL,3,NULL,NULL,NULL,NULL,0309IbnMarzuban,OpenITI 2025.1.9
0309KuracNaml,كراع النمل,Kurac Naml,NULL,NULL,Kurāʿ al-Naml,NULL,0309,NULL,NULL,NULL,NULL,author,NULL,NULL,NULL,2,NULL,NULL,NULL,NULL,0309KuracNaml,OpenITI 2025.1.9
0310AbuCabbasNayrizi,أبو العباس النيريزي,Abu Cabbas Nayrizi,NULL,NULL,Abū al-ʿAbbās al-Nayrīzī,NULL,0310,NULL,NULL,NULL,NULL,author,NULL,NULL,NULL,1,NULL,NULL,NULL,NULL,0310AbuCabbasNayrizi,OpenITI 2025.1.9
0310CabdAllahIbnHusaynRassi,الإمام المجتهد عبد الله بن الحسين بن القاسم الرسي.,Cabd Allah Ibn Husayn Rassi,NULL,NULL,NULL,NULL,0310,NULL,NULL,NULL,NULL,author,NULL,NULL,NULL,1,NULL,NULL,NULL,NULL,0310CabdAllahIbnHusaynRassi,OpenITI 2025.1.9
0310IbnAhmadDulabi,الإمام الحافظ أبو بشر محمد بن أحمد بن حماد الدولابي,Ibn Ahmad Dulabi,NULL,NULL,NULL,NULL,0310,NULL,NULL,NULL,NULL,author,NULL,NULL,NULL,2,NULL,NULL,NULL,NULL,0310IbnAhmadDulabi,OpenITI 2025.1.9
0310IbnCabbasYazidi,اليزيدي,Ibn Cabbas Yazidi,NULL,NULL,NULL,NULL,0310,NULL,NULL,NULL,NULL,author,NULL,NULL,NULL,1,NULL,NULL,NULL,NULL,0310IbnCabbasYazidi,OpenITI 2025.1.9
0310IbnCaliMadaini,أبو علي أحمد بن علي بن شعيب المدائني (المتوفى: بعد 310هـ),Ibn Cali Madaini,NULL,NULL,NULL,NULL,0310,NULL,NULL,NULL,NULL,author,NULL,NULL,NULL,1,NULL,NULL,NULL,NULL,0310IbnCaliMadaini,OpenITI 2025.1.9
0310Nawbakhti,الحسن بن موسى النوبختي,Nawbakhti,NULL,NULL,NULL,NULL,0310,NULL,NULL,NULL,NULL,author,NULL,NULL,NULL,1,NULL,NULL,NULL,NULL,0310Nawbakhti,OpenITI 2025.1.9
0310Tabari,الطبري,Tabari,NULL,NULL,al-Ṭabarī,NULL,0310,NULL,NULL,NULL,NULL,author,NULL,NULL,NULL,7,NULL,NULL,NULL,NULL,0310Tabari,OpenITI 2025.1.9
0311AbuBakrKhallal,الخلال,Abu Bakr Khallal,NULL,NULL,al-Ḫallāl,NULL,0311,NULL,NULL,NULL,NULL,author,NULL,NULL,NULL,6,NULL,NULL,NULL,NULL,0311AbuBakrKhallal,OpenITI 2025.1.9
0311IbnBajirBajiri,أبو حفص عمر بن محمد بن بجير البجيري (311 ه),Ibn Bajir Bajiri,NULL,NULL,NULL,NULL,0311,NULL,NULL,NULL,NULL,author,NULL,NULL,NULL,2,NULL,NULL,NULL,NULL,0311IbnBajirBajiri,OpenITI 2025.1.9
0311IbnFilBalisi,أبو طاهر الحسن بن أحمد بن إبراهيم بن فيل البالسي (المتوفى: 311هـ),Ibn Fil Balisi,NULL,NULL,NULL,NULL,0311,NULL,NULL,NULL,NULL,author,NULL,NULL,NULL,1,NULL,NULL,NULL,NULL,0311IbnFilBalisi,OpenITI 2025.1.9
0311IbnKhuzaymaNaysaburi,أبو بكر محمد بن إسحاق بن خزيمة بن المغيرة بن صالح بن بكر السلمي النيسابوري (المتوفى: 311هـ),Ibn Khuzayma Naysaburi,NULL,NULL,NULL,NULL,0311,NULL,NULL,NULL,NULL,author,NULL,NULL,NULL,3,NULL,NULL,NULL,NULL,0311IbnKhuzaymaNaysaburi,OpenITI 2025.1.9
0311IbnSariZajjaj,إبراهيم بن السري بن سهل، أبو إسحاق الزجاج (المتوفى: 311هـ),Ibn Sari Zajjaj,NULL,NULL,NULL,NULL,0311,NULL,NULL,NULL,NULL,author,NULL,NULL,NULL,2,NULL,NULL,NULL,NULL,0311IbnSariZajjaj,OpenITI 2025.1.9
0311LaghdaIsfahani,حسن بن عبد الله الأصفهاني,Laghda Isfahani,NULL,NULL,NULL,NULL,0311,NULL,NULL,NULL,NULL,author,NULL,NULL,NULL,1,NULL,NULL,NULL,NULL,0311LaghdaIsfahani,OpenITI 2025.1.9
0312BaghandiSaghir,الباغندي الصغير,Baghandi Saghir,NULL,NULL,NULL,NULL,0312,NULL,NULL,NULL,NULL,author,NULL,NULL,NULL,3,NULL,NULL,NULL,NULL,0312BaghandiSaghir,OpenITI 2025.1.9
0312IbnCaliTusi,الحافظ الطوسي,Ibn Cali Tusi,NULL,NULL,NULL,NULL,0312,NULL,NULL,NULL,NULL,author,NULL,NULL,NULL,1,NULL,NULL,NULL,NULL,0312IbnCaliTusi,OpenITI 2025.1.9
0313IbnIshaqSarraj,السراج الثقفي,Ibn Ishaq Sarraj,NULL,NULL,NULL,NULL,0313,NULL,NULL,NULL,NULL,author,NULL,NULL,NULL,2,NULL,NULL,NULL,NULL,0313IbnIshaqSarraj,OpenITI 2025.1.9
0313IbnZakariyyaRazi,ابن زكريا الرازي,Ibn Zakariyya Razi,NULL,NULL,Ibn Zakariyā al-Rāzī,NULL,0313,NULL,NULL,NULL,NULL,author,NULL,NULL,NULL,12,NULL,NULL,NULL,NULL,0313IbnZakariyyaRazi,OpenITI 2025.1.9
0313IbnZaydanKufi,أبو محمد عبد الله بن زيدان بن بريد بن رزين بن ربيع بن قطن البجلي، الكوفي (المتوفى: 313هـ),Ibn Zaydan Kufi,NULL,NULL,NULL,NULL,0313,NULL,NULL,NULL,NULL,author,NULL,NULL,NULL,1,NULL,NULL,NULL,NULL,0313IbnZaydanKufi,OpenITI 2025.1.9
0314IbnActhamKufi,ابن الأعثم الكوفي,Ibn Actham Kufi,NULL,NULL,NULL,NULL,0314,NULL,NULL,NULL,NULL,author,NULL,NULL,NULL,1,NULL,NULL,NULL,NULL,0314IbnActhamKufi,OpenITI 2025.1.9
0315AkhfashAsghar,علي بن سليمان بن الفضل، أبو المحاسن، المعروف بالأخفش الأصغر (المتوفى: 315هـ),Akhfash Asghar,NULL,NULL,NULL,NULL,0315,NULL,NULL,NULL,NULL,author,NULL,NULL,NULL,1,NULL,NULL,NULL,NULL,0315AkhfashAsghar,OpenITI 2025.1.9
0315IbnFaydGhassani,أبو الحسن الغساني,Ibn Fayd Ghassani,NULL,NULL,NULL,NULL,0315,NULL,NULL,NULL,NULL,author,NULL,NULL,NULL,1,NULL,NULL,NULL,NULL,0315IbnFaydGhassani,OpenITI 2025.1.9
0316AbuCawana,أبو عوانة,Abu Cawana,NULL,NULL,NULL,NULL,0316,NULL,NULL,NULL,NULL,author,NULL,NULL,NULL,1,NULL,NULL,NULL,NULL,0316AbuCawana,OpenITI 2025.1.9
0316IbnAbiDawudSijistani,ابن أبي داود السجستاني,Ibn Abi Dawud Sijistani,NULL,NULL,Ibn Abī Dāwud al-Sijistānī,NULL,0316,NULL,NULL,NULL,NULL,author,NULL,NULL,NULL,5,NULL,NULL,NULL,NULL,0316IbnAbiDawudSijistani,OpenITI 2025.1.9
0316IbnKhuraym,أبو بكر محمد بن خريم بن محمد بن عبد الملك بن مروان العقيلي,Ibn Khuraym,NULL,NULL,NULL,NULL,0316,NULL,NULL,NULL,NULL,author,NULL,NULL,NULL,1,NULL,NULL,NULL,NULL,0316IbnKhuraym,OpenITI 2025.1.9
0316IbnSarrajNahwi,ابن السراج النحوي,Ibn Sarraj Nahwi,NULL,NULL,NULL,NULL,0316,NULL,NULL,NULL,NULL,author,NULL,NULL,NULL,1,NULL,NULL,NULL,NULL,0316IbnSarrajNahwi,OpenITI 2025.1.9
0316MuhammadMurtada,محمد المرتضى,Muhammad Murtada,NULL,NULL,Muḥammad al-Murtaḍá,NULL,0316,NULL,NULL,NULL,NULL,author,NULL,NULL,NULL,2,NULL,NULL,NULL,NULL,0316MuhammadMurtada,OpenITI 2025.1.9
0317AbuQasimBaghawi,أبو القاسم عبد الله بن محمد بن عبد العزيز بن المرزبان بن سابور بن شاهنشاه البغوي (المتوفى: 317هـ),Abu Qasim Baghawi,NULL,NULL,NULL,NULL,0317,NULL,NULL,NULL,NULL,author,NULL,NULL,NULL,10,NULL,NULL,NULL,NULL,0317AbuQasimBaghawi,OpenITI 2025.1.9
0317IbnCammarShahid,أبو الفضل بن عمار الشهيد,Ibn Cammar Shahid,NULL,NULL,NULL,NULL,0317,NULL,NULL,NULL,NULL,author,NULL,NULL,NULL,1,NULL,NULL,NULL,NULL,0317IbnCammarShahid,OpenITI 2025.1.9
0317IbnHaythamKufi,بدر بن الهيثم بن خلف أبو القاسم اللخمي، الكوفي (المتوفى: 317هـ),Ibn Haytham Kufi,NULL,NULL,NULL,NULL,0317,NULL,NULL,NULL,NULL,author,NULL,NULL,NULL,1,NULL,NULL,NULL,NULL,0317IbnHaythamKufi,OpenITI 2025.1.9
0317IbnJabirBattani,ابن جابر البتاني,Ibn Jabir Battani,NULL,NULL,Ibn Jābir al-Battānī,NULL,0317,NULL,NULL,NULL,NULL,author,NULL,NULL,NULL,1,NULL,NULL,NULL,NULL,0317IbnJabirBattani,OpenITI 2025.1.9
0317IbnShuqayr,ابن شقير,Ibn Shuqayr,NULL,NULL,Ibn Šuqayr,NULL,0317,NULL,NULL,NULL,NULL,author,NULL,NULL,NULL,1,NULL,NULL,NULL,NULL,0317IbnShuqayr,OpenITI 2025.1.9
0318AbuCarubaHarrani,أبو عروبة الحراني,Abu Caruba Harrani,NULL,NULL,NULL,NULL,0318,NULL,NULL,NULL,NULL,author,NULL,NULL,NULL,4,NULL,NULL,NULL,NULL,0318AbuCarubaHarrani,OpenITI 2025.1.9
0318IbnAhmadZubayri,أبو عبد الله الزبير بن أحمد بن سليمان الزبيري,Ibn Ahmad Zubayri,NULL,NULL,NULL,NULL,0318,NULL,NULL,NULL,NULL,author,NULL,NULL,NULL,1,NULL,NULL,NULL,NULL,0318IbnAhmadZubayri,OpenITI 2025.1.9
0318IbnMuhammadHashimi,ابن محمد الهاشمي,Ibn Muhammad Hashimi,NULL,NULL,Ibn Muḥammad al-Hāšimī,NULL,0318,NULL,NULL,NULL,NULL,author,NULL,NULL,NULL,4,NULL,NULL,NULL,NULL,0318IbnMuhammadHashimi,OpenITI 2025.1.9
0319AbuCabbasTahirTamimi,أبو العباس طاهر بن محمد بن الحكم التميمي,Abu Cabbas Tahir Tamimi,NULL,NULL,NULL,NULL,0319,NULL,NULL,NULL,NULL,author,NULL,NULL,NULL,1,NULL,NULL,NULL,NULL,0319AbuCabbasTahirTamimi,OpenITI 2025.1.9
0319AbuQasimBalkhi,أبو القاسم البلخي,Abu Qasim Balkhi,NULL,NULL,Abū al-Qāsim al-Balḫī,NULL,0319,NULL,NULL,NULL,NULL,author,NULL,NULL,NULL,2,NULL,NULL,NULL,NULL,0319AbuQasimBalkhi,OpenITI 2025.1.9
0319AbuQasimKacbi,أبو القاسم عبد الله بن أحمد بن محمود الكعبي البلخي (المتوفى: 319 ه),Abu Qasim Kacbi,NULL,NULL,NULL,NULL,0319,NULL,NULL,NULL,NULL,author,NULL,NULL,NULL,1,NULL,NULL,NULL,NULL,0319AbuQasimKacbi,OpenITI 2025.1.9
0319IbnMundhirNaysaburi,ابن المنذر النيسبوري,Ibn Mundhir Naysaburi,NULL,NULL,Ibn al-Munḏir al-Naysabūrī,NULL,0319,NULL,NULL,NULL,NULL,author,NULL,NULL,NULL,5,NULL,NULL,NULL,NULL,0319IbnMundhirNaysaburi,OpenITI 2025.1.9
0320HakimTirmidhi,الحكيم الترمذي,Hakim Tirmidhi,NULL,NULL,al-Ḥakīm al-Tirmiḏī,NULL,0320,NULL,NULL,NULL,NULL,author,NULL,NULL,NULL,9,NULL,NULL,NULL,NULL,0320HakimTirmidhi,OpenITI 2025.1.9
0320IbnJawsaDimashqi,أبو الحسن أحمد بن عمير بن يوسف بن جوصاء الدمشقي,Ibn Jawsa Dimashqi,NULL,NULL,NULL,NULL,0320,NULL,NULL,NULL,NULL,author,NULL,NULL,NULL,1,NULL,NULL,NULL,NULL,0320IbnJawsaDimashqi,OpenITI 2025.1.9
0320IbnMascudCayyashi,محمد بن مسعود العياشى,Ibn Mascud Cayyashi,NULL,NULL,NULL,NULL,0320,NULL,NULL,NULL,NULL,author,NULL,NULL,NULL,1,NULL,NULL,NULL,NULL,0320IbnMascudCayyashi,OpenITI 2025.1.9
0320IbnMuhammadBayhaqi,إبراهيم بن محمد البيهقي,Ibn Muhammad Bayhaqi,NULL,NULL,NULL,NULL,0320,NULL,NULL,NULL,NULL,author,NULL,NULL,NULL,1,NULL,NULL,NULL,NULL,0320IbnMuhammadBayhaqi,OpenITI 2025.1.9
0320Israili,الإسرائيلي,Israili,NULL,NULL,NULL,NULL,0320,NULL,NULL,NULL,NULL,author,NULL,NULL,NULL,1,NULL,NULL,NULL,NULL,0320Israili,OpenITI 2025.1.9
0321AbuJacfarTahawi,أبو جعفر الطحاوي,Abu Jacfar Tahawi,NULL,NULL,Abū Jaʿfar al-Ṭaḥāwī,NULL,0321,NULL,NULL,NULL,NULL,author,NULL,NULL,NULL,1,NULL,NULL,NULL,NULL,0321AbuJacfarTahawi,OpenITI 2025.1.9
0321IbnDuraydAzdi,ابن دريد الأزدي,Ibn Durayd Azdi,NULL,NULL,Ibn Durayd al-Azdī,NULL,0321,NULL,NULL,NULL,NULL,author,NULL,NULL,NULL,9,NULL,NULL,NULL,NULL,0321IbnDuraydAzdi,OpenITI 2025.1.9
0321Tahawi,الطحاوي,Tahawi,NULL,NULL,al-Ṭaḥāwī,NULL,0321,NULL,NULL,NULL,NULL,author,NULL,NULL,NULL,9,NULL,NULL,NULL,NULL,0321Tahawi,OpenITI 2025.1.9
0322AbuBakrZubayri,أبو بكر محمد بن بشر بن عبد الله الزبيري العسكري المعروف بالعكبري المصري (المتوفى: 332هـ),Abu Bakr Zubayri,NULL,NULL,NULL,NULL,0322,NULL,NULL,NULL,NULL,author,NULL,NULL,NULL,1,NULL,NULL,NULL,NULL,0322AbuBakrZubayri,OpenITI 2025.1.9
0322AbuHatimRazi,أبو حاتم الرازي,Abu Hatim Razi,NULL,NULL,Abū Ḥātim al-Rāzī,NULL,0322,NULL,NULL,NULL,NULL,author,NULL,NULL,NULL,2,NULL,NULL,NULL,NULL,0322AbuHatimRazi,OpenITI 2025.1.9
0322AbuJacfarCuqayli,أبو جعفر محمد بن عمر بن موسى العقيلي,Abu Jacfar Cuqayli,NULL,NULL,NULL,NULL,0322,NULL,NULL,NULL,NULL,author,NULL,NULL,NULL,1,NULL,NULL,NULL,NULL,0322AbuJacfarCuqayli,OpenITI 2025.1.9
0322CabdAllahMahdi,عبد الله المهدي,Cabd Allah Mahdi,NULL,NULL,ʿAbd Allāh al-Mahdī,NULL,0322,NULL,NULL,NULL,NULL,author,NULL,NULL,NULL,1,NULL,NULL,NULL,NULL,0322CabdAllahMahdi,OpenITI 2025.1.9
0322IbnAbiCawn,ابن أبي عون البغدادي,Ibn Abi Cawn,NULL,NULL,Ibn Abī ʿAwn al-Baġdādī,NULL,0322,NULL,NULL,NULL,NULL,author,NULL,NULL,NULL,1,NULL,NULL,NULL,NULL,0322IbnAbiCawn,OpenITI 2025.1.9
0322IbnCabdAllahDhuhali,أحمد بن عبد الله بن نصر بن بجير بن عبد الله بن صالح بن أسامة أبو العباس الذهلي (المتوفى: 322هـ),Ibn Cabd Allah Dhuhali,NULL,NULL,NULL,NULL,0322,NULL,NULL,NULL,NULL,author,NULL,NULL,NULL,1,NULL,NULL,NULL,NULL,0322IbnCabdAllahDhuhali,OpenITI 2025.1.9
0322IbnTabataba,أبو الحسن محمد بن أحمد بن طباطبا العلوي,Ibn Tabataba,NULL,NULL,NULL,NULL,0322,NULL,NULL,NULL,NULL,author,NULL,NULL,NULL,2,NULL,NULL,NULL,NULL,0322IbnTabataba,OpenITI 2025.1.9
0322KatibBaghdadi,الكاتب البغدادي,Katib Baghdadi,NULL,NULL,NULL,NULL,0322,NULL,NULL,NULL,NULL,author,NULL,NULL,NULL,1,NULL,NULL,NULL,NULL,0322KatibBaghdadi,OpenITI 2025.1.9
0322NasirAhmad,الإمام الناصر لدين الله أحمد بن يحيى الهادي .,Nasir Ahmad,NULL,NULL,NULL,NULL,0322,NULL,NULL,NULL,NULL,author,NULL,NULL,NULL,1,NULL,NULL,NULL,NULL,0322NasirAhmad,OpenITI 2025.1.9
0323CaliHimyari,الحميري,Cali Himyari,NULL,NULL,NULL,NULL,0323,NULL,NULL,NULL,NULL,author,NULL,NULL,NULL,1,NULL,NULL,NULL,NULL,0323CaliHimyari,OpenITI 2025.1.9
0323IbnCabdCazizBasri,أحمد بن عبد العزيز الجوهري,Ibn Cabd Caziz Basri,NULL,NULL,NULL,NULL,0323,NULL,NULL,NULL,NULL,author,NULL,NULL,NULL,1,NULL,NULL,NULL,NULL,0323IbnCabdCazizBasri,OpenITI 2025.1.9
0323Niftawayh,أبو عبد الله إبراهيم بن محمد بن عرفة بن سليمان بن المغيرة بن حبيب العتكي الأزدي الواسطي المعروف بنفطويه (المتوفى: 323هـ),Niftawayh,NULL,NULL,NULL,NULL,0323,NULL,NULL,NULL,NULL,author,NULL,NULL,NULL,1,NULL,NULL,NULL,NULL,0323Niftawayh,OpenITI 2025.1.9
0324Ashcari,الأشعري,Ashcari,NULL,NULL,NULL,NULL,0324,NULL,NULL,NULL,NULL,author,NULL,NULL,NULL,4,NULL,NULL,NULL,NULL,0324Ashcari,OpenITI 2025.1.9
0324IbnMuhammadCanbari,أبو بكر أحمد بن محمد العنبري الملحمي (المتوفى: 324هـ),Ibn Muhammad Canbari,NULL,NULL,NULL,NULL,0324,NULL,NULL,NULL,NULL,author,NULL,NULL,NULL,1,NULL,NULL,NULL,NULL,0324IbnMuhammadCanbari,OpenITI 2025.1.9
0324IbnMuhammadNaysaburi,ابن محمد النيسبوري,Ibn Muhammad Naysaburi,NULL,NULL,Ibn Muḥammad al-Naysabūrī,NULL,0324,NULL,NULL,NULL,NULL,author,NULL,NULL,NULL,2,NULL,NULL,NULL,NULL,0324IbnMuhammadNaysaburi,OpenITI 2025.1.9
0324IbnMujahid,أبو بكر أحمد بن موسى بن العباس بن مجاهد البغدادي,Ibn Mujahid,NULL,NULL,NULL,NULL,0324,NULL,NULL,NULL,NULL,author,NULL,NULL,NULL,1,NULL,NULL,NULL,NULL,0324IbnMujahid,OpenITI 2025.1.9
0325AhmadIbnHadiIlaHaqq,أحمد بن الهادي الى الحقق,Ahmad Ibn Hadi Ila Haqq,NULL,NULL,Aḥmad b. al-Hādī Ilá al-Ḥaqq,NULL,0325,NULL,NULL,NULL,NULL,author,NULL,NULL,NULL,1,NULL,NULL,NULL,NULL,0325AhmadIbnHadiIlaHaqq,OpenITI 2025.1.9
0325Anonymous,Alexander of Aphrodisias,Anonymous,NULL,NULL,NULL,NULL,0325,NULL,NULL,NULL,NULL,author,NULL,NULL,NULL,3,NULL,NULL,NULL,NULL,0325Anonymous,OpenITI 2025.1.9
0325IbnAbiThalj,ابن أبي الثلج‏,Ibn Abi Thalj,NULL,NULL,NULL,NULL,0325,NULL,NULL,NULL,NULL,author,NULL,NULL,NULL,1,NULL,NULL,NULL,NULL,0325IbnAbiThalj,OpenITI 2025.1.9
0325IbnCabdSamadBaghdadi,إبراهيم بن عبد الصمد بن موسى بن محمد بن إبراهيم بن محمد بن علي بن عبد الله بن العباس بن عبد المطلب القرشي الهاشمي، أبو إسحاق البغدادي (المتوفى: 325هـ),Ibn Cabd Samad Baghdadi,NULL,NULL,NULL,NULL,0325,NULL,NULL,NULL,NULL,author,NULL,NULL,NULL,1,NULL,NULL,NULL,NULL,0325IbnCabdSamadBaghdadi,OpenITI 2025.1.9
0325IbnIshaqWashsha,محمد بن اسحاق بن يحيى الوشاء,Ibn Ishaq Washsha,NULL,NULL,Muḥammad b. Isḥāq b. Yaḥyá al-Waššāʾ,NULL,0325,NULL,NULL,NULL,NULL,author,NULL,NULL,NULL,2,NULL,NULL,NULL,NULL,0325IbnIshaqWashsha,OpenITI 2025.1.9
0325IbnMuhammadNaysaburi,أحمد بن محمد بن الحسن النيسابورى، أبو حامد ابن الشرقي (المتوفى: 325هـ),Ibn Muhammad Naysaburi,NULL,NULL,NULL,NULL,0325,NULL,NULL,NULL,NULL,author,NULL,NULL,NULL,1,NULL,NULL,NULL,NULL,0325IbnMuhammadNaysaburi,OpenITI 2025.1.9
0325IbnSahlRazi,أحمد بن سهل الرازي,Ibn Sahl Razi,NULL,NULL,NULL,NULL,0325,NULL,NULL,NULL,NULL,author,NULL,NULL,NULL,1,NULL,NULL,NULL,NULL,0325IbnSahlRazi,OpenITI 2025.1.9
0325RaqqamBasri,أبو الحسن محمد بن عمران العبدي المعروف بالرقام البصري صاحب ابن دريد,Raqqam Basri,NULL,NULL,NULL,NULL,0325,NULL,NULL,NULL,NULL,author,NULL,NULL,NULL,1,NULL,NULL,NULL,NULL,0325RaqqamBasri,OpenITI 2025.1.9
0327AbuBakrKharaiti,أبو بكر الخرائطي,Abu Bakr Kharaiti,NULL,NULL,Abū Bakr al-Ḫarāʾiṭī,NULL,0327,NULL,NULL,NULL,NULL,author,NULL,NULL,NULL,6,NULL,NULL,NULL,NULL,0327AbuBakrKharaiti,OpenITI 2025.1.9
0327AbuCaliKawkabi,أبو علي الحسين بن القاسم بن جعفر الكوكبي,Abu Cali Kawkabi,NULL,NULL,NULL,NULL,0327,NULL,NULL,NULL,NULL,author,NULL,NULL,NULL,1,NULL,NULL,NULL,NULL,0327AbuCaliKawkabi,OpenITI 2025.1.9
0327IbnAbiHatimRazi,ابن أبي حاتم الرازي,Ibn Abi Hatim Razi,NULL,NULL,Ibn Abī Ḥātim al-Rāzī,NULL,0327,NULL,NULL,NULL,NULL,author,NULL,NULL,NULL,6,NULL,NULL,NULL,NULL,0327IbnAbiHatimRazi,OpenITI 2025.1.9
0328AbuBakrIbnAnbari,ابن الأنباري,Abu Bakr Ibn Anbari,NULL,NULL,NULL,NULL,0328,NULL,NULL,NULL,NULL,author,NULL,NULL,NULL,7,NULL,NULL,NULL,NULL,0328AbuBakrIbnAnbari,OpenITI 2025.1.9
0328AbuBishrIbnYunus,أبو بشر متى بن يونس,Abu Bishr Ibn Yunus,NULL,NULL,Abū Bišr Mattá b. Yūnus,NULL,0328,NULL,NULL,NULL,NULL,author,NULL,NULL,NULL,3,NULL,NULL,NULL,NULL,0328AbuBishrIbnYunus,OpenITI 2025.1.9
0328IbnCabdRabbih,ابن عبد ربه,Ibn Cabd Rabbih,NULL,NULL,Ibn ʿAbd Rabbih,NULL,0328,NULL,NULL,NULL,NULL,author,NULL,NULL,NULL,2,NULL,NULL,NULL,NULL,0328IbnCabdRabbih,OpenITI 2025.1.9
0329AbuBakrIbnBahlul,أبو بكر بن بهلول,Abu Bakr Ibn Bahlul,NULL,NULL,Abū Bakr b. Bahlūl,NULL,0329,NULL,NULL,NULL,NULL,author,NULL,NULL,NULL,1,NULL,NULL,NULL,NULL,0329AbuBakrIbnBahlul,OpenITI 2025.1.9
0329Barbahari,البربهاري,Barbahari,NULL,NULL,NULL,NULL,0329,NULL,NULL,NULL,NULL,author,NULL,NULL,NULL,1,NULL,NULL,NULL,NULL,0329Barbahari,OpenITI 2025.1.9
0329IbnAhmadRabaci,أبو محمد عبد الله بن أحمد بن ربيعة بن زبر الربعي,Ibn Ahmad Rabaci,NULL,NULL,NULL,NULL,0329,NULL,NULL,NULL,NULL,author,NULL,NULL,NULL,3,NULL,NULL,NULL,NULL,0329IbnAhmadRabaci,OpenITI 2025.1.9
0329IbnBabawayhAli,علي بن بابويه,Ibn Babawayh Ali,NULL,NULL,NULL,NULL,0329,NULL,NULL,NULL,NULL,author,NULL,NULL,NULL,2,NULL,NULL,NULL,NULL,0329IbnBabawayhAli,OpenITI 2025.1.9
0329IbnCumarKashshi,أبو عمرو محمد بن عمر بن عبد العزيز الكشي,Ibn Cumar Kashshi,NULL,NULL,NULL,NULL,0329,NULL,NULL,NULL,NULL,author,NULL,NULL,NULL,1,NULL,NULL,NULL,NULL,0329IbnCumarKashshi,OpenITI 2025.1.9
0329IbnIbrahimQummi,ابن ابراهيم القمي,Ibn Ibrahim Qummi,NULL,NULL,Ibn Ibrāhīm al-Qummī,NULL,0329,NULL,NULL,NULL,NULL,author,NULL,NULL,NULL,2,NULL,NULL,NULL,NULL,0329IbnIbrahimQummi,OpenITI 2025.1.9
0329IbnMuhammadMarwaziHamid,أبو القاسم عبد الله بن محمد بن إسحاق المروزي (الحامض),Ibn Muhammad Marwazi Hamid,NULL,NULL,NULL,NULL,0329,NULL,NULL,NULL,NULL,author,NULL,NULL,NULL,1,NULL,NULL,NULL,NULL,0329IbnMuhammadMarwaziHamid,OpenITI 2025.1.9
0329IbnYacqubKulayni,الكليني,Ibn Yacqub Kulayni,NULL,NULL,al-Kulaynī,NULL,0329,NULL,NULL,NULL,NULL,author,NULL,NULL,NULL,2,NULL,NULL,NULL,NULL,0329IbnYacqubKulayni,OpenITI 2025.1.9
0329Rudaki,رودكي,Rudaki,NULL,NULL,Rūdakī,NULL,0329,NULL,NULL,NULL,NULL,author,NULL,NULL,NULL,2,NULL,NULL,NULL,NULL,0329Rudaki,OpenITI 2025.1.9
0330AbuZaydSirafi,أبو زيد السيرافي,Abu Zayd Sirafi,NULL,NULL,Abū Zayd al-Sīrāfī,NULL,0330,NULL,NULL,NULL,NULL,author,NULL,NULL,NULL,1,NULL,NULL,NULL,NULL,0330AbuZaydSirafi,OpenITI 2025.1.9
0330BahithIbnMarzuban,محمد بن سهل ابن المرزبان,Bahith Ibn Marzuban,NULL,NULL,Muḥammad b. Sahl Ibn al-Marzubān,NULL,0330,NULL,NULL,NULL,NULL,author,NULL,NULL,NULL,2,NULL,NULL,NULL,NULL,0330BahithIbnMarzuban,OpenITI 2025.1.9
0330IbnCuzayzSijistani,السجستاني,Ibn Cuzayz Sijistani,NULL,NULL,NULL,NULL,0330,NULL,NULL,NULL,NULL,author,NULL,NULL,NULL,2,NULL,NULL,NULL,NULL,0330IbnCuzayzSijistani,OpenITI 2025.1.9
0330IbnIsmacilMahamili,ابن اسماعيل المحاملي,Ibn Ismacil Mahamili,NULL,NULL,Ibn Ismāʿīl al-Maḥāmilī,NULL,0330,NULL,NULL,NULL,NULL,author,NULL,NULL,NULL,3,NULL,NULL,NULL,NULL,0330IbnIsmacilMahamili,OpenITI 2025.1.9
0330IbnMuhammadKhashshab,أبو حامد أحمد بن محمد بن يحيى بن بلال النيسابوري المعروف بالخشاب (المتوفى: 330هـ),Ibn Muhammad Khashshab,NULL,NULL,NULL,NULL,0330,NULL,NULL,NULL,NULL,author,NULL,NULL,NULL,1,NULL,NULL,NULL,NULL,0330IbnMuhammadKhashshab,OpenITI 2025.1.9
0330IbnMuhammadSulami,أبو عمر عبد الله بن محمد بن أحمد بن عبد الوهاب,Ibn Muhammad Sulami,NULL,NULL,NULL,NULL,0330,NULL,NULL,NULL,NULL,author,NULL,NULL,NULL,1,NULL,NULL,NULL,NULL,0330IbnMuhammadSulami,OpenITI 2025.1.9
0331IbnMukhalladCattar,أبو عبد الله محمد بن مخلد بن حفص العطار الدوري البغدادي (المتوفى: 331هـ),Ibn Mukhallad Cattar,NULL,NULL,NULL,NULL,0331,NULL,NULL,NULL,NULL,author,NULL,NULL,NULL,5,NULL,NULL,NULL,NULL,0331IbnMukhalladCattar,OpenITI 2025.1.9
0331Jahshiyari,الجهشياري,Jahshiyari,NULL,NULL,al-Jahšiyārī,NULL,0331,NULL,NULL,NULL,NULL,author,NULL,NULL,NULL,1,NULL,NULL,NULL,NULL,0331Jahshiyari,OpenITI 2025.1.9
0332IbnWalladTamimi,ابن ولاد,Ibn Wallad Tamimi,NULL,NULL,NULL,NULL,0332,NULL,NULL,NULL,NULL,author,NULL,NULL,NULL,2,NULL,NULL,NULL,NULL,0332IbnWalladTamimi,OpenITI 2025.1.9
0333AbuCarabTamimi,أبو العرب محمد بن أحمد بن تميم بن تمام التميمي,Abu Carab Tamimi,NULL,NULL,NULL,NULL,0333,NULL,NULL,NULL,NULL,author,NULL,NULL,NULL,2,NULL,NULL,NULL,NULL,0333AbuCarabTamimi,OpenITI 2025.1.9
0333AbuMansurMaturidi,محمد بن محمد بن محمود، أبو منصور الماتريدي (المتوفى: 333هـ),Abu Mansur Maturidi,NULL,NULL,NULL,NULL,0333,NULL,NULL,NULL,NULL,author,NULL,NULL,NULL,2,NULL,NULL,NULL,NULL,0333AbuMansurMaturidi,OpenITI 2025.1.9
0333IbnCuqdahKufi,ابن عقدة الكوفي‏,Ibn Cuqdah Kufi,NULL,NULL,NULL,NULL,0333,NULL,NULL,NULL,NULL,author,NULL,NULL,NULL,3,NULL,NULL,NULL,NULL,0333IbnCuqdahKufi,OpenITI 2025.1.9
0333IbnMarwanDinawari,ابن مروان الدينوري,Ibn Marwan Dinawari,NULL,NULL,Ibn Marwān al-Dīnawarī,NULL,0333,NULL,NULL,NULL,NULL,author,NULL,NULL,NULL,2,NULL,NULL,NULL,NULL,0333IbnMarwanDinawari,OpenITI 2025.1.9
0333IbnMuhammadMadini,أبو عمرو المديني,Ibn Muhammad Madini,NULL,NULL,NULL,NULL,0333,NULL,NULL,NULL,NULL,author,NULL,NULL,NULL,1,NULL,NULL,NULL,NULL,0333IbnMuhammadMadini,OpenITI 2025.1.9
0334Azdi,الأزدي,Azdi,NULL,NULL,al-Azdī,NULL,0334,NULL,NULL,NULL,NULL,author,NULL,NULL,NULL,1,NULL,NULL,NULL,NULL,0334Azdi,OpenITI 2025.1.9
0334IbnHaikHamdani,ابن حائك الهمداني، ابن أبي الدمين الهمداني,Ibn Haik Hamdani,NULL,NULL,"Ibn Ḥāʾik al-Hamdānī, Ibn Abī al-Dumayna al-Hamdānī",NULL,0334,NULL,NULL,NULL,NULL,author,NULL,NULL,NULL,2,NULL,NULL,NULL,NULL,0334IbnHaikHamdani,OpenITI 2025.1.9
0334IbnHamdanKhusaybi,حسين بن حمدان الخصيبي‏,Ibn Hamdan Khusaybi,NULL,NULL,NULL,NULL,0334,NULL,NULL,NULL,NULL,author,NULL,NULL,NULL,1,NULL,NULL,NULL,NULL,0334IbnHamdanKhusaybi,OpenITI 2025.1.9
0334IbnHusaynKhiraqi,أبو القاسم عمر بن الحسين الخرقي,Ibn Husayn Khiraqi,NULL,NULL,NULL,NULL,0334,NULL,NULL,NULL,NULL,author,NULL,NULL,NULL,1,NULL,NULL,NULL,NULL,0334IbnHusaynKhiraqi,OpenITI 2025.1.9
0334IbnSacidQushayri,محمد بن سعيد بن عبد الرحمن القشيري، أبو علي (المتوفى: 334هـ),Ibn Sacid Qushayri,NULL,NULL,NULL,NULL,0334,NULL,NULL,NULL,NULL,author,NULL,NULL,NULL,1,NULL,NULL,NULL,NULL,0334IbnSacidQushayri,OpenITI 2025.1.9
0335AbuBakrSayrafiMatiri,أبي بكر محمد بن جعفر الصيرفي المطيري,Abu Bakr Sayrafi Matiri,NULL,NULL,NULL,NULL,0335,NULL,NULL,NULL,NULL,author,NULL,NULL,NULL,1,NULL,NULL,NULL,NULL,0335AbuBakrSayrafiMatiri,OpenITI 2025.1.9
0335IbnAbiCawamm,أبو القاسم عبد الله بن محمد بن أحمد بن يحيى بن الحارث السعدي,Ibn Abi Cawamm,NULL,NULL,NULL,NULL,0335,NULL,NULL,NULL,NULL,author,NULL,NULL,NULL,1,NULL,NULL,NULL,NULL,0335IbnAbiCawamm,OpenITI 2025.1.9
0335IbnKulaybShashi,الشاشي,Ibn Kulayb Shashi,NULL,NULL,NULL,NULL,0335,NULL,NULL,NULL,NULL,author,NULL,NULL,NULL,1,NULL,NULL,NULL,NULL,0335IbnKulaybShashi,OpenITI 2025.1.9
0335IbnQass,ابن القاص,Ibn Qass,NULL,NULL,Ibn al-Qāṣṣ,NULL,0335,NULL,NULL,NULL,NULL,author,NULL,NULL,NULL,3,NULL,NULL,NULL,NULL,0335IbnQass,OpenITI 2025.1.9
0335IbnWahbKatib,أبو الحسين إسحاق بن إبراهيم بن سليمان بن وهب الكاتب,Ibn Wahb Katib,NULL,NULL,NULL,NULL,0335,NULL,NULL,NULL,NULL,author,NULL,NULL,NULL,1,NULL,NULL,NULL,NULL,0335IbnWahbKatib,OpenITI 2025.1.9
0335Suli,الصولي,Suli,NULL,NULL,al-Ṣūlī,NULL,0335,NULL,NULL,NULL,NULL,author,NULL,NULL,NULL,9,NULL,NULL,NULL,NULL,0335Suli,OpenITI 2025.1.9
0336IbnAhmadTusi,أبو محمد حاجب بن أحمد بن يرحم بن سفيان الطوسي (المتوفى: 336هـ),Ibn Ahmad Tusi,NULL,NULL,NULL,NULL,0336,NULL,NULL,NULL,NULL,author,NULL,NULL,NULL,1,NULL,NULL,NULL,NULL,0336IbnAhmadTusi,OpenITI 2025.1.9
0336IbnHumamIskafi,محمد بن همام الاسكافي,Ibn Humam Iskafi,NULL,NULL,NULL,NULL,0336,NULL,NULL,NULL,NULL,author,NULL,NULL,NULL,3,NULL,NULL,NULL,NULL,0336IbnHumamIskafi,OpenITI 2025.1.9
0337IbnIshaqZajjaji,ابن اسحاق الزجاجي,Ibn Ishaq Zajjaji,NULL,NULL,Ibn Isḥāq al-Zajjājī,NULL,0337,NULL,NULL,NULL,NULL,author,NULL,NULL,NULL,8,NULL,NULL,NULL,NULL,0337IbnIshaqZajjaji,OpenITI 2025.1.9
0337QudamaIbnJacfar,قدامة بن جعفر,Qudama Ibn Jacfar,NULL,NULL,Qudāmaŧ b. Ǧaʿfar,NULL,0337,NULL,NULL,NULL,NULL,author,NULL,NULL,NULL,2,NULL,NULL,NULL,NULL,0337QudamaIbnJacfar,OpenITI 2025.1.9
0338AbuIshaqIbnAbiThabit,أبو إسحاق إبراهيم بن محمد بن أحمد بن أبي ثابت,Abu Ishaq Ibn Abi Thabit,NULL,NULL,NULL,NULL,0338,NULL,NULL,NULL,NULL,author,NULL,NULL,NULL,1,NULL,NULL,NULL,NULL,0338AbuIshaqIbnAbiThabit,OpenITI 2025.1.9
0338AbuJacfarNahhas,أبو جعفر النحاس أحمد بن محمد بن إسماعيل بن يونس المرادي النحوي (المتوفى: 338هـ),Abu Jacfar Nahhas,NULL,NULL,NULL,NULL,0338,NULL,NULL,NULL,NULL,author,NULL,NULL,NULL,5,NULL,NULL,NULL,NULL,0338AbuJacfarNahhas,OpenITI 2025.1.9
0339AbuJacfarIbnBukhturi,محمد بن عمرو بن البختري بن مدرك بن سليمان البغدادي الرزاز,Abu Jacfar Ibn Bukhturi,NULL,NULL,NULL,NULL,0339,NULL,NULL,NULL,NULL,author,NULL,NULL,NULL,1,NULL,NULL,NULL,NULL,0339AbuJacfarIbnBukhturi,OpenITI 2025.1.9
0339AbuNasrFarabi,الفارابي,Abu Nasr Farabi,NULL,NULL,al-Fārābī,NULL,0339,NULL,NULL,NULL,NULL,author,NULL,NULL,NULL,10,NULL,NULL,NULL,NULL,0339AbuNasrFarabi,OpenITI 2025.1.9
0339IbnAshnani,عمر بن الحسن بن علي بن مالك بن أشرس بن عبد الله بن منجاب، أبو الحسين الشيباني، المعروف بابن الأشناني (المتوفى: 339هـ),Ibn Ashnani,NULL,NULL,NULL,NULL,0339,NULL,NULL,NULL,NULL,author,NULL,NULL,NULL,1,NULL,NULL,NULL,NULL,0339IbnAshnani,OpenITI 2025.1.9
0340AbuHasanKarkhi,أبو الحسن عبيد الله بن الحسين بن دلال بن دلهم الكرخي,Abu Hasan Karkhi,NULL,NULL,NULL,NULL,0340,NULL,NULL,NULL,NULL,author,NULL,NULL,NULL,1,NULL,NULL,NULL,NULL,0340AbuHasanKarkhi,OpenITI 2025.1.9
0340AbuMuhammadHarithi,أبو حنيفة النعمان بن ثابت بن زوطي بن ماه,Abu Muhammad Harithi,NULL,NULL,NULL,NULL,0340,NULL,NULL,NULL,NULL,author,NULL,NULL,NULL,1,NULL,NULL,NULL,NULL,0340AbuMuhammadHarithi,OpenITI 2025.1.9
0340CaliIbnCisaJisri,علي بن عيسى الجسري,Cali Ibn Cisa Jisri,NULL,NULL,ʿAlī b. ʿĪsá al-Jisrī,NULL,0340,NULL,NULL,NULL,NULL,author,NULL,NULL,NULL,1,NULL,NULL,NULL,NULL,0340CaliIbnCisaJisri,OpenITI 2025.1.9
0340IbnAcrabiBasri,أبو سعيد أحمد بن محمد بن زياد بن بشر بن درهم البصري الصوفي (المتوفى : 340هـ),Ibn Acrabi Basri,NULL,NULL,NULL,NULL,0340,NULL,NULL,NULL,NULL,author,NULL,NULL,NULL,3,NULL,NULL,NULL,NULL,0340IbnAcrabiBasri,OpenITI 2025.1.9
0340IbnDaya,أحمد بن يوسف الكاتب ابن الداية (340 ه),Ibn Daya,NULL,NULL,NULL,NULL,0340,NULL,NULL,NULL,NULL,author,NULL,NULL,NULL,2,NULL,NULL,NULL,NULL,0340IbnDaya,OpenITI 2025.1.9
0340IbnMusaTabari,أحمد بن موسى الطبري,Ibn Musa Tabari,NULL,NULL,NULL,NULL,0340,NULL,NULL,NULL,NULL,author,NULL,NULL,NULL,1,NULL,NULL,NULL,NULL,0340IbnMusaTabari,OpenITI 2025.1.9
0341AbuHasanIbnMaqabiri,أبو الحسن المقابري,Abu Hasan Ibn Maqabiri,NULL,NULL,Abū al-Ḥasan al-Maqābirī,NULL,0341,NULL,NULL,NULL,NULL,author,NULL,NULL,NULL,1,NULL,NULL,NULL,NULL,0341AbuHasanIbnMaqabiri,OpenITI 2025.1.9
0341AbuNasrBukhari,أبي نصر البخاري,Abu Nasr Bukhari,NULL,NULL,NULL,NULL,0341,NULL,NULL,NULL,NULL,author,NULL,NULL,NULL,1,NULL,NULL,NULL,NULL,0341AbuNasrBukhari,OpenITI 2025.1.9
0341IbnHamidHawrani,أبو الطيب محمد بن حميد بن محمد بن سليمان بن معاوية الكلابي، الحوراني، ثم السامري (المتوفى: 341هـ),Ibn Hamid Hawrani,NULL,NULL,NULL,NULL,0341,NULL,NULL,NULL,NULL,author,NULL,NULL,NULL,1,NULL,NULL,NULL,NULL,0341IbnHamidHawrani,OpenITI 2025.1.9
0341MansurBiAllah,المنصور بالله,Mansur Bi Allah,NULL,NULL,al-Manṣūr bi-Allãh,NULL,0341,NULL,NULL,NULL,NULL,author,NULL,NULL,NULL,1,NULL,NULL,NULL,NULL,0341MansurBiAllah,OpenITI 2025.1.9
0343IbnSulaymanAtrabulusi,خيثمة الأطرابلسي,Ibn Sulayman Atrabulusi,NULL,NULL,NULL,NULL,0343,NULL,NULL,NULL,NULL,author,NULL,NULL,NULL,1,NULL,NULL,NULL,NULL,0343IbnSulaymanAtrabulusi,OpenITI 2025.1.9
0344IbnSammak,عثمان بن أحمد بن عبيد الله بن يزيد، أبو عمرو الدقاق، ابن السماك (المتوفى: 344هـ),Ibn Sammak,NULL,NULL,NULL,NULL,0344,NULL,NULL,NULL,NULL,author,NULL,NULL,NULL,2,NULL,NULL,NULL,NULL,0344IbnSammak,OpenITI 2025.1.9
0344NizamDinShashi,الشاشي,Nizam Din Shashi,NULL,NULL,NULL,NULL,0344,NULL,NULL,NULL,NULL,author,NULL,NULL,NULL,1,NULL,NULL,NULL,NULL,0344NizamDinShashi,OpenITI 2025.1.9
0345IbnCabbasBazzaz,محمد بن العباس بن نجيح، أبو بكر البزاز (المتوفى: 345هـ),Ibn Cabbas Bazzaz,NULL,NULL,NULL,NULL,0345,NULL,NULL,NULL,NULL,author,NULL,NULL,NULL,1,NULL,NULL,NULL,NULL,0345IbnCabbasBazzaz,OpenITI 2025.1.9
0345IbnCabdWahidGhulamThaclab,ابن عبد الواحد غلام ثعلب,Ibn Cabd Wahid Ghulam Thaclab,NULL,NULL,Ibn ʿAbd al-Wāḥid Ġulām Ṯaʿlab,NULL,0345,NULL,NULL,NULL,NULL,author,NULL,NULL,NULL,3,NULL,NULL,NULL,NULL,0345IbnCabdWahidGhulamThaclab,OpenITI 2025.1.9
0345IbnMuhammadSamarqandi,ابن محمد السمرقندي,Ibn Muhammad Samarqandi,NULL,NULL,Ibn Muḥammad al-Samarqandī,NULL,0345,NULL,NULL,NULL,NULL,author,NULL,NULL,NULL,2,NULL,NULL,NULL,NULL,0345IbnMuhammadSamarqandi,OpenITI 2025.1.9
0346AsammNaysaburi,أبو العباس الأصم محمد بن يعقوب بن يوسف النيسابوري (346 هـ),Asamm Naysaburi,NULL,NULL,NULL,NULL,0346,NULL,NULL,NULL,NULL,author,NULL,NULL,NULL,1,NULL,NULL,NULL,NULL,0346AsammNaysaburi,OpenITI 2025.1.9
0346IbnCaliTasti,أبو الحسين عبد الصمد بن علي بن محمد بن مكرم البغدادي، الطستي، الوكيل (المتوفى: 346هـ),Ibn Cali Tasti,NULL,NULL,NULL,NULL,0346,NULL,NULL,NULL,NULL,author,NULL,NULL,NULL,1,NULL,NULL,NULL,NULL,0346IbnCaliTasti,OpenITI 2025.1.9
0346IbnFarisIsbahani,ابن فارس الأصبهاني,Ibn Faris Isbahani,NULL,NULL,NULL,NULL,0346,NULL,NULL,NULL,NULL,author,NULL,NULL,NULL,1,NULL,NULL,NULL,NULL,0346IbnFarisIsbahani,OpenITI 2025.1.9
0346IbnQasimDimashqi,محمد بن القاسم بن معروف، أبو علي التميمي الدمشقي الشهير بابن حبيب (المتوفى: 347هـ),Ibn Qasim Dimashqi,NULL,NULL,NULL,NULL,0346,NULL,NULL,NULL,NULL,author,NULL,NULL,NULL,1,NULL,NULL,NULL,NULL,0346IbnQasimDimashqi,OpenITI 2025.1.9
0346IbnSahlJundisaburi,السري بن سهل الجنديسابوري (المتوفى: 346هـ),Ibn Sahl Jundisaburi,NULL,NULL,NULL,NULL,0346,NULL,NULL,NULL,NULL,author,NULL,NULL,NULL,1,NULL,NULL,NULL,NULL,0346IbnSahlJundisaburi,OpenITI 2025.1.9
0346Istakhri,الاصطخري,Istakhri,NULL,NULL,al-Iṣṭaḫrī,NULL,0346,NULL,NULL,NULL,NULL,author,NULL,NULL,NULL,1,NULL,NULL,NULL,NULL,0346Istakhri,OpenITI 2025.1.9
0346JacfarBinMansurYaman,جعفر بن منصور اليمن,Jacfar Bin Mansur Yaman,NULL,NULL,Jaʿfar b. Manṣūr al-Yaman,NULL,0346,NULL,NULL,NULL,NULL,author,NULL,NULL,NULL,2,NULL,NULL,NULL,NULL,0346JacfarBinMansurYaman,OpenITI 2025.1.9
0346Mascudi,المسعودي,Mascudi,NULL,NULL,al-Masʿūdī,NULL,0346,NULL,NULL,NULL,NULL,author,NULL,NULL,NULL,2,NULL,NULL,NULL,NULL,0346Mascudi,OpenITI 2025.1.9
0347IbnDurustawayh,أبو محمد، عبد الله بن جعفر بن محمد بن درستويه ابن المرزبان (المتوفى: 347ه),Ibn Durustawayh,NULL,NULL,NULL,NULL,0347,NULL,NULL,NULL,NULL,author,NULL,NULL,NULL,1,NULL,NULL,NULL,NULL,0347IbnDurustawayh,OpenITI 2025.1.9
0347IbnHazlam,ابن حذلم,Ibn Hazlam,NULL,NULL,Ibn Ḥaḏlam,NULL,0347,NULL,NULL,NULL,NULL,author,NULL,NULL,NULL,2,NULL,NULL,NULL,NULL,0347IbnHazlam,OpenITI 2025.1.9
0347IbnYunusSadafi,ابن يونس الصدفي,Ibn Yunus Sadafi,NULL,NULL,Ibn Yūnus al-Ṣadafī,NULL,0347,NULL,NULL,NULL,NULL,author,NULL,NULL,NULL,1,NULL,NULL,NULL,NULL,0347IbnYunusSadafi,OpenITI 2025.1.9
0348IbnMuhammadKhuldi,جعفر الخلدي,Ibn Muhammad Khuldi,NULL,NULL,NULL,NULL,0348,NULL,NULL,NULL,NULL,author,NULL,NULL,NULL,1,NULL,NULL,NULL,NULL,0348IbnMuhammadKhuldi,OpenITI 2025.1.9
0348IbnSalmanNajjad,ابن سلمان النجاد,Ibn Salman Najjad,NULL,NULL,Ibn Salmān al-Najjād,NULL,0348,NULL,NULL,NULL,NULL,author,NULL,NULL,NULL,5,NULL,NULL,NULL,NULL,0348IbnSalmanNajjad,OpenITI 2025.1.9
0349IbnCumarMuqri,ابن عمر المقرئ,Ibn Cumar Muqri,NULL,NULL,Ibn ʿUmar al-Muqriʾ,NULL,0349,NULL,NULL,NULL,NULL,author,NULL,NULL,NULL,1,NULL,NULL,NULL,NULL,0349IbnCumarMuqri,OpenITI 2025.1.9
0350AbuBakrAzdiQadiMawsili,أبو بكر الأزدي القاضي الموصلي,Abu Bakr Azdi Qadi Mawsili,NULL,NULL,Abū Bakr al-Azdī al-Qāḍī al-Mawṣilī,NULL,0350,NULL,NULL,NULL,NULL,author,NULL,NULL,NULL,1,NULL,NULL,NULL,NULL,0350AbuBakrAzdiQadiMawsili,OpenITI 2025.1.9
0350AbuSahlJawaliqi,أبو سهل أحمد بن محمد بن جمان الجواليقي,Abu Sahl Jawaliqi,NULL,NULL,NULL,NULL,0350,NULL,NULL,NULL,NULL,author,NULL,NULL,NULL,1,NULL,NULL,NULL,NULL,0350AbuSahlJawaliqi,OpenITI 2025.1.9
0350AhmadIbnKamilIbnKhalaf,أحمد بن كامل بن خلف,Ahmad Ibn Kamil Ibn Khalaf,NULL,NULL,Aḥmad b. Kāmil b. Ḫalaf,NULL,0350,NULL,NULL,NULL,NULL,author,NULL,NULL,NULL,1,NULL,NULL,NULL,NULL,0350AhmadIbnKamilIbnKhalaf,OpenITI 2025.1.9
0350Anonymous,Aristotle,Anonymous,NULL,NULL,NULL,NULL,0350,NULL,NULL,NULL,NULL,author,NULL,NULL,NULL,2,NULL,NULL,NULL,NULL,0350Anonymous,OpenITI 2025.1.9
0350Balawi,البلوي,Balawi,NULL,NULL,al-Balawī,NULL,0350,NULL,NULL,NULL,NULL,author,NULL,NULL,NULL,1,NULL,NULL,NULL,NULL,0350Balawi,OpenITI 2025.1.9
0350BuzurgIbnShahriyarRamhurmuzi,بزرگ بن شهريار الرامهرمزي,Buzurg Ibn Shahriyar Ramhurmuzi,NULL,NULL,NULL,NULL,0350,NULL,NULL,NULL,NULL,author,NULL,NULL,NULL,1,NULL,NULL,NULL,NULL,0350BuzurgIbnShahriyarRamhurmuzi,OpenITI 2025.1.9
0350IbnAbiJarrah,ابن أبي الجراح,Ibn Abi Jarrah,NULL,NULL,Ibn Abī al-Jarrāḥ,NULL,0350,NULL,NULL,NULL,NULL,author,NULL,NULL,NULL,1,NULL,NULL,NULL,NULL,0350IbnAbiJarrah,OpenITI 2025.1.9
0350IbnCabdCaliQatifi,الشيخ محمد آل عبد الجبار,Ibn Cabd Cali Qatifi,NULL,NULL,NULL,NULL,0350,NULL,NULL,NULL,NULL,author,NULL,NULL,NULL,1,NULL,NULL,NULL,NULL,0350IbnCabdCaliQatifi,OpenITI 2025.1.9
0350IbnIbrahimFarabi,أبو إبراهيم إسحاق بن إبراهيم بن الحسين الفارابي، (المتوفى: 350هـ),Ibn Ibrahim Farabi,NULL,NULL,NULL,NULL,0350,NULL,NULL,NULL,NULL,author,NULL,NULL,NULL,1,NULL,NULL,NULL,NULL,0350IbnIbrahimFarabi,OpenITI 2025.1.9
0350IbnJahham,الماهيار البزّاز,Ibn Jahham,NULL,NULL,NULL,NULL,0350,NULL,NULL,NULL,NULL,author,NULL,NULL,NULL,1,NULL,NULL,NULL,NULL,0350IbnJahham,OpenITI 2025.1.9
0350IbnSaqqaHalabi,محمد بن جعفر بن هشام أبو الحسن ابن السقا الحلبي (350 ه),Ibn Saqqa Halabi,NULL,NULL,NULL,NULL,0350,NULL,NULL,NULL,NULL,author,NULL,NULL,NULL,1,NULL,NULL,NULL,NULL,0350IbnSaqqaHalabi,OpenITI 2025.1.9
0350IsmacilKhutabi,أبو محمد إسماعيل بن علي بن إسماعيل الخطبي,Ismacil Khutabi,NULL,NULL,NULL,NULL,0350,NULL,NULL,NULL,NULL,author,NULL,NULL,NULL,1,NULL,NULL,NULL,NULL,0350IsmacilKhutabi,OpenITI 2025.1.9
0350MuhammadIbnHasanJawhari,محمد بن الحسن التميمي الجوهري (المتوفى: حوالي 350 ه),Muhammad Ibn Hasan Jawhari,NULL,NULL,NULL,NULL,0350,NULL,NULL,NULL,NULL,author,NULL,NULL,NULL,1,NULL,NULL,NULL,NULL,0350MuhammadIbnHasanJawhari,OpenITI 2025.1.9
0350MuhammadIbnIbrahim,محمد بن ابراهيم,Muhammad Ibn Ibrahim,NULL,NULL,Muḥammad b. Ibrāhīm,NULL,0350,NULL,NULL,NULL,NULL,author,NULL,NULL,NULL,1,NULL,NULL,NULL,NULL,0350MuhammadIbnIbrahim,OpenITI 2025.1.9
0350MuhammadIbnMuhammadIbnAshcath,محمد بن محمد الكوفي,Muhammad Ibn Muhammad Ibn Ashcath,NULL,NULL,NULL,NULL,0350,NULL,NULL,NULL,NULL,author,NULL,NULL,NULL,1,NULL,NULL,NULL,NULL,0350MuhammadIbnMuhammadIbnAshcath,OpenITI 2025.1.9
0350MuhammadKindi,محمد الكندي,Muhammad Kindi,NULL,NULL,Muḥammad al-Kindī,NULL,0350,NULL,NULL,NULL,NULL,author,NULL,NULL,NULL,3,NULL,NULL,NULL,NULL,0350MuhammadKindi,OpenITI 2025.1.9
0351AbuTayyibLughawi,أبو الطيب اللغوي,Abu Tayyib Lughawi,NULL,NULL,Abū al-Ṭayyib al-Luġawī,NULL,0351,NULL,NULL,NULL,NULL,author,NULL,NULL,NULL,2,NULL,NULL,NULL,NULL,0351AbuTayyibLughawi,OpenITI 2025.1.9
0351IbnAhmadSijzi,دعلج بن أحمد السجزي أبو محمد,Ibn Ahmad Sijzi,NULL,NULL,NULL,NULL,0351,NULL,NULL,NULL,NULL,author,NULL,NULL,NULL,1,NULL,NULL,NULL,NULL,0351IbnAhmadSijzi,OpenITI 2025.1.9
0351IbnQanic,عبد الباقي بن قانع أبو الحسين,Ibn Qanic,NULL,NULL,NULL,NULL,0351,NULL,NULL,NULL,NULL,author,NULL,NULL,NULL,1,NULL,NULL,NULL,NULL,0351IbnQanic,OpenITI 2025.1.9
0352IbnAhmadKufi,أبو القاسم الكوفي,Ibn Ahmad Kufi,NULL,NULL,NULL,NULL,0352,NULL,NULL,NULL,NULL,author,NULL,NULL,NULL,1,NULL,NULL,NULL,NULL,0352IbnAhmadKufi,OpenITI 2025.1.9
0352IbnDuhaymShaybani,ابن دحيم أبو جعفر محمد بن علي بن دحيم الشيباني، الكوفي (المتوفى: 352هـ),Ibn Duhaym Shaybani,NULL,NULL,NULL,NULL,0352,NULL,NULL,NULL,NULL,author,NULL,NULL,NULL,1,NULL,NULL,NULL,NULL,0352IbnDuhaymShaybani,OpenITI 2025.1.9
0352IbnIbrahimKufi,فرات بن إبراهيم‏ الكوفي,Ibn Ibrahim Kufi,NULL,NULL,NULL,NULL,0352,NULL,NULL,NULL,NULL,author,NULL,NULL,NULL,1,NULL,NULL,NULL,NULL,0352IbnIbrahimKufi,OpenITI 2025.1.9
0353AbuCabbasHasani,أبو العباس الحسني,Abu Cabbas Hasani,NULL,NULL,Abū al-ʿAbbās al-Ḥasanī,NULL,0353,NULL,NULL,NULL,NULL,author,NULL,NULL,NULL,1,NULL,NULL,NULL,NULL,0353AbuCabbasHasani,OpenITI 2025.1.9
0353IbnAbiCaqabHamadani,ابن أبي العقب الهمداني,Ibn Abi Caqab Hamadani,NULL,NULL,Ibn Abī al-ʿAqab al-Hamadānī,NULL,0353,NULL,NULL,NULL,NULL,author,NULL,NULL,NULL,1,NULL,NULL,NULL,NULL,0353IbnAbiCaqabHamadani,OpenITI 2025.1.9
0353IbnHarunDimashqi,محمد بن هارون بن شعيب، أبو علي الأنصاري الدمشقي (المتوفى: 353هـ),Ibn Harun Dimashqi,NULL,NULL,NULL,NULL,0353,NULL,NULL,NULL,NULL,author,NULL,NULL,NULL,1,NULL,NULL,NULL,NULL,0353IbnHarunDimashqi,OpenITI 2025.1.9
0353IbnMuhammadMakki,عبد الله بن محمد بن العباس الفاكهي، أبو محمد المكي (المتوفى: 353هـ),Ibn Muhammad Makki,NULL,NULL,NULL,NULL,0353,NULL,NULL,NULL,NULL,author,NULL,NULL,NULL,1,NULL,NULL,NULL,NULL,0353IbnMuhammadMakki,OpenITI 2025.1.9
0353IbnSacidTanukhi,معلى بن سعيد أبو خازم التنوخي (المتوفى: 353هـ),Ibn Sacid Tanukhi,NULL,NULL,NULL,NULL,0353,NULL,NULL,NULL,NULL,author,NULL,NULL,NULL,1,NULL,NULL,NULL,NULL,0353IbnSacidTanukhi,OpenITI 2025.1.9
0354IbnCabdAllahBazzaz,ابن عبد الله البزاز,Ibn Cabd Allah Bazzaz,NULL,NULL,Ibn ʿAbd Allāh al-Bazzāz,NULL,0354,NULL,NULL,NULL,NULL,author,NULL,NULL,NULL,3,NULL,NULL,NULL,NULL,0354IbnCabdAllahBazzaz,OpenITI 2025.1.9
0354IbnHasanCattar,محمد بن الحسن بن يعقوب بن الحسن، بن مقسم العطار، أبو بكر (المتوفى: 354هـ),Ibn Hasan Cattar,NULL,NULL,NULL,NULL,0354,NULL,NULL,NULL,NULL,author,NULL,NULL,NULL,1,NULL,NULL,NULL,NULL,0354IbnHasanCattar,OpenITI 2025.1.9
0354IbnHibbanBusti,ابن حبان البستي,Ibn Hibban Busti,NULL,NULL,Ibn Ḥibbān al-Bustī,NULL,0354,NULL,NULL,NULL,NULL,author,NULL,NULL,NULL,6,NULL,NULL,NULL,NULL,0354IbnHibbanBusti,OpenITI 2025.1.9
0354Mutanabbi,المتنبي,Mutanabbi,NULL,NULL,NULL,NULL,0354,NULL,NULL,NULL,NULL,author,NULL,NULL,NULL,1,NULL,NULL,NULL,NULL,0354Mutanabbi,OpenITI 2025.1.9
0355BakrIbnAhmadShirazi,أبو يحيى بكر بن أحمد بن علي بن مخلد بن مهران الشيرازي,Bakr Ibn Ahmad Shirazi,NULL,NULL,NULL,NULL,0355,NULL,NULL,NULL,NULL,author,NULL,NULL,NULL,1,NULL,NULL,NULL,NULL,0355BakrIbnAhmadShirazi,OpenITI 2025.1.9
0356AbuCaliQali,أبو علي القالي,Abu Cali Qali,NULL,NULL,Abū ʿAlī al-Qālī,NULL,0356,NULL,NULL,NULL,NULL,author,NULL,NULL,NULL,6,NULL,NULL,NULL,NULL,0356AbuCaliQali,OpenITI 2025.1.9
0356IbnQasimMisri,ابن القاسم المصري,Ibn Qasim Misri,NULL,NULL,Ibn al-Qāsim al-Miṣrī,NULL,0356,NULL,NULL,NULL,NULL,author,NULL,NULL,NULL,1,NULL,NULL,NULL,NULL,0356IbnQasimMisri,OpenITI 2025.1.9
0357AbuFirasHamdani,أبو فراس الحمداني,Abu Firas Hamdani,NULL,NULL,NULL,NULL,0357,NULL,NULL,NULL,NULL,author,NULL,NULL,NULL,1,NULL,NULL,NULL,NULL,0357AbuFirasHamdani,OpenITI 2025.1.9
0357IbnMuhammadKinani,حمزة بن محمد بن علي بن العباس، أبو القاسم الكناني المصري (المتوفى: 357هـ),Ibn Muhammad Kinani,NULL,NULL,NULL,NULL,0357,NULL,NULL,NULL,NULL,author,NULL,NULL,NULL,2,NULL,NULL,NULL,NULL,0357IbnMuhammadKinani,OpenITI 2025.1.9
0359AbuBakrNasibi,أبو بكر بن خلاد,Abu Bakr Nasibi,NULL,NULL,NULL,NULL,0359,NULL,NULL,NULL,NULL,author,NULL,NULL,NULL,2,NULL,NULL,NULL,NULL,0359AbuBakrNasibi,OpenITI 2025.1.9
0359AbuCaliSawwaf,أبو علي الصواف,Abu Cali Sawwaf,NULL,NULL,NULL,NULL,0359,NULL,NULL,NULL,NULL,author,NULL,NULL,NULL,2,NULL,NULL,NULL,NULL,0359AbuCaliSawwaf,OpenITI 2025.1.9
0359AbuHasanIkhmimi,أبو الحسن محمد بن أحمد بن العباس الإخميمي,Abu Hasan Ikhmimi,NULL,NULL,NULL,NULL,0359,NULL,NULL,NULL,NULL,author,NULL,NULL,NULL,1,NULL,NULL,NULL,NULL,0359AbuHasanIkhmimi,OpenITI 2025.1.9
0360AbuBakrAjurri,أبو بكر الآجري,Abu Bakr Ajurri,NULL,NULL,Abū Bakr al-Ājurrī,NULL,0360,NULL,NULL,NULL,NULL,author,NULL,NULL,NULL,14,NULL,NULL,NULL,NULL,0360AbuBakrAjurri,OpenITI 2025.1.9
0360AbuBakrAnbari,محمد بن جعفر بن محمد بن الهيثم، أبو بكر الأنباري، البندار (المتوفى: 360هـ),Abu Bakr Anbari,NULL,NULL,NULL,NULL,0360,NULL,NULL,NULL,NULL,author,NULL,NULL,NULL,2,NULL,NULL,NULL,NULL,0360AbuBakrAnbari,OpenITI 2025.1.9
0360HamzaIsfahani,همزة الاصفهاني,Hamza Isfahani,NULL,NULL,Hamzaŧ al-Iṣfahānī,NULL,0360,NULL,NULL,NULL,NULL,author,NULL,NULL,NULL,3,NULL,NULL,NULL,NULL,0360HamzaIsfahani,OpenITI 2025.1.9
0360IbnCaliQassab,أحمد محمد بن علي بن محمد الكرجي القصاب (المتوفى: نحو 360هـ),Ibn Cali Qassab,NULL,NULL,NULL,NULL,0360,NULL,NULL,NULL,NULL,author,NULL,NULL,NULL,1,NULL,NULL,NULL,NULL,0360IbnCaliQassab,OpenITI 2025.1.9
0360Khawlani,أبو علي عبد الجبار بن عبد الله الخولاني المعروف بابن مهنا (المتوفى : 360هـ),Khawlani,NULL,NULL,NULL,NULL,0360,NULL,NULL,NULL,NULL,author,NULL,NULL,NULL,1,NULL,NULL,NULL,NULL,0360Khawlani,OpenITI 2025.1.9
0360KushajimShacir,كشاجم الشاعر,Kushajim Shacir,NULL,NULL,Kušājim al-Šāʿir,NULL,0360,NULL,NULL,NULL,NULL,author,NULL,NULL,NULL,2,NULL,NULL,NULL,NULL,0360KushajimShacir,OpenITI 2025.1.9
0360Ramhurmuzi,أبو الحسن بن عبد الرحمن بن خلاد الرامهرمزي,Ramhurmuzi,NULL,NULL,NULL,NULL,0360,NULL,NULL,NULL,NULL,author,NULL,NULL,NULL,2,NULL,NULL,NULL,NULL,0360Ramhurmuzi,OpenITI 2025.1.9
0360Tabarani,الطبراني,Tabarani,NULL,NULL,al-Ṭabarānī,NULL,0360,NULL,NULL,NULL,NULL,author,NULL,NULL,NULL,20,NULL,NULL,NULL,NULL,0360Tabarani,OpenITI 2025.1.9
0361AbuSacidKudami,أبو سعيد الكدمي,Abu Sacid Kudami,NULL,NULL,Abū Saʿīd al-Kudamī,NULL,0361,NULL,NULL,NULL,NULL,author,NULL,NULL,NULL,2,NULL,NULL,NULL,NULL,0361AbuSacidKudami,OpenITI 2025.1.9
0361AbuYacqubSijistani,أبو يعقوب السجستاني,Abu Yacqub Sijistani,NULL,NULL,Abū Yaʿqūb al-Sijistānī,NULL,0361,NULL,NULL,NULL,NULL,author,NULL,NULL,NULL,3,NULL,NULL,NULL,NULL,0361AbuYacqubSijistani,OpenITI 2025.1.9
0361IbnCumarDarraj,عثمان بن عمر بن خفيف أبو عمر المقرئ المعروف بالدراج (المتوفى: 361هـ),Ibn Cumar Darraj,NULL,NULL,NULL,NULL,0361,NULL,NULL,NULL,NULL,author,NULL,NULL,NULL,1,NULL,NULL,NULL,NULL,0361IbnCumarDarraj,OpenITI 2025.1.9
0361IbnIbrahimTustari,ابن التستري الكاتب,Ibn Ibrahim Tustari,NULL,NULL,NULL,NULL,0361,NULL,NULL,NULL,NULL,author,NULL,NULL,NULL,1,NULL,NULL,NULL,NULL,0361IbnIbrahimTustari,OpenITI 2025.1.9
0361Khushani,الخشني,Khushani,NULL,NULL,al-Ḫušanī,NULL,0361,NULL,NULL,NULL,NULL,author,NULL,NULL,NULL,3,NULL,NULL,NULL,NULL,0361Khushani,OpenITI 2025.1.9
0362AbuFarajIsbahani,أبو الفرج الاصبهاني,Abu Faraj Isbahani,NULL,NULL,Abū al-Faraj al-Iṣbahānī,NULL,0362,NULL,NULL,NULL,NULL,author,NULL,NULL,NULL,5,NULL,NULL,NULL,NULL,0362AbuFarajIsbahani,OpenITI 2025.1.9
0362IbnBaraka,ابن بركة,Ibn Baraka,NULL,NULL,Ibn Barakaŧ,NULL,0362,NULL,NULL,NULL,NULL,author,NULL,NULL,NULL,2,NULL,NULL,NULL,NULL,0362IbnBaraka,OpenITI 2025.1.9
0362IbnHaniAndalusi,ابن هانئ الأندلسي,Ibn Hani Andalusi,NULL,NULL,NULL,NULL,0362,NULL,NULL,NULL,NULL,author,NULL,NULL,NULL,1,NULL,NULL,NULL,NULL,0362IbnHaniAndalusi,OpenITI 2025.1.9
0362IbnMuhammadMuzakki,أبو إسحاق إبراهيم بن محمد بن يحيى بن سختويه النيسابوري المزكي (المتوفى: 362هـ),Ibn Muhammad Muzakki,NULL,NULL,NULL,NULL,0362,NULL,NULL,NULL,NULL,author,NULL,NULL,NULL,1,NULL,NULL,NULL,NULL,0362IbnMuhammadMuzakki,OpenITI 2025.1.9
0362SariRaffa,السري الرفاء,Sari Raffa,NULL,NULL,NULL,NULL,0362,NULL,NULL,NULL,NULL,author,NULL,NULL,NULL,2,NULL,NULL,NULL,NULL,0362SariRaffa,OpenITI 2025.1.9
0363Balcami,NULL,Balcami,NULL,NULL,NULL,NULL,0363,NULL,NULL,NULL,NULL,author,NULL,NULL,NULL,1,NULL,NULL,NULL,NULL,0363Balcami,OpenITI 2025.1.9
0363IbnHusaynSijistani,محمد بن الحسين بن إبراهيم بن عاصم، أبو الحسن الآبري السجستاني (المتوفى: 363هـ),Ibn Husayn Sijistani,NULL,NULL,NULL,NULL,0363,NULL,NULL,NULL,NULL,author,NULL,NULL,NULL,1,NULL,NULL,NULL,NULL,0363IbnHusaynSijistani,OpenITI 2025.1.9
0363QadiNucman,القاضي النعمان,Qadi Nucman,NULL,NULL,al-Qāḍī al-Nuʿmān,NULL,0363,NULL,NULL,NULL,NULL,author,NULL,NULL,NULL,9,NULL,NULL,NULL,NULL,0363QadiNucman,OpenITI 2025.1.9
0364AbuHasanBisyawi,أبو الحسن البسيوي,Abu Hasan Bisyawi,NULL,NULL,Abū al-Ḥasan al-Basīwī,NULL,0364,NULL,NULL,NULL,NULL,author,NULL,NULL,NULL,2,NULL,NULL,NULL,NULL,0364AbuHasanBisyawi,OpenITI 2025.1.9
0364IbnSunniDinawari,ابن السني,Ibn Sunni Dinawari,NULL,NULL,NULL,NULL,0364,NULL,NULL,NULL,NULL,author,NULL,NULL,NULL,1,NULL,NULL,NULL,NULL,0364IbnSunniDinawari,OpenITI 2025.1.9
0364YahyaIbnCadi,أبو زكريا يحيى بن عدي,Yahya Ibn Cadi,NULL,NULL,Abū Zakariyā Yaḥyá b. ʿAdī,NULL,0364,NULL,NULL,NULL,NULL,author,NULL,NULL,NULL,4,NULL,NULL,NULL,NULL,0364YahyaIbnCadi,OpenITI 2025.1.9
0365AbuAhmadMudari,أبو أحمد المضري,Abu Ahmad Mudari,NULL,NULL,Abū Aḥmad al-Muḍarī,NULL,0365,NULL,NULL,NULL,NULL,author,NULL,NULL,NULL,1,NULL,NULL,NULL,NULL,0365AbuAhmadMudari,OpenITI 2025.1.9
0365AbuBakrKhutuli,أبو بكر الختلي,Abu Bakr Khutuli,NULL,NULL,NULL,NULL,0365,NULL,NULL,NULL,NULL,author,NULL,NULL,NULL,1,NULL,NULL,NULL,NULL,0365AbuBakrKhutuli,OpenITI 2025.1.9
0365IbnCadiJurjani,ابن عدي، ابن القطان,Ibn Cadi Jurjani,NULL,NULL,"Ibn ʿAdī, Ibn al-Qaṭṭān",NULL,0365,NULL,NULL,NULL,NULL,author,NULL,NULL,NULL,2,NULL,NULL,NULL,NULL,0365IbnCadiJurjani,OpenITI 2025.1.9
0365IbnFaqihHamadhani,ابن الفقيه,Ibn Faqih Hamadhani,NULL,NULL,Ibn al-Faqīh,NULL,0365,NULL,NULL,NULL,NULL,author,NULL,NULL,NULL,1,NULL,NULL,NULL,NULL,0365IbnFaqihHamadhani,OpenITI 2025.1.9
0365IbnMufassir,عبد الله بن محمد بن ناصح المعروف بابن المفسر,Ibn Mufassir,NULL,NULL,NULL,NULL,0365,NULL,NULL,NULL,NULL,author,NULL,NULL,NULL,1,NULL,NULL,NULL,NULL,0365IbnMufassir,OpenITI 2025.1.9
0366IbnCabdAllahNaysaburi,ابن حيويه,Ibn Cabd Allah Naysaburi,NULL,NULL,NULL,NULL,0366,NULL,NULL,NULL,NULL,author,NULL,NULL,NULL,1,NULL,NULL,NULL,NULL,0366IbnCabdAllahNaysaburi,OpenITI 2025.1.9
0366IbnCabdJabbarNiffari,النفري,Ibn Cabd Jabbar Niffari,NULL,NULL,al-Niffarī,NULL,0366,NULL,NULL,NULL,NULL,author,NULL,NULL,NULL,4,NULL,NULL,NULL,NULL,0366IbnCabdJabbarNiffari,OpenITI 2025.1.9
0366IbnNajidNaysaburi,إسماعيل بن نجيد بن أحمد بن يوسف السلمي النيسابوري، أبو عمرو (المتوفى: 366هـ),Ibn Najid Naysaburi,NULL,NULL,NULL,NULL,0366,NULL,NULL,NULL,NULL,author,NULL,NULL,NULL,1,NULL,NULL,NULL,NULL,0366IbnNajidNaysaburi,OpenITI 2025.1.9
0367IbnAhmadDhuhli,محمد بن أحمد بن عبد الله بن نصر الذهلي، أبو الطاهر المالكي (المتوفى: 367هـ),Ibn Ahmad Dhuhli,NULL,NULL,NULL,NULL,0367,NULL,NULL,NULL,NULL,author,NULL,NULL,NULL,1,NULL,NULL,NULL,NULL,0367IbnAhmadDhuhli,OpenITI 2025.1.9
0367IbnHawqal,ابن حوقل,Ibn Hawqal,NULL,NULL,Ibn Ḥawqal,NULL,0367,NULL,NULL,NULL,NULL,author,NULL,NULL,NULL,1,NULL,NULL,NULL,NULL,0367IbnHawqal,OpenITI 2025.1.9
0367IbnQutiyya,ابن القوطية (المتوفى: 367 ه),Ibn Qutiyya,NULL,NULL,NULL,NULL,0367,NULL,NULL,NULL,NULL,author,NULL,NULL,NULL,1,NULL,NULL,NULL,NULL,0367IbnQutiyya,OpenITI 2025.1.9
0368AbuGhalibZurari,احمد بن سليمان الشيباني الكوفي,Abu Ghalib Zurari,NULL,NULL,NULL,NULL,0368,NULL,NULL,NULL,NULL,author,NULL,NULL,NULL,2,NULL,NULL,NULL,NULL,0368AbuGhalibZurari,OpenITI 2025.1.9
0368AbuSacidSirafi,الحسن بن عبد الله بن المرزبان السيرافي، أبو سعيد (المتوفى: 368هـ),Abu Sacid Sirafi,NULL,NULL,NULL,NULL,0368,NULL,NULL,NULL,NULL,author,NULL,NULL,NULL,3,NULL,NULL,NULL,NULL,0368AbuSacidSirafi,OpenITI 2025.1.9
0368IbnJacfarQatici,ابن جعفر القطيفي,Ibn Jacfar Qatici,NULL,NULL,Ibn Jaʿfar al-Qaṭīfī,NULL,0368,NULL,NULL,NULL,NULL,author,NULL,NULL,NULL,2,NULL,NULL,NULL,NULL,0368IbnJacfarQatici,OpenITI 2025.1.9
0368IbnQulawayh,جعفر بن محمد بن قولويه,Ibn Qulawayh,NULL,NULL,NULL,NULL,0368,NULL,NULL,NULL,NULL,author,NULL,NULL,NULL,1,NULL,NULL,NULL,NULL,0368IbnQulawayh,OpenITI 2025.1.9
0369AbuBakrNaqqash,أبو بكر محمد بن علي بن الحسن النقاش,Abu Bakr Naqqash,NULL,NULL,NULL,NULL,0369,NULL,NULL,NULL,NULL,author,NULL,NULL,NULL,1,NULL,NULL,NULL,NULL,0369AbuBakrNaqqash,OpenITI 2025.1.9
0369AbuShaykhIsbahani,أبو الشيخ الحافظ الاصبهاني,Abu Shaykh Isbahani,NULL,NULL,Abū al-Šayḫ al-Ḥāfiẓ al-Iṣbahānī,NULL,0369,NULL,NULL,NULL,NULL,author,NULL,NULL,NULL,11,NULL,NULL,NULL,NULL,0369AbuShaykhIsbahani,OpenITI 2025.1.9
0369IbnMasiBaghdadi,ابن ماسي,Ibn Masi Baghdadi,NULL,NULL,NULL,NULL,0369,NULL,NULL,NULL,NULL,author,NULL,NULL,NULL,1,NULL,NULL,NULL,NULL,0369IbnMasiBaghdadi,OpenITI 2025.1.9
0369IbnShaqilaHanbali,ابن شاقلا الحنبلي,Ibn Shaqila Hanbali,NULL,NULL,NULL,NULL,0369,NULL,NULL,NULL,NULL,author,NULL,NULL,NULL,1,NULL,NULL,NULL,NULL,0369IbnShaqilaHanbali,OpenITI 2025.1.9
0370AbuMansurAzhari,أبو منصور الأزهري,Abu Mansur Azhari,NULL,NULL,Abū Manṣūr al-Azharī,NULL,0370,NULL,NULL,NULL,NULL,author,NULL,NULL,NULL,3,NULL,NULL,NULL,NULL,0370AbuMansurAzhari,OpenITI 2025.1.9
0370AbuQasimAmidi,الآمدي,Abu Qasim Amidi,NULL,NULL,al-Āmidī,NULL,0370,NULL,NULL,NULL,NULL,author,NULL,NULL,NULL,2,NULL,NULL,NULL,NULL,0370AbuQasimAmidi,OpenITI 2025.1.9
0370CaribQurtubi,القرطبي,Carib Qurtubi,NULL,NULL,al-Qurṭubī,NULL,0370,NULL,NULL,NULL,NULL,author,NULL,NULL,NULL,2,NULL,NULL,NULL,NULL,0370CaribQurtubi,OpenITI 2025.1.9
0370IbnAhmadIbnKhalawayh,الحسين بن أحمد بن خالويه أبو عبد الله,Ibn Ahmad Ibn Khalawayh,NULL,NULL,NULL,NULL,0370,NULL,NULL,NULL,NULL,author,NULL,NULL,NULL,3,NULL,NULL,NULL,NULL,0370IbnAhmadIbnKhalawayh,OpenITI 2025.1.9
0370IbnCaliJassas,الجساس,Ibn Cali Jassas,NULL,NULL,al-Ǧassās,NULL,0370,NULL,NULL,NULL,NULL,author,NULL,NULL,NULL,4,NULL,NULL,NULL,NULL,0370IbnCaliJassas,OpenITI 2025.1.9
0370IbnQasimKhayyat,إسماعيل بن القاسم بن إسماعيل الإمام أبو القاسم الحلبي الخياط المؤدب (المتوفى: بعد 370هـ),Ibn Qasim Khayyat,NULL,NULL,NULL,NULL,0370,NULL,NULL,NULL,NULL,author,NULL,NULL,NULL,1,NULL,NULL,NULL,NULL,0370IbnQasimKhayyat,OpenITI 2025.1.9
0370IbnRashiqMisri,الحسن بن رشيق، أبو محمد العسكري المصري (المتوفى: 370هـ),Ibn Rashiq Misri,NULL,NULL,NULL,NULL,0370,NULL,NULL,NULL,NULL,author,NULL,NULL,NULL,1,NULL,NULL,NULL,NULL,0370IbnRashiqMisri,OpenITI 2025.1.9
0371AhmadJurjani,أبو بكر أحمد بن إبراهيم الإسماعيلي,Ahmad Jurjani,NULL,NULL,NULL,NULL,0371,NULL,NULL,NULL,NULL,author,NULL,NULL,NULL,2,NULL,NULL,NULL,NULL,0371AhmadJurjani,OpenITI 2025.1.9
0372AbuBakrDaqqaq,محمد بن عبد الله الدقاق,Abu Bakr Daqqaq,NULL,NULL,NULL,NULL,0372,NULL,NULL,NULL,NULL,author,NULL,NULL,NULL,1,NULL,NULL,NULL,NULL,0372AbuBakrDaqqaq,OpenITI 2025.1.9
0372Anonymous,NULL,Anonymous,NULL,NULL,NULL,NULL,0372,NULL,NULL,NULL,NULL,author,NULL,NULL,NULL,1,NULL,NULL,NULL,NULL,0372Anonymous,OpenITI 2025.1.9
0373AbuLaythSamarqandi,أبو الليث السمرقندي,Abu Layth Samarqandi,NULL,NULL,Abū al-Layṯ al-Samarqandī,NULL,0373,NULL,NULL,NULL,NULL,author,NULL,NULL,NULL,5,NULL,NULL,NULL,NULL,0373AbuLaythSamarqandi,OpenITI 2025.1.9
0374IbnHusaynAzdi,أبو الفتح محمد بن الحسين بن أحمد بن عبد الله بن بريدة الموصلي الأزدي (المتوفى: 374هـ),Ibn Husayn Azdi,NULL,NULL,NULL,NULL,0374,NULL,NULL,NULL,NULL,author,NULL,NULL,NULL,7,NULL,NULL,NULL,NULL,0374IbnHusaynAzdi,OpenITI 2025.1.9
0375AbuDulafYanbuci,أبو دلف مسعر بن مهلل,Abu Dulaf Yanbuci,NULL,NULL,NULL,NULL,0375,NULL,NULL,NULL,NULL,author,NULL,NULL,NULL,1,NULL,NULL,NULL,NULL,0375AbuDulafYanbuci,OpenITI 2025.1.9
0375AbuHafsZayyat,أبو حفص الزيات,Abu Hafs Zayyat,NULL,NULL,NULL,NULL,0375,NULL,NULL,NULL,NULL,author,NULL,NULL,NULL,1,NULL,NULL,NULL,NULL,0375AbuHafsZayyat,OpenITI 2025.1.9
0375AnonymousTranslator,مترجم مجهول,Anonymous Translator,NULL,NULL,Mutarjim majhūl,NULL,0375,NULL,NULL,NULL,NULL,author,NULL,NULL,NULL,1,NULL,NULL,NULL,NULL,0375AnonymousTranslator,OpenITI 2025.1.9
0375HakimMaysari,NULL,Hakim Maysari,NULL,NULL,NULL,NULL,0375,NULL,NULL,NULL,NULL,author,NULL,NULL,NULL,1,NULL,NULL,NULL,NULL,0375HakimMaysari,OpenITI 2025.1.9
0375IbnCabdAllahAbhari,محمد بن عبد الله بن محمد بن صالح، أبو بكر التميمي الأبهري المالكي (المتوفى: 375هـ),Ibn Cabd Allah Abhari,NULL,NULL,NULL,NULL,0375,NULL,NULL,NULL,NULL,author,NULL,NULL,NULL,1,NULL,NULL,NULL,NULL,0375IbnCabdAllahAbhari,OpenITI 2025.1.9
0375IbnHamzaBasri,علي بن حمزة البصري,Ibn Hamza Basri,NULL,NULL,NULL,NULL,0375,NULL,NULL,NULL,NULL,author,NULL,NULL,NULL,1,NULL,NULL,NULL,NULL,0375IbnHamzaBasri,OpenITI 2025.1.9
0375IbnJacfarJabari,ابن جعفر الطبري,Ibn Jacfar Jabari,NULL,NULL,Ibn Jaʿfar al-Ṭabarī,NULL,0375,NULL,NULL,NULL,NULL,author,NULL,NULL,NULL,1,NULL,NULL,NULL,NULL,0375IbnJacfarJabari,OpenITI 2025.1.9
0375IbnQasimMiyaniji,يوسف بن القاسم بن يوسف بن فارس بن سوار، أبو بكر الميانجي (المتوفى: 375هـ),Ibn Qasim Miyaniji,NULL,NULL,NULL,NULL,0375,NULL,NULL,NULL,NULL,author,NULL,NULL,NULL,1,NULL,NULL,NULL,NULL,0375IbnQasimMiyaniji,OpenITI 2025.1.9
0375IkhwanSafa,اخوان الصفا,Ikhwan Safa,NULL,NULL,Iḫwān al-Ṣafā,NULL,0375,NULL,NULL,NULL,NULL,author,NULL,NULL,NULL,5,NULL,NULL,NULL,NULL,0375IkhwanSafa,OpenITI 2025.1.9
0376AbuCamrHiri,أبو عمرو محمد بن أحمد بن حمدان الحيري الضرير,Abu Camr Hiri,NULL,NULL,NULL,NULL,0376,NULL,NULL,NULL,NULL,author,NULL,NULL,NULL,1,NULL,NULL,NULL,NULL,0376AbuCamrHiri,OpenITI 2025.1.9
0376SawirusIbnMuqaffac,سويروس بن المقفع,Sawirus Ibn Muqaffac,NULL,NULL,NULL,NULL,0376,NULL,NULL,NULL,NULL,author,NULL,NULL,NULL,1,NULL,NULL,NULL,NULL,0376SawirusIbnMuqaffac,OpenITI 2025.1.9
0377IbnAhmadCasqalani,الملطي الشافعي,Ibn Ahmad Casqalani,NULL,NULL,NULL,NULL,0377,NULL,NULL,NULL,NULL,author,NULL,NULL,NULL,1,NULL,NULL,NULL,NULL,0377IbnAhmadCasqalani,OpenITI 2025.1.9
0377IbnAhmadFarisi,ابن أحمد الفارسي,Ibn Ahmad Farisi,NULL,NULL,Ibn Aḥmad al-Fārisī,NULL,0377,NULL,NULL,NULL,NULL,author,NULL,NULL,NULL,11,NULL,NULL,NULL,NULL,0377IbnAhmadFarisi,OpenITI 2025.1.9
0377IbnAhmadJurjani,محمد بن أحمد بن الغطريف الجرجاني,Ibn Ahmad Jurjani,NULL,NULL,NULL,NULL,0377,NULL,NULL,NULL,NULL,author,NULL,NULL,NULL,1,NULL,NULL,NULL,NULL,0377IbnAhmadJurjani,OpenITI 2025.1.9
0377IbnMuhammadShimshati,أبو الحسن علي بن محمد بن المطهر العدوي المعروف بالشمشاطي,Ibn Muhammad Shimshati,NULL,NULL,NULL,NULL,0377,NULL,NULL,NULL,NULL,author,NULL,NULL,NULL,1,NULL,NULL,NULL,NULL,0377IbnMuhammadShimshati,OpenITI 2025.1.9
0377IbnZaydAnsari,أبو عبد الله محمد بن زيد الأنصاري (المتوفى: 377هـ),Ibn Zayd Ansari,NULL,NULL,NULL,NULL,0377,NULL,NULL,NULL,NULL,author,NULL,NULL,NULL,1,NULL,NULL,NULL,NULL,0377IbnZaydAnsari,OpenITI 2025.1.9
0378HakimKabir,أبو أحمد محمد بن محمد بن أحمد بن إسحاق النيسابوري الكرابيسي المعروف بالحاكم الكبير,Hakim Kabir,NULL,NULL,NULL,NULL,0378,NULL,NULL,NULL,NULL,author,NULL,NULL,NULL,4,NULL,NULL,NULL,NULL,0378HakimKabir,OpenITI 2025.1.9
0378IbnAhmadDarimi,محمد بن أحمد بن عبد المغيث بن محمد بن إبراهيم بن محمد التميمي الدارمي (المتوفى: 378هـ),Ibn Ahmad Darimi,NULL,NULL,NULL,NULL,0378,NULL,NULL,NULL,NULL,author,NULL,NULL,NULL,1,NULL,NULL,NULL,NULL,0378IbnAhmadDarimi,OpenITI 2025.1.9
0378IbnIsmacilWarraq,أبو بكر محمد بن إسماعيل بن العباس البغدادي المستملي الوراق (المتوفى: 378هـ),Ibn Ismacil Warraq,NULL,NULL,NULL,NULL,0378,NULL,NULL,NULL,NULL,author,NULL,NULL,NULL,1,NULL,NULL,NULL,NULL,0378IbnIsmacilWarraq,OpenITI 2025.1.9
0378IbnJallab,ابن الجلاب,Ibn Jallab,NULL,NULL,NULL,NULL,0378,NULL,NULL,NULL,NULL,author,NULL,NULL,NULL,1,NULL,NULL,NULL,NULL,0378IbnJallab,OpenITI 2025.1.9
0378IbnKhalafJubayri,قاسم بن خلف بن فتح بن عبد الله بن جبير، أبو عبيد الجبيري (المتوفى: 378هـ),Ibn Khalaf Jubayri,NULL,NULL,NULL,NULL,0378,NULL,NULL,NULL,NULL,author,NULL,NULL,NULL,1,NULL,NULL,NULL,NULL,0378IbnKhalafJubayri,OpenITI 2025.1.9
0378IbnSalihQahtani,عبد الله بن محمد الأندلسي أبو محمد,Ibn Salih Qahtani,NULL,NULL,NULL,NULL,0378,NULL,NULL,NULL,NULL,author,NULL,NULL,NULL,1,NULL,NULL,NULL,NULL,0378IbnSalihQahtani,OpenITI 2025.1.9
0379IbnMuzaffarBazzaz,ابن مظفر البزاز,Ibn Muzaffar Bazzaz,NULL,NULL,Ibn Muẓaffar al-Bazzāz,NULL,0379,NULL,NULL,NULL,NULL,author,NULL,NULL,NULL,5,NULL,NULL,NULL,NULL,0379IbnMuzaffarBazzaz,OpenITI 2025.1.9
0379IbnZabrRabci,ابن زبر الربعي,Ibn Zabr Rabci,NULL,NULL,Ibn Zabr al-Rabʿī,NULL,0379,NULL,NULL,NULL,NULL,author,NULL,NULL,NULL,3,NULL,NULL,NULL,NULL,0379IbnZabrRabci,OpenITI 2025.1.9
0379Zubaydi,محمد بن الحسن بن عبيد الله بن مذحج الزبيدي الأندلسي الإشبيلي، أبو بكر (المتوفى: 379ه),Zubaydi,NULL,NULL,NULL,NULL,0379,NULL,NULL,NULL,NULL,author,NULL,NULL,NULL,1,NULL,NULL,NULL,NULL,0379Zubaydi,OpenITI 2025.1.9
0380AbuBakrKalabadhi,أبو بكر محمد بن أبي إسحاق إبراهيم بن يعقوب الكلاباذي البخاري,Abu Bakr Kalabadhi,NULL,NULL,NULL,NULL,0380,NULL,NULL,NULL,NULL,author,NULL,NULL,NULL,2,NULL,NULL,NULL,NULL,0380AbuBakrKalabadhi,OpenITI 2025.1.9
0380AbuHusaynKuhayli,أبو الحسين الكحيلي,Abu Husayn Kuhayli,NULL,NULL,Abū al-Ḥusayn al-Kuḥaylī,NULL,0380,NULL,NULL,NULL,NULL,author,NULL,NULL,NULL,1,NULL,NULL,NULL,NULL,0380AbuHusaynKuhayli,OpenITI 2025.1.9
0380AbuKhazarTunisi,أبو خزر يغلا بن زلتاف الوسياني الحامي التونسي (توفي 380ه),Abu Khazar Tunisi,NULL,NULL,NULL,NULL,0380,NULL,NULL,NULL,NULL,author,NULL,NULL,NULL,1,NULL,NULL,NULL,NULL,0380AbuKhazarTunisi,OpenITI 2025.1.9
0380IbnCabdRahmanIsbahani,أبو القاسم الأصبهاني,Ibn Cabd Rahman Isbahani,NULL,NULL,NULL,NULL,0380,NULL,NULL,NULL,NULL,author,NULL,NULL,NULL,1,NULL,NULL,NULL,NULL,0380IbnCabdRahmanIsbahani,OpenITI 2025.1.9
0380IbnIbrahimNucmani,محمد بن إبراهيم النعماني‏,Ibn Ibrahim Nucmani,NULL,NULL,NULL,NULL,0380,NULL,NULL,NULL,NULL,author,NULL,NULL,NULL,1,NULL,NULL,NULL,NULL,0380IbnIbrahimNucmani,OpenITI 2025.1.9
0380Khalidiyyan,الخالديان,Khalidiyyan,NULL,NULL,NULL,NULL,0380,NULL,NULL,NULL,NULL,author,NULL,NULL,NULL,3,NULL,NULL,NULL,NULL,0380Khalidiyyan,OpenITI 2025.1.9
0380Muhallabi,المهلبي,Muhallabi,NULL,NULL,al-Muhallabī,NULL,0380,NULL,NULL,NULL,NULL,author,NULL,NULL,NULL,1,NULL,NULL,NULL,NULL,0380Muhallabi,OpenITI 2025.1.9
0380Qabisi,القبيصي,Qabisi,NULL,NULL,al-Qabīṣī,NULL,0380,NULL,NULL,NULL,NULL,author,NULL,NULL,NULL,1,NULL,NULL,NULL,NULL,0380Qabisi,OpenITI 2025.1.9
0381AbuQasimJawhari,أبو القاسم عبد الرحمن بن عبد الله بن محمد الغافقي، الجوهري المالكي (المتوفى: 381هـ),Abu Qasim Jawhari,NULL,NULL,NULL,NULL,0381,NULL,NULL,NULL,NULL,author,NULL,NULL,NULL,1,NULL,NULL,NULL,NULL,0381AbuQasimJawhari,OpenITI 2025.1.9
0381IbnBabawayhSaduq,ابن بابويه، الشيخ الصدوق,Ibn Babawayh Saduq,NULL,NULL,"Ibn Bābawayh, al-Šayḫ al-Ṣadūq",NULL,0381,NULL,NULL,NULL,NULL,author,NULL,NULL,NULL,18,NULL,NULL,NULL,NULL,0381IbnBabawayhSaduq,OpenITI 2025.1.9
0381IbnCabdRahmanZuhri,أبو الفضل الزهري,Ibn Cabd Rahman Zuhri,NULL,NULL,NULL,NULL,0381,NULL,NULL,NULL,NULL,author,NULL,NULL,NULL,1,NULL,NULL,NULL,NULL,0381IbnCabdRahmanZuhri,OpenITI 2025.1.9
0381IbnHusaynNaysaburi,أحمد بن الحسين بن مهران النيسابورى، أبو بكر (المتوفى: 381هـ),Ibn Husayn Naysaburi,NULL,NULL,NULL,NULL,0381,NULL,NULL,NULL,NULL,author,NULL,NULL,NULL,1,NULL,NULL,NULL,NULL,0381IbnHusaynNaysaburi,OpenITI 2025.1.9
0381IbnMacrufBaghdadi,أبو محمد عبيد الله بن أحمد بن معروف البغدادي,Ibn Macruf Baghdadi,NULL,NULL,NULL,NULL,0381,NULL,NULL,NULL,NULL,author,NULL,NULL,NULL,1,NULL,NULL,NULL,NULL,0381IbnMacrufBaghdadi,OpenITI 2025.1.9
0381IbnMuqriIsbahani,أبو بكر بن المقرئ (المتوفى: 381هـ),Ibn Muqri Isbahani,NULL,NULL,NULL,NULL,0381,NULL,NULL,NULL,NULL,author,NULL,NULL,NULL,7,NULL,NULL,NULL,NULL,0381IbnMuqriIsbahani,OpenITI 2025.1.9
0381IbnWarraq,ابن الوراق,Ibn Warraq,NULL,NULL,Ibn al-Warrāq,NULL,0381,NULL,NULL,NULL,NULL,author,NULL,NULL,NULL,1,NULL,NULL,NULL,NULL,0381IbnWarraq,OpenITI 2025.1.9
0381IbnYusufCallaf,محمد بن يوسف بن محمد بن دوست، أبو بكر العلاف (المتوفى: 381هـ),Ibn Yusuf Callaf,NULL,NULL,NULL,NULL,0381,NULL,NULL,NULL,NULL,author,NULL,NULL,NULL,1,NULL,NULL,NULL,NULL,0381IbnYusufCallaf,OpenITI 2025.1.9
0381IbnZarbQadi,ابن يبقى,Ibn Zarb Qadi,NULL,NULL,NULL,NULL,0381,NULL,NULL,NULL,NULL,author,NULL,NULL,NULL,1,NULL,NULL,NULL,NULL,0381IbnZarbQadi,OpenITI 2025.1.9
0381MuhammadIbnYusufCamiri,العامري,Muhammad Ibn Yusuf Camiri,NULL,NULL,al-ʿĀmirī,NULL,0381,NULL,NULL,NULL,NULL,author,NULL,NULL,NULL,1,NULL,NULL,NULL,NULL,0381MuhammadIbnYusufCamiri,OpenITI 2025.1.9
0382IbnCabdAllahCaskari,العسكري,Ibn Cabd Allah Caskari,NULL,NULL,NULL,NULL,0382,NULL,NULL,NULL,NULL,author,NULL,NULL,NULL,3,NULL,NULL,NULL,NULL,0382IbnCabdAllahCaskari,OpenITI 2025.1.9
0383IbnCabbasKhwarizmi,محمد بن العباس الخوارزمي، أبو بكر (المتوفى: 383هـ),Ibn Cabbas Khwarizmi,NULL,NULL,NULL,NULL,0383,NULL,NULL,NULL,NULL,author,NULL,NULL,NULL,2,NULL,NULL,NULL,NULL,0383IbnCabbasKhwarizmi,OpenITI 2025.1.9
0383IbnHayawayhKhazzaz,محمد بن العباس بن محمد بن زكرياء، أبو عمر ابن حيويه الخزاز (المتوفى: 382هـ),Ibn Hayawayh Khazzaz,NULL,NULL,NULL,NULL,0383,NULL,NULL,NULL,NULL,author,NULL,NULL,NULL,1,NULL,NULL,NULL,NULL,0383IbnHayawayhKhazzaz,OpenITI 2025.1.9
0384AbuHasanRummani,الرماني,Abu Hasan Rummani,NULL,NULL,al-Rummānī,NULL,0384,NULL,NULL,NULL,NULL,author,NULL,NULL,NULL,6,NULL,NULL,NULL,NULL,0384AbuHasanRummani,OpenITI 2025.1.9
0384AbuQasimIbnYumn,أبو القاسم الطيب بن يمن بن عبد الله,Abu Qasim Ibn Yumn,NULL,NULL,NULL,NULL,0384,NULL,NULL,NULL,NULL,author,NULL,NULL,NULL,1,NULL,NULL,NULL,NULL,0384AbuQasimIbnYumn,OpenITI 2025.1.9
0384IbnCimranMarzubani,المرزباني الخراساني,Ibn Cimran Marzubani,NULL,NULL,NULL,NULL,0384,NULL,NULL,NULL,NULL,author,NULL,NULL,NULL,4,NULL,NULL,NULL,NULL,0384IbnCimranMarzubani,OpenITI 2025.1.9
0384MuhassinTanukhi,القاضي التنوخي,Muhassin Tanukhi,NULL,NULL,al-Qāḍī al-Tanūḫī,NULL,0384,NULL,NULL,NULL,NULL,author,NULL,NULL,NULL,3,NULL,NULL,NULL,NULL,0384MuhassinTanukhi,OpenITI 2025.1.9
0385Daraqutni,الدارقطني,Daraqutni,NULL,NULL,al-Dāraquṭnī,NULL,0385,NULL,NULL,NULL,NULL,author,NULL,NULL,NULL,21,NULL,NULL,NULL,NULL,0385Daraqutni,OpenITI 2025.1.9
0385IbnHasanSirafi,يوسف بن أبي سعيد الحسن بن عبد الله بن المرزبان أبو محمد السيرافي (المتوفى: 385هـ),Ibn Hasan Sirafi,NULL,NULL,NULL,NULL,0385,NULL,NULL,NULL,NULL,author,NULL,NULL,NULL,1,NULL,NULL,NULL,NULL,0385IbnHasanSirafi,OpenITI 2025.1.9
0385IbnMuhandis,أبو بكر أحمد بن محمد بن إسماعيل البناء ابن المهندس (المتوفى: 385هـ),Ibn Muhandis,NULL,NULL,NULL,NULL,0385,NULL,NULL,NULL,NULL,author,NULL,NULL,NULL,1,NULL,NULL,NULL,NULL,0385IbnMuhandis,OpenITI 2025.1.9
0385IbnNadim,ابن النديم,Ibn Nadim,NULL,NULL,Ibn al-Nadīm,NULL,0385,NULL,NULL,NULL,NULL,author,NULL,NULL,NULL,1,NULL,NULL,NULL,NULL,0385IbnNadim,OpenITI 2025.1.9
0385IbnShahin,ابن شاهين,Ibn Shahin,NULL,NULL,Ibn Šāhīn,NULL,0385,NULL,NULL,NULL,NULL,author,NULL,NULL,NULL,12,NULL,NULL,NULL,NULL,0385IbnShahin,OpenITI 2025.1.9
0385SahibIbnCabbadTalqani,إسماعيل بن عباد بن العباس، أبو القاسم الطالقاني، المشهور بالصاحب بن عباد,Sahib Ibn Cabbad Talqani,NULL,NULL,NULL,NULL,0385,NULL,NULL,NULL,NULL,author,NULL,NULL,NULL,4,NULL,NULL,NULL,NULL,0385SahibIbnCabbadTalqani,OpenITI 2025.1.9
0385WaWaDimashqi,الواواء الدمشقي,Wa Wa Dimashqi,NULL,NULL,NULL,NULL,0385,NULL,NULL,NULL,NULL,author,NULL,NULL,NULL,1,NULL,NULL,NULL,NULL,0385WaWaDimashqi,OpenITI 2025.1.9
0386AbuTalibMakki,أبو طالب المكي,Abu Talib Makki,NULL,NULL,NULL,NULL,0386,NULL,NULL,NULL,NULL,author,NULL,NULL,NULL,1,NULL,NULL,NULL,NULL,0386AbuTalibMakki,OpenITI 2025.1.9
0386IbnAbiZaydQayrawani,أبو محمد عبد الله بن (أبي زيد) عبد الرحمن النفزي، القيرواني، المالكي (المتوفى: 386 ه),Ibn Abi Zayd Qayrawani,NULL,NULL,NULL,NULL,0386,NULL,NULL,NULL,NULL,author,NULL,NULL,NULL,4,NULL,NULL,NULL,NULL,0386IbnAbiZaydQayrawani,OpenITI 2025.1.9
0386IbnCumarHarbi,ابن عمر الحربي,Ibn Cumar Harbi,NULL,NULL,Ibn ʿUmar al-Ḥarbī,NULL,0386,NULL,NULL,NULL,NULL,author,NULL,NULL,NULL,5,NULL,NULL,NULL,NULL,0386IbnCumarHarbi,OpenITI 2025.1.9
0386IbnHasnunMuqri,ابن حسنون,Ibn Hasnun Muqri,NULL,NULL,NULL,NULL,0386,NULL,NULL,NULL,NULL,author,NULL,NULL,NULL,1,NULL,NULL,NULL,NULL,0386IbnHasnunMuqri,OpenITI 2025.1.9
0387IbnBattaCukbari,ابن بطة العكبري,Ibn Batta Cukbari,NULL,NULL,Ibn Baṭṭaŧ al-ʿUkbarī,NULL,0387,NULL,NULL,NULL,NULL,author,NULL,NULL,NULL,4,NULL,NULL,NULL,NULL,0387IbnBattaCukbari,OpenITI 2025.1.9
0387IbnSamcunBaghdadi,ابن سمعون الواعظ، أبو الحسين محمد بن أحمد بن إسماعيل بن عنبس البغدادي (المتوفى: 387هـ),Ibn Samcun Baghdadi,NULL,NULL,NULL,NULL,0387,NULL,NULL,NULL,NULL,author,NULL,NULL,NULL,1,NULL,NULL,NULL,NULL,0387IbnSamcunBaghdadi,OpenITI 2025.1.9
0387KatibKhwarizmi,أبو عبد الله محمد بن أحمد بن يوسف الكاتب الخوارزمي,Katib Khwarizmi,NULL,NULL,NULL,NULL,0387,NULL,NULL,NULL,NULL,author,NULL,NULL,NULL,1,NULL,NULL,NULL,NULL,0387KatibKhwarizmi,OpenITI 2025.1.9
0388AbuHasanIbnShah,أبو الحسن بن شاه,Abu Hasan Ibn Shah,NULL,NULL,Abū al-Ḥasan b. Šāh,NULL,0388,NULL,NULL,NULL,NULL,author,NULL,NULL,NULL,1,NULL,NULL,NULL,NULL,0388AbuHasanIbnShah,OpenITI 2025.1.9
0388AbuSulaymanKhattabi,أبو سليمان حمد بن محمد الخطابي (ت 388 ه),Abu Sulayman Khattabi,NULL,NULL,NULL,NULL,0388,NULL,NULL,NULL,NULL,author,NULL,NULL,NULL,8,NULL,NULL,NULL,NULL,0388AbuSulaymanKhattabi,OpenITI 2025.1.9
0388AbuWafaBuzjani,أبو الوفاء محمد بن محمد البوزجاني,Abu Wafa Buzjani,NULL,NULL,Abū al-Wafāʾ Muḥammad b. Muḥammad al-Būzǧānī,NULL,0388,NULL,NULL,NULL,NULL,author,NULL,NULL,NULL,1,NULL,NULL,NULL,NULL,0388AbuWafaBuzjani,OpenITI 2025.1.9
0388IbnBukayrSayrafi,ابن بكير,Ibn Bukayr Sayrafi,NULL,NULL,NULL,NULL,0388,NULL,NULL,NULL,NULL,author,NULL,NULL,NULL,2,NULL,NULL,NULL,NULL,0388IbnBukayrSayrafi,OpenITI 2025.1.9
0388IbnHasanHatimi,محمد بن الحسن بن المظفر الحاتمي، أبو علي (المتوفى: 388هـ),Ibn Hasan Hatimi,NULL,NULL,NULL,NULL,0388,NULL,NULL,NULL,NULL,author,NULL,NULL,NULL,2,NULL,NULL,NULL,NULL,0388IbnHasanHatimi,OpenITI 2025.1.9
0388Shabushti,أبو الحسن علي بن محمد ، المعروف بالشابشتي (المتوفى : 388هـ),Shabushti,NULL,NULL,NULL,NULL,0388,NULL,NULL,NULL,NULL,author,NULL,NULL,NULL,1,NULL,NULL,NULL,NULL,0388Shabushti,OpenITI 2025.1.9
0389Makhladi,الحسن بن أحمد بن محمد المخلدي,Makhladi,NULL,NULL,NULL,NULL,0389,NULL,NULL,NULL,NULL,author,NULL,NULL,NULL,2,NULL,NULL,NULL,NULL,0389Makhladi,OpenITI 2025.1.9
0390AbuFarajCukbari,أبو الفرج العكبري,Abu Faraj Cukbari,NULL,NULL,Abū al-Faraj al-ʿUkbarī,NULL,0390,NULL,NULL,NULL,NULL,author,NULL,NULL,NULL,1,NULL,NULL,NULL,NULL,0390AbuFarajCukbari,OpenITI 2025.1.9
0390AbuHafsKattani,أبو حفص الكتاني,Abu Hafs Kattani,NULL,NULL,Abū Ḥafṣ al-Kattānī,NULL,0390,NULL,NULL,NULL,NULL,author,NULL,NULL,NULL,1,NULL,NULL,NULL,NULL,0390AbuHafsKattani,OpenITI 2025.1.9
0390IbnAkhiMimiDaqqaq,أبو الحسين محمد بن عبد الله بن الحسين بن عبد الله بن هارون البغدادي الدقاق المعروف بابن أخي ميمي (المتوفى: 390هـ),Ibn Akhi Mimi Daqqaq,NULL,NULL,NULL,NULL,0390,NULL,NULL,NULL,NULL,author,NULL,NULL,NULL,1,NULL,NULL,NULL,NULL,0390IbnAkhiMimiDaqqaq,OpenITI 2025.1.9
0390IbnCabdAllahCaskari,أبو هلال الحسن بن عبد الله العسكري,Ibn Cabd Allah Caskari,NULL,NULL,NULL,NULL,0390,NULL,NULL,NULL,NULL,author,NULL,NULL,NULL,1,NULL,NULL,NULL,NULL,0390IbnCabdAllahCaskari,OpenITI 2025.1.9
0390IbnGhawri,ابن الغوري,Ibn Ghawri,NULL,NULL,Ibn al-Ġawrī,NULL,0390,NULL,NULL,NULL,NULL,author,NULL,NULL,NULL,1,NULL,NULL,NULL,NULL,0390IbnGhawri,OpenITI 2025.1.9
0390IbnZakariyaNahrawani,المعافى بن زكريا,Ibn Zakariya Nahrawani,NULL,NULL,NULL,NULL,0390,NULL,NULL,NULL,NULL,author,NULL,NULL,NULL,1,NULL,NULL,NULL,NULL,0390IbnZakariyaNahrawani,OpenITI 2025.1.9
0390Muqaddasi,المقدسي، البشاري,Muqaddasi,NULL,NULL,"al-Maqdisī, al-Baššārī",NULL,0390,NULL,NULL,NULL,NULL,author,NULL,NULL,NULL,1,NULL,NULL,NULL,NULL,0390Muqaddasi,OpenITI 2025.1.9
0391IbnJarrahWazir,أبو القاسم عيسى بن علي بن عيسى بن داود الجراح (391 ه),Ibn Jarrah Wazir,NULL,NULL,NULL,NULL,0391,NULL,NULL,NULL,NULL,author,NULL,NULL,NULL,1,NULL,NULL,NULL,NULL,0391IbnJarrahWazir,OpenITI 2025.1.9
0391KisaiMarwazi,كسائي مروزي,Kisai Marwazi,NULL,NULL,Kisāʾī Marwazī,NULL,0391,NULL,NULL,NULL,NULL,author,NULL,NULL,NULL,1,NULL,NULL,NULL,NULL,0391KisaiMarwazi,OpenITI 2025.1.9
0392IbnAbiShurayhHarawi,عبد الرحمن بن أحمد بن محمد، أبو محمد ابن أبي شريح الأنصاري الهروي (المتوفى: 392هـ),Ibn Abi Shurayh Harawi,NULL,NULL,NULL,NULL,0392,NULL,NULL,NULL,NULL,author,NULL,NULL,NULL,1,NULL,NULL,NULL,NULL,0392IbnAbiShurayhHarawi,OpenITI 2025.1.9
0392IbnCabdCazizJurjani,أبو الحسن علي بن عبد العزير القاضي الجرجاني (المتوفى : 392هـ),Ibn Cabd Caziz Jurjani,NULL,NULL,NULL,NULL,0392,NULL,NULL,NULL,NULL,author,NULL,NULL,NULL,1,NULL,NULL,NULL,NULL,0392IbnCabdCazizJurjani,OpenITI 2025.1.9
0392IbnIsmacilMisri,ابن اسماعيل المصري,Ibn Ismacil Misri,NULL,NULL,Ibn Ismāʿīl al-Miṣrī,NULL,0392,NULL,NULL,NULL,NULL,author,NULL,NULL,NULL,2,NULL,NULL,NULL,NULL,0392IbnIsmacilMisri,OpenITI 2025.1.9
0392IbnJinniMawsili,ابن جني الموصلي,Ibn Jinni Mawsili,NULL,NULL,Ibn Jinnī al-Mawṣilī,NULL,0392,NULL,NULL,NULL,NULL,author,NULL,NULL,NULL,13,NULL,NULL,NULL,NULL,0392IbnJinniMawsili,OpenITI 2025.1.9
0393AbuTahirMukhallis,أبو طاهر المخلص,Abu Tahir Mukhallis,NULL,NULL,Abū Ṭāhir al-Muḫalliṣ,NULL,0393,NULL,NULL,NULL,NULL,author,NULL,NULL,NULL,2,NULL,NULL,NULL,NULL,0393AbuTahirMukhallis,OpenITI 2025.1.9
0393IbnHammadJawhari,أبو نصر إسماعيل بن حماد الجوهري الفارابي (المتوفى: 393هـ),Ibn Hammad Jawhari,NULL,NULL,NULL,NULL,0393,NULL,NULL,NULL,NULL,author,NULL,NULL,NULL,2,NULL,NULL,NULL,NULL,0393IbnHammadJawhari,OpenITI 2025.1.9
0393IbnWakicTinnisi,ابن وكيع التنيسي,Ibn Wakic Tinnisi,NULL,NULL,NULL,NULL,0393,NULL,NULL,NULL,NULL,author,NULL,NULL,NULL,1,NULL,NULL,NULL,NULL,0393IbnWakicTinnisi,OpenITI 2025.1.9
0394IbnMuhammadAzhari,أبو نعيم أحمد بن محمد بن إبراهيم بن عيسى الأزهري (المتوفى: 394هـ),Ibn Muhammad Azhari,NULL,NULL,NULL,NULL,0394,NULL,NULL,NULL,NULL,author,NULL,NULL,NULL,1,NULL,NULL,NULL,NULL,0394IbnMuhammadAzhari,OpenITI 2025.1.9
0395AbuHilalCaskari,أبو هلال العسكري,Abu Hilal Caskari,NULL,NULL,NULL,NULL,0395,NULL,NULL,NULL,NULL,author,NULL,NULL,NULL,7,NULL,NULL,NULL,NULL,0395AbuHilalCaskari,OpenITI 2025.1.9
0395IbnFarisQazwini,أحمد بن فارس بن زكرياء القزويني الرازي، أبو الحسين (المتوفى: 395ه),Ibn Faris Qazwini,NULL,NULL,NULL,NULL,0395,NULL,NULL,NULL,NULL,author,NULL,NULL,NULL,7,NULL,NULL,NULL,NULL,0395IbnFarisQazwini,OpenITI 2025.1.9
0395IbnJazzar,ابن الجزار,Ibn Jazzar,NULL,NULL,Ibn al-Ǧazzār,NULL,0395,NULL,NULL,NULL,NULL,author,NULL,NULL,NULL,5,NULL,NULL,NULL,NULL,0395IbnJazzar,OpenITI 2025.1.9
0395IbnMandaMuhammad,أبو عبد الله محمد بن إسحاق بن محمد بن يحيى بن منده العبدي (المتوفى: 395هـ),Ibn Manda Muhammad,NULL,NULL,NULL,NULL,0395,NULL,NULL,NULL,NULL,author,NULL,NULL,NULL,11,NULL,NULL,NULL,NULL,0395IbnMandaMuhammad,OpenITI 2025.1.9
0396IbnCataRudhbari,أبو عبد الله أحمد بن عطاء الروذباري (المتوفى: 396هـ),Ibn Cata Rudhbari,NULL,NULL,NULL,NULL,0396,NULL,NULL,NULL,NULL,author,NULL,NULL,NULL,1,NULL,NULL,NULL,NULL,0396IbnCataRudhbari,OpenITI 2025.1.9
0396IbnCumarWarraq,محمد بن عمر بن خلف بن زنبور البغدادي الوراق (المتوفى: 396هـ),Ibn Cumar Warraq,NULL,NULL,NULL,NULL,0396,NULL,NULL,NULL,NULL,author,NULL,NULL,NULL,1,NULL,NULL,NULL,NULL,0396IbnCumarWarraq,OpenITI 2025.1.9
0396IbnHasanDimashqi,أبو الحسين عبد الوهاب بن الحسن بن الوليد بن موسى الكلابي الدمشقي (المتوفى: 396هـ),Ibn Hasan Dimashqi,NULL,NULL,NULL,NULL,0396,NULL,NULL,NULL,NULL,author,NULL,NULL,NULL,2,NULL,NULL,NULL,NULL,0396IbnHasanDimashqi,OpenITI 2025.1.9
0396IbnJundi,ابن الجندي,Ibn Jundi,NULL,NULL,Ibn al-Jundī,NULL,0396,NULL,NULL,NULL,NULL,author,NULL,NULL,NULL,1,NULL,NULL,NULL,NULL,0396IbnJundi,OpenITI 2025.1.9
0396SirawaniSaghir,السيرواني الصغير,Sirawani Saghir,NULL,NULL,al-Sīrawānī al-Ṣaġīr,NULL,0396,NULL,NULL,NULL,NULL,author,NULL,NULL,NULL,1,NULL,NULL,NULL,NULL,0396SirawaniSaghir,OpenITI 2025.1.9
0397IbnQassar,أبو الحسن علي بن عمر بن أحمد البغدادي المالكي المعروف بابن القصار (المتوفى: 397ه),Ibn Qassar,NULL,NULL,NULL,NULL,0397,NULL,NULL,NULL,NULL,author,NULL,NULL,NULL,1,NULL,NULL,NULL,NULL,0397IbnQassar,OpenITI 2025.1.9
0398AbuNasrKalabadhi,أحمد بن محمد بن الحسين البخاري الكلاباذي أبو نصر,Abu Nasr Kalabadhi,NULL,NULL,NULL,NULL,0398,NULL,NULL,NULL,NULL,author,NULL,NULL,NULL,1,NULL,NULL,NULL,NULL,0398AbuNasrKalabadhi,OpenITI 2025.1.9
0398BadicZamanHamadhani,بديع الزمان الهمذاني,Badic Zaman Hamadhani,NULL,NULL,NULL,NULL,0398,NULL,NULL,NULL,NULL,author,NULL,NULL,NULL,2,NULL,NULL,NULL,NULL,0398BadicZamanHamadhani,OpenITI 2025.1.9
0398IbnCaliHamadhani,أبو بكر أحمد بن علي بن لال,Ibn Cali Hamadhani,NULL,NULL,NULL,NULL,0398,NULL,NULL,NULL,NULL,author,NULL,NULL,NULL,2,NULL,NULL,NULL,NULL,0398IbnCaliHamadhani,OpenITI 2025.1.9
0398IbnHarunDabbi,أبو عبد الله الحسين بن هارون الضبي,Ibn Harun Dabbi,NULL,NULL,NULL,NULL,0398,NULL,NULL,NULL,NULL,author,NULL,NULL,NULL,1,NULL,NULL,NULL,NULL,0398IbnHarunDabbi,OpenITI 2025.1.9
0398IbnZurca,ابن زرع,Ibn Zurca,NULL,NULL,Ibn Zurʿa,NULL,0398,NULL,NULL,NULL,NULL,author,NULL,NULL,NULL,1,NULL,NULL,NULL,NULL,0398IbnZurca,OpenITI 2025.1.9
0398MaslamaMajriti,مسلمة المجريطي,Maslama Majriti,NULL,NULL,Maslamaŧ al-Majrīṭī,NULL,0398,NULL,NULL,NULL,NULL,author,NULL,NULL,NULL,2,NULL,NULL,NULL,NULL,0398MaslamaMajriti,OpenITI 2025.1.9
0399AbuBakrBaqqal,أبو بكر البققال ابن الطلاية,Abu Bakr Baqqal,NULL,NULL,Abū Bakr al-Baqqāl Ibn al-Ṭalāyaŧ,NULL,0399,NULL,NULL,NULL,NULL,author,NULL,NULL,NULL,1,NULL,NULL,NULL,NULL,0399AbuBakrBaqqal,OpenITI 2025.1.9
0399AbuMuslimBaghdadi,أبو مسلم البغدادي,Abu Muslim Baghdadi,NULL,NULL,Abū Muslim al-Baġdādī,NULL,0399,NULL,NULL,NULL,NULL,author,NULL,NULL,NULL,2,NULL,NULL,NULL,NULL,0399AbuMuslimBaghdadi,OpenITI 2025.1.9
0399IbnAbiZamanaynIlbiri,ابن أبي زمنين,Ibn Abi Zamanayn Ilbiri,NULL,NULL,NULL,NULL,0399,NULL,NULL,NULL,NULL,author,NULL,NULL,NULL,4,NULL,NULL,NULL,NULL,0399IbnAbiZamanaynIlbiri,OpenITI 2025.1.9
0400AbuMajdalus,أبو المجدلوس,Abu Majdalus,NULL,NULL,Abū al-Maǧdalūs,NULL,0400,NULL,NULL,NULL,NULL,author,NULL,NULL,NULL,1,NULL,NULL,NULL,NULL,0400AbuMajdalus,OpenITI 2025.1.9
0400AbuQasimZahrawi,أبو القاسم الزهراوي,Abu Qasim Zahrawi,NULL,NULL,Abū al-Qāsim al-Zahrāwī,NULL,0400,NULL,NULL,NULL,NULL,author,NULL,NULL,NULL,1,NULL,NULL,NULL,NULL,0400AbuQasimZahrawi,OpenITI 2025.1.9
0400AnonTranslator,(مترجم مجهول),Anon Translator,NULL,NULL,(mutarjim majhūl),NULL,0400,NULL,NULL,NULL,NULL,author,NULL,NULL,NULL,1,NULL,NULL,NULL,NULL,0400AnonTranslator,OpenITI 2025.1.9
0400Anonymous,مؤلف مجهول,Anonymous,NULL,NULL,Muʾallif majhūl,NULL,0400,NULL,NULL,NULL,NULL,author,NULL,NULL,NULL,3,NULL,NULL,NULL,NULL,0400Anonymous,OpenITI 2025.1.9
0400CaliIbnCisaKahhal,علي بن عيسى الكحال,Cali Ibn Cisa Kahhal,NULL,NULL,ʿAlī b. ʿĪsá al-Kaḥḥāl,NULL,0400,NULL,NULL,NULL,NULL,author,NULL,NULL,NULL,1,NULL,NULL,NULL,NULL,0400CaliIbnCisaKahhal,OpenITI 2025.1.9
0400CubaydAllahIbnHassan,عبيد الله بن حسان,Cubayd Allah Ibn Hassan,NULL,NULL,ʿUbayd Allãh b. Ḥassān,NULL,0400,NULL,NULL,NULL,NULL,author,NULL,NULL,NULL,1,NULL,NULL,NULL,NULL,0400CubaydAllahIbnHassan,OpenITI 2025.1.9
0400IbnCaliHarrani,ابن شعبة الحراني,Ibn Cali Harrani,NULL,NULL,NULL,NULL,0400,NULL,NULL,NULL,NULL,author,NULL,NULL,NULL,1,NULL,NULL,NULL,NULL,0400IbnCaliHarrani,OpenITI 2025.1.9
0400IbnCamashliqJacfari,الجعفري,Ibn Camashliq Jacfari,NULL,NULL,NULL,NULL,0400,NULL,NULL,NULL,NULL,author,NULL,NULL,NULL,1,NULL,NULL,NULL,NULL,0400IbnCamashliqJacfari,OpenITI 2025.1.9
0400IbnHaddad,سعيد بن محمد المعافري القرطبي ثم السرقسطي، أبو عثمان، ويعرف بابن الحداد (المتوفى: بعد 400 ه),Ibn Haddad,NULL,NULL,NULL,NULL,0400,NULL,NULL,NULL,NULL,author,NULL,NULL,NULL,1,NULL,NULL,NULL,NULL,0400IbnHaddad,OpenITI 2025.1.9
0400IbnHusaynBazyar,بازيار العزيز بالله نزار الفاطمي، يظن أنه أبو عبد الله الحسن بن الحسين (المتوفى: ق 4هـ),Ibn Husayn Bazyar,NULL,NULL,NULL,NULL,0400,NULL,NULL,NULL,NULL,author,NULL,NULL,NULL,1,NULL,NULL,NULL,NULL,0400IbnHusaynBazyar,OpenITI 2025.1.9
0400IbnHusaynYamani,أبو عبد الله محمد بن حسين اليمني,Ibn Husayn Yamani,NULL,NULL,NULL,NULL,0400,NULL,NULL,NULL,NULL,author,NULL,NULL,NULL,1,NULL,NULL,NULL,NULL,0400IbnHusaynYamani,OpenITI 2025.1.9
0400IbnJarirTabariSaghir,محمد بن جرير الطبري ( الشيعي),Ibn Jarir Tabari Saghir,NULL,NULL,NULL,NULL,0400,NULL,NULL,NULL,NULL,author,NULL,NULL,NULL,3,NULL,NULL,NULL,NULL,0400IbnJarirTabariSaghir,OpenITI 2025.1.9
0400IbnMuhammadBusti,البستي,Ibn Muhammad Busti,NULL,NULL,NULL,NULL,0400,NULL,NULL,NULL,NULL,author,NULL,NULL,NULL,1,NULL,NULL,NULL,NULL,0400IbnMuhammadBusti,OpenITI 2025.1.9
0400IbnMuhammadKhazzaz,علي بن محمد الخزاز,Ibn Muhammad Khazzaz,NULL,NULL,NULL,NULL,0400,NULL,NULL,NULL,NULL,author,NULL,NULL,NULL,1,NULL,NULL,NULL,NULL,0400IbnMuhammadKhazzaz,OpenITI 2025.1.9
0400IbnMuhammadLihyani,أبو علي الحسين بن محمد بن يوسف اللحياني (المتوفى: ق 4هـ),Ibn Muhammad Lihyani,NULL,NULL,NULL,NULL,0400,NULL,NULL,NULL,NULL,author,NULL,NULL,NULL,1,NULL,NULL,NULL,NULL,0400IbnMuhammadLihyani,OpenITI 2025.1.9
0400IbnTahirMaqdisi,ابن طاهر المقدسي,Ibn Tahir Maqdisi,NULL,NULL,NULL,NULL,0400,NULL,NULL,NULL,NULL,author,NULL,NULL,NULL,1,NULL,NULL,NULL,NULL,0400IbnTahirMaqdisi,OpenITI 2025.1.9
0400IshaqMunajjim,إسحاق بن حسين المنجم,Ishaq Munajjim,NULL,NULL,NULL,NULL,0400,NULL,NULL,NULL,NULL,author,NULL,NULL,NULL,1,NULL,NULL,NULL,NULL,0400IshaqMunajjim,OpenITI 2025.1.9
0400PseudoFarabi,أبو نصر الفرابي,Pseudo Farabi,NULL,NULL,Abū Naṣr al-Farābī,NULL,0400,NULL,NULL,NULL,NULL,author,NULL,NULL,NULL,1,NULL,NULL,NULL,NULL,0400PseudoFarabi,OpenITI 2025.1.9
0400ZaydIbnRifaca,زيد بن رفاعة,Zayd Ibn Rifaca,NULL,NULL,Zayd b. Rifāʿaŧ,NULL,0400,NULL,NULL,NULL,NULL,author,NULL,NULL,NULL,2,NULL,NULL,NULL,NULL,0400ZaydIbnRifaca,OpenITI 2025.1.9
0401AbuCubaydHarawi,أبو عبيد أحمد بن محمد الهروي (المتوفى 401 ه),Abu Cubayd Harawi,NULL,NULL,NULL,NULL,0401,NULL,NULL,NULL,NULL,author,NULL,NULL,NULL,1,NULL,NULL,NULL,NULL,0401AbuCubaydHarawi,OpenITI 2025.1.9
0401AbuMascudDimashqi,أبو مسعود الدمشقي,Abu Mascud Dimashqi,NULL,NULL,NULL,NULL,0401,NULL,NULL,NULL,NULL,author,NULL,NULL,NULL,1,NULL,NULL,NULL,NULL,0401AbuMascudDimashqi,OpenITI 2025.1.9
0401IbnAyyashJawhari,أحمد بن محمد الجوهري‏,Ibn Ayyash Jawhari,NULL,NULL,NULL,NULL,0401,NULL,NULL,NULL,NULL,author,NULL,NULL,NULL,1,NULL,NULL,NULL,NULL,0401IbnAyyashJawhari,OpenITI 2025.1.9
0401IbnSaburZayyat,ابن سابور الزيات,Ibn Sabur Zayyat,NULL,NULL,NULL,NULL,0401,NULL,NULL,NULL,NULL,author,NULL,NULL,NULL,1,NULL,NULL,NULL,NULL,0401IbnSaburZayyat,OpenITI 2025.1.9
0402MuhammadSaydawi,الصيداوي,Muhammad Saydawi,NULL,NULL,NULL,NULL,0402,NULL,NULL,NULL,NULL,author,NULL,NULL,NULL,1,NULL,NULL,NULL,NULL,0402MuhammadSaydawi,OpenITI 2025.1.9
0403AbuBakrBaqillani,الباقلاني,Abu Bakr Baqillani,NULL,NULL,NULL,NULL,0403,NULL,NULL,NULL,NULL,author,NULL,NULL,NULL,5,NULL,NULL,NULL,NULL,0403AbuBakrBaqillani,OpenITI 2025.1.9
0403AbuCabdAllahHalimi,الحسين بن الحسن بن محمد بن حليم البخاري الجرجاني، أبو عبد الله الحليمي (المتوفى: 403 ه),Abu Cabd Allah Halimi,NULL,NULL,NULL,NULL,0403,NULL,NULL,NULL,NULL,author,NULL,NULL,NULL,1,NULL,NULL,NULL,NULL,0403AbuCabdAllahHalimi,OpenITI 2025.1.9
0403IbnFaradi,ابن الفرضي,Ibn Faradi,NULL,NULL,Ibn al-Faraḍī,NULL,0403,NULL,NULL,NULL,NULL,author,NULL,NULL,NULL,1,NULL,NULL,NULL,NULL,0403IbnFaradi,OpenITI 2025.1.9
0403IbnHamidHanbali,ابن حامد الحنبلي,Ibn Hamid Hanbali,NULL,NULL,NULL,NULL,0403,NULL,NULL,NULL,NULL,author,NULL,NULL,NULL,1,NULL,NULL,NULL,NULL,0403IbnHamidHanbali,OpenITI 2025.1.9
0403IbnZanjala,ابن زنجلة,Ibn Zanjala,NULL,NULL,NULL,NULL,0403,NULL,NULL,NULL,NULL,author,NULL,NULL,NULL,1,NULL,NULL,NULL,NULL,0403IbnZanjala,OpenITI 2025.1.9
0404IbnRawhNahrawani,ابن روح النهرواني,Ibn Rawh Nahrawani,NULL,NULL,Ibn Rawḥ al-Nahrawānī,NULL,0404,NULL,NULL,NULL,NULL,author,NULL,NULL,NULL,1,NULL,NULL,NULL,NULL,0404IbnRawhNahrawani,OpenITI 2025.1.9
0404MahdiHusaynIbnQasim,الإمام الحسين بن القاسم العياني العياني,Mahdi Husayn Ibn Qasim,NULL,NULL,NULL,NULL,0404,NULL,NULL,NULL,NULL,author,NULL,NULL,NULL,1,NULL,NULL,NULL,NULL,0404MahdiHusaynIbnQasim,OpenITI 2025.1.9
0405AbuCabbasCasmi,أبو العباس رافع بن عصم بن العباس بن أحمد العصمي (المتوفى: 405هـ),Abu Cabbas Casmi,NULL,NULL,NULL,NULL,0405,NULL,NULL,NULL,NULL,author,NULL,NULL,NULL,1,NULL,NULL,NULL,NULL,0405AbuCabbasCasmi,OpenITI 2025.1.9
0405AbuFadlHarawi,عبيد الله بن عبد الله بن أحمد الهروي أبو الفضل,Abu Fadl Harawi,NULL,NULL,NULL,NULL,0405,NULL,NULL,NULL,NULL,author,NULL,NULL,NULL,1,NULL,NULL,NULL,NULL,0405AbuFadlHarawi,OpenITI 2025.1.9
0405CabdKarimNahshaliQayrawani,عبد الكريم النهشلي القيرواني,Cabd Karim Nahshali Qayrawani,NULL,NULL,NULL,NULL,0405,NULL,NULL,NULL,NULL,author,NULL,NULL,NULL,1,NULL,NULL,NULL,NULL,0405CabdKarimNahshaliQayrawani,OpenITI 2025.1.9
0405HakimNaysaburi,الحاكم,Hakim Naysaburi,NULL,NULL,al-Ḥākim,NULL,0405,NULL,NULL,NULL,NULL,author,NULL,NULL,NULL,7,NULL,NULL,NULL,NULL,0405HakimNaysaburi,OpenITI 2025.1.9
0405IbnHusaynHamadhani,الحسن بن الحسين بن حمكان أبو علي الهمذاني (المتوفى: 405هـ),Ibn Husayn Hamadhani,NULL,NULL,NULL,NULL,0405,NULL,NULL,NULL,NULL,author,NULL,NULL,NULL,1,NULL,NULL,NULL,NULL,0405IbnHusaynHamadhani,OpenITI 2025.1.9
0406IbnFurakIsbahani,أبو بكر محمد بن الحسن بن فورك الأصبهاني,Ibn Furak Isbahani,NULL,NULL,NULL,NULL,0406,NULL,NULL,NULL,NULL,author,NULL,NULL,NULL,2,NULL,NULL,NULL,NULL,0406IbnFurakIsbahani,OpenITI 2025.1.9
0406IbnHabibNaysaburi,أبو القاسم الحسن بن محمد بن حبيب النيسابوري (المتوفى : 406هـ),Ibn Habib Naysaburi,NULL,NULL,NULL,NULL,0406,NULL,NULL,NULL,NULL,author,NULL,NULL,NULL,1,NULL,NULL,NULL,NULL,0406IbnHabibNaysaburi,OpenITI 2025.1.9
0406IbnMuhammadSaqati,أبو القاسم عبيد الله بن محمد بن أحمد بن جعفر البغدادي، السقطي (المتوفى: 406هـ),Ibn Muhammad Saqati,NULL,NULL,NULL,NULL,0406,NULL,NULL,NULL,NULL,author,NULL,NULL,NULL,1,NULL,NULL,NULL,NULL,0406IbnMuhammadSaqati,OpenITI 2025.1.9
0406SharifRadi,الشريف الرضي,Sharif Radi,NULL,NULL,al-Šarīf al-Raḍī,NULL,0406,NULL,NULL,NULL,NULL,author,NULL,NULL,NULL,5,NULL,NULL,NULL,NULL,0406SharifRadi,OpenITI 2025.1.9
0407IbnMuhammadKharkushi,عبد الملك بن محمد بن إبراهيم النيسابوري الخركوشي، أبو سعد (المتوفى: 407هـ),Ibn Muhammad Kharkushi,NULL,NULL,NULL,NULL,0407,NULL,NULL,NULL,NULL,author,NULL,NULL,NULL,1,NULL,NULL,NULL,NULL,0407IbnMuhammadKharkushi,OpenITI 2025.1.9
0408IbnCabdCazizTaymi,أبو الحسن أحمد بن عبد العزيز بن أحمد بن حامد بن محمود بن ثرثال التيمي (المتوفى: 408هـ),Ibn Cabd Caziz Taymi,NULL,NULL,NULL,NULL,0408,NULL,NULL,NULL,NULL,author,NULL,NULL,NULL,1,NULL,NULL,NULL,NULL,0408IbnCabdCazizTaymi,OpenITI 2025.1.9
0408IbnIbrahimJurjani,ابن ابراهيم الجرجاني,Ibn Ibrahim Jurjani,NULL,NULL,Ibn Ibrāhīm al-Jurjānī,NULL,0408,NULL,NULL,NULL,NULL,author,NULL,NULL,NULL,1,NULL,NULL,NULL,NULL,0408IbnIbrahimJurjani,OpenITI 2025.1.9
0409BabaTahir,بابا طاهر,Baba Tahir,NULL,NULL,Bābā Ṭāhir,NULL,0409,NULL,NULL,NULL,NULL,author,NULL,NULL,NULL,1,NULL,NULL,NULL,NULL,0409BabaTahir,OpenITI 2025.1.9
0409CabdGhaniAzdi,عبد الغهني الأزدي,Cabd Ghani Azdi,NULL,NULL,ʿAbd al-Ġhanī al-Azdī,NULL,0409,NULL,NULL,NULL,NULL,author,NULL,NULL,NULL,7,NULL,NULL,NULL,NULL,0409CabdGhaniAzdi,OpenITI 2025.1.9
0410AbuSahlNili,أبو سهل سعيد بن عبد العزيز النيلي,Abu Sahl Nili,NULL,NULL,NULL,NULL,0410,NULL,NULL,NULL,NULL,author,NULL,NULL,NULL,1,NULL,NULL,NULL,NULL,0410AbuSahlNili,OpenITI 2025.1.9
0410AbuTahirIbnMahmishZiyadi,أبو طاهر محمد بن محمد بن محمش الزيادي النيسابوري (410 ه),Abu Tahir Ibn Mahmish Ziyadi,NULL,NULL,NULL,NULL,0410,NULL,NULL,NULL,NULL,author,NULL,NULL,NULL,1,NULL,NULL,NULL,NULL,0410AbuTahirIbnMahmishZiyadi,OpenITI 2025.1.9
0410CabdWahidTamimi,عبد الواحد التميمي,Cabd Wahid Tamimi,NULL,NULL,ʿAbd al-Wāḥid al-Tamīmī,NULL,0410,NULL,NULL,NULL,NULL,author,NULL,NULL,NULL,1,NULL,NULL,NULL,NULL,0410CabdWahidTamimi,OpenITI 2025.1.9
0410Firdawsi,فردوسي,Firdawsi,NULL,NULL,Firdawsī,NULL,0410,NULL,NULL,NULL,NULL,author,NULL,NULL,NULL,1,NULL,NULL,NULL,NULL,0410Firdawsi,OpenITI 2025.1.9
0410IbnBalawayh,ابن بالويه,Ibn Balawayh,NULL,NULL,Ibn Bālawayh,NULL,0410,NULL,NULL,NULL,NULL,author,NULL,NULL,NULL,1,NULL,NULL,NULL,NULL,0410IbnBalawayh,OpenITI 2025.1.9
0410IbnCumarDimashqi,أبو القاسم عبد الرحمن بن عمر بن نصر بن محمد الشيباني، السامري، ثم الدمشقي، البزاز (المتوفى: 410هـ),Ibn Cumar Dimashqi,NULL,NULL,NULL,NULL,0410,NULL,NULL,NULL,NULL,author,NULL,NULL,NULL,1,NULL,NULL,NULL,NULL,0410IbnCumarDimashqi,OpenITI 2025.1.9
0410IbnMardawayh,ابن مردويه,Ibn Mardawayh,NULL,NULL,NULL,NULL,0410,NULL,NULL,NULL,NULL,author,NULL,NULL,NULL,2,NULL,NULL,NULL,NULL,0410IbnMardawayh,OpenITI 2025.1.9
0410IbnSalamaBaghdadi,هبة الله بن سلامة بن نصر المقري,Ibn Salama Baghdadi,NULL,NULL,NULL,NULL,0410,NULL,NULL,NULL,NULL,author,NULL,NULL,NULL,1,NULL,NULL,NULL,NULL,0410IbnSalamaBaghdadi,OpenITI 2025.1.9
0410NasrIbnYacqub,نصر بن يعقوب,Nasr Ibn Yacqub,NULL,NULL,Naṣr b. Yaʿqūb,NULL,0410,NULL,NULL,NULL,NULL,author,NULL,NULL,NULL,1,NULL,NULL,NULL,NULL,0410NasrIbnYacqub,OpenITI 2025.1.9
0411AbuBakrAzdi,أبو بكر الأزدي,Abu Bakr Azdi,NULL,NULL,Abū Bakr al-Azdī,NULL,0411,NULL,NULL,NULL,NULL,author,NULL,NULL,NULL,1,NULL,NULL,NULL,NULL,0411AbuBakrAzdi,OpenITI 2025.1.9
0411HamidDinKirmani,الكرماني,Hamid Din Kirmani,NULL,NULL,al-Kirmānī,NULL,0411,NULL,NULL,NULL,NULL,author,NULL,NULL,NULL,2,NULL,NULL,NULL,NULL,0411HamidDinKirmani,OpenITI 2025.1.9
0411IbnCubaydAllahGhadairi,الغضائري,Ibn Cubayd Allah Ghadairi,NULL,NULL,NULL,NULL,0411,NULL,NULL,NULL,NULL,author,NULL,NULL,NULL,1,NULL,NULL,NULL,NULL,0411IbnCubaydAllahGhadairi,OpenITI 2025.1.9
0411MuayyadAhmad,المؤيد أحمد,Muayyad Ahmad,NULL,NULL,al-Muʾayyad Aḥmad,NULL,0411,NULL,NULL,NULL,NULL,author,NULL,NULL,NULL,3,NULL,NULL,NULL,NULL,0411MuayyadAhmad,OpenITI 2025.1.9
0412IbnAbiFawaris,أبو الفتح بن أبي الفوارس,Ibn Abi Fawaris,NULL,NULL,Abū al-Fatḥ b. Abī al-Fawāris,NULL,0412,NULL,NULL,NULL,NULL,author,NULL,NULL,NULL,2,NULL,NULL,NULL,NULL,0412IbnAbiFawaris,OpenITI 2025.1.9
0412IbnAhmadQummi,محمد بن أحمد القمي,Ibn Ahmad Qummi,NULL,NULL,NULL,NULL,0412,NULL,NULL,NULL,NULL,author,NULL,NULL,NULL,1,NULL,NULL,NULL,NULL,0412IbnAhmadQummi,OpenITI 2025.1.9
0412IbnJacfarQayruwani,محمد بن جعفر القزاز القيرواني أبو عبد الله التميمي (المتوفى: 412هـ),Ibn Jacfar Qayruwani,NULL,NULL,NULL,NULL,0412,NULL,NULL,NULL,NULL,author,NULL,NULL,NULL,1,NULL,NULL,NULL,NULL,0412IbnJacfarQayruwani,OpenITI 2025.1.9
0412IbnMuhammadHarawi,أبو سعد أحمد بن محمد بن أحمد بن عبد الله بن حفص بن خليل الأنصاري الهروي الماليني (المتوفى: 412هـ),Ibn Muhammad Harawi,NULL,NULL,NULL,NULL,0412,NULL,NULL,NULL,NULL,author,NULL,NULL,NULL,1,NULL,NULL,NULL,NULL,0412IbnMuhammadHarawi,OpenITI 2025.1.9
0412IbnRizqawayh,ابن رزقويه أبو الحسن محمد بن أحمد بن محمد بن أحمد بن رزق بن عبد الله بن يزيد البغدادي، البزاز (المتوفى: 412هـ),Ibn Rizqawayh,NULL,NULL,NULL,NULL,0412,NULL,NULL,NULL,NULL,author,NULL,NULL,NULL,1,NULL,NULL,NULL,NULL,0412IbnRizqawayh,OpenITI 2025.1.9
0412Sulami,السلمي,Sulami,NULL,NULL,al-Sulamī,NULL,0412,NULL,NULL,NULL,NULL,author,NULL,NULL,NULL,11,NULL,NULL,NULL,NULL,0412Sulami,OpenITI 2025.1.9
0413AbuIshaqHusri,أبو اسحاق إبراهيم بن علي المعروف بالحصري القيرواني (المتوفى : 453هـ),Abu Ishaq Husri,NULL,NULL,NULL,NULL,0413,NULL,NULL,NULL,NULL,author,NULL,NULL,NULL,3,NULL,NULL,NULL,NULL,0413AbuIshaqHusri,OpenITI 2025.1.9
0413AbuMutarrifQunazici,القنازعي,Abu Mutarrif Qunazici,NULL,NULL,NULL,NULL,0413,NULL,NULL,NULL,NULL,author,NULL,NULL,NULL,1,NULL,NULL,NULL,NULL,0413AbuMutarrifQunazici,OpenITI 2025.1.9
0413IbnTalhaNaccali,محمد بن طلحة بن محمد بن عثمان أبو الحسن النعالي الرافضي (المتوفى: 413هـ),Ibn Talha Naccali,NULL,NULL,NULL,NULL,0413,NULL,NULL,NULL,NULL,author,NULL,NULL,NULL,2,NULL,NULL,NULL,NULL,0413IbnTalhaNaccali,OpenITI 2025.1.9
0413ShaykhMufid,الشيخ المفيد,Shaykh Mufid,NULL,NULL,NULL,NULL,0413,NULL,NULL,NULL,NULL,author,NULL,NULL,NULL,44,NULL,NULL,NULL,NULL,0413ShaykhMufid,OpenITI 2025.1.9
0414AbuHayyanTawhidi,التوحيدي,Abu Hayyan Tawhidi,NULL,NULL,al-Tawḥīdī,NULL,0414,NULL,NULL,NULL,NULL,author,NULL,NULL,NULL,5,NULL,NULL,NULL,NULL,0414AbuHayyanTawhidi,OpenITI 2025.1.9
0414AbuQasimRazi,تمام بن محمد الرازي أبو القاسم,Abu Qasim Razi,NULL,NULL,NULL,NULL,0414,NULL,NULL,NULL,NULL,author,NULL,NULL,NULL,3,NULL,NULL,NULL,NULL,0414AbuQasimRazi,OpenITI 2025.1.9
0414AbuSacidNaqqash,أبو سعيد محمد بن علي بن عمرو النقاش,Abu Sacid Naqqash,NULL,NULL,NULL,NULL,0414,NULL,NULL,NULL,NULL,author,NULL,NULL,NULL,4,NULL,NULL,NULL,NULL,0414AbuSacidNaqqash,OpenITI 2025.1.9
0414AbuZakariyaMuzakki,أبو زكريا يحيى بن إبراهيم بن محمد المزكي النيسابوري,Abu Zakariya Muzakki,NULL,NULL,NULL,NULL,0414,NULL,NULL,NULL,NULL,author,NULL,NULL,NULL,1,NULL,NULL,NULL,NULL,0414AbuZakariyaMuzakki,OpenITI 2025.1.9
0414HilalHaffar,هلال الحفار,Hilal Haffar,NULL,NULL,NULL,NULL,0414,NULL,NULL,NULL,NULL,author,NULL,NULL,NULL,1,NULL,NULL,NULL,NULL,0414HilalHaffar,OpenITI 2025.1.9
0414IbnHasanGhadairi,أبو عبد الله الحسين بن الحسن بن محمد بن حلبس المخزومي، الغضائري، البغدادي (المتوفى: 414هـ),Ibn Hasan Ghadairi,NULL,NULL,NULL,NULL,0414,NULL,NULL,NULL,NULL,author,NULL,NULL,NULL,1,NULL,NULL,NULL,NULL,0414IbnHasanGhadairi,OpenITI 2025.1.9
0414IbnMuhammadDinawari,أبو عبد الله الحسين بن محمد بن الحسين بن عبد الله بن صالح بن شعيب بن فنجويه الثقفي، الدينوري (المتوفى: 414هـ),Ibn Muhammad Dinawari,NULL,NULL,NULL,NULL,0414,NULL,NULL,NULL,NULL,author,NULL,NULL,NULL,1,NULL,NULL,NULL,NULL,0414IbnMuhammadDinawari,OpenITI 2025.1.9
0415CaliIbnBishranUmawi,علي بن بشران الأموي,Cali Ibn Bishran Umawi,NULL,NULL,ʿAlī b. Bišrān al-Umawī,NULL,0415,NULL,NULL,NULL,NULL,author,NULL,NULL,NULL,2,NULL,NULL,NULL,NULL,0415CaliIbnBishranUmawi,OpenITI 2025.1.9
0415IbnMuhammadMahamili,أحمد بن محمد بن أحمد بن القاسم الضبي، أبو الحسن ابن المحاملي الشافعي (المتوفى: 415هـ),Ibn Muhammad Mahamili,NULL,NULL,NULL,NULL,0415,NULL,NULL,NULL,NULL,author,NULL,NULL,NULL,1,NULL,NULL,NULL,NULL,0415IbnMuhammadMahamili,OpenITI 2025.1.9
0415QadiCabdJabbar,القاضيعبد الجبار,Qadi Cabd Jabbar,NULL,NULL,al-QāḍīʿAbd al-Ǧabbār,NULL,0415,NULL,NULL,NULL,NULL,author,NULL,NULL,NULL,8,NULL,NULL,NULL,NULL,0415QadiCabdJabbar,OpenITI 2025.1.9
0416CaliIbnMuhammadTihami,علي بن محمد التهامي,Cali Ibn Muhammad Tihami,NULL,NULL,NULL,NULL,0416,NULL,NULL,NULL,NULL,author,NULL,NULL,NULL,1,NULL,NULL,NULL,NULL,0416CaliIbnMuhammadTihami,OpenITI 2025.1.9
0416IbnNahhasMisri,أبو محمد عبد الرحمن بن عمر بن محمد بن سعيد التجيبي المصري المالكي البزار المعروف بابن النحاس (المتوفى: 416هـ),Ibn Nahhas Misri,NULL,NULL,NULL,NULL,0416,NULL,NULL,NULL,NULL,author,NULL,NULL,NULL,1,NULL,NULL,NULL,NULL,0416IbnNahhasMisri,OpenITI 2025.1.9
0416IbnTahhan,ابن الطحان,Ibn Tahhan,NULL,NULL,NULL,NULL,0416,NULL,NULL,NULL,NULL,author,NULL,NULL,NULL,1,NULL,NULL,NULL,NULL,0416IbnTahhan,OpenITI 2025.1.9
0417AbuBakrCadawi,أبو بكر العدوي,Abu Bakr Cadawi,NULL,NULL,Abū Bakr al-ʿAdawī,NULL,0417,NULL,NULL,NULL,NULL,author,NULL,NULL,NULL,1,NULL,NULL,NULL,NULL,0417AbuBakrCadawi,OpenITI 2025.1.9
0418AbuMansurIsfahani,أبو منصور معمر بن أحمد الأصفهاني,Abu Mansur Isfahani,NULL,NULL,NULL,NULL,0418,NULL,NULL,NULL,NULL,author,NULL,NULL,NULL,1,NULL,NULL,NULL,NULL,0418AbuMansurIsfahani,OpenITI 2025.1.9
0418HibatAllahLalikai,هبة الله اللالكائي,Hibat Allah Lalikai,NULL,NULL,Hibaŧ Allāh al-Lālikāʾī,NULL,0418,NULL,NULL,NULL,NULL,author,NULL,NULL,NULL,3,NULL,NULL,NULL,NULL,0418HibatAllahLalikai,OpenITI 2025.1.9
0418WazirMaghribi,الوزير المغربي,Wazir Maghribi,NULL,NULL,al-Wazīr al-Maġribī,NULL,0418,NULL,NULL,NULL,NULL,author,NULL,NULL,NULL,4,NULL,NULL,NULL,NULL,0418WazirMaghribi,OpenITI 2025.1.9
0419IbnCaliHamadani,ابن علي الهمداني,Ibn Cali Hamadani,NULL,NULL,NULL,NULL,0419,NULL,NULL,NULL,NULL,author,NULL,NULL,NULL,2,NULL,NULL,NULL,NULL,0419IbnCaliHamadani,OpenITI 2025.1.9
0419IbnMuhammadBushanji,أبو الحسين العالي، أحمد بن محمد بن منصور العالي البوشنجي (المتوفى: 419هـ),Ibn Muhammad Bushanji,NULL,NULL,NULL,NULL,0419,NULL,NULL,NULL,NULL,author,NULL,NULL,NULL,1,NULL,NULL,NULL,NULL,0419IbnMuhammadBushanji,OpenITI 2025.1.9
0420AbuQasimBusti,أبو القاسم إسماعيل بن أحمد البستي‏,Abu Qasim Busti,NULL,NULL,NULL,NULL,0420,NULL,NULL,NULL,NULL,author,NULL,NULL,NULL,1,NULL,NULL,NULL,NULL,0420AbuQasimBusti,OpenITI 2025.1.9
0420IbnCabdAllahKhatibIskafi,ابن عبد الله الخطيب الاسكافي,Ibn Cabd Allah Khatib Iskafi,NULL,NULL,Ibn ʿAbd Allāh al-Ḫaṭīb al-Iskāfī,NULL,0420,NULL,NULL,NULL,NULL,author,NULL,NULL,NULL,2,NULL,NULL,NULL,NULL,0420IbnCabdAllahKhatibIskafi,OpenITI 2025.1.9
0420IbnHasanTabib,أبو عبد الله محمد بن الحسن الكتاني الطبيب (المتوفى : نحو 420هـ),Ibn Hasan Tabib,NULL,NULL,NULL,NULL,0420,NULL,NULL,NULL,NULL,author,NULL,NULL,NULL,1,NULL,NULL,NULL,NULL,0420IbnHasanTabib,OpenITI 2025.1.9
0420IbnMuhammadDimashqi,مسافر بن محمد بن حاجي الدمشقي (المتوفى: 420هـ),Ibn Muhammad Dimashqi,NULL,NULL,NULL,NULL,0420,NULL,NULL,NULL,NULL,author,NULL,NULL,NULL,2,NULL,NULL,NULL,NULL,0420IbnMuhammadDimashqi,OpenITI 2025.1.9
0420IbnMuhammadIbnFadala,عبد الرحمن بن محمد بن أحمد بن فضالة (رافضي جلد) (المتوفى: 420هـ),Ibn Muhammad Ibn Fadala,NULL,NULL,NULL,NULL,0420,NULL,NULL,NULL,NULL,author,NULL,NULL,NULL,1,NULL,NULL,NULL,NULL,0420IbnMuhammadIbnFadala,OpenITI 2025.1.9
0420Musabbihi,عز الملك أبو عبد الله محمد بن عبيد الله بن أحمد بن اسماعيل بن عبد العزيز الحراني المسبحي,Musabbihi,NULL,NULL,NULL,NULL,0420,NULL,NULL,NULL,NULL,author,NULL,NULL,NULL,1,NULL,NULL,NULL,NULL,0420Musabbihi,OpenITI 2025.1.9
0421AbuSacdAbi,أبو سعد الآبي,Abu Sacd Abi,NULL,NULL,Abū Saʿd al-Ābī,NULL,0421,NULL,NULL,NULL,NULL,author,NULL,NULL,NULL,1,NULL,NULL,NULL,NULL,0421AbuSacdAbi,OpenITI 2025.1.9
0421HasanIbnSuwar,ابن سوار,Hasan Ibn Suwar,NULL,NULL,Ibn Suwār,NULL,0421,NULL,NULL,NULL,NULL,author,NULL,NULL,NULL,1,NULL,NULL,NULL,NULL,0421HasanIbnSuwar,OpenITI 2025.1.9
0421IbnDarrajQastali,ابن دارج القسطلي,Ibn Darraj Qastali,NULL,NULL,NULL,NULL,0421,NULL,NULL,NULL,NULL,author,NULL,NULL,NULL,1,NULL,NULL,NULL,NULL,0421IbnDarrajQastali,OpenITI 2025.1.9
0421IbnIbrahimJammal,ابن ابراهيم الجمال,Ibn Ibrahim Jammal,NULL,NULL,Ibn Ibrāhīm al-Jammāl,NULL,0421,NULL,NULL,NULL,NULL,author,NULL,NULL,NULL,1,NULL,NULL,NULL,NULL,0421IbnIbrahimJammal,OpenITI 2025.1.9
0421IbnMuhammadMarzuqi,المرزوقي,Ibn Muhammad Marzuqi,NULL,NULL,NULL,NULL,0421,NULL,NULL,NULL,NULL,author,NULL,NULL,NULL,3,NULL,NULL,NULL,NULL,0421IbnMuhammadMarzuqi,OpenITI 2025.1.9
0421Miskawayh,مسكويه,Miskawayh,NULL,NULL,Miskawayh,NULL,0421,NULL,NULL,NULL,NULL,author,NULL,NULL,NULL,4,NULL,NULL,NULL,NULL,0421Miskawayh,OpenITI 2025.1.9
0422QadiCabdWahhabThaclabi,أبو محمد عبد الوهاب بن علي بن نصر الثعلبي البغدادي المالكي (المتوفى: 422ه),Qadi Cabd Wahhab Thaclabi,NULL,NULL,NULL,NULL,0422,NULL,NULL,NULL,NULL,author,NULL,NULL,NULL,5,NULL,NULL,NULL,NULL,0422QadiCabdWahhabThaclabi,OpenITI 2025.1.9
0422QadirBillahCabbasi,الخليفة العباسي أبو العباس القادر بالله أبو العباس احمد بن إسحاق بن المقتدر,Qadir Billah Cabbasi,NULL,NULL,NULL,NULL,0422,NULL,NULL,NULL,NULL,author,NULL,NULL,NULL,1,NULL,NULL,NULL,NULL,0422QadirBillahCabbasi,OpenITI 2025.1.9
0423AbuQasimHurfi,أبو القاسم عبد الرحمن بن عبيد الله بن محمد الحرفي البغدادي,Abu Qasim Hurfi,NULL,NULL,NULL,NULL,0423,NULL,NULL,NULL,NULL,author,NULL,NULL,NULL,2,NULL,NULL,NULL,NULL,0423AbuQasimHurfi,OpenITI 2025.1.9
0424AbuTalibYahyaHaruni,الإمام أبوطالب يحيى بن الحسين الهاروني,Abu Talib Yahya Haruni,NULL,NULL,NULL,NULL,0424,NULL,NULL,NULL,NULL,author,NULL,NULL,NULL,4,NULL,NULL,NULL,NULL,0424AbuTalibYahyaHaruni,OpenITI 2025.1.9
0425AbuHasanShayzari,أبو الحسن الشيزري,Abu Hasan Shayzari,NULL,NULL,Abū al-Ḥasan al-Šayzarī,NULL,0425,NULL,NULL,NULL,NULL,author,NULL,NULL,NULL,1,NULL,NULL,NULL,NULL,0425AbuHasanShayzari,OpenITI 2025.1.9
0425Anonymous,أبو الحسن أحمد بن محمد بن الصلت (405 ه) - وأبو أحمد عبيد الله بن محمد بن أبي مسلم الفرضي (406 ه),Anonymous,NULL,NULL,NULL,NULL,0425,NULL,NULL,NULL,NULL,author,NULL,NULL,NULL,4,NULL,NULL,NULL,NULL,0425Anonymous,OpenITI 2025.1.9
0425IbnYasirJawbari,أبو الحسن عبد الرحمن بن ياسر الجوبري (المتوفى: 425هـ),Ibn Yasir Jawbari,NULL,NULL,NULL,NULL,0425,NULL,NULL,NULL,NULL,author,NULL,NULL,NULL,1,NULL,NULL,NULL,NULL,0425IbnYasirJawbari,OpenITI 2025.1.9
0425MuaddibSirjani,أبو بكر أحمد بن محمد بن إسماعيل بن علي بن عمران بن غريب المؤدب السرجاني,Muaddib Sirjani,NULL,NULL,NULL,NULL,0425,NULL,NULL,NULL,NULL,author,NULL,NULL,NULL,1,NULL,NULL,NULL,NULL,0425MuaddibSirjani,OpenITI 2025.1.9
0425MultipleAuthors,مؤلفين متعددين,Multiple Authors,NULL,NULL,Muʾallifīn mutaʿaddidīn,NULL,0425,NULL,NULL,NULL,NULL,author,NULL,NULL,NULL,1,NULL,NULL,NULL,NULL,0425MultipleAuthors,OpenITI 2025.1.9
0425RaqiqQayrawani,الرقيق القيرواني,Raqiq Qayrawani,NULL,NULL,NULL,NULL,0425,NULL,NULL,NULL,NULL,author,NULL,NULL,NULL,2,NULL,NULL,NULL,NULL,0425RaqiqQayrawani,OpenITI 2025.1.9
0426IbnAhmadIbnShadhan,الحسن بن أحمد بن إبراهيم بن الحسن ابن محمد بن شاذان، أبو علي البزاز (المتوفى: 425هـ),Ibn Ahmad Ibn Shadhan,NULL,NULL,NULL,NULL,0426,NULL,NULL,NULL,NULL,author,NULL,NULL,NULL,3,NULL,NULL,NULL,NULL,0426IbnAhmadIbnShadhan,OpenITI 2025.1.9
0426IbnMuhammadBarqani,البرقاني,Ibn Muhammad Barqani,NULL,NULL,NULL,NULL,0426,NULL,NULL,NULL,NULL,author,NULL,NULL,NULL,2,NULL,NULL,NULL,NULL,0426IbnMuhammadBarqani,OpenITI 2025.1.9
0426IbnShuhaydAshjaci,ابن شهيد,Ibn Shuhayd Ashjaci,NULL,NULL,NULL,NULL,0426,NULL,NULL,NULL,NULL,author,NULL,NULL,NULL,2,NULL,NULL,NULL,NULL,0426IbnShuhaydAshjaci,OpenITI 2025.1.9
0427AbuIshaqThaclabi,أبو اسحاق الثعلبي,Abu Ishaq Thaclabi,NULL,NULL,Abū Isḥāq al-Ṯaʿlabī,NULL,0427,NULL,NULL,NULL,NULL,author,NULL,NULL,NULL,2,NULL,NULL,NULL,NULL,0427AbuIshaqThaclabi,OpenITI 2025.1.9
0427AbuNasrCutbi,أبو نصر محمد بن عبد الجبار العتبي (المتوفى:427 ه),Abu Nasr Cutbi,NULL,NULL,NULL,NULL,0427,NULL,NULL,NULL,NULL,author,NULL,NULL,NULL,1,NULL,NULL,NULL,NULL,0427AbuNasrCutbi,OpenITI 2025.1.9
0427IbnCaliShahrazuri,عبد العزيز بن علي بن الحسن أبو القاسم الشهرزوري المالكي (المتوفى: 427هـ),Ibn Cali Shahrazuri,NULL,NULL,NULL,NULL,0427,NULL,NULL,NULL,NULL,author,NULL,NULL,NULL,1,NULL,NULL,NULL,NULL,0427IbnCaliShahrazuri,OpenITI 2025.1.9
0427JuriNaysaburi,أبو عمرو محمد بن يحيى بن الحسن الجوري النيسابوري,Juri Naysaburi,NULL,NULL,NULL,NULL,0427,NULL,NULL,NULL,NULL,author,NULL,NULL,NULL,1,NULL,NULL,NULL,NULL,0427JuriNaysaburi,OpenITI 2025.1.9
0427Sahmi,السهمي,Sahmi,NULL,NULL,al-Sahmī,NULL,0427,NULL,NULL,NULL,NULL,author,NULL,NULL,NULL,2,NULL,NULL,NULL,NULL,0427Sahmi,OpenITI 2025.1.9
0428AbuCaliHashimi,أبو علي بن أبي موسى الهاشمي,Abu Cali Hashimi,NULL,NULL,NULL,NULL,0428,NULL,NULL,NULL,NULL,author,NULL,NULL,NULL,2,NULL,NULL,NULL,NULL,0428AbuCaliHashimi,OpenITI 2025.1.9
0428AbuCubaydJuzjani,أبو عبيد الجوزجاني,Abu Cubayd Juzjani,NULL,NULL,Abū ʿUbayd al-Ǧūzǧānī,NULL,0428,NULL,NULL,NULL,NULL,author,NULL,NULL,NULL,1,NULL,NULL,NULL,NULL,0428AbuCubaydJuzjani,OpenITI 2025.1.9
0428AbuHusaynQuduri,أبو الحسين القدوري,Abu Husayn Quduri,NULL,NULL,Abū al-Ḥusayn al-Qudūrī,NULL,0428,NULL,NULL,NULL,NULL,author,NULL,NULL,NULL,3,NULL,NULL,NULL,NULL,0428AbuHusaynQuduri,OpenITI 2025.1.9
0428IbnAbiCaliIsfahani,أبو الحسين محمد بن الحسن بن أحمد الأهوازي المعروف بابن أبي علي الأصفهاني,Ibn Abi Cali Isfahani,NULL,NULL,NULL,NULL,0428,NULL,NULL,NULL,NULL,author,NULL,NULL,NULL,1,NULL,NULL,NULL,NULL,0428IbnAbiCaliIsfahani,OpenITI 2025.1.9
0428IbnCabdAllahShirazi,محمد بن عبد الله بن عبيد الله بن أحمد الشيرازي، أبو عبد الله بن باكويه (المتوفى: 428هـ),Ibn Cabd Allah Shirazi,NULL,NULL,NULL,NULL,0428,NULL,NULL,NULL,NULL,author,NULL,NULL,NULL,1,NULL,NULL,NULL,NULL,0428IbnCabdAllahShirazi,OpenITI 2025.1.9
0428IbnManjuwayhIsbahani,أحمد بن علي بن منجويه الأصبهاني أبو بكر,Ibn Manjuwayh Isbahani,NULL,NULL,NULL,NULL,0428,NULL,NULL,NULL,NULL,author,NULL,NULL,NULL,1,NULL,NULL,NULL,NULL,0428IbnManjuwayhIsbahani,OpenITI 2025.1.9
0428IbnShihabCukbari,العكبري، ابن شهاب,Ibn Shihab Cukbari,NULL,NULL,NULL,NULL,0428,NULL,NULL,NULL,NULL,author,NULL,NULL,NULL,1,NULL,NULL,NULL,NULL,0428IbnShihabCukbari,OpenITI 2025.1.9
0428IbnSina,ابن سينا,Ibn Sina,NULL,NULL,Ibn Sīnā,NULL,0428,NULL,NULL,NULL,NULL,author,NULL,NULL,NULL,21,NULL,NULL,NULL,NULL,0428IbnSina,OpenITI 2025.1.9
0428MihyarDaylami,مهيار الديلمي,Mihyar Daylami,NULL,NULL,NULL,NULL,0428,NULL,NULL,NULL,NULL,author,NULL,NULL,NULL,1,NULL,NULL,NULL,NULL,0428MihyarDaylami,OpenITI 2025.1.9
0429AbuMansurThacalibi,الثعالبي,Abu Mansur Thacalibi,NULL,NULL,al-Ṯaʿālibī,NULL,0429,NULL,NULL,NULL,NULL,author,NULL,NULL,NULL,19,NULL,NULL,NULL,NULL,0429AbuMansurThacalibi,OpenITI 2025.1.9
0429Farrukhi,فروخي,Farrukhi,NULL,NULL,Farrūḫī,NULL,0429,NULL,NULL,NULL,NULL,author,NULL,NULL,NULL,1,NULL,NULL,NULL,NULL,0429Farrukhi,OpenITI 2025.1.9
0429FarrukhiSistani,الفروخي السيستاني,Farrukhi Sistani,NULL,NULL,al-Farrūḫī al-Sīstānī,NULL,0429,NULL,NULL,NULL,NULL,author,NULL,NULL,NULL,1,NULL,NULL,NULL,NULL,0429FarrukhiSistani,OpenITI 2025.1.9
0429IbnIbrahimSarakhsiQarrab,أبو يعقوب إسحاق بن أبي إسحاق إبراهيم بن محمد ابن عبد الرحمن السرخسي الهروي، المعروف بـ القراب (المتوفى: 429هـ),Ibn Ibrahim Sarakhsi Qarrab,NULL,NULL,NULL,NULL,0429,NULL,NULL,NULL,NULL,author,NULL,NULL,NULL,2,NULL,NULL,NULL,NULL,0429IbnIbrahimSarakhsiQarrab,OpenITI 2025.1.9
0429IbnShihabCukburi,أبو علي الحسن بن شهاب الحسن العكبري الحنبلي,Ibn Shihab Cukburi,NULL,NULL,NULL,NULL,0429,NULL,NULL,NULL,NULL,author,NULL,NULL,NULL,1,NULL,NULL,NULL,NULL,0429IbnShihabCukburi,OpenITI 2025.1.9
0429IbnTahirBaghdadi,عبد القاهر بن طاهر بن محمد البغدادي أبو منصور,Ibn Tahir Baghdadi,NULL,NULL,NULL,NULL,0429,NULL,NULL,NULL,NULL,author,NULL,NULL,NULL,1,NULL,NULL,NULL,NULL,0429IbnTahirBaghdadi,OpenITI 2025.1.9
0430AbuHasanHufi,الحوفي,Abu Hasan Hufi,NULL,NULL,NULL,NULL,0430,NULL,NULL,NULL,NULL,author,NULL,NULL,NULL,1,NULL,NULL,NULL,NULL,0430AbuHasanHufi,OpenITI 2025.1.9
0430AbuNucaymIsbahani,الاصبهاني,Abu Nucaym Isbahani,NULL,NULL,al-Iṣbahānī,NULL,0430,NULL,NULL,NULL,NULL,author,NULL,NULL,NULL,29,NULL,NULL,NULL,NULL,0430AbuNucaymIsbahani,OpenITI 2025.1.9
0430AbuZaydDabusi,أبو زيد الدبوسي,Abu Zayd Dabusi,NULL,NULL,Abū Zayd al-Dabbūsī,NULL,0430,NULL,NULL,NULL,NULL,author,NULL,NULL,NULL,2,NULL,NULL,NULL,NULL,0430AbuZaydDabusi,OpenITI 2025.1.9
0430AswadGhundijani,الحسن بن أحمد بن محمد الأعرابي، أبو محمد الأسود الغندجاني (المتوفى: نحو 430ه),Aswad Ghundijani,NULL,NULL,NULL,NULL,0430,NULL,NULL,NULL,NULL,author,NULL,NULL,NULL,2,NULL,NULL,NULL,NULL,0430AswadGhundijani,OpenITI 2025.1.9
0430CabdMalikIbnBishranUmawi,ابن بشران,Cabd Malik Ibn Bishran Umawi,NULL,NULL,Ibn Bišrān,NULL,0430,NULL,NULL,NULL,NULL,author,NULL,NULL,NULL,2,NULL,NULL,NULL,NULL,0430CabdMalikIbnBishranUmawi,OpenITI 2025.1.9
0430IbnHaytham,ابن الهيثم,Ibn Haytham,NULL,NULL,Ibn al-Hayṯam,NULL,0430,NULL,NULL,NULL,NULL,author,NULL,NULL,NULL,2,NULL,NULL,NULL,NULL,0430IbnHaytham,OpenITI 2025.1.9
0430MuwaffaqHusaynJurjani,الإمام الموفق بالله الحسين بن إسماعيل الجرجاني,Muwaffaq Husayn Jurjani,NULL,NULL,NULL,NULL,0430,NULL,NULL,NULL,NULL,author,NULL,NULL,NULL,1,NULL,NULL,NULL,NULL,0430MuwaffaqHusaynJurjani,OpenITI 2025.1.9
0431IbnFadlMisri,محمد بن الفضل بن نظيف أبو عبد الله المصري الفراء (المتوفى: 431هـ),Ibn Fadl Misri,NULL,NULL,NULL,NULL,0431,NULL,NULL,NULL,NULL,author,NULL,NULL,NULL,1,NULL,NULL,NULL,NULL,0431IbnFadlMisri,OpenITI 2025.1.9
0431IbnMuhammadZuzani,العبدلكاني الزوزني,Ibn Muhammad Zuzani,NULL,NULL,NULL,NULL,0431,NULL,NULL,NULL,NULL,author,NULL,NULL,NULL,1,NULL,NULL,NULL,NULL,0431IbnMuhammadZuzani,OpenITI 2025.1.9
0431Manushihri,منوشهري,Manushihri,NULL,NULL,Manūšihrī,NULL,0431,NULL,NULL,NULL,NULL,author,NULL,NULL,NULL,1,NULL,NULL,NULL,NULL,0431Manushihri,OpenITI 2025.1.9
0432IbnMuhammadNasafi,أبو العباس جعفر بن محمد بن المعتز بن محمد بن المستغفر بن الفتح بن إدريس المستغفري، النسفي (المتوفى: 432هـ),Ibn Muhammad Nasafi,NULL,NULL,NULL,NULL,0432,NULL,NULL,NULL,NULL,author,NULL,NULL,NULL,1,NULL,NULL,NULL,NULL,0432IbnMuhammadNasafi,OpenITI 2025.1.9
0432Mustaghfiri,المستغفري,Mustaghfiri,NULL,NULL,al-Mustaġfirī,NULL,0432,NULL,NULL,NULL,NULL,author,NULL,NULL,NULL,2,NULL,NULL,NULL,NULL,0432Mustaghfiri,OpenITI 2025.1.9
0433AbuSacdNasruyi,أبو سعد النصرويي,Abu Sacd Nasruyi,NULL,NULL,Abū Saʿd al-Naṣrūyī,NULL,0433,NULL,NULL,NULL,NULL,author,NULL,NULL,NULL,1,NULL,NULL,NULL,NULL,0433AbuSacdNasruyi,OpenITI 2025.1.9
0433IbnAhmadCamidi,محمد بن أحمد بن محمد العميدي، أبو سعد (المتوفى: 433هـ),Ibn Ahmad Camidi,NULL,NULL,NULL,NULL,0433,NULL,NULL,NULL,NULL,author,NULL,NULL,NULL,1,NULL,NULL,NULL,NULL,0433IbnAhmadCamidi,OpenITI 2025.1.9
0433IbnCaliHarawi,محمد بن علي بن محمد، أبو سهل الهروي (المتوفى: 433هـ),Ibn Cali Harawi,NULL,NULL,NULL,NULL,0433,NULL,NULL,NULL,NULL,author,NULL,NULL,NULL,1,NULL,NULL,NULL,NULL,0433IbnCaliHarawi,OpenITI 2025.1.9
0434IbnAhmadHarawi,عبد بن أحمد بن محمد بن عبد الله بن غفير بن محمد الهروي,Ibn Ahmad Harawi,NULL,NULL,NULL,NULL,0434,NULL,NULL,NULL,NULL,author,NULL,NULL,NULL,2,NULL,NULL,NULL,NULL,0434IbnAhmadHarawi,OpenITI 2025.1.9
0434MultipleDruze,مؤلفون دروز متعددون,Multiple Druze,NULL,NULL,Muʾallifūn Durūz mutaʿaddidūn,NULL,0434,NULL,NULL,NULL,NULL,author,NULL,NULL,NULL,2,NULL,NULL,NULL,NULL,0434MultipleDruze,OpenITI 2025.1.9
0435AbuFarajIbnTayyib,أبو الفرج ابن الطيب,Abu Faraj Ibn Tayyib,NULL,NULL,Abū al-Faraǧ Ibn al-Ṭayyib,NULL,0435,NULL,NULL,NULL,NULL,author,NULL,NULL,NULL,1,NULL,NULL,NULL,NULL,0435AbuFarajIbnTayyib,OpenITI 2025.1.9
0435MuhallabAndalusi,المهلب بن أحمد بن أبي صفرة أسيد بن عبد الله الأسدي الأندلسي، المريي (المتوفى: 435هـ),Muhallab Andalusi,NULL,NULL,NULL,NULL,0435,NULL,NULL,NULL,NULL,author,NULL,NULL,NULL,1,NULL,NULL,NULL,NULL,0435MuhallabAndalusi,OpenITI 2025.1.9
0436AbuFadlMikali,أبو الفضل الميكالي,Abu Fadl Mikali,NULL,NULL,NULL,NULL,0436,NULL,NULL,NULL,NULL,author,NULL,NULL,NULL,1,NULL,NULL,NULL,NULL,0436AbuFadlMikali,OpenITI 2025.1.9
0436HusaynSaymari,القاضي حسين الصيمري,Husayn Saymari,NULL,NULL,NULL,NULL,0436,NULL,NULL,NULL,NULL,author,NULL,NULL,NULL,1,NULL,NULL,NULL,NULL,0436HusaynSaymari,OpenITI 2025.1.9
0436IbnCaliBasri,أبو الحسين البصري,Ibn Cali Basri,NULL,NULL,NULL,NULL,0436,NULL,NULL,NULL,NULL,author,NULL,NULL,NULL,1,NULL,NULL,NULL,NULL,0436IbnCaliBasri,OpenITI 2025.1.9
0436SharifMurtada,الشريف المرتضى,Sharif Murtada,NULL,NULL,al-Šarīf al-Murtaḍá,NULL,0436,NULL,NULL,NULL,NULL,author,NULL,NULL,NULL,11,NULL,NULL,NULL,NULL,0436SharifMurtada,OpenITI 2025.1.9
0437AbuHasanUswari,أبو الحسن علي بن محمد بن علي الأسواري (437 ه),Abu Hasan Uswari,NULL,NULL,NULL,NULL,0437,NULL,NULL,NULL,NULL,author,NULL,NULL,NULL,1,NULL,NULL,NULL,NULL,0437AbuHasanUswari,OpenITI 2025.1.9
0437IbnJamic,السكن ابن جميع، أبو محمد الحسين بن محمد بن أحمد بن جميع (المتوفى: 437هـ),Ibn Jamic,NULL,NULL,NULL,NULL,0437,NULL,NULL,NULL,NULL,author,NULL,NULL,NULL,1,NULL,NULL,NULL,NULL,0437IbnJamic,OpenITI 2025.1.9
0437MakkiIbnHammushQaysi,مكي بن حموش القيسي,Makki Ibn Hammush Qaysi,NULL,NULL,Makkī b. Ḥammūš al-Qaysī,NULL,0437,NULL,NULL,NULL,NULL,author,NULL,NULL,NULL,3,NULL,NULL,NULL,NULL,0437MakkiIbnHammushQaysi,OpenITI 2025.1.9
0438AbuSacidBaradhici,أبو سعيد خلف بن أبي القاسم القيرواني,Abu Sacid Baradhici,NULL,NULL,NULL,NULL,0438,NULL,NULL,NULL,NULL,author,NULL,NULL,NULL,1,NULL,NULL,NULL,NULL,0438AbuSacidBaradhici,OpenITI 2025.1.9
0438IbnYusufJuwayni,والد إمام الحرمين الجويني,Ibn Yusuf Juwayni,NULL,NULL,NULL,NULL,0438,NULL,NULL,NULL,NULL,author,NULL,NULL,NULL,3,NULL,NULL,NULL,NULL,0438IbnYusufJuwayni,OpenITI 2025.1.9
0439IbnMuhammadKhallal,أبو محمد الحسن بن محمد بن الحسن بن علي البغدادي الخلال (المتوفى: 439هـ),Ibn Muhammad Khallal,NULL,NULL,NULL,NULL,0439,NULL,NULL,NULL,NULL,author,NULL,NULL,NULL,6,NULL,NULL,NULL,NULL,0439IbnMuhammadKhallal,OpenITI 2025.1.9
0440AbuRayhanBiruni,أبو الريحان البيروني,Abu Rayhan Biruni,NULL,NULL,Abū al-Rayḥān al-Bīrūnī,NULL,0440,NULL,NULL,NULL,NULL,author,NULL,NULL,NULL,18,NULL,NULL,NULL,NULL,0440AbuRayhanBiruni,OpenITI 2025.1.9
0440AbuSacidAbuKhayr,أبو سعيد أبو الخير,Abu Sacid Abu Khayr,NULL,NULL,Abū Saʿīd Abū al-Ḫayr,NULL,0440,NULL,NULL,NULL,NULL,author,NULL,NULL,NULL,1,NULL,NULL,NULL,NULL,0440AbuSacidAbuKhayr,OpenITI 2025.1.9
0440IbnMuhammadHimyari,أبو الوليد الحميري,Ibn Muhammad Himyari,NULL,NULL,NULL,NULL,0440,NULL,NULL,NULL,NULL,author,NULL,NULL,NULL,1,NULL,NULL,NULL,NULL,0440IbnMuhammadHimyari,OpenITI 2025.1.9
0440IbnMuhammadSawwaq,محمد بن محمد بن عثمان بن عمران بن سهل بن نصر بن أحمد بن حامد أبو منصور البندار المعروف بابن السواق (المتوفى: 440هـ),Ibn Muhammad Sawwaq,NULL,NULL,NULL,NULL,0440,NULL,NULL,NULL,NULL,author,NULL,NULL,NULL,1,NULL,NULL,NULL,NULL,0440IbnMuhammadSawwaq,OpenITI 2025.1.9
0441BishrawayhMacqili,أبو نعيم بشرويه بن محمد المعقلي الاسفراييني,Bishrawayh Macqili,NULL,NULL,NULL,NULL,0441,NULL,NULL,NULL,NULL,author,NULL,NULL,NULL,1,NULL,NULL,NULL,NULL,0441BishrawayhMacqili,OpenITI 2025.1.9
0441IbnCaliSuri,ابن علي السوري,Ibn Cali Suri,NULL,NULL,Ibn ʿAlī al-Sūrī,NULL,0441,NULL,NULL,NULL,NULL,author,NULL,NULL,NULL,2,NULL,NULL,NULL,NULL,0441IbnCaliSuri,OpenITI 2025.1.9
0441IbnIflili,إبراهيم بن محمد بن زكريا الزهري، من بني سعد بن أبي وقاص، أبو القاسم ابن الإفليلي,Ibn Iflili,NULL,NULL,NULL,NULL,0441,NULL,NULL,NULL,NULL,author,NULL,NULL,NULL,1,NULL,NULL,NULL,NULL,0441IbnIflili,OpenITI 2025.1.9
0441IbnMuhammadCatiqi,أحمد بن محمد بن أحمد بن محمد بن منصور أبو الحسن المجهز المعروف بالعتيقي (المتوفى: 441هـ),Ibn Muhammad Catiqi,NULL,NULL,NULL,NULL,0441,NULL,NULL,NULL,NULL,author,NULL,NULL,NULL,1,NULL,NULL,NULL,NULL,0441IbnMuhammadCatiqi,OpenITI 2025.1.9
0442AbuHasanQazwini,أبو الحسن القزويني,Abu Hasan Qazwini,NULL,NULL,NULL,NULL,0442,NULL,NULL,NULL,NULL,author,NULL,NULL,NULL,1,NULL,NULL,NULL,NULL,0442AbuHasanQazwini,OpenITI 2025.1.9
0442AbuQasimThamanini,أبو القاسم عمر بن ثابت الثمانيني (المتوفى: 442ه),Abu Qasim Thamanini,NULL,NULL,NULL,NULL,0442,NULL,NULL,NULL,NULL,author,NULL,NULL,NULL,1,NULL,NULL,NULL,NULL,0442AbuQasimThamanini,OpenITI 2025.1.9
0442Tanukhi,التنوخي,Tanukhi,NULL,NULL,al-Tanūḫī,NULL,0442,NULL,NULL,NULL,NULL,author,NULL,NULL,NULL,1,NULL,NULL,NULL,NULL,0442Tanukhi,OpenITI 2025.1.9
0443AbuSacidGardizi,گرديزي,Abu Sacid Gardizi,NULL,NULL,Gardīzī,NULL,0443,NULL,NULL,NULL,NULL,author,NULL,NULL,NULL,1,NULL,NULL,NULL,NULL,0443AbuSacidGardizi,OpenITI 2025.1.9
0443IbnCabdSalamJudhami,أبو عبد الله محمد بن عبد السلام الجذامي الزنباعي,Ibn Cabd Salam Judhami,NULL,NULL,NULL,NULL,0443,NULL,NULL,NULL,NULL,author,NULL,NULL,NULL,1,NULL,NULL,NULL,NULL,0443IbnCabdSalamJudhami,OpenITI 2025.1.9
0443IbnCaliBasri,أبو الحسن محمد بن علي بن محمد بن صخر الأزدي، البصري (المتوفى: 443هـ),Ibn Cali Basri,NULL,NULL,NULL,NULL,0443,NULL,NULL,NULL,NULL,author,NULL,NULL,NULL,1,NULL,NULL,NULL,NULL,0443IbnCaliBasri,OpenITI 2025.1.9
0443IbnCaliShamukhi,الشاموخي,Ibn Cali Shamukhi,NULL,NULL,NULL,NULL,0443,NULL,NULL,NULL,NULL,author,NULL,NULL,NULL,1,NULL,NULL,NULL,NULL,0443IbnCaliShamukhi,OpenITI 2025.1.9
0444AbuCamrDani,الداني أبو عمرو,Abu Camr Dani,NULL,NULL,NULL,NULL,0444,NULL,NULL,NULL,NULL,author,NULL,NULL,NULL,14,NULL,NULL,NULL,NULL,0444AbuCamrDani,OpenITI 2025.1.9
0444AbuFadlIbnMahdi,أبو الفضل بن المهدي,Abu Fadl Ibn Mahdi,NULL,NULL,NULL,NULL,0444,NULL,NULL,NULL,NULL,author,NULL,NULL,NULL,1,NULL,NULL,NULL,NULL,0444AbuFadlIbnMahdi,OpenITI 2025.1.9
0444AbuQasimAzaji,أبو القاسم عبد العزيز بن علي بن أحمد الأزجي,Abu Qasim Azaji,NULL,NULL,NULL,NULL,0444,NULL,NULL,NULL,NULL,author,NULL,NULL,NULL,1,NULL,NULL,NULL,NULL,0444AbuQasimAzaji,OpenITI 2025.1.9
0444IbnAbiHawl,محمد بن أحمد المقدسي,Ibn Abi Hawl,NULL,NULL,NULL,NULL,0444,NULL,NULL,NULL,NULL,author,NULL,NULL,NULL,1,NULL,NULL,NULL,NULL,0444IbnAbiHawl,OpenITI 2025.1.9
0444IbnSacidSijzi,عبيد الله بن سعيد بن حاتم السجزي الوائلي البكري، أبو نصر (المتوفى: 444هـ),Ibn Sacid Sijzi,NULL,NULL,NULL,NULL,0444,NULL,NULL,NULL,NULL,author,NULL,NULL,NULL,1,NULL,NULL,NULL,NULL,0444IbnSacidSijzi,OpenITI 2025.1.9
0445AbuCabdAllahCalawi,أبو عبد الله العلوي,Abu Cabd Allah Calawi,NULL,NULL,Abū ʿAbd Allāh al-ʿAlawī,NULL,0445,NULL,NULL,NULL,NULL,author,NULL,NULL,NULL,3,NULL,NULL,NULL,NULL,0445AbuCabdAllahCalawi,OpenITI 2025.1.9
0445AbuIshaqBarmaki,أبو إسحاق إبراهيم بن عمر بن أحمد البرمكي,Abu Ishaq Barmaki,NULL,NULL,NULL,NULL,0445,NULL,NULL,NULL,NULL,author,NULL,NULL,NULL,1,NULL,NULL,NULL,NULL,0445AbuIshaqBarmaki,OpenITI 2025.1.9
0445IbnCaliShajari,ابن علي الشجري,Ibn Cali Shajari,NULL,NULL,Ibn ʿAlī al-Šajarī,NULL,0445,NULL,NULL,NULL,NULL,author,NULL,NULL,NULL,1,NULL,NULL,NULL,NULL,0445IbnCaliShajari,OpenITI 2025.1.9
0445IbnHasanZuzani,العميد أبو سهل محمد بن الحسن العارض الزوزني (المتوفى: نحو 445هـ),Ibn Hasan Zuzani,NULL,NULL,NULL,NULL,0445,NULL,NULL,NULL,NULL,author,NULL,NULL,NULL,1,NULL,NULL,NULL,NULL,0445IbnHasanZuzani,OpenITI 2025.1.9
0446AbuYaclaKhalili,الخليلي,Abu Yacla Khalili,NULL,NULL,al-Ḫalīlī,NULL,0446,NULL,NULL,NULL,NULL,author,NULL,NULL,NULL,2,NULL,NULL,NULL,NULL,0446AbuYaclaKhalili,OpenITI 2025.1.9
0446FakhrDinGurgani,فخر الدين أسعد گرگاني,Fakhr Din Gurgani,NULL,NULL,Faḫr al-Dīn Asʿad Gurgānī,NULL,0446,NULL,NULL,NULL,NULL,author,NULL,NULL,NULL,1,NULL,NULL,NULL,NULL,0446FakhrDinGurgani,OpenITI 2025.1.9
0446IbnCaliAhwazi,ابن علي الأهوازي,Ibn Cali Ahwazi,NULL,NULL,Ibn ʿAlī al-Ahwāzī,NULL,0446,NULL,NULL,NULL,NULL,author,NULL,NULL,NULL,2,NULL,NULL,NULL,NULL,0446IbnCaliAhwazi,OpenITI 2025.1.9
0447AbuSalahHalabi,الشيخ أيي الصلاح الحلبي,Abu Salah Halabi,NULL,NULL,NULL,NULL,0447,NULL,NULL,NULL,NULL,author,NULL,NULL,NULL,2,NULL,NULL,NULL,NULL,0447AbuSalahHalabi,OpenITI 2025.1.9
0447IbnAyyubRazi,أبو الفتح، سليم بن أيوب بن سليم الرازي (المتوفى: 447هـ),Ibn Ayyub Razi,NULL,NULL,NULL,NULL,0447,NULL,NULL,NULL,NULL,author,NULL,NULL,NULL,1,NULL,NULL,NULL,NULL,0447IbnAyyubRazi,OpenITI 2025.1.9
0448HilalSabi,هلال الصابئ,Hilal Sabi,NULL,NULL,Hilāl al-Ṣābiʾ,NULL,0448,NULL,NULL,NULL,NULL,author,NULL,NULL,NULL,3,NULL,NULL,NULL,NULL,0448HilalSabi,OpenITI 2025.1.9
0448IbnCabdWahidDarimi,ابن عبد الواحد الدارمي,Ibn Cabd Wahid Darimi,NULL,NULL,Ibn ʿAbd al-Wāḥid al-Dārimī,NULL,0448,NULL,NULL,NULL,NULL,author,NULL,NULL,NULL,1,NULL,NULL,NULL,NULL,0448IbnCabdWahidDarimi,OpenITI 2025.1.9
0448SallarIbnCabdCaziz,الفقيه سلار,Sallar Ibn Cabd Caziz,NULL,NULL,NULL,NULL,0448,NULL,NULL,NULL,NULL,author,NULL,NULL,NULL,1,NULL,NULL,NULL,NULL,0448SallarIbnCabdCaziz,OpenITI 2025.1.9
0449AbuCalaMacarri,أبو العلاء المعري,Abu Cala Macarri,NULL,NULL,Abū al-ʿAlāʾ al-Maʿarrī,NULL,0449,NULL,NULL,NULL,NULL,author,NULL,NULL,NULL,7,NULL,NULL,NULL,NULL,0449AbuCalaMacarri,OpenITI 2025.1.9
0449AbuFathKarajiki,أبو الفتح الكراجكي,Abu Fath Karajiki,NULL,NULL,Abū al-Fatḥ al-Karājukī,NULL,0449,NULL,NULL,NULL,NULL,author,NULL,NULL,NULL,7,NULL,NULL,NULL,NULL,0449AbuFathKarajiki,OpenITI 2025.1.9
0449IbnBattalQurtubi,أبو الحسن علي بن خلف بن عبد الملك بن بطال البكري القرطبي,Ibn Battal Qurtubi,NULL,NULL,NULL,NULL,0449,NULL,NULL,NULL,NULL,author,NULL,NULL,NULL,1,NULL,NULL,NULL,NULL,0449IbnBattalQurtubi,OpenITI 2025.1.9
0450AbuCaliSaffar,أبو علي الصفار,Abu Cali Saffar,NULL,NULL,Abū ʿAlī al-Ṣaffār,NULL,0450,NULL,NULL,NULL,NULL,author,NULL,NULL,NULL,1,NULL,NULL,NULL,NULL,0450AbuCaliSaffar,OpenITI 2025.1.9
0450AbuFadlDimashqi,أبو الفضل الدمشقي,Abu Fadl Dimashqi,NULL,NULL,NULL,NULL,0450,NULL,NULL,NULL,NULL,author,NULL,NULL,NULL,1,NULL,NULL,NULL,NULL,0450AbuFadlDimashqi,OpenITI 2025.1.9
0450AbuHasanMawardi,الماوردي,Abu Hasan Mawardi,NULL,NULL,al-Māwardī,NULL,0450,NULL,NULL,NULL,NULL,author,NULL,NULL,NULL,10,NULL,NULL,NULL,NULL,0450AbuHasanMawardi,OpenITI 2025.1.9
0450AbuHasanShirazi,أبو الحسن علي بن يوسف بن أحمد بن يوسف الشيرازي,Abu Hasan Shirazi,NULL,NULL,NULL,NULL,0450,NULL,NULL,NULL,NULL,author,NULL,NULL,NULL,1,NULL,NULL,NULL,NULL,0450AbuHasanShirazi,OpenITI 2025.1.9
0450Anonymous,مؤلف مجهول,Anonymous,NULL,NULL,Muʾallif maǧhūl,NULL,0450,NULL,NULL,NULL,NULL,author,NULL,NULL,NULL,3,NULL,NULL,NULL,NULL,0450Anonymous,OpenITI 2025.1.9
0450AnonymousTranslator,pseudo-Menander,Anonymous Translator,NULL,NULL,NULL,NULL,0450,NULL,NULL,NULL,NULL,author,NULL,NULL,NULL,1,NULL,NULL,NULL,NULL,0450AnonymousTranslator,OpenITI 2025.1.9
0450CaliIbnBilal,علي بن بلال,Cali Ibn Bilal,NULL,NULL,ʿAlī b. Bilāl,NULL,0450,NULL,NULL,NULL,NULL,author,NULL,NULL,NULL,1,NULL,NULL,NULL,NULL,0450CaliIbnBilal,OpenITI 2025.1.9
0450FadlIbnMufarraj,الفضل ابن مفرج,Fadl Ibn Mufarraj,NULL,NULL,al-Faḍl Ibn Mufarraǧ,NULL,0450,NULL,NULL,NULL,NULL,author,NULL,NULL,NULL,1,NULL,NULL,NULL,NULL,0450FadlIbnMufarraj,OpenITI 2025.1.9
0450IbnAbiNasrBalkhi,محمد بن أبي نصر البلخي,Ibn Abi Nasr Balkhi,NULL,NULL,NULL,NULL,0450,NULL,NULL,NULL,NULL,author,NULL,NULL,NULL,1,NULL,NULL,NULL,NULL,0450IbnAbiNasrBalkhi,OpenITI 2025.1.9
0450IbnMuhammadCasimi,أحمد بن محمد بن علي العاصمي,Ibn Muhammad Casimi,NULL,NULL,NULL,NULL,0450,NULL,NULL,NULL,NULL,author,NULL,NULL,NULL,1,NULL,NULL,NULL,NULL,0450IbnMuhammadCasimi,OpenITI 2025.1.9
0450IbnYacqubDibaji,ابن يعقوب الديباجي,Ibn Yacqub Dibaji,NULL,NULL,Ibn Yaʿqūb al-Dībājī,NULL,0450,NULL,NULL,NULL,NULL,author,NULL,NULL,NULL,1,NULL,NULL,NULL,NULL,0450IbnYacqubDibaji,OpenITI 2025.1.9
0450IshaqTabari,إسحاق بن يحيي الطبري الصنعاني,Ishaq Tabari,NULL,NULL,NULL,NULL,0450,NULL,NULL,NULL,NULL,author,NULL,NULL,NULL,1,NULL,NULL,NULL,NULL,0450IshaqTabari,OpenITI 2025.1.9
0450Jubbi,الجبي (المتوفى: ق 5ه),Jubbi,NULL,NULL,NULL,NULL,0450,NULL,NULL,NULL,NULL,author,NULL,NULL,NULL,1,NULL,NULL,NULL,NULL,0450Jubbi,OpenITI 2025.1.9
0450Najashi,النجاشي,Najashi,NULL,NULL,al-Naǧāšī,NULL,0450,NULL,NULL,NULL,NULL,author,NULL,NULL,NULL,1,NULL,NULL,NULL,NULL,0450Najashi,OpenITI 2025.1.9
0450QadiLabbad,عبد الله ابن اللباد,Qadi Labbad,NULL,NULL,ʿAbd Allāh Ibn al-Labbād,NULL,0450,NULL,NULL,NULL,NULL,author,NULL,NULL,NULL,2,NULL,NULL,NULL,NULL,0450QadiLabbad,OpenITI 2025.1.9
0450TabghurinMalshuti,تبغورين بن عيسى الملشوطي,Tabghurin Malshuti,NULL,NULL,NULL,NULL,0450,NULL,NULL,NULL,NULL,author,NULL,NULL,NULL,2,NULL,NULL,NULL,NULL,0450TabghurinMalshuti,OpenITI 2025.1.9
0451AbuCuthmanBuhayri,أبو عثمان سعيد بن محمد ابن أبي الحسين أحمد بن محمد بن جعفر بن محمد بن بحير البحيري، النيسابوري (المتوفى: 451هـ),Abu Cuthman Buhayri,NULL,NULL,NULL,NULL,0451,NULL,NULL,NULL,NULL,author,NULL,NULL,NULL,1,NULL,NULL,NULL,NULL,0451AbuCuthmanBuhayri,OpenITI 2025.1.9
0451IbnCushariHanbali,محمد بن علي بن الفتح بن محمد بن علي أبو طالب الحربي، ابن العشاري الحنبلي (المتوفى: 451هـ),Ibn Cushari Hanbali,NULL,NULL,NULL,NULL,0451,NULL,NULL,NULL,NULL,author,NULL,NULL,NULL,1,NULL,NULL,NULL,NULL,0451IbnCushariHanbali,OpenITI 2025.1.9
0451IbnYunusSiqilli,أبو بكر محمد بن عبد الله بن يونس التميمي الصقلي (المتوفى: 451 ه),Ibn Yunus Siqilli,NULL,NULL,NULL,NULL,0451,NULL,NULL,NULL,NULL,author,NULL,NULL,NULL,1,NULL,NULL,NULL,NULL,0451IbnYunusSiqilli,OpenITI 2025.1.9
0453CaliIbnRidwan,علي ابن رضوان,Cali Ibn Ridwan,NULL,NULL,NULL,NULL,0453,NULL,NULL,NULL,NULL,author,NULL,NULL,NULL,1,NULL,NULL,NULL,NULL,0453CaliIbnRidwan,OpenITI 2025.1.9
0454AbuMuhammadJawhari,أبو محمد الجوهري,Abu Muhammad Jawhari,NULL,NULL,Abū Muḥammad al-Jawharī,NULL,0454,NULL,NULL,NULL,NULL,author,NULL,NULL,NULL,3,NULL,NULL,NULL,NULL,0454AbuMuhammadJawhari,OpenITI 2025.1.9
0454IbnAhmadRazi,أبو الفضل عبد الرحمن بن أحمد بن الحسن بن بندار العجلي الرازي المقرئ,Ibn Ahmad Razi,NULL,NULL,NULL,NULL,0454,NULL,NULL,NULL,NULL,author,NULL,NULL,NULL,2,NULL,NULL,NULL,NULL,0454IbnAhmadRazi,OpenITI 2025.1.9
0454IbnBadisSanhaji,المعز بن باديس بن المنصور التميمي الصنهاجي (المتوفى: 454هـ),Ibn Badis Sanhaji,NULL,NULL,NULL,NULL,0454,NULL,NULL,NULL,NULL,author,NULL,NULL,NULL,1,NULL,NULL,NULL,NULL,0454IbnBadisSanhaji,OpenITI 2025.1.9
0454Qudaci,Al-Qādī Muḥammad ibn Salāmah al-Quḍāʿī,Qudaci,NULL,NULL,NULL,NULL,0454,NULL,NULL,NULL,NULL,author,NULL,NULL,NULL,3,NULL,NULL,NULL,NULL,0454Qudaci,OpenITI 2025.1.9
0455IbnFuraja,محمد بن حمد بن محمد بن عبد الله بن محمود بن فورجة البروجردي (المتوفى: نحو 455هـ),Ibn Furaja,NULL,NULL,NULL,NULL,0455,NULL,NULL,NULL,NULL,author,NULL,NULL,NULL,1,NULL,NULL,NULL,NULL,0455IbnFuraja,OpenITI 2025.1.9
0455IbnKhalafSaraqusti,لا يوجد,Ibn Khalaf Saraqusti,NULL,NULL,NULL,NULL,0455,NULL,NULL,NULL,NULL,author,NULL,NULL,NULL,1,NULL,NULL,NULL,NULL,0455IbnKhalafSaraqusti,OpenITI 2025.1.9
0456IbnHazm,ابن حزم,Ibn Hazm,NULL,NULL,Ibn Ḥazm,NULL,0456,NULL,NULL,NULL,NULL,author,NULL,NULL,NULL,33,NULL,NULL,NULL,NULL,0456IbnHazm,OpenITI 2025.1.9
0457AbuCuthmanIbnAbiSacidCayyar,أبو عثمان سعيد بن أبي سعيد أحمد بن محمد بن نعيم الإشكابي الصوفي العيار,Abu Cuthman Ibn Abi Sacid Cayyar,NULL,NULL,NULL,NULL,0457,NULL,NULL,NULL,NULL,author,NULL,NULL,NULL,1,NULL,NULL,NULL,NULL,0457AbuCuthmanIbnAbiSacidCayyar,OpenITI 2025.1.9
0457IbnAbiHasina,الأمير أبو الفتح الحسن بن عبد الله المشهور بابن أبي حصينة السلمي المعري,Ibn Abi Hasina,NULL,NULL,NULL,NULL,0457,NULL,NULL,NULL,NULL,author,NULL,NULL,NULL,1,NULL,NULL,NULL,NULL,0457IbnAbiHasina,OpenITI 2025.1.9
0457IbnAhmadSayrafi,أبو الحسين محمد بن أحمد بن محمد بن علي الصيرفي، ابن الآبنوسي البغدادي (المتوفى: 457هـ),Ibn Ahmad Sayrafi,NULL,NULL,NULL,NULL,0457,NULL,NULL,NULL,NULL,author,NULL,NULL,NULL,1,NULL,NULL,NULL,NULL,0457IbnAhmadSayrafi,OpenITI 2025.1.9
0458AbuYaclaIbnFarra,ابن الفراء,Abu Yacla Ibn Farra,NULL,NULL,Ibn al-Farrāʾ,NULL,0458,NULL,NULL,NULL,NULL,author,NULL,NULL,NULL,11,NULL,NULL,NULL,NULL,0458AbuYaclaIbnFarra,OpenITI 2025.1.9
0458Bayhaqi,البيهقي,Bayhaqi,NULL,NULL,al-Bayhaqī,NULL,0458,NULL,NULL,NULL,NULL,author,NULL,NULL,NULL,26,NULL,NULL,NULL,NULL,0458Bayhaqi,OpenITI 2025.1.9
0458IbnSidaMursi,علي بن إسماعيل بن سيده النحوي اللغوي,Ibn Sida Mursi,NULL,NULL,NULL,NULL,0458,NULL,NULL,NULL,NULL,author,NULL,NULL,NULL,5,NULL,NULL,NULL,NULL,0458IbnSidaMursi,OpenITI 2025.1.9
0458YahyaIbnSacidAntaki,يحيى بن سعيد الأنطاكي,Yahya Ibn Sacid Antaki,NULL,NULL,Yaḥyá b. Saʿīd al-Anṭākī,NULL,0458,NULL,NULL,NULL,NULL,author,NULL,NULL,NULL,1,NULL,NULL,NULL,NULL,0458YahyaIbnSacidAntaki,OpenITI 2025.1.9
0459IbnMuhammadDimashqi,أبو القاسم الحسين بن محمد بن إبراهيم بن الحسين الدمشقي، الحنائي (المتوفى: 459هـ),Ibn Muhammad Dimashqi,NULL,NULL,NULL,NULL,0459,NULL,NULL,NULL,NULL,author,NULL,NULL,NULL,1,NULL,NULL,NULL,NULL,0459IbnMuhammadDimashqi,OpenITI 2025.1.9
0459IbnSufi,ابن الصوفي,Ibn Sufi,NULL,NULL,Ibn al-Ṣūfī,NULL,0459,NULL,NULL,NULL,NULL,author,NULL,NULL,NULL,1,NULL,NULL,NULL,NULL,0459IbnSufi,OpenITI 2025.1.9
0460AbuHasanHanifiZahid,أبو الحسن مشرق بن عبد الله الفقيه الحنيفي الزاهد,Abu Hasan Hanifi Zahid,NULL,NULL,NULL,NULL,0460,NULL,NULL,NULL,NULL,author,NULL,NULL,NULL,1,NULL,NULL,NULL,NULL,0460AbuHasanHanifiZahid,OpenITI 2025.1.9
0460AbuIshaqIlbiri,أبو اسحاق الالبيري,Abu Ishaq Ilbiri,NULL,NULL,Abū Isḥāq al-Ilbīrī,NULL,0460,NULL,NULL,NULL,NULL,author,NULL,NULL,NULL,2,NULL,NULL,NULL,NULL,0460AbuIshaqIlbiri,OpenITI 2025.1.9
0460Anonymous,مؤلف مجهول,Anonymous,NULL,NULL,Muʾallif majhūl,NULL,0460,NULL,NULL,NULL,NULL,author,NULL,NULL,NULL,1,NULL,NULL,NULL,NULL,0460Anonymous,OpenITI 2025.1.9
0460IbnBakhtishu,علي بن ابراهيم الكفر طابي,Ibn Bakhtishu,NULL,NULL,ʿAlī b. Ibrāhīm al-Kafr Ṭābbī,NULL,0460,NULL,NULL,NULL,NULL,author,NULL,NULL,NULL,1,NULL,NULL,NULL,NULL,0460IbnBakhtishu,OpenITI 2025.1.9
0460IbnBakhtishuc,عبيد الله بن جبرائيل ابن بختيشوع,Ibn Bakhtishuc,NULL,NULL,ʿUbayd Allāh b. Jibrāʾīl Ibn Baḫtīšūʿ,NULL,0460,NULL,NULL,NULL,NULL,author,NULL,NULL,NULL,1,NULL,NULL,NULL,NULL,0460IbnBakhtishuc,OpenITI 2025.1.9
0460IbnButlan,ابن بطلان,Ibn Butlan,NULL,NULL,NULL,NULL,0460,NULL,NULL,NULL,NULL,author,NULL,NULL,NULL,1,NULL,NULL,NULL,NULL,0460IbnButlan,OpenITI 2025.1.9
0460IbnFadlIsbahani,أحمد بن الفضل بن محمد الأصبهاني الباطرقاني، أبو بكر (المتوفى: 460هـ),Ibn Fadl Isbahani,NULL,NULL,NULL,NULL,0460,NULL,NULL,NULL,NULL,author,NULL,NULL,NULL,1,NULL,NULL,NULL,NULL,0460IbnFadlIsbahani,OpenITI 2025.1.9
0460IbnSharafQayruwani,محمد بن شرف القيرواني (المتوفى : 460هـ),Ibn Sharaf Qayruwani,NULL,NULL,NULL,NULL,0460,NULL,NULL,NULL,NULL,author,NULL,NULL,NULL,1,NULL,NULL,NULL,NULL,0460IbnSharafQayruwani,OpenITI 2025.1.9
0460ShaykhTusi,الشيخ الطوسي,Shaykh Tusi,NULL,NULL,al-Šayḫ al-Ṭūsī,NULL,0460,NULL,NULL,NULL,NULL,author,NULL,NULL,NULL,15,NULL,NULL,NULL,NULL,0460ShaykhTusi,OpenITI 2025.1.9
0461AbuHusaynFarisi,أبو الحسين الفارسي,Abu Husayn Farisi,NULL,NULL,Abū al-Ḥusayn al-Fārisī,NULL,0461,NULL,NULL,NULL,NULL,author,NULL,NULL,NULL,1,NULL,NULL,NULL,NULL,0461AbuHusaynFarisi,OpenITI 2025.1.9
0461AbuZakariyaBukhari,أبو زكريا البخاري,Abu Zakariya Bukhari,NULL,NULL,Abū Zakariyā al-Buḫārī,NULL,0461,NULL,NULL,NULL,NULL,author,NULL,NULL,NULL,1,NULL,NULL,NULL,NULL,0461AbuZakariyaBukhari,OpenITI 2025.1.9
0461IbnHusaynSughdi,السغدي,Ibn Husayn Sughdi,NULL,NULL,NULL,NULL,0461,NULL,NULL,NULL,NULL,author,NULL,NULL,NULL,1,NULL,NULL,NULL,NULL,0461IbnHusaynSughdi,OpenITI 2025.1.9
0461MuzaffarIbnHasan,المظفر بن الحسن,Muzaffar Ibn Hasan,NULL,NULL,al-Muẓaffar b. al-Ḥasan,NULL,0461,NULL,NULL,NULL,NULL,author,NULL,NULL,NULL,1,NULL,NULL,NULL,NULL,0461MuzaffarIbnHasan,OpenITI 2025.1.9
0462AbuSulaymanDawudWarjalani,أبو سليمان داود الورجلاني,Abu Sulayman Dawud Warjalani,NULL,NULL,Abū Sulaymān Dāwud al-Warjalānī,NULL,0462,NULL,NULL,NULL,NULL,author,NULL,NULL,NULL,1,NULL,NULL,NULL,NULL,0462AbuSulaymanDawudWarjalani,OpenITI 2025.1.9
0462QadiHusaynMarwarudhi,القاضي أبو محمد (وأبو علي) الحسين بن محمد بن أحمد المروروذي (المتوفى: 462 ه),Qadi Husayn Marwarudhi,NULL,NULL,NULL,NULL,0462,NULL,NULL,NULL,NULL,author,NULL,NULL,NULL,1,NULL,NULL,NULL,NULL,0462QadiHusaynMarwarudhi,OpenITI 2025.1.9
0463AbuCubaydJuzjani,أبو عبيد الجوزجاني,Abu Cubayd Juzjani,NULL,NULL,Abū ʿUbayd al-Jūzjānī,NULL,0463,NULL,NULL,NULL,NULL,author,NULL,NULL,NULL,1,NULL,NULL,NULL,NULL,0463AbuCubaydJuzjani,OpenITI 2025.1.9
0463AbuSacidGardizi,أبو سعيد گرديزي,Abu Sacid Gardizi,NULL,NULL,Abū Saʿīd Gardīzī,NULL,0463,NULL,NULL,NULL,NULL,author,NULL,NULL,NULL,1,NULL,NULL,NULL,NULL,0463AbuSacidGardizi,OpenITI 2025.1.9
0463CaishaBintHasanWarkaniyya,عائشة بنت الحسن بن إبراهيم الوركاني,Caisha Bint Hasan Warkaniyya,NULL,NULL,NULL,NULL,0463,NULL,NULL,NULL,NULL,author,NULL,NULL,NULL,1,NULL,NULL,NULL,NULL,0463CaishaBintHasanWarkaniyya,OpenITI 2025.1.9
0463IbnCabdBarr,ابن عبد البر,Ibn Cabd Barr,NULL,NULL,Ibn ʿAbd al-Barr,NULL,0463,NULL,NULL,NULL,NULL,author,NULL,NULL,NULL,15,NULL,NULL,NULL,NULL,0463IbnCabdBarr,OpenITI 2025.1.9
0463IbnRashiqQayrawani,ابن رشيق القيرواني,Ibn Rashiq Qayrawani,NULL,NULL,NULL,NULL,0463,NULL,NULL,NULL,NULL,author,NULL,NULL,NULL,2,NULL,NULL,NULL,NULL,0463IbnRashiqQayrawani,OpenITI 2025.1.9
0463IbnZaydun,ابن زيدون,Ibn Zaydun,NULL,NULL,NULL,NULL,0463,NULL,NULL,NULL,NULL,author,NULL,NULL,NULL,1,NULL,NULL,NULL,NULL,0463IbnZaydun,OpenITI 2025.1.9
0463KhatibBaghdadi,الخطيب البغدادي,Khatib Baghdadi,NULL,NULL,al-Ḫaṭīb al-Baġdādī,NULL,0463,NULL,NULL,NULL,NULL,author,NULL,NULL,NULL,30,NULL,NULL,NULL,NULL,0463KhatibBaghdadi,OpenITI 2025.1.9
0464AbuBakrMaliki,أبو بكر المالكي,Abu Bakr Maliki,NULL,NULL,Abū Bakr al-Mālikī,NULL,0464,NULL,NULL,NULL,NULL,author,NULL,NULL,NULL,1,NULL,NULL,NULL,NULL,0464AbuBakrMaliki,OpenITI 2025.1.9
0464CaliHujwiri,علي الهجويري,Cali Hujwiri,NULL,NULL,ʿAlī al-Hujwīrī,NULL,0464,NULL,NULL,NULL,NULL,author,NULL,NULL,NULL,1,NULL,NULL,NULL,NULL,0464CaliHujwiri,OpenITI 2025.1.9
0465AsadiTusi,NULL,Asadi Tusi,NULL,NULL,NULL,NULL,0465,NULL,NULL,NULL,NULL,author,NULL,NULL,NULL,1,NULL,NULL,NULL,NULL,0465AsadiTusi,OpenITI 2025.1.9
0465IbnCaliMaghribi,يوسف بن علي بن جبارة بن محمد بن عقيل بن سواده أبو القاسم الهذلي اليشكري المغربي (المتوفى: 465هـ),Ibn Cali Maghribi,NULL,NULL,NULL,NULL,0465,NULL,NULL,NULL,NULL,author,NULL,NULL,NULL,1,NULL,NULL,NULL,NULL,0465IbnCaliMaghribi,OpenITI 2025.1.9
0465IbnHawazinQushayri,عبد الكريم بن هوازن بن عبد الملك القشيري,Ibn Hawazin Qushayri,NULL,NULL,NULL,NULL,0465,NULL,NULL,NULL,NULL,author,NULL,NULL,NULL,4,NULL,NULL,NULL,NULL,0465IbnHawazinQushayri,OpenITI 2025.1.9
0465IbnMuhtadi,ابن المهتدي,Ibn Muhtadi,NULL,NULL,Ibn al-Muhtadī,NULL,0465,NULL,NULL,NULL,NULL,author,NULL,NULL,NULL,3,NULL,NULL,NULL,NULL,0465IbnMuhtadi,OpenITI 2025.1.9
0466CabdCazizKattani,عبد العزيز بن أحمد بن محمد الكتاني أبو محمد,Cabd Caziz Kattani,NULL,NULL,NULL,NULL,0466,NULL,NULL,NULL,NULL,author,NULL,NULL,NULL,2,NULL,NULL,NULL,NULL,0466CabdCazizKattani,OpenITI 2025.1.9
0466IbnSinanKhafaji,عبد الله الخفاجي,Ibn Sinan Khafaji,NULL,NULL,NULL,NULL,0466,NULL,NULL,NULL,NULL,author,NULL,NULL,NULL,2,NULL,NULL,NULL,NULL,0466IbnSinanKhafaji,OpenITI 2025.1.9
0467AbuQasimFarisi,أبو القاسم زيد بن علي الفارسي (المتوفى: 467 ه),Abu Qasim Farisi,NULL,NULL,NULL,NULL,0467,NULL,NULL,NULL,NULL,author,NULL,NULL,NULL,1,NULL,NULL,NULL,NULL,0467AbuQasimFarisi,OpenITI 2025.1.9
0467IbnHasanBakharzi,الباخرزي,Ibn Hasan Bakharzi,NULL,NULL,NULL,NULL,0467,NULL,NULL,NULL,NULL,author,NULL,NULL,NULL,2,NULL,NULL,NULL,NULL,0467IbnHasanBakharzi,OpenITI 2025.1.9
0468AbuFathJawbariRazi,أبو الفتح عبد الجبار بن عبد الله الجوهري الرازي,Abu Fath Jawbari Razi,NULL,NULL,NULL,NULL,0468,NULL,NULL,NULL,NULL,author,NULL,NULL,NULL,1,NULL,NULL,NULL,NULL,0468AbuFathJawbariRazi,OpenITI 2025.1.9
0468IbnAhmadWahidiNaysaburi,علي بن أحمد الواحدي النيسابوري,Ibn Ahmad Wahidi Naysaburi,NULL,NULL,ʿAlī b. Aḥmad al-Wāḥidī al-Naysābūrī,NULL,0468,NULL,NULL,NULL,NULL,author,NULL,NULL,NULL,5,NULL,NULL,NULL,NULL,0468IbnAhmadWahidiNaysaburi,OpenITI 2025.1.9
0468IbnCabdRahmanNaysaburi,علي بن عبد الرحمن بن الحسن ابن عليك النيسابوري (المتوفى: 468هـ),Ibn Cabd Rahman Naysaburi,NULL,NULL,NULL,NULL,0468,NULL,NULL,NULL,NULL,author,NULL,NULL,NULL,1,NULL,NULL,NULL,NULL,0468IbnCabdRahmanNaysaburi,OpenITI 2025.1.9
0468IbnMuhammadMihrawani,الشيخ أبي القاسم يوسف بن محمد المهرواني,Ibn Muhammad Mihrawani,NULL,NULL,NULL,NULL,0468,NULL,NULL,NULL,NULL,author,NULL,NULL,NULL,1,NULL,NULL,NULL,NULL,0468IbnMuhammadMihrawani,OpenITI 2025.1.9
0469IbnBabshadh,ابن بابشاذ,Ibn Babshadh,NULL,NULL,NULL,NULL,0469,NULL,NULL,NULL,NULL,author,NULL,NULL,NULL,1,NULL,NULL,NULL,NULL,0469IbnBabshadh,OpenITI 2025.1.9
0469IbnHayyanQurtubi,ابن حيان القرطبي ، حيان بن خلف (المتوفى : 469هـ),Ibn Hayyan Qurtubi,NULL,NULL,NULL,NULL,0469,NULL,NULL,NULL,NULL,author,NULL,NULL,NULL,1,NULL,NULL,NULL,NULL,0469IbnHayyanQurtubi,OpenITI 2025.1.9
0469IbnHazarmardSarifini,ابن هزارمرد الصريفيني,Ibn Hazarmard Sarifini,NULL,NULL,NULL,NULL,0469,NULL,NULL,NULL,NULL,author,NULL,NULL,NULL,1,NULL,NULL,NULL,NULL,0469IbnHazarmardSarifini,OpenITI 2025.1.9
0470AbuFadlBayhaqi,أبو الفضل بيهقي,Abu Fadl Bayhaqi,NULL,NULL,Abū al-Faḍl Bayhaqī,NULL,0470,NULL,NULL,NULL,NULL,author,NULL,NULL,NULL,1,NULL,NULL,NULL,NULL,0470AbuFadlBayhaqi,OpenITI 2025.1.9
0470AbuSalihMuadhdhin,أبو صالح المؤذن,Abu Salih Muadhdhin,NULL,NULL,NULL,NULL,0470,NULL,NULL,NULL,NULL,author,NULL,NULL,NULL,1,NULL,NULL,NULL,NULL,0470AbuSalihMuadhdhin,OpenITI 2025.1.9
0470AhmadIbnCisaHashimi,أحمد بن عيسى الهاشمي,Ahmad Ibn Cisa Hashimi,NULL,NULL,Aḥmad b. ʿĪsá al-Hāšimī,NULL,0470,NULL,NULL,NULL,NULL,author,NULL,NULL,NULL,1,NULL,NULL,NULL,NULL,0470AhmadIbnCisaHashimi,OpenITI 2025.1.9
0470CaliIbnGhanaim,أبي الحسين علي بن غنائم (المتوفى: نحو 470هـ),Cali Ibn Ghanaim,NULL,NULL,NULL,NULL,0470,NULL,NULL,NULL,NULL,author,NULL,NULL,NULL,1,NULL,NULL,NULL,NULL,0470CaliIbnGhanaim,OpenITI 2025.1.9
0470IbnAbiSadiqNisaburi,أبو القاسم عبد الرحمن بن أبي صادق,Ibn Abi Sadiq Nisaburi,NULL,NULL,NULL,NULL,0470,NULL,NULL,NULL,NULL,author,NULL,NULL,NULL,1,NULL,NULL,NULL,NULL,0470IbnAbiSadiqNisaburi,OpenITI 2025.1.9
0470IbnAjdabi,إبراهيم بن إسماعيل ابن الأجدابي,Ibn Ajdabi,NULL,NULL,NULL,NULL,0470,NULL,NULL,NULL,NULL,author,NULL,NULL,NULL,2,NULL,NULL,NULL,NULL,0470IbnAjdabi,OpenITI 2025.1.9
0470IbnMalikYamani,أبو عبد الله محمد بن مالك بن أبي الفضائل الحمادي المعافري اليماني (المتوفى: نحو 470هـ),Ibn Malik Yamani,NULL,NULL,NULL,NULL,0470,NULL,NULL,NULL,NULL,author,NULL,NULL,NULL,1,NULL,NULL,NULL,NULL,0470IbnMalikYamani,OpenITI 2025.1.9
0470IbnMandaCabdRahman,عبد الرحمن بن محمد بن إسحاق، ابن مندة العبدي الأصبهاني، أبو القاسم (المتوفى: 470ه),Ibn Manda Cabd Rahman,NULL,NULL,NULL,NULL,0470,NULL,NULL,NULL,NULL,author,NULL,NULL,NULL,3,NULL,NULL,NULL,NULL,0470IbnMandaCabdRahman,OpenITI 2025.1.9
0470IbnMuhammadKufi,علي بن محمد بن علي بن محمد بن أحمد أبو القاسم التيمي الكوفي المعروف بابن الأذلاني (المتوفى: 470هـ),Ibn Muhammad Kufi,NULL,NULL,NULL,NULL,0470,NULL,NULL,NULL,NULL,author,NULL,NULL,NULL,1,NULL,NULL,NULL,NULL,0470IbnMuhammadKufi,OpenITI 2025.1.9
0470MuayyadFiDinShirazi,المؤيد في الدين الشيرازي,Muayyad Fi Din Shirazi,NULL,NULL,al-Muʾayyad Fī al-Dīn al-Šīrāzī,NULL,0470,NULL,NULL,NULL,NULL,author,NULL,NULL,NULL,3,NULL,NULL,NULL,NULL,0470MuayyadFiDinShirazi,OpenITI 2025.1.9
0471AbuQasimZanjani,الزنجاني، أبو القاسم,Abu Qasim Zanjani,NULL,NULL,NULL,NULL,0471,NULL,NULL,NULL,NULL,author,NULL,NULL,NULL,1,NULL,NULL,NULL,NULL,0471AbuQasimZanjani,OpenITI 2025.1.9
0471CabdQahirJurjani,الجرجاني,Cabd Qahir Jurjani,NULL,NULL,NULL,NULL,0471,NULL,NULL,NULL,NULL,author,NULL,NULL,NULL,5,NULL,NULL,NULL,NULL,0471CabdQahirJurjani,OpenITI 2025.1.9
0471IbnAhmadIbnBannaBaghdadi,الحسن بن أحمد بن عبد الله بن البنا، أبو علي، البغدادي الحنبلي (المتوفى: 471هـ),Ibn Ahmad Ibn Banna Baghdadi,NULL,NULL,NULL,NULL,0471,NULL,NULL,NULL,NULL,author,NULL,NULL,NULL,2,NULL,NULL,NULL,NULL,0471IbnAhmadIbnBannaBaghdadi,OpenITI 2025.1.9
0471IbnCaliBalkhi,أبو علي الحسن بن علي بن محمد بن أحمد بن جعفر البلخي، الوخشي (المتوفى: 471هـ),Ibn Cali Balkhi,NULL,NULL,NULL,NULL,0471,NULL,NULL,NULL,NULL,author,NULL,NULL,NULL,1,NULL,NULL,NULL,NULL,0471IbnCaliBalkhi,OpenITI 2025.1.9
0471IbnMuhammadIsfaraini,أبو المظفر الإسفراييني,Ibn Muhammad Isfaraini,NULL,NULL,NULL,NULL,0471,NULL,NULL,NULL,NULL,author,NULL,NULL,NULL,1,NULL,NULL,NULL,NULL,0471IbnMuhammadIsfaraini,OpenITI 2025.1.9
0473IbnHayyus,ابن حيوس,Ibn Hayyus,NULL,NULL,NULL,NULL,0473,NULL,NULL,NULL,NULL,author,NULL,NULL,NULL,1,NULL,NULL,NULL,NULL,0473IbnHayyus,OpenITI 2025.1.9
0474IbnKhalafBaji,ابن خلف الباجي,Ibn Khalaf Baji,NULL,NULL,Ibn Ḫalaf al-Bāǧī,NULL,0474,NULL,NULL,NULL,NULL,author,NULL,NULL,NULL,6,NULL,NULL,NULL,NULL,0474IbnKhalafBaji,OpenITI 2025.1.9
0475IbnMakula,ابن ماكولا,Ibn Makula,NULL,NULL,NULL,NULL,0475,NULL,NULL,NULL,NULL,author,NULL,NULL,NULL,2,NULL,NULL,NULL,NULL,0475IbnMakula,OpenITI 2025.1.9
0475IbnMandahCabdWahhabIsbahani,ابن منده الأصفهاني,Ibn Mandah Cabd Wahhab Isbahani,NULL,NULL,NULL,NULL,0475,NULL,NULL,NULL,NULL,author,NULL,NULL,NULL,1,NULL,NULL,NULL,NULL,0475IbnMandahCabdWahhabIsbahani,OpenITI 2025.1.9
0475MahmudKashghari,محمود الكشغري,Mahmud Kashghari,NULL,NULL,Maḥmūd al-Kašġarī,NULL,0475,NULL,NULL,NULL,NULL,author,NULL,NULL,NULL,1,NULL,NULL,NULL,NULL,0475MahmudKashghari,OpenITI 2025.1.9
0475NasirKhusraw,ناصر خسرو,Nasir Khusraw,NULL,NULL,Nāṣir Ḫusraw,NULL,0475,NULL,NULL,NULL,NULL,author,NULL,NULL,NULL,2,NULL,NULL,NULL,NULL,0475NasirKhusraw,OpenITI 2025.1.9
0475SahlIbnFadlTustari,سهل ابن فضل التستري,Sahl Ibn Fadl Tustari,NULL,NULL,Sahl Ibn Faḍl al-Tustarī,NULL,0475,NULL,NULL,NULL,NULL,author,NULL,NULL,NULL,1,NULL,NULL,NULL,NULL,0475SahlIbnFadlTustari,OpenITI 2025.1.9
0476AbuIshaqShirazi,الشيرازي,Abu Ishaq Shirazi,NULL,NULL,al-Šīrāzī,NULL,0476,NULL,NULL,NULL,NULL,author,NULL,NULL,NULL,7,NULL,NULL,NULL,NULL,0476AbuIshaqShirazi,OpenITI 2025.1.9
0476AclamShantamari,أبو الحجاج، يوسف بن سليمان بن عيسى الشنتمري الأندلسي المعروف بالأعلم (المتوفى: 476هـ),Aclam Shantamari,NULL,NULL,NULL,NULL,0476,NULL,NULL,NULL,NULL,author,NULL,NULL,NULL,1,NULL,NULL,NULL,NULL,0476AclamShantamari,OpenITI 2025.1.9
0476IbnAbiSaqrAnbari,ابن أبي الصقر الأنباري,Ibn Abi Saqr Anbari,NULL,NULL,Ibn Abī al-Ṣaqr al-Anbārī,NULL,0476,NULL,NULL,NULL,NULL,author,NULL,NULL,NULL,2,NULL,NULL,NULL,NULL,0476IbnAbiSaqrAnbari,OpenITI 2025.1.9
0477BibiHarawiyya,بيبي,Bibi Harawiyya,NULL,NULL,NULL,NULL,0477,NULL,NULL,NULL,NULL,author,NULL,NULL,NULL,1,NULL,NULL,NULL,NULL,0477BibiHarawiyya,OpenITI 2025.1.9
0478AbuHasanLakhmi,اللخمي، أبو الحسن,Abu Hasan Lakhmi,NULL,NULL,NULL,NULL,0478,NULL,NULL,NULL,NULL,author,NULL,NULL,NULL,1,NULL,NULL,NULL,NULL,0478AbuHasanLakhmi,OpenITI 2025.1.9
0478Cudhri,العذري,Cudhri,NULL,NULL,al-ʿUḏrī,NULL,0478,NULL,NULL,NULL,NULL,author,NULL,NULL,NULL,1,NULL,NULL,NULL,NULL,0478Cudhri,OpenITI 2025.1.9
0478IbnCabSamadQattan,عبد الكريم بن عبد الصمد بن محمد بن علي بن محمد القطان أبو معشر الطبري (المتوفى: 478هـ),Ibn Cab Samad Qattan,NULL,NULL,NULL,NULL,0478,NULL,NULL,NULL,NULL,author,NULL,NULL,NULL,1,NULL,NULL,NULL,NULL,0478IbnCabSamadQattan,OpenITI 2025.1.9
0478IbnMuhammadDamghani,الدامغاني,Ibn Muhammad Damghani,NULL,NULL,NULL,NULL,0478,NULL,NULL,NULL,NULL,author,NULL,NULL,NULL,1,NULL,NULL,NULL,NULL,0478IbnMuhammadDamghani,OpenITI 2025.1.9
0478ImamHaramaynJuwayni,امام الحرمين الجويني,Imam Haramayn Juwayni,NULL,NULL,Imām al-Ḥaramayn al-Juwaynī,NULL,0478,NULL,NULL,NULL,NULL,author,NULL,NULL,NULL,7,NULL,NULL,NULL,NULL,0478ImamHaramaynJuwayni,OpenITI 2025.1.9
0478MutawalliNaysaburi,أبو سعيد عبد الرحمن النيسابوري المتولي,Mutawalli Naysaburi,NULL,NULL,NULL,NULL,0478,NULL,NULL,NULL,NULL,author,NULL,NULL,NULL,1,NULL,NULL,NULL,NULL,0478MutawalliNaysaburi,OpenITI 2025.1.9
0479IbnFaddalQayruwani,علي بن فضال بن علي بن غالب المجاشعي القيرواني، أبو الحسن (المتوفى: 479هـ),Ibn Faddal Qayruwani,NULL,NULL,NULL,NULL,0479,NULL,NULL,NULL,NULL,author,NULL,NULL,NULL,1,NULL,NULL,NULL,NULL,0479IbnFaddalQayruwani,OpenITI 2025.1.9
0479MurshidYahyaJurjani,الإمام المرشد بالله يحيى بن الحسين بن إسماعيل الجرجاني الشجري,Murshid Yahya Jurjani,NULL,NULL,NULL,NULL,0479,NULL,NULL,NULL,NULL,author,NULL,NULL,NULL,1,NULL,NULL,NULL,NULL,0479MurshidYahyaJurjani,OpenITI 2025.1.9
0480IbnAhmadHakimHaskani,الحاكم الحسكاني,Ibn Ahmad Hakim Haskani,NULL,NULL,NULL,NULL,0480,NULL,NULL,NULL,NULL,author,NULL,NULL,NULL,1,NULL,NULL,NULL,NULL,0480IbnAhmadHakimHaskani,OpenITI 2025.1.9
0480IbnHaddadQaysi,الحداد القيسي,Ibn Haddad Qaysi,NULL,NULL,NULL,NULL,0480,NULL,NULL,NULL,NULL,author,NULL,NULL,NULL,1,NULL,NULL,NULL,NULL,0480IbnHaddadQaysi,OpenITI 2025.1.9
0480IbnHilalSabi,محمد بن هلال بن المحسن بن إبراهيم الصابئ، أبو الحسن,Ibn Hilal Sabi,NULL,NULL,NULL,NULL,0480,NULL,NULL,NULL,NULL,author,NULL,NULL,NULL,1,NULL,NULL,NULL,NULL,0480IbnHilalSabi,OpenITI 2025.1.9
0480SalamaIbnIsmacilIbnJamaca,NULL,Salama Ibn Ismacil Ibn Jamaca,NULL,NULL,NULL,NULL,0480,NULL,NULL,NULL,NULL,author,NULL,NULL,NULL,1,NULL,NULL,NULL,NULL,0480SalamaIbnIsmacilIbnJamaca,OpenITI 2025.1.9
0481AnsariHarawi,أبو اسماعيل الهروي,Ansari Harawi,NULL,NULL,Abū Ismāʿīl al-Harawī,NULL,0481,NULL,NULL,NULL,NULL,author,NULL,NULL,NULL,3,NULL,NULL,NULL,NULL,0481AnsariHarawi,OpenITI 2025.1.9
0481IbnBarrajTarabulusi,القاضي ابن البراج,Ibn Barraj Tarabulusi,NULL,NULL,NULL,NULL,0481,NULL,NULL,NULL,NULL,author,NULL,NULL,NULL,2,NULL,NULL,NULL,NULL,0481IbnBarrajTarabulusi,OpenITI 2025.1.9
0481NasirKhusraw,ناصر خسرو,Nasir Khusraw,NULL,NULL,Nāṣir Ḫusraw,NULL,0481,NULL,NULL,NULL,NULL,author,NULL,NULL,NULL,3,NULL,NULL,NULL,NULL,0481NasirKhusraw,OpenITI 2025.1.9
0482AbuHamidShujaciSarakhsi,أبو حامد الشجاعي السرخسي,Abu Hamid Shujaci Sarakhsi,NULL,NULL,NULL,NULL,0482,NULL,NULL,NULL,NULL,author,NULL,NULL,NULL,1,NULL,NULL,NULL,NULL,0482AbuHamidShujaciSarakhsi,OpenITI 2025.1.9
0482AbuIshaqHabbal,الهبال,Abu Ishaq Habbal,NULL,NULL,al-Habbāl,NULL,0482,NULL,NULL,NULL,NULL,author,NULL,NULL,NULL,1,NULL,NULL,NULL,NULL,0482AbuIshaqHabbal,OpenITI 2025.1.9
0482IbnMuhammadBazdawi,علي بن محمد البزدوي الحنفيى,Ibn Muhammad Bazdawi,NULL,NULL,NULL,NULL,0482,NULL,NULL,NULL,NULL,author,NULL,NULL,NULL,1,NULL,NULL,NULL,NULL,0482IbnMuhammadBazdawi,OpenITI 2025.1.9
0482IbnSacidNucmani,إبراهيم بن سعيد النعماني - بالولاء - المصري، أبو إسحاق الحبال (المتوفى: 482هـ),Ibn Sacid Nucmani,NULL,NULL,NULL,NULL,0482,NULL,NULL,NULL,NULL,author,NULL,NULL,NULL,1,NULL,NULL,NULL,NULL,0482IbnSacidNucmani,OpenITI 2025.1.9
0483IbnAhmadSarakhsi,ابن أحمد السرخسي,Ibn Ahmad Sarakhsi,NULL,NULL,Ibn Aḥmad al-Saraḫsī,NULL,0483,NULL,NULL,NULL,NULL,author,NULL,NULL,NULL,3,NULL,NULL,NULL,NULL,0483IbnAhmadSarakhsi,OpenITI 2025.1.9
0483IbnMuhammadIbnMaghaziliWasiti,ابن المغازلي,Ibn Muhammad Ibn Maghazili Wasiti,NULL,NULL,NULL,NULL,0483,NULL,NULL,NULL,NULL,author,NULL,NULL,NULL,1,NULL,NULL,NULL,NULL,0483IbnMuhammadIbnMaghaziliWasiti,OpenITI 2025.1.9
0484AbuBakrSurabadi,NULL,Abu Bakr Surabadi,NULL,NULL,NULL,NULL,0484,NULL,NULL,NULL,NULL,author,NULL,NULL,NULL,1,NULL,NULL,NULL,NULL,0484AbuBakrSurabadi,OpenITI 2025.1.9
0485IbnMuhammadHaddadMahdawi,المقرئ,Ibn Muhammad Haddad Mahdawi,NULL,NULL,NULL,NULL,0485,NULL,NULL,NULL,NULL,author,NULL,NULL,NULL,1,NULL,NULL,NULL,NULL,0485IbnMuhammadHaddadMahdawi,OpenITI 2025.1.9
0485NizamMulk,NULL,Nizam Mulk,NULL,NULL,NULL,NULL,0485,NULL,NULL,NULL,NULL,author,NULL,NULL,NULL,1,NULL,NULL,NULL,NULL,0485NizamMulk,OpenITI 2025.1.9
0485NizamMulkWazir,الوزير نظام الملك,Nizam Mulk Wazir,NULL,NULL,al-wazīr Niẓām al-Mulk,NULL,0485,NULL,NULL,NULL,NULL,author,NULL,NULL,NULL,2,NULL,NULL,NULL,NULL,0485NizamMulkWazir,OpenITI 2025.1.9
0485QatranTabrizi,NULL,Qatran Tabrizi,NULL,NULL,NULL,NULL,0485,NULL,NULL,NULL,NULL,author,NULL,NULL,NULL,1,NULL,NULL,NULL,NULL,0485QatranTabrizi,OpenITI 2025.1.9
0486AbuAsbaghGharnati,أبو الأصبغ,Abu Asbagh Gharnati,NULL,NULL,NULL,NULL,0486,NULL,NULL,NULL,NULL,author,NULL,NULL,NULL,1,NULL,NULL,NULL,NULL,0486AbuAsbaghGharnati,OpenITI 2025.1.9
0486IbnAhmadHakkari,أبو الحسن علي بن أحمد بن يوسف بن جعفر الهكاري (المتوفى: 486هـ),Ibn Ahmad Hakkari,NULL,NULL,NULL,NULL,0486,NULL,NULL,NULL,NULL,author,NULL,NULL,NULL,1,NULL,NULL,NULL,NULL,0486IbnAhmadHakkari,OpenITI 2025.1.9
0486IbnAhmadZuzani,حسين بن أحمد بن حسين الزوزني، أبو عبد الله (المتوفى: 486هـ),Ibn Ahmad Zuzani,NULL,NULL,NULL,NULL,0486,NULL,NULL,NULL,NULL,author,NULL,NULL,NULL,1,NULL,NULL,NULL,NULL,0486IbnAhmadZuzani,OpenITI 2025.1.9
0487AbuCubaydBakri,أبو عبيد البكري,Abu Cubayd Bakri,NULL,NULL,Abū ʿUbayd al-Bakrī,NULL,0487,NULL,NULL,NULL,NULL,author,NULL,NULL,NULL,5,NULL,NULL,NULL,NULL,0487AbuCubaydBakri,OpenITI 2025.1.9
0487AbuQasimMasisi,أبو القاسم علي بن محمد بن علي بن أبي العلاء المصيصي,Abu Qasim Masisi,NULL,NULL,NULL,NULL,0487,NULL,NULL,NULL,NULL,author,NULL,NULL,NULL,1,NULL,NULL,NULL,NULL,0487AbuQasimMasisi,OpenITI 2025.1.9
0487IbnCaliShirazi,أحمد بن علي بن عبد الله بن عمر بن خلف الشيرازي أبو بكر النيسابوري (المتوفى: 487هـ),Ibn Cali Shirazi,NULL,NULL,NULL,NULL,0487,NULL,NULL,NULL,NULL,author,NULL,NULL,NULL,1,NULL,NULL,NULL,NULL,0487IbnCaliShirazi,OpenITI 2025.1.9
0488AbuFadlIbnKhayrun,أبو الفضل بن خيرون,Abu Fadl Ibn Khayrun,NULL,NULL,NULL,NULL,0488,NULL,NULL,NULL,NULL,author,NULL,NULL,NULL,1,NULL,NULL,NULL,NULL,0488AbuFadlIbnKhayrun,OpenITI 2025.1.9
0488IbnFutuhHumaydi,أبو عبد الله محمد بن أبي نصر الحميدي (المتوفى: 488هـ),Ibn Futuh Humaydi,NULL,NULL,NULL,NULL,0488,NULL,NULL,NULL,NULL,author,NULL,NULL,NULL,6,NULL,NULL,NULL,NULL,0488IbnFutuhHumaydi,OpenITI 2025.1.9
0488IbnWahhabHanbali,رزق الله بن عبد الوهاب بن عبد العزيز، أبو محمد التميمي الحنبلي (المتوفى: 488هـ),Ibn Wahhab Hanbali,NULL,NULL,NULL,NULL,0488,NULL,NULL,NULL,NULL,author,NULL,NULL,NULL,1,NULL,NULL,NULL,NULL,0488IbnWahhabHanbali,OpenITI 2025.1.9
0488ZahirDin,ظهير الدين الروذرواري,Zahir Din,NULL,NULL,Ẓahīr al-Dīn al-Rūḏrawārī,NULL,0488,NULL,NULL,NULL,NULL,author,NULL,NULL,NULL,1,NULL,NULL,NULL,NULL,0488ZahirDin,OpenITI 2025.1.9
0489IbnFadlIsbahani,ابن الفضل الاصبهاني,Ibn Fadl Isbahani,NULL,NULL,Ibn al-Faḍl al-Iṣbahānī,NULL,0489,NULL,NULL,NULL,NULL,author,NULL,NULL,NULL,2,NULL,NULL,NULL,NULL,0489IbnFadlIsbahani,OpenITI 2025.1.9
0489IbnHasanBaqillaniBaghdadi,أبو طاهر أحمد بن الحسن بن أحمد بن الحسن بن خداداد الكرجي، الباقلاني، البغدادي (المتوفى: 489هـ),Ibn Hasan Baqillani Baghdadi,NULL,NULL,NULL,NULL,0489,NULL,NULL,NULL,NULL,author,NULL,NULL,NULL,1,NULL,NULL,NULL,NULL,0489IbnHasanBaqillaniBaghdadi,OpenITI 2025.1.9
0489IbnMuhammadSamcani,منصور بن محمد السمعاني أبو المظفر,Ibn Muhammad Samcani,NULL,NULL,NULL,NULL,0489,NULL,NULL,NULL,NULL,author,NULL,NULL,NULL,4,NULL,NULL,NULL,NULL,0489IbnMuhammadSamcani,OpenITI 2025.1.9
0489IbnYusufJurjani,أبو محمد عبد الله بن يوسف الجرجاني (المتوفى: 489هـ),Ibn Yusuf Jurjani,NULL,NULL,NULL,NULL,0489,NULL,NULL,NULL,NULL,author,NULL,NULL,NULL,1,NULL,NULL,NULL,NULL,0489IbnYusufJurjani,OpenITI 2025.1.9
0489Waqqashi,هشام بن أحمد الوقشي الأندلسي (408 ه - 489 ه),Waqqashi,NULL,NULL,NULL,NULL,0489,NULL,NULL,NULL,NULL,author,NULL,NULL,NULL,1,NULL,NULL,NULL,NULL,0489Waqqashi,OpenITI 2025.1.9
0490IbnIbrahimNabulusi,نصر بن إبراهيم بن نصر بن إبراهيم ابن داود النابلسي المقدسي، أبو الفتح الشافعي (المتوفى: 490هـ),Ibn Ibrahim Nabulusi,NULL,NULL,NULL,NULL,0490,NULL,NULL,NULL,NULL,author,NULL,NULL,NULL,3,NULL,NULL,NULL,NULL,0490IbnIbrahimNabulusi,OpenITI 2025.1.9
0490IbnJazla,يحيى بن عيسى ابن جزله,Ibn Jazla,NULL,NULL,Yaḥyá b. ʿĪsá Ibn Jazlah,NULL,0490,NULL,NULL,NULL,NULL,author,NULL,NULL,NULL,1,NULL,NULL,NULL,NULL,0490IbnJazla,OpenITI 2025.1.9
0491AbuCabbasIbnBishrawayh,أبو العباس أحمد بن محمد بن عبد الله بن بشرويه,Abu Cabbas Ibn Bishrawayh,NULL,NULL,NULL,NULL,0491,NULL,NULL,NULL,NULL,author,NULL,NULL,NULL,1,NULL,NULL,NULL,NULL,0491AbuCabbasIbnBishrawayh,OpenITI 2025.1.9
0491IbnMuhammadZaynabi,طراد بن محمد بن علي الهاشمي العباسي الزينبي، أبو الفوارس (المتوفى: 491هـ),Ibn Muhammad Zaynabi,NULL,NULL,NULL,NULL,0491,NULL,NULL,NULL,NULL,author,NULL,NULL,NULL,3,NULL,NULL,NULL,NULL,0491IbnMuhammadZaynabi,OpenITI 2025.1.9
0492AbuHasanKhulci,علي بن الحسن بن الحسين بن محمد، أبو الحسن الخلعي الشافعي (المتوفى: 492هـ),Abu Hasan Khulci,NULL,NULL,NULL,NULL,0492,NULL,NULL,NULL,NULL,author,NULL,NULL,NULL,4,NULL,NULL,NULL,NULL,0492AbuHasanKhulci,OpenITI 2025.1.9
0492AbuMurshidMacarri,أحمد بن عبد الله بن سليمان بن محمد بن سليمان المعري، التنوخي (المتوفى : 449هـ),Abu Murshid Macarri,NULL,NULL,NULL,NULL,0492,NULL,NULL,NULL,NULL,author,NULL,NULL,NULL,1,NULL,NULL,NULL,NULL,0492AbuMurshidMacarri,OpenITI 2025.1.9
0492IbnMurajjaMaqdisi,أبو المعالي المشرف بن المرجى بن إبراهيم المقدسي (492 ه),Ibn Murajja Maqdisi,NULL,NULL,NULL,NULL,0492,NULL,NULL,NULL,NULL,author,NULL,NULL,NULL,1,NULL,NULL,NULL,NULL,0492IbnMurajjaMaqdisi,OpenITI 2025.1.9
0493BahaDinQazwini,بهاء الدين القزويني,Baha Din Qazwini,NULL,NULL,Bahāʾ al-Dīn al-Qazwīnī,NULL,0493,NULL,NULL,NULL,NULL,author,NULL,NULL,NULL,1,NULL,NULL,NULL,NULL,0493BahaDinQazwini,OpenITI 2025.1.9
0494AbuNasrIbnWadcan,محمد بن علي بن عبيد الله بن أحمد بن صالح بن سليمان بن ودعان الموصلي، أبو نصر (المتوفى: 494هـ),Abu Nasr Ibn Wadcan,NULL,NULL,NULL,NULL,0494,NULL,NULL,NULL,NULL,author,NULL,NULL,NULL,1,NULL,NULL,NULL,NULL,0494AbuNasrIbnWadcan,OpenITI 2025.1.9
0494HakimJushami,الحاكم الجشمي,Hakim Jushami,NULL,NULL,al-Ḥākim al-Jušamī,NULL,0494,NULL,NULL,NULL,NULL,author,NULL,NULL,NULL,2,NULL,NULL,NULL,NULL,0494HakimJushami,OpenITI 2025.1.9
0494IbnSacidIbnKarama,الحاكم أبو سعيد المحسن بن محمد بن كرامة الجشمي البيهقي,Ibn Sacid Ibn Karama,NULL,NULL,NULL,NULL,0494,NULL,NULL,NULL,NULL,author,NULL,NULL,NULL,2,NULL,NULL,NULL,NULL,0494IbnSacidIbnKarama,OpenITI 2025.1.9
0495SacidIbnHibatAllah,سعيد بن هبة الله بن الحسين,Sacid Ibn Hibat Allah,NULL,NULL,Saʿīd b. Hibaŧ Allāh b. al-Ḥusayn,NULL,0495,NULL,NULL,NULL,NULL,author,NULL,NULL,NULL,1,NULL,NULL,NULL,NULL,0495SacidIbnHibatAllah,OpenITI 2025.1.9
0496IbnBahijAndalusi,ابن بهيج,Ibn Bahij Andalusi,NULL,NULL,NULL,NULL,0496,NULL,NULL,NULL,NULL,author,NULL,NULL,NULL,1,NULL,NULL,NULL,NULL,0496IbnBahijAndalusi,OpenITI 2025.1.9
0496IbnNajahAndalusi,أبو داود، سليمان بن نجاح بن أبي القاسم الأموي بالولاء، الأندلسي (المتوفى: 496هـ),Ibn Najah Andalusi,NULL,NULL,NULL,NULL,0496,NULL,NULL,NULL,NULL,author,NULL,NULL,NULL,1,NULL,NULL,NULL,NULL,0496IbnNajahAndalusi,OpenITI 2025.1.9
0497AbuMuticMisri,أبو مطيع المصري,Abu Mutic Misri,NULL,NULL,NULL,NULL,0497,NULL,NULL,NULL,NULL,author,NULL,NULL,NULL,1,NULL,NULL,NULL,NULL,0497AbuMuticMisri,OpenITI 2025.1.9
0497HasanIbnCabdMalik,الحسن بن عبد الملك,Hasan Ibn Cabd Malik,NULL,NULL,NULL,NULL,0497,NULL,NULL,NULL,NULL,author,NULL,NULL,NULL,1,NULL,NULL,NULL,NULL,0497HasanIbnCabdMalik,OpenITI 2025.1.9
0497IbnFarajIbnTallacQurtubi,ابن طلاع القرطبي‏,Ibn Faraj Ibn Tallac Qurtubi,NULL,NULL,NULL,NULL,0497,NULL,NULL,NULL,NULL,author,NULL,NULL,NULL,1,NULL,NULL,NULL,NULL,0497IbnFarajIbnTallacQurtubi,OpenITI 2025.1.9
0497IbnIbnZahraTuraythithi,أبو بكر أحمد بن علي بن الحسين بن زكريا الطريثيثي، ثم البغدادي، الصوفي، المعروف: بابن زهراء (المتوفى: 497هـ),Ibn Ibn Zahra Turaythithi,NULL,NULL,NULL,NULL,0497,NULL,NULL,NULL,NULL,author,NULL,NULL,NULL,1,NULL,NULL,NULL,NULL,0497IbnIbnZahraTuraythithi,OpenITI 2025.1.9
0498AbuCaliJayyani,أبي علي الحسين بن محمد بن أحمد الجبائي الأندلسي,Abu Cali Jayyani,NULL,NULL,NULL,NULL,0498,NULL,NULL,NULL,NULL,author,NULL,NULL,NULL,3,NULL,NULL,NULL,NULL,0498AbuCaliJayyani,OpenITI 2025.1.9
0498IbnMuhammadAbuBakrIsbahani,ابن مردويه,Ibn Muhammad Abu Bakr Isbahani,NULL,NULL,NULL,NULL,0498,NULL,NULL,NULL,NULL,author,NULL,NULL,NULL,1,NULL,NULL,NULL,NULL,0498IbnMuhammadAbuBakrIsbahani,OpenITI 2025.1.9
0499AdibNatanzi,NULL,Adib Natanzi,NULL,NULL,NULL,NULL,0499,NULL,NULL,NULL,NULL,author,NULL,NULL,NULL,1,NULL,NULL,NULL,NULL,0499AdibNatanzi,OpenITI 2025.1.9
0499IbnBassal,ابن بصال,Ibn Bassal,NULL,NULL,Ibn Baṣṣāl,NULL,0499,NULL,NULL,NULL,NULL,author,NULL,NULL,NULL,1,NULL,NULL,NULL,NULL,0499IbnBassal,OpenITI 2025.1.9
0499IbnHusaynJurjani,ابن الحسين الجرجاني,Ibn Husayn Jurjani,NULL,NULL,Ibn al-Ḥusayn al-Jurjānī,NULL,0499,NULL,NULL,NULL,NULL,author,NULL,NULL,NULL,1,NULL,NULL,NULL,NULL,0499IbnHusaynJurjani,OpenITI 2025.1.9
0499IbnSimnani,علي بن محمد بن أحمد، أبو القاسم الرحبي المعروف بابن السمناني (المتوفى: 499 ه),Ibn Simnani,NULL,NULL,NULL,NULL,0499,NULL,NULL,NULL,NULL,author,NULL,NULL,NULL,1,NULL,NULL,NULL,NULL,0499IbnSimnani,OpenITI 2025.1.9
0499MurshidYahyaIbnShajari,المرشد يحيى بن الشجري,Murshid Yahya Ibn Shajari,NULL,NULL,al-Muršid Yaḥyá b. al-Šajarī,NULL,0499,NULL,NULL,NULL,NULL,author,NULL,NULL,NULL,1,NULL,NULL,NULL,NULL,0499MurshidYahyaIbnShajari,OpenITI 2025.1.9
0500AbuNasrMaqdisi,عبد الملك بن محمد بن إسماعيل أبو منصور الثعالبي (المتوفى: 429هـ),Abu Nasr Maqdisi,NULL,NULL,NULL,NULL,0500,NULL,NULL,NULL,NULL,author,NULL,NULL,NULL,1,NULL,NULL,NULL,NULL,0500AbuNasrMaqdisi,OpenITI 2025.1.9
0500AhmadAndarabi,أحمد الأندرابي,Ahmad Andarabi,NULL,NULL,NULL,NULL,0500,NULL,NULL,NULL,NULL,author,NULL,NULL,NULL,1,NULL,NULL,NULL,NULL,0500AhmadAndarabi,OpenITI 2025.1.9
0500Anonymous,مؤلف مجهول,Anonymous,NULL,NULL,Muʾallif maǧhūl,NULL,0500,NULL,NULL,NULL,NULL,author,NULL,NULL,NULL,7,NULL,NULL,NULL,NULL,0500Anonymous,OpenITI 2025.1.9
0500CabdWahidTamimiAmidi,عبد الواحد التميمي الآمدي,Cabd Wahid Tamimi Amidi,NULL,NULL,ʿAbd al-Wāḥid al-Tamīmī al-Āmidī,NULL,0500,NULL,NULL,NULL,NULL,author,NULL,NULL,NULL,1,NULL,NULL,NULL,NULL,0500CabdWahidTamimiAmidi,OpenITI 2025.1.9
0500HusaynIbnCabdWahhab,حسين بن عبد الوهاب,Husayn Ibn Cabd Wahhab,NULL,NULL,NULL,NULL,0500,NULL,NULL,NULL,NULL,author,NULL,NULL,NULL,1,NULL,NULL,NULL,NULL,0500HusaynIbnCabdWahhab,OpenITI 2025.1.9
0500IbnAhmadSarrajBaghdadi,السراج القارئ,Ibn Ahmad Sarraj Baghdadi,NULL,NULL,NULL,NULL,0500,NULL,NULL,NULL,NULL,author,NULL,NULL,NULL,2,NULL,NULL,NULL,NULL,0500IbnAhmadSarrajBaghdadi,OpenITI 2025.1.9
0500IbnCabdAllahQadiTanukhi,القاضي أبو يعلي عبد الباقي بن أبي الحصين عبد الله بن المحسن التنوخي (المتوفى: ق 5هـ),Ibn Cabd Allah Qadi Tanukhi,NULL,NULL,NULL,NULL,0500,NULL,NULL,NULL,NULL,author,NULL,NULL,NULL,1,NULL,NULL,NULL,NULL,0500IbnCabdAllahQadiTanukhi,OpenITI 2025.1.9
0500IbnCumarRaduyani,NULL,Ibn Cumar Raduyani,NULL,NULL,NULL,NULL,0500,NULL,NULL,NULL,NULL,author,NULL,NULL,NULL,1,NULL,NULL,NULL,NULL,0500IbnCumarRaduyani,OpenITI 2025.1.9
0500IbnHusaynGhadairiWasiti,أحمد بن الحسين الغضائري الواسطي البغدادي,Ibn Husayn Ghadairi Wasiti,NULL,NULL,NULL,NULL,0500,NULL,NULL,NULL,NULL,author,NULL,NULL,NULL,1,NULL,NULL,NULL,NULL,0500IbnHusaynGhadairiWasiti,OpenITI 2025.1.9
0500IbnMuhammadHulwani,الحلواني,Ibn Muhammad Hulwani,NULL,NULL,NULL,NULL,0500,NULL,NULL,NULL,NULL,author,NULL,NULL,NULL,1,NULL,NULL,NULL,NULL,0500IbnMuhammadHulwani,OpenITI 2025.1.9
0500IbnMuhammadKhatibBushanji,أبو الحسين عفيف بن محمد الخطيب البوشنجي (المتوفى: ق 5هـ),Ibn Muhammad Khatib Bushanji,NULL,NULL,NULL,NULL,0500,NULL,NULL,NULL,NULL,author,NULL,NULL,NULL,1,NULL,NULL,NULL,NULL,0500IbnMuhammadKhatibBushanji,OpenITI 2025.1.9
0500LahiqIbnMuhammad,أبو القاسم لاحق بن محمد بن أحمد الإسكاف,Lahiq Ibn Muhammad,NULL,NULL,NULL,NULL,0500,NULL,NULL,NULL,NULL,author,NULL,NULL,NULL,1,NULL,NULL,NULL,NULL,0500LahiqIbnMuhammad,OpenITI 2025.1.9
0500Mahsati,مهست,Mahsati,NULL,NULL,Mahsati,NULL,0500,NULL,NULL,NULL,NULL,author,NULL,NULL,NULL,1,NULL,NULL,NULL,NULL,0500Mahsati,OpenITI 2025.1.9
0500MultipleCoptic,مؤلفون أقباط متعددون,Multiple Coptic,NULL,NULL,Muʾallifūn Aqbāṭ mutaʿaddidūn,NULL,0500,NULL,NULL,NULL,NULL,author,NULL,NULL,NULL,1,NULL,NULL,NULL,NULL,0500MultipleCoptic,OpenITI 2025.1.9
0500Sinjari,السنجاري، الشجري,Sinjari,NULL,NULL,"al-Sinǧārī, al-Šaǧarī",NULL,0500,NULL,NULL,NULL,NULL,author,NULL,NULL,NULL,1,NULL,NULL,NULL,NULL,0500Sinjari,OpenITI 2025.1.9
0501IbnMakkiSiqilli,أبو حفص عمر بن خلف بن مكي الصقلي النحوي اللغوي (ت 501 ه),Ibn Makki Siqilli,NULL,NULL,NULL,NULL,0501,NULL,NULL,NULL,NULL,author,NULL,NULL,NULL,1,NULL,NULL,NULL,NULL,0501IbnMakkiSiqilli,OpenITI 2025.1.9
0502CabdWahidRuyani,عبد الواحد الروياني,Cabd Wahid Ruyani,NULL,NULL,ʿAbd al-Wāḥid al-Rūyānī,NULL,0502,NULL,NULL,NULL,NULL,author,NULL,NULL,NULL,1,NULL,NULL,NULL,NULL,0502CabdWahidRuyani,OpenITI 2025.1.9
0502IbnCaliTabriziShaybani,التبريزي,Ibn Cali Tabrizi Shaybani,NULL,NULL,NULL,NULL,0502,NULL,NULL,NULL,NULL,author,NULL,NULL,NULL,2,NULL,NULL,NULL,NULL,0502IbnCaliTabriziShaybani,OpenITI 2025.1.9
0502RaghibIsbahani,الراغب الاصبهاني,Raghib Isbahani,NULL,NULL,al-Rāġib al-Iṣbahānī,NULL,0502,NULL,NULL,NULL,NULL,author,NULL,NULL,NULL,6,NULL,NULL,NULL,NULL,0502RaghibIsbahani,OpenITI 2025.1.9
0503AbuTahirNahawandi,أبو طاهر النهاوندي,Abu Tahir Nahawandi,NULL,NULL,Abū Ṭāhir al-Nihāwandī,NULL,0503,NULL,NULL,NULL,NULL,author,NULL,NULL,NULL,1,NULL,NULL,NULL,NULL,0503AbuTahirNahawandi,OpenITI 2025.1.9
0504IbnMuhammadCimadDinTabari,علي بن محمد بن علي، أبو الحسن الطبري، الملقب بعماد الدين، المعروف بالكيا الهراسي الشافعي (المتوفى: 504هـ),Ibn Muhammad Cimad Din Tabari,NULL,NULL,NULL,NULL,0504,NULL,NULL,NULL,NULL,author,NULL,NULL,NULL,1,NULL,NULL,NULL,NULL,0504IbnMuhammadCimadDinTabari,OpenITI 2025.1.9
0505Ghazali,الغزالي,Ghazali,NULL,NULL,al-Ġazālī,NULL,0505,NULL,NULL,NULL,NULL,author,NULL,NULL,NULL,29,NULL,NULL,NULL,NULL,0505Ghazali,OpenITI 2025.1.9
0505IbnHamzaTajQurraKirmani,الكرماني,Ibn Hamza Taj Qurra Kirmani,NULL,NULL,NULL,NULL,0505,NULL,NULL,NULL,NULL,author,NULL,NULL,NULL,2,NULL,NULL,NULL,NULL,0505IbnHamzaTajQurraKirmani,OpenITI 2025.1.9
0507AbiwardiShacir,الأبيوردي,Abiwardi Shacir,NULL,NULL,NULL,NULL,0507,NULL,NULL,NULL,NULL,author,NULL,NULL,NULL,1,NULL,NULL,NULL,NULL,0507AbiwardiShacir,OpenITI 2025.1.9
0507AbuBakrShashi,الشاشي,Abu Bakr Shashi,NULL,NULL,al-Šāšī,NULL,0507,NULL,NULL,NULL,NULL,author,NULL,NULL,NULL,3,NULL,NULL,NULL,NULL,0507AbuBakrShashi,OpenITI 2025.1.9
0507IbnQaysarani,أبو الفضل سليمان بن حمزة بن أحمد بن قدامة المقدسي,Ibn Qaysarani,NULL,NULL,NULL,NULL,0507,NULL,NULL,NULL,NULL,author,NULL,NULL,NULL,13,NULL,NULL,NULL,NULL,0507IbnQaysarani,OpenITI 2025.1.9
0508AbuMucinNasafi,أبو المعين النسفي,Abu Mucin Nasafi,NULL,NULL,Abū al-Muʿīn al-Nasafī,NULL,0508,NULL,NULL,NULL,NULL,author,NULL,NULL,NULL,2,NULL,NULL,NULL,NULL,0508AbuMucinNasafi,OpenITI 2025.1.9
0508FattalNaysaburi,فتال النيشابوري‏,Fattal Naysaburi,NULL,NULL,NULL,NULL,0508,NULL,NULL,NULL,NULL,author,NULL,NULL,NULL,2,NULL,NULL,NULL,NULL,0508FattalNaysaburi,OpenITI 2025.1.9
0508IbnMukhtarBaghdadi,ابن المختار البغدادي,Ibn Mukhtar Baghdadi,NULL,NULL,Ibn al-Muḫtār al-Baġdādī,NULL,0508,NULL,NULL,NULL,NULL,author,NULL,NULL,NULL,1,NULL,NULL,NULL,NULL,0508IbnMukhtarBaghdadi,OpenITI 2025.1.9
0508MuhammadIbnIbrahimKindi,محمد بن ابراهيم الكندي,Muhammad Ibn Ibrahim Kindi,NULL,NULL,Muḥammad b. Ibrāhīm al-Kindī,NULL,0508,NULL,NULL,NULL,NULL,author,NULL,NULL,NULL,1,NULL,NULL,NULL,NULL,0508MuhammadIbnIbrahimKindi,OpenITI 2025.1.9
0508NasibAbuQasim,النسيب أبو القاسم علي بن إبراهيم بن العباس بن أبي الجن الحسيني,Nasib Abu Qasim,NULL,NULL,NULL,NULL,0508,NULL,NULL,NULL,NULL,author,NULL,NULL,NULL,1,NULL,NULL,NULL,NULL,0508NasibAbuQasim,OpenITI 2025.1.9
0509AbuFarajArmanazi,غيث بن علي ابن الأرمنازي,Abu Faraj Armanazi,NULL,NULL,Ġayṯ b. ʿAlī Ibn al-Armanāzī,NULL,0509,NULL,NULL,NULL,NULL,author,NULL,NULL,NULL,1,NULL,NULL,NULL,NULL,0509AbuFarajArmanazi,OpenITI 2025.1.9
0509IbnShahridarDaylami,الديلمي,Ibn Shahridar Daylami,NULL,NULL,NULL,NULL,0509,NULL,NULL,NULL,NULL,author,NULL,NULL,NULL,1,NULL,NULL,NULL,NULL,0509IbnShahridarDaylami,OpenITI 2025.1.9
0510AbuBakrShirazi,أبو بكر عبد الغفار بن محمد بن الحسين بن علي الشيروي,Abu Bakr Shirazi,NULL,NULL,NULL,NULL,0510,NULL,NULL,NULL,NULL,author,NULL,NULL,NULL,1,NULL,NULL,NULL,NULL,0510AbuBakrShirazi,OpenITI 2025.1.9
0510AbuGhanaimNarsi,أبو الغنائم النرسي,Abu Ghanaim Narsi,NULL,NULL,Abū al-Ġanāʾim al-Narsī,NULL,0510,NULL,NULL,NULL,NULL,author,NULL,NULL,NULL,1,NULL,NULL,NULL,NULL,0510AbuGhanaimNarsi,OpenITI 2025.1.9
0510AbuKhattabKalwadhani,الكلوذاني,Abu Khattab Kalwadhani,NULL,NULL,NULL,NULL,0510,NULL,NULL,NULL,NULL,author,NULL,NULL,NULL,3,NULL,NULL,NULL,NULL,0510AbuKhattabKalwadhani,OpenITI 2025.1.9
0510CawtabiSuhari,العوتبي، الصحاري,Cawtabi Suhari,NULL,NULL,"al-ʿAwtabī, al-Ṣuḥārī",NULL,0510,NULL,NULL,NULL,NULL,author,NULL,NULL,NULL,3,NULL,NULL,NULL,NULL,0510CawtabiSuhari,OpenITI 2025.1.9
0510IbnCaliAbuGhanaimNursi,محمد بن علي بن ميمون، أبو الغنائم النرسي الكوفي (المتوفى: 510هـ),Ibn Cali Abu Ghanaim Nursi,NULL,NULL,NULL,NULL,0510,NULL,NULL,NULL,NULL,author,NULL,NULL,NULL,2,NULL,NULL,NULL,NULL,0510IbnCaliAbuGhanaimNursi,OpenITI 2025.1.9
0510IbnMascudBaghawi,محيي السنة، أبو محمد الحسين بن مسعود بن محمد بن الفراء البغوي الشافعي (المتوفى: 516هـ),Ibn Mascud Baghawi,NULL,NULL,NULL,NULL,0510,NULL,NULL,NULL,NULL,author,NULL,NULL,NULL,6,NULL,NULL,NULL,NULL,0510IbnMascudBaghawi,OpenITI 2025.1.9
0511IbnMandaYahya,يحيى بن عبد الوهاب بن محمد ابن إسحاق بن محمد بن يحيى العبدي الأصبهاني، أبو زكريا، ابن منده (المتوفى: 511هـ),Ibn Manda Yahya,NULL,NULL,NULL,NULL,0511,NULL,NULL,NULL,NULL,author,NULL,NULL,NULL,4,NULL,NULL,NULL,NULL,0511IbnMandaYahya,OpenITI 2025.1.9
0511IbnNabhan,أبو نصر الخياط,Ibn Nabhan,NULL,NULL,NULL,NULL,0511,NULL,NULL,NULL,NULL,author,NULL,NULL,NULL,1,NULL,NULL,NULL,NULL,0511IbnNabhan,OpenITI 2025.1.9
0511SalmanIbnNasirArghiyani,NULL,Salman Ibn Nasir Arghiyani,NULL,NULL,NULL,NULL,0511,NULL,NULL,NULL,NULL,author,NULL,NULL,NULL,1,NULL,NULL,NULL,NULL,0511SalmanIbnNasirArghiyani,OpenITI 2025.1.9
0513AbuWafaIbnCaqil,أبو الوفاء، علي بن عقيل بن محمد بن عقيل البغدادي الحنبلي,Abu Wafa Ibn Caqil,NULL,NULL,NULL,NULL,0513,NULL,NULL,NULL,NULL,author,NULL,NULL,NULL,4,NULL,NULL,NULL,NULL,0513AbuWafaIbnCaqil,OpenITI 2025.1.9
0514HibatAllahSajzi,أبو نصر هبة الله بن عبد الجبار بن معاذ بن فاخر السجزي,Hibat Allah Sajzi,NULL,NULL,NULL,NULL,0514,NULL,NULL,NULL,NULL,author,NULL,NULL,NULL,1,NULL,NULL,NULL,NULL,0514HibatAllahSajzi,OpenITI 2025.1.9
0514IbnAhmadIsbahaniJarkani,أبو رجاء محمد بن أحمد بن محمد بن عبد الله الجركاني (المتوفى: 514هـ),Ibn Ahmad Isbahani Jarkani,NULL,NULL,NULL,NULL,0514,NULL,NULL,NULL,NULL,author,NULL,NULL,NULL,1,NULL,NULL,NULL,NULL,0514IbnAhmadIsbahaniJarkani,OpenITI 2025.1.9
0515AbuCaliHaddad,أبو علي الحسن بن أحمد بن الحسن الحداد المقرئ,Abu Cali Haddad,NULL,NULL,NULL,NULL,0515,NULL,NULL,NULL,NULL,author,NULL,NULL,NULL,1,NULL,NULL,NULL,NULL,0515AbuCaliHaddad,OpenITI 2025.1.9
0515CumarKhayyam,غياث الدين أبو الفتح عمر بن إبراهيم الخيام (المتوفى : 515هـ),Cumar Khayyam,NULL,NULL,NULL,NULL,0515,NULL,NULL,NULL,NULL,author,NULL,NULL,NULL,1,NULL,NULL,NULL,NULL,0515CumarKhayyam,OpenITI 2025.1.9
0515IbnHibatAllah,أمين الدولة محمد بن محمد بن هبة الله العلوي الحسيني أبو جعفر الأفطسي الطرابلسي (المتوفى: بعد 515هـ),Ibn Hibat Allah,NULL,NULL,NULL,NULL,0515,NULL,NULL,NULL,NULL,author,NULL,NULL,NULL,1,NULL,NULL,NULL,NULL,0515IbnHibatAllah,OpenITI 2025.1.9
0515IbnQattac,أبو القاسم علي بن جعفر السعدي,Ibn Qattac,NULL,NULL,NULL,NULL,0515,NULL,NULL,NULL,NULL,author,NULL,NULL,NULL,2,NULL,NULL,NULL,NULL,0515IbnQattac,OpenITI 2025.1.9
0515MascudSacd,مسعود سعد,Mascud Sacd,NULL,NULL,Masʿūd Saʿd,NULL,0515,NULL,NULL,NULL,NULL,author,NULL,NULL,NULL,2,NULL,NULL,NULL,NULL,0515MascudSacd,OpenITI 2025.1.9
0516IbnCabdWahidDaqqaqIsbahani,ابن عبد الواحد الدققاق الاصبهاني,Ibn Cabd Wahid Daqqaq Isbahani,NULL,NULL,Ibn ʿAbd al-Wāḥid al-Daqqāq al-Iṣbahānī,NULL,0516,NULL,NULL,NULL,NULL,author,NULL,NULL,NULL,2,NULL,NULL,NULL,NULL,0516IbnCabdWahidDaqqaqIsbahani,OpenITI 2025.1.9
0516IbnCaliHariri,القاسم بن علي الحريري,Ibn Cali Hariri,NULL,NULL,NULL,NULL,0516,NULL,NULL,NULL,NULL,author,NULL,NULL,NULL,3,NULL,NULL,NULL,NULL,0516IbnCaliHariri,OpenITI 2025.1.9
0517AbuNucaymHaddadIsbahani,أبو نعيم الحداد عبيد الله بن الحسن بن أحمد الأصبهاني,Abu Nucaym Haddad Isbahani,NULL,NULL,NULL,NULL,0517,NULL,NULL,NULL,NULL,author,NULL,NULL,NULL,1,NULL,NULL,NULL,NULL,0517AbuNucaymHaddadIsbahani,OpenITI 2025.1.9
0517AbuTahirBaghdadi,أبو طاهر البغدادي,Abu Tahir Baghdadi,NULL,NULL,Abū Ṭāhir al-Baġdādī,NULL,0517,NULL,NULL,NULL,NULL,author,NULL,NULL,NULL,1,NULL,NULL,NULL,NULL,0517AbuTahirBaghdadi,OpenITI 2025.1.9
0517IbnKhayyatShacir,ابن الخياط,Ibn Khayyat Shacir,NULL,NULL,NULL,NULL,0517,NULL,NULL,NULL,NULL,author,NULL,NULL,NULL,1,NULL,NULL,NULL,NULL,0517IbnKhayyatShacir,OpenITI 2025.1.9
0518IbnMuhammadMaydaniNaysaburi,ابن محمد الميداني النيسابوري,Ibn Muhammad Maydani Naysaburi,NULL,NULL,Ibn Muḥammad al-Maydānī al-Naysābūrī,NULL,0518,NULL,NULL,NULL,NULL,author,NULL,NULL,NULL,2,NULL,NULL,NULL,NULL,0518IbnMuhammadMaydaniNaysaburi,OpenITI 2025.1.9
0520IbnRushdJadd,أبو الوليد محمد بن أحمد بن رشد القرطبي (المتوفى: 520هـ),Ibn Rushd Jadd,NULL,NULL,NULL,NULL,0520,NULL,NULL,NULL,NULL,author,NULL,NULL,NULL,4,NULL,NULL,NULL,NULL,0520IbnRushdJadd,OpenITI 2025.1.9
0520IbnWalidTurtushi,الطرطوشي، ابن أبي رندقة (oر رندقة),Ibn Walid Turtushi,NULL,NULL,"al-Ṭurṭūšī, Ibn Abī Randaqaŧ (or Rundaqaŧ)",NULL,0520,NULL,NULL,NULL,NULL,author,NULL,NULL,NULL,2,NULL,NULL,NULL,NULL,0520IbnWalidTurtushi,OpenITI 2025.1.9
0521IbnMuhammadBatalyawsi,أبو محمد عبد الله بن محمد بن السيد البطليوسي الأندلسي,Ibn Muhammad Batalyawsi,NULL,NULL,NULL,NULL,0521,NULL,NULL,NULL,NULL,author,NULL,NULL,NULL,7,NULL,NULL,NULL,NULL,0521IbnMuhammadBatalyawsi,OpenITI 2025.1.9
0521MuhammadHamadhani,الهمداني,Muhammad Hamadhani,NULL,NULL,NULL,NULL,0521,NULL,NULL,NULL,NULL,author,NULL,NULL,NULL,1,NULL,NULL,NULL,NULL,0521MuhammadHamadhani,OpenITI 2025.1.9
0522HasibTabari,NULL,Hasib Tabari,NULL,NULL,NULL,NULL,0522,NULL,NULL,NULL,NULL,author,NULL,NULL,NULL,1,NULL,NULL,NULL,NULL,0522HasibTabari,OpenITI 2025.1.9
0522IbnKhusrawBalkhi,أبو عبد الله الحسين بن محمد بن خسرو البلخي (522 ه),Ibn Khusraw Balkhi,NULL,NULL,NULL,NULL,0522,NULL,NULL,NULL,NULL,author,NULL,NULL,NULL,1,NULL,NULL,NULL,NULL,0522IbnKhusrawBalkhi,OpenITI 2025.1.9
0523Anonymous,مؤلف مجهول,Anonymous,NULL,NULL,Muʾallif majhūl,NULL,0523,NULL,NULL,NULL,NULL,author,NULL,NULL,NULL,1,NULL,NULL,NULL,NULL,0523Anonymous,OpenITI 2025.1.9
0523IbnCabdWahidThaqafi,أبو الفضل جعفر بن عبد الواحد الثقفي,Ibn Cabd Wahid Thaqafi,NULL,NULL,NULL,NULL,0523,NULL,NULL,NULL,NULL,author,NULL,NULL,NULL,1,NULL,NULL,NULL,NULL,0523IbnCabdWahidThaqafi,OpenITI 2025.1.9
0524IbnAkfani,ابن الأكفاني,Ibn Akfani,NULL,NULL,Ibn al-Akfānī,NULL,0524,NULL,NULL,NULL,NULL,author,NULL,NULL,NULL,2,NULL,NULL,NULL,NULL,0524IbnAkfani,OpenITI 2025.1.9
0524IbnTumart,ابن تومرت,Ibn Tumart,NULL,NULL,Ibn Tūmart,NULL,0524,NULL,NULL,NULL,NULL,author,NULL,NULL,NULL,2,NULL,NULL,NULL,NULL,0524IbnTumart,OpenITI 2025.1.9
0525AbuQasimIbnHusayn,أبو القاسم بن الحسين,Abu Qasim Ibn Husayn,NULL,NULL,Abū al-Qāsim b. al-Ḥusayn,NULL,0525,NULL,NULL,NULL,NULL,author,NULL,NULL,NULL,1,NULL,NULL,NULL,NULL,0525AbuQasimIbnHusayn,OpenITI 2025.1.9
0525Anonymous,NULL,Anonymous,NULL,NULL,NULL,NULL,0525,NULL,NULL,NULL,NULL,author,NULL,NULL,NULL,1,NULL,NULL,NULL,NULL,0525Anonymous,OpenITI 2025.1.9
0525CaynQudatHamadani,NULL,Cayn Qudat Hamadani,NULL,NULL,NULL,NULL,0525,NULL,NULL,NULL,NULL,author,NULL,NULL,NULL,1,NULL,NULL,NULL,NULL,0525CaynQudatHamadani,OpenITI 2025.1.9
0525IbnAhmadIbnHattabRazi,ابن الحطاب أبو عبد الله الرازي، محمد بن أحمد بن إبراهيم (المتوفى: 525هـ),Ibn Ahmad Ibn Hattab Razi,NULL,NULL,NULL,NULL,0525,NULL,NULL,NULL,NULL,author,NULL,NULL,NULL,2,NULL,NULL,NULL,NULL,0525IbnAhmadIbnHattabRazi,OpenITI 2025.1.9
0525IbnCaliTabari,عماد الدين الطبري‏,Ibn Cali Tabari,NULL,NULL,NULL,NULL,0525,NULL,NULL,NULL,NULL,author,NULL,NULL,NULL,1,NULL,NULL,NULL,NULL,0525IbnCaliTabari,OpenITI 2025.1.9
0525Sanai,حكيم أبو المجد مجدود بن آدل سنائي غزنوي,Sanai,NULL,NULL,Ḥakīm Abū al-Maǧd Maǧdūd b. Ādal Sanāʾī Ġaznawī,NULL,0525,NULL,NULL,NULL,NULL,author,NULL,NULL,NULL,3,NULL,NULL,NULL,NULL,0525Sanai,OpenITI 2025.1.9
0526IbnAbiYacla,ابن أبي يعلى,Ibn Abi Yacla,NULL,NULL,Ibn Abī Yaʿlá,NULL,0526,NULL,NULL,NULL,NULL,author,NULL,NULL,NULL,3,NULL,NULL,NULL,NULL,0526IbnAbiYacla,OpenITI 2025.1.9
0527AbuGhalibIbnBanna,أبو غالب أحمد بن الحسن بن أحمد البناء المقرئ,Abu Ghalib Ibn Banna,NULL,NULL,NULL,NULL,0527,NULL,NULL,NULL,NULL,author,NULL,NULL,NULL,1,NULL,NULL,NULL,NULL,0527AbuGhalibIbnBanna,OpenITI 2025.1.9
0527IbnHamdis,عبد الجبار بن حمديس,Ibn Hamdis,NULL,NULL,NULL,NULL,0527,NULL,NULL,NULL,NULL,author,NULL,NULL,NULL,1,NULL,NULL,NULL,NULL,0527IbnHamdis,OpenITI 2025.1.9
0527IbnMuhammadIsbahaniYunarati,أبو نصر الحسن بن محمد بن إبراهيم بن أحمد بن علي اليونارتي، الأصبهاني (المتوفى: 527هـ),Ibn Muhammad Isbahani Yunarati,NULL,NULL,NULL,NULL,0527,NULL,NULL,NULL,NULL,author,NULL,NULL,NULL,1,NULL,NULL,NULL,NULL,0527IbnMuhammadIsbahaniYunarati,OpenITI 2025.1.9
0528HakamIbnAbiSalt,أمية بن عبد العزيز الأندلسي أبو الصلت (1068 1134م),Hakam Ibn Abi Salt,NULL,NULL,NULL,NULL,0528,NULL,NULL,NULL,NULL,author,NULL,NULL,NULL,1,NULL,NULL,NULL,NULL,0528HakamIbnAbiSalt,OpenITI 2025.1.9
0528IbnMuhammadIbnHaqanIshbili,ابن خاقان,Ibn Muhammad Ibn Haqan Ishbili,NULL,NULL,NULL,NULL,0528,NULL,NULL,NULL,NULL,author,NULL,NULL,NULL,1,NULL,NULL,NULL,NULL,0528IbnMuhammadIbnHaqanIshbili,OpenITI 2025.1.9
0528IbnZaqqaqBalansi,ابن الزقاق البلنسي,Ibn Zaqqaq Balansi,NULL,NULL,NULL,NULL,0528,NULL,NULL,NULL,NULL,author,NULL,NULL,NULL,1,NULL,NULL,NULL,NULL,0528IbnZaqqaqBalansi,OpenITI 2025.1.9
0529CabdGhafirFarisi,عبد الغافر بن إسماعيل بن عبد الغافر ابن محمد الفارسي (المتوفى: 529هـ),Cabd Ghafir Farisi,NULL,NULL,NULL,NULL,0529,NULL,NULL,NULL,NULL,author,NULL,NULL,NULL,1,NULL,NULL,NULL,NULL,0529CabdGhafirFarisi,OpenITI 2025.1.9
0529FathIbnKhaqan,الفتح بن خاقان بن أحمد بن غرطوج، أبو محمد (المتوفى: 247هـ),Fath Ibn Khaqan,NULL,NULL,NULL,NULL,0529,NULL,NULL,NULL,NULL,author,NULL,NULL,NULL,1,NULL,NULL,NULL,NULL,0529FathIbnKhaqan,OpenITI 2025.1.9
0530FurawiSacidi,أبو عبد الله محمد بن الفضل بن أحمد الصاعدي الفراوي,Furawi Sacidi,NULL,NULL,NULL,NULL,0530,NULL,NULL,NULL,NULL,author,NULL,NULL,NULL,2,NULL,NULL,NULL,NULL,0530FurawiSacidi,OpenITI 2025.1.9
0530IbnBalkhi,ابن البلخي,Ibn Balkhi,NULL,NULL,Ibn al-Balḫī,NULL,0530,NULL,NULL,NULL,NULL,author,NULL,NULL,NULL,1,NULL,NULL,NULL,NULL,0530IbnBalkhi,OpenITI 2025.1.9
0531JamalDinAbuRawh,NULL,Jamal Din Abu Rawh,NULL,NULL,NULL,NULL,0531,NULL,NULL,NULL,NULL,author,NULL,NULL,NULL,1,NULL,NULL,NULL,NULL,0531JamalDinAbuRawh,OpenITI 2025.1.9
0532IbnCabadaDani,أبو العباس أحمد بن طاهر الداني الأندلسي (المتوفى: 532 ه),Ibn Cabada Dani,NULL,NULL,NULL,NULL,0532,NULL,NULL,NULL,NULL,author,NULL,NULL,NULL,1,NULL,NULL,NULL,NULL,0532IbnCabadaDani,OpenITI 2025.1.9
0532IbnCumarGhaziIsbahani,أبو نصر أحمد بن عمر بن محمد بن عبد الله بن محمد الأصبهاني، الغازي (المتوفى: 532هـ),Ibn Cumar Ghazi Isbahani,NULL,NULL,NULL,NULL,0532,NULL,NULL,NULL,NULL,author,NULL,NULL,NULL,1,NULL,NULL,NULL,NULL,0532IbnCumarGhaziIsbahani,OpenITI 2025.1.9
0533IbnBajja,محمد بن يحيى بن باجه، وقد يعرف بابن الصائغ، أبو بكر التجيبى الأندلسي السرقسطى (المتوفى: 533هـ),Ibn Bajja,NULL,NULL,NULL,NULL,0533,NULL,NULL,NULL,NULL,author,NULL,NULL,NULL,1,NULL,NULL,NULL,NULL,0533IbnBajja,OpenITI 2025.1.9
0533IbnKhafajaShacir,ابن خفاجة,Ibn Khafaja Shacir,NULL,NULL,NULL,NULL,0533,NULL,NULL,NULL,NULL,author,NULL,NULL,NULL,1,NULL,NULL,NULL,NULL,0533IbnKhafajaShacir,OpenITI 2025.1.9
0533IbnTahirAbuQasimShahhami,زاهر بن طاهر الشحامي,Ibn Tahir Abu Qasim Shahhami,NULL,NULL,Zāhir b. Ṭāhir al-Šaḥḥāmī,NULL,0533,NULL,NULL,NULL,NULL,author,NULL,NULL,NULL,5,NULL,NULL,NULL,NULL,0533IbnTahirAbuQasimShahhami,OpenITI 2025.1.9
0533Kharaqi,الخرقي,Kharaqi,NULL,NULL,al-Ḫaraqī,NULL,0533,NULL,NULL,NULL,NULL,author,NULL,NULL,NULL,1,NULL,NULL,NULL,NULL,0533Kharaqi,OpenITI 2025.1.9
0535QadiMaristan,قاضي المارستان,Qadi Maristan,NULL,NULL,Qāḍī al-Māristān,NULL,0535,NULL,NULL,NULL,NULL,author,NULL,NULL,NULL,1,NULL,NULL,NULL,NULL,0535QadiMaristan,OpenITI 2025.1.9
0535QawwamSunna,قوام السنة,Qawwam Sunna,NULL,NULL,Qawwām al-Sunnaŧ,NULL,0535,NULL,NULL,NULL,NULL,author,NULL,NULL,NULL,9,NULL,NULL,NULL,NULL,0535QawwamSunna,OpenITI 2025.1.9
0535YehudaHalevi,يهوذا اللاوي,Yehuda Halevi,NULL,NULL,Yahūḏā al-Lāwī,NULL,0535,NULL,NULL,NULL,NULL,author,NULL,NULL,NULL,1,NULL,NULL,NULL,NULL,0535YehudaHalevi,OpenITI 2025.1.9
0536AbuTahirTanukhi,أبو الطاهر إبراهيم بن عبد الصمد بن بشير التنوخي المهدوي (المتوفى: بعد 536هـ),Abu Tahir Tanukhi,NULL,NULL,NULL,NULL,0536,NULL,NULL,NULL,NULL,author,NULL,NULL,NULL,1,NULL,NULL,NULL,NULL,0536AbuTahirTanukhi,OpenITI 2025.1.9
0536IbnAhmadAbuQasimSamarqandi,أبو القاسم السمرقندي,Ibn Ahmad Abu Qasim Samarqandi,NULL,NULL,Abū al-Qāsim al-Samarqandī,NULL,0536,NULL,NULL,NULL,NULL,author,NULL,NULL,NULL,4,NULL,NULL,NULL,NULL,0536IbnAhmadAbuQasimSamarqandi,OpenITI 2025.1.9
0536IbnCaliMazariTamimi,المازري,Ibn Cali Mazari Tamimi,NULL,NULL,NULL,NULL,0536,NULL,NULL,NULL,NULL,author,NULL,NULL,NULL,3,NULL,NULL,NULL,NULL,0536IbnCaliMazariTamimi,OpenITI 2025.1.9
0536IbnCarif,ابن العريف,Ibn Carif,NULL,NULL,Ibn al-ʿArīf,NULL,0536,NULL,NULL,NULL,NULL,author,NULL,NULL,NULL,1,NULL,NULL,NULL,NULL,0536IbnCarif,OpenITI 2025.1.9
0536SadrShahid,برهان الأئمة حسام الدين عمر بن عبد العزيز بن مازة البخاري المعروف بالصدر الشهيد (المتوفى شهيدا: سنة 536 ه),Sadr Shahid,NULL,NULL,NULL,NULL,0536,NULL,NULL,NULL,NULL,author,NULL,NULL,NULL,1,NULL,NULL,NULL,NULL,0536SadrShahid,OpenITI 2025.1.9
0536ZhandaPil,žند پيل,Zhanda Pil,NULL,NULL,Žanda Pīl,NULL,0536,NULL,NULL,NULL,NULL,author,NULL,NULL,NULL,1,NULL,NULL,NULL,NULL,0536ZhandaPil,OpenITI 2025.1.9
0537AbuHafsNasafi,NULL,Abu Hafs Nasafi,NULL,NULL,NULL,NULL,0537,NULL,NULL,NULL,NULL,author,NULL,NULL,NULL,1,NULL,NULL,NULL,NULL,0537AbuHafsNasafi,OpenITI 2025.1.9
0537IbnMuhammadTabasi,عبد الرزاق بن محمد بن أبي نصر أحمد بن محمد بن عيسى بن عمار أبو المحاسن الطبسي (المتوفى: 537هـ),Ibn Muhammad Tabasi,NULL,NULL,NULL,NULL,0537,NULL,NULL,NULL,NULL,author,NULL,NULL,NULL,1,NULL,NULL,NULL,NULL,0537IbnMuhammadTabasi,OpenITI 2025.1.9
0537NajmDinAbuHafsNasafi,نجم الدين عمر بن محمد بن أحمد النسفي (537 ه),Najm Din Abu Hafs Nasafi,NULL,NULL,NULL,NULL,0537,NULL,NULL,NULL,NULL,author,NULL,NULL,NULL,3,NULL,NULL,NULL,NULL,0537NajmDinAbuHafsNasafi,OpenITI 2025.1.9
0538IbnQasimShafici,أبو بكر محمد بن القاسم بن المظفر بن علي الشافعي,Ibn Qasim Shafici,NULL,NULL,NULL,NULL,0538,NULL,NULL,NULL,NULL,author,NULL,NULL,NULL,1,NULL,NULL,NULL,NULL,0538IbnQasimShafici,OpenITI 2025.1.9
0538JarAllahZamakhshari,جار الله الزمخشري,Jar Allah Zamakhshari,NULL,NULL,Jār Allāh al-Zamaḫšarī,NULL,0538,NULL,NULL,NULL,NULL,author,NULL,NULL,NULL,13,NULL,NULL,NULL,NULL,0538JarAllahZamakhshari,OpenITI 2025.1.9
0540AbuMansurJawaliqi,موهوب بن أحمد بن محمد بن الخضر,Abu Mansur Jawaliqi,NULL,NULL,NULL,NULL,0540,NULL,NULL,NULL,NULL,author,NULL,NULL,NULL,3,NULL,NULL,NULL,NULL,0540AbuMansurJawaliqi,OpenITI 2025.1.9
0540IbnAhmadAbuSacdIsbahani,أبو سعد أحمد بن محمد بن أحمد بن الحسن بن علي بن أحمد بن سليمان االبغدادي الأصل، الأصبهاني (المتوفى: 540هـ),Ibn Ahmad Abu Sacd Isbahani,NULL,NULL,NULL,NULL,0540,NULL,NULL,NULL,NULL,author,NULL,NULL,NULL,2,NULL,NULL,NULL,NULL,0540IbnAhmadAbuSacdIsbahani,OpenITI 2025.1.9
0540IbnAhmadCalaDinSamarqandi,السمرقندي، علاء الدين,Ibn Ahmad Cala Din Samarqandi,NULL,NULL,NULL,NULL,0540,NULL,NULL,NULL,NULL,author,NULL,NULL,NULL,2,NULL,NULL,NULL,NULL,0540IbnAhmadCalaDinSamarqandi,OpenITI 2025.1.9
0540IbnBadhish,أحمد بن علي بن أحمد بن خلف الأنصاري الغرناطي، أبو جعفر، المعروف بابن الباذش (المتوفى: 540هـ),Ibn Badhish,NULL,NULL,NULL,NULL,0540,NULL,NULL,NULL,NULL,author,NULL,NULL,NULL,1,NULL,NULL,NULL,NULL,0540IbnBadhish,OpenITI 2025.1.9
0540IbnSahlan,ابن سهلان,Ibn Sahlan,NULL,NULL,NULL,NULL,0540,NULL,NULL,NULL,NULL,author,NULL,NULL,NULL,1,NULL,NULL,NULL,NULL,0540IbnSahlan,OpenITI 2025.1.9
0541IbnAhmadShaykhShuyukhSufi,إسماعيل بن أحمد بن محمد أبو البركات بن أبي سعد الصوفي المعروف بشيخ الشيوخ (المتوفى: 541هـ),Ibn Ahmad Shaykh Shuyukh Sufi,NULL,NULL,NULL,NULL,0541,NULL,NULL,NULL,NULL,author,NULL,NULL,NULL,1,NULL,NULL,NULL,NULL,0541IbnAhmadShaykhShuyukhSufi,OpenITI 2025.1.9
0541IbnCatiyyaAndalusi,الامام القاضي أبي محمد عبد الحق بن عطية المحاربي الاندلسي,Ibn Catiyya Andalusi,NULL,NULL,NULL,NULL,0541,NULL,NULL,NULL,NULL,author,NULL,NULL,NULL,2,NULL,NULL,NULL,NULL,0541IbnCatiyyaAndalusi,OpenITI 2025.1.9
0542IbnBassamShantarini,أبو الحسن علي بن بسام الشنتريني,Ibn Bassam Shantarini,NULL,NULL,NULL,NULL,0542,NULL,NULL,NULL,NULL,author,NULL,NULL,NULL,1,NULL,NULL,NULL,NULL,0542IbnBassamShantarini,OpenITI 2025.1.9
0542IbnCaliDiyaDinIbnShajari,ابن الشجري,Ibn Cali Diya Din Ibn Shajari,NULL,NULL,NULL,NULL,0542,NULL,NULL,NULL,NULL,author,NULL,NULL,NULL,3,NULL,NULL,NULL,NULL,0542IbnCaliDiyaDinIbnShajari,OpenITI 2025.1.9
0542IbnCaliIbnJullabiWasiti,القاضي، أبو عبد الله محمد بن علي بن محمد بن محمد بن الطيب بن الجلابي - بالضم - الواسطي، المالكي، المغازلي، المعدل، الشروطي (المتوفى: 542هـ),Ibn Cali Ibn Jullabi Wasiti,NULL,NULL,NULL,NULL,0542,NULL,NULL,NULL,NULL,author,NULL,NULL,NULL,1,NULL,NULL,NULL,NULL,0542IbnCaliIbnJullabiWasiti,OpenITI 2025.1.9
0542IbnMunjibTajRiyasaIbnSayrafi,ابن منجب تاج الرياسة ابن الصيرفي,Ibn Munjib Taj Riyasa Ibn Sayrafi,NULL,NULL,Ibn Munjib Tāj al-Riyāsaŧ Ibn al-Ṣayrafī,NULL,0542,NULL,NULL,NULL,NULL,author,NULL,NULL,NULL,3,NULL,NULL,NULL,NULL,0542IbnMunjibTajRiyasaIbnSayrafi,OpenITI 2025.1.9
0543IbnCarabiIshbili,ابن العربي,Ibn Carabi Ishbili,NULL,NULL,NULL,NULL,0543,NULL,NULL,NULL,NULL,author,NULL,NULL,NULL,8,NULL,NULL,NULL,NULL,0543IbnCarabiIshbili,OpenITI 2025.1.9
0543IbnHusaynBaquliIsbahani,عبد الرحمن بن ناصر بن عبد الله السعدي (المتوفى : 1376هـ),Ibn Husayn Baquli Isbahani,NULL,NULL,NULL,NULL,0543,NULL,NULL,NULL,NULL,author,NULL,NULL,NULL,1,NULL,NULL,NULL,NULL,0543IbnHusaynBaquliIsbahani,OpenITI 2025.1.9
0543IbnIbrahimHamadhaniJurqani,الحسين بن إبراهيم بن الحسين بن جعفر، أبو عبد الله الهمذاني الجورقاني (المتوفى: 543هـ),Ibn Ibrahim Hamadhani Jurqani,NULL,NULL,NULL,NULL,0543,NULL,NULL,NULL,NULL,author,NULL,NULL,NULL,1,NULL,NULL,NULL,NULL,0543IbnIbrahimHamadhaniJurqani,OpenITI 2025.1.9
0544IbnAmin,ابن الأمين,Ibn Amin,NULL,NULL,Ibn al-Amīn,NULL,0544,NULL,NULL,NULL,NULL,author,NULL,NULL,NULL,1,NULL,NULL,NULL,NULL,0544IbnAmin,OpenITI 2025.1.9
0544MuhammadNumayri,محمد بن عبد الرحمن بن علي النميري (544 ه),Muhammad Numayri,NULL,NULL,NULL,NULL,0544,NULL,NULL,NULL,NULL,author,NULL,NULL,NULL,1,NULL,NULL,NULL,NULL,0544MuhammadNumayri,OpenITI 2025.1.9
0544QadiCiyad,القاضي عياض,Qadi Ciyad,NULL,NULL,al-Qāḍī ʿIyāḍ,NULL,0544,NULL,NULL,NULL,NULL,author,NULL,NULL,NULL,7,NULL,NULL,NULL,NULL,0544QadiCiyad,OpenITI 2025.1.9
0548IbnHasanTabarsi,الشيخ الطبرسي,Ibn Hasan Tabarsi,NULL,NULL,NULL,NULL,0548,NULL,NULL,NULL,NULL,author,NULL,NULL,NULL,6,NULL,NULL,NULL,NULL,0548IbnHasanTabarsi,OpenITI 2025.1.9
0548IbnQaysaraniShacir,ابن القيسراني,Ibn Qaysarani Shacir,NULL,NULL,NULL,NULL,0548,NULL,NULL,NULL,NULL,author,NULL,NULL,NULL,1,NULL,NULL,NULL,NULL,0548IbnQaysaraniShacir,OpenITI 2025.1.9
0548IbnYahyaAbuSacdNaysaburi,محمد بن يحيى بن منصور، أبو سعد، محيي الدين النيسابورى (المتوفى: 548هـ),Ibn Yahya Abu Sacd Naysaburi,NULL,NULL,NULL,NULL,0548,NULL,NULL,NULL,NULL,author,NULL,NULL,NULL,1,NULL,NULL,NULL,NULL,0548IbnYahyaAbuSacdNaysaburi,OpenITI 2025.1.9
0548Shahrastani,الشهرستاني,Shahrastani,NULL,NULL,al-Šahrastānī,NULL,0548,NULL,NULL,NULL,NULL,author,NULL,NULL,NULL,3,NULL,NULL,NULL,NULL,0548Shahrastani,OpenITI 2025.1.9
0549CabdKhaliqShahhami,عبد الخالق بن زاهر بن طاهر الشحامي,Cabd Khaliq Shahhami,NULL,NULL,NULL,NULL,0549,NULL,NULL,NULL,NULL,author,NULL,NULL,NULL,1,NULL,NULL,NULL,NULL,0549CabdKhaliqShahhami,OpenITI 2025.1.9
0550AbuCabdAllahZuhri,أبو عبد الله الزهري,Abu Cabd Allah Zuhri,NULL,NULL,Abū ʿAbd Allāh al-Zuhrī,NULL,0550,NULL,NULL,NULL,NULL,author,NULL,NULL,NULL,1,NULL,NULL,NULL,NULL,0550AbuCabdAllahZuhri,OpenITI 2025.1.9
0550AbuHajjajAshcari,أبو الحسن القرطبي,Abu Hajjaj Ashcari,NULL,NULL,NULL,NULL,0550,NULL,NULL,NULL,NULL,author,NULL,NULL,NULL,1,NULL,NULL,NULL,NULL,0550AbuHajjajAshcari,OpenITI 2025.1.9
0550AbuMacaliGhaznawi,NULL,Abu Macali Ghaznawi,NULL,NULL,NULL,NULL,0550,NULL,NULL,NULL,NULL,author,NULL,NULL,NULL,1,NULL,NULL,NULL,NULL,0550AbuMacaliGhaznawi,OpenITI 2025.1.9
0550AbuSacidCalai,NULL,Abu Sacid Calai,NULL,NULL,NULL,NULL,0550,NULL,NULL,NULL,NULL,author,NULL,NULL,NULL,1,NULL,NULL,NULL,NULL,0550AbuSacidCalai,OpenITI 2025.1.9
0550AbuTahirTartusi,أبو طاهر الطرطوسي,Abu Tahir Tartusi,NULL,NULL,Abū Ṭāhir al-Ṭarṭūsī,NULL,0550,NULL,NULL,NULL,NULL,author,NULL,NULL,NULL,1,NULL,NULL,NULL,NULL,0550AbuTahirTartusi,OpenITI 2025.1.9
0550Anonymous,NULL,Anonymous,NULL,NULL,NULL,NULL,0550,NULL,NULL,NULL,NULL,author,NULL,NULL,NULL,2,NULL,NULL,NULL,NULL,0550Anonymous,OpenITI 2025.1.9
0550AnonymousCompiler,أنoنيمoس coمپلeر,Anonymous Compiler,NULL,NULL,Anonymous Compiler,NULL,0550,NULL,NULL,NULL,NULL,author,NULL,NULL,NULL,1,NULL,NULL,NULL,NULL,0550AnonymousCompiler,OpenITI 2025.1.9
0550IbnBahramHarami,ابن بهرام الحرمي,Ibn Bahram Harami,NULL,NULL,Ibn Bahrām al-Ḥaramī,NULL,0550,NULL,NULL,NULL,NULL,author,NULL,NULL,NULL,1,NULL,NULL,NULL,NULL,0550IbnBahramHarami,OpenITI 2025.1.9
0550IbnCamrSamani,ابن عمرو الساماني,Ibn Camr Samani,NULL,NULL,Ibn ʿAmrů al-Sāmānī,NULL,0550,NULL,NULL,NULL,NULL,author,NULL,NULL,NULL,2,NULL,NULL,NULL,NULL,0550IbnCamrSamani,OpenITI 2025.1.9
0550IbnIbrahimAzdiSalmasi,أبو زكريا يحيى بن إبراهيم بن أحمد بن محمد أبو بكر بن أبي طاهر الأزدي السلماسي (المتوفى: 550هـ),Ibn Ibrahim Azdi Salmasi,NULL,NULL,NULL,NULL,0550,NULL,NULL,NULL,NULL,author,NULL,NULL,NULL,1,NULL,NULL,NULL,NULL,0550IbnIbrahimAzdiSalmasi,OpenITI 2025.1.9
0550IbnNasirAbuFadlSallami,محمد بن ناصر بن محمد بن علي، أبو الفضل السلامي (المتوفى: 550هـ),Ibn Nasir Abu Fadl Sallami,NULL,NULL,NULL,NULL,0550,NULL,NULL,NULL,NULL,author,NULL,NULL,NULL,1,NULL,NULL,NULL,NULL,0550IbnNasirAbuFadlSallami,OpenITI 2025.1.9
0550KatibArjani,NULL,Katib Arjani,NULL,NULL,NULL,NULL,0550,NULL,NULL,NULL,NULL,author,NULL,NULL,NULL,1,NULL,NULL,NULL,NULL,0550KatibArjani,OpenITI 2025.1.9
0550NizamiCarudi,NULL,Nizami Carudi,NULL,NULL,NULL,NULL,0550,NULL,NULL,NULL,NULL,author,NULL,NULL,NULL,1,NULL,NULL,NULL,NULL,0550NizamiCarudi,OpenITI 2025.1.9
0550SaqatiMaliqi,السقطي المالقي,Saqati Maliqi,NULL,NULL,NULL,NULL,0550,NULL,NULL,NULL,NULL,author,NULL,NULL,NULL,1,NULL,NULL,NULL,NULL,0550SaqatiMaliqi,OpenITI 2025.1.9
0550Wisyani,الوسياني,Wisyani,NULL,NULL,al-Wisyānī,NULL,0550,NULL,NULL,NULL,NULL,author,NULL,NULL,NULL,1,NULL,NULL,NULL,NULL,0550Wisyani,OpenITI 2025.1.9
0552CalaUsmandi,العَلَاءَ الأُسْمَنْدي,Cala Usmandi,NULL,NULL,NULL,NULL,0552,NULL,NULL,NULL,NULL,author,NULL,NULL,NULL,2,NULL,NULL,NULL,NULL,0552CalaUsmandi,OpenITI 2025.1.9
0553BayanHaqqNaysaburi,بيان الحقق النيسابوري,Bayan Haqq Naysaburi,NULL,NULL,Bayān al-Ḥaqq al-Naysābūrī,NULL,0553,NULL,NULL,NULL,NULL,author,NULL,NULL,NULL,2,NULL,NULL,NULL,NULL,0553BayanHaqqNaysaburi,OpenITI 2025.1.9
0555IbnMuhammadHamadhaniTai,محمد بن محمد بن علي، أبو الفتوح الطائي الهمذاني (المتوفى: 555هـ),Ibn Muhammad Hamadhani Tai,NULL,NULL,NULL,NULL,0555,NULL,NULL,NULL,NULL,author,NULL,NULL,NULL,1,NULL,NULL,NULL,NULL,0555IbnMuhammadHamadhaniTai,OpenITI 2025.1.9
0555IbnQalanisi,ابن القلانسي,Ibn Qalanisi,NULL,NULL,Ibn al-Qalānisī,NULL,0555,NULL,NULL,NULL,NULL,author,NULL,NULL,NULL,1,NULL,NULL,NULL,NULL,0555IbnQalanisi,OpenITI 2025.1.9
0557IbnCabdAllahKindi,ابن عبد الله الكندي,Ibn Cabd Allah Kindi,NULL,NULL,Ibn ʿAbd Allāh al-Kindī,NULL,0557,NULL,NULL,NULL,NULL,author,NULL,NULL,NULL,1,NULL,NULL,NULL,NULL,0557IbnCabdAllahKindi,OpenITI 2025.1.9
0557IbnZuhr,عبد الملك بن أبي العلاء ابن زهر,Ibn Zuhr,NULL,NULL,ʿAbd al-Malik b. Abī al-ʿAlāʾ Ibn Zuhr,NULL,0557,NULL,NULL,NULL,NULL,author,NULL,NULL,NULL,1,NULL,NULL,NULL,NULL,0557IbnZuhr,OpenITI 2025.1.9
0558IbnAbiKhayrCimraniYamani,أبو الحسين يحيى بن أبي الخير بن سالم العمراني اليمني الشافعي (المتوفى: 558هـ),Ibn Abi Khayr Cimrani Yamani,NULL,NULL,NULL,NULL,0558,NULL,NULL,NULL,NULL,author,NULL,NULL,NULL,2,NULL,NULL,NULL,NULL,0558IbnAbiKhayrCimraniYamani,OpenITI 2025.1.9
0559HamidiBalkhi,NULL,Hamidi Balkhi,NULL,NULL,NULL,NULL,0559,NULL,NULL,NULL,NULL,author,NULL,NULL,NULL,1,NULL,NULL,NULL,NULL,0559HamidiBalkhi,OpenITI 2025.1.9
0560AbuMansurTabarsi,أبي منصور أحمد بن علي بن أبي طالب الطبرسي,Abu Mansur Tabarsi,NULL,NULL,NULL,NULL,0560,NULL,NULL,NULL,NULL,author,NULL,NULL,NULL,1,NULL,NULL,NULL,NULL,0560AbuMansurTabarsi,OpenITI 2025.1.9
0560IbnHamzaTusi,ابن حمزة الطوسي,Ibn Hamza Tusi,NULL,NULL,NULL,NULL,0560,NULL,NULL,NULL,NULL,author,NULL,NULL,NULL,2,NULL,NULL,NULL,NULL,0560IbnHamzaTusi,OpenITI 2025.1.9
0560SharifIdrisi,الشريف الادريسي,Sharif Idrisi,NULL,NULL,al-Šarīf al-Idrīsī,NULL,0560,NULL,NULL,NULL,NULL,author,NULL,NULL,NULL,1,NULL,NULL,NULL,NULL,0560SharifIdrisi,OpenITI 2025.1.9
0560WazirIbnHubayraShaybani,يحيى بن (هبيرة بن) محمد بن هبيرة الذهلي الشيباني، أبو المظفر، عون الدين (المتوفى: 560ه),Wazir Ibn Hubayra Shaybani,NULL,NULL,NULL,NULL,0560,NULL,NULL,NULL,NULL,author,NULL,NULL,NULL,2,NULL,NULL,NULL,NULL,0560WazirIbnHubayraShaybani,OpenITI 2025.1.9
0561CabdQadirJilani,عبد القادر الجيلاني,Cabd Qadir Jilani,NULL,NULL,ʿAbd al-Qādir al-Jīlānī,NULL,0561,NULL,NULL,NULL,NULL,author,NULL,NULL,NULL,7,NULL,NULL,NULL,NULL,0561CabdQadirJilani,OpenITI 2025.1.9
0561NasrIskandari,نصر بن عبد الرحمن الإسكندري,Nasr Iskandari,NULL,NULL,NULL,NULL,0561,NULL,NULL,NULL,NULL,author,NULL,NULL,NULL,1,NULL,NULL,NULL,NULL,0561NasrIskandari,OpenITI 2025.1.9
0562IbnHamdun,ابن حمدون محمد بن الحسن بن محمد بن علي,Ibn Hamdun,NULL,NULL,NULL,NULL,0562,NULL,NULL,NULL,NULL,author,NULL,NULL,NULL,1,NULL,NULL,NULL,NULL,0562IbnHamdun,OpenITI 2025.1.9
0562IbnHasanIsbahaniThaqafi,أبو الفرج مسعود بن الحسن الثقفي الأصبهاني (المتوفى: 562هـ),Ibn Hasan Isbahani Thaqafi,NULL,NULL,NULL,NULL,0562,NULL,NULL,NULL,NULL,author,NULL,NULL,NULL,2,NULL,NULL,NULL,NULL,0562IbnHasanIsbahaniThaqafi,OpenITI 2025.1.9
0562Samcani,السمعاني,Samcani,NULL,NULL,al-Samʿānī,NULL,0562,NULL,NULL,NULL,NULL,author,NULL,NULL,NULL,5,NULL,NULL,NULL,NULL,0562Samcani,OpenITI 2025.1.9
0563AbuCalaKirmani,محمد بن أبي المحاسن محمود بن أبي الفتح محمد بن أبي شجاع أحمد الكرماني، أبو العلاء الحنفي (المتوفى: بعد 563هـ),Abu Cala Kirmani,NULL,NULL,NULL,NULL,0563,NULL,NULL,NULL,NULL,author,NULL,NULL,NULL,1,NULL,NULL,NULL,NULL,0563AbuCalaKirmani,OpenITI 2025.1.9
0563IbnCaliTamidhi,عبد الله بن علي الطامذي,Ibn Cali Tamidhi,NULL,NULL,NULL,NULL,0563,NULL,NULL,NULL,NULL,author,NULL,NULL,NULL,1,NULL,NULL,NULL,NULL,0563IbnCaliTamidhi,OpenITI 2025.1.9
0563IbnMuqarrabBaghdadiKarkhi,ابن المقرب البغدادي,Ibn Muqarrab Baghdadi Karkhi,NULL,NULL,Ibn al-Muqarrib al-Baġdādī,NULL,0563,NULL,NULL,NULL,NULL,author,NULL,NULL,NULL,1,NULL,NULL,NULL,NULL,0563IbnMuqarrabBaghdadiKarkhi,OpenITI 2025.1.9
0563RashidAswani,أحمد بن الرشيد ابن الزبير,Rashid Aswani,NULL,NULL,Aḥmad b. al-Rašīd Ibn al-Zubayr,NULL,0563,NULL,NULL,NULL,NULL,author,NULL,NULL,NULL,1,NULL,NULL,NULL,NULL,0563RashidAswani,OpenITI 2025.1.9
0564CabdKhaliqIbnAsadHanafi,عبد الخالق بن أسد بن ثابت، الفقيه أبو محمد الدمشقي الحنفي المحدث الأطرابلسي الأصل (المتوفى: 564ه),Cabd Khaliq Ibn Asad Hanafi,NULL,NULL,NULL,NULL,0564,NULL,NULL,NULL,NULL,author,NULL,NULL,NULL,1,NULL,NULL,NULL,NULL,0564CabdKhaliqIbnAsadHanafi,OpenITI 2025.1.9
0564IbnFakhir,معمر بن عبد الواحد بن رجاء بن عبد الواحد بن محمد بن الفاخر أبو أحمد القرشي العبشمي السمري الاصبهاني,Ibn Fakhir,NULL,NULL,NULL,NULL,0564,NULL,NULL,NULL,NULL,author,NULL,NULL,NULL,2,NULL,NULL,NULL,NULL,0564IbnFakhir,OpenITI 2025.1.9
0564IbnNasrIbnDajajiHanbali,سعد الله بن نصر بن سعيد الحنبلي المعروف بابن الدجاجي (المتوفى: 564هـ),Ibn Nasr Ibn Dajaji Hanbali,NULL,NULL,NULL,NULL,0564,NULL,NULL,NULL,NULL,author,NULL,NULL,NULL,1,NULL,NULL,NULL,NULL,0564IbnNasrIbnDajajiHanbali,OpenITI 2025.1.9
0565AbuHamidGharnati,أبو حامد الغرناطي,Abu Hamid Gharnati,NULL,NULL,Abū Ḥāmid al-Ġarnāṭī,NULL,0565,NULL,NULL,NULL,NULL,author,NULL,NULL,NULL,1,NULL,NULL,NULL,NULL,0565AbuHamidGharnati,OpenITI 2025.1.9
0565IbnFunduqBayhaqi,ابن فندق,Ibn Funduq Bayhaqi,NULL,NULL,Ibn Funduq,NULL,0565,NULL,NULL,NULL,NULL,author,NULL,NULL,NULL,2,NULL,NULL,NULL,NULL,0565IbnFunduqBayhaqi,OpenITI 2025.1.9
0565IbnMuhammadAbuBakrBaghdadi,أبو بكر عبد الله ابن الشيخ أبي منصور محمد ابن الشيخ الكبير أبي الحسين أحمد بن محمد بن عبد الله بن النقور البغدادي، البزاز (المتوفى: 565هـ),Ibn Muhammad Abu Bakr Baghdadi,NULL,NULL,NULL,NULL,0565,NULL,NULL,NULL,NULL,author,NULL,NULL,NULL,2,NULL,NULL,NULL,NULL,0565IbnMuhammadAbuBakrBaghdadi,OpenITI 2025.1.9
0565IbnZafar,ابن ظفر,Ibn Zafar,NULL,NULL,Ibn Ẓafar,NULL,0565,NULL,NULL,NULL,NULL,author,NULL,NULL,NULL,2,NULL,NULL,NULL,NULL,0565IbnZafar,OpenITI 2025.1.9
0566AbuMascudHajji,عبد الرحيم بن علي بن أحمد الأصبهاني، أبو مسعود الحاجي ابن أبي الوفاء (المتوفى: 566هـ),Abu Mascud Hajji,NULL,NULL,NULL,NULL,0566,NULL,NULL,NULL,NULL,author,NULL,NULL,NULL,1,NULL,NULL,NULL,NULL,0566AbuMascudHajji,OpenITI 2025.1.9
0566MutawakkilAhmad,المتوكل أحمد,Mutawakkil Ahmad,NULL,NULL,al-Mutawakkil Aḥmad,NULL,0566,NULL,NULL,NULL,NULL,author,NULL,NULL,NULL,2,NULL,NULL,NULL,NULL,0566MutawakkilAhmad,OpenITI 2025.1.9
0567CarqalaKalbi,عرقلة الكلبي,Carqala Kalbi,NULL,NULL,NULL,NULL,0567,NULL,NULL,NULL,NULL,author,NULL,NULL,NULL,1,NULL,NULL,NULL,NULL,0567CarqalaKalbi,OpenITI 2025.1.9
0567IbnKhashshabBaghdadi,عبد الله بن أحمد ابن الخشاب,Ibn Khashshab Baghdadi,NULL,NULL,ʿAbd Allāh b. Aḥmad Ibn al-Ḫaššāb,NULL,0567,NULL,NULL,NULL,NULL,author,NULL,NULL,NULL,3,NULL,NULL,NULL,NULL,0567IbnKhashshabBaghdadi,OpenITI 2025.1.9
0568MuwaffaqKhwarazmi,الموفق الخوارزمي,Muwaffaq Khwarazmi,NULL,NULL,NULL,NULL,0568,NULL,NULL,NULL,NULL,author,NULL,NULL,NULL,2,NULL,NULL,NULL,NULL,0568MuwaffaqKhwarazmi,OpenITI 2025.1.9
0568SacdIbnCaliDallalKutub,NULL,Sacd Ibn Cali Dallal Kutub,NULL,NULL,NULL,NULL,0568,NULL,NULL,NULL,NULL,author,NULL,NULL,NULL,1,NULL,NULL,NULL,NULL,0568SacdIbnCaliDallalKutub,OpenITI 2025.1.9
0569AbuIshaqIbnQurqul,إبراهيم بن يوسف بن أدهم الوهراني الحمزي، أبو إسحاق ابن قرقول (المتوفى: 569ه),Abu Ishaq Ibn Qurqul,NULL,NULL,NULL,NULL,0569,NULL,NULL,NULL,NULL,author,NULL,NULL,NULL,1,NULL,NULL,NULL,NULL,0569AbuIshaqIbnQurqul,OpenITI 2025.1.9
0569CumaraYamani,عمارة اليمني,Cumara Yamani,NULL,NULL,ʿUmāraŧ al-Yamanī,NULL,0569,NULL,NULL,NULL,NULL,author,NULL,NULL,NULL,1,NULL,NULL,NULL,NULL,0569CumaraYamani,OpenITI 2025.1.9
0569IbnAhmadCattarHamadhani,أبو العلاء الهمذاني,Ibn Ahmad Cattar Hamadhani,NULL,NULL,NULL,NULL,0569,NULL,NULL,NULL,NULL,author,NULL,NULL,NULL,1,NULL,NULL,NULL,NULL,0569IbnAhmadCattarHamadhani,OpenITI 2025.1.9
0570AbuCammarCabdKafiIbadi,أبو عمار عبد الكافي الابا̣دي,Abu Cammar Cabd Kafi Ibadi,NULL,NULL,Abū ʿAmmār ʿAbd al-Kāfī al-Ibạ̄dī,NULL,0570,NULL,NULL,NULL,NULL,author,NULL,NULL,NULL,1,NULL,NULL,NULL,NULL,0570AbuCammarCabdKafiIbadi,OpenITI 2025.1.9
0570AbuYacqubWarjalani,أبو يعقوب الورجلاني,Abu Yacqub Warjalani,NULL,NULL,Abū Yaʿqūb al-Warjalānī,NULL,0570,NULL,NULL,NULL,NULL,author,NULL,NULL,NULL,3,NULL,NULL,NULL,NULL,0570AbuYacqubWarjalani,OpenITI 2025.1.9
0570IbnMuhammadKarabisiNaysaburi,الكرابيسي,Ibn Muhammad Karabisi Naysaburi,NULL,NULL,NULL,NULL,0570,NULL,NULL,NULL,NULL,author,NULL,NULL,NULL,1,NULL,NULL,NULL,NULL,0570IbnMuhammadKarabisiNaysaburi,OpenITI 2025.1.9
0570IbnYahyaSamawalMaghribi,السموأل بن يحيى بن عباس المغربي (المتوفى: نحو 570هـ),Ibn Yahya Samawal Maghribi,NULL,NULL,NULL,NULL,0570,NULL,NULL,NULL,NULL,author,NULL,NULL,NULL,2,NULL,NULL,NULL,NULL,0570IbnYahyaSamawalMaghribi,OpenITI 2025.1.9
0571IbnCaliDiyaDinRawandi,فضل الله الراوندي,Ibn Cali Diya Din Rawandi,NULL,NULL,NULL,NULL,0571,NULL,NULL,NULL,NULL,author,NULL,NULL,NULL,1,NULL,NULL,NULL,NULL,0571IbnCaliDiyaDinRawandi,OpenITI 2025.1.9
0571IbnCasakir,ابن عساكر,Ibn Casakir,NULL,NULL,Ibn ʿAsākir,NULL,0571,NULL,NULL,NULL,NULL,author,NULL,NULL,NULL,30,NULL,NULL,NULL,NULL,0571IbnCasakir,OpenITI 2025.1.9
0571IbnIbrahimIbnSacdKhayrAnsari,ابن سعد الخير,Ibn Ibrahim Ibn Sacd Khayr Ansari,NULL,NULL,NULL,NULL,0571,NULL,NULL,NULL,NULL,author,NULL,NULL,NULL,1,NULL,NULL,NULL,NULL,0571IbnIbrahimIbnSacdKhayrAnsari,OpenITI 2025.1.9
0572CuthmaniDibaji,أبو محمد عبد الله بن عبد الرحمن بن يحيى بن إسماعيل بن علي بن محمد بن إسماعيل بن الوليد بن عمرو بن محمد بن خالد ابن الديباج محمد بن عبد الله بن عمرو ابن الشهيد عثمان بن عفان الأموي، العثماني، الديباجي، الإسكندراني (المتوفى: 572ه),Cuthmani Dibaji,NULL,NULL,NULL,NULL,0572,NULL,NULL,NULL,NULL,author,NULL,NULL,NULL,1,NULL,NULL,NULL,NULL,0572CuthmaniDibaji,OpenITI 2025.1.9
0572RusafiBalansi,الرصافي البلنسي,Rusafi Balansi,NULL,NULL,NULL,NULL,0572,NULL,NULL,NULL,NULL,author,NULL,NULL,NULL,1,NULL,NULL,NULL,NULL,0572RusafiBalansi,OpenITI 2025.1.9
0573IbnHibatAllahQutbDinRawandi,قطب الدين الراوندي,Ibn Hibat Allah Qutb Din Rawandi,NULL,NULL,NULL,NULL,0573,NULL,NULL,NULL,NULL,author,NULL,NULL,NULL,5,NULL,NULL,NULL,NULL,0573IbnHibatAllahQutbDinRawandi,OpenITI 2025.1.9
0573NashwanHimyari,نشوان الحميري,Nashwan Himyari,NULL,NULL,Našwān al-Ḥimyarī,NULL,0573,NULL,NULL,NULL,NULL,author,NULL,NULL,NULL,3,NULL,NULL,NULL,NULL,0573NashwanHimyari,OpenITI 2025.1.9
0573QadiJacfar,القاضي جعفر,Qadi Jacfar,NULL,NULL,al-Qāḍī Jaʿfar,NULL,0573,NULL,NULL,NULL,NULL,author,NULL,NULL,NULL,1,NULL,NULL,NULL,NULL,0573QadiJacfar,OpenITI 2025.1.9
0573RashidDinWatwat,رشيد الدين الوطواط,Rashid Din Watwat,NULL,NULL,Rašīd al-Dīn al-Waṭwāṭ,NULL,0573,NULL,NULL,NULL,NULL,author,NULL,NULL,NULL,2,NULL,NULL,NULL,NULL,0573RashidDinWatwat,OpenITI 2025.1.9
0573RashidWatwat,رشيد وطواط,Rashid Watwat,NULL,NULL,Rašīd Waṭwāṭ,NULL,0573,NULL,NULL,NULL,NULL,author,NULL,NULL,NULL,1,NULL,NULL,NULL,NULL,0573RashidWatwat,OpenITI 2025.1.9
0574ShuhdaBintAhmad,شهدة بنت أحمد بن الفرج الدينيوري الأبري,Shuhda Bint Ahmad,NULL,NULL,NULL,NULL,0574,NULL,NULL,NULL,NULL,author,NULL,NULL,NULL,1,NULL,NULL,NULL,NULL,0574ShuhdaBintAhmad,OpenITI 2025.1.9
0575AbuHusaynIbnCabdKhaliq,أبو الحسين عبد الحق بن عبد الخالق بن أحمد بن عبد القادر بن محمد بن يوسف,Abu Husayn Ibn Cabd Khaliq,NULL,NULL,NULL,NULL,0575,NULL,NULL,NULL,NULL,author,NULL,NULL,NULL,1,NULL,NULL,NULL,NULL,0575AbuHusaynIbnCabdKhaliq,OpenITI 2025.1.9
0575AbuMacaliMonshi,أبو المعالي المنشي,Abu Macali Monshi,NULL,NULL,Abū al-Maʿālī al-Munšī,NULL,0575,NULL,NULL,NULL,NULL,author,NULL,NULL,NULL,1,NULL,NULL,NULL,NULL,0575AbuMacaliMonshi,OpenITI 2025.1.9
0575Anonymous,مؤلف مجهول,Anonymous,NULL,NULL,Muʾallif majhūl,NULL,0575,NULL,NULL,NULL,NULL,author,NULL,NULL,NULL,2,NULL,NULL,NULL,NULL,0575Anonymous,OpenITI 2025.1.9
0575IbnBabawayhMuntajabDin,الشيخ منتجب الدين علي بن بابويه القمي,Ibn Babawayh Muntajab Din,NULL,NULL,NULL,NULL,0575,NULL,NULL,NULL,NULL,author,NULL,NULL,NULL,2,NULL,NULL,NULL,NULL,0575IbnBabawayhMuntajabDin,OpenITI 2025.1.9
0575IbnKhayrIshbili,ابن خير الاشبيلي,Ibn Khayr Ishbili,NULL,NULL,Ibn Ḫayr al-Išbīlī,NULL,0575,NULL,NULL,NULL,NULL,author,NULL,NULL,NULL,1,NULL,NULL,NULL,NULL,0575IbnKhayrIshbili,OpenITI 2025.1.9
0575IbnZufar,ابن زفر,Ibn Zufar,NULL,NULL,Ibn Zufar,NULL,0575,NULL,NULL,NULL,NULL,author,NULL,NULL,NULL,1,NULL,NULL,NULL,NULL,0575IbnZufar,OpenITI 2025.1.9
0575NajjarQazwini,NULL,Najjar Qazwini,NULL,NULL,NULL,NULL,0575,NULL,NULL,NULL,NULL,author,NULL,NULL,NULL,1,NULL,NULL,NULL,NULL,0575NajjarQazwini,OpenITI 2025.1.9
0576AbuTahirSilafi,أبو طاهر السلفي,Abu Tahir Silafi,NULL,NULL,Abū Ṭāhir al-Silafī,NULL,0576,NULL,NULL,NULL,NULL,author,NULL,NULL,NULL,25,NULL,NULL,NULL,NULL,0576AbuTahirSilafi,OpenITI 2025.1.9
0576IbnCabdSalamQadi,ابن عبد السلام القاضي,Ibn Cabd Salam Qadi,NULL,NULL,Ibn ʿAbd al-Salām al-Qāḍī,NULL,0576,NULL,NULL,NULL,NULL,author,NULL,NULL,NULL,1,NULL,NULL,NULL,NULL,0576IbnCabdSalamQadi,OpenITI 2025.1.9
0577AbuBarakatAnbari,ابن الأنباري,Abu Barakat Anbari,NULL,NULL,Ibn al-Anbārī,NULL,0577,NULL,NULL,NULL,NULL,author,NULL,NULL,NULL,4,NULL,NULL,NULL,NULL,0577AbuBarakatAnbari,OpenITI 2025.1.9
0577IbnHammuyaCumar,ابن حموية عمر,Ibn Hammuya Cumar,NULL,NULL,Ibn Ḥammūyaŧ ʿUmar,NULL,0577,NULL,NULL,NULL,NULL,author,NULL,NULL,NULL,1,NULL,NULL,NULL,NULL,0577IbnHammuyaCumar,OpenITI 2025.1.9
0577IbnHishamLakhmi,ابن هشام اللخمي (المتوفى: 577 ه),Ibn Hisham Lakhmi,NULL,NULL,NULL,NULL,0577,NULL,NULL,NULL,NULL,author,NULL,NULL,NULL,2,NULL,NULL,NULL,NULL,0577IbnHishamLakhmi,OpenITI 2025.1.9
0577IbnMutafannina,موفق الدين أبو عبد الله - توفي 579 سنة,Ibn Mutafannina,NULL,NULL,NULL,NULL,0577,NULL,NULL,NULL,NULL,author,NULL,NULL,NULL,1,NULL,NULL,NULL,NULL,0577IbnMutafannina,OpenITI 2025.1.9
0578AhmadRifaci,أحمد الرفاعي,Ahmad Rifaci,NULL,NULL,Aḥmad al-Rifāʿī,NULL,0578,NULL,NULL,NULL,NULL,author,NULL,NULL,NULL,2,NULL,NULL,NULL,NULL,0578AhmadRifaci,OpenITI 2025.1.9
0578IbnBashkuwal,ابن بشكوال,Ibn Bashkuwal,NULL,NULL,Ibn Baškuwāl,NULL,0578,NULL,NULL,NULL,NULL,author,NULL,NULL,NULL,8,NULL,NULL,NULL,NULL,0578IbnBashkuwal,OpenITI 2025.1.9
0579AbuFathKhiraqi,أبو الفتح الخرقي,Abu Fath Khiraqi,NULL,NULL,Abū al-Fatḥ al-Ḫiraqī,NULL,0579,NULL,NULL,NULL,NULL,author,NULL,NULL,NULL,1,NULL,NULL,NULL,NULL,0579AbuFathKhiraqi,OpenITI 2025.1.9
0579AbuTalibKattani,أبو صالح المؤذن,Abu Talib Kattani,NULL,NULL,NULL,NULL,0579,NULL,NULL,NULL,NULL,author,NULL,NULL,NULL,1,NULL,NULL,NULL,NULL,0579AbuTalibKattani,OpenITI 2025.1.9
0580IbnCaliIbnAbiYacla,عبيد الله بن علي بن محمد بن محمد بن الحسين ابن الفراء، أبو القاسم بن أبي الفرج بن أبي خازم ابن القاضي أبي يعلى البغدادي، الحنبلي (المتوفى: 580هـ),Ibn Cali Ibn Abi Yacla,NULL,NULL,NULL,NULL,0580,NULL,NULL,NULL,NULL,author,NULL,NULL,NULL,1,NULL,NULL,NULL,NULL,0580IbnCaliIbnAbiYacla,OpenITI 2025.1.9
0580IbnCawwam,ابن العوام,Ibn Cawwam,NULL,NULL,Ibn al-ʿAwāmm,NULL,0580,NULL,NULL,NULL,NULL,author,NULL,NULL,NULL,2,NULL,NULL,NULL,NULL,0580IbnCawwam,OpenITI 2025.1.9
0580IbnCimrani,ابن العمراني,Ibn Cimrani,NULL,NULL,Ibn al-ʿImrānī,NULL,0580,NULL,NULL,NULL,NULL,author,NULL,NULL,NULL,1,NULL,NULL,NULL,NULL,0580IbnCimrani,OpenITI 2025.1.9
0580NurDinSabuni,نور الدين الصابوني,Nur Din Sabuni,NULL,NULL,Nūr al-Dīn al-Ṣābūnī,NULL,0580,NULL,NULL,NULL,NULL,author,NULL,NULL,NULL,2,NULL,NULL,NULL,NULL,0580NurDinSabuni,OpenITI 2025.1.9
0581AbuMusaMadini,محمد بن عمر بن أحمد بن عمر بن محمد الأصبهاني المديني، أبو موسى (المتوفى: 581هـ),Abu Musa Madini,NULL,NULL,NULL,NULL,0581,NULL,NULL,NULL,NULL,author,NULL,NULL,NULL,11,NULL,NULL,NULL,NULL,0581AbuMusaMadini,OpenITI 2025.1.9
0581AbuQasimSuhayli,أبو القاسم السهيلي,Abu Qasim Suhayli,NULL,NULL,Abū al-Qāsim al-Suhaylī,NULL,0581,NULL,NULL,NULL,NULL,author,NULL,NULL,NULL,4,NULL,NULL,NULL,NULL,0581AbuQasimSuhayli,OpenITI 2025.1.9
0581IbnKharratIshbili,أبو محمد عبد الحق الإشبيلي,Ibn Kharrat Ishbili,NULL,NULL,NULL,NULL,0581,NULL,NULL,NULL,NULL,author,NULL,NULL,NULL,5,NULL,NULL,NULL,NULL,0581IbnKharratIshbili,OpenITI 2025.1.9
0581IbnTufayl,محمد بن عبد الملك بن محمد بن محمد بن طفيل القيسي الأندلسي، أبو بكر (المتوفى: 581هـ),Ibn Tufayl,NULL,NULL,NULL,NULL,0581,NULL,NULL,NULL,NULL,author,NULL,NULL,NULL,1,NULL,NULL,NULL,NULL,0581IbnTufayl,OpenITI 2025.1.9
0582IbnBarri,ابن البري,Ibn Barri,NULL,NULL,Ibn al-Barrī,NULL,0582,NULL,NULL,NULL,NULL,author,NULL,NULL,NULL,5,NULL,NULL,NULL,NULL,0582IbnBarri,OpenITI 2025.1.9
0583Anonymous,NULL,Anonymous,NULL,NULL,NULL,NULL,0583,NULL,NULL,NULL,NULL,author,NULL,NULL,NULL,1,NULL,NULL,NULL,NULL,0583Anonymous,OpenITI 2025.1.9
0583SibtIbnTacawidhiShacir,سبط ابن التعاويذي,Sibt Ibn Tacawidhi Shacir,NULL,NULL,NULL,NULL,0583,NULL,NULL,NULL,NULL,author,NULL,NULL,NULL,1,NULL,NULL,NULL,NULL,0583SibtIbnTacawidhiShacir,OpenITI 2025.1.9
0584HasanRassas,الحسن الرصاص,Hasan Rassas,NULL,NULL,al-Ḥasan al-Raṣṣāṣ,NULL,0584,NULL,NULL,NULL,NULL,author,NULL,NULL,NULL,2,NULL,NULL,NULL,NULL,0584HasanRassas,OpenITI 2025.1.9
0584IbnMunqidhShayzari,أسامة بن منقذ,Ibn Munqidh Shayzari,NULL,NULL,Usāmaŧ b. Munqiḏ,NULL,0584,NULL,NULL,NULL,NULL,author,NULL,NULL,NULL,5,NULL,NULL,NULL,NULL,0584IbnMunqidhShayzari,OpenITI 2025.1.9
0584IbnMusaHazimi,الحازمي,Ibn Musa Hazimi,NULL,NULL,NULL,NULL,0584,NULL,NULL,NULL,NULL,author,NULL,NULL,NULL,4,NULL,NULL,NULL,NULL,0584IbnMusaHazimi,OpenITI 2025.1.9
0585Anwari,أوحد الدين أنوري,Anwari,NULL,NULL,Awḥad al-Dīn Anwarī,NULL,0585,NULL,NULL,NULL,NULL,author,NULL,NULL,NULL,1,NULL,NULL,NULL,NULL,0585Anwari,OpenITI 2025.1.9
0585IbnCaliIbnZuhraHalabi,حمزة بن علي الحسيني الحلبي,Ibn Cali Ibn Zuhra Halabi,NULL,NULL,NULL,NULL,0585,NULL,NULL,NULL,NULL,author,NULL,NULL,NULL,1,NULL,NULL,NULL,NULL,0585IbnCaliIbnZuhraHalabi,OpenITI 2025.1.9
0586IbnMuhammadAbuNasrCattabi,السرخسي,Ibn Muhammad Abu Nasr Cattabi,NULL,NULL,NULL,NULL,0586,NULL,NULL,NULL,NULL,author,NULL,NULL,NULL,1,NULL,NULL,NULL,NULL,0586IbnMuhammadAbuNasrCattabi,OpenITI 2025.1.9
0586Jacdi,الجعدي,Jacdi,NULL,NULL,al-Jaʿdī,NULL,0586,NULL,NULL,NULL,NULL,author,NULL,NULL,NULL,1,NULL,NULL,NULL,NULL,0586Jacdi,OpenITI 2025.1.9
0587AbuMacaliFurawi,أبو جعفر محمد بن هشام بن ملاس النميري الدمشقي (المتوفى : 270هـ),Abu Macali Furawi,NULL,NULL,NULL,NULL,0587,NULL,NULL,NULL,NULL,author,NULL,NULL,NULL,1,NULL,NULL,NULL,NULL,0587AbuMacaliFurawi,OpenITI 2025.1.9
0587IbnMascudCalaDinKasani,علاء الدين الكاساني,Ibn Mascud Cala Din Kasani,NULL,NULL,NULL,NULL,0587,NULL,NULL,NULL,NULL,author,NULL,NULL,NULL,1,NULL,NULL,NULL,NULL,0587IbnMascudCalaDinKasani,OpenITI 2025.1.9
0587MuwaffaqDinIbnMutran,أسعد بن الياس ابن المطران,Muwaffaq Din Ibn Mutran,NULL,NULL,Asʿad b. Ilyās Ibn al-Miṭrān,NULL,0587,NULL,NULL,NULL,NULL,author,NULL,NULL,NULL,1,NULL,NULL,NULL,NULL,0587MuwaffaqDinIbnMutran,OpenITI 2025.1.9
0588IbnMamun,ابن المأمون,Ibn Mamun,NULL,NULL,Ibn al-Maʾmūn,NULL,0588,NULL,NULL,NULL,NULL,author,NULL,NULL,NULL,1,NULL,NULL,NULL,NULL,0588IbnMamun,OpenITI 2025.1.9
0588IbnShahrAshub,ابن شهر آشوب المازندراني,Ibn Shahr Ashub,NULL,NULL,NULL,NULL,0588,NULL,NULL,NULL,NULL,author,NULL,NULL,NULL,2,NULL,NULL,NULL,NULL,0588IbnShahrAshub,OpenITI 2025.1.9
0588KamalDinIsfahani,كمال الدين الاصفهاني,Kamal Din Isfahani,NULL,NULL,Kamāl al-Dīn al-Iṣfahānī,NULL,0588,NULL,NULL,NULL,NULL,author,NULL,NULL,NULL,1,NULL,NULL,NULL,NULL,0588KamalDinIsfahani,OpenITI 2025.1.9
0590AbuKhayrQazwini,أبو الخير الطالقاني القزويني,Abu Khayr Qazwini,NULL,NULL,NULL,NULL,0590,NULL,NULL,NULL,NULL,author,NULL,NULL,NULL,4,NULL,NULL,NULL,NULL,0590AbuKhayrQazwini,OpenITI 2025.1.9
0590AbuMuzaffarJawhari,أبو المظفر عبد الخالق بن فيروز الجوهري,Abu Muzaffar Jawhari,NULL,NULL,NULL,NULL,0590,NULL,NULL,NULL,NULL,author,NULL,NULL,NULL,1,NULL,NULL,NULL,NULL,0590AbuMuzaffarJawhari,OpenITI 2025.1.9
0590IbnFirruhShatibi,ابن فيرة الشاطبي,Ibn Firruh Shatibi,NULL,NULL,NULL,NULL,0590,NULL,NULL,NULL,NULL,author,NULL,NULL,NULL,1,NULL,NULL,NULL,NULL,0590IbnFirruhShatibi,OpenITI 2025.1.9
0590IbnNasrJalalDinShayzari,عبد الرحمن بن عبد الله بن نصر بن عبد الرحمن الشيزري,Ibn Nasr Jalal Din Shayzari,NULL,NULL,NULL,NULL,0590,NULL,NULL,NULL,NULL,author,NULL,NULL,NULL,2,NULL,NULL,NULL,NULL,0590IbnNasrJalalDinShayzari,OpenITI 2025.1.9
0592IbnCabdRahmanLakhmiQurtubi,أحمد بن عبد الرحمن بن محمد، ابن مضاء، ابن عمير اللخمي القرطبي، أبو العباس (المتوفى: 592هـ),Ibn Cabd Rahman Lakhmi Qurtubi,NULL,NULL,NULL,NULL,0592,NULL,NULL,NULL,NULL,author,NULL,NULL,NULL,1,NULL,NULL,NULL,NULL,0592IbnCabdRahmanLakhmiQurtubi,OpenITI 2025.1.9
0592IbnCaliFakhrDinIbnDahhan,ابن الدهان,Ibn Cali Fakhr Din Ibn Dahhan,NULL,NULL,NULL,NULL,0592,NULL,NULL,NULL,NULL,author,NULL,NULL,NULL,1,NULL,NULL,NULL,NULL,0592IbnCaliFakhrDinIbnDahhan,OpenITI 2025.1.9
0592QadiKhanFarghani,قاضي خان الفرغاني,Qadi Khan Farghani,NULL,NULL,NULL,NULL,0592,NULL,NULL,NULL,NULL,author,NULL,NULL,NULL,1,NULL,NULL,NULL,NULL,0592QadiKhanFarghani,OpenITI 2025.1.9
0593BurhanDinFarghaniMarghinani,برهان الدين علي بن أبي بكر بن عبد الجليل الفرغاني المرغيناني,Burhan Din Farghani Marghinani,NULL,NULL,NULL,NULL,0593,NULL,NULL,NULL,NULL,author,NULL,NULL,NULL,2,NULL,NULL,NULL,NULL,0593BurhanDinFarghaniMarghinani,OpenITI 2025.1.9
0593IbnHusaynShihabDinIsbahani,أحمد بن الحسين بن أحمد، أبو شجاع، شهاب الدين أبو الطيب الأصفهاني (المتوفى: 593هـ),Ibn Husayn Shihab Din Isbahani,NULL,NULL,NULL,NULL,0593,NULL,NULL,NULL,NULL,author,NULL,NULL,NULL,1,NULL,NULL,NULL,NULL,0593IbnHusaynShihabDinIsbahani,OpenITI 2025.1.9
0593IbnMuhammadJamalDinGhaznawi,الغزنوي,Ibn Muhammad Jamal Din Ghaznawi,NULL,NULL,NULL,NULL,0593,NULL,NULL,NULL,NULL,author,NULL,NULL,NULL,1,NULL,NULL,NULL,NULL,0593IbnMuhammadJamalDinGhaznawi,OpenITI 2025.1.9
0595Daylami,الديلمي,Daylami,NULL,NULL,al-Daylamī,NULL,0595,NULL,NULL,NULL,NULL,author,NULL,NULL,NULL,2,NULL,NULL,NULL,NULL,0595Daylami,OpenITI 2025.1.9
0595IbnCabdQadirBaghdadiJilani,عبد الرزاق بن عبد القادر الكيلاني، البغدادي، الحلبي، تاج الدين، أبو الفرج (المتوفى: 595هـ),Ibn Cabd Qadir Baghdadi Jilani,NULL,NULL,NULL,NULL,0595,NULL,NULL,NULL,NULL,author,NULL,NULL,NULL,1,NULL,NULL,NULL,NULL,0595IbnCabdQadirBaghdadiJilani,OpenITI 2025.1.9
0595IbnRushdHafid,ابن رشد الحفيد,Ibn Rushd Hafid,NULL,NULL,Ibn Rušd al-Ḥafīd,NULL,0595,NULL,NULL,NULL,NULL,author,NULL,NULL,NULL,20,NULL,NULL,NULL,NULL,0595IbnRushdHafid,OpenITI 2025.1.9
0595Khaqani,أفضل الدين بديل بن علي خاقاني,Khaqani,NULL,NULL,Afḍal al-Dīn Badīl b. ʿAlī Ḫāqānī,NULL,0595,NULL,NULL,NULL,NULL,author,NULL,NULL,NULL,1,NULL,NULL,NULL,NULL,0595Khaqani,OpenITI 2025.1.9
0596HatimIbnIbrahimHamidi,NULL,Hatim Ibn Ibrahim Hamidi,NULL,NULL,NULL,NULL,0596,NULL,NULL,NULL,NULL,author,NULL,NULL,NULL,1,NULL,NULL,NULL,NULL,0596HatimIbnIbrahimHamidi,OpenITI 2025.1.9
0596IbnKulaybHarrani,أبو الفرج عبد المنعم بن عبد الوهاب بن سعد بن كليب الحراني,Ibn Kulayb Harrani,NULL,NULL,NULL,NULL,0596,NULL,NULL,NULL,NULL,author,NULL,NULL,NULL,2,NULL,NULL,NULL,NULL,0596IbnKulaybHarrani,OpenITI 2025.1.9
0596IbnWasifShah,شاه إبراهيم ابن وصيف,Ibn Wasif Shah,NULL,NULL,NULL,NULL,0596,NULL,NULL,NULL,NULL,author,NULL,NULL,NULL,1,NULL,NULL,NULL,NULL,0596IbnWasifShah,OpenITI 2025.1.9
0596Nizami,نظامي گنجوي,Nizami,NULL,NULL,Niẓāmī Ganjawī,NULL,0596,NULL,NULL,NULL,NULL,author,NULL,NULL,NULL,6,NULL,NULL,NULL,NULL,0596Nizami,OpenITI 2025.1.9
0597CimadDinKatibIsfahani,عماد الدين الكاتب الاصفهاني,Cimad Din Katib Isfahani,NULL,NULL,ʿImād al-Dīn al-kātib al-Iṣfahānī,NULL,0597,NULL,NULL,NULL,NULL,author,NULL,NULL,NULL,6,NULL,NULL,NULL,NULL,0597CimadDinKatibIsfahani,OpenITI 2025.1.9
0597IbnFarasAndalusi,ابن الفرس,Ibn Faras Andalusi,NULL,NULL,NULL,NULL,0597,NULL,NULL,NULL,NULL,author,NULL,NULL,NULL,1,NULL,NULL,NULL,NULL,0597IbnFarasAndalusi,OpenITI 2025.1.9
0597IbnJawzi,ابن الجوزي,Ibn Jawzi,NULL,NULL,Ibn al-Ǧawzī,NULL,0597,NULL,NULL,NULL,NULL,author,NULL,NULL,NULL,63,NULL,NULL,NULL,NULL,0597IbnJawzi,OpenITI 2025.1.9
0597IbnMubarakBaghdadi,ابن ميمون,Ibn Mubarak Baghdadi,NULL,NULL,NULL,NULL,0597,NULL,NULL,NULL,NULL,author,NULL,NULL,NULL,1,NULL,NULL,NULL,NULL,0597IbnMubarakBaghdadi,OpenITI 2025.1.9
0598IbnIbrahimIbnHajjQunawi,ابن الحاج القفطي,Ibn Ibrahim Ibn Hajj Qunawi,NULL,NULL,NULL,NULL,0598,NULL,NULL,NULL,NULL,author,NULL,NULL,NULL,1,NULL,NULL,NULL,NULL,0598IbnIbrahimIbnHajjQunawi,OpenITI 2025.1.9
0598IbnIdrisHilli,ابن إدريس الحلي,Ibn Idris Hilli,NULL,NULL,NULL,NULL,0598,NULL,NULL,NULL,NULL,author,NULL,NULL,NULL,2,NULL,NULL,NULL,NULL,0598IbnIdrisHilli,OpenITI 2025.1.9
0599IbnHasanCabdi,علي بن الحسن بن إسماعيل العبدي، من بني عبد القيس، أبو الحسن (المتوفى: 599هـ),Ibn Hasan Cabdi,NULL,NULL,NULL,NULL,0599,NULL,NULL,NULL,NULL,author,NULL,NULL,NULL,1,NULL,NULL,NULL,NULL,0599IbnHasanCabdi,OpenITI 2025.1.9
0599IbnMuhammadBaghbanIsbahani,أبو الخير محمد بن أحمد بن محمد بن عمر بن القاسم بن عبد الله بن علي بن إسحاق بن سندار الأصبهاني، المقدر، المهندس، المؤذن، الصوفي، شهر بالباغبان. (المتوفى: 559هـ),Ibn Muhammad Baghban Isbahani,NULL,NULL,NULL,NULL,0599,NULL,NULL,NULL,NULL,author,NULL,NULL,NULL,1,NULL,NULL,NULL,NULL,0599IbnMuhammadBaghbanIsbahani,OpenITI 2025.1.9
0599IbnTufaylDimashqi,ابن طفيل الدمشقي,Ibn Tufayl Dimashqi,NULL,NULL,Ibn Ṭufayl al-Dimašqī,NULL,0599,NULL,NULL,NULL,NULL,author,NULL,NULL,NULL,1,NULL,NULL,NULL,NULL,0599IbnTufaylDimashqi,OpenITI 2025.1.9
0599IbnYahyaDabbi,أحمد بن يحيى بن أحمد بن عميرة، أبو جعفر الضبي (المتوفى: 599هـ),Ibn Yahya Dabbi,NULL,NULL,NULL,NULL,0599,NULL,NULL,NULL,NULL,author,NULL,NULL,NULL,1,NULL,NULL,NULL,NULL,0599IbnYahyaDabbi,OpenITI 2025.1.9
0599IbnYahyaHanafiKufi,أبو العباس أحمد بن يحيى بن أحمد بن زيد بن ناقه الكوفي الحنفي,Ibn Yahya Hanafi Kufi,NULL,NULL,NULL,NULL,0599,NULL,NULL,NULL,NULL,author,NULL,NULL,NULL,1,NULL,NULL,NULL,NULL,0599IbnYahyaHanafiKufi,OpenITI 2025.1.9
0600AbuBaqaHilli,أبو البقاء الحلي,Abu Baqa Hilli,NULL,NULL,NULL,NULL,0600,NULL,NULL,NULL,NULL,author,NULL,NULL,NULL,1,NULL,NULL,NULL,NULL,0600AbuBaqaHilli,OpenITI 2025.1.9
0600Anonymous,عبد الغافر بن إسماعيل بن عبد الغافر ابن محمد الفارسيّ,Anonymous,NULL,NULL,NULL,NULL,0600,NULL,NULL,NULL,NULL,author,NULL,NULL,NULL,1,NULL,NULL,NULL,NULL,0600Anonymous,OpenITI 2025.1.9
0600CabdGhaniMaqdisi,عبد الغني المقدسي,Cabd Ghani Maqdisi,NULL,NULL,ʿAbd al-Ġanī al-Maqdisī,NULL,0600,NULL,NULL,NULL,NULL,author,NULL,NULL,NULL,23,NULL,NULL,NULL,NULL,0600CabdGhaniMaqdisi,OpenITI 2025.1.9
0600CaliCabdSalam,NULL,Cali Cabd Salam,NULL,NULL,NULL,NULL,0600,NULL,NULL,NULL,NULL,author,NULL,NULL,NULL,1,NULL,NULL,NULL,NULL,0600CaliCabdSalam,OpenITI 2025.1.9
0600CammarBidlisi,عمار البدليسي,Cammar Bidlisi,NULL,NULL,ʿAmmār al-Bidlīsī,NULL,0600,NULL,NULL,NULL,NULL,author,NULL,NULL,NULL,2,NULL,NULL,NULL,NULL,0600CammarBidlisi,OpenITI 2025.1.9
0600IbnCabdAllahQaysi,أبو علي الحسن بن عبد الله القيسي (المتوفى: ق 6هـ),Ibn Cabd Allah Qaysi,NULL,NULL,NULL,NULL,0600,NULL,NULL,NULL,NULL,author,NULL,NULL,NULL,1,NULL,NULL,NULL,NULL,0600IbnCabdAllahQaysi,OpenITI 2025.1.9
0600IbnCumarShaficiNaysaburi,أبو سعد عبد الله بن أبي حفص عمر بن أحمد بن منصور ابن فقيه خراسان محمد بن القاسم بن حبيب ابن الصفار النيسابوري، الشافعي (المتوفى: 600هـ),Ibn Cumar Shafici Naysaburi,NULL,NULL,NULL,NULL,0600,NULL,NULL,NULL,NULL,author,NULL,NULL,NULL,1,NULL,NULL,NULL,NULL,0600IbnCumarShaficiNaysaburi,OpenITI 2025.1.9
0600IbnHasabAbuMajdHalabi,الشيخ أبي الحسن الحلبي,Ibn Hasab Abu Majd Halabi,NULL,NULL,NULL,NULL,0600,NULL,NULL,NULL,NULL,author,NULL,NULL,NULL,1,NULL,NULL,NULL,NULL,0600IbnHasabAbuMajdHalabi,OpenITI 2025.1.9
0600IbnHasanIbnBitriq,ابن البطريق,Ibn Hasan Ibn Bitriq,NULL,NULL,NULL,NULL,0600,NULL,NULL,NULL,NULL,author,NULL,NULL,NULL,2,NULL,NULL,NULL,NULL,0600IbnHasanIbnBitriq,OpenITI 2025.1.9
0600IbnIbrahimTiflisi,NULL,Ibn Ibrahim Tiflisi,NULL,NULL,NULL,NULL,0600,NULL,NULL,NULL,NULL,author,NULL,NULL,NULL,2,NULL,NULL,NULL,NULL,0600IbnIbrahimTiflisi,OpenITI 2025.1.9
0600IbnJacfarMashhadi,محمد بن جعفر المشهدي,Ibn Jacfar Mashhadi,NULL,NULL,NULL,NULL,0600,NULL,NULL,NULL,NULL,author,NULL,NULL,NULL,1,NULL,NULL,NULL,NULL,0600IbnJacfarMashhadi,OpenITI 2025.1.9
0600IbnMuhammadLaythiWasiti,علي بن محمد الليثي الواسطي,Ibn Muhammad Laythi Wasiti,NULL,NULL,NULL,NULL,0600,NULL,NULL,NULL,NULL,author,NULL,NULL,NULL,1,NULL,NULL,NULL,NULL,0600IbnMuhammadLaythiWasiti,OpenITI 2025.1.9
0600IbnShahMardan,عبيد الله بن محمد ابن شاه مردان,Ibn Shah Mardan,NULL,NULL,ʿUbayd Allāh b. Muḥammad Ibn Šāh Mardān,NULL,0600,NULL,NULL,NULL,NULL,author,NULL,NULL,NULL,1,NULL,NULL,NULL,NULL,0600IbnShahMardan,OpenITI 2025.1.9
0600IbnTahirSuri,إبن طاهر الصوري,Ibn Tahir Suri,NULL,NULL,NULL,NULL,0600,NULL,NULL,NULL,NULL,author,NULL,NULL,NULL,1,NULL,NULL,NULL,NULL,0600IbnTahirSuri,OpenITI 2025.1.9
0600Jirasimus,جيراسيموس رئيس دير سمعان العمودي,Jirasimus,NULL,NULL,Ǧīrāsīmūs raʾīs Dayr Simʿān al-ʿamūdī,NULL,0600,NULL,NULL,NULL,NULL,author,NULL,NULL,NULL,1,NULL,NULL,NULL,NULL,0600Jirasimus,OpenITI 2025.1.9
0600KatibMarrakushi,كاتب مراكشي (توفي: ق 6هـ),Katib Marrakushi,NULL,NULL,NULL,NULL,0600,NULL,NULL,NULL,NULL,author,NULL,NULL,NULL,1,NULL,NULL,NULL,NULL,0600KatibMarrakushi,OpenITI 2025.1.9
0600NurDinBitruji,نور الدين البطروجي,Nur Din Bitruji,NULL,NULL,Nūr al-Dīn al-Biṭrūjī,NULL,0600,NULL,NULL,NULL,NULL,author,NULL,NULL,NULL,1,NULL,NULL,NULL,NULL,0600NurDinBitruji,OpenITI 2025.1.9
0600PseudoMascudi,المسعودي,Pseudo Mascudi,NULL,NULL,NULL,NULL,0600,NULL,NULL,NULL,NULL,author,NULL,NULL,NULL,1,NULL,NULL,NULL,NULL,0600PseudoMascudi,OpenITI 2025.1.9
0600QasimIbnCasakir,أبي محمد القاسم ابن الحافظ علي بن الحسن بن هبة الله الشافعي المعروف بابن عساكر (600 ه),Qasim Ibn Casakir,NULL,NULL,NULL,NULL,0600,NULL,NULL,NULL,NULL,author,NULL,NULL,NULL,1,NULL,NULL,NULL,NULL,0600QasimIbnCasakir,OpenITI 2025.1.9
0600QutbdinBayhaqiKaydari,قطب الدين البيهقي الكيدري,Qutbdin Bayhaqi Kaydari,NULL,NULL,NULL,NULL,0600,NULL,NULL,NULL,NULL,author,NULL,NULL,NULL,1,NULL,NULL,NULL,NULL,0600QutbdinBayhaqiKaydari,OpenITI 2025.1.9
0601MusaIbnMaymun,موسى بن ميمون,Musa Ibn Maymun,NULL,NULL,Mūsá b. Maymūn,NULL,0601,NULL,NULL,NULL,NULL,author,NULL,NULL,NULL,3,NULL,NULL,NULL,NULL,0601MusaIbnMaymun,OpenITI 2025.1.9
0604AbuDharrKhushani,مصعب بن محمد (أبي بكر) بن مسعود الخشنى الجيانى الأندلسي، أبو ذر، ويعرف كأبيه، بابن أبي الركب (المتوفى: 604هـ),Abu Dharr Khushani,NULL,NULL,NULL,NULL,0604,NULL,NULL,NULL,NULL,author,NULL,NULL,NULL,1,NULL,NULL,NULL,NULL,0604AbuDharrKhushani,OpenITI 2025.1.9
0604NajmDinQummi,NULL,Najm Din Qummi,NULL,NULL,NULL,NULL,0604,NULL,NULL,NULL,NULL,author,NULL,NULL,NULL,1,NULL,NULL,NULL,NULL,0604NajmDinQummi,OpenITI 2025.1.9
0605IbnAscadMuradi,جمع وتهذيب الفقيه العلامة محمد بن أسعد المرادي,Ibn Ascad Muradi,NULL,NULL,NULL,NULL,0605,NULL,NULL,NULL,NULL,author,NULL,NULL,NULL,1,NULL,NULL,NULL,NULL,0605IbnAscadMuradi,OpenITI 2025.1.9
0606FakhrDinRazi,فخر الدين الرازي,Fakhr Din Razi,NULL,NULL,Faḫr al-Dīn al-Rāzī,NULL,0606,NULL,NULL,NULL,NULL,author,NULL,NULL,NULL,14,NULL,NULL,NULL,NULL,0606FakhrDinRazi,OpenITI 2025.1.9
0606IbnAthirMajdDin,ابن الأثير، أبو السعادات,Ibn Athir Majd Din,NULL,NULL,NULL,NULL,0606,NULL,NULL,NULL,NULL,author,NULL,NULL,NULL,4,NULL,NULL,NULL,NULL,0606IbnAthirMajdDin,OpenITI 2025.1.9
0606IbnMamati,ابن مماتي,Ibn Mamati,NULL,NULL,Ibn Mamātī,NULL,0606,NULL,NULL,NULL,NULL,author,NULL,NULL,NULL,2,NULL,NULL,NULL,NULL,0606IbnMamati,OpenITI 2025.1.9
0606RuzbihanBaqli,أبي محمّد صدر الدين روزبهان بن أبي نصر البقلي,Ruzbihan Baqli,NULL,NULL,NULL,NULL,0606,NULL,NULL,NULL,NULL,author,NULL,NULL,NULL,1,NULL,NULL,NULL,NULL,0606RuzbihanBaqli,OpenITI 2025.1.9
0607AbuMusaJazuli,عيسى بن عبد العزيز بن يللبخت الجزولي البربري المراكشي، أبو موسى (المتوفى: 607ه),Abu Musa Jazuli,NULL,NULL,NULL,NULL,0607,NULL,NULL,NULL,NULL,author,NULL,NULL,NULL,1,NULL,NULL,NULL,NULL,0607AbuMusaJazuli,OpenITI 2025.1.9
0607IbnTabarzad,ابن طبرزد,Ibn Tabarzad,NULL,NULL,Ibn Ṭabarzad,NULL,0607,NULL,NULL,NULL,NULL,author,NULL,NULL,NULL,4,NULL,NULL,NULL,NULL,0607IbnTabarzad,OpenITI 2025.1.9
0608IbnCutyaQudaciTurtushi,أبو طالب وأبو المجد عقيل بن عطية بن أبي أحمد جعفر بن محمد بن عطية القضاعي الأندلسي الطرطوشي، ثم المراكشي (المتوفى: 608هـ),Ibn Cutya Qudaci Turtushi,NULL,NULL,NULL,NULL,0608,NULL,NULL,NULL,NULL,author,NULL,NULL,NULL,1,NULL,NULL,NULL,NULL,0608IbnCutyaQudaciTurtushi,OpenITI 2025.1.9
0608IbnSanaMulk,ابن سناء الملك,Ibn Sana Mulk,NULL,NULL,Ibn Sanāʾ al-Mulk,NULL,0608,NULL,NULL,NULL,NULL,author,NULL,NULL,NULL,1,NULL,NULL,NULL,NULL,0608IbnSanaMulk,OpenITI 2025.1.9
0609AbuCabbasJarrawi,أبو العباس أحمد بن عبد السلام الجراوي التادلي,Abu Cabbas Jarrawi,NULL,NULL,NULL,NULL,0609,NULL,NULL,NULL,NULL,author,NULL,NULL,NULL,1,NULL,NULL,NULL,NULL,0609AbuCabbasJarrawi,OpenITI 2025.1.9
0609AbuMacaliGhaznawi,أبو المعالي الغزنوي,Abu Macali Ghaznawi,NULL,NULL,NULL,NULL,0609,NULL,NULL,NULL,NULL,author,NULL,NULL,NULL,1,NULL,NULL,NULL,NULL,0609AbuMacaliGhaznawi,OpenITI 2025.1.9
0610IbnHubal,علي بن أحمد ابن هبل,Ibn Hubal,NULL,NULL,ʿAlī b. Aḥmad Ibn Hubal,NULL,0610,NULL,NULL,NULL,NULL,author,NULL,NULL,NULL,1,NULL,NULL,NULL,NULL,0610IbnHubal,OpenITI 2025.1.9
0610IbnMahmudTusi,ابن محمود الطوسي,Ibn Mahmud Tusi,NULL,NULL,Ibn Maḥmūd al-Ṭūsī,NULL,0610,NULL,NULL,NULL,NULL,author,NULL,NULL,NULL,1,NULL,NULL,NULL,NULL,0610IbnMahmudTusi,OpenITI 2025.1.9
0610MuhammadIbnMashhadi,الشيخ محمد بن جعفر الحائري,Muhammad Ibn Mashhadi,NULL,NULL,NULL,NULL,0610,NULL,NULL,NULL,NULL,author,NULL,NULL,NULL,1,NULL,NULL,NULL,NULL,0610MuhammadIbnMashhadi,OpenITI 2025.1.9
0610Mutarrizi,المطرزي,Mutarrizi,NULL,NULL,NULL,NULL,0610,NULL,NULL,NULL,NULL,author,NULL,NULL,NULL,1,NULL,NULL,NULL,NULL,0610Mutarrizi,OpenITI 2025.1.9
0611CaliHarawi,علي بن أبي بكر الهروي,Cali Harawi,NULL,NULL,NULL,NULL,0611,NULL,NULL,NULL,NULL,author,NULL,NULL,NULL,1,NULL,NULL,NULL,NULL,0611CaliHarawi,OpenITI 2025.1.9
0611IbnMufaddalMuqaddasi,شرف الدين، علي بن المفضل بن علي بن مفرج بن حاتم بن حسن بن جعفر المقدسي (المتوفى: 611هـ),Ibn Mufaddal Muqaddasi,NULL,NULL,NULL,NULL,0611,NULL,NULL,NULL,NULL,author,NULL,NULL,NULL,3,NULL,NULL,NULL,NULL,0611IbnMufaddalMuqaddasi,OpenITI 2025.1.9
0611SharafDinMuqaddasi,شرف الدين، علي بن المفضل بن علي بن مفرج بن حاتم بن حسن بن جعفر المقدسي (المتوفى: 611هـ),Sharaf Din Muqaddasi,NULL,NULL,NULL,NULL,0611,NULL,NULL,NULL,NULL,author,NULL,NULL,NULL,2,NULL,NULL,NULL,NULL,0611SharafDinMuqaddasi,OpenITI 2025.1.9
0612AbuMuhammadRuhawiHanbali,أبو محمد الرهاوي الحنبلي,Abu Muhammad Ruhawi Hanbali,NULL,NULL,NULL,NULL,0612,NULL,NULL,NULL,NULL,author,NULL,NULL,NULL,1,NULL,NULL,NULL,NULL,0612AbuMuhammadRuhawiHanbali,OpenITI 2025.1.9
0613AbuYumnKindi,زيد بن الحسن بن زيد بن سعيد الحميري، من ذي رعين، أبو اليمن، تاج الدين الكندي (المتوفى: 613هـ),Abu Yumn Kindi,NULL,NULL,NULL,NULL,0613,NULL,NULL,NULL,NULL,author,NULL,NULL,NULL,2,NULL,NULL,NULL,NULL,0613AbuYumnKindi,OpenITI 2025.1.9
0613CaliIbnZafir,علي بن ظافر,Cali Ibn Zafir,NULL,NULL,ʿAlī b. Ẓāfir,NULL,0613,NULL,NULL,NULL,NULL,author,NULL,NULL,NULL,3,NULL,NULL,NULL,NULL,0613CaliIbnZafir,OpenITI 2025.1.9
0613IbnBaninDaqiqiNahwi,سليمان بن بنين الدقيقي النحوي,Ibn Banin Daqiqi Nahwi,NULL,NULL,NULL,NULL,0613,NULL,NULL,NULL,NULL,author,NULL,NULL,NULL,1,NULL,NULL,NULL,NULL,0613IbnBaninDaqiqiNahwi,OpenITI 2025.1.9
0614IbnAhmadIbnKhumayrSabti,أبو الحسن علي بن أحمد السبتي الأموي,Ibn Ahmad Ibn Khumayr Sabti,NULL,NULL,NULL,NULL,0614,NULL,NULL,NULL,NULL,author,NULL,NULL,NULL,1,NULL,NULL,NULL,NULL,0614IbnAhmadIbnKhumayrSabti,OpenITI 2025.1.9
0614IbnJubayr,ابن جبير,Ibn Jubayr,NULL,NULL,NULL,NULL,0614,NULL,NULL,NULL,NULL,author,NULL,NULL,NULL,1,NULL,NULL,NULL,NULL,0614IbnJubayr,OpenITI 2025.1.9
0614MansurCabdAllah,المنصور عبد الله,Mansur Cabd Allah,NULL,NULL,al-Manṣūr ʿAbd Allāh,NULL,0614,NULL,NULL,NULL,NULL,author,NULL,NULL,NULL,5,NULL,NULL,NULL,NULL,0614MansurCabdAllah,OpenITI 2025.1.9
0615AfdalDinKirmani,أفضل الدين الكرماني,Afdal Din Kirmani,NULL,NULL,Afḍal al-Dīn al-Kirmānī,NULL,0615,NULL,NULL,NULL,NULL,author,NULL,NULL,NULL,2,NULL,NULL,NULL,NULL,0615AfdalDinKirmani,OpenITI 2025.1.9
0615MuwaffaqDinShafici,موفق الدين أبو محمد بن عبد الرحمن، ابن الشيخ أبي الحرم مكي بن عثمان الشارعي الشافعي (المتوفى: 615هـ),Muwaffaq Din Shafici,NULL,NULL,NULL,NULL,0615,NULL,NULL,NULL,NULL,author,NULL,NULL,NULL,1,NULL,NULL,NULL,NULL,0615MuwaffaqDinShafici,OpenITI 2025.1.9
0616BurhanDinBukhari,برهان الدين البخاري,Burhan Din Bukhari,NULL,NULL,Burhān al-Dīn al-Buḫārī,NULL,0616,NULL,NULL,NULL,NULL,author,NULL,NULL,NULL,1,NULL,NULL,NULL,NULL,0616BurhanDinBukhari,OpenITI 2025.1.9
0616CaliIbnIsmacilAbyari,الأبياري، علي بن إسماعيل,Cali Ibn Ismacil Abyari,NULL,NULL,NULL,NULL,0616,NULL,NULL,NULL,NULL,author,NULL,NULL,NULL,1,NULL,NULL,NULL,NULL,0616CaliIbnIsmacilAbyari,OpenITI 2025.1.9
0616IbnShash,ابن شاس,Ibn Shash,NULL,NULL,NULL,NULL,0616,NULL,NULL,NULL,NULL,author,NULL,NULL,NULL,1,NULL,NULL,NULL,NULL,0616IbnShash,OpenITI 2025.1.9
0616IbnSunaynaSamarri,ابن سنينة السامري,Ibn Sunayna Samarri,NULL,NULL,NULL,NULL,0616,NULL,NULL,NULL,NULL,author,NULL,NULL,NULL,1,NULL,NULL,NULL,NULL,0616IbnSunaynaSamarri,OpenITI 2025.1.9
0616MuhibbDinCukbari,محب الدين العكبري,Muhibb Din Cukbari,NULL,NULL,Muḥibb al-Dīn al-ʿUkbarī,NULL,0616,NULL,NULL,NULL,NULL,author,NULL,NULL,NULL,11,NULL,NULL,NULL,NULL,0616MuhibbDinCukbari,OpenITI 2025.1.9
0617AbuBarakatIbnMulacib,أبو البركات داود بن أحمد بن محمد بن منصور بن ملاعب البغدادي,Abu Barakat Ibn Mulacib,NULL,NULL,NULL,NULL,0617,NULL,NULL,NULL,NULL,author,NULL,NULL,NULL,1,NULL,NULL,NULL,NULL,0617AbuBarakatIbnMulacib,OpenITI 2025.1.9
0617IbnTuwayr,ابن الطوير,Ibn Tuwayr,NULL,NULL,Ibn al-Ṭuwayr,NULL,0617,NULL,NULL,NULL,NULL,author,NULL,NULL,NULL,1,NULL,NULL,NULL,NULL,0617IbnTuwayr,OpenITI 2025.1.9
0617MansurIbnShahanshah,ناصر الدين، أبو المعالي المنصور محمد بن تقي الدين عمر بن شاهنشاه بن أيوب الأيوبي,Mansur Ibn Shahanshah,NULL,NULL,NULL,NULL,0617,NULL,NULL,NULL,NULL,author,NULL,NULL,NULL,1,NULL,NULL,NULL,NULL,0617MansurIbnShahanshah,OpenITI 2025.1.9
0617RadiDinTusi,رضي الدين، أبو الحسن المؤيد بن محمد بن علي بن حسن بن محمد بن أبي صالح الطوسي، ثم النيسابوري (المتوفى: 617هـ),Radi Din Tusi,NULL,NULL,NULL,NULL,0617,NULL,NULL,NULL,NULL,author,NULL,NULL,NULL,1,NULL,NULL,NULL,NULL,0617RadiDinTusi,OpenITI 2025.1.9
0618FaridDinCattar,فريد الدين عطار,Farid Din Cattar,NULL,NULL,Farīd al-Dīn ʿAṭṭār,NULL,0618,NULL,NULL,NULL,NULL,author,NULL,NULL,NULL,21,NULL,NULL,NULL,NULL,0618FaridDinCattar,OpenITI 2025.1.9
0618IbnCabdRahmanMuqriWasiti,أبو الفرج المقرئ,Ibn Cabd Rahman Muqri Wasiti,NULL,NULL,NULL,NULL,0618,NULL,NULL,NULL,NULL,author,NULL,NULL,NULL,1,NULL,NULL,NULL,NULL,0618IbnCabdRahmanMuqriWasiti,OpenITI 2025.1.9
0618JawhariNayshaburi,جوهري نيشابوري,Jawhari Nayshaburi,NULL,NULL,Ǧawharī Nayšābūrī,NULL,0618,NULL,NULL,NULL,NULL,author,NULL,NULL,NULL,1,NULL,NULL,NULL,NULL,0618JawhariNayshaburi,OpenITI 2025.1.9
0618NajmDinAhmadIbnCumar,الإمام أحمد بن عمر,Najm Din Ahmad Ibn Cumar,NULL,NULL,NULL,NULL,0618,NULL,NULL,NULL,NULL,author,NULL,NULL,NULL,1,NULL,NULL,NULL,NULL,0618NajmDinAhmadIbnCumar,OpenITI 2025.1.9
0619AbuCabbasSharishi,أبو عباس أحمد بن عبد المؤمن بن موسى القيسي الشريشي (المتوفى: 619 ه),Abu Cabbas Sharishi,NULL,NULL,NULL,NULL,0619,NULL,NULL,NULL,NULL,author,NULL,NULL,NULL,1,NULL,NULL,NULL,NULL,0619AbuCabbasSharishi,OpenITI 2025.1.9
0619IbnCabdWahidGhafiqi,محمد بن عبد الواحد بن إبراهيم الغافقي (549 - 619 ه),Ibn Cabd Wahid Ghafiqi,NULL,NULL,NULL,NULL,0619,NULL,NULL,NULL,NULL,author,NULL,NULL,NULL,1,NULL,NULL,NULL,NULL,0619IbnCabdWahidGhafiqi,OpenITI 2025.1.9
0619IbnNabih,ابن النبيه,Ibn Nabih,NULL,NULL,NULL,NULL,0619,NULL,NULL,NULL,NULL,author,NULL,NULL,NULL,1,NULL,NULL,NULL,NULL,0619IbnNabih,OpenITI 2025.1.9
0619NajibDinSamarqandi,نجيب الدين السمرقندي,Najib Din Samarqandi,NULL,NULL,Naǧīb al-Dīn al-Samarqandī,NULL,0619,NULL,NULL,NULL,NULL,author,NULL,NULL,NULL,1,NULL,NULL,NULL,NULL,0619NajibDinSamarqandi,OpenITI 2025.1.9
0620IbnCisaAzdiQurtubi,محمد بن عيسى بن محمد بن أصبغ، أبو عبد الله بن المناصف الأزدي القرطبي (المتوفى: 620هـ),Ibn Cisa Azdi Qurtubi,NULL,NULL,NULL,NULL,0620,NULL,NULL,NULL,NULL,author,NULL,NULL,NULL,1,NULL,NULL,NULL,NULL,0620IbnCisaAzdiQurtubi,OpenITI 2025.1.9
0620IbnMuhammadIbnCasakir,عبد الرحمن بن محمد,Ibn Muhammad Ibn Casakir,NULL,NULL,NULL,NULL,0620,NULL,NULL,NULL,NULL,author,NULL,NULL,NULL,1,NULL,NULL,NULL,NULL,0620IbnMuhammadIbnCasakir,OpenITI 2025.1.9
0620IbnQudamaMaqdisi,ابن قدامة المقدسي,Ibn Qudama Maqdisi,NULL,NULL,Ibn Qudāmaŧ al-Maqdisī,NULL,0620,NULL,NULL,NULL,NULL,author,NULL,NULL,NULL,24,NULL,NULL,NULL,NULL,0620IbnQudamaMaqdisi,OpenITI 2025.1.9
0620ZahiriSamarqandi,NULL,Zahiri Samarqandi,NULL,NULL,NULL,NULL,0620,NULL,NULL,NULL,NULL,author,NULL,NULL,NULL,1,NULL,NULL,NULL,NULL,0620ZahiriSamarqandi,OpenITI 2025.1.9
0621IbnSirma,أبو العباس أحمد بن يوسف بن محمد بن أحمد بن إبراهيم بن صرما الدقاق الحنبلي,Ibn Sirma,NULL,NULL,NULL,NULL,0621,NULL,NULL,NULL,NULL,author,NULL,NULL,NULL,1,NULL,NULL,NULL,NULL,0621IbnSirma,OpenITI 2025.1.9
0622IbnBadrDiyaDinMawsili,ابن بدر ضياء الدين الموصلي,Ibn Badr Diya Din Mawsili,NULL,NULL,Ibn Badr Ḍiyāʾ al-Dīn al-Mawṣilī,NULL,0622,NULL,NULL,NULL,NULL,author,NULL,NULL,NULL,2,NULL,NULL,NULL,NULL,0622IbnBadrDiyaDinMawsili,OpenITI 2025.1.9
0622IbnBarni,ابن البرني,Ibn Barni,NULL,NULL,NULL,NULL,0622,NULL,NULL,NULL,NULL,author,NULL,NULL,NULL,1,NULL,NULL,NULL,NULL,0622IbnBarni,OpenITI 2025.1.9
0622IbnDarbas,إبراهيم بن درباس,Ibn Darbas,NULL,NULL,NULL,NULL,0622,NULL,NULL,NULL,NULL,author,NULL,NULL,NULL,1,NULL,NULL,NULL,NULL,0622IbnDarbas,OpenITI 2025.1.9
0622IbnShamsKhilafa,ابن شمس الخلافة، جعفر بن محمد (شمس الخلافة) ابن مختار الأفضلي، أبو الفضل، الملقب مجد الملك (المتوفى: 622هـ),Ibn Shams Khilafa,NULL,NULL,NULL,NULL,0622,NULL,NULL,NULL,NULL,author,NULL,NULL,NULL,1,NULL,NULL,NULL,NULL,0622IbnShamsKhilafa,OpenITI 2025.1.9
0622MuslimIbnMahmudShayzari,الشيزري,Muslim Ibn Mahmud Shayzari,NULL,NULL,al-Šayzarī,NULL,0622,NULL,NULL,NULL,NULL,author,NULL,NULL,NULL,1,NULL,NULL,NULL,NULL,0622MuslimIbnMahmudShayzari,OpenITI 2025.1.9
0623AbuQasimRafici,أبو القاسم الرافعي,Abu Qasim Rafici,NULL,NULL,Abū al-Qāsim al-Rāfiʿī,NULL,0623,NULL,NULL,NULL,NULL,author,NULL,NULL,NULL,5,NULL,NULL,NULL,NULL,0623AbuQasimRafici,OpenITI 2025.1.9
0623IbnCabdWahidBukhariMaqdisi,أبو العباس أحمد بن عبد الواحد بن أحمد المقدسي، الحنبلي، الملقب بالبخاري (المتوفى: 623هـ),Ibn Cabd Wahid Bukhari Maqdisi,NULL,NULL,NULL,NULL,0623,NULL,NULL,NULL,NULL,author,NULL,NULL,NULL,2,NULL,NULL,NULL,NULL,0623IbnCabdWahidBukhariMaqdisi,OpenITI 2025.1.9
0624IbnIbrahimBahaDinMaqdisi,عبد الرحمن بن إبراهيم بن أحمد، أبو محمد بهاء الدين المقدسي,Ibn Ibrahim Baha Din Maqdisi,NULL,NULL,NULL,NULL,0624,NULL,NULL,NULL,NULL,author,NULL,NULL,NULL,3,NULL,NULL,NULL,NULL,0624IbnIbrahimBahaDinMaqdisi,OpenITI 2025.1.9
0625AbuMuhammadIbnRushd,أبو محمد ابن رشد,Abu Muhammad Ibn Rushd,NULL,NULL,Abū Muḥammad Ibn Rušd,NULL,0625,NULL,NULL,NULL,NULL,author,NULL,NULL,NULL,1,NULL,NULL,NULL,NULL,0625AbuMuhammadIbnRushd,OpenITI 2025.1.9
0625Anonymous,مؤلف مجهول,Anonymous,NULL,NULL,Muʾallif majhūl,NULL,0625,NULL,NULL,NULL,NULL,author,NULL,NULL,NULL,1,NULL,NULL,NULL,NULL,0625Anonymous,OpenITI 2025.1.9
0625BahaDinAkwac,بهاء الدين الأكوع,Baha Din Akwac,NULL,NULL,Bahāʾ al-Dīn al-Akwaʿ,NULL,0625,NULL,NULL,NULL,NULL,author,NULL,NULL,NULL,1,NULL,NULL,NULL,NULL,0625BahaDinAkwac,OpenITI 2025.1.9
0625DacwidarQummi,NULL,Dacwidar Qummi,NULL,NULL,NULL,NULL,0625,NULL,NULL,NULL,NULL,author,NULL,NULL,NULL,1,NULL,NULL,NULL,NULL,0625DacwidarQummi,OpenITI 2025.1.9
0625IbnCabdHaqqYafurani,محمد بن عبد الحق اليفرني (625 ه),Ibn Cabd Haqq Yafurani,NULL,NULL,NULL,NULL,0625,NULL,NULL,NULL,NULL,author,NULL,NULL,NULL,1,NULL,NULL,NULL,NULL,0625IbnCabdHaqqYafurani,OpenITI 2025.1.9
0625IbnCufayjaBandaniji,أبو منصور محمد بن عبد الله بن المبارك البندنيجي المعروف بابن عفيجة,Ibn Cufayja Bandaniji,NULL,NULL,NULL,NULL,0625,NULL,NULL,NULL,NULL,author,NULL,NULL,NULL,1,NULL,NULL,NULL,NULL,0625IbnCufayjaBandaniji,OpenITI 2025.1.9
0625IbnNajibBakran,NULL,Ibn Najib Bakran,NULL,NULL,NULL,NULL,0625,NULL,NULL,NULL,NULL,author,NULL,NULL,NULL,2,NULL,NULL,NULL,NULL,0625IbnNajibBakran,OpenITI 2025.1.9
0625NajmDinRawandi,NULL,Najm Din Rawandi,NULL,NULL,NULL,NULL,0625,NULL,NULL,NULL,NULL,author,NULL,NULL,NULL,1,NULL,NULL,NULL,NULL,0625NajmDinRawandi,OpenITI 2025.1.9
0625SafiDinHalabi,صفيّ الدين، أبو الفتح عيسى بن البحتري الحلبي (المتوفى: بعد 625هـ),Safi Din Halabi,NULL,NULL,NULL,NULL,0625,NULL,NULL,NULL,NULL,author,NULL,NULL,NULL,1,NULL,NULL,NULL,NULL,0625SafiDinHalabi,OpenITI 2025.1.9
0626IbnBassamMuhtasib,محمد بن أحمد ابن بسام المحتسب,Ibn Bassam Muhtasib,NULL,NULL,NULL,NULL,0626,NULL,NULL,NULL,NULL,author,NULL,NULL,NULL,1,NULL,NULL,NULL,NULL,0626IbnBassamMuhtasib,OpenITI 2025.1.9
0626IbnMuhammadKhwarazmiSakkaki,السكاكي,Ibn Muhammad Khwarazmi Sakkaki,NULL,NULL,NULL,NULL,0626,NULL,NULL,NULL,NULL,author,NULL,NULL,NULL,1,NULL,NULL,NULL,NULL,0626IbnMuhammadKhwarazmiSakkaki,OpenITI 2025.1.9
0626YaqutHamawi,ياقوت الحلبي,Yaqut Hamawi,NULL,NULL,Yāqūt al-Ḥalabī,NULL,0626,NULL,NULL,NULL,NULL,author,NULL,NULL,NULL,4,NULL,NULL,NULL,NULL,0626YaqutHamawi,OpenITI 2025.1.9
0627ZaynUmanaIbnCasakir,زين الأمناء ابن عساكر,Zayn Umana Ibn Casakir,NULL,NULL,Zayn al-Umanāʾ Ibn ʿAsākir,NULL,0627,NULL,NULL,NULL,NULL,author,NULL,NULL,NULL,1,NULL,NULL,NULL,NULL,0627ZaynUmanaIbnCasakir,OpenITI 2025.1.9
0628IbnCaliSanhaji,ابن حماد,Ibn Cali Sanhaji,NULL,NULL,NULL,NULL,0628,NULL,NULL,NULL,NULL,author,NULL,NULL,NULL,1,NULL,NULL,NULL,NULL,0628IbnCaliSanhaji,OpenITI 2025.1.9
0628IbnQattanFasi,للحافظ ابن القطان الفاسي أبو الحسن علي بن محمد بن عبد الملك,Ibn Qattan Fasi,NULL,NULL,NULL,NULL,0628,NULL,NULL,NULL,NULL,author,NULL,NULL,NULL,3,NULL,NULL,NULL,NULL,0628IbnQattanFasi,OpenITI 2025.1.9
0628IbnZayyat,ابن الزيات,Ibn Zayyat,NULL,NULL,Ibn al-Zayyāt,NULL,0628,NULL,NULL,NULL,NULL,author,NULL,NULL,NULL,1,NULL,NULL,NULL,NULL,0628IbnZayyat,OpenITI 2025.1.9
0628YahyaIbnCabdMucti,يحيى بن عبد المعطي,Yahya Ibn Cabd Mucti,NULL,NULL,Yaḥyá b. ʿAbd al-Muʿṭī,NULL,0628,NULL,NULL,NULL,NULL,author,NULL,NULL,NULL,1,NULL,NULL,NULL,NULL,0628YahyaIbnCabdMucti,OpenITI 2025.1.9
0629CabdLatifBaghdadi,عبد اللطيف البغدادي,Cabd Latif Baghdadi,NULL,NULL,ʿAbd al-Laṭīf al-Baġdādī,NULL,0629,NULL,NULL,NULL,NULL,author,NULL,NULL,NULL,4,NULL,NULL,NULL,NULL,0629CabdLatifBaghdadi,OpenITI 2025.1.9
0629IbnNuqta,ابن نقطة,Ibn Nuqta,NULL,NULL,NULL,NULL,0629,NULL,NULL,NULL,NULL,author,NULL,NULL,NULL,2,NULL,NULL,NULL,NULL,0629IbnNuqta,OpenITI 2025.1.9
0630HashimIbnSacdAhmadi,هاشم بن سعد الأحمدي,Hashim Ibn Sacd Ahmadi,NULL,NULL,Hāšim b. Saʿd al-Aḥmadī,NULL,0630,NULL,NULL,NULL,NULL,author,NULL,NULL,NULL,1,NULL,NULL,NULL,NULL,0630HashimIbnSacdAhmadi,OpenITI 2025.1.9
0630IbnAthirCizzDin,عزالدين أبوالحسن علي بن أبيالكرم محمد بن محمد بن عبدالكريم بن عبدالواحد الشيباني، الجزري,Ibn Athir Cizz Din,NULL,NULL,NULL,NULL,0630,NULL,NULL,NULL,NULL,author,NULL,NULL,NULL,3,NULL,NULL,NULL,NULL,0630IbnAthirCizzDin,OpenITI 2025.1.9
0630IbnCaliShaficiQalci,القلعي(م),Ibn Cali Shafici Qalci,NULL,NULL,NULL,NULL,0630,NULL,NULL,NULL,NULL,author,NULL,NULL,NULL,1,NULL,NULL,NULL,NULL,0630IbnCaliShaficiQalci,OpenITI 2025.1.9
0630IbnCunayn,ابن عنين,Ibn Cunayn,NULL,NULL,Ibn ʿUnayn,NULL,0630,NULL,NULL,NULL,NULL,author,NULL,NULL,NULL,1,NULL,NULL,NULL,NULL,0630IbnCunayn,OpenITI 2025.1.9
0630IbnHajib,عمر بن محمد بن منصور الأميني، أبو حفص، عز الدين، المعروف بابن الحاجب (المتوفى: 630هـ),Ibn Hajib,NULL,NULL,NULL,NULL,0630,NULL,NULL,NULL,NULL,author,NULL,NULL,NULL,1,NULL,NULL,NULL,NULL,0630IbnHajib,OpenITI 2025.1.9
0630IbnMuhammadBadrDinRazi,ابن المختار الرازي,Ibn Muhammad Badr Din Razi,NULL,NULL,NULL,NULL,0630,NULL,NULL,NULL,NULL,author,NULL,NULL,NULL,2,NULL,NULL,NULL,NULL,0630IbnMuhammadBadrDinRazi,OpenITI 2025.1.9
0631CuthmanAsamm,عثمان الأصم,Cuthman Asamm,NULL,NULL,ʿUṯmān al-Aṣamm,NULL,0631,NULL,NULL,NULL,NULL,author,NULL,NULL,NULL,1,NULL,NULL,NULL,NULL,0631CuthmanAsamm,OpenITI 2025.1.9
0631SayfDinAmidi,سيف الدين الآمدي,Sayf Din Amidi,NULL,NULL,Sayf al-Dīn al-Āmidī,NULL,0631,NULL,NULL,NULL,NULL,author,NULL,NULL,NULL,4,NULL,NULL,NULL,NULL,0631SayfDinAmidi,OpenITI 2025.1.9
0632AbuHafsSuhrawardi,أبو حفص السهراوردي,Abu Hafs Suhrawardi,NULL,NULL,Abū Ḥafṣ al-Suhrāwardī,NULL,0632,NULL,NULL,NULL,NULL,author,NULL,NULL,NULL,2,NULL,NULL,NULL,NULL,0632AbuHafsSuhrawardi,OpenITI 2025.1.9
0632BahaDinIbnShaddad,بهاء الدين ابن شداد,Baha Din Ibn Shaddad,NULL,NULL,Bahāʾ al-dīn Ibn Šaddād,NULL,0632,NULL,NULL,NULL,NULL,author,NULL,NULL,NULL,1,NULL,NULL,NULL,NULL,0632BahaDinIbnShaddad,OpenITI 2025.1.9
0632IsmacilMarwazi,إسماعيل المروزي,Ismacil Marwazi,NULL,NULL,NULL,NULL,0632,NULL,NULL,NULL,NULL,author,NULL,NULL,NULL,1,NULL,NULL,NULL,NULL,0632IsmacilMarwazi,OpenITI 2025.1.9
0632SharafDinIbnFarid,ابن الفارض,Sharaf Din Ibn Farid,NULL,NULL,NULL,NULL,0632,NULL,NULL,NULL,NULL,author,NULL,NULL,NULL,1,NULL,NULL,NULL,NULL,0632SharafDinIbnFarid,OpenITI 2025.1.9
0633BattalRukabi,محمد بن أحمد بن محمد بن سليمان بن بطال الركبي، أبو عبد الله، المعروف ببطال (المتوفى: 633ه),Battal Rukabi,NULL,NULL,NULL,NULL,0633,NULL,NULL,NULL,NULL,author,NULL,NULL,NULL,1,NULL,NULL,NULL,NULL,0633BattalRukabi,OpenITI 2025.1.9
0633CabdRahmanHamadhani,عبد الرحمن بن عيسى بن حماد الهمذاني,Cabd Rahman Hamadhani,NULL,NULL,NULL,NULL,0633,NULL,NULL,NULL,NULL,author,NULL,NULL,NULL,1,NULL,NULL,NULL,NULL,0633CabdRahmanHamadhani,OpenITI 2025.1.9
0633IbnDihyaJumayyilKalbi,ابن ضحية جميل الكلبي,Ibn Dihya Jumayyil Kalbi,NULL,NULL,Ibn Ḍiḥyaŧ Jumayyil al-Kalbī,NULL,0633,NULL,NULL,NULL,NULL,author,NULL,NULL,NULL,5,NULL,NULL,NULL,NULL,0633IbnDihyaJumayyilKalbi,OpenITI 2025.1.9
0633IbnIbrahimIrbili,أبو عبد الله محمد بن إبراهيم بن المسلم بن سلمان الإربلي,Ibn Ibrahim Irbili,NULL,NULL,NULL,NULL,0633,NULL,NULL,NULL,NULL,author,NULL,NULL,NULL,1,NULL,NULL,NULL,NULL,0633IbnIbrahimIrbili,OpenITI 2025.1.9
0633IbnSacidRajraji,الرجراجي، علي بن سعيد,Ibn Sacid Rajraji,NULL,NULL,NULL,NULL,0633,NULL,NULL,NULL,NULL,author,NULL,NULL,NULL,1,NULL,NULL,NULL,NULL,0633IbnSacidRajraji,OpenITI 2025.1.9
0634AbuBakrSabuni,أبو بكر محمد بن أحمد الصدفي الإشبيلي المعروف بابن الصابوني الشاعر (المتوفى: 634ه),Abu Bakr Sabuni,NULL,NULL,NULL,NULL,0634,NULL,NULL,NULL,NULL,author,NULL,NULL,NULL,1,NULL,NULL,NULL,NULL,0634AbuBakrSabuni,OpenITI 2025.1.9
0634AbuRabicHimyari,سليمان بن موسى الكلاعي الأندلسي,Abu Rabic Himyari,NULL,NULL,NULL,NULL,0634,NULL,NULL,NULL,NULL,author,NULL,NULL,NULL,2,NULL,NULL,NULL,NULL,0634AbuRabicHimyari,OpenITI 2025.1.9
0634IbnNajmIbnHanbaliJazari,ابن الحنبلي,Ibn Najm Ibn Hanbali Jazari,NULL,NULL,NULL,NULL,0634,NULL,NULL,NULL,NULL,author,NULL,NULL,NULL,1,NULL,NULL,NULL,NULL,0634IbnNajmIbnHanbaliJazari,OpenITI 2025.1.9
0634TajDinHasanNizami,NULL,Taj Din Hasan Nizami,NULL,NULL,NULL,NULL,0634,NULL,NULL,NULL,NULL,author,NULL,NULL,NULL,1,NULL,NULL,NULL,NULL,0634TajDinHasanNizami,OpenITI 2025.1.9
0635AbuMunajjaIbnLatti,أبو المنجى عبد الله بن عمر بن علي بن زيد، ابن اللتي البغدادي، الحريمي، الطاهري، القزاز (المتوفى: 635هـ),Abu Munajja Ibn Latti,NULL,NULL,NULL,NULL,0635,NULL,NULL,NULL,NULL,author,NULL,NULL,NULL,1,NULL,NULL,NULL,NULL,0635AbuMunajjaIbnLatti,OpenITI 2025.1.9
0636AbuCabdAllahIbnCaskar,ابن عسكر,Abu Cabd Allah Ibn Caskar,NULL,NULL,NULL,NULL,0636,NULL,NULL,NULL,NULL,author,NULL,NULL,NULL,1,NULL,NULL,NULL,NULL,0636AbuCabdAllahIbnCaskar,OpenITI 2025.1.9
0636IbnAbiMucammarAbuKhayrTabrizi,أبو الخير بدل بن أبي المعمر بن إسماعيل التبريزي (المتوفى: 636هـ),Ibn Abi Mucammar Abu Khayr Tabrizi,NULL,NULL,NULL,NULL,0636,NULL,NULL,NULL,NULL,author,NULL,NULL,NULL,1,NULL,NULL,NULL,NULL,0636IbnAbiMucammarAbuKhayrTabrizi,OpenITI 2025.1.9
0636IbnCaskar,ابن العسكر,Ibn Caskar,NULL,NULL,Ibn al-ʿAskar,NULL,0636,NULL,NULL,NULL,NULL,author,NULL,NULL,NULL,1,NULL,NULL,NULL,NULL,0636IbnCaskar,OpenITI 2025.1.9
0636IbnKhalfunAzdi,ابن خلفون,Ibn Khalfun Azdi,NULL,NULL,NULL,NULL,0636,NULL,NULL,NULL,NULL,author,NULL,NULL,NULL,2,NULL,NULL,NULL,NULL,0636IbnKhalfunAzdi,OpenITI 2025.1.9
0636IbnYusufBirzaliIshbili,محمد بن يوسف بن يداس البرزالي الأندلسي الإشبيلي، أبو عبد الله (المتوفى: 636هـ),Ibn Yusuf Birzali Ishbili,NULL,NULL,NULL,NULL,0636,NULL,NULL,NULL,NULL,author,NULL,NULL,NULL,1,NULL,NULL,NULL,NULL,0636IbnYusufBirzaliIshbili,OpenITI 2025.1.9
0637IbnAthirDiyaDin,ضياء الدين ابن الأثير,Ibn Athir Diya Din,NULL,NULL,Ḍiyāʾ al-dīn Ibn al-Aṯīr,NULL,0637,NULL,NULL,NULL,NULL,author,NULL,NULL,NULL,3,NULL,NULL,NULL,NULL,0637IbnAthirDiyaDin,OpenITI 2025.1.9
0637IbnDubaythi,محمد بن سعيد ابن الدبيثي,Ibn Dubaythi,NULL,NULL,NULL,NULL,0637,NULL,NULL,NULL,NULL,author,NULL,NULL,NULL,2,NULL,NULL,NULL,NULL,0637IbnDubaythi,OpenITI 2025.1.9
0637IbnKhabbazMawsili,ابن الخباز الموصلي,Ibn Khabbaz Mawsili,NULL,NULL,Ibn al-Ḫabbāz al-Mawṣilī,NULL,0637,NULL,NULL,NULL,NULL,author,NULL,NULL,NULL,1,NULL,NULL,NULL,NULL,0637IbnKhabbazMawsili,OpenITI 2025.1.9
0637IbnMustawfi,ابن المستوفي,Ibn Mustawfi,NULL,NULL,Ibn al-Mustawfī,NULL,0637,NULL,NULL,NULL,NULL,author,NULL,NULL,NULL,1,NULL,NULL,NULL,NULL,0637IbnMustawfi,OpenITI 2025.1.9
0638IbnAhmadAndalusiHarali,الحرالي أبو الحسن علي بن أحمد بن حسن التجيبي الأندلسي (المتوفى: 638هـ),Ibn Ahmad Andalusi Harali,NULL,NULL,NULL,NULL,0638,NULL,NULL,NULL,NULL,author,NULL,NULL,NULL,1,NULL,NULL,NULL,NULL,0638IbnAhmadAndalusiHarali,OpenITI 2025.1.9
0638IbnCarabi,ابن عربي الشيخ الأكبر,Ibn Carabi,NULL,NULL,Ibn ʿArabī al-Šayḫ al-akbar,NULL,0638,NULL,NULL,NULL,NULL,author,NULL,NULL,NULL,7,NULL,NULL,NULL,NULL,0638IbnCarabi,OpenITI 2025.1.9
0638JahmaBintMufarrij,جهمة بنت المفرج,Jahma Bint Mufarrij,NULL,NULL,Jahmaŧ bint al-Mufarrij,NULL,0638,NULL,NULL,NULL,NULL,author,NULL,NULL,NULL,1,NULL,NULL,NULL,NULL,0638JahmaBintMufarrij,OpenITI 2025.1.9
0639IbnKhabbaz,ابن الخباز,Ibn Khabbaz,NULL,NULL,NULL,NULL,0639,NULL,NULL,NULL,NULL,author,NULL,NULL,NULL,1,NULL,NULL,NULL,NULL,0639IbnKhabbaz,OpenITI 2025.1.9
0640AbuHafsDunaysiri,دنيسري,Abu Hafs Dunaysiri,NULL,NULL,Dunaysirī,NULL,0640,NULL,NULL,NULL,NULL,author,NULL,NULL,NULL,1,NULL,NULL,NULL,NULL,0640AbuHafsDunaysiri,OpenITI 2025.1.9
0641Sarifini,الصيرفيني,Sarifini,NULL,NULL,NULL,NULL,0641,NULL,NULL,NULL,NULL,author,NULL,NULL,NULL,1,NULL,NULL,NULL,NULL,0641Sarifini,OpenITI 2025.1.9
0642BurhanMuhaqqiqTirmidhi,NULL,Burhan Muhaqqiq Tirmidhi,NULL,NULL,NULL,NULL,0642,NULL,NULL,NULL,NULL,author,NULL,NULL,NULL,1,NULL,NULL,NULL,NULL,0642BurhanMuhaqqiqTirmidhi,OpenITI 2025.1.9
0642HamdAllahSarakhsi,NULL,Hamd Allah Sarakhsi,NULL,NULL,NULL,NULL,0642,NULL,NULL,NULL,NULL,author,NULL,NULL,NULL,1,NULL,NULL,NULL,NULL,0642HamdAllahSarakhsi,OpenITI 2025.1.9
0642IbnAbiDam,ابن أبي الدم,Ibn Abi Dam,NULL,NULL,Ibn Abī al-Dam,NULL,0642,NULL,NULL,NULL,NULL,author,NULL,NULL,NULL,1,NULL,NULL,NULL,NULL,0642IbnAbiDam,OpenITI 2025.1.9
0642IbnMawaq,أبو عبد الله محمد بن أبي بكر بن خلف بن فرج بن صاف المراكشي المالكي المعروف بابن المواق (المتوفى: 642 ه),Ibn Mawaq,NULL,NULL,NULL,NULL,0642,NULL,NULL,NULL,NULL,author,NULL,NULL,NULL,1,NULL,NULL,NULL,NULL,0642IbnMawaq,OpenITI 2025.1.9
0642IbnMinfakh,نجم الدين أحمد المعروف بابن المنفاخ,Ibn Minfakh,NULL,NULL,NULL,NULL,0642,NULL,NULL,NULL,NULL,author,NULL,NULL,NULL,1,NULL,NULL,NULL,NULL,0642IbnMinfakh,OpenITI 2025.1.9
0642TajDinIbnHammuyaJuwayni,تاج الدين ابن حموية الجويني,Taj Din Ibn Hammuya Juwayni,NULL,NULL,Tāj al-Dīn Ibn Ḥammūyaŧ al-Juwaynī,NULL,0642,NULL,NULL,NULL,NULL,author,NULL,NULL,NULL,1,NULL,NULL,NULL,NULL,0642TajDinIbnHammuyaJuwayni,OpenITI 2025.1.9
0643CaliSakhawi,علي السخاوي,Cali Sakhawi,NULL,NULL,ʿAlī al-Saḫāwī,NULL,0643,NULL,NULL,NULL,NULL,author,NULL,NULL,NULL,4,NULL,NULL,NULL,NULL,0643CaliSakhawi,OpenITI 2025.1.9
0643DiyaDinMaqdisi,ضياء الدين المقدسي,Diya Din Maqdisi,NULL,NULL,Ḍiyāʾ al-Dīn al-Maqdisī,NULL,0643,NULL,NULL,NULL,NULL,author,NULL,NULL,NULL,40,NULL,NULL,NULL,NULL,0643DiyaDinMaqdisi,OpenITI 2025.1.9
0643FathBundari,الفتح بن علي بن محمد البنداري الأصفهاني، أبو إبراهيم (المتوفى: 643هـ),Fath Bundari,NULL,NULL,NULL,NULL,0643,NULL,NULL,NULL,NULL,author,NULL,NULL,NULL,1,NULL,NULL,NULL,NULL,0643FathBundari,OpenITI 2025.1.9
0643IbnCisaMaqdisi,ابن عيسى المقدسي,Ibn Cisa Maqdisi,NULL,NULL,Ibn ʿĪsá al-Maqdisī,NULL,0643,NULL,NULL,NULL,NULL,author,NULL,NULL,NULL,1,NULL,NULL,NULL,NULL,0643IbnCisaMaqdisi,OpenITI 2025.1.9
0643IbnCumarMaqdisi,ابن عمر المقدسي,Ibn Cumar Maqdisi,NULL,NULL,Ibn ʿUmar al-Maqdisī,NULL,0643,NULL,NULL,NULL,NULL,author,NULL,NULL,NULL,1,NULL,NULL,NULL,NULL,0643IbnCumarMaqdisi,OpenITI 2025.1.9
0643IbnMuqayyar,علي بن الحسين بن علي بن منصور، أبو الحسن ابن المقير النجار (المتوفى: 643هـ),Ibn Muqayyar,NULL,NULL,NULL,NULL,0643,NULL,NULL,NULL,NULL,author,NULL,NULL,NULL,1,NULL,NULL,NULL,NULL,0643IbnMuqayyar,OpenITI 2025.1.9
0643IbnNajjar,ابن نجار,Ibn Najjar,NULL,NULL,Ibn Naǧǧār,NULL,0643,NULL,NULL,NULL,NULL,author,NULL,NULL,NULL,3,NULL,NULL,NULL,NULL,0643IbnNajjar,OpenITI 2025.1.9
0643IbnSalahShahrazuri,ابن صلاح,Ibn Salah Shahrazuri,NULL,NULL,Ibn Ṣalāḥ,NULL,0643,NULL,NULL,NULL,NULL,author,NULL,NULL,NULL,9,NULL,NULL,NULL,NULL,0643IbnSalahShahrazuri,OpenITI 2025.1.9
0643IbnYacish,يعيش بن علي بن يعيش ابن أبي السرايا محمد بن علي، أبو البقاء، موفق الدين الأسدي الموصلي، المعروف بابن يعيش وبابن الصانع (المتوفى: 643ه),Ibn Yacish,NULL,NULL,NULL,NULL,0643,NULL,NULL,NULL,NULL,author,NULL,NULL,NULL,1,NULL,NULL,NULL,NULL,0643IbnYacish,OpenITI 2025.1.9
0643MuntajibHamadhani,المنتجب الهمذاني,Muntajib Hamadhani,NULL,NULL,NULL,NULL,0643,NULL,NULL,NULL,NULL,author,NULL,NULL,NULL,1,NULL,NULL,NULL,NULL,0643MuntajibHamadhani,OpenITI 2025.1.9
0644IbnCaliCizzDinMuhallabi,أحمد بن علي بن معقل، أبو العباس، عز الدين الأزدي المهلبي (المتوفى: 644هـ),Ibn Cali Cizz Din Muhallabi,NULL,NULL,NULL,NULL,0644,NULL,NULL,NULL,NULL,author,NULL,NULL,NULL,1,NULL,NULL,NULL,NULL,0644IbnCaliCizzDinMuhallabi,OpenITI 2025.1.9
0645IbnNimaHilli,ابن نما الحلي,Ibn Nima Hilli,NULL,NULL,NULL,NULL,0645,NULL,NULL,NULL,NULL,author,NULL,NULL,NULL,2,NULL,NULL,NULL,NULL,0645IbnNimaHilli,OpenITI 2025.1.9
0645ShamsTabrizi,NULL,Shams Tabrizi,NULL,NULL,NULL,NULL,0645,NULL,NULL,NULL,NULL,author,NULL,NULL,NULL,1,NULL,NULL,NULL,NULL,0645ShamsTabrizi,OpenITI 2025.1.9
0645TilimsaniBurri,البري,Tilimsani Burri,NULL,NULL,NULL,NULL,0645,NULL,NULL,NULL,NULL,author,NULL,NULL,NULL,2,NULL,NULL,NULL,NULL,0645TilimsaniBurri,OpenITI 2025.1.9
0646IbnBaytarAndalusi,عبد الله بن أحمد ابن البيطار,Ibn Baytar Andalusi,NULL,NULL,ʿAbd Allāh b. Aḥmad Ibn al-Bayṭār,NULL,0646,NULL,NULL,NULL,NULL,author,NULL,NULL,NULL,2,NULL,NULL,NULL,NULL,0646IbnBaytarAndalusi,OpenITI 2025.1.9
0646IbnCumarIbnHajibKurdi,ابن عمر ابن حاجب الكردي,Ibn Cumar Ibn Hajib Kurdi,NULL,NULL,Ibn ʿUmar Ibn Ḥājib al-Kurdī,NULL,0646,NULL,NULL,NULL,NULL,author,NULL,NULL,NULL,5,NULL,NULL,NULL,NULL,0646IbnCumarIbnHajibKurdi,OpenITI 2025.1.9
0646IbnNamawarKhunaji,أفضل الدين الخونجي,Ibn Namawar Khunaji,NULL,NULL,NULL,NULL,0646,NULL,NULL,NULL,NULL,author,NULL,NULL,NULL,1,NULL,NULL,NULL,NULL,0646IbnNamawarKhunaji,OpenITI 2025.1.9
0646IbnQifti,ابن القفطي,Ibn Qifti,NULL,NULL,Ibn al-Qifṭī,NULL,0646,NULL,NULL,NULL,NULL,author,NULL,NULL,NULL,4,NULL,NULL,NULL,NULL,0646IbnQifti,OpenITI 2025.1.9
0647CabdWahidMarrakushi,المراكشي,Cabd Wahid Marrakushi,NULL,NULL,NULL,NULL,0647,NULL,NULL,NULL,NULL,author,NULL,NULL,NULL,1,NULL,NULL,NULL,NULL,0647CabdWahidMarrakushi,OpenITI 2025.1.9
0647IbnAbiNajmSacdi,القاضي العلامة عبد الله بن محمد بن أبي النجم,Ibn Abi Najm Sacdi,NULL,NULL,NULL,NULL,0647,NULL,NULL,NULL,NULL,author,NULL,NULL,NULL,2,NULL,NULL,NULL,NULL,0647IbnAbiNajmSacdi,OpenITI 2025.1.9
0648IbnKhalilHalabi,ابن خليل الحلبي,Ibn Khalil Halabi,NULL,NULL,Ibn Ḫalīl al-Ḥalabī,NULL,0648,NULL,NULL,NULL,NULL,author,NULL,NULL,NULL,3,NULL,NULL,NULL,NULL,0648IbnKhalilHalabi,OpenITI 2025.1.9
0649AbuHasanShafici,أبو الحسن الشافعي,Abu Hasan Shafici,NULL,NULL,Abū al-Ḥasan al-Šāfiʿī,NULL,0649,NULL,NULL,NULL,NULL,author,NULL,NULL,NULL,1,NULL,NULL,NULL,NULL,0649AbuHasanShafici,OpenITI 2025.1.9
0649IbnSahlAndalusi,ابن سهل الأندلسي,Ibn Sahl Andalusi,NULL,NULL,NULL,NULL,0649,NULL,NULL,NULL,NULL,author,NULL,NULL,NULL,1,NULL,NULL,NULL,NULL,0649IbnSahlAndalusi,OpenITI 2025.1.9
0649MuhammadIdrisi,محمد الادريسي,Muhammad Idrisi,NULL,NULL,Muḥammad al-Idrīsī,NULL,0649,NULL,NULL,NULL,NULL,author,NULL,NULL,NULL,1,NULL,NULL,NULL,NULL,0649MuhammadIdrisi,OpenITI 2025.1.9
0649ibnCabdAllahMuzaffariShafici,محمد بن عبد الله المظفري الشافعي (المتوفى: بعد 649هـ),ibn Cabd Allah Muzaffari Shafici,NULL,NULL,NULL,NULL,0649,NULL,NULL,NULL,NULL,author,NULL,NULL,NULL,1,NULL,NULL,NULL,NULL,0649ibnCabdAllahMuzaffariShafici,OpenITI 2025.1.9
0650AbuKhayrIbnTayyib,أبو الخير ابن الطيب,Abu Khayr Ibn Tayyib,NULL,NULL,Abū al-Ḫayr Ibn al-Ṭayyib,NULL,0650,NULL,NULL,NULL,NULL,author,NULL,NULL,NULL,1,NULL,NULL,NULL,NULL,0650AbuKhayrIbnTayyib,OpenITI 2025.1.9
0650Anonymous,مؤلف مجهول,Anonymous,NULL,NULL,Muʾallif majhūl,NULL,0650,NULL,NULL,NULL,NULL,author,NULL,NULL,NULL,1,NULL,NULL,NULL,NULL,0650Anonymous,OpenITI 2025.1.9
0650IbnMuhammadRadiDinSaghani,رضي الدين الحسن بن محمد بن الحسن القرشي الصغاني (المتوفى : 650هـ),Ibn Muhammad Radi Din Saghani,NULL,NULL,NULL,NULL,0650,NULL,NULL,NULL,NULL,author,NULL,NULL,NULL,5,NULL,NULL,NULL,NULL,0650IbnMuhammadRadiDinSaghani,OpenITI 2025.1.9
0650IbnNazifHamawi,أبو الفضائل محمد بن علي بن نظيف الحموي,Ibn Nazif Hamawi,NULL,NULL,NULL,NULL,0650,NULL,NULL,NULL,NULL,author,NULL,NULL,NULL,1,NULL,NULL,NULL,NULL,0650IbnNazifHamawi,OpenITI 2025.1.9
0650IbnSawuji,NULL,Ibn Sawuji,NULL,NULL,NULL,NULL,0650,NULL,NULL,NULL,NULL,author,NULL,NULL,NULL,1,NULL,NULL,NULL,NULL,0650IbnSawuji,OpenITI 2025.1.9
0650JamalDinJawbari,Jamāl al-Dīn ʿAbd al-Raḥīm al-Jawbarī,Jamal Din Jawbari,NULL,NULL,NULL,NULL,0650,NULL,NULL,NULL,NULL,author,NULL,NULL,NULL,1,NULL,NULL,NULL,NULL,0650JamalDinJawbari,OpenITI 2025.1.9
0650KhalilShirwani,NULL,Khalil Shirwani,NULL,NULL,NULL,NULL,0650,NULL,NULL,NULL,NULL,author,NULL,NULL,NULL,1,NULL,NULL,NULL,NULL,0650KhalilShirwani,OpenITI 2025.1.9
0650QaysRazi,NULL,Qays Razi,NULL,NULL,NULL,NULL,0650,NULL,NULL,NULL,NULL,author,NULL,NULL,NULL,1,NULL,NULL,NULL,NULL,0650QaysRazi,OpenITI 2025.1.9
0650RashidDinDimashqi,رشيد الدين، أبو العباس أحمد بن المفرج بن علي بن عبد العزيز بن مسلمة الدمشقي (المتوفى: 650هـ),Rashid Din Dimashqi,NULL,NULL,NULL,NULL,0650,NULL,NULL,NULL,NULL,author,NULL,NULL,NULL,1,NULL,NULL,NULL,NULL,0650RashidDinDimashqi,OpenITI 2025.1.9
0651Bunasi,أبو إسحاق إبراهيم بن أبي الحسن الفهري المعروف بالبونسي (651ه),Bunasi,NULL,NULL,NULL,NULL,0651,NULL,NULL,NULL,NULL,author,NULL,NULL,NULL,1,NULL,NULL,NULL,NULL,0651Bunasi,OpenITI 2025.1.9
0651IbnYusufAbuCabbasTifashi,ابن يوسف أبو العباس التيفاشي,Ibn Yusuf Abu Cabbas Tifashi,NULL,NULL,Ibn Yūsuf Abū al-ʿAbbās al-Tīfāšī,NULL,0651,NULL,NULL,NULL,NULL,author,NULL,NULL,NULL,1,NULL,NULL,NULL,NULL,0651IbnYusufAbuCabbasTifashi,OpenITI 2025.1.9
0652IbnTalhaKamalDinNasibi,محمد بن طلحة الشافعي‏,Ibn Talha Kamal Din Nasibi,NULL,NULL,NULL,NULL,0652,NULL,NULL,NULL,NULL,author,NULL,NULL,NULL,1,NULL,NULL,NULL,NULL,0652IbnTalhaKamalDinNasibi,OpenITI 2025.1.9
0652IbnTaymiyyaMajdDin,عبد السلام بن عبد الله بن أبي القاسم بن تيمية الحراني,Ibn Taymiyya Majd Din,NULL,NULL,NULL,NULL,0652,NULL,NULL,NULL,NULL,author,NULL,NULL,NULL,1,NULL,NULL,NULL,NULL,0652IbnTaymiyyaMajdDin,OpenITI 2025.1.9
0652Mahalli,المحلي,Mahalli,NULL,NULL,al-Maḥallī,NULL,0652,NULL,NULL,NULL,NULL,author,NULL,NULL,NULL,1,NULL,NULL,NULL,NULL,0652Mahalli,OpenITI 2025.1.9
0654IbnCabdWahidIbnAbiIsbac,ابن أبي الأصبع,Ibn Cabd Wahid Ibn Abi Isbac,NULL,NULL,Ibn Abī al-Aṣbaʿ,NULL,0654,NULL,NULL,NULL,NULL,author,NULL,NULL,NULL,1,NULL,NULL,NULL,NULL,0654IbnCabdWahidIbnAbiIsbac,OpenITI 2025.1.9
0654IbnShaccarMawsili,كمال الدين أبو البركات المبارك بن الشعار الموصلي (المتوفى: 654 ه),Ibn Shaccar Mawsili,NULL,NULL,NULL,NULL,0654,NULL,NULL,NULL,NULL,author,NULL,NULL,NULL,1,NULL,NULL,NULL,NULL,0654IbnShaccarMawsili,OpenITI 2025.1.9
0654SibtIbnJawzi,سبط ابن الجوزي,Sibt Ibn Jawzi,NULL,NULL,Sibṭ Ibn al-Jawzī,NULL,0654,NULL,NULL,NULL,NULL,author,NULL,NULL,NULL,3,NULL,NULL,NULL,NULL,0654SibtIbnJawzi,OpenITI 2025.1.9
0655CabdMuncimTaqiDinShafici,عبد الرحمن بن أبي الفهم عبد المنعم بن عبد الرحمن اليلداني الشافعي تقي الدين (المتوفى: 655هـ),Cabd Muncim Taqi Din Shafici,NULL,NULL,NULL,NULL,0655,NULL,NULL,NULL,NULL,author,NULL,NULL,NULL,1,NULL,NULL,NULL,NULL,0655CabdMuncimTaqiDinShafici,OpenITI 2025.1.9
0656AbuCabbasAnsariQurtubi,أبو العباس القرطبي,Abu Cabbas Ansari Qurtubi,NULL,NULL,NULL,NULL,0656,NULL,NULL,NULL,NULL,author,NULL,NULL,NULL,2,NULL,NULL,NULL,NULL,0656AbuCabbasAnsariQurtubi,OpenITI 2025.1.9
0656AbuTayrIbnHusayn,أبو طير ابن الحسين,Abu Tayr Ibn Husayn,NULL,NULL,Abū Ṭayr Ibn al-Ḥusayn,NULL,0656,NULL,NULL,NULL,NULL,author,NULL,NULL,NULL,1,NULL,NULL,NULL,NULL,0656AbuTayrIbnHusayn,OpenITI 2025.1.9
0656AhmadRassas,أحمد الرصاص,Ahmad Rassas,NULL,NULL,Aḥmad al-Raṣṣāṣ,NULL,0656,NULL,NULL,NULL,NULL,author,NULL,NULL,NULL,2,NULL,NULL,NULL,NULL,0656AhmadRassas,OpenITI 2025.1.9
0656BahaDinZuhayr,أبو الفضل بهاء الدين زهير بن محمد بن على بن يحى 581 - 656ه,Baha Din Zuhayr,NULL,NULL,NULL,NULL,0656,NULL,NULL,NULL,NULL,author,NULL,NULL,NULL,1,NULL,NULL,NULL,NULL,0656BahaDinZuhayr,OpenITI 2025.1.9
0656HumaydanQasimi,السيد الإمام حميدان بن يحيى القاسمي عليهما السلام,Humaydan Qasimi,NULL,NULL,NULL,NULL,0656,NULL,NULL,NULL,NULL,author,NULL,NULL,NULL,1,NULL,NULL,NULL,NULL,0656HumaydanQasimi,OpenITI 2025.1.9
0656IbnAbiHadid,ابن أبي الحديد,Ibn Abi Hadid,NULL,NULL,Ibn Abī al-Ḥadīd,NULL,0656,NULL,NULL,NULL,NULL,author,NULL,NULL,NULL,3,NULL,NULL,NULL,NULL,0656IbnAbiHadid,OpenITI 2025.1.9
0656IbnAhmadShihabDinZanjani,محمود بن أحمد الزنجاني أبو المناقب,Ibn Ahmad Shihab Din Zanjani,NULL,NULL,NULL,NULL,0656,NULL,NULL,NULL,NULL,author,NULL,NULL,NULL,1,NULL,NULL,NULL,NULL,0656IbnAhmadShihabDinZanjani,OpenITI 2025.1.9
0656IbnCabdQawiMundhiri,عبد العظيم بن عبد القوي بن عبد الله، أبو محمد، زكي الدين المنذري (المتوفى: 656هـ),Ibn Cabd Qawi Mundhiri,NULL,NULL,NULL,NULL,0656,NULL,NULL,NULL,NULL,author,NULL,NULL,NULL,9,NULL,NULL,NULL,NULL,0656IbnCabdQawiMundhiri,OpenITI 2025.1.9
0656IbnFadlMuzaffarCiraqi,المظفر بن الفضل,Ibn Fadl Muzaffar Ciraqi,NULL,NULL,NULL,NULL,0656,NULL,NULL,NULL,NULL,author,NULL,NULL,NULL,1,NULL,NULL,NULL,NULL,0656IbnFadlMuzaffarCiraqi,OpenITI 2025.1.9
0656IbnMuhammadSadrDinNaysaburi,الحسن بن محمد بن محمد ابن عمروك التيمي النيسابورى ثم الدمشقي، أبو علي، صدر الدين البكري (المتوفى: 656هـ),Ibn Muhammad Sadr Din Naysaburi,NULL,NULL,NULL,NULL,0656,NULL,NULL,NULL,NULL,author,NULL,NULL,NULL,1,NULL,NULL,NULL,NULL,0656IbnMuhammadSadrDinNaysaburi,OpenITI 2025.1.9
0656IbnYusufSarsari,ابن يوسف السرسري,Ibn Yusuf Sarsari,NULL,NULL,Ibn Yūsuf al-Sarsarī,NULL,0656,NULL,NULL,NULL,NULL,author,NULL,NULL,NULL,2,NULL,NULL,NULL,NULL,0656IbnYusufSarsari,OpenITI 2025.1.9
0657AhmadIbnCuthmanIbnHibatAllah,أحمد بن عثمان بن هبة الله,Ahmad Ibn Cuthman Ibn Hibat Allah,NULL,NULL,Aḥmad b. ʿUṯmān b. Hibaŧ Allāh,NULL,0657,NULL,NULL,NULL,NULL,author,NULL,NULL,NULL,1,NULL,NULL,NULL,NULL,0657AhmadIbnCuthmanIbnHibatAllah,OpenITI 2025.1.9
0657IbnIbrahimIrbili,النشابي الإربلي,Ibn Ibrahim Irbili,NULL,NULL,NULL,NULL,0657,NULL,NULL,NULL,NULL,author,NULL,NULL,NULL,1,NULL,NULL,NULL,NULL,0657IbnIbrahimIrbili,OpenITI 2025.1.9
0657SharafDinMawsili,شرف الدين الموصلي,Sharaf Din Mawsili,NULL,NULL,NULL,NULL,0657,NULL,NULL,NULL,NULL,author,NULL,NULL,NULL,1,NULL,NULL,NULL,NULL,0657SharafDinMawsili,OpenITI 2025.1.9
0658IbnAbbar,ابن الأبار,Ibn Abbar,NULL,NULL,Ibn al-Abbār,NULL,0658,NULL,NULL,NULL,NULL,author,NULL,NULL,NULL,6,NULL,NULL,NULL,NULL,0658IbnAbbar,OpenITI 2025.1.9
0658IbnCamiraMakhzumi,أبو المطرف أحمد بن عميرة المخزومي,Ibn Camira Makhzumi,NULL,NULL,NULL,NULL,0658,NULL,NULL,NULL,NULL,author,NULL,NULL,NULL,1,NULL,NULL,NULL,NULL,0658IbnCamiraMakhzumi,OpenITI 2025.1.9
0658IbnYusufGanji,محمد بن يوسف الگنجي الشافعي‏,Ibn Yusuf Ganji,NULL,NULL,NULL,NULL,0658,NULL,NULL,NULL,NULL,author,NULL,NULL,NULL,1,NULL,NULL,NULL,NULL,0658IbnYusufGanji,OpenITI 2025.1.9
0658TaqiDinYunini,اليونيني تقي الدين,Taqi Din Yunini,NULL,NULL,NULL,NULL,0658,NULL,NULL,NULL,NULL,author,NULL,NULL,NULL,1,NULL,NULL,NULL,NULL,0658TaqiDinYunini,OpenITI 2025.1.9
0659SadrDinBasri,صدر الدين علي بن الحسن البصري,Sadr Din Basri,NULL,NULL,NULL,NULL,0659,NULL,NULL,NULL,NULL,author,NULL,NULL,NULL,1,NULL,NULL,NULL,NULL,0659SadrDinBasri,OpenITI 2025.1.9
0659SainDinNaccal,النعال,Sain Din Naccal,NULL,NULL,al-Naʿʿāl,NULL,0659,NULL,NULL,NULL,NULL,author,NULL,NULL,NULL,1,NULL,NULL,NULL,NULL,0659SainDinNaccal,OpenITI 2025.1.9
0660CuthmanNabulusi,عثمان النابلسي,Cuthman Nabulusi,NULL,NULL,ʿUṯmān al-Nābulusī,NULL,0660,NULL,NULL,NULL,NULL,author,NULL,NULL,NULL,1,NULL,NULL,NULL,NULL,0660CuthmanNabulusi,OpenITI 2025.1.9
0660IbnCadim,ابن العديم,Ibn Cadim,NULL,NULL,Ibn al-ʿAdīm,NULL,0660,NULL,NULL,NULL,NULL,author,NULL,NULL,NULL,5,NULL,NULL,NULL,NULL,0660IbnCadim,OpenITI 2025.1.9
0660ShadhanIbnJibrailQummi,شاذان بن جبرئيل القمي‏,Shadhan Ibn Jibrail Qummi,NULL,NULL,NULL,NULL,0660,NULL,NULL,NULL,NULL,author,NULL,NULL,NULL,2,NULL,NULL,NULL,NULL,0660ShadhanIbnJibrailQummi,OpenITI 2025.1.9
0660ShamsDinRazi,شمس الدين الرازي,Shams Din Razi,NULL,NULL,Šams al-Dīn al-Rāzī,NULL,0660,NULL,NULL,NULL,NULL,author,NULL,NULL,NULL,1,NULL,NULL,NULL,NULL,0660ShamsDinRazi,OpenITI 2025.1.9
0660SultanCulamaCizzDinDimashqi,سلطان العلماء عز الدين الدمشقي,Sultan Culama Cizz Din Dimashqi,NULL,NULL,Sulṭān al-ʿUlamāʾ ʿIzz al-Dīn al-Dimašqī,NULL,0660,NULL,NULL,NULL,NULL,author,NULL,NULL,NULL,11,NULL,NULL,NULL,NULL,0660SultanCulamaCizzDinDimashqi,OpenITI 2025.1.9
0661Turibishti,التوربشتي,Turibishti,NULL,NULL,NULL,NULL,0661,NULL,NULL,NULL,NULL,author,NULL,NULL,NULL,1,NULL,NULL,NULL,NULL,0661Turibishti,OpenITI 2025.1.9
0662HusaynIbnBadrDin,حسين بن بدر الدين,Husayn Ibn Badr Din,NULL,NULL,NULL,NULL,0662,NULL,NULL,NULL,NULL,author,NULL,NULL,NULL,2,NULL,NULL,NULL,NULL,0662HusaynIbnBadrDin,OpenITI 2025.1.9
0662RashidCattar,يحيى بن علي بن عبد الله القرشي أبو الحسين,Rashid Cattar,NULL,NULL,NULL,NULL,0662,NULL,NULL,NULL,NULL,author,NULL,NULL,NULL,3,NULL,NULL,NULL,NULL,0662RashidCattar,OpenITI 2025.1.9
0663IbnMurabit,NULL,Ibn Murabit,NULL,NULL,NULL,NULL,0663,NULL,NULL,NULL,NULL,author,NULL,NULL,NULL,1,NULL,NULL,NULL,NULL,0663IbnMurabit,OpenITI 2025.1.9
0664IbnHatimCamiliShami,يوسف بن حاتم‏ الشامي,Ibn Hatim Camili Shami,NULL,NULL,NULL,NULL,0664,NULL,NULL,NULL,NULL,author,NULL,NULL,NULL,1,NULL,NULL,NULL,NULL,0664IbnHatimCamiliShami,OpenITI 2025.1.9
0664IbnTawus,السيد ابن طاووس,Ibn Tawus,NULL,NULL,NULL,NULL,0664,NULL,NULL,NULL,NULL,author,NULL,NULL,NULL,19,NULL,NULL,NULL,NULL,0664IbnTawus,OpenITI 2025.1.9
0665AbuMuayyadKhwarazmi,أبو المؤيد الخوارزمي,Abu Muayyad Khwarazmi,NULL,NULL,Abū al-Muʾayyad al-Ḫwārazmī,NULL,0665,NULL,NULL,NULL,NULL,author,NULL,NULL,NULL,1,NULL,NULL,NULL,NULL,0665AbuMuayyadKhwarazmi,OpenITI 2025.1.9
0665AbuShama,أبو شامة,Abu Shama,NULL,NULL,Abū Šāmaŧ,NULL,0665,NULL,NULL,NULL,NULL,author,NULL,NULL,NULL,8,NULL,NULL,NULL,NULL,0665AbuShama,OpenITI 2025.1.9
0666IbnAbiBakrZaynDinRazi,زين الدين أبو عبد الله محمد بن أبي بكر بن عبد القادر الحنفي الرازي (المتوفى: 666هـ),Ibn Abi Bakr Zayn Din Razi,NULL,NULL,NULL,NULL,0666,NULL,NULL,NULL,NULL,author,NULL,NULL,NULL,3,NULL,NULL,NULL,NULL,0666IbnAbiBakrZaynDinRazi,OpenITI 2025.1.9
0666IbnCadlanMawsiliRabci,علي بن عدلان الموصلي النحوي,Ibn Cadlan Mawsili Rabci,NULL,NULL,NULL,NULL,0666,NULL,NULL,NULL,NULL,author,NULL,NULL,NULL,1,NULL,NULL,NULL,NULL,0666IbnCadlanMawsiliRabci,OpenITI 2025.1.9
0667BabaAfzal,بابا أفضل الدين كاشاني,Baba Afzal,NULL,NULL,Bābā Afḍal al-Dīn Kāšānī,NULL,0667,NULL,NULL,NULL,NULL,author,NULL,NULL,NULL,1,NULL,NULL,NULL,NULL,0667BabaAfzal,OpenITI 2025.1.9
0667CabdAllahIbnZaydCanasi,عبد الله بن زيد العنسي,Cabd Allah Ibn Zayd Canasi,NULL,NULL,ʿAbd Allāh b. Zayd al-ʿAnasī,NULL,0667,NULL,NULL,NULL,NULL,author,NULL,NULL,NULL,1,NULL,NULL,NULL,NULL,0667CabdAllahIbnZaydCanasi,OpenITI 2025.1.9
0667Cariqi,العريقي,Cariqi,NULL,NULL,al-ʿArīqī,NULL,0667,NULL,NULL,NULL,NULL,author,NULL,NULL,NULL,1,NULL,NULL,NULL,NULL,0667Cariqi,OpenITI 2025.1.9
0668IbnAbiUsaybica,موفق الدين أبي العباس أحمد بن القاسم بن خليفة بن يونس السعدي الخزرجي,Ibn Abi Usaybica,NULL,NULL,NULL,NULL,0668,NULL,NULL,NULL,NULL,author,NULL,NULL,NULL,1,NULL,NULL,NULL,NULL,0668IbnAbiUsaybica,OpenITI 2025.1.9
0668IbnCabdDaimZaynDinMuqaddasi,أحمد بن عبد الدائم بن نعمة المقدسي، أبو العباس، زين الدين الحنبلي (المتوفى: 668هـ),Ibn Cabd Daim Zayn Din Muqaddasi,NULL,NULL,NULL,NULL,0668,NULL,NULL,NULL,NULL,author,NULL,NULL,NULL,1,NULL,NULL,NULL,NULL,0668IbnCabdDaimZaynDinMuqaddasi,OpenITI 2025.1.9
0668IbnHusaynJacfariHashimi,صالح بن الحسين الجعفري أبو البقاء الهاشمي (المتوفى: 668هـ),Ibn Husayn Jacfari Hashimi,NULL,NULL,NULL,NULL,0668,NULL,NULL,NULL,NULL,author,NULL,NULL,NULL,1,NULL,NULL,NULL,NULL,0668IbnHusaynJacfariHashimi,OpenITI 2025.1.9
0669IbnCusfurHadramiIshbili,علي بن مؤمن بن محمد، الحضرمي الإشبيلي، أبو الحسن المعروف بابن عصفور (المتوفى: 669هـ),Ibn Cusfur Hadrami Ishbili,NULL,NULL,NULL,NULL,0669,NULL,NULL,NULL,NULL,author,NULL,NULL,NULL,3,NULL,NULL,NULL,NULL,0669IbnCusfurHadramiIshbili,OpenITI 2025.1.9
0669IbnSabcin,ابن سبعين,Ibn Sabcin,NULL,NULL,Ibn Sabʿīn,NULL,0669,NULL,NULL,NULL,NULL,author,NULL,NULL,NULL,1,NULL,NULL,NULL,NULL,0669IbnSabcin,OpenITI 2025.1.9
0669IbnSabcinMursi,عبد الحق بن سبعين المرسي‏,Ibn Sabcin Mursi,NULL,NULL,NULL,NULL,0669,NULL,NULL,NULL,NULL,author,NULL,NULL,NULL,1,NULL,NULL,NULL,NULL,0669IbnSabcinMursi,OpenITI 2025.1.9
0670AhmadDarjini,أحمد الدرجيني,Ahmad Darjini,NULL,NULL,Aḥmad al-Darjīnī,NULL,0670,NULL,NULL,NULL,NULL,author,NULL,NULL,NULL,1,NULL,NULL,NULL,NULL,0670AhmadDarjini,OpenITI 2025.1.9
0670IbnAscadHanati,NULL,Ibn Ascad Hanati,NULL,NULL,NULL,NULL,0670,NULL,NULL,NULL,NULL,author,NULL,NULL,NULL,1,NULL,NULL,NULL,NULL,0670IbnAscadHanati,OpenITI 2025.1.9
0670Sayyad,الصياد,Sayyad,NULL,NULL,al-Ṣayyād,NULL,0670,NULL,NULL,NULL,NULL,author,NULL,NULL,NULL,1,NULL,NULL,NULL,NULL,0670Sayyad,OpenITI 2025.1.9
0671AbuCabdAllahQurtubi,أبو عبد الله القرطبي,Abu Cabd Allah Qurtubi,NULL,NULL,Abū ʿAbd Allāh al-Qurṭubī,NULL,0671,NULL,NULL,NULL,NULL,author,NULL,NULL,NULL,5,NULL,NULL,NULL,NULL,0671AbuCabdAllahQurtubi,OpenITI 2025.1.9
0671AbuMuzaffarNabulusi,النابلسي، أبو المظفر,Abu Muzaffar Nabulusi,NULL,NULL,NULL,NULL,0671,NULL,NULL,NULL,NULL,author,NULL,NULL,NULL,1,NULL,NULL,NULL,NULL,0671AbuMuzaffarNabulusi,OpenITI 2025.1.9
0671IbnCabdMuncimHanbaliHarrani,محمد بن عبد المنعم ابن عمار بن هامل الحراني الحنبلي (المتوفى: 671هـ),Ibn Cabd Muncim Hanbali Harrani,NULL,NULL,NULL,NULL,0671,NULL,NULL,NULL,NULL,author,NULL,NULL,NULL,1,NULL,NULL,NULL,NULL,0671IbnCabdMuncimHanbaliHarrani,OpenITI 2025.1.9
0672IbnAhmaLuluDarir,لؤلؤ بن أحمد بن عبد الله الضرير,Ibn Ahma Lulu Darir,NULL,NULL,NULL,NULL,0672,NULL,NULL,NULL,NULL,author,NULL,NULL,NULL,1,NULL,NULL,NULL,NULL,0672IbnAhmaLuluDarir,OpenITI 2025.1.9
0672IbnMalik,جمال الدين أبي عبد الله محمد بن عبد الله بن محمد بن عبد الله بن مالك الطاعي الجياني,Ibn Malik,NULL,NULL,NULL,NULL,0672,NULL,NULL,NULL,NULL,author,NULL,NULL,NULL,14,NULL,NULL,NULL,NULL,0672IbnMalik,OpenITI 2025.1.9
0672JalalDinRumi,جلال الدين رومي,Jalal Din Rumi,NULL,NULL,Ǧalāl al-Dīn Rūmī,NULL,0672,NULL,NULL,NULL,NULL,author,NULL,NULL,NULL,3,NULL,NULL,NULL,NULL,0672JalalDinRumi,OpenITI 2025.1.9
0672MakinIbnCamid,المكين بن العميد,Makin Ibn Camid,NULL,NULL,al-Makīn b. al-ʿAmīd,NULL,0672,NULL,NULL,NULL,NULL,author,NULL,NULL,NULL,1,NULL,NULL,NULL,NULL,0672MakinIbnCamid,OpenITI 2025.1.9
0672NasirDinTusi,نصير الدين الطوسي,Nasir Din Tusi,NULL,NULL,Naṣīr al-Dīn al-Ṭūsī,NULL,0672,NULL,NULL,NULL,NULL,author,NULL,NULL,NULL,5,NULL,NULL,NULL,NULL,0672NasirDinTusi,OpenITI 2025.1.9
0673AbuMacaliQunawi,صدر الدين القوناوي,Abu Macali Qunawi,NULL,NULL,Ṣadr al-Dīn al-Qūnāwī,NULL,0673,NULL,NULL,NULL,NULL,author,NULL,NULL,NULL,2,NULL,NULL,NULL,NULL,0673AbuMacaliQunawi,OpenITI 2025.1.9
0673AbuMahasinYaghmuri,أبو المحاسن يوسف بن أحمد بن محمود اليغموري (المتوفى : 673هـ),Abu Mahasin Yaghmuri,NULL,NULL,NULL,NULL,0673,NULL,NULL,NULL,NULL,author,NULL,NULL,NULL,1,NULL,NULL,NULL,NULL,0673AbuMahasinYaghmuri,OpenITI 2025.1.9
0673IbnBuzayza,أبو محمد، وأبو فارس، عبد العزيز بن إبراهيم بن أحمد القرشي التميمي التونسي المعروف بابن بزيزة (المتوفى: 673 ه),Ibn Buzayza,NULL,NULL,NULL,NULL,0673,NULL,NULL,NULL,NULL,author,NULL,NULL,NULL,1,NULL,NULL,NULL,NULL,0673IbnBuzayza,OpenITI 2025.1.9
0673IbnMahalliNahwi,أبو بكر محمد بن علي النحوي المعروف بابن المحلي,Ibn Mahalli Nahwi,NULL,NULL,NULL,NULL,0673,NULL,NULL,NULL,NULL,author,NULL,NULL,NULL,1,NULL,NULL,NULL,NULL,0673IbnMahalliNahwi,OpenITI 2025.1.9
0673IbnMansurIbnHaddad,محمد بن منصور بن حبيش,Ibn Mansur Ibn Haddad,NULL,NULL,NULL,NULL,0673,NULL,NULL,NULL,NULL,author,NULL,NULL,NULL,1,NULL,NULL,NULL,NULL,0673IbnMansurIbnHaddad,OpenITI 2025.1.9
0674IbnSaci,ابن الساعي,Ibn Saci,NULL,NULL,Ibn al-Sāʿī,NULL,0674,NULL,NULL,NULL,NULL,author,NULL,NULL,NULL,2,NULL,NULL,NULL,NULL,0674IbnSaci,OpenITI 2025.1.9
0675AbuCabdAllahWarraq,أبو عبد الله الوراق,Abu Cabd Allah Warraq,NULL,NULL,Abū ʿAbd Allāh al-Warrāq,NULL,0675,NULL,NULL,NULL,NULL,author,NULL,NULL,NULL,1,NULL,NULL,NULL,NULL,0675AbuCabdAllahWarraq,OpenITI 2025.1.9
0675NajmDinKatibiQazwini,نجم الدين الكاتبي القزويني,Najm Din Katibi Qazwini,NULL,NULL,Najm al-Dīn al-Kātibī al-Qazwīnī,NULL,0675,NULL,NULL,NULL,NULL,author,NULL,NULL,NULL,1,NULL,NULL,NULL,NULL,0675NajmDinKatibiQazwini,OpenITI 2025.1.9
0676IbnHasanMuhaqqiqHilli,ابن الحسن المحققق الحلي,Ibn Hasan Muhaqqiq Hilli,NULL,NULL,Ibn al-Ḥasan al-Muḥaqqiq al-Ḥillī,NULL,0676,NULL,NULL,NULL,NULL,author,NULL,NULL,NULL,6,NULL,NULL,NULL,NULL,0676IbnHasanMuhaqqiqHilli,OpenITI 2025.1.9
0676IbnIbrahimShamsDinMaqdisi,ابن ابراهيم شمس الدين المقدسي,Ibn Ibrahim Shams Din Maqdisi,NULL,NULL,Ibn Ibrāhīm Šams al-Dīn al-Maqdisī,NULL,0676,NULL,NULL,NULL,NULL,author,NULL,NULL,NULL,1,NULL,NULL,NULL,NULL,0676IbnIbrahimShamsDinMaqdisi,OpenITI 2025.1.9
0676Nawawi,النووي,Nawawi,NULL,NULL,al-Nawawī,NULL,0676,NULL,NULL,NULL,NULL,author,NULL,NULL,NULL,22,NULL,NULL,NULL,NULL,0676Nawawi,OpenITI 2025.1.9
0677IbnAhmadIbnZahirIrbili,محمد بن أحمد بن عمر مجد الدين أبو عبد الله المعروف بابن الظهير الإربيلي المتوفى 677 هـ,Ibn Ahmad Ibn Zahir Irbili,NULL,NULL,NULL,NULL,0677,NULL,NULL,NULL,NULL,author,NULL,NULL,NULL,1,NULL,NULL,NULL,NULL,0677IbnAhmadIbnZahirIrbili,OpenITI 2025.1.9
0677IbnMuyassar,ابن ميسر,Ibn Muyassar,NULL,NULL,Ibn Muyassar,NULL,0677,NULL,NULL,NULL,NULL,author,NULL,NULL,NULL,1,NULL,NULL,NULL,NULL,0677IbnMuyassar,OpenITI 2025.1.9
0677JamalDinAhmadAlTawus,السيد أحمد بن موسى بن طاووس,Jamal Din Ahmad Al Tawus,NULL,NULL,NULL,NULL,0677,NULL,NULL,NULL,NULL,author,NULL,NULL,NULL,1,NULL,NULL,NULL,NULL,0677JamalDinAhmadAlTawus,OpenITI 2025.1.9
0677SahibiTaji,الصاحب التاجي,Sahibi Taji,NULL,NULL,NULL,NULL,0677,NULL,NULL,NULL,NULL,author,NULL,NULL,NULL,1,NULL,NULL,NULL,NULL,0677SahibiTaji,OpenITI 2025.1.9
0678IbnAbiMansurIbnSayrafiHarrani,يحيى بن أبي منصور بن أبي الفتح ابن رافع الحراني، أبو زكريا، جمال الدين الحبيشي، ويعرف أيضا بابن الصيرفي (المتوفى: 678هـ),Ibn Abi Mansur Ibn Sayrafi Harrani,NULL,NULL,NULL,NULL,0678,NULL,NULL,NULL,NULL,author,NULL,NULL,NULL,2,NULL,NULL,NULL,NULL,0678IbnAbiMansurIbnSayrafiHarrani,OpenITI 2025.1.9
0678IbnAhmadCizzDinMaqdisi,عزالدين عبد السلام بن أحمد بن غانم المقدسي (المتوفى : 678هـ),Ibn Ahmad Cizz Din Maqdisi,NULL,NULL,NULL,NULL,0678,NULL,NULL,NULL,NULL,author,NULL,NULL,NULL,2,NULL,NULL,NULL,NULL,0678IbnAhmadCizzDinMaqdisi,OpenITI 2025.1.9
0678MinhajSiraj,NULL,Minhaj Siraj,NULL,NULL,NULL,NULL,0678,NULL,NULL,NULL,NULL,author,NULL,NULL,NULL,1,NULL,NULL,NULL,NULL,0678MinhajSiraj,OpenITI 2025.1.9
0680IbnAsadDahistani,NULL,Ibn Asad Dahistani,NULL,NULL,NULL,NULL,0680,NULL,NULL,NULL,NULL,author,NULL,NULL,NULL,1,NULL,NULL,NULL,NULL,0680IbnAsadDahistani,OpenITI 2025.1.9
0680IbnSabuni,الصابوني,Ibn Sabuni,NULL,NULL,al-Ṣābūnī,NULL,0680,NULL,NULL,NULL,NULL,author,NULL,NULL,NULL,2,NULL,NULL,NULL,NULL,0680IbnSabuni,OpenITI 2025.1.9
0681IbnDahhan,أبو عبد الله محمد بن عبد الرحمن بن أحمد بن عمران بن كليب السعدي ابن الدهان,Ibn Dahhan,NULL,NULL,NULL,NULL,0681,NULL,NULL,NULL,NULL,author,NULL,NULL,NULL,1,NULL,NULL,NULL,NULL,0681IbnDahhan,OpenITI 2025.1.9
0681IbnIyyazNahwi,ابن إياز النحوي,Ibn Iyyaz Nahwi,NULL,NULL,NULL,NULL,0681,NULL,NULL,NULL,NULL,author,NULL,NULL,NULL,1,NULL,NULL,NULL,NULL,0681IbnIyyazNahwi,OpenITI 2025.1.9
0681IbnKhallikan,ابن خلكان,Ibn Khallikan,NULL,NULL,Ibn Ḫallikān,NULL,0681,NULL,NULL,NULL,NULL,author,NULL,NULL,NULL,1,NULL,NULL,NULL,NULL,0681IbnKhallikan,OpenITI 2025.1.9
0682CabdRahmanIbnQudama,شمس الدين أبو الفرج عبد الرحمن بن محمد بن أحمد بن قدامة المقدسي المعروف بابن أبي عمر,Cabd Rahman Ibn Qudama,NULL,NULL,NULL,NULL,0682,NULL,NULL,NULL,NULL,author,NULL,NULL,NULL,2,NULL,NULL,NULL,NULL,0682CabdRahmanIbnQudama,OpenITI 2025.1.9
0682IbnCabdakKunji,ضياء الدين أبو الفضائل دانيال بن منكلي بن صرفا الكركي,Ibn Cabdak Kunji,NULL,NULL,NULL,NULL,0682,NULL,NULL,NULL,NULL,author,NULL,NULL,NULL,1,NULL,NULL,NULL,NULL,0682IbnCabdakKunji,OpenITI 2025.1.9
0682IbnYahyaGhassani,الغساني,Ibn Yahya Ghassani,NULL,NULL,NULL,NULL,0682,NULL,NULL,NULL,NULL,author,NULL,NULL,NULL,1,NULL,NULL,NULL,NULL,0682IbnYahyaGhassani,OpenITI 2025.1.9
0682SirajDinAzmawi,السراج الأرموي,Siraj Din Azmawi,NULL,NULL,NULL,NULL,0682,NULL,NULL,NULL,NULL,author,NULL,NULL,NULL,1,NULL,NULL,NULL,NULL,0682SirajDinAzmawi,OpenITI 2025.1.9
0682SirajDinUrmawi,سراج الدين الأرموي,Siraj Din Urmawi,NULL,NULL,Sirāǧ al-Dīn al-Urmawī,NULL,0682,NULL,NULL,NULL,NULL,author,NULL,NULL,NULL,1,NULL,NULL,NULL,NULL,0682SirajDinUrmawi,OpenITI 2025.1.9
0682ZakariyaQazwini,القزويني,Zakariya Qazwini,NULL,NULL,NULL,NULL,0682,NULL,NULL,NULL,NULL,author,NULL,NULL,NULL,2,NULL,NULL,NULL,NULL,0682ZakariyaQazwini,OpenITI 2025.1.9
0683IbnMahmudMajdDinMawsili,ابن محمود مجد الدين الموصلي,Ibn Mahmud Majd Din Mawsili,NULL,NULL,Ibn Maḥmūd Majd al-Dīn al-Mawṣilī,NULL,0683,NULL,NULL,NULL,NULL,author,NULL,NULL,NULL,1,NULL,NULL,NULL,NULL,0683IbnMahmudMajdDinMawsili,OpenITI 2025.1.9
0683IbnMansurIbnKammuna,سعيد بن منصور بن كمونة,Ibn Mansur Ibn Kammuna,NULL,NULL,NULL,NULL,0683,NULL,NULL,NULL,NULL,author,NULL,NULL,NULL,2,NULL,NULL,NULL,NULL,0683IbnMansurIbnKammuna,OpenITI 2025.1.9
0683IbnMunayyir,ابن المنير الإسكندري,Ibn Munayyir,NULL,NULL,NULL,NULL,0683,NULL,NULL,NULL,NULL,author,NULL,NULL,NULL,2,NULL,NULL,NULL,NULL,0683IbnMunayyir,OpenITI 2025.1.9
0684IbnBalabanDimashqiMuqaddasi,علي بن بلبان الدمشقي علاء الدين أبو الحسن الناصري المحدث ابن الشرف (المتوفى: 684هـ),Ibn Balaban Dimashqi Muqaddasi,NULL,NULL,NULL,NULL,0684,NULL,NULL,NULL,NULL,author,NULL,NULL,NULL,1,NULL,NULL,NULL,NULL,0684IbnBalabanDimashqiMuqaddasi,OpenITI 2025.1.9
0684IbnHazimQartajanni,ابن حازم القرطاجني,Ibn Hazim Qartajanni,NULL,NULL,Ibn Ḥāzim al-Qarṭājannī,NULL,0684,NULL,NULL,NULL,NULL,author,NULL,NULL,NULL,2,NULL,NULL,NULL,NULL,0684IbnHazimQartajanni,OpenITI 2025.1.9
0684IbnShaddad,ابن شداد,Ibn Shaddad,NULL,NULL,Ibn Šaddād,NULL,0684,NULL,NULL,NULL,NULL,author,NULL,NULL,NULL,2,NULL,NULL,NULL,NULL,0684IbnShaddad,OpenITI 2025.1.9
0684ShihabDinQarafi,شهاب الدين أحمد بن إدريس القرافي (626 - 682 ه),Shihab Din Qarafi,NULL,NULL,NULL,NULL,0684,NULL,NULL,NULL,NULL,author,NULL,NULL,NULL,8,NULL,NULL,NULL,NULL,0684ShihabDinQarafi,OpenITI 2025.1.9
0685IbnCibri,ابن العبري,Ibn Cibri,NULL,NULL,Ibn al-ʿIbrī,NULL,0685,NULL,NULL,NULL,NULL,author,NULL,NULL,NULL,2,NULL,NULL,NULL,NULL,0685IbnCibri,OpenITI 2025.1.9
0685IbnQuffKaraki,يعقوب بن اسحاق ابن القف الكركي,Ibn Quff Karaki,NULL,NULL,Yaʿqūb b. Isḥāq Ibn al-Quff al-Karakī,NULL,0685,NULL,NULL,NULL,NULL,author,NULL,NULL,NULL,2,NULL,NULL,NULL,NULL,0685IbnQuffKaraki,OpenITI 2025.1.9
0685IbnSacidMaghribi,ابن سعيد المغربي,Ibn Sacid Maghribi,NULL,NULL,Ibn Saʿīd al-Maġribī,NULL,0685,NULL,NULL,NULL,NULL,author,NULL,NULL,NULL,6,NULL,NULL,NULL,NULL,0685IbnSacidMaghribi,OpenITI 2025.1.9
0685IbnYahyaSulami,الشافعي السلمي,Ibn Yahya Sulami,NULL,NULL,NULL,NULL,0685,NULL,NULL,NULL,NULL,author,NULL,NULL,NULL,1,NULL,NULL,NULL,NULL,0685IbnYahyaSulami,OpenITI 2025.1.9
0685NasirDinBaydawi,البيضاوي,Nasir Din Baydawi,NULL,NULL,NULL,NULL,0685,NULL,NULL,NULL,NULL,author,NULL,NULL,NULL,3,NULL,NULL,NULL,NULL,0685NasirDinBaydawi,OpenITI 2025.1.9
0685SadidDinMuhallabi,سديد الدين أبي القاسم عبد الوهاب بن الحسن بن بركات المهلبي,Sadid Din Muhallabi,NULL,NULL,NULL,NULL,0685,NULL,NULL,NULL,NULL,author,NULL,NULL,NULL,1,NULL,NULL,NULL,NULL,0685SadidDinMuhallabi,OpenITI 2025.1.9
0686AbuYamanIbnCasakir,عبد الصمد بن عبد الوهاب بن أبي الحسن محمد بن هبة الله بن عبد الله بن الحسين أمين الدين أبو اليمن بن عساكر الدمشقي نزيل مكة (المتوفى: 686هـ),Abu Yaman Ibn Casakir,NULL,NULL,NULL,NULL,0686,NULL,NULL,NULL,NULL,author,NULL,NULL,NULL,4,NULL,NULL,NULL,NULL,0686AbuYamanIbnCasakir,OpenITI 2025.1.9
0686IbnNazim,بدر الدين ابن مالك,Ibn Nazim,NULL,NULL,NULL,NULL,0686,NULL,NULL,NULL,NULL,author,NULL,NULL,NULL,1,NULL,NULL,NULL,NULL,0686IbnNazim,OpenITI 2025.1.9
0686IbnZakariyaManbiji,الامام جمال الدين أبو محمد علي بن أبي يحيى زكريا بن مسعود الأنصاري الخزرجي المنبجي,Ibn Zakariya Manbiji,NULL,NULL,NULL,NULL,0686,NULL,NULL,NULL,NULL,author,NULL,NULL,NULL,1,NULL,NULL,NULL,NULL,0686IbnZakariyaManbiji,OpenITI 2025.1.9
0686ImamiHarawi,الامامي الهروي,Imami Harawi,NULL,NULL,al-Imāmī al-Harawī,NULL,0686,NULL,NULL,NULL,NULL,author,NULL,NULL,NULL,1,NULL,NULL,NULL,NULL,0686ImamiHarawi,OpenITI 2025.1.9
0686MuhammadIbnMuhammadNasafi,محمد بن محمد النسفي,Muhammad Ibn Muhammad Nasafi,NULL,NULL,Muḥammad b. Muḥammad al-Nasafī,NULL,0686,NULL,NULL,NULL,NULL,author,NULL,NULL,NULL,1,NULL,NULL,NULL,NULL,0686MuhammadIbnMuhammadNasafi,OpenITI 2025.1.9
0686RadiDinAstarabadhi,تأليف الشيخ رضي الدين محمد بن الحسن الاستراباذي النحوي 686 ه,Radi Din Astarabadhi,NULL,NULL,NULL,NULL,0686,NULL,NULL,NULL,NULL,author,NULL,NULL,NULL,2,NULL,NULL,NULL,NULL,0686RadiDinAstarabadhi,OpenITI 2025.1.9
0687IbnNafis,علاء الدين ابن النفيس، علي بن أبي الحزم القرشي (المتوفى: 687هـ),Ibn Nafis,NULL,NULL,NULL,NULL,0687,NULL,NULL,NULL,NULL,author,NULL,NULL,NULL,3,NULL,NULL,NULL,NULL,0687IbnNafis,OpenITI 2025.1.9
0687PseudoIbnNafis,ابن النفيس,Pseudo Ibn Nafis,NULL,NULL,NULL,NULL,0687,NULL,NULL,NULL,NULL,author,NULL,NULL,NULL,1,NULL,NULL,NULL,NULL,0687PseudoIbnNafis,OpenITI 2025.1.9
0687Shahrazuri,الشهرزوري,Shahrazuri,NULL,NULL,al-Šahrazūrī,NULL,0687,NULL,NULL,NULL,NULL,author,NULL,NULL,NULL,1,NULL,NULL,NULL,NULL,0687Shahrazuri,OpenITI 2025.1.9
0688FakhrDinCiraqi,فخر الدين عراقي,Fakhr Din Ciraqi,NULL,NULL,Faḫr al-Dīn ʿIrāqī,NULL,0688,NULL,NULL,NULL,NULL,author,NULL,NULL,NULL,2,NULL,NULL,NULL,NULL,0688FakhrDinCiraqi,OpenITI 2025.1.9
0688IbnAhmadIshbiliUmawi,ابن أحمد الاشبيلي الأموي,Ibn Ahmad Ishbili Umawi,NULL,NULL,Ibn Aḥmad al-Išbīlī al-Umawī,NULL,0688,NULL,NULL,NULL,NULL,author,NULL,NULL,NULL,2,NULL,NULL,NULL,NULL,0688IbnAhmadIshbiliUmawi,OpenITI 2025.1.9
0688IbnCabdRahimIbnKamalDinHanbali,ابن عبد الرحيم بن كمال الدين الحنبلي,Ibn Cabd Rahim Ibn Kamal Din Hanbali,NULL,NULL,Ibn ʿAbd al-Raḥīm b. Kamāl al-Dīn al-Ḥanbalī,NULL,0688,NULL,NULL,NULL,NULL,author,NULL,NULL,NULL,1,NULL,NULL,NULL,NULL,0688IbnCabdRahimIbnKamalDinHanbali,OpenITI 2025.1.9
0688ShabZarif,الشاب الظريف,Shab Zarif,NULL,NULL,NULL,NULL,0688,NULL,NULL,NULL,NULL,author,NULL,NULL,NULL,1,NULL,NULL,NULL,NULL,0688ShabZarif,OpenITI 2025.1.9
0689AhmadIbnCabdRahmanIbnQudama,نجم الدين، أبو العباس، أحمد بن عبد الرحمن بن قدامة المقدسي (المتوفى: 689هـ),Ahmad Ibn Cabd Rahman Ibn Qudama,NULL,NULL,NULL,NULL,0689,NULL,NULL,NULL,NULL,author,NULL,NULL,NULL,1,NULL,NULL,NULL,NULL,0689AhmadIbnCabdRahmanIbnQudama,OpenITI 2025.1.9
0689IbnSacidYahyaHilli,يحيى بن سعيد الحلي,Ibn Sacid Yahya Hilli,NULL,NULL,NULL,NULL,0689,NULL,NULL,NULL,NULL,author,NULL,NULL,NULL,2,NULL,NULL,NULL,NULL,0689IbnSacidYahyaHilli,OpenITI 2025.1.9
0690IbnAbiTalibFadilYusufi,الحسن بن أبي طالب اليوسفي,Ibn Abi Talib Fadil Yusufi,NULL,NULL,NULL,NULL,0690,NULL,NULL,NULL,NULL,author,NULL,NULL,NULL,1,NULL,NULL,NULL,NULL,0690IbnAbiTalibFadilYusufi,OpenITI 2025.1.9
0690IbnBukhari,ابن البخاري,Ibn Bukhari,NULL,NULL,Ibn al-Buḫārī,NULL,0690,NULL,NULL,NULL,NULL,author,NULL,NULL,NULL,2,NULL,NULL,NULL,NULL,0690IbnBukhari,OpenITI 2025.1.9
0690IbnMujawirDimashqi,جمال الدين أبو الفتح يوسف بن يعقوب ابن محمد المعروف بابن المجاور الشيباني الدمشقي (المتوفى : 690هـ),Ibn Mujawir Dimashqi,NULL,NULL,NULL,NULL,0690,NULL,NULL,NULL,NULL,author,NULL,NULL,NULL,1,NULL,NULL,NULL,NULL,0690IbnMujawirDimashqi,OpenITI 2025.1.9
0691IbnYusufLabli,أحمد بن يوسف بن يعقوب بن علي الفهري,Ibn Yusuf Labli,NULL,NULL,NULL,NULL,0691,NULL,NULL,NULL,NULL,author,NULL,NULL,NULL,2,NULL,NULL,NULL,NULL,0691IbnYusufLabli,OpenITI 2025.1.9
0691SacdiShirazi,سعدي شيرازي,Sacdi Shirazi,NULL,NULL,Saʿdī Šīrāzī,NULL,0691,NULL,NULL,NULL,NULL,author,NULL,NULL,NULL,2,NULL,NULL,NULL,NULL,0691SacdiShirazi,OpenITI 2025.1.9
0692IbnCabdZahir,محيي الدين ابن عبد الظاهر,Ibn Cabd Zahir,NULL,NULL,Muḥyī al-Dīn Ibn ʿAbd al-Ẓāhir,NULL,0692,NULL,NULL,NULL,NULL,author,NULL,NULL,NULL,5,NULL,NULL,NULL,NULL,0692IbnCabdZahir,OpenITI 2025.1.9
0692IbnCisaBahaDinIrbili,الصاحب بهاء الدين علي بن عيسى بن أبي الفتح الإربلي (المتوفى : 692هـ),Ibn Cisa Baha Din Irbili,NULL,NULL,NULL,NULL,0692,NULL,NULL,NULL,NULL,author,NULL,NULL,NULL,2,NULL,NULL,NULL,NULL,0692IbnCisaBahaDinIrbili,OpenITI 2025.1.9
0692TaqiDinIscirdi,عبيد بن محمد الإسعردي,Taqi Din Iscirdi,NULL,NULL,NULL,NULL,0692,NULL,NULL,NULL,NULL,author,NULL,NULL,NULL,1,NULL,NULL,NULL,NULL,0692TaqiDinIscirdi,OpenITI 2025.1.9
0693CabdKarimIbnTawus,السيد عبد الكريم بن طاووس‏,Cabd Karim Ibn Tawus,NULL,NULL,NULL,NULL,0693,NULL,NULL,NULL,NULL,author,NULL,NULL,NULL,1,NULL,NULL,NULL,NULL,0693CabdKarimIbnTawus,OpenITI 2025.1.9
0693IbnAbiFathIrbili,المحدث الإربلي,Ibn Abi Fath Irbili,NULL,NULL,NULL,NULL,0693,NULL,NULL,NULL,NULL,author,NULL,NULL,NULL,1,NULL,NULL,NULL,NULL,0693IbnAbiFathIrbili,OpenITI 2025.1.9
0693IbnGhannam,ابراهيم بن يحيى,Ibn Ghannam,NULL,NULL,NULL,NULL,0693,NULL,NULL,NULL,NULL,author,NULL,NULL,NULL,1,NULL,NULL,NULL,NULL,0693IbnGhannam,OpenITI 2025.1.9
0693SafiDinUrmawi,صفي الدين الأرموي,Safi Din Urmawi,NULL,NULL,Ṣafī al-Dīn al-Urmawī,NULL,0693,NULL,NULL,NULL,NULL,author,NULL,NULL,NULL,1,NULL,NULL,NULL,NULL,0693SafiDinUrmawi,OpenITI 2025.1.9
0693ShihabDinKhuyi,شهاب الدين الخويي,Shihab Din Khuyi,NULL,NULL,NULL,NULL,0693,NULL,NULL,NULL,NULL,author,NULL,NULL,NULL,1,NULL,NULL,NULL,NULL,0693ShihabDinKhuyi,OpenITI 2025.1.9
0694CizzDinFaruthi,عز الدين الفاروثي,Cizz Din Faruthi,NULL,NULL,ʿIzz al-Dīn al-Fārūṯī,NULL,0694,NULL,NULL,NULL,NULL,author,NULL,NULL,NULL,2,NULL,NULL,NULL,NULL,0694CizzDinFaruthi,OpenITI 2025.1.9
0694MuhibbDinTabari,محب الدين الطبري,Muhibb Din Tabari,NULL,NULL,Muḥibb al-Dīn al-Ṭabarī,NULL,0694,NULL,NULL,NULL,NULL,author,NULL,NULL,NULL,4,NULL,NULL,NULL,NULL,0694MuhibbDinTabari,OpenITI 2025.1.9
0694MuzaffarDinIbnSacati,مظفر الدين ابن الساعاتي,Muzaffar Din Ibn Sacati,NULL,NULL,NULL,NULL,0694,NULL,NULL,NULL,NULL,author,NULL,NULL,NULL,1,NULL,NULL,NULL,NULL,0694MuzaffarDinIbnSacati,OpenITI 2025.1.9
0695AbuBarakatIbnMunajja,ابن المنجى، أبو البركات,Abu Barakat Ibn Munajja,NULL,NULL,NULL,NULL,0695,NULL,NULL,NULL,NULL,author,NULL,NULL,NULL,1,NULL,NULL,NULL,NULL,0695AbuBarakatIbnMunajja,OpenITI 2025.1.9
0695IbnAbiJamra,ابن أبي جمرة الأندلسي رحمه الله,Ibn Abi Jamra,NULL,NULL,NULL,NULL,0695,NULL,NULL,NULL,NULL,author,NULL,NULL,NULL,1,NULL,NULL,NULL,NULL,0695IbnAbiJamra,OpenITI 2025.1.9
0695IbnHamdanHarraniNumayri,ابن حمدان الحراني النميري,Ibn Hamdan Harrani Numayri,NULL,NULL,Ibn Ḥamdān al-Ḥarrānī al-Numayrī,NULL,0695,NULL,NULL,NULL,NULL,author,NULL,NULL,NULL,2,NULL,NULL,NULL,NULL,0695IbnHamdanHarraniNumayri,OpenITI 2025.1.9
0695IbnMuhammadHusayni,ابن الحلبي,Ibn Muhammad Husayni,NULL,NULL,Ibn al-Ḥalabī,NULL,0695,NULL,NULL,NULL,NULL,author,NULL,NULL,NULL,1,NULL,NULL,NULL,NULL,0695IbnMuhammadHusayni,OpenITI 2025.1.9
0696AshrafIbnYusufTurkumani,عمر بن يوسف,Ashraf Ibn Yusuf Turkumani,NULL,NULL,NULL,NULL,0696,NULL,NULL,NULL,NULL,author,NULL,NULL,NULL,1,NULL,NULL,NULL,NULL,0696AshrafIbnYusufTurkumani,OpenITI 2025.1.9
0696CumarSunami,عمر السنامي(م),Cumar Sunami,NULL,NULL,NULL,NULL,0696,NULL,NULL,NULL,NULL,author,NULL,NULL,NULL,1,NULL,NULL,NULL,NULL,0696CumarSunami,OpenITI 2025.1.9
0696IbnMuhammadHusayniBalkhi,NULL,Ibn Muhammad Husayni Balkhi,NULL,NULL,NULL,NULL,0696,NULL,NULL,NULL,NULL,author,NULL,NULL,NULL,1,NULL,NULL,NULL,NULL,0696IbnMuhammadHusayniBalkhi,OpenITI 2025.1.9
0696IbnZahiri,جمال الدين أحمد بن محمد بن عبد الله الظاهري الحنفي,Ibn Zahiri,NULL,NULL,NULL,NULL,0696,NULL,NULL,NULL,NULL,author,NULL,NULL,NULL,1,NULL,NULL,NULL,NULL,0696IbnZahiri,OpenITI 2025.1.9
0696IbrahimDasuqi,ابراهيم الدسوقي,Ibrahim Dasuqi,NULL,NULL,Ibrāhīm al-Dasūqī,NULL,0696,NULL,NULL,NULL,NULL,author,NULL,NULL,NULL,1,NULL,NULL,NULL,NULL,0696IbrahimDasuqi,OpenITI 2025.1.9
0696SharafDinBusiri,البوصيري,Sharaf Din Busiri,NULL,NULL,NULL,NULL,0696,NULL,NULL,NULL,NULL,author,NULL,NULL,NULL,1,NULL,NULL,NULL,NULL,0696SharafDinBusiri,OpenITI 2025.1.9
0697AbuCabbasShihabDinNabulusi,أحمد بن سلطان بن سرور,Abu Cabbas Shihab Din Nabulusi,NULL,NULL,NULL,NULL,0697,NULL,NULL,NULL,NULL,author,NULL,NULL,NULL,1,NULL,NULL,NULL,NULL,0697AbuCabbasShihabDinNabulusi,OpenITI 2025.1.9
0697CaishaBintCisa,عائشة بنت عيسى بن عبد الله بن أحمد بن محمد بن قدامة المقدسي,Caisha Bint Cisa,NULL,NULL,NULL,NULL,0697,NULL,NULL,NULL,NULL,author,NULL,NULL,NULL,1,NULL,NULL,NULL,NULL,0697CaishaBintCisa,OpenITI 2025.1.9
0697Dirini,الديريني,Dirini,NULL,NULL,al-Dīrīnī,NULL,0697,NULL,NULL,NULL,NULL,author,NULL,NULL,NULL,1,NULL,NULL,NULL,NULL,0697Dirini,OpenITI 2025.1.9
0697IbnWasil,جمال الدين محمد ابن واصل,Ibn Wasil,NULL,NULL,Ǧamāl al-Dīn Muḥammad Ibn Wāṣil,NULL,0697,NULL,NULL,NULL,NULL,author,NULL,NULL,NULL,3,NULL,NULL,NULL,NULL,0697IbnWasil,OpenITI 2025.1.9
0697Kazaruni,الكازروني,Kazaruni,NULL,NULL,al-Kāzarūnī,NULL,0697,NULL,NULL,NULL,NULL,author,NULL,NULL,NULL,2,NULL,NULL,NULL,NULL,0697Kazaruni,OpenITI 2025.1.9
0697MutahharIbnYahyaHusayni,المطهر بن يحيى الحسيني,Mutahhar Ibn Yahya Husayni,NULL,NULL,al-Muṭahhar b. Yaḥyá al-Ḥusaynī,NULL,0697,NULL,NULL,NULL,NULL,author,NULL,NULL,NULL,1,NULL,NULL,NULL,NULL,0697MutahharIbnYahyaHusayni,OpenITI 2025.1.9
0698IbnFaraGhassani,أبو بكر عتيق بن الفراء الغساني,Ibn Fara Ghassani,NULL,NULL,NULL,NULL,0698,NULL,NULL,NULL,NULL,author,NULL,NULL,NULL,1,NULL,NULL,NULL,NULL,0698IbnFaraGhassani,OpenITI 2025.1.9
0698SunqurMughani,شمس الدين، أبو القاسم الحسين ابن أبي الغنائم هبة الله بن محفوظ بن الحسن بن محمد بن الحسن بن أحمد بن الحسين بن صصرى الربعي، التغلبي، الجزري، البلدي، الدمشقي (المتوفى: 626هـ),Sunqur Mughani,NULL,NULL,NULL,NULL,0698,NULL,NULL,NULL,NULL,author,NULL,NULL,NULL,1,NULL,NULL,NULL,NULL,0698SunqurMughani,OpenITI 2025.1.9
0699AbuMuhammadLakhmiShafici,أبو محمد الحسن بن علي بن عيسى اللخمي الشافعي,Abu Muhammad Lakhmi Shafici,NULL,NULL,NULL,NULL,0699,NULL,NULL,NULL,NULL,author,NULL,NULL,NULL,1,NULL,NULL,NULL,NULL,0699AbuMuhammadLakhmiShafici,OpenITI 2025.1.9
0699IbnCabdRahmanIbnMurahhal,ابن المرحل,Ibn Cabd Rahman Ibn Murahhal,NULL,NULL,NULL,NULL,0699,NULL,NULL,NULL,NULL,author,NULL,NULL,NULL,1,NULL,NULL,NULL,NULL,0699IbnCabdRahmanIbnMurahhal,OpenITI 2025.1.9
0699IbnCabdRahmanQazwiniShafici,القزويني,Ibn Cabd Rahman Qazwini Shafici,NULL,NULL,NULL,NULL,0699,NULL,NULL,NULL,NULL,author,NULL,NULL,NULL,1,NULL,NULL,NULL,NULL,0699IbnCabdRahmanQazwiniShafici,OpenITI 2025.1.9
0699IbnMaythamBahrani,ابن ميثم البحراني,Ibn Maytham Bahrani,NULL,NULL,NULL,NULL,0699,NULL,NULL,NULL,NULL,author,NULL,NULL,NULL,3,NULL,NULL,NULL,NULL,0699IbnMaythamBahrani,OpenITI 2025.1.9
0699SacidDinFaraghani,NULL,Sacid Din Faraghani,NULL,NULL,NULL,NULL,0699,NULL,NULL,NULL,NULL,author,NULL,NULL,NULL,1,NULL,NULL,NULL,NULL,0699SacidDinFaraghani,OpenITI 2025.1.9
0699ShihabDinIshbiliLakhmi,ابن فرح,Shihab Din Ishbili Lakhmi,NULL,NULL,NULL,NULL,0699,NULL,NULL,NULL,NULL,author,NULL,NULL,NULL,3,NULL,NULL,NULL,NULL,0699ShihabDinIshbiliLakhmi,OpenITI 2025.1.9
0700AbuFadlCaliTabarsi,علي الطبرسي,Abu Fadl Cali Tabarsi,NULL,NULL,NULL,NULL,0700,NULL,NULL,NULL,NULL,author,NULL,NULL,NULL,1,NULL,NULL,NULL,NULL,0700AbuFadlCaliTabarsi,OpenITI 2025.1.9
0700Anonymous,مؤلف مجهول,Anonymous,NULL,NULL,Muʾallif majhūl,NULL,0700,NULL,NULL,NULL,NULL,author,NULL,NULL,NULL,4,NULL,NULL,NULL,NULL,0700Anonymous,OpenITI 2025.1.9
0700CaliIbnMuhammadSabzawariQummi,علي بن محمد القمي,Cali Ibn Muhammad Sabzawari Qummi,NULL,NULL,NULL,NULL,0700,NULL,NULL,NULL,NULL,author,NULL,NULL,NULL,1,NULL,NULL,NULL,NULL,0700CaliIbnMuhammadSabzawariQummi,OpenITI 2025.1.9
0700GhaziIbnWasiti,الغازي بن الواسطي,Ghazi Ibn Wasiti,NULL,NULL,al-Ġāzī b. al-Wāsiṭī,NULL,0700,NULL,NULL,NULL,NULL,author,NULL,NULL,NULL,1,NULL,NULL,NULL,NULL,0700GhaziIbnWasiti,OpenITI 2025.1.9
0700IbnAbiBakrAnsariBurri,البري,Ibn Abi Bakr Ansari Burri,NULL,NULL,NULL,NULL,0700,NULL,NULL,NULL,NULL,author,NULL,NULL,NULL,1,NULL,NULL,NULL,NULL,0700IbnAbiBakrAnsariBurri,OpenITI 2025.1.9
0700IbnYusufIbnJabar,ابن جبر,Ibn Yusuf Ibn Jabar,NULL,NULL,NULL,NULL,0700,NULL,NULL,NULL,NULL,author,NULL,NULL,NULL,1,NULL,NULL,NULL,NULL,0700IbnYusufIbnJabar,OpenITI 2025.1.9
0700MuhammadCibdariHahi,أبو عبدالله العبدري,Muhammad Cibdari Hahi,NULL,NULL,NULL,NULL,0700,NULL,NULL,NULL,NULL,author,NULL,NULL,NULL,1,NULL,NULL,NULL,NULL,0700MuhammadCibdariHahi,OpenITI 2025.1.9
0700MuhammadIbnHasanQummi,محمد بن الحسن القمي,Muhammad Ibn Hasan Qummi,NULL,NULL,NULL,NULL,0700,NULL,NULL,NULL,NULL,author,NULL,NULL,NULL,1,NULL,NULL,NULL,NULL,0700MuhammadIbnHasanQummi,OpenITI 2025.1.9
0700MuhammadIbnMuhammadSabzawari,الشيخ محمد السبزواري,Muhammad Ibn Muhammad Sabzawari,NULL,NULL,NULL,NULL,0700,NULL,NULL,NULL,NULL,author,NULL,NULL,NULL,1,NULL,NULL,NULL,NULL,0700MuhammadIbnMuhammadSabzawari,OpenITI 2025.1.9
0700MuhammadIbnSacidRawandi,محمد بن سعيد الراوندي,Muhammad Ibn Sacid Rawandi,NULL,NULL,NULL,NULL,0700,NULL,NULL,NULL,NULL,author,NULL,NULL,NULL,1,NULL,NULL,NULL,NULL,0700MuhammadIbnSacidRawandi,OpenITI 2025.1.9
0700YahyaIbnQasimIbnYahya,يحيى بن القاسم بن يحيى,Yahya Ibn Qasim Ibn Yahya,NULL,NULL,Yaḥyá b. al-Qāsim b. Yaḥyá,NULL,0700,NULL,NULL,NULL,NULL,author,NULL,NULL,NULL,1,NULL,NULL,NULL,NULL,0700YahyaIbnQasimIbnYahya,OpenITI 2025.1.9
0701IbnNasrAllahJazari,ابن الصيقل الجزري,Ibn Nasr Allah Jazari,NULL,NULL,NULL,NULL,0701,NULL,NULL,NULL,NULL,author,NULL,NULL,NULL,1,NULL,NULL,NULL,NULL,0701IbnNasrAllahJazari,OpenITI 2025.1.9
0701SharafDinYunini,علي بن محمد بن أبي الحسين أحمد بن عبد الله بن عيسى بن أحمد بن محمد بن محمد الحافظ شرف الدين أبي الحسين اليونيني البعلي (المتوفى: 701هـ),Sharaf Din Yunini,NULL,NULL,NULL,NULL,0701,NULL,NULL,NULL,NULL,author,NULL,NULL,NULL,1,NULL,NULL,NULL,NULL,0701SharafDinYunini,OpenITI 2025.1.9
0702IbnCabdRahmanCubaydi,محمد بن عبد الرحمن بن عبد المجيد العبيدي (المتوفى : بعد 702هـ),Ibn Cabd Rahman Cubaydi,NULL,NULL,NULL,NULL,0702,NULL,NULL,NULL,NULL,author,NULL,NULL,NULL,1,NULL,NULL,NULL,NULL,0702IbnCabdRahmanCubaydi,OpenITI 2025.1.9
0702IbnDaqiqCidQushayri,تقي الدين أبو الفتح محمد بن علي بن وهب بن مطيع القشيري، المعروف بابن دقيق العيد (المتوفى: 702هـ),Ibn Daqiq Cid Qushayri,NULL,NULL,NULL,NULL,0702,NULL,NULL,NULL,NULL,author,NULL,NULL,NULL,6,NULL,NULL,NULL,NULL,0702IbnDaqiqCidQushayri,OpenITI 2025.1.9
0703IbnCabdMalikMarrakushi,محمد بن عبد الملك الأنصاري,Ibn Cabd Malik Marrakushi,NULL,NULL,NULL,NULL,0703,NULL,NULL,NULL,NULL,author,NULL,NULL,NULL,1,NULL,NULL,NULL,NULL,0703IbnCabdMalikMarrakushi,OpenITI 2025.1.9
0704IbnNuhQusi,ابن نوح القوسي,Ibn Nuh Qusi,NULL,NULL,Ibn Nūḥ al-Qūsī,NULL,0704,NULL,NULL,NULL,NULL,author,NULL,NULL,NULL,1,NULL,NULL,NULL,NULL,0704IbnNuhQusi,OpenITI 2025.1.9
0705AbuMuhammadMalaqi,أبو محمد المالقي,Abu Muhammad Malaqi,NULL,NULL,Abū Muḥammad al-Mālaqī,NULL,0705,NULL,NULL,NULL,NULL,author,NULL,NULL,NULL,1,NULL,NULL,NULL,NULL,0705AbuMuhammadMalaqi,OpenITI 2025.1.9
0705IbnYusufHilli,رضي الدين الحلي,Ibn Yusuf Hilli,NULL,NULL,NULL,NULL,0705,NULL,NULL,NULL,NULL,author,NULL,NULL,NULL,1,NULL,NULL,NULL,NULL,0705IbnYusufHilli,OpenITI 2025.1.9
0705SharafDinDimyati,شرف الدين الدمياطي,Sharaf Din Dimyati,NULL,NULL,Šaraf al-Dīn al-Dimyāṭī,NULL,0705,NULL,NULL,NULL,NULL,author,NULL,NULL,NULL,8,NULL,NULL,NULL,NULL,0705SharafDinDimyati,OpenITI 2025.1.9
0707RashidDinBaghdadi,رشيد الدين أبي عبد الله محمد بن أبي القاسم عبد الله بن عمر المقرئ البغدادي,Rashid Din Baghdadi,NULL,NULL,NULL,NULL,0707,NULL,NULL,NULL,NULL,author,NULL,NULL,NULL,1,NULL,NULL,NULL,NULL,0707RashidDinBaghdadi,OpenITI 2025.1.9
0708IbnIbrahimAbuJacfarGharnati,أحمد بن إبراهيم بن الزبير الثقفي الغرناطي، أبو جعفر (المتوفى: 708هـ),Ibn Ibrahim Abu Jacfar Gharnati,NULL,NULL,NULL,NULL,0708,NULL,NULL,NULL,NULL,author,NULL,NULL,NULL,2,NULL,NULL,NULL,NULL,0708IbnIbrahimAbuJacfarGharnati,OpenITI 2025.1.9
0708IbnIbrahimBaqquri,البقوري,Ibn Ibrahim Baqquri,NULL,NULL,NULL,NULL,0708,NULL,NULL,NULL,NULL,author,NULL,NULL,NULL,1,NULL,NULL,NULL,NULL,0708IbnIbrahimBaqquri,OpenITI 2025.1.9
0709IbnAbiFathShamsDinBacli,البعلي,Ibn Abi Fath Shams Din Bacli,NULL,NULL,NULL,NULL,0709,NULL,NULL,NULL,NULL,author,NULL,NULL,NULL,1,NULL,NULL,NULL,NULL,0709IbnAbiFathShamsDinBacli,OpenITI 2025.1.9
0709IbnCataAllahSikandari,ابن عطاء الله السكندري,Ibn Cata Allah Sikandari,NULL,NULL,Ibn ʿAṭāʾ Allāh al-Sikandarī,NULL,0709,NULL,NULL,NULL,NULL,author,NULL,NULL,NULL,6,NULL,NULL,NULL,NULL,0709IbnCataAllahSikandari,OpenITI 2025.1.9
0709IbnTiqtaqa,محمد بن علي بن طباطبا المعروف بابن الطقطقي (المتوفى : 709هـ),Ibn Tiqtaqa,NULL,NULL,NULL,NULL,0709,NULL,NULL,NULL,NULL,author,NULL,NULL,NULL,1,NULL,NULL,NULL,NULL,0709IbnTiqtaqa,OpenITI 2025.1.9
0709Tijani,التجاني,Tijani,NULL,NULL,al-Tijānī,NULL,0709,NULL,NULL,NULL,NULL,author,NULL,NULL,NULL,1,NULL,NULL,NULL,NULL,0709Tijani,OpenITI 2025.1.9
0710IbnAhmadHafizDinNasafi,النسفي، أبو البركات,Ibn Ahmad Hafiz Din Nasafi,NULL,NULL,NULL,NULL,0710,NULL,NULL,NULL,NULL,author,NULL,NULL,NULL,3,NULL,NULL,NULL,NULL,0710IbnAhmadHafizDinNasafi,OpenITI 2025.1.9
0710IbnAydamurMustacsimi,محمد بن أيدمر,Ibn Aydamur Mustacsimi,NULL,NULL,NULL,NULL,0710,NULL,NULL,NULL,NULL,author,NULL,NULL,NULL,1,NULL,NULL,NULL,NULL,0710IbnAydamurMustacsimi,OpenITI 2025.1.9
0710IbnIbrahimShamsDinSuruji,أحمد بن إبراهيم بن عبد الغني السروجي، أبو العباس، شمس الدين (المتوفى: 710هـ),Ibn Ibrahim Shams Din Suruji,NULL,NULL,NULL,NULL,0710,NULL,NULL,NULL,NULL,author,NULL,NULL,NULL,1,NULL,NULL,NULL,NULL,0710IbnIbrahimShamsDinSuruji,OpenITI 2025.1.9
0710IbnRifca,ابن الرفعة,Ibn Rifca,NULL,NULL,Ibn al-Rifʿaŧ,NULL,0710,NULL,NULL,NULL,NULL,author,NULL,NULL,NULL,2,NULL,NULL,NULL,NULL,0710IbnRifca,OpenITI 2025.1.9
0710QutbShirazi,قطب الدين الشيرازي,Qutb Shirazi,NULL,NULL,Quṭb al-Dīn al-Šīrāzī,NULL,0710,NULL,NULL,NULL,NULL,author,NULL,NULL,NULL,1,NULL,NULL,NULL,NULL,0710QutbShirazi,OpenITI 2025.1.9
0711HussamDinSighnaqi,الحسين بن علي بن حجاج بن علي، حسام الدين السغناقي (المتوفى: 711 ه),Hussam Din Sighnaqi,NULL,NULL,NULL,NULL,0711,NULL,NULL,NULL,NULL,author,NULL,NULL,NULL,1,NULL,NULL,NULL,NULL,0711HussamDinSighnaqi,OpenITI 2025.1.9
0711IbnIbrahimCimadDinWasiti,الواسطي، ابن شيخ الحزامية، ابن شيخ الحزامين,Ibn Ibrahim Cimad Din Wasiti,NULL,NULL,"al-Wāsiṭī, Ibn Šayḫ al-Ḥazzāmiyyaŧ, Ibn Šayḫ al-Ḥazzāmīn",NULL,0711,NULL,NULL,NULL,NULL,author,NULL,NULL,NULL,10,NULL,NULL,NULL,NULL,0711IbnIbrahimCimadDinWasiti,OpenITI 2025.1.9
0711IbnManzurIfriqi,ابن منظور,Ibn Manzur Ifriqi,NULL,NULL,Ibn Manẓūr,NULL,0711,NULL,NULL,NULL,NULL,author,NULL,NULL,NULL,7,NULL,NULL,NULL,NULL,0711IbnManzurIfriqi,OpenITI 2025.1.9
0713IbnYusufShattanawfi,الشطنوفي,Ibn Yusuf Shattanawfi,NULL,NULL,al-Šaṭṭanūfī,NULL,0713,NULL,NULL,NULL,NULL,author,NULL,NULL,NULL,1,NULL,NULL,NULL,NULL,0713IbnYusufShattanawfi,OpenITI 2025.1.9
0713ShihabDinDashti,أحمد بن محمد بن أبي القاسم بن بدرن,Shihab Din Dashti,NULL,NULL,NULL,NULL,0713,NULL,NULL,NULL,NULL,author,NULL,NULL,NULL,1,NULL,NULL,NULL,NULL,0713ShihabDinDashti,OpenITI 2025.1.9
0714AhmadGhubrini,أبو العباس أحمد بن أحمد بن عبد الله الغبريني,Ahmad Ghubrini,NULL,NULL,NULL,NULL,0714,NULL,NULL,NULL,NULL,author,NULL,NULL,NULL,1,NULL,NULL,NULL,NULL,0714AhmadGhubrini,OpenITI 2025.1.9
0715RuknDinAstarabadhi,حسن بن محمد بن شرف شاه الحسيني الأستراباذي، ركن الدين (المتوفى: 715هـ),Rukn Din Astarabadhi,NULL,NULL,NULL,NULL,0715,NULL,NULL,NULL,NULL,author,NULL,NULL,NULL,1,NULL,NULL,NULL,NULL,0715RuknDinAstarabadhi,OpenITI 2025.1.9
0715SafiHindi,صفي الدين محمد بن عبد الرحيم بن محمد الأرموي الهندي الشافعي (المتوفى: 715 ه),Safi Hindi,NULL,NULL,NULL,NULL,0715,NULL,NULL,NULL,NULL,author,NULL,NULL,NULL,2,NULL,NULL,NULL,NULL,0715SafiHindi,OpenITI 2025.1.9
0716IbnWakil,محمد بن مكي بن عبد الصمد بن المرحل صدر الدين ابن الوكيل,Ibn Wakil,NULL,NULL,NULL,NULL,0716,NULL,NULL,NULL,NULL,author,NULL,NULL,NULL,1,NULL,NULL,NULL,NULL,0716IbnWakil,OpenITI 2025.1.9
0716NajmDinTufi,سليمان بن عبد القوي بن الكريم الطوفي الصرصري، أبو الربيع، نجم الدين (المتوفى: 716 ه),Najm Din Tufi,NULL,NULL,NULL,NULL,0716,NULL,NULL,NULL,NULL,author,NULL,NULL,NULL,7,NULL,NULL,NULL,NULL,0716NajmDinTufi,OpenITI 2025.1.9
0717AbuCaliSakuni,أبو علي السكوني,Abu Cali Sakuni,NULL,NULL,Abū ʿAlī al-Sakūnī,NULL,0717,NULL,NULL,NULL,NULL,author,NULL,NULL,NULL,1,NULL,NULL,NULL,NULL,0717AbuCaliSakuni,OpenITI 2025.1.9
0717CalaDinIbnCabdZahir,علاء الدين ابن عبد الظاهر,Cala Din Ibn Cabd Zahir,NULL,NULL,ʿAlāʾ al-dīn Ibn ʿAbd al-Ẓāhir,NULL,0717,NULL,NULL,NULL,NULL,author,NULL,NULL,NULL,1,NULL,NULL,NULL,NULL,0717CalaDinIbnCabdZahir,OpenITI 2025.1.9
0718AbuIshaqWatwat,الوطواط,Abu Ishaq Watwat,NULL,NULL,al-Waṭwāṭ,NULL,0718,NULL,NULL,NULL,NULL,author,NULL,NULL,NULL,2,NULL,NULL,NULL,NULL,0718AbuIshaqWatwat,OpenITI 2025.1.9
0718IbnAhmadNabulusi,أبو بكر بن أحمد بن عبد الدائم بن نعمة بن أحمد بن نعمة بن بكير النابلسي المقدسي الصالحي (المتوفى: 718ه),Ibn Ahmad Nabulusi,NULL,NULL,NULL,NULL,0718,NULL,NULL,NULL,NULL,author,NULL,NULL,NULL,1,NULL,NULL,NULL,NULL,0718IbnAhmadNabulusi,OpenITI 2025.1.9
0718RashidDinTabib,رشيد الدين طبيب,Rashid Din Tabib,NULL,NULL,Rašīd al-Dīn Ṭabīb,NULL,0718,NULL,NULL,NULL,NULL,author,NULL,NULL,NULL,4,NULL,NULL,NULL,NULL,0718RashidDinTabib,OpenITI 2025.1.9
0719IbnHanash,عبد الله بن حنش,Ibn Hanash,NULL,NULL,ʿAbd Allāh b. Ḥanaš,NULL,0719,NULL,NULL,NULL,NULL,author,NULL,NULL,NULL,1,NULL,NULL,NULL,NULL,0719IbnHanash,OpenITI 2025.1.9
0720IbnCumarKurdi,الحسن بن عمر بن عيسى بن خليل بن إبراهيم الدمشقي الفراش البكاري أبو علي وأبو محمد المعروف بالكردي (المتوفى: 720هـ),Ibn Cumar Kurdi,NULL,NULL,NULL,NULL,0720,NULL,NULL,NULL,NULL,author,NULL,NULL,NULL,1,NULL,NULL,NULL,NULL,0720IbnCumarKurdi,OpenITI 2025.1.9
0720IbnNashwDimashqi,شرف الدين أبو الفتح محمد بن عبد الرحيم بن عباس القرشي ابن النشو,Ibn Nashw Dimashqi,NULL,NULL,NULL,NULL,0720,NULL,NULL,NULL,NULL,author,NULL,NULL,NULL,1,NULL,NULL,NULL,NULL,0720IbnNashwDimashqi,OpenITI 2025.1.9
0720IbnSaigh,محمد بن حسن بن سباع بن أبي بكر الجذامي، أبو عبد الله، شمس الدين، المعروف بابن الصائغ (المتوفى: 720هـ),Ibn Saigh,NULL,NULL,NULL,NULL,0720,NULL,NULL,NULL,NULL,author,NULL,NULL,NULL,1,NULL,NULL,NULL,NULL,0720IbnSaigh,OpenITI 2025.1.9
0720MahmudShabistari,محمود شبستري,Mahmud Shabistari,NULL,NULL,Maḥmūd Šabistarī,NULL,0720,NULL,NULL,NULL,NULL,author,NULL,NULL,NULL,2,NULL,NULL,NULL,NULL,0720MahmudShabistari,OpenITI 2025.1.9
0721IbnBannaMarrakushi,أبو العباس أحمد بن محمد بن عثمان الأزدي المعروف بابن البناء المراكشي (المتوفى: 721هـ),Ibn Banna Marrakushi,NULL,NULL,NULL,NULL,0721,NULL,NULL,NULL,NULL,author,NULL,NULL,NULL,1,NULL,NULL,NULL,NULL,0721IbnBannaMarrakushi,OpenITI 2025.1.9
0721IbnRushaydSabti,محمد بن عمر بن محمد، أبو عبد الله، محب الدين ابن رشيد الفهري السبتي (المتوفى: 721هـ),Ibn Rushayd Sabti,NULL,NULL,NULL,NULL,0721,NULL,NULL,NULL,NULL,author,NULL,NULL,NULL,2,NULL,NULL,NULL,NULL,0721IbnRushaydSabti,OpenITI 2025.1.9
0722AbuMajamicIbnHammuya,أبو المجامع الحموي,Abu Majamic Ibn Hammuya,NULL,NULL,NULL,NULL,0722,NULL,NULL,NULL,NULL,author,NULL,NULL,NULL,2,NULL,NULL,NULL,NULL,0722AbuMajamicIbnHammuya,OpenITI 2025.1.9
0722IbrahimIbnSacdDin,إبراهيم بن سعد الدين الشافعي‏,Ibrahim Ibn Sacd Din,NULL,NULL,NULL,NULL,0722,NULL,NULL,NULL,NULL,author,NULL,NULL,NULL,1,NULL,NULL,NULL,NULL,0722IbrahimIbnSacdDin,OpenITI 2025.1.9
0723IbnAjrum,ابن آجروم، محمد بن محمد بن داود الصنهاجي، أبو عبد الله (المتوفى: 723هـ),Ibn Ajrum,NULL,NULL,NULL,NULL,0723,NULL,NULL,NULL,NULL,author,NULL,NULL,NULL,1,NULL,NULL,NULL,NULL,0723IbnAjrum,OpenITI 2025.1.9
0723IbnFuwati,ابن الفوطي,Ibn Fuwati,NULL,NULL,Ibn al-Fuwaṭī,NULL,0723,NULL,NULL,NULL,NULL,author,NULL,NULL,NULL,1,NULL,NULL,NULL,NULL,0723IbnFuwati,OpenITI 2025.1.9
0724IbnCattar,علي بن إبراهيم بن داود بن سلمان بن سليمان، أبو الحسن، علاء الدين ابن العطار (المتوفى: 724 ه),Ibn Cattar,NULL,NULL,NULL,NULL,0724,NULL,NULL,NULL,NULL,author,NULL,NULL,NULL,5,NULL,NULL,NULL,NULL,0724IbnCattar,OpenITI 2025.1.9
0724IbnKabar,ابن كبر,Ibn Kabar,NULL,NULL,Ibn Kabar,NULL,0724,NULL,NULL,NULL,NULL,author,NULL,NULL,NULL,1,NULL,NULL,NULL,NULL,0724IbnKabar,OpenITI 2025.1.9
0725AmirKhusraw,أمير خسرو,Amir Khusraw,NULL,NULL,Amīr Ḫusraw,NULL,0725,NULL,NULL,NULL,NULL,author,NULL,NULL,NULL,6,NULL,NULL,NULL,NULL,0725AmirKhusraw,OpenITI 2025.1.9
0725Anonymous,مجموعة من المؤلفين,Anonymous,NULL,NULL,NULL,NULL,0725,NULL,NULL,NULL,NULL,author,NULL,NULL,NULL,1,NULL,NULL,NULL,NULL,0725Anonymous,OpenITI 2025.1.9
0725BaybarsMansuri,بيبرس المنصوري الأمير الدوادار,Baybars Mansuri,NULL,NULL,Baybars al-Manṣūrī al-amīr al-dawādār,NULL,0725,NULL,NULL,NULL,NULL,author,NULL,NULL,NULL,4,NULL,NULL,NULL,NULL,0725BaybarsMansuri,OpenITI 2025.1.9
0725CabbasiSafadi,الحسن الصفدي,Cabbasi Safadi,NULL,NULL,al-Ḥasan al-Ṣafadī,NULL,0725,NULL,NULL,NULL,NULL,author,NULL,NULL,NULL,2,NULL,NULL,NULL,NULL,0725CabbasiSafadi,OpenITI 2025.1.9
0725CabdAllahSiwasi,السيواسي,Cabd Allah Siwasi,NULL,NULL,al-Sīwāsī,NULL,0725,NULL,NULL,NULL,NULL,author,NULL,NULL,NULL,1,NULL,NULL,NULL,NULL,0725CabdAllahSiwasi,OpenITI 2025.1.9
0725IbnCidhariMarrakushi,ابن عذاري المراكشي,Ibn Cidhari Marrakushi,NULL,NULL,NULL,NULL,0725,NULL,NULL,NULL,NULL,author,NULL,NULL,NULL,1,NULL,NULL,NULL,NULL,0725IbnCidhariMarrakushi,OpenITI 2025.1.9
0725ShihabDinMahmudAbuThana,شهاب الدين محمود أبو الثناء,Shihab Din Mahmud Abu Thana,NULL,NULL,Šihāb al-Dīn Maḥmūd Abū al-Ṯanāʾ,NULL,0725,NULL,NULL,NULL,NULL,author,NULL,NULL,NULL,2,NULL,NULL,NULL,NULL,0725ShihabDinMahmudAbuThana,OpenITI 2025.1.9
0726CallamaHilli,العلامة الحلي,Callama Hilli,NULL,NULL,al-ʿAllāmaŧ al-Ḥillī,NULL,0726,NULL,NULL,NULL,NULL,author,NULL,NULL,NULL,25,NULL,NULL,NULL,NULL,0726CallamaHilli,OpenITI 2025.1.9
0726IbnSuqaci,ابن الصقاعي,Ibn Suqaci,NULL,NULL,Ibn al-Ṣuqāʿī,NULL,0726,NULL,NULL,NULL,NULL,author,NULL,NULL,NULL,1,NULL,NULL,NULL,NULL,0726IbnSuqaci,OpenITI 2025.1.9
0726Yunini,قطب الدين أبو الفتح موسى بن محمد اليونيني (المتوفى : 726هـ),Yunini,NULL,NULL,NULL,NULL,0726,NULL,NULL,NULL,NULL,author,NULL,NULL,NULL,1,NULL,NULL,NULL,NULL,0726Yunini,OpenITI 2025.1.9
0727MuzhiriZaydani,الحسين بن محمود بن الحسن، مظهر الدين الزيداني الكوفي الضرير الشيرازي الحنفي المشهور بالمظهري (المتوفى: 727 ه),Muzhiri Zaydani,NULL,NULL,NULL,NULL,0727,NULL,NULL,NULL,NULL,author,NULL,NULL,NULL,1,NULL,NULL,NULL,NULL,0727MuzhiriZaydani,OpenITI 2025.1.9
0727ShamsDinDimashqi,شمس الدين الدمشقي,Shams Din Dimashqi,NULL,NULL,Šams al-Dīn al-Dimašqī,NULL,0727,NULL,NULL,NULL,NULL,author,NULL,NULL,NULL,2,NULL,NULL,NULL,NULL,0727ShamsDinDimashqi,OpenITI 2025.1.9
0728IbnMutahharZaydi,ابن المطهر الزيدي,Ibn Mutahhar Zaydi,NULL,NULL,Ibn al-Muṭahhar al-Zaydī,NULL,0728,NULL,NULL,NULL,NULL,author,NULL,NULL,NULL,1,NULL,NULL,NULL,NULL,0728IbnMutahharZaydi,OpenITI 2025.1.9
0728IbnTaymiyya,ابن تيمية,Ibn Taymiyya,NULL,NULL,Ibn Taymiyyaŧ,NULL,0728,NULL,NULL,NULL,NULL,author,NULL,NULL,NULL,124,NULL,NULL,NULL,NULL,0728IbnTaymiyya,OpenITI 2025.1.9
0729AbuNunDabusi,أبو النون يونس بن إبراهيم الدبوسي الكناني العسقلاني المصري,Abu Nun Dabusi,NULL,NULL,NULL,NULL,0729,NULL,NULL,NULL,NULL,author,NULL,NULL,NULL,1,NULL,NULL,NULL,NULL,0729AbuNunDabusi,OpenITI 2025.1.9
0729IbnUkhuwwa,ابن الأخوة,Ibn Ukhuwwa,NULL,NULL,NULL,NULL,0729,NULL,NULL,NULL,NULL,author,NULL,NULL,NULL,2,NULL,NULL,NULL,NULL,0729IbnUkhuwwa,OpenITI 2025.1.9
0730CabdRazzaqKashani,NULL,Cabd Razzaq Kashani,NULL,NULL,NULL,NULL,0730,NULL,NULL,NULL,NULL,author,NULL,NULL,NULL,1,NULL,NULL,NULL,NULL,0730CabdRazzaqKashani,OpenITI 2025.1.9
0730FakhrDinBanakati,NULL,Fakhr Din Banakati,NULL,NULL,NULL,NULL,0730,NULL,NULL,NULL,NULL,author,NULL,NULL,NULL,1,NULL,NULL,NULL,NULL,0730FakhrDinBanakati,OpenITI 2025.1.9
0730IbnAhmadCalaDinBukhari,علاء الدين عبد العزيز بن أحمد البخاري,Ibn Ahmad Cala Din Bukhari,NULL,NULL,NULL,NULL,0730,NULL,NULL,NULL,NULL,author,NULL,NULL,NULL,1,NULL,NULL,NULL,NULL,0730IbnAhmadCalaDinBukhari,OpenITI 2025.1.9
0730NajmDinShirazi,محمود بن الياس الشيرازي,Najm Din Shirazi,NULL,NULL,Maḥmūd b. Ilyās al-Šīrāzī,NULL,0730,NULL,NULL,NULL,NULL,author,NULL,NULL,NULL,1,NULL,NULL,NULL,NULL,0730NajmDinShirazi,OpenITI 2025.1.9
0730NasirDinBayadi,NULL,Nasir Din Bayadi,NULL,NULL,NULL,NULL,0730,NULL,NULL,NULL,NULL,author,NULL,NULL,NULL,1,NULL,NULL,NULL,NULL,0730NasirDinBayadi,OpenITI 2025.1.9
0730NizamDinNaysaburi,لا يوجد,Nizam Din Naysaburi,NULL,NULL,NULL,NULL,0730,NULL,NULL,NULL,NULL,author,NULL,NULL,NULL,1,NULL,NULL,NULL,NULL,0730NizamDinNaysaburi,OpenITI 2025.1.9
0730QasimTujibi,التجيبي,Qasim Tujibi,NULL,NULL,al-Tuǧībī,NULL,0730,NULL,NULL,NULL,NULL,author,NULL,NULL,NULL,1,NULL,NULL,NULL,NULL,0730QasimTujibi,OpenITI 2025.1.9
0730ShaficIbnCali,شافع بن علي,Shafic Ibn Cali,NULL,NULL,Šāfiʿ b. ʿAlī,NULL,0730,NULL,NULL,NULL,NULL,author,NULL,NULL,NULL,2,NULL,NULL,NULL,NULL,0730ShaficIbnCali,OpenITI 2025.1.9
0731IbnBarriRibati,ابن بري,Ibn Barri Ribati,NULL,NULL,Ibn Barrī,NULL,0731,NULL,NULL,NULL,NULL,author,NULL,NULL,NULL,1,NULL,NULL,NULL,NULL,0731IbnBarriRibati,OpenITI 2025.1.9
0731IbnMuhammadHusayni,ابن محمد الحسيني,Ibn Muhammad Husayni,NULL,NULL,Ibn Muḥammad al-Ḥusaynī,NULL,0731,NULL,NULL,NULL,NULL,author,NULL,NULL,NULL,1,NULL,NULL,NULL,NULL,0731IbnMuhammadHusayni,OpenITI 2025.1.9
0732AbuFida,أبو لفداء,Abu Fida,NULL,NULL,Abū l-Fidāʾ,NULL,0732,NULL,NULL,NULL,NULL,author,NULL,NULL,NULL,5,NULL,NULL,NULL,NULL,0732AbuFida,OpenITI 2025.1.9
0732IbnCumarBurhanDinJacbari,الجعبري,Ibn Cumar Burhan Din Jacbari,NULL,NULL,NULL,NULL,0732,NULL,NULL,NULL,NULL,author,NULL,NULL,NULL,2,NULL,NULL,NULL,NULL,0732IbnCumarBurhanDinJacbari,OpenITI 2025.1.9
0732IbnMuhammadShihabDinBaghdadi,عبد الرحمن بن محمد بن عسكر البغدادي، أبو زيد أو أبو محمد، شهاب الدين المالكي (المتوفى: 732هـ),Ibn Muhammad Shihab Din Baghdadi,NULL,NULL,NULL,NULL,0732,NULL,NULL,NULL,NULL,author,NULL,NULL,NULL,1,NULL,NULL,NULL,NULL,0732IbnMuhammadShihabDinBaghdadi,OpenITI 2025.1.9
0732IbnYacqubJanadi,الجندي,Ibn Yacqub Janadi,NULL,NULL,al-Ǧanadī,NULL,0732,NULL,NULL,NULL,NULL,author,NULL,NULL,NULL,1,NULL,NULL,NULL,NULL,0732IbnYacqubJanadi,OpenITI 2025.1.9
0732IbnYusufDujayli,الحسين بن يوسف الدجيلي,Ibn Yusuf Dujayli,NULL,NULL,NULL,NULL,0732,NULL,NULL,NULL,NULL,author,NULL,NULL,NULL,1,NULL,NULL,NULL,NULL,0732IbnYusufDujayli,OpenITI 2025.1.9
0733IbnJamacaBadrDinHamawi,أبو عبد الله، محمد بن إبراهيم بن سعد الله بن جماعة الكناني الحموي الشافعي، بدر الدين (المتوفى: 733هـ),Ibn Jamaca Badr Din Hamawi,NULL,NULL,NULL,NULL,0733,NULL,NULL,NULL,NULL,author,NULL,NULL,NULL,10,NULL,NULL,NULL,NULL,0733IbnJamacaBadrDinHamawi,OpenITI 2025.1.9
0733KarimDinAqsarai,NULL,Karim Din Aqsarai,NULL,NULL,NULL,NULL,0733,NULL,NULL,NULL,NULL,author,NULL,NULL,NULL,1,NULL,NULL,NULL,NULL,0733KarimDinAqsarai,OpenITI 2025.1.9
0733Nuwayri,شهاب الدين النويري,Nuwayri,NULL,NULL,Šihāb al-Dīn al-Nuwayrī,NULL,0733,NULL,NULL,NULL,NULL,author,NULL,NULL,NULL,1,NULL,NULL,NULL,NULL,0733Nuwayri,OpenITI 2025.1.9
0733ShujacDinTurkistani,شجاع الدين التركستاني,Shujac Din Turkistani,NULL,NULL,Šujāʿ al-Dīn al-Turkistānī,NULL,0733,NULL,NULL,NULL,NULL,author,NULL,NULL,NULL,1,NULL,NULL,NULL,NULL,0733ShujacDinTurkistani,OpenITI 2025.1.9
0734IbnCaliTajDinFakihani,عمر بن علي بن سالم بن صدقة اللخمي الإسكندري، تاج الدين الفاكهاني (المتوفى: 734هـ),Ibn Cali Taj Din Fakihani,NULL,NULL,NULL,NULL,0734,NULL,NULL,NULL,NULL,author,NULL,NULL,NULL,2,NULL,NULL,NULL,NULL,0734IbnCaliTajDinFakihani,OpenITI 2025.1.9
0734IbnQaddahHawari,أبو علي عمر بن قداح الهواري,Ibn Qaddah Hawari,NULL,NULL,NULL,NULL,0734,NULL,NULL,NULL,NULL,author,NULL,NULL,NULL,2,NULL,NULL,NULL,NULL,0734IbnQaddahHawari,OpenITI 2025.1.9
0734IbnSayyidNas,ابن سيد الناس,Ibn Sayyid Nas,NULL,NULL,Ibn Sayyid al-Nās,NULL,0734,NULL,NULL,NULL,NULL,author,NULL,NULL,NULL,4,NULL,NULL,NULL,NULL,0734IbnSayyidNas,OpenITI 2025.1.9
0735DawudIbnMakhila,داود بن ماخلا,Dawud Ibn Makhila,NULL,NULL,Dāwud b. Māḫilā,NULL,0735,NULL,NULL,NULL,NULL,author,NULL,NULL,NULL,1,NULL,NULL,NULL,NULL,0735DawudIbnMakhila,OpenITI 2025.1.9
0735IbnTarkhan,ابن طرخان,Ibn Tarkhan,NULL,NULL,NULL,NULL,0735,NULL,NULL,NULL,NULL,author,NULL,NULL,NULL,1,NULL,NULL,NULL,NULL,0735IbnTarkhan,OpenITI 2025.1.9
0736Bakharzi,NULL,Bakharzi,NULL,NULL,NULL,NULL,0736,NULL,NULL,NULL,NULL,author,NULL,NULL,NULL,1,NULL,NULL,NULL,NULL,0736Bakharzi,OpenITI 2025.1.9
0736CalaDawlaSimnani,علاء الدولة السمناني,Cala Dawla Simnani,NULL,NULL,ʿAlāʾ al-Dawlaŧ al-Simnānī,NULL,0736,NULL,NULL,NULL,NULL,author,NULL,NULL,NULL,2,NULL,NULL,NULL,NULL,0736CalaDawlaSimnani,OpenITI 2025.1.9
0736IbnDawadari,ابن الدواداري,Ibn Dawadari,NULL,NULL,Ibn al-Dawādārī,NULL,0736,NULL,NULL,NULL,NULL,author,NULL,NULL,NULL,1,NULL,NULL,NULL,NULL,0736IbnDawadari,OpenITI 2025.1.9
0736IbnRashidBakri,ابن راشد البكري,Ibn Rashid Bakri,NULL,NULL,NULL,NULL,0736,NULL,NULL,NULL,NULL,author,NULL,NULL,NULL,1,NULL,NULL,NULL,NULL,0736IbnRashidBakri,OpenITI 2025.1.9
0737IbnMuhammadIbnHajjFasi,أبو عبد الله محمد بن محمد بن محمد العبدري الفاسي المالكي الشهير بابن الحاج,Ibn Muhammad Ibn Hajj Fasi,NULL,NULL,NULL,NULL,0737,NULL,NULL,NULL,NULL,author,NULL,NULL,NULL,1,NULL,NULL,NULL,NULL,0737IbnMuhammadIbnHajjFasi,OpenITI 2025.1.9
0737KhalifaNayshaburi,NULL,Khalifa Nayshaburi,NULL,NULL,NULL,NULL,0737,NULL,NULL,NULL,NULL,author,NULL,NULL,NULL,1,NULL,NULL,NULL,NULL,0737KhalifaNayshaburi,OpenITI 2025.1.9
0738AbuQasimKashani,أبو القاسم كاشاني,Abu Qasim Kashani,NULL,NULL,Abū al-Qāsim Kāšānī,NULL,0738,NULL,NULL,NULL,NULL,author,NULL,NULL,NULL,1,NULL,NULL,NULL,NULL,0738AbuQasimKashani,OpenITI 2025.1.9
0738AwhadiMaraghi,أوحدي مراغي,Awhadi Maraghi,NULL,NULL,Awḥadī Marāġī,NULL,0738,NULL,NULL,NULL,NULL,author,NULL,NULL,NULL,3,NULL,NULL,NULL,NULL,0738AwhadiMaraghi,OpenITI 2025.1.9
0738IbnCabdRahimSharafDinHamawi,ابن البارزي,Ibn Cabd Rahim Sharaf Din Hamawi,NULL,NULL,NULL,NULL,0738,NULL,NULL,NULL,NULL,author,NULL,NULL,NULL,2,NULL,NULL,NULL,NULL,0738IbnCabdRahimSharafDinHamawi,OpenITI 2025.1.9
0738TaqiDinUshnuhi,تقي الدين صالح بن مختار بن صالح الأشنهي,Taqi Din Ushnuhi,NULL,NULL,NULL,NULL,0738,NULL,NULL,NULL,NULL,author,NULL,NULL,NULL,1,NULL,NULL,NULL,NULL,0738TaqiDinUshnuhi,OpenITI 2025.1.9
0739Birzali,القاسم بن محمد البرزالي الدمشقي,Birzali,NULL,NULL,NULL,NULL,0739,NULL,NULL,NULL,NULL,author,NULL,NULL,NULL,2,NULL,NULL,NULL,NULL,0739Birzali,OpenITI 2025.1.9
0739CalaDinIbnBalban,ابن حبان,Cala Din Ibn Balban,NULL,NULL,NULL,NULL,0739,NULL,NULL,NULL,NULL,author,NULL,NULL,NULL,2,NULL,NULL,NULL,NULL,0739CalaDinIbnBalban,OpenITI 2025.1.9
0739JalalDinQazwini,جلال الدين القزويني,Jalal Din Qazwini,NULL,NULL,Jalāl al-Dīn al-Qazwīnī,NULL,0739,NULL,NULL,NULL,NULL,author,NULL,NULL,NULL,2,NULL,NULL,NULL,NULL,0739JalalDinQazwini,OpenITI 2025.1.9
0739SafiDinHanbali,عبد المؤمن بن عبد الحق، ابن شمائل القطيعي البغدادي، الحنبلي، صفي الدين (المتوفى: 739هـ),Safi Din Hanbali,NULL,NULL,NULL,NULL,0739,NULL,NULL,NULL,NULL,author,NULL,NULL,NULL,2,NULL,NULL,NULL,NULL,0739SafiDinHanbali,OpenITI 2025.1.9
0739ShamsDinJazari,شمس الدين الجزري,Shams Din Jazari,NULL,NULL,Šams al-Dīn al-Jazarī,NULL,0739,NULL,NULL,NULL,NULL,author,NULL,NULL,NULL,1,NULL,NULL,NULL,NULL,0739ShamsDinJazari,OpenITI 2025.1.9
0740CabdQahirTabrizi,عبد القاهر التبريزي,Cabd Qahir Tabrizi,NULL,NULL,NULL,NULL,0740,NULL,NULL,NULL,NULL,author,NULL,NULL,NULL,1,NULL,NULL,NULL,NULL,0740CabdQahirTabrizi,OpenITI 2025.1.9
0740IbnDawudHilli,الحسن بن علي بن داود الحلي,Ibn Dawud Hilli,NULL,NULL,NULL,NULL,0740,NULL,NULL,NULL,NULL,author,NULL,NULL,NULL,1,NULL,NULL,NULL,NULL,0740IbnDawudHilli,OpenITI 2025.1.9
0740JunaydShirazi,معين الدين أبو القاسم الجنيد بن محمود بن محمد بن عمر العمري الشيرازي (المتوفى: بعد 740ه),Junayd Shirazi,NULL,NULL,NULL,NULL,0740,NULL,NULL,NULL,NULL,author,NULL,NULL,NULL,1,NULL,NULL,NULL,NULL,0740JunaydShirazi,OpenITI 2025.1.9
0740MirakBukhari,ميرك البخاري,Mirak Bukhari,NULL,NULL,Mīrak al-Buḫārī,NULL,0740,NULL,NULL,NULL,NULL,author,NULL,NULL,NULL,1,NULL,NULL,NULL,NULL,0740MirakBukhari,OpenITI 2025.1.9
0740ZaynabBintKamal,زينب بنت الكمال,Zaynab Bint Kamal,NULL,NULL,NULL,NULL,0740,NULL,NULL,NULL,NULL,author,NULL,NULL,NULL,1,NULL,NULL,NULL,NULL,0740ZaynabBintKamal,OpenITI 2025.1.9
0741AbuBakrBaytar,أبو بكر بن البدر الناصري,Abu Bakr Baytar,NULL,NULL,NULL,NULL,0741,NULL,NULL,NULL,NULL,author,NULL,NULL,NULL,1,NULL,NULL,NULL,NULL,0741AbuBakrBaytar,OpenITI 2025.1.9
0741CabdAllahWasiti,أبو محمد، عبد الله بن عبد المؤمن بن الوجيه بن عبد الله بن على ابن المبارك التاجر الواسطي المقرئ تاج الدين ويقال نجم الدين (المتوفى: 741هـ),Cabd Allah Wasiti,NULL,NULL,NULL,NULL,0741,NULL,NULL,NULL,NULL,author,NULL,NULL,NULL,1,NULL,NULL,NULL,NULL,0741CabdAllahWasiti,OpenITI 2025.1.9
0741CabdRahimZarirani,الزريراني، عبد الرحيم,Cabd Rahim Zarirani,NULL,NULL,NULL,NULL,0741,NULL,NULL,NULL,NULL,author,NULL,NULL,NULL,1,NULL,NULL,NULL,NULL,0741CabdRahimZarirani,OpenITI 2025.1.9
0741IbnAhmadGharnatiKalbi,ابن جزي,Ibn Ahmad Gharnati Kalbi,NULL,NULL,NULL,NULL,0741,NULL,NULL,NULL,NULL,author,NULL,NULL,NULL,3,NULL,NULL,NULL,NULL,0741IbnAhmadGharnatiKalbi,OpenITI 2025.1.9
0741IbnYahyaAndalusiMalaqi,المالقي,Ibn Yahya Andalusi Malaqi,NULL,NULL,NULL,NULL,0741,NULL,NULL,NULL,NULL,author,NULL,NULL,NULL,1,NULL,NULL,NULL,NULL,0741IbnYahyaAndalusiMalaqi,OpenITI 2025.1.9
0741KhatibTabrizi,الخطيب التبريزي,Khatib Tabrizi,NULL,NULL,NULL,NULL,0741,NULL,NULL,NULL,NULL,author,NULL,NULL,NULL,2,NULL,NULL,NULL,NULL,0741KhatibTabrizi,OpenITI 2025.1.9
0741KhazinBaghdadi,علاء الدين علي بن محمد بن إبراهيم البغدادي الشهير بالخازن,Khazin Baghdadi,NULL,NULL,NULL,NULL,0741,NULL,NULL,NULL,NULL,author,NULL,NULL,NULL,1,NULL,NULL,NULL,NULL,0741KhazinBaghdadi,OpenITI 2025.1.9
0741SayfiHarawi,NULL,Sayfi Harawi,NULL,NULL,NULL,NULL,0741,NULL,NULL,NULL,NULL,author,NULL,NULL,NULL,1,NULL,NULL,NULL,NULL,0741SayfiHarawi,OpenITI 2025.1.9
0742IbnMuhammadBurhanDinSafaqsi,إبراهيم بن محمد بن إبراهيم القيسي السفاقسي، أبو إسحاق: برهان الدين (المتوفى: 742هـ),Ibn Muhammad Burhan Din Safaqsi,NULL,NULL,NULL,NULL,0742,NULL,NULL,NULL,NULL,author,NULL,NULL,NULL,2,NULL,NULL,NULL,NULL,0742IbnMuhammadBurhanDinSafaqsi,OpenITI 2025.1.9
0742Mizzi,المزي,Mizzi,NULL,NULL,al-Mizzī,NULL,0742,NULL,NULL,NULL,NULL,author,NULL,NULL,NULL,4,NULL,NULL,NULL,NULL,0742Mizzi,OpenITI 2025.1.9
0743Diwani,علي بن أبي محمد بن أبي سعد بن الحسن الواسطي المعروف بالديواني (663 - 743 ه),Diwani,NULL,NULL,NULL,NULL,0743,NULL,NULL,NULL,NULL,author,NULL,NULL,NULL,1,NULL,NULL,NULL,NULL,0743Diwani,OpenITI 2025.1.9
0743FakhrDinZaylaci,الزيلعي الحنفي,Fakhr Din Zaylaci,NULL,NULL,NULL,NULL,0743,NULL,NULL,NULL,NULL,author,NULL,NULL,NULL,1,NULL,NULL,NULL,NULL,0743FakhrDinZaylaci,OpenITI 2025.1.9
0743SharafDinTibi,الطيبي,Sharaf Din Tibi,NULL,NULL,NULL,NULL,0743,NULL,NULL,NULL,NULL,author,NULL,NULL,NULL,3,NULL,NULL,NULL,NULL,0743SharafDinTibi,OpenITI 2025.1.9
0744IbnCabdHadi,ابن عبد الهادي,Ibn Cabd Hadi,NULL,NULL,Ibn ʿAbd al-Hādī,NULL,0744,NULL,NULL,NULL,NULL,author,NULL,NULL,NULL,13,NULL,NULL,NULL,NULL,0744IbnCabdHadi,OpenITI 2025.1.9
0745AbuHayyanGharnati,أبو حيان الغرناطي,Abu Hayyan Gharnati,NULL,NULL,Abū Ḥayyān al-Ġarnāṭī,NULL,0745,NULL,NULL,NULL,NULL,author,NULL,NULL,NULL,7,NULL,NULL,NULL,NULL,0745AbuHayyanGharnati,OpenITI 2025.1.9
0745IbnMuhammadTaqiDinIbnImam,محمد بن محمد بن علي بن همام بن راجي الله بن سرايا بن داود,Ibn Muhammad Taqi Din Ibn Imam,NULL,NULL,NULL,NULL,0745,NULL,NULL,NULL,NULL,author,NULL,NULL,NULL,1,NULL,NULL,NULL,NULL,0745IbnMuhammadTaqiDinIbnImam,OpenITI 2025.1.9
0745MuayyadYahyaIbnHamzaCalawi,يحيى بن حمز العلوي، المؤيد بالله,Muayyad Yahya Ibn Hamza Calawi,NULL,NULL,"Yaḥyá b. Ḥamza al-ʿAlawī, al-Muʾayyad bi-Allāh",NULL,0745,NULL,NULL,NULL,NULL,author,NULL,NULL,NULL,3,NULL,NULL,NULL,NULL,0745MuayyadYahyaIbnHamzaCalawi,OpenITI 2025.1.9
0745NasirDinKirmani,NULL,Nasir Din Kirmani,NULL,NULL,NULL,NULL,0745,NULL,NULL,NULL,NULL,author,NULL,NULL,NULL,1,NULL,NULL,NULL,NULL,0745NasirDinKirmani,OpenITI 2025.1.9
0746CalaDinMaqdisi,علاء الدين المقدسي,Cala Din Maqdisi,NULL,NULL,NULL,NULL,0746,NULL,NULL,NULL,NULL,author,NULL,NULL,NULL,1,NULL,NULL,NULL,NULL,0746CalaDinMaqdisi,OpenITI 2025.1.9
0747IbnMascudMahbubiBukhari,عبيد الله بن مسعود المحبوبي البخاري الحنفي.,Ibn Mascud Mahbubi Bukhari,NULL,NULL,NULL,NULL,0747,NULL,NULL,NULL,NULL,author,NULL,NULL,NULL,1,NULL,NULL,NULL,NULL,0747IbnMascudMahbubiBukhari,OpenITI 2025.1.9
0747MuhyiDinYunini,اليونيني,Muhyi Din Yunini,NULL,NULL,al-Yūnīnī,NULL,0747,NULL,NULL,NULL,NULL,author,NULL,NULL,NULL,1,NULL,NULL,NULL,NULL,0747MuhyiDinYunini,OpenITI 2025.1.9
0748Adfuwi,أبو الفضل الأدفويىلأدفوي,Adfuwi,NULL,NULL,Abū al-faḍl al-Adfuwī/al-Udfuwī,NULL,0748,NULL,NULL,NULL,NULL,author,NULL,NULL,NULL,1,NULL,NULL,NULL,NULL,0748Adfuwi,OpenITI 2025.1.9
0748Dhahabi,الذهبي,Dhahabi,NULL,NULL,al-Ḏahabī,NULL,0748,NULL,NULL,NULL,NULL,author,NULL,NULL,NULL,60,NULL,NULL,NULL,NULL,0748Dhahabi,OpenITI 2025.1.9
0748MuhammadIbnCuthman,محمد بن عثمان,Muhammad Ibn Cuthman,NULL,NULL,Muḥammad b. ʿUṯmān,NULL,0748,NULL,NULL,NULL,NULL,author,NULL,NULL,NULL,1,NULL,NULL,NULL,NULL,0748MuhammadIbnCuthman,OpenITI 2025.1.9
0749AbuBakrRahbi,أبو بكر بن قاسم بن أبي بكر بن عبد الرحمن الرحبي ت 749 ه,Abu Bakr Rahbi,NULL,NULL,NULL,NULL,0749,NULL,NULL,NULL,NULL,author,NULL,NULL,NULL,1,NULL,NULL,NULL,NULL,0749AbuBakrRahbi,OpenITI 2025.1.9
0749AbuFathIbnMuhibb,أبو الفتح ابن المحب,Abu Fath Ibn Muhibb,NULL,NULL,Abū al-Fatḥ Ibn al-Muḥibb,NULL,0749,NULL,NULL,NULL,NULL,author,NULL,NULL,NULL,1,NULL,NULL,NULL,NULL,0749AbuFathIbnMuhibb,OpenITI 2025.1.9
0749AbuThanaIsbahani,محمود بن عبد الرحمن (أبي القاسم) ابن أحمد بن محمد، أبو الثناء، شمس الدين الأصفهاني (المتوفى: 749هـ),Abu Thana Isbahani,NULL,NULL,NULL,NULL,0749,NULL,NULL,NULL,NULL,author,NULL,NULL,NULL,1,NULL,NULL,NULL,NULL,0749AbuThanaIsbahani,OpenITI 2025.1.9
0749BadrDinMisriMuradi,ابن أم قاسم المرادي,Badr Din Misri Muradi,NULL,NULL,NULL,NULL,0749,NULL,NULL,NULL,NULL,author,NULL,NULL,NULL,2,NULL,NULL,NULL,NULL,0749BadrDinMisriMuradi,OpenITI 2025.1.9
0749IbnAkfaniSinjari,ابن الأكفاني,Ibn Akfani Sinjari,NULL,NULL,Ibn al-Akfānī,NULL,0749,NULL,NULL,NULL,NULL,author,NULL,NULL,NULL,4,NULL,NULL,NULL,NULL,0749IbnAkfaniSinjari,OpenITI 2025.1.9
0749IbnCaliSirajDinBazzar,عمر بن علي بن موسى البزار أبو حفص,Ibn Cali Siraj Din Bazzar,NULL,NULL,NULL,NULL,0749,NULL,NULL,NULL,NULL,author,NULL,NULL,NULL,1,NULL,NULL,NULL,NULL,0749IbnCaliSirajDinBazzar,OpenITI 2025.1.9
0749IbnDimyati,أحمد بن أيبك بن عبد الله الحسامي الدمياطي,Ibn Dimyati,NULL,NULL,NULL,NULL,0749,NULL,NULL,NULL,NULL,author,NULL,NULL,NULL,2,NULL,NULL,NULL,NULL,0749IbnDimyati,OpenITI 2025.1.9
0749IbnFadlAllahCumari,ابن فضل الله العمري,Ibn Fadl Allah Cumari,NULL,NULL,Ibn Faḍl Allāh al-ʿUmarī,NULL,0749,NULL,NULL,NULL,NULL,author,NULL,NULL,NULL,3,NULL,NULL,NULL,NULL,0749IbnFadlAllahCumari,OpenITI 2025.1.9
0749IbnHafizMizzi,عبد الرحمن بن يوسف بن الزكي عبد الرحمن زين الدين أبو الفرج (ابن الحافظ جمال الدين المزي) (المتوفى: 749هـ),Ibn Hafiz Mizzi,NULL,NULL,NULL,NULL,0749,NULL,NULL,NULL,NULL,author,NULL,NULL,NULL,1,NULL,NULL,NULL,NULL,0749IbnHafizMizzi,OpenITI 2025.1.9
0749IbnJabirWadiAshi,ابن جابر الوادي آشي,Ibn Jabir Wadi Ashi,NULL,NULL,Ibn Ǧābir al-Wādī Āšī,NULL,0749,NULL,NULL,NULL,NULL,author,NULL,NULL,NULL,1,NULL,NULL,NULL,NULL,0749IbnJabirWadiAshi,OpenITI 2025.1.9
0749IbnMaktum,ابن مكتوم,Ibn Maktum,NULL,NULL,Ibn Maktūm,NULL,0749,NULL,NULL,NULL,NULL,author,NULL,NULL,NULL,1,NULL,NULL,NULL,NULL,0749IbnMaktum,OpenITI 2025.1.9
0749MuayyadYahya,المؤيد يحيى,Muayyad Yahya,NULL,NULL,al-Muʾayyad Yaḥyá,NULL,0749,NULL,NULL,NULL,NULL,author,NULL,NULL,NULL,3,NULL,NULL,NULL,NULL,0749MuayyadYahya,OpenITI 2025.1.9
0749SayfFarghani,سيف فرغاني,Sayf Farghani,NULL,NULL,Sayf Farġānī,NULL,0749,NULL,NULL,NULL,NULL,author,NULL,NULL,NULL,1,NULL,NULL,NULL,NULL,0749SayfFarghani,OpenITI 2025.1.9
0749TaqiDinAdami,تقي الدين أحمد بن محمد بن علي البغدادي، المقرئ الأدمي الحنبلي (المتوفى: حوالي 749 ه),Taqi Din Adami,NULL,NULL,NULL,NULL,0749,NULL,NULL,NULL,NULL,author,NULL,NULL,NULL,1,NULL,NULL,NULL,NULL,0749TaqiDinAdami,OpenITI 2025.1.9
0749ZaynDinIbnWardi,زين الدين ابن الوردي,Zayn Din Ibn Wardi,NULL,NULL,Zayn al-Dīn Ibn al-Wardī,NULL,0749,NULL,NULL,NULL,NULL,author,NULL,NULL,NULL,3,NULL,NULL,NULL,NULL,0749ZaynDinIbnWardi,OpenITI 2025.1.9
0750AbuHafsQazwini,القزويني,Abu Hafs Qazwini,NULL,NULL,al-Qazwīnī,NULL,0750,NULL,NULL,NULL,NULL,author,NULL,NULL,NULL,1,NULL,NULL,NULL,NULL,0750AbuHafsQazwini,OpenITI 2025.1.9
0750Anonymous,مؤلف مجهول,Anonymous,NULL,NULL,Muʾallif majhūl,NULL,0750,NULL,NULL,NULL,NULL,author,NULL,NULL,NULL,2,NULL,NULL,NULL,NULL,0750Anonymous,OpenITI 2025.1.9
0750HamdAllahMustawfi,NULL,Hamd Allah Mustawfi,NULL,NULL,NULL,NULL,0750,NULL,NULL,NULL,NULL,author,NULL,NULL,NULL,1,NULL,NULL,NULL,NULL,0750HamdAllahMustawfi,OpenITI 2025.1.9
0750IbnLuyunTujibi,ابن ليون,Ibn Luyun Tujibi,NULL,NULL,Ibn Luyūn,NULL,0750,NULL,NULL,NULL,NULL,author,NULL,NULL,NULL,1,NULL,NULL,NULL,NULL,0750IbnLuyunTujibi,OpenITI 2025.1.9
0750IbnQasimKilani,الكيلاني,Ibn Qasim Kilani,NULL,NULL,NULL,NULL,0750,NULL,NULL,NULL,NULL,author,NULL,NULL,NULL,1,NULL,NULL,NULL,NULL,0750IbnQasimKilani,OpenITI 2025.1.9
0750IbnTurkamani,ابن التركماني,Ibn Turkamani,NULL,NULL,NULL,NULL,0750,NULL,NULL,NULL,NULL,author,NULL,NULL,NULL,1,NULL,NULL,NULL,NULL,0750IbnTurkamani,OpenITI 2025.1.9
0750IbnYusufZarandi,جمال الدين محمد بن يوسف الزرندي الحنفي‏,Ibn Yusuf Zarandi,NULL,NULL,NULL,NULL,0750,NULL,NULL,NULL,NULL,author,NULL,NULL,NULL,2,NULL,NULL,NULL,NULL,0750IbnYusufZarandi,OpenITI 2025.1.9
0750IsmacilJaytali,اسماعيل الجيتلي,Ismacil Jaytali,NULL,NULL,Ismāʿīl al-Jaytalī,NULL,0750,NULL,NULL,NULL,NULL,author,NULL,NULL,NULL,5,NULL,NULL,NULL,NULL,0750IsmacilJaytali,OpenITI 2025.1.9
0750MahmudIbnCuthman,محمود بن عثمان,Mahmud Ibn Cuthman,NULL,NULL,Maḥmūd b. ʿUṯmān,NULL,0750,NULL,NULL,NULL,NULL,author,NULL,NULL,NULL,1,NULL,NULL,NULL,NULL,0750MahmudIbnCuthman,OpenITI 2025.1.9
0750PseudoIbnFuwati,ابن الفوطي الزائف,Pseudo Ibn Fuwati,NULL,NULL,Ibn al-Fuwaṭī al-zāʾif,NULL,0750,NULL,NULL,NULL,NULL,author,NULL,NULL,NULL,1,NULL,NULL,NULL,NULL,0750PseudoIbnFuwati,OpenITI 2025.1.9
0750SafiDinHilli,صفي الدين الحلي,Safi Din Hilli,NULL,NULL,NULL,NULL,0750,NULL,NULL,NULL,NULL,author,NULL,NULL,NULL,1,NULL,NULL,NULL,NULL,0750SafiDinHilli,OpenITI 2025.1.9
0750SafiKahhal,NULL,Safi Kahhal,NULL,NULL,NULL,NULL,0750,NULL,NULL,NULL,NULL,author,NULL,NULL,NULL,1,NULL,NULL,NULL,NULL,0750SafiKahhal,OpenITI 2025.1.9
0751IbnQayyimJawziyya,ابن القيم الجوزية,Ibn Qayyim Jawziyya,NULL,NULL,Ibn al-Qayyim al-Jawziyyaŧ,NULL,0751,NULL,NULL,NULL,NULL,author,NULL,NULL,NULL,44,NULL,NULL,NULL,NULL,0751IbnQayyimJawziyya,OpenITI 2025.1.9
0752AkhtasanDihlawi,NULL,Akhtasan Dihlawi,NULL,NULL,NULL,NULL,0752,NULL,NULL,NULL,NULL,author,NULL,NULL,NULL,1,NULL,NULL,NULL,NULL,0752AkhtasanDihlawi,OpenITI 2025.1.9
0753CizzDinJaldaki,عز الدين الجلدكي,Cizz Din Jaldaki,NULL,NULL,ʿIzz al-Dīn al-Ǧaldakī,NULL,0753,NULL,NULL,NULL,NULL,author,NULL,NULL,NULL,1,NULL,NULL,NULL,NULL,0753CizzDinJaldaki,OpenITI 2025.1.9
0755AbuFathSamiri,أبو الفتح السامري,Abu Fath Samiri,NULL,NULL,Abū al-Fatḥ al-Sāmirī,NULL,0755,NULL,NULL,NULL,NULL,author,NULL,NULL,NULL,1,NULL,NULL,NULL,NULL,0755AbuFathSamiri,OpenITI 2025.1.9
0755NajmDinZahdari,نجم الدين جعفر بن زهدري الحلي,Najm Din Zahdari,NULL,NULL,NULL,NULL,0755,NULL,NULL,NULL,NULL,author,NULL,NULL,NULL,1,NULL,NULL,NULL,NULL,0755NajmDinZahdari,OpenITI 2025.1.9
0756CadudDinIji,عضد الدين الإيجي,Cadud Din Iji,NULL,NULL,ʿAḍud al-Dīn al-Īǧī,NULL,0756,NULL,NULL,NULL,NULL,author,NULL,NULL,NULL,3,NULL,NULL,NULL,NULL,0756CadudDinIji,OpenITI 2025.1.9
0756IbnYusufSaminHalabi,أبو العباس، شهاب الدين، أحمد بن يوسف بن عبد الدائم المعروف بالسمين الحلبي (المتوفى: 756 ه),Ibn Yusuf Samin Halabi,NULL,NULL,NULL,NULL,0756,NULL,NULL,NULL,NULL,author,NULL,NULL,NULL,2,NULL,NULL,NULL,NULL,0756IbnYusufSaminHalabi,OpenITI 2025.1.9
0756TaqiDinSubki,تقي الدين السبكي,Taqi Din Subki,NULL,NULL,Taqī al-dīn al-Subkī,NULL,0756,NULL,NULL,NULL,NULL,author,NULL,NULL,NULL,11,NULL,NULL,NULL,NULL,0756TaqiDinSubki,OpenITI 2025.1.9
0758MaryamSittQudatHanbaliyya,مريم الحنبلية,Maryam Sitt Qudat Hanbaliyya,NULL,NULL,NULL,NULL,0758,NULL,NULL,NULL,NULL,author,NULL,NULL,NULL,1,NULL,NULL,NULL,NULL,0758MaryamSittQudatHanbaliyya,OpenITI 2025.1.9
0758NajmDinTarsusi,نجم الدين ابراهيم بن علي الطرسوسي,Najm Din Tarsusi,NULL,NULL,Naǧm al-Dīn Ibrāhīm b. ʿAlī al-Ṭarasūsī,NULL,0758,NULL,NULL,NULL,NULL,author,NULL,NULL,NULL,2,NULL,NULL,NULL,NULL,0758NajmDinTarsusi,OpenITI 2025.1.9
0759AbuCabdAllahMaqqari,المققري,Abu Cabd Allah Maqqari,NULL,NULL,al-Maqqarī,NULL,0759,NULL,NULL,NULL,NULL,author,NULL,NULL,NULL,2,NULL,NULL,NULL,NULL,0759AbuCabdAllahMaqqari,OpenITI 2025.1.9
0759MufaddalIbnAbiFadail,المفضل ابن أبي الفضائل,Mufaddal Ibn Abi Fadail,NULL,NULL,al-Mufaḍḍal Ibn abī al-Faḍāʾil,NULL,0759,NULL,NULL,NULL,NULL,author,NULL,NULL,NULL,1,NULL,NULL,NULL,NULL,0759MufaddalIbnAbiFadail,OpenITI 2025.1.9
0759Yusufi,اليوسفي,Yusufi,NULL,NULL,al-Yūsufī,NULL,0759,NULL,NULL,NULL,NULL,author,NULL,NULL,NULL,1,NULL,NULL,NULL,NULL,0759Yusufi,OpenITI 2025.1.9
0761IbnKaykaldiCalai,صلاح الدين العلائي,Ibn Kaykaldi Calai,NULL,NULL,NULL,NULL,0761,NULL,NULL,NULL,NULL,author,NULL,NULL,NULL,16,NULL,NULL,NULL,NULL,0761IbnKaykaldiCalai,OpenITI 2025.1.9
0761JamalDinIbnHisham,عبد الله بن يوسف بن أحمد بن عبد الله ابن يوسف، أبو محمد، جمال الدين، ابن هشام (المتوفى: 761هـ),Jamal Din Ibn Hisham,NULL,NULL,NULL,NULL,0761,NULL,NULL,NULL,NULL,author,NULL,NULL,NULL,12,NULL,NULL,NULL,NULL,0761JamalDinIbnHisham,OpenITI 2025.1.9
0761ShamsDinAflaki,NULL,Shams Din Aflaki,NULL,NULL,NULL,NULL,0761,NULL,NULL,NULL,NULL,author,NULL,NULL,NULL,1,NULL,NULL,NULL,NULL,0761ShamsDinAflaki,OpenITI 2025.1.9
0762IbnDurayhim,ابن الدريهم,Ibn Durayhim,NULL,NULL,Ibn al-Durayhim,NULL,0762,NULL,NULL,NULL,NULL,author,NULL,NULL,NULL,1,NULL,NULL,NULL,NULL,0762IbnDurayhim,OpenITI 2025.1.9
0762IbnYusufZaylaci,عبدالله بن يوسف أبو محمد الحنفي الزيلعي,Ibn Yusuf Zaylaci,NULL,NULL,NULL,NULL,0762,NULL,NULL,NULL,NULL,author,NULL,NULL,NULL,2,NULL,NULL,NULL,NULL,0762IbnYusufZaylaci,OpenITI 2025.1.9
0762MughultayIbnQilij,مغلطاي ابن قليج,Mughultay Ibn Qilij,NULL,NULL,Muġulṭāy ibn Qilīǧ,NULL,0762,NULL,NULL,NULL,NULL,author,NULL,NULL,NULL,7,NULL,NULL,NULL,NULL,0762MughultayIbnQilij,OpenITI 2025.1.9
0763IbnCaliShabanakarai,NULL,Ibn Cali Shabanakarai,NULL,NULL,NULL,NULL,0763,NULL,NULL,NULL,NULL,author,NULL,NULL,NULL,1,NULL,NULL,NULL,NULL,0763IbnCaliShabanakarai,OpenITI 2025.1.9
0763IbnHudhaylAndalusi,علي بن عبد الرحمن بن هذيل الفزاري الأندلسي (المتوفى: بعد 763هـ),Ibn Hudhayl Andalusi,NULL,NULL,NULL,NULL,0763,NULL,NULL,NULL,NULL,author,NULL,NULL,NULL,1,NULL,NULL,NULL,NULL,0763IbnHudhaylAndalusi,OpenITI 2025.1.9
0763IbnMuflihMaqdisi,الإمام أبي عبد الله محمد بن مفلح المقدسي,Ibn Muflih Maqdisi,NULL,NULL,NULL,NULL,0763,NULL,NULL,NULL,NULL,author,NULL,NULL,NULL,3,NULL,NULL,NULL,NULL,0763IbnMuflihMaqdisi,OpenITI 2025.1.9
0763IbnNaqqash,ابن النققاش,Ibn Naqqash,NULL,NULL,Ibn al-Naqqāš,NULL,0763,NULL,NULL,NULL,NULL,author,NULL,NULL,NULL,1,NULL,NULL,NULL,NULL,0763IbnNaqqash,OpenITI 2025.1.9
0763KhajuKirmani,كهواجو كرماني,Khaju Kirmani,NULL,NULL,Khwājū Kirmānī,NULL,0763,NULL,NULL,NULL,NULL,author,NULL,NULL,NULL,1,NULL,NULL,NULL,NULL,0763KhajuKirmani,OpenITI 2025.1.9
0764BahaDinIkhmimi,NULL,Baha Din Ikhmimi,NULL,NULL,NULL,NULL,0764,NULL,NULL,NULL,NULL,author,NULL,NULL,NULL,2,NULL,NULL,NULL,NULL,0764BahaDinIkhmimi,OpenITI 2025.1.9
0764IbnShakirKutubi,محمد بن شاكر بن أحمد الكتبي,Ibn Shakir Kutubi,NULL,NULL,NULL,NULL,0764,NULL,NULL,NULL,NULL,author,NULL,NULL,NULL,1,NULL,NULL,NULL,NULL,0764IbnShakirKutubi,OpenITI 2025.1.9
0764Safadi,الصفدي,Safadi,NULL,NULL,al-Ṣafadī,NULL,0764,NULL,NULL,NULL,NULL,author,NULL,NULL,NULL,11,NULL,NULL,NULL,NULL,0764Safadi,OpenITI 2025.1.9
0765AbuMahasinHusayni,شمس الدين أبو المحاسن محمد بن علي بن الحسن الحسيني,Abu Mahasin Husayni,NULL,NULL,NULL,NULL,0765,NULL,NULL,NULL,NULL,author,NULL,NULL,NULL,4,NULL,NULL,NULL,NULL,0765AbuMahasinHusayni,OpenITI 2025.1.9
0765MuhammadWafa,محمد وفا,Muhammad Wafa,NULL,NULL,Muḥammad Wafā,NULL,0765,NULL,NULL,NULL,NULL,author,NULL,NULL,NULL,1,NULL,NULL,NULL,NULL,0765MuhammadWafa,OpenITI 2025.1.9
0766QutbDinRazi,قطب الدين محمد بن محمد الرازي (المتوفى: 766ه),Qutb Din Razi,NULL,NULL,NULL,NULL,0766,NULL,NULL,NULL,NULL,author,NULL,NULL,NULL,1,NULL,NULL,NULL,NULL,0766QutbDinRazi,OpenITI 2025.1.9
0767BurhanDinIbnQayyim,البرهان ابن قيم الجوزية (المتوفى: 767 ه),Burhan Din Ibn Qayyim,NULL,NULL,NULL,NULL,0767,NULL,NULL,NULL,NULL,author,NULL,NULL,NULL,2,NULL,NULL,NULL,NULL,0767BurhanDinIbnQayyim,OpenITI 2025.1.9
0767CizzDinIbnJamaca,عز الدين بن جماعة الكتاني,Cizz Din Ibn Jamaca,NULL,NULL,NULL,NULL,0767,NULL,NULL,NULL,NULL,author,NULL,NULL,NULL,1,NULL,NULL,NULL,NULL,0767CizzDinIbnJamaca,OpenITI 2025.1.9
0767IbnCisaBalawi,أبو يزيد خالد بن عيسى بن أحمد خالد بن عيسى البلوي,Ibn Cisa Balawi,NULL,NULL,NULL,NULL,0767,NULL,NULL,NULL,NULL,author,NULL,NULL,NULL,1,NULL,NULL,NULL,NULL,0767IbnCisaBalawi,OpenITI 2025.1.9
0767KhalilIbnIshaq,خليل بن اسحاق,Khalil Ibn Ishaq,NULL,NULL,Ḫalīl b. Isḥāq,NULL,0767,NULL,NULL,NULL,NULL,author,NULL,NULL,NULL,2,NULL,NULL,NULL,NULL,0767KhalilIbnIshaq,OpenITI 2025.1.9
0768IbnMuhammadTaqiDinBaclabakki,تقي الدين محمد بن محمد بن عيسى البعلبكي (المتوفى: 768هـ),Ibn Muhammad Taqi Din Baclabakki,NULL,NULL,NULL,NULL,0768,NULL,NULL,NULL,NULL,author,NULL,NULL,NULL,1,NULL,NULL,NULL,NULL,0768IbnMuhammadTaqiDinBaclabakki,OpenITI 2025.1.9
0768IbnNubataShacir,ابن نباتة المصري,Ibn Nubata Shacir,NULL,NULL,NULL,NULL,0768,NULL,NULL,NULL,NULL,author,NULL,NULL,NULL,1,NULL,NULL,NULL,NULL,0768IbnNubataShacir,OpenITI 2025.1.9
0768IbrahimIbnCabdAllahIbnHajj,ابراهيم بن عبد الله ابن الحاج,Ibrahim Ibn Cabd Allah Ibn Hajj,NULL,NULL,Ibrāhīm b. ʿAbd Allāh Ibn al-Ḥājj,NULL,0768,NULL,NULL,NULL,NULL,author,NULL,NULL,NULL,1,NULL,NULL,NULL,NULL,0768IbrahimIbnCabdAllahIbnHajj,OpenITI 2025.1.9
0768Yafici,اليافعي,Yafici,NULL,NULL,al-Yāfiʿī,NULL,0768,NULL,NULL,NULL,NULL,author,NULL,NULL,NULL,5,NULL,NULL,NULL,NULL,0768Yafici,OpenITI 2025.1.9
0769IbnCabdAllahTaqiDinShibli,بدر الدين أبو عبد الله محمد بن عبد الله الشبلي الحنفي,Ibn Cabd Allah Taqi Din Shibli,NULL,NULL,NULL,NULL,0769,NULL,NULL,NULL,NULL,author,NULL,NULL,NULL,1,NULL,NULL,NULL,NULL,0769IbnCabdAllahTaqiDinShibli,OpenITI 2025.1.9
0769IbnCaqilBahaDinMisri,ابن عقيل,Ibn Caqil Baha Din Misri,NULL,NULL,NULL,NULL,0769,NULL,NULL,NULL,NULL,author,NULL,NULL,NULL,2,NULL,NULL,NULL,NULL,0769IbnCaqilBahaDinMisri,OpenITI 2025.1.9
0769IbnFarhunBadrDin,ابن فرحون، بدر الدين,Ibn Farhun Badr Din,NULL,NULL,NULL,NULL,0769,NULL,NULL,NULL,NULL,author,NULL,NULL,NULL,1,NULL,NULL,NULL,NULL,0769IbnFarhunBadrDin,OpenITI 2025.1.9
0769IbnLuluShihabDinIbnNaqibShafici,أحمد بن لؤلؤ بن عبد الله الرومي، أبو العباس، شهاب الدين ابن النقيب الشافعي (المتوفى: 769هـ),Ibn Lulu Shihab Din Ibn Naqib Shafici,NULL,NULL,NULL,NULL,0769,NULL,NULL,NULL,NULL,author,NULL,NULL,NULL,1,NULL,NULL,NULL,NULL,0769IbnLuluShihabDinIbnNaqibShafici,OpenITI 2025.1.9
0770IbnCabdMalikMurjani,عبد الله بن عبد الملك المرجاني,Ibn Cabd Malik Murjani,NULL,NULL,NULL,NULL,0770,NULL,NULL,NULL,NULL,author,NULL,NULL,NULL,1,NULL,NULL,NULL,NULL,0770IbnCabdMalikMurjani,OpenITI 2025.1.9
0770IbnCallamaHilli,ابن العلامة,Ibn Callama Hilli,NULL,NULL,NULL,NULL,0770,NULL,NULL,NULL,NULL,author,NULL,NULL,NULL,1,NULL,NULL,NULL,NULL,0770IbnCallamaHilli,OpenITI 2025.1.9
0770IbnMuhammadFayyumiHamawi,ابن محمد الفيومي الحموي,Ibn Muhammad Fayyumi Hamawi,NULL,NULL,Ibn Muḥammad al-Fayyūmī al-Ḥamawī,NULL,0770,NULL,NULL,NULL,NULL,author,NULL,NULL,NULL,1,NULL,NULL,NULL,NULL,0770IbnMuhammadFayyumiHamawi,OpenITI 2025.1.9
0771SharifTilimsani,أبو عبد الله محمد بن أحمد الحسني التلمساني (المتوفى: 771),Sharif Tilimsani,NULL,NULL,NULL,NULL,0771,NULL,NULL,NULL,NULL,author,NULL,NULL,NULL,2,NULL,NULL,NULL,NULL,0771SharifTilimsani,OpenITI 2025.1.9
0771TajDinSubki,السبكي,Taj Din Subki,NULL,NULL,al-Subkī,NULL,0771,NULL,NULL,NULL,NULL,author,NULL,NULL,NULL,8,NULL,NULL,NULL,NULL,0771TajDinSubki,OpenITI 2025.1.9
0772IbnHasanJamalDinIsnawi,عبد الرحيم بن الحسن بن علي الإسنوي الشافعي، أبو محمد، جمال الدين (المتوفى: 772ه),Ibn Hasan Jamal Din Isnawi,NULL,NULL,NULL,NULL,0772,NULL,NULL,NULL,NULL,author,NULL,NULL,NULL,7,NULL,NULL,NULL,NULL,0772IbnHasanJamalDinIsnawi,OpenITI 2025.1.9
0772ShamsDinHanbaliZarqashi,شمس الدين أبي عبد الله محمد بن عبد الله الزركشي المصري الحنبلي,Shams Din Hanbali Zarqashi,NULL,NULL,NULL,NULL,0772,NULL,NULL,NULL,NULL,author,NULL,NULL,NULL,1,NULL,NULL,NULL,NULL,0772ShamsDinHanbaliZarqashi,OpenITI 2025.1.9
0773BahaDinSubki,السبكي، بهاء الدين,Baha Din Subki,NULL,NULL,NULL,NULL,0773,NULL,NULL,NULL,NULL,author,NULL,NULL,NULL,1,NULL,NULL,NULL,NULL,0773BahaDinSubki,OpenITI 2025.1.9
0773IbnIshaqSirajDinGhaznawi,أبو حفص الغزنوي,Ibn Ishaq Siraj Din Ghaznawi,NULL,NULL,NULL,NULL,0773,NULL,NULL,NULL,NULL,author,NULL,NULL,NULL,1,NULL,NULL,NULL,NULL,0773IbnIshaqSirajDinGhaznawi,OpenITI 2025.1.9
0773IbnMusaRahuni,يحيى بن موسى الرهوني,Ibn Musa Rahuni,NULL,NULL,NULL,NULL,0773,NULL,NULL,NULL,NULL,author,NULL,NULL,NULL,1,NULL,NULL,NULL,NULL,0773IbnMusaRahuni,OpenITI 2025.1.9
0774CabdMajidTabrizi,عبد المجيد التبريزي,Cabd Majid Tabrizi,NULL,NULL,ʿAbd al-Maǧīd al-Tabrīzī,NULL,0774,NULL,NULL,NULL,NULL,author,NULL,NULL,NULL,1,NULL,NULL,NULL,NULL,0774CabdMajidTabrizi,OpenITI 2025.1.9
0774IbnKathir,ابن كثير,Ibn Kathir,NULL,NULL,Ibn Kaṯīr,NULL,0774,NULL,NULL,NULL,NULL,author,NULL,NULL,NULL,16,NULL,NULL,NULL,NULL,0774IbnKathir,OpenITI 2025.1.9
0774IbnMuhammadShamsDinIbnMawsili,محمد بن محمد بن عبد الكريم الموصلي الشافعي,Ibn Muhammad Shams Din Ibn Mawsili,NULL,NULL,NULL,NULL,0774,NULL,NULL,NULL,NULL,author,NULL,NULL,NULL,2,NULL,NULL,NULL,NULL,0774IbnMuhammadShamsDinIbnMawsili,OpenITI 2025.1.9
0774IbnRaficSallami,تقي الدين محمد بن هجرس بن رافع السلامي (المتوفى: 774هـ),Ibn Rafic Sallami,NULL,NULL,NULL,NULL,0774,NULL,NULL,NULL,NULL,author,NULL,NULL,NULL,2,NULL,NULL,NULL,NULL,0774IbnRaficSallami,OpenITI 2025.1.9
0775Anonymous,مؤلف مجهول,Anonymous,NULL,NULL,Muʾallif majhūl,NULL,0775,NULL,NULL,NULL,NULL,author,NULL,NULL,NULL,1,NULL,NULL,NULL,NULL,0775Anonymous,OpenITI 2025.1.9
0775CarifArdabili,NULL,Carif Ardabili,NULL,NULL,NULL,NULL,0775,NULL,NULL,NULL,NULL,author,NULL,NULL,NULL,1,NULL,NULL,NULL,NULL,0775CarifArdabili,OpenITI 2025.1.9
0775CubaydZakani,عبيد زاكاني,Cubayd Zakani,NULL,NULL,ʿUbayd Zākānī,NULL,0775,NULL,NULL,NULL,NULL,author,NULL,NULL,NULL,3,NULL,NULL,NULL,NULL,0775CubaydZakani,OpenITI 2025.1.9
0775IbnAbiWafa,ابن أبي الوفاء,Ibn Abi Wafa,NULL,NULL,Ibn Abī al-Wafāʾ,NULL,0775,NULL,NULL,NULL,NULL,author,NULL,NULL,NULL,2,NULL,NULL,NULL,NULL,0775IbnAbiWafa,OpenITI 2025.1.9
0776IbnAbiHajala,شهاب الدين أحمد بن أبي حجلة المغربي (المتوفى : 776هـ),Ibn Abi Hajala,NULL,NULL,NULL,NULL,0776,NULL,NULL,NULL,NULL,author,NULL,NULL,NULL,1,NULL,NULL,NULL,NULL,0776IbnAbiHajala,OpenITI 2025.1.9
0776JamalDinSurramarri,جمال الدين السرمري,Jamal Din Surramarri,NULL,NULL,Ǧamāl al-dīn al-Surramarrī,NULL,0776,NULL,NULL,NULL,NULL,author,NULL,NULL,NULL,4,NULL,NULL,NULL,NULL,0776JamalDinSurramarri,OpenITI 2025.1.9
0776LisanDinIbnKhatib,لسان الدين الخطيب,Lisan Din Ibn Khatib,NULL,NULL,NULL,NULL,0776,NULL,NULL,NULL,NULL,author,NULL,NULL,NULL,8,NULL,NULL,NULL,NULL,0776LisanDinIbnKhatib,OpenITI 2025.1.9
0776MuhammadIbnHasanWasiti,محمد بن الحسن الواسطي,Muhammad Ibn Hasan Wasiti,NULL,NULL,Muḥammad b. al-Ḥasan al-Wāsiṭī,NULL,0776,NULL,NULL,NULL,NULL,author,NULL,NULL,NULL,1,NULL,NULL,NULL,NULL,0776MuhammadIbnHasanWasiti,OpenITI 2025.1.9
0778AbuHafsMaraghi,أبو حفص عمر بن حسن بن مزيد بن أميلة بن جمعة المراغي المزي الدمشقي زين الدين (المتوفى: 778هـ),Abu Hafs Maraghi,NULL,NULL,NULL,NULL,0778,NULL,NULL,NULL,NULL,author,NULL,NULL,NULL,1,NULL,NULL,NULL,NULL,0778AbuHafsMaraghi,OpenITI 2025.1.9
0778BadrDinBacli,محمد بن علي بن أحمد بن عمر بن يعلى، أبو عبد الله، بدر الدين البعلي (المتوفى: 778هـ),Badr Din Bacli,NULL,NULL,NULL,NULL,0778,NULL,NULL,NULL,NULL,author,NULL,NULL,NULL,5,NULL,NULL,NULL,NULL,0778BadrDinBacli,OpenITI 2025.1.9
0778IbnMangli,ابن منگلي,Ibn Mangli,NULL,NULL,Ibn Manglī,NULL,0778,NULL,NULL,NULL,NULL,author,NULL,NULL,NULL,1,NULL,NULL,NULL,NULL,0778IbnMangli,OpenITI 2025.1.9
0778NazirJaysh,محمد بن يوسف بن أحمد، محب الدين الحلبي ثم المصري، المعروف بناظر الجيش (المتوفى: 778 ه),Nazir Jaysh,NULL,NULL,NULL,NULL,0778,NULL,NULL,NULL,NULL,author,NULL,NULL,NULL,1,NULL,NULL,NULL,NULL,0778NazirJaysh,OpenITI 2025.1.9
0778SalmanSawaji,سلمان ساوجي,Salman Sawaji,NULL,NULL,Salmān Sāwajī,NULL,0778,NULL,NULL,NULL,NULL,author,NULL,NULL,NULL,3,NULL,NULL,NULL,NULL,0778SalmanSawaji,OpenITI 2025.1.9
0779IbnBattuta,محمد بن عبد الله بن محمد اللواتي أبو عبد الله,Ibn Battuta,NULL,NULL,NULL,NULL,0779,NULL,NULL,NULL,NULL,author,NULL,NULL,NULL,1,NULL,NULL,NULL,NULL,0779IbnBattuta,OpenITI 2025.1.9
0779IbnBazzazArdabili,NULL,Ibn Bazzaz Ardabili,NULL,NULL,NULL,NULL,0779,NULL,NULL,NULL,NULL,author,NULL,NULL,NULL,1,NULL,NULL,NULL,NULL,0779IbnBazzazArdabili,OpenITI 2025.1.9
0779IbnHabibHalabi,الإمام المؤرخ الأديب الحسن بن عمر بن حبيب,Ibn Habib Halabi,NULL,NULL,NULL,NULL,0779,NULL,NULL,NULL,NULL,author,NULL,NULL,NULL,2,NULL,NULL,NULL,NULL,0779IbnHabibHalabi,OpenITI 2025.1.9
0779IbnYusufAndalusiGharnati,أحمد بن يوسف بن مالك الرعيني الغرناطي ثم البيري، أبو جعفر الأندلسي (المتوفى: 779هـ),Ibn Yusuf Andalusi Gharnati,NULL,NULL,NULL,NULL,0779,NULL,NULL,NULL,NULL,author,NULL,NULL,NULL,2,NULL,NULL,NULL,NULL,0779IbnYusufAndalusiGharnati,OpenITI 2025.1.9
0780IbnHasanQurashi,العلامة الكبير يحيى بن الحسن القرشي,Ibn Hasan Qurashi,NULL,NULL,NULL,NULL,0780,NULL,NULL,NULL,NULL,author,NULL,NULL,NULL,1,NULL,NULL,NULL,NULL,0780IbnHasanQurashi,OpenITI 2025.1.9
0780IbnJabirAndalusi,أبو عبد الله شمس الدين محمد بن أحمد بن علي بن جابر الأندلسي الهواري المالكي (المتوفى: 780ه),Ibn Jabir Andalusi,NULL,NULL,NULL,NULL,0780,NULL,NULL,NULL,NULL,author,NULL,NULL,NULL,1,NULL,NULL,NULL,NULL,0780IbnJabirAndalusi,OpenITI 2025.1.9
0782Balansi,البلنسي,Balansi,NULL,NULL,al-Balansī,NULL,0782,NULL,NULL,NULL,NULL,author,NULL,NULL,NULL,1,NULL,NULL,NULL,NULL,0782Balansi,OpenITI 2025.1.9
0782IbnSallar,عبد الوهاب بن يوسف بن إبراهيم، ابن السلار الشافعي (المتوفى: 782هـ),Ibn Sallar,NULL,NULL,NULL,NULL,0782,NULL,NULL,NULL,NULL,author,NULL,NULL,NULL,1,NULL,NULL,NULL,NULL,0782IbnSallar,OpenITI 2025.1.9
0783IbnHadida,ابن حديدة,Ibn Hadida,NULL,NULL,NULL,NULL,0783,NULL,NULL,NULL,NULL,author,NULL,NULL,NULL,1,NULL,NULL,NULL,NULL,0783IbnHadida,OpenITI 2025.1.9
0783IbnMajidMaqdisi,يوسف بن ماجد بن أبي المجد المقدسي الحنبلي,Ibn Majid Maqdisi,NULL,NULL,NULL,NULL,0783,NULL,NULL,NULL,NULL,author,NULL,NULL,NULL,1,NULL,NULL,NULL,NULL,0783IbnMajidMaqdisi,OpenITI 2025.1.9
0784IbnMahmudJalalDinQahiri,جلال الدين، محمد بن محمود بن منكلي بوغا القاهري (المتوفى: 784هـ),Ibn Mahmud Jalal Din Qahiri,NULL,NULL,NULL,NULL,0784,NULL,NULL,NULL,NULL,author,NULL,NULL,NULL,1,NULL,NULL,NULL,NULL,0784IbnMahmudJalalDinQahiri,OpenITI 2025.1.9
0785IbnMuhammadShamsDinManbiji,أبي عبد الله محمد بن محمد بن محمد المنبجي الحنبلي,Ibn Muhammad Shams Din Manbiji,NULL,NULL,NULL,NULL,0785,NULL,NULL,NULL,NULL,author,NULL,NULL,NULL,1,NULL,NULL,NULL,NULL,0785IbnMuhammadShamsDinManbiji,OpenITI 2025.1.9
0786IbnCabdRahmanJamalDinHubayshi,ابن عبد الرحمن جمال الدين الحبيشي,Ibn Cabd Rahman Jamal Din Hubayshi,NULL,NULL,Ibn ʿAbd al-Raḥmãn Jamāl al-Dīn al-Ḥubayšī,NULL,0786,NULL,NULL,NULL,NULL,author,NULL,NULL,NULL,2,NULL,NULL,NULL,NULL,0786IbnCabdRahmanJamalDinHubayshi,OpenITI 2025.1.9
0786IbnMuhammadBabarti,محمد بن محمد البابرتي (المتوفى : 786هـ),Ibn Muhammad Babarti,NULL,NULL,NULL,NULL,0786,NULL,NULL,NULL,NULL,author,NULL,NULL,NULL,3,NULL,NULL,NULL,NULL,0786IbnMuhammadBabarti,OpenITI 2025.1.9
0786ShahidAwwal,الشهيد الأول,Shahid Awwal,NULL,NULL,NULL,NULL,0786,NULL,NULL,NULL,NULL,author,NULL,NULL,NULL,11,NULL,NULL,NULL,NULL,0786ShahidAwwal,OpenITI 2025.1.9
0786ShamsDinKirmani,الكرماني، شمس الدين,Shams Din Kirmani,NULL,NULL,NULL,NULL,0786,NULL,NULL,NULL,NULL,author,NULL,NULL,NULL,2,NULL,NULL,NULL,NULL,0786ShamsDinKirmani,OpenITI 2025.1.9
0787ShamsMunshiNakhjawani,NULL,Shams Munshi Nakhjawani,NULL,NULL,NULL,NULL,0787,NULL,NULL,NULL,NULL,author,NULL,NULL,NULL,1,NULL,NULL,NULL,NULL,0787ShamsMunshiNakhjawani,OpenITI 2025.1.9
0789Anonymous,NULL,Anonymous,NULL,NULL,NULL,NULL,0789,NULL,NULL,NULL,NULL,author,NULL,NULL,NULL,1,NULL,NULL,NULL,NULL,0789Anonymous,OpenITI 2025.1.9
0789IbnMuhammadKhuzaci,علي بن محمود بن سعود الخزاعي أبو الحسن,Ibn Muhammad Khuzaci,NULL,NULL,NULL,NULL,0789,NULL,NULL,NULL,NULL,author,NULL,NULL,NULL,1,NULL,NULL,NULL,NULL,0789IbnMuhammadKhuzaci,OpenITI 2025.1.9
0789IbnMuhibbSamit,شمس الدين ابن المحب الصامت (712 ه - 789 ه),Ibn Muhibb Samit,NULL,NULL,NULL,NULL,0789,NULL,NULL,NULL,NULL,author,NULL,NULL,NULL,1,NULL,NULL,NULL,NULL,0789IbnMuhibbSamit,OpenITI 2025.1.9
0790IbnMusaGharnatiShatibi,ابراهيم بن موسى الغرناطي الشاطبي,Ibn Musa Gharnati Shatibi,NULL,NULL,Ibrāhīm b. Mūsá al-Ġarnāṭī al-Šāṭibī,NULL,0790,NULL,NULL,NULL,NULL,author,NULL,NULL,NULL,4,NULL,NULL,NULL,NULL,0790IbnMusaGharnatiShatibi,OpenITI 2025.1.9
0791IbnCumarHalabiHamawi,أحمد بن عمر بن محمد بن أبي الرضا الحموي أبو العباس,Ibn Cumar Halabi Hamawi,NULL,NULL,NULL,NULL,0791,NULL,NULL,NULL,NULL,author,NULL,NULL,NULL,1,NULL,NULL,NULL,NULL,0791IbnCumarHalabiHamawi,OpenITI 2025.1.9
0792AbuSakinCamirShammakhi,أبو سكين عامر الشماخي,Abu Sakin Camir Shammakhi,NULL,NULL,Abū Sakīn ʿĀmir al-Šammāḫī,NULL,0792,NULL,NULL,NULL,NULL,author,NULL,NULL,NULL,2,NULL,NULL,NULL,NULL,0792AbuSakinCamirShammakhi,OpenITI 2025.1.9
0792Hafiz,شمس الدين محمد حافظ شيرازي,Hafiz,NULL,NULL,Šams al-Dīn Muḥammad Ḥāfiẓ Šīrāzī,NULL,0792,NULL,NULL,NULL,NULL,author,NULL,NULL,NULL,4,NULL,NULL,NULL,NULL,0792Hafiz,OpenITI 2025.1.9
0792IbnCabdAllahRimiSardafi,محمد بن عبد الله بن أبي بكر الحثيثي الصردفي الريمي، جمال الدين (المتوفى: 792هـ),Ibn Cabd Allah Rimi Sardafi,NULL,NULL,NULL,NULL,0792,NULL,NULL,NULL,NULL,author,NULL,NULL,NULL,1,NULL,NULL,NULL,NULL,0792IbnCabdAllahRimiSardafi,OpenITI 2025.1.9
0792IbnCumarTaftazani,سعد الدين مسعود بن عمر بن عبد الله التفتازاني الشافعي,Ibn Cumar Taftazani,NULL,NULL,NULL,NULL,0792,NULL,NULL,NULL,NULL,author,NULL,NULL,NULL,4,NULL,NULL,NULL,NULL,0792IbnCumarTaftazani,OpenITI 2025.1.9
0792SadrDinIbnAbiCizzAdhraci,ابن أبي العز الحنفي,Sadr Din Ibn Abi Cizz Adhraci,NULL,NULL,NULL,NULL,0792,NULL,NULL,NULL,NULL,author,NULL,NULL,NULL,4,NULL,NULL,NULL,NULL,0792SadrDinIbnAbiCizzAdhraci,OpenITI 2025.1.9
0793AbuHasanMalaqi,النباهي,Abu Hasan Malaqi,NULL,NULL,NULL,NULL,0793,NULL,NULL,NULL,NULL,author,NULL,NULL,NULL,1,NULL,NULL,NULL,NULL,0793AbuHasanMalaqi,OpenITI 2025.1.9
0793IbrahimIbnMahdi,ابراهيم بن المهدي,Ibrahim Ibn Mahdi,NULL,NULL,Ibrāhīm b. al-Mahdī,NULL,0793,NULL,NULL,NULL,NULL,author,NULL,NULL,NULL,1,NULL,NULL,NULL,NULL,0793IbrahimIbnMahdi,OpenITI 2025.1.9
0794BadrDinZarkashi,بدر الدين الزركشي,Badr Din Zarkashi,NULL,NULL,Badr al-Dīn al-Zarkašī,NULL,0794,NULL,NULL,NULL,NULL,author,NULL,NULL,NULL,15,NULL,NULL,NULL,NULL,0794BadrDinZarkashi,OpenITI 2025.1.9
0795HaydarShirazi,هيدر الشيرازي,Haydar Shirazi,NULL,NULL,Haydar al-Šīrāzī,NULL,0795,NULL,NULL,NULL,NULL,author,NULL,NULL,NULL,1,NULL,NULL,NULL,NULL,0795HaydarShirazi,OpenITI 2025.1.9
0795IbnRajabHanbali,زين الدين أبو الفرج عبد الرحمان بن أحمد بن رجب عبد الرحمان بن الحسن بن محمد بن أبي البركات مسعود البغدادي السلامي الدمشقي,Ibn Rajab Hanbali,NULL,NULL,NULL,NULL,0795,NULL,NULL,NULL,NULL,author,NULL,NULL,NULL,29,NULL,NULL,NULL,NULL,0795IbnRajabHanbali,OpenITI 2025.1.9
0795IbnZumruq,ابن زمرك,Ibn Zumruq,NULL,NULL,NULL,NULL,0795,NULL,NULL,NULL,NULL,author,NULL,NULL,NULL,1,NULL,NULL,NULL,NULL,0795IbnZumruq,OpenITI 2025.1.9
0797AbuBakrMawsili,الموصلي، أبو بكر,Abu Bakr Mawsili,NULL,NULL,NULL,NULL,0797,NULL,NULL,NULL,NULL,author,NULL,NULL,NULL,1,NULL,NULL,NULL,NULL,0797AbuBakrMawsili,OpenITI 2025.1.9
0797IbnBintMaylaq,محمد بن عبد الدائم ابن بنت الميلق,Ibn Bint Maylaq,NULL,NULL,Muḥammad b. ʿAbd al-Dāʾim Ibn Bint al-Maylaq,NULL,0797,NULL,NULL,NULL,NULL,author,NULL,NULL,NULL,1,NULL,NULL,NULL,NULL,0797IbnBintMaylaq,OpenITI 2025.1.9
0797IbnCaquli,محمد بن محمد عاقولي,Ibn Caquli,NULL,NULL,NULL,NULL,0797,NULL,NULL,NULL,NULL,author,NULL,NULL,NULL,2,NULL,NULL,NULL,NULL,0797IbnCaquli,OpenITI 2025.1.9
0799IbnFarhun,ابن فرحون,Ibn Farhun,NULL,NULL,Ibn Farḥūn,NULL,0799,NULL,NULL,NULL,NULL,author,NULL,NULL,NULL,3,NULL,NULL,NULL,NULL,0799IbnFarhun,OpenITI 2025.1.9
0799IbnShaykha,عبد الرحمن بن أحمد بن مبارك بن حماد بن تركي الغزي الشيخ الزاهد زين الدين أبو الفرج المعروف بابن الشيخة المصري الحسيني (المتوفى: 799ه),Ibn Shaykha,NULL,NULL,NULL,NULL,0799,NULL,NULL,NULL,NULL,author,NULL,NULL,NULL,2,NULL,NULL,NULL,NULL,0799IbnShaykha,OpenITI 2025.1.9
0800AbuHafsCamrIbnJamic,أبو حفص عمرو بن جميع,Abu Hafs Camr Ibn Jamic,NULL,NULL,NULL,NULL,0800,NULL,NULL,NULL,NULL,author,NULL,NULL,NULL,1,NULL,NULL,NULL,NULL,0800AbuHafsCamrIbnJamic,OpenITI 2025.1.9
0800AhmadIbnUghuzDanishmandAqshahri,NULL,Ahmad Ibn Ughuz Danishmand Aqshahri,NULL,NULL,NULL,NULL,0800,NULL,NULL,NULL,NULL,author,NULL,NULL,NULL,1,NULL,NULL,NULL,NULL,0800AhmadIbnUghuzDanishmandAqshahri,OpenITI 2025.1.9
0800Anonymous,مؤلف مجهول,Anonymous,NULL,NULL,Muʾallif majhūl,NULL,0800,NULL,NULL,NULL,NULL,author,NULL,NULL,NULL,1,NULL,NULL,NULL,NULL,0800Anonymous,OpenITI 2025.1.9
0800CabdHaqqMaghribiSabti,أبو محمد عبد الحق الإسلامي المغربي السبتي (المتوفى: ق 8 هـ),Cabd Haqq Maghribi Sabti,NULL,NULL,NULL,NULL,0800,NULL,NULL,NULL,NULL,author,NULL,NULL,NULL,1,NULL,NULL,NULL,NULL,0800CabdHaqqMaghribiSabti,OpenITI 2025.1.9
0800CabdRahimTabib,عبد الرحيم الطبيب,Cabd Rahim Tabib,NULL,NULL,NULL,NULL,0800,NULL,NULL,NULL,NULL,author,NULL,NULL,NULL,1,NULL,NULL,NULL,NULL,0800CabdRahimTabib,OpenITI 2025.1.9
0800IbnAbiHasanDaylami,الديلمي,Ibn Abi Hasan Daylami,NULL,NULL,NULL,NULL,0800,NULL,NULL,NULL,NULL,author,NULL,NULL,NULL,3,NULL,NULL,NULL,NULL,0800IbnAbiHasanDaylami,OpenITI 2025.1.9
0800IbnAhmadAbuCabdAllahSalimi,أبو عبد الله السالمي,Ibn Ahmad Abu Cabd Allah Salimi,NULL,NULL,NULL,NULL,0800,NULL,NULL,NULL,NULL,author,NULL,NULL,NULL,1,NULL,NULL,NULL,NULL,0800IbnAhmadAbuCabdAllahSalimi,OpenITI 2025.1.9
0800IbnCabdRahmanCuthmani,محمد بن عبد الرحمان الحسيني العثماني,Ibn Cabd Rahman Cuthmani,NULL,NULL,NULL,NULL,0800,NULL,NULL,NULL,NULL,author,NULL,NULL,NULL,1,NULL,NULL,NULL,NULL,0800IbnCabdRahmanCuthmani,OpenITI 2025.1.9
0800IbnCaliYamaniZabidi,أبو بكر بن علي بن محمد الحدادي العبادي اليمني - الزبيدي (المتوفى : 800هـ),Ibn Cali Yamani Zabidi,NULL,NULL,NULL,NULL,0800,NULL,NULL,NULL,NULL,author,NULL,NULL,NULL,1,NULL,NULL,NULL,NULL,0800IbnCaliYamaniZabidi,OpenITI 2025.1.9
0800IbnSulaymanCizzDinHilli,حسن بن سليمان الحلي,Ibn Sulayman Cizz Din Hilli,NULL,NULL,NULL,NULL,0800,NULL,NULL,NULL,NULL,author,NULL,NULL,NULL,1,NULL,NULL,NULL,NULL,0800IbnSulaymanCizzDinHilli,OpenITI 2025.1.9
0800KhalifaNaysaburi,أبو عبد الله الحاكم محمد بن عبد الله بن محمد بن حمدويه بن نعيم بن الحكم الضبي الطهماني النيسابوري المعروف بابن البيع (المتوفى: 405هـ),Khalifa Naysaburi,NULL,NULL,NULL,NULL,0800,NULL,NULL,NULL,NULL,author,NULL,NULL,NULL,1,NULL,NULL,NULL,NULL,0800KhalifaNaysaburi,OpenITI 2025.1.9
0801CabdLatifIbnMalak,عبد اللطيف بن ملك,Cabd Latif Ibn Malak,NULL,NULL,NULL,NULL,0801,NULL,NULL,NULL,NULL,author,NULL,NULL,NULL,1,NULL,NULL,NULL,NULL,0801CabdLatifIbnMalak,OpenITI 2025.1.9
0801IbnCuthmanIbnQasihBaghdadiCudhri,أبو القاسم (أو أبو البقاء) علي بن عثمان بن محمد بن أحمد بن الحسن المعروف بابن القاصح العذري البغدادي ثم المصري الشافعي المقرئ (المتوفى: 801هـ),Ibn Cuthman Ibn Qasih Baghdadi Cudhri,NULL,NULL,NULL,NULL,0801,NULL,NULL,NULL,NULL,author,NULL,NULL,NULL,1,NULL,NULL,NULL,NULL,0801IbnCuthmanIbnQasihBaghdadiCudhri,OpenITI 2025.1.9
0802IbnMusaAbnasi,برهان الدين الأبناسي,Ibn Musa Abnasi,NULL,NULL,NULL,NULL,0802,NULL,NULL,NULL,NULL,author,NULL,NULL,NULL,1,NULL,NULL,NULL,NULL,0802IbnMusaAbnasi,OpenITI 2025.1.9
0803BahaDinNiliNajafi,علي بن عبد الكريم النيلي,Baha Din Nili Najafi,NULL,NULL,NULL,NULL,0803,NULL,NULL,NULL,NULL,author,NULL,NULL,NULL,2,NULL,NULL,NULL,NULL,0803BahaDinNiliNajafi,OpenITI 2025.1.9
0803IbnCarafaWarghami,محمد بن محمد ابن عرفة الورغمي التونسي المالكي ، أبو عبد الله (المتوفى : 803هـ),Ibn Carafa Warghami,NULL,NULL,NULL,NULL,0803,NULL,NULL,NULL,NULL,author,NULL,NULL,NULL,3,NULL,NULL,NULL,NULL,0803IbnCarafaWarghami,OpenITI 2025.1.9
0803IbnLahhamCalaDinBacli,ابن اللحام,Ibn Lahham Cala Din Bacli,NULL,NULL,NULL,NULL,0803,NULL,NULL,NULL,NULL,author,NULL,NULL,NULL,3,NULL,NULL,NULL,NULL,0803IbnLahhamCalaDinBacli,OpenITI 2025.1.9
0803IbnMusaJamalDinMalati,أبو المحاسن يوسف بن موسى الحنفي,Ibn Musa Jamal Din Malati,NULL,NULL,NULL,NULL,0803,NULL,NULL,NULL,NULL,author,NULL,NULL,NULL,1,NULL,NULL,NULL,NULL,0803IbnMusaJamalDinMalati,OpenITI 2025.1.9
0803MalikAshrafIsmacilRasuli,الملك الأشرف إسماعيل بن العباس الغساني (المتوفى:803ه),Malik Ashraf Ismacil Rasuli,NULL,NULL,NULL,NULL,0803,NULL,NULL,NULL,NULL,author,NULL,NULL,NULL,1,NULL,NULL,NULL,NULL,0803MalikAshrafIsmacilRasuli,OpenITI 2025.1.9
0803NasirDinIbnZurayq,محمد بن عبد الرحمن بن محمد بن أحمد بن التقي سليمان بن حمزة المقدسي ثم الصالحي ناصر الدين المعروف بابن زريق (المتوفى: 803ه),Nasir Din Ibn Zurayq,NULL,NULL,NULL,NULL,0803,NULL,NULL,NULL,NULL,author,NULL,NULL,NULL,1,NULL,NULL,NULL,NULL,0803NasirDinIbnZurayq,OpenITI 2025.1.9
0803SadrDinMunawi,المناوي، صدر الدين,Sadr Din Munawi,NULL,NULL,NULL,NULL,0803,NULL,NULL,NULL,NULL,author,NULL,NULL,NULL,1,NULL,NULL,NULL,NULL,0803SadrDinMunawi,OpenITI 2025.1.9
0804IbnMulaqqin,سراج الدين أبو حفص عمر بن علي الأنصاري المعروف ب ابن الملقن (المتوفى: 804 ه),Ibn Mulaqqin,NULL,NULL,NULL,NULL,0804,NULL,NULL,NULL,NULL,author,NULL,NULL,NULL,16,NULL,NULL,NULL,NULL,0804IbnMulaqqin,OpenITI 2025.1.9
0805BahramDamiri,الدميري، بهرام,Bahram Damiri,NULL,NULL,NULL,NULL,0805,NULL,NULL,NULL,NULL,author,NULL,NULL,NULL,2,NULL,NULL,NULL,NULL,0805BahramDamiri,OpenITI 2025.1.9
0805CabdKarimJili,عبد الكريم بن ابراهيم الجيلي,Cabd Karim Jili,NULL,NULL,ʿAbd al-Karīm b. Ibrāhīm al-Jīlī,NULL,0805,NULL,NULL,NULL,NULL,author,NULL,NULL,NULL,1,NULL,NULL,NULL,NULL,0805CabdKarimJili,OpenITI 2025.1.9
0805SirajDinBulqini,البلقيني، سراج الدين,Siraj Din Bulqini,NULL,NULL,NULL,NULL,0805,NULL,NULL,NULL,NULL,author,NULL,NULL,NULL,4,NULL,NULL,NULL,NULL,0805SirajDinBulqini,OpenITI 2025.1.9
0806IbnHusaynZaynDinCiraqi,زين الدين العراقي,Ibn Husayn Zayn Din Ciraqi,NULL,NULL,Zayn al-Dīn al-ʿIrāqī,NULL,0806,NULL,NULL,NULL,NULL,author,NULL,NULL,NULL,18,NULL,NULL,NULL,NULL,0806IbnHusaynZaynDinCiraqi,OpenITI 2025.1.9
0807IbnAhmarKhazraji,إسماعيل بن يوسف بن محمد بن نصر الخزرجي الأنصاري النصري، أبو الوليد، المعروف بابن الأحمر (المتوفى: 807ه),Ibn Ahmar Khazraji,NULL,NULL,NULL,NULL,0807,NULL,NULL,NULL,NULL,author,NULL,NULL,NULL,2,NULL,NULL,NULL,NULL,0807IbnAhmarKhazraji,OpenITI 2025.1.9
0807IbnFurat,ابن الفرات,Ibn Furat,NULL,NULL,Ibn al-Furāt,NULL,0807,NULL,NULL,NULL,NULL,author,NULL,NULL,NULL,1,NULL,NULL,NULL,NULL,0807IbnFurat,OpenITI 2025.1.9
0807Makkudi,أبو زيد عبد الرحمن بن علي بن صالح المكودي (المتوفى: 807 ه),Makkudi,NULL,NULL,NULL,NULL,0807,NULL,NULL,NULL,NULL,author,NULL,NULL,NULL,1,NULL,NULL,NULL,NULL,0807Makkudi,OpenITI 2025.1.9
0807NurDinHaythami,أبو الحسن نور الدين علي بن أبي بكر بن سليمان الهيثمي,Nur Din Haythami,NULL,NULL,NULL,NULL,0807,NULL,NULL,NULL,NULL,author,NULL,NULL,NULL,6,NULL,NULL,NULL,NULL,0807NurDinHaythami,OpenITI 2025.1.9
0808IbnCimadDinShihabDinAqfahsi,أحمد بن عماد الدين الأقفهسي (المتوفى : 808هـ),Ibn Cimad Din Shihab Din Aqfahsi,NULL,NULL,NULL,NULL,0808,NULL,NULL,NULL,NULL,author,NULL,NULL,NULL,2,NULL,NULL,NULL,NULL,0808IbnCimadDinShihabDinAqfahsi,OpenITI 2025.1.9
0808IbnKhaldun,ابن خلدون,Ibn Khaldun,NULL,NULL,Ibn Ḫaldūn,NULL,0808,NULL,NULL,NULL,NULL,author,NULL,NULL,NULL,3,NULL,NULL,NULL,NULL,0808IbnKhaldun,OpenITI 2025.1.9
0808MuhammadDamiri,كمال الدين محمد بن موسى بن عيسى الدميري,Muhammad Damiri,NULL,NULL,NULL,NULL,0808,NULL,NULL,NULL,NULL,author,NULL,NULL,NULL,3,NULL,NULL,NULL,NULL,0808MuhammadDamiri,OpenITI 2025.1.9
0809IbnDuqmaq,صارم الدين إبراهيم بن محمد بن أيدمر العلائي القاهري الملقب بابن دقماق (المتوفى: 809 ه),Ibn Duqmaq,NULL,NULL,NULL,NULL,0809,NULL,NULL,NULL,NULL,author,NULL,NULL,NULL,1,NULL,NULL,NULL,NULL,0809IbnDuqmaq,OpenITI 2025.1.9
0809IbnIlyasShirazi,ابن الياس الشيرازي,Ibn Ilyas Shirazi,NULL,NULL,Ibn Ilyās al-Šīrāzī,NULL,0809,NULL,NULL,NULL,NULL,author,NULL,NULL,NULL,1,NULL,NULL,NULL,NULL,0809IbnIlyasShirazi,OpenITI 2025.1.9
0809IbnQunfudh,أبي العباس أحمد بن حسن بن علي بن الخطيب,Ibn Qunfudh,NULL,NULL,NULL,NULL,0809,NULL,NULL,NULL,NULL,author,NULL,NULL,NULL,2,NULL,NULL,NULL,NULL,0809IbnQunfudh,OpenITI 2025.1.9
0810IbnHadi,عبد الله بن الهادي بن يحيى بن حمزة,Ibn Hadi,NULL,NULL,NULL,NULL,0810,NULL,NULL,NULL,NULL,author,NULL,NULL,NULL,1,NULL,NULL,NULL,NULL,0810IbnHadi,OpenITI 2025.1.9
0812CaliKhazraji,علي بن الحسن بن أبي بكر بن الحسن ابن وهاس الخزرجي الزبيدي، أبو الحسن موفق الدين (المتوفى: 812هـ),Cali Khazraji,NULL,NULL,NULL,NULL,0812,NULL,NULL,NULL,NULL,author,NULL,NULL,NULL,1,NULL,NULL,NULL,NULL,0812CaliKhazraji,OpenITI 2025.1.9
0813QattanCasqalani,محمد بن علي القطان العسقلاني,Qattan Casqalani,NULL,NULL,NULL,NULL,0813,NULL,NULL,NULL,NULL,author,NULL,NULL,NULL,2,NULL,NULL,NULL,NULL,0813QattanCasqalani,OpenITI 2025.1.9
0813RajabIbnMuhammadBursi,حافظ رجب البرسي‏,Rajab Ibn Muhammad Bursi,NULL,NULL,NULL,NULL,0813,NULL,NULL,NULL,NULL,author,NULL,NULL,NULL,1,NULL,NULL,NULL,NULL,0813RajabIbnMuhammadBursi,OpenITI 2025.1.9
0814IbnNahhas,ابن النحاس,Ibn Nahhas,NULL,NULL,Ibn al-Naḥḥās,NULL,0814,NULL,NULL,NULL,NULL,author,NULL,NULL,NULL,2,NULL,NULL,NULL,NULL,0814IbnNahhas,OpenITI 2025.1.9
0814IbnZayyat,ابن الزياط,Ibn Zayyat,NULL,NULL,Ibn al-Zayyāṭ,NULL,0814,NULL,NULL,NULL,NULL,author,NULL,NULL,NULL,1,NULL,NULL,NULL,NULL,0814IbnZayyat,OpenITI 2025.1.9
0815Ghuzuli,الغزلي,Ghuzuli,NULL,NULL,al-Ġuzulī,NULL,0815,NULL,NULL,NULL,NULL,author,NULL,NULL,NULL,1,NULL,NULL,NULL,NULL,0815Ghuzuli,OpenITI 2025.1.9
0815IbnMuhammadShihabDinIbnHaim,الهائم الشافعي,Ibn Muhammad Shihab Din Ibn Haim,NULL,NULL,NULL,NULL,0815,NULL,NULL,NULL,NULL,author,NULL,NULL,NULL,1,NULL,NULL,NULL,NULL,0815IbnMuhammadShihabDinIbnHaim,OpenITI 2025.1.9
0815MuhibbDinIbnShihna,ابن الشحنة,Muhibb Din Ibn Shihna,NULL,NULL,Ibn al-Šiḥnaŧ,NULL,0815,NULL,NULL,NULL,NULL,author,NULL,NULL,NULL,2,NULL,NULL,NULL,NULL,0815MuhibbDinIbnShihna,OpenITI 2025.1.9
0816AbuBakrMaraghi,أبو بكر بن الحسين بن عمر، القرشي العبشمي الأموي العثماني، زين الدين، وكنيته أبو محمد ويقال اسمه (عبد الله) والمشهور (أبو بكر) المصري الشافعي المراغي (المتوفى: 816هـ),Abu Bakr Maraghi,NULL,NULL,NULL,NULL,0816,NULL,NULL,NULL,NULL,author,NULL,NULL,NULL,3,NULL,NULL,NULL,NULL,0816AbuBakrMaraghi,OpenITI 2025.1.9
0816HajjiBasha,حاجي باشا,Hajji Basha,NULL,NULL,Ḥāǧǧī Bāšā,NULL,0816,NULL,NULL,NULL,NULL,author,NULL,NULL,NULL,1,NULL,NULL,NULL,NULL,0816HajjiBasha,OpenITI 2025.1.9
0816IbnHijji,ابن حجي,Ibn Hijji,NULL,NULL,Ibn Ḥiǧǧī,NULL,0816,NULL,NULL,NULL,NULL,author,NULL,NULL,NULL,1,NULL,NULL,NULL,NULL,0816IbnHijji,OpenITI 2025.1.9
0816IbnMuhammadSharifJurjani,ابن محمد الشريف الجرجاني,Ibn Muhammad Sharif Jurjani,NULL,NULL,Ibn Muḥammad al-Šarīf al-Jurjānī,NULL,0816,NULL,NULL,NULL,NULL,author,NULL,NULL,NULL,6,NULL,NULL,NULL,NULL,0816IbnMuhammadSharifJurjani,OpenITI 2025.1.9
0817MajdDinFiruzabadi,مجد الدين الفيروزابادي,Majd Din Firuzabadi,NULL,NULL,Maǧd al-Dīn al-Fīrūzābādī,NULL,0817,NULL,NULL,NULL,NULL,author,NULL,NULL,NULL,9,NULL,NULL,NULL,NULL,0817MajdDinFiruzabadi,OpenITI 2025.1.9
0819CizzDinIbnJamaca,عز الدين محمد بن جماعة,Cizz Din Ibn Jamaca,NULL,NULL,NULL,NULL,0819,NULL,NULL,NULL,NULL,author,NULL,NULL,NULL,1,NULL,NULL,NULL,NULL,0819CizzDinIbnJamaca,OpenITI 2025.1.9
0820Aqfahsi,الأقفهسي,Aqfahsi,NULL,NULL,al-Aqfahsī,NULL,0820,NULL,NULL,NULL,NULL,author,NULL,NULL,NULL,1,NULL,NULL,NULL,NULL,0820Aqfahsi,OpenITI 2025.1.9
0820NicmatAllahWali,شاه نعمت الله ولي,Nicmat Allah Wali,NULL,NULL,Šāh Niʿmat Allāh Walī,NULL,0820,NULL,NULL,NULL,NULL,author,NULL,NULL,NULL,1,NULL,NULL,NULL,NULL,0820NicmatAllahWali,OpenITI 2025.1.9
0820ShamsDinBilali,شمس الدين البلالي,Shams Din Bilali,NULL,NULL,Šams al-Dīn al-Bilālī,NULL,0820,NULL,NULL,NULL,NULL,author,NULL,NULL,NULL,1,NULL,NULL,NULL,NULL,0820ShamsDinBilali,OpenITI 2025.1.9
0821AbuShamilShumuni,أبو شامل محمد بن محمد بن حسن الشمني التميمي الداري الإسكندراني المالكي (821 ه),Abu Shamil Shumuni,NULL,NULL,NULL,NULL,0821,NULL,NULL,NULL,NULL,author,NULL,NULL,NULL,2,NULL,NULL,NULL,NULL,0821AbuShamilShumuni,OpenITI 2025.1.9
0821IbnCaliMaqdisi,محمد بن علي العمري المقدسي,Ibn Cali Maqdisi,NULL,NULL,NULL,NULL,0821,NULL,NULL,NULL,NULL,author,NULL,NULL,NULL,1,NULL,NULL,NULL,NULL,0821IbnCaliMaqdisi,OpenITI 2025.1.9
0821Qalqashandi,القلقشندي، الفزاريو الشافعي,Qalqashandi,NULL,NULL,"al-Qalqašandī, al-Fazārīو al-Šāfiʿī",NULL,0821,NULL,NULL,NULL,NULL,author,NULL,NULL,NULL,4,NULL,NULL,NULL,NULL,0821Qalqashandi,OpenITI 2025.1.9
0822HadiIbnWazir,السيد الإمام الهادي بن إبراهيم الوزير,Hadi Ibn Wazir,NULL,NULL,NULL,NULL,0822,NULL,NULL,NULL,NULL,author,NULL,NULL,NULL,2,NULL,NULL,NULL,NULL,0822HadiIbnWazir,OpenITI 2025.1.9
0825AwliyaAllahAmuli,NULL,Awliya Allah Amuli,NULL,NULL,NULL,NULL,0825,NULL,NULL,NULL,NULL,author,NULL,NULL,NULL,1,NULL,NULL,NULL,NULL,0825AwliyaAllahAmuli,OpenITI 2025.1.9
0825IbnNurDin,ابن نور الدين,Ibn Nur Din,NULL,NULL,NULL,NULL,0825,NULL,NULL,NULL,NULL,author,NULL,NULL,NULL,1,NULL,NULL,NULL,NULL,0825IbnNurDin,OpenITI 2025.1.9
0825IbnQasimSabti,محمد بن القاسم بن محمد بن أحمد بن عبد الملك الأنصاري المحتد السبتي (المتوفى: بعد 825هـ),Ibn Qasim Sabti,NULL,NULL,NULL,NULL,0825,NULL,NULL,NULL,NULL,author,NULL,NULL,NULL,1,NULL,NULL,NULL,NULL,0825IbnQasimSabti,OpenITI 2025.1.9
0825MakkiHusayni,المكي الحسيني,Makki Husayni,NULL,NULL,al-Makkī al-Ḥusaynī,NULL,0825,NULL,NULL,NULL,NULL,author,NULL,NULL,NULL,1,NULL,NULL,NULL,NULL,0825MakkiHusayni,OpenITI 2025.1.9
0826IbnCiraqi,ابن العراقي,Ibn Ciraqi,NULL,NULL,Ibn al-ʿIrāqī,NULL,0826,NULL,NULL,NULL,NULL,author,NULL,NULL,NULL,7,NULL,NULL,NULL,NULL,0826IbnCiraqi,OpenITI 2025.1.9
0826MiqdadSuyuri,المقداد السيوري,Miqdad Suyuri,NULL,NULL,NULL,NULL,0826,NULL,NULL,NULL,NULL,author,NULL,NULL,NULL,1,NULL,NULL,NULL,NULL,0826MiqdadSuyuri,OpenITI 2025.1.9
0827BadrDinDamaminiMakhzumi,ابن الدماميني,Badr Din Damamini Makhzumi,NULL,NULL,NULL,NULL,0827,NULL,NULL,NULL,NULL,author,NULL,NULL,NULL,3,NULL,NULL,NULL,NULL,0827BadrDinDamaminiMakhzumi,OpenITI 2025.1.9
0827IbnIshaqKhwarizmi,محمد بن إسحاق الخوارزمي,Ibn Ishaq Khwarizmi,NULL,NULL,NULL,NULL,0827,NULL,NULL,NULL,NULL,author,NULL,NULL,NULL,1,NULL,NULL,NULL,NULL,0827IbnIshaqKhwarizmi,OpenITI 2025.1.9
0827IbnShihabBazzazi,البزازي,Ibn Shihab Bazzazi,NULL,NULL,NULL,NULL,0827,NULL,NULL,NULL,NULL,author,NULL,NULL,NULL,1,NULL,NULL,NULL,NULL,0827IbnShihabBazzazi,OpenITI 2025.1.9
0828IbnCinaba,ابن عنابة,Ibn Cinaba,NULL,NULL,Ibn ʿInābaŧ,NULL,0828,NULL,NULL,NULL,NULL,author,NULL,NULL,NULL,1,NULL,NULL,NULL,NULL,0828IbnCinaba,OpenITI 2025.1.9
0829IbnCasimGharnati,محمد بن محمد بن محمد، أبو بكر ابن عاصم القيسي الغرناطي (المتوفى: 829هـ),Ibn Casim Gharnati,NULL,NULL,NULL,NULL,0829,NULL,NULL,NULL,NULL,author,NULL,NULL,NULL,3,NULL,NULL,NULL,NULL,0829IbnCasimGharnati,OpenITI 2025.1.9
0829TaqiDinDimashqiHisni,تقي الدين أبي بكر الحصني الدمشقي,Taqi Din Dimashqi Hisni,NULL,NULL,NULL,NULL,0829,NULL,NULL,NULL,NULL,author,NULL,NULL,NULL,2,NULL,NULL,NULL,NULL,0829TaqiDinDimashqiHisni,OpenITI 2025.1.9
0830BuraciYamaniShacir,البرعي,Buraci Yamani Shacir,NULL,NULL,NULL,NULL,0830,NULL,NULL,NULL,NULL,author,NULL,NULL,NULL,1,NULL,NULL,NULL,NULL,0830BuraciYamaniShacir,OpenITI 2025.1.9
0830IbnMuhammadBasiliTunisi,أبو العباس البسيلي التونسي (المتوفي 830 هـ),Ibn Muhammad Basili Tunisi,NULL,NULL,NULL,NULL,0830,NULL,NULL,NULL,NULL,author,NULL,NULL,NULL,2,NULL,NULL,NULL,NULL,0830IbnMuhammadBasiliTunisi,OpenITI 2025.1.9
0830IbnSulaymanHilli,الحسن بن سليمان الحلي,Ibn Sulayman Hilli,NULL,NULL,NULL,NULL,0830,NULL,NULL,NULL,NULL,author,NULL,NULL,NULL,1,NULL,NULL,NULL,NULL,0830IbnSulaymanHilli,OpenITI 2025.1.9
0831ShamsDinBirmawi,البرماوي شمس الدين محمد بن عبد الدائم (763 - 831 ه),Shams Din Birmawi,NULL,NULL,NULL,NULL,0831,NULL,NULL,NULL,NULL,author,NULL,NULL,NULL,2,NULL,NULL,NULL,NULL,0831ShamsDinBirmawi,OpenITI 2025.1.9
0832TaqiFasi,التقي الفاسي,Taqi Fasi,NULL,NULL,al-Taqī al-Fāsī,NULL,0832,NULL,NULL,NULL,NULL,author,NULL,NULL,NULL,8,NULL,NULL,NULL,NULL,0832TaqiFasi,OpenITI 2025.1.9
0833IbnJazari,شمس الدين محمد الجزري,Ibn Jazari,NULL,NULL,NULL,NULL,0833,NULL,NULL,NULL,NULL,author,NULL,NULL,NULL,12,NULL,NULL,NULL,NULL,0833IbnJazari,OpenITI 2025.1.9
0833QadiShammac,القاضي أبي العباس أحمد الشماع الهنتاتي (ت 833ه),Qadi Shammac,NULL,NULL,NULL,NULL,0833,NULL,NULL,NULL,NULL,author,NULL,NULL,NULL,1,NULL,NULL,NULL,NULL,0833QadiShammac,OpenITI 2025.1.9
0833Shaybi,"al-Shaybī, Jamāl al-Dīn Muḥammad b. ʿAlī al-Qurashī al-ʿAbdarī",Shaybi,NULL,NULL,NULL,NULL,0833,NULL,NULL,NULL,NULL,author,NULL,NULL,NULL,1,NULL,NULL,NULL,NULL,0833Shaybi,OpenITI 2025.1.9
0834HafizAbru,NULL,Hafiz Abru,NULL,NULL,NULL,NULL,0834,NULL,NULL,NULL,NULL,author,NULL,NULL,NULL,3,NULL,NULL,NULL,NULL,0834HafizAbru,OpenITI 2025.1.9
0834IbnHamzaFanari,الفناري,Ibn Hamza Fanari,NULL,NULL,NULL,NULL,0834,NULL,NULL,NULL,NULL,author,NULL,NULL,NULL,2,NULL,NULL,NULL,NULL,0834IbnHamzaFanari,OpenITI 2025.1.9
0834TajDinSalmani,NULL,Taj Din Salmani,NULL,NULL,NULL,NULL,0834,NULL,NULL,NULL,NULL,author,NULL,NULL,NULL,1,NULL,NULL,NULL,NULL,0834TajDinSalmani,OpenITI 2025.1.9
0835ShihabDinIbnJazari,شمس الدين أبو الخير ابن الجزري، محمد بن محمد بن يوسف (المتوفى: 833هـ),Shihab Din Ibn Jazari,NULL,NULL,NULL,NULL,0835,NULL,NULL,NULL,NULL,author,NULL,NULL,NULL,1,NULL,NULL,NULL,NULL,0835ShihabDinIbnJazari,OpenITI 2025.1.9
0836FaqihYusuf,الفقيه يوسف,Faqih Yusuf,NULL,NULL,al-Faqīh Yūsuf,NULL,0836,NULL,NULL,NULL,NULL,author,NULL,NULL,NULL,1,NULL,NULL,NULL,NULL,0836FaqihYusuf,OpenITI 2025.1.9
0837IbnHijjaHamawi,ابن حجة الحموي,Ibn Hijja Hamawi,NULL,NULL,Ibn Ḥijjaŧ al-Ḥamawī,NULL,0837,NULL,NULL,NULL,NULL,author,NULL,NULL,NULL,5,NULL,NULL,NULL,NULL,0837IbnHijjaHamawi,OpenITI 2025.1.9
0837IbnNajiTannukhi,التنوخي، ابن ناجي,Ibn Naji Tannukhi,NULL,NULL,NULL,NULL,0837,NULL,NULL,NULL,NULL,author,NULL,NULL,NULL,1,NULL,NULL,NULL,NULL,0837IbnNajiTannukhi,OpenITI 2025.1.9
0837JamalDinSancani,جمال الدين على بن محمد بن أبى القاسم الصنعانى المتوفى سنة 837 ه,Jamal Din Sancani,NULL,NULL,NULL,NULL,0837,NULL,NULL,NULL,NULL,author,NULL,NULL,NULL,1,NULL,NULL,NULL,NULL,0837JamalDinSancani,OpenITI 2025.1.9
0837MucinDinNatanzi,NULL,Mucin Din Natanzi,NULL,NULL,NULL,NULL,0837,NULL,NULL,NULL,NULL,author,NULL,NULL,NULL,1,NULL,NULL,NULL,NULL,0837MucinDinNatanzi,OpenITI 2025.1.9
0838CabdQadirMaraghai,عبد القادر المراغي,Cabd Qadir Maraghai,NULL,NULL,ʿAbd al-Qādir al-Marāġī,NULL,0838,NULL,NULL,NULL,NULL,author,NULL,NULL,NULL,2,NULL,NULL,NULL,NULL,0838CabdQadirMaraghai,OpenITI 2025.1.9
0838ShihabDinDalji,أحمد بن علي بن عبد الله، شهاب الدين الدلجي المصري (المتوفى: 838هـ),Shihab Din Dalji,NULL,NULL,NULL,NULL,0838,NULL,NULL,NULL,NULL,author,NULL,NULL,NULL,1,NULL,NULL,NULL,NULL,0838ShihabDinDalji,OpenITI 2025.1.9
0840IbnCabdAllahJundariImamMurtada,أحمد بن يحيى بن المرتضى المهدي لدين الله (المتوفى: 840 ه),Ibn Cabd Allah Jundari Imam Murtada,NULL,NULL,NULL,NULL,0840,NULL,NULL,NULL,NULL,author,NULL,NULL,NULL,1,NULL,NULL,NULL,NULL,0840IbnCabdAllahJundariImamMurtada,OpenITI 2025.1.9
0840IbnWazirYamani,ابن الوزير,Ibn Wazir Yamani,NULL,NULL,Ibn al-Wazīr,NULL,0840,NULL,NULL,NULL,NULL,author,NULL,NULL,NULL,3,NULL,NULL,NULL,NULL,0840IbnWazirYamani,OpenITI 2025.1.9
0840MahdiAhmadIbnYahyaHasani,المهدي أحمد بن يحيى,Mahdi Ahmad Ibn Yahya Hasani,NULL,NULL,al-Mahdī Aḥmad b. Yaḥyá,NULL,0840,NULL,NULL,NULL,NULL,author,NULL,NULL,NULL,4,NULL,NULL,NULL,NULL,0840MahdiAhmadIbnYahyaHasani,OpenITI 2025.1.9
0840QattanHilli,شمس الدين محمد القطان الحلي,Qattan Hilli,NULL,NULL,NULL,NULL,0840,NULL,NULL,NULL,NULL,author,NULL,NULL,NULL,1,NULL,NULL,NULL,NULL,0840QattanHilli,OpenITI 2025.1.9
0840ShihabDinBusiri,البوصيري,Shihab Din Busiri,NULL,NULL,NULL,NULL,0840,NULL,NULL,NULL,NULL,author,NULL,NULL,NULL,3,NULL,NULL,NULL,NULL,0840ShihabDinBusiri,OpenITI 2025.1.9
0841BurhanDinSibtIbnCajami,إبراهيم بن محمد بن خليل الطرابلسي,Burhan Din Sibt Ibn Cajami,NULL,NULL,NULL,NULL,0841,NULL,NULL,NULL,NULL,author,NULL,NULL,NULL,3,NULL,NULL,NULL,NULL,0841BurhanDinSibtIbnCajami,OpenITI 2025.1.9
0841IbnNahid,ابن ناه̣د,Ibn Nahid,NULL,NULL,Ibn Nāhịd,NULL,0841,NULL,NULL,NULL,NULL,author,NULL,NULL,NULL,1,NULL,NULL,NULL,NULL,0841IbnNahid,OpenITI 2025.1.9
0841JamalDinIbnFahdHilli,ابن فهد الحلي,Jamal Din Ibn Fahd Hilli,NULL,NULL,NULL,NULL,0841,NULL,NULL,NULL,NULL,author,NULL,NULL,NULL,4,NULL,NULL,NULL,NULL,0841JamalDinIbnFahdHilli,OpenITI 2025.1.9
0842IbnNasirDinDimashqi,ابن ناصر الدين,Ibn Nasir Din Dimashqi,NULL,NULL,Ibn Nāṣir al-dīn,NULL,0842,NULL,NULL,NULL,NULL,author,NULL,NULL,NULL,25,NULL,NULL,NULL,NULL,0842IbnNasirDinDimashqi,OpenITI 2025.1.9
0843IbnIsmacilJadhbati,محمود بن إسماعيل بن إبراهيم الجذبتي,Ibn Ismacil Jadhbati,NULL,NULL,NULL,NULL,0843,NULL,NULL,NULL,NULL,author,NULL,NULL,NULL,1,NULL,NULL,NULL,NULL,0843IbnIsmacilJadhbati,OpenITI 2025.1.9
0843IbnKhatibNasiriyya,ابن خطيب الناصري,Ibn Khatib Nasiriyya,NULL,NULL,Ibn Ḫaṭīb al-Nāṣiriyya,NULL,0843,NULL,NULL,NULL,NULL,author,NULL,NULL,NULL,1,NULL,NULL,NULL,NULL,0843IbnKhatibNasiriyya,OpenITI 2025.1.9
0843MahmudKutubi,NULL,Mahmud Kutubi,NULL,NULL,NULL,NULL,0843,NULL,NULL,NULL,NULL,author,NULL,NULL,NULL,1,NULL,NULL,NULL,NULL,0843MahmudKutubi,OpenITI 2025.1.9
0844IbnHusaynIbnRaslanRamli,ابن رسلان,Ibn Husayn Ibn Raslan Ramli,NULL,NULL,NULL,NULL,0844,NULL,NULL,NULL,NULL,author,NULL,NULL,NULL,2,NULL,NULL,NULL,NULL,0844IbnHusaynIbnRaslanRamli,OpenITI 2025.1.9
0844IbnKhalilCalaDinTarabulusi,علاء الدين الطرابلسي,Ibn Khalil Cala Din Tarabulusi,NULL,NULL,NULL,NULL,0844,NULL,NULL,NULL,NULL,author,NULL,NULL,NULL,1,NULL,NULL,NULL,NULL,0844IbnKhalilCalaDinTarabulusi,OpenITI 2025.1.9
0844IbnRassamHamawi,أحمد بن أبي بكر بن علي بن إسماعيل الحموي، ابن الرسام (المتوفى: 844هـ),Ibn Rassam Hamawi,NULL,NULL,NULL,NULL,0844,NULL,NULL,NULL,NULL,author,NULL,NULL,NULL,1,NULL,NULL,NULL,NULL,0844IbnRassamHamawi,OpenITI 2025.1.9
0844ShamsDinMisri,شمس الدين محمد بن عمار بن محمد بن أحمد المصري المالكي المعروف بابن عمار (المتوفى: 844هـ),Shams Din Misri,NULL,NULL,NULL,NULL,0844,NULL,NULL,NULL,NULL,author,NULL,NULL,NULL,1,NULL,NULL,NULL,NULL,0844ShamsDinMisri,OpenITI 2025.1.9
0845AbuHafsSamarqandi,أبو حفص السمرقندي,Abu Hafs Samarqandi,NULL,NULL,Abū Ḥafṣ al-Samarqandī,NULL,0845,NULL,NULL,NULL,NULL,author,NULL,NULL,NULL,1,NULL,NULL,NULL,NULL,0845AbuHafsSamarqandi,OpenITI 2025.1.9
0845FasihKhwafi,NULL,Fasih Khwafi,NULL,NULL,NULL,NULL,0845,NULL,NULL,NULL,NULL,author,NULL,NULL,NULL,1,NULL,NULL,NULL,NULL,0845FasihKhwafi,OpenITI 2025.1.9
0845Maqrizi,المقريزي,Maqrizi,NULL,NULL,al-Maqrīzī,NULL,0845,NULL,NULL,NULL,NULL,author,NULL,NULL,NULL,23,NULL,NULL,NULL,NULL,0845Maqrizi,OpenITI 2025.1.9
0848IbnSarrajAndalusi,أبو القاسم محمد بن سراج الأندلسي (المتوفى: 848هـ),Ibn Sarraj Andalusi,NULL,NULL,NULL,NULL,0848,NULL,NULL,NULL,NULL,author,NULL,NULL,NULL,1,NULL,NULL,NULL,NULL,0848IbnSarrajAndalusi,OpenITI 2025.1.9
0850Acqam,الأعقم,Acqam,NULL,NULL,NULL,NULL,0850,NULL,NULL,NULL,NULL,author,NULL,NULL,NULL,1,NULL,NULL,NULL,NULL,0850Acqam,OpenITI 2025.1.9
0850Ruhawi,حسام الدين الرهاوي,Ruhawi,NULL,NULL,NULL,NULL,0850,NULL,NULL,NULL,NULL,author,NULL,NULL,NULL,1,NULL,NULL,NULL,NULL,0850Ruhawi,OpenITI 2025.1.9
0850ShihabDinIbshihi,شهاب الدين الابشيهي,Shihab Din Ibshihi,NULL,NULL,Šihāb al-Dīn al-Ibšīhī,NULL,0850,NULL,NULL,NULL,NULL,author,NULL,NULL,NULL,2,NULL,NULL,NULL,NULL,0850ShihabDinIbshihi,OpenITI 2025.1.9
0851IbnQadiShuhba,ابن قاضي شهبة,Ibn Qadi Shuhba,NULL,NULL,NULL,NULL,0851,NULL,NULL,NULL,NULL,author,NULL,NULL,NULL,1,NULL,NULL,NULL,NULL,0851IbnQadiShuhba,OpenITI 2025.1.9
0852AbuNucaymMustamli,رضوان بن محمد بن يوسف العقبي أبي النعيم المستملي,Abu Nucaym Mustamli,NULL,NULL,NULL,NULL,0852,NULL,NULL,NULL,NULL,author,NULL,NULL,NULL,1,NULL,NULL,NULL,NULL,0852AbuNucaymMustamli,OpenITI 2025.1.9
0852IbnHajarCasqalani,ابن حجر العسقلاني,Ibn Hajar Casqalani,NULL,NULL,Ibn Ḥaǧar al-ʿAsqalānī,NULL,0852,NULL,NULL,NULL,NULL,author,NULL,NULL,NULL,78,NULL,NULL,NULL,NULL,0852IbnHajarCasqalani,OpenITI 2025.1.9
0852SirajDinIbnWardi,سراج الدين أبو حفص عمر بن المظفر بن الوردي، البكري القرشي، المعري ثم الحلبي,Siraj Din Ibn Wardi,NULL,NULL,NULL,NULL,0852,NULL,NULL,NULL,NULL,author,NULL,NULL,NULL,2,NULL,NULL,NULL,NULL,0852SirajDinIbnWardi,OpenITI 2025.1.9
0854IbnCarabshah,ابن عربشاه,Ibn Carabshah,NULL,NULL,Ibn ʿArabšāh,NULL,0854,NULL,NULL,NULL,NULL,author,NULL,NULL,NULL,4,NULL,NULL,NULL,NULL,0854IbnCarabshah,OpenITI 2025.1.9
0854IbnDiyaMakki,NULL,Ibn Diya Makki,NULL,NULL,NULL,NULL,0854,NULL,NULL,NULL,NULL,author,NULL,NULL,NULL,4,NULL,NULL,NULL,NULL,0854IbnDiyaMakki,OpenITI 2025.1.9
0854IbnMalak,ابن الملك,Ibn Malak,NULL,NULL,NULL,NULL,0854,NULL,NULL,NULL,NULL,author,NULL,NULL,NULL,1,NULL,NULL,NULL,NULL,0854IbnMalak,OpenITI 2025.1.9
0855BadrDinCayni,بدر الدين العيني,Badr Din Cayni,NULL,NULL,Badr al-Dīn al-ʿAynī,NULL,0855,NULL,NULL,NULL,NULL,author,NULL,NULL,NULL,10,NULL,NULL,NULL,NULL,0855BadrDinCayni,OpenITI 2025.1.9
0855HusaynIbnAbdRahmanAhdal,الحسين بن عبد الرحمن ابن الأهدل,Husayn Ibn Abd Rahman Ahdal,NULL,NULL,al-Ḥusayn b. ʿAbd al-Raḥmãn Ibn al-Ahdal,NULL,0855,NULL,NULL,NULL,NULL,author,NULL,NULL,NULL,1,NULL,NULL,NULL,NULL,0855HusaynIbnAbdRahmanAhdal,OpenITI 2025.1.9
0855IbnAhmadShamsDinDimashqi,شمس الدين أبي عبد الله محمد بن أحمد ابن سعيد النابلسي الدمشقي، الحلبي، المقدسي، المكي الحنبلي (المتوفى: 855هـ),Ibn Ahmad Shams Din Dimashqi,NULL,NULL,NULL,NULL,0855,NULL,NULL,NULL,NULL,author,NULL,NULL,NULL,1,NULL,NULL,NULL,NULL,0855IbnAhmadShamsDinDimashqi,OpenITI 2025.1.9
0855IbnSabbaghMakki,ابن صباغ المالكي‏,Ibn Sabbagh Makki,NULL,NULL,NULL,NULL,0855,NULL,NULL,NULL,NULL,author,NULL,NULL,NULL,1,NULL,NULL,NULL,NULL,0855IbnSabbaghMakki,OpenITI 2025.1.9
0855IbnTayyFaqacani,علي بن علي بن محمد الفقعاني,Ibn Tayy Faqacani,NULL,NULL,NULL,NULL,0855,NULL,NULL,NULL,NULL,author,NULL,NULL,NULL,3,NULL,NULL,NULL,NULL,0855IbnTayyFaqacani,OpenITI 2025.1.9
0855ShamsDinDikunquz,شمس الدين أحمد المعروف بديكنقوز أو دنقوز (المتوفى: 855هـ),Shams Din Dikunquz,NULL,NULL,NULL,NULL,0855,NULL,NULL,NULL,NULL,author,NULL,NULL,NULL,1,NULL,NULL,NULL,NULL,0855ShamsDinDikunquz,OpenITI 2025.1.9
0856IbnDawudHanbali,عبد الرحمن بن أبي بكر بن داود الحنبلي الدمشقي الصالحي (المتوفى: 856 ه),Ibn Dawud Hanbali,NULL,NULL,NULL,NULL,0856,NULL,NULL,NULL,NULL,author,NULL,NULL,NULL,1,NULL,NULL,NULL,NULL,0856IbnDawudHanbali,OpenITI 2025.1.9
0857MuhibbDinNuwayri,محمد بن محمد بن محمد، أبو القاسم، محب الدين النويري (المتوفى: 857هـ),Muhibb Din Nuwayri,NULL,NULL,NULL,NULL,0857,NULL,NULL,NULL,NULL,author,NULL,NULL,NULL,1,NULL,NULL,NULL,NULL,0857MuhibbDinNuwayri,OpenITI 2025.1.9
0858SharafDinYazdi,NULL,Sharaf Din Yazdi,NULL,NULL,NULL,NULL,0858,NULL,NULL,NULL,NULL,author,NULL,NULL,NULL,1,NULL,NULL,NULL,NULL,0858SharafDinYazdi,OpenITI 2025.1.9
0859ShamsDinNawaji,شمس الدين النواجي,Shams Din Nawaji,NULL,NULL,Šams al-Dīn al-Nawāǧī,NULL,0859,NULL,NULL,NULL,NULL,author,NULL,NULL,NULL,1,NULL,NULL,NULL,NULL,0859ShamsDinNawaji,OpenITI 2025.1.9
0860AhmadSiwasi,أحمد بن محمود السيواسي,Ahmad Siwasi,NULL,NULL,NULL,NULL,0860,NULL,NULL,NULL,NULL,author,NULL,NULL,NULL,1,NULL,NULL,NULL,NULL,0860AhmadSiwasi,OpenITI 2025.1.9
0860ShihabUbbadhi,أحمد بن محمد بن محمد البجائي الأبذي، شهاب الدين الأندلسي (المتوفى: 860هـ),Shihab Ubbadhi,NULL,NULL,NULL,NULL,0860,NULL,NULL,NULL,NULL,author,NULL,NULL,NULL,1,NULL,NULL,NULL,NULL,0860ShihabUbbadhi,OpenITI 2025.1.9
0861IbnHumam,الكمال ابن الهمام,Ibn Humam,NULL,NULL,al-Kamāl Ibn al-Humām,NULL,0861,NULL,NULL,NULL,NULL,author,NULL,NULL,NULL,3,NULL,NULL,NULL,NULL,0861IbnHumam,OpenITI 2025.1.9
0862IbnMuhammadMujari,ابن محمد المجاري,Ibn Muhammad Mujari,NULL,NULL,Ibn Muḥammad al-Mujārī,NULL,0862,NULL,NULL,NULL,NULL,author,NULL,NULL,NULL,1,NULL,NULL,NULL,NULL,0862IbnMuhammadMujari,OpenITI 2025.1.9
0863ShamsDinBalatunusi,محمد بن عبد الله البلاطنسي,Shams Din Balatunusi,NULL,NULL,Muḥammad b. ʿAbd Allāh al-Balāṭunusī,NULL,0863,NULL,NULL,NULL,NULL,author,NULL,NULL,NULL,1,NULL,NULL,NULL,NULL,0863ShamsDinBalatunusi,OpenITI 2025.1.9
0864IbnAhmadJalalDinMahalli,ابن أحمد جلال الدين المحلي,Ibn Ahmad Jalal Din Mahalli,NULL,NULL,Ibn Aḥmad Jalāl al-Dīn al-Maḥallī,NULL,0864,NULL,NULL,NULL,NULL,author,NULL,NULL,NULL,2,NULL,NULL,NULL,NULL,0864IbnAhmadJalalDinMahalli,OpenITI 2025.1.9
0864Jazairi,الجزائري,Jazairi,NULL,NULL,al-Jazāʾirī,NULL,0864,NULL,NULL,NULL,NULL,author,NULL,NULL,NULL,1,NULL,NULL,NULL,NULL,0864Jazairi,OpenITI 2025.1.9
0864RadiDinGhazzi,"al-Ghazzī, Raḍī al-Dīn Abu l-Barakāt Muḥammad b. Aḥmad",Radi Din Ghazzi,NULL,NULL,NULL,NULL,0864,NULL,NULL,NULL,NULL,author,NULL,NULL,NULL,1,NULL,NULL,NULL,NULL,0864RadiDinGhazzi,OpenITI 2025.1.9
0866MuhammadIbnSayyidHasan,محمد بن السيد حسن,Muhammad Ibn Sayyid Hasan,NULL,NULL,NULL,NULL,0866,NULL,NULL,NULL,NULL,author,NULL,NULL,NULL,1,NULL,NULL,NULL,NULL,0866MuhammadIbnSayyidHasan,OpenITI 2025.1.9
0868IbnCumarBulqini,صالح بن عمر بن رسلان البلقيني الشافعي شيخ الإسلام (المتوفى: 868هـ),Ibn Cumar Bulqini,NULL,NULL,NULL,NULL,0868,NULL,NULL,NULL,NULL,author,NULL,NULL,NULL,1,NULL,NULL,NULL,NULL,0868IbnCumarBulqini,OpenITI 2025.1.9
0869IbnKhalilZaynDinQabuni,زين الدين عبد الرحمن بن خليل بن سلامة بن أحمد الأذرعي القابوني المعروف بابن الشيخ خليل,Ibn Khalil Zayn Din Qabuni,NULL,NULL,NULL,NULL,0869,NULL,NULL,NULL,NULL,author,NULL,NULL,NULL,1,NULL,NULL,NULL,NULL,0869IbnKhalilZaynDinQabuni,OpenITI 2025.1.9
0870Jazuli,الجزولي,Jazuli,NULL,NULL,al-Jazūlī,NULL,0870,NULL,NULL,NULL,NULL,author,NULL,NULL,NULL,1,NULL,NULL,NULL,NULL,0870Jazuli,OpenITI 2025.1.9
0871IbnAhmadShamsDinBacuni,ابن الدمشقي,Ibn Ahmad Shams Din Bacuni,NULL,NULL,NULL,NULL,0871,NULL,NULL,NULL,NULL,author,NULL,NULL,NULL,1,NULL,NULL,NULL,NULL,0871IbnAhmadShamsDinBacuni,OpenITI 2025.1.9
0871IbnCuthmanShamsDinMardini,شمس الدين محمد بن عثمان بن علي المارديني الشافعي,Ibn Cuthman Shams Din Mardini,NULL,NULL,NULL,NULL,0871,NULL,NULL,NULL,NULL,author,NULL,NULL,NULL,1,NULL,NULL,NULL,NULL,0871IbnCuthmanShamsDinMardini,OpenITI 2025.1.9
0871MuhammadCuqbani,محمد بن العقباني,Muhammad Cuqbani,NULL,NULL,NULL,NULL,0871,NULL,NULL,NULL,NULL,author,NULL,NULL,NULL,1,NULL,NULL,NULL,NULL,0871MuhammadCuqbani,OpenITI 2025.1.9
0871TaqiDinIbnFahd,محمد بن فهد المكي,Taqi Din Ibn Fahd,NULL,NULL,NULL,NULL,0871,NULL,NULL,NULL,NULL,author,NULL,NULL,NULL,1,NULL,NULL,NULL,NULL,0871TaqiDinIbnFahd,OpenITI 2025.1.9
0872CimadDinIdris,عماد الدين القرشي,Cimad Din Idris,NULL,NULL,ʿImād al-dīn al-Qurašī,NULL,0872,NULL,NULL,NULL,NULL,author,NULL,NULL,NULL,1,NULL,NULL,NULL,NULL,0872CimadDinIdris,OpenITI 2025.1.9
0872Zahiri,"al-Ẓāhirī, Ghars al-Dīn Khalīl b. Shāhīn",Zahiri,NULL,NULL,NULL,NULL,0872,NULL,NULL,NULL,NULL,author,NULL,NULL,NULL,1,NULL,NULL,NULL,NULL,0872Zahiri,OpenITI 2025.1.9
0873AbuZaydThacalibi,أبو زيد عبد الرحمن بن محمد بن مخلوف الثعالبي (المتوفى: 875ه),Abu Zayd Thacalibi,NULL,NULL,NULL,NULL,0873,NULL,NULL,NULL,NULL,author,NULL,NULL,NULL,1,NULL,NULL,NULL,NULL,0873AbuZaydThacalibi,OpenITI 2025.1.9
0873IbnShahinZahiri,خليل بن شاهين الظاهري,Ibn Shahin Zahiri,NULL,NULL,NULL,NULL,0873,NULL,NULL,NULL,NULL,author,NULL,NULL,NULL,1,NULL,NULL,NULL,NULL,0873IbnShahinZahiri,OpenITI 2025.1.9
0874BadrDinIbnQadiShuhba,بدر الدين ابن قاضي شهبة,Badr Din Ibn Qadi Shuhba,NULL,NULL,NULL,NULL,0874,NULL,NULL,NULL,NULL,author,NULL,NULL,NULL,1,NULL,NULL,NULL,NULL,0874BadrDinIbnQadiShuhba,OpenITI 2025.1.9
0874IbnImamKamiliyya,كمال الدين محمد بن محمد بن عبد الرحمن المعروف ب «ابن إمام الكاملية» (المتوفى: 874 ه),Ibn Imam Kamiliyya,NULL,NULL,NULL,NULL,0874,NULL,NULL,NULL,NULL,author,NULL,NULL,NULL,1,NULL,NULL,NULL,NULL,0874IbnImamKamiliyya,OpenITI 2025.1.9
0874IbnTaghribirdi,ابن تغري بردي،الأتابكي,Ibn Taghribirdi,NULL,NULL,"Ibn Taġrī birdī,al-Atābakī",NULL,0874,NULL,NULL,NULL,NULL,author,NULL,NULL,NULL,4,NULL,NULL,NULL,NULL,0874IbnTaghribirdi,OpenITI 2025.1.9
0875Husayni,"al-Ḥusaynī, Tāj al-Dīn ʿAbd al-Wahhāb b. Muḥammad",Husayni,NULL,NULL,NULL,NULL,0875,NULL,NULL,NULL,NULL,author,NULL,NULL,NULL,1,NULL,NULL,NULL,NULL,0875Husayni,OpenITI 2025.1.9
0875IbnMuhammadShihabDinHijazi,أحمد بن محمد بن علي الأنصاري الخزرجي، شهاب الدين المعروف بالحجازي (المتوفى: 875هـ),Ibn Muhammad Shihab Din Hijazi,NULL,NULL,NULL,NULL,0875,NULL,NULL,NULL,NULL,author,NULL,NULL,NULL,2,NULL,NULL,NULL,NULL,0875IbnMuhammadShihabDinHijazi,OpenITI 2025.1.9
0875Jizi,الجيزي,Jizi,NULL,NULL,al-Ǧīzī,NULL,0875,NULL,NULL,NULL,NULL,author,NULL,NULL,NULL,1,NULL,NULL,NULL,NULL,0875Jizi,OpenITI 2025.1.9
0876SuhrabBadakhshani,سهراب البدخشاني,Suhrab Badakhshani,NULL,NULL,Suhrāb al-Badaḫšānī,NULL,0876,NULL,NULL,NULL,NULL,author,NULL,NULL,NULL,1,NULL,NULL,NULL,NULL,0876SuhrabBadakhshani,OpenITI 2025.1.9
0877CaliNabatiCamili,الشيخ علي النباطي‏,Cali Nabati Camili,NULL,NULL,NULL,NULL,0877,NULL,NULL,NULL,NULL,author,NULL,NULL,NULL,1,NULL,NULL,NULL,NULL,0877CaliNabatiCamili,OpenITI 2025.1.9
0877IbnMiftah,ابن مفتاح,Ibn Miftah,NULL,NULL,Ibn Miftāḥ,NULL,0877,NULL,NULL,NULL,NULL,author,NULL,NULL,NULL,1,NULL,NULL,NULL,NULL,0877IbnMiftah,OpenITI 2025.1.9
0878IbnShihabYazdi,NULL,Ibn Shihab Yazdi,NULL,NULL,NULL,NULL,0878,NULL,NULL,NULL,NULL,author,NULL,NULL,NULL,1,NULL,NULL,NULL,NULL,0878IbnShihabYazdi,OpenITI 2025.1.9
0879CalaDinQushji,علاءلدين علي بن محمد القوشجي,Cala Din Qushji,NULL,NULL,ʿAlāʾal-Dīn ʿAlī b. Muḥammad al-Qūšǧī,NULL,0879,NULL,NULL,NULL,NULL,author,NULL,NULL,NULL,1,NULL,NULL,NULL,NULL,0879CalaDinQushji,OpenITI 2025.1.9
0879IbnMuhammadIbnAmirHajj,ابن أمير الحاج,Ibn Muhammad Ibn Amir Hajj,NULL,NULL,NULL,NULL,0879,NULL,NULL,NULL,NULL,author,NULL,NULL,NULL,1,NULL,NULL,NULL,NULL,0879IbnMuhammadIbnAmirHajj,OpenITI 2025.1.9
0879IbnQutlubugha,ابن قطلوبغا,Ibn Qutlubugha,NULL,NULL,Ibn Quṭlūbuġā,NULL,0879,NULL,NULL,NULL,NULL,author,NULL,NULL,NULL,10,NULL,NULL,NULL,NULL,0879IbnQutlubugha,OpenITI 2025.1.9
0879MuhyiDinKafiyaji,الكافيجي,Muhyi Din Kafiyaji,NULL,NULL,NULL,NULL,0879,NULL,NULL,NULL,NULL,author,NULL,NULL,NULL,1,NULL,NULL,NULL,NULL,0879MuhyiDinKafiyaji,OpenITI 2025.1.9
0879PirJamalArdistani,پير جمال أردستاني,Pir Jamal Ardistani,NULL,NULL,Pīr Ǧamāl Ardistānī,NULL,0879,NULL,NULL,NULL,NULL,author,NULL,NULL,NULL,1,NULL,NULL,NULL,NULL,0879PirJamalArdistani,OpenITI 2025.1.9
0880IbnAhmadShamsDinAsyuti,شمس الدين محمد بن أحمد بن علي الأسيوطي,Ibn Ahmad Shams Din Asyuti,NULL,NULL,NULL,NULL,0880,NULL,NULL,NULL,NULL,author,NULL,NULL,NULL,3,NULL,NULL,NULL,NULL,0880IbnAhmadShamsDinAsyuti,OpenITI 2025.1.9
0880IbnCabdWahidMaymuni,عبد العزيز بن عبد الواحد الميموني,Ibn Cabd Wahid Maymuni,NULL,NULL,NULL,NULL,0880,NULL,NULL,NULL,NULL,author,NULL,NULL,NULL,1,NULL,NULL,NULL,NULL,0880IbnCabdWahidMaymuni,OpenITI 2025.1.9
0880IbnCadilHanbali,أبو حفص عمر بن علي ابن عادل الدمشقي الحنبلي,Ibn Cadil Hanbali,NULL,NULL,NULL,NULL,0880,NULL,NULL,NULL,NULL,author,NULL,NULL,NULL,1,NULL,NULL,NULL,NULL,0880IbnCadilHanbali,OpenITI 2025.1.9
0882AhmadKatibYazdi,NULL,Ahmad Katib Yazdi,NULL,NULL,NULL,NULL,0882,NULL,NULL,NULL,NULL,author,NULL,NULL,NULL,1,NULL,NULL,NULL,NULL,0882AhmadKatibYazdi,OpenITI 2025.1.9
0882IbnAhmadShadhiliTunisi,محمد بن أحمد الشاذلي التونسي (المتوفى : 882هـ),Ibn Ahmad Shadhili Tunisi,NULL,NULL,NULL,NULL,0882,NULL,NULL,NULL,NULL,author,NULL,NULL,NULL,1,NULL,NULL,NULL,NULL,0882IbnAhmadShadhiliTunisi,OpenITI 2025.1.9
0882LisanDinIbnShihnaHalabi,ابن الشحنة,Lisan Din Ibn Shihna Halabi,NULL,NULL,NULL,NULL,0882,NULL,NULL,NULL,NULL,author,NULL,NULL,NULL,1,NULL,NULL,NULL,NULL,0882LisanDinIbnShihnaHalabi,OpenITI 2025.1.9
0883AbuBakrJuraci,تقي الدين أبي بكر بن زايد الجراعي المقدسي الحنبلي (825 ه - 883 ه),Abu Bakr Juraci,NULL,NULL,NULL,NULL,0883,NULL,NULL,NULL,NULL,author,NULL,NULL,NULL,2,NULL,NULL,NULL,NULL,0883AbuBakrJuraci,OpenITI 2025.1.9
0884AbuDharrSibtIbnCajami,أحمد بن إبراهيم بن محمد بن خليل، موفق الدين، أبو ذر سبط ابن العجمي (المتوفى: 884هـ),Abu Dharr Sibt Ibn Cajami,NULL,NULL,NULL,NULL,0884,NULL,NULL,NULL,NULL,author,NULL,NULL,NULL,1,NULL,NULL,NULL,NULL,0884AbuDharrSibtIbnCajami,OpenITI 2025.1.9
0884AbuIshaqIbnMuflih,ابن مفلح,Abu Ishaq Ibn Muflih,NULL,NULL,NULL,NULL,0884,NULL,NULL,NULL,NULL,author,NULL,NULL,NULL,3,NULL,NULL,NULL,NULL,0884AbuIshaqIbnMuflih,OpenITI 2025.1.9
0885BurhanDinBiqaci,برهان الدين البقاعي,Burhan Din Biqaci,NULL,NULL,Burhān al-Dīn al-Biqāʿī,NULL,0885,NULL,NULL,NULL,NULL,author,NULL,NULL,NULL,8,NULL,NULL,NULL,NULL,0885BurhanDinBiqaci,OpenITI 2025.1.9
0885CalaDinMardawi,علي بن سليمان المرداوي أبو الحسن,Cala Din Mardawi,NULL,NULL,NULL,NULL,0885,NULL,NULL,NULL,NULL,author,NULL,NULL,NULL,3,NULL,NULL,NULL,NULL,0885CalaDinMardawi,OpenITI 2025.1.9
0885IbnFahd,"Ibn Fahd, Najm al-Dīn ʿUmar b. Muḥammad b. Muḥammad al-Makkī",Ibn Fahd,NULL,NULL,NULL,NULL,0885,NULL,NULL,NULL,NULL,author,NULL,NULL,NULL,3,NULL,NULL,NULL,NULL,0885IbnFahd,OpenITI 2025.1.9
0885IbnFaramurzMullaKhusraw,محمد بن فراموز الشهير بمنلا خسرو (المتوفى : 885هـ),Ibn Faramurz Mulla Khusraw,NULL,NULL,NULL,NULL,0885,NULL,NULL,NULL,NULL,author,NULL,NULL,NULL,1,NULL,NULL,NULL,NULL,0885IbnFaramurzMullaKhusraw,OpenITI 2025.1.9
0887CabdRazzaqSamarqandi,NULL,Cabd Razzaq Samarqandi,NULL,NULL,NULL,NULL,0887,NULL,NULL,NULL,NULL,author,NULL,NULL,NULL,1,NULL,NULL,NULL,NULL,0887CabdRazzaqSamarqandi,OpenITI 2025.1.9
0889IbnAhmadSakhawi,علي بن أحمد السخاوي,Ibn Ahmad Sakhawi,NULL,NULL,NULL,NULL,0889,NULL,NULL,NULL,NULL,author,NULL,NULL,NULL,1,NULL,NULL,NULL,NULL,0889IbnAhmadSakhawi,OpenITI 2025.1.9
0889IbnCabdMuncimShamsDinQahiri,شمس الدين محمد بن عبد المنعم بن محمد الجوجري القاهري الشافعي (المتوفى: 889هـ),Ibn Cabd Muncim Shams Din Qahiri,NULL,NULL,NULL,NULL,0889,NULL,NULL,NULL,NULL,author,NULL,NULL,NULL,1,NULL,NULL,NULL,NULL,0889IbnCabdMuncimShamsDinQahiri,OpenITI 2025.1.9
0889IbnQawan,ابن قوان,Ibn Qawan,NULL,NULL,Ibn Qawān,NULL,0889,NULL,NULL,NULL,NULL,author,NULL,NULL,NULL,1,NULL,NULL,NULL,NULL,0889IbnQawan,OpenITI 2025.1.9
0891AhmadBakri,أحمد بن محمد البكري,Ahmad Bakri,NULL,NULL,NULL,NULL,0891,NULL,NULL,NULL,NULL,author,NULL,NULL,NULL,1,NULL,NULL,NULL,NULL,0891AhmadBakri,OpenITI 2025.1.9
0893CamiriHaradi,العامري الحرضي,Camiri Haradi,NULL,NULL,al-ʿĀmirī al-Ḥaraḍī,NULL,0893,NULL,NULL,NULL,NULL,author,NULL,NULL,NULL,3,NULL,NULL,NULL,NULL,0893CamiriHaradi,OpenITI 2025.1.9
0893IbnAbiBakrCayniHanafi,عبد الرحمن بن أبي بكر بن محمد، زين الدين المعروف بابن العيني الحنفي (المتوفى: 893هـ),Ibn Abi Bakr Cayni Hanafi,NULL,NULL,NULL,NULL,0893,NULL,NULL,NULL,NULL,author,NULL,NULL,NULL,1,NULL,NULL,NULL,NULL,0893IbnAbiBakrCayniHanafi,OpenITI 2025.1.9
0893IbnAhmadZaynDinSharji,ابن أحمد زين الدين الشرجي,Ibn Ahmad Zayn Din Sharji,NULL,NULL,Ibn Aḥmad Zayn al-Dīn al-Šarjī,NULL,0893,NULL,NULL,NULL,NULL,author,NULL,NULL,NULL,2,NULL,NULL,NULL,NULL,0893IbnAhmadZaynDinSharji,OpenITI 2025.1.9
0893IbnDawudShadiabadi,ابن داود الشادابادي,Ibn Dawud Shadiabadi,NULL,NULL,Ibn Dāwud al-Šādiābādī,NULL,0893,NULL,NULL,NULL,NULL,author,NULL,NULL,NULL,1,NULL,NULL,NULL,NULL,0893IbnDawudShadiabadi,OpenITI 2025.1.9
0893IbnIsmacilShihabDinKurani,أحمد بن إسماعيل الكوراني,Ibn Ismacil Shihab Din Kurani,NULL,NULL,NULL,NULL,0893,NULL,NULL,NULL,NULL,author,NULL,NULL,NULL,3,NULL,NULL,NULL,NULL,0893IbnIsmacilShihabDinKurani,OpenITI 2025.1.9
0893Manawi,أبو الهمم نور الدين علي المناوي,Manawi,NULL,NULL,NULL,NULL,0893,NULL,NULL,NULL,NULL,author,NULL,NULL,NULL,1,NULL,NULL,NULL,NULL,0893Manawi,OpenITI 2025.1.9
0894CabdRahmanSaffuri,عبد الرحمن الصفوري,Cabd Rahman Saffuri,NULL,NULL,ʿAbd al-Raḥmãn al-Ṣaffūrī,NULL,0894,NULL,NULL,NULL,NULL,author,NULL,NULL,NULL,1,NULL,NULL,NULL,NULL,0894CabdRahmanSaffuri,OpenITI 2025.1.9
0894IbnMuhammadDimashqiHaydari,الخيضري,Ibn Muhammad Dimashqi Haydari,NULL,NULL,NULL,NULL,0894,NULL,NULL,NULL,NULL,author,NULL,NULL,NULL,1,NULL,NULL,NULL,NULL,0894IbnMuhammadDimashqiHaydari,OpenITI 2025.1.9
0894IbnQasimRassacTunisi,محمد بن قاسم الأنصاري، أبو عبد الله، الرصاع (المتوفى : 894هـ),Ibn Qasim Rassac Tunisi,NULL,NULL,NULL,NULL,0894,NULL,NULL,NULL,NULL,author,NULL,NULL,NULL,1,NULL,NULL,NULL,NULL,0894IbnQasimRassacTunisi,OpenITI 2025.1.9
0895AbuCabdAllahSanusi,أبو عبد ألله السنوسي,Abu Cabd Allah Sanusi,NULL,NULL,Abū ʿAbd Alllãh al-Sanūsī,NULL,0895,NULL,NULL,NULL,NULL,author,NULL,NULL,NULL,4,NULL,NULL,NULL,NULL,0895AbuCabdAllahSanusi,OpenITI 2025.1.9
0895SibtMaridini,محمد بن محمد بن أحمد الغزال الدمشقي، بدر الدين، الشهير بسبط المارديني (المتوفى: 912هـ),Sibt Maridini,NULL,NULL,NULL,NULL,0895,NULL,NULL,NULL,NULL,author,NULL,NULL,NULL,1,NULL,NULL,NULL,NULL,0895SibtMaridini,OpenITI 2025.1.9
0896AbuHamidMaqdisi,أبو حامد المقدسي,Abu Hamid Maqdisi,NULL,NULL,Abū Ḥāmid al-Maqdisī,NULL,0896,NULL,NULL,NULL,NULL,author,NULL,NULL,NULL,1,NULL,NULL,NULL,NULL,0896AbuHamidMaqdisi,OpenITI 2025.1.9
0896IbnCaliIbnAzraqGharnati,الأزرق,Ibn Cali Ibn Azraq Gharnati,NULL,NULL,NULL,NULL,0896,NULL,NULL,NULL,NULL,author,NULL,NULL,NULL,1,NULL,NULL,NULL,NULL,0896IbnCaliIbnAzraqGharnati,OpenITI 2025.1.9
0897IbnYusufCabdariGharnati,ابن يوسف العبدري الغرناطي,Ibn Yusuf Cabdari Gharnati,NULL,NULL,Ibn Yūsuf al-ʿAbdarī al-Ġarnāṭī,NULL,0897,NULL,NULL,NULL,NULL,author,NULL,NULL,NULL,1,NULL,NULL,NULL,NULL,0897IbnYusufCabdariGharnati,OpenITI 2025.1.9
0898Jami,نور الدين عبد الرحمان جامي,Jami,NULL,NULL,Nūr al-Dīn ʿAbd al-Raḥmān Ǧāmī,NULL,0898,NULL,NULL,NULL,NULL,author,NULL,NULL,NULL,1,NULL,NULL,NULL,NULL,0898Jami,OpenITI 2025.1.9
0898NurDinJami,نور الدين عبد الرحمن الجامي,Nur Din Jami,NULL,NULL,NULL,NULL,0898,NULL,NULL,NULL,NULL,author,NULL,NULL,NULL,2,NULL,NULL,NULL,NULL,0898NurDinJami,OpenITI 2025.1.9
0899Rajraji,الرجراجي، الحسين بن علي,Rajraji,NULL,NULL,NULL,NULL,0899,NULL,NULL,NULL,NULL,author,NULL,NULL,NULL,2,NULL,NULL,NULL,NULL,0899Rajraji,OpenITI 2025.1.9
0899ZarruqShihabDinFasi,زروق شهاب الدين الفاسي,Zarruq Shihab Din Fasi,NULL,NULL,Zarrūq Šihāb al-Dīn al-Fāsī,NULL,0899,NULL,NULL,NULL,NULL,author,NULL,NULL,NULL,6,NULL,NULL,NULL,NULL,0899ZarruqShihabDinFasi,OpenITI 2025.1.9
0900Anonymous,مؤلف مجهول,Anonymous,NULL,NULL,Muʾallif majhūl,NULL,0900,NULL,NULL,NULL,NULL,author,NULL,NULL,NULL,2,NULL,NULL,NULL,NULL,0900Anonymous,OpenITI 2025.1.9
0900CabdAllahBadri,عبد الله بن محمد البدري,Cabd Allah Badri,NULL,NULL,NULL,NULL,0900,NULL,NULL,NULL,NULL,author,NULL,NULL,NULL,1,NULL,NULL,NULL,NULL,0900CabdAllahBadri,OpenITI 2025.1.9
0900DawlatshahSamarqandi,NULL,Dawlatshah Samarqandi,NULL,NULL,NULL,NULL,0900,NULL,NULL,NULL,NULL,author,NULL,NULL,NULL,1,NULL,NULL,NULL,NULL,0900DawlatshahSamarqandi,OpenITI 2025.1.9
0900IbnCabdMuncimHimyari,ابن عبد المنعم الحميري,Ibn Cabd Muncim Himyari,NULL,NULL,Ibn ʿAbd al-Munʿim al-Ḥimyarī,NULL,0900,NULL,NULL,NULL,NULL,author,NULL,NULL,NULL,1,NULL,NULL,NULL,NULL,0900IbnCabdMuncimHimyari,OpenITI 2025.1.9
0900IbnMuhammadBurhanDinQabibati,إبراهيم بن محمد بن محمود بن بدر، برهان الدين، أبو إسحاق الحلبي القبيباتي الشافعي الناجي (المتوفى: 900هـ),Ibn Muhammad Burhan Din Qabibati,NULL,NULL,NULL,NULL,0900,NULL,NULL,NULL,NULL,author,NULL,NULL,NULL,5,NULL,NULL,NULL,NULL,0900IbnMuhammadBurhanDinQabibati,OpenITI 2025.1.9
0900IbnMuhammadNurDinAshmuni,علي بن محمد بن عيسى، أبو الحسن، نور الدين الأشموني الشافعي (المتوفى: 900هـ),Ibn Muhammad Nur Din Ashmuni,NULL,NULL,NULL,NULL,0900,NULL,NULL,NULL,NULL,author,NULL,NULL,NULL,1,NULL,NULL,NULL,NULL,0900IbnMuhammadNurDinAshmuni,OpenITI 2025.1.9
0900IbnSulaymanHilli,الحسن بن سليمان الحلي,Ibn Sulayman Hilli,NULL,NULL,NULL,NULL,0900,NULL,NULL,NULL,NULL,author,NULL,NULL,NULL,1,NULL,NULL,NULL,NULL,0900IbnSulaymanHilli,OpenITI 2025.1.9
0900ImamHadiCizzDinIbnHasan,الإمام عز الدين بن الحسن,Imam Hadi Cizz Din Ibn Hasan,NULL,NULL,NULL,NULL,0900,NULL,NULL,NULL,NULL,author,NULL,NULL,NULL,2,NULL,NULL,NULL,NULL,0900ImamHadiCizzDinIbnHasan,OpenITI 2025.1.9
0900MuflihIbnRashid,مفلح بن راشد,Muflih Ibn Rashid,NULL,NULL,NULL,NULL,0900,NULL,NULL,NULL,NULL,author,NULL,NULL,NULL,1,NULL,NULL,NULL,NULL,0900MuflihIbnRashid,OpenITI 2025.1.9
0900MuflihSaymari,المفلح بن حسن الصيمري,Muflih Saymari,NULL,NULL,NULL,NULL,0900,NULL,NULL,NULL,NULL,author,NULL,NULL,NULL,2,NULL,NULL,NULL,NULL,0900MuflihSaymari,OpenITI 2025.1.9
0902Sakhawi,السخاوي,Sakhawi,NULL,NULL,al-Saḫāwī,NULL,0902,NULL,NULL,NULL,NULL,author,NULL,NULL,NULL,21,NULL,NULL,NULL,NULL,0902Sakhawi,OpenITI 2025.1.9
0903MirKhwand,NULL,Mir Khwand,NULL,NULL,NULL,NULL,0903,NULL,NULL,NULL,NULL,author,NULL,NULL,NULL,1,NULL,NULL,NULL,NULL,0903MirKhwand,OpenITI 2025.1.9
0904Burayhi,البريهي,Burayhi,NULL,NULL,al-Burayhī,NULL,0904,NULL,NULL,NULL,NULL,author,NULL,NULL,NULL,1,NULL,NULL,NULL,NULL,0904Burayhi,OpenITI 2025.1.9
0905Basrawi,البصروي,Basrawi,NULL,NULL,NULL,NULL,0905,NULL,NULL,NULL,NULL,author,NULL,NULL,NULL,1,NULL,NULL,NULL,NULL,0905Basrawi,OpenITI 2025.1.9
0905IbnCabdAllahWaqqadAzhari,الشيخ خالد بن عبد الله الأزهري,Ibn Cabd Allah Waqqad Azhari,NULL,NULL,NULL,NULL,0905,NULL,NULL,NULL,NULL,author,NULL,NULL,NULL,3,NULL,NULL,NULL,NULL,0905IbnCabdAllahWaqqadAzhari,OpenITI 2025.1.9
0905IbnCabdRahmanIjiShafici,شهاب الدين أحمد الشافعي الإيجي‏,Ibn Cabd Rahman Iji Shafici,NULL,NULL,NULL,NULL,0905,NULL,NULL,NULL,NULL,author,NULL,NULL,NULL,2,NULL,NULL,NULL,NULL,0905IbnCabdRahmanIjiShafici,OpenITI 2025.1.9
0905IbnCaliTaqiDinKafcami,ابراهيم بن علي الكفعمي,Ibn Cali Taqi Din Kafcami,NULL,NULL,NULL,NULL,0905,NULL,NULL,NULL,NULL,author,NULL,NULL,NULL,2,NULL,NULL,NULL,NULL,0905IbnCaliTaqiDinKafcami,OpenITI 2025.1.9
0905KamalDinQudsi,كمال الدين محمد بن أبي شريف القدسي المتوفى سنة 905 ه,Kamal Din Qudsi,NULL,NULL,NULL,NULL,0905,NULL,NULL,NULL,NULL,author,NULL,NULL,NULL,1,NULL,NULL,NULL,NULL,0905KamalDinQudsi,OpenITI 2025.1.9
0906CalishirNawai,NULL,Calishir Nawai,NULL,NULL,NULL,NULL,0906,NULL,NULL,NULL,NULL,author,NULL,NULL,NULL,1,NULL,NULL,NULL,NULL,0906CalishirNawai,OpenITI 2025.1.9
0906IbnMajid,ابن ماجد,Ibn Majid,NULL,NULL,Ibn Māǧid,NULL,0906,NULL,NULL,NULL,NULL,author,NULL,NULL,NULL,2,NULL,NULL,NULL,NULL,0906IbnMajid,OpenITI 2025.1.9
0908JalalDinDawwani,محمد بن أسعد الصديقي الدواني، جلال الدين (المتوفى: 918ه),Jalal Din Dawwani,NULL,NULL,NULL,NULL,0908,NULL,NULL,NULL,NULL,author,NULL,NULL,NULL,2,NULL,NULL,NULL,NULL,0908JalalDinDawwani,OpenITI 2025.1.9
0909IbnMabrid,ابن المبرد، ابن عبد الهادي,Ibn Mabrid,NULL,NULL,"Ibn al-Mabrid, Ibn ʿAbd al-Hādī",NULL,0909,NULL,NULL,NULL,NULL,author,NULL,NULL,NULL,36,NULL,NULL,NULL,NULL,0909IbnMabrid,OpenITI 2025.1.9
0910IbnAbiJumhurAhsai,محمد بن علي ابن أبي جمهور الأحسائي,Ibn Abi Jumhur Ahsai,NULL,NULL,Muḥammad b. ʿAlī Ibn Abī Jumhūr al-Aḥsāʾī,NULL,0910,NULL,NULL,NULL,NULL,author,NULL,NULL,NULL,5,NULL,NULL,NULL,NULL,0910IbnAbiJumhurAhsai,OpenITI 2025.1.9
0910MuhammadIbnZahiraQurashi,محمد بن ظهيرة القرشي,Muhammad Ibn Zahira Qurashi,NULL,NULL,Muḥammad b. Ẓahīraŧ al-Qurašī,NULL,0910,NULL,NULL,NULL,NULL,author,NULL,NULL,NULL,1,NULL,NULL,NULL,NULL,0910MuhammadIbnZahiraQurashi,OpenITI 2025.1.9
0910WacizKashifi,واعظ كاشفي,Waciz Kashifi,NULL,NULL,Wāʿiẓ Kāšifī,NULL,0910,NULL,NULL,NULL,NULL,author,NULL,NULL,NULL,2,NULL,NULL,NULL,NULL,0910WacizKashifi,OpenITI 2025.1.9
0911Samhudi,علي بن عبد الله بن أحمد الحسني السمهودي (المتوفى : 911هـ),Samhudi,NULL,NULL,NULL,NULL,0911,NULL,NULL,NULL,NULL,author,NULL,NULL,NULL,5,NULL,NULL,NULL,NULL,0911Samhudi,OpenITI 2025.1.9
0911Suyuti,جلال الدين السيوطي,Suyuti,NULL,NULL,Ǧalāl al-Dīn al-Suyūṭī,NULL,0911,NULL,NULL,NULL,NULL,author,NULL,NULL,NULL,132,NULL,NULL,NULL,NULL,0911Suyuti,OpenITI 2025.1.9
0912CaliIbnQasimZaqqaq,أبو الحسن علي بن قاسم بن محمد التجيبي، المعروف بالزقاق,Cali Ibn Qasim Zaqqaq,NULL,NULL,NULL,NULL,0912,NULL,NULL,NULL,NULL,author,NULL,NULL,NULL,1,NULL,NULL,NULL,NULL,0912CaliIbnQasimZaqqaq,OpenITI 2025.1.9
0914IbnYahyaWansharisi,أبي العباس أحمد بن يحيى بن محمد التلمساني الونشرسي,Ibn Yahya Wansharisi,NULL,NULL,NULL,NULL,0914,NULL,NULL,NULL,NULL,author,NULL,NULL,NULL,5,NULL,NULL,NULL,NULL,0914IbnYahyaWansharisi,OpenITI 2025.1.9
0914SarimDinWaziri,صارم الدين الوزيري,Sarim Din Waziri,NULL,NULL,Ṣārim al-Dīn al-Wazīrī,NULL,0914,NULL,NULL,NULL,NULL,author,NULL,NULL,NULL,3,NULL,NULL,NULL,NULL,0914SarimDinWaziri,OpenITI 2025.1.9
0914ZahirDinMarcashi,NULL,Zahir Din Marcashi,NULL,NULL,NULL,NULL,0914,NULL,NULL,NULL,NULL,author,NULL,NULL,NULL,1,NULL,NULL,NULL,NULL,0914ZahirDinMarcashi,OpenITI 2025.1.9
0916IbnFanad,محمد بن علي بن يونس الزحيف الصعدي، بدر الدين، المعروف بابن فند,Ibn Fanad,NULL,NULL,NULL,NULL,0916,NULL,NULL,NULL,NULL,author,NULL,NULL,NULL,1,NULL,NULL,NULL,NULL,0916IbnFanad,OpenITI 2025.1.9
0917CaliIbnMaymun,علي بن ميمون,Cali Ibn Maymun,NULL,NULL,ʿAlī b. Maymūn,NULL,0917,NULL,NULL,NULL,NULL,author,NULL,NULL,NULL,1,NULL,NULL,NULL,NULL,0917CaliIbnMaymun,OpenITI 2025.1.9
0918BafadlHadrami,الحضرمي,Bafadl Hadrami,NULL,NULL,NULL,NULL,0918,NULL,NULL,NULL,NULL,author,NULL,NULL,NULL,1,NULL,NULL,NULL,NULL,0918BafadlHadrami,OpenITI 2025.1.9
0918BinaiHarawi,البنائي الهروي,Binai Harawi,NULL,NULL,al-Bināʾī al-Harawī,NULL,0918,NULL,NULL,NULL,NULL,author,NULL,NULL,NULL,1,NULL,NULL,NULL,NULL,0918BinaiHarawi,OpenITI 2025.1.9
0918IbnQasimShamsDinGhazzi,محمد بن قاسم بن محمد بن محمد، أبو عبد الله، شمس الدين الغزي، ويعرف بابن قاسم وبابن الغرابيلي (المتوفى: 918هـ),Ibn Qasim Shams Din Ghazzi,NULL,NULL,NULL,NULL,0918,NULL,NULL,NULL,NULL,author,NULL,NULL,NULL,1,NULL,NULL,NULL,NULL,0918IbnQasimShamsDinGhazzi,OpenITI 2025.1.9
0919IbnGhaziMiknasi,المكناسي، ابن غازي,Ibn Ghazi Miknasi,NULL,NULL,NULL,NULL,0919,NULL,NULL,NULL,NULL,author,NULL,NULL,NULL,2,NULL,NULL,NULL,NULL,0919IbnGhaziMiknasi,OpenITI 2025.1.9
0920IbnKhalilZaynDinMalati,زين الدين عبد الباسط بن خليل بن شاهين الشينمي,Ibn Khalil Zayn Din Malati,NULL,NULL,NULL,NULL,0920,NULL,NULL,NULL,NULL,author,NULL,NULL,NULL,2,NULL,NULL,NULL,NULL,0920IbnKhalilZaynDinMalati,OpenITI 2025.1.9
0920IbnMahmudNakhjawani,نعمة الله بن محمود النخجواني، ويعرف بالشيخ علوان (المتوفى: 920هـ),Ibn Mahmud Nakhjawani,NULL,NULL,NULL,NULL,0920,NULL,NULL,NULL,NULL,author,NULL,NULL,NULL,1,NULL,NULL,NULL,NULL,0920IbnMahmudNakhjawani,OpenITI 2025.1.9
0921BurhanDinSamarqandi,NULL,Burhan Din Samarqandi,NULL,NULL,NULL,NULL,0921,NULL,NULL,NULL,NULL,author,NULL,NULL,NULL,1,NULL,NULL,NULL,NULL,0921BurhanDinSamarqandi,OpenITI 2025.1.9
0921JibrailIbnQilaci,ابن القلاعي,Jibrail Ibn Qilaci,NULL,NULL,Ibn al-Qilāʿī,NULL,0921,NULL,NULL,NULL,NULL,author,NULL,NULL,NULL,2,NULL,NULL,NULL,NULL,0921JibrailIbnQilaci,OpenITI 2025.1.9
0921NizamAstarabadi,نظام الأسترابادي,Nizam Astarabadi,NULL,NULL,Niẓām al-Astarābādī,NULL,0921,NULL,NULL,NULL,NULL,author,NULL,NULL,NULL,1,NULL,NULL,NULL,NULL,0921NizamAstarabadi,OpenITI 2025.1.9
0922IbnShaykhTarabulusi,إبراهيم بن موسى بن أبي بكر ابن الشيخ علي الطرابلسي، الحنفي (المتوفى: 922هـ),Ibn Shaykh Tarabulusi,NULL,NULL,NULL,NULL,0922,NULL,NULL,NULL,NULL,author,NULL,NULL,NULL,1,NULL,NULL,NULL,NULL,0922IbnShaykhTarabulusi,OpenITI 2025.1.9
0923AhmadQastallani,القسطلاني,Ahmad Qastallani,NULL,NULL,al-Qasṭallānī,NULL,0923,NULL,NULL,NULL,NULL,author,NULL,NULL,NULL,2,NULL,NULL,NULL,NULL,0923AhmadQastallani,OpenITI 2025.1.9
0923IbnCabdAllahKhazraji,الخزرجي الأنصاري اليمني,Ibn Cabd Allah Khazraji,NULL,NULL,NULL,NULL,0923,NULL,NULL,NULL,NULL,author,NULL,NULL,NULL,1,NULL,NULL,NULL,NULL,0923IbnCabdAllahKhazraji,OpenITI 2025.1.9
0925IbnCabdWahhabAcraj,لأبي الفضل بن الأعرج(م),Ibn Cabd Wahhab Acraj,NULL,NULL,NULL,NULL,0925,NULL,NULL,NULL,NULL,author,NULL,NULL,NULL,1,NULL,NULL,NULL,NULL,0925IbnCabdWahhabAcraj,OpenITI 2025.1.9
0926ZakariyyaAnsari,زكريا الأنصاري,Zakariyya Ansari,NULL,NULL,Zakariyā al-Anṣārī,NULL,0926,NULL,NULL,NULL,NULL,author,NULL,NULL,NULL,19,NULL,NULL,NULL,NULL,0926ZakariyyaAnsari,OpenITI 2025.1.9
0927Culaymi,مجير الدين الحنبلي العليمي,Culaymi,NULL,NULL,NULL,NULL,0927,NULL,NULL,NULL,NULL,author,NULL,NULL,NULL,1,NULL,NULL,NULL,NULL,0927Culaymi,OpenITI 2025.1.9
0927KhunjiIsfahani,NULL,Khunji Isfahani,NULL,NULL,NULL,NULL,0927,NULL,NULL,NULL,NULL,author,NULL,NULL,NULL,1,NULL,NULL,NULL,NULL,0927KhunjiIsfahani,OpenITI 2025.1.9
0927Nucaymi,عبد القادر بن محمد النعيمي الدمشقي,Nucaymi,NULL,NULL,ʿAbd al-Qādir b. Muḥammad al-Nuʿaymī al-Dimašqī,NULL,0927,NULL,NULL,NULL,NULL,author,NULL,NULL,NULL,1,NULL,NULL,NULL,NULL,0927Nucaymi,OpenITI 2025.1.9
0927ShaykhCammiSacid,شيخ عمي سعيد,Shaykh Cammi Sacid,NULL,NULL,Šayḫ ʿAmmī Saʿīd,NULL,0927,NULL,NULL,NULL,NULL,author,NULL,NULL,NULL,1,NULL,NULL,NULL,NULL,0927ShaykhCammiSacid,OpenITI 2025.1.9
0928AbuCabbasShammakhi,أبو العباس الشماخي,Abu Cabbas Shammakhi,NULL,NULL,Abū al-ʿAbbās al-Šammāḫī,NULL,0928,NULL,NULL,NULL,NULL,author,NULL,NULL,NULL,2,NULL,NULL,NULL,NULL,0928AbuCabbasShammakhi,OpenITI 2025.1.9
0928IbnQadiCajlun,تقي الدين أبو بكر بن عبد الله بن قاضي عجلون الدمشقي الشافعي (814 - 928 ه),Ibn Qadi Cajlun,NULL,NULL,NULL,NULL,0928,NULL,NULL,NULL,NULL,author,NULL,NULL,NULL,1,NULL,NULL,NULL,NULL,0928IbnQadiCajlun,OpenITI 2025.1.9
0928KamalDinGazargahi,NULL,Kamal Din Gazargahi,NULL,NULL,NULL,NULL,0928,NULL,NULL,NULL,NULL,author,NULL,NULL,NULL,1,NULL,NULL,NULL,NULL,0928KamalDinGazargahi,OpenITI 2025.1.9
0928MujirDinCulaymi,مجير الدين العليمي,Mujir Din Culaymi,NULL,NULL,NULL,NULL,0928,NULL,NULL,NULL,NULL,author,NULL,NULL,NULL,2,NULL,NULL,NULL,NULL,0928MujirDinCulaymi,OpenITI 2025.1.9
0928RabicIbnHabibFarahidi,الربيع ابن حبيب الفراهيدي,Rabic Ibn Habib Farahidi,NULL,NULL,al-Rabīʿ Ibn Ḥabīb al-Farāhīdī,NULL,0928,NULL,NULL,NULL,NULL,author,NULL,NULL,NULL,1,NULL,NULL,NULL,NULL,0928RabicIbnHabibFarahidi,OpenITI 2025.1.9
0929MuhammadShaqrunWahrani,محمد شقرون الوهراني,Muhammad Shaqrun Wahrani,NULL,NULL,NULL,NULL,0929,NULL,NULL,NULL,NULL,author,NULL,NULL,NULL,1,NULL,NULL,NULL,NULL,0929MuhammadShaqrunWahrani,OpenITI 2025.1.9
0930IbnCumarBahraqHadrami,جمال الدين محمد بن عمر المعروف ببحرق (869 - 930 ه),Ibn Cumar Bahraq Hadrami,NULL,NULL,NULL,NULL,0930,NULL,NULL,NULL,NULL,author,NULL,NULL,NULL,4,NULL,NULL,NULL,NULL,0930IbnCumarBahraqHadrami,OpenITI 2025.1.9
0930IbnIyas,ابن اياس,Ibn Iyas,NULL,NULL,Ibn Iyās,NULL,0930,NULL,NULL,NULL,NULL,author,NULL,NULL,NULL,2,NULL,NULL,NULL,NULL,0930IbnIyas,OpenITI 2025.1.9
0931SufiHarawi,الصوفي الهروي,Sufi Harawi,NULL,NULL,al-Ṣūfī al-Harawī,NULL,0931,NULL,NULL,NULL,NULL,author,NULL,NULL,NULL,1,NULL,NULL,NULL,NULL,0931SufiHarawi,OpenITI 2025.1.9
0936BadrDinHilali,بدر الدين هلالي,Badr Din Hilali,NULL,NULL,Badr al-Dīn Hilālī,NULL,0936,NULL,NULL,NULL,NULL,author,NULL,NULL,NULL,2,NULL,NULL,NULL,NULL,0936BadrDinHilali,OpenITI 2025.1.9
0936IbnAhmadShammacHalabi,عمر بن أحمد بن علي الشماع الحلبي,Ibn Ahmad Shammac Halabi,NULL,NULL,NULL,NULL,0936,NULL,NULL,NULL,NULL,author,NULL,NULL,NULL,1,NULL,NULL,NULL,NULL,0936IbnAhmadShammacHalabi,OpenITI 2025.1.9
0936MuhammadIbnCaliShatibi,عبد الله بن محمد الأنصاري الهروي,Muhammad Ibn Cali Shatibi,NULL,NULL,ʿAbd Allāh b. Muḥammad al-Anṣārī al-Harawī,NULL,0936,NULL,NULL,NULL,NULL,author,NULL,NULL,NULL,1,NULL,NULL,NULL,NULL,0936MuhammadIbnCaliShatibi,OpenITI 2025.1.9
0938IbnCaliBalawi,البلوي,Ibn Cali Balawi,NULL,NULL,al-Balawī,NULL,0938,NULL,NULL,NULL,NULL,author,NULL,NULL,NULL,1,NULL,NULL,NULL,NULL,0938IbnCaliBalawi,OpenITI 2025.1.9
0938IbnQasimSirajDinNashshar,عمر بن قاسم بن محمد بن علي الأنصاري أبو حفص، سراج الدين النشار الشافعي المصري (المتوفى: 938هـ),Ibn Qasim Siraj Din Nashshar,NULL,NULL,NULL,NULL,0938,NULL,NULL,NULL,NULL,author,NULL,NULL,NULL,1,NULL,NULL,NULL,NULL,0938IbnQasimSirajDinNashshar,OpenITI 2025.1.9
0939IbnKayyal,ابن كيال,Ibn Kayyal,NULL,NULL,Ibn Kayyāl,NULL,0939,NULL,NULL,NULL,NULL,author,NULL,NULL,NULL,1,NULL,NULL,NULL,NULL,0939IbnKayyal,OpenITI 2025.1.9
0940IbnHusaynMuhaqqiqThaniKaraki,المحقق الكركي,Ibn Husayn Muhaqqiq Thani Karaki,NULL,NULL,NULL,NULL,0940,NULL,NULL,NULL,NULL,author,NULL,NULL,NULL,3,NULL,NULL,NULL,NULL,0940IbnHusaynMuhaqqiqThaniKaraki,OpenITI 2025.1.9
0940IbnKamalBasha,أحمد بن سليمان بن كمال باشا، شمس الدين,Ibn Kamal Basha,NULL,NULL,NULL,NULL,0940,NULL,NULL,NULL,NULL,author,NULL,NULL,NULL,5,NULL,NULL,NULL,NULL,0940IbnKamalBasha,OpenITI 2025.1.9
0940IbnQasimMuhyiDinAmasi,محمد بن قاسم بن يعقوب الأماسي الحنفي، محيي الدين، ابن الخطيب قاسم (المتوفى: 940هـ),Ibn Qasim Muhyi Din Amasi,NULL,NULL,NULL,NULL,0940,NULL,NULL,NULL,NULL,author,NULL,NULL,NULL,1,NULL,NULL,NULL,NULL,0940IbnQasimMuhyiDinAmasi,OpenITI 2025.1.9
0942IbnYusufShami,محمد بن يوسف الصالحي الشامي,Ibn Yusuf Shami,NULL,NULL,NULL,NULL,0942,NULL,NULL,NULL,NULL,author,NULL,NULL,NULL,1,NULL,NULL,NULL,NULL,0942IbnYusufShami,OpenITI 2025.1.9
0942KhalilTatai,أبو عبد الله شمس الدين محمد بن إبراهيم بن خليل التتائي المالكي (000 - 942 ه),Khalil Tatai,NULL,NULL,NULL,NULL,0942,NULL,NULL,NULL,NULL,author,NULL,NULL,NULL,1,NULL,NULL,NULL,NULL,0942KhalilTatai,OpenITI 2025.1.9
0942Khwandamir,NULL,Khwandamir,NULL,NULL,NULL,NULL,0942,NULL,NULL,NULL,NULL,author,NULL,NULL,NULL,1,NULL,NULL,NULL,NULL,0942Khwandamir,OpenITI 2025.1.9
0943CisamDinIsfarayini,إبراهيم بن محمد بن عربشاه عصام الدين الحنفي (ت: 943 ه),Cisam Din Isfarayini,NULL,NULL,NULL,NULL,0943,NULL,NULL,NULL,NULL,author,NULL,NULL,NULL,1,NULL,NULL,NULL,NULL,0943CisamDinIsfarayini,OpenITI 2025.1.9
0943KhwandMir,NULL,Khwand Mir,NULL,NULL,NULL,NULL,0943,NULL,NULL,NULL,NULL,author,NULL,NULL,NULL,1,NULL,NULL,NULL,NULL,0943KhwandMir,OpenITI 2025.1.9
0944CabdRahimShaykhZadah,عبد الرحيم شيخ زاده,Cabd Rahim Shaykh Zadah,NULL,NULL,ʿAbd al-Raḥīm Šayḫ Zādah,NULL,0944,NULL,NULL,NULL,NULL,author,NULL,NULL,NULL,1,NULL,NULL,NULL,NULL,0944CabdRahimShaykhZadah,OpenITI 2025.1.9
0944IbnDaybac,ابن الديبع الشيباني,Ibn Daybac,NULL,NULL,Ibn al-Daybaʿ al-Šaybānī,NULL,0944,NULL,NULL,NULL,NULL,author,NULL,NULL,NULL,5,NULL,NULL,NULL,NULL,0944IbnDaybac,OpenITI 2025.1.9
0945ShamsDinDawudi,الداوودي,Shams Din Dawudi,NULL,NULL,al-Dāwūdī,NULL,0945,NULL,NULL,NULL,NULL,author,NULL,NULL,NULL,1,NULL,NULL,NULL,NULL,0945ShamsDinDawudi,OpenITI 2025.1.9
0947BamakhramaHimyari,عبد الله الطيب بن عبد الله بن أحمد بامخرمة الحميري,Bamakhrama Himyari,NULL,NULL,NULL,NULL,0947,NULL,NULL,NULL,NULL,author,NULL,NULL,NULL,2,NULL,NULL,NULL,NULL,0947BamakhramaHimyari,OpenITI 2025.1.9
0948DashtakiShirazi,الدشتكي الشيرازي,Dashtaki Shirazi,NULL,NULL,al-Daštakī al-Šīrāzī,NULL,0948,NULL,NULL,NULL,NULL,author,NULL,NULL,NULL,1,NULL,NULL,NULL,NULL,0948DashtakiShirazi,OpenITI 2025.1.9
0948GhiyathDinDashtaki,غياث الدين منصور الدشتكي الشيرازي,Ghiyath Din Dashtaki,NULL,NULL,Ġiyāṯ al-Dīn Manṣūr al-Daštakī al-Šīrāzī,NULL,0948,NULL,NULL,NULL,NULL,author,NULL,NULL,NULL,1,NULL,NULL,NULL,NULL,0948GhiyathDinDashtaki,OpenITI 2025.1.9
0948MuhammadIbnKhidrRumi,محمد بن خضر الرومي,Muhammad Ibn Khidr Rumi,NULL,NULL,NULL,NULL,0948,NULL,NULL,NULL,NULL,author,NULL,NULL,NULL,1,NULL,NULL,NULL,NULL,0948MuhammadIbnKhidrRumi,OpenITI 2025.1.9
0949MuhammadIbnYusufHarawi,محمد بن يوسف الهروي,Muhammad Ibn Yusuf Harawi,NULL,NULL,Muḥammad b. Yūsuf al-Harawī,NULL,0949,NULL,NULL,NULL,NULL,author,NULL,NULL,NULL,1,NULL,NULL,NULL,NULL,0949MuhammadIbnYusufHarawi,OpenITI 2025.1.9
0950Anonymous,أحمد بن عبد الحميد العباسي (المتوفي في القرن العاشر الهجري),Anonymous,NULL,NULL,NULL,NULL,0950,NULL,NULL,NULL,NULL,author,NULL,NULL,NULL,2,NULL,NULL,NULL,NULL,0950Anonymous,OpenITI 2025.1.9
0950CaliAkbarKhitai,NULL,Cali Akbar Khitai,NULL,NULL,NULL,NULL,0950,NULL,NULL,NULL,NULL,author,NULL,NULL,NULL,1,NULL,NULL,NULL,NULL,0950CaliAkbarKhitai,OpenITI 2025.1.9
0950IbnSabat,ابن سباط,Ibn Sabat,NULL,NULL,Ibn Sabāṭ,NULL,0950,NULL,NULL,NULL,NULL,author,NULL,NULL,NULL,1,NULL,NULL,NULL,NULL,0950IbnSabat,OpenITI 2025.1.9
0950IbnSulaymanFadilQatifi,الفاضل القطيفي,Ibn Sulayman Fadil Qatifi,NULL,NULL,NULL,NULL,0950,NULL,NULL,NULL,NULL,author,NULL,NULL,NULL,1,NULL,NULL,NULL,NULL,0950IbnSulaymanFadilQatifi,OpenITI 2025.1.9
0950IbnTajDinAstarabadi,NULL,Ibn Taj Din Astarabadi,NULL,NULL,NULL,NULL,0950,NULL,NULL,NULL,NULL,author,NULL,NULL,NULL,1,NULL,NULL,NULL,NULL,0950IbnTajDinAstarabadi,OpenITI 2025.1.9
0950MuhyiDinShaykhZada,محمد بن مصلح الدين مصطفى القوجوي الحنفي المعروف بشيخ زاده,Muhyi Din Shaykh Zada,NULL,NULL,NULL,NULL,0950,NULL,NULL,NULL,NULL,author,NULL,NULL,NULL,1,NULL,NULL,NULL,NULL,0950MuhyiDinShaykhZada,OpenITI 2025.1.9
0950ShaykhZadah,شيخ زاده,Shaykh Zadah,NULL,NULL,NULL,NULL,0950,NULL,NULL,NULL,NULL,author,NULL,NULL,NULL,1,NULL,NULL,NULL,NULL,0950ShaykhZadah,OpenITI 2025.1.9
0950YusufiHarawi,اليوسفي الهروي,Yusufi Harawi,NULL,NULL,al-Yūsufī al-Harawī,NULL,0950,NULL,NULL,NULL,NULL,author,NULL,NULL,NULL,1,NULL,NULL,NULL,NULL,0950YusufiHarawi,OpenITI 2025.1.9
0953Akhdari,الأخضري,Akhdari,NULL,NULL,al-Aḫḍarī,NULL,0953,NULL,NULL,NULL,NULL,author,NULL,NULL,NULL,1,NULL,NULL,NULL,NULL,0953Akhdari,OpenITI 2025.1.9
0953IbnTulun,ابن طولون,Ibn Tulun,NULL,NULL,Ibn Ṭūlūn,NULL,0953,NULL,NULL,NULL,NULL,author,NULL,NULL,NULL,14,NULL,NULL,NULL,NULL,0953IbnTulun,OpenITI 2025.1.9
0954HattabRucayniMaghribi,الحطاب الرعيني,Hattab Rucayni Maghribi,NULL,NULL,al-Ḥaṭṭāb al-Ruʿaynī,NULL,0954,NULL,NULL,NULL,NULL,author,NULL,NULL,NULL,4,NULL,NULL,NULL,NULL,0954HattabRucayniMaghribi,OpenITI 2025.1.9
0954MuhammadIbnCaliIbnCatiyya,محمد بن علي ابن عطية,Muhammad Ibn Cali Ibn Catiyya,NULL,NULL,Muḥammad b. ʿAlī Ibn ʿAṭiyyaŧ,NULL,0954,NULL,NULL,NULL,NULL,author,NULL,NULL,NULL,1,NULL,NULL,NULL,NULL,0954MuhammadIbnCaliIbnCatiyya,OpenITI 2025.1.9
0955MuhammadKarakiHairi,السيد محمد الكركي الحائري‏,Muhammad Karaki Hairi,NULL,NULL,NULL,NULL,0955,NULL,NULL,NULL,NULL,author,NULL,NULL,NULL,1,NULL,NULL,NULL,NULL,0955MuhammadKarakiHairi,OpenITI 2025.1.9
0956IbnCumarShamsDinSafiri,شمس الدين محمد بن عمر بن أحمد السفيري الشافعي (المتوفى: 956هـ),Ibn Cumar Shams Din Safiri,NULL,NULL,NULL,NULL,0956,NULL,NULL,NULL,NULL,author,NULL,NULL,NULL,1,NULL,NULL,NULL,NULL,0956IbnCumarShamsDinSafiri,OpenITI 2025.1.9
0956IbnMuhammadHalabiHanafi,العلامة إبراهيم بن محمد بن إبراهيم الحلبي,Ibn Muhammad Halabi Hanafi,NULL,NULL,NULL,NULL,0956,NULL,NULL,NULL,NULL,author,NULL,NULL,NULL,2,NULL,NULL,NULL,NULL,0956IbnMuhammadHalabiHanafi,OpenITI 2025.1.9
0956SultanCaliAwbahi,سلطان علي الأوبهي,Sultan Cali Awbahi,NULL,NULL,Sulṭān ʿAlī al-Awbahī,NULL,0956,NULL,NULL,NULL,NULL,author,NULL,NULL,NULL,1,NULL,NULL,NULL,NULL,0956SultanCaliAwbahi,OpenITI 2025.1.9
0957FadilDinHamawi,NULL,Fadil Din Hamawi,NULL,NULL,NULL,NULL,0957,NULL,NULL,NULL,NULL,author,NULL,NULL,NULL,1,NULL,NULL,NULL,NULL,0957FadilDinHamawi,OpenITI 2025.1.9
0957MuhammadIbnYahyaBahranZaydi,محمد بن يحيى بن محمد بن أحمد بهران، التميمي النسب، البصري الأصل، الصعدي المولد والوفاة، سراج الدين (المتوفى: 957ه),Muhammad Ibn Yahya Bahran Zaydi,NULL,NULL,NULL,NULL,0957,NULL,NULL,NULL,NULL,author,NULL,NULL,NULL,1,NULL,NULL,NULL,NULL,0957MuhammadIbnYahyaBahranZaydi,OpenITI 2025.1.9
0957ShihabDinRamli,شمس الدين الرملي,Shihab Din Ramli,NULL,NULL,NULL,NULL,0957,NULL,NULL,NULL,NULL,author,NULL,NULL,NULL,4,NULL,NULL,NULL,NULL,0957ShihabDinRamli,OpenITI 2025.1.9
0958NasirDinLaqani,محمد بن الحسن اللقاني,Nasir Din Laqani,NULL,NULL,Muḥammad b. al-Ḥasan al-Laqānī,NULL,0958,NULL,NULL,NULL,NULL,author,NULL,NULL,NULL,1,NULL,NULL,NULL,NULL,0958NasirDinLaqani,OpenITI 2025.1.9
0960ZaynDinWasifi,NULL,Zayn Din Wasifi,NULL,NULL,NULL,NULL,0960,NULL,NULL,NULL,NULL,author,NULL,NULL,NULL,1,NULL,NULL,NULL,NULL,0960ZaynDinWasifi,OpenITI 2025.1.9
0961HasanWazzan,حسن بن محمد الوزان الفاسي,Hasan Wazzan,NULL,NULL,NULL,NULL,0961,NULL,NULL,NULL,NULL,author,NULL,NULL,NULL,1,NULL,NULL,NULL,NULL,0961HasanWazzan,OpenITI 2025.1.9
0961SulaymanMahri,سليمان المهري,Sulayman Mahri,NULL,NULL,Sulaymān al-Mahrī,NULL,0961,NULL,NULL,NULL,NULL,author,NULL,NULL,NULL,5,NULL,NULL,NULL,NULL,0961SulaymanMahri,OpenITI 2025.1.9
0962IbnCabdLatifQazwini,NULL,Ibn Cabd Latif Qazwini,NULL,NULL,NULL,NULL,0962,NULL,NULL,NULL,NULL,author,NULL,NULL,NULL,1,NULL,NULL,NULL,NULL,0962IbnCabdLatifQazwini,OpenITI 2025.1.9
0963CabdRahmanAbuFathCabbasi,عبد الرحيم بن أحمد العباسي,Cabd Rahman Abu Fath Cabbasi,NULL,NULL,NULL,NULL,0963,NULL,NULL,NULL,NULL,author,NULL,NULL,NULL,1,NULL,NULL,NULL,NULL,0963CabdRahmanAbuFathCabbasi,OpenITI 2025.1.9
0963IbnMuhammadIbnCiraqKanani,علي بن محمد بن علي بن عراق الكناني أبو الحسن,Ibn Muhammad Ibn Ciraq Kanani,NULL,NULL,NULL,NULL,0963,NULL,NULL,NULL,NULL,author,NULL,NULL,NULL,1,NULL,NULL,NULL,NULL,0963IbnMuhammadIbnCiraqKanani,OpenITI 2025.1.9
0964CabdCazizMiknasi,عبد العزيز المكناسي,Cabd Caziz Miknasi,NULL,NULL,ʿAbd al-ʿAzīz al-Miknāsī,NULL,0964,NULL,NULL,NULL,NULL,author,NULL,NULL,NULL,1,NULL,NULL,NULL,NULL,0964CabdCazizMiknasi,OpenITI 2025.1.9
0965ShahidThani,الشهيد الثاني,Shahid Thani,NULL,NULL,NULL,NULL,0965,NULL,NULL,NULL,NULL,author,NULL,NULL,NULL,16,NULL,NULL,NULL,NULL,0965ShahidThani,OpenITI 2025.1.9
0965SharafDinAstarabadiHusayni,شرف الدين الحسيني,Sharaf Din Astarabadi Husayni,NULL,NULL,NULL,NULL,0965,NULL,NULL,NULL,NULL,author,NULL,NULL,NULL,1,NULL,NULL,NULL,NULL,0965SharafDinAstarabadiHusayni,OpenITI 2025.1.9
0965ZaynDinCabdGhaffar,زين الدين عبد الغفار,Zayn Din Cabd Ghaffar,NULL,NULL,Zayn al-Dīn ʿAbd al-Ġaffār,NULL,0965,NULL,NULL,NULL,NULL,author,NULL,NULL,NULL,1,NULL,NULL,NULL,NULL,0965ZaynDinCabdGhaffar,OpenITI 2025.1.9
0966HakimShahQazwini,حكيم شاه قزويني,Hakim Shah Qazwini,NULL,NULL,Ḥakīm Šāh Qazwīnī,NULL,0966,NULL,NULL,NULL,NULL,author,NULL,NULL,NULL,1,NULL,NULL,NULL,NULL,0966HakimShahQazwini,OpenITI 2025.1.9
0966HusaynDiyarbakri,الشيخ حسين ديار البكري‏,Husayn Diyarbakri,NULL,NULL,NULL,NULL,0966,NULL,NULL,NULL,NULL,author,NULL,NULL,NULL,1,NULL,NULL,NULL,NULL,0966HusaynDiyarbakri,OpenITI 2025.1.9
0968IbnAhmadAbuNajaHajjawi,موسى بن أحمد بن موسى بن سالم بن عيسى بن سالم الحجاوي المقدسي، ثم الصالحي، شرف الدين، أبو النجا (المتوفى: 968هـ),Ibn Ahmad Abu Naja Hajjawi,NULL,NULL,NULL,NULL,0968,NULL,NULL,NULL,NULL,author,NULL,NULL,NULL,3,NULL,NULL,NULL,NULL,0968IbnAhmadAbuNajaHajjawi,OpenITI 2025.1.9
0968Tashkuprizadah,طاشكپري زاده,Tashkuprizadah,NULL,NULL,Ṭāškuprī Zādah,NULL,0968,NULL,NULL,NULL,NULL,author,NULL,NULL,NULL,1,NULL,NULL,NULL,NULL,0968Tashkuprizadah,OpenITI 2025.1.9
0970IbnIbrahimIbnNujaymMisri,ابن ابراهيم بن نجيم المصري,Ibn Ibrahim Ibn Nujaym Misri,NULL,NULL,Ibn Ibrāhīm b. Nujaym al-Miṣrī,NULL,0970,NULL,NULL,NULL,NULL,author,NULL,NULL,NULL,2,NULL,NULL,NULL,NULL,0970IbnIbrahimIbnNujaymMisri,OpenITI 2025.1.9
0970IbnQutbTabib,ابن قطب الطبيب,Ibn Qutb Tabib,NULL,NULL,Ibn Quṭb al-Ṭabīb,NULL,0970,NULL,NULL,NULL,NULL,author,NULL,NULL,NULL,1,NULL,NULL,NULL,NULL,0970IbnQutbTabib,OpenITI 2025.1.9
0971IbnIbrahimIbnHanbaliHalabi,ابن الحنبلي,Ibn Ibrahim Ibn Hanbali Halabi,NULL,NULL,NULL,NULL,0971,NULL,NULL,NULL,NULL,author,NULL,NULL,NULL,2,NULL,NULL,NULL,NULL,0971IbnIbrahimIbnHanbaliHalabi,OpenITI 2025.1.9
0972IbnAhmadFakihi,عبد الله بن أحمد الفاكهي,Ibn Ahmad Fakihi,NULL,NULL,NULL,NULL,0972,NULL,NULL,NULL,NULL,author,NULL,NULL,NULL,1,NULL,NULL,NULL,NULL,0972IbnAhmadFakihi,OpenITI 2025.1.9
0972IbnAhmadIbnNajjarHanbali,ابن النجار، تقي الدين,Ibn Ahmad Ibn Najjar Hanbali,NULL,NULL,NULL,NULL,0972,NULL,NULL,NULL,NULL,author,NULL,NULL,NULL,2,NULL,NULL,NULL,NULL,0972IbnAhmadIbnNajjarHanbali,OpenITI 2025.1.9
0972IbnCaliKarakiCamili,الشيخ حسن الكركي,Ibn Cali Karaki Camili,NULL,NULL,NULL,NULL,0972,NULL,NULL,NULL,NULL,author,NULL,NULL,NULL,1,NULL,NULL,NULL,NULL,0972IbnCaliKarakiCamili,OpenITI 2025.1.9
0972IbnMahmudAmirBadishahBukhari,محمد أمين المعروف بأمير بادشاه,Ibn Mahmud Amir Badishah Bukhari,NULL,NULL,NULL,NULL,0972,NULL,NULL,NULL,NULL,author,NULL,NULL,NULL,1,NULL,NULL,NULL,NULL,0972IbnMahmudAmirBadishahBukhari,OpenITI 2025.1.9
0973CabdWahhabShacrani,عبد الوهاب الشعراني,Cabd Wahhab Shacrani,NULL,NULL,ʿAbd al-Wahhāb al-Šaʿrānī,NULL,0973,NULL,NULL,NULL,NULL,author,NULL,NULL,NULL,10,NULL,NULL,NULL,NULL,0973CabdWahhabShacrani,OpenITI 2025.1.9
0973KhwajagiShirazi,خواجگي شيرازي,Khwajagi Shirazi,NULL,NULL,Ḫwāǧagī Šīrāzī,NULL,0973,NULL,NULL,NULL,NULL,author,NULL,NULL,NULL,1,NULL,NULL,NULL,NULL,0973KhwajagiShirazi,OpenITI 2025.1.9
0974IbnHajarHaytami,ابن حجر الهيتمي,Ibn Hajar Haytami,NULL,NULL,Ibn Ḥajar al-Haytamī,NULL,0974,NULL,NULL,NULL,NULL,author,NULL,NULL,NULL,19,NULL,NULL,NULL,NULL,0974IbnHajarHaytami,OpenITI 2025.1.9
0974SamMirza,NULL,Sam Mirza,NULL,NULL,NULL,NULL,0974,NULL,NULL,NULL,NULL,author,NULL,NULL,NULL,1,NULL,NULL,NULL,NULL,0974SamMirza,OpenITI 2025.1.9
0975BakathirHadrami,وجيه الدين عبد الرحمن بن عبد الله الملك الشافعي الشهير ب باكثير الحضرمي (975ه - 1567م),Bakathir Hadrami,NULL,NULL,NULL,NULL,0975,NULL,NULL,NULL,NULL,author,NULL,NULL,NULL,1,NULL,NULL,NULL,NULL,0975BakathirHadrami,OpenITI 2025.1.9
0975GhaffariQazwini,NULL,Ghaffari Qazwini,NULL,NULL,NULL,NULL,0975,NULL,NULL,NULL,NULL,author,NULL,NULL,NULL,1,NULL,NULL,NULL,NULL,0975GhaffariQazwini,OpenITI 2025.1.9
0975MuttaqiHindi,المتقي الهندي,Muttaqi Hindi,NULL,NULL,NULL,NULL,0975,NULL,NULL,NULL,NULL,author,NULL,NULL,NULL,1,NULL,NULL,NULL,NULL,0975MuttaqiHindi,OpenITI 2025.1.9
0977KhatibShirbini,محمد الشربيني الخطيب,Khatib Shirbini,NULL,NULL,NULL,NULL,0977,NULL,NULL,NULL,NULL,author,NULL,NULL,NULL,5,NULL,NULL,NULL,NULL,0977KhatibShirbini,OpenITI 2025.1.9
0977MuslihDinLari,مسلح الدين اللاري,Muslih Din Lari,NULL,NULL,Musliḥ al-Dīn al-Lārī,NULL,0977,NULL,NULL,NULL,NULL,author,NULL,NULL,NULL,1,NULL,NULL,NULL,NULL,0977MuslihDinLari,OpenITI 2025.1.9
0978QasimQunawi,قاسم بن عبد الله بن أمير علي القونوي,Qasim Qunawi,NULL,NULL,NULL,NULL,0978,NULL,NULL,NULL,NULL,author,NULL,NULL,NULL,1,NULL,NULL,NULL,NULL,0978QasimQunawi,OpenITI 2025.1.9
0979CaliIbnAmrAllahHinai,لعلي بن أمر الله الحنائي (ت979ه),Cali Ibn Amr Allah Hinai,NULL,NULL,NULL,NULL,0979,NULL,NULL,NULL,NULL,author,NULL,NULL,NULL,1,NULL,NULL,NULL,NULL,0979CaliIbnAmrAllahHinai,OpenITI 2025.1.9
0979IbnTurkiMaliki,أحمد بن تركي بن أحمد المنشليلي المالكي (المتوفى: 979هـ),Ibn Turki Maliki,NULL,NULL,NULL,NULL,0979,NULL,NULL,NULL,NULL,author,NULL,NULL,NULL,1,NULL,NULL,NULL,NULL,0979IbnTurkiMaliki,OpenITI 2025.1.9
0979ShihabDinTibi,شهاب الدين الطيبي,Shihab Din Tibi,NULL,NULL,NULL,NULL,0979,NULL,NULL,NULL,NULL,author,NULL,NULL,NULL,1,NULL,NULL,NULL,NULL,0979ShihabDinTibi,OpenITI 2025.1.9
0981IbnMusaMuwaqqitDimashqi,عبد الباسط بن موسى بن محمد بن إسماعيل العلموي ثم الموقت الدمشقي الشافعي (المتوفى: 981هـ),Ibn Musa Muwaqqit Dimashqi,NULL,NULL,NULL,NULL,0981,NULL,NULL,NULL,NULL,author,NULL,NULL,NULL,1,NULL,NULL,NULL,NULL,0981IbnMusaMuwaqqitDimashqi,OpenITI 2025.1.9
0981MuhammadBirkawi,محمد البركاوي,Muhammad Birkawi,NULL,NULL,Muḥammad al-Birkāwī,NULL,0981,NULL,NULL,NULL,NULL,author,NULL,NULL,NULL,1,NULL,NULL,NULL,NULL,0981MuhammadBirkawi,OpenITI 2025.1.9
0981TaqiDinRumi,تقي الدين، محمد بن بير علي البركوي الرومي الحنفي (المتوفى: 981هـ),Taqi Din Rumi,NULL,NULL,NULL,NULL,0981,NULL,NULL,NULL,NULL,author,NULL,NULL,NULL,2,NULL,NULL,NULL,NULL,0981TaqiDinRumi,OpenITI 2025.1.9
0982IbnMuhammadAbuSucud,أبو السعود,Ibn Muhammad Abu Sucud,NULL,NULL,NULL,NULL,0982,NULL,NULL,NULL,NULL,author,NULL,NULL,NULL,1,NULL,NULL,NULL,NULL,0982IbnMuhammadAbuSucud,OpenITI 2025.1.9
0983IbnMuhammadSahgirAkhdari,الأخضري,Ibn Muhammad Sahgir Akhdari,NULL,NULL,NULL,NULL,0983,NULL,NULL,NULL,NULL,author,NULL,NULL,NULL,1,NULL,NULL,NULL,NULL,0983IbnMuhammadSahgirAkhdari,OpenITI 2025.1.9
0984BadrDinGhazzi,أبو البركات الغزي,Badr Din Ghazzi,NULL,NULL,NULL,NULL,0984,NULL,NULL,NULL,NULL,author,NULL,NULL,NULL,4,NULL,NULL,NULL,NULL,0984BadrDinGhazzi,OpenITI 2025.1.9
0984HusaynBinCabdSamadCamili,الحسين بن عبد الصمد العاملي,Husayn Bin Cabd Samad Camili,NULL,NULL,NULL,NULL,0984,NULL,NULL,NULL,NULL,author,NULL,NULL,NULL,2,NULL,NULL,NULL,NULL,0984HusaynBinCabdSamadCamili,OpenITI 2025.1.9
0984ShahTahmasp,NULL,Shah Tahmasp,NULL,NULL,NULL,NULL,0984,NULL,NULL,NULL,NULL,author,NULL,NULL,NULL,1,NULL,NULL,NULL,NULL,0984ShahTahmasp,OpenITI 2025.1.9
0986IbnCaliFattani,جمال الدين، محمد طاهر بن علي الصديقي الهندي الفتني الكجراتي (المتوفى: 986ه),Ibn Cali Fattani,NULL,NULL,NULL,NULL,0986,NULL,NULL,NULL,NULL,author,NULL,NULL,NULL,2,NULL,NULL,NULL,NULL,0986IbnCaliFattani,OpenITI 2025.1.9
0986JamalDinIbnZahira,محمد بن محمد ابن ظهيرة,Jamal Din Ibn Zahira,NULL,NULL,NULL,NULL,0986,NULL,NULL,NULL,NULL,author,NULL,NULL,NULL,1,NULL,NULL,NULL,NULL,0986JamalDinIbnZahira,OpenITI 2025.1.9
0987ZaynDinMalibari,زين الدين بن علي المعبري المليباري,Zayn Din Malibari,NULL,NULL,Zayn al-Dīn b. ʿAlī al-Muʿabbirī al-Malībārī,NULL,0987,NULL,NULL,NULL,NULL,author,NULL,NULL,NULL,3,NULL,NULL,NULL,NULL,0987ZaynDinMalibari,OpenITI 2025.1.9
0988FathAllahKashani,فتح الله بن شكر الله الشريف الكاشاني,Fath Allah Kashani,NULL,NULL,NULL,NULL,0988,NULL,NULL,NULL,NULL,author,NULL,NULL,NULL,1,NULL,NULL,NULL,NULL,0988FathAllahKashani,OpenITI 2025.1.9
0989SharafDinCimriti,يحيى بن نور الدين أبي الخير بن موسى العمريطي الشافعي الأنصاري الأزهري، شرف الدين (المتوفى: بعد 989هـ),Sharaf Din Cimriti,NULL,NULL,NULL,NULL,0989,NULL,NULL,NULL,NULL,author,NULL,NULL,NULL,3,NULL,NULL,NULL,NULL,0989SharafDinCimriti,OpenITI 2025.1.9
0990QutbDinNahrawani,محمد بن أحمد النهرواني,Qutb Din Nahrawani,NULL,NULL,NULL,NULL,0990,NULL,NULL,NULL,NULL,author,NULL,NULL,NULL,2,NULL,NULL,NULL,NULL,0990QutbDinNahrawani,OpenITI 2025.1.9
0991Malibari,المليباري,Malibari,NULL,NULL,al-Malībārī,NULL,0991,NULL,NULL,NULL,NULL,author,NULL,NULL,NULL,1,NULL,NULL,NULL,NULL,0991Malibari,OpenITI 2025.1.9
0991SariDinIbnSaigh,أحمد بن محمد ابن الصائغ,Sari Din Ibn Saigh,NULL,NULL,Aḥmad b. Muḥammad Ibn al-Ṣāʾiġ,NULL,0991,NULL,NULL,NULL,NULL,author,NULL,NULL,NULL,1,NULL,NULL,NULL,NULL,0991SariDinIbnSaigh,OpenITI 2025.1.9
0991WahshiBafqi,كمال الدين محمد وحشي بافقي,Wahshi Bafqi,NULL,NULL,Kamāl al-Dīn Muḥammad Waḥšī Bāfqī,NULL,0991,NULL,NULL,NULL,NULL,author,NULL,NULL,NULL,4,NULL,NULL,NULL,NULL,0991WahshiBafqi,OpenITI 2025.1.9
0992CaliIbnBaliManq,علي بن بالي منق,Cali Ibn Bali Manq,NULL,NULL,ʿAlī b. Bālī Manq,NULL,0992,NULL,NULL,NULL,NULL,author,NULL,NULL,NULL,2,NULL,NULL,NULL,NULL,0992CaliIbnBaliManq,OpenITI 2025.1.9
0992IbnCardun,أحمد بن الحسن ابن عرضون,Ibn Cardun,NULL,NULL,Aḥmad b. al-Ḥasan Ibn ʿArḍūn,NULL,0992,NULL,NULL,NULL,NULL,author,NULL,NULL,NULL,1,NULL,NULL,NULL,NULL,0992IbnCardun,OpenITI 2025.1.9
0992IbnQasimCibadi,زكريا بن محمد بن أحمد بن زكريا الأنصاري، زين الدين أبو يحيى السنيكي (المتوفى: 926ه),Ibn Qasim Cibadi,NULL,NULL,NULL,NULL,0992,NULL,NULL,NULL,NULL,author,NULL,NULL,NULL,3,NULL,NULL,NULL,NULL,0992IbnQasimCibadi,OpenITI 2025.1.9
0993IbnFalahShaybani,الشيباني,Ibn Falah Shaybani,NULL,NULL,NULL,NULL,0993,NULL,NULL,NULL,NULL,author,NULL,NULL,NULL,1,NULL,NULL,NULL,NULL,0993IbnFalahShaybani,OpenITI 2025.1.9
0993MuhaqqiqArdabili,المقدس الأردبيلي,Muhaqqiq Ardabili,NULL,NULL,NULL,NULL,0993,NULL,NULL,NULL,NULL,author,NULL,NULL,NULL,4,NULL,NULL,NULL,NULL,0993MuhaqqiqArdabili,OpenITI 2025.1.9
0995AhmadManjur,أحمد المنجور,Ahmad Manjur,NULL,NULL,NULL,NULL,0995,NULL,NULL,NULL,NULL,author,NULL,NULL,NULL,1,NULL,NULL,NULL,NULL,0995AhmadManjur,OpenITI 2025.1.9
0996MuhtashamKashani,محتشم كاشاني,Muhtasham Kashani,NULL,NULL,Muḥtašam Kāšānī,NULL,0996,NULL,NULL,NULL,NULL,author,NULL,NULL,NULL,1,NULL,NULL,NULL,NULL,0996MuhtashamKashani,OpenITI 2025.1.9
0997IbnCaliSibahiZadehBursawi,محمد بن علي البروسوي,Ibn Cali Sibahi Zadeh Bursawi,NULL,NULL,NULL,NULL,0997,NULL,NULL,NULL,NULL,author,NULL,NULL,NULL,1,NULL,NULL,NULL,NULL,0997IbnCaliSibahiZadehBursawi,OpenITI 2025.1.9
0999CimadDinShirazi,عماد الدين الشيرازي,Cimad Din Shirazi,NULL,NULL,ʿImād al-Dīn al-Šīrāzī,NULL,0999,NULL,NULL,NULL,NULL,author,NULL,NULL,NULL,1,NULL,NULL,NULL,NULL,0999CimadDinShirazi,OpenITI 2025.1.9
0999OrfiShirazi,عرفي شيرازي,Orfi Shirazi,NULL,NULL,ʿUrfī Šīrāzī,NULL,0999,NULL,NULL,NULL,NULL,author,NULL,NULL,NULL,1,NULL,NULL,NULL,NULL,0999OrfiShirazi,OpenITI 2025.1.9
1000Anonymous,مؤلف مجهول,Anonymous,NULL,NULL,Muʾallif majhūl,NULL,1000,NULL,NULL,NULL,NULL,author,NULL,NULL,NULL,1,NULL,NULL,NULL,NULL,1000Anonymous,OpenITI 2025.1.9
1000CabdBariAshmawi,عبد الباري بن أحمد بن عبد الغني بن عتيق بن الشيخ سعيد بن الشيخ حسن، أبو النجا العشماوي القاهري الأزهري المالكي (المتوفى: ق 10هـ),Cabd Bari Ashmawi,NULL,NULL,NULL,NULL,1000,NULL,NULL,NULL,NULL,author,NULL,NULL,NULL,1,NULL,NULL,NULL,NULL,1000CabdBariAshmawi,OpenITI 2025.1.9
1000QissaShacbiyya,قصة شعبية,Qissa Shacbiyya,NULL,NULL,Qiṣṣaŧ šaʿbiyyaŧ,NULL,1000,NULL,NULL,NULL,NULL,author,NULL,NULL,NULL,1,NULL,NULL,NULL,NULL,1000QissaShacbiyya,OpenITI 2025.1.9
1004BudaqQazwini,NULL,Budaq Qazwini,NULL,NULL,NULL,NULL,1004,NULL,NULL,NULL,NULL,author,NULL,NULL,NULL,1,NULL,NULL,NULL,NULL,1004BudaqQazwini,OpenITI 2025.1.9
1004IbnQasimMaqdisi,ابن غانم,Ibn Qasim Maqdisi,NULL,NULL,NULL,NULL,1004,NULL,NULL,NULL,NULL,author,NULL,NULL,NULL,1,NULL,NULL,NULL,NULL,1004IbnQasimMaqdisi,OpenITI 2025.1.9
1004ShamsDinRamli,محمد بن أحمد الرملي الأنصاري,Shams Din Ramli,NULL,NULL,NULL,NULL,1004,NULL,NULL,NULL,NULL,author,NULL,NULL,NULL,4,NULL,NULL,NULL,NULL,1004ShamsDinRamli,OpenITI 2025.1.9
1004ShamsDinTumurtashi,شمس الدين محمد بن عبد الله بن أحمد، الخطيب العمري التمرتاشي الغزي الحنفي (المتوفى: 1004 هـ),Shams Din Tumurtashi,NULL,NULL,NULL,NULL,1004,NULL,NULL,NULL,NULL,author,NULL,NULL,NULL,1,NULL,NULL,NULL,NULL,1004ShamsDinTumurtashi,OpenITI 2025.1.9
1005SirajDinIbnNujaym,ابن نجيم، سراج الدين,Siraj Din Ibn Nujaym,NULL,NULL,NULL,NULL,1005,NULL,NULL,NULL,NULL,author,NULL,NULL,NULL,1,NULL,NULL,NULL,NULL,1005SirajDinIbnNujaym,OpenITI 2025.1.9
1007Saktawari,NULL,Saktawari,NULL,NULL,NULL,NULL,1007,NULL,NULL,NULL,NULL,author,NULL,NULL,NULL,1,NULL,NULL,NULL,NULL,1007Saktawari,OpenITI 2025.1.9
1008DawudAntaki,داءود بن عمر الأنطاكي,Dawud Antaki,NULL,NULL,Dāʾūd b. ʿUmar al-Anṭākī,NULL,1008,NULL,NULL,NULL,NULL,author,NULL,NULL,NULL,4,NULL,NULL,NULL,NULL,1008DawudAntaki,OpenITI 2025.1.9
1009MuhammadCamili,السيد محمد العاملي,Muhammad Camili,NULL,NULL,NULL,NULL,1009,NULL,NULL,NULL,NULL,author,NULL,NULL,NULL,2,NULL,NULL,NULL,NULL,1009MuhammadCamili,OpenITI 2025.1.9
1010TaqiDinGhazzi,تقي الدين بن عبد القادر التميمي الداري الغزي (المتوفى : 1010هـ),Taqi Din Ghazzi,NULL,NULL,NULL,NULL,1010,NULL,NULL,NULL,NULL,author,NULL,NULL,NULL,1,NULL,NULL,NULL,NULL,1010TaqiDinGhazzi,OpenITI 2025.1.9
1011AbuFadlCallami,أبو الفضل علامي,Abu Fadl Callami,NULL,NULL,Abū al-Faḍl ʿAllāmī,NULL,1011,NULL,NULL,NULL,NULL,author,NULL,NULL,NULL,1,NULL,NULL,NULL,NULL,1011AbuFadlCallami,OpenITI 2025.1.9
1011GulbadanBegum,NULL,Gulbadan Begum,NULL,NULL,NULL,NULL,1011,NULL,NULL,NULL,NULL,author,NULL,NULL,NULL,1,NULL,NULL,NULL,NULL,1011GulbadanBegum,OpenITI 2025.1.9
1011IbnShahidThani,ابن الشهيد الثاني,Ibn Shahid Thani,NULL,NULL,NULL,NULL,1011,NULL,NULL,NULL,NULL,author,NULL,NULL,NULL,3,NULL,NULL,NULL,NULL,1011IbnShahidThani,OpenITI 2025.1.9
1012SharafKhanBidlisi,NULL,Sharaf Khan Bidlisi,NULL,NULL,NULL,NULL,1012,NULL,NULL,NULL,NULL,author,NULL,NULL,NULL,1,NULL,NULL,NULL,NULL,1012SharafKhanBidlisi,OpenITI 2025.1.9
1013AhmadTadiliSawmaci,NULL,Ahmad Tadili Sawmaci,NULL,NULL,NULL,NULL,1013,NULL,NULL,NULL,NULL,author,NULL,NULL,NULL,1,NULL,NULL,NULL,NULL,1013AhmadTadiliSawmaci,OpenITI 2025.1.9
1014AhmadCinayatiNabulsi,أحمد العناياتي النابلسي,Ahmad Cinayati Nabulsi,NULL,NULL,NULL,NULL,1014,NULL,NULL,NULL,NULL,author,NULL,NULL,NULL,1,NULL,NULL,NULL,NULL,1014AhmadCinayatiNabulsi,OpenITI 2025.1.9
1014IbnHidayaHusayni,أبو بكر بن هداية الله الحسيني (1014ه),Ibn Hidaya Husayni,NULL,NULL,NULL,NULL,1014,NULL,NULL,NULL,NULL,author,NULL,NULL,NULL,1,NULL,NULL,NULL,NULL,1014IbnHidayaHusayni,OpenITI 2025.1.9
1014IbnMaryamTilimsani,NULL,Ibn Maryam Tilimsani,NULL,NULL,NULL,NULL,1014,NULL,NULL,NULL,NULL,author,NULL,NULL,NULL,1,NULL,NULL,NULL,NULL,1014IbnMaryamTilimsani,OpenITI 2025.1.9
1014MansurTabalawi,منصور الطبلاوي,Mansur Tabalawi,NULL,NULL,NULL,NULL,1014,NULL,NULL,NULL,NULL,author,NULL,NULL,NULL,1,NULL,NULL,NULL,NULL,1014MansurTabalawi,OpenITI 2025.1.9
1014MullaCaliQari,علي بن سلطان محمد القاري,Mulla Cali Qari,NULL,NULL,NULL,NULL,1014,NULL,NULL,NULL,NULL,author,NULL,NULL,NULL,22,NULL,NULL,NULL,NULL,1014MullaCaliQari,OpenITI 2025.1.9
1014ZaynDinTablawi,أبو السعد زين الدين منصور بن أبي النصر بن محمد الطبلاوي,Zayn Din Tablawi,NULL,NULL,NULL,NULL,1014,NULL,NULL,NULL,NULL,author,NULL,NULL,NULL,1,NULL,NULL,NULL,NULL,1014ZaynDinTablawi,OpenITI 2025.1.9
1015QadiAhmadMunshi,NULL,Qadi Ahmad Munshi,NULL,NULL,NULL,NULL,1015,NULL,NULL,NULL,NULL,author,NULL,NULL,NULL,1,NULL,NULL,NULL,NULL,1015QadiAhmadMunshi,OpenITI 2025.1.9
1015SalimSanhuri,سالم السنهوري,Salim Sanhuri,NULL,NULL,NULL,NULL,1015,NULL,NULL,NULL,NULL,author,NULL,NULL,NULL,1,NULL,NULL,NULL,NULL,1015SalimSanhuri,OpenITI 2025.1.9
1016MuhibbDinHamawi,محب الدين ، محمد بن أبي بكر الحموي (المتوفى : 1016هـ),Muhibb Din Hamawi,NULL,NULL,NULL,NULL,1016,NULL,NULL,NULL,NULL,author,NULL,NULL,NULL,2,NULL,NULL,NULL,NULL,1016MuhibbDinHamawi,OpenITI 2025.1.9
1019NurAllahTustari,السيّد نور الله الحسيني المرعشي التستري,Nur Allah Tustari,NULL,NULL,NULL,NULL,1019,NULL,NULL,NULL,NULL,author,NULL,NULL,NULL,2,NULL,NULL,NULL,NULL,1019NurAllahTustari,OpenITI 2025.1.9
1020IbnAhmadBadrDinCamiliHusayni,السيد بدر الدين بن أحمد الحسيني العاملي,Ibn Ahmad Badr Din Camili Husayni,NULL,NULL,NULL,NULL,1020,NULL,NULL,NULL,NULL,author,NULL,NULL,NULL,1,NULL,NULL,NULL,NULL,1020IbnAhmadBadrDinCamiliHusayni,OpenITI 2025.1.9
1021ShihabDinShalabi,عثمان بن علي بن محجن البارعي، فخر الدين الزيلعي الحنفي (المتوفى: 743 هـ),Shihab Din Shalabi,NULL,NULL,NULL,NULL,1021,NULL,NULL,NULL,NULL,author,NULL,NULL,NULL,1,NULL,NULL,NULL,NULL,1021ShihabDinShalabi,OpenITI 2025.1.9
1022AminAhmadRazi,NULL,Amin Ahmad Razi,NULL,NULL,NULL,NULL,1022,NULL,NULL,NULL,NULL,author,NULL,NULL,NULL,1,NULL,NULL,NULL,NULL,1022AminAhmadRazi,OpenITI 2025.1.9
1022LacliBadakhshi,NULL,Lacli Badakhshi,NULL,NULL,NULL,NULL,1022,NULL,NULL,NULL,NULL,author,NULL,NULL,NULL,1,NULL,NULL,NULL,NULL,1022LacliBadakhshi,OpenITI 2025.1.9
1023MuhammadAminAstarabadi,محمّد أمين الإسترابادي,Muhammad Amin Astarabadi,NULL,NULL,NULL,NULL,1023,NULL,NULL,NULL,NULL,author,NULL,NULL,NULL,1,NULL,NULL,NULL,NULL,1023MuhammadAminAstarabadi,OpenITI 2025.1.9
1024Burini,NULL,Burini,NULL,NULL,NULL,NULL,1024,NULL,NULL,NULL,NULL,author,NULL,NULL,NULL,1,NULL,NULL,NULL,NULL,1024Burini,OpenITI 2025.1.9
1024IbnCabdHaqqCumari,ابن عبد الحق العمري الطرابلسي (المتوفى: نحو 1024 ه),Ibn Cabd Haqq Cumari,NULL,NULL,NULL,NULL,1024,NULL,NULL,NULL,NULL,author,NULL,NULL,NULL,1,NULL,NULL,NULL,NULL,1024IbnCabdHaqqCumari,OpenITI 2025.1.9
1024QadiriBadauni,NULL,Qadiri Badauni,NULL,NULL,NULL,NULL,1024,NULL,NULL,NULL,NULL,author,NULL,NULL,NULL,1,NULL,NULL,NULL,NULL,1024QadiriBadauni,OpenITI 2025.1.9
1024TaqiDinKashi,NULL,Taqi Din Kashi,NULL,NULL,NULL,NULL,1024,NULL,NULL,NULL,NULL,author,NULL,NULL,NULL,1,NULL,NULL,NULL,NULL,1024TaqiDinKashi,OpenITI 2025.1.9
1025IbnQadiMaknasi,أبو العبّاس أحمد بن محمّد المكناسى الشّهير بابن القاضى (960 - 1025 هـ‍),Ibn Qadi Maknasi,NULL,NULL,NULL,NULL,1025,NULL,NULL,NULL,NULL,author,NULL,NULL,NULL,1,NULL,NULL,NULL,NULL,1025IbnQadiMaknasi,OpenITI 2025.1.9
1026AhmadIbrahimiHusayni,NULL,Ahmad Ibrahimi Husayni,NULL,NULL,NULL,NULL,1026,NULL,NULL,NULL,NULL,author,NULL,NULL,NULL,1,NULL,NULL,NULL,NULL,1026AhmadIbrahimiHusayni,OpenITI 2025.1.9
1029BikZada,محمد بن ابراهيم بك زاده,Bik Zada,NULL,NULL,Muḥammad b. Ibrāhīm Bik Zādah,NULL,1029,NULL,NULL,NULL,NULL,author,NULL,NULL,NULL,1,NULL,NULL,NULL,NULL,1029BikZada,OpenITI 2025.1.9
1029JalalDinMunajjim,جلال الدين المنجم اليزدي,Jalal Din Munajjim,NULL,NULL,Ǧalāl al-dīn al-Munajjim al-Yazdī,NULL,1029,NULL,NULL,NULL,NULL,author,NULL,NULL,NULL,1,NULL,NULL,NULL,NULL,1029JalalDinMunajjim,OpenITI 2025.1.9
1029QasimIbnMuhammadImam,المنصور بالله القاسم,Qasim Ibn Muhammad Imam,NULL,NULL,al-Manṣūr bi-Allāh al-Qāsim,NULL,1029,NULL,NULL,NULL,NULL,author,NULL,NULL,NULL,6,NULL,NULL,NULL,NULL,1029QasimIbnMuhammadImam,OpenITI 2025.1.9
1030IbnGhanimBaghdadiHanafi,أبي محمد بن غانم بن محمد البغدادي,Ibn Ghanim Baghdadi Hanafi,NULL,NULL,NULL,NULL,1030,NULL,NULL,NULL,NULL,author,NULL,NULL,NULL,1,NULL,NULL,NULL,NULL,1030IbnGhanimBaghdadiHanafi,OpenITI 2025.1.9
1031BahaDinCamili,بهاء الدين العاملي,Baha Din Camili,NULL,NULL,Bahāʾ al-Dīn al-ʿĀmilī,NULL,1031,NULL,NULL,NULL,NULL,author,NULL,NULL,NULL,12,NULL,NULL,NULL,NULL,1031BahaDinCamili,OpenITI 2025.1.9
1031CabdRaufMunawi,الواحدي,Cabd Rauf Munawi,NULL,NULL,NULL,NULL,1031,NULL,NULL,NULL,NULL,author,NULL,NULL,NULL,10,NULL,NULL,NULL,NULL,1031CabdRaufMunawi,OpenITI 2025.1.9
1033MarciKarmi,الكرمي,Marci Karmi,NULL,NULL,NULL,NULL,1033,NULL,NULL,NULL,NULL,author,NULL,NULL,NULL,19,NULL,NULL,NULL,NULL,1033MarciKarmi,OpenITI 2025.1.9
1034AhmadSirhindi,أحمد بن عبد الأحد بن زين العابدين، العمري الفاروقي نسبا، السرهندي مولدا ووطنا، الحنفي مذهبا (المتوفى: 1034هـ),Ahmad Sirhindi,NULL,NULL,NULL,NULL,1034,NULL,NULL,NULL,NULL,author,NULL,NULL,NULL,1,NULL,NULL,NULL,NULL,1034AhmadSirhindi,OpenITI 2025.1.9
1035AbuBakrAhdal,العلامة أبو بكر بن أبي القاسم الأهدل ( ت : 1035 ),Abu Bakr Ahdal,NULL,NULL,NULL,NULL,1035,NULL,NULL,NULL,NULL,author,NULL,NULL,NULL,1,NULL,NULL,NULL,NULL,1035AbuBakrAhdal,OpenITI 2025.1.9
1035DawudIbnHadi,داوود بن الهادي,Dawud Ibn Hadi,NULL,NULL,Dāwūd b. al-Hādī,NULL,1035,NULL,NULL,NULL,NULL,author,NULL,NULL,NULL,1,NULL,NULL,NULL,NULL,1035DawudIbnHadi,OpenITI 2025.1.9
1036AhmadBaba,التنبكتي، أحمد بابا,Ahmad Baba,NULL,NULL,NULL,NULL,1036,NULL,NULL,NULL,NULL,author,NULL,NULL,NULL,1,NULL,NULL,NULL,NULL,1036AhmadBaba,OpenITI 2025.1.9
1036IbnCabdRahimChishti,الاهدييه بن عبد الرحيم الچشتي,Ibn Cabd Rahim Chishti,NULL,NULL,Ilāhdīyah b. ʿAbd al-Raḥīm al-Čištī,NULL,1036,NULL,NULL,NULL,NULL,author,NULL,NULL,NULL,1,NULL,NULL,NULL,NULL,1036IbnCabdRahimChishti,OpenITI 2025.1.9
1037BaqaiBukharai,بقائي بخاراعي,Baqai Bukharai,NULL,NULL,Baqāʾī Buḫārāʿī,NULL,1037,NULL,NULL,NULL,NULL,author,NULL,NULL,NULL,1,NULL,NULL,NULL,NULL,1037BaqaiBukharai,OpenITI 2025.1.9
1037RaziArtimani,رضي الدين آرتيماني,Razi Artimani,NULL,NULL,Raḍī al-Dīn Ārtīmānī,NULL,1037,NULL,NULL,NULL,NULL,author,NULL,NULL,NULL,5,NULL,NULL,NULL,NULL,1037RaziArtimani,OpenITI 2025.1.9
1037ShifaiIsfahani,شفائي اصفهاني,Shifai Isfahani,NULL,NULL,Šifāʾī Iṣfahānī,NULL,1037,NULL,NULL,NULL,NULL,author,NULL,NULL,NULL,1,NULL,NULL,NULL,NULL,1037ShifaiIsfahani,OpenITI 2025.1.9
1038CabdQadirCaydarus,عبد القادر بن شيخ بن عبد الله العيدروسي,Cabd Qadir Caydarus,NULL,NULL,NULL,NULL,1038,NULL,NULL,NULL,NULL,author,NULL,NULL,NULL,1,NULL,NULL,NULL,NULL,1038CabdQadirCaydarus,OpenITI 2025.1.9
1039IbnLuqman,العلامة شمس الدين أحمد بن محمد لقمان,Ibn Luqman,NULL,NULL,NULL,NULL,1039,NULL,NULL,NULL,NULL,author,NULL,NULL,NULL,1,NULL,NULL,NULL,NULL,1039IbnLuqman,OpenITI 2025.1.9
1040CazmiZadah,عزمي زاده,Cazmi Zadah,NULL,NULL,NULL,NULL,1040,NULL,NULL,NULL,NULL,author,NULL,NULL,NULL,1,NULL,NULL,NULL,NULL,1040CazmiZadah,OpenITI 2025.1.9
1041BurhanDinLaqani,NULL,Burhan Din Laqani,NULL,NULL,NULL,NULL,1041,NULL,NULL,NULL,NULL,author,NULL,NULL,NULL,1,NULL,NULL,NULL,NULL,1041BurhanDinLaqani,OpenITI 2025.1.9
1041BurhanDinMaliki,إبراهيم بن إبراهيم بن حسن اللقاني، أبو الإمداد، برهان الدين المالكي (المتوفى: 1041هـ),Burhan Din Maliki,NULL,NULL,NULL,NULL,1041,NULL,NULL,NULL,NULL,author,NULL,NULL,NULL,1,NULL,NULL,NULL,NULL,1041BurhanDinMaliki,OpenITI 2025.1.9
1041Maqqari,المققري,Maqqari,NULL,NULL,al-Maqqarī,NULL,1041,NULL,NULL,NULL,NULL,author,NULL,NULL,NULL,2,NULL,NULL,NULL,NULL,1041Maqqari,OpenITI 2025.1.9
1041MirDamad,الداماد,Mir Damad,NULL,NULL,al-Dāmād,NULL,1041,NULL,NULL,NULL,NULL,author,NULL,NULL,NULL,3,NULL,NULL,NULL,NULL,1041MirDamad,OpenITI 2025.1.9
1043IskandarBaygMunshi,اسكندر بيگ منشي,Iskandar Bayg Munshi,NULL,NULL,Iskandar Bayg Munšī,NULL,1043,NULL,NULL,NULL,NULL,author,NULL,NULL,NULL,1,NULL,NULL,NULL,NULL,1043IskandarBaygMunshi,OpenITI 2025.1.9
1044IbnBurhanDinHalabi,الحلبي,Ibn Burhan Din Halabi,NULL,NULL,NULL,NULL,1044,NULL,NULL,NULL,NULL,author,NULL,NULL,NULL,1,NULL,NULL,NULL,NULL,1044IbnBurhanDinHalabi,OpenITI 2025.1.9
1046NajmThani,نجم ثاني,Najm Thani,NULL,NULL,Naǧm Ṯānī,NULL,1046,NULL,NULL,NULL,NULL,author,NULL,NULL,NULL,1,NULL,NULL,NULL,NULL,1046NajmThani,OpenITI 2025.1.9
1048MalikShahSistani,ملك سهاه حسين سيستاني,Malik Shah Sistani,NULL,NULL,Malik Shāh Ḥusayn Sīstānī,NULL,1048,NULL,NULL,NULL,NULL,author,NULL,NULL,NULL,1,NULL,NULL,NULL,NULL,1048MalikShahSistani,OpenITI 2025.1.9
1049MuctamadKhan,محمد شريف معتمد خان بخشي,Muctamad Khan,NULL,NULL,Muḥammad Šarīf Muʿtamad Ḫān Baḫšī,NULL,1049,NULL,NULL,NULL,NULL,author,NULL,NULL,NULL,1,NULL,NULL,NULL,NULL,1049MuctamadKhan,OpenITI 2025.1.9
1050AwhadiBalyani,تقي الدين محمد بن سعد الدين أوحدي دقاقي بلياني,Awhadi Balyani,NULL,NULL,Taqī al-Dīn Muḥammad b. Saʿd al-Dīn Awḥadī Daqāqī Balyānī,NULL,1050,NULL,NULL,NULL,NULL,author,NULL,NULL,NULL,1,NULL,NULL,NULL,NULL,1050AwhadiBalyani,OpenITI 2025.1.9
1050IbnMansurBiLlahYamani,الحسين بن المنصور بالله القاسم بن محمد بن علي اليمني (المتوفى : 1050هـ),Ibn Mansur Bi Llah Yamani,NULL,NULL,NULL,NULL,1050,NULL,NULL,NULL,NULL,author,NULL,NULL,NULL,1,NULL,NULL,NULL,NULL,1050IbnMansurBiLlahYamani,OpenITI 2025.1.9
1050IbnQasimHajari,أحمد بن قاسم الحجري أفوقاي,Ibn Qasim Hajari,NULL,NULL,NULL,NULL,1050,NULL,NULL,NULL,NULL,author,NULL,NULL,NULL,1,NULL,NULL,NULL,NULL,1050IbnQasimHajari,OpenITI 2025.1.9
1050MuhaqqiqBidguli,المحققق البدگولي,Muhaqqiq Bidguli,NULL,NULL,al-Muḥaqqiq al-Bidgūlī,NULL,1050,NULL,NULL,NULL,NULL,author,NULL,NULL,NULL,1,NULL,NULL,NULL,NULL,1050MuhaqqiqBidguli,OpenITI 2025.1.9
1050SacidIbrahimJarrari,سعيد بن ابراهيم الجراري,Sacid Ibrahim Jarrari,NULL,NULL,Saʿīd b. Ibrāhīm al-Ǧarrārī,NULL,1050,NULL,NULL,NULL,NULL,author,NULL,NULL,NULL,1,NULL,NULL,NULL,NULL,1050SacidIbrahimJarrari,OpenITI 2025.1.9
1050SadrDinShirazi,صدر الدين الشيرازي,Sadr Din Shirazi,NULL,NULL,Ṣadr al-Dīn al-Šīrāzī,NULL,1050,NULL,NULL,NULL,NULL,author,NULL,NULL,NULL,5,NULL,NULL,NULL,NULL,1050SadrDinShirazi,OpenITI 2025.1.9
1051Cimadi,عبد الرحمن بن عماد الدين محمد بن محمد العمادي الدمشقي,Cimadi,NULL,NULL,NULL,NULL,1051,NULL,NULL,NULL,NULL,author,NULL,NULL,NULL,1,NULL,NULL,NULL,NULL,1051Cimadi,OpenITI 2025.1.9
1051IbnYunusBuhutiHanbali,البهوتي,Ibn Yunus Buhuti Hanbali,NULL,NULL,NULL,NULL,1051,NULL,NULL,NULL,NULL,author,NULL,NULL,NULL,5,NULL,NULL,NULL,NULL,1051IbnYunusBuhutiHanbali,OpenITI 2025.1.9
1052CabdHaqqDihlawi,عبد الحق بن سيف الدين بن سعد الله البخاري الدهلوي الحنفي «المولود بدهلي في الهند سنة (958 ه) والمتوفى بها سنة (1052 ه) رحمه الله تعالى»,Cabd Haqq Dihlawi,NULL,NULL,NULL,NULL,1052,NULL,NULL,NULL,NULL,author,NULL,NULL,NULL,2,NULL,NULL,NULL,NULL,1052CabdHaqqDihlawi,OpenITI 2025.1.9
1052HaqqiDihlawi,الحقق الدهلوي,Haqqi Dihlawi,NULL,NULL,al-Ḥaqq al-Dihlawī,NULL,1052,NULL,NULL,NULL,NULL,author,NULL,NULL,NULL,1,NULL,NULL,NULL,NULL,1052HaqqiDihlawi,OpenITI 2025.1.9
1053MuhammadQasimFirishta,فرشت محمد قاسم هندو شاه أستربادي,Muhammad Qasim Firishta,NULL,NULL,Firišta Muḥammad Qāsim Hindū Šāh Astarabādī,NULL,1053,NULL,NULL,NULL,NULL,author,NULL,NULL,NULL,1,NULL,NULL,NULL,NULL,1053MuhammadQasimFirishta,OpenITI 2025.1.9
1055AhmadSharafi,شمس الدين الشرفي,Ahmad Sharafi,NULL,NULL,Šams al-Dīn al-Šarafī,NULL,1055,NULL,NULL,NULL,NULL,author,NULL,NULL,NULL,3,NULL,NULL,NULL,NULL,1055AhmadSharafi,OpenITI 2025.1.9
1057IbnCallan,محمد علي بن محمد بن علان بن إبراهيم البكري الصديقي الشافعي (المتوفى : 1057هـ),Ibn Callan,NULL,NULL,NULL,NULL,1057,NULL,NULL,NULL,NULL,author,NULL,NULL,NULL,4,NULL,NULL,NULL,NULL,1057IbnCallan,OpenITI 2025.1.9
1058CabdFattahFumani,عبد الفتاح فوماني,Cabd Fattah Fumani,NULL,NULL,ʿAbd al-Fattāḥ Fūmānī,NULL,1058,NULL,NULL,NULL,NULL,author,NULL,NULL,NULL,1,NULL,NULL,NULL,NULL,1058CabdFattahFumani,OpenITI 2025.1.9
1058QadizadaKarahrudi,قاضي زاده كرهرودي,Qadizada Karahrudi,NULL,NULL,Qāḍī Zādah Karahrūdī,NULL,1058,NULL,NULL,NULL,NULL,author,NULL,NULL,NULL,1,NULL,NULL,NULL,NULL,1058QadizadaKarahrudi,OpenITI 2025.1.9
1060IbnQaysar,ابن قيصر,Ibn Qaysar,NULL,NULL,Ibn Qayṣar,NULL,1060,NULL,NULL,NULL,NULL,author,NULL,NULL,NULL,1,NULL,NULL,NULL,NULL,1060IbnQaysar,OpenITI 2025.1.9
1060IbrahimBathnawi,ابراهيم البثنوي,Ibrahim Bathnawi,NULL,NULL,Ibrāhīm al-Baṯnawī,NULL,1060,NULL,NULL,NULL,NULL,author,NULL,NULL,NULL,1,NULL,NULL,NULL,NULL,1060IbrahimBathnawi,OpenITI 2025.1.9
1061AhmadHabisYamani,القاضي العلامة أحمد بن يحيى حابس رضي الله تعالى عنه,Ahmad Habis Yamani,NULL,NULL,NULL,NULL,1061,NULL,NULL,NULL,NULL,author,NULL,NULL,NULL,2,NULL,NULL,NULL,NULL,1061AhmadHabisYamani,OpenITI 2025.1.9
1061CabdNabiFakhrZamani,عبد النبي فخر زماني,Cabd Nabi Fakhr Zamani,NULL,NULL,ʿAbd al-Nabī Faḫr Zamānī,NULL,1061,NULL,NULL,NULL,NULL,author,NULL,NULL,NULL,1,NULL,NULL,NULL,NULL,1061CabdNabiFakhrZamani,OpenITI 2025.1.9
1061IbnMullaFarrukhRumi,محمد بن عبد العظيم المكي الرومي الموري الحنفي,Ibn Mulla Farrukh Rumi,NULL,NULL,NULL,NULL,1061,NULL,NULL,NULL,NULL,author,NULL,NULL,NULL,1,NULL,NULL,NULL,NULL,1061IbnMullaFarrukhRumi,OpenITI 2025.1.9
1061NajmDinGhazzi,نجم الدين محمد الغزي,Najm Din Ghazzi,NULL,NULL,Naǧm al-Dīn Muḥammad al-Ġazzī,NULL,1061,NULL,NULL,NULL,NULL,author,NULL,NULL,NULL,2,NULL,NULL,NULL,NULL,1061NajmDinGhazzi,OpenITI 2025.1.9
1062CabdAllahSharafi,عبدالله بن أحمد الشرفي,Cabd Allah Sharafi,NULL,NULL,NULL,NULL,1062,NULL,NULL,NULL,NULL,author,NULL,NULL,NULL,1,NULL,NULL,NULL,NULL,1062CabdAllahSharafi,OpenITI 2025.1.9
1062NurDinMusawiCamili,محمد أمين الإسترآبادي ، السيد نور الدين العاملي,Nur Din Musawi Camili,NULL,NULL,NULL,NULL,1062,NULL,NULL,NULL,NULL,author,NULL,NULL,NULL,1,NULL,NULL,NULL,NULL,1062NurDinMusawiCamili,OpenITI 2025.1.9
1064ShamsaJilani,شمسا الجيلاني,Shamsa Jilani,NULL,NULL,Šamsā al-Ǧīlānī,NULL,1064,NULL,NULL,NULL,NULL,author,NULL,NULL,NULL,1,NULL,NULL,NULL,NULL,1064ShamsaJilani,OpenITI 2025.1.9
1064ShaykhCaliGilani,شيخ علي گيلاني,Shaykh Cali Gilani,NULL,NULL,Šayḫ ʿAlī Gīlānī,NULL,1064,NULL,NULL,NULL,NULL,author,NULL,NULL,NULL,1,NULL,NULL,NULL,NULL,1064ShaykhCaliGilani,OpenITI 2025.1.9
1066IbnYusufZaynCabidinKurani,زين العابدين بن يوسف بن محمد بن زين العابدين بن طاهر بن صدر الدين محمد بن إسماعيل -الكوراني الكردي الحنفي (المتوفى بعد 1066 هـ),Ibn Yusuf Zayn Cabidin Kurani,NULL,NULL,NULL,NULL,1066,NULL,NULL,NULL,NULL,author,NULL,NULL,NULL,1,NULL,NULL,NULL,NULL,1066IbnYusufZaynCabidinKurani,OpenITI 2025.1.9
1066MuhammadSadiqHamadani,محمد صديق همداني,Muhammad Sadiq Hamadani,NULL,NULL,Muḥammad Ṣadīq Hamadānī,NULL,1066,NULL,NULL,NULL,NULL,author,NULL,NULL,NULL,1,NULL,NULL,NULL,NULL,1066MuhammadSadiqHamadani,OpenITI 2025.1.9
1067HajjiKhalifa,حجي خليف، كاتب چeلeبي,Hajji Khalifa,NULL,NULL,"Ḥaǧǧī Ḫalīfa, Kātib Čelebī",NULL,1067,NULL,NULL,NULL,NULL,author,NULL,NULL,NULL,2,NULL,NULL,NULL,NULL,1067HajjiKhalifa,OpenITI 2025.1.9
1068IbnCaliFuwati,NULL,Ibn Cali Fuwati,NULL,NULL,NULL,NULL,1068,NULL,NULL,NULL,NULL,author,NULL,NULL,NULL,1,NULL,NULL,NULL,NULL,1068IbnCaliFuwati,OpenITI 2025.1.9
1068KhwajagiIsfahani,محمد معصوم خواجگي اصفهاني,Khwajagi Isfahani,NULL,NULL,Muḥammad Maʿṣūm Ḫwāǧagī Iṣfahānī,NULL,1068,NULL,NULL,NULL,NULL,author,NULL,NULL,NULL,1,NULL,NULL,NULL,NULL,1068KhwajagiIsfahani,OpenITI 2025.1.9
1069IbnCammarShurunbulali,حسن بن عمار بن علي الشرنبلالي المصري الحنفي (المتوفى: 1069هـ),Ibn Cammar Shurunbulali,NULL,NULL,NULL,NULL,1069,NULL,NULL,NULL,NULL,author,NULL,NULL,NULL,5,NULL,NULL,NULL,NULL,1069IbnCammarShurunbulali,OpenITI 2025.1.9
1069MuhammadShawbari,محمد الشوبري,Muhammad Shawbari,NULL,NULL,NULL,NULL,1069,NULL,NULL,NULL,NULL,author,NULL,NULL,NULL,1,NULL,NULL,NULL,NULL,1069MuhammadShawbari,OpenITI 2025.1.9
1069ShihabDinKhafaji,شهاب الدين أحمد بن محمد بن عمر الخفاجي المصري الحنفي (المتوفى: 1069هـ),Shihab Din Khafaji,NULL,NULL,NULL,NULL,1069,NULL,NULL,NULL,NULL,author,NULL,NULL,NULL,3,NULL,NULL,NULL,NULL,1069ShihabDinKhafaji,OpenITI 2025.1.9
1069ShihabDinQalyubi,شهاب الدين أحمد بن أحمد بن سلامة القليوبي,Shihab Din Qalyubi,NULL,NULL,NULL,NULL,1069,NULL,NULL,NULL,NULL,author,NULL,NULL,NULL,1,NULL,NULL,NULL,NULL,1069ShihabDinQalyubi,OpenITI 2025.1.9
1070MuhammadKibrit,محمّد كبريت الحسيني المدني,Muhammad Kibrit,NULL,NULL,NULL,NULL,1070,NULL,NULL,NULL,NULL,author,NULL,NULL,NULL,3,NULL,NULL,NULL,NULL,1070MuhammadKibrit,OpenITI 2025.1.9
1071FadilTuniKhurasani,الفاضل التوني,Fadil Tuni Khurasani,NULL,NULL,NULL,NULL,1071,NULL,NULL,NULL,NULL,author,NULL,NULL,NULL,1,NULL,NULL,NULL,NULL,1071FadilTuniKhurasani,OpenITI 2025.1.9
1071IbnFaqihFussaBacliDimashqi,عبد الباقي المواهبي الحنبلي,Ibn Faqih Fussa Bacli Dimashqi,NULL,NULL,NULL,NULL,1071,NULL,NULL,NULL,NULL,author,NULL,NULL,NULL,1,NULL,NULL,NULL,NULL,1071IbnFaqihFussaBacliDimashqi,OpenITI 2025.1.9
1072IbnAhmadMayyaraFasi,محمد بن أحمد ميارة المالكي,Ibn Ahmad Mayyara Fasi,NULL,NULL,NULL,NULL,1072,NULL,NULL,NULL,NULL,author,NULL,NULL,NULL,2,NULL,NULL,NULL,NULL,1072IbnAhmadMayyaraFasi,OpenITI 2025.1.9
1073CabdKarimFakun,NULL,Cabd Karim Fakun,NULL,NULL,NULL,NULL,1073,NULL,NULL,NULL,NULL,author,NULL,NULL,NULL,1,NULL,NULL,NULL,NULL,1073CabdKarimFakun,OpenITI 2025.1.9
1073YusufBadiciDimashqi,يوسف البديعي الدمشقي (المتوفى : 1073هـ),Yusuf Badici Dimashqi,NULL,NULL,NULL,NULL,1073,NULL,NULL,NULL,NULL,author,NULL,NULL,NULL,1,NULL,NULL,NULL,NULL,1073YusufBadiciDimashqi,OpenITI 2025.1.9
1077CinayatKhan,عنايت خان,Cinayat Khan,NULL,NULL,ʿInāyat Ḫān,NULL,1077,NULL,NULL,NULL,NULL,author,NULL,NULL,NULL,1,NULL,NULL,NULL,NULL,1077CinayatKhan,OpenITI 2025.1.9
1077Jurmuzi,NULL,Jurmuzi,NULL,NULL,NULL,NULL,1077,NULL,NULL,NULL,NULL,author,NULL,NULL,NULL,3,NULL,NULL,NULL,NULL,1077Jurmuzi,OpenITI 2025.1.9
1078RiyadZadah,عبد اللطيف بن محمد رياض زادة,Riyad Zadah,NULL,NULL,NULL,NULL,1078,NULL,NULL,NULL,NULL,author,NULL,NULL,NULL,1,NULL,NULL,NULL,NULL,1078RiyadZadah,OpenITI 2025.1.9
1078ShaykhiZadahDamadAfandi,عبد الرحمن بن محمد بن سليمان الكليبولي المدعو بشيخي زاده,Shaykhi Zadah Damad Afandi,NULL,NULL,NULL,NULL,1078,NULL,NULL,NULL,NULL,author,NULL,NULL,NULL,1,NULL,NULL,NULL,NULL,1078ShaykhiZadahDamadAfandi,OpenITI 2025.1.9
1079CumarDafriZuhri,عمر الدفري,Cumar Dafri Zuhri,NULL,NULL,NULL,NULL,1079,NULL,NULL,NULL,NULL,author,NULL,NULL,NULL,1,NULL,NULL,NULL,NULL,1079CumarDafriZuhri,OpenITI 2025.1.9
1079HabalShacir,الهبل,Habal Shacir,NULL,NULL,NULL,NULL,1079,NULL,NULL,NULL,NULL,author,NULL,NULL,NULL,1,NULL,NULL,NULL,NULL,1079HabalShacir,OpenITI 2025.1.9
1079MuhammadIbnHasanIbnQasim,محمد بن الحسن بن القاسم,Muhammad Ibn Hasan Ibn Qasim,NULL,NULL,NULL,NULL,1079,NULL,NULL,NULL,NULL,author,NULL,NULL,NULL,1,NULL,NULL,NULL,NULL,1079MuhammadIbnHasanIbnQasim,OpenITI 2025.1.9
1080IbnMuhammadBayquniDimashqi,عمر (أوطه) بن محمد بن فتوح البيقوني (المتوفى : نحو 1080هـ),Ibn Muhammad Bayquni Dimashqi,NULL,NULL,NULL,NULL,1080,NULL,NULL,NULL,NULL,author,NULL,NULL,NULL,1,NULL,NULL,NULL,NULL,1080IbnMuhammadBayquniDimashqi,OpenITI 2025.1.9
1081KhalilKashani,خليل الكاشاني,Khalil Kashani,NULL,NULL,Ḫalīl al-Kāšānī,NULL,1081,NULL,NULL,NULL,NULL,author,NULL,NULL,NULL,1,NULL,NULL,NULL,NULL,1081KhalilKashani,OpenITI 2025.1.9
1081MuhammadSalihMazandarani,مولي محمد صالح المازندراني,Muhammad Salih Mazandarani,NULL,NULL,NULL,NULL,1081,NULL,NULL,NULL,NULL,author,NULL,NULL,NULL,1,NULL,NULL,NULL,NULL,1081MuhammadSalihMazandarani,OpenITI 2025.1.9
1081SalihIbnNasrAllahIbnSallum,صالح بن نصر الله ابن سلوم,Salih Ibn Nasr Allah Ibn Sallum,NULL,NULL,Ṣāliḥ b. Naṣr Allāh Ibn Sallūm,NULL,1081,NULL,NULL,NULL,NULL,author,NULL,NULL,NULL,1,NULL,NULL,NULL,NULL,1081SalihIbnNasrAllahIbnSallum,OpenITI 2025.1.9
1082IbnShadqamMadani,ضامن بن شدقم المدني,Ibn Shadqam Madani,NULL,NULL,NULL,NULL,1082,NULL,NULL,NULL,NULL,author,NULL,NULL,NULL,1,NULL,NULL,NULL,NULL,1082IbnShadqamMadani,OpenITI 2025.1.9
1082KanbuhLahawri,محمد صالح كنبوه لهوري,Kanbuh Lahawri,NULL,NULL,Muḥammad Ṣāliḥ Kanbūh Lahawrī,NULL,1082,NULL,NULL,NULL,NULL,author,NULL,NULL,NULL,1,NULL,NULL,NULL,NULL,1082KanbuhLahawri,OpenITI 2025.1.9
1082RaficDinNaini,رفيع الدين محمد بن حيدر النائيني,Rafic Din Naini,NULL,NULL,NULL,NULL,1082,NULL,NULL,NULL,NULL,author,NULL,NULL,NULL,1,NULL,NULL,NULL,NULL,1082RaficDinNaini,OpenITI 2025.1.9
1083IbnBalbanDimashqi,محمد بن بدر الدين بن بلبان الدمشقي,Ibn Balban Dimashqi,NULL,NULL,NULL,NULL,1083,NULL,NULL,NULL,NULL,author,NULL,NULL,NULL,4,NULL,NULL,NULL,NULL,1083IbnBalbanDimashqi,OpenITI 2025.1.9
1083NasirIbrahimMuayyadi,الإمام الناصر إبراهيم بن محمد بن أحمد المؤيدي,Nasir Ibrahim Muayyadi,NULL,NULL,NULL,NULL,1083,NULL,NULL,NULL,NULL,author,NULL,NULL,NULL,1,NULL,NULL,NULL,NULL,1083NasirIbrahimMuayyadi,OpenITI 2025.1.9
1084MuhammadMuqimYazdi,محمد مقيم اليزدي,Muhammad Muqim Yazdi,NULL,NULL,NULL,NULL,1084,NULL,NULL,NULL,NULL,author,NULL,NULL,NULL,1,NULL,NULL,NULL,NULL,1084MuhammadMuqimYazdi,OpenITI 2025.1.9
1085FakhrDinTurayhi,الشيخ الطريحي,Fakhr Din Turayhi,NULL,NULL,NULL,NULL,1085,NULL,NULL,NULL,NULL,author,NULL,NULL,NULL,2,NULL,NULL,NULL,NULL,1085FakhrDinTurayhi,OpenITI 2025.1.9
1085IbnCabdRidaBasri,أحمد بن عبد الرضا البصري,Ibn Cabd Rida Basri,NULL,NULL,NULL,NULL,1085,NULL,NULL,NULL,NULL,author,NULL,NULL,NULL,1,NULL,NULL,NULL,NULL,1085IbnCabdRidaBasri,OpenITI 2025.1.9
1086IbnCajamiMisri,أحمد بن أحمد بن محمد بن أحمد ابن إبراهيم العجمي الشافعي الوفائي المصري الأزهري، شهاب الدين (المتوفى: 1086هـ),Ibn Cajami Misri,NULL,NULL,NULL,NULL,1086,NULL,NULL,NULL,NULL,author,NULL,NULL,NULL,1,NULL,NULL,NULL,NULL,1086IbnCajamiMisri,OpenITI 2025.1.9
1087IbnMactuqShacir,ابن معتوق,Ibn Mactuq Shacir,NULL,NULL,NULL,NULL,1087,NULL,NULL,NULL,NULL,author,NULL,NULL,NULL,1,NULL,NULL,NULL,NULL,1087IbnMactuqShacir,OpenITI 2025.1.9
1087MutawakkilIsmacil,NULL,Mutawakkil Ismacil,NULL,NULL,NULL,NULL,1087,NULL,NULL,NULL,NULL,author,NULL,NULL,NULL,2,NULL,NULL,NULL,NULL,1087MutawakkilIsmacil,OpenITI 2025.1.9
1088AbuSitta,NULL,Abu Sitta,NULL,NULL,NULL,NULL,1088,NULL,NULL,NULL,NULL,author,NULL,NULL,NULL,1,NULL,NULL,NULL,NULL,1088AbuSitta,OpenITI 2025.1.9
1088IbnAhmadKhalwati,محمد بن أحمد بن علي البهوتي الخلوتي (المتوفى: 1088 ه),Ibn Ahmad Khalwati,NULL,NULL,NULL,NULL,1088,NULL,NULL,NULL,NULL,author,NULL,NULL,NULL,1,NULL,NULL,NULL,NULL,1088IbnAhmadKhalwati,OpenITI 2025.1.9
1088IbnCaliHaskafi,الحصكفي,Ibn Cali Haskafi,NULL,NULL,NULL,NULL,1088,NULL,NULL,NULL,NULL,author,NULL,NULL,NULL,1,NULL,NULL,NULL,NULL,1088IbnCaliHaskafi,OpenITI 2025.1.9
1088SaibTabrizi,سائب تبريزي,Saib Tabrizi,NULL,NULL,Sāʾib Tabrīzī,NULL,1088,NULL,NULL,NULL,NULL,author,NULL,NULL,NULL,1,NULL,NULL,NULL,NULL,1088SaibTabrizi,OpenITI 2025.1.9
1089IbnCimad,عبد الحي بن أحمد بن محمد ابن العماد العكري الحنبلي، أبو الفلاح (المتوفى: 1089هـ),Ibn Cimad,NULL,NULL,NULL,NULL,1089,NULL,NULL,NULL,NULL,author,NULL,NULL,NULL,2,NULL,NULL,NULL,NULL,1089IbnCimad,OpenITI 2025.1.9
1090IbnCabdWahidAndalusiFasi,أبو محمد بن عبد الواحد بن أحمد بن عاشر الأنصاري الأندلسي، المغربي الفاسي (المتوفى: 1090هـ),Ibn Cabd Wahid Andalusi Fasi,NULL,NULL,NULL,NULL,1090,NULL,NULL,NULL,NULL,author,NULL,NULL,NULL,1,NULL,NULL,NULL,NULL,1090IbnCabdWahidAndalusiFasi,OpenITI 2025.1.9
1090KhamisShiqsi,خميس شقصي,Khamis Shiqsi,NULL,NULL,Ḫamīs Šiqṣī,NULL,1090,NULL,NULL,NULL,NULL,author,NULL,NULL,NULL,1,NULL,NULL,NULL,NULL,1090KhamisShiqsi,OpenITI 2025.1.9
1090MuhammadBaqirSabzawari,المحقق السبزواري,Muhammad Baqir Sabzawari,NULL,NULL,NULL,NULL,1090,NULL,NULL,NULL,NULL,author,NULL,NULL,NULL,1,NULL,NULL,NULL,NULL,1090MuhammadBaqirSabzawari,OpenITI 2025.1.9
1090MuhammadMacsumIbnHasan,محمد معصوم بن حسن بن صالح,Muhammad Macsum Ibn Hasan,NULL,NULL,Muḥammad Maʿṣūm b. Ḥasan b. Ṣāliḥ,NULL,1090,NULL,NULL,NULL,NULL,author,NULL,NULL,NULL,1,NULL,NULL,NULL,NULL,1090MuhammadMacsumIbnHasan,OpenITI 2025.1.9
1090NizamDinBalkhi,الشيخ نظام وجماعة من علماء الهند,Nizam Din Balkhi,NULL,NULL,NULL,NULL,1090,NULL,NULL,NULL,NULL,author,NULL,NULL,NULL,1,NULL,NULL,NULL,NULL,1090NizamDinBalkhi,OpenITI 2025.1.9
1091MuhammadMuhsinFaydKashani,محمد محسن الفيض الكاشاني,Muhammad Muhsin Fayd Kashani,NULL,NULL,Muḥammad Muḥsin al-Fayḍ al-Kāšānī,NULL,1091,NULL,NULL,NULL,NULL,author,NULL,NULL,NULL,6,NULL,NULL,NULL,NULL,1091MuhammadMuhsinFaydKashani,OpenITI 2025.1.9
1092AhmadIbnAbiRijal,العلامة المؤرخ أحمد بن صالح بن أبي الرجال,Ahmad Ibn Abi Rijal,NULL,NULL,NULL,NULL,1092,NULL,NULL,NULL,NULL,author,NULL,NULL,NULL,1,NULL,NULL,NULL,NULL,1092AhmadIbnAbiRijal,OpenITI 2025.1.9
1093CabdQadirBaghdadi,عبد القادر بن عمر البغدادي,Cabd Qadir Baghdadi,NULL,NULL,ʿAbd al-Qādir b. ʿUmar al-Baġdādī,NULL,1093,NULL,NULL,NULL,NULL,author,NULL,NULL,NULL,3,NULL,NULL,NULL,NULL,1093CabdQadirBaghdadi,OpenITI 2025.1.9
1094IbnMusaKaffawi,أبو البقاء أيوب بن موسى الحسيني الكفومي,Ibn Musa Kaffawi,NULL,NULL,NULL,NULL,1094,NULL,NULL,NULL,NULL,author,NULL,NULL,NULL,1,NULL,NULL,NULL,NULL,1094IbnMusaKaffawi,OpenITI 2025.1.9
1094IbnSacidMujaylidi,المجيلدي,Ibn Sacid Mujaylidi,NULL,NULL,NULL,NULL,1094,NULL,NULL,NULL,NULL,author,NULL,NULL,NULL,1,NULL,NULL,NULL,NULL,1094IbnSacidMujaylidi,OpenITI 2025.1.9
1094IbnSulaymanRudani,محمد بن محمد بن سليمان بن الفاسي بن طاهر السوسي الردواني المغربي المالكي (المتوفى: 1094هـ),Ibn Sulayman Rudani,NULL,NULL,NULL,NULL,1094,NULL,NULL,NULL,NULL,author,NULL,NULL,NULL,2,NULL,NULL,NULL,NULL,1094IbnSulaymanRudani,OpenITI 2025.1.9
1094TabibTihrani,NULL,Tabib Tihrani,NULL,NULL,NULL,NULL,1094,NULL,NULL,NULL,NULL,author,NULL,NULL,NULL,1,NULL,NULL,NULL,NULL,1094TabibTihrani,OpenITI 2025.1.9
1095Anonymous,NULL,Anonymous,NULL,NULL,NULL,NULL,1095,NULL,NULL,NULL,NULL,author,NULL,NULL,NULL,1,NULL,NULL,NULL,NULL,1095Anonymous,OpenITI 2025.1.9
1095MirTaymurMarcashi,مير تيمور مرعشي,Mir Taymur Marcashi,NULL,NULL,Mīr Taymūr Marʿašī,NULL,1095,NULL,NULL,NULL,NULL,author,NULL,NULL,NULL,1,NULL,NULL,NULL,NULL,1095MirTaymurMarcashi,OpenITI 2025.1.9
1096YahyaShawi,يحيى بن محمد بن محمد بن عبد الله، أبو زكرياء الشاوي الملياني الجزائري المالكي (المتوفى: 1096هـ),Yahya Shawi,NULL,NULL,NULL,NULL,1096,NULL,NULL,NULL,NULL,author,NULL,NULL,NULL,1,NULL,NULL,NULL,NULL,1096YahyaShawi,OpenITI 2025.1.9
1097CaliIbnSalahIbnCaliTabari,NULL,Cali Ibn Salah Ibn Cali Tabari,NULL,NULL,NULL,NULL,1097,NULL,NULL,NULL,NULL,author,NULL,NULL,NULL,1,NULL,NULL,NULL,NULL,1097CaliIbnSalahIbnCaliTabari,OpenITI 2025.1.9
1097IbnQaid,عثمان بن أحمد بن سعيد النجدي الشهير بابن قائد (ت: 1097 ه),Ibn Qaid,NULL,NULL,NULL,NULL,1097,NULL,NULL,NULL,NULL,author,NULL,NULL,NULL,2,NULL,NULL,NULL,NULL,1097IbnQaid,OpenITI 2025.1.9
1098AhmadMuhammadHamawi,الحموي، ياقوت,Ahmad Muhammad Hamawi,NULL,NULL,NULL,NULL,1098,NULL,NULL,NULL,NULL,author,NULL,NULL,NULL,1,NULL,NULL,NULL,NULL,1098AhmadMuhammadHamawi,OpenITI 2025.1.9
1098IbnMuhammadShihabDinHamawi,أبو العباس شهاب الدين أحمد بن محمد مكي الحسيني الحموي الحنفي,Ibn Muhammad Shihab Din Hamawi,NULL,NULL,NULL,NULL,1098,NULL,NULL,NULL,NULL,author,NULL,NULL,NULL,2,NULL,NULL,NULL,NULL,1098IbnMuhammadShihabDinHamawi,OpenITI 2025.1.9
1098KamalDinBayadi,NULL,Kamal Din Bayadi,NULL,NULL,NULL,NULL,1098,NULL,NULL,NULL,NULL,author,NULL,NULL,NULL,1,NULL,NULL,NULL,NULL,1098KamalDinBayadi,OpenITI 2025.1.9
1098MuhammadTahirShiraziQummi,محمد طاهر القمي الشيرازي,Muhammad Tahir Shirazi Qummi,NULL,NULL,NULL,NULL,1098,NULL,NULL,NULL,NULL,author,NULL,NULL,NULL,1,NULL,NULL,NULL,NULL,1098MuhammadTahirShiraziQummi,OpenITI 2025.1.9
1098WalihIsfahani,محمد يوسف واله اصفهاني,Walih Isfahani,NULL,NULL,Muḥammad Yūsuf Wālih Iṣfahānī,NULL,1098,NULL,NULL,NULL,NULL,author,NULL,NULL,NULL,1,NULL,NULL,NULL,NULL,1098WalihIsfahani,OpenITI 2025.1.9
1098WaqariTabasiYazdi,وقري طبسي يزدي,Waqari Tabasi Yazdi,NULL,NULL,Waqarī Ṭabasī Yazdī,NULL,1098,NULL,NULL,NULL,NULL,author,NULL,NULL,NULL,1,NULL,NULL,NULL,NULL,1098WaqariTabasiYazdi,OpenITI 2025.1.9
1099CabdBaqiZurqani,عبد الباقي بن يوسف بن أحمد الزرقاني المصري,Cabd Baqi Zurqani,NULL,NULL,NULL,NULL,1099,NULL,NULL,NULL,NULL,author,NULL,NULL,NULL,2,NULL,NULL,NULL,NULL,1099CabdBaqiZurqani,OpenITI 2025.1.9
1099IbnMuhammadKhuwansari,المحقق الخوانساري,Ibn Muhammad Khuwansari,NULL,NULL,NULL,NULL,1099,NULL,NULL,NULL,NULL,author,NULL,NULL,NULL,1,NULL,NULL,NULL,NULL,1099IbnMuhammadKhuwansari,OpenITI 2025.1.9
1100CumarMarcashi,عمر المرعشي,Cumar Marcashi,NULL,NULL,ʿUmar al-Marʿašī,NULL,1100,NULL,NULL,NULL,NULL,author,NULL,NULL,NULL,1,NULL,NULL,NULL,NULL,1100CumarMarcashi,OpenITI 2025.1.9
1100IbnCabdKarimAshmuniMisri,أحمد بن عبد الكريم بن محمد بن عبد الكريم الأشموني المصري الشافعي (المتوفى: نحو 1100هـ),Ibn Cabd Karim Ashmuni Misri,NULL,NULL,NULL,NULL,1100,NULL,NULL,NULL,NULL,author,NULL,NULL,NULL,1,NULL,NULL,NULL,NULL,1100IbnCabdKarimAshmuniMisri,OpenITI 2025.1.9
1100IbnMahfuzSanhuri,Muḥammad ibn Maḥfūẓ al-Sanhūrī,Ibn Mahfuz Sanhuri,NULL,NULL,NULL,NULL,1100,NULL,NULL,NULL,NULL,author,NULL,NULL,NULL,1,NULL,NULL,NULL,NULL,1100IbnMahfuzSanhuri,OpenITI 2025.1.9
1100IbnMuhammadAdnahwi,الأدنهوي,Ibn Muhammad Adnahwi,NULL,NULL,al-Adnahwī,NULL,1100,NULL,NULL,NULL,NULL,author,NULL,NULL,NULL,1,NULL,NULL,NULL,NULL,1100IbnMuhammadAdnahwi,OpenITI 2025.1.9
1100Izkawi,الازكاوي,Izkawi,NULL,NULL,al-Izkāwī,NULL,1100,NULL,NULL,NULL,NULL,author,NULL,NULL,NULL,1,NULL,NULL,NULL,NULL,1100Izkawi,OpenITI 2025.1.9
1100MuhammadItlidi,محمد دياب الإتليدي,Muhammad Itlidi,NULL,NULL,NULL,NULL,1100,NULL,NULL,NULL,NULL,author,NULL,NULL,NULL,1,NULL,NULL,NULL,NULL,1100MuhammadItlidi,OpenITI 2025.1.9
1100MustafaTafrishi,التفرشي,Mustafa Tafrishi,NULL,NULL,NULL,NULL,1100,NULL,NULL,NULL,NULL,author,NULL,NULL,NULL,1,NULL,NULL,NULL,NULL,1100MustafaTafrishi,OpenITI 2025.1.9
1100YahyaIbnHusaynZaydi,يحيى المنصور بالله,Yahya Ibn Husayn Zaydi,NULL,NULL,NULL,NULL,1100,NULL,NULL,NULL,NULL,author,NULL,NULL,NULL,1,NULL,NULL,NULL,NULL,1100YahyaIbnHusaynZaydi,OpenITI 2025.1.9
1100YahyaIbnQasim,يحيى بن الحسين بن القاسم,Yahya Ibn Qasim,NULL,NULL,NULL,NULL,1100,NULL,NULL,NULL,NULL,author,NULL,NULL,NULL,1,NULL,NULL,NULL,NULL,1100YahyaIbnQasim,OpenITI 2025.1.9
1100ZiyadahIbnYahyaRasi,زيادة بن يحيى النصب الراسي (كان حيا: ق 11هـ),Ziyadah Ibn Yahya Rasi,NULL,NULL,NULL,NULL,1100,NULL,NULL,NULL,NULL,author,NULL,NULL,NULL,1,NULL,NULL,NULL,NULL,1100ZiyadahIbnYahyaRasi,OpenITI 2025.1.9
1101BurhanDinIbrahimKurani,برهان الدين إبراهيم الكوراني,Burhan Din Ibrahim Kurani,NULL,NULL,NULL,NULL,1101,NULL,NULL,NULL,NULL,author,NULL,NULL,NULL,1,NULL,NULL,NULL,NULL,1101BurhanDinIbrahimKurani,OpenITI 2025.1.9
1101IbnCabdAllahKharshi,الخرشي,Ibn Cabd Allah Kharshi,NULL,NULL,NULL,NULL,1101,NULL,NULL,NULL,NULL,author,NULL,NULL,NULL,1,NULL,NULL,NULL,NULL,1101IbnCabdAllahKharshi,OpenITI 2025.1.9
1101MuhammadCaliArdabili,محمد علي الأردبيلي,Muhammad Cali Ardabili,NULL,NULL,NULL,NULL,1101,NULL,NULL,NULL,NULL,author,NULL,NULL,NULL,1,NULL,NULL,NULL,NULL,1101MuhammadCaliArdabili,OpenITI 2025.1.9
1101ShihabDinKurani,ابراهيم بن الحسن الكوراني,Shihab Din Kurani,NULL,NULL,Ibrāhīm b. al-Ḥasan al-Kūrānī,NULL,1101,NULL,NULL,NULL,NULL,author,NULL,NULL,NULL,1,NULL,NULL,NULL,NULL,1101ShihabDinKurani,OpenITI 2025.1.9
1102NurDinYusi,الحسن بن مسعود بن محمد، أبو علي، نور الدين اليوسي (المتوفى : 1102هـ),Nur Din Yusi,NULL,NULL,NULL,NULL,1102,NULL,NULL,NULL,NULL,author,NULL,NULL,NULL,3,NULL,NULL,NULL,NULL,1102NurDinYusi,OpenITI 2025.1.9
1103IbnCabdRasulBarzanji,البرزنجي,Ibn Cabd Rasul Barzanji,NULL,NULL,NULL,NULL,1103,NULL,NULL,NULL,NULL,author,NULL,NULL,NULL,2,NULL,NULL,NULL,NULL,1103IbnCabdRasulBarzanji,OpenITI 2025.1.9
1104IbnHasanHurrCamili,الحر العاملي,Ibn Hasan Hurr Camili,NULL,NULL,NULL,NULL,1104,NULL,NULL,NULL,NULL,author,NULL,NULL,NULL,6,NULL,NULL,NULL,NULL,1104IbnHasanHurrCamili,OpenITI 2025.1.9
1104YahyaIbnCaliHabsi,السيد الفاضل يحيى بن علي الحبسي القاسمي,Yahya Ibn Cali Habsi,NULL,NULL,NULL,NULL,1104,NULL,NULL,NULL,NULL,author,NULL,NULL,NULL,1,NULL,NULL,NULL,NULL,1104YahyaIbnCaliHabsi,OpenITI 2025.1.9
1105CabdHusaynKhatunabadi,عبد الحسين خاطونابادي,Cabd Husayn Khatunabadi,NULL,NULL,ʿAbd al-Ḥusayn Ḫāṭūnābādī,NULL,1105,NULL,NULL,NULL,NULL,author,NULL,NULL,NULL,1,NULL,NULL,NULL,NULL,1105CabdHusaynKhatunabadi,OpenITI 2025.1.9
1105MashiziBardsiri,مير محمد سعيد مشيزي بردسيري,Mashizi Bardsiri,NULL,NULL,Mīr Muḥammad Saʿīd Mašīzī Bardsīrī,NULL,1105,NULL,NULL,NULL,NULL,author,NULL,NULL,NULL,1,NULL,NULL,NULL,NULL,1105MashiziBardsiri,OpenITI 2025.1.9
1106Anonymous,أنoنيمoس,Anonymous,NULL,NULL,Anonymous,NULL,1106,NULL,NULL,NULL,NULL,author,NULL,NULL,NULL,1,NULL,NULL,NULL,NULL,1106Anonymous,OpenITI 2025.1.9
1106YahyaIbnAhmadShatibi,NULL,Yahya Ibn Ahmad Shatibi,NULL,NULL,NULL,NULL,1106,NULL,NULL,NULL,NULL,author,NULL,NULL,NULL,1,NULL,NULL,NULL,NULL,1106YahyaIbnAhmadShatibi,OpenITI 2025.1.9
1107HashimBahrani,السيد هاشم البحراني,Hashim Bahrani,NULL,NULL,NULL,NULL,1107,NULL,NULL,NULL,NULL,author,NULL,NULL,NULL,5,NULL,NULL,NULL,NULL,1107HashimBahrani,OpenITI 2025.1.9
1107QadiSacidQummi,القاضي سعيد القمي,Qadi Sacid Qummi,NULL,NULL,al-Qāḍī Saʿīd al-Qummī,NULL,1107,NULL,NULL,NULL,NULL,author,NULL,NULL,NULL,3,NULL,NULL,NULL,NULL,1107QadiSacidQummi,OpenITI 2025.1.9
1108MirzaMuhammadMacsum,ميرزا محمد معصوم,Mirza Muhammad Macsum,NULL,NULL,Mīrzā Muḥammad Maʿṣūm,NULL,1108,NULL,NULL,NULL,NULL,author,NULL,NULL,NULL,1,NULL,NULL,NULL,NULL,1108MirzaMuhammadMacsum,OpenITI 2025.1.9
1109MuhammadMahdiFasi,محمد المهدي الفاسي,Muhammad Mahdi Fasi,NULL,NULL,Muḥammad al-Mahdī al-Fāsī,NULL,1109,NULL,NULL,NULL,NULL,author,NULL,NULL,NULL,1,NULL,NULL,NULL,NULL,1109MuhammadMahdiFasi,OpenITI 2025.1.9
1110CabdSalamQadiri,عبد السلام بن الطيب القادري,Cabd Salam Qadiri,NULL,NULL,ʿAbd al-Salām b. al-Ṭayyib al-Qādirī,NULL,1110,NULL,NULL,NULL,NULL,author,NULL,NULL,NULL,1,NULL,NULL,NULL,NULL,1110CabdSalamQadiri,OpenITI 2025.1.9
1111CabdMalikCasimi,العاصمي المكي,Cabd Malik Casimi,NULL,NULL,NULL,NULL,1111,NULL,NULL,NULL,NULL,author,NULL,NULL,NULL,1,NULL,NULL,NULL,NULL,1111CabdMalikCasimi,OpenITI 2025.1.9
1111IbnNasirMuhalla,القاضي العلامة الحسين بن الناصر بن عبدالحفيظ المهلا الشرفي,Ibn Nasir Muhalla,NULL,NULL,NULL,NULL,1111,NULL,NULL,NULL,NULL,author,NULL,NULL,NULL,1,NULL,NULL,NULL,NULL,1111IbnNasirMuhalla,OpenITI 2025.1.9
1111Majlisi,العلامة المجلسي,Majlisi,NULL,NULL,al-ʿAllāmaŧ al-Maǧlisī,NULL,1111,NULL,NULL,NULL,NULL,author,NULL,NULL,NULL,2,NULL,NULL,NULL,NULL,1111Majlisi,OpenITI 2025.1.9
1111MuhammadAminMuhibbi,محمد أمين المحبي,Muhammad Amin Muhibbi,NULL,NULL,NULL,NULL,1111,NULL,NULL,NULL,NULL,author,NULL,NULL,NULL,3,NULL,NULL,NULL,NULL,1111MuhammadAminMuhibbi,OpenITI 2025.1.9
1111MustawfiBafqi,مستوفي بافقي,Mustawfi Bafqi,NULL,NULL,Mustawfī Bāfqī,NULL,1111,NULL,NULL,NULL,NULL,author,NULL,NULL,NULL,1,NULL,NULL,NULL,NULL,1111MustawfiBafqi,OpenITI 2025.1.9
1112IbnJumcaHuwayzi,الشيخ الحويزي,Ibn Jumca Huwayzi,NULL,NULL,NULL,NULL,1112,NULL,NULL,NULL,NULL,author,NULL,NULL,NULL,1,NULL,NULL,NULL,NULL,1112IbnJumcaHuwayzi,OpenITI 2025.1.9
1112NicmatAllahJazairi,السيد نعمة الله الجزائري,Nicmat Allah Jazairi,NULL,NULL,NULL,NULL,1112,NULL,NULL,NULL,NULL,author,NULL,NULL,NULL,2,NULL,NULL,NULL,NULL,1112NicmatAllahJazairi,OpenITI 2025.1.9
1112WahidQazwini,محمد طاهر وحيد قزويني,Wahid Qazwini,NULL,NULL,Muḥammad Ṭāhir Waḥīd Qazwīnī,NULL,1112,NULL,NULL,NULL,NULL,author,NULL,NULL,NULL,1,NULL,NULL,NULL,NULL,1112WahidQazwini,OpenITI 2025.1.9
1115IshaqIbnMuhammadCabdi,NULL,Ishaq Ibn Muhammad Cabdi,NULL,NULL,NULL,NULL,1115,NULL,NULL,NULL,NULL,author,NULL,NULL,NULL,1,NULL,NULL,NULL,NULL,1115IshaqIbnMuhammadCabdi,OpenITI 2025.1.9
1115MuhammadTahirNasrabadi,محمد طاهر نصرابادي,Muhammad Tahir Nasrabadi,NULL,NULL,Muḥammad Ṭāhir Naṣrābādī,NULL,1115,NULL,NULL,NULL,NULL,author,NULL,NULL,NULL,1,NULL,NULL,NULL,NULL,1115MuhammadTahirNasrabadi,OpenITI 2025.1.9
1117IbnMuhammadSharafDinDimyatti,شهاب الدين أحمد بن محمد بن عبد الغني الدمياطي,Ibn Muhammad Sharaf Din Dimyatti,NULL,NULL,NULL,NULL,1117,NULL,NULL,NULL,NULL,author,NULL,NULL,NULL,1,NULL,NULL,NULL,NULL,1117IbnMuhammadSharafDinDimyatti,OpenITI 2025.1.9
1118CabdHamidShirwani,عبد الحميد الشرواني,Cabd Hamid Shirwani,NULL,NULL,NULL,NULL,1118,NULL,NULL,NULL,NULL,author,NULL,NULL,NULL,1,NULL,NULL,NULL,NULL,1118CabdHamidShirwani,OpenITI 2025.1.9
1118IbnMuhammadNuriSafaqsi,علي بن محمد بن سالم، أبو الحسن النوري الصفاقسي المقرئ المالكي (المتوفى: 1118هـ),Ibn Muhammad Nuri Safaqsi,NULL,NULL,NULL,NULL,1118,NULL,NULL,NULL,NULL,author,NULL,NULL,NULL,2,NULL,NULL,NULL,NULL,1118IbnMuhammadNuriSafaqsi,OpenITI 2025.1.9
1119BayazidBayat,بيازيد بيات,Bayazid Bayat,NULL,NULL,Bayāzīd Bayāt,NULL,1119,NULL,NULL,NULL,NULL,author,NULL,NULL,NULL,1,NULL,NULL,NULL,NULL,1119BayazidBayat,OpenITI 2025.1.9
1119IbnMacsum,صدر الدين المدني، علي بن أحمد بن محمد معصوم الحسني الحسيني، المعروف بعلي خان بن ميرزا أحمد، الشهير بابن معصوم (المتوفى: 1119هـ),Ibn Macsum,NULL,NULL,NULL,NULL,1119,NULL,NULL,NULL,NULL,author,NULL,NULL,NULL,8,NULL,NULL,NULL,NULL,1119IbnMacsum,OpenITI 2025.1.9
1119IbnMuhammadMaghribi,الحسين بن محمد بن سعيد اللاعي، المعروف بالمغربي (المتوفى: 1119 ه),Ibn Muhammad Maghribi,NULL,NULL,NULL,NULL,1119,NULL,NULL,NULL,NULL,author,NULL,NULL,NULL,1,NULL,NULL,NULL,NULL,1119IbnMuhammadMaghribi,OpenITI 2025.1.9
1119MusaQulaybi,الشيخ الإمام العالم العلامة موسى بن محمد القليبي المالكي,Musa Qulaybi,NULL,NULL,NULL,NULL,1119,NULL,NULL,NULL,NULL,author,NULL,NULL,NULL,1,NULL,NULL,NULL,NULL,1119MusaQulaybi,OpenITI 2025.1.9
1120IbnMuhammadBurhanDinDimashqi,ابن حمزة الحسيني,Ibn Muhammad Burhan Din Dimashqi,NULL,NULL,NULL,NULL,1120,NULL,NULL,NULL,NULL,author,NULL,NULL,NULL,1,NULL,NULL,NULL,NULL,1120IbnMuhammadBurhanDinDimashqi,OpenITI 2025.1.9
1120IbnQasimIbnZakurFasi,محمد بن قاسم بن محمد بن عبد الواحد، ابن زاكور الفاسي، أبو عبد الله (المتوفى: 1120هـ),Ibn Qasim Ibn Zakur Fasi,NULL,NULL,NULL,NULL,1120,NULL,NULL,NULL,NULL,author,NULL,NULL,NULL,1,NULL,NULL,NULL,NULL,1120IbnQasimIbnZakurFasi,OpenITI 2025.1.9
1121Mahuzi,الشيخ الماحوزي,Mahuzi,NULL,NULL,NULL,NULL,1121,NULL,NULL,NULL,NULL,author,NULL,NULL,NULL,1,NULL,NULL,NULL,NULL,1121Mahuzi,OpenITI 2025.1.9
1121MuhammadCalawi,محمد عبد الحسيب بن أحمد العلوي العاملي,Muhammad Calawi,NULL,NULL,Muḥammad ʿAbd al-Ḥasīb b. Aḥmad al-ʿAlawī al-ʿĀmilī,NULL,1121,NULL,NULL,NULL,NULL,author,NULL,NULL,NULL,1,NULL,NULL,NULL,NULL,1121MuhammadCalawi,OpenITI 2025.1.9
1122MuhammadZurqani,الزرقاني، محمد بن عبد الباقي,Muhammad Zurqani,NULL,NULL,NULL,NULL,1122,NULL,NULL,NULL,NULL,author,NULL,NULL,NULL,3,NULL,NULL,NULL,NULL,1122MuhammadZurqani,OpenITI 2025.1.9
1124IbnCabdFattahTunukabuni,السرابي التنكابني,Ibn Cabd Fattah Tunukabuni,NULL,NULL,NULL,NULL,1124,NULL,NULL,NULL,NULL,author,NULL,NULL,NULL,1,NULL,NULL,NULL,NULL,1124IbnCabdFattahTunukabuni,OpenITI 2025.1.9
1125AhmadManqur,أحمد بن محمد بن أحمد بن حمد المنقور (المتوفى: 1125 ه),Ahmad Manqur,NULL,NULL,NULL,NULL,1125,NULL,NULL,NULL,NULL,author,NULL,NULL,NULL,1,NULL,NULL,NULL,NULL,1125AhmadManqur,OpenITI 2025.1.9
1125AqaJamalKhwansari,آقا جمال خوانساري,Aqa Jamal Khwansari,NULL,NULL,Āqā Ǧamāl Ḫwānsārī,NULL,1125,NULL,NULL,NULL,NULL,author,NULL,NULL,NULL,2,NULL,NULL,NULL,NULL,1125AqaJamalKhwansari,OpenITI 2025.1.9
1125BashirFazari,NULL,Bashir Fazari,NULL,NULL,NULL,NULL,1125,NULL,NULL,NULL,NULL,author,NULL,NULL,NULL,1,NULL,NULL,NULL,NULL,1125BashirFazari,OpenITI 2025.1.9
1125IbnGhanimAzhariNafrawi,أحمد بن غنيم بن سالم النفراوي المالكي,Ibn Ghanim Azhari Nafrawi,NULL,NULL,NULL,NULL,1125,NULL,NULL,NULL,NULL,author,NULL,NULL,NULL,1,NULL,NULL,NULL,NULL,1125IbnGhanimAzhariNafrawi,OpenITI 2025.1.9
1125IbnShamsDinMuhammad,ابن شمس الدين محمد,Ibn Shams Din Muhammad,NULL,NULL,Ibn Šams al-Dīn Muḥammad,NULL,1125,NULL,NULL,NULL,NULL,author,NULL,NULL,NULL,1,NULL,NULL,NULL,NULL,1125IbnShamsDinMuhammad,OpenITI 2025.1.9
1125MirzaMuhammadMashhadi,الميرزا محمد المشهدي,Mirza Muhammad Mashhadi,NULL,NULL,NULL,NULL,1125,NULL,NULL,NULL,NULL,author,NULL,NULL,NULL,1,NULL,NULL,NULL,NULL,1125MirzaMuhammadMashhadi,OpenITI 2025.1.9
1126MuhammadHanbali,محمد بن عبد الباقي الحنبلي البعلي الدمشقي (المتوفى: 1126هـ),Muhammad Hanbali,NULL,NULL,NULL,NULL,1126,NULL,NULL,NULL,NULL,author,NULL,NULL,NULL,1,NULL,NULL,NULL,NULL,1126MuhammadHanbali,OpenITI 2025.1.9
1127IsmacilHaqqiBurusawi,إسماعيل حقي بن مصطفى الإستانبولي الحنفي الخلوتي,Ismacil Haqqi Burusawi,NULL,NULL,NULL,NULL,1127,NULL,NULL,NULL,NULL,author,NULL,NULL,NULL,1,NULL,NULL,NULL,NULL,1127IsmacilHaqqiBurusawi,OpenITI 2025.1.9
1127KhayrDinIbnIlyas,خير الدين ابن اليس,Khayr Din Ibn Ilyas,NULL,NULL,Ḫayr al-Dīn Ibn Ilyas,NULL,1127,NULL,NULL,NULL,NULL,author,NULL,NULL,NULL,1,NULL,NULL,NULL,NULL,1127KhayrDinIbnIlyas,OpenITI 2025.1.9
1129CaliAmirSancani,السيد علي الأمير الصنعاني,Cali Amir Sancani,NULL,NULL,NULL,NULL,1129,NULL,NULL,NULL,NULL,author,NULL,NULL,NULL,1,NULL,NULL,NULL,NULL,1129CaliAmirSancani,OpenITI 2025.1.9
1130CabdAllahBahrani,الشيخ عبد الله البحراني,Cabd Allah Bahrani,NULL,NULL,NULL,NULL,1130,NULL,NULL,NULL,NULL,author,NULL,NULL,NULL,1,NULL,NULL,NULL,NULL,1130CabdAllahBahrani,OpenITI 2025.1.9
1132IbnAhmadAbuMadyanFasi,أبو مدين بن أحمد بن محمد بن عبد القادر بن علي الفاسي (المتوفى: بعد 1132هـ),Ibn Ahmad Abu Madyan Fasi,NULL,NULL,NULL,NULL,1132,NULL,NULL,NULL,NULL,author,NULL,NULL,NULL,1,NULL,NULL,NULL,NULL,1132IbnAhmadAbuMadyanFasi,OpenITI 2025.1.9
1133Bidil,أبو المعاني cبد القادر بيدل دهلوي,Bidil,NULL,NULL,Abū al-Maʿānī Cabd al-Qādir Bīdil Dihlawī,NULL,1133,NULL,NULL,NULL,NULL,author,NULL,NULL,NULL,1,NULL,NULL,NULL,NULL,1133Bidil,OpenITI 2025.1.9
1134IbnSalimBasri,المحدث العلامة الشيخ عبد الله بن سالم البصري (1134 ه),Ibn Salim Basri,NULL,NULL,NULL,NULL,1134,NULL,NULL,NULL,NULL,author,NULL,NULL,NULL,1,NULL,NULL,NULL,NULL,1134IbnSalimBasri,OpenITI 2025.1.9
1135IbnCumarTaghlibiShaybani,عبد القادر بن عمر بن عبد القادر ابن عمر بن أبي تغلب بن سالم التغلبي الشيباني (المتوفى: 1135هـ),Ibn Cumar Taghlibi Shaybani,NULL,NULL,NULL,NULL,1135,NULL,NULL,NULL,NULL,author,NULL,NULL,NULL,1,NULL,NULL,NULL,NULL,1135IbnCumarTaghlibiShaybani,OpenITI 2025.1.9
1137FadilHindi,الفاضل الهندي,Fadil Hindi,NULL,NULL,NULL,NULL,1137,NULL,NULL,NULL,NULL,author,NULL,NULL,NULL,2,NULL,NULL,NULL,NULL,1137FadilHindi,OpenITI 2025.1.9
1138IbnCabdHadiNurDinSindi,أبو الحسن السندي,Ibn Cabd Hadi Nur Din Sindi,NULL,NULL,NULL,NULL,1138,NULL,NULL,NULL,NULL,author,NULL,NULL,NULL,4,NULL,NULL,NULL,NULL,1138IbnCabdHadiNurDinSindi,OpenITI 2025.1.9
1138IbnHusaynQadiriTawari,زين الدين ابن نجيم الحنفي,Ibn Husayn Qadiri Tawari,NULL,NULL,NULL,NULL,1138,NULL,NULL,NULL,NULL,author,NULL,NULL,NULL,1,NULL,NULL,NULL,NULL,1138IbnHusaynQadiriTawari,OpenITI 2025.1.9
1138MuhammadMumin,محمد مؤمن,Muhammad Mumin,NULL,NULL,Muḥammad Muʾmin,NULL,1138,NULL,NULL,NULL,NULL,author,NULL,NULL,NULL,1,NULL,NULL,NULL,NULL,1138MuhammadMumin,OpenITI 2025.1.9
1140IbnMayyitDimyati,ابن الميت,Ibn Mayyit Dimyati,NULL,NULL,NULL,NULL,1140,NULL,NULL,NULL,NULL,author,NULL,NULL,NULL,1,NULL,NULL,NULL,NULL,1140IbnMayyitDimyati,OpenITI 2025.1.9
1140IbnMuhammadDimyatiShafici,محمد بن محمد بن محمد بن أحمد البديري الحسيني، الدمياطي الأشعري الشافعي، أبو حامد (المتوفى: 1140هـ),Ibn Muhammad Dimyati Shafici,NULL,NULL,NULL,NULL,1140,NULL,NULL,NULL,NULL,author,NULL,NULL,NULL,1,NULL,NULL,NULL,NULL,1140IbnMuhammadDimyatiShafici,OpenITI 2025.1.9
1142AbuCabbasSalihi,أبو العباس سيدي أحمد بن صالح الصالحي,Abu Cabbas Salihi,NULL,NULL,Abū al-ʿAbbās Sīdī Aḥmad b. Ṣāliḥ al-Ṣāliḥī,NULL,1142,NULL,NULL,NULL,NULL,author,NULL,NULL,NULL,1,NULL,NULL,NULL,NULL,1142AbuCabbasSalihi,OpenITI 2025.1.9
1143CabdGhaniNabulusi,عبد الغني بن اسماعيل النابلسي,Cabd Ghani Nabulusi,NULL,NULL,ʿAbd al-Ġanī b. Ismāʿīl al-Nābulusī,NULL,1143,NULL,NULL,NULL,NULL,author,NULL,NULL,NULL,5,NULL,NULL,NULL,NULL,1143CabdGhaniNabulusi,OpenITI 2025.1.9
1143IbnCabdKarimGhazziCamiri,أحمد بن عبد الكريم بن سعودي الغزي العامري,Ibn Cabd Karim Ghazzi Camiri,NULL,NULL,NULL,NULL,1143,NULL,NULL,NULL,NULL,author,NULL,NULL,NULL,1,NULL,NULL,NULL,NULL,1143IbnCabdKarimGhazziCamiri,OpenITI 2025.1.9
1144IbnMuhammadYahyaQazwini,ابن محمد يحيى القزويني,Ibn Muhammad Yahya Qazwini,NULL,NULL,Ibn Muḥammad Yaḥyá al-Qazwīnī,NULL,1144,NULL,NULL,NULL,NULL,author,NULL,NULL,NULL,1,NULL,NULL,NULL,NULL,1144IbnMuhammadYahyaQazwini,OpenITI 2025.1.9
1144IbnZikriFasi,محمد بن عبد الرحمن ابن زكري الفاسي,Ibn Zikri Fasi,NULL,NULL,Muḥammad b. ʿAbd al-Raḥmãn Ibn Zikrī al-Fāsī,NULL,1144,NULL,NULL,NULL,NULL,author,NULL,NULL,NULL,2,NULL,NULL,NULL,NULL,1144IbnZikriFasi,OpenITI 2025.1.9
1145SajaqliZadehMarcashi,المرعشي، محمد بن أبي بكر,Sajaqli Zadeh Marcashi,NULL,NULL,NULL,NULL,1145,NULL,NULL,NULL,NULL,author,NULL,NULL,NULL,1,NULL,NULL,NULL,NULL,1145SajaqliZadehMarcashi,OpenITI 2025.1.9
1147CabdAllahSancani,عبد الله بن علي بن محمد بن عبد الإله بن أحمد بن الوزير الصنعاني,Cabd Allah Sancani,NULL,NULL,NULL,NULL,1147,NULL,NULL,NULL,NULL,author,NULL,NULL,NULL,1,NULL,NULL,NULL,NULL,1147CabdAllahSancani,OpenITI 2025.1.9
1147IbnSharafDinKhalili,محمد بن محمد، ابن شرف الدين الخليلي الشافعي القادري (المتوفى: 1147هـ),Ibn Sharaf Din Khalili,NULL,NULL,NULL,NULL,1147,NULL,NULL,NULL,NULL,author,NULL,NULL,NULL,1,NULL,NULL,NULL,NULL,1147IbnSharafDinKhalili,OpenITI 2025.1.9
1147Mustahizadah,عبد الله بن عثمان مستحيزاده,Mustahizadah,NULL,NULL,ʿAbd Allāh b. ʿUṯmān Mustaḥīzādah,NULL,1147,NULL,NULL,NULL,NULL,author,NULL,NULL,NULL,1,NULL,NULL,NULL,NULL,1147Mustahizadah,OpenITI 2025.1.9
1148SidaqatKunjahi,محمد ماه صداقت كنجاهي,Sidaqat Kunjahi,NULL,NULL,Muḥammad Māh Ṣidāqat Kunǧāhī,NULL,1148,NULL,NULL,NULL,NULL,author,NULL,NULL,NULL,1,NULL,NULL,NULL,NULL,1148SidaqatKunjahi,OpenITI 2025.1.9
1150IbnCaqila,محمد بن أحمد بن سعيد الحنفي المكي، شمس الدين، المعروف كوالده بعقيلة (المتوفى: 1150هـ),Ibn Caqila,NULL,NULL,NULL,NULL,1150,NULL,NULL,NULL,NULL,author,NULL,NULL,NULL,2,NULL,NULL,NULL,NULL,1150IbnCaqila,OpenITI 2025.1.9
1150SalihSulayfi,NULL,Salih Sulayfi,NULL,NULL,NULL,NULL,1150,NULL,NULL,NULL,NULL,author,NULL,NULL,NULL,1,NULL,NULL,NULL,NULL,1150SalihSulayfi,OpenITI 2025.1.9
1151AhmadKawkabani,أحمد بن محمد الكوكباني,Ahmad Kawkabani,NULL,NULL,Aḥmad b. Muḥammad al-Kawkabānī,NULL,1151,NULL,NULL,NULL,NULL,author,NULL,NULL,NULL,1,NULL,NULL,NULL,NULL,1151AhmadKawkabani,OpenITI 2025.1.9
1151ShihabDinAhmadHaymiKawkabani,أحمد بن محمد الحيمي,Shihab Din Ahmad Haymi Kawkabani,NULL,NULL,Aḥmad b. Muḥammad al-Ḥaymī,NULL,1151,NULL,NULL,NULL,NULL,author,NULL,NULL,NULL,1,NULL,NULL,NULL,NULL,1151ShihabDinAhmadHaymiKawkabani,OpenITI 2025.1.9
1151ShihabDinKawkabani,أحمد بن محمد الكوكباني,Shihab Din Kawkabani,NULL,NULL,Aḥmad b. Muḥammad al-Kawkabānī,NULL,1151,NULL,NULL,NULL,NULL,author,NULL,NULL,NULL,1,NULL,NULL,NULL,NULL,1151ShihabDinKawkabani,OpenITI 2025.1.9
1152IbrahimShahari,NULL,Ibrahim Shahari,NULL,NULL,NULL,NULL,1152,NULL,NULL,NULL,NULL,author,NULL,NULL,NULL,2,NULL,NULL,NULL,NULL,1152IbrahimShahari,OpenITI 2025.1.9
1153IbnKannan,ابن كنان,Ibn Kannan,NULL,NULL,NULL,NULL,1153,NULL,NULL,NULL,NULL,author,NULL,NULL,NULL,1,NULL,NULL,NULL,NULL,1153IbnKannan,OpenITI 2025.1.9
1156IbnMuhammadAbuSacidKhadimi,أبو سعيد محمد بن محمد الخادمي (المتوفى : 1156هـ),Ibn Muhammad Abu Sacid Khadimi,NULL,NULL,NULL,NULL,1156,NULL,NULL,NULL,NULL,author,NULL,NULL,NULL,1,NULL,NULL,NULL,NULL,1156IbnMuhammadAbuSacidKhadimi,OpenITI 2025.1.9
1156MuhammadCujaymi,محمد بن حسن العجيمي,Muhammad Cujaymi,NULL,NULL,NULL,NULL,1156,NULL,NULL,NULL,NULL,author,NULL,NULL,NULL,1,NULL,NULL,NULL,NULL,1156MuhammadCujaymi,OpenITI 2025.1.9
1156MuhammadIfraniSaghir,محمد الإفراني ( الصغير ),Muhammad Ifrani Saghir,NULL,NULL,NULL,NULL,1156,NULL,NULL,NULL,NULL,author,NULL,NULL,NULL,1,NULL,NULL,NULL,NULL,1156MuhammadIfraniSaghir,OpenITI 2025.1.9
1156MustafaIzmiri,مصطفى الإزميري,Mustafa Izmiri,NULL,NULL,NULL,NULL,1156,NULL,NULL,NULL,NULL,author,NULL,NULL,NULL,2,NULL,NULL,NULL,NULL,1156MustafaIzmiri,OpenITI 2025.1.9
1158IbnCaliFaruqiTahanawi,محمد بن علي ابن القاضي محمد حامد بن محمد صابر الفاروقي الحنفي التهانوي (المتوفى: بعد 1158هـ),Ibn Cali Faruqi Tahanawi,NULL,NULL,NULL,NULL,1158,NULL,NULL,NULL,NULL,author,NULL,NULL,NULL,1,NULL,NULL,NULL,NULL,1158IbnCaliFaruqiTahanawi,OpenITI 2025.1.9
1160MullaNacimaTaliqani,محمّد نعيم بن محمّد تقي [ الملا نعيما العرفي الطالقاني ],Mulla Nacima Taliqani,NULL,NULL,NULL,NULL,1160,NULL,NULL,NULL,NULL,author,NULL,NULL,NULL,1,NULL,NULL,NULL,NULL,1160MullaNacimaTaliqani,OpenITI 2025.1.9
1160YusufMahalli,يوسف المحلي,Yusuf Mahalli,NULL,NULL,Yūsuf al-Maḥallī,NULL,1160,NULL,NULL,NULL,NULL,author,NULL,NULL,NULL,1,NULL,NULL,NULL,NULL,1160YusufMahalli,OpenITI 2025.1.9
1162CabdRahmanBalfaqih,عبد الرحمن بن عبد الله بلفقيه الحسيني التريمي الحضرمي (1162 ه),Cabd Rahman Balfaqih,NULL,NULL,NULL,NULL,1162,NULL,NULL,NULL,NULL,author,NULL,NULL,NULL,1,NULL,NULL,NULL,NULL,1162CabdRahmanBalfaqih,OpenITI 2025.1.9
1162IbnMuammadAbuFidaCajluni,العجلوني,Ibn Muammad Abu Fida Cajluni,NULL,NULL,NULL,NULL,1162,NULL,NULL,NULL,NULL,author,NULL,NULL,NULL,1,NULL,NULL,NULL,NULL,1162IbnMuammadAbuFidaCajluni,OpenITI 2025.1.9
1162MustafaBakri,مصطفى البكري,Mustafa Bakri,NULL,NULL,Muṣṭafá al-Bakrī,NULL,1162,NULL,NULL,NULL,NULL,author,NULL,NULL,NULL,1,NULL,NULL,NULL,NULL,1162MustafaBakri,OpenITI 2025.1.9
1163MuhammadHayatSindi,محمد حياة السندي,Muhammad Hayat Sindi,NULL,NULL,Muḥammad Ḥayāŧ al-Sindī,NULL,1163,NULL,NULL,NULL,NULL,author,NULL,NULL,NULL,1,NULL,NULL,NULL,NULL,1163MuhammadHayatSindi,OpenITI 2025.1.9
1163NadimMashhadi,نديم مشهدي,Nadim Mashhadi,NULL,NULL,Nadīm Mašhadī,NULL,1163,NULL,NULL,NULL,NULL,author,NULL,NULL,NULL,1,NULL,NULL,NULL,NULL,1163NadimMashhadi,OpenITI 2025.1.9
1167IbnCabdRahmanGhazzi,ابن الغزي,Ibn Cabd Rahman Ghazzi,NULL,NULL,NULL,NULL,1167,NULL,NULL,NULL,NULL,author,NULL,NULL,NULL,2,NULL,NULL,NULL,NULL,1167IbnCabdRahmanGhazzi,OpenITI 2025.1.9
1167IbnHamidMashtuli,المشتولي,Ibn Hamid Mashtuli,NULL,NULL,NULL,NULL,1167,NULL,NULL,NULL,NULL,author,NULL,NULL,NULL,1,NULL,NULL,NULL,NULL,1167IbnHamidMashtuli,OpenITI 2025.1.9
1169KhanArizu,سراج الدين علي خان آرزو,Khan Arizu,NULL,NULL,Sirāǧ al-Dīn ʿAlī Ḫān Ārizū,NULL,1169,NULL,NULL,NULL,NULL,author,NULL,NULL,NULL,2,NULL,NULL,NULL,NULL,1169KhanArizu,OpenITI 2025.1.9
1170IbnMuhammadMahalliMisri,حسين بن محمد المحلي الشافعي المصري (المتوفى: 1170هـ),Ibn Muhammad Mahalli Misri,NULL,NULL,NULL,NULL,1170,NULL,NULL,NULL,NULL,author,NULL,NULL,NULL,1,NULL,NULL,NULL,NULL,1170IbnMuhammadMahalliMisri,OpenITI 2025.1.9
1170IbnTayyibFasi,ابن الطيب,Ibn Tayyib Fasi,NULL,NULL,NULL,NULL,1170,NULL,NULL,NULL,NULL,author,NULL,NULL,NULL,1,NULL,NULL,NULL,NULL,1170IbnTayyibFasi,OpenITI 2025.1.9
1171CuthmanKamakhi,عثمان بن سعيد الكماخي (المتوفى: 1171 ه),Cuthman Kamakhi,NULL,NULL,NULL,NULL,1171,NULL,NULL,NULL,NULL,author,NULL,NULL,NULL,1,NULL,NULL,NULL,NULL,1171CuthmanKamakhi,OpenITI 2025.1.9
1171Shubrawi,NULL,Shubrawi,NULL,NULL,NULL,NULL,1171,NULL,NULL,NULL,NULL,author,NULL,NULL,NULL,1,NULL,NULL,NULL,NULL,1171Shubrawi,OpenITI 2025.1.9
1172IbnKhalifaMasakini,علي بن خليفة الحسيني الشريف المساكني,Ibn Khalifa Masakini,NULL,NULL,NULL,NULL,1172,NULL,NULL,NULL,NULL,author,NULL,NULL,NULL,1,NULL,NULL,NULL,NULL,1172IbnKhalifaMasakini,OpenITI 2025.1.9
1172MuhammadHusayniAbuSacud,محمد الحسيني أبو السعود,Muhammad Husayni Abu Sacud,NULL,NULL,NULL,NULL,1172,NULL,NULL,NULL,NULL,author,NULL,NULL,NULL,1,NULL,NULL,NULL,NULL,1172MuhammadHusayniAbuSacud,OpenITI 2025.1.9
1173IbnCaliMusawiTustari,عبد الله بن علي نور الدين بن نعمة الله الموسوي الجزائري التستري (المتوفى: 1173هـ),Ibn Cali Musawi Tustari,NULL,NULL,NULL,NULL,1173,NULL,NULL,NULL,NULL,author,NULL,NULL,NULL,1,NULL,NULL,NULL,NULL,1173IbnCaliMusawiTustari,OpenITI 2025.1.9
1173IbnHusaynKhwajuiMazandarani,الخواجوئي,Ibn Husayn Khwajui Mazandarani,NULL,NULL,NULL,NULL,1173,NULL,NULL,NULL,NULL,author,NULL,NULL,NULL,1,NULL,NULL,NULL,NULL,1173IbnHusaynKhwajuiMazandarani,OpenITI 2025.1.9
1173IsmacilKhwajui,محمد إسماعيل الخواجوئي,Ismacil Khwajui,NULL,NULL,NULL,NULL,1173,NULL,NULL,NULL,NULL,author,NULL,NULL,NULL,1,NULL,NULL,NULL,NULL,1173IsmacilKhwajui,OpenITI 2025.1.9
1173KhiyalAhmadabadi,خيل أحمدابادي,Khiyal Ahmadabadi,NULL,NULL,Ḫiyal Aḥmadābādī,NULL,1173,NULL,NULL,NULL,NULL,author,NULL,NULL,NULL,1,NULL,NULL,NULL,NULL,1173KhiyalAhmadabadi,OpenITI 2025.1.9
1174AbuBarakatSuwaydi,السويدي,Abu Barakat Suwaydi,NULL,NULL,NULL,NULL,1174,NULL,NULL,NULL,NULL,author,NULL,NULL,NULL,2,NULL,NULL,NULL,NULL,1174AbuBarakatSuwaydi,OpenITI 2025.1.9
1175AhmadBudayri,البديري الحلاق,Ahmad Budayri,NULL,NULL,NULL,NULL,1175,NULL,NULL,NULL,NULL,author,NULL,NULL,NULL,1,NULL,NULL,NULL,NULL,1175AhmadBudayri,OpenITI 2025.1.9
1175MuhammadKarabisi,محمد جعفر بن محمد طاهر الخراساني الكرباسي,Muhammad Karabisi,NULL,NULL,NULL,NULL,1175,NULL,NULL,NULL,NULL,author,NULL,NULL,NULL,1,NULL,NULL,NULL,NULL,1175MuhammadKarabisi,OpenITI 2025.1.9
1175MuhammadSacidSunbul,محمد سعيد سنبل,Muhammad Sacid Sunbul,NULL,NULL,NULL,NULL,1175,NULL,NULL,NULL,NULL,author,NULL,NULL,NULL,1,NULL,NULL,NULL,NULL,1175MuhammadSacidSunbul,OpenITI 2025.1.9
1176ShahWaliAllahDihlawi,ولي الله الدهلاوي,Shah Wali Allah Dihlawi,NULL,NULL,Walī Allāh al-Dihlāwī,NULL,1176,NULL,NULL,NULL,NULL,author,NULL,NULL,NULL,6,NULL,NULL,NULL,NULL,1176ShahWaliAllahDihlawi,OpenITI 2025.1.9
1179AhmadShafici,أحمد الشافعي,Ahmad Shafici,NULL,NULL,NULL,NULL,1179,NULL,NULL,NULL,NULL,author,NULL,NULL,NULL,1,NULL,NULL,NULL,NULL,1179AhmadShafici,OpenITI 2025.1.9
1179AhmadShihabDinSujaci,أحمد السجاعي,Ahmad Shihab Din Sujaci,NULL,NULL,NULL,NULL,1179,NULL,NULL,NULL,NULL,author,NULL,NULL,NULL,4,NULL,NULL,NULL,NULL,1179AhmadShihabDinSujaci,OpenITI 2025.1.9
1179AslahKashmiri,ميرزا أصلح كشميري,Aslah Kashmiri,NULL,NULL,Mīrzā Aṣlaḥ Kašmīrī,NULL,1179,NULL,NULL,NULL,NULL,author,NULL,NULL,NULL,1,NULL,NULL,NULL,NULL,1179AslahKashmiri,OpenITI 2025.1.9
1180CabdAllahJazairi,السيد عبد الله الجزائري,Cabd Allah Jazairi,NULL,NULL,NULL,NULL,1180,NULL,NULL,NULL,NULL,author,NULL,NULL,NULL,1,NULL,NULL,NULL,NULL,1180CabdAllahJazairi,OpenITI 2025.1.9
1181Jawhari,NULL,Jawhari,NULL,NULL,NULL,NULL,1181,NULL,NULL,NULL,NULL,author,NULL,NULL,NULL,1,NULL,NULL,NULL,NULL,1181Jawhari,OpenITI 2025.1.9
1182IbnIsmacilSancani,الصنعاني,Ibn Ismacil Sancani,NULL,NULL,NULL,NULL,1182,NULL,NULL,NULL,NULL,author,NULL,NULL,NULL,18,NULL,NULL,NULL,NULL,1182IbnIsmacilSancani,OpenITI 2025.1.9
1182MahdiKhanAstarabadi,مهدي خان أسترابادي,Mahdi Khan Astarabadi,NULL,NULL,Mahdī Ḫān Astarābādī,NULL,1182,NULL,NULL,NULL,NULL,author,NULL,NULL,NULL,2,NULL,NULL,NULL,NULL,1182MahdiKhanAstarabadi,OpenITI 2025.1.9
1184CisamDinCumari,عصام الدين العمري,Cisam Din Cumari,NULL,NULL,NULL,NULL,1184,NULL,NULL,NULL,NULL,author,NULL,NULL,NULL,1,NULL,NULL,NULL,NULL,1184CisamDinCumari,OpenITI 2025.1.9
1184IsmacilMajduc,NULL,Ismacil Majduc,NULL,NULL,NULL,NULL,1184,NULL,NULL,NULL,NULL,author,NULL,NULL,NULL,1,NULL,NULL,NULL,NULL,1184IsmacilMajduc,OpenITI 2025.1.9
1186YusufBahraniMuhaqqiq,الشيخ يوسف بن أحمد البحراني [ صاحب الحدائق ],Yusuf Bahrani Muhaqqiq,NULL,NULL,NULL,NULL,1186,NULL,NULL,NULL,NULL,author,NULL,NULL,NULL,1,NULL,NULL,NULL,NULL,1186YusufBahraniMuhaqqiq,OpenITI 2025.1.9
1187IbrahimHuthiHusayni,NULL,Ibrahim Huthi Husayni,NULL,NULL,NULL,NULL,1187,NULL,NULL,NULL,NULL,author,NULL,NULL,NULL,1,NULL,NULL,NULL,NULL,1187IbrahimHuthiHusayni,OpenITI 2025.1.9
1187SulaymanMahasini,سليمان بن أحمد بن سليمان بن إسماعيل المحاسني (المتوفى: 1187هـ),Sulayman Mahasini,NULL,NULL,NULL,NULL,1187,NULL,NULL,NULL,NULL,author,NULL,NULL,NULL,1,NULL,NULL,NULL,NULL,1187SulaymanMahasini,OpenITI 2025.1.9
1188ShamsDinSaffarini,السفاريني,Shams Din Saffarini,NULL,NULL,NULL,NULL,1188,NULL,NULL,NULL,NULL,author,NULL,NULL,NULL,6,NULL,NULL,NULL,NULL,1188ShamsDinSaffarini,OpenITI 2025.1.9
1189AbuHasanGulistana,أبو الحسن بن محمد أمين گلستانه,Abu Hasan Gulistana,NULL,NULL,Abū al-Ḥasan b. Muḥammad Amīn Gulistānah,NULL,1189,NULL,NULL,NULL,NULL,author,NULL,NULL,NULL,1,NULL,NULL,NULL,NULL,1189AbuHasanGulistana,OpenITI 2025.1.9
1189CaliCadawi,العدوي,Cali Cadawi,NULL,NULL,NULL,NULL,1189,NULL,NULL,NULL,NULL,author,NULL,NULL,NULL,1,NULL,NULL,NULL,NULL,1189CaliCadawi,OpenITI 2025.1.9
1189ShihabDinBacli,البعلي، شهاب الدين,Shihab Din Bacli,NULL,NULL,NULL,NULL,1189,NULL,NULL,NULL,NULL,author,NULL,NULL,NULL,1,NULL,NULL,NULL,NULL,1189ShihabDinBacli,OpenITI 2025.1.9
1190AhmadDamanhuri,أحمد الدمنهوري,Ahmad Damanhuri,NULL,NULL,NULL,NULL,1190,NULL,NULL,NULL,NULL,author,NULL,NULL,NULL,1,NULL,NULL,NULL,NULL,1190AhmadDamanhuri,OpenITI 2025.1.9
1190IbnQasimShuhari,NULL,Ibn Qasim Shuhari,NULL,NULL,NULL,NULL,1190,NULL,NULL,NULL,NULL,author,NULL,NULL,NULL,1,NULL,NULL,NULL,NULL,1190IbnQasimShuhari,OpenITI 2025.1.9
1191Kawkabani,الخزرجي الأنصاري اليمني,Kawkabani,NULL,NULL,NULL,NULL,1191,NULL,NULL,NULL,NULL,author,NULL,NULL,NULL,1,NULL,NULL,NULL,NULL,1191Kawkabani,OpenITI 2025.1.9
1192AbuMarahimCaydarus,NULL,Abu Marahim Caydarus,NULL,NULL,NULL,NULL,1192,NULL,NULL,NULL,NULL,author,NULL,NULL,NULL,1,NULL,NULL,NULL,NULL,1192AbuMarahimCaydarus,OpenITI 2025.1.9
1192IbnCabdAllahBacliHanbali,البعلي، عبد الرحمن بن عبد الله,Ibn Cabd Allah Bacli Hanbali,NULL,NULL,NULL,NULL,1192,NULL,NULL,NULL,NULL,author,NULL,NULL,NULL,3,NULL,NULL,NULL,NULL,1192IbnCabdAllahBacliHanbali,OpenITI 2025.1.9
1193HusaynWarthilani,الحسين بن محمّد الورثيلاني,Husayn Warthilani,NULL,NULL,NULL,NULL,1193,NULL,NULL,NULL,NULL,author,NULL,NULL,NULL,1,NULL,NULL,NULL,NULL,1193HusaynWarthilani,OpenITI 2025.1.9
1195CabdRahmanAnsari,عبد الرحمن بن عبد الكريم الأنصاري المدني (المتوفى : 1195هـ),Cabd Rahman Ansari,NULL,NULL,NULL,NULL,1195,NULL,NULL,NULL,NULL,author,NULL,NULL,NULL,1,NULL,NULL,NULL,NULL,1195CabdRahmanAnsari,OpenITI 2025.1.9
1198AhmadIbnSalahKhatib,NULL,Ahmad Ibn Salah Khatib,NULL,NULL,NULL,NULL,1198,NULL,NULL,NULL,NULL,author,NULL,NULL,NULL,1,NULL,NULL,NULL,NULL,1198AhmadIbnSalahKhatib,OpenITI 2025.1.9
1198HatifIsfahani,هاتف اصفهاني,Hatif Isfahani,NULL,NULL,Hātif Iṣfahānī,NULL,1198,NULL,NULL,NULL,NULL,author,NULL,NULL,NULL,1,NULL,NULL,NULL,NULL,1198HatifIsfahani,OpenITI 2025.1.9
1200CabdAllahIbnBashirHadrami,NULL,Cabd Allah Ibn Bashir Hadrami,NULL,NULL,NULL,NULL,1200,NULL,NULL,NULL,NULL,author,NULL,NULL,NULL,1,NULL,NULL,NULL,NULL,1200CabdAllahIbnBashirHadrami,OpenITI 2025.1.9
1200CabdNabiAhmadNagari,القاضي عبد النبي بن عبد الرسول الأحمد نكري,Cabd Nabi Ahmad Nagari,NULL,NULL,NULL,NULL,1200,NULL,NULL,NULL,NULL,author,NULL,NULL,NULL,1,NULL,NULL,NULL,NULL,1200CabdNabiAhmadNagari,OpenITI 2025.1.9
1200CabdNabiQazwini,الشيخ عبد النبي القزويني,Cabd Nabi Qazwini,NULL,NULL,NULL,NULL,1200,NULL,NULL,NULL,NULL,author,NULL,NULL,NULL,1,NULL,NULL,NULL,NULL,1200CabdNabiQazwini,OpenITI 2025.1.9
1200HannaDiyab,حنّا دياب,Hanna Diyab,NULL,NULL,NULL,NULL,1200,NULL,NULL,NULL,NULL,author,NULL,NULL,NULL,1,NULL,NULL,NULL,NULL,1200HannaDiyab,OpenITI 2025.1.9
1200HaydarCaliIbnMuhammadShirwani,المولى حيدر الشيرواني,Haydar Cali Ibn Muhammad Shirwani,NULL,NULL,NULL,NULL,1200,NULL,NULL,NULL,NULL,author,NULL,NULL,NULL,1,NULL,NULL,NULL,NULL,1200HaydarCaliIbnMuhammadShirwani,OpenITI 2025.1.9
1200IbnAhmadSafiDinBukhari,صفي الدين البخاري,Ibn Ahmad Safi Din Bukhari,NULL,NULL,NULL,NULL,1200,NULL,NULL,NULL,NULL,author,NULL,NULL,NULL,2,NULL,NULL,NULL,NULL,1200IbnAhmadSafiDinBukhari,OpenITI 2025.1.9
1200Nisari,النيساري,Nisari,NULL,NULL,NULL,NULL,1200,NULL,NULL,NULL,NULL,author,NULL,NULL,NULL,1,NULL,NULL,NULL,NULL,1200Nisari,OpenITI 2025.1.9
1200ShaykhCabdHusayn,الشيخ عبد الحسين,Shaykh Cabd Husayn,NULL,NULL,NULL,NULL,1200,NULL,NULL,NULL,NULL,author,NULL,NULL,NULL,1,NULL,NULL,NULL,NULL,1200ShaykhCabdHusayn,OpenITI 2025.1.9
1201AhmadDardirAbuBarakat,الدردير,Ahmad Dardir Abu Barakat,NULL,NULL,NULL,NULL,1201,NULL,NULL,NULL,NULL,author,NULL,NULL,NULL,1,NULL,NULL,NULL,NULL,1201AhmadDardirAbuBarakat,OpenITI 2025.1.9
1204SulaymanJamal,NULL,Sulayman Jamal,NULL,NULL,NULL,NULL,1204,NULL,NULL,NULL,NULL,author,NULL,NULL,NULL,2,NULL,NULL,NULL,NULL,1204SulaymanJamal,OpenITI 2025.1.9
1205CaqiliShirazi,عقيلي شيرازي,Caqili Shirazi,NULL,NULL,ʿAqīlī Šīrāzī,NULL,1205,NULL,NULL,NULL,NULL,author,NULL,NULL,NULL,2,NULL,NULL,NULL,NULL,1205CaqiliShirazi,OpenITI 2025.1.9
1205MurtadaZabidi,محمد بن محمد بن عبد الرزاق الحسيني، أبو الفيض، الملقب بمرتضى، الزبيدي (المتوفى: 1205هـ),Murtada Zabidi,NULL,NULL,NULL,NULL,1205,NULL,NULL,NULL,NULL,author,NULL,NULL,NULL,9,NULL,NULL,NULL,NULL,1205MurtadaZabidi,OpenITI 2025.1.9
1205WahidBihbahani,الوحيد البهبهاني,Wahid Bihbahani,NULL,NULL,NULL,NULL,1205,NULL,NULL,NULL,NULL,author,NULL,NULL,NULL,5,NULL,NULL,NULL,NULL,1205WahidBihbahani,OpenITI 2025.1.9
1206IbnCabdWahhab,محمد بن عبد الوهاب,Ibn Cabd Wahhab,NULL,NULL,NULL,NULL,1206,NULL,NULL,NULL,NULL,author,NULL,NULL,NULL,39,NULL,NULL,NULL,NULL,1206IbnCabdWahhab,OpenITI 2025.1.9
1206IbnCaliSabbanShafici,أبو العرفان محمد بن علي الصبان الشافعي (المتوفى: 1206هـ),Ibn Cali Sabban Shafici,NULL,NULL,NULL,NULL,1206,NULL,NULL,NULL,NULL,author,NULL,NULL,NULL,2,NULL,NULL,NULL,NULL,1206IbnCaliSabbanShafici,OpenITI 2025.1.9
1206Muradi,المرادي,Muradi,NULL,NULL,al-Murādī,NULL,1206,NULL,NULL,NULL,NULL,author,NULL,NULL,NULL,1,NULL,NULL,NULL,NULL,1206Muradi,OpenITI 2025.1.9
1207IbnAhmadCabdQadirKawkabani,عبد القادر الحسيني,Ibn Ahmad Cabd Qadir Kawkabani,NULL,NULL,NULL,NULL,1207,NULL,NULL,NULL,NULL,author,NULL,NULL,NULL,1,NULL,NULL,NULL,NULL,1207IbnAhmadCabdQadirKawkabani,OpenITI 2025.1.9
1207SacidKindi,سعيد الكندي,Sacid Kindi,NULL,NULL,NULL,NULL,1207,NULL,NULL,NULL,NULL,author,NULL,NULL,NULL,1,NULL,NULL,NULL,NULL,1207SacidKindi,OpenITI 2025.1.9
1208CaliIbrahimKhanKhalil,علي ابراهيم خان خليل,Cali Ibrahim Khan Khalil,NULL,NULL,ʿAlī Ibrāhīm Ḫān Ḫalīl,NULL,1208,NULL,NULL,NULL,NULL,author,NULL,NULL,NULL,1,NULL,NULL,NULL,NULL,1208CaliIbrahimKhanKhalil,OpenITI 2025.1.9
1208SulaymanJamzuriAffandi,سليمان الجمزوري,Sulayman Jamzuri Affandi,NULL,NULL,NULL,NULL,1208,NULL,NULL,NULL,NULL,author,NULL,NULL,NULL,2,NULL,NULL,NULL,NULL,1208SulaymanJamzuriAffandi,OpenITI 2025.1.9
1209MuhammadMahdiNaraqi,محمد مهدي النراقي,Muhammad Mahdi Naraqi,NULL,NULL,NULL,NULL,1209,NULL,NULL,NULL,NULL,author,NULL,NULL,NULL,2,NULL,NULL,NULL,NULL,1209MuhammadMahdiNaraqi,OpenITI 2025.1.9
1209SulaymanBakShawi,سليمان بك الشاوي,Sulayman Bak Shawi,NULL,NULL,NULL,NULL,1209,NULL,NULL,NULL,NULL,author,NULL,NULL,NULL,1,NULL,NULL,NULL,NULL,1209SulaymanBakShawi,OpenITI 2025.1.9
1210SulaymanAkhIbnCabdWahhab,سليمان أخ محمد بن عبد الوهاب,Sulayman Akh Ibn Cabd Wahhab,NULL,NULL,NULL,NULL,1210,NULL,NULL,NULL,NULL,author,NULL,NULL,NULL,2,NULL,NULL,NULL,NULL,1210SulaymanAkhIbnCabdWahhab,OpenITI 2025.1.9
1211KazimUzri,الشيخ كاظم الأزري التميمي,Kazim Uzri,NULL,NULL,NULL,NULL,1211,NULL,NULL,NULL,NULL,author,NULL,NULL,NULL,2,NULL,NULL,NULL,NULL,1211KazimUzri,OpenITI 2025.1.9
1214IbnCuthmanGarsifi,عمر بن عثمان الكرسيفي,Ibn Cuthman Garsifi,NULL,NULL,NULL,NULL,1214,NULL,NULL,NULL,NULL,author,NULL,NULL,NULL,1,NULL,NULL,NULL,NULL,1214IbnCuthmanGarsifi,OpenITI 2025.1.9
1216HusaynBahraniAlCusfur,الشيخ حسين آل عصفور,Husayn Bahrani Al Cusfur,NULL,NULL,NULL,NULL,1216,NULL,NULL,NULL,NULL,author,NULL,NULL,NULL,1,NULL,NULL,NULL,NULL,1216HusaynBahraniAlCusfur,OpenITI 2025.1.9
1218CabdKarimKashmiri,عبد الكريم كشميري,Cabd Karim Kashmiri,NULL,NULL,ʿAbd al-Karīm Kašmīrī,NULL,1218,NULL,NULL,NULL,NULL,author,NULL,NULL,NULL,1,NULL,NULL,NULL,NULL,1218CabdKarimKashmiri,OpenITI 2025.1.9
1218IbnMuhammadIbnSacud,الإمام عبد العزيز بن محمد بن سعود (المتوفى: 1218هـ),Ibn Muhammad Ibn Sacud,NULL,NULL,NULL,NULL,1218,NULL,NULL,NULL,NULL,author,NULL,NULL,NULL,1,NULL,NULL,NULL,NULL,1218IbnMuhammadIbnSacud,OpenITI 2025.1.9
1218SalihFulani,الفلاني,Salih Fulani,NULL,NULL,NULL,NULL,1218,NULL,NULL,NULL,NULL,author,NULL,NULL,NULL,2,NULL,NULL,NULL,NULL,1218SalihFulani,OpenITI 2025.1.9
1219TalibBartiliWalati,أبو عبد الله الطالب محمد بن أبي بكر الصديق البرتلي الولاتي (المتوفى: 1219ه),Talib Bartili Walati,NULL,NULL,NULL,NULL,1219,NULL,NULL,NULL,NULL,author,NULL,NULL,NULL,1,NULL,NULL,NULL,NULL,1219TalibBartiliWalati,OpenITI 2025.1.9
1220CabdAllahShubbar,السيد عبد الله الشبر,Cabd Allah Shubbar,NULL,NULL,NULL,NULL,1220,NULL,NULL,NULL,NULL,author,NULL,NULL,NULL,1,NULL,NULL,NULL,NULL,1220CabdAllahShubbar,OpenITI 2025.1.9
1220MuhammadKhalilMarcashi,محمد خليل مرعشي,Muhammad Khalil Marcashi,NULL,NULL,Muḥammad Ḫalīl Marʿašī,NULL,1220,NULL,NULL,NULL,NULL,author,NULL,NULL,NULL,1,NULL,NULL,NULL,NULL,1220MuhammadKhalilMarcashi,OpenITI 2025.1.9
1221GhulamCaliKhan,غلام علي خان,Ghulam Cali Khan,NULL,NULL,Ġulām ʿAlī Ḫān,NULL,1221,NULL,NULL,NULL,NULL,author,NULL,NULL,NULL,1,NULL,NULL,NULL,NULL,1221GhulamCaliKhan,OpenITI 2025.1.9
1221HasanHaydara,NULL,Hasan Haydara,NULL,NULL,NULL,NULL,1221,NULL,NULL,NULL,NULL,author,NULL,NULL,NULL,1,NULL,NULL,NULL,NULL,1221HasanHaydara,OpenITI 2025.1.9
1221HusaynSiyaghi,NULL,Husayn Siyaghi,NULL,NULL,NULL,NULL,1221,NULL,NULL,NULL,NULL,author,NULL,NULL,NULL,1,NULL,NULL,NULL,NULL,1221HusaynSiyaghi,OpenITI 2025.1.9
1221IbnAhmadSayyaghi,السياغي,Ibn Ahmad Sayyaghi,NULL,NULL,NULL,NULL,1221,NULL,NULL,NULL,NULL,author,NULL,NULL,NULL,1,NULL,NULL,NULL,NULL,1221IbnAhmadSayyaghi,OpenITI 2025.1.9
1221IbnMuhammadBujayrimiMisri,سليمان بن عمر بن محمد البجيرمي,Ibn Muhammad Bujayrimi Misri,NULL,NULL,NULL,NULL,1221,NULL,NULL,NULL,NULL,author,NULL,NULL,NULL,2,NULL,NULL,NULL,NULL,1221IbnMuhammadBujayrimiMisri,OpenITI 2025.1.9
1223DiyaDinThamini,ضياء الدين عبد العزيز الثميني,Diya Din Thamini,NULL,NULL,NULL,NULL,1223,NULL,NULL,NULL,NULL,author,NULL,NULL,NULL,2,NULL,NULL,NULL,NULL,1223DiyaDinThamini,OpenITI 2025.1.9
1224IbnCajiba,ابن عجيبة,Ibn Cajiba,NULL,NULL,NULL,NULL,1224,NULL,NULL,NULL,NULL,author,NULL,NULL,NULL,1,NULL,NULL,NULL,NULL,1224IbnCajiba,OpenITI 2025.1.9
1225AnsariLaknawi,عبد العلي بن نظام الدين,Ansari Laknawi,NULL,NULL,NULL,NULL,1225,NULL,NULL,NULL,NULL,author,NULL,NULL,NULL,1,NULL,NULL,NULL,NULL,1225AnsariLaknawi,OpenITI 2025.1.9
1225BahrCulum,السيد بحر العلوم,Bahr Culum,NULL,NULL,NULL,NULL,1225,NULL,NULL,NULL,NULL,author,NULL,NULL,NULL,1,NULL,NULL,NULL,NULL,1225BahrCulum,OpenITI 2025.1.9
1225FaniKhui,الفاني الخوءي,Fani Khui,NULL,NULL,al-Fānī al-Ḫūʾī,NULL,1225,NULL,NULL,NULL,NULL,author,NULL,NULL,NULL,1,NULL,NULL,NULL,NULL,1225FaniKhui,OpenITI 2025.1.9
1225IbnGhannamMalikiNajdi,حسين بن غنام (أو ابن أبي بكر بن غنام) النجدي الأحسائي المالكي (المتوفى: 1225هـ),Ibn Ghannam Maliki Najdi,NULL,NULL,NULL,NULL,1225,NULL,NULL,NULL,NULL,author,NULL,NULL,NULL,1,NULL,NULL,NULL,NULL,1225IbnGhannamMalikiNajdi,OpenITI 2025.1.9
1225IbnNasirNajdi,حمد بن ناصر الحنبلي,Ibn Nasir Najdi,NULL,NULL,NULL,NULL,1225,NULL,NULL,NULL,NULL,author,NULL,NULL,NULL,5,NULL,NULL,NULL,NULL,1225IbnNasirNajdi,OpenITI 2025.1.9
1225ThanaAllahPanipati,المظهري، محمد ثناء الله,Thana Allah Panipati,NULL,NULL,NULL,NULL,1225,NULL,NULL,NULL,NULL,author,NULL,NULL,NULL,1,NULL,NULL,NULL,NULL,1225ThanaAllahPanipati,OpenITI 2025.1.9
1226AhmadBarbir,أحمد البربير,Ahmad Barbir,NULL,NULL,NULL,NULL,1226,NULL,NULL,NULL,NULL,author,NULL,NULL,NULL,2,NULL,NULL,NULL,NULL,1226AhmadBarbir,OpenITI 2025.1.9
1226MuhammadJawadCamili,السيد محمد جواد العاملي,Muhammad Jawad Camili,NULL,NULL,NULL,NULL,1226,NULL,NULL,NULL,NULL,author,NULL,NULL,NULL,1,NULL,NULL,NULL,NULL,1226MuhammadJawadCamili,OpenITI 2025.1.9
1226RahmCalikhanIman,رحم علي خان امام,Rahm Calikhan Iman,NULL,NULL,Raḥm ʿAlī Ḫān Imām,NULL,1226,NULL,NULL,NULL,NULL,author,NULL,NULL,NULL,1,NULL,NULL,NULL,NULL,1226RahmCalikhanIman,OpenITI 2025.1.9
1227CabdAllahSharqawi,عبد الله بن حجازي الشرقاوي,Cabd Allah Sharqawi,NULL,NULL,ʿAbd Allāh b. Ḥijāzī al-Šarqāwī,NULL,1227,NULL,NULL,NULL,NULL,author,NULL,NULL,NULL,1,NULL,NULL,NULL,NULL,1227CabdAllahSharqawi,OpenITI 2025.1.9
1228IbnSulaymanHalabiRihawi,محمد بن سليمان الحلبي,Ibn Sulayman Halabi Rihawi,NULL,NULL,NULL,NULL,1228,NULL,NULL,NULL,NULL,author,NULL,NULL,NULL,1,NULL,NULL,NULL,NULL,1228IbnSulaymanHalabiRihawi,OpenITI 2025.1.9
1228JacfarKashifGhita,الشيخ جعفر كاشف الغطاء,Jacfar Kashif Ghita,NULL,NULL,NULL,NULL,1228,NULL,NULL,NULL,NULL,author,NULL,NULL,NULL,2,NULL,NULL,NULL,NULL,1228JacfarKashifGhita,OpenITI 2025.1.9
1228MahmudMaqdishSafaqsi,محمود مقديش,Mahmud Maqdish Safaqsi,NULL,NULL,NULL,NULL,1228,NULL,NULL,NULL,NULL,author,NULL,NULL,NULL,1,NULL,NULL,NULL,NULL,1228MahmudMaqdishSafaqsi,OpenITI 2025.1.9
1228MuhammadAmirKabirMaliki,العلامة محمد الأمير الكبير المالكي,Muhammad Amir Kabir Maliki,NULL,NULL,NULL,NULL,1228,NULL,NULL,NULL,NULL,author,NULL,NULL,NULL,1,NULL,NULL,NULL,NULL,1228MuhammadAmirKabirMaliki,OpenITI 2025.1.9
1230IbnAhmadDasuqi,محمد بن أحمد الدسوقي,Ibn Ahmad Dasuqi,NULL,NULL,NULL,NULL,1230,NULL,NULL,NULL,NULL,author,NULL,NULL,NULL,2,NULL,NULL,NULL,NULL,1230IbnAhmadDasuqi,OpenITI 2025.1.9
1231AbuHasanQazwini,أبو الحسن بن ابراهيم قزويني,Abu Hasan Qazwini,NULL,NULL,Abū al-Ḥasan b. Ibrāhīm Qazwīnī,NULL,1231,NULL,NULL,NULL,NULL,author,NULL,NULL,NULL,1,NULL,NULL,NULL,NULL,1231AbuHasanQazwini,OpenITI 2025.1.9
1231IbnMuhammadHanafiTahtawi,الطحطاوي,Ibn Muhammad Hanafi Tahtawi,NULL,NULL,NULL,NULL,1231,NULL,NULL,NULL,NULL,author,NULL,NULL,NULL,1,NULL,NULL,NULL,NULL,1231IbnMuhammadHanafiTahtawi,OpenITI 2025.1.9
1231MirzaAbuQasimQummi,الميرزا القمي,Mirza Abu Qasim Qummi,NULL,NULL,NULL,NULL,1231,NULL,NULL,NULL,NULL,author,NULL,NULL,NULL,3,NULL,NULL,NULL,NULL,1231MirzaAbuQasimQummi,OpenITI 2025.1.9
1231SayyidCaliTabatabai,السيد علي الطباطبائي,Sayyid Cali Tabatabai,NULL,NULL,NULL,NULL,1231,NULL,NULL,NULL,NULL,author,NULL,NULL,NULL,1,NULL,NULL,NULL,NULL,1231SayyidCaliTabatabai,OpenITI 2025.1.9
1232IbnKhatibCumari,ياسين بن خير الله بن محمود بن موسى الخطيب العمري (المتوفى: بعد 1232هـ),Ibn Khatib Cumari,NULL,NULL,NULL,NULL,1232,NULL,NULL,NULL,NULL,author,NULL,NULL,NULL,1,NULL,NULL,NULL,NULL,1232IbnKhatibCumari,OpenITI 2025.1.9
1232MuhammadSanbawiAmir,محمد الأمير المالكي,Muhammad Sanbawi Amir,NULL,NULL,NULL,NULL,1232,NULL,NULL,NULL,NULL,author,NULL,NULL,NULL,2,NULL,NULL,NULL,NULL,1232MuhammadSanbawiAmir,OpenITI 2025.1.9
1233GhulamHusaynZaydpuri,غلام حسين زيدپوري,Ghulam Husayn Zaydpuri,NULL,NULL,Ġulām Ḥusayn Zaydpūrī,NULL,1233,NULL,NULL,NULL,NULL,author,NULL,NULL,NULL,1,NULL,NULL,NULL,NULL,1233GhulamHusaynZaydpuri,OpenITI 2025.1.9
1233SulaymanSibtIbnCabdWahhab,سليمان بن عبد الله آل الشيخ,Sulayman Sibt Ibn Cabd Wahhab,NULL,NULL,NULL,NULL,1233,NULL,NULL,NULL,NULL,author,NULL,NULL,NULL,4,NULL,NULL,NULL,NULL,1233SulaymanSibtIbnCabdWahhab,OpenITI 2025.1.9
1235IbnIbrahimShinqiti,عبد الله بن إبراهيم العلوي الشنقيطي,Ibn Ibrahim Shinqiti,NULL,NULL,NULL,NULL,1235,NULL,NULL,NULL,NULL,author,NULL,NULL,NULL,1,NULL,NULL,NULL,NULL,1235IbnIbrahimShinqiti,OpenITI 2025.1.9
1237AbuNabhanKharusi,جاعد بن خميس الخروصي,Abu Nabhan Kharusi,NULL,NULL,NULL,NULL,1237,NULL,NULL,NULL,NULL,author,NULL,NULL,NULL,1,NULL,NULL,NULL,NULL,1237AbuNabhanKharusi,OpenITI 2025.1.9
1237Jabarti,عبد الرحمن بن حسن الجبرتي,Jabarti,NULL,NULL,NULL,NULL,1237,NULL,NULL,NULL,NULL,author,NULL,NULL,NULL,1,NULL,NULL,NULL,NULL,1237Jabarti,OpenITI 2025.1.9
1239IbnAhmadFarharawiMultani,عبد العزيز بن أحمد بن الحامد القرشي الفريهاري الملتاني أبو عبد الرحمن (المتوفى: بعد 1239هـ),Ibn Ahmad Farharawi Multani,NULL,NULL,NULL,NULL,1239,NULL,NULL,NULL,NULL,author,NULL,NULL,NULL,1,NULL,NULL,NULL,NULL,1239IbnAhmadFarharawiMultani,OpenITI 2025.1.9
1240CuthmanIbnJamic,عثمان ابن جامع,Cuthman Ibn Jamic,NULL,NULL,NULL,NULL,1240,NULL,NULL,NULL,NULL,author,NULL,NULL,NULL,1,NULL,NULL,NULL,NULL,1240CuthmanIbnJamic,OpenITI 2025.1.9
1240GhulamHamadaniMushafi,غلام همداني مصحفي,Ghulam Hamadani Mushafi,NULL,NULL,Ġulām Hamadānī Muṣḥafī,NULL,1240,NULL,NULL,NULL,NULL,author,NULL,NULL,NULL,1,NULL,NULL,NULL,NULL,1240GhulamHamadaniMushafi,OpenITI 2025.1.9
1240IbnMuhsinHimi,الإمام أحمد المرتضى,Ibn Muhsin Himi,NULL,NULL,NULL,NULL,1240,NULL,NULL,NULL,NULL,author,NULL,NULL,NULL,1,NULL,NULL,NULL,NULL,1240IbnMuhsinHimi,OpenITI 2025.1.9
1241IbnMuhammadKhalwatiSawi,أحمد الصاوي,Ibn Muhammad Khalwati Sawi,NULL,NULL,NULL,NULL,1241,NULL,NULL,NULL,NULL,author,NULL,NULL,NULL,3,NULL,NULL,NULL,NULL,1241IbnMuhammadKhalwatiSawi,OpenITI 2025.1.9
1242DiyaDinKhalidBaghdadi,خالد البغدادي,Diya Din Khalid Baghdadi,NULL,NULL,NULL,NULL,1242,NULL,NULL,NULL,NULL,author,NULL,NULL,NULL,1,NULL,NULL,NULL,NULL,1242DiyaDinKhalidBaghdadi,OpenITI 2025.1.9
1242IbnMuhammadIbnCabdWahhabNajdi,أبو سليمان عبد الله بن محمد بن عبد الوهاب بن سليمان التميمي النجدي (المتوفى: 1242هـ),Ibn Muhammad Ibn Cabd Wahhab Najdi,NULL,NULL,NULL,NULL,1242,NULL,NULL,NULL,NULL,author,NULL,NULL,NULL,2,NULL,NULL,NULL,NULL,1242IbnMuhammadIbnCabdWahhabNajdi,OpenITI 2025.1.9
1243CabdRazzaqDunbuli,عبد الرزاق بك بن نجفلى خان بن شهباز خان الدنبلى (المتوفى: في القرن 13 ه),Cabd Razzaq Dunbuli,NULL,NULL,NULL,NULL,1243,NULL,NULL,NULL,NULL,author,NULL,NULL,NULL,1,NULL,NULL,NULL,NULL,1243CabdRazzaqDunbuli,OpenITI 2025.1.9
1243IbnSacdRahyabaniSuyuti,الرحيباني,Ibn Sacd Rahyabani Suyuti,NULL,NULL,NULL,NULL,1243,NULL,NULL,NULL,NULL,author,NULL,NULL,NULL,1,NULL,NULL,NULL,NULL,1243IbnSacdRahyabaniSuyuti,OpenITI 2025.1.9
1243MaftunDunbuli,أبد الرزاق مفتون دنبلي,Maftun Dunbuli,NULL,NULL,Abd al-Razzāq Maftūn Dunbulī,NULL,1243,NULL,NULL,NULL,NULL,author,NULL,NULL,NULL,1,NULL,NULL,NULL,NULL,1243MaftunDunbuli,OpenITI 2025.1.9
1243NiqulaTurki,نقولا التركي,Niqula Turki,NULL,NULL,NULL,NULL,1243,NULL,NULL,NULL,NULL,author,NULL,NULL,NULL,1,NULL,NULL,NULL,NULL,1243NiqulaTurki,OpenITI 2025.1.9
1244AhmadNaraqi,المحقق النراقي,Ahmad Naraqi,NULL,NULL,NULL,NULL,1244,NULL,NULL,NULL,NULL,author,NULL,NULL,NULL,2,NULL,NULL,NULL,NULL,1244AhmadNaraqi,OpenITI 2025.1.9
1244IbnHamadAlMucammar,عبد العزيز بن حمد بن ناصر بن عثمان آل معمر (المتوفى: 1244هـ),Ibn Hamad Al Mucammar,NULL,NULL,NULL,NULL,1244,NULL,NULL,NULL,NULL,author,NULL,NULL,NULL,1,NULL,NULL,NULL,NULL,1244IbnHamadAlMucammar,OpenITI 2025.1.9
1245CabdAllahIbnFudi,عبد الله بن فودي,Cabd Allah Ibn Fudi,NULL,NULL,NULL,NULL,1245,NULL,NULL,NULL,NULL,author,NULL,NULL,NULL,1,NULL,NULL,NULL,NULL,1245CabdAllahIbnFudi,OpenITI 2025.1.9
1245Fudi,NULL,Fudi,NULL,NULL,NULL,NULL,1245,NULL,NULL,NULL,NULL,author,NULL,NULL,NULL,1,NULL,NULL,NULL,NULL,1245Fudi,OpenITI 2025.1.9
1246IbnCabdGhaniDihlawi,الدهلوي,Ibn Cabd Ghani Dihlawi,NULL,NULL,NULL,NULL,1246,NULL,NULL,NULL,NULL,author,NULL,NULL,NULL,1,NULL,NULL,NULL,NULL,1246IbnCabdGhaniDihlawi,OpenITI 2025.1.9
1246IbnHamadBassam,محمد بن حمد البسام التميمي النجدي (المتوفى : 1246هـ),Ibn Hamad Bassam,NULL,NULL,NULL,NULL,1246,NULL,NULL,NULL,NULL,author,NULL,NULL,NULL,1,NULL,NULL,NULL,NULL,1246IbnHamadBassam,OpenITI 2025.1.9
1248MuhammadTaqiRaziNajafi,الشيخ محمد تقي الرازي,Muhammad Taqi Razi Najafi,NULL,NULL,NULL,NULL,1248,NULL,NULL,NULL,NULL,author,NULL,NULL,NULL,1,NULL,NULL,NULL,NULL,1248MuhammadTaqiRaziNajafi,OpenITI 2025.1.9
1250CabdFattahHusayniMaraghi,الحسيني المراغي,Cabd Fattah Husayni Maraghi,NULL,NULL,NULL,NULL,1250,NULL,NULL,NULL,NULL,author,NULL,NULL,NULL,1,NULL,NULL,NULL,NULL,1250CabdFattahHusayniMaraghi,OpenITI 2025.1.9
1250IbnMuhammadCattarShafici,الحسن بن محمد العطار,Ibn Muhammad Cattar Shafici,NULL,NULL,al-Ḥasan b. Muḥammad al-ʿAṭṭār,NULL,1250,NULL,NULL,NULL,NULL,author,NULL,NULL,NULL,2,NULL,NULL,NULL,NULL,1250IbnMuhammadCattarShafici,OpenITI 2025.1.9
1250IbnMuhammadRaiqiSacidi,حمد بن محمد الرائقي الصعيدي المالكي (المتوفى: نحو 1250هـ),Ibn Muhammad Raiqi Sacidi,NULL,NULL,NULL,NULL,1250,NULL,NULL,NULL,NULL,author,NULL,NULL,NULL,1,NULL,NULL,NULL,NULL,1250IbnMuhammadRaiqiSacidi,OpenITI 2025.1.9
1250IbnSulaymanAhdal,العلامة السيد الإمام شيخ الإسلام,Ibn Sulayman Ahdal,NULL,NULL,NULL,NULL,1250,NULL,NULL,NULL,NULL,author,NULL,NULL,NULL,1,NULL,NULL,NULL,NULL,1250IbnSulaymanAhdal,OpenITI 2025.1.9
1250MuhammadHusaynHairiTihrani,الشيخ محمد حسين الحائري,Muhammad Husayn Hairi Tihrani,NULL,NULL,NULL,NULL,1250,NULL,NULL,NULL,NULL,author,NULL,NULL,NULL,1,NULL,NULL,NULL,NULL,1250MuhammadHusaynHairiTihrani,OpenITI 2025.1.9
1252IbnCabidinDimashqi,ابن عابدين، محمد أمين بن عمر بن عبد العزيز عابدين الدمشقي الحنفي (المتوفى: 1252هـ),Ibn Cabidin Dimashqi,NULL,NULL,NULL,NULL,1252,NULL,NULL,NULL,NULL,author,NULL,NULL,NULL,6,NULL,NULL,NULL,NULL,1252IbnCabidinDimashqi,OpenITI 2025.1.9
1253IbnMuhammadAnsariShirwani,أحمد بن محمد بن علي بن إبراهيم الأنصاري الشرواني (المتوفى: 1253هـ),Ibn Muhammad Ansari Shirwani,NULL,NULL,NULL,NULL,1253,NULL,NULL,NULL,NULL,author,NULL,NULL,NULL,1,NULL,NULL,NULL,NULL,1253IbnMuhammadAnsariShirwani,OpenITI 2025.1.9
1255HamdanKhwaja,حمدان بن عثمان خوجة (المتوفى: 1255ه),Hamdan Khwaja,NULL,NULL,NULL,NULL,1255,NULL,NULL,NULL,NULL,author,NULL,NULL,NULL,1,NULL,NULL,NULL,NULL,1255HamdanKhwaja,OpenITI 2025.1.9
1255Shawkani,محمد بن علي الشوكاني,Shawkani,NULL,NULL,NULL,NULL,1255,NULL,NULL,NULL,NULL,author,NULL,NULL,NULL,22,NULL,NULL,NULL,NULL,1255Shawkani,OpenITI 2025.1.9
1256NasirCabdAllah,الإمام الشهيد الناصر لدين الله عبد الله بن الحسن عليهما السلام,Nasir Cabd Allah,NULL,NULL,NULL,NULL,1256,NULL,NULL,NULL,NULL,author,NULL,NULL,NULL,1,NULL,NULL,NULL,NULL,1256NasirCabdAllah,OpenITI 2025.1.9
1258IbnCabdSalamTusuli,علي بن عبد السلام بن علي، أبو الحسن التسولي المالكي (المتوفى: 1258هـ),Ibn Cabd Salam Tusuli,NULL,NULL,NULL,NULL,1258,NULL,NULL,NULL,NULL,author,NULL,NULL,NULL,2,NULL,NULL,NULL,NULL,1258IbnCabdSalamTusuli,OpenITI 2025.1.9
1258MahdiAhmadIbnHusayn,الإمام الشهيد المهدي أحمد بن الحسين عليه السلام,Mahdi Ahmad Ibn Husayn,NULL,NULL,NULL,NULL,1258,NULL,NULL,NULL,NULL,author,NULL,NULL,NULL,1,NULL,NULL,NULL,NULL,1258MahdiAhmadIbnHusayn,OpenITI 2025.1.9
1261IbrahimKilbasiIsbahani,إبراهيم الكلباسي,Ibrahim Kilbasi Isbahani,NULL,NULL,NULL,NULL,1261,NULL,NULL,NULL,NULL,author,NULL,NULL,NULL,1,NULL,NULL,NULL,NULL,1261IbrahimKilbasiIsbahani,OpenITI 2025.1.9
1262HusayniArdakani,الحسيني الأردكاني,Husayni Ardakani,NULL,NULL,al-Ḥusaynī al-Ardakānī,NULL,1262,NULL,NULL,NULL,NULL,author,NULL,NULL,NULL,1,NULL,NULL,NULL,NULL,1262HusayniArdakani,OpenITI 2025.1.9
1262IbnMuhammadKuzbari,عبد الرحمن بن محمد بن عبد الرحمن الكزبري,Ibn Muhammad Kuzbari,NULL,NULL,NULL,NULL,1262,NULL,NULL,NULL,NULL,author,NULL,NULL,NULL,1,NULL,NULL,NULL,NULL,1262IbnMuhammadKuzbari,OpenITI 2025.1.9
1263BismilShirazi,بسمل، حج أكبر نواب شيرازي,Bismil Shirazi,NULL,NULL,"Bismil, Ḥaǧǧ Akbar Nawwāb Šīrāzī",NULL,1263,NULL,NULL,NULL,NULL,author,NULL,NULL,NULL,1,NULL,NULL,NULL,NULL,1263BismilShirazi,OpenITI 2025.1.9
1263IbnRamadanBurullusi,البرلسي، مصطفى بن رمضان,Ibn Ramadan Burullusi,NULL,NULL,NULL,NULL,1263,NULL,NULL,NULL,NULL,author,NULL,NULL,NULL,1,NULL,NULL,NULL,NULL,1263IbnRamadanBurullusi,OpenITI 2025.1.9
1263JacfarSharicatMadarAstarabadi,محمّد جعفر الأسترآبادي,Jacfar Sharicat Madar Astarabadi,NULL,NULL,NULL,NULL,1263,NULL,NULL,NULL,NULL,author,NULL,NULL,NULL,1,NULL,NULL,NULL,NULL,1263JacfarSharicatMadarAstarabadi,OpenITI 2025.1.9
1263NasirIbnAbiNabhanKharusi,ابن أبي نبهان الخروصي,Nasir Ibn Abi Nabhan Kharusi,NULL,NULL,Ibn Abī Nabhān al-Ḫarūṣī,NULL,1263,NULL,NULL,NULL,NULL,author,NULL,NULL,NULL,2,NULL,NULL,NULL,NULL,1263NasirIbnAbiNabhanKharusi,OpenITI 2025.1.9
1264CaliNabhaniTanufi,NULL,Cali Nabhani Tanufi,NULL,NULL,NULL,NULL,1264,NULL,NULL,NULL,NULL,author,NULL,NULL,NULL,1,NULL,NULL,NULL,NULL,1264CaliNabhaniTanufi,OpenITI 2025.1.9
1265IbnCumarCalawiHadrami,عبد الله بن عمر بن أبي بكر بن يحيى العلوي الحضرمي الشافعي (المتوفى: 1265هـ),Ibn Cumar Calawi Hadrami,NULL,NULL,NULL,NULL,1265,NULL,NULL,NULL,NULL,author,NULL,NULL,NULL,1,NULL,NULL,NULL,NULL,1265IbnCumarCalawiHadrami,OpenITI 2025.1.9
1266AhmadBay,أحمد باي,Ahmad Bay,NULL,NULL,NULL,NULL,1266,NULL,NULL,NULL,NULL,author,NULL,NULL,NULL,1,NULL,NULL,NULL,NULL,1266AhmadBay,OpenITI 2025.1.9
1266MuhammadHasanNajafiJawahiri,الشيخ الجواهري,Muhammad Hasan Najafi Jawahiri,NULL,NULL,NULL,NULL,1266,NULL,NULL,NULL,NULL,author,NULL,NULL,NULL,2,NULL,NULL,NULL,NULL,1266MuhammadHasanNajafiJawahiri,OpenITI 2025.1.9
1269MansurAhmad,الإمام الأواه أحمد بن هاشم بن رسول الله,Mansur Ahmad,NULL,NULL,NULL,NULL,1269,NULL,NULL,NULL,NULL,author,NULL,NULL,NULL,1,NULL,NULL,NULL,NULL,1269MansurAhmad,OpenITI 2025.1.9
1270IbnMuhammadDawcaniHadrami,سعيد بن محمد باعلي باعشن الدوعني الرباطي الحضرمي الشافعي (المتوفى: 1270هـ),Ibn Muhammad Dawcani Hadrami,NULL,NULL,NULL,NULL,1270,NULL,NULL,NULL,NULL,author,NULL,NULL,NULL,1,NULL,NULL,NULL,NULL,1270IbnMuhammadDawcaniHadrami,OpenITI 2025.1.9
1270IbnMuhammadIhsaiHanafi,أبو بكر محمد بن عمر الإحسائي,Ibn Muhammad Ihsai Hanafi,NULL,NULL,NULL,NULL,1270,NULL,NULL,NULL,NULL,author,NULL,NULL,NULL,1,NULL,NULL,NULL,NULL,1270IbnMuhammadIhsaiHanafi,OpenITI 2025.1.9
1270MuhammadBudayrMaqdisi,محمد بدير المقدسي,Muhammad Budayr Maqdisi,NULL,NULL,NULL,NULL,1270,NULL,NULL,NULL,NULL,author,NULL,NULL,NULL,1,NULL,NULL,NULL,NULL,1270MuhammadBudayrMaqdisi,OpenITI 2025.1.9
1270Qaani,ميرزا حبيب الله شيرازي قاءاني,Qaani,NULL,NULL,Mīrzā Ḥabīb Allāh Šīrāzī Qāʾānī,NULL,1270,NULL,NULL,NULL,NULL,author,NULL,NULL,NULL,2,NULL,NULL,NULL,NULL,1270Qaani,OpenITI 2025.1.9
1270ShihabDinAlusi,شهاب الدين محمود بن عبد الله الحسيني الألوسي (المتوفى: 1270هـ),Shihab Din Alusi,NULL,NULL,NULL,NULL,1270,NULL,NULL,NULL,NULL,author,NULL,NULL,NULL,4,NULL,NULL,NULL,NULL,1270ShihabDinAlusi,OpenITI 2025.1.9
1271IbnCabdBariAhdal,عبد الله بن عبد الباري الأهدل,Ibn Cabd Bari Ahdal,NULL,NULL,NULL,NULL,1271,NULL,NULL,NULL,NULL,author,NULL,NULL,NULL,1,NULL,NULL,NULL,NULL,1271IbnCabdBariAhdal,OpenITI 2025.1.9
1271SalimHadrami,سالم الحضرمي,Salim Hadrami,NULL,NULL,NULL,NULL,1271,NULL,NULL,NULL,NULL,author,NULL,NULL,NULL,1,NULL,NULL,NULL,NULL,1271SalimHadrami,OpenITI 2025.1.9
1272HasanBaytar,حسن بن إبراهيم بن حسن بن محمد، المعروف بالبيطار (المتوفى: 1272 ه),Hasan Baytar,NULL,NULL,NULL,NULL,1272,NULL,NULL,NULL,NULL,author,NULL,NULL,NULL,1,NULL,NULL,NULL,NULL,1272HasanBaytar,OpenITI 2025.1.9
1272JamesBaillieFraser,جيمس بيلي فريزر,James Baillie Fraser,NULL,NULL,NULL,NULL,1272,NULL,NULL,NULL,NULL,author,NULL,NULL,NULL,1,NULL,NULL,NULL,NULL,1272JamesBaillieFraser,OpenITI 2025.1.9
1273Furughi,عباس فروغي بسطامي,Furughi,NULL,NULL,ʿAbbās Furūġī Basṭāmī,NULL,1273,NULL,NULL,NULL,NULL,author,NULL,NULL,NULL,1,NULL,NULL,NULL,NULL,1273Furughi,OpenITI 2025.1.9
1275SalahDinArai,NULL,Salah Din Arai,NULL,NULL,NULL,NULL,1275,NULL,NULL,NULL,NULL,author,NULL,NULL,NULL,1,NULL,NULL,NULL,NULL,1275SalahDinArai,OpenITI 2025.1.9
1276IbnAhmadRibaciSancani,الحسن بن أحمد بن يوسف بن محمد بن أحمد الرباعي الصنعاني (المتوفى: 1276هـ),Ibn Ahmad Ribaci Sancani,NULL,NULL,NULL,NULL,1276,NULL,NULL,NULL,NULL,author,NULL,NULL,NULL,1,NULL,NULL,NULL,NULL,1276IbnAhmadRibaciSancani,OpenITI 2025.1.9
1277IbnDarwishHut,الحوت,Ibn Darwish Hut,NULL,NULL,NULL,NULL,1277,NULL,NULL,NULL,NULL,author,NULL,NULL,NULL,1,NULL,NULL,NULL,NULL,1277IbnDarwishHut,OpenITI 2025.1.9
1277MuhammadTantawi,الشيخ محمد الطنطاوي رحمه الله,Muhammad Tantawi,NULL,NULL,NULL,NULL,1277,NULL,NULL,NULL,NULL,author,NULL,NULL,NULL,1,NULL,NULL,NULL,NULL,1277MuhammadTantawi,OpenITI 2025.1.9
1280MullaCimranFarisi,الملا عمران بن رضوان الشافعي اللنجي الفارسي,Mulla Cimran Farisi,NULL,NULL,NULL,NULL,1280,NULL,NULL,NULL,NULL,author,NULL,NULL,NULL,1,NULL,NULL,NULL,NULL,1280MullaCimranFarisi,OpenITI 2025.1.9
1280QadiMulkHindi,صبغة الله المدراسي الهندي,Qadi Mulk Hindi,NULL,NULL,NULL,NULL,1280,NULL,NULL,NULL,NULL,author,NULL,NULL,NULL,1,NULL,NULL,NULL,NULL,1280QadiMulkHindi,OpenITI 2025.1.9
1281Gupamawi,محمد قدرت الله گپماوي,Gupamawi,NULL,NULL,Muḥammad Qudrat Allāh Gupamāwī,NULL,1281,NULL,NULL,NULL,NULL,author,NULL,NULL,NULL,1,NULL,NULL,NULL,NULL,1281Gupamawi,OpenITI 2025.1.9
1281IbnShawkani,ابن الشوكاني,Ibn Shawkani,NULL,NULL,NULL,NULL,1281,NULL,NULL,NULL,NULL,author,NULL,NULL,NULL,1,NULL,NULL,NULL,NULL,1281IbnShawkani,OpenITI 2025.1.9
1281KashimirQadiri,الكشميري القادري,Kashimir Qadiri,NULL,NULL,al-Kašmīrī al-Qādirī,NULL,1281,NULL,NULL,NULL,NULL,author,NULL,NULL,NULL,1,NULL,NULL,NULL,NULL,1281KashimirQadiri,OpenITI 2025.1.9
1281MurtadaAnsari,الشيخ الأنصاري,Murtada Ansari,NULL,NULL,NULL,NULL,1281,NULL,NULL,NULL,NULL,author,NULL,NULL,NULL,14,NULL,NULL,NULL,NULL,1281MurtadaAnsari,OpenITI 2025.1.9
1282Ababutayn,عبد الله بن عبد الرحمن بن عبد العزيز بن عبد الرحمن بن عبد الله بن سلطان بن خميس الملقب بـ&quot;أبابطين&quot; (المتوفى: 1282هـ),Ababutayn,NULL,NULL,NULL,NULL,1282,NULL,NULL,NULL,NULL,author,NULL,NULL,NULL,6,NULL,NULL,NULL,NULL,1282Ababutayn,OpenITI 2025.1.9
1282AhmadQurashi,القاضي العلامة أحمد القرشي,Ahmad Qurashi,NULL,NULL,NULL,NULL,1282,NULL,NULL,NULL,NULL,author,NULL,NULL,NULL,1,NULL,NULL,NULL,NULL,1282AhmadQurashi,OpenITI 2025.1.9
1283SafaDinBandaniji,NULL,Safa Din Bandaniji,NULL,NULL,NULL,NULL,1283,NULL,NULL,NULL,NULL,author,NULL,NULL,NULL,1,NULL,NULL,NULL,NULL,1283SafaDinBandaniji,OpenITI 2025.1.9
1284QasimiDimashqi,القاسمي الدمشقي,Qasimi Dimashqi,NULL,NULL,NULL,NULL,1284,NULL,NULL,NULL,NULL,author,NULL,NULL,NULL,1,NULL,NULL,NULL,NULL,1284QasimiDimashqi,OpenITI 2025.1.9
1285IbnHasanAlShaykh,عبد الرحمن بن حسن بن محمد بن عبد الوهاب بن سليمان التميمي (المتوفى: 1285هـ),Ibn Hasan Al Shaykh,NULL,NULL,NULL,NULL,1285,NULL,NULL,NULL,NULL,author,NULL,NULL,NULL,11,NULL,NULL,NULL,NULL,1285IbnHasanAlShaykh,OpenITI 2025.1.9
1285IbnMushrifShacir,ابن مشرف,Ibn Mushrif Shacir,NULL,NULL,NULL,NULL,1285,NULL,NULL,NULL,NULL,author,NULL,NULL,NULL,1,NULL,NULL,NULL,NULL,1285IbnMushrifShacir,OpenITI 2025.1.9
1286IcjazHusaynKunturi,السيد إعجاز حسين,Icjaz Husayn Kunturi,NULL,NULL,NULL,NULL,1286,NULL,NULL,NULL,NULL,author,NULL,NULL,NULL,1,NULL,NULL,NULL,NULL,1286IcjazHusaynKunturi,OpenITI 2025.1.9
1287NasifNasraniYaziji,ناصيف اليازجي,Nasif Nasrani Yaziji,NULL,NULL,NULL,NULL,1287,NULL,NULL,NULL,NULL,author,NULL,NULL,NULL,2,NULL,NULL,NULL,NULL,1287NasifNasraniYaziji,OpenITI 2025.1.9
1287SacidIbnKhalfanKhalili,NULL,Sacid Ibn Khalfan Khalili,NULL,NULL,NULL,NULL,1287,NULL,NULL,NULL,NULL,author,NULL,NULL,NULL,1,NULL,NULL,NULL,NULL,1287SacidIbnKhalfanKhalili,OpenITI 2025.1.9
1288RidaQuliKhan,رضى قولي خان,Rida Quli Khan,NULL,NULL,Riḍá Qūlī Ḫān,NULL,1288,NULL,NULL,NULL,NULL,author,NULL,NULL,NULL,1,NULL,NULL,NULL,NULL,1288RidaQuliKhan,OpenITI 2025.1.9
1290CabdGhaffarAkhras,عبد الغفار الأخرس,Cabd Ghaffar Akhras,NULL,NULL,NULL,NULL,1290,NULL,NULL,NULL,NULL,author,NULL,NULL,NULL,1,NULL,NULL,NULL,NULL,1290CabdGhaffarAkhras,OpenITI 2025.1.9
1290FransisMarrash,فرنسيس فتح الله مَرَّاش,Fransis Marrash,NULL,NULL,NULL,NULL,1290,NULL,NULL,NULL,NULL,author,NULL,NULL,NULL,3,NULL,NULL,NULL,NULL,1290FransisMarrash,OpenITI 2025.1.9
1290MuhammadAhmadCabdRazzaq,لويس سيديو,Muhammad Ahmad Cabd Razzaq,NULL,NULL,NULL,NULL,1290,NULL,NULL,NULL,NULL,author,NULL,NULL,NULL,1,NULL,NULL,NULL,NULL,1290MuhammadAhmadCabdRazzaq,OpenITI 2025.1.9
1290RifacaTahtawi,رفاعة رافع بن بدوي بن علي الطهطاوي (المتوفى: 1290هـ),Rifaca Tahtawi,NULL,NULL,NULL,NULL,1290,NULL,NULL,NULL,NULL,author,NULL,NULL,NULL,1,NULL,NULL,NULL,NULL,1290RifacaTahtawi,OpenITI 2025.1.9
1291IbnShaykhNasrAzhariHurini,نصر (أبو الوفاء) ابن الشيخ نصر يونس الوفائي الهوريني الأحمدي الأزهري الأشعري الحنفي الشافعي (المتوفى: 1291هـ),Ibn Shaykh Nasr Azhari Hurini,NULL,NULL,NULL,NULL,1291,NULL,NULL,NULL,NULL,author,NULL,NULL,NULL,1,NULL,NULL,NULL,NULL,1291IbnShaykhNasrAzhariHurini,OpenITI 2025.1.9
1292IbnIbrahimMaghribi,حسين بن إبراهيم المغربي أصلا المصري ولادة ومنشأ، الأزهري طالبا، المكي جوارا ومهاجرا المالكي مذهبا (المتوفى: 1292هـ),Ibn Ibrahim Maghribi,NULL,NULL,NULL,NULL,1292,NULL,NULL,NULL,NULL,author,NULL,NULL,NULL,1,NULL,NULL,NULL,NULL,1292IbnIbrahimMaghribi,OpenITI 2025.1.9
1292MinnatMananShabasi,أحمد الشباسي المعروف بمنة المنان,Minnat Manan Shabasi,NULL,NULL,NULL,NULL,1292,NULL,NULL,NULL,NULL,author,NULL,NULL,NULL,1,NULL,NULL,NULL,NULL,1292MinnatMananShabasi,OpenITI 2025.1.9
1292MuhammadNassarCiraqi,الشيخ محمد نصار العراقي,Muhammad Nassar Ciraqi,NULL,NULL,NULL,NULL,1292,NULL,NULL,NULL,NULL,author,NULL,NULL,NULL,1,NULL,NULL,NULL,NULL,1292MuhammadNassarCiraqi,OpenITI 2025.1.9
1293CabdLatifAlShaykh,عبد اللطيف بن عبد الرحمن بن حسن بن محمد بن عبد الوهاب آل الشيخ (المتوفى: 1293هـ),Cabd Latif Al Shaykh,NULL,NULL,NULL,NULL,1293,NULL,NULL,NULL,NULL,author,NULL,NULL,NULL,7,NULL,NULL,NULL,NULL,1293CabdLatifAlShaykh,OpenITI 2025.1.9
1293MahdiKujuriShirazi,الشيخ مهدي الكجوري الشيرازي,Mahdi Kujuri Shirazi,NULL,NULL,NULL,NULL,1293,NULL,NULL,NULL,NULL,author,NULL,NULL,NULL,1,NULL,NULL,NULL,NULL,1293MahdiKujuriShirazi,OpenITI 2025.1.9
1294IbnIbrahimQunduzi,القندوزي,Ibn Ibrahim Qunduzi,NULL,NULL,NULL,NULL,1294,NULL,NULL,NULL,NULL,author,NULL,NULL,NULL,1,NULL,NULL,NULL,NULL,1294IbnIbrahimQunduzi,OpenITI 2025.1.9
1298CaliMusawiQazwini,السيد علي الموسوي القزويني,Cali Musawi Qazwini,NULL,NULL,NULL,NULL,1298,NULL,NULL,NULL,NULL,author,NULL,NULL,NULL,2,NULL,NULL,NULL,NULL,1298CaliMusawiQazwini,OpenITI 2025.1.9
1298IbnTalibDimashqiMaydani,عبد الغني بن طالب بن حمادة بن إبراهيم الغنيمي الدمشقي الميداني الحنفي (المتوفى: 1298هـ),Ibn Talib Dimashqi Maydani,NULL,NULL,NULL,NULL,1298,NULL,NULL,NULL,NULL,author,NULL,NULL,NULL,1,NULL,NULL,NULL,NULL,1298IbnTalibDimashqiMaydani,OpenITI 2025.1.9
1298SalihMajdi,صالح مجدي,Salih Majdi,NULL,NULL,NULL,NULL,1298,NULL,NULL,NULL,NULL,author,NULL,NULL,NULL,1,NULL,NULL,NULL,NULL,1298SalihMajdi,OpenITI 2025.1.9
1299IbnMuhammadNajafiQurashi,عباس بن محمد بن مسعود القرشي النجفي (المتوفى : 1299هـ),Ibn Muhammad Najafi Qurashi,NULL,NULL,NULL,NULL,1299,NULL,NULL,NULL,NULL,author,NULL,NULL,NULL,1,NULL,NULL,NULL,NULL,1299IbnMuhammadNajafiQurashi,OpenITI 2025.1.9
1299IbnSibghatAllahFasihDinHaydari,فصيح الدين، إبراهيم بن صبغة الله بن أسعد الحيدري البغدادي (المتوفى: 1299هـ),Ibn Sibghat Allah Fasih Din Haydari,NULL,NULL,NULL,NULL,1299,NULL,NULL,NULL,NULL,author,NULL,NULL,NULL,1,NULL,NULL,NULL,NULL,1299IbnSibghatAllahFasihDinHaydari,OpenITI 2025.1.9
1299MuhammadCulayshMaliki,محمد بن أحمد بن محمد عليش، أبو عبد الله المالكي (المتوفى: 1299هـ),Muhammad Culaysh Maliki,NULL,NULL,NULL,NULL,1299,NULL,NULL,NULL,NULL,author,NULL,NULL,NULL,2,NULL,NULL,NULL,NULL,1299MuhammadCulayshMaliki,OpenITI 2025.1.9
1300Anonymous,مؤلف مجهول,Anonymous,NULL,NULL,Muʾallif maǧhūl,NULL,1300,NULL,NULL,NULL,NULL,author,NULL,NULL,NULL,2,NULL,NULL,NULL,NULL,1300Anonymous,OpenITI 2025.1.9
1300ButrusBustani,بطرس البستاني,Butrus Bustani,NULL,NULL,NULL,NULL,1300,NULL,NULL,NULL,NULL,author,NULL,NULL,NULL,3,NULL,NULL,NULL,NULL,1300ButrusBustani,OpenITI 2025.1.9
1300CabdHadiIbnMuhammadCujayli,عبد الهادي [هادي] بن محمد بن عبد الهادي [هادي] بن بكري بن محمد بن مهدي بن موسى بن جعثم بن عجيل (العجيلي) (المتوفى: ق 13هـ),Cabd Hadi Ibn Muhammad Cujayli,NULL,NULL,NULL,NULL,1300,NULL,NULL,NULL,NULL,author,NULL,NULL,NULL,1,NULL,NULL,NULL,NULL,1300CabdHadiIbnMuhammadCujayli,OpenITI 2025.1.9
1300CabdQadirJazairi,عبد القادر الجزائري,Cabd Qadir Jazairi,NULL,NULL,NULL,NULL,1300,NULL,NULL,NULL,NULL,author,NULL,NULL,NULL,1,NULL,NULL,NULL,NULL,1300CabdQadirJazairi,OpenITI 2025.1.9
1300JurjiMutran,جرجي مطران,Jurji Mutran,NULL,NULL,NULL,NULL,1300,NULL,NULL,NULL,NULL,author,NULL,NULL,NULL,1,NULL,NULL,NULL,NULL,1300JurjiMutran,OpenITI 2025.1.9
1300MansurKharusi,منصور الخروصي,Mansur Kharusi,NULL,NULL,Manṣūr al-Ḫarūṣī,NULL,1300,NULL,NULL,NULL,NULL,author,NULL,NULL,NULL,1,NULL,NULL,NULL,NULL,1300MansurKharusi,OpenITI 2025.1.9
1300MullaHadiSabzawari,الملا هادى السبزواري,Mulla Hadi Sabzawari,NULL,NULL,NULL,NULL,1300,NULL,NULL,NULL,NULL,author,NULL,NULL,NULL,1,NULL,NULL,NULL,NULL,1300MullaHadiSabzawari,OpenITI 2025.1.9
1300ReinhartDozy,رينهارت بيتر آن دوزي (المتوفى: 1300ه),Reinhart Dozy,NULL,NULL,NULL,NULL,1300,NULL,NULL,NULL,NULL,author,NULL,NULL,NULL,1,NULL,NULL,NULL,NULL,1300ReinhartDozy,OpenITI 2025.1.9
1301AdibIshaq,أديب إسحق,Adib Ishaq,NULL,NULL,NULL,NULL,1301,NULL,NULL,NULL,NULL,author,NULL,NULL,NULL,2,NULL,NULL,NULL,NULL,1301AdibIshaq,OpenITI 2025.1.9
1301SalimKhalilNaqqash,سليم خليل النقاش,Salim Khalil Naqqash,NULL,NULL,NULL,NULL,1301,NULL,NULL,NULL,NULL,author,NULL,NULL,NULL,3,NULL,NULL,NULL,NULL,1301SalimKhalilNaqqash,OpenITI 2025.1.9
1302IbnSalimMajlisi,محمد بن محمد سالم المجلسي الشنقيطي (1206 - 1302 ه),Ibn Salim Majlisi,NULL,NULL,NULL,NULL,1302,NULL,NULL,NULL,NULL,author,NULL,NULL,NULL,1,NULL,NULL,NULL,NULL,1302IbnSalimMajlisi,OpenITI 2025.1.9
1302IbrahimAhdab,ابن حجة الحموي، تقي الدين أبو بكر بن علي (المتوفى: 837هـ),Ibrahim Ahdab,NULL,NULL,NULL,NULL,1302,NULL,NULL,NULL,NULL,author,NULL,NULL,NULL,1,NULL,NULL,NULL,NULL,1302IbrahimAhdab,OpenITI 2025.1.9
1304AhmadFarisShidyaq,الشدياق,Ahmad Faris Shidyaq,NULL,NULL,NULL,NULL,1304,NULL,NULL,NULL,NULL,author,NULL,NULL,NULL,2,NULL,NULL,NULL,NULL,1304AhmadFarisShidyaq,OpenITI 2025.1.9
1304CabdHayyLaknawi,محمد عبد الحي بن محمد عبد الحليم الأنصاري اللكنوي الهندي، أبو الحسنات,Cabd Hayy Laknawi,NULL,NULL,NULL,NULL,1304,NULL,NULL,NULL,NULL,author,NULL,NULL,NULL,35,NULL,NULL,NULL,NULL,1304CabdHayyLaknawi,OpenITI 2025.1.9
1304Dahlan,أحمد زيني دحلان,Dahlan,NULL,NULL,NULL,NULL,1304,NULL,NULL,NULL,NULL,author,NULL,NULL,NULL,5,NULL,NULL,NULL,NULL,1304Dahlan,OpenITI 2025.1.9
1304HaydarIbnSulaymanHilli,حيدر بن سليمان بن داود الحلي الحسيني (المتوفى: 1304هـ),Haydar Ibn Sulayman Hilli,NULL,NULL,NULL,NULL,1304,NULL,NULL,NULL,NULL,author,NULL,NULL,NULL,2,NULL,NULL,NULL,NULL,1304HaydarIbnSulaymanHilli,OpenITI 2025.1.9
1305CaliBaSabrin,علي باصبرين,Cali Ba Sabrin,NULL,NULL,NULL,NULL,1305,NULL,NULL,NULL,NULL,author,NULL,NULL,NULL,1,NULL,NULL,NULL,NULL,1305CaliBaSabrin,OpenITI 2025.1.9
1305IbnKhalilQawuqjiTarabulusi,محمد بن خليل بن إبراهيم المشيشي الطرابلسي,Ibn Khalil Qawuqji Tarabulusi,NULL,NULL,NULL,NULL,1305,NULL,NULL,NULL,NULL,author,NULL,NULL,NULL,1,NULL,NULL,NULL,NULL,1305IbnKhalilQawuqjiTarabulusi,OpenITI 2025.1.9
1305MuhsinAbuHubb,الشيخ محسن أبو الحبّ,Muhsin Abu Hubb,NULL,NULL,NULL,NULL,1305,NULL,NULL,NULL,NULL,author,NULL,NULL,NULL,1,NULL,NULL,NULL,NULL,1305MuhsinAbuHubb,OpenITI 2025.1.9
1306FikriBasha,عبد الله فكري «باشا» بن محمد بليغ بن عبد الله بن محمد (المتوفى: 1306هـ),Fikri Basha,NULL,NULL,NULL,NULL,1306,NULL,NULL,NULL,NULL,author,NULL,NULL,NULL,1,NULL,NULL,NULL,NULL,1306FikriBasha,OpenITI 2025.1.9
1306HamidHusaynLakhnawi,السيد حامد النقوي,Hamid Husayn Lakhnawi,NULL,NULL,NULL,NULL,1306,NULL,NULL,NULL,NULL,author,NULL,NULL,NULL,1,NULL,NULL,NULL,NULL,1306HamidHusaynLakhnawi,OpenITI 2025.1.9
1306HasanJubayna,حسن جبينة,Hasan Jubayna,NULL,NULL,NULL,NULL,1306,NULL,NULL,NULL,NULL,author,NULL,NULL,NULL,1,NULL,NULL,NULL,NULL,1306HasanJubayna,OpenITI 2025.1.9
1306IbnMuhammadIbnCabidinDimashqi,علاء الدين ابن عابدين,Ibn Muhammad Ibn Cabidin Dimashqi,NULL,NULL,NULL,NULL,1306,NULL,NULL,NULL,NULL,author,NULL,NULL,NULL,1,NULL,NULL,NULL,NULL,1306IbnMuhammadIbnCabidinDimashqi,OpenITI 2025.1.9
1306IbrahimSubhi,إبراهيم صبحي,Ibrahim Subhi,NULL,NULL,NULL,NULL,1306,NULL,NULL,NULL,NULL,author,NULL,NULL,NULL,1,NULL,NULL,NULL,NULL,1306IbrahimSubhi,OpenITI 2025.1.9
1306MuhammadQadriBasha,محمد قدري باشا (المتوفى: 1306ه),Muhammad Qadri Basha,NULL,NULL,NULL,NULL,1306,NULL,NULL,NULL,NULL,author,NULL,NULL,NULL,1,NULL,NULL,NULL,NULL,1306MuhammadQadriBasha,OpenITI 2025.1.9
1306MullaCaliKanni,الملا على كني,Mulla Cali Kanni,NULL,NULL,NULL,NULL,1306,NULL,NULL,NULL,NULL,author,NULL,NULL,NULL,1,NULL,NULL,NULL,NULL,1306MullaCaliKanni,OpenITI 2025.1.9
1306YusufBeyKaram,NULL,Yusuf Bey Karam,NULL,NULL,NULL,NULL,1306,NULL,NULL,NULL,NULL,author,NULL,NULL,NULL,1,NULL,NULL,NULL,NULL,1306YusufBeyKaram,OpenITI 2025.1.9
1307BulusButrusMascad,بولس مسعد,Bulus Butrus Mascad,NULL,NULL,NULL,NULL,1307,NULL,NULL,NULL,NULL,author,NULL,NULL,NULL,1,NULL,NULL,NULL,NULL,1307BulusButrusMascad,OpenITI 2025.1.9
1307KhayrDinTunisi,خير الدين التونسي,Khayr Din Tunisi,NULL,NULL,NULL,NULL,1307,NULL,NULL,NULL,NULL,author,NULL,NULL,NULL,1,NULL,NULL,NULL,NULL,1307KhayrDinTunisi,OpenITI 2025.1.9
1307Qannawji,القنوجي,Qannawji,NULL,NULL,NULL,NULL,1307,NULL,NULL,NULL,NULL,author,NULL,NULL,NULL,13,NULL,NULL,NULL,NULL,1307Qannawji,OpenITI 2025.1.9
1308IbnKhalilHindiCuthmani,محمد رحمت الله بن خليل الرحمن الكيرانوي العثماني الهندي الحنفي (المتوفى: 1308هـ),Ibn Khalil Hindi Cuthmani,NULL,NULL,NULL,NULL,1308,NULL,NULL,NULL,NULL,author,NULL,NULL,NULL,3,NULL,NULL,NULL,NULL,1308IbnKhalilHindiCuthmani,OpenITI 2025.1.9
1308IbrahimAhdabTarabulsi,إبراهيم الأحدب الطرابلسي,Ibrahim Ahdab Tarabulsi,NULL,NULL,NULL,NULL,1308,NULL,NULL,NULL,NULL,author,NULL,NULL,NULL,1,NULL,NULL,NULL,NULL,1308IbrahimAhdabTarabulsi,OpenITI 2025.1.9
1310BakriDimyati,الدمياطي,Bakri Dimyati,NULL,NULL,NULL,NULL,1310,NULL,NULL,NULL,NULL,author,NULL,NULL,NULL,1,NULL,NULL,NULL,NULL,1310BakriDimyati,OpenITI 2025.1.9
1310CaliMubarak,علي مبارك,Cali Mubarak,NULL,NULL,NULL,NULL,1310,NULL,NULL,NULL,NULL,author,NULL,NULL,NULL,1,NULL,NULL,NULL,NULL,1310CaliMubarak,OpenITI 2025.1.9
1310MuhammadCaliAnsariTabrizi,التبريزي الأنصاري,Muhammad Cali Ansari Tabrizi,NULL,NULL,NULL,NULL,1310,NULL,NULL,NULL,NULL,author,NULL,NULL,NULL,1,NULL,NULL,NULL,NULL,1310MuhammadCaliAnsariTabrizi,OpenITI 2025.1.9
1312CaliRuzdari,المولى علي الروزدري,Cali Ruzdari,NULL,NULL,NULL,NULL,1312,NULL,NULL,NULL,NULL,author,NULL,NULL,NULL,1,NULL,NULL,NULL,NULL,1312CaliRuzdari,OpenITI 2025.1.9
1313CorneliusVanDyck,كرنليوس فان ديك,Cornelius Van Dyck,NULL,NULL,Kurniliyūs Fān Dīk,NULL,1313,NULL,NULL,NULL,NULL,author,NULL,NULL,NULL,2,NULL,NULL,NULL,NULL,1313CorneliusVanDyck,OpenITI 2025.1.9
1313MuhammadBaqirKajuri,الشيخ محمد باقر الكجوري,Muhammad Baqir Kajuri,NULL,NULL,NULL,NULL,1313,NULL,NULL,NULL,NULL,author,NULL,NULL,NULL,1,NULL,NULL,NULL,NULL,1313MuhammadBaqirKajuri,OpenITI 2025.1.9
1313SayyidCaliBurujirdi,السيد علي البروجردي,Sayyid Cali Burujirdi,NULL,NULL,NULL,NULL,1313,NULL,NULL,NULL,NULL,author,NULL,NULL,NULL,1,NULL,NULL,NULL,NULL,1313SayyidCaliBurujirdi,OpenITI 2025.1.9
1314CabdAllahNadim,صحيفة صدر العدد الأول منها في 16 يونيو عام 1881 م على يد عبد الله النديم (المتوفى 1314 ه),Cabd Allah Nadim,NULL,NULL,NULL,NULL,1314,NULL,NULL,NULL,NULL,author,NULL,NULL,NULL,2,NULL,NULL,NULL,NULL,1314CabdAllahNadim,OpenITI 2025.1.9
1314JamalDinAfghani,جمال الدين الأفغاني,Jamal Din Afghani,NULL,NULL,NULL,NULL,1314,NULL,NULL,NULL,NULL,author,NULL,NULL,NULL,4,NULL,NULL,NULL,NULL,1314JamalDinAfghani,OpenITI 2025.1.9
1314ShakirBatluni,شاكر بن مغامس بن محفوظ بن صالح شقير البتلوني (المتوفى: 1314هـ),Shakir Batluni,NULL,NULL,NULL,NULL,1314,NULL,NULL,NULL,NULL,author,NULL,NULL,NULL,1,NULL,NULL,NULL,NULL,1314ShakirBatluni,OpenITI 2025.1.9
1315AbuMacaliKalbasi,أبي المعالي محمد بن محمد ابراهيم الكلباسي,Abu Macali Kalbasi,NULL,NULL,NULL,NULL,1315,NULL,NULL,NULL,NULL,author,NULL,NULL,NULL,1,NULL,NULL,NULL,NULL,1315AbuMacaliKalbasi,OpenITI 2025.1.9
1315MuhammadCuthmanJalal,محمد عثمان جلال,Muhammad Cuthman Jalal,NULL,NULL,NULL,NULL,1315,NULL,NULL,NULL,NULL,author,NULL,NULL,NULL,4,NULL,NULL,NULL,NULL,1315MuhammadCuthmanJalal,OpenITI 2025.1.9
1315Salawi,أبو العباس أحمد الناصرأبو العباس أحمد الناصري,Salawi,NULL,NULL,NULL,NULL,1315,NULL,NULL,NULL,NULL,author,NULL,NULL,NULL,1,NULL,NULL,NULL,NULL,1315Salawi,OpenITI 2025.1.9
1316IbnCumarBantaniJawi,محمد بن عمر نووي الجاوي البنتني إقليما، التناري بلدا (المتوفى: 1316هـ),Ibn Cumar Bantani Jawi,NULL,NULL,NULL,NULL,1316,NULL,NULL,NULL,NULL,author,NULL,NULL,NULL,3,NULL,NULL,NULL,NULL,1316IbnCumarBantaniJawi,OpenITI 2025.1.9
1316NajibHaddad,ألكسندر ديماس,Najib Haddad,NULL,NULL,NULL,NULL,1316,NULL,NULL,NULL,NULL,author,NULL,NULL,NULL,6,NULL,NULL,NULL,NULL,1316NajibHaddad,OpenITI 2025.1.9
1317KhayrDinAlusi,نعمان بن محمود الآلوسي,Khayr Din Alusi,NULL,NULL,NULL,NULL,1317,NULL,NULL,NULL,NULL,author,NULL,NULL,NULL,5,NULL,NULL,NULL,NULL,1317KhayrDinAlusi,OpenITI 2025.1.9
1318AhmadDimashqi,أحمد بن مصطفى الدمشقي,Ahmad Dimashqi,NULL,NULL,NULL,NULL,1318,NULL,NULL,NULL,NULL,author,NULL,NULL,NULL,1,NULL,NULL,NULL,NULL,1318AhmadDimashqi,OpenITI 2025.1.9
1318MuhammadSanusi,محمد بن عثمان بن محمد السنوسي، أبو عبد الله (المتوفى: 1318هـ),Muhammad Sanusi,NULL,NULL,NULL,NULL,1318,NULL,NULL,NULL,NULL,author,NULL,NULL,NULL,1,NULL,NULL,NULL,NULL,1318MuhammadSanusi,OpenITI 2025.1.9
1318SulaymanIbnKhalil,سليمان بن خليل بن بطرس بن جاويش,Sulayman Ibn Khalil,NULL,NULL,NULL,NULL,1318,NULL,NULL,NULL,NULL,author,NULL,NULL,NULL,1,NULL,NULL,NULL,NULL,1318SulaymanIbnKhalil,OpenITI 2025.1.9
1319IbnYasinLabadiNabulusi,عبد الغني بن ياسين بن محمود بن ياسين بن طه بن أحمد اللبدي النابلسي الحنبلي (المتوفى: 1319هـ),Ibn Yasin Labadi Nabulusi,NULL,NULL,NULL,NULL,1319,NULL,NULL,NULL,NULL,author,NULL,NULL,NULL,1,NULL,NULL,NULL,NULL,1319IbnYasinLabadiNabulusi,OpenITI 2025.1.9
1319IshaqAlShaykh,إسحاق بن عبد الرحمن بن حسن آل الشيخ,Ishaq Al Shaykh,NULL,NULL,NULL,NULL,1319,NULL,NULL,NULL,NULL,author,NULL,NULL,NULL,1,NULL,NULL,NULL,NULL,1319IshaqAlShaykh,OpenITI 2025.1.9
1319MahdiMuhammadHuthi,الإمام المهدي محمد بن القاسم الحوثي,Mahdi Muhammad Huthi,NULL,NULL,NULL,NULL,1319,NULL,NULL,NULL,NULL,author,NULL,NULL,NULL,2,NULL,NULL,NULL,NULL,1319MahdiMuhammadHuthi,OpenITI 2025.1.9
1319MuhammadHasanAshtiyani,الشيخ الآشتياني,Muhammad Hasan Ashtiyani,NULL,NULL,NULL,NULL,1319,NULL,NULL,NULL,NULL,author,NULL,NULL,NULL,1,NULL,NULL,NULL,NULL,1319MuhammadHasanAshtiyani,OpenITI 2025.1.9
1320AbuKhalilQabbani,أحمد أبو خليل القباني,Abu Khalil Qabbani,NULL,NULL,NULL,NULL,1320,NULL,NULL,NULL,NULL,author,NULL,NULL,NULL,7,NULL,NULL,NULL,NULL,1320AbuKhalilQabbani,OpenITI 2025.1.9
1320IbnAhmadSayyidFuratiKawakibi,عبد الرحمن بن أحمد بن مسعود الكواكبي يلقب بالسيد الفراتي (المتوفى: 1320هـ),Ibn Ahmad Sayyid Furati Kawakibi,NULL,NULL,NULL,NULL,1320,NULL,NULL,NULL,NULL,author,NULL,NULL,NULL,2,NULL,NULL,NULL,NULL,1320IbnAhmadSayyidFuratiKawakibi,OpenITI 2025.1.9
1320MuhammadHusaynIsbahani,الشيخ محمد حسين الأصفهانى,Muhammad Husayn Isbahani,NULL,NULL,NULL,NULL,1320,NULL,NULL,NULL,NULL,author,NULL,NULL,NULL,1,NULL,NULL,NULL,NULL,1320MuhammadHusaynIsbahani,OpenITI 2025.1.9
1320NuriTabarsi,طبرسي/طبرسي,Nuri Tabarsi,NULL,NULL,Ṭabrisī/Ṭabarsī,NULL,1320,NULL,NULL,NULL,NULL,author,NULL,NULL,NULL,3,NULL,NULL,NULL,NULL,1320NuriTabarsi,OpenITI 2025.1.9
1321MirzaJacfarTabatabai,السيد ميرزا جعفر الطباطبائي الحائري,Mirza Jacfar Tabatabai,NULL,NULL,NULL,NULL,1321,NULL,NULL,NULL,NULL,author,NULL,NULL,NULL,1,NULL,NULL,NULL,NULL,1321MirzaJacfarTabatabai,OpenITI 2025.1.9
1322HasanTawfiqCadl,حسن توفيق بن عبد الرحمن العدل (المتوفى: 1322هـ),Hasan Tawfiq Cadl,NULL,NULL,NULL,NULL,1322,NULL,NULL,NULL,NULL,author,NULL,NULL,NULL,1,NULL,NULL,NULL,NULL,1322HasanTawfiqCadl,OpenITI 2025.1.9
1323CabbasNajlJacfarKashifGhita,الشيخ عباس ( نجل الشيخ حسن صاحب كتاب أنوار الفقاهة ),Cabbas Najl Jacfar Kashif Ghita,NULL,NULL,NULL,NULL,1323,NULL,NULL,NULL,NULL,author,NULL,NULL,NULL,1,NULL,NULL,NULL,NULL,1323CabbasNajlJacfarKashifGhita,OpenITI 2025.1.9
1323MuhammadCabduh,محمد عبده,Muhammad Cabduh,NULL,NULL,NULL,NULL,1323,NULL,NULL,NULL,NULL,author,NULL,NULL,NULL,3,NULL,NULL,NULL,NULL,1323MuhammadCabduh,OpenITI 2025.1.9
1323RashidAhmadGanguhi,رشيد الكنكوهي,Rashid Ahmad Ganguhi,NULL,NULL,NULL,NULL,1323,NULL,NULL,NULL,NULL,author,NULL,NULL,NULL,1,NULL,NULL,NULL,NULL,1323RashidAhmadGanguhi,OpenITI 2025.1.9
1324FuadAframBustani,فؤاد افرام البستاني (ت: 1906م),Fuad Afram Bustani,NULL,NULL,NULL,NULL,1324,NULL,NULL,NULL,NULL,author,NULL,NULL,NULL,1,NULL,NULL,NULL,NULL,1324FuadAframBustani,OpenITI 2025.1.9
1324IbnNasifNasraniYaziji,إبراهيم اليازجي,Ibn Nasif Nasrani Yaziji,NULL,NULL,NULL,NULL,1324,NULL,NULL,NULL,NULL,author,NULL,NULL,NULL,2,NULL,NULL,NULL,NULL,1324IbnNasifNasraniYaziji,OpenITI 2025.1.9
1324IbrahimNazji,الشيخ إبراهيم اليازجي اللبناني,Ibrahim Nazji,NULL,NULL,NULL,NULL,1324,NULL,NULL,NULL,NULL,author,NULL,NULL,NULL,1,NULL,NULL,NULL,NULL,1324IbrahimNazji,OpenITI 2025.1.9
1324JamilNakhlaMudawwar,جميل نخلة المدور,Jamil Nakhla Mudawwar,NULL,NULL,NULL,NULL,1324,NULL,NULL,NULL,NULL,author,NULL,NULL,NULL,1,NULL,NULL,NULL,NULL,1324JamilNakhlaMudawwar,OpenITI 2025.1.9
1325AntunNajib,أنطون نجيب,Antun Najib,NULL,NULL,NULL,NULL,1325,NULL,NULL,NULL,NULL,author,NULL,NULL,NULL,1,NULL,NULL,NULL,NULL,1325AntunNajib,OpenITI 2025.1.9
1325CabdMajidLutfi,عبد المجيد لطفي,Cabd Majid Lutfi,NULL,NULL,NULL,NULL,1325,NULL,NULL,NULL,NULL,author,NULL,NULL,NULL,1,NULL,NULL,NULL,NULL,1325CabdMajidLutfi,OpenITI 2025.1.9
1325IbnMutahharHalabi,NULL,Ibn Mutahhar Halabi,NULL,NULL,NULL,NULL,1325,NULL,NULL,NULL,NULL,author,NULL,NULL,NULL,1,NULL,NULL,NULL,NULL,1325IbnMutahharHalabi,OpenITI 2025.1.9
1325MishilUkhya,ميشيل أغيا,Mishil Ukhya,NULL,NULL,NULL,NULL,1325,NULL,NULL,NULL,NULL,author,NULL,NULL,NULL,1,NULL,NULL,NULL,NULL,1325MishilUkhya,OpenITI 2025.1.9
1325MuhammadZaki,محمد زكي,Muhammad Zaki,NULL,NULL,NULL,NULL,1325,NULL,NULL,NULL,NULL,author,NULL,NULL,NULL,1,NULL,NULL,NULL,NULL,1325MuhammadZaki,OpenITI 2025.1.9
1325NajibAshciya,نجيب أشعيا,Najib Ashciya,NULL,NULL,NULL,NULL,1325,NULL,NULL,NULL,NULL,author,NULL,NULL,NULL,1,NULL,NULL,NULL,NULL,1325NajibAshciya,OpenITI 2025.1.9
1325NajibMandrawi,نجيب المندراوي,Najib Mandrawi,NULL,NULL,NULL,NULL,1325,NULL,NULL,NULL,NULL,author,NULL,NULL,NULL,1,NULL,NULL,NULL,NULL,1325NajibMandrawi,OpenITI 2025.1.9
1325YusufDibs,يوسف الدبس,Yusuf Dibs,NULL,NULL,NULL,NULL,1325,NULL,NULL,NULL,NULL,author,NULL,NULL,NULL,1,NULL,NULL,NULL,NULL,1325YusufDibs,OpenITI 2025.1.9
1326CabdRahmanShirbini,زكريا بن محمد بن أحمد بن زكريا الأنصاري، زين الدين أبو يحيى السنيكي (المتوفى: 926ه),Cabd Rahman Shirbini,NULL,NULL,NULL,NULL,1326,NULL,NULL,NULL,NULL,author,NULL,NULL,NULL,1,NULL,NULL,NULL,NULL,1326CabdRahmanShirbini,OpenITI 2025.1.9
1326HartwigDerenbourg,عمارة بن علي بن زيدان الحكمي المذحجي اليمني، أبو محمد، نجم الدين (المتوفى: 569هـ),Hartwig Derenbourg,NULL,NULL,NULL,NULL,1326,NULL,NULL,NULL,NULL,author,NULL,NULL,NULL,1,NULL,NULL,NULL,NULL,1326HartwigDerenbourg,OpenITI 2025.1.9
1326IbnMuhammadHindiSahsayani,محمد بشير بن محمد بدر الدين السهسواني الهندي (المتوفى: 1326هـ),Ibn Muhammad Hindi Sahsayani,NULL,NULL,NULL,NULL,1326,NULL,NULL,NULL,NULL,author,NULL,NULL,NULL,1,NULL,NULL,NULL,NULL,1326IbnMuhammadHindiSahsayani,OpenITI 2025.1.9
1326MuhammadAlBahrCulum,السيد محمد بحر العلوم,Muhammad Al Bahr Culum,NULL,NULL,NULL,NULL,1326,NULL,NULL,NULL,NULL,author,NULL,NULL,NULL,1,NULL,NULL,NULL,NULL,1326MuhammadAlBahrCulum,OpenITI 2025.1.9
1326MustafaKamil,مصطفى كامل,Mustafa Kamil,NULL,NULL,NULL,NULL,1326,NULL,NULL,NULL,NULL,author,NULL,NULL,NULL,3,NULL,NULL,NULL,NULL,1326MustafaKamil,OpenITI 2025.1.9
1327AhmadIbrahimCisa,أحمد بن إبراهيم بن حمد بن محمد بن حمد بن عبد الله بن عيسى (المتوفى: 1327هـ),Ahmad Ibrahim Cisa,NULL,NULL,NULL,NULL,1327,NULL,NULL,NULL,NULL,author,NULL,NULL,NULL,2,NULL,NULL,NULL,NULL,1327AhmadIbrahimCisa,OpenITI 2025.1.9
1327FadlAllahNuri,الشيخ فضل الله النوري,Fadl Allah Nuri,NULL,NULL,NULL,NULL,1327,NULL,NULL,NULL,NULL,author,NULL,NULL,NULL,1,NULL,NULL,NULL,NULL,1327FadlAllahNuri,OpenITI 2025.1.9
1328AbuHudaSayyadi,أبو الهدى الصيادي,Abu Huda Sayyadi,NULL,NULL,NULL,NULL,1328,NULL,NULL,NULL,NULL,author,NULL,NULL,NULL,1,NULL,NULL,NULL,NULL,1328AbuHudaSayyadi,OpenITI 2025.1.9
1328MuhammadJawadBalaghi,الشيخ محمد جواد البلاغي,Muhammad Jawad Balaghi,NULL,NULL,NULL,NULL,1328,NULL,NULL,NULL,NULL,author,NULL,NULL,NULL,5,NULL,NULL,NULL,NULL,1328MuhammadJawadBalaghi,OpenITI 2025.1.9
1328ShahinMakarius,شاهين مكاريوس,Shahin Makarius,NULL,NULL,NULL,NULL,1328,NULL,NULL,NULL,NULL,author,NULL,NULL,NULL,2,NULL,NULL,NULL,NULL,1328ShahinMakarius,OpenITI 2025.1.9
1329AkhundMullaAbuTalibAraki,آخوند ملا أبو طالب الأراكي,Akhund Mulla Abu Talib Araki,NULL,NULL,NULL,NULL,1329,NULL,NULL,NULL,NULL,author,NULL,NULL,NULL,1,NULL,NULL,NULL,NULL,1329AkhundMullaAbuTalibAraki,OpenITI 2025.1.9
1329MuhammadAshrafCazimabadi,محمد شمس الحق العظيم آبادي,Muhammad Ashraf Cazimabadi,NULL,NULL,NULL,NULL,1329,NULL,NULL,NULL,NULL,author,NULL,NULL,NULL,1,NULL,NULL,NULL,NULL,1329MuhammadAshrafCazimabadi,OpenITI 2025.1.9
1329MuhammadKazimAkhundKhurasani,الآخوند الخراساني,Muhammad Kazim Akhund Khurasani,NULL,NULL,NULL,NULL,1329,NULL,NULL,NULL,NULL,author,NULL,NULL,NULL,4,NULL,NULL,NULL,NULL,1329MuhammadKazimAkhundKhurasani,OpenITI 2025.1.9
1330IbnMuhammadJazairiDimashqi,محمد بن محمد بن المبارك الحسني الجزائري ثم الدمشقي (المتوفى: 1330هـ),Ibn Muhammad Jazairi Dimashqi,NULL,NULL,NULL,NULL,1330,NULL,NULL,NULL,NULL,author,NULL,NULL,NULL,1,NULL,NULL,NULL,NULL,1330IbnMuhammadJazairiDimashqi,OpenITI 2025.1.9
1330IbnMusaTabrizi,التبريزي,Ibn Musa Tabrizi,NULL,NULL,NULL,NULL,1330,NULL,NULL,NULL,NULL,author,NULL,NULL,NULL,1,NULL,NULL,NULL,NULL,1330IbnMusaTabrizi,OpenITI 2025.1.9
1330MuhammadYahyaWalati,العلامة الشيخ سيدي محمد يحيى بن عمر المختار بن الطالب عبد الله الولاتي الشنقيطي رحمه الله,Muhammad Yahya Walati,NULL,NULL,NULL,NULL,1330,NULL,NULL,NULL,NULL,author,NULL,NULL,NULL,1,NULL,NULL,NULL,NULL,1330MuhammadYahyaWalati,OpenITI 2025.1.9
1330YacqubSanuc,يعقوب صنوع,Yacqub Sanuc,NULL,NULL,NULL,NULL,1330,NULL,NULL,NULL,NULL,author,NULL,NULL,NULL,7,NULL,NULL,NULL,NULL,1330YacqubSanuc,OpenITI 2025.1.9
1331IbnAminShinqiti,أحمد بن الأمين الشنقيطي,Ibn Amin Shinqiti,NULL,NULL,NULL,NULL,1331,NULL,NULL,NULL,NULL,author,NULL,NULL,NULL,2,NULL,NULL,NULL,NULL,1331IbnAminShinqiti,OpenITI 2025.1.9
1331IbnAmirCabdQadirJazairi,محمد (باشا) ابن الأمير عبد القادر ابن محيي الدين الحسني الجزائري (المتوفى: 1331هـ),Ibn Amir Cabd Qadir Jazairi,NULL,NULL,NULL,NULL,1331,NULL,NULL,NULL,NULL,author,NULL,NULL,NULL,1,NULL,NULL,NULL,NULL,1331IbnAmirCabdQadirJazairi,OpenITI 2025.1.9
1331JurjiZaydan,جُرجي زيدان,Jurji Zaydan,NULL,NULL,NULL,NULL,1331,NULL,NULL,NULL,NULL,author,NULL,NULL,NULL,30,NULL,NULL,NULL,NULL,1331JurjiZaydan,OpenITI 2025.1.9
1331RuhiKhalidi,روحي الخالدي,Ruhi Khalidi,NULL,NULL,NULL,NULL,1331,NULL,NULL,NULL,NULL,author,NULL,NULL,NULL,2,NULL,NULL,NULL,NULL,1331RuhiKhalidi,OpenITI 2025.1.9
1332AhmadFathiZaghlul,غوستاف لوبون,Ahmad Fathi Zaghlul,NULL,NULL,NULL,NULL,1332,NULL,NULL,NULL,NULL,author,NULL,NULL,NULL,1,NULL,NULL,NULL,NULL,1332AhmadFathiZaghlul,OpenITI 2025.1.9
1332HassunBuraqi,السيد البراقي,Hassun Buraqi,NULL,NULL,NULL,NULL,1332,NULL,NULL,NULL,NULL,author,NULL,NULL,NULL,1,NULL,NULL,NULL,NULL,1332HassunBuraqi,OpenITI 2025.1.9
1332IbnMuhammadJamalDinQasimi,محمد جمال الدين القاسمي (المتوفى : 1332هـ),Ibn Muhammad Jamal Din Qasimi,NULL,NULL,NULL,NULL,1332,NULL,NULL,NULL,NULL,author,NULL,NULL,NULL,10,NULL,NULL,NULL,NULL,1332IbnMuhammadJamalDinQasimi,OpenITI 2025.1.9
1332MahmudSamiBarudi,محمود سامي البارودي,Mahmud Sami Barudi,NULL,NULL,NULL,NULL,1332,NULL,NULL,NULL,NULL,author,NULL,NULL,NULL,1,NULL,NULL,NULL,NULL,1332MahmudSamiBarudi,OpenITI 2025.1.9
1332NurDinSalimi,نور الدين أبو محمد عبد الله بن حميد السالمي (المتوفى : 1332ه/1914م,Nur Din Salimi,NULL,NULL,NULL,NULL,1332,NULL,NULL,NULL,NULL,author,NULL,NULL,NULL,17,NULL,NULL,NULL,NULL,1332NurDinSalimi,OpenITI 2025.1.9
1332QutbAtfayyish,NULL,Qutb Atfayyish,NULL,NULL,NULL,NULL,1332,NULL,NULL,NULL,NULL,author,NULL,NULL,NULL,12,NULL,NULL,NULL,NULL,1332QutbAtfayyish,OpenITI 2025.1.9
1332ZaynabFawwaz,زينب بنت علي بن حسين بن عبيد الله بن حسن بن إبراهيم بن محمد بن يوسف فواز العاملي (المتوفى: 1332هـ),Zaynab Fawwaz,NULL,NULL,NULL,NULL,1332,NULL,NULL,NULL,NULL,author,NULL,NULL,NULL,2,NULL,NULL,NULL,NULL,1332ZaynabFawwaz,OpenITI 2025.1.9
1333CaliHairiYazdi,الشيخ علي اليزدي الحائري,Cali Hairi Yazdi,NULL,NULL,NULL,NULL,1333,NULL,NULL,NULL,NULL,author,NULL,NULL,NULL,1,NULL,NULL,NULL,NULL,1333CaliHairiYazdi,OpenITI 2025.1.9
1333NiqulaRizqAllah,نقولا رزق الله,Niqula Rizq Allah,NULL,NULL,NULL,NULL,1333,NULL,NULL,NULL,NULL,author,NULL,NULL,NULL,3,NULL,NULL,NULL,NULL,1333NiqulaRizqAllah,OpenITI 2025.1.9
1334AhmadIbnIbrahimSabuni,أحمد بن إبراهيم الصابوني,Ahmad Ibn Ibrahim Sabuni,NULL,NULL,NULL,NULL,1334,NULL,NULL,NULL,NULL,author,NULL,NULL,NULL,1,NULL,NULL,NULL,NULL,1334AhmadIbnIbrahimSabuni,OpenITI 2025.1.9
1334CaliKhaqani,علي الخاقاني,Cali Khaqani,NULL,NULL,ʿAlī al-Ḫāqānī,NULL,1334,NULL,NULL,NULL,NULL,author,NULL,NULL,NULL,1,NULL,NULL,NULL,NULL,1334CaliKhaqani,OpenITI 2025.1.9
1334HasanQandil,حسن قنديل,Hasan Qandil,NULL,NULL,NULL,NULL,1334,NULL,NULL,NULL,NULL,author,NULL,NULL,NULL,1,NULL,NULL,NULL,NULL,1334HasanQandil,OpenITI 2025.1.9
1334NajmDinTabasi,الشيخ نجم الدين الطبسي,Najm Din Tabasi,NULL,NULL,NULL,NULL,1334,NULL,NULL,NULL,NULL,author,NULL,NULL,NULL,4,NULL,NULL,NULL,NULL,1334NajmDinTabasi,OpenITI 2025.1.9
1335CabdRazzaqBaytar,عبد الرزاق بن حسن بن إبراهيم البيطار (المتوفى : 1335هـ),Cabd Razzaq Baytar,NULL,NULL,NULL,NULL,1335,NULL,NULL,NULL,NULL,author,NULL,NULL,NULL,1,NULL,NULL,NULL,NULL,1335CabdRazzaqBaytar,OpenITI 2025.1.9
1335IbnCabdSamicAbiAzhari,صالح بن عبد السميع الأزهري,Ibn Cabd Samic Abi Azhari,NULL,NULL,NULL,NULL,1335,NULL,NULL,NULL,NULL,author,NULL,NULL,NULL,2,NULL,NULL,NULL,NULL,1335IbnCabdSamicAbiAzhari,OpenITI 2025.1.9
1335ShibliShumayyil,شبلي شميل,Shibli Shumayyil,NULL,NULL,NULL,NULL,1335,NULL,NULL,NULL,NULL,author,NULL,NULL,NULL,5,NULL,NULL,NULL,NULL,1335ShibliShumayyil,OpenITI 2025.1.9
1336CabdHamidThani,عبد الحميد بن عبد المجيد,Cabd Hamid Thani,NULL,NULL,NULL,NULL,1336,NULL,NULL,NULL,NULL,author,NULL,NULL,NULL,1,NULL,NULL,NULL,NULL,1336CabdHamidThani,OpenITI 2025.1.9
1336MalakHifniNasif,ملك حفني ناصف,Malak Hifni Nasif,NULL,NULL,NULL,NULL,1336,NULL,NULL,NULL,NULL,author,NULL,NULL,NULL,1,NULL,NULL,NULL,NULL,1336MalakHifniNasif,OpenITI 2025.1.9
1337AhmadJindari,NULL,Ahmad Jindari,NULL,NULL,NULL,NULL,1337,NULL,NULL,NULL,NULL,author,NULL,NULL,NULL,2,NULL,NULL,NULL,NULL,1337AhmadJindari,OpenITI 2025.1.9
1337CabdQadirMajlisi,عبد القادر المجلسي,Cabd Qadir Majlisi,NULL,NULL,NULL,NULL,1337,NULL,NULL,NULL,NULL,author,NULL,NULL,NULL,1,NULL,NULL,NULL,NULL,1337CabdQadirMajlisi,OpenITI 2025.1.9
1337IbnCabdAllahJundari,الإمام أحمد المرتضى,Ibn Cabd Allah Jundari,NULL,NULL,NULL,NULL,1337,NULL,NULL,NULL,NULL,author,NULL,NULL,NULL,1,NULL,NULL,NULL,NULL,1337IbnCabdAllahJundari,OpenITI 2025.1.9
1337MuhammadKazimTabatabaiYazdi,السيد اليزدي,Muhammad Kazim Tabatabai Yazdi,NULL,NULL,NULL,NULL,1337,NULL,NULL,NULL,NULL,author,NULL,NULL,NULL,4,NULL,NULL,NULL,NULL,1337MuhammadKazimTabatabaiYazdi,OpenITI 2025.1.9
1337MuhammadZahriGhamrawi,العلامة محمد الزهري الغمراوي,Muhammad Zahri Ghamrawi,NULL,NULL,NULL,NULL,1337,NULL,NULL,NULL,NULL,author,NULL,NULL,NULL,1,NULL,NULL,NULL,NULL,1337MuhammadZahriGhamrawi,OpenITI 2025.1.9
1338AbuMuslimBahlani,NULL,Abu Muslim Bahlani,NULL,NULL,NULL,NULL,1338,NULL,NULL,NULL,NULL,author,NULL,NULL,NULL,3,NULL,NULL,NULL,NULL,1338AbuMuslimBahlani,OpenITI 2025.1.9
1338MuhammadFaridBey,محمد فريد بك,Muhammad Farid Bey,NULL,NULL,NULL,NULL,1338,NULL,NULL,NULL,NULL,author,NULL,NULL,NULL,3,NULL,NULL,NULL,NULL,1338MuhammadFaridBey,OpenITI 2025.1.9
1338TahirJazairi,طاهر الجزائري,Tahir Jazairi,NULL,NULL,NULL,NULL,1338,NULL,NULL,NULL,NULL,author,NULL,NULL,NULL,2,NULL,NULL,NULL,NULL,1338TahirJazairi,OpenITI 2025.1.9
1338TahirJazairiDimashqi,طاهر الجزائري الدمشقي,Tahir Jazairi Dimashqi,NULL,NULL,NULL,NULL,1338,NULL,NULL,NULL,NULL,author,NULL,NULL,NULL,1,NULL,NULL,NULL,NULL,1338TahirJazairiDimashqi,OpenITI 2025.1.9
1338Tawzari,عثمان بن المكي التوزري الزبيدي,Tawzari,NULL,NULL,NULL,NULL,1338,NULL,NULL,NULL,NULL,author,NULL,NULL,NULL,1,NULL,NULL,NULL,NULL,1338Tawzari,OpenITI 2025.1.9
1339FursatDawlaShirazi,NULL,Fursat Dawla Shirazi,NULL,NULL,NULL,NULL,1339,NULL,NULL,NULL,NULL,author,NULL,NULL,NULL,1,NULL,NULL,NULL,NULL,1339FursatDawlaShirazi,OpenITI 2025.1.9
1339IsmacilBashaBaghdadi,اسماعيل باشا بغدادي,Ismacil Basha Baghdadi,NULL,NULL,Ismāʿīl Bāšā Baġdādī,NULL,1339,NULL,NULL,NULL,NULL,author,NULL,NULL,NULL,2,NULL,NULL,NULL,NULL,1339IsmacilBashaBaghdadi,OpenITI 2025.1.9
1339MuhammadDiyab,محمد دياب,Muhammad Diyab,NULL,NULL,NULL,NULL,1339,NULL,NULL,NULL,NULL,author,NULL,NULL,NULL,1,NULL,NULL,NULL,NULL,1339MuhammadDiyab,OpenITI 2025.1.9
1339MuhammadTaymur,محمد تيمور,Muhammad Taymur,NULL,NULL,NULL,NULL,1339,NULL,NULL,NULL,NULL,author,NULL,NULL,NULL,4,NULL,NULL,NULL,NULL,1339MuhammadTaymur,OpenITI 2025.1.9
1339ShaykhSharicaIsbahani,الأصبهاني,Shaykh Sharica Isbahani,NULL,NULL,NULL,NULL,1339,NULL,NULL,NULL,NULL,author,NULL,NULL,NULL,1,NULL,NULL,NULL,NULL,1339ShaykhSharicaIsbahani,OpenITI 2025.1.9
1339WaliDinYakin,ولي الدين يكن,Wali Din Yakin,NULL,NULL,NULL,NULL,1339,NULL,NULL,NULL,NULL,author,NULL,NULL,NULL,3,NULL,NULL,NULL,NULL,1339WaliDinYakin,OpenITI 2025.1.9
1340CaliBahrani,الشيخ علي البحراني,Cali Bahrani,NULL,NULL,NULL,NULL,1340,NULL,NULL,NULL,NULL,author,NULL,NULL,NULL,2,NULL,NULL,NULL,NULL,1340CaliBahrani,OpenITI 2025.1.9
1340FarahAntun,فرح أنطون,Farah Antun,NULL,NULL,NULL,NULL,1340,NULL,NULL,NULL,NULL,author,NULL,NULL,NULL,5,NULL,NULL,NULL,NULL,1340FarahAntun,OpenITI 2025.1.9
1340HabibAllahSharifKashani,الملا حبيب الله الشريف الكاشاني,Habib Allah Sharif Kashani,NULL,NULL,NULL,NULL,1340,NULL,NULL,NULL,NULL,author,NULL,NULL,NULL,1,NULL,NULL,NULL,NULL,1340HabibAllahSharifKashani,OpenITI 2025.1.9
1340NaccumShuqayr,نعوم شقير,Naccum Shuqayr,NULL,NULL,NULL,NULL,1340,NULL,NULL,NULL,NULL,author,NULL,NULL,NULL,1,NULL,NULL,NULL,NULL,1340NaccumShuqayr,OpenITI 2025.1.9
1341AbuBakrIbnShihab,ابن شهاب,Abu Bakr Ibn Shihab,NULL,NULL,NULL,NULL,1341,NULL,NULL,NULL,NULL,author,NULL,NULL,NULL,1,NULL,NULL,NULL,NULL,1341AbuBakrIbnShihab,OpenITI 2025.1.9
1341CabdHayyTalibi,عبد الحي بن فخر الدين بن عبد العلي الحسني الطالبي (المتوفى: 1341ه),Cabd Hayy Talibi,NULL,NULL,NULL,NULL,1341,NULL,NULL,NULL,NULL,author,NULL,NULL,NULL,1,NULL,NULL,NULL,NULL,1341CabdHayyTalibi,OpenITI 2025.1.9
1341CabdMasihAntaki,عبد المسيح أنطاكي,Cabd Masih Antaki,NULL,NULL,NULL,NULL,1341,NULL,NULL,NULL,NULL,author,NULL,NULL,NULL,1,NULL,NULL,NULL,NULL,1341CabdMasihAntaki,OpenITI 2025.1.9
1341IdwarIlyas,إدوار إلياس,Idwar Ilyas,NULL,NULL,NULL,NULL,1341,NULL,NULL,NULL,NULL,author,NULL,NULL,NULL,1,NULL,NULL,NULL,NULL,1341IdwarIlyas,OpenITI 2025.1.9
1341IsmacilSabri,إسماعيل صبري,Ismacil Sabri,NULL,NULL,NULL,NULL,1341,NULL,NULL,NULL,NULL,author,NULL,NULL,NULL,1,NULL,NULL,NULL,NULL,1341IsmacilSabri,OpenITI 2025.1.9
1341SayfIbnNasirKharusi,NULL,Sayf Ibn Nasir Kharusi,NULL,NULL,NULL,NULL,1341,NULL,NULL,NULL,NULL,author,NULL,NULL,NULL,1,NULL,NULL,NULL,NULL,1341SayfIbnNasirKharusi,OpenITI 2025.1.9
1342CabdHayyHasani,عبد الحي الحسني,Cabd Hayy Hasani,NULL,NULL,NULL,NULL,1342,NULL,NULL,NULL,NULL,author,NULL,NULL,NULL,1,NULL,NULL,NULL,NULL,1342CabdHayyHasani,OpenITI 2025.1.9
1342CafifaKaram,عفيفة كرم,Cafifa Karam,NULL,NULL,NULL,NULL,1342,NULL,NULL,NULL,NULL,author,NULL,NULL,NULL,1,NULL,NULL,NULL,NULL,1342CafifaKaram,OpenITI 2025.1.9
1342JacfarHashimi,جعفر بن السيد حسين هاشم المدني,Jacfar Hashimi,NULL,NULL,NULL,NULL,1342,NULL,NULL,NULL,NULL,author,NULL,NULL,NULL,1,NULL,NULL,NULL,NULL,1342JacfarHashimi,OpenITI 2025.1.9
1342MahmudShukriAlusi,الألوسي، محمود شكري,Mahmud Shukri Alusi,NULL,NULL,NULL,NULL,1342,NULL,NULL,NULL,NULL,author,NULL,NULL,NULL,9,NULL,NULL,NULL,NULL,1342MahmudShukriAlusi,OpenITI 2025.1.9
1342MustafaLutfiManfaluti,مصطفى لطفي المنفلوطي,Mustafa Lutfi Manfaluti,NULL,NULL,NULL,NULL,1342,NULL,NULL,NULL,NULL,author,NULL,NULL,NULL,8,NULL,NULL,NULL,NULL,1342MustafaLutfiManfaluti,OpenITI 2025.1.9
1342TawfiqCazuz,توفيق عزوز,Tawfiq Cazuz,NULL,NULL,NULL,NULL,1342,NULL,NULL,NULL,NULL,author,NULL,NULL,NULL,2,NULL,NULL,NULL,NULL,1342TawfiqCazuz,OpenITI 2025.1.9
1343HasanIbnYahyaQasimi,الإمام الهادي الحسن بن يحيى القاسمي عليهما السلام,Hasan Ibn Yahya Qasimi,NULL,NULL,NULL,NULL,1343,NULL,NULL,NULL,NULL,author,NULL,NULL,NULL,1,NULL,NULL,NULL,NULL,1343HasanIbnYahyaQasimi,OpenITI 2025.1.9
1343RafiqCazm,رفيق العظم,Rafiq Cazm,NULL,NULL,NULL,NULL,1343,NULL,NULL,NULL,NULL,author,NULL,NULL,NULL,3,NULL,NULL,NULL,NULL,1343RafiqCazm,OpenITI 2025.1.9
1343SulaymanBustani,سليمان البستاني,Sulayman Bustani,NULL,NULL,NULL,NULL,1343,NULL,NULL,NULL,NULL,author,NULL,NULL,NULL,2,NULL,NULL,NULL,NULL,1343SulaymanBustani,OpenITI 2025.1.9
1343YusufBustani,يوسف البستاني,Yusuf Bustani,NULL,NULL,NULL,NULL,1343,NULL,NULL,NULL,NULL,author,NULL,NULL,NULL,4,NULL,NULL,NULL,NULL,1343YusufBustani,OpenITI 2025.1.9
1344IliyasCabduhQudsi,إلياس عبده قدسي,Iliyas Cabduh Qudsi,NULL,NULL,NULL,NULL,1344,NULL,NULL,NULL,NULL,author,NULL,NULL,NULL,1,NULL,NULL,NULL,NULL,1344IliyasCabduhQudsi,OpenITI 2025.1.9
1344SalimSarkis,سليم سركيس,Salim Sarkis,NULL,NULL,NULL,NULL,1344,NULL,NULL,NULL,NULL,author,NULL,NULL,NULL,1,NULL,NULL,NULL,NULL,1344SalimSarkis,OpenITI 2025.1.9
1344TaniyusCabduh,ألكسندر ديماس,Taniyus Cabduh,NULL,NULL,NULL,NULL,1344,NULL,NULL,NULL,NULL,author,NULL,NULL,NULL,4,NULL,NULL,NULL,NULL,1344TaniyusCabduh,OpenITI 2025.1.9
1345IbnCafifiKhudari,لا يوجد,Ibn Cafifi Khudari,NULL,NULL,NULL,NULL,1345,NULL,NULL,NULL,NULL,author,NULL,NULL,NULL,1,NULL,NULL,NULL,NULL,1345IbnCafifiKhudari,OpenITI 2025.1.9
1345IbnJacfarKattani,ابن جعفر الكتاني,Ibn Jacfar Kattani,NULL,NULL,Ibn Ǧaʿfar al-Kattānī,NULL,1345,NULL,NULL,NULL,NULL,author,NULL,NULL,NULL,3,NULL,NULL,NULL,NULL,1345IbnJacfarKattani,OpenITI 2025.1.9
1345IbnMuhsinKashani,إبراهيم بن المحسن الكاشاني,Ibn Muhsin Kashani,NULL,NULL,NULL,NULL,1345,NULL,NULL,NULL,NULL,author,NULL,NULL,NULL,1,NULL,NULL,NULL,NULL,1345IbnMuhsinKashani,OpenITI 2025.1.9
1345JurjTannus,جورج طنوس,Jurj Tannus,NULL,NULL,NULL,NULL,1345,NULL,NULL,NULL,NULL,author,NULL,NULL,NULL,1,NULL,NULL,NULL,NULL,1345JurjTannus,OpenITI 2025.1.9
1345YacqubSarruf,يعقوب صرُّوف,Yacqub Sarruf,NULL,NULL,NULL,NULL,1345,NULL,NULL,NULL,NULL,author,NULL,NULL,NULL,3,NULL,NULL,NULL,NULL,1345YacqubSarruf,OpenITI 2025.1.9
1346AminWasif,أمين واصف,Amin Wasif,NULL,NULL,NULL,NULL,1346,NULL,NULL,NULL,NULL,author,NULL,NULL,NULL,2,NULL,NULL,NULL,NULL,1346AminWasif,OpenITI 2025.1.9
1346CabbasIbnMuhammadMadani,عباس بن محمد بن أحمد بن السيد رضوان المدني الشافعي (المتوفى: 1346هـ),Cabbas Ibn Muhammad Madani,NULL,NULL,NULL,NULL,1346,NULL,NULL,NULL,NULL,author,NULL,NULL,NULL,1,NULL,NULL,NULL,NULL,1346CabbasIbnMuhammadMadani,OpenITI 2025.1.9
1346CabdQadirBadran,عبد القادر بن أحمد بدران,Cabd Qadir Badran,NULL,NULL,NULL,NULL,1346,NULL,NULL,NULL,NULL,author,NULL,NULL,NULL,3,NULL,NULL,NULL,NULL,1346CabdQadirBadran,OpenITI 2025.1.9
1346HakimMicrajDin,حكيم معراج الدين,Hakim Micraj Din,NULL,NULL,NULL,NULL,1346,NULL,NULL,NULL,NULL,author,NULL,NULL,NULL,1,NULL,NULL,NULL,NULL,1346HakimMicrajDin,OpenITI 2025.1.9
1346IlyasAyyubi,إلياس الأيوبي,Ilyas Ayyubi,NULL,NULL,NULL,NULL,1346,NULL,NULL,NULL,NULL,author,NULL,NULL,NULL,2,NULL,NULL,NULL,NULL,1346IlyasAyyubi,OpenITI 2025.1.9
1346KhalilAhmadSaharanpuri,خليل أحمد السهارنفوري,Khalil Ahmad Saharanpuri,NULL,NULL,NULL,NULL,1346,NULL,NULL,NULL,NULL,author,NULL,NULL,NULL,1,NULL,NULL,NULL,NULL,1346KhalilAhmadSaharanpuri,OpenITI 2025.1.9
1346LuisShikhuYasuci,لويس شيخو,Luis Shikhu Yasuci,NULL,NULL,NULL,NULL,1346,NULL,NULL,NULL,NULL,author,NULL,NULL,NULL,6,NULL,NULL,NULL,NULL,1346LuisShikhuYasuci,OpenITI 2025.1.9
1347BashirYamut,بشير يموت البيروتي (المتوفى: بعد 1347هـ),Bashir Yamut,NULL,NULL,NULL,NULL,1347,NULL,NULL,NULL,NULL,author,NULL,NULL,NULL,1,NULL,NULL,NULL,NULL,1347BashirYamut,OpenITI 2025.1.9
1347CabdFattahCabada,عبد الفتاح عبادة,Cabd Fattah Cabada,NULL,NULL,NULL,NULL,1347,NULL,NULL,NULL,NULL,author,NULL,NULL,NULL,1,NULL,NULL,NULL,NULL,1347CabdFattahCabada,OpenITI 2025.1.9
1347HasanSinawani,حسن السيناوني,Hasan Sinawani,NULL,NULL,NULL,NULL,1347,NULL,NULL,NULL,NULL,author,NULL,NULL,NULL,1,NULL,NULL,NULL,NULL,1347HasanSinawani,OpenITI 2025.1.9
1348AhmadTaymurBasha,أحمد تيمور باشا,Ahmad Taymur Basha,NULL,NULL,NULL,NULL,1348,NULL,NULL,NULL,NULL,author,NULL,NULL,NULL,20,NULL,NULL,NULL,NULL,1348AhmadTaymurBasha,OpenITI 2025.1.9
1348FawziMacluf,فوزي المعلوف,Fawzi Macluf,NULL,NULL,NULL,NULL,1348,NULL,NULL,NULL,NULL,author,NULL,NULL,NULL,3,NULL,NULL,NULL,NULL,1348FawziMacluf,OpenITI 2025.1.9
1348MuhammadSulaymanMansurpuri,محمد سليمان المنصورفوري,Muhammad Sulayman Mansurpuri,NULL,NULL,NULL,NULL,1348,NULL,NULL,NULL,NULL,author,NULL,NULL,NULL,1,NULL,NULL,NULL,NULL,1348MuhammadSulaymanMansurpuri,OpenITI 2025.1.9
1349CabdHamidFarahi,عبد الحميد الفراهي الهندي (المتوفى: 1349ه),Cabd Hamid Farahi,NULL,NULL,NULL,NULL,1349,NULL,NULL,NULL,NULL,author,NULL,NULL,NULL,1,NULL,NULL,NULL,NULL,1349CabdHamidFarahi,OpenITI 2025.1.9
1349IbnSahmanKhathcami,"سليمان بن سحمان بن مصلح بن حمدان بن مصلح بن حمدان بن مسفر بن محمد بن مالك بن عامر الخثعمي , التبالي , العسيري , النجدي (المتوفى: 1349هـ)",Ibn Sahman Khathcami,NULL,NULL,NULL,NULL,1349,NULL,NULL,NULL,NULL,author,NULL,NULL,NULL,14,NULL,NULL,NULL,NULL,1349IbnSahmanKhathcami,OpenITI 2025.1.9
1349IbrahimMarighani,المارغني التونسي,Ibrahim Marighani,NULL,NULL,NULL,NULL,1349,NULL,NULL,NULL,NULL,author,NULL,NULL,NULL,1,NULL,NULL,NULL,NULL,1349IbrahimMarighani,OpenITI 2025.1.9
1349IlyasFayyad,إلياس فياض,Ilyas Fayyad,NULL,NULL,NULL,NULL,1349,NULL,NULL,NULL,NULL,author,NULL,NULL,NULL,1,NULL,NULL,NULL,NULL,1349IlyasFayyad,OpenITI 2025.1.9
1349JibranKhalilJibran,جبران خليل جبران,Jibran Khalil Jibran,NULL,NULL,NULL,NULL,1349,NULL,NULL,NULL,NULL,author,NULL,NULL,NULL,8,NULL,NULL,NULL,NULL,1349JibranKhalilJibran,OpenITI 2025.1.9
1349MuhammadCabdCazizKhawli,محمد عبد العزيز بن علي الشاذلي الخولي (المتوفى: 1349ه),Muhammad Cabd Caziz Khawli,NULL,NULL,NULL,NULL,1349,NULL,NULL,NULL,NULL,author,NULL,NULL,NULL,1,NULL,NULL,NULL,NULL,1349MuhammadCabdCazizKhawli,OpenITI 2025.1.9
1349MuhammadKamilKhulci,محمد كامل الخلعي,Muhammad Kamil Khulci,NULL,NULL,NULL,NULL,1349,NULL,NULL,NULL,NULL,author,NULL,NULL,NULL,1,NULL,NULL,NULL,NULL,1349MuhammadKamilKhulci,OpenITI 2025.1.9
1349MuhammadMuwaylihi,محمد المويلحي,Muhammad Muwaylihi,NULL,NULL,Muḥammad al-Muwayliḥī,NULL,1349,NULL,NULL,NULL,NULL,author,NULL,NULL,NULL,1,NULL,NULL,NULL,NULL,1349MuhammadMuwaylihi,OpenITI 2025.1.9
1349RamadanHamud,NULL,Ramadan Hamud,NULL,NULL,NULL,NULL,1349,NULL,NULL,NULL,NULL,author,NULL,NULL,NULL,1,NULL,NULL,NULL,NULL,1349RamadanHamud,OpenITI 2025.1.9
1349SacdCatiqNajdi,سعد بن عتيق النجدي,Sacd Catiq Najdi,NULL,NULL,NULL,NULL,1349,NULL,NULL,NULL,NULL,author,NULL,NULL,NULL,1,NULL,NULL,NULL,NULL,1349SacdCatiqNajdi,OpenITI 2025.1.9
1350AhmadAffandiHasan,أحمد حسن,Ahmad Affandi Hasan,NULL,NULL,NULL,NULL,1350,NULL,NULL,NULL,NULL,author,NULL,NULL,NULL,1,NULL,NULL,NULL,NULL,1350AhmadAffandiHasan,OpenITI 2025.1.9
1350AhmadRiyad,يوهان فولفجانج جوته,Ahmad Riyad,NULL,NULL,NULL,NULL,1350,NULL,NULL,NULL,NULL,author,NULL,NULL,NULL,1,NULL,NULL,NULL,NULL,1350AhmadRiyad,OpenITI 2025.1.9
1350HasanHusayn,حسن حسين,Hasan Husayn,NULL,NULL,NULL,NULL,1350,NULL,NULL,NULL,NULL,author,NULL,NULL,NULL,1,NULL,NULL,NULL,NULL,1350HasanHusayn,OpenITI 2025.1.9
1350IbnCaqilCalawi,السيد محمد بن عقيل,Ibn Caqil Calawi,NULL,NULL,NULL,NULL,1350,NULL,NULL,NULL,NULL,author,NULL,NULL,NULL,2,NULL,NULL,NULL,NULL,1350IbnCaqilCalawi,OpenITI 2025.1.9
1350JosephGyra,يوسف جيرا,Joseph Gyra,NULL,NULL,NULL,NULL,1350,NULL,NULL,NULL,NULL,author,NULL,NULL,NULL,1,NULL,NULL,NULL,NULL,1350JosephGyra,OpenITI 2025.1.9
1350MuhammadHafizIbrahim,محمد حافظ إبراهيم,Muhammad Hafiz Ibrahim,NULL,NULL,NULL,NULL,1350,NULL,NULL,NULL,NULL,author,NULL,NULL,NULL,3,NULL,NULL,NULL,NULL,1350MuhammadHafizIbrahim,OpenITI 2025.1.9
1350MuhammadSibaci,محمد السباعي,Muhammad Sibaci,NULL,NULL,NULL,NULL,1350,NULL,NULL,NULL,NULL,author,NULL,NULL,NULL,3,NULL,NULL,NULL,NULL,1350MuhammadSibaci,OpenITI 2025.1.9
1350MuhammadTawfiqBakri,محمد توفيق البكري,Muhammad Tawfiq Bakri,NULL,NULL,NULL,NULL,1350,NULL,NULL,NULL,NULL,author,NULL,NULL,NULL,1,NULL,NULL,NULL,NULL,1350MuhammadTawfiqBakri,OpenITI 2025.1.9
1350NacumMukarzil,نعوم مكرزل,Nacum Mukarzil,NULL,NULL,NULL,NULL,1350,NULL,NULL,NULL,NULL,author,NULL,NULL,NULL,1,NULL,NULL,NULL,NULL,1350NacumMukarzil,OpenITI 2025.1.9
1350SalihLahidan,صالح بن محمد اللحيدان,Salih Lahidan,NULL,NULL,NULL,NULL,1350,NULL,NULL,NULL,NULL,author,NULL,NULL,NULL,1,NULL,NULL,NULL,NULL,1350SalihLahidan,OpenITI 2025.1.9
1350SultanCaliShahGanabadhi,الجنابذي,Sultan Cali Shah Ganabadhi,NULL,NULL,NULL,NULL,1350,NULL,NULL,NULL,NULL,author,NULL,NULL,NULL,1,NULL,NULL,NULL,NULL,1350SultanCaliShahGanabadhi,OpenITI 2025.1.9
1350ZakiFahmi,زكي فهمي,Zaki Fahmi,NULL,NULL,NULL,NULL,1350,NULL,NULL,NULL,NULL,author,NULL,NULL,NULL,1,NULL,NULL,NULL,NULL,1350ZakiFahmi,OpenITI 2025.1.9
1351AhmadShawqi,أحمد شوقي (1285 - 1351 هـ),Ahmad Shawqi,NULL,NULL,NULL,NULL,1351,NULL,NULL,NULL,NULL,author,NULL,NULL,NULL,1,NULL,NULL,NULL,NULL,1351AhmadShawqi,OpenITI 2025.1.9
1351HasanQasim,النسابة يحيى بن الحسن العبيدلي العقيقي المتوفى سنة 277ه,Hasan Qasim,NULL,NULL,NULL,NULL,1351,NULL,NULL,NULL,NULL,author,NULL,NULL,NULL,1,NULL,NULL,NULL,NULL,1351HasanQasim,OpenITI 2025.1.9
1351IbnHusaynGhazzi,كامل بن حسين بن محمد بن مصطفى البالي الحلبي، الشهير بالغزي (المتوفى: 1351هـ),Ibn Husayn Ghazzi,NULL,NULL,NULL,NULL,1351,NULL,NULL,NULL,NULL,author,NULL,NULL,NULL,1,NULL,NULL,NULL,NULL,1351IbnHusaynGhazzi,OpenITI 2025.1.9
1351MuhammadMudacis,الفقيه العزي محمد بن يحيى مداعس,Muhammad Mudacis,NULL,NULL,NULL,NULL,1351,NULL,NULL,NULL,NULL,author,NULL,NULL,NULL,1,NULL,NULL,NULL,NULL,1351MuhammadMudacis,OpenITI 2025.1.9
1351SalatinBasha,سلاطين باشا,Salatin Basha,NULL,NULL,NULL,NULL,1351,NULL,NULL,NULL,NULL,author,NULL,NULL,NULL,1,NULL,NULL,NULL,NULL,1351SalatinBasha,OpenITI 2025.1.9
1351YusufIlyanSarkis,يوسف بن إليان بن موسى سركيس (المتوفى: 1351هـ),Yusuf Ilyan Sarkis,NULL,NULL,NULL,NULL,1351,NULL,NULL,NULL,NULL,author,NULL,NULL,NULL,1,NULL,NULL,NULL,NULL,1351YusufIlyanSarkis,OpenITI 2025.1.9
1352AhmadZaki,أحمد زكي,Ahmad Zaki,NULL,NULL,NULL,NULL,1352,NULL,NULL,NULL,NULL,author,NULL,NULL,NULL,4,NULL,NULL,NULL,NULL,1352AhmadZaki,OpenITI 2025.1.9
1352DawudBarakat,داود بركات,Dawud Barakat,NULL,NULL,NULL,NULL,1352,NULL,NULL,NULL,NULL,author,NULL,NULL,NULL,2,NULL,NULL,NULL,NULL,1352DawudBarakat,OpenITI 2025.1.9
1352TadrusWahbi,تادرس وهبي,Tadrus Wahbi,NULL,NULL,NULL,NULL,1352,NULL,NULL,NULL,NULL,author,NULL,NULL,NULL,1,NULL,NULL,NULL,NULL,1352TadrusWahbi,OpenITI 2025.1.9
1353AbuQasimShabi,أبو القاسم الشابي,Abu Qasim Shabi,NULL,NULL,NULL,NULL,1353,NULL,NULL,NULL,NULL,author,NULL,NULL,NULL,1,NULL,NULL,NULL,NULL,1353AbuQasimShabi,OpenITI 2025.1.9
1353AhmadZakiBasha,غاستون ماسبيرو,Ahmad Zaki Basha,NULL,NULL,NULL,NULL,1353,NULL,NULL,NULL,NULL,author,NULL,NULL,NULL,1,NULL,NULL,NULL,NULL,1353AhmadZakiBasha,OpenITI 2025.1.9
1353AscadKhalilDaghir,ثورنتن هال,Ascad Khalil Daghir,NULL,NULL,NULL,NULL,1353,NULL,NULL,NULL,NULL,author,NULL,NULL,NULL,4,NULL,NULL,NULL,NULL,1353AscadKhalilDaghir,OpenITI 2025.1.9
1353IbnCabdRahimMubarakfuri,محمد بن سورة,Ibn Cabd Rahim Mubarakfuri,NULL,NULL,NULL,NULL,1353,NULL,NULL,NULL,NULL,author,NULL,NULL,NULL,2,NULL,NULL,NULL,NULL,1353IbnCabdRahimMubarakfuri,OpenITI 2025.1.9
1354HasanSadr,السيد حسن الصدر,Hasan Sadr,NULL,NULL,NULL,NULL,1354,NULL,NULL,NULL,NULL,author,NULL,NULL,NULL,1,NULL,NULL,NULL,NULL,1354HasanSadr,OpenITI 2025.1.9
1354RashidRida,محمد رشيد بن علي رضا بن محمد شمس الدين بن محمد بهاء الدين بن منلا علي خليفة القلموني الحسيني,Rashid Rida,NULL,NULL,NULL,NULL,1354,NULL,NULL,NULL,NULL,author,NULL,NULL,NULL,4,NULL,NULL,NULL,NULL,1354RashidRida,OpenITI 2025.1.9
1355AhmadTahtawi,الأستاذ الشيخ أحمد رافع الحسيني القاسمي الطهطاوي الحنفي,Ahmad Tahtawi,NULL,NULL,NULL,NULL,1355,NULL,NULL,NULL,NULL,author,NULL,NULL,NULL,1,NULL,NULL,NULL,NULL,1355AhmadTahtawi,OpenITI 2025.1.9
1355IskandaraQustantinKhuri,إسكندرة قسطنطين الخوري,Iskandara Qustantin Khuri,NULL,NULL,NULL,NULL,1355,NULL,NULL,NULL,NULL,author,NULL,NULL,NULL,1,NULL,NULL,NULL,NULL,1355IskandaraQustantinKhuri,OpenITI 2025.1.9
1356AbuHudaKalbasi,أبو الهدى الكلباسي,Abu Huda Kalbasi,NULL,NULL,NULL,NULL,1356,NULL,NULL,NULL,NULL,author,NULL,NULL,NULL,1,NULL,NULL,NULL,NULL,1356AbuHudaKalbasi,OpenITI 2025.1.9
1356HenriLammens,هنري لامنس,Henri Lammens,NULL,NULL,NULL,NULL,1356,NULL,NULL,NULL,NULL,author,NULL,NULL,NULL,1,NULL,NULL,NULL,NULL,1356HenriLammens,OpenITI 2025.1.9
1356MuhammadTawfiqCali,محمد توفيق علي,Muhammad Tawfiq Cali,NULL,NULL,NULL,NULL,1356,NULL,NULL,NULL,NULL,author,NULL,NULL,NULL,1,NULL,NULL,NULL,NULL,1356MuhammadTawfiqCali,OpenITI 2025.1.9
1356MustafaSadiqRafici,مصطفى صادق الرافعي,Mustafa Sadiq Rafici,NULL,NULL,NULL,NULL,1356,NULL,NULL,NULL,NULL,author,NULL,NULL,NULL,11,NULL,NULL,NULL,NULL,1356MustafaSadiqRafici,OpenITI 2025.1.9
1356Shatir,NULL,Shatir,NULL,NULL,NULL,NULL,1356,NULL,NULL,NULL,NULL,author,NULL,NULL,NULL,1,NULL,NULL,NULL,NULL,1356Shatir,OpenITI 2025.1.9
1356ShukriKhuri,شكري الخوري,Shukri Khuri,NULL,NULL,NULL,NULL,1356,NULL,NULL,NULL,NULL,author,NULL,NULL,NULL,2,NULL,NULL,NULL,NULL,1356ShukriKhuri,OpenITI 2025.1.9
1357AnisZakariyaNusuli,أنيس زكريا النصولي,Anis Zakariya Nusuli,NULL,NULL,NULL,NULL,1357,NULL,NULL,NULL,NULL,author,NULL,NULL,NULL,1,NULL,NULL,NULL,NULL,1357AnisZakariyaNusuli,OpenITI 2025.1.9
1357CallamaIqbal,علام اقبال,Callama Iqbal,NULL,NULL,ʿAllāma Iqbāl,NULL,1357,NULL,NULL,NULL,NULL,author,NULL,NULL,NULL,7,NULL,NULL,NULL,NULL,1357CallamaIqbal,OpenITI 2025.1.9
1357CumarIskandari,عمر الإسكندري,Cumar Iskandari,NULL,NULL,NULL,NULL,1357,NULL,NULL,NULL,NULL,author,NULL,NULL,NULL,1,NULL,NULL,NULL,NULL,1357CumarIskandari,OpenITI 2025.1.9
1357FiliksFaris,فليكس فارس,Filiks Faris,NULL,NULL,NULL,NULL,1357,NULL,NULL,NULL,NULL,author,NULL,NULL,NULL,1,NULL,NULL,NULL,NULL,1357FiliksFaris,OpenITI 2025.1.9
1357IstifanThani,NULL,Istifan Thani,NULL,NULL,NULL,NULL,1357,NULL,NULL,NULL,NULL,author,NULL,NULL,NULL,1,NULL,NULL,NULL,NULL,1357IstifanThani,OpenITI 2025.1.9
1357YusufAsif,عزتلو يوسف بك آصاف,Yusuf Asif,NULL,NULL,NULL,NULL,1357,NULL,NULL,NULL,NULL,author,NULL,NULL,NULL,1,NULL,NULL,NULL,NULL,1357YusufAsif,OpenITI 2025.1.9
1358FiliksFaris,فليكس فارس,Filiks Faris,NULL,NULL,NULL,NULL,1358,NULL,NULL,NULL,NULL,author,NULL,NULL,NULL,3,NULL,NULL,NULL,NULL,1358FiliksFaris,OpenITI 2025.1.9
1358TantawiJawhari,طنطاوي جوهري,Tantawi Jawhari,NULL,NULL,NULL,NULL,1358,NULL,NULL,NULL,NULL,author,NULL,NULL,NULL,1,NULL,NULL,NULL,NULL,1358TantawiJawhari,OpenITI 2025.1.9
1359AbuIqbalSalimYacqubi,أبو الإقبال اليعقوبي,Abu Iqbal Salim Yacqubi,NULL,NULL,NULL,NULL,1359,NULL,NULL,NULL,NULL,author,NULL,NULL,NULL,1,NULL,NULL,NULL,NULL,1359AbuIqbalSalimYacqubi,OpenITI 2025.1.9
1359AhmadShawqi,أحمد شوقي,Ahmad Shawqi,NULL,NULL,NULL,NULL,1359,NULL,NULL,NULL,NULL,author,NULL,NULL,NULL,13,NULL,NULL,NULL,NULL,1359AhmadShawqi,OpenITI 2025.1.9
1359AminRihani,أمين الريحاني,Amin Rihani,NULL,NULL,NULL,NULL,1359,NULL,NULL,NULL,NULL,author,NULL,NULL,NULL,12,NULL,NULL,NULL,NULL,1359AminRihani,OpenITI 2025.1.9
1359CabbasQummi,الشيخ عباس القمي,Cabbas Qummi,NULL,NULL,NULL,NULL,1359,NULL,NULL,NULL,NULL,author,NULL,NULL,NULL,2,NULL,NULL,NULL,NULL,1359CabbasQummi,OpenITI 2025.1.9
1359CabdHamidIbnBadis,عبد الحميد محمد بن باديس الصنهاجي,Cabd Hamid Ibn Badis,NULL,NULL,NULL,NULL,1359,NULL,NULL,NULL,NULL,author,NULL,NULL,NULL,1,NULL,NULL,NULL,NULL,1359CabdHamidIbnBadis,OpenITI 2025.1.9
1359FarajAllahZakiKurdi,NULL,Faraj Allah Zaki Kurdi,NULL,NULL,NULL,NULL,1359,NULL,NULL,NULL,NULL,author,NULL,NULL,NULL,1,NULL,NULL,NULL,NULL,1359FarajAllahZakiKurdi,OpenITI 2025.1.9
1359IbrahimAswad,إبراهيم الأسود,Ibrahim Aswad,NULL,NULL,NULL,NULL,1359,NULL,NULL,NULL,NULL,author,NULL,NULL,NULL,1,NULL,NULL,NULL,NULL,1359IbrahimAswad,OpenITI 2025.1.9
1359MuhammadMascud,سليم قبودان,Muhammad Mascud,NULL,NULL,NULL,NULL,1359,NULL,NULL,NULL,NULL,author,NULL,NULL,NULL,1,NULL,NULL,NULL,NULL,1359MuhammadMascud,OpenITI 2025.1.9
1359SulaymanBaruni,NULL,Sulayman Baruni,NULL,NULL,NULL,NULL,1359,NULL,NULL,NULL,NULL,author,NULL,NULL,NULL,2,NULL,NULL,NULL,NULL,1359SulaymanBaruni,OpenITI 2025.1.9
1359TawfiqHabib,توفيق حبيب,Tawfiq Habib,NULL,NULL,NULL,NULL,1359,NULL,NULL,NULL,NULL,author,NULL,NULL,NULL,2,NULL,NULL,NULL,NULL,1359TawfiqHabib,OpenITI 2025.1.9
1360AbuCabdAllahZanjani,أبو عبد الله الزنجاني,Abu Cabd Allah Zanjani,NULL,NULL,NULL,NULL,1360,NULL,NULL,NULL,NULL,author,NULL,NULL,NULL,1,NULL,NULL,NULL,NULL,1360AbuCabdAllahZanjani,OpenITI 2025.1.9
1360CaliAhmadShukri,هنري دودويل,Cali Ahmad Shukri,NULL,NULL,NULL,NULL,1360,NULL,NULL,NULL,NULL,author,NULL,NULL,NULL,1,NULL,NULL,NULL,NULL,1360CaliAhmadShukri,OpenITI 2025.1.9
1360IbnQasimMakhluf,محمد بن محمد بن عمر بن علي ابن سالم مخلوف,Ibn Qasim Makhluf,NULL,NULL,NULL,NULL,1360,NULL,NULL,NULL,NULL,author,NULL,NULL,NULL,1,NULL,NULL,NULL,NULL,1360IbnQasimMakhluf,OpenITI 2025.1.9
1360IbrahimTuqan,إبراهيم طوقان,Ibrahim Tuqan,NULL,NULL,NULL,NULL,1360,NULL,NULL,NULL,NULL,author,NULL,NULL,NULL,1,NULL,NULL,NULL,NULL,1360IbrahimTuqan,OpenITI 2025.1.9
1360MayZiyada,مي زيادة,May Ziyada,NULL,NULL,NULL,NULL,1360,NULL,NULL,NULL,NULL,author,NULL,NULL,NULL,10,NULL,NULL,NULL,NULL,1360MayZiyada,OpenITI 2025.1.9
1360ParwinIctisami,پروين اعتصامي,Parwin Ictisami,NULL,NULL,Parwīn Iʿtiṣāmī,NULL,1360,NULL,NULL,NULL,NULL,author,NULL,NULL,NULL,1,NULL,NULL,NULL,NULL,1360ParwinIctisami,OpenITI 2025.1.9
1360RashidAyyub,رشيد أيوب,Rashid Ayyub,NULL,NULL,NULL,NULL,1360,NULL,NULL,NULL,NULL,author,NULL,NULL,NULL,1,NULL,NULL,NULL,NULL,1360RashidAyyub,OpenITI 2025.1.9
1360SalihSuwaysiQayrawani,صالح سويسي القيرواني,Salih Suwaysi Qayrawani,NULL,NULL,NULL,NULL,1360,NULL,NULL,NULL,NULL,author,NULL,NULL,NULL,1,NULL,NULL,NULL,NULL,1360SalihSuwaysiQayrawani,OpenITI 2025.1.9
1361CabdAllahHusayn,عبد الله حسين,Cabd Allah Husayn,NULL,NULL,NULL,NULL,1361,NULL,NULL,NULL,NULL,author,NULL,NULL,NULL,6,NULL,NULL,NULL,NULL,1361CabdAllahHusayn,OpenITI 2025.1.9
1361SacidIbnNasirGhaythi,سعيد الغيثي,Sacid Ibn Nasir Ghaythi,NULL,NULL,NULL,NULL,1361,NULL,NULL,NULL,NULL,author,NULL,NULL,NULL,1,NULL,NULL,NULL,NULL,1361SacidIbnNasirGhaythi,OpenITI 2025.1.9
1361YusufAhmad,يوسف أحمد,Yusuf Ahmad,NULL,NULL,NULL,NULL,1361,NULL,NULL,NULL,NULL,author,NULL,NULL,NULL,1,NULL,NULL,NULL,NULL,1361YusufAhmad,OpenITI 2025.1.9
1362AhmadHashimi,أحمد بن إبراهيم بن مصطفى الهاشمي (المتوفى: 1362هـ),Ahmad Hashimi,NULL,NULL,NULL,NULL,1362,NULL,NULL,NULL,NULL,author,NULL,NULL,NULL,3,NULL,NULL,NULL,NULL,1362AhmadHashimi,OpenITI 2025.1.9
1362AminArslan,أمين أرسلان,Amin Arslan,NULL,NULL,NULL,NULL,1362,NULL,NULL,NULL,NULL,author,NULL,NULL,NULL,1,NULL,NULL,NULL,NULL,1362AminArslan,OpenITI 2025.1.9
1362CabdCazizBishri,عبد العزيز البشري,Cabd Caziz Bishri,NULL,NULL,NULL,NULL,1362,NULL,NULL,NULL,NULL,author,NULL,NULL,NULL,3,NULL,NULL,NULL,NULL,1362CabdCazizBishri,OpenITI 2025.1.9
1362CabdQadirIskandarani,عبد القادر الإسكندراني,Cabd Qadir Iskandarani,NULL,NULL,NULL,NULL,1362,NULL,NULL,NULL,NULL,author,NULL,NULL,NULL,1,NULL,NULL,NULL,NULL,1362CabdQadirIskandarani,OpenITI 2025.1.9
1362CabdRahmanIbnDirham,عبد الرحمن بن عبد الله بن أحمد بن درهم,Cabd Rahman Ibn Dirham,NULL,NULL,NULL,NULL,1362,NULL,NULL,NULL,NULL,author,NULL,NULL,NULL,1,NULL,NULL,NULL,NULL,1362CabdRahmanIbnDirham,OpenITI 2025.1.9
1362MuhammadKamilHajjaj,محمد كامل حجاج,Muhammad Kamil Hajjaj,NULL,NULL,NULL,NULL,1362,NULL,NULL,NULL,NULL,author,NULL,NULL,NULL,3,NULL,NULL,NULL,NULL,1362MuhammadKamilHajjaj,OpenITI 2025.1.9
1362MuhammadMustafaHihyawi,محمد مصطفى الههياوي,Muhammad Mustafa Hihyawi,NULL,NULL,NULL,NULL,1362,NULL,NULL,NULL,NULL,author,NULL,NULL,NULL,1,NULL,NULL,NULL,NULL,1362MuhammadMustafaHihyawi,OpenITI 2025.1.9
1363CabdRahmanBarquqi,البرقوقي,Cabd Rahman Barquqi,NULL,NULL,NULL,NULL,1363,NULL,NULL,NULL,NULL,author,NULL,NULL,NULL,5,NULL,NULL,NULL,NULL,1363CabdRahmanBarquqi,OpenITI 2025.1.9
1363CumarTusun,عمر طوسون,Cumar Tusun,NULL,NULL,NULL,NULL,1363,NULL,NULL,NULL,NULL,author,NULL,NULL,NULL,9,NULL,NULL,NULL,NULL,1363CumarTusun,OpenITI 2025.1.9
1363MahmudCakush,محمود عكوش,Mahmud Cakush,NULL,NULL,NULL,NULL,1363,NULL,NULL,NULL,NULL,author,NULL,NULL,NULL,1,NULL,NULL,NULL,NULL,1363MahmudCakush,OpenITI 2025.1.9
1364AhmadDayf,أحمد ضيف,Ahmad Dayf,NULL,NULL,NULL,NULL,1364,NULL,NULL,NULL,NULL,author,NULL,NULL,NULL,1,NULL,NULL,NULL,NULL,1364AhmadDayf,OpenITI 2025.1.9
1364AhmadMuharram,أحمد محرم,Ahmad Muharram,NULL,NULL,NULL,NULL,1364,NULL,NULL,NULL,NULL,author,NULL,NULL,NULL,1,NULL,NULL,NULL,NULL,1364AhmadMuharram,OpenITI 2025.1.9
1364CamirIbnKHamisMaliki,عامر بن خميس مسعود المالكي العماني الإباضي,Camir Ibn KHamis Maliki,NULL,NULL,NULL,NULL,1364,NULL,NULL,NULL,NULL,author,NULL,NULL,NULL,1,NULL,NULL,NULL,NULL,1364CamirIbnKHamisMaliki,OpenITI 2025.1.9
1364IbnHamdMughiri,المغيري,Ibn Hamd Mughiri,NULL,NULL,NULL,NULL,1364,NULL,NULL,NULL,NULL,author,NULL,NULL,NULL,1,NULL,NULL,NULL,NULL,1364IbnHamdMughiri,OpenITI 2025.1.9
1364ImamShaficiAbuShanab,إمام شافعي أبو شنب,Imam Shafici Abu Shanab,NULL,NULL,NULL,NULL,1364,NULL,NULL,NULL,NULL,author,NULL,NULL,NULL,1,NULL,NULL,NULL,NULL,1364ImamShaficiAbuShanab,OpenITI 2025.1.9
1364MacrufRusafi,معروف الرَّصافي,Macruf Rusafi,NULL,NULL,NULL,NULL,1364,NULL,NULL,NULL,NULL,author,NULL,NULL,NULL,1,NULL,NULL,NULL,NULL,1364MacrufRusafi,OpenITI 2025.1.9
1364NajibHubayqa,هنري لامنس,Najib Hubayqa,NULL,NULL,NULL,NULL,1364,NULL,NULL,NULL,NULL,author,NULL,NULL,NULL,1,NULL,NULL,NULL,NULL,1364NajibHubayqa,OpenITI 2025.1.9
1365AhmadCisa,أحمد عيسى,Ahmad Cisa,NULL,NULL,NULL,NULL,1365,NULL,NULL,NULL,NULL,author,NULL,NULL,NULL,4,NULL,NULL,NULL,NULL,1365AhmadCisa,OpenITI 2025.1.9
1365CumarFakhuri,عمر فاخوري,Cumar Fakhuri,NULL,NULL,NULL,NULL,1365,NULL,NULL,NULL,NULL,author,NULL,NULL,NULL,2,NULL,NULL,NULL,NULL,1365CumarFakhuri,OpenITI 2025.1.9
1365TahaRawi,طه الراوي,Taha Rawi,NULL,NULL,NULL,NULL,1365,NULL,NULL,NULL,NULL,author,NULL,NULL,NULL,2,NULL,NULL,NULL,NULL,1365TahaRawi,OpenITI 2025.1.9
1365WasilaMuhammad,شارل فاجنر,Wasila Muhammad,NULL,NULL,NULL,NULL,1365,NULL,NULL,NULL,NULL,author,NULL,NULL,NULL,1,NULL,NULL,NULL,NULL,1365WasilaMuhammad,OpenITI 2025.1.9
1366AnastasKarmali,أنستاس ماري الكرملي,Anastas Karmali,NULL,NULL,NULL,NULL,1366,NULL,NULL,NULL,NULL,author,NULL,NULL,NULL,4,NULL,NULL,NULL,NULL,1366AnastasKarmali,OpenITI 2025.1.9
1366CabdAllahMukhlis,عبد الله مخلص,Cabd Allah Mukhlis,NULL,NULL,NULL,NULL,1366,NULL,NULL,NULL,NULL,author,NULL,NULL,NULL,2,NULL,NULL,NULL,NULL,1366CabdAllahMukhlis,OpenITI 2025.1.9
1366IliyasAbuShabaka,ألفونس دو لامارتين,Iliyas Abu Shabaka,NULL,NULL,NULL,NULL,1366,NULL,NULL,NULL,NULL,author,NULL,NULL,NULL,7,NULL,NULL,NULL,NULL,1366IliyasAbuShabaka,OpenITI 2025.1.9
1366IlyasAbuShabaka,إلياس أبو شبكة,Ilyas Abu Shabaka,NULL,NULL,NULL,NULL,1366,NULL,NULL,NULL,NULL,author,NULL,NULL,NULL,10,NULL,NULL,NULL,NULL,1366IlyasAbuShabaka,OpenITI 2025.1.9
1366MustafaCabdRazzaq,مصطفى عبد الرازق,Mustafa Cabd Razzaq,NULL,NULL,NULL,NULL,1366,NULL,NULL,NULL,NULL,author,NULL,NULL,NULL,5,NULL,NULL,NULL,NULL,1366MustafaCabdRazzaq,OpenITI 2025.1.9
1367AhmadMutac,أحمد بن أحمد بن محمّد المطاع,Ahmad Mutac,NULL,NULL,NULL,NULL,1367,NULL,NULL,NULL,NULL,author,NULL,NULL,NULL,1,NULL,NULL,NULL,NULL,1367AhmadMutac,OpenITI 2025.1.9
1367AntunJumayyil,أنطون الجميِّل,Antun Jumayyil,NULL,NULL,NULL,NULL,1367,NULL,NULL,NULL,NULL,author,NULL,NULL,NULL,1,NULL,NULL,NULL,NULL,1367AntunJumayyil,OpenITI 2025.1.9
1367HudaShacrawi,هدى شعراوي,Huda Shacrawi,NULL,NULL,NULL,NULL,1367,NULL,NULL,NULL,NULL,author,NULL,NULL,NULL,2,NULL,NULL,NULL,NULL,1367HudaShacrawi,OpenITI 2025.1.9
1368AntunSacada,أنطون سعادة,Antun Sacada,NULL,NULL,NULL,NULL,1368,NULL,NULL,NULL,NULL,author,NULL,NULL,NULL,1,NULL,NULL,NULL,NULL,1368AntunSacada,OpenITI 2025.1.9
1368CaliJarim,علي الجارم,Cali Jarim,NULL,NULL,NULL,NULL,1368,NULL,NULL,NULL,NULL,author,NULL,NULL,NULL,13,NULL,NULL,NULL,NULL,1368CaliJarim,OpenITI 2025.1.9
1368CaliMahmudTaha,علي محمود طه,Cali Mahmud Taha,NULL,NULL,NULL,NULL,1368,NULL,NULL,NULL,NULL,author,NULL,NULL,NULL,2,NULL,NULL,NULL,NULL,1368CaliMahmudTaha,OpenITI 2025.1.9
1368HasanAmin,حسن الأمين,Hasan Amin,NULL,NULL,NULL,NULL,1368,NULL,NULL,NULL,NULL,author,NULL,NULL,NULL,1,NULL,NULL,NULL,NULL,1368HasanAmin,OpenITI 2025.1.9
1368IbrahimCabdQadirMazini,إبراهيم عبد القادر المازني,Ibrahim Cabd Qadir Mazini,NULL,NULL,NULL,NULL,1368,NULL,NULL,NULL,NULL,author,NULL,NULL,NULL,17,NULL,NULL,NULL,NULL,1368IbrahimCabdQadirMazini,OpenITI 2025.1.9
1368IbrahimRamzi,إبراهيم رمزي,Ibrahim Ramzi,NULL,NULL,NULL,NULL,1368,NULL,NULL,NULL,NULL,author,NULL,NULL,NULL,13,NULL,NULL,NULL,NULL,1368IbrahimRamzi,OpenITI 2025.1.9
1368KhalilMutran,ويليام شكسبير,Khalil Mutran,NULL,NULL,NULL,NULL,1368,NULL,NULL,NULL,NULL,author,NULL,NULL,NULL,6,NULL,NULL,NULL,NULL,1368KhalilMutran,OpenITI 2025.1.9
1368NajibNassar,نجيب نصَّار,Najib Nassar,NULL,NULL,NULL,NULL,1368,NULL,NULL,NULL,NULL,author,NULL,NULL,NULL,1,NULL,NULL,NULL,NULL,1368NajibNassar,OpenITI 2025.1.9
1368NajibRihani,نجيب الريحاني,Najib Rihani,NULL,NULL,NULL,NULL,1368,NULL,NULL,NULL,NULL,author,NULL,NULL,NULL,1,NULL,NULL,NULL,NULL,1368NajibRihani,OpenITI 2025.1.9
1368ShakibArslan,شكيب أرسلان,Shakib Arslan,NULL,NULL,NULL,NULL,1368,NULL,NULL,NULL,NULL,author,NULL,NULL,NULL,7,NULL,NULL,NULL,NULL,1368ShakibArslan,OpenITI 2025.1.9
1368ZakariyaMihran,زكريا مهران,Zakariya Mihran,NULL,NULL,NULL,NULL,1368,NULL,NULL,NULL,NULL,author,NULL,NULL,NULL,1,NULL,NULL,NULL,NULL,1368ZakariyaMihran,OpenITI 2025.1.9
1369AhmadHafizCawad,أحمد حافظ عوض,Ahmad Hafiz Cawad,NULL,NULL,NULL,NULL,1369,NULL,NULL,NULL,NULL,author,NULL,NULL,NULL,2,NULL,NULL,NULL,NULL,1369AhmadHafizCawad,OpenITI 2025.1.9
1369AntonZikri,أنطوان زكري,Anton Zikri,NULL,NULL,NULL,NULL,1369,NULL,NULL,NULL,NULL,author,NULL,NULL,NULL,1,NULL,NULL,NULL,NULL,1369AntonZikri,OpenITI 2025.1.9
1369FarajSulaymanFuad,فرج سليمان فؤاد,Faraj Sulayman Fuad,NULL,NULL,NULL,NULL,1369,NULL,NULL,NULL,NULL,author,NULL,NULL,NULL,1,NULL,NULL,NULL,NULL,1369FarajSulaymanFuad,OpenITI 2025.1.9
1369IsmacilSidqi,إسماعيل صدقي,Ismacil Sidqi,NULL,NULL,NULL,NULL,1369,NULL,NULL,NULL,NULL,author,NULL,NULL,NULL,1,NULL,NULL,NULL,NULL,1369IsmacilSidqi,OpenITI 2025.1.9
1369MuhammadRida,محمد رضا (المتوفى: 1369هـ),Muhammad Rida,NULL,NULL,NULL,NULL,1369,NULL,NULL,NULL,NULL,author,NULL,NULL,NULL,3,NULL,NULL,NULL,NULL,1369MuhammadRida,OpenITI 2025.1.9
1370AhmadSamihKhalidi,أحمد سامح الخالدي,Ahmad Samih Khalidi,NULL,NULL,NULL,NULL,1370,NULL,NULL,NULL,NULL,author,NULL,NULL,NULL,3,NULL,NULL,NULL,NULL,1370AhmadSamihKhalidi,OpenITI 2025.1.9
1370CabdAllahHussayn,عبد الله بن الحسين,Cabd Allah Hussayn,NULL,NULL,NULL,NULL,1370,NULL,NULL,NULL,NULL,author,NULL,NULL,NULL,1,NULL,NULL,NULL,NULL,1370CabdAllahHussayn,OpenITI 2025.1.9
1370CabdCazizFahmi,عزيز فهمي,Cabd Caziz Fahmi,NULL,NULL,NULL,NULL,1370,NULL,NULL,NULL,NULL,author,NULL,NULL,NULL,2,NULL,NULL,NULL,NULL,1370CabdCazizFahmi,OpenITI 2025.1.9
1370KhalilShaybub,خليل شيبوب,Khalil Shaybub,NULL,NULL,NULL,NULL,1370,NULL,NULL,NULL,NULL,author,NULL,NULL,NULL,1,NULL,NULL,NULL,NULL,1370KhalilShaybub,OpenITI 2025.1.9
1370MuhammadRaghibTabbakh,محمد راغب بن محمود بن هاشم الطبّاخ الحلبي,Muhammad Raghib Tabbakh,NULL,NULL,NULL,NULL,1370,NULL,NULL,NULL,NULL,author,NULL,NULL,NULL,1,NULL,NULL,NULL,NULL,1370MuhammadRaghibTabbakh,OpenITI 2025.1.9
1370NabawiyyaMusa,نبوية موسى,Nabawiyya Musa,NULL,NULL,NULL,NULL,1370,NULL,NULL,NULL,NULL,author,NULL,NULL,NULL,4,NULL,NULL,NULL,NULL,1370NabawiyyaMusa,OpenITI 2025.1.9
1370SalimQabcin,سليم قبعين,Salim Qabcin,NULL,NULL,NULL,NULL,1370,NULL,NULL,NULL,NULL,author,NULL,NULL,NULL,4,NULL,NULL,NULL,NULL,1370SalimQabcin,OpenITI 2025.1.9
1370SalimQubcayn,ليو تولستوي,Salim Qubcayn,NULL,NULL,NULL,NULL,1370,NULL,NULL,NULL,NULL,author,NULL,NULL,NULL,3,NULL,NULL,NULL,NULL,1370SalimQubcayn,OpenITI 2025.1.9
1371AhmadMustafaMaraghi,أحمد مصطفى المراغي,Ahmad Mustafa Maraghi,NULL,NULL,NULL,NULL,1371,NULL,NULL,NULL,NULL,author,NULL,NULL,NULL,1,NULL,NULL,NULL,NULL,1371AhmadMustafaMaraghi,OpenITI 2025.1.9
1371IlyasAntonIlyas,إلياس أنطون,Ilyas Anton Ilyas,NULL,NULL,NULL,NULL,1371,NULL,NULL,NULL,NULL,author,NULL,NULL,NULL,1,NULL,NULL,NULL,NULL,1371IlyasAntonIlyas,OpenITI 2025.1.9
1371JaquesTajir,جاك تاجر,Jaques Tajir,NULL,NULL,NULL,NULL,1371,NULL,NULL,NULL,NULL,author,NULL,NULL,NULL,2,NULL,NULL,NULL,NULL,1371JaquesTajir,OpenITI 2025.1.9
1371LabibaMadiHashim,لبيبة ماضي هاشم,Labiba Madi Hashim,NULL,NULL,NULL,NULL,1371,NULL,NULL,NULL,NULL,author,NULL,NULL,NULL,2,NULL,NULL,NULL,NULL,1371LabibaMadiHashim,OpenITI 2025.1.9
1371MuhsinAminCamili,السيد محسن الأمين,Muhsin Amin Camili,NULL,NULL,NULL,NULL,1371,NULL,NULL,NULL,NULL,author,NULL,NULL,NULL,3,NULL,NULL,NULL,NULL,1371MuhsinAminCamili,OpenITI 2025.1.9
1371RadiAlYasin,الشيخ راضي آل ياسين,Radi Al Yasin,NULL,NULL,NULL,NULL,1371,NULL,NULL,NULL,NULL,author,NULL,NULL,NULL,1,NULL,NULL,NULL,NULL,1371RadiAlYasin,OpenITI 2025.1.9
1371ZakiMubarak,زكي مبارك,Zaki Mubarak,NULL,NULL,NULL,NULL,1371,NULL,NULL,NULL,NULL,author,NULL,NULL,NULL,8,NULL,NULL,NULL,NULL,1371ZakiMubarak,OpenITI 2025.1.9
1372AhmadIbnMuhammadRahuni,NULL,Ahmad Ibn Muhammad Rahuni,NULL,NULL,NULL,NULL,1372,NULL,NULL,NULL,NULL,author,NULL,NULL,NULL,1,NULL,NULL,NULL,NULL,1372AhmadIbnMuhammadRahuni,OpenITI 2025.1.9
1372IbrahimNaji,إبراهيم ناجي,Ibrahim Naji,NULL,NULL,NULL,NULL,1372,NULL,NULL,NULL,NULL,author,NULL,NULL,NULL,2,NULL,NULL,NULL,NULL,1372IbrahimNaji,OpenITI 2025.1.9
1372KhalilSakakini,خليل السكاكيني,Khalil Sakakini,NULL,NULL,NULL,NULL,1372,NULL,NULL,NULL,NULL,author,NULL,NULL,NULL,2,NULL,NULL,NULL,NULL,1372KhalilSakakini,OpenITI 2025.1.9
1372KurdCali,محمد كرد علي,Kurd Cali,NULL,NULL,NULL,NULL,1372,NULL,NULL,NULL,NULL,author,NULL,NULL,NULL,9,NULL,NULL,NULL,NULL,1372KurdCali,OpenITI 2025.1.9
1372MuhammadLutfiJumca,محمد لطفي جمعة,Muhammad Lutfi Jumca,NULL,NULL,NULL,NULL,1372,NULL,NULL,NULL,NULL,author,NULL,NULL,NULL,7,NULL,NULL,NULL,NULL,1372MuhammadLutfiJumca,OpenITI 2025.1.9
1372SalahDinDhuhani,صلاح الدين ذهني,Salah Din Dhuhani,NULL,NULL,NULL,NULL,1372,NULL,NULL,NULL,NULL,author,NULL,NULL,NULL,2,NULL,NULL,NULL,NULL,1372SalahDinDhuhani,OpenITI 2025.1.9
1372SalmaSaigh,سلمى صائغ,Salma Saigh,NULL,NULL,NULL,NULL,1372,NULL,NULL,NULL,NULL,author,NULL,NULL,NULL,1,NULL,NULL,NULL,NULL,1372SalmaSaigh,OpenITI 2025.1.9
1373AbuYaclaZuwawi,محمد السعيد، أبو يعلى الزواوي (المتوفى: 1373هـ),Abu Yacla Zuwawi,NULL,NULL,NULL,NULL,1373,NULL,NULL,NULL,NULL,author,NULL,NULL,NULL,1,NULL,NULL,NULL,NULL,1373AbuYaclaZuwawi,OpenITI 2025.1.9
1373AhmadAmin,أحمد أمين,Ahmad Amin,NULL,NULL,NULL,NULL,1373,NULL,NULL,NULL,NULL,author,NULL,NULL,NULL,14,NULL,NULL,NULL,NULL,1373AhmadAmin,OpenITI 2025.1.9
1373AhmadShamat,NULL,Ahmad Shamat,NULL,NULL,NULL,NULL,1373,NULL,NULL,NULL,NULL,author,NULL,NULL,NULL,2,NULL,NULL,NULL,NULL,1373AhmadShamat,OpenITI 2025.1.9
1373HabibZayyat,حبيب الزيات,Habib Zayyat,NULL,NULL,NULL,NULL,1373,NULL,NULL,NULL,NULL,author,NULL,NULL,NULL,1,NULL,NULL,NULL,NULL,1373HabibZayyat,OpenITI 2025.1.9
1373MuhammadHusaynKashifGhita,الشيخ محمد حسين كاشف الغطاء,Muhammad Husayn Kashif Ghita,NULL,NULL,NULL,NULL,1373,NULL,NULL,NULL,NULL,author,NULL,NULL,NULL,2,NULL,NULL,NULL,NULL,1373MuhammadHusaynKashifGhita,OpenITI 2025.1.9
1373MuhammadLutfiJumca,محمد لطفي جمعة,Muhammad Lutfi Jumca,NULL,NULL,NULL,NULL,1373,NULL,NULL,NULL,NULL,author,NULL,NULL,NULL,4,NULL,NULL,NULL,NULL,1373MuhammadLutfiJumca,OpenITI 2025.1.9
1373NiqulaHaddad,نقولا حداد,Niqula Haddad,NULL,NULL,NULL,NULL,1373,NULL,NULL,NULL,NULL,author,NULL,NULL,NULL,12,NULL,NULL,NULL,NULL,1373NiqulaHaddad,OpenITI 2025.1.9
1373QaliniFahmi,قليني فهمي,Qalini Fahmi,NULL,NULL,NULL,NULL,1373,NULL,NULL,NULL,NULL,author,NULL,NULL,NULL,1,NULL,NULL,NULL,NULL,1373QaliniFahmi,OpenITI 2025.1.9
1373WadicAbuFadil,وديع أبو فاضل,Wadic Abu Fadil,NULL,NULL,NULL,NULL,1373,NULL,NULL,NULL,NULL,author,NULL,NULL,NULL,1,NULL,NULL,NULL,NULL,1373WadicAbuFadil,OpenITI 2025.1.9
1373WadicBustani,وديع البستاني,Wadic Bustani,NULL,NULL,NULL,NULL,1373,NULL,NULL,NULL,NULL,author,NULL,NULL,NULL,1,NULL,NULL,NULL,NULL,1373WadicBustani,OpenITI 2025.1.9
1374AhmadZakiAbuShadi,أحمد زكي أبو شادي,Ahmad Zaki Abu Shadi,NULL,NULL,NULL,NULL,1374,NULL,NULL,NULL,NULL,author,NULL,NULL,NULL,18,NULL,NULL,NULL,NULL,1374AhmadZakiAbuShadi,OpenITI 2025.1.9
1374HannaKhabbaz,أفلاطون,Hanna Khabbaz,NULL,NULL,NULL,NULL,1374,NULL,NULL,NULL,NULL,author,NULL,NULL,NULL,1,NULL,NULL,NULL,NULL,1374HannaKhabbaz,OpenITI 2025.1.9
1374MuhammadCaliTawfiq,الأَمير محمَّد عَلي بن محمد توفيق بن إسماعيل بن إبراهيم بن محمد علي (المتوفى: 1374هـ),Muhammad Cali Tawfiq,NULL,NULL,NULL,NULL,1374,NULL,NULL,NULL,NULL,author,NULL,NULL,NULL,1,NULL,NULL,NULL,NULL,1374MuhammadCaliTawfiq,OpenITI 2025.1.9
1374SalahLabaki,صلاح لبكي,Salah Labaki,NULL,NULL,NULL,NULL,1374,NULL,NULL,NULL,NULL,author,NULL,NULL,NULL,6,NULL,NULL,NULL,NULL,1374SalahLabaki,OpenITI 2025.1.9
1374SulaymanNajib,سليمان نجيب,Sulayman Najib,NULL,NULL,NULL,NULL,1374,NULL,NULL,NULL,NULL,author,NULL,NULL,NULL,1,NULL,NULL,NULL,NULL,1374SulaymanNajib,OpenITI 2025.1.9
1375AhmadFaridRifaci,أحمد فريد رفاعي,Ahmad Farid Rifaci,NULL,NULL,NULL,NULL,1375,NULL,NULL,NULL,NULL,author,NULL,NULL,NULL,1,NULL,NULL,NULL,NULL,1375AhmadFaridRifaci,OpenITI 2025.1.9
1375AhmadIbnHasanQasimi,العلامة أحمد بن الحسن بن يحيى القاسمي,Ahmad Ibn Hasan Qasimi,NULL,NULL,NULL,NULL,1375,NULL,NULL,NULL,NULL,author,NULL,NULL,NULL,3,NULL,NULL,NULL,NULL,1375AhmadIbnHasanQasimi,OpenITI 2025.1.9
1375AntuShuhaybir,هنري لامنس,Antu Shuhaybir,NULL,NULL,NULL,NULL,1375,NULL,NULL,NULL,NULL,author,NULL,NULL,NULL,1,NULL,NULL,NULL,NULL,1375AntuShuhaybir,OpenITI 2025.1.9
1375CabdAllahIbnImamHadiQasimi,العلامة عبد الله بن الإمام الهادي الحسن بن يحيى القاسمي,Cabd Allah Ibn Imam Hadi Qasimi,NULL,NULL,NULL,NULL,1375,NULL,NULL,NULL,NULL,author,NULL,NULL,NULL,1,NULL,NULL,NULL,NULL,1375CabdAllahIbnImamHadiQasimi,OpenITI 2025.1.9
1375CazizKhanki,عزيز خانكي,Caziz Khanki,NULL,NULL,NULL,NULL,1375,NULL,NULL,NULL,NULL,author,NULL,NULL,NULL,1,NULL,NULL,NULL,NULL,1375CazizKhanki,OpenITI 2025.1.9
1375FilibDiTarrazi,فيليب دي طرازي,Filib Di Tarrazi,NULL,NULL,NULL,NULL,1375,NULL,NULL,NULL,NULL,author,NULL,NULL,NULL,4,NULL,NULL,NULL,NULL,1375FilibDiTarrazi,OpenITI 2025.1.9
1375HusaynJamal,الكونتيسة دي سيجور,Husayn Jamal,NULL,NULL,NULL,NULL,1375,NULL,NULL,NULL,NULL,author,NULL,NULL,NULL,1,NULL,NULL,NULL,NULL,1375HusaynJamal,OpenITI 2025.1.9
1375MuhammadHusaynHaykal,محمد حسين هيكل,Muhammad Husayn Haykal,NULL,NULL,NULL,NULL,1375,NULL,NULL,NULL,NULL,author,NULL,NULL,NULL,13,NULL,NULL,NULL,NULL,1375MuhammadHusaynHaykal,OpenITI 2025.1.9
1375MuhammadMabrukNafic,محمد مبروك نافع,Muhammad Mabruk Nafic,NULL,NULL,NULL,NULL,1375,NULL,NULL,NULL,NULL,author,NULL,NULL,NULL,2,NULL,NULL,NULL,NULL,1375MuhammadMabrukNafic,OpenITI 2025.1.9
1375MuradFaraj,مراد فرج,Murad Faraj,NULL,NULL,NULL,NULL,1375,NULL,NULL,NULL,NULL,author,NULL,NULL,NULL,1,NULL,NULL,NULL,NULL,1375MuradFaraj,OpenITI 2025.1.9
1375MutarjimiDarFarabi,فريدريك إنجلز,Mutarjimi Dar Farabi,NULL,NULL,NULL,NULL,1375,NULL,NULL,NULL,NULL,author,NULL,NULL,NULL,1,NULL,NULL,NULL,NULL,1375MutarjimiDarFarabi,OpenITI 2025.1.9
1375RafaelBatti,رفائيل بطي,Rafael Batti,NULL,NULL,NULL,NULL,1375,NULL,NULL,NULL,NULL,author,NULL,NULL,NULL,1,NULL,NULL,NULL,NULL,1375RafaelBatti,OpenITI 2025.1.9
1375ZuhayrMirza,زهير ميرزا,Zuhayr Mirza,NULL,NULL,NULL,NULL,1375,NULL,NULL,NULL,NULL,author,NULL,NULL,NULL,1,NULL,NULL,NULL,NULL,1375ZuhayrMirza,OpenITI 2025.1.9
1376AhmadRidaHuhu,أحمد رضا حوحو,Ahmad Rida Huhu,NULL,NULL,NULL,NULL,1376,NULL,NULL,NULL,NULL,author,NULL,NULL,NULL,1,NULL,NULL,NULL,NULL,1376AhmadRidaHuhu,OpenITI 2025.1.9
1376CabdQadirMaghribi,عبد القادر المغربي,Cabd Qadir Maghribi,NULL,NULL,NULL,NULL,1376,NULL,NULL,NULL,NULL,author,NULL,NULL,NULL,1,NULL,NULL,NULL,NULL,1376CabdQadirMaghribi,OpenITI 2025.1.9
1376CabdRahmanSacdi,عبد الرحمن بن ناصر بن السعدي,Cabd Rahman Sacdi,NULL,NULL,NULL,NULL,1376,NULL,NULL,NULL,NULL,author,NULL,NULL,NULL,1,NULL,NULL,NULL,NULL,1376CabdRahmanSacdi,OpenITI 2025.1.9
1376IbrahimZaydan,إبراهيم زيدان,Ibrahim Zaydan,NULL,NULL,NULL,NULL,1376,NULL,NULL,NULL,NULL,author,NULL,NULL,NULL,6,NULL,NULL,NULL,NULL,1376IbrahimZaydan,OpenITI 2025.1.9
1376KamilShannawi,كامل الشناوي,Kamil Shannawi,NULL,NULL,NULL,NULL,1376,NULL,NULL,NULL,NULL,author,NULL,NULL,NULL,1,NULL,NULL,NULL,NULL,1376KamilShannawi,OpenITI 2025.1.9
1376MuhammadHajwiThacalibi,محمد بن الحسن بن العربي بن محمد الحجوي الثعالبي الجعفري الفاسي (المتوفى: 1376هـ),Muhammad Hajwi Thacalibi,NULL,NULL,NULL,NULL,1376,NULL,NULL,NULL,NULL,author,NULL,NULL,NULL,1,NULL,NULL,NULL,NULL,1376MuhammadHajwiThacalibi,OpenITI 2025.1.9
1376MustafaFarrukh,مصطفى فروخ,Mustafa Farrukh,NULL,NULL,NULL,NULL,1376,NULL,NULL,NULL,NULL,author,NULL,NULL,NULL,1,NULL,NULL,NULL,NULL,1376MustafaFarrukh,OpenITI 2025.1.9
1376ZakiMuhammadHasan,زكي محمد حسن,Zaki Muhammad Hasan,NULL,NULL,NULL,NULL,1376,NULL,NULL,NULL,NULL,author,NULL,NULL,NULL,9,NULL,NULL,NULL,NULL,1376ZakiMuhammadHasan,OpenITI 2025.1.9
1377AhmadMuhammadShakir,ابن كثير,Ahmad Muhammad Shakir,NULL,NULL,NULL,NULL,1377,NULL,NULL,NULL,NULL,author,NULL,NULL,NULL,2,NULL,NULL,NULL,NULL,1377AhmadMuhammadShakir,OpenITI 2025.1.9
1377CabdRahmanShukri,عبد الرحمن شكري,Cabd Rahman Shukri,NULL,NULL,NULL,NULL,1377,NULL,NULL,NULL,NULL,author,NULL,NULL,NULL,4,NULL,NULL,NULL,NULL,1377CabdRahmanShukri,OpenITI 2025.1.9
1377CadilZucaytar,إميل لودفيغ,Cadil Zucaytar,NULL,NULL,NULL,NULL,1377,NULL,NULL,NULL,NULL,author,NULL,NULL,NULL,15,NULL,NULL,NULL,NULL,1377CadilZucaytar,OpenITI 2025.1.9
1377CaliBalhawan,علي البلهوان,Cali Balhawan,NULL,NULL,NULL,NULL,1377,NULL,NULL,NULL,NULL,author,NULL,NULL,NULL,1,NULL,NULL,NULL,NULL,1377CaliBalhawan,OpenITI 2025.1.9
1377CaliZarifAczami,علي ظريف الأعظمي,Cali Zarif Aczami,NULL,NULL,NULL,NULL,1377,NULL,NULL,NULL,NULL,author,NULL,NULL,NULL,2,NULL,NULL,NULL,NULL,1377CaliZarifAczami,OpenITI 2025.1.9
1377MuhammadCabdAllahDarraz,محمد عبد الله دراز,Muhammad Cabd Allah Darraz,NULL,NULL,NULL,NULL,1377,NULL,NULL,NULL,NULL,author,NULL,NULL,NULL,2,NULL,NULL,NULL,NULL,1377MuhammadCabdAllahDarraz,OpenITI 2025.1.9
1377MuhammadKhidrHusayn,محمد الخضر حسين,Muhammad Khidr Husayn,NULL,NULL,NULL,NULL,1377,NULL,NULL,NULL,NULL,author,NULL,NULL,NULL,4,NULL,NULL,NULL,NULL,1377MuhammadKhidrHusayn,OpenITI 2025.1.9
1377NiqulaFayad,بول جيرالدي,Niqula Fayad,NULL,NULL,NULL,NULL,1377,NULL,NULL,NULL,NULL,author,NULL,NULL,NULL,5,NULL,NULL,NULL,NULL,1377NiqulaFayad,OpenITI 2025.1.9
1377SalamaMusa,سلامة موسى,Salama Musa,NULL,NULL,NULL,NULL,1377,NULL,NULL,NULL,NULL,author,NULL,NULL,NULL,27,NULL,NULL,NULL,NULL,1377SalamaMusa,OpenITI 2025.1.9
1377SharafDinCamili,السيد عبدالحسين شرف الدين الموسوي,Sharaf Din Camili,NULL,NULL,NULL,NULL,1377,NULL,NULL,NULL,NULL,author,NULL,NULL,NULL,3,NULL,NULL,NULL,NULL,1377SharafDinCamili,OpenITI 2025.1.9
1378CabbasHafiz,عباس حافظ,Cabbas Hafiz,NULL,NULL,NULL,NULL,1378,NULL,NULL,NULL,NULL,author,NULL,NULL,NULL,8,NULL,NULL,NULL,NULL,1378CabbasHafiz,OpenITI 2025.1.9
1378CabdWahhabCazzam,عبد الوهاب عزام,Cabd Wahhab Cazzam,NULL,NULL,NULL,NULL,1378,NULL,NULL,NULL,NULL,author,NULL,NULL,NULL,13,NULL,NULL,NULL,NULL,1378CabdWahhabCazzam,OpenITI 2025.1.9
1378CisaIskandarMacluf,عيسى إسكندر المعلوف,Cisa Iskandar Macluf,NULL,NULL,NULL,NULL,1378,NULL,NULL,NULL,NULL,author,NULL,NULL,NULL,3,NULL,NULL,NULL,NULL,1378CisaIskandarMacluf,OpenITI 2025.1.9
1378KhalilMardam,خليل مردم,Khalil Mardam,NULL,NULL,NULL,NULL,1378,NULL,NULL,NULL,NULL,author,NULL,NULL,NULL,2,NULL,NULL,NULL,NULL,1378KhalilMardam,OpenITI 2025.1.9
1378MansurFahmi,منصور فهمي,Mansur Fahmi,NULL,NULL,NULL,NULL,1378,NULL,NULL,NULL,NULL,author,NULL,NULL,NULL,1,NULL,NULL,NULL,NULL,1378MansurFahmi,OpenITI 2025.1.9
1378YusufKaram,يوسف كرم,Yusuf Karam,NULL,NULL,NULL,NULL,1378,NULL,NULL,NULL,NULL,author,NULL,NULL,NULL,6,NULL,NULL,NULL,NULL,1378YusufKaram,OpenITI 2025.1.9
1379BadicZamanNursi,بديع الزمان النورسي,Badic Zaman Nursi,NULL,NULL,NULL,NULL,1379,NULL,NULL,NULL,NULL,author,NULL,NULL,NULL,1,NULL,NULL,NULL,NULL,1379BadicZamanNursi,OpenITI 2025.1.9
1379CalaDinNaqshbandi,NULL,Cala Din Naqshbandi,NULL,NULL,NULL,NULL,1379,NULL,NULL,NULL,NULL,author,NULL,NULL,NULL,1,NULL,NULL,NULL,NULL,1379CalaDinNaqshbandi,OpenITI 2025.1.9
1379FarajJibran,فرج جبران,Faraj Jibran,NULL,NULL,NULL,NULL,1379,NULL,NULL,NULL,NULL,author,NULL,NULL,NULL,5,NULL,NULL,NULL,NULL,1379FarajJibran,OpenITI 2025.1.9
1379FarajJubran,مارك توين,Faraj Jubran,NULL,NULL,NULL,NULL,1379,NULL,NULL,NULL,NULL,author,NULL,NULL,NULL,1,NULL,NULL,NULL,NULL,1379FarajJubran,OpenITI 2025.1.9
1379KamilKilani,كامل كيلاني,Kamil Kilani,NULL,NULL,NULL,NULL,1379,NULL,NULL,NULL,NULL,author,NULL,NULL,NULL,4,NULL,NULL,NULL,NULL,1379KamilKilani,OpenITI 2025.1.9
1379KhalilMardamBak,خليل مردم بك,Khalil Mardam Bak,NULL,NULL,NULL,NULL,1379,NULL,NULL,NULL,NULL,author,NULL,NULL,NULL,1,NULL,NULL,NULL,NULL,1379KhalilMardamBak,OpenITI 2025.1.9
1379MuhammadAscadTalas,محمد أسعد طلس,Muhammad Ascad Talas,NULL,NULL,NULL,NULL,1379,NULL,NULL,NULL,NULL,author,NULL,NULL,NULL,12,NULL,NULL,NULL,NULL,1379MuhammadAscadTalas,OpenITI 2025.1.9
1379SacidTaqiDin,سعيد تقي الدين,Sacid Taqi Din,NULL,NULL,NULL,NULL,1379,NULL,NULL,NULL,NULL,author,NULL,NULL,NULL,6,NULL,NULL,NULL,NULL,1379SacidTaqiDin,OpenITI 2025.1.9
1380CabdSattarQarghuli,عبد الستار القرغولي,Cabd Sattar Qarghuli,NULL,NULL,NULL,NULL,1380,NULL,NULL,NULL,NULL,author,NULL,NULL,NULL,1,NULL,NULL,NULL,NULL,1380CabdSattarQarghuli,OpenITI 2025.1.9
1380CaliMahirBasha,علي ماهر,Cali Mahir Basha,NULL,NULL,NULL,NULL,1380,NULL,NULL,NULL,NULL,author,NULL,NULL,NULL,1,NULL,NULL,NULL,NULL,1380CaliMahirBasha,OpenITI 2025.1.9
1380KafiTunisi,محمد بن يوسف بن محمد بن سعد الحيدري التونسي الكافي المالكي (المتوفى: 1380هـ),Kafi Tunisi,NULL,NULL,NULL,NULL,1380,NULL,NULL,NULL,NULL,author,NULL,NULL,NULL,1,NULL,NULL,NULL,NULL,1380KafiTunisi,OpenITI 2025.1.9
1380MahmudKhafif,محمود الخفيف,Mahmud Khafif,NULL,NULL,NULL,NULL,1380,NULL,NULL,NULL,NULL,author,NULL,NULL,NULL,4,NULL,NULL,NULL,NULL,1380MahmudKhafif,OpenITI 2025.1.9
1380MuhammadAhmadHajari,محمّد بن أحمد الحجري اليماني,Muhammad Ahmad Hajari,NULL,NULL,NULL,NULL,1380,NULL,NULL,NULL,NULL,author,NULL,NULL,NULL,1,NULL,NULL,NULL,NULL,1380MuhammadAhmadHajari,OpenITI 2025.1.9
1380MuhammadKamilHusayn,محمد كامل حسين,Muhammad Kamil Husayn,NULL,NULL,NULL,NULL,1380,NULL,NULL,NULL,NULL,author,NULL,NULL,NULL,2,NULL,NULL,NULL,NULL,1380MuhammadKamilHusayn,OpenITI 2025.1.9
1380MuhammadMustafaSafwat,محمد مصطفى صفوت,Muhammad Mustafa Safwat,NULL,NULL,NULL,NULL,1380,NULL,NULL,NULL,NULL,author,NULL,NULL,NULL,3,NULL,NULL,NULL,NULL,1380MuhammadMustafaSafwat,OpenITI 2025.1.9
1380MuhammadShafiqGhurbal,محمد شفيق غربال,Muhammad Shafiq Ghurbal,NULL,NULL,NULL,NULL,1380,NULL,NULL,NULL,NULL,author,NULL,NULL,NULL,2,NULL,NULL,NULL,NULL,1380MuhammadShafiqGhurbal,OpenITI 2025.1.9
1380MuhammadZabara,NULL,Muhammad Zabara,NULL,NULL,NULL,NULL,1380,NULL,NULL,NULL,NULL,author,NULL,NULL,NULL,1,NULL,NULL,NULL,NULL,1380MuhammadZabara,OpenITI 2025.1.9
1380TahaHashimi,طه الهاشمي,Taha Hashimi,NULL,NULL,NULL,NULL,1380,NULL,NULL,NULL,NULL,author,NULL,NULL,NULL,2,NULL,NULL,NULL,NULL,1380TahaHashimi,OpenITI 2025.1.9
1381IbrahimMustafa,إبراهيم مصطفى,Ibrahim Mustafa,NULL,NULL,NULL,NULL,1381,NULL,NULL,NULL,NULL,author,NULL,NULL,NULL,1,NULL,NULL,NULL,NULL,1381IbrahimMustafa,OpenITI 2025.1.9
1381IsmacilMazhar,أندرو ديكسون وايت,Ismacil Mazhar,NULL,NULL,NULL,NULL,1381,NULL,NULL,NULL,NULL,author,NULL,NULL,NULL,13,NULL,NULL,NULL,NULL,1381IsmacilMazhar,OpenITI 2025.1.9
1381MarunCabbud,مارون عبود,Marun Cabbud,NULL,NULL,NULL,NULL,1381,NULL,NULL,NULL,NULL,author,NULL,NULL,NULL,28,NULL,NULL,NULL,NULL,1381MarunCabbud,OpenITI 2025.1.9
1381MuhammadHusaynMuzaffar,الشيخ محمّد حسين المظفّر,Muhammad Husayn Muzaffar,NULL,NULL,NULL,NULL,1381,NULL,NULL,NULL,NULL,author,NULL,NULL,NULL,1,NULL,NULL,NULL,NULL,1381MuhammadHusaynMuzaffar,OpenITI 2025.1.9
1381MuhammadSancani,محمد بن محمد بن يحيى بن زبارة الحسني اليمني الصنعاني,Muhammad Sancani,NULL,NULL,NULL,NULL,1381,NULL,NULL,NULL,NULL,author,NULL,NULL,NULL,1,NULL,NULL,NULL,NULL,1381MuhammadSancani,OpenITI 2025.1.9
1381MuhammadShafiqGhurbal,كارل بيكر,Muhammad Shafiq Ghurbal,NULL,NULL,NULL,NULL,1381,NULL,NULL,NULL,NULL,author,NULL,NULL,NULL,3,NULL,NULL,NULL,NULL,1381MuhammadShafiqGhurbal,OpenITI 2025.1.9
1381SalimHasan,سليم حسن,Salim Hasan,NULL,NULL,NULL,NULL,1381,NULL,NULL,NULL,NULL,author,NULL,NULL,NULL,3,NULL,NULL,NULL,NULL,1381SalimHasan,OpenITI 2025.1.9
1382AhmadLutfiSayyid,أرسطوطاليس,Ahmad Lutfi Sayyid,NULL,NULL,NULL,NULL,1382,NULL,NULL,NULL,NULL,author,NULL,NULL,NULL,3,NULL,NULL,NULL,NULL,1382AhmadLutfiSayyid,OpenITI 2025.1.9
1382CabdMasihHaddad,عبد المسيح حداد,Cabd Masih Haddad,NULL,NULL,NULL,NULL,1382,NULL,NULL,NULL,NULL,author,NULL,NULL,NULL,1,NULL,NULL,NULL,NULL,1382CabdMasihHaddad,OpenITI 2025.1.9
1382Kattani,عبد الحي بن عبد الكبير الكتاني,Kattani,NULL,NULL,NULL,NULL,1382,NULL,NULL,NULL,NULL,author,NULL,NULL,NULL,1,NULL,NULL,NULL,NULL,1382Kattani,OpenITI 2025.1.9
1382TahaCabdBaqiSurur,طه عبد الباقي سرور,Taha Cabd Baqi Surur,NULL,NULL,NULL,NULL,1382,NULL,NULL,NULL,NULL,author,NULL,NULL,NULL,4,NULL,NULL,NULL,NULL,1382TahaCabdBaqiSurur,OpenITI 2025.1.9
1382TawfiqHasanShartuni,توفيق حسن الشرتوني,Tawfiq Hasan Shartuni,NULL,NULL,NULL,NULL,1382,NULL,NULL,NULL,NULL,author,NULL,NULL,NULL,1,NULL,NULL,NULL,NULL,1382TawfiqHasanShartuni,OpenITI 2025.1.9
1382WasifBarudi,واصف البارودي,Wasif Barudi,NULL,NULL,NULL,NULL,1382,NULL,NULL,NULL,NULL,author,NULL,NULL,NULL,1,NULL,NULL,NULL,NULL,1382WasifBarudi,OpenITI 2025.1.9
1383BishrFaris,بشر فارس,Bishr Faris,NULL,NULL,NULL,NULL,1383,NULL,NULL,NULL,NULL,author,NULL,NULL,NULL,3,NULL,NULL,NULL,NULL,1383BishrFaris,OpenITI 2025.1.9
1383CabbasMahmudCaqqad,عباس محمود العقاد,Cabbas Mahmud Caqqad,NULL,NULL,NULL,NULL,1383,NULL,NULL,NULL,NULL,author,NULL,NULL,NULL,76,NULL,NULL,NULL,NULL,1383CabbasMahmudCaqqad,OpenITI 2025.1.9
1383KarimKhalilThabit,كريم خليل ثابت,Karim Khalil Thabit,NULL,NULL,NULL,NULL,1383,NULL,NULL,NULL,NULL,author,NULL,NULL,NULL,1,NULL,NULL,NULL,NULL,1383KarimKhalilThabit,OpenITI 2025.1.9
1383MuhammadSacidCaryan,محمد سعيد العريان,Muhammad Sacid Caryan,NULL,NULL,NULL,NULL,1383,NULL,NULL,NULL,NULL,author,NULL,NULL,NULL,7,NULL,NULL,NULL,NULL,1383MuhammadSacidCaryan,OpenITI 2025.1.9
1383MuhammadYusufMusa,محمد يوسف موسى,Muhammad Yusuf Musa,NULL,NULL,NULL,NULL,1383,NULL,NULL,NULL,NULL,author,NULL,NULL,NULL,6,NULL,NULL,NULL,NULL,1383MuhammadYusufMusa,OpenITI 2025.1.9
1384AhmadAhmadBadawi,أحمد أحمد بدوي,Ahmad Ahmad Badawi,NULL,NULL,NULL,NULL,1384,NULL,NULL,NULL,NULL,author,NULL,NULL,NULL,2,NULL,NULL,NULL,NULL,1384AhmadAhmadBadawi,OpenITI 2025.1.9
1384BadrShakirSayyab,بدر شاكر السياب,Badr Shakir Sayyab,NULL,NULL,NULL,NULL,1384,NULL,NULL,NULL,NULL,author,NULL,NULL,NULL,5,NULL,NULL,NULL,NULL,1384BadrShakirSayyab,OpenITI 2025.1.9
1384MahmudTahirHaqqi,محمود طاهر حقي,Mahmud Tahir Haqqi,NULL,NULL,NULL,NULL,1384,NULL,NULL,NULL,NULL,author,NULL,NULL,NULL,1,NULL,NULL,NULL,NULL,1384MahmudTahirHaqqi,OpenITI 2025.1.9
1384MuhammadMandur,محمد مندور,Muhammad Mandur,NULL,NULL,NULL,NULL,1384,NULL,NULL,NULL,NULL,author,NULL,NULL,NULL,6,NULL,NULL,NULL,NULL,1384MuhammadMandur,OpenITI 2025.1.9
1385AbuCalaCafifi,أبو العلا عفيفي,Abu Cala Cafifi,NULL,NULL,NULL,NULL,1385,NULL,NULL,NULL,NULL,author,NULL,NULL,NULL,2,NULL,NULL,NULL,NULL,1385AbuCalaCafifi,OpenITI 2025.1.9
1385AbuIshaqIbrahimAtfayyish,NULL,Abu Ishaq Ibrahim Atfayyish,NULL,NULL,NULL,NULL,1385,NULL,NULL,NULL,NULL,author,NULL,NULL,NULL,2,NULL,NULL,NULL,NULL,1385AbuIshaqIbrahimAtfayyish,OpenITI 2025.1.9
1385AminKhuli,أمين الخولي,Amin Khuli,NULL,NULL,NULL,NULL,1385,NULL,NULL,NULL,NULL,author,NULL,NULL,NULL,3,NULL,NULL,NULL,NULL,1385AminKhuli,OpenITI 2025.1.9
1385AntuniyusBashir,جبران خليل جبران,Antuniyus Bashir,NULL,NULL,NULL,NULL,1385,NULL,NULL,NULL,NULL,author,NULL,NULL,NULL,5,NULL,NULL,NULL,NULL,1385AntuniyusBashir,OpenITI 2025.1.9
1385AnwarMacdawi,أنور المعداوي,Anwar Macdawi,NULL,NULL,NULL,NULL,1385,NULL,NULL,NULL,NULL,author,NULL,NULL,NULL,1,NULL,NULL,NULL,NULL,1385AnwarMacdawi,OpenITI 2025.1.9
1385AsadRustam,أسد رستم,Asad Rustam,NULL,NULL,NULL,NULL,1385,NULL,NULL,NULL,NULL,author,NULL,NULL,NULL,4,NULL,NULL,NULL,NULL,1385AsadRustam,OpenITI 2025.1.9
1385DriniKhashaba,دريني خشبة,Drini Khashaba,NULL,NULL,NULL,NULL,1385,NULL,NULL,NULL,NULL,author,NULL,NULL,NULL,2,NULL,NULL,NULL,NULL,1385DriniKhashaba,OpenITI 2025.1.9
1386CabdRahmanRafici,عبد الرحمن الرافعي,Cabd Rahman Rafici,NULL,NULL,NULL,NULL,1386,NULL,NULL,NULL,NULL,author,NULL,NULL,NULL,4,NULL,NULL,NULL,NULL,1386CabdRahmanRafici,OpenITI 2025.1.9
1386FakhriBarudi,فخري البارودي,Fakhri Barudi,NULL,NULL,NULL,NULL,1386,NULL,NULL,NULL,NULL,author,NULL,NULL,NULL,1,NULL,NULL,NULL,NULL,1386FakhriBarudi,OpenITI 2025.1.9
1386KaramBustani,كرم البستاني,Karam Bustani,NULL,NULL,NULL,NULL,1386,NULL,NULL,NULL,NULL,author,NULL,NULL,NULL,1,NULL,NULL,NULL,NULL,1386KaramBustani,OpenITI 2025.1.9
1386SayyidQutb,سيد قطب,Sayyid Qutb,NULL,NULL,Sayyid Quṭb,NULL,1386,NULL,NULL,NULL,NULL,author,NULL,NULL,NULL,1,NULL,NULL,NULL,NULL,1386SayyidQutb,OpenITI 2025.1.9
1386TahirTanahi,طاهر الطناحي,Tahir Tanahi,NULL,NULL,NULL,NULL,1386,NULL,NULL,NULL,NULL,author,NULL,NULL,NULL,2,NULL,NULL,NULL,NULL,1386TahirTanahi,OpenITI 2025.1.9
1387JamalDinShayyal,جمال الدين الشيال,Jamal Din Shayyal,NULL,NULL,NULL,NULL,1387,NULL,NULL,NULL,NULL,author,NULL,NULL,NULL,6,NULL,NULL,NULL,NULL,1387JamalDinShayyal,OpenITI 2025.1.9
1387MuhammadFaridAbuHadid,محمد فريد أبو حديد,Muhammad Farid Abu Hadid,NULL,NULL,NULL,NULL,1387,NULL,NULL,NULL,NULL,author,NULL,NULL,NULL,9,NULL,NULL,NULL,NULL,1387MuhammadFaridAbuHadid,OpenITI 2025.1.9
1387MuhammadFuadCabdBaqi,NULL,Muhammad Fuad Cabd Baqi,NULL,NULL,NULL,NULL,1387,NULL,NULL,NULL,NULL,author,NULL,NULL,NULL,1,NULL,NULL,NULL,NULL,1387MuhammadFuadCabdBaqi,OpenITI 2025.1.9
1387MuhammadIbnSalimRuqayshi,محمد بن سالم بن زاهر بن بدوي بن جمعه بن أحمد بن جمعه الرقيشي,Muhammad Ibn Salim Ruqayshi,NULL,NULL,NULL,NULL,1387,NULL,NULL,NULL,NULL,author,NULL,NULL,NULL,1,NULL,NULL,NULL,NULL,1387MuhammadIbnSalimRuqayshi,OpenITI 2025.1.9
1387Shayyal,NULL,Shayyal,NULL,NULL,NULL,NULL,1387,NULL,NULL,NULL,NULL,author,NULL,NULL,NULL,1,NULL,NULL,NULL,NULL,1387Shayyal,OpenITI 2025.1.9
1388RahiMucayyiri,محمد حسن رهي معيري,Rahi Mucayyiri,NULL,NULL,Muḥammad Ḥasan Rahī Muʿayyirī,NULL,1388,NULL,NULL,NULL,NULL,author,NULL,NULL,NULL,1,NULL,NULL,NULL,NULL,1388RahiMucayyiri,OpenITI 2025.1.9
1388SaticHusri,ساطع الحصري,Satic Husri,NULL,NULL,NULL,NULL,1388,NULL,NULL,NULL,NULL,author,NULL,NULL,NULL,1,NULL,NULL,NULL,NULL,1388SaticHusri,OpenITI 2025.1.9
1389AghaBuzurgTihrani,آقا بزرگ تهراني,Agha Buzurg Tihrani,NULL,NULL,Āqā Buzurg Tihrānī,NULL,1389,NULL,NULL,NULL,NULL,author,NULL,NULL,NULL,5,NULL,NULL,NULL,NULL,1389AghaBuzurgTihrani,OpenITI 2025.1.9
1389CisamDinHifniNasif,عصام الدين حفني ناصف,Cisam Din Hifni Nasif,NULL,NULL,NULL,NULL,1389,NULL,NULL,NULL,NULL,author,NULL,NULL,NULL,1,NULL,NULL,NULL,NULL,1389CisamDinHifniNasif,OpenITI 2025.1.9
1389GregoriusPaulusBehnam,غريغوريوس بولس بهنام,Gregorius Paulus Behnam,NULL,NULL,Ġrīġūriyūs Būlus Bihnām,NULL,1389,NULL,NULL,NULL,NULL,author,NULL,NULL,NULL,1,NULL,NULL,NULL,NULL,1389GregoriusPaulusBehnam,OpenITI 2025.1.9
1389MuhammadAlShaykh,محمد بن إبراهيم بن عبد اللطيف آل الشيخ (المتوفى: 1389هـ),Muhammad Al Shaykh,NULL,NULL,NULL,NULL,1389,NULL,NULL,NULL,NULL,author,NULL,NULL,NULL,1,NULL,NULL,NULL,NULL,1389MuhammadAlShaykh,OpenITI 2025.1.9
1390AhmadFuadAhwani,أحمد فؤاد الأهواني,Ahmad Fuad Ahwani,NULL,NULL,NULL,NULL,1390,NULL,NULL,NULL,NULL,author,NULL,NULL,NULL,2,NULL,NULL,NULL,NULL,1390AhmadFuadAhwani,OpenITI 2025.1.9
1390AhmadIbnQasimCanasi,القاضي أحمد بن قاسم العنسي,Ahmad Ibn Qasim Canasi,NULL,NULL,NULL,NULL,1390,NULL,NULL,NULL,NULL,author,NULL,NULL,NULL,1,NULL,NULL,NULL,NULL,1390AhmadIbnQasimCanasi,OpenITI 2025.1.9
1390CabdHusaynAmini,NULL,Cabd Husayn Amini,NULL,NULL,NULL,NULL,1390,NULL,NULL,NULL,NULL,author,NULL,NULL,NULL,2,NULL,NULL,NULL,NULL,1390CabdHusaynAmini,OpenITI 2025.1.9
1390HamadSulaymi,NULL,Hamad Sulaymi,NULL,NULL,NULL,NULL,1390,NULL,NULL,NULL,NULL,author,NULL,NULL,NULL,2,NULL,NULL,NULL,NULL,1390HamadSulaymi,OpenITI 2025.1.9
1390MahmudAbuRayya,محمود أبوريه,Mahmud Abu Rayya,NULL,NULL,NULL,NULL,1390,NULL,NULL,NULL,NULL,author,NULL,NULL,NULL,1,NULL,NULL,NULL,NULL,1390MahmudAbuRayya,OpenITI 2025.1.9
1390MuhsinTabatabai,السيد محسن الطباطبائي الحكيم,Muhsin Tabatabai,NULL,NULL,NULL,NULL,1390,NULL,NULL,NULL,NULL,author,NULL,NULL,NULL,1,NULL,NULL,NULL,NULL,1390MuhsinTabatabai,OpenITI 2025.1.9
1391CabdRazzaqMuqarrim,السيد عبد الرزاق الموسوي المقرّم,Cabd Razzaq Muqarrim,NULL,NULL,NULL,NULL,1391,NULL,NULL,NULL,NULL,author,NULL,NULL,NULL,2,NULL,NULL,NULL,NULL,1391CabdRazzaqMuqarrim,OpenITI 2025.1.9
1391IbrahimKinaci,NULL,Ibrahim Kinaci,NULL,NULL,NULL,NULL,1391,NULL,NULL,NULL,NULL,author,NULL,NULL,NULL,1,NULL,NULL,NULL,NULL,1391IbrahimKinaci,OpenITI 2025.1.9
1392CazraHaddad,عزرا حداد,Cazra Haddad,NULL,NULL,ʿAzrā Ḥaddād,NULL,1392,NULL,NULL,NULL,NULL,author,NULL,NULL,NULL,1,NULL,NULL,NULL,NULL,1392CazraHaddad,OpenITI 2025.1.9
1392KhalfanSiyabi,خلفان بن جميل السيابي,Khalfan Siyabi,NULL,NULL,NULL,NULL,1392,NULL,NULL,NULL,NULL,author,NULL,NULL,NULL,2,NULL,NULL,NULL,NULL,1392KhalfanSiyabi,OpenITI 2025.1.9
1392MuhammadFuadShukri,محمد فؤاد شكري,Muhammad Fuad Shukri,NULL,NULL,NULL,NULL,1392,NULL,NULL,NULL,NULL,author,NULL,NULL,NULL,3,NULL,NULL,NULL,NULL,1392MuhammadFuadShukri,OpenITI 2025.1.9
1392TahaHusayn,طه حسين,Taha Husayn,NULL,NULL,NULL,NULL,1392,NULL,NULL,NULL,NULL,author,NULL,NULL,NULL,36,NULL,NULL,NULL,NULL,1392TahaHusayn,OpenITI 2025.1.9
1393IbrahimAbuYaqzan,NULL,Ibrahim Abu Yaqzan,NULL,NULL,NULL,NULL,1393,NULL,NULL,NULL,NULL,author,NULL,NULL,NULL,3,NULL,NULL,NULL,NULL,1393IbrahimAbuYaqzan,OpenITI 2025.1.9
1393MuhammadAminShanqiti,الشنقيطي,Muhammad Amin Shanqiti,NULL,NULL,NULL,NULL,1393,NULL,NULL,NULL,NULL,author,NULL,NULL,NULL,1,NULL,NULL,NULL,NULL,1393MuhammadAminShanqiti,OpenITI 2025.1.9
1393MuhammadTahirIbnCashurTunisi,ابن عاشور,Muhammad Tahir Ibn Cashur Tunisi,NULL,NULL,NULL,NULL,1393,NULL,NULL,NULL,NULL,author,NULL,NULL,NULL,3,NULL,NULL,NULL,NULL,1393MuhammadTahirIbnCashurTunisi,OpenITI 2025.1.9
1394MuhammadAbuZahra,محمد أبو زهرة,Muhammad Abu Zahra,NULL,NULL,NULL,NULL,1394,NULL,NULL,NULL,NULL,author,NULL,NULL,NULL,1,NULL,NULL,NULL,NULL,1394MuhammadAbuZahra,OpenITI 2025.1.9
1395IbrahimCabri,إبراهيم بن سعيد بن محسن العبري,Ibrahim Cabri,NULL,NULL,NULL,NULL,1395,NULL,NULL,NULL,NULL,author,NULL,NULL,NULL,2,NULL,NULL,NULL,NULL,1395IbrahimCabri,OpenITI 2025.1.9
1396CaliHashimiKhatib,علي بن الحسين الهاشمي,Cali Hashimi Khatib,NULL,NULL,NULL,NULL,1396,NULL,NULL,NULL,NULL,author,NULL,NULL,NULL,2,NULL,NULL,NULL,NULL,1396CaliHashimiKhatib,OpenITI 2025.1.9
1396KhayrDinZirikli,الزركلي,Khayr Din Zirikli,NULL,NULL,al-Ziriklī,NULL,1396,NULL,NULL,NULL,NULL,author,NULL,NULL,NULL,1,NULL,NULL,NULL,NULL,1396KhayrDinZirikli,OpenITI 2025.1.9
1396MuhammadBahjaBaytar,محمد بهجة البيطار,Muhammad Bahja Baytar,NULL,NULL,NULL,NULL,1396,NULL,NULL,NULL,NULL,author,NULL,NULL,NULL,1,NULL,NULL,NULL,NULL,1396MuhammadBahjaBaytar,OpenITI 2025.1.9
1396RaifKhuri,رئيف خوري,Raif Khuri,NULL,NULL,NULL,NULL,1396,NULL,NULL,NULL,NULL,author,NULL,NULL,NULL,2,NULL,NULL,NULL,NULL,1396RaifKhuri,OpenITI 2025.1.9
1396SalihJawdat,ألكسندر ديماس,Salih Jawdat,NULL,NULL,NULL,NULL,1396,NULL,NULL,NULL,NULL,author,NULL,NULL,NULL,3,NULL,NULL,NULL,NULL,1396SalihJawdat,OpenITI 2025.1.9
1400CumarDasuqi,عمر الدسوقي,Cumar Dasuqi,NULL,NULL,NULL,NULL,1400,NULL,NULL,NULL,NULL,author,NULL,NULL,NULL,1,NULL,NULL,NULL,NULL,1400CumarDasuqi,OpenITI 2025.1.9
1400IbnSuda,NULL,Ibn Suda,NULL,NULL,NULL,NULL,1400,NULL,NULL,NULL,NULL,author,NULL,NULL,NULL,1,NULL,NULL,NULL,NULL,1400IbnSuda,OpenITI 2025.1.9
1400JamilKhanki,جميل خانكي,Jamil Khanki,NULL,NULL,NULL,NULL,1400,NULL,NULL,NULL,NULL,author,NULL,NULL,NULL,1,NULL,NULL,NULL,NULL,1400JamilKhanki,OpenITI 2025.1.9
1400MuhammadBaqirSadr,NULL,Muhammad Baqir Sadr,NULL,NULL,NULL,NULL,1400,NULL,NULL,NULL,NULL,author,NULL,NULL,NULL,3,NULL,NULL,NULL,NULL,1400MuhammadBaqirSadr,OpenITI 2025.1.9
1400MuhammadIbrahimSalim,محمد ابراهيم سليم,Muhammad Ibrahim Salim,NULL,NULL,Muḥammad Ibrāhīm Salīm,NULL,1400,NULL,NULL,NULL,NULL,author,NULL,NULL,NULL,1,NULL,NULL,NULL,NULL,1400MuhammadIbrahimSalim,OpenITI 2025.1.9
1400MuhammadNadim,NULL,Muhammad Nadim,NULL,NULL,NULL,NULL,1400,NULL,NULL,NULL,NULL,author,NULL,NULL,NULL,1,NULL,NULL,NULL,NULL,1400MuhammadNadim,OpenITI 2025.1.9
1400MuhammadRifcat,محمد شفيق غربال,Muhammad Rifcat,NULL,NULL,NULL,NULL,1400,NULL,NULL,NULL,NULL,author,NULL,NULL,NULL,1,NULL,NULL,NULL,NULL,1400MuhammadRifcat,OpenITI 2025.1.9
1400TawfiqSacidRafici,توفيق سعيد الرافعي,Tawfiq Sacid Rafici,NULL,NULL,NULL,NULL,1400,NULL,NULL,NULL,NULL,author,NULL,NULL,NULL,2,NULL,NULL,NULL,NULL,1400TawfiqSacidRafici,OpenITI 2025.1.9
1402SayyidTabatabai,سيد طباطبائي، علامة طباطبائي,Sayyid Tabatabai,NULL,NULL,"Sayyid Ṭabāṭabāʾī, ʿAllāmaŧ Ṭabāṭabāʾī",NULL,1402,NULL,NULL,NULL,NULL,author,NULL,NULL,NULL,2,NULL,NULL,NULL,NULL,1402SayyidTabatabai,OpenITI 2025.1.9
1403HashimMacrufHasani,هاشم معروف الحسني,Hashim Macruf Hasani,NULL,NULL,NULL,NULL,1403,NULL,NULL,NULL,NULL,author,NULL,NULL,NULL,3,NULL,NULL,NULL,NULL,1403HashimMacrufHasani,OpenITI 2025.1.9
1404AhmadSibaci,الدكتور مصطفى السّباعي,Ahmad Sibaci,NULL,NULL,NULL,NULL,1404,NULL,NULL,NULL,NULL,author,NULL,NULL,NULL,2,NULL,NULL,NULL,NULL,1404AhmadSibaci,OpenITI 2025.1.9
1404IbrahimQattan,إبراهيم القطان,Ibrahim Qattan,NULL,NULL,NULL,NULL,1404,NULL,NULL,NULL,NULL,author,NULL,NULL,NULL,1,NULL,NULL,NULL,NULL,1404IbrahimQattan,OpenITI 2025.1.9
1405CabdRahmanAlShaykh,عبد الرحمن بن عبد اللطيف بن عبد الله بن عبد اللطيف بن عبد الرحمن بن حسن بن محمد بن عبد الوهاب,Cabd Rahman Al Shaykh,NULL,NULL,NULL,NULL,1405,NULL,NULL,NULL,NULL,author,NULL,NULL,NULL,1,NULL,NULL,NULL,NULL,1405CabdRahmanAlShaykh,OpenITI 2025.1.9
1405CaliShahrudi,الشيخ علي النمازي الشاهرودي,Cali Shahrudi,NULL,NULL,NULL,NULL,1405,NULL,NULL,NULL,NULL,author,NULL,NULL,NULL,2,NULL,NULL,NULL,NULL,1405CaliShahrudi,OpenITI 2025.1.9
1406SubhiMahmasani,صبحي محمصاني,Subhi Mahmasani,NULL,NULL,NULL,NULL,1406,NULL,NULL,NULL,NULL,author,NULL,NULL,NULL,1,NULL,NULL,NULL,NULL,1406SubhiMahmasani,OpenITI 2025.1.9
1407CaliIbnMuhammadCujri,علي بن محمد بن يحيى العجري,Cali Ibn Muhammad Cujri,NULL,NULL,NULL,NULL,1407,NULL,NULL,NULL,NULL,author,NULL,NULL,NULL,2,NULL,NULL,NULL,NULL,1407CaliIbnMuhammadCujri,OpenITI 2025.1.9
1407Khalili,خليل الله كهليلي,Khalili,NULL,NULL,Ḫalīl Allāh Khalīlī,NULL,1407,NULL,NULL,NULL,NULL,author,NULL,NULL,NULL,1,NULL,NULL,NULL,NULL,1407Khalili,OpenITI 2025.1.9
1407MuhammadCaliMudarrisAfghani,الشيخ محمّد علي المدرّس الأفغاني,Muhammad Cali Mudarris Afghani,NULL,NULL,NULL,NULL,1407,NULL,NULL,NULL,NULL,author,NULL,NULL,NULL,1,NULL,NULL,NULL,NULL,1407MuhammadCaliMudarrisAfghani,OpenITI 2025.1.9
1408CabdSalamHarun,عبد السلام هارون,Cabd Salam Harun,NULL,NULL,NULL,NULL,1408,NULL,NULL,NULL,NULL,author,NULL,NULL,NULL,1,NULL,NULL,NULL,NULL,1408CabdSalamHarun,OpenITI 2025.1.9
1408CumarKahhala,NA,Cumar Kahhala,NULL,NULL,NULL,NULL,1408,NULL,NULL,NULL,NULL,author,NULL,NULL,NULL,2,NULL,NULL,NULL,NULL,1408CumarKahhala,OpenITI 2025.1.9
1408JawadCali,جواد علي,Jawad Cali,NULL,NULL,NULL,NULL,1408,NULL,NULL,NULL,NULL,author,NULL,NULL,NULL,1,NULL,NULL,NULL,NULL,1408JawadCali,OpenITI 2025.1.9
1409CabdAllahKannun,عبد الله كنون الحسني (المتوفى: 1409 هـ),Cabd Allah Kannun,NULL,NULL,NULL,NULL,1409,NULL,NULL,NULL,NULL,author,NULL,NULL,NULL,1,NULL,NULL,NULL,NULL,1409CabdAllahKannun,OpenITI 2025.1.9
1409IbnSayyidCajamiMisri,عبد الفتاح بن السيد عجمي بن السيد العسس المرصفي المصري الشافعي (المتوفى: 1409هـ),Ibn Sayyid Cajami Misri,NULL,NULL,NULL,NULL,1409,NULL,NULL,NULL,NULL,author,NULL,NULL,NULL,1,NULL,NULL,NULL,NULL,1409IbnSayyidCajamiMisri,OpenITI 2025.1.9
1409MuhammadHusaynShahriyar,محمد حسين شهريار,Muhammad Husayn Shahriyar,NULL,NULL,Muḥammad Ḥusayn Šahriyār,NULL,1409,NULL,NULL,NULL,NULL,author,NULL,NULL,NULL,1,NULL,NULL,NULL,NULL,1409MuhammadHusaynShahriyar,OpenITI 2025.1.9
1409RuhAllahKhumayni,الخميني,Ruh Allah Khumayni,NULL,NULL,NULL,NULL,1409,NULL,NULL,NULL,NULL,author,NULL,NULL,NULL,4,NULL,NULL,NULL,NULL,1409RuhAllahKhumayni,OpenITI 2025.1.9
1411HasanCaliQabanji,الإمام زين العابدين (ع),Hasan Cali Qabanji,NULL,NULL,NULL,NULL,1411,NULL,NULL,NULL,NULL,author,NULL,NULL,NULL,1,NULL,NULL,NULL,NULL,1411HasanCaliQabanji,OpenITI 2025.1.9
1411MuhammadTahirBarnaji,الطبري، أبو جعفر,Muhammad Tahir Barnaji,NULL,NULL,NULL,NULL,1411,NULL,NULL,NULL,NULL,author,NULL,NULL,NULL,1,NULL,NULL,NULL,NULL,1411MuhammadTahirBarnaji,OpenITI 2025.1.9
1411SayyidMarcashi,السيد المرعشي,Sayyid Marcashi,NULL,NULL,NULL,NULL,1411,NULL,NULL,NULL,NULL,author,NULL,NULL,NULL,1,NULL,NULL,NULL,NULL,1411SayyidMarcashi,OpenITI 2025.1.9
1412YusufIdris,يوسف إدريس,Yusuf Idris,NULL,NULL,NULL,NULL,1412,NULL,NULL,NULL,NULL,author,NULL,NULL,NULL,30,NULL,NULL,NULL,NULL,1412YusufIdris,OpenITI 2025.1.9
1413KurkisCawwad,جان بابتيست تافرنييه,Kurkis Cawwad,NULL,NULL,NULL,NULL,1413,NULL,NULL,NULL,NULL,author,NULL,NULL,NULL,1,NULL,NULL,NULL,NULL,1413KurkisCawwad,OpenITI 2025.1.9
1413MuhammadHasanZayyat,محمد حسن الزيات,Muhammad Hasan Zayyat,NULL,NULL,NULL,NULL,1413,NULL,NULL,NULL,NULL,author,NULL,NULL,NULL,1,NULL,NULL,NULL,NULL,1413MuhammadHasanZayyat,OpenITI 2025.1.9
1413TajDinKhui,السيد الخوئي,Taj Din Khui,NULL,NULL,NULL,NULL,1413,NULL,NULL,NULL,NULL,author,NULL,NULL,NULL,3,NULL,NULL,NULL,NULL,1413TajDinKhui,OpenITI 2025.1.9
1414GeorgeShahataQanawati,جورج شحاتة قنواتي,George Shahata Qanawati,NULL,NULL,NULL,NULL,1414,NULL,NULL,NULL,NULL,author,NULL,NULL,NULL,1,NULL,NULL,NULL,NULL,1414GeorgeShahataQanawati,OpenITI 2025.1.9
1414MuhammadRidaGulpayagani,السيد الگلپايگاني,Muhammad Rida Gulpayagani,NULL,NULL,NULL,NULL,1414,NULL,NULL,NULL,NULL,author,NULL,NULL,NULL,3,NULL,NULL,NULL,NULL,1414MuhammadRidaGulpayagani,OpenITI 2025.1.9
1414SalimIbadi,سالم بن حمود بن شامس بن خميس السيابي الإباضي (المتوفى: 1414هـ),Salim Ibadi,NULL,NULL,NULL,NULL,1414,NULL,NULL,NULL,NULL,author,NULL,NULL,NULL,1,NULL,NULL,NULL,NULL,1414SalimIbadi,OpenITI 2025.1.9
1414ZakiNajibMahmud,زكي نجيب محمود,Zaki Najib Mahmud,NULL,NULL,NULL,NULL,1414,NULL,NULL,NULL,NULL,author,NULL,NULL,NULL,39,NULL,NULL,NULL,NULL,1414ZakiNajibMahmud,OpenITI 2025.1.9
1415CabdRazzaqCafifi,عبد الرزاق عفيفي,Cabd Razzaq Cafifi,NULL,NULL,NULL,NULL,1415,NULL,NULL,NULL,NULL,author,NULL,NULL,NULL,1,NULL,NULL,NULL,NULL,1415CabdRazzaqCafifi,OpenITI 2025.1.9
1415MuhammadCaliAraki,آية الله الشيخ محمد علي الأراكي,Muhammad Cali Araki,NULL,NULL,NULL,NULL,1415,NULL,NULL,NULL,NULL,author,NULL,NULL,NULL,1,NULL,NULL,NULL,NULL,1415MuhammadCaliAraki,OpenITI 2025.1.9
1416CabbudShaliji,عبود الشالجي,Cabbud Shaliji,NULL,NULL,ʿAbbūd al-Šāliǧī,NULL,1416,NULL,NULL,NULL,NULL,author,NULL,NULL,NULL,1,NULL,NULL,NULL,NULL,1416CabbudShaliji,OpenITI 2025.1.9
1416HasanSafiIsfahani,آية الله الشيخ حسن الصافي الإصفهاني,Hasan Safi Isfahani,NULL,NULL,NULL,NULL,1416,NULL,NULL,NULL,NULL,author,NULL,NULL,NULL,1,NULL,NULL,NULL,NULL,1416HasanSafiIsfahani,OpenITI 2025.1.9
1416MuhammadGhazali,أبو حامد محمد بن محمد الغزالي الطوسي,Muhammad Ghazali,NULL,NULL,NULL,NULL,1416,NULL,NULL,NULL,NULL,author,NULL,NULL,NULL,2,NULL,NULL,NULL,NULL,1416MuhammadGhazali,OpenITI 2025.1.9
1417CabdFattahAbuGhudda,عبد الفتاح أبو غدة,Cabd Fattah Abu Ghudda,NULL,NULL,NULL,NULL,1417,NULL,NULL,NULL,NULL,author,NULL,NULL,NULL,1,NULL,NULL,NULL,NULL,1417CabdFattahAbuGhudda,OpenITI 2025.1.9
1417SacidAfghani,سعيد الأفغاني,Sacid Afghani,NULL,NULL,NULL,NULL,1417,NULL,NULL,NULL,NULL,author,NULL,NULL,NULL,1,NULL,NULL,NULL,NULL,1417SacidAfghani,OpenITI 2025.1.9
1418AminSalama,فيرجيل,Amin Salama,NULL,NULL,NULL,NULL,1418,NULL,NULL,NULL,NULL,author,NULL,NULL,NULL,16,NULL,NULL,NULL,NULL,1418AminSalama,OpenITI 2025.1.9
1418MuhammadMutawalliShacrawi,NULL,Muhammad Mutawalli Shacrawi,NULL,NULL,NULL,NULL,1418,NULL,NULL,NULL,NULL,author,NULL,NULL,NULL,1,NULL,NULL,NULL,NULL,1418MuhammadMutawalliShacrawi,OpenITI 2025.1.9
1418MuhammadRuhani,السيد محمد الروحاني,Muhammad Ruhani,NULL,NULL,NULL,NULL,1418,NULL,NULL,NULL,NULL,author,NULL,NULL,NULL,3,NULL,NULL,NULL,NULL,1418MuhammadRuhani,OpenITI 2025.1.9
1418SalihAhmadArkani,صالح أحمد بن إدريس بن محمد بن محمد إدريس بن عبد الرحمن الأركاني ثم المكي (المتوفى: 1418هـ),Salih Ahmad Arkani,NULL,NULL,NULL,NULL,1418,NULL,NULL,NULL,NULL,author,NULL,NULL,NULL,1,NULL,NULL,NULL,NULL,1418SalihAhmadArkani,OpenITI 2025.1.9
1419MahmudTanahi,محمود محمد الطناحي,Mahmud Tanahi,NULL,NULL,NULL,NULL,1419,NULL,NULL,NULL,NULL,author,NULL,NULL,NULL,2,NULL,NULL,NULL,NULL,1419MahmudTanahi,OpenITI 2025.1.9
1420AbuHasanNadwi,علي أبو الحسن بن عبد الحي بن فخر الدين الندوي (المتوفى: 1420هـ),Abu Hasan Nadwi,NULL,NULL,NULL,NULL,1420,NULL,NULL,NULL,NULL,author,NULL,NULL,NULL,2,NULL,NULL,NULL,NULL,1420AbuHasanNadwi,OpenITI 2025.1.9
1420CabdAllahBaraduni,NULL,Cabd Allah Baraduni,NULL,NULL,NULL,NULL,1420,NULL,NULL,NULL,NULL,author,NULL,NULL,NULL,1,NULL,NULL,NULL,NULL,1420CabdAllahBaraduni,OpenITI 2025.1.9
1420CaliTantawi,علي بن مصطفى الطنطاوي,Cali Tantawi,NULL,NULL,NULL,NULL,1420,NULL,NULL,NULL,NULL,author,NULL,NULL,NULL,8,NULL,NULL,NULL,NULL,1420CaliTantawi,OpenITI 2025.1.9
1420IbnBaz,عبد العزيز بن عبد الله بن باز (المتوفى: 1420هـ),Ibn Baz,NULL,NULL,NULL,NULL,1420,NULL,NULL,NULL,NULL,author,NULL,NULL,NULL,2,NULL,NULL,NULL,NULL,1420IbnBaz,OpenITI 2025.1.9
1420JawadShubbar,جواد شبّر,Jawad Shubbar,NULL,NULL,NULL,NULL,1420,NULL,NULL,NULL,NULL,author,NULL,NULL,NULL,1,NULL,NULL,NULL,NULL,1420JawadShubbar,OpenITI 2025.1.9
1420MuhammadNasirDinAlbani,محمد بن إسماعيل بن إبراهيم بن المغيرة البخاري، أبو عبد الله (المتوفى: 256هـ),Muhammad Nasir Din Albani,NULL,NULL,NULL,NULL,1420,NULL,NULL,NULL,NULL,author,NULL,NULL,NULL,3,NULL,NULL,NULL,NULL,1420MuhammadNasirDinAlbani,OpenITI 2025.1.9
1420MustafaAhmadZarqa,مصطفى أحمد الزرقا,Mustafa Ahmad Zarqa,NULL,NULL,NULL,NULL,1420,NULL,NULL,NULL,NULL,author,NULL,NULL,NULL,1,NULL,NULL,NULL,NULL,1420MustafaAhmadZarqa,OpenITI 2025.1.9
1420ShukriCayyad,Aristotle,Shukri Cayyad,NULL,NULL,NULL,NULL,1420,NULL,NULL,NULL,NULL,author,NULL,NULL,NULL,1,NULL,NULL,NULL,NULL,1420ShukriCayyad,OpenITI 2025.1.9
1421HamdJasir,حمد بن محمد الجاسر (المتوفى: 1421هـ),Hamd Jasir,NULL,NULL,NULL,NULL,1421,NULL,NULL,NULL,NULL,author,NULL,NULL,NULL,1,NULL,NULL,NULL,NULL,1421HamdJasir,OpenITI 2025.1.9
1421MuhammadCuthaymin,محمد بن صالح بن محمد العثيمين (المتوفى: 1421هـ),Muhammad Cuthaymin,NULL,NULL,NULL,NULL,1421,NULL,NULL,NULL,NULL,author,NULL,NULL,NULL,3,NULL,NULL,NULL,NULL,1421MuhammadCuthaymin,OpenITI 2025.1.9
1421MuhammadHadiAmini,محمد هادي الأميني,Muhammad Hadi Amini,NULL,NULL,NULL,NULL,1421,NULL,NULL,NULL,NULL,author,NULL,NULL,NULL,1,NULL,NULL,NULL,NULL,1421MuhammadHadiAmini,OpenITI 2025.1.9
1422CabdCazizSalman,الواحدي,Cabd Caziz Salman,NULL,NULL,NULL,NULL,1422,NULL,NULL,NULL,NULL,author,NULL,NULL,NULL,2,NULL,NULL,NULL,NULL,1422CabdCazizSalman,OpenITI 2025.1.9
1422MuhammadSalimMuhaysin,محمد محمد محمد سالم محيسن (المتوفى: 1422هـ),Muhammad Salim Muhaysin,NULL,NULL,NULL,NULL,1422,NULL,NULL,NULL,NULL,author,NULL,NULL,NULL,1,NULL,NULL,NULL,NULL,1422MuhammadSalimMuhaysin,OpenITI 2025.1.9
1422MuqbilWadici,مقبل بن هادي بن مقبل بن قائدة الهمداني الوادعي (المتوفى: 1422هـ),Muqbil Wadici,NULL,NULL,NULL,NULL,1422,NULL,NULL,NULL,NULL,author,NULL,NULL,NULL,2,NULL,NULL,NULL,NULL,1422MuqbilWadici,OpenITI 2025.1.9
1423CabbasAhmadSaqr,الحافظ جلال الدين عبد الرحمن السيوطي,Cabbas Ahmad Saqr,NULL,NULL,NULL,NULL,1423,NULL,NULL,NULL,NULL,author,NULL,NULL,NULL,1,NULL,NULL,NULL,NULL,1423CabbasAhmadSaqr,OpenITI 2025.1.9
1423CabdAllahAlBassam,عبد الله بن عبد الرحمن بن صالح آل بسام,Cabd Allah Al Bassam,NULL,NULL,NULL,NULL,1423,NULL,NULL,NULL,NULL,author,NULL,NULL,NULL,1,NULL,NULL,NULL,NULL,1423CabdAllahAlBassam,OpenITI 2025.1.9
1423ShawqiCabdHakim,شوقي عبد الحكيم,Shawqi Cabd Hakim,NULL,NULL,NULL,NULL,1423,NULL,NULL,NULL,NULL,author,NULL,NULL,NULL,13,NULL,NULL,NULL,NULL,1423ShawqiCabdHakim,OpenITI 2025.1.9
1423TharwatAbaza,ثروت أباظة,Tharwat Abaza,NULL,NULL,NULL,NULL,1423,NULL,NULL,NULL,NULL,author,NULL,NULL,NULL,40,NULL,NULL,NULL,NULL,1423TharwatAbaza,OpenITI 2025.1.9
1424IhsanCabbas,استخرجها وحققها الدكتور إحسان عباس (المتوفى: 1424هـ),Ihsan Cabbas,NULL,NULL,NULL,NULL,1424,NULL,NULL,NULL,NULL,author,NULL,NULL,NULL,2,NULL,NULL,NULL,NULL,1424IhsanCabbas,OpenITI 2025.1.9
1424MuhammadCaliAbtahi,الغضائري,Muhammad Cali Abtahi,NULL,NULL,NULL,NULL,1424,NULL,NULL,NULL,NULL,author,NULL,NULL,NULL,3,NULL,NULL,NULL,NULL,1424MuhammadCaliAbtahi,OpenITI 2025.1.9
1424YacqubBaHusayn,يعقوب بن عبد الوهاب الباحسين,Yacqub Ba Husayn,NULL,NULL,NULL,NULL,1424,NULL,NULL,NULL,NULL,author,NULL,NULL,NULL,1,NULL,NULL,NULL,NULL,1424YacqubBaHusayn,OpenITI 2025.1.9
1425HusaynMujibMisri,أوليا چلبي,Husayn Mujib Misri,NULL,NULL,NULL,NULL,1425,NULL,NULL,NULL,NULL,author,NULL,NULL,NULL,1,NULL,NULL,NULL,NULL,1425HusaynMujibMisri,OpenITI 2025.1.9
1425IbrahimIbnCubaydAlCabdMuhsin,إبراهيم بن عبيد آل عبد المحسن,Ibrahim Ibn Cubayd Al Cabd Muhsin,NULL,NULL,NULL,NULL,1425,NULL,NULL,NULL,NULL,author,NULL,NULL,NULL,1,NULL,NULL,NULL,NULL,1425IbrahimIbnCubaydAlCabdMuhsin,OpenITI 2025.1.9
1425MuhammadIbnCalawiMaliki,NULL,Muhammad Ibn Calawi Maliki,NULL,NULL,NULL,NULL,1425,NULL,NULL,NULL,NULL,author,NULL,NULL,NULL,1,NULL,NULL,NULL,NULL,1425MuhammadIbnCalawiMaliki,OpenITI 2025.1.9
1427MuhammadCabdMuncimKhafaji,محمد بن عبد الرحمن بن عمر، أبو المعالي، جلال الدين القزويني الشافعي، المعروف بخطيب دمشق (المتوفى: 739هـ),Muhammad Cabd Muncim Khafaji,NULL,NULL,NULL,NULL,1427,NULL,NULL,NULL,NULL,author,NULL,NULL,NULL,1,NULL,NULL,NULL,NULL,1427MuhammadCabdMuncimKhafaji,OpenITI 2025.1.9
1427NajibMahfuz,نجيب محفوظ,Najib Mahfuz,NULL,NULL,NULL,NULL,1427,NULL,NULL,NULL,NULL,author,NULL,NULL,NULL,48,NULL,NULL,NULL,NULL,1427NajibMahfuz,OpenITI 2025.1.9
1428MajdDinMuayyadi,السيد العلامة المجتهد مجدالدين المؤيدي,Majd Din Muayyadi,NULL,NULL,NULL,NULL,1428,NULL,NULL,NULL,NULL,author,NULL,NULL,NULL,6,NULL,NULL,NULL,NULL,1428MajdDinMuayyadi,OpenITI 2025.1.9
1429BakrIbnCabdAllah,بكر بن عبد الله أبو زيد بن محمد بن عبد الله بن بكر بن عثمان بن يحيى بن غيهب بن محمد (المتوفى: 1429هـ),Bakr Ibn Cabd Allah,NULL,NULL,NULL,NULL,1429,NULL,NULL,NULL,NULL,author,NULL,NULL,NULL,1,NULL,NULL,NULL,NULL,1429BakrIbnCabdAllah,OpenITI 2025.1.9
1429MustafaSacidKhinn,NULL,Mustafa Sacid Khinn,NULL,NULL,NULL,NULL,1429,NULL,NULL,NULL,NULL,author,NULL,NULL,NULL,1,NULL,NULL,NULL,NULL,1429MustafaSacidKhinn,OpenITI 2025.1.9
1430IbnJibrin,عبد الله بن عبد الرحمن بن عبد الله بن جبرين,Ibn Jibrin,NULL,NULL,NULL,NULL,1430,NULL,NULL,NULL,NULL,author,NULL,NULL,NULL,1,NULL,NULL,NULL,NULL,1430IbnJibrin,OpenITI 2025.1.9
1430MuhammadMuhammadMuhsin,محمد محسن,Muhammad Muhammad Muhsin,NULL,NULL,NULL,NULL,1430,NULL,NULL,NULL,NULL,author,NULL,NULL,NULL,2,NULL,NULL,NULL,NULL,1430MuhammadMuhammadMuhsin,OpenITI 2025.1.9
1430MunicCabdHalimMahmud,الدكتور منيع عبد الحليم محمود,Munic Cabd Halim Mahmud,NULL,NULL,NULL,NULL,1430,NULL,NULL,NULL,NULL,author,NULL,NULL,NULL,1,NULL,NULL,NULL,NULL,1430MunicCabdHalimMahmud,OpenITI 2025.1.9
1431BadrDinHuthi,السيد العلامة المجتهد بدرالدين بن أميرالدين الحوثي الحسني .,Badr Din Huthi,NULL,NULL,NULL,NULL,1431,NULL,NULL,NULL,NULL,author,NULL,NULL,NULL,5,NULL,NULL,NULL,NULL,1431BadrDinHuthi,OpenITI 2025.1.9
1431FuadZakariyya,فؤاد زكريا,Fuad Zakariyya,NULL,NULL,NULL,NULL,1431,NULL,NULL,NULL,NULL,author,NULL,NULL,NULL,24,NULL,NULL,NULL,NULL,1431FuadZakariyya,OpenITI 2025.1.9
1431MuhammadHusaynFadlAllah,السيد محمد حسين فضل الله,Muhammad Husayn Fadl Allah,NULL,NULL,NULL,NULL,1431,NULL,NULL,NULL,NULL,author,NULL,NULL,NULL,1,NULL,NULL,NULL,NULL,1431MuhammadHusaynFadlAllah,OpenITI 2025.1.9
1431MuhammadSayyidTantawi,الدكتور محمد سيد طنطاوي,Muhammad Sayyid Tantawi,NULL,NULL,NULL,NULL,1431,NULL,NULL,NULL,NULL,author,NULL,NULL,NULL,1,NULL,NULL,NULL,NULL,1431MuhammadSayyidTantawi,OpenITI 2025.1.9
1432AscadHawmad,د. أسعد حومد,Ascad Hawmad,NULL,NULL,NULL,NULL,1432,NULL,NULL,NULL,NULL,author,NULL,NULL,NULL,1,NULL,NULL,NULL,NULL,1432AscadHawmad,OpenITI 2025.1.9
1432HadiCaliIbnMuayyad,NULL,Hadi Cali Ibn Muayyad,NULL,NULL,NULL,NULL,1432,NULL,NULL,NULL,NULL,author,NULL,NULL,NULL,1,NULL,NULL,NULL,NULL,1432HadiCaliIbnMuayyad,OpenITI 2025.1.9
1432YahyaKhashshab,يحيى الخشاب,Yahya Khashshab,NULL,NULL,Yaḥyá al-Ḫaššāb,NULL,1432,NULL,NULL,NULL,NULL,author,NULL,NULL,NULL,1,NULL,NULL,NULL,NULL,1432YahyaKhashshab,OpenITI 2025.1.9
1433BaqirSharifQurashi,باقر شريف القرشي,Baqir Sharif Qurashi,NULL,NULL,NULL,NULL,1433,NULL,NULL,NULL,NULL,author,NULL,NULL,NULL,1,NULL,NULL,NULL,NULL,1433BaqirSharifQurashi,OpenITI 2025.1.9
1434CabdGhafarMakkawi,None,Cabd Ghafar Makkawi,NULL,NULL,NULL,NULL,1434,NULL,NULL,NULL,NULL,author,NULL,NULL,NULL,1,NULL,NULL,NULL,NULL,1434CabdGhafarMakkawi,OpenITI 2025.1.9
1434CabdGhaffarMakkawi,عبد الغفار مكاوي,Cabd Ghaffar Makkawi,NULL,NULL,NULL,NULL,1434,NULL,NULL,NULL,NULL,author,NULL,NULL,NULL,47,NULL,NULL,NULL,NULL,1434CabdGhaffarMakkawi,OpenITI 2025.1.9
1435HusaynIbnYahyaHuthi,السيد العلامة الحسين بن يحيى الحوثي,Husayn Ibn Yahya Huthi,NULL,NULL,NULL,NULL,1435,NULL,NULL,NULL,NULL,author,NULL,NULL,NULL,1,NULL,NULL,NULL,NULL,1435HusaynIbnYahyaHuthi,OpenITI 2025.1.9
1437IsmacilKibsi,NULL,Ismacil Kibsi,NULL,NULL,NULL,NULL,1437,NULL,NULL,NULL,NULL,author,NULL,NULL,NULL,1,NULL,NULL,NULL,NULL,1437IsmacilKibsi,OpenITI 2025.1.9
1438CafafCazizAbaza,عفاف عزيز أباظة,Cafaf Caziz Abaza,NULL,NULL,NULL,NULL,1438,NULL,NULL,NULL,NULL,author,NULL,NULL,NULL,1,NULL,NULL,NULL,NULL,1438CafafCazizAbaza,OpenITI 2025.1.9
1439HamudCabbasMuayyad,العلامة حمود بن عباس المؤيد,Hamud Cabbas Muayyad,NULL,NULL,NULL,NULL,1439,NULL,NULL,NULL,NULL,author,NULL,NULL,NULL,1,NULL,NULL,NULL,NULL,1439HamudCabbasMuayyad,OpenITI 2025.1.9
1440ImamCabdFattahImam,زكي نجيب محمود,Imam Cabd Fattah Imam,NULL,NULL,NULL,NULL,1440,NULL,NULL,NULL,NULL,author,NULL,NULL,NULL,2,NULL,NULL,NULL,NULL,1440ImamCabdFattahImam,OpenITI 2025.1.9
1442CabdRahmanCabdKhaliq,عبد الرحمن عبد الخالق,Cabd Rahman Cabd Khaliq,NULL,NULL,NULL,NULL,1442,NULL,NULL,NULL,NULL,author,NULL,NULL,NULL,1,NULL,NULL,NULL,NULL,1442CabdRahmanCabdKhaliq,OpenITI 2025.1.9
1442MuhammadCaliSabuni,الصابوني,Muhammad Cali Sabuni,NULL,NULL,NULL,NULL,1442,NULL,NULL,NULL,NULL,author,NULL,NULL,NULL,3,NULL,NULL,NULL,NULL,1442MuhammadCaliSabuni,OpenITI 2025.1.9
1442MustafaMahir,جوتهولد إفرايم ليسنج#,Mustafa Mahir,NULL,NULL,NULL,NULL,1442,NULL,NULL,NULL,NULL,author,NULL,NULL,NULL,1,NULL,NULL,NULL,NULL,1442MustafaMahir,OpenITI 2025.1.9
1442NawalSacdawi,نوال السعداوي,Nawal Sacdawi,NULL,NULL,NULL,NULL,1442,NULL,NULL,NULL,NULL,author,NULL,NULL,NULL,31,NULL,NULL,NULL,NULL,1442NawalSacdawi,OpenITI 2025.1.9
1443HasanHanafi,حسن حنفي,Hasan Hanafi,NULL,NULL,NULL,NULL,1443,NULL,NULL,NULL,NULL,author,NULL,NULL,NULL,21,NULL,NULL,NULL,NULL,1443HasanHanafi,OpenITI 2025.1.9
1443MuhammadCinani,محمد عناني,Muhammad Cinani,NULL,NULL,NULL,NULL,1443,NULL,NULL,NULL,NULL,author,NULL,NULL,NULL,12,NULL,NULL,NULL,NULL,1443MuhammadCinani,OpenITI 2025.1.9
1443SayyidQimni,سيد القمني,Sayyid Qimni,NULL,NULL,NULL,NULL,1443,NULL,NULL,NULL,NULL,author,NULL,NULL,NULL,14,NULL,NULL,NULL,NULL,1443SayyidQimni,OpenITI 2025.1.9
1450AbuBakrJazairi,أبو بكر الجزائري,Abu Bakr Jazairi,NULL,NULL,NULL,NULL,1450,NULL,NULL,NULL,NULL,author,NULL,NULL,NULL,1,NULL,NULL,NULL,NULL,1450AbuBakrJazairi,OpenITI 2025.1.9
1450AbuTayyibMansuri,أبو الطيب نايف بن صلاح بن علي المنصوري,Abu Tayyib Mansuri,NULL,NULL,NULL,NULL,1450,NULL,NULL,NULL,NULL,author,NULL,NULL,NULL,1,NULL,NULL,NULL,NULL,1450AbuTayyibMansuri,OpenITI 2025.1.9
1450AhmadBinHamadKhalili,الخليلي,Ahmad Bin Hamad Khalili,NULL,NULL,NULL,NULL,1450,NULL,NULL,NULL,NULL,author,NULL,NULL,NULL,1,NULL,NULL,NULL,NULL,1450AhmadBinHamadKhalili,OpenITI 2025.1.9
1450AhmadCabdRahim,أحمد عبد الرحيم,Ahmad Cabd Rahim,NULL,NULL,NULL,NULL,1450,NULL,NULL,NULL,NULL,author,NULL,NULL,NULL,1,NULL,NULL,NULL,NULL,1450AhmadCabdRahim,OpenITI 2025.1.9
1450AhmadCabdWahid,أحمد عبد الواحد,Ahmad Cabd Wahid,NULL,NULL,NULL,NULL,1450,NULL,NULL,NULL,NULL,author,NULL,NULL,NULL,1,NULL,NULL,NULL,NULL,1450AhmadCabdWahid,OpenITI 2025.1.9
1450AhmadFarid,أحمد فريد,Ahmad Farid,NULL,NULL,NULL,NULL,1450,NULL,NULL,NULL,NULL,author,NULL,NULL,NULL,1,NULL,NULL,NULL,NULL,1450AhmadFarid,OpenITI 2025.1.9
1450AhmadHIndawi,آناكا هاريس,Ahmad HIndawi,NULL,NULL,NULL,NULL,1450,NULL,NULL,NULL,NULL,author,NULL,NULL,NULL,1,NULL,NULL,NULL,NULL,1450AhmadHIndawi,OpenITI 2025.1.9
1450AhmadHadari,أحمد ع. الحضري,Ahmad Hadari,NULL,NULL,NULL,NULL,1450,NULL,NULL,NULL,NULL,author,NULL,NULL,NULL,1,NULL,NULL,NULL,NULL,1450AhmadHadari,OpenITI 2025.1.9
1450AhmadMuhammadHadi,NULL,Ahmad Muhammad Hadi,NULL,NULL,NULL,NULL,1450,NULL,NULL,NULL,NULL,author,NULL,NULL,NULL,1,NULL,NULL,NULL,NULL,1450AhmadMuhammadHadi,OpenITI 2025.1.9
1450AhmadMuhammadNadi,بهاء الدين محمد بن حسن بن إسفنديار,Ahmad Muhammad Nadi,NULL,NULL,NULL,NULL,1450,NULL,NULL,NULL,NULL,author,NULL,NULL,NULL,1,NULL,NULL,NULL,NULL,1450AhmadMuhammadNadi,OpenITI 2025.1.9
1450AhmadMuhammadRubi,هنري تشادويك,Ahmad Muhammad Rubi,NULL,NULL,NULL,NULL,1450,NULL,NULL,NULL,NULL,author,NULL,NULL,NULL,5,NULL,NULL,NULL,NULL,1450AhmadMuhammadRubi,OpenITI 2025.1.9
1450AhmadQasimCariqi,أحمد قاسم العريقي,Ahmad Qasim Cariqi,NULL,NULL,NULL,NULL,1450,NULL,NULL,NULL,NULL,author,NULL,NULL,NULL,2,NULL,NULL,NULL,NULL,1450AhmadQasimCariqi,OpenITI 2025.1.9
1450AhmadSamirDarwish,فرانسيس داروين,Ahmad Samir Darwish,NULL,NULL,NULL,NULL,1450,NULL,NULL,NULL,NULL,author,NULL,NULL,NULL,2,NULL,NULL,NULL,NULL,1450AhmadSamirDarwish,OpenITI 2025.1.9
1450AhmadSamirSacd,إرفين شرودنجر,Ahmad Samir Sacd,NULL,NULL,NULL,NULL,1450,NULL,NULL,NULL,NULL,author,NULL,NULL,NULL,1,NULL,NULL,NULL,NULL,1450AhmadSamirSacd,OpenITI 2025.1.9
1450AhmadShakl,فريدل فاينِرت,Ahmad Shakl,NULL,NULL,NULL,NULL,1450,NULL,NULL,NULL,NULL,author,NULL,NULL,NULL,2,NULL,NULL,NULL,NULL,1450AhmadShakl,OpenITI 2025.1.9
1450AhmadSulaymanAbkar,أحمد سليمان أبكر,Ahmad Sulayman Abkar,NULL,NULL,NULL,NULL,1450,NULL,NULL,NULL,NULL,author,NULL,NULL,NULL,1,NULL,NULL,NULL,NULL,1450AhmadSulaymanAbkar,OpenITI 2025.1.9
1450AhmadWashali,السيد العلامة / أحمد بن محمد الوشلي,Ahmad Washali,NULL,NULL,NULL,NULL,1450,NULL,NULL,NULL,NULL,author,NULL,NULL,NULL,1,NULL,NULL,NULL,NULL,1450AhmadWashali,OpenITI 2025.1.9
1450AkramFaluji,أكرم بن محمد زيادة الفالوجي الأثري,Akram Faluji,NULL,NULL,NULL,NULL,1450,NULL,NULL,NULL,NULL,author,NULL,NULL,NULL,2,NULL,NULL,NULL,NULL,1450AkramFaluji,OpenITI 2025.1.9
1450AmiraCaliCabdSaduq,فيكتور هوجو,Amira Cali Cabd Saduq,NULL,NULL,NULL,NULL,1450,NULL,NULL,NULL,NULL,author,NULL,NULL,NULL,6,NULL,NULL,NULL,NULL,1450AmiraCaliCabdSaduq,OpenITI 2025.1.9
1450Anonymous,NULL,Anonymous,NULL,NULL,NULL,NULL,1450,NULL,NULL,NULL,NULL,author,NULL,NULL,NULL,21,NULL,NULL,NULL,NULL,1450Anonymous,OpenITI 2025.1.9
1450AnonymousTranslator,ليو تولستوي,Anonymous Translator,NULL,NULL,NULL,NULL,1450,NULL,NULL,NULL,NULL,author,NULL,NULL,NULL,2,NULL,NULL,NULL,NULL,1450AnonymousTranslator,OpenITI 2025.1.9
1450AnwarIbrahim,فلاديمير فينوجرادوف,Anwar Ibrahim,NULL,NULL,NULL,NULL,1450,NULL,NULL,NULL,NULL,author,NULL,NULL,NULL,3,NULL,NULL,NULL,NULL,1450AnwarIbrahim,OpenITI 2025.1.9
1450AsgharMuntazarQaim,NULL,Asghar Muntazar Qaim,NULL,NULL,NULL,NULL,1450,NULL,NULL,NULL,NULL,author,NULL,NULL,NULL,1,NULL,NULL,NULL,NULL,1450AsgharMuntazarQaim,OpenITI 2025.1.9
1450AsmaCizab,جوزفين تاي,Asma Cizab,NULL,NULL,NULL,NULL,1450,NULL,NULL,NULL,NULL,author,NULL,NULL,NULL,2,NULL,NULL,NULL,NULL,1450AsmaCizab,OpenITI 2025.1.9
1450BadrDinCurudki,سوزان طه حسين,Badr Din Curudki,NULL,NULL,NULL,NULL,1450,NULL,NULL,NULL,NULL,author,NULL,NULL,NULL,1,NULL,NULL,NULL,NULL,1450BadrDinCurudki,OpenITI 2025.1.9
1450BadrDinMustafa,بدر الدين مصطفى,Badr Din Mustafa,NULL,NULL,NULL,NULL,1450,NULL,NULL,NULL,NULL,author,NULL,NULL,NULL,1,NULL,NULL,NULL,NULL,1450BadrDinMustafa,OpenITI 2025.1.9
1450BashirJawadQaysi,تقي الدين أبو العباس أحمد بن عبد الحليم بن عبد السلام بن عبد الله بن أبي القاسم بن محمد ابن تيمية الحراني الحنبلي الدمشقي,Bashir Jawad Qaysi,NULL,NULL,NULL,NULL,1450,NULL,NULL,NULL,NULL,author,NULL,NULL,NULL,1,NULL,NULL,NULL,NULL,1450BashirJawadQaysi,OpenITI 2025.1.9
1450BayumiIbrahimBayumi,ديفيد فوستر والاس,Bayumi Ibrahim Bayumi,NULL,NULL,NULL,NULL,1450,NULL,NULL,NULL,NULL,author,NULL,NULL,NULL,1,NULL,NULL,NULL,NULL,1450BayumiIbrahimBayumi,OpenITI 2025.1.9
1450BilalQaidCumar,بلال قائد عمر,Bilal Qaid Cumar,NULL,NULL,NULL,NULL,1450,NULL,NULL,NULL,NULL,author,NULL,NULL,NULL,1,NULL,NULL,NULL,NULL,1450BilalQaidCumar,OpenITI 2025.1.9
1450Burnu,محمد صدقي آل بورنو,Burnu,NULL,NULL,NULL,NULL,1450,NULL,NULL,NULL,NULL,author,NULL,NULL,NULL,1,NULL,NULL,NULL,NULL,1450Burnu,OpenITI 2025.1.9
1450ButrusHaddad,الأب جوزيبه دي سانتا ماريا الكرملي,Butrus Haddad,NULL,NULL,NULL,NULL,1450,NULL,NULL,NULL,NULL,author,NULL,NULL,NULL,1,NULL,NULL,NULL,NULL,1450ButrusHaddad,OpenITI 2025.1.9
1450CabdAllahAkhwad,عبد الله أخواض,Cabd Allah Akhwad,NULL,NULL,NULL,NULL,1450,NULL,NULL,NULL,NULL,author,NULL,NULL,NULL,1,NULL,NULL,NULL,NULL,1450CabdAllahAkhwad,OpenITI 2025.1.9
1450CabdAllahBusayri,عبد الله بن محمد البصيري,Cabd Allah Busayri,NULL,NULL,NULL,NULL,1450,NULL,NULL,NULL,NULL,author,NULL,NULL,NULL,3,NULL,NULL,NULL,NULL,1450CabdAllahBusayri,OpenITI 2025.1.9
1450CabdAllahGhunayman,تقي الدين أبو العباس أحمد بن عبد الحليم بن عبد السلام بن عبد الله بن أبي القاسم بن محمد ابن تيمية الحراني الحنبلي الدمشقي (المتوفى: 728هـ),Cabd Allah Ghunayman,NULL,NULL,NULL,NULL,1450,NULL,NULL,NULL,NULL,author,NULL,NULL,NULL,1,NULL,NULL,NULL,NULL,1450CabdAllahGhunayman,OpenITI 2025.1.9
1450CabdAllahHamidDin,NULL,Cabd Allah Hamid Din,NULL,NULL,NULL,NULL,1450,NULL,NULL,NULL,NULL,author,NULL,NULL,NULL,1,NULL,NULL,NULL,NULL,1450CabdAllahHamidDin,OpenITI 2025.1.9
1450CabdAllahHusaynDaylami,عبد الله بن الحسين بن محمد الكبسي الملقب بالديلمي,Cabd Allah Husayn Daylami,NULL,NULL,NULL,NULL,1450,NULL,NULL,NULL,NULL,author,NULL,NULL,NULL,2,NULL,NULL,NULL,NULL,1450CabdAllahHusaynDaylami,OpenITI 2025.1.9
1450CabdAllahIbnHamudCizzi,عبد الله حمود درهم العزي,Cabd Allah Ibn Hamud Cizzi,NULL,NULL,NULL,NULL,1450,NULL,NULL,NULL,NULL,author,NULL,NULL,NULL,1,NULL,NULL,NULL,NULL,1450CabdAllahIbnHamudCizzi,OpenITI 2025.1.9
1450CabdAllahQarni,عائض القرني,Cabd Allah Qarni,NULL,NULL,NULL,NULL,1450,NULL,NULL,NULL,NULL,author,NULL,NULL,NULL,1,NULL,NULL,NULL,NULL,1450CabdAllahQarni,OpenITI 2025.1.9
1450CabdCazizAminKhanji,عبد العزيز أمين الخانجي,Cabd Caziz Amin Khanji,NULL,NULL,NULL,NULL,1450,NULL,NULL,NULL,NULL,author,NULL,NULL,NULL,5,NULL,NULL,NULL,NULL,1450CabdCazizAminKhanji,OpenITI 2025.1.9
1450CabdCazizBarakaSakin,عبد العزيز بركة ساكن,Cabd Caziz Baraka Sakin,NULL,NULL,NULL,NULL,1450,NULL,NULL,NULL,NULL,author,NULL,NULL,NULL,11,NULL,NULL,NULL,NULL,1450CabdCazizBarakaSakin,OpenITI 2025.1.9
1450CabdCazizMaqalih,NULL,Cabd Caziz Maqalih,NULL,NULL,NULL,NULL,1450,NULL,NULL,NULL,NULL,author,NULL,NULL,NULL,1,NULL,NULL,NULL,NULL,1450CabdCazizMaqalih,OpenITI 2025.1.9
1450CabdFattahCabdAllah,هارييت بيتشر ستو,Cabd Fattah Cabd Allah,NULL,NULL,NULL,NULL,1450,NULL,NULL,NULL,NULL,author,NULL,NULL,NULL,5,NULL,NULL,NULL,NULL,1450CabdFattahCabdAllah,OpenITI 2025.1.9
1450CabdHamidHindawi,NULL,Cabd Hamid Hindawi,NULL,NULL,NULL,NULL,1450,NULL,NULL,NULL,NULL,author,NULL,NULL,NULL,1,NULL,NULL,NULL,NULL,1450CabdHamidHindawi,OpenITI 2025.1.9
1450CabdKarimKhudayr,أبو الفضل زين الدين عبد الرحيم بن الحسين بن عبد الرحمن بن أبي بكر بن إبراهيم العراقي (المتوفى: 806هـ),Cabd Karim Khudayr,NULL,NULL,NULL,NULL,1450,NULL,NULL,NULL,NULL,author,NULL,NULL,NULL,17,NULL,NULL,NULL,NULL,1450CabdKarimKhudayr,OpenITI 2025.1.9
1450CabdKarimWazzaf,NULL,Cabd Karim Wazzaf,NULL,NULL,NULL,NULL,1450,NULL,NULL,NULL,NULL,author,NULL,NULL,NULL,3,NULL,NULL,NULL,NULL,1450CabdKarimWazzaf,OpenITI 2025.1.9
1450CabdMajidBadawi,محمد بن جعفر النرشخي,Cabd Majid Badawi,NULL,NULL,NULL,NULL,1450,NULL,NULL,NULL,NULL,author,NULL,NULL,NULL,1,NULL,NULL,NULL,NULL,1450CabdMajidBadawi,OpenITI 2025.1.9
1450CabdMajidCabdRahmanHuthi,العلامة عبد المجيد عبدالرحمن الحوثي حفظه الله تعالى,Cabd Majid Cabd Rahman Huthi,NULL,NULL,NULL,NULL,1450,NULL,NULL,NULL,NULL,author,NULL,NULL,NULL,1,NULL,NULL,NULL,NULL,1450CabdMajidCabdRahmanHuthi,OpenITI 2025.1.9
1450CabdRahmanMajdi,بيت مور,Cabd Rahman Majdi,NULL,NULL,NULL,NULL,1450,NULL,NULL,NULL,NULL,author,NULL,NULL,NULL,3,NULL,NULL,NULL,NULL,1450CabdRahmanMajdi,OpenITI 2025.1.9
1450CabdRazzaqSacidi,محمد خير الدين أو قطب الدين أبو الخير بن الجمال أبي السعود بن أبي البركات بن أبي السعود القرشي الشافعي بن ظهيرة (المتوفى: نحو 910هـ),Cabd Razzaq Sacidi,NULL,NULL,NULL,NULL,1450,NULL,NULL,NULL,NULL,author,NULL,NULL,NULL,1,NULL,NULL,NULL,NULL,1450CabdRazzaqSacidi,OpenITI 2025.1.9
1450CabdSalamCabbasWajih,الأستاذ عبد السلام عباس الوجيه,Cabd Salam Cabbas Wajih,NULL,NULL,NULL,NULL,1450,NULL,NULL,NULL,NULL,author,NULL,NULL,NULL,2,NULL,NULL,NULL,NULL,1450CabdSalamCabbasWajih,OpenITI 2025.1.9
1450CabdSalamWajih,NULL,Cabd Salam Wajih,NULL,NULL,NULL,NULL,1450,NULL,NULL,NULL,NULL,author,NULL,NULL,NULL,1,NULL,NULL,NULL,NULL,1450CabdSalamWajih,OpenITI 2025.1.9
1450CadilMustafa,عادل مصطفى,Cadil Mustafa,NULL,NULL,NULL,NULL,1450,NULL,NULL,NULL,NULL,author,NULL,NULL,NULL,16,NULL,NULL,NULL,NULL,1450CadilMustafa,OpenITI 2025.1.9
1450CadilNuwayhid,عادل نويهض,Cadil Nuwayhid,NULL,NULL,NULL,NULL,1450,NULL,NULL,NULL,NULL,author,NULL,NULL,NULL,1,NULL,NULL,NULL,NULL,1450CadilNuwayhid,OpenITI 2025.1.9
1450CaliCabdAllahBarakat,علي عبد الله بركات,Cali Cabd Allah Barakat,NULL,NULL,NULL,NULL,1450,NULL,NULL,NULL,NULL,author,NULL,NULL,NULL,1,NULL,NULL,NULL,NULL,1450CaliCabdAllahBarakat,OpenITI 2025.1.9
1450CaliCabdKarimFadil,السيد علي بن عبد الكريم الفضيل شرف الدين,Cali Cabd Karim Fadil,NULL,NULL,NULL,NULL,1450,NULL,NULL,NULL,NULL,author,NULL,NULL,NULL,1,NULL,NULL,NULL,NULL,1450CaliCabdKarimFadil,OpenITI 2025.1.9
1450CaliHaris,إيمون باتلر,Cali Haris,NULL,NULL,NULL,NULL,1450,NULL,NULL,NULL,NULL,author,NULL,NULL,NULL,1,NULL,NULL,NULL,NULL,1450CaliHaris,OpenITI 2025.1.9
1450CaliIbnNayifShuhud,علي بن نايف الشحود,Cali Ibn Nayif Shuhud,NULL,NULL,NULL,NULL,1450,NULL,NULL,NULL,NULL,author,NULL,NULL,NULL,2,NULL,NULL,NULL,NULL,1450CaliIbnNayifShuhud,OpenITI 2025.1.9
1450CaliKuraniCamili,NULL,Cali Kurani Camili,NULL,NULL,NULL,NULL,1450,NULL,NULL,NULL,NULL,author,NULL,NULL,NULL,2,NULL,NULL,NULL,NULL,1450CaliKuraniCamili,OpenITI 2025.1.9
1450CaliSacidSayf,NULL,Cali Sacid Sayf,NULL,NULL,NULL,NULL,1450,NULL,NULL,NULL,NULL,author,NULL,NULL,NULL,1,NULL,NULL,NULL,NULL,1450CaliSacidSayf,OpenITI 2025.1.9
1450CaliShadawi,علي الشدوي,Cali Shadawi,NULL,NULL,NULL,NULL,1450,NULL,NULL,NULL,NULL,author,NULL,NULL,NULL,1,NULL,NULL,NULL,NULL,1450CaliShadawi,OpenITI 2025.1.9
1450CasimQaryuti,أبو عبد الرحمن أحمد بن شعيب بن علي الخراساني، النسائي (المتوفى : 303هـ),Casim Qaryuti,NULL,NULL,NULL,NULL,1450,NULL,NULL,NULL,NULL,author,NULL,NULL,NULL,1,NULL,NULL,NULL,NULL,1450CasimQaryuti,OpenITI 2025.1.9
1450CatiyatAbuSucud,عطيات أبو السعود,Catiyat Abu Sucud,NULL,NULL,NULL,NULL,1450,NULL,NULL,NULL,NULL,author,NULL,NULL,NULL,3,NULL,NULL,NULL,NULL,1450CatiyatAbuSucud,OpenITI 2025.1.9
1450CatiyyatAbuSucud,عطيات أبو السعود,Catiyyat Abu Sucud,NULL,NULL,NULL,NULL,1450,NULL,NULL,NULL,NULL,author,NULL,NULL,NULL,1,NULL,NULL,NULL,NULL,1450CatiyyatAbuSucud,OpenITI 2025.1.9
1450CulamaNajd,علماء نجد الأعلام,Culama Najd,NULL,NULL,NULL,NULL,1450,NULL,NULL,NULL,NULL,author,NULL,NULL,NULL,1,NULL,NULL,NULL,NULL,1450CulamaNajd,OpenITI 2025.1.9
1450CumarMajid,سمير عكاشة,Cumar Majid,NULL,NULL,NULL,NULL,1450,NULL,NULL,NULL,NULL,author,NULL,NULL,NULL,1,NULL,NULL,NULL,NULL,1450CumarMajid,OpenITI 2025.1.9
1450DarIftaMisriyya,NA,Dar Ifta Misriyya,NULL,NULL,NULL,NULL,1450,NULL,NULL,NULL,NULL,author,NULL,NULL,NULL,2,NULL,NULL,NULL,NULL,1450DarIftaMisriyya,OpenITI 2025.1.9
1450DarTaqrib,NULL,Dar Taqrib,NULL,NULL,NULL,NULL,1450,NULL,NULL,NULL,NULL,author,NULL,NULL,NULL,1,NULL,NULL,NULL,NULL,1450DarTaqrib,OpenITI 2025.1.9
1450DinaCadilGhurab,جورج أورويل,Dina Cadil Ghurab,NULL,NULL,NULL,NULL,1450,NULL,NULL,NULL,NULL,author,NULL,NULL,NULL,4,NULL,NULL,NULL,NULL,1450DinaCadilGhurab,OpenITI 2025.1.9
1450DiyaWarrad,ستيفن لو,Diya Warrad,NULL,NULL,NULL,NULL,1450,NULL,NULL,NULL,NULL,author,NULL,NULL,NULL,2,NULL,NULL,NULL,NULL,1450DiyaWarrad,OpenITI 2025.1.9
1450FahdCabdRahmanCuthman,فهد بن عبد الرحمن العثمان,Fahd Cabd Rahman Cuthman,NULL,NULL,NULL,NULL,1450,NULL,NULL,NULL,NULL,author,NULL,NULL,NULL,1,NULL,NULL,NULL,NULL,1450FahdCabdRahmanCuthman,OpenITI 2025.1.9
1450FahmiSacidShaykhu,فهمي سعيد الشيخو,Fahmi Sacid Shaykhu,NULL,NULL,NULL,NULL,1450,NULL,NULL,NULL,NULL,author,NULL,NULL,NULL,1,NULL,NULL,NULL,NULL,1450FahmiSacidShaykhu,OpenITI 2025.1.9
1450FatimaAhsanMahdi,NULL,Fatima Ahsan Mahdi,NULL,NULL,NULL,NULL,1450,NULL,NULL,NULL,NULL,author,NULL,NULL,NULL,1,NULL,NULL,NULL,NULL,1450FatimaAhsanMahdi,OpenITI 2025.1.9
1450FatimaNacut,None,Fatima Nacut,NULL,NULL,NULL,NULL,1450,NULL,NULL,NULL,NULL,author,NULL,NULL,NULL,2,NULL,NULL,NULL,NULL,1450FatimaNacut,OpenITI 2025.1.9
1450FayiqaJirjisHanna,يوهان ديفيد فيس,Fayiqa Jirjis Hanna,NULL,NULL,NULL,NULL,1450,NULL,NULL,NULL,NULL,author,NULL,NULL,NULL,7,NULL,NULL,NULL,NULL,1450FayiqaJirjisHanna,OpenITI 2025.1.9
1450FirasSawwah,فراس السواح,Firas Sawwah,NULL,NULL,NULL,NULL,1450,NULL,NULL,NULL,NULL,author,NULL,NULL,NULL,10,NULL,NULL,NULL,NULL,1450FirasSawwah,OpenITI 2025.1.9
1450FulanDani,ي. دني,Fulan Dani,NULL,NULL,NULL,NULL,1450,NULL,NULL,NULL,NULL,author,NULL,NULL,NULL,1,NULL,NULL,NULL,NULL,1450FulanDani,OpenITI 2025.1.9
1450GhadaHilwani,أليس مونرو,Ghada Hilwani,NULL,NULL,NULL,NULL,1450,NULL,NULL,NULL,NULL,author,NULL,NULL,NULL,1,NULL,NULL,NULL,NULL,1450GhadaHilwani,OpenITI 2025.1.9
1450GhasanNadaf,غسان نداف,Ghasan Nadaf,NULL,NULL,NULL,NULL,1450,NULL,NULL,NULL,NULL,author,NULL,NULL,NULL,1,NULL,NULL,NULL,NULL,1450GhasanNadaf,OpenITI 2025.1.9
1450HabibGhazala,حبيب غزالة,Habib Ghazala,NULL,NULL,NULL,NULL,1450,NULL,NULL,NULL,NULL,author,NULL,NULL,NULL,1,NULL,NULL,NULL,NULL,1450HabibGhazala,OpenITI 2025.1.9
1450HaniSalimi,هاني السالمي,Hani Salimi,NULL,NULL,NULL,NULL,1450,NULL,NULL,NULL,NULL,author,NULL,NULL,NULL,2,NULL,NULL,NULL,NULL,1450HaniSalimi,OpenITI 2025.1.9
1450HasanFarhanMaliki,حسن بن فرحان المالكي,Hasan Farhan Maliki,NULL,NULL,NULL,NULL,1450,NULL,NULL,NULL,NULL,author,NULL,NULL,NULL,6,NULL,NULL,NULL,NULL,1450HasanFarhanMaliki,OpenITI 2025.1.9
1450HasanIbnFarhanMaliki,NULL,Hasan Ibn Farhan Maliki,NULL,NULL,NULL,NULL,1450,NULL,NULL,NULL,NULL,author,NULL,NULL,NULL,1,NULL,NULL,NULL,NULL,1450HasanIbnFarhanMaliki,OpenITI 2025.1.9
1450HashimiYamani,NULL,Hashimi Yamani,NULL,NULL,NULL,NULL,1450,NULL,NULL,NULL,NULL,author,NULL,NULL,NULL,1,NULL,NULL,NULL,NULL,1450HashimiYamani,OpenITI 2025.1.9
1450HazimKhanfar,أبو البهاء، حازم خنفر,Hazim Khanfar,NULL,NULL,NULL,NULL,1450,NULL,NULL,NULL,NULL,author,NULL,NULL,NULL,1,NULL,NULL,NULL,NULL,1450HazimKhanfar,OpenITI 2025.1.9
1450HibaCabdCazizGhanim,يان أبوتيكر,Hiba Cabd Caziz Ghanim,NULL,NULL,NULL,NULL,1450,NULL,NULL,NULL,NULL,author,NULL,NULL,NULL,4,NULL,NULL,NULL,NULL,1450HibaCabdCazizGhanim,OpenITI 2025.1.9
1450HibaNajibMaghribi,باراك أوباما,Hiba Najib Maghribi,NULL,NULL,NULL,NULL,1450,NULL,NULL,NULL,NULL,author,NULL,NULL,NULL,1,NULL,NULL,NULL,NULL,1450HibaNajibMaghribi,OpenITI 2025.1.9
1450Hitayrus,هيتايروس,Hitayrus,NULL,NULL,NULL,NULL,1450,NULL,NULL,NULL,NULL,author,NULL,NULL,NULL,1,NULL,NULL,NULL,NULL,1450Hitayrus,OpenITI 2025.1.9
1450HusamDinMusaCaffana,الأستاذ الدكتور حسام الدين بن موسى عفانة,Husam Din Musa Caffana,NULL,NULL,NULL,NULL,1450,NULL,NULL,NULL,NULL,author,NULL,NULL,NULL,1,NULL,NULL,NULL,NULL,1450HusamDinMusaCaffana,OpenITI 2025.1.9
1450HusaynCatwan,حسين عطوان,Husayn Catwan,NULL,NULL,NULL,NULL,1450,NULL,NULL,NULL,NULL,author,NULL,NULL,NULL,1,NULL,NULL,NULL,NULL,1450HusaynCatwan,OpenITI 2025.1.9
1450HusaynMihran,حسين مهران,Husayn Mihran,NULL,NULL,NULL,NULL,1450,NULL,NULL,NULL,NULL,author,NULL,NULL,NULL,1,NULL,NULL,NULL,NULL,1450HusaynMihran,OpenITI 2025.1.9
1450IbnMukhtarSusi,محمد المختار السوسي,Ibn Mukhtar Susi,NULL,NULL,NULL,NULL,1450,NULL,NULL,NULL,NULL,author,NULL,NULL,NULL,1,NULL,NULL,NULL,NULL,1450IbnMukhtarSusi,OpenITI 2025.1.9
1450IbrahimBiliMahrus,جيري بروتون,Ibrahim Bili Mahrus,NULL,NULL,NULL,NULL,1450,NULL,NULL,NULL,NULL,author,NULL,NULL,NULL,1,NULL,NULL,NULL,NULL,1450IbrahimBiliMahrus,OpenITI 2025.1.9
1450IbrahimMusawiZanjani,السيد إبراهيم الموسوي الزنجاني,Ibrahim Musawi Zanjani,NULL,NULL,NULL,NULL,1450,NULL,NULL,NULL,NULL,author,NULL,NULL,NULL,1,NULL,NULL,NULL,NULL,1450IbrahimMusawiZanjani,OpenITI 2025.1.9
1450IbrahimNahhas,إبراهيم النحاس,Ibrahim Nahhas,NULL,NULL,NULL,NULL,1450,NULL,NULL,NULL,NULL,author,NULL,NULL,NULL,3,NULL,NULL,NULL,NULL,1450IbrahimNahhas,OpenITI 2025.1.9
1450IbrahimSanadAhmad,جوزيف كونراد,Ibrahim Sanad Ahmad,NULL,NULL,NULL,NULL,1450,NULL,NULL,NULL,NULL,author,NULL,NULL,NULL,3,NULL,NULL,NULL,NULL,1450IbrahimSanadAhmad,OpenITI 2025.1.9
1450IbrahimYaziji,إبراهيم اليازجي,Ibrahim Yaziji,NULL,NULL,NULL,NULL,1450,NULL,NULL,NULL,NULL,author,NULL,NULL,NULL,1,NULL,NULL,NULL,NULL,1450IbrahimYaziji,OpenITI 2025.1.9
1450ImanJamalDinFarmawi,إيه سي جرايلينج,Iman Jamal Din Farmawi,NULL,NULL,NULL,NULL,1450,NULL,NULL,NULL,NULL,author,NULL,NULL,NULL,2,NULL,NULL,NULL,NULL,1450ImanJamalDinFarmawi,OpenITI 2025.1.9
1450InasMaghribi,آدم جيه سيلفرستاين,Inas Maghribi,NULL,NULL,NULL,NULL,1450,NULL,NULL,NULL,NULL,author,NULL,NULL,NULL,1,NULL,NULL,NULL,NULL,1450InasMaghribi,OpenITI 2025.1.9
1450IslamSamihRiddan,تشارلز ديكنز,Islam Samih Riddan,NULL,NULL,NULL,NULL,1450,NULL,NULL,NULL,NULL,author,NULL,NULL,NULL,1,NULL,NULL,NULL,NULL,1450IslamSamihRiddan,OpenITI 2025.1.9
1450JacfarSubhani,الشيخ جعفر السبحاني,Jacfar Subhani,NULL,NULL,NULL,NULL,1450,NULL,NULL,NULL,NULL,author,NULL,NULL,NULL,2,NULL,NULL,NULL,NULL,1450JacfarSubhani,OpenITI 2025.1.9
1450JamalCumar,جمال عمر,Jamal Cumar,NULL,NULL,NULL,NULL,1450,NULL,NULL,NULL,NULL,author,NULL,NULL,NULL,2,NULL,NULL,NULL,NULL,1450JamalCumar,OpenITI 2025.1.9
1450JamicaIslamiyya,الجامعة الإسلامية بالمدينة النبوية,Jamica Islamiyya,NULL,NULL,NULL,NULL,1450,NULL,NULL,NULL,NULL,author,NULL,NULL,NULL,1,NULL,NULL,NULL,NULL,1450JamicaIslamiyya,OpenITI 2025.1.9
1450KawtharMahmudMuhammad,سكوت إتش هندريكس,Kawthar Mahmud Muhammad,NULL,NULL,NULL,NULL,1450,NULL,NULL,NULL,NULL,author,NULL,NULL,NULL,1,NULL,NULL,NULL,NULL,1450KawtharMahmudMuhammad,OpenITI 2025.1.9
1450KazimZaydi,NULL,Kazim Zaydi,NULL,NULL,NULL,NULL,1450,NULL,NULL,NULL,NULL,author,NULL,NULL,NULL,1,NULL,NULL,NULL,NULL,1450KazimZaydi,OpenITI 2025.1.9
1450KhalidGharibCali,كارول جي توماس,Khalid Gharib Cali,NULL,NULL,NULL,NULL,1450,NULL,NULL,NULL,NULL,author,NULL,NULL,NULL,3,NULL,NULL,NULL,NULL,1450KhalidGharibCali,OpenITI 2025.1.9
1450KhalidRibat,خالد الرباط، سيد عزت عيد [بمشاركة الباحثين بدار الفلاح],Khalid Ribat,NULL,NULL,NULL,NULL,1450,NULL,NULL,NULL,NULL,author,NULL,NULL,NULL,6,NULL,NULL,NULL,NULL,1450KhalidRibat,OpenITI 2025.1.9
1450LajnaDaima,اللجنة الدائمة للبحوث العلمية والإفتاء,Lajna Daima,NULL,NULL,NULL,NULL,1450,NULL,NULL,NULL,NULL,author,NULL,NULL,NULL,1,NULL,NULL,NULL,NULL,1450LajnaDaima,OpenITI 2025.1.9
1450LajnatQuranWaSunna,لجنة القرآن و السنة,Lajnat Quran Wa Sunna,NULL,NULL,NULL,NULL,1450,NULL,NULL,NULL,NULL,author,NULL,NULL,NULL,1,NULL,NULL,NULL,NULL,1450LajnatQuranWaSunna,OpenITI 2025.1.9
1450LatifaCabdAllah,لطيفة عبد الله,Latifa Cabd Allah,NULL,NULL,NULL,NULL,1450,NULL,NULL,NULL,NULL,author,NULL,NULL,NULL,1,NULL,NULL,NULL,NULL,1450LatifaCabdAllah,OpenITI 2025.1.9
1450LubnaAhmadNur,لبنى أحمد نور,Lubna Ahmad Nur,NULL,NULL,NULL,NULL,1450,NULL,NULL,NULL,NULL,author,NULL,NULL,NULL,1,NULL,NULL,NULL,NULL,1450LubnaAhmadNur,OpenITI 2025.1.9
1450LubnaCimadTurki,راماتشاندرا جوها,Lubna Cimad Turki,NULL,NULL,NULL,NULL,1450,NULL,NULL,NULL,NULL,author,NULL,NULL,NULL,1,NULL,NULL,NULL,NULL,1450LubnaCimadTurki,OpenITI 2025.1.9
1450LutfAllahSafiGulpaygani,لطف الله الصّافي,Lutf Allah Safi Gulpaygani,NULL,NULL,NULL,NULL,1450,NULL,NULL,NULL,NULL,author,NULL,NULL,NULL,1,NULL,NULL,NULL,NULL,1450LutfAllahSafiGulpaygani,OpenITI 2025.1.9
1450MAShakir,إيما أوركزي,MAShakir,NULL,NULL,NULL,NULL,1450,NULL,NULL,NULL,NULL,author,NULL,NULL,NULL,1,NULL,NULL,NULL,NULL,1450MAShakir,OpenITI 2025.1.9
1450Maghrawi,أبو سهل محمد بن عبد الرحمن المغراوي,Maghrawi,NULL,NULL,NULL,NULL,1450,NULL,NULL,NULL,NULL,author,NULL,NULL,NULL,1,NULL,NULL,NULL,NULL,1450Maghrawi,OpenITI 2025.1.9
1450MahirBattuti,ماهر البطوطي,Mahir Battuti,NULL,NULL,NULL,NULL,1450,NULL,NULL,NULL,NULL,author,NULL,NULL,NULL,5,NULL,NULL,NULL,NULL,1450MahirBattuti,OpenITI 2025.1.9
1450MahmudAhmadBayumi,محمود أحمد بيومي,Mahmud Ahmad Bayumi,NULL,NULL,NULL,NULL,1450,NULL,NULL,NULL,NULL,author,NULL,NULL,NULL,1,NULL,NULL,NULL,NULL,1450MahmudAhmadBayumi,OpenITI 2025.1.9
1450MahmudCabdKarimCali,محمود عبد الكريم علي,Mahmud Cabd Karim Cali,NULL,NULL,Maḥmūd ʿAbd al-Karīm ʿAlī,NULL,1450,NULL,NULL,NULL,NULL,author,NULL,NULL,NULL,1,NULL,NULL,NULL,NULL,1450MahmudCabdKarimCali,OpenITI 2025.1.9
1450MahmudHadiya,محمود هدية,Mahmud Hadiya,NULL,NULL,NULL,NULL,1450,NULL,NULL,NULL,NULL,author,NULL,NULL,NULL,1,NULL,NULL,NULL,NULL,1450MahmudHadiya,OpenITI 2025.1.9
1450MahmudHarmush,محمود مصطفى عبود استخراج وتصنيف محمود مصطفى عبود آل هرموش,Mahmud Harmush,NULL,NULL,NULL,NULL,1450,NULL,NULL,NULL,NULL,author,NULL,NULL,NULL,1,NULL,NULL,NULL,NULL,1450MahmudHarmush,OpenITI 2025.1.9
1450MahmudKamilFarid,محمود كامل فريد,Mahmud Kamil Farid,NULL,NULL,NULL,NULL,1450,NULL,NULL,NULL,NULL,author,NULL,NULL,NULL,1,NULL,NULL,NULL,NULL,1450MahmudKamilFarid,OpenITI 2025.1.9
1450MahmudMahmud,كرين برنتن,Mahmud Mahmud,NULL,NULL,NULL,NULL,1450,NULL,NULL,NULL,NULL,author,NULL,NULL,NULL,13,NULL,NULL,NULL,NULL,1450MahmudMahmud,OpenITI 2025.1.9
1450MahmudMuhammadCali,محمود محمد علي,Mahmud Muhammad Cali,NULL,NULL,NULL,NULL,1450,NULL,NULL,NULL,NULL,author,NULL,NULL,NULL,2,NULL,NULL,NULL,NULL,1450MahmudMuhammadCali,OpenITI 2025.1.9
1450MajalisAlMuhammad,NULL,Majalis Al Muhammad,NULL,NULL,NULL,NULL,1450,NULL,NULL,NULL,NULL,author,NULL,NULL,NULL,1,NULL,NULL,NULL,NULL,1450MajalisAlMuhammad,OpenITI 2025.1.9
1450MajidIbnHashimMutawakkil,NULL,Majid Ibn Hashim Mutawakkil,NULL,NULL,NULL,NULL,1450,NULL,NULL,NULL,NULL,author,NULL,NULL,NULL,1,NULL,NULL,NULL,NULL,1450MajidIbnHashimMutawakkil,OpenITI 2025.1.9
1450MajmacFikrIslami,مجمع الفكر الإسلامي,Majmac Fikr Islami,NULL,NULL,NULL,NULL,1450,NULL,NULL,NULL,NULL,author,NULL,NULL,NULL,1,NULL,NULL,NULL,NULL,1450MajmacFikrIslami,OpenITI 2025.1.9
1450MarwaCabdFattahShahata,أليس مونرو,Marwa Cabd Fattah Shahata,NULL,NULL,NULL,NULL,1450,NULL,NULL,NULL,NULL,author,NULL,NULL,NULL,3,NULL,NULL,NULL,NULL,1450MarwaCabdFattahShahata,OpenITI 2025.1.9
1450MarwaCabdSalam,أليس مونرو,Marwa Cabd Salam,NULL,NULL,NULL,NULL,1450,NULL,NULL,NULL,NULL,author,NULL,NULL,NULL,3,NULL,NULL,NULL,NULL,1450MarwaCabdSalam,OpenITI 2025.1.9
1450MarzuqZahrani,مرزوق الزهراني,Marzuq Zahrani,NULL,NULL,Marzūq al-Zahrānī,NULL,1450,NULL,NULL,NULL,NULL,author,NULL,NULL,NULL,1,NULL,NULL,NULL,NULL,1450MarzuqZahrani,OpenITI 2025.1.9
1450MawqicIslam,علماء وطلبة علم,Mawqic Islam,NULL,NULL,NULL,NULL,1450,NULL,NULL,NULL,NULL,author,NULL,NULL,NULL,1,NULL,NULL,NULL,NULL,1450MawqicIslam,OpenITI 2025.1.9
1450MawsucaShicriya,تم جمعه من موقع الموسوعة الشعرية,Mawsuca Shicriya,NULL,NULL,NULL,NULL,1450,NULL,NULL,NULL,NULL,author,NULL,NULL,NULL,1,NULL,NULL,NULL,NULL,1450MawsucaShicriya,OpenITI 2025.1.9
1450MaysaraCafifi,None,Maysara Cafifi,NULL,NULL,NULL,NULL,1450,NULL,NULL,NULL,NULL,author,NULL,NULL,NULL,3,NULL,NULL,NULL,NULL,1450MaysaraCafifi,OpenITI 2025.1.9
1450Milani,السيد علي الميلاني,Milani,NULL,NULL,NULL,NULL,1450,NULL,NULL,NULL,NULL,author,NULL,NULL,NULL,3,NULL,NULL,NULL,NULL,1450Milani,OpenITI 2025.1.9
1450MishilNashatShafiqHanna,فريدريك كابلن,Mishil Nashat Shafiq Hanna,NULL,NULL,NULL,NULL,1450,NULL,NULL,NULL,NULL,author,NULL,NULL,NULL,1,NULL,NULL,NULL,NULL,1450MishilNashatShafiqHanna,OpenITI 2025.1.9
1450MuassasatImamZayd,NULL,Muassasat Imam Zayd,NULL,NULL,NULL,NULL,1450,NULL,NULL,NULL,NULL,author,NULL,NULL,NULL,1,NULL,NULL,NULL,NULL,1450MuassasatImamZayd,OpenITI 2025.1.9
1450MuctazzAhmadCabdFattah,معتز أحمد عبد الفتاح,Muctazz Ahmad Cabd Fattah,NULL,NULL,NULL,NULL,1450,NULL,NULL,NULL,NULL,author,NULL,NULL,NULL,1,NULL,NULL,NULL,NULL,1450MuctazzAhmadCabdFattah,OpenITI 2025.1.9
1450MufarrijAhmadRabaci,NULL,Mufarrij Ahmad Rabaci,NULL,NULL,NULL,NULL,1450,NULL,NULL,NULL,NULL,author,NULL,NULL,NULL,1,NULL,NULL,NULL,NULL,1450MufarrijAhmadRabaci,OpenITI 2025.1.9
1450MuhammadAbuZayd,محمد أبو زيد,Muhammad Abu Zayd,NULL,NULL,NULL,NULL,1450,NULL,NULL,NULL,NULL,author,NULL,NULL,NULL,1,NULL,NULL,NULL,NULL,1450MuhammadAbuZayd,OpenITI 2025.1.9
1450MuhammadAhmadShaykhun,أليس مونرو,Muhammad Ahmad Shaykhun,NULL,NULL,NULL,NULL,1450,NULL,NULL,NULL,NULL,author,NULL,NULL,NULL,1,NULL,NULL,NULL,NULL,1450MuhammadAhmadShaykhun,OpenITI 2025.1.9
1450MuhammadCabdAllahCawadMuayyidi,السيد العلامة محمد بن عبد الله عوض المؤيدي حفظه الله تعالى,Muhammad Cabd Allah Cawad Muayyidi,NULL,NULL,NULL,NULL,1450,NULL,NULL,NULL,NULL,author,NULL,NULL,NULL,3,NULL,NULL,NULL,NULL,1450MuhammadCabdAllahCawadMuayyidi,OpenITI 2025.1.9
1450MuhammadCabdKarimCubayd,محمد بن إسماعيل بن إبراهيم بن المغيرة البخاري، أبو عبد الله (المتوفى: 256هـ),Muhammad Cabd Karim Cubayd,NULL,NULL,NULL,NULL,1450,NULL,NULL,NULL,NULL,author,NULL,NULL,NULL,1,NULL,NULL,NULL,NULL,1450MuhammadCabdKarimCubayd,OpenITI 2025.1.9
1450MuhammadCabdNabi,محمد عبد النبي,Muhammad Cabd Nabi,NULL,NULL,NULL,NULL,1450,NULL,NULL,NULL,NULL,author,NULL,NULL,NULL,2,NULL,NULL,NULL,NULL,1450MuhammadCabdNabi,OpenITI 2025.1.9
1450MuhammadCabdRahmanSalama,أندرو بووي,Muhammad Cabd Rahman Salama,NULL,NULL,NULL,NULL,1450,NULL,NULL,NULL,NULL,author,NULL,NULL,NULL,1,NULL,NULL,NULL,NULL,1450MuhammadCabdRahmanSalama,OpenITI 2025.1.9
1450MuhammadCatif,محمد عاطف,Muhammad Catif,NULL,NULL,NULL,NULL,1450,NULL,NULL,NULL,NULL,author,NULL,NULL,NULL,1,NULL,NULL,NULL,NULL,1450MuhammadCatif,OpenITI 2025.1.9
1450MuhammadCijajKhatib,الدكتور محمد عجاج خطيب,Muhammad Cijaj Khatib,NULL,NULL,NULL,NULL,1450,NULL,NULL,NULL,NULL,author,NULL,NULL,NULL,3,NULL,NULL,NULL,NULL,1450MuhammadCijajKhatib,OpenITI 2025.1.9
1450MuhammadFahim,محمد الفاهم,Muhammad Fahim,NULL,NULL,NULL,NULL,1450,NULL,NULL,NULL,NULL,author,NULL,NULL,NULL,1,NULL,NULL,NULL,NULL,1450MuhammadFahim,OpenITI 2025.1.9
1450MuhammadFathiKhidr,جوزيف إم سيراكوسا,Muhammad Fathi Khidr,NULL,NULL,NULL,NULL,1450,NULL,NULL,NULL,NULL,author,NULL,NULL,NULL,4,NULL,NULL,NULL,NULL,1450MuhammadFathiKhidr,OpenITI 2025.1.9
1450MuhammadHadiYusufi,محمد هادي اليوسفي الغروي,Muhammad Hadi Yusufi,NULL,NULL,NULL,NULL,1450,NULL,NULL,NULL,NULL,author,NULL,NULL,NULL,1,NULL,NULL,NULL,NULL,1450MuhammadHadiYusufi,OpenITI 2025.1.9
1450MuhammadHamidDarwish,إريك إتش كلاين,Muhammad Hamid Darwish,NULL,NULL,NULL,NULL,1450,NULL,NULL,NULL,NULL,author,NULL,NULL,NULL,5,NULL,NULL,NULL,NULL,1450MuhammadHamidDarwish,OpenITI 2025.1.9
1450MuhammadHasanBakkai,ابن السكيت,Muhammad Hasan Bakkai,NULL,NULL,NULL,NULL,1450,NULL,NULL,NULL,NULL,author,NULL,NULL,NULL,1,NULL,NULL,NULL,NULL,1450MuhammadHasanBakkai,OpenITI 2025.1.9
1450MuhammadIbnCabdAllahCizzi,السيد العلامة محمد بن عبدالله بن سليمان العزي,Muhammad Ibn Cabd Allah Cizzi,NULL,NULL,NULL,NULL,1450,NULL,NULL,NULL,NULL,author,NULL,NULL,NULL,1,NULL,NULL,NULL,NULL,1450MuhammadIbnCabdAllahCizzi,OpenITI 2025.1.9
1450MuhammadIbnHasanCujri,محمد بن حسن العجري,Muhammad Ibn Hasan Cujri,NULL,NULL,NULL,NULL,1450,NULL,NULL,NULL,NULL,author,NULL,NULL,NULL,1,NULL,NULL,NULL,NULL,1450MuhammadIbnHasanCujri,OpenITI 2025.1.9
1450MuhammadIbnIbrahimHamad,الواحدي,Muhammad Ibn Ibrahim Hamad,NULL,NULL,NULL,NULL,1450,NULL,NULL,NULL,NULL,author,NULL,NULL,NULL,1,NULL,NULL,NULL,NULL,1450MuhammadIbnIbrahimHamad,OpenITI 2025.1.9
1450MuhammadIbnYahyaHuthi,محمد بن يحيى بن حسين الحوثي حفظه الله تعالى,Muhammad Ibn Yahya Huthi,NULL,NULL,NULL,NULL,1450,NULL,NULL,NULL,NULL,author,NULL,NULL,NULL,1,NULL,NULL,NULL,NULL,1450MuhammadIbnYahyaHuthi,OpenITI 2025.1.9
1450MuhammadIbrahimJundi,توماس بين,Muhammad Ibrahim Jundi,NULL,NULL,NULL,NULL,1450,NULL,NULL,NULL,NULL,author,NULL,NULL,NULL,2,NULL,NULL,NULL,NULL,1450MuhammadIbrahimJundi,OpenITI 2025.1.9
1450MuhammadIbrahimSayyid,مهنداس كارامشاند غاندي,Muhammad Ibrahim Sayyid,NULL,NULL,NULL,NULL,1450,NULL,NULL,NULL,NULL,author,NULL,NULL,NULL,2,NULL,NULL,NULL,NULL,1450MuhammadIbrahimSayyid,OpenITI 2025.1.9
1450MuhammadIsmacilMuqaddam,محمد إسماعيل المقدم,Muhammad Ismacil Muqaddam,NULL,NULL,NULL,NULL,1450,NULL,NULL,NULL,NULL,author,NULL,NULL,NULL,1,NULL,NULL,NULL,NULL,1450MuhammadIsmacilMuqaddam,OpenITI 2025.1.9
1450MuhammadJawadFaqih,الشيخ محمد جواد الفقيه,Muhammad Jawad Faqih,NULL,NULL,NULL,NULL,1450,NULL,NULL,NULL,NULL,author,NULL,NULL,NULL,1,NULL,NULL,NULL,NULL,1450MuhammadJawadFaqih,OpenITI 2025.1.9
1450MuhammadJawahiri,محمد الجواهري,Muhammad Jawahiri,NULL,NULL,NULL,NULL,1450,NULL,NULL,NULL,NULL,author,NULL,NULL,NULL,2,NULL,NULL,NULL,NULL,1450MuhammadJawahiri,OpenITI 2025.1.9
1450MuhammadKhalafSalama,محمد خلف سلامة,Muhammad Khalaf Salama,NULL,NULL,NULL,NULL,1450,NULL,NULL,NULL,NULL,author,NULL,NULL,NULL,1,NULL,NULL,NULL,NULL,1450MuhammadKhalafSalama,OpenITI 2025.1.9
1450MuhammadKhayrRamadan,محمد خير بن رمضان بن إسماعيل يوسف,Muhammad Khayr Ramadan,NULL,NULL,NULL,NULL,1450,NULL,NULL,NULL,NULL,author,NULL,NULL,NULL,1,NULL,NULL,NULL,NULL,1450MuhammadKhayrRamadan,OpenITI 2025.1.9
1450MuhammadMansurIbrahim,محمد المنصور بن إبراهيم,Muhammad Mansur Ibrahim,NULL,NULL,NULL,NULL,1450,NULL,NULL,NULL,NULL,author,NULL,NULL,NULL,1,NULL,NULL,NULL,NULL,1450MuhammadMansurIbrahim,OpenITI 2025.1.9
1450MuhammadMascadYaqut,محمد مسعد ياقوت,Muhammad Mascad Yaqut,NULL,NULL,NULL,NULL,1450,NULL,NULL,NULL,NULL,author,NULL,NULL,NULL,1,NULL,NULL,NULL,NULL,1450MuhammadMascadYaqut,OpenITI 2025.1.9
1450MuhammadQasimDaci,NULL,Muhammad Qasim Daci,NULL,NULL,NULL,NULL,1450,NULL,NULL,NULL,NULL,author,NULL,NULL,NULL,1,NULL,NULL,NULL,NULL,1450MuhammadQasimDaci,OpenITI 2025.1.9
1450MuhammadRiyad,محمد رياض,Muhammad Riyad,NULL,NULL,NULL,NULL,1450,NULL,NULL,NULL,NULL,author,NULL,NULL,NULL,8,NULL,NULL,NULL,NULL,1450MuhammadRiyad,OpenITI 2025.1.9
1450MuhammadSacdTantawi,تي إيه هبنهايمر,Muhammad Sacd Tantawi,NULL,NULL,NULL,NULL,1450,NULL,NULL,NULL,NULL,author,NULL,NULL,NULL,6,NULL,NULL,NULL,NULL,1450MuhammadSacdTantawi,OpenITI 2025.1.9
1450MuhammadSacidJamalDin,مجهول - من أهل القرن السابع الهجري,Muhammad Sacid Jamal Din,NULL,NULL,NULL,NULL,1450,NULL,NULL,NULL,NULL,author,NULL,NULL,NULL,1,NULL,NULL,NULL,NULL,1450MuhammadSacidJamalDin,OpenITI 2025.1.9
1450MuhammadSadiqNajmi,للشيخ محمد صادق النجمي,Muhammad Sadiq Najmi,NULL,NULL,NULL,NULL,1450,NULL,NULL,NULL,NULL,author,NULL,NULL,NULL,1,NULL,NULL,NULL,NULL,1450MuhammadSadiqNajmi,OpenITI 2025.1.9
1450MuhammadSalimCabada,محمد سالم عبادة,Muhammad Salim Cabada,NULL,NULL,NULL,NULL,1450,NULL,NULL,NULL,NULL,author,NULL,NULL,NULL,2,NULL,NULL,NULL,NULL,1450MuhammadSalimCabada,OpenITI 2025.1.9
1450MuhammadSibaci,محمد السِّباعي,Muhammad Sibaci,NULL,NULL,NULL,NULL,1450,NULL,NULL,NULL,NULL,author,NULL,NULL,NULL,2,NULL,NULL,NULL,NULL,1450MuhammadSibaci,OpenITI 2025.1.9
1450MuhammadTalbaNassar,أنتوني جوتليب,Muhammad Talba Nassar,NULL,NULL,NULL,NULL,1450,NULL,NULL,NULL,NULL,author,NULL,NULL,NULL,1,NULL,NULL,NULL,NULL,1450MuhammadTalbaNassar,OpenITI 2025.1.9
1450MuhammadTawfiqSahli,محمد توفيق السهلي,Muhammad Tawfiq Sahli,NULL,NULL,NULL,NULL,1450,NULL,NULL,NULL,NULL,author,NULL,NULL,NULL,1,NULL,NULL,NULL,NULL,1450MuhammadTawfiqSahli,OpenITI 2025.1.9
1450MuhammadTijaniSamawi,محمد التيجاني السماوي,Muhammad Tijani Samawi,NULL,NULL,NULL,NULL,1450,NULL,NULL,NULL,NULL,author,NULL,NULL,NULL,1,NULL,NULL,NULL,NULL,1450MuhammadTijaniSamawi,OpenITI 2025.1.9
1450MuhammadYahyaCazzan,NULL,Muhammad Yahya Cazzan,NULL,NULL,NULL,NULL,1450,NULL,NULL,NULL,NULL,author,NULL,NULL,NULL,3,NULL,NULL,NULL,NULL,1450MuhammadYahyaCazzan,OpenITI 2025.1.9
1450MuhammadYahyaCizzan,محمد يحيى سالم عزان,Muhammad Yahya Cizzan,NULL,NULL,NULL,NULL,1450,NULL,NULL,NULL,NULL,author,NULL,NULL,NULL,3,NULL,NULL,NULL,NULL,1450MuhammadYahyaCizzan,OpenITI 2025.1.9
1450MuhammadZaynDin,الدكتور محمد زين الدين,Muhammad Zayn Din,NULL,NULL,NULL,NULL,1450,NULL,NULL,NULL,NULL,author,NULL,NULL,NULL,1,NULL,NULL,NULL,NULL,1450MuhammadZaynDin,OpenITI 2025.1.9
1450MuhannadRahma,مهند رحمه,Muhannad Rahma,NULL,NULL,NULL,NULL,1450,NULL,NULL,NULL,NULL,author,NULL,NULL,NULL,2,NULL,NULL,NULL,NULL,1450MuhannadRahma,OpenITI 2025.1.9
1450MuhibNasr,مهيب نصر,Muhib Nasr,NULL,NULL,NULL,NULL,1450,NULL,NULL,NULL,NULL,author,NULL,NULL,NULL,1,NULL,NULL,NULL,NULL,1450MuhibNasr,OpenITI 2025.1.9
1450MuhsinFirjani,سونبين,Muhsin Firjani,NULL,NULL,NULL,NULL,1450,NULL,NULL,NULL,NULL,author,NULL,NULL,NULL,1,NULL,NULL,NULL,NULL,1450MuhsinFirjani,OpenITI 2025.1.9
1450MujahidAbuFadl,إين براون,Mujahid Abu Fadl,NULL,NULL,NULL,NULL,1450,NULL,NULL,NULL,NULL,author,NULL,NULL,NULL,1,NULL,NULL,NULL,NULL,1450MujahidAbuFadl,OpenITI 2025.1.9
1450Multiple,NULL,Multiple,NULL,NULL,NULL,NULL,1450,NULL,NULL,NULL,NULL,author,NULL,NULL,NULL,1,NULL,NULL,NULL,NULL,1450Multiple,OpenITI 2025.1.9
1450MultipleAuthors,الشيخ الصدوق,Multiple Authors,NULL,NULL,NULL,NULL,1450,NULL,NULL,NULL,NULL,author,NULL,NULL,NULL,3,NULL,NULL,NULL,NULL,1450MultipleAuthors,OpenITI 2025.1.9
1450MuminMahmudRamadanAhmad,أوليفر جلوج,Mumin Mahmud Ramadan Ahmad,NULL,NULL,NULL,NULL,1450,NULL,NULL,NULL,NULL,author,NULL,NULL,NULL,1,NULL,NULL,NULL,NULL,1450MuminMahmudRamadanAhmad,OpenITI 2025.1.9
1450MurtadaCaskari,السيد مرتضى العسكري,Murtada Caskari,NULL,NULL,NULL,NULL,1450,NULL,NULL,NULL,NULL,author,NULL,NULL,NULL,3,NULL,NULL,NULL,NULL,1450MurtadaCaskari,OpenITI 2025.1.9
1450MurtadaMilani,مرتضى الميلاني,Murtada Milani,NULL,NULL,NULL,NULL,1450,NULL,NULL,NULL,NULL,author,NULL,NULL,NULL,1,NULL,NULL,NULL,NULL,1450MurtadaMilani,OpenITI 2025.1.9
1450MustafaMuhammadFuad,إديث نسبيت,Mustafa Muhammad Fuad,NULL,NULL,NULL,NULL,1450,NULL,NULL,NULL,NULL,author,NULL,NULL,NULL,3,NULL,NULL,NULL,NULL,1450MustafaMuhammadFuad,OpenITI 2025.1.9
1450MutamarImamRida,مؤتمر الامام رضى,Mutamar Imam Rida,NULL,NULL,Muʾtamar al-Imām Riḍá,NULL,1450,NULL,NULL,NULL,NULL,author,NULL,NULL,NULL,1,NULL,NULL,NULL,NULL,1450MutamarImamRida,OpenITI 2025.1.9
1450MuznaRiyadKamal,مُزنة رياض كمال,Muzna Riyad Kamal,NULL,NULL,NULL,NULL,1450,NULL,NULL,NULL,NULL,author,NULL,NULL,NULL,1,NULL,NULL,NULL,NULL,1450MuznaRiyadKamal,OpenITI 2025.1.9
1450NabilCadli,روبرت بار,Nabil Cadli,NULL,NULL,NULL,NULL,1450,NULL,NULL,NULL,NULL,author,NULL,NULL,NULL,1,NULL,NULL,NULL,NULL,1450NabilCadli,OpenITI 2025.1.9
1450NahidHindi,ناهض الهندي,Nahid Hindi,NULL,NULL,NULL,NULL,1450,NULL,NULL,NULL,NULL,author,NULL,NULL,NULL,1,NULL,NULL,NULL,NULL,1450NahidHindi,OpenITI 2025.1.9
1450NahlaDarbi,أليس مونرو,Nahla Darbi,NULL,NULL,NULL,NULL,1450,NULL,NULL,NULL,NULL,author,NULL,NULL,NULL,2,NULL,NULL,NULL,NULL,1450NahlaDarbi,OpenITI 2025.1.9
1450NajlaLutfi,نجلاء لطفي,Najla Lutfi,NULL,NULL,NULL,NULL,1450,NULL,NULL,NULL,NULL,author,NULL,NULL,NULL,1,NULL,NULL,NULL,NULL,1450NajlaLutfi,OpenITI 2025.1.9
1450NasirMakarimShirazi,الشيخ ناصر مكارم الشيرازي,Nasir Makarim Shirazi,NULL,NULL,NULL,NULL,1450,NULL,NULL,NULL,NULL,author,NULL,NULL,NULL,2,NULL,NULL,NULL,NULL,1450NasirMakarimShirazi,OpenITI 2025.1.9
1450NirminSharqawi,أنتونيا فيرينباخ,Nirmin Sharqawi,NULL,NULL,NULL,NULL,1450,NULL,NULL,NULL,NULL,author,NULL,NULL,NULL,1,NULL,NULL,NULL,NULL,1450NirminSharqawi,OpenITI 2025.1.9
1450NivinCabdRauf,كريستوفر باتلر,Nivin Cabd Rauf,NULL,NULL,NULL,NULL,1450,NULL,NULL,NULL,NULL,author,NULL,NULL,NULL,3,NULL,NULL,NULL,NULL,1450NivinCabdRauf,OpenITI 2025.1.9
1450NizarHammadi,NULL,Nizar Hammadi,NULL,NULL,NULL,NULL,1450,NULL,NULL,NULL,NULL,author,NULL,NULL,NULL,1,NULL,NULL,NULL,NULL,1450NizarHammadi,OpenITI 2025.1.9
1450NurhanSurt,هربرت جورج ويلز,Nurhan Surt,NULL,NULL,NULL,NULL,1450,NULL,NULL,NULL,NULL,author,NULL,NULL,NULL,1,NULL,NULL,NULL,NULL,1450NurhanSurt,OpenITI 2025.1.9
1450QasimCaliSacd,NA,Qasim Cali Sacd,NULL,NULL,NULL,NULL,1450,NULL,NULL,NULL,NULL,author,NULL,NULL,NULL,2,NULL,NULL,NULL,NULL,1450QasimCaliSacd,OpenITI 2025.1.9
1450QasimHasanQasimSiraji,NULL,Qasim Hasan Qasim Siraji,NULL,NULL,NULL,NULL,1450,NULL,NULL,NULL,NULL,author,NULL,NULL,NULL,1,NULL,NULL,NULL,NULL,1450QasimHasanQasimSiraji,OpenITI 2025.1.9
1450QasimIbnAhmadHusayni,القاسم بن أحمد بن الإمام المهدي محمد بن القاسم الحوثي,Qasim Ibn Ahmad Husayni,NULL,NULL,NULL,NULL,1450,NULL,NULL,NULL,NULL,author,NULL,NULL,NULL,1,NULL,NULL,NULL,NULL,1450QasimIbnAhmadHusayni,OpenITI 2025.1.9
1450QustandiRizq,قسطندي رزق,Qustandi Rizq,NULL,NULL,NULL,NULL,1450,NULL,NULL,NULL,NULL,author,NULL,NULL,NULL,1,NULL,NULL,NULL,NULL,1450QustandiRizq,OpenITI 2025.1.9
1450RashaSalahDakhakhni,لويس برومفيلد,Rasha Salah Dakhakhni,NULL,NULL,NULL,NULL,1450,NULL,NULL,NULL,NULL,author,NULL,NULL,NULL,1,NULL,NULL,NULL,NULL,1450RashaSalahDakhakhni,OpenITI 2025.1.9
1450RashidCalawi,رشيد العلوي,Rashid Calawi,NULL,NULL,NULL,NULL,1450,NULL,NULL,NULL,NULL,author,NULL,NULL,NULL,1,NULL,NULL,NULL,NULL,1450RashidCalawi,OpenITI 2025.1.9
1450RihabSalahDin,كوينتن سكينر,Rihab Salah Din,NULL,NULL,NULL,NULL,1450,NULL,NULL,NULL,NULL,author,NULL,NULL,NULL,2,NULL,NULL,NULL,NULL,1450RihabSalahDin,OpenITI 2025.1.9
1450RiyadHammadi,رياض حمَّادي‎,Riyad Hammadi,NULL,NULL,NULL,NULL,1450,NULL,NULL,NULL,NULL,author,NULL,NULL,NULL,2,NULL,NULL,NULL,NULL,1450RiyadHammadi,OpenITI 2025.1.9
1450SacdiMahdiHashimi,الرازي، أبو زرعة,Sacdi Mahdi Hashimi,NULL,NULL,NULL,NULL,1450,NULL,NULL,NULL,NULL,author,NULL,NULL,NULL,1,NULL,NULL,NULL,NULL,1450SacdiMahdiHashimi,OpenITI 2025.1.9
1450SadiqRuhani,السيد محمد صادق الروحاني,Sadiq Ruhani,NULL,NULL,NULL,NULL,1450,NULL,NULL,NULL,NULL,author,NULL,NULL,NULL,4,NULL,NULL,NULL,NULL,1450SadiqRuhani,OpenITI 2025.1.9
1450SafaCamiri,NULL,Safa Camiri,NULL,NULL,NULL,NULL,1450,NULL,NULL,NULL,NULL,author,NULL,NULL,NULL,1,NULL,NULL,NULL,NULL,1450SafaCamiri,OpenITI 2025.1.9
1450SafiyaMukhtar,فيبر بيرين,Safiya Mukhtar,NULL,NULL,NULL,NULL,1450,NULL,NULL,NULL,NULL,author,NULL,NULL,NULL,7,NULL,NULL,NULL,NULL,1450SafiyaMukhtar,OpenITI 2025.1.9
1450SaharKhawatimi,سحر خواتمي,Sahar Khawatimi,NULL,NULL,NULL,NULL,1450,NULL,NULL,NULL,NULL,author,NULL,NULL,NULL,1,NULL,NULL,NULL,NULL,1450SaharKhawatimi,OpenITI 2025.1.9
1450SaibCabdHamid,صائب عبد الحميد,Saib Cabd Hamid,NULL,NULL,NULL,NULL,1450,NULL,NULL,NULL,NULL,author,NULL,NULL,NULL,1,NULL,NULL,NULL,NULL,1450SaibCabdHamid,OpenITI 2025.1.9
1450SairBasmaji,سائر بصمه جي,Sair Basmaji,NULL,NULL,NULL,NULL,1450,NULL,NULL,NULL,NULL,author,NULL,NULL,NULL,3,NULL,NULL,NULL,NULL,1450SairBasmaji,OpenITI 2025.1.9
1450SalahCabdCazizZaynSalama,محمد بن الحسن ابن زبالة,Salah Cabd Caziz Zayn Salama,NULL,NULL,NULL,NULL,1450,NULL,NULL,NULL,NULL,author,NULL,NULL,NULL,1,NULL,NULL,NULL,NULL,1450SalahCabdCazizZaynSalama,OpenITI 2025.1.9
1450SalahHilal,أرنو جايجر,Salah Hilal,NULL,NULL,NULL,NULL,1450,NULL,NULL,NULL,NULL,author,NULL,NULL,NULL,1,NULL,NULL,NULL,NULL,1450SalahHilal,OpenITI 2025.1.9
1450SalahIbnAhmadFulayta,القاضي العلامة صلاح بن أحمد فليته,Salah Ibn Ahmad Fulayta,NULL,NULL,NULL,NULL,1450,NULL,NULL,NULL,NULL,author,NULL,NULL,NULL,2,NULL,NULL,NULL,NULL,1450SalahIbnAhmadFulayta,OpenITI 2025.1.9
1450SalahMuhammadKhiyami,صلاح محمد الخيمى,Salah Muhammad Khiyami,NULL,NULL,NULL,NULL,1450,NULL,NULL,NULL,NULL,author,NULL,NULL,NULL,1,NULL,NULL,NULL,NULL,1450SalahMuhammadKhiyami,OpenITI 2025.1.9
1450SalihFawzan,صالح بن فوزان بن عبد الله الفوزان,Salih Fawzan,NULL,NULL,NULL,NULL,1450,NULL,NULL,NULL,NULL,author,NULL,NULL,NULL,1,NULL,NULL,NULL,NULL,1450SalihFawzan,OpenITI 2025.1.9
1450SamihCabdKarimSalih,كريستوف أندريه,Samih Cabd Karim Salih,NULL,NULL,NULL,NULL,1450,NULL,NULL,NULL,NULL,author,NULL,NULL,NULL,1,NULL,NULL,NULL,NULL,1450SamihCabdKarimSalih,OpenITI 2025.1.9
1450SamirCabdRabbih,تشينوا أتشيبي,Samir Cabd Rabbih,NULL,NULL,NULL,NULL,1450,NULL,NULL,NULL,NULL,author,NULL,NULL,NULL,1,NULL,NULL,NULL,NULL,1450SamirCabdRabbih,OpenITI 2025.1.9
1450SamirNurDinDardur,سمير نور الدين دردور,Samir Nur Din Dardur,NULL,NULL,NULL,NULL,1450,NULL,NULL,NULL,NULL,author,NULL,NULL,NULL,1,NULL,NULL,NULL,NULL,1450SamirNurDinDardur,OpenITI 2025.1.9
1450SaraCadil,آرثر جرينبرج,Sara Cadil,NULL,NULL,NULL,NULL,1450,NULL,NULL,NULL,NULL,author,NULL,NULL,NULL,1,NULL,NULL,NULL,NULL,1450SaraCadil,OpenITI 2025.1.9
1450SaraRajaiYusuf,كلود كيتيل,Sara Rajai Yusuf,NULL,NULL,NULL,NULL,1450,NULL,NULL,NULL,NULL,author,NULL,NULL,NULL,1,NULL,NULL,NULL,NULL,1450SaraRajaiYusuf,OpenITI 2025.1.9
1450SaraTahaCallam,أنتونيا سوزان بيات,Sara Taha Callam,NULL,NULL,NULL,NULL,1450,NULL,NULL,NULL,NULL,author,NULL,NULL,NULL,1,NULL,NULL,NULL,NULL,1450SaraTahaCallam,OpenITI 2025.1.9
1450SaraYaqut,بي دي جيمس,Sara Yaqut,NULL,NULL,NULL,NULL,1450,NULL,NULL,NULL,NULL,author,NULL,NULL,NULL,2,NULL,NULL,NULL,NULL,1450SaraYaqut,OpenITI 2025.1.9
1450SayyidCaliIsmacil,سيد علي إسماعيل,Sayyid Cali Ismacil,NULL,NULL,NULL,NULL,1450,NULL,NULL,NULL,NULL,author,NULL,NULL,NULL,10,NULL,NULL,NULL,NULL,1450SayyidCaliIsmacil,OpenITI 2025.1.9
1450SayyidSistani,NULL,Sayyid Sistani,NULL,NULL,NULL,NULL,1450,NULL,NULL,NULL,NULL,author,NULL,NULL,NULL,1,NULL,NULL,NULL,NULL,1450SayyidSistani,OpenITI 2025.1.9
1450ShahabYasin,أليس مونرو,Shahab Yasin,NULL,NULL,NULL,NULL,1450,NULL,NULL,NULL,NULL,author,NULL,NULL,NULL,1,NULL,NULL,NULL,NULL,1450ShahabYasin,OpenITI 2025.1.9
1450SharifShubashi,شريف الشوباشي,Sharif Shubashi,NULL,NULL,NULL,NULL,1450,NULL,NULL,NULL,NULL,author,NULL,NULL,NULL,1,NULL,NULL,NULL,NULL,1450SharifShubashi,OpenITI 2025.1.9
1450ShawqiJalal,شوقي جلال,Shawqi Jalal,NULL,NULL,NULL,NULL,1450,NULL,NULL,NULL,NULL,author,NULL,NULL,NULL,3,NULL,NULL,NULL,NULL,1450ShawqiJalal,OpenITI 2025.1.9
1450ShaymaCabdHakimTaha,جون آر برادلي,Shayma Cabd Hakim Taha,NULL,NULL,NULL,NULL,1450,NULL,NULL,NULL,NULL,author,NULL,NULL,NULL,1,NULL,NULL,NULL,NULL,1450ShaymaCabdHakimTaha,OpenITI 2025.1.9
1450ShaymaTahaRaydi,بول أرون,Shayma Taha Raydi,NULL,NULL,NULL,NULL,1450,NULL,NULL,NULL,NULL,author,NULL,NULL,NULL,10,NULL,NULL,NULL,NULL,1450ShaymaTahaRaydi,OpenITI 2025.1.9
1450ShirinYunus,شرين يونس,Shirin Yunus,NULL,NULL,NULL,NULL,1450,NULL,NULL,NULL,NULL,author,NULL,NULL,NULL,2,NULL,NULL,NULL,NULL,1450ShirinYunus,OpenITI 2025.1.9
1450SirajDinCidlan,NULL,Siraj Din Cidlan,NULL,NULL,NULL,NULL,1450,NULL,NULL,NULL,NULL,author,NULL,NULL,NULL,2,NULL,NULL,NULL,NULL,1450SirajDinCidlan,OpenITI 2025.1.9
1450SuhaShami,مايكل ديفيد لوكاس,Suha Shami,NULL,NULL,NULL,NULL,1450,NULL,NULL,NULL,NULL,author,NULL,NULL,NULL,3,NULL,NULL,NULL,NULL,1450SuhaShami,OpenITI 2025.1.9
1450SuncAllahIbrahim,صنع الله إبراهيم,Sunc Allah Ibrahim,NULL,NULL,NULL,NULL,1450,NULL,NULL,NULL,NULL,author,NULL,NULL,NULL,11,NULL,NULL,NULL,NULL,1450SuncAllahIbrahim,OpenITI 2025.1.9
1450TalalSacudDacjani,NULL,Talal Sacud Dacjani,NULL,NULL,NULL,NULL,1450,NULL,NULL,NULL,NULL,author,NULL,NULL,NULL,1,NULL,NULL,NULL,NULL,1450TalalSacudDacjani,OpenITI 2025.1.9
1450TarhibDawsari,ترحيب بن ربيعان الدوسري,Tarhib Dawsari,NULL,NULL,NULL,NULL,1450,NULL,NULL,NULL,NULL,author,NULL,NULL,NULL,2,NULL,NULL,NULL,NULL,1450TarhibDawsari,OpenITI 2025.1.9
1450TullabKSU,علاء الدين مغلطاي,Tullab KSU,NULL,NULL,NULL,NULL,1450,NULL,NULL,NULL,NULL,author,NULL,NULL,NULL,1,NULL,NULL,NULL,NULL,1450TullabKSU,OpenITI 2025.1.9
1450UmamaLawati,أمامة اللواتي,Umama Lawati,NULL,NULL,NULL,NULL,1450,NULL,NULL,NULL,NULL,author,NULL,NULL,NULL,1,NULL,NULL,NULL,NULL,1450UmamaLawati,OpenITI 2025.1.9
1450UmniyyaTalcat,جوزفين تاي,Umniyya Talcat,NULL,NULL,NULL,NULL,1450,NULL,NULL,NULL,NULL,author,NULL,NULL,NULL,1,NULL,NULL,NULL,NULL,1450UmniyyaTalcat,OpenITI 2025.1.9
1450WahidKhurasani,الشيخ وحيد الخراساني,Wahid Khurasani,NULL,NULL,NULL,NULL,1450,NULL,NULL,NULL,NULL,author,NULL,NULL,NULL,1,NULL,NULL,NULL,NULL,1450WahidKhurasani,OpenITI 2025.1.9
1450WalidHusayn,تقي الدين أبو العباس أحمد بن عبد الحليم بن عبد السلام بن عبد الله بن أبي القاسم بن محمد ابن تيمية الحراني الحنبلي الدمشقي,Walid Husayn,NULL,NULL,NULL,NULL,1450,NULL,NULL,NULL,NULL,author,NULL,NULL,NULL,1,NULL,NULL,NULL,NULL,1450WalidHusayn,OpenITI 2025.1.9
1450WalidJalal,وليد جلال,Walid Jalal,NULL,NULL,NULL,NULL,1450,NULL,NULL,NULL,NULL,author,NULL,NULL,NULL,1,NULL,NULL,NULL,NULL,1450WalidJalal,OpenITI 2025.1.9
1450WalidUmawi,وليد بن حسني بن بدوي بن محمد الأموي,Walid Umawi,NULL,NULL,NULL,NULL,1450,NULL,NULL,NULL,NULL,author,NULL,NULL,NULL,1,NULL,NULL,NULL,NULL,1450WalidUmawi,OpenITI 2025.1.9
1450WilferdMadelung,NULL,Wilferd Madelung,NULL,NULL,NULL,NULL,1450,NULL,NULL,NULL,NULL,author,NULL,NULL,NULL,1,NULL,NULL,NULL,NULL,1450WilferdMadelung,OpenITI 2025.1.9
1450WizaraAwqafMisriyya,موقع وزارة الأوقاف المصرية,Wizara Awqaf Misriyya,NULL,NULL,NULL,NULL,1450,NULL,NULL,NULL,NULL,author,NULL,NULL,NULL,1,NULL,NULL,NULL,NULL,1450WizaraAwqafMisriyya,OpenITI 2025.1.9
1450YahyaCabdKarimFadil,NULL,Yahya Cabd Karim Fadil,NULL,NULL,NULL,NULL,1450,NULL,NULL,NULL,NULL,author,NULL,NULL,NULL,1,NULL,NULL,NULL,NULL,1450YahyaCabdKarimFadil,OpenITI 2025.1.9
1450YasirCabdRahman,ياسر عبد الرحمن,Yasir Cabd Rahman,NULL,NULL,NULL,NULL,1450,NULL,NULL,NULL,NULL,author,NULL,NULL,NULL,1,NULL,NULL,NULL,NULL,1450YasirCabdRahman,OpenITI 2025.1.9
1450YasirHasan,كيمبرلي رينولدز,Yasir Hasan,NULL,NULL,NULL,NULL,1450,NULL,NULL,NULL,NULL,author,NULL,NULL,NULL,3,NULL,NULL,NULL,NULL,1450YasirHasan,OpenITI 2025.1.9
1450YasminCarabi,جورج أورويل,Yasmin Carabi,NULL,NULL,NULL,NULL,1450,NULL,NULL,NULL,NULL,author,NULL,NULL,NULL,4,NULL,NULL,NULL,NULL,1450YasminCarabi,OpenITI 2025.1.9
1450YumnaTarifKhuli,يمنى طريف الخولي,Yumna Tarif Khuli,NULL,NULL,NULL,NULL,1450,NULL,NULL,NULL,NULL,author,NULL,NULL,NULL,12,NULL,NULL,NULL,NULL,1450YumnaTarifKhuli,OpenITI 2025.1.9
1450YusufBakar,نظام الملك حسين الطوسي,Yusuf Bakar,NULL,NULL,NULL,NULL,1450,NULL,NULL,NULL,NULL,author,NULL,NULL,NULL,1,NULL,NULL,NULL,NULL,1450YusufBakar,OpenITI 2025.1.9
1450YusufHadi,مجهول,Yusuf Hadi,NULL,NULL,NULL,NULL,1450,NULL,NULL,NULL,NULL,author,NULL,NULL,NULL,2,NULL,NULL,NULL,NULL,1450YusufHadi,OpenITI 2025.1.9
1450YusufNabil,فولتير,Yusuf Nabil,NULL,NULL,NULL,NULL,1450,NULL,NULL,NULL,NULL,author,NULL,NULL,NULL,1,NULL,NULL,NULL,NULL,1450YusufNabil,OpenITI 2025.1.9
1450ZahraSami,كيليب إفريت,Zahra Sami,NULL,NULL,NULL,NULL,1450,NULL,NULL,NULL,NULL,author,NULL,NULL,NULL,5,NULL,NULL,NULL,NULL,1450ZahraSami,OpenITI 2025.1.9
1450ZaynabCabdTawwabRiyad,زينب عبد التواب رياض,Zaynab Cabd Tawwab Riyad,NULL,NULL,NULL,NULL,1450,NULL,NULL,NULL,NULL,author,NULL,NULL,NULL,2,NULL,NULL,NULL,NULL,1450ZaynabCabdTawwabRiyad,OpenITI 2025.1.9
1450ZaynabCatif,ويليام دويل,Zaynab Catif,NULL,NULL,NULL,NULL,1450,NULL,NULL,NULL,NULL,author,NULL,NULL,NULL,5,NULL,NULL,NULL,NULL,1450ZaynabCatif,OpenITI 2025.1.9
1450ZiyadIbrahim,دادلي أندرو,Ziyad Ibrahim,NULL,NULL,NULL,NULL,1450,NULL,NULL,NULL,NULL,author,NULL,NULL,NULL,1,NULL,NULL,NULL,NULL,1450ZiyadIbrahim,OpenITI 2025.1.9
1450Zuhayli,محمد مصطفى الزحيلي,Zuhayli,NULL,NULL,NULL,NULL,1450,NULL,NULL,NULL,NULL,author,NULL,NULL,NULL,1,NULL,NULL,NULL,NULL,1450Zuhayli,OpenITI 2025.1.9
