duplicate_group_id,work_id,reason,digital_version_ids,count
openiti:0001AbuTalibCabdManaf.Diwan,0001AbuTalibCabdManaf.Diwan,Multiple OpenITI digital versions of one work,0001AbuTalibCabdManaf.Diwan.JK007501-ara1 | 0001AbuTalibCabdManaf.Diwan.ShamAY0037822-ara1,2
openiti:0001AwsIbnHajar.Diwan,0001AwsIbnHajar.Diwan,Multiple OpenITI digital versions of one work,0001AwsIbnHajar.Diwan.JK007502-ara1 | 0001AwsIbnHajar.Diwan.ShamAY0037914-ara1,2
openiti:0001CalqamaFahl.Diwan,0001CalqamaFahl.Diwan,Multiple OpenITI digital versions of one work,0001CalqamaFahl.Diwan.JK007522-ara1 | 0001CalqamaFahl.Diwan.ShamAY0037936-ara1,2
openiti:0001CamrIbnKulthum.Diwan,0001CamrIbnKulthum.Diwan,Multiple OpenITI digital versions of one work,0001CamrIbnKulthum.Diwan.JK007524-ara1 | 0001CamrIbnKulthum.Diwan.ShamAY0037904-ara1,2
openiti:0001CamrIbnQumaya.Diwan,0001CamrIbnQumaya.Diwan,Multiple OpenITI digital versions of one work,0001CamrIbnQumaya.Diwan.JK007523-ara1 | 0001CamrIbnQumaya.Diwan.ShamAY0037903-ara1,2
openiti:0001CantaraIbnShaddad.Diwan,0001CantaraIbnShaddad.Diwan,Multiple OpenITI digital versions of one work,0001CantaraIbnShaddad.Diwan.JK007526-ara1 | 0001CantaraIbnShaddad.Diwan.LAL2018100901-ara2 | 0001CantaraIbnShaddad.Diwan.ShamAY0037906-ara1,3
openiti:0001CurwaIbnWard.Diwan,0001CurwaIbnWard.Diwan,Multiple OpenITI digital versions of one work,0001CurwaIbnWard.Diwan.JK007521-ara1 | 0001CurwaIbnWard.Diwan.ShamAY0037959-ara1,2
openiti:0001HarithIbnHilliza.Diwan,0001HarithIbnHilliza.Diwan,Multiple OpenITI digital versions of one work,0001HarithIbnHilliza.Diwan.JK007505-ara1 | 0001HarithIbnHilliza.Diwan.ShamAY0037848-ara1,2
openiti:0001HatimTai.Diwan,0001HatimTai.Diwan,Multiple OpenITI digital versions of one work,0001HatimTai.Diwan.JK007514-ara1 | 0001HatimTai.Diwan.ShamAY0037913-ara1,2
openiti:0001ImruQaysIbnHujr.Diwan,0001ImruQaysIbnHujr.Diwan,Multiple OpenITI digital versions of one work,0001ImruQaysIbnHujr.Diwan.JK007512-ara1 | 0001ImruQaysIbnHujr.Diwan.Shamela0027112-ara1,2
openiti:0001LaqitIbnYacmur.Diwan,0001LaqitIbnYacmur.Diwan,Multiple OpenITI digital versions of one work,0001LaqitIbnYacmur.Diwan.JK007528-ara1 | 0001LaqitIbnYacmur.Diwan.ShamAY0037835-ara1,2
openiti:0001MuhalhilIbnRabica.Diwan,0001MuhalhilIbnRabica.Diwan,Multiple OpenITI digital versions of one work,0001MuhalhilIbnRabica.Diwan.JK007529-ara1 | 0001MuhalhilIbnRabica.Diwan.ShamAY0037862-ara1,2
openiti:0001MuthaqqibCabdi.Diwan,0001MuthaqqibCabdi.Diwan,Multiple OpenITI digital versions of one work,0001MuthaqqibCabdi.Diwan.JK007510-ara1 | 0001MuthaqqibCabdi.Diwan.ShamAY0037895-ara1,2
openiti:0001NabighaDhubyani.Diwan,0001NabighaDhubyani.Diwan,Multiple OpenITI digital versions of one work,0001NabighaDhubyani.Diwan.JK007511-ara1 | 0001NabighaDhubyani.Diwan.ShamAY0037896-ara1,2
openiti:0001QaysIbnKhatim.Diwan,0001QaysIbnKhatim.Diwan,Multiple OpenITI digital versions of one work,0001QaysIbnKhatim.Diwan.JK007527-ara1 | 0001QaysIbnKhatim.Diwan.ShamAY0037907-ara1,2
openiti:0001Quran.Mushaf,0001Quran.Mushaf,Multiple OpenITI digital versions of one work,0001Quran.Mushaf.QuranAnalysis001-ara1 | 0001Quran.Mushaf.Shia000001-ara1 | 0001Quran.Mushaf.Tanzil001-ara1,3
openiti:0001SalamaIbnJandal.Diwan,0001SalamaIbnJandal.Diwan,Multiple OpenITI digital versions of one work,0001SalamaIbnJandal.Diwan.JK007517-ara1 | 0001SalamaIbnJandal.Diwan.ShamAY0037950-ara1,2
openiti:0001SamawalIbnCadiya.Diwan,0001SamawalIbnCadiya.Diwan,Multiple OpenITI digital versions of one work,0001SamawalIbnCadiya.Diwan.JK007508-ara1 | 0001SamawalIbnCadiya.Diwan.ShamAY0037887-ara1,2
openiti:0001Shanfara.Diwan,0001Shanfara.Diwan,Multiple OpenITI digital versions of one work,0001Shanfara.Diwan.JK007509-ara1 | 0001Shanfara.Diwan.ShamAY0037893-ara1,2
openiti:0001SulaykIbnSulaka.Diwan,0001SulaykIbnSulaka.Diwan,Multiple OpenITI digital versions of one work,0001SulaykIbnSulaka.Diwan.JK007507-ara1 | 0001SulaykIbnSulaka.Diwan.ShamAY0037886-ara1,2
openiti:0001TaabbataSharran.Diwan,0001TaabbataSharran.Diwan,Multiple OpenITI digital versions of one work,0001TaabbataSharran.Diwan.JK007513-ara1 | 0001TaabbataSharran.Diwan.ShamAY0037943-ara1,2
openiti:0001TarafaIbnCabd.Diwan,0001TarafaIbnCabd.Diwan,Multiple OpenITI digital versions of one work,0001TarafaIbnCabd.Diwan.JK007518-ara2 | 0001TarafaIbnCabd.Diwan.Shamela0036422-ara1,2
openiti:0001TufaylGhanawi.Diwan,0001TufaylGhanawi.Diwan,Multiple OpenITI digital versions of one work,0001TufaylGhanawi.Diwan.JK007519-ara1 | 0001TufaylGhanawi.Diwan.ShamAY0037934-ara1,2
openiti:0001ZuhayrIbnAbiSulma.Diwan,0001ZuhayrIbnAbiSulma.Diwan,Multiple OpenITI digital versions of one work,0001ZuhayrIbnAbiSulma.Diwan.JK007516-ara1 | 0001ZuhayrIbnAbiSulma.Diwan.ShamAY0037933-ara1,2
openiti:0005Hadira.Diwan,0005Hadira.Diwan,Multiple OpenITI digital versions of one work,0005Hadira.Diwan.JK007504-ara1 | 0005Hadira.Diwan.ShamAY0037847-ara1,2
openiti:0011CamirIbnTufayl.Diwan,0011CamirIbnTufayl.Diwan,Multiple OpenITI digital versions of one work,0011CamirIbnTufayl.Diwan.JK007520-ara1 | 0011CamirIbnTufayl.Diwan.Sham19Y0149871-ara1,2
openiti:0021CamrZubaydi.Diwan,0021CamrZubaydi.Diwan,Multiple OpenITI digital versions of one work,0021CamrZubaydi.Diwan.JK007536-ara1 | 0021CamrZubaydi.Diwan.ShamAY0037905-ara1,2
openiti:0022ShammakhIbnDirar.Diwan,0022ShammakhIbnDirar.Diwan,Multiple OpenITI digital versions of one work,0022ShammakhIbnDirar.Diwan.JK007533-ara1 | 0022ShammakhIbnDirar.Diwan.ShamAY0037892-ara1,2
openiti:0024TumadirBinCamrKhansa.Diwan,0024TumadirBinCamrKhansa.Diwan,Multiple OpenITI digital versions of one work,0024TumadirBinCamrKhansa.Diwan.JK007532-ara1 | 0024TumadirBinCamrKhansa.Diwan.ShamAY0037828-ara1,2
openiti:0026KacbIbnZuhayr.Diwan,0026KacbIbnZuhayr.Diwan,Multiple OpenITI digital versions of one work,0026KacbIbnZuhayr.Diwan.JK007537-ara1 | 0026KacbIbnZuhayr.Diwan.ShamAY0037833-ara1,2
openiti:0030CurwaIbnHizam.Diwan,0030CurwaIbnHizam.Diwan,Multiple OpenITI digital versions of one work,0030CurwaIbnHizam.Diwan.JK007555-ara1 | 0030CurwaIbnHizam.Diwan.ShamAY0037960-ara1,2
openiti:0037IbnMuqbil.Diwan,0037IbnMuqbil.Diwan,Multiple OpenITI digital versions of one work,0037IbnMuqbil.Diwan.JK007530-ara1 | 0037IbnMuqbil.Diwan.ShamAY0037879-ara1,2
openiti:0040CaliIbnAbiTalib.Diwan,0040CaliIbnAbiTalib.Diwan,Multiple OpenITI digital versions of one work,0040CaliIbnAbiTalib.Diwan.JK007540-ara1 | 0040CaliIbnAbiTalib.Diwan.ShamAY0037911-ara1,2
openiti:0041LabidIbnRabica.Diwan,0041LabidIbnRabica.Diwan,Multiple OpenITI digital versions of one work,0041LabidIbnRabica.Diwan.JK007538-ara2 | 0041LabidIbnRabica.Diwan.Shamela0035077-ara1,2
openiti:0045JarwalIbnAwsHutaya.Diwan,0045JarwalIbnAwsHutaya.Diwan,Multiple OpenITI digital versions of one work,0045JarwalIbnAwsHutaya.Diwan.JK007531-ara1 | 0045JarwalIbnAwsHutaya.Diwan.ShamAY0037850-ara1,2
openiti:0050KhirniqBintBadr.Diwan,0050KhirniqBintBadr.Diwan,Multiple OpenITI digital versions of one work,0050KhirniqBintBadr.Diwan.JK007506-ara1 | 0050KhirniqBintBadr.Diwan.ShamAY0037827-ara1,2
openiti:0054HassanIbnThabit.Diwan,0054HassanIbnThabit.Diwan,Multiple OpenITI digital versions of one work,0054HassanIbnThabit.Diwan.JK007534-ara1 | 0054HassanIbnThabit.Diwan.ShamAY0037912-ara1,2
openiti:0060MucawiyaIbnAbiSufyan.Diwan,0060MucawiyaIbnAbiSufyan.Diwan,Multiple OpenITI digital versions of one work,0060MucawiyaIbnAbiSufyan.Diwan.JK007541-ara1 | 0060MucawiyaIbnAbiSufyan.Diwan.Sham19Y0149482-ara1,2
openiti:0068CabdAllahIbnCabbas.GharibQuran,0068CabdAllahIbnCabbas.GharibQuran,Multiple OpenITI digital versions of one work,0068CabdAllahIbnCabbas.GharibQuran.Shamela0023622-ara1 | 0068CabdAllahIbnCabbas.GharibQuran.Zaydiyya0000300-ara1,2
openiti:0068QaysIbnDharihLubna.Diwan,0068QaysIbnDharihLubna.Diwan,Multiple OpenITI digital versions of one work,0068QaysIbnDharihLubna.Diwan.JK007557-ara1 | 0068QaysIbnDharihLubna.Diwan.ShamAY0037908-ara1,2
openiti:0068QaysMajnunLayla.Diwan,0068QaysMajnunLayla.Diwan,Multiple OpenITI digital versions of one work,0068QaysMajnunLayla.Diwan.JK007560-ara1 | 0068QaysMajnunLayla.Diwan.ShamAY0037853-ara1,2
openiti:0080LaylaAkhyaliyya.Diwan,0080LaylaAkhyaliyya.Diwan,Multiple OpenITI digital versions of one work,0080LaylaAkhyaliyya.Diwan.JK007559-ara1 | 0080LaylaAkhyaliyya.Diwan.Sham19Y0149874-ara1 | 0080LaylaAkhyaliyya.Diwan.ShamAY0037836-ara1,3
openiti:0080UqayshirAsadi.Diwan,0080UqayshirAsadi.Diwan,Multiple OpenITI digital versions of one work,0080UqayshirAsadi.Diwan.JK007539-ara1 | 0080UqayshirAsadi.Diwan.ShamAY0037940-ara1,2
openiti:0082JamilButhayna.Diwan,0082JamilButhayna.Diwan,Multiple OpenITI digital versions of one work,0082JamilButhayna.Diwan.JK007550-ara1 | 0082JamilButhayna.Diwan.ShamAY0037931-ara1,2
openiti:0090AkhtalShacir.Diwan,0090AkhtalShacir.Diwan,Multiple OpenITI digital versions of one work,0090AkhtalShacir.Diwan.JK007544-ara1 | 0090AkhtalShacir.Diwan.ShamAY0037927-ara1,2
openiti:0090RaciNumayriShacir.Diwan,0090RaciNumayriShacir.Diwan,Multiple OpenITI digital versions of one work,0090RaciNumayriShacir.Diwan.JK007545-ara1 | 0090RaciNumayriShacir.Diwan.ShamAY0037882-ara1,2
openiti:0090WaddahYaman.Diwan,0090WaddahYaman.Diwan,Multiple OpenITI digital versions of one work,0090WaddahYaman.Diwan.JK007562-ara1 | 0090WaddahYaman.Diwan.ShamAY0037963-ara1,2
openiti:0093IbnAbiRabica.Diwan,0093IbnAbiRabica.Diwan,Multiple OpenITI digital versions of one work,0093IbnAbiRabica.Diwan.JK007556-ara1 | 0093IbnAbiRabica.Diwan.ShamAY0037902-ara1,2
openiti:0095CadiIbnRiqac.Diwan,0095CadiIbnRiqac.Diwan,Multiple OpenITI digital versions of one work,0095CadiIbnRiqac.Diwan.JK007553-ara1 | 0095CadiIbnRiqac.Diwan.ShamAY0037957-ara1,2
openiti:0104MujahidIbnJabr.Tafsir,0104MujahidIbnJabr.Tafsir,Multiple OpenITI digital versions of one work,0104MujahidIbnJabr.Tafsir.JK000459-ara1 | 0104MujahidIbnJabr.Tafsir.ShamAY0034071-ara1 | 0104MujahidIbnJabr.Tafsir.Shamela0012810-ara2 | 0104MujahidIbnJabr.Tafsir.Shia002456Vols-ara1 | 0104MujahidIbnJabr.Tafsir.Tafsir02078-ara1,5
openiti:0105AhwasAnsari.Diwan,0105AhwasAnsari.Diwan,Multiple OpenITI digital versions of one work,0105AhwasAnsari.Diwan.JK007543-ara1 | 0105AhwasAnsari.Diwan.ShamAY0037939-ara1,2
openiti:0105KuthayyirCazza.Diwan,0105KuthayyirCazza.Diwan,Multiple OpenITI digital versions of one work,0105KuthayyirCazza.Diwan.JK007558-ara1 | 0105KuthayyirCazza.Diwan.ShamAY0037909-ara1,2
openiti:0110Farazdaq.Diwan,0110Farazdaq.Diwan,Multiple OpenITI digital versions of one work,0110Farazdaq.Diwan.JK007547-ara1 | 0110Farazdaq.Diwan.ShamAY0037829-ara1,2
openiti:0110HasanBasri.FadailMakka,0110HasanBasri.FadailMakka,Multiple OpenITI digital versions of one work,0110HasanBasri.FadailMakka.JK000644-ara1 | 0110HasanBasri.FadailMakka.Shamela0005722-ara1 | 0110HasanBasri.FadailMakka.Shia003454-ara1,3
openiti:0110IbnSirin.MuntakhabKalamFiTafsirAhlam,0110IbnSirin.MuntakhabKalamFiTafsirAhlam,Multiple OpenITI digital versions of one work,0110IbnSirin.MuntakhabKalamFiTafsirAhlam.JK006856-ara2 | 0110IbnSirin.MuntakhabKalamFiTafsirAhlam.ShamAY0034790-ara1 | 0110IbnSirin.MuntakhabKalamFiTafsirAhlam.Shamela0021615-ara1 | 0110IbnSirin.MuntakhabKalamFiTafsirAhlam.Shia004640Vols-ara1,4
openiti:0110JarirShacir.Diwan,0110JarirShacir.Diwan,Multiple OpenITI digital versions of one work,0110JarirShacir.Diwan.JK007549-ara1 | 0110JarirShacir.Diwan.Sham19Y0133412-ara1 | 0110JarirShacir.Diwan.ShamAY0037926-ara1,3
openiti:0117DhuRumma.Diwan,0117DhuRumma.Diwan,Multiple OpenITI digital versions of one work,0117DhuRumma.Diwan.JK007551-ara1 | 0117DhuRumma.Diwan.ShamAY0037932-ara1,2
openiti:0117IbnDicamaSadusi.NasikhWaMansukh,0117IbnDicamaSadusi.NasikhWaMansukh,Multiple OpenITI digital versions of one work,0117IbnDicamaSadusi.NasikhWaMansukh.JK000163-ara1 | 0117IbnDicamaSadusi.NasikhWaMansukh.Shamela0008491-ara1 | 0117IbnDicamaSadusi.NasikhWaMansukh.Shia002458-ara1,3
openiti:0122ZaydIbnCali.MansikHajj,0122ZaydIbnCali.MansikHajj,Multiple OpenITI digital versions of one work,0122ZaydIbnCali.MansikHajj.Zaydiyya0000065-ara1 | 0122ZaydIbnCali.MansikHajj.Zaydiyya0000269-ara1,2
openiti:0122ZaydIbnCali.Musnad,0122ZaydIbnCali.Musnad,Multiple OpenITI digital versions of one work,0122ZaydIbnCali.Musnad.Shia000811-ara1 | 0122ZaydIbnCali.Musnad.Zaydiyya0000052-ara1 | 0122ZaydIbnCali.Musnad.Zaydiyya0000056-ara2,3
openiti:0122ZaydIbnCali.TafsirGharibQuran,0122ZaydIbnCali.TafsirGharibQuran,Multiple OpenITI digital versions of one work,0122ZaydIbnCali.TafsirGharibQuran.Tafsir05089-ara1 | 0122ZaydIbnCali.TafsirGharibQuran.Zaydiyya0000297-ara1,2
openiti:0124IbnShihabZuhri.TanzilQuran,0124IbnShihabZuhri.TanzilQuran,Multiple OpenITI digital versions of one work,0124IbnShihabZuhri.TanzilQuran.JK000872-ara2 | 0124IbnShihabZuhri.TanzilQuran.ShamAY0034089-ara1 | 0124IbnShihabZuhri.TanzilQuran.Shamela0026887-ara1,3
openiti:0125NabighaShaybani.Diwan,0125NabighaShaybani.Diwan,Multiple OpenITI digital versions of one work,0125NabighaShaybani.Diwan.JK007548-ara1 | 0125NabighaShaybani.Diwan.ShamAY0037897-ara1,2
openiti:0125Tirimmah.Diwan,0125Tirimmah.Diwan,Multiple OpenITI digital versions of one work,0125Tirimmah.Diwan.JK007546-ara1 | 0125Tirimmah.Diwan.ShamAY0037894-ara1,2
openiti:0130CurwaIbnUdhayna.Diwan,0130CurwaIbnUdhayna.Diwan,Multiple OpenITI digital versions of one work,0130CurwaIbnUdhayna.Diwan.JK007554-ara1 | 0130CurwaIbnUdhayna.Diwan.ShamAY0037958-ara1,2
openiti:0130IbnBashirKhariji.Diwan,0130IbnBashirKhariji.Diwan,Multiple OpenITI digital versions of one work,0130IbnBashirKhariji.Diwan.JK007627-ara1 | 0130IbnBashirKhariji.Diwan.ShamAY0037855-ara1,2
openiti:0132HammamIbnMunabbih.Sahifa,0132HammamIbnMunabbih.Sahifa,Multiple OpenITI digital versions of one work,0132HammamIbnMunabbih.Sahifa.JK000489-ara1 | 0132HammamIbnMunabbih.Sahifa.Shamela0007776-ara1 | 0132HammamIbnMunabbih.Sahifa.Shia001878-ara2,3
openiti:0139IbnMuqaffac.AdabKabir,0139IbnMuqaffac.AdabKabir,Multiple OpenITI digital versions of one work,0139IbnMuqaffac.AdabKabir.JK009203-ara1 | 0139IbnMuqaffac.AdabKabir.Shamela0007528BK2-ara2,2
openiti:0139IbnMuqaffac.KalilaWaDimna,0139IbnMuqaffac.KalilaWaDimna,Multiple OpenITI digital versions of one work,0139IbnMuqaffac.KalilaWaDimna.LAL2022011101-ara2 | 0139IbnMuqaffac.KalilaWaDimna.Shamela0026537-ara1,2
openiti:0145MufaddalIbnCumarJucfi.Tawhid,0145MufaddalIbnCumarJucfi.Tawhid,Multiple OpenITI digital versions of one work,0145MufaddalIbnCumarJucfi.Tawhid.Masaha004555-ara1 | 0145MufaddalIbnCumarJucfi.Tawhid.Rafed0000725-ara1 | 0145MufaddalIbnCumarJucfi.Tawhid.Shia001267-ara1 | 0145MufaddalIbnCumarJucfi.Tawhid.Zaydiyya0000117-ara1,4
openiti:0150AbuHanifa.FiqhAbsat,0150AbuHanifa.FiqhAbsat,Multiple OpenITI digital versions of one work,0150AbuHanifa.FiqhAbsat.JK006837-ara1 | 0150AbuHanifa.FiqhAbsat.Shamela0006387-ara1,2
openiti:0150AbuHanifa.FiqhAkbar,0150AbuHanifa.FiqhAkbar,Multiple OpenITI digital versions of one work,0150AbuHanifa.FiqhAkbar.JK001085-ara1 | 0150AbuHanifa.FiqhAkbar.Shamela0006388-ara1,2
openiti:0150IbnJurayj.Juz,0150IbnJurayj.Juz,Multiple OpenITI digital versions of one work,0150IbnJurayj.Juz.JK011476-ara1 | 0150IbnJurayj.Juz.ShamAY0033605-ara1,2
openiti:0150MuqatilIbnSulayman.TafsirMuqatil,0150MuqatilIbnSulayman.TafsirMuqatil,Multiple OpenITI digital versions of one work,0150MuqatilIbnSulayman.TafsirMuqatil.JK007096-ara1 | 0150MuqatilIbnSulayman.TafsirMuqatil.ShamAY0034072-ara1 | 0150MuqatilIbnSulayman.TafsirMuqatil.Shamela0023614-ara2 | 0150MuqatilIbnSulayman.TafsirMuqatil.Shia002459Vols-ara1 | 0150MuqatilIbnSulayman.TafsirMuqatil.Tafsir02067-ara1,5
openiti:0150SalihIbnJinahLakhmi.AdabMurua,0150SalihIbnJinahLakhmi.AdabMurua,Multiple OpenITI digital versions of one work,0150SalihIbnJinahLakhmi.AdabMurua.Sham19Y0017869-ara1 | 0150SalihIbnJinahLakhmi.AdabMurua.ShamAY0038879-ara1,2
openiti:0151IbnIshaq.Sira,0151IbnIshaq.Sira,Multiple OpenITI digital versions of one work,0151IbnIshaq.Sira.JK001038-ara1 | 0151IbnIshaq.Sira.Masaha002221-ara1 | 0151IbnIshaq.Sira.Shamela0009862-ara2 | 0151IbnIshaq.Sira.Shia003660Vols-ara1,4
openiti:0151MacmarIbnRashid.Jamic,0151MacmarIbnRashid.Jamic,Multiple OpenITI digital versions of one work,0151MacmarIbnRashid.Jamic.JK000746-ara1 | 0151MacmarIbnRashid.Jamic.Shamela0005610-ara1,2
openiti:0156IbnAbiCuruba.Manasik,0156IbnAbiCuruba.Manasik,Multiple OpenITI digital versions of one work,0156IbnAbiCuruba.Manasik.JK011437-ara1 | 0156IbnAbiCuruba.Manasik.Shamela0009811-ara1,2
openiti:0161SufyanThawri.Faraid,0161SufyanThawri.Faraid,Multiple OpenITI digital versions of one work,0161SufyanThawri.Faraid.Shamela0026488-ara1 | 0161SufyanThawri.Faraid.Shia001879-ara1,2
openiti:0161SufyanThawri.Tafsir,0161SufyanThawri.Tafsir,Multiple OpenITI digital versions of one work,0161SufyanThawri.Tafsir.JK000457-ara1 | 0161SufyanThawri.Tafsir.Shamela0002229-ara1 | 0161SufyanThawri.Tafsir.Shia002462-ara1 | 0161SufyanThawri.Tafsir.Tafsir02099-ara1,4
openiti:0167BashsharIbnBurdShacir.Diwan,0167BashsharIbnBurdShacir.Diwan,Multiple OpenITI digital versions of one work,0167BashsharIbnBurdShacir.Diwan.JK007613-ara1 | 0167BashsharIbnBurdShacir.Diwan.ShamAY0037930-ara1,2
openiti:0168IbnTahman.Mashyakha,0168IbnTahman.Mashyakha,Multiple OpenITI digital versions of one work,0168IbnTahman.Mashyakha.JK000625-ara1 | 0168IbnTahman.Mashyakha.Shamela0024831-ara1,2
openiti:0168MufaddalDabbi.AmthalCarab,0168MufaddalDabbi.AmthalCarab,Multiple OpenITI digital versions of one work,0168MufaddalDabbi.AmthalCarab.JK011034-ara1 | 0168MufaddalDabbi.AmthalCarab.Shamela0001034-ara1 | 0168MufaddalDabbi.AmthalCarab.Shamela0009081-ara2,3
openiti:0168MufaddalDabbi.Mufaddaliyyat,0168MufaddalDabbi.Mufaddaliyyat,Multiple OpenITI digital versions of one work,0168MufaddalDabbi.Mufaddaliyyat.JK006911-ara1 | 0168MufaddalDabbi.Mufaddaliyyat.Shamela0006904-ara1,2
openiti:0170AbuZaydQurashi.JamharatAshcarCarab,0170AbuZaydQurashi.JamharatAshcarCarab,Multiple OpenITI digital versions of one work,0170AbuZaydQurashi.JamharatAshcarCarab.JK006912-ara1 | 0170AbuZaydQurashi.JamharatAshcarCarab.Shamela0001487-ara1,2
openiti:0170KhalilFarahidi.Cayn,0170KhalilFarahidi.Cayn,Multiple OpenITI digital versions of one work,0170KhalilFarahidi.Cayn.JK000930-ara1 | 0170KhalilFarahidi.Cayn.ShamIbadiyya0000225-ara1 | 0170KhalilFarahidi.Cayn.Shamela0001682-ara1 | 0170KhalilFarahidi.Cayn.Shia003887Vols-ara1,4
openiti:0170KhalilFarahidi.JumalFiNahw,0170KhalilFarahidi.JumalFiNahw,Multiple OpenITI digital versions of one work,0170KhalilFarahidi.JumalFiNahw.JK001109-ara1 | 0170KhalilFarahidi.JumalFiNahw.ShamAY0034704-ara1 | 0170KhalilFarahidi.JumalFiNahw.Shamela0006961-ara1,3
openiti:0175LaythIbnSacd.Cawali,0175LaythIbnSacd.Cawali,Multiple OpenITI digital versions of one work,0175LaythIbnSacd.Cawali.JK000492-ara1 | 0175LaythIbnSacd.Cawali.Shamela0005676-ara1,2
openiti:0175LaythIbnSacd.MajlisMinFawaid,0175LaythIbnSacd.MajlisMinFawaid,Multiple OpenITI digital versions of one work,0175LaythIbnSacd.MajlisMinFawaid.JK000863-ara1 | 0175LaythIbnSacd.MajlisMinFawaid.Shamela0009812-ara1,2
openiti:0179MalikIbnAnas.Muwatta,0179MalikIbnAnas.Muwatta,Multiple OpenITI digital versions of one work,0179MalikIbnAnas.Muwatta.JK000466-ara1 | 0179MalikIbnAnas.Muwatta.ShamAY0033921-ara1 | 0179MalikIbnAnas.Muwatta.ShamAY0033922-ara1 | 0179MalikIbnAnas.Muwatta.ShamAY0033923-ara1 | 0179MalikIbnAnas.Muwatta.ShamAY0033991-ara1 | 0179MalikIbnAnas.Muwatta.Shamela0001699-ara1 | 0179MalikIbnAnas.Muwatta.Shamela0008140-ara1 | 0179MalikIbnAnas.Muwatta.Shamela0016050-ara1 | 0179MalikIbnAnas.Muwatta.Shamela0028107-ara1 | 0179MalikIbnAnas.Muwatta.Shia000901Vols-ara1,10
openiti:0180AbuShamaqmaq.Diwan,0180AbuShamaqmaq.Diwan,Multiple OpenITI digital versions of one work,0180AbuShamaqmaq.Diwan.JK007542-ara1 | 0180AbuShamaqmaq.Diwan.ShamAY0037964-ara1,2
openiti:0180IbnJacfarAnsari.HadithIsmacil,0180IbnJacfarAnsari.HadithIsmacil,Multiple OpenITI digital versions of one work,0180IbnJacfarAnsari.HadithIsmacil.JK011499-ara1 | 0180IbnJacfarAnsari.HadithIsmacil.Shamela0021544-ara1,2
openiti:0180Sibawayhi.KitabSibawayhi,0180Sibawayhi.KitabSibawayhi,Multiple OpenITI digital versions of one work,0180Sibawayhi.KitabSibawayhi.JK006989-ara1 | 0180Sibawayhi.KitabSibawayhi.Shamela0023018-ara1,2
openiti:0181IbnMubarak.Diwan,0181IbnMubarak.Diwan,Multiple OpenITI digital versions of one work,0181IbnMubarak.Diwan.JK007552-ara1 | 0181IbnMubarak.Diwan.ShamAY0037918-ara1 | 0181IbnMubarak.Diwan.ShamAY0037919-ara1,3
openiti:0181IbnMubarak.Jihad,0181IbnMubarak.Jihad,Multiple OpenITI digital versions of one work,0181IbnMubarak.Jihad.JK000549-ara1 | 0181IbnMubarak.Jihad.ShamAY0033534-ara1 | 0181IbnMubarak.Jihad.ShamAY0033661-ara1 | 0181IbnMubarak.Jihad.Shamela0003610-ara1 | 0181IbnMubarak.Jihad.Shia001880-ara1,5
openiti:0181IbnMubarak.Musnad,0181IbnMubarak.Musnad,Multiple OpenITI digital versions of one work,0181IbnMubarak.Musnad.JK000568-ara1 | 0181IbnMubarak.Musnad.Shamela0023101-ara1 | 0181IbnMubarak.Musnad.Shia001881-ara1,3
openiti:0181IbnMubarak.Zuhd,0181IbnMubarak.Zuhd,Multiple OpenITI digital versions of one work,0181IbnMubarak.Zuhd.JK000055-ara1 | 0181IbnMubarak.Zuhd.JK006954-ara1 | 0181IbnMubarak.Zuhd.Shamela0013028-ara1,3
openiti:0182AbuYusufYacqub.Athar,0182AbuYusufYacqub.Athar,Multiple OpenITI digital versions of one work,0182AbuYusufYacqub.Athar.JK000681-ara1 | 0182AbuYusufYacqub.Athar.Shamela0012987-ara1,2
openiti:0182AbuYusufYacqub.Kharaj,0182AbuYusufYacqub.Kharaj,Multiple OpenITI digital versions of one work,0182AbuYusufYacqub.Kharaj.ShamAY0034334-ara1 | 0182AbuYusufYacqub.Kharaj.Shamela0026333-ara1,2
openiti:0182AbuYusufYacqub.RaddCalaSiyarAwzaci,0182AbuYusufYacqub.RaddCalaSiyarAwzaci,Multiple OpenITI digital versions of one work,0182AbuYusufYacqub.RaddCalaSiyarAwzaci.JK000389-ara1 | 0182AbuYusufYacqub.RaddCalaSiyarAwzaci.Shamela0007225-ara1,2
openiti:0182MarwanIbnAbiHafsa.Diwan,0182MarwanIbnAbiHafsa.Diwan,Multiple OpenITI digital versions of one work,0182MarwanIbnAbiHafsa.Diwan.JK007561-ara1 | 0182MarwanIbnAbiHafsa.Diwan.ShamAY0037859-ara1,2
openiti:0189MuhammadShaybani.Asl,0189MuhammadShaybani.Asl,Multiple OpenITI digital versions of one work,0189MuhammadShaybani.Asl.JK000267-ara2 | 0189MuhammadShaybani.Asl.Sham19Y0014285-ara1 | 0189MuhammadShaybani.Asl.Shamela0006164-ara2,3
openiti:0189MuhammadShaybani.Athar,0189MuhammadShaybani.Athar,Multiple OpenITI digital versions of one work,0189MuhammadShaybani.Athar.JK011277-ara1 | 0189MuhammadShaybani.Athar.Shamela0001332-ara1,2
openiti:0189MuhammadShaybani.HujjaCalaAhlMadina,0189MuhammadShaybani.HujjaCalaAhlMadina,Multiple OpenITI digital versions of one work,0189MuhammadShaybani.HujjaCalaAhlMadina.JK000798-ara1 | 0189MuhammadShaybani.HujjaCalaAhlMadina.Shamela0006161-ara1,2
openiti:0189MuhammadShaybani.JamicSaghir,0189MuhammadShaybani.JamicSaghir,Multiple OpenITI digital versions of one work,0189MuhammadShaybani.JamicSaghir.JK000433-ara1 | 0189MuhammadShaybani.JamicSaghir.Shamela0006160-ara1,2
openiti:0189MuhammadShaybani.Kasb,0189MuhammadShaybani.Kasb,Multiple OpenITI digital versions of one work,0189MuhammadShaybani.Kasb.JK000626-ara1 | 0189MuhammadShaybani.Kasb.Shamela0006163-ara1,2
openiti:0189MuhammadShaybani.Siyar,0189MuhammadShaybani.Siyar,Multiple OpenITI digital versions of one work,0189MuhammadShaybani.Siyar.JK000197-ara1 | 0189MuhammadShaybani.Siyar.Shamela0007231-ara1,2
openiti:0192IbnAhnaf.Diwan,0192IbnAhnaf.Diwan,Multiple OpenITI digital versions of one work,0192IbnAhnaf.Diwan.JK007582-ara1 | 0192IbnAhnaf.Diwan.ShamAY0037818-ara1,2
openiti:0195IbnFudaylDabbi.Duca,0195IbnFudaylDabbi.Duca,Multiple OpenITI digital versions of one work,0195IbnFudaylDabbi.Duca.JK001416-ara1 | 0195IbnFudaylDabbi.Duca.Shamela0023102-ara1,2
openiti:0195MuarrijSadusi.Amthal,0195MuarrijSadusi.Amthal,Multiple OpenITI digital versions of one work,0195MuarrijSadusi.Amthal.JK010673-ara1 | 0195MuarrijSadusi.Amthal.Shamela0000673-ara1,2
openiti:0195MuarrijSadusi.HadhfMinNasabQuraysh,0195MuarrijSadusi.HadhfMinNasabQuraysh,Multiple OpenITI digital versions of one work,0195MuarrijSadusi.HadhfMinNasabQuraysh.JK010496-ara1 | 0195MuarrijSadusi.HadhfMinNasabQuraysh.Shamela0000496-ara1,2
openiti:0197IbnWahbQurashi.JamicFiHadith,0197IbnWahbQurashi.JamicFiHadith,Multiple OpenITI digital versions of one work,0197IbnWahbQurashi.JamicFiHadith.JK007007-ara1 | 0197IbnWahbQurashi.JamicFiHadith.Shamela0001380-ara1,2
openiti:0197IbnWahbQurashi.Qadar,0197IbnWahbQurashi.Qadar,Multiple OpenITI digital versions of one work,0197IbnWahbQurashi.Qadar.JK000316-ara1 | 0197IbnWahbQurashi.Qadar.Shamela0005604-ara1,2
openiti:0197WakicIbnJarrah.NuskhatWakic,0197WakicIbnJarrah.NuskhatWakic,Multiple OpenITI digital versions of one work,0197WakicIbnJarrah.NuskhatWakic.JK000613-ara1 | 0197WakicIbnJarrah.NuskhatWakic.Shamela0023118-ara1 | 0197WakicIbnJarrah.NuskhatWakic.Shia001882-ara1,3
openiti:0197WakicIbnJarrah.Zuhd,0197WakicIbnJarrah.Zuhd,Multiple OpenITI digital versions of one work,0197WakicIbnJarrah.Zuhd.JK011365-ara1 | 0197WakicIbnJarrah.Zuhd.Shamela0021545-ara1,2
openiti:0198AbuNuwasShacir.Diwan,0198AbuNuwasShacir.Diwan,Multiple OpenITI digital versions of one work,0198AbuNuwasShacir.Diwan.JK007586-ara1 | 0198AbuNuwasShacir.Diwan.JK007604-ara1 | 0198AbuNuwasShacir.Diwan.ShamAY0037825-ara1 | 0198AbuNuwasShacir.Diwan.ShamAY0037852-ara1,4
openiti:0198RabicaRaqqi.Diwan,0198RabicaRaqqi.Diwan,Multiple OpenITI digital versions of one work,0198RabicaRaqqi.Diwan.JK007617-ara1 | 0198RabicaRaqqi.Diwan.ShamAY0037920-ara1,2
openiti:0198SufyanIbnCuyayna.JuzFihiHadith,0198SufyanIbnCuyayna.JuzFihiHadith,Multiple OpenITI digital versions of one work,0198SufyanIbnCuyayna.JuzFihiHadith.JK000578-ara1 | 0198SufyanIbnCuyayna.JuzFihiHadith.ShamAY0032777-ara1,2
openiti:0198SufyanIbnCuyayna.JuzHadith,0198SufyanIbnCuyayna.JuzHadith,Multiple OpenITI digital versions of one work,0198SufyanIbnCuyayna.JuzHadith.ShamAY0033618-ara1 | 0198SufyanIbnCuyayna.JuzHadith.ShamAY0033714-ara1 | 0198SufyanIbnCuyayna.JuzHadith.Shamela0026337-ara1 | 0198SufyanIbnCuyayna.JuzHadith.Shia001883-ara1,4
openiti:0200AbuShis.Diwan,0200AbuShis.Diwan,Multiple OpenITI digital versions of one work,0200AbuShis.Diwan.JK007578-ara1 | 0200AbuShis.Diwan.ShamAY0037814-ara1,2
openiti:0200IbnJacfarSadiq.Masail,0200IbnJacfarSadiq.Masail,Multiple OpenITI digital versions of one work,0200IbnJacfarSadiq.Masail.Shia001114-ara1 | 0200IbnJacfarSadiq.Masail.Zaydiyya0000221-ara1,2
openiti:0200SayfIbnCumar.Fitna,0200SayfIbnCumar.Fitna,Multiple OpenITI digital versions of one work,0200SayfIbnCumar.Fitna.JK000397-ara1 | 0200SayfIbnCumar.Fitna.Shamela0007536-ara1 | 0200SayfIbnCumar.Fitna.Shia001884-ara1 | 0200SayfIbnCumar.Fitna.Zaydiyya0000155-ara1,4
openiti:0203CaliRida.Sahifa,0203CaliRida.Sahifa,Multiple OpenITI digital versions of one work,0203CaliRida.Sahifa.Masaha001003-ara1 | 0203CaliRida.Sahifa.Zaydiyya0000121-ara1 | 0203CaliRida.Sahifa.Zaydiyya0000158-ara1,3
openiti:0203YahyaIbnAdam.Kharaj,0203YahyaIbnAdam.Kharaj,Multiple OpenITI digital versions of one work,0203YahyaIbnAdam.Kharaj.JK000258-ara1 | 0203YahyaIbnAdam.Kharaj.Shamela0026647-ara1,2
openiti:0204AbuDawudTayalisi.Musnad,0204AbuDawudTayalisi.Musnad,Multiple OpenITI digital versions of one work,0204AbuDawudTayalisi.Musnad.JK000470-ara1 | 0204AbuDawudTayalisi.Musnad.ShamAY0033930-ara1 | 0204AbuDawudTayalisi.Musnad.Shamela0001456-ara1 | 0204AbuDawudTayalisi.Musnad.Shia001885-ara1,4
openiti:0204IbnKalbi.Asnam,0204IbnKalbi.Asnam,Multiple OpenITI digital versions of one work,0204IbnKalbi.Asnam.JK007059-ara1 | 0204IbnKalbi.Asnam.Shamela0006513-ara1,2
openiti:0204IbnKalbi.JamharatAnsab,0204IbnKalbi.JamharatAnsab,Multiple OpenITI digital versions of one work,0204IbnKalbi.JamharatAnsab.JK010504-ara1 | 0204IbnKalbi.JamharatAnsab.Shamela0000504-ara1,2
openiti:0204IbnKalbi.NasabKhayl,0204IbnKalbi.NasabKhayl,Multiple OpenITI digital versions of one work,0204IbnKalbi.NasabKhayl.JK010576-ara1 | 0204IbnKalbi.NasabKhayl.ShamAY0033800-ara1 | 0204IbnKalbi.NasabKhayl.Shamela0009249-ara1,3
openiti:0204IbnKalbi.NasabMacad,0204IbnKalbi.NasabMacad,Multiple OpenITI digital versions of one work,0204IbnKalbi.NasabMacad.JK010486-ara1 | 0204IbnKalbi.NasabMacad.Shamela0028172-ara1,2
openiti:0204Shafici.AhkamQuran,0204Shafici.AhkamQuran,Multiple OpenITI digital versions of one work,0204Shafici.AhkamQuran.JK000439-ara1 | 0204Shafici.AhkamQuran.Shia002463Vols-ara1,2
openiti:0204Shafici.Diwan,0204Shafici.Diwan,Multiple OpenITI digital versions of one work,0204Shafici.Diwan.JK007599-ara1 | 0204Shafici.Diwan.ShamAY0037916-ara1 | 0204Shafici.Diwan.ShamAY0037917-ara1,3
openiti:0204Shafici.IkhtilafHadith,0204Shafici.IkhtilafHadith,Multiple OpenITI digital versions of one work,0204Shafici.IkhtilafHadith.JK000560-ara1 | 0204Shafici.IkhtilafHadith.ShamAY0034043-ara1 | 0204Shafici.IkhtilafHadith.Shamela0009348-ara1 | 0204Shafici.IkhtilafHadith.Shia001705-ara1,4
openiti:0204Shafici.JimacCilm,0204Shafici.JimacCilm,Multiple OpenITI digital versions of one work,0204Shafici.JimacCilm.JK000249-ara1 | 0204Shafici.JimacCilm.ShamAY0033951-ara1 | 0204Shafici.JimacCilm.Shamela0003197-ara1,3
openiti:0204Shafici.Musnad,0204Shafici.Musnad,Multiple OpenITI digital versions of one work,0204Shafici.Musnad.JK000494-ara1 | 0204Shafici.Musnad.Shamela0009344-ara1 | 0204Shafici.Musnad.Shamela0009615-ara1 | 0204Shafici.Musnad.Shamela0021495-ara1 | 0204Shafici.Musnad.Shia001706-ara1,5
openiti:0204Shafici.Risala,0204Shafici.Risala,Multiple OpenITI digital versions of one work,0204Shafici.Risala.JK000143-ara1 | 0204Shafici.Risala.LAL2013020402-ara2 | 0204Shafici.Risala.ShamAY0034203-ara1 | 0204Shafici.Risala.Shamela0008180-ara1 | 0204Shafici.Risala.Shia000819-ara1,5
openiti:0204Shafici.TafsirShafici,0204Shafici.TafsirShafici,Multiple OpenITI digital versions of one work,0204Shafici.TafsirShafici.ShamAY0034050-ara1 | 0204Shafici.TafsirShafici.Shamela0009182-ara1,2
openiti:0204Shafici.Umm,0204Shafici.Umm,Multiple OpenITI digital versions of one work,0204Shafici.Umm.JK000147-ara1 | 0204Shafici.Umm.ShamAY0034255-ara1 | 0204Shafici.Umm.Shamela0001655-ara1 | 0204Shafici.Umm.Shia000820Vols-ara1,4
openiti:0206AbuCamrShaybani.Jim,0206AbuCamrShaybani.Jim,Multiple OpenITI digital versions of one work,0206AbuCamrShaybani.Jim.JK010107-ara1 | 0206AbuCamrShaybani.Jim.Shamela0007302-ara1,2
openiti:0206AbuMuhammadQutrub.Azmina,0206AbuMuhammadQutrub.Azmina,Multiple OpenITI digital versions of one work,0206AbuMuhammadQutrub.Azmina.JK006956-ara1 | 0206AbuMuhammadQutrub.Azmina.Shamela0007048-ara1,2
openiti:0207Waqidi.FutuhSham,0207Waqidi.FutuhSham,Multiple OpenITI digital versions of one work,0207Waqidi.FutuhSham.JK000407-ara1 | 0207Waqidi.FutuhSham.Kraken220414225448-ara1 | 0207Waqidi.FutuhSham.Shamela0012045-ara1 | 0207Waqidi.FutuhSham.Shia003455Vols-ara1,4
openiti:0207Waqidi.Maghazi,0207Waqidi.Maghazi,Multiple OpenITI digital versions of one work,0207Waqidi.Maghazi.JK009232-ara1 | 0207Waqidi.Maghazi.Masaha003023Vols-ara1 | 0207Waqidi.Maghazi.Shamela0023680-ara1,3
openiti:0209AbuCaliAshyabBaghdadi.JuzAshyab,0209AbuCaliAshyabBaghdadi.JuzAshyab,Multiple OpenITI digital versions of one work,0209AbuCaliAshyabBaghdadi.JuzAshyab.JK000490-ara1 | 0209AbuCaliAshyabBaghdadi.JuzAshyab.Shamela0025783-ara1 | 0209AbuCaliAshyabBaghdadi.JuzAshyab.Shia001886-ara1,3
openiti:0209AbuCubayda.Dibaj,0209AbuCubayda.Dibaj,Multiple OpenITI digital versions of one work,0209AbuCubayda.Dibaj.JK010636-ara1 | 0209AbuCubayda.Dibaj.Shamela0000636-ara1,2
openiti:0209AbuCubayda.Khayl,0209AbuCubayda.Khayl,Multiple OpenITI digital versions of one work,0209AbuCubayda.Khayl.JK010790-ara1 | 0209AbuCubayda.Khayl.Shamela0000790-ara1,2
openiti:0209AbuCubayda.MajazQuran,0209AbuCubayda.MajazQuran,Multiple OpenITI digital versions of one work,0209AbuCubayda.MajazQuran.JK010146-ara1 | 0209AbuCubayda.MajazQuran.Shamela0023630-ara1,2
openiti:0210CulayyaBintMahdi.Diwan,0210CulayyaBintMahdi.Diwan,Multiple OpenITI digital versions of one work,0210CulayyaBintMahdi.Diwan.JK007624-ara1 | 0210CulayyaBintMahdi.Diwan.ShamAY0037900-ara1,2
openiti:0211AbuCatahiya.Diwan,0211AbuCatahiya.Diwan,Multiple OpenITI digital versions of one work,0211AbuCatahiya.Diwan.JK007579-ara1 | 0211AbuCatahiya.Diwan.ShamAY0037815-ara1,2
openiti:0211CabdRazzaqSancani.AmaliFiAthar,0211CabdRazzaqSancani.AmaliFiAthar,Multiple OpenITI digital versions of one work,0211CabdRazzaqSancani.AmaliFiAthar.JK000687-ara1 | 0211CabdRazzaqSancani.AmaliFiAthar.Shamela0025782-ara1,2
openiti:0211CabdRazzaqSancani.Musannaf,0211CabdRazzaqSancani.Musannaf,Multiple OpenITI digital versions of one work,0211CabdRazzaqSancani.Musannaf.JK000785-ara1 | 0211CabdRazzaqSancani.Musannaf.ShamAY0038048-ara1 | 0211CabdRazzaqSancani.Musannaf.Shamela0013174-ara1 | 0211CabdRazzaqSancani.Musannaf.Shia001887Vols-ara1,4
openiti:0211CabdRazzaqSancani.Tafsir,0211CabdRazzaqSancani.Tafsir,Multiple OpenITI digital versions of one work,0211CabdRazzaqSancani.Tafsir.JK000435-ara1 | 0211CabdRazzaqSancani.Tafsir.Shamela0021791-ara1 | 0211CabdRazzaqSancani.Tafsir.Shia002465Vols-ara1 | 0211CabdRazzaqSancani.Tafsir.Tafsir02101-ara1,4
openiti:0212NasrIbnMuzahim.WaqcatSiffin,0212NasrIbnMuzahim.WaqcatSiffin,Multiple OpenITI digital versions of one work,0212NasrIbnMuzahim.WaqcatSiffin.JK010937-ara1 | 0212NasrIbnMuzahim.WaqcatSiffin.Rafed0000401-ara1 | 0212NasrIbnMuzahim.WaqcatSiffin.ShamAY0033834-ara1 | 0212NasrIbnMuzahim.WaqcatSiffin.Shia003666-ara1,4
openiti:0213IbnHisham.SiraNabawiyya,0213IbnHisham.SiraNabawiyya,Multiple OpenITI digital versions of one work,0213IbnHisham.SiraNabawiyya.JK000797-ara1 | 0213IbnHisham.SiraNabawiyya.Masaha003361Vols-ara1 | 0213IbnHisham.SiraNabawiyya.ShamAY0034440-ara1 | 0213IbnHisham.SiraNabawiyya.Shamela0007450-ara1 | 0213IbnHisham.SiraNabawiyya.Shamela0023833-ara1 | 0213IbnHisham.SiraNabawiyya.Shia003667Vols-ara1,6
openiti:0213IbnJabalaShacir.Diwan,0213IbnJabalaShacir.Diwan,Multiple OpenITI digital versions of one work,0213IbnJabalaShacir.Diwan.JK007622-ara1 | 0213IbnJabalaShacir.Diwan.ShamAY0037898-ara1,2
openiti:0214IbnCabdHakamMisri.SiratCumarIbnCabdCaziz,0214IbnCabdHakamMisri.SiratCumarIbnCabdCaziz,Multiple OpenITI digital versions of one work,0214IbnCabdHakamMisri.SiratCumarIbnCabdCaziz.JK001206-ara1 | 0214IbnCabdHakamMisri.SiratCumarIbnCabdCaziz.Shamela0006656-ara1,2
openiti:0215AkhfashAwsat.Qawafi,0215AkhfashAwsat.Qawafi,Multiple OpenITI digital versions of one work,0215AkhfashAwsat.Qawafi.JK010737-ara1 | 0215AkhfashAwsat.Qawafi.Shamela0000737-ara1,2
openiti:0215IbnCabdAllahAnsari.HadithAnsari,0215IbnCabdAllahAnsari.HadithAnsari,Multiple OpenITI digital versions of one work,0215IbnCabdAllahAnsari.HadithAnsari.JK009193-ara1 | 0215IbnCabdAllahAnsari.HadithAnsari.ShamAY0033686-ara1 | 0215IbnCabdAllahAnsari.HadithAnsari.Shamela0013110-ara1,3
openiti:0215IbnHazimBahili.Diwan,0215IbnHazimBahili.Diwan,Multiple OpenITI digital versions of one work,0215IbnHazimBahili.Diwan.JK007628-ara1 | 0215IbnHazimBahili.Diwan.ShamAY0037856-ara1,2
openiti:0216IbnQuraybAsmaci.Asmaciyyat,0216IbnQuraybAsmaci.Asmaciyyat,Multiple OpenITI digital versions of one work,0216IbnQuraybAsmaci.Asmaciyyat.JK009199-ara1 | 0216IbnQuraybAsmaci.Asmaciyyat.Shamela0006905-ara1,2
openiti:0216IbnQuraybAsmaci.FuhulatShucara,0216IbnQuraybAsmaci.FuhulatShucara,Multiple OpenITI digital versions of one work,0216IbnQuraybAsmaci.FuhulatShucara.ShamAY0034501-ara1 | 0216IbnQuraybAsmaci.FuhulatShucara.Shamela0001597-ara1,2
openiti:0216IbnQuraybAsmaci.Sha,0216IbnQuraybAsmaci.Sha,Multiple OpenITI digital versions of one work,0216IbnQuraybAsmaci.Sha.JK009217-ara1 | 0216IbnQuraybAsmaci.Sha.Shamela0008826-ara1,2
openiti:0218CabdAclaGhassani.Nuskha,0218CabdAclaGhassani.Nuskha,Multiple OpenITI digital versions of one work,0218CabdAclaGhassani.Nuskha.JK000601-ara1 | 0218CabdAclaGhassani.Nuskha.Shamela0013185-ara1,2
openiti:0219AbuNucaymIbnDukayn.Salat,0219AbuNucaymIbnDukayn.Salat,Multiple OpenITI digital versions of one work,0219AbuNucaymIbnDukayn.Salat.JK009197-ara1 | 0219AbuNucaymIbnDukayn.Salat.Shamela0009644-ara1,2
openiti:0219IbnZubayrHumaydi.Musnad,0219IbnZubayrHumaydi.Musnad,Multiple OpenITI digital versions of one work,0219IbnZubayrHumaydi.Musnad.JK000473-ara1 | 0219IbnZubayrHumaydi.Musnad.ShamAY0033965-ara1 | 0219IbnZubayrHumaydi.Musnad.Shamela0008493-ara1 | 0219IbnZubayrHumaydi.Musnad.Shia001898Vols-ara1,4
openiti:0220AbuJacfarIskafi.MicyarWaMuwazana,0220AbuJacfarIskafi.MicyarWaMuwazana,Multiple OpenITI digital versions of one work,0220AbuJacfarIskafi.MicyarWaMuwazana.Masaha002874-ara1 | 0220AbuJacfarIskafi.MicyarWaMuwazana.Shia001900-ara1,2
openiti:0222IbnBakkarDabi.AkhbarWafidat,0222IbnBakkarDabi.AkhbarWafidat,Multiple OpenITI digital versions of one work,0222IbnBakkarDabi.AkhbarWafidat.JK001280-ara1 | 0222IbnBakkarDabi.AkhbarWafidat.Shamela0006717-ara1,2
openiti:0222IbnBakkarDabi.AkhbarWafidin,0222IbnBakkarDabi.AkhbarWafidin,Multiple OpenITI digital versions of one work,0222IbnBakkarDabi.AkhbarWafidin.JK001281-ara1 | 0222IbnBakkarDabi.AkhbarWafidin.Shamela0006718-ara1,2
openiti:0224QasimIbnSallam.Amthal,0224QasimIbnSallam.Amthal,Multiple OpenITI digital versions of one work,0224QasimIbnSallam.Amthal.JK010765-ara1 | 0224QasimIbnSallam.Amthal.Shamela0000135-ara1,2
openiti:0224QasimIbnSallam.Amwal,0224QasimIbnSallam.Amwal,Multiple OpenITI digital versions of one work,0224QasimIbnSallam.Amwal.JK006800-ara1 | 0224QasimIbnSallam.Amwal.ShamAY0034007-ara1 | 0224QasimIbnSallam.Amwal.Shamela0012999-ara1,3
openiti:0224QasimIbnSallam.FadailQuran,0224QasimIbnSallam.FadailQuran,Multiple OpenITI digital versions of one work,0224QasimIbnSallam.FadailQuran.JK011565-ara1 | 0224QasimIbnSallam.FadailQuran.Shamela0012524-ara1,2
openiti:0224QasimIbnSallam.GharibHadith,0224QasimIbnSallam.GharibHadith,Multiple OpenITI digital versions of one work,0224QasimIbnSallam.GharibHadith.JK000718-ara1 | 0224QasimIbnSallam.GharibHadith.Sham19Y0032196-ara1 | 0224QasimIbnSallam.GharibHadith.Shamela0001309-ara1 | 0224QasimIbnSallam.GharibHadith.Shia003895Vols-ara1,4
openiti:0224QasimIbnSallam.Iman,0224QasimIbnSallam.Iman,Multiple OpenITI digital versions of one work,0224QasimIbnSallam.Iman.JK010286-ara1 | 0224QasimIbnSallam.Iman.Shamela0010638-ara1 | 0224QasimIbnSallam.Iman.Shamela0011316-ara1,3
openiti:0224QasimIbnSallam.NasikhWaMansukh,0224QasimIbnSallam.NasikhWaMansukh,Multiple OpenITI digital versions of one work,0224QasimIbnSallam.NasikhWaMansukh.JK011442-ara1 | 0224QasimIbnSallam.NasikhWaMansukh.Shamela0012523-ara1 | 0224QasimIbnSallam.NasikhWaMansukh.Shamela0037834-ara1,3
openiti:0224QasimIbnSallam.Silah,0224QasimIbnSallam.Silah,Multiple OpenITI digital versions of one work,0224QasimIbnSallam.Silah.JK006959-ara1 | 0224QasimIbnSallam.Silah.Shamela0007052-ara1,2
openiti:0225PseudoIbnMuqaffac.AdabSaghir,0225PseudoIbnMuqaffac.AdabSaghir,Multiple OpenITI digital versions of one work,0225PseudoIbnMuqaffac.AdabSaghir.Shamela0007528BK1-ara1 | 0225PseudoIbnMuqaffac.AdabSaghir.Shamela0037540-ara1,2
openiti:0227IbnMansurKhurasani.Sunan,0227IbnMansurKhurasani.Sunan,Multiple OpenITI digital versions of one work,0227IbnMansurKhurasani.Sunan.JK001473-ara1 | 0227IbnMansurKhurasani.Sunan.ShamAY0033972-ara1 | 0227IbnMansurKhurasani.Sunan.ShamAY0038067-ara1 | 0227IbnMansurKhurasani.Sunan.Shamela0013122-ara1,4
openiti:0227IbnMansurKhurasani.TafsirMinSunanSacid,0227IbnMansurKhurasani.TafsirMinSunanSacid,Multiple OpenITI digital versions of one work,0227IbnMansurKhurasani.TafsirMinSunanSacid.JK000784-ara1 | 0227IbnMansurKhurasani.TafsirMinSunanSacid.Shamela0001254-ara1 | 0227IbnMansurKhurasani.TafsirMinSunanSacid.Shamela0013008-ara1,3
openiti:0228IbnHammadKhuzaci.Fitan,0228IbnHammadKhuzaci.Fitan,Multiple OpenITI digital versions of one work,0228IbnHammadKhuzaci.Fitan.JK000025-ara1 | 0228IbnHammadKhuzaci.Fitan.ShamAY0033953-ara1 | 0228IbnHammadKhuzaci.Fitan.Shamela0013047-ara1 | 0228IbnHammadKhuzaci.Fitan.Shia003470-ara1,4
openiti:0230CaliIbnJacd.Musnad,0230CaliIbnJacd.Musnad,Multiple OpenITI digital versions of one work,0230CaliIbnJacd.Musnad.JK000487-ara1 | 0230CaliIbnJacd.Musnad.ShamAY0038024-ara1 | 0230CaliIbnJacd.Musnad.Shamela0004407-ara1 | 0230CaliIbnJacd.Musnad.Shia001901-ara1,4
openiti:0230IbnSacd.TabaqatKubra,0230IbnSacd.TabaqatKubra,Multiple OpenITI digital versions of one work,0230IbnSacd.TabaqatKubra.JK000530-ara2 | 0230IbnSacd.TabaqatKubra.JK000744-ara5 | 0230IbnSacd.TabaqatKubra.ShamAY0034595-ara1 | 0230IbnSacd.TabaqatKubra.ShamAY0035884-ara1 | 0230IbnSacd.TabaqatKubra.Shamela0001686-ara1 | 0230IbnSacd.TabaqatKubra.Shamela0001689-ara4 | 0230IbnSacd.TabaqatKubra.Shamela0007666-ara5 | 0230IbnSacd.TabaqatKubra.Shamela0009351-ara2 | 0230IbnSacd.TabaqatKubra.Shamela0009352-ara5 | 0230IbnSacd.TabaqatKubra.Shamela0012416-ara3 | 0230IbnSacd.TabaqatKubra.Shia003044Vols-ara2,11
openiti:0231AbuTamam.Diwan,0231AbuTamam.Diwan,Multiple OpenITI digital versions of one work,0231AbuTamam.Diwan.JK007583-ara1 | 0231AbuTamam.Diwan.ShamAY0037821-ara1,2
openiti:0231IbnSallamJumahi.TabaqatFuhulShucara,0231IbnSallamJumahi.TabaqatFuhulShucara,Multiple OpenITI digital versions of one work,0231IbnSallamJumahi.TabaqatFuhulShucara.JK001296-ara1 | 0231IbnSallamJumahi.TabaqatFuhulShucara.Shamela0006738-ara1,2
openiti:0231IbnZiyadAcrabi.AsmaKhayl,0231IbnZiyadAcrabi.AsmaKhayl,Multiple OpenITI digital versions of one work,0231IbnZiyadAcrabi.AsmaKhayl.JK010643-ara1 | 0231IbnZiyadAcrabi.AsmaKhayl.Shamela0000770-ara1,2
openiti:0233YahyaIbnMacin.HadithYahya,0233YahyaIbnMacin.HadithYahya,Multiple OpenITI digital versions of one work,0233YahyaIbnMacin.HadithYahya.JK001484-ara1 | 0233YahyaIbnMacin.HadithYahya.Shamela0009294-ara1 | 0233YahyaIbnMacin.HadithYahya.Shamela0011037-ara1,3
openiti:0233YahyaIbnMacin.MinKalamFiRijal,0233YahyaIbnMacin.MinKalamFiRijal,Multiple OpenITI digital versions of one work,0233YahyaIbnMacin.MinKalamFiRijal.JK000716-ara1 | 0233YahyaIbnMacin.MinKalamFiRijal.Shamela0005954-ara1,2
openiti:0233YahyaIbnMacin.SualatIbnJunayd,0233YahyaIbnMacin.SualatIbnJunayd,Multiple OpenITI digital versions of one work,0233YahyaIbnMacin.SualatIbnJunayd.ShamAY0034156-ara1 | 0233YahyaIbnMacin.SualatIbnJunayd.Shamela0012698-ara1,2
openiti:0234AbuKhaythamaNisai.Cilm,0234AbuKhaythamaNisai.Cilm,Multiple OpenITI digital versions of one work,0234AbuKhaythamaNisai.Cilm.JK000493-ara1 | 0234AbuKhaythamaNisai.Cilm.Shamela0007777-ara1 | 0234AbuKhaythamaNisai.Cilm.Shia001903-ara1,3
openiti:0234CaliIbnMadini.Cilal,0234CaliIbnMadini.Cilal,Multiple OpenITI digital versions of one work,0234CaliIbnMadini.Cilal.JK000708-ara1 | 0234CaliIbnMadini.Cilal.ShamAY0034150-ara1 | 0234CaliIbnMadini.Cilal.Shamela0006038-ara1,3
openiti:0234CaliIbnMadini.SualatIbnAbiShayba,0234CaliIbnMadini.SualatIbnAbiShayba,Multiple OpenITI digital versions of one work,0234CaliIbnMadini.SualatIbnAbiShayba.JK000655-ara1 | 0234CaliIbnMadini.SualatIbnAbiShayba.Shamela0005947-ara1 | 0234CaliIbnMadini.SualatIbnAbiShayba.Shia001902-ara1,3
openiti:0234CaliIbnMadini.TasmiyatManRuwiya,0234CaliIbnMadini.TasmiyatManRuwiya,Multiple OpenITI digital versions of one work,0234CaliIbnMadini.TasmiyatManRuwiya.JK000504-ara1 | 0234CaliIbnMadini.TasmiyatManRuwiya.Shamela0005893-ara1,2
openiti:0235DikJinn.Diwan,0235DikJinn.Diwan,Multiple OpenITI digital versions of one work,0235DikJinn.Diwan.JK007616-ara1 | 0235DikJinn.Diwan.ShamAY0037948-ara1,2
openiti:0235IbnAbiShayba.Adab,0235IbnAbiShayba.Adab,Multiple OpenITI digital versions of one work,0235IbnAbiShayba.Adab.JK009175-ara1 | 0235IbnAbiShayba.Adab.Shamela0000638-ara1,2
openiti:0235IbnAbiShayba.Musannaf,0235IbnAbiShayba.Musannaf,Multiple OpenITI digital versions of one work,0235IbnAbiShayba.Musannaf.JK000786-ara1 | 0235IbnAbiShayba.Musannaf.ShamAY0033931-ara1 | 0235IbnAbiShayba.Musannaf.ShamAY0033966-ara1 | 0235IbnAbiShayba.Musannaf.ShamAY0033967-ara1 | 0235IbnAbiShayba.Musannaf.Shamela0009944-ara1 | 0235IbnAbiShayba.Musannaf.Shia001904Vols-ara1,6
openiti:0235IbnAbiShayba.Musnad,0235IbnAbiShayba.Musnad,Multiple OpenITI digital versions of one work,0235IbnAbiShayba.Musnad.JK007049-ara1 | 0235IbnAbiShayba.Musnad.Shamela0013155-ara1,2
openiti:0235IbnYunusBaghdadi.Qada,0235IbnYunusBaghdadi.Qada,Multiple OpenITI digital versions of one work,0235IbnYunusBaghdadi.Qada.JK011413-ara1 | 0235IbnYunusBaghdadi.Qada.Shamela0008219-ara1,2
openiti:0236AbuCabdAllahZubayri.NasabQuraysh,0236AbuCabdAllahZubayri.NasabQuraysh,Multiple OpenITI digital versions of one work,0236AbuCabdAllahZubayri.NasabQuraysh.JK009223-ara1 | 0236AbuCabdAllahZubayri.NasabQuraysh.Shamela0002922-ara1,2
openiti:0238IbnHabibQurtubi.MukhtasarFiTibb,0238IbnHabibQurtubi.MukhtasarFiTibb,Multiple OpenITI digital versions of one work,0238IbnHabibQurtubi.MukhtasarFiTibb.JK007013-ara1 | 0238IbnHabibQurtubi.MukhtasarFiTibb.Shamela0010705-ara1,2
openiti:0238IbnRahawayh.Musnad,0238IbnRahawayh.Musnad,Multiple OpenITI digital versions of one work,0238IbnRahawayh.Musnad.JK000479-ara1 | 0238IbnRahawayh.Musnad.Shamela0001423-ara1 | 0238IbnRahawayh.Musnad.Shamela0013159-ara1 | 0238IbnRahawayh.Musnad.Shia001913Vols-ara1,4
openiti:0238MuhammadBurjulani.KaramWaJawd,0238MuhammadBurjulani.KaramWaJawd,Multiple OpenITI digital versions of one work,0238MuhammadBurjulani.KaramWaJawd.JK000047-ara1 | 0238MuhammadBurjulani.KaramWaJawd.Shamela0007755-ara1 | 0238MuhammadBurjulani.KaramWaJawd.Shamela0007819-ara1 | 0238MuhammadBurjulani.KaramWaJawd.Shia001912-ara1,4
openiti:0240CabdSamadIbnMucadhdhal.Diwan,0240CabdSamadIbnMucadhdhal.Diwan,Multiple OpenITI digital versions of one work,0240CabdSamadIbnMucadhdhal.Diwan.JK007619-ara1 | 0240CabdSamadIbnMucadhdhal.Diwan.ShamAY0037953-ara1,2
openiti:0240IbnKhayyatCusfuri.Tabaqat,0240IbnKhayyatCusfuri.Tabaqat,Multiple OpenITI digital versions of one work,0240IbnKhayyatCusfuri.Tabaqat.JK000516-ara2 | 0240IbnKhayyatCusfuri.Tabaqat.ShamAY0034615-ara1 | 0240IbnKhayyatCusfuri.Tabaqat.Shamela0008682-ara1 | 0240IbnKhayyatCusfuri.Tabaqat.Shia003056-ara1,4
openiti:0240IbnKhayyatCusfuri.Tarikh,0240IbnKhayyatCusfuri.Tarikh,Multiple OpenITI digital versions of one work,0240IbnKhayyatCusfuri.Tarikh.JK000412-ara1 | 0240IbnKhayyatCusfuri.Tarikh.Shamela0006615-ara1 | 0240IbnKhayyatCusfuri.Tarikh.Shia003055-ara2,3
openiti:0240IbnYahyaKinani.Hida,0240IbnYahyaKinani.Hida,Multiple OpenITI digital versions of one work,0240IbnYahyaKinani.Hida.JK012049-ara1 | 0240IbnYahyaKinani.Hida.Shamela0007610-ara1,2
openiti:0240SahnunIbnSacid.MudawwanaKubra,0240SahnunIbnSacid.MudawwanaKubra,Multiple OpenITI digital versions of one work,0240SahnunIbnSacid.MudawwanaKubra.JK000227-ara1 | 0240SahnunIbnSacid.MudawwanaKubra.Shamela0000587-ara1 | 0240SahnunIbnSacid.MudawwanaKubra.Shia000895Vols-ara1,3
openiti:0241IbnHanbal.AsamiWaKuna,0241IbnHanbal.AsamiWaKuna,Multiple OpenITI digital versions of one work,0241IbnHanbal.AsamiWaKuna.JK000525-ara1 | 0241IbnHanbal.AsamiWaKuna.Shamela0005780-ara1,2
openiti:0241IbnHanbal.Ashriba,0241IbnHanbal.Ashriba,Multiple OpenITI digital versions of one work,0241IbnHanbal.Ashriba.JK000673-ara1 | 0241IbnHanbal.Ashriba.ShamAY0034333-ara1 | 0241IbnHanbal.Ashriba.Shamela0012995-ara2,3
openiti:0241IbnHanbal.CaqidaRiwayatKhallal,0241IbnHanbal.CaqidaRiwayatKhallal,Multiple OpenITI digital versions of one work,0241IbnHanbal.CaqidaRiwayatKhallal.JK000323-ara1 | 0241IbnHanbal.CaqidaRiwayatKhallal.Shamela0006498-ara1,2
openiti:0241IbnHanbal.CilalWaMacrifa,0241IbnHanbal.CilalWaMacrifa,Multiple OpenITI digital versions of one work,0241IbnHanbal.CilalWaMacrifa.JK000521-ara1 | 0241IbnHanbal.CilalWaMacrifa.ShamAY0034149-ara2 | 0241IbnHanbal.CilalWaMacrifa.Shamela0002331-ara1 | 0241IbnHanbal.CilalWaMacrifa.Shia003057Vols-ara1,4
openiti:0241IbnHanbal.FadailSahaba,0241IbnHanbal.FadailSahaba,Multiple OpenITI digital versions of one work,0241IbnHanbal.FadailSahaba.JK000482-ara1 | 0241IbnHanbal.FadailSahaba.Shamela0013136-ara1,2
openiti:0241IbnHanbal.JamicFiCilal,0241IbnHanbal.JamicFiCilal,Multiple OpenITI digital versions of one work,0241IbnHanbal.JamicFiCilal.JK000749-ara1 | 0241IbnHanbal.JamicFiCilal.Shamela0006044-ara1 | 0241IbnHanbal.JamicFiCilal.Shamela0010272-ara2,3
openiti:0241IbnHanbal.MasailRiwayatCabdAllah,0241IbnHanbal.MasailRiwayatCabdAllah,Multiple OpenITI digital versions of one work,0241IbnHanbal.MasailRiwayatCabdAllah.JK001182-ara1 | 0241IbnHanbal.MasailRiwayatCabdAllah.Shamela0006105-ara1,2
openiti:0241IbnHanbal.MasailRiwayatSalih,0241IbnHanbal.MasailRiwayatSalih,Multiple OpenITI digital versions of one work,0241IbnHanbal.MasailRiwayatSalih.JK001184-ara1 | 0241IbnHanbal.MasailRiwayatSalih.ShamAY0034272-ara1 | 0241IbnHanbal.MasailRiwayatSalih.Shamela0006106-ara1,3
openiti:0241IbnHanbal.Musnad,0241IbnHanbal.Musnad,Multiple OpenITI digital versions of one work,0241IbnHanbal.Musnad.JK000145-ara2 | 0241IbnHanbal.Musnad.ShamAY0033936-ara4 | 0241IbnHanbal.Musnad.ShamAY0033963-ara5 | 0241IbnHanbal.Musnad.ShamAY0033964-ara2 | 0241IbnHanbal.Musnad.Shamela0013157-ara1 | 0241IbnHanbal.Musnad.Shamela0025794-ara1 | 0241IbnHanbal.Musnad.Shamela0098139-ara3 | 0241IbnHanbal.Musnad.Shia001707Vols-ara6,8
openiti:0241IbnHanbal.RaddCalaZanadiqa,0241IbnHanbal.RaddCalaZanadiqa,Multiple OpenITI digital versions of one work,0241IbnHanbal.RaddCalaZanadiqa.JK000341-ara1 | 0241IbnHanbal.RaddCalaZanadiqa.Shamela0007623-ara1,2
openiti:0241IbnHanbal.SualatAbiDawudLiIbnHanbal,0241IbnHanbal.SualatAbiDawudLiIbnHanbal,Multiple OpenITI digital versions of one work,0241IbnHanbal.SualatAbiDawudLiIbnHanbal.JK000709-ara1 | 0241IbnHanbal.SualatAbiDawudLiIbnHanbal.Shamela0005945-ara1,2
openiti:0241IbnHanbal.UsulSunna,0241IbnHanbal.UsulSunna,Multiple OpenITI digital versions of one work,0241IbnHanbal.UsulSunna.JK000354-ara1 | 0241IbnHanbal.UsulSunna.Shamela0006418-ara1,2
openiti:0241IbnHanbal.Zuhd,0241IbnHanbal.Zuhd,Multiple OpenITI digital versions of one work,0241IbnHanbal.Zuhd.JK000084-ara2 | 0241IbnHanbal.Zuhd.ShamAY0033738-ara3 | 0241IbnHanbal.Zuhd.Shamela0008494-ara1,3
openiti:0243HannadIbnSari.Zuhd,0243HannadIbnSari.Zuhd,Multiple OpenITI digital versions of one work,0243HannadIbnSari.Zuhd.JK000085-ara1 | 0243HannadIbnSari.Zuhd.Shamela0013027-ara1,2
openiti:0243HarithMuhasibi.AdabNufus,0243HarithMuhasibi.AdabNufus,Multiple OpenITI digital versions of one work,0243HarithMuhasibi.AdabNufus.JK000850-ara1 | 0243HarithMuhasibi.AdabNufus.Shamela0006853-ara1,2
openiti:0243HarithMuhasibi.FahmQuran,0243HarithMuhasibi.FahmQuran,Multiple OpenITI digital versions of one work,0243HarithMuhasibi.FahmQuran.JK000446-ara1 | 0243HarithMuhasibi.FahmQuran.Shamela0005550-ara1,2
openiti:0243HarithMuhasibi.MaiyyatCaql,0243HarithMuhasibi.MaiyyatCaql,Multiple OpenITI digital versions of one work,0243HarithMuhasibi.MaiyyatCaql.JK000802-ara1 | 0243HarithMuhasibi.MaiyyatCaql.Shamela0006492-ara1,2
openiti:0243HarithMuhasibi.Makasib,0243HarithMuhasibi.Makasib,Multiple OpenITI digital versions of one work,0243HarithMuhasibi.Makasib.JK001158-ara1 | 0243HarithMuhasibi.Makasib.Shamela0006230-ara1,2
openiti:0243HarithMuhasibi.RisalatMustarshidin,0243HarithMuhasibi.RisalatMustarshidin,Multiple OpenITI digital versions of one work,0243HarithMuhasibi.RisalatMustarshidin.JK001219-ara1 | 0243HarithMuhasibi.RisalatMustarshidin.Shamela0006871-ara1,2
openiti:0243IbnYahyaCadani.Iman,0243IbnYahyaCadani.Iman,Multiple OpenITI digital versions of one work,0243IbnYahyaCadani.Iman.JK000321-ara1 | 0243IbnYahyaCadani.Iman.Shamela0013006-ara1 | 0243IbnYahyaCadani.Iman.Shia001918-ara1,3
openiti:0244IbnSikkit.IslahMantiq,0244IbnSikkit.IslahMantiq,Multiple OpenITI digital versions of one work,0244IbnSikkit.IslahMantiq.JK001170-ara2 | 0244IbnSikkit.IslahMantiq.ShamAY0034670-ara1 | 0244IbnSikkit.IslahMantiq.Shamela0007508-ara1,3
openiti:0244IbnSikkit.KanzLughawi,0244IbnSikkit.KanzLughawi,Multiple OpenITI digital versions of one work,0244IbnSikkit.KanzLughawi.JK010885-ara1 | 0244IbnSikkit.KanzLughawi.Shamela0008533-ara1 | 0244IbnSikkit.KanzLughawi.Shia003899-ara1,3
openiti:0245LuwaynMissisi.JuzHadith,0245LuwaynMissisi.JuzHadith,Multiple OpenITI digital versions of one work,0245LuwaynMissisi.JuzHadith.JK001186-ara1 | 0245LuwaynMissisi.JuzHadith.Shamela0001459-ara1 | 0245LuwaynMissisi.JuzHadith.Shamela0029848-ara1,3
openiti:0245MuhammadIbnHabib.Muhabbar,0245MuhammadIbnHabib.Muhabbar,Multiple OpenITI digital versions of one work,0245MuhammadIbnHabib.Muhabbar.JK011200-ara1 | 0245MuhammadIbnHabib.Muhabbar.Shamela0012205-ara1 | 0245MuhammadIbnHabib.Muhabbar.Shia003457-ara1,3
openiti:0245MuhammadIbnHabib.MukhtalafQabail,0245MuhammadIbnHabib.MukhtalafQabail,Multiple OpenITI digital versions of one work,0245MuhammadIbnHabib.MukhtalafQabail.JK010501-ara1 | 0245MuhammadIbnHabib.MukhtalafQabail.Shamela0026540-ara1,2
openiti:0245MuhammadIbnHabib.MunammaqFiAkhbarQuraysh,0245MuhammadIbnHabib.MunammaqFiAkhbarQuraysh,Multiple OpenITI digital versions of one work,0245MuhammadIbnHabib.MunammaqFiAkhbarQuraysh.JK009275-ara1 | 0245MuhammadIbnHabib.MunammaqFiAkhbarQuraysh.Shamela0012212-ara1 | 0245MuhammadIbnHabib.MunammaqFiAkhbarQuraysh.Shia003458-ara1,3
openiti:0246AhmadDawraqi.MusnadSacdIbnAbiWaqqas,0246AhmadDawraqi.MusnadSacdIbnAbiWaqqas,Multiple OpenITI digital versions of one work,0246AhmadDawraqi.MusnadSacdIbnAbiWaqqas.JK000642-ara1 | 0246AhmadDawraqi.MusnadSacdIbnAbiWaqqas.Shamela0013166-ara1 | 0246AhmadDawraqi.MusnadSacdIbnAbiWaqqas.Shia001919-ara1,3
openiti:0246DicbilKhuzaci.Diwan,0246DicbilKhuzaci.Diwan,Multiple OpenITI digital versions of one work,0246DicbilKhuzaci.Diwan.JK007615-ara1 | 0246DicbilKhuzaci.Diwan.ShamAY0037947-ara1,2
openiti:0246DicbilKhuzaci.WasayaMuluk,0246DicbilKhuzaci.WasayaMuluk,Multiple OpenITI digital versions of one work,0246DicbilKhuzaci.WasayaMuluk.JK010741-ara1 | 0246DicbilKhuzaci.WasayaMuluk.Shamela0000741-ara1,2
openiti:0246HishamSulami.HadithHisham,0246HishamSulami.HadithHisham,Multiple OpenITI digital versions of one work,0246HishamSulami.HadithHisham.JK007106-ara1 | 0246HishamSulami.HadithHisham.Shamela0013112-ara1,2
openiti:0246HusaynMarwazi.BirrWaSila,0246HusaynMarwazi.BirrWaSila,Multiple OpenITI digital versions of one work,0246HusaynMarwazi.BirrWaSila.JK000033-ara1 | 0246HusaynMarwazi.BirrWaSila.Shamela0013007-ara1,2
openiti:0246IbnCumarDuri.JuzFihiQiraat,0246IbnCumarDuri.JuzFihiQiraat,Multiple OpenITI digital versions of one work,0246IbnCumarDuri.JuzFihiQiraat.JK001122-ara1 | 0246IbnCumarDuri.JuzFihiQiraat.Shamela0013106-ara1,2
openiti:0246QasimRassi.CadlWaTawhid,0246QasimRassi.CadlWaTawhid,Multiple OpenITI digital versions of one work,0246QasimRassi.CadlWaTawhid.Rafed0003477VolsBK10-ara2 | 0246QasimRassi.CadlWaTawhid.Zaydiyya0000075BK7-ara1,2
openiti:0246QasimRassi.CalimWaWafid,0246QasimRassi.CalimWaWafid,Multiple OpenITI digital versions of one work,0246QasimRassi.CalimWaWafid.Rafed0003477VolsBK27-ara2 | 0246QasimRassi.CalimWaWafid.Zaydiyya0000075BK27-ara1,2
openiti:0246QasimRassi.CuzzatBiLugha,0246QasimRassi.CuzzatBiLugha,Multiple OpenITI digital versions of one work,0246QasimRassi.CuzzatBiLugha.Rafed0003477VolsBK28-ara2 | 0246QasimRassi.CuzzatBiLugha.Zaydiyya0000075BK28-ara1,2
openiti:0246QasimRassi.DalilKabir,0246QasimRassi.DalilKabir,Multiple OpenITI digital versions of one work,0246QasimRassi.DalilKabir.Rafed0003477VolsBK1-ara2 | 0246QasimRassi.DalilKabir.Zaydiyya0000075BK1-ara1,2
openiti:0246QasimRassi.DalilSaghir,0246QasimRassi.DalilSaghir,Multiple OpenITI digital versions of one work,0246QasimRassi.DalilSaghir.Rafed0003477VolsBK2-ara2 | 0246QasimRassi.DalilSaghir.Zaydiyya0000075BK2-ara1,2
openiti:0246QasimRassi.FusulFiTawhid,0246QasimRassi.FusulFiTawhid,Multiple OpenITI digital versions of one work,0246QasimRassi.FusulFiTawhid.Rafed0003477VolsBK13-ara2 | 0246QasimRassi.FusulFiTawhid.Zaydiyya0000075BK11-ara1,2
openiti:0246QasimRassi.HijraLiZalimin,0246QasimRassi.HijraLiZalimin,Multiple OpenITI digital versions of one work,0246QasimRassi.HijraLiZalimin.Rafed0003477VolsBK24-ara2 | 0246QasimRassi.HijraLiZalimin.Zaydiyya0000075BK22-ara1,2
openiti:0246QasimRassi.ImamMuftaridTaca,0246QasimRassi.ImamMuftaridTaca,Multiple OpenITI digital versions of one work,0246QasimRassi.ImamMuftaridTaca.Rafed0003477VolsBK20-ara2 | 0246QasimRassi.ImamMuftaridTaca.Zaydiyya0000075BK19-ara1,2
openiti:0246QasimRassi.ImamaQablCali,0246QasimRassi.ImamaQablCali,Multiple OpenITI digital versions of one work,0246QasimRassi.ImamaQablCali.Rafed0003477VolsBK21-ara2 | 0246QasimRassi.ImamaQablCali.Zaydiyya0000075BK20-ara1,2
openiti:0246QasimRassi.ImamatCali,0246QasimRassi.ImamatCali,Multiple OpenITI digital versions of one work,0246QasimRassi.ImamatCali.Rafed0003477VolsBK22-ara2 | 0246QasimRassi.ImamatCali.Zaydiyya0000075BK21-ara1,2
openiti:0246QasimRassi.KamilMunir,0246QasimRassi.KamilMunir,Multiple OpenITI digital versions of one work,0246QasimRassi.KamilMunir.Zaydiyya0000003-ara1 | 0246QasimRassi.KamilMunir.Zaydiyya0000222-ara1,2
openiti:0246QasimRassi.MadihQuranKabir,0246QasimRassi.MadihQuranKabir,Multiple OpenITI digital versions of one work,0246QasimRassi.MadihQuranKabir.Rafed0003477VolsBK15-ara2 | 0246QasimRassi.MadihQuranKabir.Zaydiyya0000075BK15-ara1,2
openiti:0246QasimRassi.MadihQuranSaghir,0246QasimRassi.MadihQuranSaghir,Multiple OpenITI digital versions of one work,0246QasimRassi.MadihQuranSaghir.Rafed0003477VolsBK16-ara2 | 0246QasimRassi.MadihQuranSaghir.Zaydiyya0000075BK16-ara1,2
openiti:0246QasimRassi.MafahimIslamiyya,0246QasimRassi.MafahimIslamiyya,Multiple OpenITI digital versions of one work,0246QasimRassi.MafahimIslamiyya.Rafed0003477VolsBK29-ara2 | 0246QasimRassi.MafahimIslamiyya.Zaydiyya0000075BK26-ara1,2
openiti:0246QasimRassi.Maknun,0246QasimRassi.Maknun,Multiple OpenITI digital versions of one work,0246QasimRassi.Maknun.Rafed0003477VolsBK25-ara2 | 0246QasimRassi.Maknun.Zaydiyya0000075BK24-ara1,2
openiti:0246QasimRassi.Masail,0246QasimRassi.Masail,Multiple OpenITI digital versions of one work,0246QasimRassi.Masail.Rafed0003477VolsBK32-ara2 | 0246QasimRassi.Masail.Zaydiyya0000075BK32-ara1,2
openiti:0246QasimRassi.MasalaLiRajulayn,0246QasimRassi.MasalaLiRajulayn,Multiple OpenITI digital versions of one work,0246QasimRassi.MasalaLiRajulayn.Rafed0003477VolsBK12-ara2 | 0246QasimRassi.MasalaLiRajulayn.Zaydiyya0000075BK6-ara1,2
openiti:0246QasimRassi.MunazaraMacaMulhid,0246QasimRassi.MunazaraMacaMulhid,Multiple OpenITI digital versions of one work,0246QasimRassi.MunazaraMacaMulhid.Rafed0003477VolsBK3-ara2 | 0246QasimRassi.MunazaraMacaMulhid.Zaydiyya0000075BK3-ara1,2
openiti:0246QasimRassi.Mustarshid,0246QasimRassi.Mustarshid,Multiple OpenITI digital versions of one work,0246QasimRassi.Mustarshid.Rafed0003477VolsBK6-ara2 | 0246QasimRassi.Mustarshid.Zaydiyya0000075BK8-ara1,2
openiti:0246QasimRassi.NasikhWaMansukh,0246QasimRassi.NasikhWaMansukh,Multiple OpenITI digital versions of one work,0246QasimRassi.NasikhWaMansukh.Rafed0003477VolsBK17-ara2 | 0246QasimRassi.NasikhWaMansukh.Zaydiyya0000075BK17-ara1,2
openiti:0246QasimRassi.Qatl,0246QasimRassi.Qatl,Multiple OpenITI digital versions of one work,0246QasimRassi.Qatl.Rafed0003477VolsBK23-ara2 | 0246QasimRassi.Qatl.Zaydiyya0000075BK23-ara1,2
openiti:0246QasimRassi.RaddCalaMujabbira,0246QasimRassi.RaddCalaMujabbira,Multiple OpenITI digital versions of one work,0246QasimRassi.RaddCalaMujabbira.Rafed0003477VolsBK7-ara2 | 0246QasimRassi.RaddCalaMujabbira.Zaydiyya0000075BK12-ara1,2
openiti:0246QasimRassi.RaddCalaNasara,0246QasimRassi.RaddCalaNasara,Multiple OpenITI digital versions of one work,0246QasimRassi.RaddCalaNasara.Rafed0003477VolsBK5-ara2 | 0246QasimRassi.RaddCalaNasara.Zaydiyya0000075BK5-ara1,2
openiti:0246QasimRassi.RaddCalaRafida,0246QasimRassi.RaddCalaRafida,Multiple OpenITI digital versions of one work,0246QasimRassi.RaddCalaRafida.Rafed0003477VolsBK8-ara2 | 0246QasimRassi.RaddCalaRafida.Zaydiyya0000075BK13-ara1,2
openiti:0246QasimRassi.RaddCalaRawafid,0246QasimRassi.RaddCalaRawafid,Multiple OpenITI digital versions of one work,0246QasimRassi.RaddCalaRawafid.Rafed0003477VolsBK9-ara2 | 0246QasimRassi.RaddCalaRawafid.Zaydiyya0000075BK14-ara1,2
openiti:0246QasimRassi.RaddCalaZindiq,0246QasimRassi.RaddCalaZindiq,Multiple OpenITI digital versions of one work,0246QasimRassi.RaddCalaZindiq.Rafed0003477VolsBK4-ara2 | 0246QasimRassi.RaddCalaZindiq.Zaydiyya0000075BK4-ara1,2
openiti:0246QasimRassi.SalatYawmWaLayla,0246QasimRassi.SalatYawmWaLayla,Multiple OpenITI digital versions of one work,0246QasimRassi.SalatYawmWaLayla.Rafed0003477VolsBK31-ara2 | 0246QasimRassi.SalatYawmWaLayla.Zaydiyya0000075BK31-ara1,2
openiti:0246QasimRassi.SiyasatNafs,0246QasimRassi.SiyasatNafs,Multiple OpenITI digital versions of one work,0246QasimRassi.SiyasatNafs.Rafed0003477VolsBK26-ara2 | 0246QasimRassi.SiyasatNafs.Zaydiyya0000075BK25-ara1,2
openiti:0246QasimRassi.TafsirCarshWaKursi,0246QasimRassi.TafsirCarshWaKursi,Multiple OpenITI digital versions of one work,0246QasimRassi.TafsirCarshWaKursi.Rafed0003477VolsBK14-ara2 | 0246QasimRassi.TafsirCarshWaKursi.Zaydiyya0000075BK9-ara1,2
openiti:0246QasimRassi.TafsirQuran,0246QasimRassi.TafsirQuran,Multiple OpenITI digital versions of one work,0246QasimRassi.TafsirQuran.Rafed0003477VolsBK18-ara2 | 0246QasimRassi.TafsirQuran.Zaydiyya0000075BK29-ara1,2
openiti:0246QasimRassi.Tahara,0246QasimRassi.Tahara,Multiple OpenITI digital versions of one work,0246QasimRassi.Tahara.Rafed0003477VolsBK30-ara2 | 0246QasimRassi.Tahara.Zaydiyya0000075BK30-ara1,2
openiti:0246QasimRassi.TathbitImama,0246QasimRassi.TathbitImama,Multiple OpenITI digital versions of one work,0246QasimRassi.TathbitImama.Rafed0003477VolsBK19-ara2 | 0246QasimRassi.TathbitImama.Shia004484-ara1 | 0246QasimRassi.TathbitImama.Zaydiyya0000075BK18-ara1,3
openiti:0246QasimRassi.UsulCadlWaTawhid,0246QasimRassi.UsulCadlWaTawhid,Multiple OpenITI digital versions of one work,0246QasimRassi.UsulCadlWaTawhid.Rafed0003477VolsBK11-ara2 | 0246QasimRassi.UsulCadlWaTawhid.Zaydiyya0000075BK10-ara1,2
openiti:0249Azraqi.AkhbarMakka,0249Azraqi.AkhbarMakka,Multiple OpenITI digital versions of one work,0249Azraqi.AkhbarMakka.JK003504-ara1 | 0249Azraqi.AkhbarMakka.ShamAY0033816-ara1 | 0249Azraqi.AkhbarMakka.Shamela0009621-ara1,3
openiti:0249CabdIbnHamid.MuntakhabMinMusnad,0249CabdIbnHamid.MuntakhabMinMusnad,Multiple OpenITI digital versions of one work,0249CabdIbnHamid.MuntakhabMinMusnad.JK000486-ara1 | 0249CabdIbnHamid.MuntakhabMinMusnad.ShamAY0033973-ara1 | 0249CabdIbnHamid.MuntakhabMinMusnad.Shamela0010631-ara2 | 0249CabdIbnHamid.MuntakhabMinMusnad.Shamela0013170-ara1 | 0249CabdIbnHamid.MuntakhabMinMusnad.Shia001920-ara1,5
openiti:0250ThabitIbnAbiThabit.Farq,0250ThabitIbnAbiThabit.Farq,Multiple OpenITI digital versions of one work,0250ThabitIbnAbiThabit.Farq.JK006963-ara1 | 0250ThabitIbnAbiThabit.Farq.Shamela0007055-ara1,2
openiti:0251IbnMansurKawsaj.Masail,0251IbnMansurKawsaj.Masail,Multiple OpenITI digital versions of one work,0251IbnMansurKawsaj.Masail.JK009171-ara1 | 0251IbnMansurKawsaj.Masail.ShamAY0034258-ara1 | 0251IbnMansurKawsaj.Masail.Shamela0003125-ara1,3
openiti:0251IbnZanjawayh.Amwal,0251IbnZanjawayh.Amwal,Multiple OpenITI digital versions of one work,0251IbnZanjawayh.Amwal.JK011302-ara1 | 0251IbnZanjawayh.Amwal.Shamela0000338-ara1,2
openiti:0254MuammalIbnIhab.JuzMuammal,0254MuammalIbnIhab.JuzMuammal,Multiple OpenITI digital versions of one work,0254MuammalIbnIhab.JuzMuammal.JK000606-ara1 | 0254MuammalIbnIhab.JuzMuammal.Shamela0013102-ara1 | 0254MuammalIbnIhab.JuzMuammal.Shia001921-ara1,3
openiti:0255AbuHatimSijistani.Farq,0255AbuHatimSijistani.Farq,Multiple OpenITI digital versions of one work,0255AbuHatimSijistani.Farq.JK006964-ara1 | 0255AbuHatimSijistani.Farq.Shamela0007056-ara1,2
openiti:0255AbuHatimSijistani.Mucammarun,0255AbuHatimSijistani.Mucammarun,Multiple OpenITI digital versions of one work,0255AbuHatimSijistani.Mucammarun.JK010671-ara1 | 0255AbuHatimSijistani.Mucammarun.Shamela0000671-ara1,2
openiti:0255CabdAllahDarimi.Sunan,0255CabdAllahDarimi.Sunan,Multiple OpenITI digital versions of one work,0255CabdAllahDarimi.Sunan.JK000842-ara1 | 0255CabdAllahDarimi.Sunan.Sham19Y0036114-ara5 | 0255CabdAllahDarimi.Sunan.ShamAY0033928-ara1 | 0255CabdAllahDarimi.Sunan.ShamAY0033961-ara2 | 0255CabdAllahDarimi.Sunan.ShamAY0038095-ara4 | 0255CabdAllahDarimi.Sunan.Shamela0021795-ara3 | 0255CabdAllahDarimi.Sunan.Shia001713Vols-ara2,7
openiti:0255Jahiz.AmilWaMamul,0255Jahiz.AmilWaMamul,Multiple OpenITI digital versions of one work,0255Jahiz.AmilWaMamul.JK010594-ara1 | 0255Jahiz.AmilWaMamul.Shamela0000594-ara1,2
openiti:0255Jahiz.BalaghaWaIjaz,0255Jahiz.BalaghaWaIjaz,Multiple OpenITI digital versions of one work,0255Jahiz.BalaghaWaIjaz.Shamela0010428BK37-ara1 | 0255Jahiz.BalaghaWaIjaz.Shamela0010670BK13-ara2,2
openiti:0255Jahiz.BayanWaTabyin,0255Jahiz.BayanWaTabyin,Multiple OpenITI digital versions of one work,0255Jahiz.BayanWaTabyin.JK001009-ara1 | 0255Jahiz.BayanWaTabyin.Masaha003365Vols-ara1 | 0255Jahiz.BayanWaTabyin.ShamAY0033779-ara1 | 0255Jahiz.BayanWaTabyin.ShamAY0033801-ara1 | 0255Jahiz.BayanWaTabyin.Shamela0010614-ara1 | 0255Jahiz.BayanWaTabyin.Zaydiyya0000478-ara1,6
openiti:0255Jahiz.Bighal,0255Jahiz.Bighal,Multiple OpenITI digital versions of one work,0255Jahiz.Bighal.JK010609-ara1 | 0255Jahiz.Bighal.Shamela0010428BK18-ara1 | 0255Jahiz.Bighal.Shamela0010506-ara1,3
openiti:0255Jahiz.Bukhala,0255Jahiz.Bukhala,Multiple OpenITI digital versions of one work,0255Jahiz.Bukhala.JK007061-ara1 | 0255Jahiz.Bukhala.JK009201-ara1 | 0255Jahiz.Bukhala.Masaha002332-ara1 | 0255Jahiz.Bukhala.ShamAY0033775-ara1 | 0255Jahiz.Bukhala.Shamela0010501-ara1,5
openiti:0255Jahiz.BursanWaCurjan,0255Jahiz.BursanWaCurjan,Multiple OpenITI digital versions of one work,0255Jahiz.BursanWaCurjan.JK010538-ara1 | 0255Jahiz.BursanWaCurjan.Masaha002333-ara1 | 0255Jahiz.BursanWaCurjan.Shamela0010538-ara1,3
openiti:0255Jahiz.CadawaWaHasad,0255Jahiz.CadawaWaHasad,Multiple OpenITI digital versions of one work,0255Jahiz.CadawaWaHasad.Shamela0010428BK11-ara1 | 0255Jahiz.CadawaWaHasad.Shamela0010670BK17-ara2,2
openiti:0255Jahiz.Cuthmaniyya,0255Jahiz.Cuthmaniyya,Multiple OpenITI digital versions of one work,0255Jahiz.Cuthmaniyya.Shamela0010428BK31-ara1 | 0255Jahiz.Cuthmaniyya.Shamela0096338-ara1 | 0255Jahiz.Cuthmaniyya.Shia003459BK1-ara1,3
openiti:0255Jahiz.DhammAkhlaqKuttab,0255Jahiz.DhammAkhlaqKuttab,Multiple OpenITI digital versions of one work,0255Jahiz.DhammAkhlaqKuttab.Shamela0010428BK17-ara1 | 0255Jahiz.DhammAkhlaqKuttab.Shamela0010709BK9-ara2,2
openiti:0255Jahiz.FakhrSudan,0255Jahiz.FakhrSudan,Multiple OpenITI digital versions of one work,0255Jahiz.FakhrSudan.Shamela0010428BK6-ara1 | 0255Jahiz.FakhrSudan.Shamela0010709BK7-ara2,2
openiti:0255Jahiz.HasidWaMahsud,0255Jahiz.HasidWaMahsud,Multiple OpenITI digital versions of one work,0255Jahiz.HasidWaMahsud.Shamela0010428BK20-ara1 | 0255Jahiz.HasidWaMahsud.Shamela0010670BK2-ara2,2
openiti:0255Jahiz.Hayawan,0255Jahiz.Hayawan,Multiple OpenITI digital versions of one work,0255Jahiz.Hayawan.JK007068-ara1 | 0255Jahiz.Hayawan.Masaha002972Vols-ara1 | 0255Jahiz.Hayawan.ShamAY0033772-ara1 | 0255Jahiz.Hayawan.Shamela0023775-ara1,4
openiti:0255Jahiz.Hijab,0255Jahiz.Hijab,Multiple OpenITI digital versions of one work,0255Jahiz.Hijab.Shamela0010428BK14-ara1 | 0255Jahiz.Hijab.Shamela0010709BK8-ara2,2
openiti:0255Jahiz.IstinjazWacd,0255Jahiz.IstinjazWacd,Multiple OpenITI digital versions of one work,0255Jahiz.IstinjazWacd.Shamela0010428BK42-ara1 | 0255Jahiz.IstinjazWacd.Shamela0010670BK20-ara2,2
openiti:0255Jahiz.JaddWaHazl,0255Jahiz.JaddWaHazl,Multiple OpenITI digital versions of one work,0255Jahiz.JaddWaHazl.Shamela0010428BK34-ara1 | 0255Jahiz.JaddWaHazl.Shamela0010428BK7-ara1 | 0255Jahiz.JaddWaHazl.Shamela0010670BK16-ara2,3
openiti:0255Jahiz.KitmanSirr,0255Jahiz.KitmanSirr,Multiple OpenITI digital versions of one work,0255Jahiz.KitmanSirr.Shamela0010428BK5-ara1 | 0255Jahiz.KitmanSirr.Shamela0010670BK1-ara2,2
openiti:0255Jahiz.MacadWaMacash,0255Jahiz.MacadWaMacash,Multiple OpenITI digital versions of one work,0255Jahiz.MacadWaMacash.Shamela0010428BK33-ara1 | 0255Jahiz.MacadWaMacash.Shamela0010428BK4-ara1 | 0255Jahiz.MacadWaMacash.Shamela0010709BK1-ara2,3
openiti:0255Jahiz.MadhNabidh,0255Jahiz.MadhNabidh,Multiple OpenITI digital versions of one work,0255Jahiz.MadhNabidh.Shamela0010428BK23-ara1 | 0255Jahiz.MadhNabidh.Shamela0010670BK11-ara2,2
openiti:0255Jahiz.MadhTujjar,0255Jahiz.MadhTujjar,Multiple OpenITI digital versions of one work,0255Jahiz.MadhTujjar.Shamela0010428BK45-ara1 | 0255Jahiz.MadhTujjar.Shamela0010670BK9-ara2,2
openiti:0255Jahiz.MahasinWaAddad,0255Jahiz.MahasinWaAddad,Multiple OpenITI digital versions of one work,0255Jahiz.MahasinWaAddad.JK009364-ara1 | 0255Jahiz.MahasinWaAddad.Masaha002334-ara1 | 0255Jahiz.MahasinWaAddad.ShamAY0033780-ara1 | 0255Jahiz.MahasinWaAddad.Shamela0010511-ara2,4
openiti:0255Jahiz.ManaqibTurk,0255Jahiz.ManaqibTurk,Multiple OpenITI digital versions of one work,0255Jahiz.ManaqibTurk.Shamela0010428BK26-ara1 | 0255Jahiz.ManaqibTurk.Shamela0010428BK3-ara1 | 0255Jahiz.ManaqibTurk.Shamela0010709BK6-ara2,3
openiti:0255Jahiz.MawaddaWaKhulta,0255Jahiz.MawaddaWaKhulta,Multiple OpenITI digital versions of one work,0255Jahiz.MawaddaWaKhulta.Shamela0010428BK40-ara1 | 0255Jahiz.MawaddaWaKhulta.Shamela0010670BK19-ara2,2
openiti:0255Jahiz.Mucallimin,0255Jahiz.Mucallimin,Multiple OpenITI digital versions of one work,0255Jahiz.Mucallimin.Shamela0010428BK21-ara1 | 0255Jahiz.Mucallimin.Shamela0010670BK6-ara2,2
openiti:0255Jahiz.MufakharatJawari,0255Jahiz.MufakharatJawari,Multiple OpenITI digital versions of one work,0255Jahiz.MufakharatJawari.Shamela0010428BK15-ara1 | 0255Jahiz.MufakharatJawari.Shamela0010670BK5-ara2,2
openiti:0255Jahiz.Nubl,0255Jahiz.Nubl,Multiple OpenITI digital versions of one work,0255Jahiz.Nubl.Shamela0010428BK39-ara1 | 0255Jahiz.Nubl.Shamela0010670BK3-ara2,2
openiti:0255Jahiz.RaddCalaNasara,0255Jahiz.RaddCalaNasara,Multiple OpenITI digital versions of one work,0255Jahiz.RaddCalaNasara.Shamela0010428BK29-ara1 | 0255Jahiz.RaddCalaNasara.Shamela0037716-ara1,2
openiti:0255Jahiz.RisalaIlaAbiFaraj,0255Jahiz.RisalaIlaAbiFaraj,Multiple OpenITI digital versions of one work,0255Jahiz.RisalaIlaAbiFaraj.Shamela0010428BK10-ara1 | 0255Jahiz.RisalaIlaAbiFaraj.Shamela0010670BK18-ara2,2
openiti:0255Jahiz.SharibWaMashrub,0255Jahiz.SharibWaMashrub,Multiple OpenITI digital versions of one work,0255Jahiz.SharibWaMashrub.Shamela0010428BK46-ara1 | 0255Jahiz.SharibWaMashrub.Shamela0010670BK12-ara2,2
openiti:0255Jahiz.SinacatQuwwad,0255Jahiz.SinacatQuwwad,Multiple OpenITI digital versions of one work,0255Jahiz.SinacatQuwwad.Shamela0010428BK12-ara1 | 0255Jahiz.SinacatQuwwad.Shamela0010670BK15-ara2,2
openiti:0255Jahiz.TabaqatMughannin,0255Jahiz.TabaqatMughannin,Multiple OpenITI digital versions of one work,0255Jahiz.TabaqatMughannin.Shamela0010428BK24-ara1 | 0255Jahiz.TabaqatMughannin.Shamela0010670BK7-ara2,2
openiti:0255Jahiz.TabsiraBiTijara,0255Jahiz.TabsiraBiTijara,Multiple OpenITI digital versions of one work,0255Jahiz.TabsiraBiTijara.JK009177-ara1 | 0255Jahiz.TabsiraBiTijara.Shamela0006956-ara1,2
openiti:0255Jahiz.TafdilBatn,0255Jahiz.TafdilBatn,Multiple OpenITI digital versions of one work,0255Jahiz.TafdilBatn.Shamela0010428BK38-ara1 | 0255Jahiz.TafdilBatn.Shamela0010670BK4-ara2,2
openiti:0255Jahiz.TafdilNutq,0255Jahiz.TafdilNutq,Multiple OpenITI digital versions of one work,0255Jahiz.TafdilNutq.Shamela0010428BK43-ara1 | 0255Jahiz.TafdilNutq.Shamela0010670BK14-ara2,2
openiti:0255Jahiz.TajFiAkhlaq,0255Jahiz.TajFiAkhlaq,Multiple OpenITI digital versions of one work,0255Jahiz.TajFiAkhlaq.JK010587-ara1 | 0255Jahiz.TajFiAkhlaq.Shamela0022623-ara1,2
openiti:0255Jahiz.TarbicWaTadwir,0255Jahiz.TarbicWaTadwir,Multiple OpenITI digital versions of one work,0255Jahiz.TarbicWaTadwir.Shamela0010428BK22-ara1 | 0255Jahiz.TarbicWaTadwir.Shamela0010670BK21-ara2,2
openiti:0255Jahiz.Wukala,0255Jahiz.Wukala,Multiple OpenITI digital versions of one work,0255Jahiz.Wukala.Shamela0010428BK35-ara1 | 0255Jahiz.Wukala.Shamela0010670BK8-ara2,2
openiti:0256Bukhari.AdabMufrad,0256Bukhari.AdabMufrad,Multiple OpenITI digital versions of one work,0256Bukhari.AdabMufrad.JK000011-ara1 | 0256Bukhari.AdabMufrad.Shamela0009647-ara1 | 0256Bukhari.AdabMufrad.Shamela0012991-ara1 | 0256Bukhari.AdabMufrad.Shia001922-ara1,4
openiti:0256Bukhari.DucafaSaghir,0256Bukhari.DucafaSaghir,Multiple OpenITI digital versions of one work,0256Bukhari.DucafaSaghir.JK000507-ara1 | 0256Bukhari.DucafaSaghir.Shamela0010542-ara1 | 0256Bukhari.DucafaSaghir.Shia003070-ara1,3
openiti:0256Bukhari.KhalqAfcal,0256Bukhari.KhalqAfcal,Multiple OpenITI digital versions of one work,0256Bukhari.KhalqAfcal.JK000546-ara1 | 0256Bukhari.KhalqAfcal.Shamela0009697-ara1 | 0256Bukhari.KhalqAfcal.Shia001923-ara1,3
openiti:0256Bukhari.QiraaKhalfaImam,0256Bukhari.QiraaKhalfaImam,Multiple OpenITI digital versions of one work,0256Bukhari.QiraaKhalfaImam.JK011410-ara1 | 0256Bukhari.QiraaKhalfaImam.Shamela0008218-ara1,2
openiti:0256Bukhari.QuratCaynanyn,0256Bukhari.QuratCaynanyn,Multiple OpenITI digital versions of one work,0256Bukhari.QuratCaynanyn.JK000472-ara1 | 0256Bukhari.QuratCaynanyn.Shamela0001613-ara1,2
openiti:0256Bukhari.Sahih,0256Bukhari.Sahih,Multiple OpenITI digital versions of one work,0256Bukhari.Sahih.JK000110-ara1 | 0256Bukhari.Sahih.Shamela0001681-ara1 | 0256Bukhari.Sahih.Shia001715Vols-ara1,3
openiti:0256Bukhari.TarikhKabir,0256Bukhari.TarikhKabir,Multiple OpenITI digital versions of one work,0256Bukhari.TarikhKabir.JK000133-ara1 | 0256Bukhari.TarikhKabir.JK000518-ara1 | 0256Bukhari.TarikhKabir.Shamela0000956-ara1 | 0256Bukhari.TarikhKabir.Shamela0012823-ara1 | 0256Bukhari.TarikhKabir.Shia003062Vols-ara1 | 0256Bukhari.TarikhKabir.Shia003071-ara1,6
openiti:0256Bukhari.TarikhSaghir,0256Bukhari.TarikhSaghir,Multiple OpenITI digital versions of one work,0256Bukhari.TarikhSaghir.JK000531-ara1 | 0256Bukhari.TarikhSaghir.Shamela0005782-ara1 | 0256Bukhari.TarikhSaghir.Shia003060Vols-ara1,3
openiti:0256ZubayrIbnBakkar.JamharatNasabQuraysh,0256ZubayrIbnBakkar.JamharatNasabQuraysh,Multiple OpenITI digital versions of one work,0256ZubayrIbnBakkar.JamharatNasabQuraysh.JK010495-ara1 | 0256ZubayrIbnBakkar.JamharatNasabQuraysh.Shamela0026525-ara1,2
openiti:0256ZubayrIbnBakkar.Muntakhab,0256ZubayrIbnBakkar.Muntakhab,Multiple OpenITI digital versions of one work,0256ZubayrIbnBakkar.Muntakhab.JK000668-ara1 | 0256ZubayrIbnBakkar.Muntakhab.Shamela0006599-ara1,2
openiti:0257IbnCabdHakam.FutuhMisr,0257IbnCabdHakam.FutuhMisr,Multiple OpenITI digital versions of one work,0257IbnCabdHakam.FutuhMisr.JK001049-ara1 | 0257IbnCabdHakam.FutuhMisr.Masaha004429-ara1 | 0257IbnCabdHakam.FutuhMisr.Shamela0011404-ara1 | 0257IbnCabdHakam.FutuhMisr.Shia003460-ara1,4
openiti:0258IbnYahyaNaysaburi.Juz,0258IbnYahyaNaysaburi.Juz,Multiple OpenITI digital versions of one work,0258IbnYahyaNaysaburi.Juz.Shamela0021684-ara1 | 0258IbnYahyaNaysaburi.Juz.Shamela0030368-ara1,2
openiti:0259HunaynIbnIshaq.JalinusFiCamalTashrih,0259HunaynIbnIshaq.JalinusFiCamalTashrih,Multiple OpenITI digital versions of one work,0259HunaynIbnIshaq.JalinusFiCamalTashrih.GRAR000080-ara1 | 0259HunaynIbnIshaq.JalinusFiCamalTashrih.GRAR000081-ara1,2
openiti:0259HunaynIbnIshaq.SharhJalinusLiIfidhimiya,0259HunaynIbnIshaq.SharhJalinusLiIfidhimiya,Multiple OpenITI digital versions of one work,0259HunaynIbnIshaq.SharhJalinusLiIfidhimiya.GRAR000085-ara1 | 0259HunaynIbnIshaq.SharhJalinusLiIfidhimiya.GRAR000086-ara1,2
openiti:0259IbnYacqubJuzjani.AhwalRijal,0259IbnYacqubJuzjani.AhwalRijal,Multiple OpenITI digital versions of one work,0259IbnYacqubJuzjani.AhwalRijal.JK000664-ara1 | 0259IbnYacqubJuzjani.AhwalRijal.ShamAY0034603-ara1 | 0259IbnYacqubJuzjani.AhwalRijal.Shamela0025803-ara1,3
openiti:0259IbnYacqubJuzjani.AmaratNubuwwa,0259IbnYacqubJuzjani.AmaratNubuwwa,Multiple OpenITI digital versions of one work,0259IbnYacqubJuzjani.AmaratNubuwwa.ShamAY0032910-ara1 | 0259IbnYacqubJuzjani.AmaratNubuwwa.ShamAY0033696-ara1 | 0259IbnYacqubJuzjani.AmaratNubuwwa.Shamela0004096-ara1,3
openiti:0260AbuCaliZacfarani.MusnadBilal,0260AbuCaliZacfarani.MusnadBilal,Multiple OpenITI digital versions of one work,0260AbuCaliZacfarani.MusnadBilal.JK000619-ara1 | 0260AbuCaliZacfarani.MusnadBilal.ShamAY0033912-ara1 | 0260AbuCaliZacfarani.MusnadBilal.Shamela0013165-ara1 | 0260AbuCaliZacfarani.MusnadBilal.Shia001924-ara1,4
openiti:0261AbuHasanCijli.MacrifatThiqat,0261AbuHasanCijli.MacrifatThiqat,Multiple OpenITI digital versions of one work,0261AbuHasanCijli.MacrifatThiqat.JK000497-ara1 | 0261AbuHasanCijli.MacrifatThiqat.Shamela0005825-ara1 | 0261AbuHasanCijli.MacrifatThiqat.Shamela0009170-ara1 | 0261AbuHasanCijli.MacrifatThiqat.Shia003072Vols-ara1,4
openiti:0261Muslim.KunaWaAsma,0261Muslim.KunaWaAsma,Multiple OpenITI digital versions of one work,0261Muslim.KunaWaAsma.JK000826-ara1 | 0261Muslim.KunaWaAsma.Shamela0007340-ara1,2
openiti:0261Muslim.Munfaridat,0261Muslim.Munfaridat,Multiple OpenITI digital versions of one work,0261Muslim.Munfaridat.JK000512-ara1 | 0261Muslim.Munfaridat.Shamela0005837-ara1 | 0261Muslim.Munfaridat.Shia001925-ara1,3
openiti:0261Muslim.Sahih,0261Muslim.Sahih,Multiple OpenITI digital versions of one work,0261Muslim.Sahih.JK000109-ara1 | 0261Muslim.Sahih.ShamAY0033938-ara2 | 0261Muslim.Sahih.Shamela0001727-ara1 | 0261Muslim.Sahih.Shia001723Vols-ara3,4
openiti:0261Muslim.Tamyiz,0261Muslim.Tamyiz,Multiple OpenITI digital versions of one work,0261Muslim.Tamyiz.JK000741-ara1 | 0261Muslim.Tamyiz.ShamAY0034142-ara1 | 0261Muslim.Tamyiz.Shamela0006048-ara1,3
openiti:0262CumarIbnShabba.TarikhMadina,0262CumarIbnShabba.TarikhMadina,Multiple OpenITI digital versions of one work,0262CumarIbnShabba.TarikhMadina.JK003505-ara1 | 0262CumarIbnShabba.TarikhMadina.ShamAY0033814-ara1 | 0262CumarIbnShabba.TarikhMadina.Shamela0013086-ara1 | 0262CumarIbnShabba.TarikhMadina.Shia003461Vols-ara1,4
openiti:0262IbnCasimIsbahani.Juz,0262IbnCasimIsbahani.Juz,Multiple OpenITI digital versions of one work,0262IbnCasimIsbahani.Juz.JK000593-ara1 | 0262IbnCasimIsbahani.Juz.Shamela0009314-ara1 | 0262IbnCasimIsbahani.Juz.Shia001926-ara1,3
openiti:0262YacqubIbnShayba.MusnadCumarIbnKhattab,0262YacqubIbnShayba.MusnadCumarIbnKhattab,Multiple OpenITI digital versions of one work,0262YacqubIbnShayba.MusnadCumarIbnKhattab.JK000713-ara1 | 0262YacqubIbnShayba.MusnadCumarIbnKhattab.ShamAY0033697-ara1 | 0262YacqubIbnShayba.MusnadCumarIbnKhattab.Shamela0013172-ara1,3
openiti:0264IbnYahyaMuzani.Mukhtasar,0264IbnYahyaMuzani.Mukhtasar,Multiple OpenITI digital versions of one work,0264IbnYahyaMuzani.Mukhtasar.JK001504-ara1 | 0264IbnYahyaMuzani.Mukhtasar.Shamela0001661-ara1 | 0264IbnYahyaMuzani.Mukhtasar.Shia000828-ara1,3
openiti:0264IbnYahyaMuzani.SharhSunna,0264IbnYahyaMuzani.SharhSunna,Multiple OpenITI digital versions of one work,0264IbnYahyaMuzani.SharhSunna.JK001225-ara1 | 0264IbnYahyaMuzani.SharhSunna.Shamela0006484-ara1,2
openiti:0265SalihIbnHanbal.SiratImam,0265SalihIbnHanbal.SiratImam,Multiple OpenITI digital versions of one work,0265SalihIbnHanbal.SiratImam.JK001102-ara1 | 0265SalihIbnHanbal.SiratImam.Shamela0006655-ara1,2
openiti:0267HammadIbnIshaq.TarikatNabi,0267HammadIbnIshaq.TarikatNabi,Multiple OpenITI digital versions of one work,0267HammadIbnIshaq.TarikatNabi.JK000640-ara1 | 0267HammadIbnIshaq.TarikatNabi.Shamela0022657-ara1 | 0267HammadIbnIshaq.TarikatNabi.Shia001927-ara1,3
openiti:0270IbnCaffanKufi.AmaliWaQiraa,0270IbnCaffanKufi.AmaliWaQiraa,Multiple OpenITI digital versions of one work,0270IbnCaffanKufi.AmaliWaQiraa.JK000588-ara1 | 0270IbnCaffanKufi.AmaliWaQiraa.Shamela0012998-ara1,2
openiti:0271CabbasDuri.TarikhIbnMacin,0271CabbasDuri.TarikhIbnMacin,Multiple OpenITI digital versions of one work,0271CabbasDuri.TarikhIbnMacin.JK000855-ara1 | 0271CabbasDuri.TarikhIbnMacin.ShamAY0038167-ara3 | 0271CabbasDuri.TarikhIbnMacin.Shamela0003508-ara1 | 0271CabbasDuri.TarikhIbnMacin.Shia003053Vols-ara2,4
openiti:0272IbnCassamIsbahani.JuzIbnCassam,0272IbnCassamIsbahani.JuzIbnCassam,Multiple OpenITI digital versions of one work,0272IbnCassamIsbahani.JuzIbnCassam.JK000828-ara1 | 0272IbnCassamIsbahani.JuzIbnCassam.Shamela0009051-ara1,2
openiti:0272IbnIshaqFakihi.AkhbarMakka,0272IbnIshaqFakihi.AkhbarMakka,Multiple OpenITI digital versions of one work,0272IbnIshaqFakihi.AkhbarMakka.JK000934-ara1 | 0272IbnIshaqFakihi.AkhbarMakka.Masaha004538Vols-ara1 | 0272IbnIshaqFakihi.AkhbarMakka.Shamela0022579-ara1,3
openiti:0273AbuUmayyaTarsusi.MusnadCabdAllahIbnCumar,0273AbuUmayyaTarsusi.MusnadCabdAllahIbnCumar,Multiple OpenITI digital versions of one work,0273AbuUmayyaTarsusi.MusnadCabdAllahIbnCumar.JK000774-ara1 | 0273AbuUmayyaTarsusi.MusnadCabdAllahIbnCumar.Shamela0013169-ara1,2
openiti:0273HanbalIbnIshaqShaybani.Fitan,0273HanbalIbnIshaqShaybani.Fitan,Multiple OpenITI digital versions of one work,0273HanbalIbnIshaqShaybani.Fitan.JK001081-ara1 | 0273HanbalIbnIshaqShaybani.Fitan.Shamela0013046-ara1,2
openiti:0273IbnMaja.Sunan,0273IbnMaja.Sunan,Multiple OpenITI digital versions of one work,0273IbnMaja.Sunan.JK000141-ara1 | 0273IbnMaja.Sunan.ShamAY0033959-ara1 | 0273IbnMaja.Sunan.Shamela0001198-ara1 | 0273IbnMaja.Sunan.Shamela0098138-ara1 | 0273IbnMaja.Sunan.Shia001731Vols-ara1,5
openiti:0275AbuBakrMarrudhi.Warac,0275AbuBakrMarrudhi.Warac,Multiple OpenITI digital versions of one work,0275AbuBakrMarrudhi.Warac.JK000307-ara2 | 0275AbuBakrMarrudhi.Warac.JK001283-ara1 | 0275AbuBakrMarrudhi.Warac.ShamAY0033617-ara1 | 0275AbuBakrMarrudhi.Warac.Shamela0006785-ara1,4
openiti:0275AbuDawudSijistani.Marasil,0275AbuDawudSijistani.Marasil,Multiple OpenITI digital versions of one work,0275AbuDawudSijistani.Marasil.JK000766-ara1 | 0275AbuDawudSijistani.Marasil.ShamAY0033999-ara1 | 0275AbuDawudSijistani.Marasil.Shamela0013063-ara1,3
openiti:0275AbuDawudSijistani.MasailImamAhmad,0275AbuDawudSijistani.MasailImamAhmad,Multiple OpenITI digital versions of one work,0275AbuDawudSijistani.MasailImamAhmad.ShamAY0034273-ara1 | 0275AbuDawudSijistani.MasailImamAhmad.Shamela0021487-ara1,2
openiti:0275AbuDawudSijistani.RisalaIlaAhlMakka,0275AbuDawudSijistani.RisalaIlaAhlMakka,Multiple OpenITI digital versions of one work,0275AbuDawudSijistani.RisalaIlaAhlMakka.JK000751-ara1 | 0275AbuDawudSijistani.RisalaIlaAhlMakka.Shamela0006013-ara1 | 0275AbuDawudSijistani.RisalaIlaAhlMakka.Shia001928-ara1,3
openiti:0275AbuDawudSijistani.SualatAjurri,0275AbuDawudSijistani.SualatAjurri,Multiple OpenITI digital versions of one work,0275AbuDawudSijistani.SualatAjurri.JK000528-ara1 | 0275AbuDawudSijistani.SualatAjurri.ShamAY0034161-ara1 | 0275AbuDawudSijistani.SualatAjurri.ShamAY0034622-ara2 | 0275AbuDawudSijistani.SualatAjurri.Shamela0011236-ara1 | 0275AbuDawudSijistani.SualatAjurri.Shia001929Vols-ara1,5
openiti:0275AbuDawudSijistani.Sunan,0275AbuDawudSijistani.Sunan,Multiple OpenITI digital versions of one work,0275AbuDawudSijistani.Sunan.JK000142-ara1 | 0275AbuDawudSijistani.Sunan.ShamAY0033960-ara1 | 0275AbuDawudSijistani.Sunan.Shamela0001726-ara1 | 0275AbuDawudSijistani.Sunan.Shamela0117359-ara1 | 0275AbuDawudSijistani.Sunan.Shia001733Vols-ara1,5
openiti:0275AbuDawudSijistani.Zuhd,0275AbuDawudSijistani.Zuhd,Multiple OpenITI digital versions of one work,0275AbuDawudSijistani.Zuhd.JK011358-ara1 | 0275AbuDawudSijistani.Zuhd.Shamela0008215-ara1,2
openiti:0276IbnMukhalladQurtubi.MaRuwiyaFiHawd,0276IbnMukhalladQurtubi.MaRuwiyaFiHawd,Multiple OpenITI digital versions of one work,0276IbnMukhalladQurtubi.MaRuwiyaFiHawd.JK000730-ara1 | 0276IbnMukhalladQurtubi.MaRuwiyaFiHawd.JK000731-ara1 | 0276IbnMukhalladQurtubi.MaRuwiyaFiHawd.Shamela0013015-ara1 | 0276IbnMukhalladQurtubi.MaRuwiyaFiHawd.Shia001932-ara1,4
openiti:0276IbnQutaybaDinawari.AdabKatib,0276IbnQutaybaDinawari.AdabKatib,Multiple OpenITI digital versions of one work,0276IbnQutaybaDinawari.AdabKatib.JK000973-ara1 | 0276IbnQutaybaDinawari.AdabKatib.ShamAY0033771-ara1 | 0276IbnQutaybaDinawari.AdabKatib.Shamela0026349-ara1,3
openiti:0276IbnQutaybaDinawari.AshribaWaIkhtilafFiha,0276IbnQutaybaDinawari.AshribaWaIkhtilafFiha,Multiple OpenITI digital versions of one work,0276IbnQutaybaDinawari.AshribaWaIkhtilafFiha.JK010767-ara1 | 0276IbnQutaybaDinawari.AshribaWaIkhtilafFiha.Shamela0025793-ara2,2
openiti:0276IbnQutaybaDinawari.CuyunAkhbar,0276IbnQutaybaDinawari.CuyunAkhbar,Multiple OpenITI digital versions of one work,0276IbnQutaybaDinawari.CuyunAkhbar.JK010342-ara1 | 0276IbnQutaybaDinawari.CuyunAkhbar.Shamela0023790-ara1,2
openiti:0276IbnQutaybaDinawari.GharibHadith,0276IbnQutaybaDinawari.GharibHadith,Multiple OpenITI digital versions of one work,0276IbnQutaybaDinawari.GharibHadith.JK000756-ara1 | 0276IbnQutaybaDinawari.GharibHadith.Shamela0007012-ara1 | 0276IbnQutaybaDinawari.GharibHadith.Shia003901Vols-ara2,3
openiti:0276IbnQutaybaDinawari.GharibQuran,0276IbnQutaybaDinawari.GharibQuran,Multiple OpenITI digital versions of one work,0276IbnQutaybaDinawari.GharibQuran.Shamela0003259-ara1 | 0276IbnQutaybaDinawari.GharibQuran.Shamela0023621-ara1,2
openiti:0276IbnQutaybaDinawari.ImamaWaSiyasa,0276IbnQutaybaDinawari.ImamaWaSiyasa,Multiple OpenITI digital versions of one work,0276IbnQutaybaDinawari.ImamaWaSiyasa.JK001030-ara1 | 0276IbnQutaybaDinawari.ImamaWaSiyasa.Masaha003372Vols-ara1 | 0276IbnQutaybaDinawari.ImamaWaSiyasa.Shia003671Vols-ara1 | 0276IbnQutaybaDinawari.ImamaWaSiyasa.Shia003673Vols-ara1,4
openiti:0276IbnQutaybaDinawari.MacaniKabir,0276IbnQutaybaDinawari.MacaniKabir,Multiple OpenITI digital versions of one work,0276IbnQutaybaDinawari.MacaniKabir.JK010597-ara2 | 0276IbnQutaybaDinawari.MacaniKabir.Shamela0025837-ara1,2
openiti:0276IbnQutaybaDinawari.Macarif,0276IbnQutaybaDinawari.Macarif,Multiple OpenITI digital versions of one work,0276IbnQutaybaDinawari.Macarif.JK001136-ara1 | 0276IbnQutaybaDinawari.Macarif.Shamela0012129-ara1 | 0276IbnQutaybaDinawari.Macarif.Shia003424-ara1,3
openiti:0276IbnQutaybaDinawari.ShicrWaShucara,0276IbnQutaybaDinawari.ShicrWaShucara,Multiple OpenITI digital versions of one work,0276IbnQutaybaDinawari.ShicrWaShucara.JK010554-ara2 | 0276IbnQutaybaDinawari.ShicrWaShucara.Shamela0023785-ara1,2
openiti:0276IbnQutaybaDinawari.TawilMukhtalafHadith,0276IbnQutaybaDinawari.TawilMukhtalafHadith,Multiple OpenITI digital versions of one work,0276IbnQutaybaDinawari.TawilMukhtalafHadith.JK000561-ara1 | 0276IbnQutaybaDinawari.TawilMukhtalafHadith.Shamela0007292-ara1 | 0276IbnQutaybaDinawari.TawilMukhtalafHadith.Shia001931-ara1,3
openiti:0277AbuHatimRazi.Zuhd,0277AbuHatimRazi.Zuhd,Multiple OpenITI digital versions of one work,0277AbuHatimRazi.Zuhd.JK011357-ara1 | 0277AbuHatimRazi.Zuhd.Shamela0003525-ara1,2
openiti:0277IbnSufyanFasawi.MacrifaWaTarikh,0277IbnSufyanFasawi.MacrifaWaTarikh,Multiple OpenITI digital versions of one work,0277IbnSufyanFasawi.MacrifaWaTarikh.JK003510-ara1 | 0277IbnSufyanFasawi.MacrifaWaTarikh.JK010384-ara1 | 0277IbnSufyanFasawi.MacrifaWaTarikh.Shamela0012403-ara1,3
openiti:0277IbnSufyanFasawi.Mashyakha,0277IbnSufyanFasawi.Mashyakha,Multiple OpenITI digital versions of one work,0277IbnSufyanFasawi.Mashyakha.ShamAY0038035-ara1 | 0277IbnSufyanFasawi.Mashyakha.Shamela0021670-ara1,2
openiti:0279Baladhuri.AnsabAshraf,0279Baladhuri.AnsabAshraf,Multiple OpenITI digital versions of one work,0279Baladhuri.AnsabAshraf.JK010481-ara2 | 0279Baladhuri.AnsabAshraf.Shamela0009773-ara1 | 0279Baladhuri.AnsabAshraf.Shia003425-ara1,3
openiti:0279Baladhuri.FutuhBuldan,0279Baladhuri.FutuhBuldan,Multiple OpenITI digital versions of one work,0279Baladhuri.FutuhBuldan.JK000399-ara1 | 0279Baladhuri.FutuhBuldan.Masaha002329Vols-ara1 | 0279Baladhuri.FutuhBuldan.Rafed0002401-ara1 | 0279Baladhuri.FutuhBuldan.ShamAY0033821-ara2 | 0279Baladhuri.FutuhBuldan.Shamela0012221-ara1 | 0279Baladhuri.FutuhBuldan.Shia003465Vols-ara2,6
openiti:0279IbnAbiKhaythama.TarikhKabir,0279IbnAbiKhaythama.TarikhKabir,Multiple OpenITI digital versions of one work,0279IbnAbiKhaythama.TarikhKabir.JK007002-ara1 | 0279IbnAbiKhaythama.TarikhKabir.Shamela0001440Vols-ara1 | 0279IbnAbiKhaythama.TarikhKabir.Shamela0005876-ara1,3
openiti:0279Tirmidhi.CilalKabir,0279Tirmidhi.CilalKabir,Multiple OpenITI digital versions of one work,0279Tirmidhi.CilalKabir.JK000679-ara1 | 0279Tirmidhi.CilalKabir.Shamela0013131-ara1,2
openiti:0279Tirmidhi.CilalSaghir,0279Tirmidhi.CilalSaghir,Multiple OpenITI digital versions of one work,0279Tirmidhi.CilalSaghir.JK000558-ara1 | 0279Tirmidhi.CilalSaghir.Shamela0005897-ara1,2
openiti:0279Tirmidhi.ShamailMuhammadiyya,0279Tirmidhi.ShamailMuhammadiyya,Multiple OpenITI digital versions of one work,0279Tirmidhi.ShamailMuhammadiyya.JK000139-ara1 | 0279Tirmidhi.ShamailMuhammadiyya.ShamAY0038142-ara1 | 0279Tirmidhi.ShamailMuhammadiyya.Shamela0013037-ara1 | 0279Tirmidhi.ShamailMuhammadiyya.Shamela0023647-ara1 | 0279Tirmidhi.ShamailMuhammadiyya.Shia001933-ara1,5
openiti:0279Tirmidhi.Sunan,0279Tirmidhi.Sunan,Multiple OpenITI digital versions of one work,0279Tirmidhi.Sunan.JK000140-ara1 | 0279Tirmidhi.Sunan.Shamela0001435-ara1 | 0279Tirmidhi.Sunan.Shamela0007895-ara2 | 0279Tirmidhi.Sunan.Shia001735Vols-ara3,4
openiti:0280AbuCabbasBirti.MusnadIbnCawf,0280AbuCabbasBirti.MusnadIbnCawf,Multiple OpenITI digital versions of one work,0280AbuCabbasBirti.MusnadIbnCawf.JK000575-ara1 | 0280AbuCabbasBirti.MusnadIbnCawf.Shamela0013168-ara1,2
openiti:0280CuthmanIbnSacidDarimi.NaqdImam,0280CuthmanIbnSacidDarimi.NaqdImam,Multiple OpenITI digital versions of one work,0280CuthmanIbnSacidDarimi.NaqdImam.JK001333-ara1 | 0280CuthmanIbnSacidDarimi.NaqdImam.Sham19Y0018091-ara1 | 0280CuthmanIbnSacidDarimi.NaqdImam.Shamela0008680-ara1,3
openiti:0280CuthmanIbnSacidDarimi.RaddCalaJahmiyya,0280CuthmanIbnSacidDarimi.RaddCalaJahmiyya,Multiple OpenITI digital versions of one work,0280CuthmanIbnSacidDarimi.RaddCalaJahmiyya.JK001435-ara1 | 0280CuthmanIbnSacidDarimi.RaddCalaJahmiyya.Sham19Y0018089-ara1 | 0280CuthmanIbnSacidDarimi.RaddCalaJahmiyya.Shamela0013023-ara1,3
openiti:0280CuthmanIbnSacidDarimi.TarikhIbnMacin,0280CuthmanIbnSacidDarimi.TarikhIbnMacin,Multiple OpenITI digital versions of one work,0280CuthmanIbnSacidDarimi.TarikhIbnMacin.JK000856-ara1 | 0280CuthmanIbnSacidDarimi.TarikhIbnMacin.ShamAY0034154-ara2 | 0280CuthmanIbnSacidDarimi.TarikhIbnMacin.Shamela0000148-ara1 | 0280CuthmanIbnSacidDarimi.TarikhIbnMacin.Shia003052-ara1,4
openiti:0280HudHawwari.Tafsir,0280HudHawwari.Tafsir,Multiple OpenITI digital versions of one work,0280HudHawwari.Tafsir.ShamIbadiyya0000194-ara1 | 0280HudHawwari.Tafsir.Tafsir06048-ara1,2
openiti:0280IbnIsmacilKirmani.MasailHarb,0280IbnIsmacilKirmani.MasailHarb,Multiple OpenITI digital versions of one work,0280IbnIsmacilKirmani.MasailHarb.Sham19Y0013262-ara1 | 0280IbnIsmacilKirmani.MasailHarb.Sham19Y0013977-ara1 | 0280IbnIsmacilKirmani.MasailHarb.Sham19Y0017844-ara1 | 0280IbnIsmacilKirmani.MasailHarb.ShamAY0034256-ara1 | 0280IbnIsmacilKirmani.MasailHarb.Shamela0012527-ara1,5
openiti:0280IbnTayfur.Baghdad,0280IbnTayfur.Baghdad,Multiple OpenITI digital versions of one work,0280IbnTayfur.Baghdad.JK009181-ara1 | 0280IbnTayfur.Baghdad.Shamela0005880-ara1,2
openiti:0280IbnTayfur.BallaghatNisa,0280IbnTayfur.BallaghatNisa,Multiple OpenITI digital versions of one work,0280IbnTayfur.BallaghatNisa.JK010566-ara1 | 0280IbnTayfur.BallaghatNisa.Shamela0012848-ara1 | 0280IbnTayfur.BallaghatNisa.Shia003485-ara1,3
openiti:0281AbuZurcaDimashqi.Tarikh,0281AbuZurcaDimashqi.Tarikh,Multiple OpenITI digital versions of one work,0281AbuZurcaDimashqi.Tarikh.JK010374-ara1 | 0281AbuZurcaDimashqi.Tarikh.Shamela0030741-ara1,2
openiti:0281IbnAbiDunya.Ahwal,0281IbnAbiDunya.Ahwal,Multiple OpenITI digital versions of one work,0281IbnAbiDunya.Ahwal.JK011304-ara1 | 0281IbnAbiDunya.Ahwal.ShamAY0038071-ara1 | 0281IbnAbiDunya.Ahwal.Shamela0012704-ara1,3
openiti:0281IbnAbiDunya.AmrBiMacruf,0281IbnAbiDunya.AmrBiMacruf,Multiple OpenITI digital versions of one work,0281IbnAbiDunya.AmrBiMacruf.JK011300-ara1 | 0281IbnAbiDunya.AmrBiMacruf.ShamAY0038103-ara1 | 0281IbnAbiDunya.AmrBiMacruf.Shamela0008207-ara1,3
openiti:0281IbnAbiDunya.Awliya,0281IbnAbiDunya.Awliya,Multiple OpenITI digital versions of one work,0281IbnAbiDunya.Awliya.JK000042-ara1 | 0281IbnAbiDunya.Awliya.ShamAY0038128-ara2 | 0281IbnAbiDunya.Awliya.Shamela0013003-ara1,3
openiti:0281IbnAbiDunya.CaqlWaFadluh,0281IbnAbiDunya.CaqlWaFadluh,Multiple OpenITI digital versions of one work,0281IbnAbiDunya.CaqlWaFadluh.JK000612-ara1 | 0281IbnAbiDunya.CaqlWaFadluh.ShamAY0038119-ara1 | 0281IbnAbiDunya.CaqlWaFadluh.Shamela0003732-ara1 | 0281IbnAbiDunya.CaqlWaFadluh.Shia001944-ara1,4
openiti:0281IbnAbiDunya.Ciyal,0281IbnAbiDunya.Ciyal,Multiple OpenITI digital versions of one work,0281IbnAbiDunya.Ciyal.JK000866-ara1 | 0281IbnAbiDunya.Ciyal.ShamAY0038104-ara1 | 0281IbnAbiDunya.Ciyal.Shamela0013075-ara1,3
openiti:0281IbnAbiDunya.CumrWaShayb,0281IbnAbiDunya.CumrWaShayb,Multiple OpenITI digital versions of one work,0281IbnAbiDunya.CumrWaShayb.JK000045-ara1 | 0281IbnAbiDunya.CumrWaShayb.ShamAY0038075-ara1 | 0281IbnAbiDunya.CumrWaShayb.Shamela0013044-ara1 | 0281IbnAbiDunya.CumrWaShayb.Shia001945-ara1,4
openiti:0281IbnAbiDunya.Cuqubat,0281IbnAbiDunya.Cuqubat,Multiple OpenITI digital versions of one work,0281IbnAbiDunya.Cuqubat.ShamAY0038131-ara1 | 0281IbnAbiDunya.Cuqubat.Shamela0008266-ara1,2
openiti:0281IbnAbiDunya.Cuzla,0281IbnAbiDunya.Cuzla,Multiple OpenITI digital versions of one work,0281IbnAbiDunya.Cuzla.JK009187-ara1 | 0281IbnAbiDunya.Cuzla.ShamAY0034115-ara1 | 0281IbnAbiDunya.Cuzla.ShamAY0038169-ara1 | 0281IbnAbiDunya.Cuzla.Shamela0026356-ara1,4
openiti:0281IbnAbiDunya.DhammBaghy,0281IbnAbiDunya.DhammBaghy,Multiple OpenITI digital versions of one work,0281IbnAbiDunya.DhammBaghy.JK011515-ara1 | 0281IbnAbiDunya.DhammBaghy.ShamAY0038097-ara1 | 0281IbnAbiDunya.DhammBaghy.Shamela0008228-ara1,3
openiti:0281IbnAbiDunya.DhammDunya,0281IbnAbiDunya.DhammDunya,Multiple OpenITI digital versions of one work,0281IbnAbiDunya.DhammDunya.ShamAY0038174-ara1 | 0281IbnAbiDunya.DhammDunya.Shamela0021546-ara1,2
openiti:0281IbnAbiDunya.DhammGhiba,0281IbnAbiDunya.DhammGhiba,Multiple OpenITI digital versions of one work,0281IbnAbiDunya.DhammGhiba.JK011516-ara1 | 0281IbnAbiDunya.DhammGhiba.ShamAY0038151-ara1 | 0281IbnAbiDunya.DhammGhiba.Shamela0008241-ara1,3
openiti:0281IbnAbiDunya.DhammMuskir,0281IbnAbiDunya.DhammMuskir,Multiple OpenITI digital versions of one work,0281IbnAbiDunya.DhammMuskir.JK000635-ara1 | 0281IbnAbiDunya.DhammMuskir.ShamAY0038143-ara1 | 0281IbnAbiDunya.DhammMuskir.Shamela0013117-ara1 | 0281IbnAbiDunya.DhammMuskir.Shia001947-ara1,4
openiti:0281IbnAbiDunya.FadailRamadan,0281IbnAbiDunya.FadailRamadan,Multiple OpenITI digital versions of one work,0281IbnAbiDunya.FadailRamadan.JK011568-ara1 | 0281IbnAbiDunya.FadailRamadan.ShamAY0038089-ara1 | 0281IbnAbiDunya.FadailRamadan.Shamela0010799-ara1,3
openiti:0281IbnAbiDunya.FarajBacdaShidda,0281IbnAbiDunya.FarajBacdaShidda,Multiple OpenITI digital versions of one work,0281IbnAbiDunya.FarajBacdaShidda.JK011399-ara1 | 0281IbnAbiDunya.FarajBacdaShidda.ShamAY0038052-ara1 | 0281IbnAbiDunya.FarajBacdaShidda.Shamela0009307-ara1,3
openiti:0281IbnAbiDunya.HammWaHuzn,0281IbnAbiDunya.HammWaHuzn,Multiple OpenITI digital versions of one work,0281IbnAbiDunya.HammWaHuzn.JK000016-ara1 | 0281IbnAbiDunya.HammWaHuzn.ShamAY0038155-ara1 | 0281IbnAbiDunya.HammWaHuzn.Shamela0013076-ara1 | 0281IbnAbiDunya.HammWaHuzn.Shia001938-ara1,4
openiti:0281IbnAbiDunya.Hawatif,0281IbnAbiDunya.Hawatif,Multiple OpenITI digital versions of one work,0281IbnAbiDunya.Hawatif.JK000050-ara1 | 0281IbnAbiDunya.Hawatif.ShamAY0038066-ara1 | 0281IbnAbiDunya.Hawatif.Shamela0028237-ara1 | 0281IbnAbiDunya.Hawatif.Shia001946-ara1,4
openiti:0281IbnAbiDunya.Hilm,0281IbnAbiDunya.Hilm,Multiple OpenITI digital versions of one work,0281IbnAbiDunya.Hilm.JK000049-ara1 | 0281IbnAbiDunya.Hilm.ShamAY0038060-ara1 | 0281IbnAbiDunya.Hilm.Shamela0013014-ara1,3
openiti:0281IbnAbiDunya.HusnZannBiLlah,0281IbnAbiDunya.HusnZannBiLlah,Multiple OpenITI digital versions of one work,0281IbnAbiDunya.HusnZannBiLlah.JK000018-ara1 | 0281IbnAbiDunya.HusnZannBiLlah.ShamAY0038085-ara1 | 0281IbnAbiDunya.HusnZannBiLlah.Shamela0013113-ara1 | 0281IbnAbiDunya.HusnZannBiLlah.Shia001940-ara1,4
openiti:0281IbnAbiDunya.IctibarWaAcqab,0281IbnAbiDunya.IctibarWaAcqab,Multiple OpenITI digital versions of one work,0281IbnAbiDunya.IctibarWaAcqab.JK000017-ara1 | 0281IbnAbiDunya.IctibarWaAcqab.ShamAY0038124-ara1 | 0281IbnAbiDunya.IctibarWaAcqab.Shamela0012996-ara1 | 0281IbnAbiDunya.IctibarWaAcqab.Shia001935-ara1,4
openiti:0281IbnAbiDunya.IkhlasWaNiyya,0281IbnAbiDunya.IkhlasWaNiyya,Multiple OpenITI digital versions of one work,0281IbnAbiDunya.IkhlasWaNiyya.ShamAY0038073-ara1 | 0281IbnAbiDunya.IkhlasWaNiyya.Shamela0006225-ara1,2
openiti:0281IbnAbiDunya.Ikhwan,0281IbnAbiDunya.Ikhwan,Multiple OpenITI digital versions of one work,0281IbnAbiDunya.Ikhwan.JK000012-ara1 | 0281IbnAbiDunya.Ikhwan.ShamAY0038053-ara1 | 0281IbnAbiDunya.Ikhwan.Shamela0012990-ara1 | 0281IbnAbiDunya.Ikhwan.Shia001934-ara1,4
openiti:0281IbnAbiDunya.IshrafFiManazil,0281IbnAbiDunya.IshrafFiManazil,Multiple OpenITI digital versions of one work,0281IbnAbiDunya.IshrafFiManazil.JK001039-ara1 | 0281IbnAbiDunya.IshrafFiManazil.ShamAY0038145-ara1 | 0281IbnAbiDunya.IshrafFiManazil.Shamela0012994-ara1,3
openiti:0281IbnAbiDunya.IslahMal,0281IbnAbiDunya.IslahMal,Multiple OpenITI digital versions of one work,0281IbnAbiDunya.IslahMal.JK001040-ara1 | 0281IbnAbiDunya.IslahMal.ShamAY0038076-ara1 | 0281IbnAbiDunya.IslahMal.Shamela0013187-ara1,3
openiti:0281IbnAbiDunya.IstinacMacruf,0281IbnAbiDunya.IstinacMacruf,Multiple OpenITI digital versions of one work,0281IbnAbiDunya.IstinacMacruf.ShamAY0038077-ara1 | 0281IbnAbiDunya.IstinacMacruf.Shamela0006022-ara1,2
openiti:0281IbnAbiDunya.Juc,0281IbnAbiDunya.Juc,Multiple OpenITI digital versions of one work,0281IbnAbiDunya.Juc.ShamAY0038165-ara1 | 0281IbnAbiDunya.Juc.Shamela0009306-ara1,2
openiti:0281IbnAbiDunya.KalamLayali,0281IbnAbiDunya.KalamLayali,Multiple OpenITI digital versions of one work,0281IbnAbiDunya.KalamLayali.ShamAY0038088-ara2 | 0281IbnAbiDunya.KalamLayali.Shamela0008242-ara1,2
openiti:0281IbnAbiDunya.MakarimAkhlaq,0281IbnAbiDunya.MakarimAkhlaq,Multiple OpenITI digital versions of one work,0281IbnAbiDunya.MakarimAkhlaq.JK000015-ara1 | 0281IbnAbiDunya.MakarimAkhlaq.ShamAY0038163-ara2 | 0281IbnAbiDunya.MakarimAkhlaq.Shamela0013180-ara1 | 0281IbnAbiDunya.MakarimAkhlaq.Shia001948-ara1,4
openiti:0281IbnAbiDunya.ManCashaBacdaMawt,0281IbnAbiDunya.ManCashaBacdaMawt,Multiple OpenITI digital versions of one work,0281IbnAbiDunya.ManCashaBacdaMawt.JK000908-ara1 | 0281IbnAbiDunya.ManCashaBacdaMawt.ShamAY0038047-ara1 | 0281IbnAbiDunya.ManCashaBacdaMawt.Shamela0013183-ara1,3
openiti:0281IbnAbiDunya.Manamat,0281IbnAbiDunya.Manamat,Multiple OpenITI digital versions of one work,0281IbnAbiDunya.Manamat.JK000038-ara1 | 0281IbnAbiDunya.Manamat.ShamAY0038050-ara1 | 0281IbnAbiDunya.Manamat.Shamela0013070-ara1,3
openiti:0281IbnAbiDunya.MaqtalCali,0281IbnAbiDunya.MaqtalCali,Multiple OpenITI digital versions of one work,0281IbnAbiDunya.MaqtalCali.JK011022-ara1 | 0281IbnAbiDunya.MaqtalCali.Masaha002316-ara1 | 0281IbnAbiDunya.MaqtalCali.ShamAY0038111-ara1 | 0281IbnAbiDunya.MaqtalCali.Shamela0012751-ara1,4
openiti:0281IbnAbiDunya.MaradWaKaffarat,0281IbnAbiDunya.MaradWaKaffarat,Multiple OpenITI digital versions of one work,0281IbnAbiDunya.MaradWaKaffarat.JK000014-ara1 | 0281IbnAbiDunya.MaradWaKaffarat.ShamAY0038113-ara1 | 0281IbnAbiDunya.MaradWaKaffarat.Shamela0013064-ara1,3
openiti:0281IbnAbiDunya.MatarWaRacd,0281IbnAbiDunya.MatarWaRacd,Multiple OpenITI digital versions of one work,0281IbnAbiDunya.MatarWaRacd.ShamAY0038120-ara1 | 0281IbnAbiDunya.MatarWaRacd.Shamela0008273-ara1,2
openiti:0281IbnAbiDunya.MudaratNas,0281IbnAbiDunya.MudaratNas,Multiple OpenITI digital versions of one work,0281IbnAbiDunya.MudaratNas.JK001144-ara1 | 0281IbnAbiDunya.MudaratNas.ShamAY0038129-ara1 | 0281IbnAbiDunya.MudaratNas.Shamela0013152-ara1,3
openiti:0281IbnAbiDunya.MuhasabatNafs,0281IbnAbiDunya.MuhasabatNafs,Multiple OpenITI digital versions of one work,0281IbnAbiDunya.MuhasabatNafs.JK011592-ara2 | 0281IbnAbiDunya.MuhasabatNafs.ShamAY0038126-ara3 | 0281IbnAbiDunya.MuhasabatNafs.Shamela0012739-ara1,3
openiti:0281IbnAbiDunya.Muhtadarin,0281IbnAbiDunya.Muhtadarin,Multiple OpenITI digital versions of one work,0281IbnAbiDunya.Muhtadarin.JK001153-ara1 | 0281IbnAbiDunya.Muhtadarin.ShamAY0038114-ara1 | 0281IbnAbiDunya.Muhtadarin.Shamela0013058-ara1,3
openiti:0281IbnAbiDunya.MujabuDacwa,0281IbnAbiDunya.MujabuDacwa,Multiple OpenITI digital versions of one work,0281IbnAbiDunya.MujabuDacwa.JK011591-ara2 | 0281IbnAbiDunya.MujabuDacwa.ShamAY0038132-ara3 | 0281IbnAbiDunya.MujabuDacwa.Shamela0012936-ara1,3
openiti:0281IbnAbiDunya.Mutamannin,0281IbnAbiDunya.Mutamannin,Multiple OpenITI digital versions of one work,0281IbnAbiDunya.Mutamannin.JK001194-ara1 | 0281IbnAbiDunya.Mutamannin.ShamAY0038133-ara2 | 0281IbnAbiDunya.Mutamannin.Shamela0013057-ara1,3
openiti:0281IbnAbiDunya.QadaHawaij,0281IbnAbiDunya.QadaHawaij,Multiple OpenITI digital versions of one work,0281IbnAbiDunya.QadaHawaij.JK000654-ara1 | 0281IbnAbiDunya.QadaHawaij.Shamela0013149-ara1 | 0281IbnAbiDunya.QadaHawaij.Shia001941-ara1,3
openiti:0281IbnAbiDunya.Qanaca,0281IbnAbiDunya.Qanaca,Multiple OpenITI digital versions of one work,0281IbnAbiDunya.Qanaca.ShamAY0038057-ara1 | 0281IbnAbiDunya.Qanaca.Shamela0022347-ara1,2
openiti:0281IbnAbiDunya.QasrAmal,0281IbnAbiDunya.QasrAmal,Multiple OpenITI digital versions of one work,0281IbnAbiDunya.QasrAmal.JK009174-ara1 | 0281IbnAbiDunya.QasrAmal.ShamAY0038175-ara1 | 0281IbnAbiDunya.QasrAmal.Shamela0006899-ara1,3
openiti:0281IbnAbiDunya.QiraDayf,0281IbnAbiDunya.QiraDayf,Multiple OpenITI digital versions of one work,0281IbnAbiDunya.QiraDayf.ShamAY0038079-ara1 | 0281IbnAbiDunya.QiraDayf.Shamela0011030-ara1,2
openiti:0281IbnAbiDunya.Qubur,0281IbnAbiDunya.Qubur,Multiple OpenITI digital versions of one work,0281IbnAbiDunya.Qubur.ShamAY0038162-ara2 | 0281IbnAbiDunya.Qubur.Shamela0010628-ara1,2
openiti:0281IbnAbiDunya.Rida,0281IbnAbiDunya.Rida,Multiple OpenITI digital versions of one work,0281IbnAbiDunya.Rida.JK000700-ara1 | 0281IbnAbiDunya.Rida.ShamAY0034117-ara4 | 0281IbnAbiDunya.Rida.ShamAY0038081-ara2 | 0281IbnAbiDunya.Rida.Shamela0013024-ara1 | 0281IbnAbiDunya.Rida.Shia001942-ara3,5
openiti:0281IbnAbiDunya.RiqqaWaBuka,0281IbnAbiDunya.RiqqaWaBuka,Multiple OpenITI digital versions of one work,0281IbnAbiDunya.RiqqaWaBuka.ShamAY0038171-ara1 | 0281IbnAbiDunya.RiqqaWaBuka.Shamela0008256-ara1,2
openiti:0281IbnAbiDunya.Sabr,0281IbnAbiDunya.Sabr,Multiple OpenITI digital versions of one work,0281IbnAbiDunya.Sabr.ShamAY0038138-ara1 | 0281IbnAbiDunya.Sabr.Shamela0008259-ara1,2
openiti:0281IbnAbiDunya.Samt,0281IbnAbiDunya.Samt,Multiple OpenITI digital versions of one work,0281IbnAbiDunya.Samt.JK000054-ara1 | 0281IbnAbiDunya.Samt.ShamAY0038093-ara2 | 0281IbnAbiDunya.Samt.Shamela0008071-ara4 | 0281IbnAbiDunya.Samt.Shamela0013039-ara1 | 0281IbnAbiDunya.Samt.Shia001943-ara3,5
openiti:0281IbnAbiDunya.Shukr,0281IbnAbiDunya.Shukr,Multiple OpenITI digital versions of one work,0281IbnAbiDunya.Shukr.JK000013-ara1 | 0281IbnAbiDunya.Shukr.ShamAY0034113-ara1 | 0281IbnAbiDunya.Shukr.ShamAY0038160-ara1 | 0281IbnAbiDunya.Shukr.Shamela0013036-ara1 | 0281IbnAbiDunya.Shukr.Shia001937-ara1,5
openiti:0281IbnAbiDunya.SifatJanna,0281IbnAbiDunya.SifatJanna,Multiple OpenITI digital versions of one work,0281IbnAbiDunya.SifatJanna.JK011544-ara1 | 0281IbnAbiDunya.SifatJanna.ShamAY0038150-ara1 | 0281IbnAbiDunya.SifatJanna.Shamela0008234-ara1 | 0281IbnAbiDunya.SifatJanna.Shamela0012737-ara1,4
openiti:0281IbnAbiDunya.SifatNar,0281IbnAbiDunya.SifatNar,Multiple OpenITI digital versions of one work,0281IbnAbiDunya.SifatNar.JK009172-ara1 | 0281IbnAbiDunya.SifatNar.ShamAY0038137-ara1 | 0281IbnAbiDunya.SifatNar.Shamela0013128-ara1,3
openiti:0281IbnAbiDunya.Tahajjud,0281IbnAbiDunya.Tahajjud,Multiple OpenITI digital versions of one work,0281IbnAbiDunya.Tahajjud.JK001127-ara1 | 0281IbnAbiDunya.Tahajjud.ShamAY0034114-ara1 | 0281IbnAbiDunya.Tahajjud.ShamAY0038106-ara1,3
openiti:0281IbnAbiDunya.TawaducWaKhumul,0281IbnAbiDunya.TawaducWaKhumul,Multiple OpenITI digital versions of one work,0281IbnAbiDunya.TawaducWaKhumul.JK000002-ara1 | 0281IbnAbiDunya.TawaducWaKhumul.ShamAY0038157-ara2 | 0281IbnAbiDunya.TawaducWaKhumul.Shamela0013009-ara1 | 0281IbnAbiDunya.TawaducWaKhumul.Shia001936-ara1,4
openiti:0281IbnAbiDunya.Tawba,0281IbnAbiDunya.Tawba,Multiple OpenITI digital versions of one work,0281IbnAbiDunya.Tawba.JK011326-ara2 | 0281IbnAbiDunya.Tawba.ShamAY0038061-ara3 | 0281IbnAbiDunya.Tawba.Shamela0008253-ara1,3
openiti:0281IbnAbiDunya.Wajal,0281IbnAbiDunya.Wajal,Multiple OpenITI digital versions of one work,0281IbnAbiDunya.Wajal.JK000070-ara1 | 0281IbnAbiDunya.Wajal.ShamAY0038158-ara2 | 0281IbnAbiDunya.Wajal.Shamela0013077-ara1,3
openiti:0281IbnAbiDunya.Warac,0281IbnAbiDunya.Warac,Multiple OpenITI digital versions of one work,0281IbnAbiDunya.Warac.JK000019-ara1 | 0281IbnAbiDunya.Warac.ShamAY0038098-ara1 | 0281IbnAbiDunya.Warac.Shamela0013078-ara1 | 0281IbnAbiDunya.Warac.Shia001939-ara1,4
openiti:0281IbnAbiDunya.Yaqin,0281IbnAbiDunya.Yaqin,Multiple OpenITI digital versions of one work,0281IbnAbiDunya.Yaqin.JK011449-ara1 | 0281IbnAbiDunya.Yaqin.ShamAY0038105-ara1 | 0281IbnAbiDunya.Yaqin.Shamela0008220-ara1,3
openiti:0281IbnAbiDunya.Zuhd,0281IbnAbiDunya.Zuhd,Multiple OpenITI digital versions of one work,0281IbnAbiDunya.Zuhd.JK011361-ara1 | 0281IbnAbiDunya.Zuhd.Shamela0008216-ara1,2
openiti:0282AbuHanifaDinawari.AkhbarTiwal,0282AbuHanifaDinawari.AkhbarTiwal,Multiple OpenITI digital versions of one work,0282AbuHanifaDinawari.AkhbarTiwal.JK009300-ara1 | 0282AbuHanifaDinawari.AkhbarTiwal.ShamAY0033842-ara1 | 0282AbuHanifaDinawari.AkhbarTiwal.Shamela0009760-ara1 | 0282AbuHanifaDinawari.AkhbarTiwal.Shia003075-ara1,4
openiti:0282IbnAbiUsamaTamimi.BughyaBahith,0282IbnAbiUsamaTamimi.BughyaBahith,Multiple OpenITI digital versions of one work,0282IbnAbiUsamaTamimi.BughyaBahith.JK000483-ara1 | 0282IbnAbiUsamaTamimi.BughyaBahith.Shamela0013160-ara1 | 0282IbnAbiUsamaTamimi.BughyaBahith.Shia001949-ara1,3
openiti:0282IbnIshaqJahdami.FadlSalat,0282IbnIshaqJahdami.FadlSalat,Multiple OpenITI digital versions of one work,0282IbnIshaqJahdami.FadlSalat.JK000692-ara1 | 0282IbnIshaqJahdami.FadlSalat.Shamela0000684-ara1 | 0282IbnIshaqJahdami.FadlSalat.Shamela0001462-ara1 | 0282IbnIshaqJahdami.FadlSalat.Shia001950-ara1,4
openiti:0282IbnIshaqJahdami.JuzFihiHadith,0282IbnIshaqJahdami.JuzFihiHadith,Multiple OpenITI digital versions of one work,0282IbnIshaqJahdami.JuzFihiHadith.JK001235-ara1 | 0282IbnIshaqJahdami.JuzFihiHadith.Shamela0008474-ara1,2
openiti:0283AbuIshaqThaqafi.Gharat,0283AbuIshaqThaqafi.Gharat,Multiple OpenITI digital versions of one work,0283AbuIshaqThaqafi.Gharat.Masaha004561Vols-ara1 | 0283AbuIshaqThaqafi.Gharat.Shia001270Vols-ara1 | 0283AbuIshaqThaqafi.Gharat.Zaydiyya0000174-ara1,3
openiti:0283IbnRumi.Diwan,0283IbnRumi.Diwan,Multiple OpenITI digital versions of one work,0283IbnRumi.Diwan.JK007589-ara1 | 0283IbnRumi.Diwan.ShamAY0037838-ara1,2
openiti:0283SahlTustari.Tafsir,0283SahlTustari.Tafsir,Multiple OpenITI digital versions of one work,0283SahlTustari.Tafsir.Shamela0023600-ara1 | 0283SahlTustari.Tafsir.Tafsir03029-ara1,2
openiti:0284Buhturi.Diwan,0284Buhturi.Diwan,Multiple OpenITI digital versions of one work,0284Buhturi.Diwan.JK007601-ara1 | 0284Buhturi.Diwan.ShamAY0037844-ara1,2
openiti:0285IbnYazidMubarrad.Fadil,0285IbnYazidMubarrad.Fadil,Multiple OpenITI digital versions of one work,0285IbnYazidMubarrad.Fadil.JK010735-ara1 | 0285IbnYazidMubarrad.Fadil.ShamIbadiyya0000640-ara1 | 0285IbnYazidMubarrad.Fadil.Shamela0010508-ara1,3
openiti:0285IbnYazidMubarrad.KamilFiLugha,0285IbnYazidMubarrad.KamilFiLugha,Multiple OpenITI digital versions of one work,0285IbnYazidMubarrad.KamilFiLugha.ShamIbadiyya0000642-ara1 | 0285IbnYazidMubarrad.KamilFiLugha.Shamela0008505-ara1 | 0285IbnYazidMubarrad.KamilFiLugha.Zaydiyya0000578-ara1,3
openiti:0285IbnYazidMubarrad.Muqtadab,0285IbnYazidMubarrad.Muqtadab,Multiple OpenITI digital versions of one work,0285IbnYazidMubarrad.Muqtadab.JK006706-ara1 | 0285IbnYazidMubarrad.Muqtadab.ShamIbadiyya0000063-ara1 | 0285IbnYazidMubarrad.Muqtadab.Shamela0006965-ara1,3
openiti:0285IbnYazidMubarrad.NasabCadnan,0285IbnYazidMubarrad.NasabCadnan,Multiple OpenITI digital versions of one work,0285IbnYazidMubarrad.NasabCadnan.JK010488-ara2 | 0285IbnYazidMubarrad.NasabCadnan.ShamIbadiyya0000179-ara2 | 0285IbnYazidMubarrad.NasabCadnan.Shamela0028170-ara1,3
openiti:0285IbnYazidMubarrad.Tacazi,0285IbnYazidMubarrad.Tacazi,Multiple OpenITI digital versions of one work,0285IbnYazidMubarrad.Tacazi.JK009367-ara1 | 0285IbnYazidMubarrad.Tacazi.ShamIbadiyya0000610-ara1 | 0285IbnYazidMubarrad.Tacazi.Shamela0021554-ara1,3
openiti:0285IbrahimHarbi.GharibHadith,0285IbrahimHarbi.GharibHadith,Multiple OpenITI digital versions of one work,0285IbrahimHarbi.GharibHadith.JK000758-ara1 | 0285IbrahimHarbi.GharibHadith.Shamela0013133-ara1 | 0285IbrahimHarbi.GharibHadith.Shia003903Vols-ara1,3
openiti:0285IbrahimHarbi.IkramDayf,0285IbrahimHarbi.IkramDayf,Multiple OpenITI digital versions of one work,0285IbrahimHarbi.IkramDayf.JK000053-ara1 | 0285IbrahimHarbi.IkramDayf.Shamela0012986-ara1 | 0285IbrahimHarbi.IkramDayf.Shia001951-ara1,3
openiti:0285IbrahimHarbi.RisalaFiQuranGhayrMakhluq,0285IbrahimHarbi.RisalaFiQuranGhayrMakhluq,Multiple OpenITI digital versions of one work,0285IbrahimHarbi.RisalaFiQuranGhayrMakhluq.JK001161-ara1 | 0285IbrahimHarbi.RisalaFiQuranGhayrMakhluq.Shamela0006474-ara1,2
openiti:0286IbnHakamHibari.Tafsir,0286IbnHakamHibari.Tafsir,Multiple OpenITI digital versions of one work,0286IbnHakamHibari.Tafsir.Masaha001957-ara1 | 0286IbnHakamHibari.Tafsir.Tafsir05044-ara1 | 0286IbnHakamHibari.Tafsir.Zaydiyya0000124-ara1,3
openiti:0286IbnWaddahQurtubi.Bidac,0286IbnWaddahQurtubi.Bidac,Multiple OpenITI digital versions of one work,0286IbnWaddahQurtubi.Bidac.JK011317-ara1 | 0286IbnWaddahQurtubi.Bidac.ShamAY0033904-ara1 | 0286IbnWaddahQurtubi.Bidac.Shamela0008208-ara1,3
openiti:0287IbnAbiCasim.AhadWaMathani,0287IbnAbiCasim.AhadWaMathani,Multiple OpenITI digital versions of one work,0287IbnAbiCasim.AhadWaMathani.JK000481-ara1 | 0287IbnAbiCasim.AhadWaMathani.Shamela0009196-ara1 | 0287IbnAbiCasim.AhadWaMathani.Shia001952Vols-ara1,3
openiti:0287IbnAbiCasim.Awail,0287IbnAbiCasim.Awail,Multiple OpenITI digital versions of one work,0287IbnAbiCasim.Awail.JK000633-ara1 | 0287IbnAbiCasim.Awail.Shamela0013001-ara1 | 0287IbnAbiCasim.Awail.Shia001959-ara1,3
openiti:0287IbnAbiCasim.Diyat,0287IbnAbiCasim.Diyat,Multiple OpenITI digital versions of one work,0287IbnAbiCasim.Diyat.JK000178-ara1 | 0287IbnAbiCasim.Diyat.ShamAY0034284-ara1 | 0287IbnAbiCasim.Diyat.Shamela0013018-ara1,3
openiti:0287IbnAbiCasim.Jihad,0287IbnAbiCasim.Jihad,Multiple OpenITI digital versions of one work,0287IbnAbiCasim.Jihad.JK000562-ara1 | 0287IbnAbiCasim.Jihad.Shamela0013013-ara1,2
openiti:0287IbnAbiCasim.Mudhakkir,0287IbnAbiCasim.Mudhakkir,Multiple OpenITI digital versions of one work,0287IbnAbiCasim.Mudhakkir.JK000597-ara1 | 0287IbnAbiCasim.Mudhakkir.ShamAY0033656-ara1 | 0287IbnAbiCasim.Mudhakkir.Shamela0013062-ara1 | 0287IbnAbiCasim.Mudhakkir.Shia001958-ara1,4
openiti:0287IbnAbiCasim.Sunna,0287IbnAbiCasim.Sunna,Multiple OpenITI digital versions of one work,0287IbnAbiCasim.Sunna.JK000630-ara1 | 0287IbnAbiCasim.Sunna.ShamAY0033984-ara1 | 0287IbnAbiCasim.Sunna.Shamela0005930-ara1 | 0287IbnAbiCasim.Sunna.Shamela0012051-ara1 | 0287IbnAbiCasim.Sunna.Shia001960-ara1,5
openiti:0287IbnAbiCasim.Zuhd,0287IbnAbiCasim.Zuhd,Multiple OpenITI digital versions of one work,0287IbnAbiCasim.Zuhd.JK000503-ara1 | 0287IbnAbiCasim.Zuhd.Shamela0013026-ara1,2
openiti:0290IbnAhmadIbnHanbal.FadailCuthman,0290IbnAhmadIbnHanbal.FadailCuthman,Multiple OpenITI digital versions of one work,0290IbnAhmadIbnHanbal.FadailCuthman.JK011571-ara1 | 0290IbnAhmadIbnHanbal.FadailCuthman.Shamela0009322-ara1,2
openiti:0290IbnAhmadIbnHanbal.Sunna,0290IbnAhmadIbnHanbal.Sunna,Multiple OpenITI digital versions of one work,0290IbnAhmadIbnHanbal.Sunna.JK006833-ara1 | 0290IbnAhmadIbnHanbal.Sunna.ShamAY0033843-ara2 | 0290IbnAhmadIbnHanbal.Sunna.Shamela0000323-ara1,3
openiti:0290IbnHasanSaffar.BasairDarajat,0290IbnHasanSaffar.BasairDarajat,Multiple OpenITI digital versions of one work,0290IbnHasanSaffar.BasairDarajat.Masaha001945-ara1 | 0290IbnHasanSaffar.BasairDarajat.Shia001117-ara1 | 0290IbnHasanSaffar.BasairDarajat.Zaydiyya0000179-ara1,3
openiti:0290IbnMansurMuradi.Dhikr,0290IbnMansurMuradi.Dhikr,Multiple OpenITI digital versions of one work,0290IbnMansurMuradi.Dhikr.Zaydiyya0000024-ara1 | 0290IbnMansurMuradi.Dhikr.Zaydiyya0000268-ara1,2
openiti:0291IbnYahyaThaclab.MajalisThaclab,0291IbnYahyaThaclab.MajalisThaclab,Multiple OpenITI digital versions of one work,0291IbnYahyaThaclab.MajalisThaclab.JK010605-ara1 | 0291IbnYahyaThaclab.MajalisThaclab.Shamela0000605-ara1,2
openiti:0291IbnYahyaThaclab.QawacidShicr,0291IbnYahyaThaclab.QawacidShicr,Multiple OpenITI digital versions of one work,0291IbnYahyaThaclab.QawacidShicr.JK007122-ara1 | 0291IbnYahyaThaclab.QawacidShicr.Shamela0003018-ara1,2
openiti:0292AbuBakrBazzar.BahrZakhkhar,0292AbuBakrBazzar.BahrZakhkhar,Multiple OpenITI digital versions of one work,0292AbuBakrBazzar.BahrZakhkhar.JK000783-ara1 | 0292AbuBakrBazzar.BahrZakhkhar.Shamela0012981-ara1,2
openiti:0292Bahshal.TarikhWasit,0292Bahshal.TarikhWasit,Multiple OpenITI digital versions of one work,0292Bahshal.TarikhWasit.JK000661-ara1 | 0292Bahshal.TarikhWasit.Shamela0011766-ara1,2
openiti:0292IbnCaliMarwazi.MusnadAbiBakr,0292IbnCaliMarwazi.MusnadAbiBakr,Multiple OpenITI digital versions of one work,0292IbnCaliMarwazi.MusnadAbiBakr.JK000693-ara1 | 0292IbnCaliMarwazi.MusnadAbiBakr.Shamela0013156-ara1,2
openiti:0292Yacqubi.Buldan,0292Yacqubi.Buldan,Multiple OpenITI digital versions of one work,0292Yacqubi.Buldan.JK010460-ara1 | 0292Yacqubi.Buldan.Masaha003714-ara1 | 0292Yacqubi.Buldan.Rafed0002154-ara1 | 0292Yacqubi.Buldan.Shamela0010808-ara1,4
openiti:0292Yacqubi.MushakalatNas,0292Yacqubi.MushakalatNas,Multiple OpenITI digital versions of one work,0292Yacqubi.MushakalatNas.Kraken220602101901-ara1 | 0292Yacqubi.MushakalatNas.Kraken220602101902-ara1,2
openiti:0292Yacqubi.Tarikh,0292Yacqubi.Tarikh,Multiple OpenITI digital versions of one work,0292Yacqubi.Tarikh.JK001493-ara1 | 0292Yacqubi.Tarikh.Shia003468Vols-ara1 | 0292Yacqubi.Tarikh.Zaydiyya0000057-ara1,3
openiti:0294IbnDurays.FadailQuran,0294IbnDurays.FadailQuran,Multiple OpenITI digital versions of one work,0294IbnDurays.FadailQuran.JK011566-ara1 | 0294IbnDurays.FadailQuran.Shamela0009317-ara1,2
openiti:0294IbnNasrMarwazi.IkhtilafCulama,0294IbnNasrMarwazi.IkhtilafCulama,Multiple OpenITI digital versions of one work,0294IbnNasrMarwazi.IkhtilafCulama.JK000696-ara1 | 0294IbnNasrMarwazi.IkhtilafCulama.Shamela0002919-ara1,2
openiti:0294IbnNasrMarwazi.Sunna,0294IbnNasrMarwazi.Sunna,Multiple OpenITI digital versions of one work,0294IbnNasrMarwazi.Sunna.JK000659-ara1 | 0294IbnNasrMarwazi.Sunna.Shamela0013032-ara1,2
openiti:0294IbnNasrMarwazi.TaczimQadrSalat,0294IbnNasrMarwazi.TaczimQadrSalat,Multiple OpenITI digital versions of one work,0294IbnNasrMarwazi.TaczimQadrSalat.JK000724-ara1 | 0294IbnNasrMarwazi.TaczimQadrSalat.Shamela0013087-ara1,2
openiti:0296IbnMuctazz.Badic,0296IbnMuctazz.Badic,Multiple OpenITI digital versions of one work,0296IbnMuctazz.Badic.JK010077-ara1 | 0296IbnMuctazz.Badic.Shamela0011661-ara1,2
openiti:0296IbnMuctazz.Diwan,0296IbnMuctazz.Diwan,Multiple OpenITI digital versions of one work,0296IbnMuctazz.Diwan.JK007592-ara1 | 0296IbnMuctazz.Diwan.ShamAY0037841-ara1,2
openiti:0296MuhammadIbnJarrah.ManIsmuhCamr,0296MuhammadIbnJarrah.ManIsmuhCamr,Multiple OpenITI digital versions of one work,0296MuhammadIbnJarrah.ManIsmuhCamr.JK009209-ara1 | 0296MuhammadIbnJarrah.ManIsmuhCamr.Shamela0000677-ara1,2
openiti:0296MuhammadIbnJarrah.Waraqa,0296MuhammadIbnJarrah.Waraqa,Multiple OpenITI digital versions of one work,0296MuhammadIbnJarrah.Waraqa.JK010618-ara1 | 0296MuhammadIbnJarrah.Waraqa.Shamela0000618-ara1,2
openiti:0297IbnAbiShaybaAbuJacfar.Carsh,0297IbnAbiShaybaAbuJacfar.Carsh,Multiple OpenITI digital versions of one work,0297IbnAbiShaybaAbuJacfar.Carsh.JK000315-ara1 | 0297IbnAbiShaybaAbuJacfar.Carsh.Shamela0012443-ara1 | 0297IbnAbiShaybaAbuJacfar.Carsh.Shamela0012444-ara1 | 0297IbnAbiShaybaAbuJacfar.Carsh.Shia001961-ara1,4
openiti:0297IbnAbiShaybaAbuJacfar.JuzFihiMasail,0297IbnAbiShaybaAbuJacfar.JuzFihiMasail,Multiple OpenITI digital versions of one work,0297IbnAbiShaybaAbuJacfar.JuzFihiMasail.ShamAY0034167-ara1 | 0297IbnAbiShaybaAbuJacfar.JuzFihiMasail.Shamela0026230-ara1,2
openiti:0297IbnDawudZahiri.Zahra,0297IbnDawudZahiri.Zahra,Multiple OpenITI digital versions of one work,0297IbnDawudZahiri.Zahra.JK010738-ara1 | 0297IbnDawudZahiri.Zahra.Shamela0000738-ara1,2
openiti:0298HadiIlaHaqqYahya.Ahkam,0298HadiIlaHaqqYahya.Ahkam,Multiple OpenITI digital versions of one work,0298HadiIlaHaqqYahya.Ahkam.Shia000812Vols-ara1 | 0298HadiIlaHaqqYahya.Ahkam.Zaydiyya0000064-ara1,2
openiti:0298HadiIlaHaqqYahya.BalighMudrik,0298HadiIlaHaqqYahya.BalighMudrik,Multiple OpenITI digital versions of one work,0298HadiIlaHaqqYahya.BalighMudrik.Zaydiyya0000073BK6-ara1 | 0298HadiIlaHaqqYahya.BalighMudrik.Zaydiyya0000076BK1-ara1,2
openiti:0298HadiIlaHaqqYahya.CadlWaTawhid,0298HadiIlaHaqqYahya.CadlWaTawhid,Multiple OpenITI digital versions of one work,0298HadiIlaHaqqYahya.CadlWaTawhid.Zaydiyya0000073BK2-ara1 | 0298HadiIlaHaqqYahya.CadlWaTawhid.Zaydiyya0000076BK2-ara1,2
openiti:0298HadiIlaHaqqYahya.CilmWaQudra,0298HadiIlaHaqqYahya.CilmWaQudra,Multiple OpenITI digital versions of one work,0298HadiIlaHaqqYahya.CilmWaQudra.Zaydiyya0000073BK12-ara1 | 0298HadiIlaHaqqYahya.CilmWaQudra.Zaydiyya0000076BK10-ara1,2
openiti:0298HadiIlaHaqqYahya.Dacwa,0298HadiIlaHaqqYahya.Dacwa,Multiple OpenITI digital versions of one work,0298HadiIlaHaqqYahya.Dacwa.Zaydiyya0000073BK22-ara1 | 0298HadiIlaHaqqYahya.Dacwa.Zaydiyya0000076BK26-ara1,2
openiti:0298HadiIlaHaqqYahya.Dhabaih,0298HadiIlaHaqqYahya.Dhabaih,Multiple OpenITI digital versions of one work,0298HadiIlaHaqqYahya.Dhabaih.Zaydiyya0000073BK34-ara1 | 0298HadiIlaHaqqYahya.Dhabaih.Zaydiyya0000076BK35-ara1,2
openiti:0298HadiIlaHaqqYahya.Diyana,0298HadiIlaHaqqYahya.Diyana,Multiple OpenITI digital versions of one work,0298HadiIlaHaqqYahya.Diyana.Zaydiyya0000073BK7-ara1 | 0298HadiIlaHaqqYahya.Diyana.Zaydiyya0000076BK3-ara1,2
openiti:0298HadiIlaHaqqYahya.Imama,0298HadiIlaHaqqYahya.Imama,Multiple OpenITI digital versions of one work,0298HadiIlaHaqqYahya.Imama.Zaydiyya0000073BK30-ara1 | 0298HadiIlaHaqqYahya.Imama.Zaydiyya0000076BK24-ara1,2
openiti:0298HadiIlaHaqqYahya.IthbatNubuwwa,0298HadiIlaHaqqYahya.IthbatNubuwwa,Multiple OpenITI digital versions of one work,0298HadiIlaHaqqYahya.IthbatNubuwwa.Zaydiyya0000073BK17-ara1 | 0298HadiIlaHaqqYahya.IthbatNubuwwa.Zaydiyya0000076BK17-ara1,2
openiti:0298HadiIlaHaqqYahya.JawabLiAhlSanca,0298HadiIlaHaqqYahya.JawabLiAhlSanca,Multiple OpenITI digital versions of one work,0298HadiIlaHaqqYahya.JawabLiAhlSanca.Zaydiyya0000073BK5-ara1 | 0298HadiIlaHaqqYahya.JawabLiAhlSanca.Zaydiyya0000076BK4-ara1,2
openiti:0298HadiIlaHaqqYahya.JawabMasailLiMurtada,0298HadiIlaHaqqYahya.JawabMasailLiMurtada,Multiple OpenITI digital versions of one work,0298HadiIlaHaqqYahya.JawabMasailLiMurtada.Zaydiyya0000073BK31-ara1 | 0298HadiIlaHaqqYahya.JawabMasailLiMurtada.Zaydiyya0000076BK37-ara1,2
openiti:0298HadiIlaHaqqYahya.JawabMasailRazi,0298HadiIlaHaqqYahya.JawabMasailRazi,Multiple OpenITI digital versions of one work,0298HadiIlaHaqqYahya.JawabMasailRazi.Zaydiyya0000073BK28-ara1 | 0298HadiIlaHaqqYahya.JawabMasailRazi.Zaydiyya0000076BK31-ara1,2
openiti:0298HadiIlaHaqqYahya.JawabMasailTabari,0298HadiIlaHaqqYahya.JawabMasailTabari,Multiple OpenITI digital versions of one work,0298HadiIlaHaqqYahya.JawabMasailTabari.Zaydiyya0000073BK29-ara1 | 0298HadiIlaHaqqYahya.JawabMasailTabari.Zaydiyya0000076BK27-ara1,2
openiti:0298HadiIlaHaqqYahya.JawabRajulMinQumm,0298HadiIlaHaqqYahya.JawabRajulMinQumm,Multiple OpenITI digital versions of one work,0298HadiIlaHaqqYahya.JawabRajulMinQumm.Zaydiyya0000073BK35-ara1 | 0298HadiIlaHaqqYahya.JawabRajulMinQumm.Zaydiyya0000076BK30-ara1,2
openiti:0298HadiIlaHaqqYahya.Jumla,0298HadiIlaHaqqYahya.Jumla,Multiple OpenITI digital versions of one work,0298HadiIlaHaqqYahya.Jumla.Zaydiyya0000073BK3-ara1 | 0298HadiIlaHaqqYahya.Jumla.Zaydiyya0000076BK8-ara1,2
openiti:0298HadiIlaHaqqYahya.KhatayaAnbiya,0298HadiIlaHaqqYahya.KhatayaAnbiya,Multiple OpenITI digital versions of one work,0298HadiIlaHaqqYahya.KhatayaAnbiya.Zaydiyya0000073BK19-ara1 | 0298HadiIlaHaqqYahya.KhatayaAnbiya.Zaydiyya0000076BK21-ara1,2
openiti:0298HadiIlaHaqqYahya.MacaniSunna,0298HadiIlaHaqqYahya.MacaniSunna,Multiple OpenITI digital versions of one work,0298HadiIlaHaqqYahya.MacaniSunna.Zaydiyya0000073BK24-ara1 | 0298HadiIlaHaqqYahya.MacaniSunna.Zaydiyya0000076BK23-ara1,2
openiti:0298HadiIlaHaqqYahya.ManzilaBaynManzilatayn,0298HadiIlaHaqqYahya.ManzilaBaynManzilatayn,Multiple OpenITI digital versions of one work,0298HadiIlaHaqqYahya.ManzilaBaynManzilatayn.Zaydiyya0000073BK1-ara1 | 0298HadiIlaHaqqYahya.ManzilaBaynManzilatayn.Zaydiyya0000076BK7-ara1,2
openiti:0298HadiIlaHaqqYahya.MinMasailCalawi,0298HadiIlaHaqqYahya.MinMasailCalawi,Multiple OpenITI digital versions of one work,0298HadiIlaHaqqYahya.MinMasailCalawi.Zaydiyya0000073BK32-ara1 | 0298HadiIlaHaqqYahya.MinMasailCalawi.Zaydiyya0000076BK36-ara1,2
openiti:0298HadiIlaHaqqYahya.MinMasailIbnCubaydAllah,0298HadiIlaHaqqYahya.MinMasailIbnCubaydAllah,Multiple OpenITI digital versions of one work,0298HadiIlaHaqqYahya.MinMasailIbnCubaydAllah.Zaydiyya0000073BK33-ara1 | 0298HadiIlaHaqqYahya.MinMasailIbnCubaydAllah.Zaydiyya0000076BK32-ara1,2
openiti:0298HadiIlaHaqqYahya.MinMasailNibaci,0298HadiIlaHaqqYahya.MinMasailNibaci,Multiple OpenITI digital versions of one work,0298HadiIlaHaqqYahya.MinMasailNibaci.Zaydiyya0000073BK36-ara1 | 0298HadiIlaHaqqYahya.MinMasailNibaci.Zaydiyya0000076BK33-ara1,2
openiti:0298HadiIlaHaqqYahya.MustarshidFiTawhid,0298HadiIlaHaqqYahya.MustarshidFiTawhid,Multiple OpenITI digital versions of one work,0298HadiIlaHaqqYahya.MustarshidFiTawhid.Zaydiyya0000073BK8-ara1 | 0298HadiIlaHaqqYahya.MustarshidFiTawhid.Zaydiyya0000076BK5-ara1,2
openiti:0298HadiIlaHaqqYahya.NubuwwaWaImama,0298HadiIlaHaqqYahya.NubuwwaWaImama,Multiple OpenITI digital versions of one work,0298HadiIlaHaqqYahya.NubuwwaWaImama.Zaydiyya0000073BK20-ara1 | 0298HadiIlaHaqqYahya.NubuwwaWaImama.Zaydiyya0000076BK19-ara1,2
openiti:0298HadiIlaHaqqYahya.Qiyas,0298HadiIlaHaqqYahya.Qiyas,Multiple OpenITI digital versions of one work,0298HadiIlaHaqqYahya.Qiyas.Zaydiyya0000073BK25-ara1 | 0298HadiIlaHaqqYahya.Qiyas.Zaydiyya0000076BK25-ara1,2
openiti:0298HadiIlaHaqqYahya.RaddCalaAhlZaygh,0298HadiIlaHaqqYahya.RaddCalaAhlZaygh,Multiple OpenITI digital versions of one work,0298HadiIlaHaqqYahya.RaddCalaAhlZaygh.Zaydiyya0000073BK9-ara1 | 0298HadiIlaHaqqYahya.RaddCalaAhlZaygh.Zaydiyya0000076BK6-ara1,2
openiti:0298HadiIlaHaqqYahya.RaddCalaHasan,0298HadiIlaHaqqYahya.RaddCalaHasan,Multiple OpenITI digital versions of one work,0298HadiIlaHaqqYahya.RaddCalaHasan.Zaydiyya0000073BK13-ara1 | 0298HadiIlaHaqqYahya.RaddCalaHasan.Zaydiyya0000076BK16-ara1,2
openiti:0298HadiIlaHaqqYahya.RaddCalaIbnJarir,0298HadiIlaHaqqYahya.RaddCalaIbnJarir,Multiple OpenITI digital versions of one work,0298HadiIlaHaqqYahya.RaddCalaIbnJarir.Zaydiyya0000073BK16-ara1 | 0298HadiIlaHaqqYahya.RaddCalaIbnJarir.Zaydiyya0000076BK11-ara1,2
openiti:0298HadiIlaHaqqYahya.RaddCalaMujbiraAwwal,0298HadiIlaHaqqYahya.RaddCalaMujbiraAwwal,Multiple OpenITI digital versions of one work,0298HadiIlaHaqqYahya.RaddCalaMujbiraAwwal.Zaydiyya0000073BK14-ara1 | 0298HadiIlaHaqqYahya.RaddCalaMujbiraAwwal.Zaydiyya0000076BK14-ara1,2
openiti:0298HadiIlaHaqqYahya.RaddCalaMujbiraThani,0298HadiIlaHaqqYahya.RaddCalaMujbiraThani,Multiple OpenITI digital versions of one work,0298HadiIlaHaqqYahya.RaddCalaMujbiraThani.Zaydiyya0000073BK15-ara1 | 0298HadiIlaHaqqYahya.RaddCalaMujbiraThani.Zaydiyya0000076BK15-ara1,2
openiti:0298HadiIlaHaqqYahya.RaddQuranDhahaba,0298HadiIlaHaqqYahya.RaddQuranDhahaba,Multiple OpenITI digital versions of one work,0298HadiIlaHaqqYahya.RaddQuranDhahaba.Zaydiyya0000073BK23-ara1 | 0298HadiIlaHaqqYahya.RaddQuranDhahaba.Zaydiyya0000076BK22-ara1,2
openiti:0298HadiIlaHaqqYahya.TafsirCarshWaKursi,0298HadiIlaHaqqYahya.TafsirCarshWaKursi,Multiple OpenITI digital versions of one work,0298HadiIlaHaqqYahya.TafsirCarshWaKursi.Zaydiyya0000073BK11-ara1 | 0298HadiIlaHaqqYahya.TafsirCarshWaKursi.Zaydiyya0000076BK13-ara1,2
openiti:0298HadiIlaHaqqYahya.TafsirKursi,0298HadiIlaHaqqYahya.TafsirKursi,Multiple OpenITI digital versions of one work,0298HadiIlaHaqqYahya.TafsirKursi.Zaydiyya0000073BK10-ara1 | 0298HadiIlaHaqqYahya.TafsirKursi.Zaydiyya0000076BK12-ara1,2
openiti:0298HadiIlaHaqqYahya.TathbitImamatCali,0298HadiIlaHaqqYahya.TathbitImamatCali,Multiple OpenITI digital versions of one work,0298HadiIlaHaqqYahya.TathbitImamatCali.Shia001962-ara1 | 0298HadiIlaHaqqYahya.TathbitImamatCali.Zaydiyya0000073BK21-ara1 | 0298HadiIlaHaqqYahya.TathbitImamatCali.Zaydiyya0000076BK20-ara1 | 0298HadiIlaHaqqYahya.TathbitImamatCali.Zaydiyya0000160-ara1,4
openiti:0298HadiIlaHaqqYahya.TathbitNubuwwatMuhammad,0298HadiIlaHaqqYahya.TathbitNubuwwatMuhammad,Multiple OpenITI digital versions of one work,0298HadiIlaHaqqYahya.TathbitNubuwwatMuhammad.Zaydiyya0000073BK18-ara1 | 0298HadiIlaHaqqYahya.TathbitNubuwwatMuhammad.Zaydiyya0000076BK18-ara1,2
openiti:0298HadiIlaHaqqYahya.UsulDin,0298HadiIlaHaqqYahya.UsulDin,Multiple OpenITI digital versions of one work,0298HadiIlaHaqqYahya.UsulDin.Zaydiyya0000073BK4-ara1 | 0298HadiIlaHaqqYahya.UsulDin.Zaydiyya0000076BK9-ara1,2
openiti:0298IshaqIbnHunayn.AristuFiCibara,0298IshaqIbnHunayn.AristuFiCibara,Multiple OpenITI digital versions of one work,0298IshaqIbnHunayn.AristuFiCibara.GRAR000012-ara1 | 0298IshaqIbnHunayn.AristuFiCibara.GRAR000025-ara1,2
openiti:0298IshaqIbnHunayn.MaqalatAfrudisiFiCaql,0298IshaqIbnHunayn.MaqalatAfrudisiFiCaql,Multiple OpenITI digital versions of one work,0298IshaqIbnHunayn.MaqalatAfrudisiFiCaql.GRAR000007-ara1 | 0298IshaqIbnHunayn.MaqalatAfrudisiFiCaql.GRAR000010-ara1,2
openiti:0298IshaqIbnHunayn.MaqulatLiAristutalis,0298IshaqIbnHunayn.MaqulatLiAristutalis,Multiple OpenITI digital versions of one work,0298IshaqIbnHunayn.MaqulatLiAristutalis.GRAR000018-ara1 | 0298IshaqIbnHunayn.MaqulatLiAristutalis.GRAR000019-ara1 | 0298IshaqIbnHunayn.MaqulatLiAristutalis.GRAR000022-ara1,3
openiti:0298IshaqIbnHunayn.TafsirNiqulawusFiNabat,0298IshaqIbnHunayn.TafsirNiqulawusFiNabat,Multiple OpenITI digital versions of one work,0298IshaqIbnHunayn.TafsirNiqulawusFiNabat.ALCorpus00032-ara1 | 0298IshaqIbnHunayn.TafsirNiqulawusFiNabat.GRAR000059-ara1,2
openiti:0300Anonymous.AkhbarDawlaCabbasiyya,0300Anonymous.AkhbarDawlaCabbasiyya,Multiple OpenITI digital versions of one work,0300Anonymous.AkhbarDawlaCabbasiyya.Shamela0012226-ara1 | 0300Anonymous.AkhbarDawlaCabbasiyya.Shia003471-ara1,2
openiti:0300Anonymous.RisalataHashimiWaKindi,0300Anonymous.RisalataHashimiWaKindi,Multiple OpenITI digital versions of one work,0300Anonymous.RisalataHashimiWaKindi.Kalema00001-ara1 | 0300Anonymous.RisalataHashimiWaKindi.SyriacStudies00001-ara1,2
openiti:0300HubayshIbnHasan.JalinusFiCamalTashrih,0300HubayshIbnHasan.JalinusFiCamalTashrih,Multiple OpenITI digital versions of one work,0300HubayshIbnHasan.JalinusFiCamalTashrih.GRAR000045-ara1 | 0300HubayshIbnHasan.JalinusFiCamalTashrih.GRAR000046-ara1,2
openiti:0300IbnJacfarHimyari.QurbIsnad,0300IbnJacfarHimyari.QurbIsnad,Multiple OpenITI digital versions of one work,0300IbnJacfarHimyari.QurbIsnad.Masaha000690-ara1 | 0300IbnJacfarHimyari.QurbIsnad.Shia001119-ara1 | 0300IbnJacfarHimyari.QurbIsnad.Zaydiyya0000112-ara1,3
openiti:0300IbnKhurdadhbih.MasalikWaMamalik,0300IbnKhurdadhbih.MasalikWaMamalik,Multiple OpenITI digital versions of one work,0300IbnKhurdadhbih.MasalikWaMamalik.JK009210-ara1 | 0300IbnKhurdadhbih.MasalikWaMamalik.Masaha003950BK1-ara1 | 0300IbnKhurdadhbih.MasalikWaMamalik.Shamela0011800BK1-ara1,3
openiti:0300IbnKhurdadhbih.MukhtarMinKitabLahw,0300IbnKhurdadhbih.MukhtarMinKitabLahw,Multiple OpenITI digital versions of one work,0300IbnKhurdadhbih.MukhtarMinKitabLahw.JK010785-ara1 | 0300IbnKhurdadhbih.MukhtarMinKitabLahw.Shamela0000785-ara1,2
openiti:0300IbnSulaymanKufi.ManaqibImam,0300IbnSulaymanKufi.ManaqibImam,Multiple OpenITI digital versions of one work,0300IbnSulaymanKufi.ManaqibImam.Masaha003296Vols-ara1 | 0300IbnSulaymanKufi.ManaqibImam.Shia001273Vols-ara1 | 0300IbnSulaymanKufi.ManaqibImam.Zaydiyya0000150-ara1,3
openiti:0300IbnZakariyaHajari.Tacliqat,0300IbnZakariyaHajari.Tacliqat,Multiple OpenITI digital versions of one work,0300IbnZakariyaHajari.Tacliqat.JK010664-ara1 | 0300IbnZakariyaHajari.Tacliqat.Shamela0000664-ara1,2
openiti:0300QustaIbnLuqa.FulutarkhusFiAraTabiciyya,0300QustaIbnLuqa.FulutarkhusFiAraTabiciyya,Multiple OpenITI digital versions of one work,0300QustaIbnLuqa.FulutarkhusFiAraTabiciyya.GRAR000076-ara1 | 0300QustaIbnLuqa.FulutarkhusFiAraTabiciyya.GRAR000077-ara1,2
openiti:0301AbuBakrFaryabi.AhkamCidayn,0301AbuBakrFaryabi.AhkamCidayn,Multiple OpenITI digital versions of one work,0301AbuBakrFaryabi.AhkamCidayn.JK000844-ara1 | 0301AbuBakrFaryabi.AhkamCidayn.Shamela0008276-ara1,2
openiti:0301AbuBakrFaryabi.DalailNubuwwa,0301AbuBakrFaryabi.DalailNubuwwa,Multiple OpenITI digital versions of one work,0301AbuBakrFaryabi.DalailNubuwwa.JK000620-ara1 | 0301AbuBakrFaryabi.DalailNubuwwa.Shamela0013116-ara1,2
openiti:0301AbuBakrFaryabi.FadailQuran,0301AbuBakrFaryabi.FadailQuran,Multiple OpenITI digital versions of one work,0301AbuBakrFaryabi.FadailQuran.JK011564-ara1 | 0301AbuBakrFaryabi.FadailQuran.Shamela0009320-ara1,2
openiti:0301AbuBakrFaryabi.Qadar,0301AbuBakrFaryabi.Qadar,Multiple OpenITI digital versions of one work,0301AbuBakrFaryabi.Qadar.JK001214-ara1 | 0301AbuBakrFaryabi.Qadar.Shamela0011333-ara1 | 0301AbuBakrFaryabi.Qadar.Shamela0013051-ara1,3
openiti:0301AbuBakrFaryabi.SifatNifaq,0301AbuBakrFaryabi.SifatNifaq,Multiple OpenITI digital versions of one work,0301AbuBakrFaryabi.SifatNifaq.JK000044-ara1 | 0301AbuBakrFaryabi.SifatNifaq.ShamAY0033868-ara1 | 0301AbuBakrFaryabi.SifatNifaq.Shamela0008235-ara1,3
openiti:0301AbuBakrFaryabi.Siyam,0301AbuBakrFaryabi.Siyam,Multiple OpenITI digital versions of one work,0301AbuBakrFaryabi.Siyam.JK000889-ara1 | 0301AbuBakrFaryabi.Siyam.Shamela0013040-ara1,2
openiti:0301Bardiji.Kabair,0301Bardiji.Kabair,Multiple OpenITI digital versions of one work,0301Bardiji.Kabair.Shamela0004151-ara1 | 0301Bardiji.Kabair.Shamela0026595-ara1,2
openiti:0301Bardiji.TabaqatAsma,0301Bardiji.TabaqatAsma,Multiple OpenITI digital versions of one work,0301Bardiji.TabaqatAsma.JK000748-ara1 | 0301Bardiji.TabaqatAsma.ShamAY0034608-ara1 | 0301Bardiji.TabaqatAsma.Shamela0001590-ara1,3
openiti:0301MuhammadIbnAhmadMaqdami.TarikhWaAsmaMuhaddithin,0301MuhammadIbnAhmadMaqdami.TarikhWaAsmaMuhaddithin,Multiple OpenITI digital versions of one work,0301MuhammadIbnAhmadMaqdami.TarikhWaAsmaMuhaddithin.Sham19Y0122400-ara1 | 0301MuhammadIbnAhmadMaqdami.TarikhWaAsmaMuhaddithin.ShamAY0034659-ara1,2
openiti:0303IbnSufyanNasawi.Arbacuna,0303IbnSufyanNasawi.Arbacuna,Multiple OpenITI digital versions of one work,0303IbnSufyanNasawi.Arbacuna.JK000566-ara1 | 0303IbnSufyanNasawi.Arbacuna.JK011291-ara1 | 0303IbnSufyanNasawi.Arbacuna.ShamAY0008205-ara1 | 0303IbnSufyanNasawi.Arbacuna.Shamela0008205-ara1 | 0303IbnSufyanNasawi.Arbacuna.Shia001972-ara1,5
openiti:0303Nasai.AhsanAsanid,0303Nasai.AhsanAsanid,Multiple OpenITI digital versions of one work,0303Nasai.AhsanAsanid.JK000510BK5-ara2 | 0303Nasai.AhsanAsanid.JK000697BK5-ara3 | 0303Nasai.AhsanAsanid.JK011235BK5-ara1 | 0303Nasai.AhsanAsanid.Shamela0005839BK5-ara2 | 0303Nasai.AhsanAsanid.Shamela0006004BK5-ara3 | 0303Nasai.AhsanAsanid.Shia001971BK5-ara3 | 0303Nasai.AhsanAsanid.Shia003077BK5-ara1,7
openiti:0303Nasai.AshabAbiHanifa,0303Nasai.AshabAbiHanifa,Multiple OpenITI digital versions of one work,0303Nasai.AshabAbiHanifa.JK000510BK4-ara2 | 0303Nasai.AshabAbiHanifa.JK000697BK6-ara3 | 0303Nasai.AshabAbiHanifa.JK011235BK4-ara1 | 0303Nasai.AshabAbiHanifa.Shamela0005839BK4-ara2 | 0303Nasai.AshabAbiHanifa.Shamela0006004BK6-ara3 | 0303Nasai.AshabAbiHanifa.Shia001971BK6-ara3 | 0303Nasai.AshabAbiHanifa.Shia003077BK4-ara1,7
openiti:0303Nasai.AsilaFiRijal,0303Nasai.AsilaFiRijal,Multiple OpenITI digital versions of one work,0303Nasai.AsilaFiRijal.JK000510BK3-ara2 | 0303Nasai.AsilaFiRijal.JK000697BK7-ara3 | 0303Nasai.AsilaFiRijal.JK011235BK3-ara1 | 0303Nasai.AsilaFiRijal.Shamela0005839BK3-ara2 | 0303Nasai.AsilaFiRijal.Shamela0006004BK7-ara3 | 0303Nasai.AsilaFiRijal.Shia001971BK7-ara3 | 0303Nasai.AsilaFiRijal.Shia003077BK3-ara1,7
openiti:0303Nasai.CamalYawmWaLayla,0303Nasai.CamalYawmWaLayla,Multiple OpenITI digital versions of one work,0303Nasai.CamalYawmWaLayla.JK000735-ara1 | 0303Nasai.CamalYawmWaLayla.Shamela0006772-ara1,2
openiti:0303Nasai.DucafaWaMatrukin,0303Nasai.DucafaWaMatrukin,Multiple OpenITI digital versions of one work,0303Nasai.DucafaWaMatrukin.JK000509-ara2 | 0303Nasai.DucafaWaMatrukin.ShamAY0034604-ara3 | 0303Nasai.DucafaWaMatrukin.Shamela0010805-ara2 | 0303Nasai.DucafaWaMatrukin.Shia003076-ara1,4
openiti:0303Nasai.FadailQuran,0303Nasai.FadailQuran,Multiple OpenITI digital versions of one work,0303Nasai.FadailQuran.JK001079-ara1 | 0303Nasai.FadailQuran.Shamela0005507-ara1,2
openiti:0303Nasai.FadailSahaba,0303Nasai.FadailSahaba,Multiple OpenITI digital versions of one work,0303Nasai.FadailSahaba.JK000747-ara1 | 0303Nasai.FadailSahaba.Shamela0006601-ara1 | 0303Nasai.FadailSahaba.Shia001748-ara1,3
openiti:0303Nasai.IbnAbiCaruba,0303Nasai.IbnAbiCaruba,Multiple OpenITI digital versions of one work,0303Nasai.IbnAbiCaruba.JK000510BK2-ara2 | 0303Nasai.IbnAbiCaruba.JK000697BK4-ara3 | 0303Nasai.IbnAbiCaruba.JK011235BK2-ara1 | 0303Nasai.IbnAbiCaruba.Shamela0005839BK2-ara2 | 0303Nasai.IbnAbiCaruba.Shamela0006004BK4-ara3 | 0303Nasai.IbnAbiCaruba.Shia001971BK4-ara3 | 0303Nasai.IbnAbiCaruba.Shia003077BK2-ara1,7
openiti:0303Nasai.Ighrab,0303Nasai.Ighrab,Multiple OpenITI digital versions of one work,0303Nasai.Ighrab.ShamAY0001371-ara1 | 0303Nasai.Ighrab.Shamela0026871-ara1,2
openiti:0303Nasai.Jumca,0303Nasai.Jumca,Multiple OpenITI digital versions of one work,0303Nasai.Jumca.JK010206-ara2 | 0303Nasai.Jumca.Shamela0021577-ara1,2
openiti:0303Nasai.KhasaisAmirMumininCali,0303Nasai.KhasaisAmirMumininCali,Multiple OpenITI digital versions of one work,0303Nasai.KhasaisAmirMumininCali.JK000669-ara1 | 0303Nasai.KhasaisAmirMumininCali.Shamela0005645-ara1 | 0303Nasai.KhasaisAmirMumininCali.Shia001970-ara2,3
openiti:0303Nasai.MajlisanMinImla,0303Nasai.MajlisanMinImla,Multiple OpenITI digital versions of one work,0303Nasai.MajlisanMinImla.JK000703-ara1 | 0303Nasai.MajlisanMinImla.Shamela0005705-ara1 | 0303Nasai.MajlisanMinImla.Shamela0008225-ara1 | 0303Nasai.MajlisanMinImla.Shia001974-ara1,4
openiti:0303Nasai.Nucut,0303Nasai.Nucut,Multiple OpenITI digital versions of one work,0303Nasai.Nucut.JK001202-ara1 | 0303Nasai.Nucut.Shamela0006434-ara1,2
openiti:0303Nasai.SunanKubra,0303Nasai.SunanKubra,Multiple OpenITI digital versions of one work,0303Nasai.SunanKubra.JK000475-ara1 | 0303Nasai.SunanKubra.ShamAY0033958-ara1 | 0303Nasai.SunanKubra.ShamAY0033997-ara3 | 0303Nasai.SunanKubra.Shamela0008361-ara2 | 0303Nasai.SunanKubra.Shia001964Vols-ara1,5
openiti:0303Nasai.SunanSughra,0303Nasai.SunanSughra,Multiple OpenITI digital versions of one work,0303Nasai.SunanSughra.JK000130-ara1 | 0303Nasai.SunanSughra.ShamAY0033998-ara1 | 0303Nasai.SunanSughra.Shamela0000829-ara1 | 0303Nasai.SunanSughra.Shia001740Vols-ara1,4
openiti:0303Nasai.Tabaqat,0303Nasai.Tabaqat,Multiple OpenITI digital versions of one work,0303Nasai.Tabaqat.JK000510BK7-ara2 | 0303Nasai.Tabaqat.JK000697BK2-ara3 | 0303Nasai.Tabaqat.JK000831-ara4 | 0303Nasai.Tabaqat.JK011235BK7-ara1 | 0303Nasai.Tabaqat.ShamAY0034618-ara2 | 0303Nasai.Tabaqat.Shamela0005839BK7-ara2 | 0303Nasai.Tabaqat.Shamela0005885-ara4 | 0303Nasai.Tabaqat.Shamela0006004BK2-ara3 | 0303Nasai.Tabaqat.Shia001971BK2-ara3 | 0303Nasai.Tabaqat.Shia003077BK7-ara1,10
openiti:0303Nasai.TasmiyatFuqahaAmsar,0303Nasai.TasmiyatFuqahaAmsar,Multiple OpenITI digital versions of one work,0303Nasai.TasmiyatFuqahaAmsar.JK000510BK6-ara2 | 0303Nasai.TasmiyatFuqahaAmsar.JK000697BK1-ara3 | 0303Nasai.TasmiyatFuqahaAmsar.JK000827-ara1 | 0303Nasai.TasmiyatFuqahaAmsar.JK011235BK6-ara1 | 0303Nasai.TasmiyatFuqahaAmsar.PV0001-ara4 | 0303Nasai.TasmiyatFuqahaAmsar.Shamela0005820-ara1 | 0303Nasai.TasmiyatFuqahaAmsar.Shamela0005839BK6-ara2 | 0303Nasai.TasmiyatFuqahaAmsar.Shamela0006004BK1-ara3 | 0303Nasai.TasmiyatFuqahaAmsar.Shia001971BK1-ara3 | 0303Nasai.TasmiyatFuqahaAmsar.Shia003077BK6-ara1,10
openiti:0303Nasai.TasmiyatManLamYarwi,0303Nasai.TasmiyatManLamYarwi,Multiple OpenITI digital versions of one work,0303Nasai.TasmiyatManLamYarwi.JK000510BK1-ara2 | 0303Nasai.TasmiyatManLamYarwi.JK000697BK3-ara3 | 0303Nasai.TasmiyatManLamYarwi.JK011235BK1-ara1 | 0303Nasai.TasmiyatManLamYarwi.Shamela0005839BK1-ara2 | 0303Nasai.TasmiyatManLamYarwi.Shamela0006004BK3-ara3 | 0303Nasai.TasmiyatManLamYarwi.Shia001971BK3-ara3 | 0303Nasai.TasmiyatManLamYarwi.Shia003077BK1-ara1,7
openiti:0303Nasai.TasmiyatMashayikh,0303Nasai.TasmiyatMashayikh,Multiple OpenITI digital versions of one work,0303Nasai.TasmiyatMashayikh.JK009386-ara1 | 0303Nasai.TasmiyatMashayikh.Shamela0025946-ara1,2
openiti:0303Nasai.Wafat,0303Nasai.Wafat,Multiple OpenITI digital versions of one work,0303Nasai.Wafat.JK000723-ara1 | 0303Nasai.Wafat.Shamela0022643-ara1 | 0303Nasai.Wafat.Shia001973-ara1,3
openiti:0304YamutIbnMuzarrac.Amali,0304YamutIbnMuzarrac.Amali,Multiple OpenITI digital versions of one work,0304YamutIbnMuzarrac.Amali.JK010651-ara1 | 0304YamutIbnMuzarrac.Amali.Shamela0000651-ara1,2
openiti:0305AbuCuthmanDimashqi.Isaghuji,0305AbuCuthmanDimashqi.Isaghuji,Multiple OpenITI digital versions of one work,0305AbuCuthmanDimashqi.Isaghuji.GRAR000062-ara1 | 0305AbuCuthmanDimashqi.Isaghuji.GRAR000063-ara2,2
openiti:0306Wakic.AkhbarQudat,0306Wakic.AkhbarQudat,Multiple OpenITI digital versions of one work,0306Wakic.AkhbarQudat.JK007001-ara1 | 0306Wakic.AkhbarQudat.Shamela0000150-ara1 | 0306Wakic.AkhbarQudat.Shia003426Vols-ara1,3
openiti:0307AbuYaclaMawsili.Mafarid,0307AbuYaclaMawsili.Mafarid,Multiple OpenITI digital versions of one work,0307AbuYaclaMawsili.Mafarid.JK000639-ara1 | 0307AbuYaclaMawsili.Mafarid.Shamela0013069-ara1 | 0307AbuYaclaMawsili.Mafarid.Shia001975-ara1,3
openiti:0307AbuYaclaMawsili.Mucjam,0307AbuYaclaMawsili.Mucjam,Multiple OpenITI digital versions of one work,0307AbuYaclaMawsili.Mucjam.JK000691-ara1 | 0307AbuYaclaMawsili.Mucjam.Shamela0013175-ara1,2
openiti:0307AbuYaclaMawsili.Musnad,0307AbuYaclaMawsili.Musnad,Multiple OpenITI digital versions of one work,0307AbuYaclaMawsili.Musnad.JK000485-ara1 | 0307AbuYaclaMawsili.Musnad.Shamela0012520-ara1 | 0307AbuYaclaMawsili.Musnad.Shia001976Vols-ara1,3
openiti:0307IbnHarunRuyani.Musnad,0307IbnHarunRuyani.Musnad,Multiple OpenITI digital versions of one work,0307IbnHarunRuyani.Musnad.JK000653-ara1 | 0307IbnHarunRuyani.Musnad.Shamela0013161-ara1,2
openiti:0307IbnJarudNaysaburi.Muntaqa,0307IbnJarudNaysaburi.Muntaqa,Multiple OpenITI digital versions of one work,0307IbnJarudNaysaburi.Muntaqa.JK000488-ara1 | 0307IbnJarudNaysaburi.Muntaqa.ShamAY0033903-ara1 | 0307IbnJarudNaysaburi.Muntaqa.ShamAY0033925-ara1 | 0307IbnJarudNaysaburi.Muntaqa.ShamAY0033947-ara1 | 0307IbnJarudNaysaburi.Muntaqa.Shamela0013071-ara1 | 0307IbnJarudNaysaburi.Muntaqa.Shia001989-ara1,6
openiti:0308AbuSacidJanadi.FadailMadina,0308AbuSacidJanadi.FadailMadina,Multiple OpenITI digital versions of one work,0308AbuSacidJanadi.FadailMadina.JK000868-ara1 | 0308AbuSacidJanadi.FadailMadina.Shamela0013137-ara1 | 0308AbuSacidJanadi.FadailMadina.Shia003472-ara1,3
openiti:0309IbnFadlan.Rihla,0309IbnFadlan.Rihla,Multiple OpenITI digital versions of one work,0309IbnFadlan.Rihla.JK000408-ara1 | 0309IbnFadlan.Rihla.LAL2014120801BK2-ara2 | 0309IbnFadlan.Rihla.Masaha004121-ara1 | 0309IbnFadlan.Rihla.Shamela0011772-ara1,4
openiti:0309IbnMarzuban.DhammThuqala,0309IbnMarzuban.DhammThuqala,Multiple OpenITI digital versions of one work,0309IbnMarzuban.DhammThuqala.JK000573-ara1 | 0309IbnMarzuban.DhammThuqala.Shamela0006769-ara1 | 0309IbnMarzuban.DhammThuqala.Shia001990-ara1,3
openiti:0309IbnMarzuban.FadlKilab,0309IbnMarzuban.FadlKilab,Multiple OpenITI digital versions of one work,0309IbnMarzuban.FadlKilab.JK000498-ara1 | 0309IbnMarzuban.FadlKilab.ShamAY0033790-ara1 | 0309IbnMarzuban.FadlKilab.ShamAY0033791-ara1 | 0309IbnMarzuban.FadlKilab.Shamela0011342-ara1,4
openiti:0310AbuCabbasNayrizi.SharhUsulLiUqlidis,0310AbuCabbasNayrizi.SharhUsulLiUqlidis,Multiple OpenITI digital versions of one work,0310AbuCabbasNayrizi.SharhUsulLiUqlidis.GRAR000056-ara1 | 0310AbuCabbasNayrizi.SharhUsulLiUqlidis.GRAR000057-ara1 | 0310AbuCabbasNayrizi.SharhUsulLiUqlidis.GRAR000058-ara1,3
openiti:0310IbnAhmadDulabi.Dhariyya,0310IbnAhmadDulabi.Dhariyya,Multiple OpenITI digital versions of one work,0310IbnAhmadDulabi.Dhariyya.JK000621-ara1 | 0310IbnAhmadDulabi.Dhariyya.Shamela0013019-ara1 | 0310IbnAhmadDulabi.Dhariyya.Shia001991-ara1,3
openiti:0310IbnAhmadDulabi.KunaWaAsma,0310IbnAhmadDulabi.KunaWaAsma,Multiple OpenITI digital versions of one work,0310IbnAhmadDulabi.KunaWaAsma.JK007016-ara1 | 0310IbnAhmadDulabi.KunaWaAsma.Shamela0013056-ara1,2
openiti:0310IbnCabbasYazidi.Amali,0310IbnCabbasYazidi.Amali,Multiple OpenITI digital versions of one work,0310IbnCabbasYazidi.Amali.JK010748-ara1 | 0310IbnCabbasYazidi.Amali.Sham19Y0008196-ara1 | 0310IbnCabbasYazidi.Amali.Shamela0008196-ara1,3
openiti:0310Tabari.IkhtilafFuqaha,0310Tabari.IkhtilafFuqaha,Multiple OpenITI digital versions of one work,0310Tabari.IkhtilafFuqaha.JK000300-ara1 | 0310Tabari.IkhtilafFuqaha.Shamela0007492-ara1,2
openiti:0310Tabari.JamicBayan,0310Tabari.JamicBayan,Multiple OpenITI digital versions of one work,0310Tabari.JamicBayan.JK000164-ara1 | 0310Tabari.JamicBayan.Shamela0000043-ara1 | 0310Tabari.JamicBayan.Shamela0007798-ara1 | 0310Tabari.JamicBayan.Shia002468Vols-ara1 | 0310Tabari.JamicBayan.Tafsir01001-ara1,5
openiti:0310Tabari.MuntakhabMinDhayl,0310Tabari.MuntakhabMinDhayl,Multiple OpenITI digital versions of one work,0310Tabari.MuntakhabMinDhayl.JK011133-ara1 | 0310Tabari.MuntakhabMinDhayl.Shamela0001133-ara1 | 0310Tabari.MuntakhabMinDhayl.Shamela0009783BK4-ara1 | 0310Tabari.MuntakhabMinDhayl.Shia003473-ara1,4
openiti:0310Tabari.SarihSunna,0310Tabari.SarihSunna,Multiple OpenITI digital versions of one work,0310Tabari.SarihSunna.JK000320-ara1 | 0310Tabari.SarihSunna.Shamela0013127-ara1 | 0310Tabari.SarihSunna.Shia001992-ara1,3
openiti:0310Tabari.TahdhibAthar,0310Tabari.TahdhibAthar,Multiple OpenITI digital versions of one work,0310Tabari.TahdhibAthar.JK008250Vols-ara1 | 0310Tabari.TahdhibAthar.Shamela0013090Vols-ara1,2
openiti:0310Tabari.Tarikh,0310Tabari.Tarikh,Multiple OpenITI digital versions of one work,0310Tabari.Tarikh.JK000157-ara2 | 0310Tabari.Tarikh.Masaha001963Vols-ara1 | 0310Tabari.Tarikh.ShamAY0033812-ara2 | 0310Tabari.Tarikh.Shamela0009783BK1-ara1 | 0310Tabari.Tarikh.Shia003474Vols-ara3,5
openiti:0311AbuBakrKhallal.AmrBiMacruf,0311AbuBakrKhallal.AmrBiMacruf,Multiple OpenITI digital versions of one work,0311AbuBakrKhallal.AmrBiMacruf.JK011299-ara1 | 0311AbuBakrKhallal.AmrBiMacruf.ShamAY0033905-ara1 | 0311AbuBakrKhallal.AmrBiMacruf.Shamela0008248-ara1,3
openiti:0311AbuBakrKhallal.HaththCalaTijara,0311AbuBakrKhallal.HaththCalaTijara,Multiple OpenITI digital versions of one work,0311AbuBakrKhallal.HaththCalaTijara.JK011339-ara1 | 0311AbuBakrKhallal.HaththCalaTijara.Shamela0008213-ara1,2
openiti:0311AbuBakrKhallal.QiraaCindaQubur,0311AbuBakrKhallal.QiraaCindaQubur,Multiple OpenITI digital versions of one work,0311AbuBakrKhallal.QiraaCindaQubur.JK011412-ara1 | 0311AbuBakrKhallal.QiraaCindaQubur.Shamela0008271-ara1,2
openiti:0311AbuBakrKhallal.Sunna,0311AbuBakrKhallal.Sunna,Multiple OpenITI digital versions of one work,0311AbuBakrKhallal.Sunna.JK000839-ara1 | 0311AbuBakrKhallal.Sunna.Shamela0001077-ara1,2
openiti:0311IbnKhuzaymaNaysaburi.Sahih,0311IbnKhuzaymaNaysaburi.Sahih,Multiple OpenITI digital versions of one work,0311IbnKhuzaymaNaysaburi.Sahih.JK000132-ara1 | 0311IbnKhuzaymaNaysaburi.Sahih.ShamAY0031687-ara1 | 0311IbnKhuzaymaNaysaburi.Sahih.ShamAY0033968-ara1 | 0311IbnKhuzaymaNaysaburi.Sahih.Shamela0001446-ara1 | 0311IbnKhuzaymaNaysaburi.Sahih.Shamela0121382-ara1 | 0311IbnKhuzaymaNaysaburi.Sahih.Shia001993Vols-ara1,6
openiti:0311IbnKhuzaymaNaysaburi.Tawhid,0311IbnKhuzaymaNaysaburi.Tawhid,Multiple OpenITI digital versions of one work,0311IbnKhuzaymaNaysaburi.Tawhid.JK009159-ara1 | 0311IbnKhuzaymaNaysaburi.Tawhid.ShamAY0033974-ara1 | 0311IbnKhuzaymaNaysaburi.Tawhid.Shamela0013011-ara1,3
openiti:0311IbnSariZajjaj.TafsirAsmaAllah,0311IbnSariZajjaj.TafsirAsmaAllah,Multiple OpenITI digital versions of one work,0311IbnSariZajjaj.TafsirAsmaAllah.JK000959-ara1 | 0311IbnSariZajjaj.TafsirAsmaAllah.Shamela0006468-ara1,2
openiti:0312BaghandiSaghir.MusnadCumar,0312BaghandiSaghir.MusnadCumar,Multiple OpenITI digital versions of one work,0312BaghandiSaghir.MusnadCumar.JK000623-ara1 | 0312BaghandiSaghir.MusnadCumar.Shamela0013173-ara1 | 0312BaghandiSaghir.MusnadCumar.Shia001997-ara1,3
openiti:0312IbnCaliTusi.MukhtasarAhkam,0312IbnCaliTusi.MukhtasarAhkam,Multiple OpenITI digital versions of one work,0312IbnCaliTusi.MukhtasarAhkam.JK000929-ara1 | 0312IbnCaliTusi.MukhtasarAhkam.Shamela0005583-ara1,2
openiti:0313IbnIshaqSarraj.Baytuta,0313IbnIshaqSarraj.Baytuta,Multiple OpenITI digital versions of one work,0313IbnIshaqSarraj.Baytuta.JK011321-ara1 | 0313IbnIshaqSarraj.Baytuta.Shamela0008252-ara1,2
openiti:0313IbnIshaqSarraj.Musnad,0313IbnIshaqSarraj.Musnad,Multiple OpenITI digital versions of one work,0313IbnIshaqSarraj.Musnad.JK009385-ara1 | 0313IbnIshaqSarraj.Musnad.Shamela0001383-ara1 | 0313IbnIshaqSarraj.Musnad.Shamela0026668-ara1,3
openiti:0313IbnZakariyyaRazi.HawiFiTibb,0313IbnZakariyyaRazi.HawiFiTibb,Multiple OpenITI digital versions of one work,0313IbnZakariyyaRazi.HawiFiTibb.JK007067-ara1 | 0313IbnZakariyyaRazi.HawiFiTibb.Shamela0010704-ara1,2
openiti:0314IbnActhamKufi.Futuh,0314IbnActhamKufi.Futuh,Multiple OpenITI digital versions of one work,0314IbnActhamKufi.Futuh.Masaha002954Vols-ara1 | 0314IbnActhamKufi.Futuh.Shia003675Vols-ara1,2
openiti:0315IbnFaydGhassani.AkhbarWaHikayat,0315IbnFaydGhassani.AkhbarWaHikayat,Multiple OpenITI digital versions of one work,0315IbnFaydGhassani.AkhbarWaHikayat.JK000523-ara1 | 0315IbnFaydGhassani.AkhbarWaHikayat.Shamela0005650-ara1,2
openiti:0316AbuCawana.Mustakhraj,0316AbuCawana.Mustakhraj,Multiple OpenITI digital versions of one work,0316AbuCawana.Mustakhraj.JK001486-ara1 | 0316AbuCawana.Mustakhraj.Sham19Y0018144-ara1 | 0316AbuCawana.Mustakhraj.ShamAY0032665-ara1 | 0316AbuCawana.Mustakhraj.Shamela0021618-ara1,4
openiti:0316IbnAbiDawudSijistani.Bacth,0316IbnAbiDawudSijistani.Bacth,Multiple OpenITI digital versions of one work,0316IbnAbiDawudSijistani.Bacth.JK011319-ara1 | 0316IbnAbiDawudSijistani.Bacth.ShamAY0033692-ara1 | 0316IbnAbiDawudSijistani.Bacth.Shamela0008251-ara1,3
openiti:0316IbnAbiDawudSijistani.Masahif,0316IbnAbiDawudSijistani.Masahif,Multiple OpenITI digital versions of one work,0316IbnAbiDawudSijistani.Masahif.JK009180-ara1 | 0316IbnAbiDawudSijistani.Masahif.Shamela0013067-ara1,2
openiti:0316IbnAbiDawudSijistani.MusnadCaisha,0316IbnAbiDawudSijistani.MusnadCaisha,Multiple OpenITI digital versions of one work,0316IbnAbiDawudSijistani.MusnadCaisha.JK000564-ara1 | 0316IbnAbiDawudSijistani.MusnadCaisha.Shamela0013167-ara1 | 0316IbnAbiDawudSijistani.MusnadCaisha.Shia001999-ara1,3
openiti:0316IbnAbiDawudSijistani.Qasida,0316IbnAbiDawudSijistani.Qasida,Multiple OpenITI digital versions of one work,0316IbnAbiDawudSijistani.Qasida.JK000795-ara1 | 0316IbnAbiDawudSijistani.Qasida.ShamAY0033878-ara1 | 0316IbnAbiDawudSijistani.Qasida.Shia001998-ara1,3
openiti:0316IbnSarrajNahwi.UsulFiNahw,0316IbnSarrajNahwi.UsulFiNahw,Multiple OpenITI digital versions of one work,0316IbnSarrajNahwi.UsulFiNahw.JK001130-ara1 | 0316IbnSarrajNahwi.UsulFiNahw.JK001327-ara1 | 0316IbnSarrajNahwi.UsulFiNahw.Shamela0007365-ara1,3
openiti:0317AbuQasimBaghawi.HadithMuscab,0317AbuQasimBaghawi.HadithMuscab,Multiple OpenITI digital versions of one work,0317AbuQasimBaghawi.HadithMuscab.JK007048-ara1 | 0317AbuQasimBaghawi.HadithMuscab.Shamela0005733-ara1,2
openiti:0317AbuQasimBaghawi.JuzFiMasailIbnHanbal,0317AbuQasimBaghawi.JuzFiMasailIbnHanbal,Multiple OpenITI digital versions of one work,0317AbuQasimBaghawi.JuzFiMasailIbnHanbal.JK001106-ara1 | 0317AbuQasimBaghawi.JuzFiMasailIbnHanbal.Shamela0012853-ara1,2
openiti:0317AbuQasimBaghawi.JuzThalathaWaThalathina,0317AbuQasimBaghawi.JuzThalathaWaThalathina,Multiple OpenITI digital versions of one work,0317AbuQasimBaghawi.JuzThalathaWaThalathina.JK000847-ara1 | 0317AbuQasimBaghawi.JuzThalathaWaThalathina.Shamela0013101-ara1 | 0317AbuQasimBaghawi.JuzThalathaWaThalathina.Shia002000-ara1,3
openiti:0317AbuQasimBaghawi.MucjamSahaba,0317AbuQasimBaghawi.MucjamSahaba,Multiple OpenITI digital versions of one work,0317AbuQasimBaghawi.MucjamSahaba.ShamAY0034636-ara1 | 0317AbuQasimBaghawi.MucjamSahaba.Shamela0023100-ara1,2
openiti:0317AbuQasimBaghawi.MusnadUsama,0317AbuQasimBaghawi.MusnadUsama,Multiple OpenITI digital versions of one work,0317AbuQasimBaghawi.MusnadUsama.JK000645-ara1 | 0317AbuQasimBaghawi.MusnadUsama.Shamela0013158-ara1 | 0317AbuQasimBaghawi.MusnadUsama.Shia002001-ara1,3
openiti:0317IbnCammarShahid.CilalAhadith,0317IbnCammarShahid.CilalAhadith,Multiple OpenITI digital versions of one work,0317IbnCammarShahid.CilalAhadith.JK001029-ara1 | 0317IbnCammarShahid.CilalAhadith.ShamAY0034174-ara1 | 0317IbnCammarShahid.CilalAhadith.Shamela0006049-ara1,3
openiti:0317IbnJabirBattani.Zij,0317IbnJabirBattani.Zij,Multiple OpenITI digital versions of one work,0317IbnJabirBattani.Zij.ALCorpus00015-ara1 | 0317IbnJabirBattani.Zij.JK010452-ara1 | 0317IbnJabirBattani.Zij.Shamela0000452-ara1,3
openiti:0318AbuCarubaHarrani.Ahadith,0318AbuCarubaHarrani.Ahadith,Multiple OpenITI digital versions of one work,0318AbuCarubaHarrani.Ahadith.JK001212-ara1 | 0318AbuCarubaHarrani.Ahadith.ShamAY0033611-ara1 | 0318AbuCarubaHarrani.Ahadith.ShamAY0033619-ara1 | 0318AbuCarubaHarrani.Ahadith.Shamela0013098-ara1,4
openiti:0318AbuCarubaHarrani.Awail,0318AbuCarubaHarrani.Awail,Multiple OpenITI digital versions of one work,0318AbuCarubaHarrani.Awail.JK009176-ara1 | 0318AbuCarubaHarrani.Awail.Shamela0005744-ara1,2
openiti:0318AbuCarubaHarrani.JuzBiRiwayatAntaki,0318AbuCarubaHarrani.JuzBiRiwayatAntaki,Multiple OpenITI digital versions of one work,0318AbuCarubaHarrani.JuzBiRiwayatAntaki.JK011471-ara1 | 0318AbuCarubaHarrani.JuzBiRiwayatAntaki.Shamela0001288-ara1,2
openiti:0318AbuCarubaHarrani.MuntaqaMinTabaqat,0318AbuCarubaHarrani.MuntaqaMinTabaqat,Multiple OpenITI digital versions of one work,0318AbuCarubaHarrani.MuntaqaMinTabaqat.JK011440-ara1 | 0318AbuCarubaHarrani.MuntaqaMinTabaqat.Shamela0008274-ara1,2
openiti:0318IbnMuhammadHashimi.MusnadIbnAbiAwfa,0318IbnMuhammadHashimi.MusnadIbnAbiAwfa,Multiple OpenITI digital versions of one work,0318IbnMuhammadHashimi.MusnadIbnAbiAwfa.JK000594-ara1 | 0318IbnMuhammadHashimi.MusnadIbnAbiAwfa.Shamela0013154-ara1 | 0318IbnMuhammadHashimi.MusnadIbnAbiAwfa.Shia002002-ara1,3
openiti:0319IbnMundhirNaysaburi.AwsatFiSunan,0319IbnMundhirNaysaburi.AwsatFiSunan,Multiple OpenITI digital versions of one work,0319IbnMundhirNaysaburi.AwsatFiSunan.JK000207-ara1 | 0319IbnMundhirNaysaburi.AwsatFiSunan.ShamAY0034282-ara1 | 0319IbnMundhirNaysaburi.AwsatFiSunan.Shamela0021113-ara1,3
openiti:0319IbnMundhirNaysaburi.Ijmac,0319IbnMundhirNaysaburi.Ijmac,Multiple OpenITI digital versions of one work,0319IbnMundhirNaysaburi.Ijmac.JK000183-ara1 | 0319IbnMundhirNaysaburi.Ijmac.Sham19Y0151100-ara1 | 0319IbnMundhirNaysaburi.Ijmac.Shamela0012445-ara1,3
openiti:0320HakimTirmidhi.Amthal,0320HakimTirmidhi.Amthal,Multiple OpenITI digital versions of one work,0320HakimTirmidhi.Amthal.JK000947-ara1 | 0320HakimTirmidhi.Amthal.Shamela0006893-ara1,2
openiti:0320HakimTirmidhi.CaqlWaHawa,0320HakimTirmidhi.CaqlWaHawa,Multiple OpenITI digital versions of one work,0320HakimTirmidhi.CaqlWaHawa.JK010652-ara1 | 0320HakimTirmidhi.CaqlWaHawa.Shamela0000652-ara1,2
openiti:0320HakimTirmidhi.Manhiyyat,0320HakimTirmidhi.Manhiyyat,Multiple OpenITI digital versions of one work,0320HakimTirmidhi.Manhiyyat.JK010216-ara1 | 0320HakimTirmidhi.Manhiyyat.Shamela0025950-ara1,2
openiti:0320HakimTirmidhi.NawadirUsul,0320HakimTirmidhi.NawadirUsul,Multiple OpenITI digital versions of one work,0320HakimTirmidhi.NawadirUsul.JK001332-ara1 | 0320HakimTirmidhi.NawadirUsul.ShamAY0034123-ara1 | 0320HakimTirmidhi.NawadirUsul.ShamAY0038092-ara1 | 0320HakimTirmidhi.NawadirUsul.Shamela0000720-ara1,4
openiti:0320IbnMascudCayyashi.Tafsir,0320IbnMascudCayyashi.Tafsir,Multiple OpenITI digital versions of one work,0320IbnMascudCayyashi.Tafsir.Masaha004648Vols-ara1 | 0320IbnMascudCayyashi.Tafsir.Shia002335Vols-ara1,2
openiti:0320IbnMuhammadBayhaqi.Mahasin,0320IbnMuhammadBayhaqi.Mahasin,Multiple OpenITI digital versions of one work,0320IbnMuhammadBayhaqi.Mahasin.JK009291-ara1 | 0320IbnMuhammadBayhaqi.Mahasin.Masaha002349-ara1 | 0320IbnMuhammadBayhaqi.Mahasin.Shamela0000564-ara1,3
openiti:0321IbnDuraydAzdi.Diwan,0321IbnDuraydAzdi.Diwan,Multiple OpenITI digital versions of one work,0321IbnDuraydAzdi.Diwan.JK007595-ara1 | 0321IbnDuraydAzdi.Diwan.ShamAY0037867-ara1 | 0321IbnDuraydAzdi.Diwan.ShamIbadiyya0000652-ara1,3
openiti:0321IbnDuraydAzdi.FawaidWaAkhbar,0321IbnDuraydAzdi.FawaidWaAkhbar,Multiple OpenITI digital versions of one work,0321IbnDuraydAzdi.FawaidWaAkhbar.JK010653-ara1 | 0321IbnDuraydAzdi.FawaidWaAkhbar.ShamIbadiyya0000641-ara1 | 0321IbnDuraydAzdi.FawaidWaAkhbar.Shamela0026986-ara1,3
openiti:0321IbnDuraydAzdi.Ishtiqaq,0321IbnDuraydAzdi.Ishtiqaq,Multiple OpenITI digital versions of one work,0321IbnDuraydAzdi.Ishtiqaq.JK009327-ara1 | 0321IbnDuraydAzdi.Ishtiqaq.ShamIbadiyya0000603-ara1 | 0321IbnDuraydAzdi.Ishtiqaq.Shamela0009211-ara1,3
openiti:0321IbnDuraydAzdi.JamharatLugha,0321IbnDuraydAzdi.JamharatLugha,Multiple OpenITI digital versions of one work,0321IbnDuraydAzdi.JamharatLugha.JK007100-ara1 | 0321IbnDuraydAzdi.JamharatLugha.ShamIbadiyya0000223-ara1 | 0321IbnDuraydAzdi.JamharatLugha.Shamela0007032-ara1,3
openiti:0321IbnDuraydAzdi.Malahin,0321IbnDuraydAzdi.Malahin,Multiple OpenITI digital versions of one work,0321IbnDuraydAzdi.Malahin.Sham19Y0029605-ara1 | 0321IbnDuraydAzdi.Malahin.ShamIbadiyya0000882-ara1,2
openiti:0321IbnDuraydAzdi.MatarWaSahab,0321IbnDuraydAzdi.MatarWaSahab,Multiple OpenITI digital versions of one work,0321IbnDuraydAzdi.MatarWaSahab.JK010593-ara1 | 0321IbnDuraydAzdi.MatarWaSahab.ShamIbadiyya0000647-ara1 | 0321IbnDuraydAzdi.MatarWaSahab.Shamela0000593-ara1,3
openiti:0321IbnDuraydAzdi.TacliqMinAmali,0321IbnDuraydAzdi.TacliqMinAmali,Multiple OpenITI digital versions of one work,0321IbnDuraydAzdi.TacliqMinAmali.JK010676-ara1 | 0321IbnDuraydAzdi.TacliqMinAmali.ShamIbadiyya0000612-ara1 | 0321IbnDuraydAzdi.TacliqMinAmali.Shamela0026237-ara1,3
openiti:0321Tahawi.SharhMacaniAthar,0321Tahawi.SharhMacaniAthar,Multiple OpenITI digital versions of one work,0321Tahawi.SharhMacaniAthar.JK000469-ara1 | 0321Tahawi.SharhMacaniAthar.Shamela0021108-ara1 | 0321Tahawi.SharhMacaniAthar.Shia002003Vols-ara1,3
openiti:0321Tahawi.SharhMushkilAthar,0321Tahawi.SharhMushkilAthar,Multiple OpenITI digital versions of one work,0321Tahawi.SharhMushkilAthar.JK007043-ara1 | 0321Tahawi.SharhMushkilAthar.Shamela0022547-ara1,2
openiti:0322AbuJacfarCuqayli.DucafaKabir,0322AbuJacfarCuqayli.DucafaKabir,Multiple OpenITI digital versions of one work,0322AbuJacfarCuqayli.DucafaKabir.JK000524-ara1 | 0322AbuJacfarCuqayli.DucafaKabir.ShamAY0034141-ara1 | 0322AbuJacfarCuqayli.DucafaKabir.ShamAY0034664-ara1 | 0322AbuJacfarCuqayli.DucafaKabir.Shamela0013041-ara1 | 0322AbuJacfarCuqayli.DucafaKabir.Shia003078Vols-ara1,5
openiti:0322IbnAbiCawn.Tashbihat,0322IbnAbiCawn.Tashbihat,Multiple OpenITI digital versions of one work,0322IbnAbiCawn.Tashbihat.JK010734-ara1 | 0322IbnAbiCawn.Tashbihat.Shamela0000734-ara1,2
openiti:0322IbnTabataba.CiyarShicr,0322IbnTabataba.CiyarShicr,Multiple OpenITI digital versions of one work,0322IbnTabataba.CiyarShicr.JK007023-ara1 | 0322IbnTabataba.CiyarShicr.Shamela0006911-ara1,2
openiti:0323CaliHimyari.Juz,0323CaliHimyari.Juz,Multiple OpenITI digital versions of one work,0323CaliHimyari.Juz.JK000565-ara1 | 0323CaliHimyari.Juz.JK011486-ara1 | 0323CaliHimyari.Juz.Shamela0009212-ara1 | 0323CaliHimyari.Juz.Shia002007-ara1,4
openiti:0323IbnCabdCazizBasri.Saqifa,0323IbnCabdCazizBasri.Saqifa,Multiple OpenITI digital versions of one work,0323IbnCabdCazizBasri.Saqifa.Masaha004550-ara1 | 0323IbnCabdCazizBasri.Saqifa.Shia001749-ara1,2
openiti:0324Ashcari.Ibana,0324Ashcari.Ibana,Multiple OpenITI digital versions of one work,0324Ashcari.Ibana.JK000342-ara1 | 0324Ashcari.Ibana.Shamela0008178-ara1,2
openiti:0324Ashcari.MaqalatIslamiyyin,0324Ashcari.MaqalatIslamiyyin,Multiple OpenITI digital versions of one work,0324Ashcari.MaqalatIslamiyyin.JK000336-ara1 | 0324Ashcari.MaqalatIslamiyyin.ShamAY0001167-ara1 | 0324Ashcari.MaqalatIslamiyyin.Shamela0004137-ara1 | 0324Ashcari.MaqalatIslamiyyin.Shamela0037614-ara1,4
openiti:0324Ashcari.RisalaIlaAhlThughr,0324Ashcari.RisalaIlaAhlThughr,Multiple OpenITI digital versions of one work,0324Ashcari.RisalaIlaAhlThughr.JK001256-ara1 | 0324Ashcari.RisalaIlaAhlThughr.Shamela0011214-ara1,2
openiti:0324IbnMujahid.SabcaFiQiraat,0324IbnMujahid.SabcaFiQiraat,Multiple OpenITI digital versions of one work,0324IbnMujahid.SabcaFiQiraat.JK000912-ara1 | 0324IbnMujahid.SabcaFiQiraat.Shamela0005530-ara1,2
openiti:0325IbnIshaqWashsha.Muwashsha,0325IbnIshaqWashsha.Muwashsha,Multiple OpenITI digital versions of one work,0325IbnIshaqWashsha.Muwashsha.JK010551-ara1 | 0325IbnIshaqWashsha.Muwashsha.Shamela0026102-ara1,2
openiti:0325IbnSahlRazi.AkhbarFakhkh,0325IbnSahlRazi.AkhbarFakhkh,Multiple OpenITI digital versions of one work,0325IbnSahlRazi.AkhbarFakhkh.Sham19Y0117366-ara1 | 0325IbnSahlRazi.AkhbarFakhkh.Shamela0117366BK1-ara1 | 0325IbnSahlRazi.AkhbarFakhkh.Zaydiyya0000089-ara1,3
openiti:0327AbuBakrKharaiti.FadilatShukr,0327AbuBakrKharaiti.FadilatShukr,Multiple OpenITI digital versions of one work,0327AbuBakrKharaiti.FadilatShukr.JK000048-ara1 | 0327AbuBakrKharaiti.FadilatShukr.Shamela0013140-ara1 | 0327AbuBakrKharaiti.FadilatShukr.Shia002008-ara1,3
openiti:0327AbuBakrKharaiti.HawatifJinan,0327AbuBakrKharaiti.HawatifJinan,Multiple OpenITI digital versions of one work,0327AbuBakrKharaiti.HawatifJinan.JK009207-ara1 | 0327AbuBakrKharaiti.HawatifJinan.Shamela0028183-ara1,2
openiti:0327AbuBakrKharaiti.IctilalQulub,0327AbuBakrKharaiti.IctilalQulub,Multiple OpenITI digital versions of one work,0327AbuBakrKharaiti.IctilalQulub.JK011273-ara1 | 0327AbuBakrKharaiti.IctilalQulub.Shamela0001304-ara1,2
openiti:0327AbuBakrKharaiti.MakarimAkhlaq,0327AbuBakrKharaiti.MakarimAkhlaq,Multiple OpenITI digital versions of one work,0327AbuBakrKharaiti.MakarimAkhlaq.ShamAY0033948-ara1 | 0327AbuBakrKharaiti.MakarimAkhlaq.ShamAY0033949-ara1 | 0327AbuBakrKharaiti.MakarimAkhlaq.Shamela0009595-ara1,3
openiti:0327AbuBakrKharaiti.MasawiAkhlaq,0327AbuBakrKharaiti.MasawiAkhlaq,Multiple OpenITI digital versions of one work,0327AbuBakrKharaiti.MasawiAkhlaq.JK011598-ara1 | 0327AbuBakrKharaiti.MasawiAkhlaq.Shamela0008243-ara1,2
openiti:0327AbuBakrKharaiti.MuntaqaMinMakarim,0327AbuBakrKharaiti.MuntaqaMinMakarim,Multiple OpenITI digital versions of one work,0327AbuBakrKharaiti.MuntaqaMinMakarim.JK001171-ara1 | 0327AbuBakrKharaiti.MuntaqaMinMakarim.Shamela0011930-ara1,2
openiti:0327IbnAbiHatimRazi.BayanKhataBukhari,0327IbnAbiHatimRazi.BayanKhataBukhari,Multiple OpenITI digital versions of one work,0327IbnAbiHatimRazi.BayanKhataBukhari.Shamela0001076-ara1 | 0327IbnAbiHatimRazi.BayanKhataBukhari.Shia003091-ara1,2
openiti:0327IbnAbiHatimRazi.CilalHadith,0327IbnAbiHatimRazi.CilalHadith,Multiple OpenITI digital versions of one work,0327IbnAbiHatimRazi.CilalHadith.JK000682-ara1 | 0327IbnAbiHatimRazi.CilalHadith.ShamAY0035210-ara1 | 0327IbnAbiHatimRazi.CilalHadith.ShamAY0035220-ara1 | 0327IbnAbiHatimRazi.CilalHadith.Shamela0001350-ara1,4
openiti:0327IbnAbiHatimRazi.JarhWaTacdil,0327IbnAbiHatimRazi.JarhWaTacdil,Multiple OpenITI digital versions of one work,0327IbnAbiHatimRazi.JarhWaTacdil.JK000517-ara1 | 0327IbnAbiHatimRazi.JarhWaTacdil.Shamela0002170-ara1 | 0327IbnAbiHatimRazi.JarhWaTacdil.Shia003082Vols-ara1,3
openiti:0327IbnAbiHatimRazi.Marasil,0327IbnAbiHatimRazi.Marasil,Multiple OpenITI digital versions of one work,0327IbnAbiHatimRazi.Marasil.JK000743-ara1 | 0327IbnAbiHatimRazi.Marasil.Shamela0006046-ara1,2
openiti:0327IbnAbiHatimRazi.Tafsir,0327IbnAbiHatimRazi.Tafsir,Multiple OpenITI digital versions of one work,0327IbnAbiHatimRazi.Tafsir.JK006474-ara1 | 0327IbnAbiHatimRazi.Tafsir.Shamela0008658-ara1 | 0327IbnAbiHatimRazi.Tafsir.Shamela0009699-ara1 | 0327IbnAbiHatimRazi.Tafsir.Shia002498Vols-ara1,4
openiti:0328AbuBakrIbnAnbari.KhutbatCaisha,0328AbuBakrIbnAnbari.KhutbatCaisha,Multiple OpenITI digital versions of one work,0328AbuBakrIbnAnbari.KhutbatCaisha.ShamAY0033578-ara1 | 0328AbuBakrIbnAnbari.KhutbatCaisha.ShamAY0035243-ara1,2
openiti:0328AbuBakrIbnAnbari.ZahirFiMacani,0328AbuBakrIbnAnbari.ZahirFiMacani,Multiple OpenITI digital versions of one work,0328AbuBakrIbnAnbari.ZahirFiMacani.JK006922-ara1 | 0328AbuBakrIbnAnbari.ZahirFiMacani.Shamela0005644-ara1,2
openiti:0328AbuBishrIbnYunus.KitabAristutalisFiShicr,0328AbuBishrIbnYunus.KitabAristutalisFiShicr,Multiple OpenITI digital versions of one work,0328AbuBishrIbnYunus.KitabAristutalisFiShicr.GRAR000015-ara1 | 0328AbuBishrIbnYunus.KitabAristutalisFiShicr.GRAR000016-ara1 | 0328AbuBishrIbnYunus.KitabAristutalisFiShicr.GRAR000023-ara1 | 0328AbuBishrIbnYunus.KitabAristutalisFiShicr.GRAR000024-ara1,4
openiti:0328IbnCabdRabbih.CiqdFarid,0328IbnCabdRabbih.CiqdFarid,Multiple OpenITI digital versions of one work,0328IbnCabdRabbih.CiqdFarid.JK009200-ara1 | 0328IbnCabdRabbih.CiqdFarid.Masaha002985Vols-ara1 | 0328IbnCabdRabbih.CiqdFarid.Shamela0023789-ara1,3
openiti:0328IbnCabdRabbih.Diwan,0328IbnCabdRabbih.Diwan,Multiple OpenITI digital versions of one work,0328IbnCabdRabbih.Diwan.JK007571-ara1 | 0328IbnCabdRabbih.Diwan.ShamAY0037874-ara1,2
openiti:0329Barbahari.SharhSunna,0329Barbahari.SharhSunna,Multiple OpenITI digital versions of one work,0329Barbahari.SharhSunna.JK000752-ara1 | 0329Barbahari.SharhSunna.ShamAY0033891-ara1 | 0329Barbahari.SharhSunna.Shamela0008601-ara1,3
openiti:0329IbnBabawayhAli.ImamaWaTabsira,0329IbnBabawayhAli.ImamaWaTabsira,Multiple OpenITI digital versions of one work,0329IbnBabawayhAli.ImamaWaTabsira.Shia001121-ara1 | 0329IbnBabawayhAli.ImamaWaTabsira.Zaydiyya0000115-ara1,2
openiti:0329IbnIbrahimQummi.Tafsir,0329IbnIbrahimQummi.Tafsir,Multiple OpenITI digital versions of one work,0329IbnIbrahimQummi.Tafsir.Shia002337Vols-ara1 | 0329IbnIbrahimQummi.Tafsir.Tafsir04038-ara1,2
openiti:0329IbnMuhammadMarwaziHamid.Muntaqa,0329IbnMuhammadMarwaziHamid.Muntaqa,Multiple OpenITI digital versions of one work,0329IbnMuhammadMarwaziHamid.Muntaqa.JK009163-ara1 | 0329IbnMuhammadMarwaziHamid.Muntaqa.Shamela0005776-ara1,2
openiti:0329IbnYacqubKulayni.Kafi,0329IbnYacqubKulayni.Kafi,Multiple OpenITI digital versions of one work,0329IbnYacqubKulayni.Kafi.Shia001122Vols-ara1 | 0329IbnYacqubKulayni.Kafi.Zaydiyya0000177-ara1 | 0329IbnYacqubKulayni.Kafi.Zaydiyya0000345-ara1,3
openiti:0330AbuZaydSirafi.Rihla,0330AbuZaydSirafi.Rihla,Multiple OpenITI digital versions of one work,0330AbuZaydSirafi.Rihla.Masaha004831-ara1 | 0330AbuZaydSirafi.Rihla.Rafed0002274-ara1 | 0330AbuZaydSirafi.Rihla.Shamela0011269-ara1,3
openiti:0330BahithIbnMarzuban.Alfaz,0330BahithIbnMarzuban.Alfaz,Multiple OpenITI digital versions of one work,0330BahithIbnMarzuban.Alfaz.JK000939-ara1 | 0330BahithIbnMarzuban.Alfaz.Shamela0006925-ara1,2
openiti:0330IbnCuzayzSijistani.GharibQuran,0330IbnCuzayzSijistani.GharibQuran,Multiple OpenITI digital versions of one work,0330IbnCuzayzSijistani.GharibQuran.JK006477-ara1 | 0330IbnCuzayzSijistani.GharibQuran.Shamela0022910-ara1 | 0330IbnCuzayzSijistani.GharibQuran.Tafsir02105-ara1,3
openiti:0330IbnIsmacilMahamili.Amali,0330IbnIsmacilMahamili.Amali,Multiple OpenITI digital versions of one work,0330IbnIsmacilMahamili.Amali.JK000706-ara1 | 0330IbnIsmacilMahamili.Amali.Shamela0013081-ara1 | 0330IbnIsmacilMahamili.Amali.Shamela0026424-ara1 | 0330IbnIsmacilMahamili.Amali.Shamela0026425-ara1 | 0330IbnIsmacilMahamili.Amali.Shia002009-ara1,5
openiti:0330IbnIsmacilMahamili.Duca,0330IbnIsmacilMahamili.Duca,Multiple OpenITI digital versions of one work,0330IbnIsmacilMahamili.Duca.JK011344-ara1 | 0330IbnIsmacilMahamili.Duca.ShamAY0033680-ara1 | 0330IbnIsmacilMahamili.Duca.Shamela0008255-ara1,3
openiti:0330IbnMuhammadSulami.Juz,0330IbnMuhammadSulami.Juz,Multiple OpenITI digital versions of one work,0330IbnMuhammadSulami.Juz.ShamAY0032829-ara1 | 0330IbnMuhammadSulami.Juz.Shamela0009396-ara1,2
openiti:0331IbnMukhalladCattar.Fawaid,0331IbnMukhalladCattar.Fawaid,Multiple OpenITI digital versions of one work,0331IbnMukhalladCattar.Fawaid.JK011584-ara1 | 0331IbnMukhalladCattar.Fawaid.Shamela0001305-ara1,2
openiti:0331IbnMukhalladCattar.Juz,0331IbnMukhalladCattar.Juz,Multiple OpenITI digital versions of one work,0331IbnMukhalladCattar.Juz.Shamela0026359-ara1 | 0331IbnMukhalladCattar.Juz.Shamela0030373-ara1,2
openiti:0331IbnMukhalladCattar.MaRawaAkabir,0331IbnMukhalladCattar.MaRawaAkabir,Multiple OpenITI digital versions of one work,0331IbnMukhalladCattar.MaRawaAkabir.JK000567-ara1 | 0331IbnMukhalladCattar.MaRawaAkabir.Shamela0001249-ara1 | 0331IbnMukhalladCattar.MaRawaAkabir.Shia002010-ara1,3
openiti:0333AbuCarabTamimi.Mihan,0333AbuCarabTamimi.Mihan,Multiple OpenITI digital versions of one work,0333AbuCarabTamimi.Mihan.JK001147-ara1 | 0333AbuCarabTamimi.Mihan.Shamela0006706-ara1,2
openiti:0333AbuMansurMaturidi.Tafsir,0333AbuMansurMaturidi.Tafsir,Multiple OpenITI digital versions of one work,0333AbuMansurMaturidi.Tafsir.Shamela0095590-ara1 | 0333AbuMansurMaturidi.Tafsir.Tafsir02094-ara1,2
openiti:0333AbuMansurMaturidi.Tawhid,0333AbuMansurMaturidi.Tawhid,Multiple OpenITI digital versions of one work,0333AbuMansurMaturidi.Tawhid.JK000339-ara1 | 0333AbuMansurMaturidi.Tawhid.Shamela0006365-ara1,2
openiti:0333IbnCuqdahKufi.FadailAmirMuminin,0333IbnCuqdahKufi.FadailAmirMuminin,Multiple OpenITI digital versions of one work,0333IbnCuqdahKufi.FadailAmirMuminin.Masaha002871-ara1 | 0333IbnCuqdahKufi.FadailAmirMuminin.Shia003683-ara1,2
openiti:0333IbnMarwanDinawari.MujalasaWaJawahirCilm,0333IbnMarwanDinawari.MujalasaWaJawahirCilm,Multiple OpenITI digital versions of one work,0333IbnMarwanDinawari.MujalasaWaJawahirCilm.JK007082-ara1 | 0333IbnMarwanDinawari.MujalasaWaJawahirCilm.ShamAY0033954-ara1 | 0333IbnMarwanDinawari.MujalasaWaJawahirCilm.Shamela0009948-ara1,3
openiti:0333IbnMarwanDinawari.Qinaca,0333IbnMarwanDinawari.Qinaca,Multiple OpenITI digital versions of one work,0333IbnMarwanDinawari.Qinaca.JK000040-ara1 | 0333IbnMarwanDinawari.Qinaca.ShamAY0033920-ara1 | 0333IbnMarwanDinawari.Qinaca.Shamela0013054-ara1,3
openiti:0333IbnMuhammadMadini.Juz,0333IbnMuhammadMadini.Juz,Multiple OpenITI digital versions of one work,0333IbnMuhammadMadini.Juz.JK001438-ara1 | 0333IbnMuhammadMadini.Juz.Shamela0013111-ara1,2
openiti:0334Azdi.TarikhMawsil,0334Azdi.TarikhMawsil,Multiple OpenITI digital versions of one work,0334Azdi.TarikhMawsil.EScr202211221604-ara1 | 0334Azdi.TarikhMawsil.Kraken210528100217-ara1,2
openiti:0334IbnHaikHamdani.Iklil,0334IbnHaikHamdani.Iklil,Multiple OpenITI digital versions of one work,0334IbnHaikHamdani.Iklil.JK010352-ara1 | 0334IbnHaikHamdani.Iklil.Shamela0000352-ara1,2
openiti:0334IbnHaikHamdani.SifatJaziratCarab,0334IbnHaikHamdani.SifatJaziratCarab,Multiple OpenITI digital versions of one work,0334IbnHaikHamdani.SifatJaziratCarab.JK010368-ara2 | 0334IbnHaikHamdani.SifatJaziratCarab.Rafed0002485-ara1 | 0334IbnHaikHamdani.SifatJaziratCarab.Shamela0012521-ara2,3
openiti:0334IbnHamdanKhusaybi.HidayaKubra,0334IbnHamdanKhusaybi.HidayaKubra,Multiple OpenITI digital versions of one work,0334IbnHamdanKhusaybi.HidayaKubra.Masaha002865-ara1 | 0334IbnHamdanKhusaybi.HidayaKubra.Shia001276-ara1,2
openiti:0334IbnHusaynKhiraqi.MukhtasarMinMasailIbnHanbal,0334IbnHusaynKhiraqi.MukhtasarMinMasailIbnHanbal,Multiple OpenITI digital versions of one work,0334IbnHusaynKhiraqi.MukhtasarMinMasailIbnHanbal.JK000428-ara1 | 0334IbnHusaynKhiraqi.MukhtasarMinMasailIbnHanbal.Shamela0002977-ara1,2
openiti:0335IbnAbiCawamm.FadailAbiHanifa,0335IbnAbiCawamm.FadailAbiHanifa,Multiple OpenITI digital versions of one work,0335IbnAbiCawamm.FadailAbiHanifa.ShamAY0032755-ara1 | 0335IbnAbiCawamm.FadailAbiHanifa.ShamAY0033942-ara1,2
openiti:0335IbnKulaybShashi.Musnad,0335IbnKulaybShashi.Musnad,Multiple OpenITI digital versions of one work,0335IbnKulaybShashi.Musnad.JK000576-ara1 | 0335IbnKulaybShashi.Musnad.Shamela0013066-ara1,2
openiti:0335IbnQass.FawaidHadithAbiCumayr,0335IbnQass.FawaidHadithAbiCumayr,Multiple OpenITI digital versions of one work,0335IbnQass.FawaidHadithAbiCumayr.JK001092-ara1 | 0335IbnQass.FawaidHadithAbiCumayr.Shamela0013148-ara1,2
openiti:0335Suli.AdabKuttab,0335Suli.AdabKuttab,Multiple OpenITI digital versions of one work,0335Suli.AdabKuttab.JK009312-ara1 | 0335Suli.AdabKuttab.Shamela0001601-ara1,2
openiti:0335Suli.AkhbarAbiTammam,0335Suli.AkhbarAbiTammam,Multiple OpenITI digital versions of one work,0335Suli.AkhbarAbiTammam.JK010515-ara1 | 0335Suli.AkhbarAbiTammam.Shamela0000515-ara1,2
openiti:0335Suli.AkhbarRadi,0335Suli.AkhbarRadi,Multiple OpenITI digital versions of one work,0335Suli.AkhbarRadi.JK010390-ara1 | 0335Suli.AkhbarRadi.Shamela0008184-ara1 | 0335Suli.AkhbarRadi.Shamela0010532BK2-ara1,3
openiti:0335Suli.AshcarAwladKhulafa,0335Suli.AshcarAwladKhulafa,Multiple OpenITI digital versions of one work,0335Suli.AshcarAwladKhulafa.JK010608-ara1 | 0335Suli.AshcarAwladKhulafa.Shamela0007822-ara1 | 0335Suli.AshcarAwladKhulafa.Shamela0010532BK3-ara1,3
openiti:0336IbnHumamIskafi.Tamhis,0336IbnHumamIskafi.Tamhis,Multiple OpenITI digital versions of one work,0336IbnHumamIskafi.Tamhis.Shia001130-ara1 | 0336IbnHumamIskafi.Tamhis.Zaydiyya0000197-ara1,2
openiti:0337IbnIshaqZajjaji.Akhbar,0337IbnIshaqZajjaji.Akhbar,Multiple OpenITI digital versions of one work,0337IbnIshaqZajjaji.Akhbar.JK010666-ara1 | 0337IbnIshaqZajjaji.Akhbar.Shamela0000666-ara1,2
openiti:0337IbnIshaqZajjaji.Amali,0337IbnIshaqZajjaji.Amali,Multiple OpenITI digital versions of one work,0337IbnIshaqZajjaji.Amali.JK010522-ara1 | 0337IbnIshaqZajjaji.Amali.Shamela0001336-ara1,2
openiti:0337IbnIshaqZajjaji.HurufMacani,0337IbnIshaqZajjaji.HurufMacani,Multiple OpenITI digital versions of one work,0337IbnIshaqZajjaji.HurufMacani.JK001104-ara1 | 0337IbnIshaqZajjaji.HurufMacani.Shamela0006989-ara1,2
openiti:0337IbnIshaqZajjaji.Lamat,0337IbnIshaqZajjaji.Lamat,Multiple OpenITI digital versions of one work,0337IbnIshaqZajjaji.Lamat.JK001128-ara1 | 0337IbnIshaqZajjaji.Lamat.Shamela0006966-ara1,2
openiti:0337QudamaIbnJacfar.Kharaj,0337QudamaIbnJacfar.Kharaj,Multiple OpenITI digital versions of one work,0337QudamaIbnJacfar.Kharaj.JK006916-ara1 | 0337QudamaIbnJacfar.Kharaj.Masaha004484-ara1 | 0337QudamaIbnJacfar.Kharaj.Rafed0002399-ara1 | 0337QudamaIbnJacfar.Kharaj.Shamela0011767-ara1,4
openiti:0338AbuJacfarNahhas.IcrabQuran,0338AbuJacfarNahhas.IcrabQuran,Multiple OpenITI digital versions of one work,0338AbuJacfarNahhas.IcrabQuran.JK001417-ara1 | 0338AbuJacfarNahhas.IcrabQuran.ShamAY0034083-ara1 | 0338AbuJacfarNahhas.IcrabQuran.Shamela0023587-ara1,3
openiti:0338AbuJacfarNahhas.MacaniQuran,0338AbuJacfarNahhas.MacaniQuran,Multiple OpenITI digital versions of one work,0338AbuJacfarNahhas.MacaniQuran.JK000447-ara1 | 0338AbuJacfarNahhas.MacaniQuran.Shamela0000940-ara1 | 0338AbuJacfarNahhas.MacaniQuran.Shia002508Vols-ara1,3
openiti:0338AbuJacfarNahhas.NasikhWaMansukh,0338AbuJacfarNahhas.NasikhWaMansukh,Multiple OpenITI digital versions of one work,0338AbuJacfarNahhas.NasikhWaMansukh.JK000460-ara1 | 0338AbuJacfarNahhas.NasikhWaMansukh.Shamela0013073-ara1,2
openiti:0339AbuJacfarIbnBukhturi.MajmucMusannafat,0339AbuJacfarIbnBukhturi.MajmucMusannafat,Multiple OpenITI digital versions of one work,0339AbuJacfarIbnBukhturi.MajmucMusannafat.JK007026-ara1 | 0339AbuJacfarIbnBukhturi.MajmucMusannafat.Shamela0005737-ara1,2
openiti:0339AbuNasrFarabi.AlfazMustacmalaFiMantiq,0339AbuNasrFarabi.AlfazMustacmalaFiMantiq,Multiple OpenITI digital versions of one work,0339AbuNasrFarabi.AlfazMustacmalaFiMantiq.JK010713-ara1 | 0339AbuNasrFarabi.AlfazMustacmalaFiMantiq.ShamAY0035930-ara1,2
openiti:0339AbuNasrFarabi.FiCibara,0339AbuNasrFarabi.FiCibara,Multiple OpenITI digital versions of one work,0339AbuNasrFarabi.FiCibara.JK010717-ara1 | 0339AbuNasrFarabi.FiCibara.ShamAY0035932-ara1,2
openiti:0339AbuNasrFarabi.Huruf,0339AbuNasrFarabi.Huruf,Multiple OpenITI digital versions of one work,0339AbuNasrFarabi.Huruf.JK010697-ara1 | 0339AbuNasrFarabi.Huruf.ShamAY0035931-ara1,2
openiti:0339AbuNasrFarabi.Siyasa,0339AbuNasrFarabi.Siyasa,Multiple OpenITI digital versions of one work,0339AbuNasrFarabi.Siyasa.JK001315-ara1 | 0339AbuNasrFarabi.Siyasa.Shamela0007228-ara1,2
openiti:0340IbnAcrabiBasri.Mucjam,0340IbnAcrabiBasri.Mucjam,Multiple OpenITI digital versions of one work,0340IbnAcrabiBasri.Mucjam.JK011633-ara1 | 0340IbnAcrabiBasri.Mucjam.Shamela0021494-ara1,2
openiti:0340IbnAcrabiBasri.QublWaMucanaqa,0340IbnAcrabiBasri.QublWaMucanaqa,Multiple OpenITI digital versions of one work,0340IbnAcrabiBasri.QublWaMucanaqa.JK011407-ara1 | 0340IbnAcrabiBasri.QublWaMucanaqa.Shamela0008269-ara1,2
openiti:0340IbnAcrabiBasri.ZuhdWaSifatZahidin,0340IbnAcrabiBasri.ZuhdWaSifatZahidin,Multiple OpenITI digital versions of one work,0340IbnAcrabiBasri.ZuhdWaSifatZahidin.JK000046-ara1 | 0340IbnAcrabiBasri.ZuhdWaSifatZahidin.ShamAY0033601-ara1 | 0340IbnAcrabiBasri.ZuhdWaSifatZahidin.Shamela0013029-ara1 | 0340IbnAcrabiBasri.ZuhdWaSifatZahidin.Shia002011-ara1,4
openiti:0343IbnSulaymanAtrabulusi.Hadith,0343IbnSulaymanAtrabulusi.Hadith,Multiple OpenITI digital versions of one work,0343IbnSulaymanAtrabulusi.Hadith.JK000595-ara1 | 0343IbnSulaymanAtrabulusi.Hadith.Shamela0013182-ara1 | 0343IbnSulaymanAtrabulusi.Hadith.Shamela0029862-ara1 | 0343IbnSulaymanAtrabulusi.Hadith.Shia002013-ara1,4
openiti:0344NizamDinShashi.Usul,0344NizamDinShashi.Usul,Multiple OpenITI digital versions of one work,0344NizamDinShashi.Usul.JK000194-ara1 | 0344NizamDinShashi.Usul.Shamela0006302-ara1,2
openiti:0345IbnCabdWahidGhulamThaclab.CasharatFiGharibLugha,0345IbnCabdWahidGhulamThaclab.CasharatFiGharibLugha,Multiple OpenITI digital versions of one work,0345IbnCabdWahidGhulamThaclab.CasharatFiGharibLugha.JK000960-ara1 | 0345IbnCabdWahidGhulamThaclab.CasharatFiGharibLugha.Shamela0007053-ara1,2
openiti:0345IbnCabdWahidGhulamThaclab.YaqutatSirat,0345IbnCabdWahidGhulamThaclab.YaqutatSirat,Multiple OpenITI digital versions of one work,0345IbnCabdWahidGhulamThaclab.YaqutatSirat.JK007051-ara1 | 0345IbnCabdWahidGhulamThaclab.YaqutatSirat.Shamela0006887-ara1,2
openiti:0345IbnMuhammadSamarqandi.FawaidMuntaqat,0345IbnMuhammadSamarqandi.FawaidMuntaqat,Multiple OpenITI digital versions of one work,0345IbnMuhammadSamarqandi.FawaidMuntaqat.JK011402-ara1 | 0345IbnMuhammadSamarqandi.FawaidMuntaqat.Shamela0008267-ara1,2
openiti:0346IbnFarisIsbahani.Juz,0346IbnFarisIsbahani.Juz,Multiple OpenITI digital versions of one work,0346IbnFarisIsbahani.Juz.ShamAY0035224-ara1 | 0346IbnFarisIsbahani.Juz.ShamAY0038123-ara1,2
openiti:0346Istakhri.MasalikWaMamalik,0346Istakhri.MasalikWaMamalik,Multiple OpenITI digital versions of one work,0346Istakhri.MasalikWaMamalik.JK010472-ara1 | 0346Istakhri.MasalikWaMamalik.Kraken210706005119-ara1 | 0346Istakhri.MasalikWaMamalik.Masaha004655-ara1 | 0346Istakhri.MasalikWaMamalik.Rafed0002303-ara1 | 0346Istakhri.MasalikWaMamalik.Shamela0010791-ara2 | 0346Istakhri.MasalikWaMamalik.Shamela0011680-ara1,6
openiti:0346JacfarBinMansurYaman.Kashf,0346JacfarBinMansurYaman.Kashf,Multiple OpenITI digital versions of one work,0346JacfarBinMansurYaman.Kashf.Kraken2107051655511-ara1 | 0346JacfarBinMansurYaman.Kashf.Kraken220315001902-ara1 | 0346JacfarBinMansurYaman.Kashf.Kraken22041020274101-ara1,3
openiti:0346Mascudi.TanbihWaIshraf,0346Mascudi.TanbihWaIshraf,Multiple OpenITI digital versions of one work,0346Mascudi.TanbihWaIshraf.JK010540-ara2 | 0346Mascudi.TanbihWaIshraf.Shamela0023718-ara1 | 0346Mascudi.TanbihWaIshraf.Shia003484-ara1,3
openiti:0347IbnHazlam.Juz,0347IbnHazlam.Juz,Multiple OpenITI digital versions of one work,0347IbnHazlam.Juz.ShamAY0033707-ara1 | 0347IbnHazlam.Juz.Shamela0012515-ara1 | 0347IbnHazlam.Juz.Shamela0029651-ara1 | 0347IbnHazlam.Juz.Shamela0029720-ara1,4
openiti:0347IbnYunusSadafi.Tarikh,0347IbnYunusSadafi.Tarikh,Multiple OpenITI digital versions of one work,0347IbnYunusSadafi.Tarikh.Masaha004774Vols-ara1 | 0347IbnYunusSadafi.Tarikh.Shamela0011686-ara1,2
openiti:0348IbnMuhammadKhuldi.Fawaid,0348IbnMuhammadKhuldi.Fawaid,Multiple OpenITI digital versions of one work,0348IbnMuhammadKhuldi.Fawaid.JK011405-ara1 | 0348IbnMuhammadKhuldi.Fawaid.Shamela0009310-ara1,2
openiti:0348IbnSalmanNajjad.Amali,0348IbnSalmanNajjad.Amali,Multiple OpenITI digital versions of one work,0348IbnSalmanNajjad.Amali.ShamAY0032890-ara1 | 0348IbnSalmanNajjad.Amali.Shamela0012548-ara1 | 0348IbnSalmanNajjad.Amali.Shamela0029721-ara1 | 0348IbnSalmanNajjad.Amali.Shamela0029865-ara1,4
openiti:0348IbnSalmanNajjad.Hadith,0348IbnSalmanNajjad.Hadith,Multiple OpenITI digital versions of one work,0348IbnSalmanNajjad.Hadith.ShamAY0032891-ara1 | 0348IbnSalmanNajjad.Hadith.Shamela0029866-ara1,2
openiti:0348IbnSalmanNajjad.MusnadCumarIbnKhattab,0348IbnSalmanNajjad.MusnadCumarIbnKhattab,Multiple OpenITI digital versions of one work,0348IbnSalmanNajjad.MusnadCumarIbnKhattab.JK011624-ara1 | 0348IbnSalmanNajjad.MusnadCumarIbnKhattab.Shamela0013171-ara1,2
openiti:0348IbnSalmanNajjad.RaddCalaManYaqulQuranMakhluq,0348IbnSalmanNajjad.RaddCalaManYaqulQuranMakhluq,Multiple OpenITI digital versions of one work,0348IbnSalmanNajjad.RaddCalaManYaqulQuranMakhluq.JK000313-ara1 | 0348IbnSalmanNajjad.RaddCalaManYaqulQuranMakhluq.Shamela0006415-ara1,2
openiti:0349IbnCumarMuqri.AkhbarNahwiyyin,0349IbnCumarMuqri.AkhbarNahwiyyin,Multiple OpenITI digital versions of one work,0349IbnCumarMuqri.AkhbarNahwiyyin.JK000694-ara1 | 0349IbnCumarMuqri.AkhbarNahwiyyin.Shamela0000295-ara1,2
openiti:0350Balawi.SiratAhmadIbnTulun,0350Balawi.SiratAhmadIbnTulun,Multiple OpenITI digital versions of one work,0350Balawi.SiratAhmadIbnTulun.Hindawi039520625-ara1 | 0350Balawi.SiratAhmadIbnTulun.Kraken21033119-ara1,2
openiti:0350MuhammadKindi.FadailMisr,0350MuhammadKindi.FadailMisr,Multiple OpenITI digital versions of one work,0350MuhammadKindi.FadailMisr.JK010405-ara1 | 0350MuhammadKindi.FadailMisr.ShamAY0033805-ara1 | 0350MuhammadKindi.FadailMisr.Shamela0000405-ara1,3
openiti:0350MuhammadKindi.WulatMisr,0350MuhammadKindi.WulatMisr,Multiple OpenITI digital versions of one work,0350MuhammadKindi.WulatMisr.JK010325-ara1 | 0350MuhammadKindi.WulatMisr.Shamela0012831-ara1,2
openiti:0351IbnAhmadSijzi.MuntaqaMinMusnadMuqillin,0351IbnAhmadSijzi.MuntaqaMinMusnadMuqillin,Multiple OpenITI digital versions of one work,0351IbnAhmadSijzi.MuntaqaMinMusnadMuqillin.JK000622-ara1 | 0351IbnAhmadSijzi.MuntaqaMinMusnadMuqillin.Shamela0013072-ara1 | 0351IbnAhmadSijzi.MuntaqaMinMusnadMuqillin.Shia002014-ara1,3
openiti:0351IbnQanic.MucjamSahaba,0351IbnQanic.MucjamSahaba,Multiple OpenITI digital versions of one work,0351IbnQanic.MucjamSahaba.JK000725-ara1 | 0351IbnQanic.MucjamSahaba.Shamela0013178-ara1,2
openiti:0352IbnIbrahimKufi.Tafsir,0352IbnIbrahimKufi.Tafsir,Multiple OpenITI digital versions of one work,0352IbnIbrahimKufi.Tafsir.Masaha004578-ara1 | 0352IbnIbrahimKufi.Tafsir.Shia002339-ara1 | 0352IbnIbrahimKufi.Tafsir.Tafsir05045-ara1,3
openiti:0353AbuCabbasHasani.Masabih,0353AbuCabbasHasani.Masabih,Multiple OpenITI digital versions of one work,0353AbuCabbasHasani.Masabih.Shamela0117366BK2-ara1 | 0353AbuCabbasHasani.Masabih.Zaydiyya0000087BK1-ara1,2
openiti:0354IbnCabdAllahBazzaz.Fawaid,0354IbnCabdAllahBazzaz.Fawaid,Multiple OpenITI digital versions of one work,0354IbnCabdAllahBazzaz.Fawaid.JK009153-ara1 | 0354IbnCabdAllahBazzaz.Fawaid.ShamAY0032836-ara1 | 0354IbnCabdAllahBazzaz.Fawaid.ShamAY0032846-ara1 | 0354IbnCabdAllahBazzaz.Fawaid.Shamela0000772-ara1,4
openiti:0354IbnHibbanBusti.Majruhin,0354IbnHibbanBusti.Majruhin,Multiple OpenITI digital versions of one work,0354IbnHibbanBusti.Majruhin.JK000514-ara1 | 0354IbnHibbanBusti.Majruhin.Sham19Y0151099-ara1 | 0354IbnHibbanBusti.Majruhin.Shamela0005834-ara1 | 0354IbnHibbanBusti.Majruhin.Shia003101Vols-ara1,4
openiti:0354IbnHibbanBusti.MashahirCulamaAmsar,0354IbnHibbanBusti.MashahirCulamaAmsar,Multiple OpenITI digital versions of one work,0354IbnHibbanBusti.MashahirCulamaAmsar.JK000515-ara1 | 0354IbnHibbanBusti.MashahirCulamaAmsar.ShamAY0034623-ara1 | 0354IbnHibbanBusti.MashahirCulamaAmsar.Shamela0000896-ara1 | 0354IbnHibbanBusti.MashahirCulamaAmsar.Shia003104-ara1,4
openiti:0354IbnHibbanBusti.RawdatCuqala,0354IbnHibbanBusti.RawdatCuqala,Multiple OpenITI digital versions of one work,0354IbnHibbanBusti.RawdatCuqala.JK000834-ara1 | 0354IbnHibbanBusti.RawdatCuqala.Shamela0006944-ara1,2
openiti:0354IbnHibbanBusti.Thiqat,0354IbnHibbanBusti.Thiqat,Multiple OpenITI digital versions of one work,0354IbnHibbanBusti.Thiqat.JK000513-ara1 | 0354IbnHibbanBusti.Thiqat.ShamAY0038017-ara1 | 0354IbnHibbanBusti.Thiqat.Shamela0005816-ara1 | 0354IbnHibbanBusti.Thiqat.Shia003092Vols-ara1,4
openiti:0354Mutanabbi.Diwan,0354Mutanabbi.Diwan,Multiple OpenITI digital versions of one work,0354Mutanabbi.Diwan.JK007610-ara1 | 0354Mutanabbi.Diwan.ShamAY0037830-ara1,2
openiti:0356AbuCaliQali.AmaliFiLugha,0356AbuCaliQali.AmaliFiLugha,Multiple OpenITI digital versions of one work,0356AbuCaliQali.AmaliFiLugha.JK000919BK1-ara1 | 0356AbuCaliQali.AmaliFiLugha.Kraken22021606120800BK1-ara1 | 0356AbuCaliQali.AmaliFiLugha.Shamela0009160-ara1,3
openiti:0356AbuCaliQali.DhaylAmali,0356AbuCaliQali.DhaylAmali,Multiple OpenITI digital versions of one work,0356AbuCaliQali.DhaylAmali.JK000919BK2-ara1 | 0356AbuCaliQali.DhaylAmali.Kraken22021606120800BK2-ara1,2
openiti:0356AbuCaliQali.Ittibac,0356AbuCaliQali.Ittibac,Multiple OpenITI digital versions of one work,0356AbuCaliQali.Ittibac.JK009164-ara1 | 0356AbuCaliQali.Ittibac.Shamela0006934-ara1,2
openiti:0356AbuCaliQali.Nawadir,0356AbuCaliQali.Nawadir,Multiple OpenITI digital versions of one work,0356AbuCaliQali.Nawadir.JK000919BK3-ara1 | 0356AbuCaliQali.Nawadir.Kraken22021606120800BK3-ara1,2
openiti:0357AbuFirasHamdani.Diwan,0357AbuFirasHamdani.Diwan,Multiple OpenITI digital versions of one work,0357AbuFirasHamdani.Diwan.JK007584-ara1 | 0357AbuFirasHamdani.Diwan.ShamAY0037823-ara1,2
openiti:0357IbnMuhammadKinani.JuzBitaqa,0357IbnMuhammadKinani.JuzBitaqa,Multiple OpenITI digital versions of one work,0357IbnMuhammadKinani.JuzBitaqa.JK000491-ara1 | 0357IbnMuhammadKinani.JuzBitaqa.ShamAY0033620-ara1 | 0357IbnMuhammadKinani.JuzBitaqa.Shamela0013100-ara1,3
openiti:0359AbuBakrNasibi.Fawaid,0359AbuBakrNasibi.Fawaid,Multiple OpenITI digital versions of one work,0359AbuBakrNasibi.Fawaid.ShamAY0032824-ara1 | 0359AbuBakrNasibi.Fawaid.Shamela0029779-ara1,2
openiti:0359AbuCaliSawwaf.Fawaid,0359AbuCaliSawwaf.Fawaid,Multiple OpenITI digital versions of one work,0359AbuCaliSawwaf.Fawaid.JK000592-ara1 | 0359AbuCaliSawwaf.Fawaid.Shamela0010492-ara1 | 0359AbuCaliSawwaf.Fawaid.Shamela0013144-ara1 | 0359AbuCaliSawwaf.Fawaid.Shia002031-ara1,4
openiti:0359AbuCaliSawwaf.Juz,0359AbuCaliSawwaf.Juz,Multiple OpenITI digital versions of one work,0359AbuCaliSawwaf.Juz.Shamela0029780-ara1 | 0359AbuCaliSawwaf.Juz.Shamela0029898-ara1,2
openiti:0360AbuBakrAjurri.AkhbarAbiHafs,0360AbuBakrAjurri.AkhbarAbiHafs,Multiple OpenITI digital versions of one work,0360AbuBakrAjurri.AkhbarAbiHafs.JK000933-ara1 | 0360AbuBakrAjurri.AkhbarAbiHafs.Shamela0006650-ara1,2
openiti:0360AbuBakrAjurri.AkhlaqAhlQuran,0360AbuBakrAjurri.AkhlaqAhlQuran,Multiple OpenITI digital versions of one work,0360AbuBakrAjurri.AkhlaqAhlQuran.JK010260-ara1 | 0360AbuBakrAjurri.AkhlaqAhlQuran.ShamAY0034101-ara1 | 0360AbuBakrAjurri.AkhlaqAhlQuran.Shamela0010531-ara1,3
openiti:0360AbuBakrAjurri.FadlQiyamLayl,0360AbuBakrAjurri.FadlQiyamLayl,Multiple OpenITI digital versions of one work,0360AbuBakrAjurri.FadlQiyamLayl.ShamAY0001300-ara2 | 0360AbuBakrAjurri.FadlQiyamLayl.Shamela0012746-ara1,2
openiti:0360AbuBakrAjurri.Ghuraba,0360AbuBakrAjurri.Ghuraba,Multiple OpenITI digital versions of one work,0360AbuBakrAjurri.Ghuraba.JK000039-ara1 | 0360AbuBakrAjurri.Ghuraba.Shamela0013045-ara1 | 0360AbuBakrAjurri.Ghuraba.Shia002068-ara1,3
openiti:0360AbuBakrAjurri.MasalatTaifin,0360AbuBakrAjurri.MasalatTaifin,Multiple OpenITI digital versions of one work,0360AbuBakrAjurri.MasalatTaifin.JK000608-ara1 | 0360AbuBakrAjurri.MasalatTaifin.Shamela0006233-ara1,2
openiti:0360AbuBakrAjurri.Sharica,0360AbuBakrAjurri.Sharica,Multiple OpenITI digital versions of one work,0360AbuBakrAjurri.Sharica.JK009158-ara1 | 0360AbuBakrAjurri.Sharica.Shamela0013035-ara1,2
openiti:0360AbuBakrAjurri.TahrimNard,0360AbuBakrAjurri.TahrimNard,Multiple OpenITI digital versions of one work,0360AbuBakrAjurri.TahrimNard.JK011455-ara1 | 0360AbuBakrAjurri.TahrimNard.Shamela0008222-ara1,2
openiti:0360AbuBakrAjurri.TasdiqBiNazar,0360AbuBakrAjurri.TasdiqBiNazar,Multiple OpenITI digital versions of one work,0360AbuBakrAjurri.TasdiqBiNazar.JK000598-ara1 | 0360AbuBakrAjurri.TasdiqBiNazar.ShamAY0033848-ara1,2
openiti:0360AbuBakrAnbari.Hadith,0360AbuBakrAnbari.Hadith,Multiple OpenITI digital versions of one work,0360AbuBakrAnbari.Hadith.Shamela0029781-ara1 | 0360AbuBakrAnbari.Hadith.Shamela0029867-ara1,2
openiti:0360Khawlani.TarikhDaraya,0360Khawlani.TarikhDaraya,Multiple OpenITI digital versions of one work,0360Khawlani.TarikhDaraya.JK011453-ara1 | 0360Khawlani.TarikhDaraya.Shamela0008249-ara1,2
openiti:0360KushajimShacir.Diwan,0360KushajimShacir.Diwan,Multiple OpenITI digital versions of one work,0360KushajimShacir.Diwan.JK007626-ara1 | 0360KushajimShacir.Diwan.ShamAY0037962-ara1,2
openiti:0360Ramhurmuzi.AmthalHadith,0360Ramhurmuzi.AmthalHadith,Multiple OpenITI digital versions of one work,0360Ramhurmuzi.AmthalHadith.JK000422-ara1 | 0360Ramhurmuzi.AmthalHadith.ShamAY0033533-ara1 | 0360Ramhurmuzi.AmthalHadith.Shamela0013083-ara1 | 0360Ramhurmuzi.AmthalHadith.Shia002175-ara1,4
openiti:0360Ramhurmuzi.MuhaddithFasil,0360Ramhurmuzi.MuhaddithFasil,Multiple OpenITI digital versions of one work,0360Ramhurmuzi.MuhaddithFasil.JK000771-ara1 | 0360Ramhurmuzi.MuhaddithFasil.Shamela0013059-ara1 | 0360Ramhurmuzi.MuhaddithFasil.Shia002033-ara1,3
openiti:0360Tabarani.AhadithTiwal,0360Tabarani.AhadithTiwal,Multiple OpenITI digital versions of one work,0360Tabarani.AhadithTiwal.JK000599-ara1 | 0360Tabarani.AhadithTiwal.Shamela0012989-ara1 | 0360Tabarani.AhadithTiwal.Shia002032-ara1,3
openiti:0360Tabarani.Awail,0360Tabarani.Awail,Multiple OpenITI digital versions of one work,0360Tabarani.Awail.JK000862-ara1 | 0360Tabarani.Awail.Shamela0013002-ara1 | 0360Tabarani.Awail.Shia002066-ara1,3
openiti:0360Tabarani.Duca,0360Tabarani.Duca,Multiple OpenITI digital versions of one work,0360Tabarani.Duca.JK000675-ara1 | 0360Tabarani.Duca.ShamAY0033982-ara1 | 0360Tabarani.Duca.Shamela0013016-ara1 | 0360Tabarani.Duca.Shia002067-ara1,4
openiti:0360Tabarani.FadailRamy,0360Tabarani.FadailRamy,Multiple OpenITI digital versions of one work,0360Tabarani.FadailRamy.JK011560-ara1 | 0360Tabarani.FadailRamy.Shamela0008239-ara1,2
openiti:0360Tabarani.JuzHadithAhlBasra,0360Tabarani.JuzHadithAhlBasra,Multiple OpenITI digital versions of one work,0360Tabarani.JuzHadithAhlBasra.ShamAY0033643-ara1 | 0360Tabarani.JuzHadithAhlBasra.Shamela0026474-ara1,2
openiti:0360Tabarani.MakarimAkhlaq,0360Tabarani.MakarimAkhlaq,Multiple OpenITI digital versions of one work,0360Tabarani.MakarimAkhlaq.JK011642-ara1 | 0360Tabarani.MakarimAkhlaq.ShamAY0038139-ara3 | 0360Tabarani.MakarimAkhlaq.Shamela0009324-ara1,3
openiti:0360Tabarani.MucjamAwsat,0360Tabarani.MucjamAwsat,Multiple OpenITI digital versions of one work,0360Tabarani.MucjamAwsat.JK000883-ara1 | 0360Tabarani.MucjamAwsat.Shamela0028171-ara1 | 0360Tabarani.MucjamAwsat.Shia002034Vols-ara1,3
openiti:0360Tabarani.MucjamKabir,0360Tabarani.MucjamKabir,Multiple OpenITI digital versions of one work,0360Tabarani.MucjamKabir.JK000474-ara1 | 0360Tabarani.MucjamKabir.ShamAY0033908-ara2 | 0360Tabarani.MucjamKabir.ShamAY0033986-ara3 | 0360Tabarani.MucjamKabir.Shamela0001353-ara1 | 0360Tabarani.MucjamKabir.Shamela0001428-ara1 | 0360Tabarani.MucjamKabir.Shamela0001733-ara1 | 0360Tabarani.MucjamKabir.Shia002045Vols-ara1,7
openiti:0360Tabarani.MucjamSaghir,0360Tabarani.MucjamSaghir,Multiple OpenITI digital versions of one work,0360Tabarani.MucjamSaghir.JK000476-ara1 | 0360Tabarani.MucjamSaghir.Shamela0013068-ara1 | 0360Tabarani.MucjamSaghir.Shia002043Vols-ara1,3
openiti:0360Tabarani.MusnadShamiyyin,0360Tabarani.MusnadShamiyyin,Multiple OpenITI digital versions of one work,0360Tabarani.MusnadShamiyyin.JK000478-ara1 | 0360Tabarani.MusnadShamiyyin.Shamela0013162-ara1 | 0360Tabarani.MusnadShamiyyin.Shia002069Vols-ara1,3
openiti:0360Tabarani.TuruqHadithManKadhdhabaCalayya,0360Tabarani.TuruqHadithManKadhdhabaCalayya,Multiple OpenITI digital versions of one work,0360Tabarani.TuruqHadithManKadhdhabaCalayya.JK000638-ara1 | 0360Tabarani.TuruqHadithManKadhdhabaCalayya.Shamela0013130-ara1 | 0360Tabarani.TuruqHadithManKadhdhabaCalayya.Shia002065-ara1,3
openiti:0361AbuSacidKudami.Istiqama,0361AbuSacidKudami.Istiqama,Multiple OpenITI digital versions of one work,0361AbuSacidKudami.Istiqama.ShamIbadiyya0000005-ara1 | 0361AbuSacidKudami.Istiqama.ShamIbadiyya0000094-ara1,2
openiti:0361AbuSacidKudami.Muctabar,0361AbuSacidKudami.Muctabar,Multiple OpenITI digital versions of one work,0361AbuSacidKudami.Muctabar.ShamIbadiyya0000130-ara1 | 0361AbuSacidKudami.Muctabar.ShamIbadiyya0000231-ara1,2
openiti:0361IbnIbrahimTustari.MudhakkarWaMuannath,0361IbnIbrahimTustari.MudhakkarWaMuannath,Multiple OpenITI digital versions of one work,0361IbnIbrahimTustari.MudhakkarWaMuannath.JK010099-ara1 | 0361IbnIbrahimTustari.MudhakkarWaMuannath.Shamela0000099-ara1,2
openiti:0362AbuFarajIsbahani.Diyarat,0362AbuFarajIsbahani.Diyarat,Multiple OpenITI digital versions of one work,0362AbuFarajIsbahani.Diyarat.JK010725-ara1 | 0362AbuFarajIsbahani.Diyarat.Shamela0000725-ara1,2
openiti:0362AbuFarajIsbahani.ImaShawacir,0362AbuFarajIsbahani.ImaShawacir,Multiple OpenITI digital versions of one work,0362AbuFarajIsbahani.ImaShawacir.JK009369-ara1 | 0362AbuFarajIsbahani.ImaShawacir.Shamela0009221-ara1,2
openiti:0362AbuFarajIsbahani.MaqatilTalibiyyin,0362AbuFarajIsbahani.MaqatilTalibiyyin,Multiple OpenITI digital versions of one work,0362AbuFarajIsbahani.MaqatilTalibiyyin.JK010351-ara1 | 0362AbuFarajIsbahani.MaqatilTalibiyyin.Rafed0003214-ara1 | 0362AbuFarajIsbahani.MaqatilTalibiyyin.Shamela0012404-ara1 | 0362AbuFarajIsbahani.MaqatilTalibiyyin.Shia001277-ara1 | 0362AbuFarajIsbahani.MaqatilTalibiyyin.Zaydiyya0000154-ara1 | 0362AbuFarajIsbahani.MaqatilTalibiyyin.Zaydiyya0000224-ara1,6
openiti:0362IbnBaraka.Tacaruf,0362IbnBaraka.Tacaruf,Multiple OpenITI digital versions of one work,0362IbnBaraka.Tacaruf.ShamIbadiyya0000214-ara1 | 0362IbnBaraka.Tacaruf.ShamIbadiyya0000782-ara1,2
openiti:0362IbnHaniAndalusi.Diwan,0362IbnHaniAndalusi.Diwan,Multiple OpenITI digital versions of one work,0362IbnHaniAndalusi.Diwan.JK007572-ara1 | 0362IbnHaniAndalusi.Diwan.ShamAY0037881-ara1,2
openiti:0362SariRaffa.Diwan,0362SariRaffa.Diwan,Multiple OpenITI digital versions of one work,0362SariRaffa.Diwan.JK007606-ara1 | 0362SariRaffa.Diwan.ShamAY0037885-ara1,2
openiti:0362SariRaffa.MuhibbWaMahbub,0362SariRaffa.MuhibbWaMahbub,Multiple OpenITI digital versions of one work,0362SariRaffa.MuhibbWaMahbub.JK010731-ara1 | 0362SariRaffa.MuhibbWaMahbub.Shamela0000731-ara1,2
openiti:0363QadiNucman.DacaimIslam,0363QadiNucman.DacaimIslam,Multiple OpenITI digital versions of one work,0363QadiNucman.DacaimIslam.Shia001131Vols-ara1 | 0363QadiNucman.DacaimIslam.Zaydiyya0000186-ara1,2
openiti:0363QadiNucman.ManaqibWaMathalib,0363QadiNucman.ManaqibWaMathalib,Multiple OpenITI digital versions of one work,0363QadiNucman.ManaqibWaMathalib.EShia0086596-ara1 | 0363QadiNucman.ManaqibWaMathalib.Masaha002875-ara1,2
openiti:0363QadiNucman.SharhAkhbar,0363QadiNucman.SharhAkhbar,Multiple OpenITI digital versions of one work,0363QadiNucman.SharhAkhbar.Masaha002225Vols-ara1 | 0363QadiNucman.SharhAkhbar.Rafed0000785Vols-ara1 | 0363QadiNucman.SharhAkhbar.Shia001278Vols-ara1,3
openiti:0364IbnSunniDinawari.CamalYawmWaLayl,0364IbnSunniDinawari.CamalYawmWaLayl,Multiple OpenITI digital versions of one work,0364IbnSunniDinawari.CamalYawmWaLayl.JK000943-ara1 | 0364IbnSunniDinawari.CamalYawmWaLayl.Shamela0013132-ara1,2
openiti:0365IbnCadiJurjani.AsamiManRawaCanhum,0365IbnCadiJurjani.AsamiManRawaCanhum,Multiple OpenITI digital versions of one work,0365IbnCadiJurjani.AsamiManRawaCanhum.JK000740-ara1 | 0365IbnCadiJurjani.AsamiManRawaCanhum.Shamela0005862-ara1,2
openiti:0365IbnCadiJurjani.KamilFiDucafa,0365IbnCadiJurjani.KamilFiDucafa,Multiple OpenITI digital versions of one work,0365IbnCadiJurjani.KamilFiDucafa.JK000519-ara2 | 0365IbnCadiJurjani.KamilFiDucafa.JK001069-ara3 | 0365IbnCadiJurjani.KamilFiDucafa.ShamAY0034613-ara1 | 0365IbnCadiJurjani.KamilFiDucafa.ShamAY0034661-ara1 | 0365IbnCadiJurjani.KamilFiDucafa.Shamela0005827-ara3 | 0365IbnCadiJurjani.KamilFiDucafa.Shamela0012579-ara1 | 0365IbnCadiJurjani.KamilFiDucafa.Shia003105Vols-ara2,7
openiti:0365IbnFaqihHamadhani.Buldan,0365IbnFaqihHamadhani.Buldan,Multiple OpenITI digital versions of one work,0365IbnFaqihHamadhani.Buldan.Masaha003715-ara1 | 0365IbnFaqihHamadhani.Buldan.Rafed0003770-ara1 | 0365IbnFaqihHamadhani.Buldan.Shamela0011685-ara1,3
openiti:0366IbnCabdAllahNaysaburi.ManWafaqatKunyatuhu,0366IbnCabdAllahNaysaburi.ManWafaqatKunyatuhu,Multiple OpenITI digital versions of one work,0366IbnCabdAllahNaysaburi.ManWafaqatKunyatuhu.JK011645-ara1 | 0366IbnCabdAllahNaysaburi.ManWafaqatKunyatuhu.Shamela0012958-ara1,2
openiti:0367IbnHawqal.SuratArd,0367IbnHawqal.SuratArd,Multiple OpenITI digital versions of one work,0367IbnHawqal.SuratArd.Kraken220413202432-ara1 | 0367IbnHawqal.SuratArd.Masaha004471Vols-ara1 | 0367IbnHawqal.SuratArd.Rafed0002448Vols-ara1 | 0367IbnHawqal.SuratArd.Shamela0011780-ara1,4
openiti:0368AbuGhalibZurari.Risala,0368AbuGhalibZurari.Risala,Multiple OpenITI digital versions of one work,0368AbuGhalibZurari.Risala.Masaha003536-ara1 | 0368AbuGhalibZurari.Risala.Masaha004823-ara1 | 0368AbuGhalibZurari.Risala.Shia002929-ara1,3
openiti:0368IbnJacfarQatici.Fawaid,0368IbnJacfarQatici.Fawaid,Multiple OpenITI digital versions of one work,0368IbnJacfarQatici.Fawaid.JK000935-ara1 | 0368IbnJacfarQatici.Fawaid.Shamela0010515-ara1 | 0368IbnJacfarQatici.Fawaid.Shamela0013099-ara1,3
openiti:0369AbuShaykhIsbahani.AhadithAbiZubayr,0369AbuShaykhIsbahani.AhadithAbiZubayr,Multiple OpenITI digital versions of one work,0369AbuShaykhIsbahani.AhadithAbiZubayr.JK001287-ara1 | 0369AbuShaykhIsbahani.AhadithAbiZubayr.Shamela0013108-ara1,2
openiti:0369AbuShaykhIsbahani.AkhlaqNabi,0369AbuShaykhIsbahani.AkhlaqNabi,Multiple OpenITI digital versions of one work,0369AbuShaykhIsbahani.AkhlaqNabi.JK000918-ara1 | 0369AbuShaykhIsbahani.AkhlaqNabi.ShamAY0034449-ara2 | 0369AbuShaykhIsbahani.AkhlaqNabi.Shamela0012980-ara1,3
openiti:0369AbuShaykhIsbahani.AmthalFiHadith,0369AbuShaykhIsbahani.AmthalFiHadith,Multiple OpenITI digital versions of one work,0369AbuShaykhIsbahani.AmthalFiHadith.JK000946-ara1 | 0369AbuShaykhIsbahani.AmthalFiHadith.Shamela0013082-ara1,2
openiti:0369AbuShaykhIsbahani.Cuzma,0369AbuShaykhIsbahani.Cuzma,Multiple OpenITI digital versions of one work,0369AbuShaykhIsbahani.Cuzma.JK000742-ara1 | 0369AbuShaykhIsbahani.Cuzma.Shamela0013043-ara1,2
openiti:0369AbuShaykhIsbahani.Fawaid,0369AbuShaykhIsbahani.Fawaid,Multiple OpenITI digital versions of one work,0369AbuShaykhIsbahani.Fawaid.JK011406-ara1 | 0369AbuShaykhIsbahani.Fawaid.JK011487-ara1 | 0369AbuShaykhIsbahani.Fawaid.Shamela0008268-ara1,3
openiti:0369AbuShaykhIsbahani.TabaqatMuhaddithin,0369AbuShaykhIsbahani.TabaqatMuhaddithin,Multiple OpenITI digital versions of one work,0369AbuShaykhIsbahani.TabaqatMuhaddithin.JK000520-ara1 | 0369AbuShaykhIsbahani.TabaqatMuhaddithin.Shamela0004182-ara1 | 0369AbuShaykhIsbahani.TabaqatMuhaddithin.Shia003112Vols-ara1,3
openiti:0369AbuShaykhIsbahani.Tawbikh,0369AbuShaykhIsbahani.Tawbikh,Multiple OpenITI digital versions of one work,0369AbuShaykhIsbahani.Tawbikh.JK001274-ara1 | 0369AbuShaykhIsbahani.Tawbikh.Shamela0013010-ara1,2
openiti:0369IbnMasiBaghdadi.Fawaid,0369IbnMasiBaghdadi.Fawaid,Multiple OpenITI digital versions of one work,0369IbnMasiBaghdadi.Fawaid.JK009196-ara1 | 0369IbnMasiBaghdadi.Fawaid.Shamela0013142-ara1,2
openiti:0370AbuMansurAzhari.TahdhibLugha,0370AbuMansurAzhari.TahdhibLugha,Multiple OpenITI digital versions of one work,0370AbuMansurAzhari.TahdhibLugha.JK007040-ara1 | 0370AbuMansurAzhari.TahdhibLugha.Shamela0007031-ara1,2
openiti:0370AbuMansurAzhari.ZahirFiGharibAlfazShafici,0370AbuMansurAzhari.ZahirFiGharibAlfazShafici,Multiple OpenITI digital versions of one work,0370AbuMansurAzhari.ZahirFiGharibAlfazShafici.JK000311-ara1 | 0370AbuMansurAzhari.ZahirFiGharibAlfazShafici.ShamAY0034678-ara1 | 0370AbuMansurAzhari.ZahirFiGharibAlfazShafici.Shamela0011319-ara1,3
openiti:0370AbuQasimAmidi.MutalifWaMukhtalif,0370AbuQasimAmidi.MutalifWaMukhtalif,Multiple OpenITI digital versions of one work,0370AbuQasimAmidi.MutalifWaMukhtalif.JK010675-ara1 | 0370AbuQasimAmidi.MutalifWaMukhtalif.Shamela0010913-ara1,2
openiti:0370AbuQasimAmidi.Muwazana,0370AbuQasimAmidi.Muwazana,Multiple OpenITI digital versions of one work,0370AbuQasimAmidi.Muwazana.JK010617-ara2 | 0370AbuQasimAmidi.Muwazana.Sham19Y0026183-ara1 | 0370AbuQasimAmidi.Muwazana.Shamela0026183-ara1,3
openiti:0370CaribQurtubi.SilaTarikhTabari,0370CaribQurtubi.SilaTarikhTabari,Multiple OpenITI digital versions of one work,0370CaribQurtubi.SilaTarikhTabari.JK011178-ara1 | 0370CaribQurtubi.SilaTarikhTabari.ShamAY0033813-ara1 | 0370CaribQurtubi.SilaTarikhTabari.Shamela0009783BK2-ara1 | 0370CaribQurtubi.SilaTarikhTabari.Shia003482-ara1,4
openiti:0370IbnAhmadIbnKhalawayh.HujjaFiQiraatSabca,0370IbnAhmadIbnKhalawayh.HujjaFiQiraatSabca,Multiple OpenITI digital versions of one work,0370IbnAhmadIbnKhalawayh.HujjaFiQiraatSabca.JK000461-ara1 | 0370IbnAhmadIbnKhalawayh.HujjaFiQiraatSabca.Shamela0026140-ara1,2
openiti:0370IbnCaliJassas.AhkamQuran,0370IbnCaliJassas.AhkamQuran,Multiple OpenITI digital versions of one work,0370IbnCaliJassas.AhkamQuran.JK000871-ara1 | 0370IbnCaliJassas.AhkamQuran.Shamela0007370-ara1 | 0370IbnCaliJassas.AhkamQuran.Shamela0023579-ara1 | 0370IbnCaliJassas.AhkamQuran.Shia002514Vols-ara1,4
openiti:0370IbnCaliJassas.FusulFiUsul,0370IbnCaliJassas.FusulFiUsul,Multiple OpenITI digital versions of one work,0370IbnCaliJassas.FusulFiUsul.JK000286-ara1 | 0370IbnCaliJassas.FusulFiUsul.Shamela0000676-ara1 | 0370IbnCaliJassas.FusulFiUsul.Shia002901Vols-ara1,3
openiti:0370IbnCaliJassas.MukhtasarIkhtilafCulama,0370IbnCaliJassas.MukhtasarIkhtilafCulama,Multiple OpenITI digital versions of one work,0370IbnCaliJassas.MukhtasarIkhtilafCulama.JK000292-ara1 | 0370IbnCaliJassas.MukhtasarIkhtilafCulama.Kraken220413202452-ara1 | 0370IbnCaliJassas.MukhtasarIkhtilafCulama.Shamela0006222-ara1,3
openiti:0371AhmadJurjani.IctiqadAimmatHadith,0371AhmadJurjani.IctiqadAimmatHadith,Multiple OpenITI digital versions of one work,0371AhmadJurjani.IctiqadAimmatHadith.JK000356-ara1 | 0371AhmadJurjani.IctiqadAimmatHadith.Shamela0010472-ara1,2
openiti:0371AhmadJurjani.Mucjam,0371AhmadJurjani.Mucjam,Multiple OpenITI digital versions of one work,0371AhmadJurjani.Mucjam.JK000760-ara1 | 0371AhmadJurjani.Mucjam.Shamela0013176-ara1,2
openiti:0373AbuLaythSamarqandi.BahrCulum,0373AbuLaythSamarqandi.BahrCulum,Multiple OpenITI digital versions of one work,0373AbuLaythSamarqandi.BahrCulum.JK001471-ara1 | 0373AbuLaythSamarqandi.BahrCulum.ShamAY0034069-ara1 | 0373AbuLaythSamarqandi.BahrCulum.Shamela0023594-ara1 | 0373AbuLaythSamarqandi.BahrCulum.Shia002517Vols-ara1 | 0373AbuLaythSamarqandi.BahrCulum.Tafsir02011-ara1,5
openiti:0374IbnHusaynAzdi.AsmaManYucrafBiKunya,0374IbnHusaynAzdi.AsmaManYucrafBiKunya,Multiple OpenITI digital versions of one work,0374IbnHusaynAzdi.AsmaManYucrafBiKunya.JK000526-ara1 | 0374IbnHusaynAzdi.AsmaManYucrafBiKunya.ShamAY0034619-ara2 | 0374IbnHusaynAzdi.AsmaManYucrafBiKunya.Shamela0005779-ara1,3
openiti:0374IbnHusaynAzdi.Makhzun,0374IbnHusaynAzdi.Makhzun,Multiple OpenITI digital versions of one work,0374IbnHusaynAzdi.Makhzun.JK000970-ara1 | 0374IbnHusaynAzdi.Makhzun.Shamela0001458-ara1,2
openiti:0374IbnHusaynAzdi.ManWafaqaIsmuhuIsmAbihi,0374IbnHusaynAzdi.ManWafaqaIsmuhuIsmAbihi,Multiple OpenITI digital versions of one work,0374IbnHusaynAzdi.ManWafaqaIsmuhuIsmAbihi.JK000666-ara1 | 0374IbnHusaynAzdi.ManWafaqaIsmuhuIsmAbihi.ShamAY0034610-ara1 | 0374IbnHusaynAzdi.ManWafaqaIsmuhuIsmAbihi.Shamela0026919-ara1 | 0374IbnHusaynAzdi.ManWafaqaIsmuhuIsmAbihi.Shamela0026920-ara1,4
openiti:0375AbuHafsZayyat.Juz,0375AbuHafsZayyat.Juz,Multiple OpenITI digital versions of one work,0375AbuHafsZayyat.Juz.ShamAY0032808-ara2 | 0375AbuHafsZayyat.Juz.ShamAY0033597-ara1,2
openiti:0375IbnHamzaBasri.Tanbihat,0375IbnHamzaBasri.Tanbihat,Multiple OpenITI digital versions of one work,0375IbnHamzaBasri.Tanbihat.JK010226-ara1 | 0375IbnHamzaBasri.Tanbihat.Shamela0000226-ara1,2
openiti:0375IkhwanSafa.RisalatJamica,0375IkhwanSafa.RisalatJamica,Multiple OpenITI digital versions of one work,0375IkhwanSafa.RisalatJamica.Kraken210622021802-ara1 | 0375IkhwanSafa.RisalatJamica.Kraken220610012301-ara1,2
openiti:0377IbnAhmadCasqalani.TanbihWaRadd,0377IbnAhmadCasqalani.TanbihWaRadd,Multiple OpenITI digital versions of one work,0377IbnAhmadCasqalani.TanbihWaRadd.JK001263-ara1 | 0377IbnAhmadCasqalani.TanbihWaRadd.Shamela0006537-ara1,2
openiti:0377IbnAhmadJurjani.JuzIbnGhitrif,0377IbnAhmadJurjani.JuzIbnGhitrif,Multiple OpenITI digital versions of one work,0377IbnAhmadJurjani.JuzIbnGhitrif.JK000646-ara1 | 0377IbnAhmadJurjani.JuzIbnGhitrif.Shamela0013096-ara1,2
openiti:0377IbnMuhammadShimshati.AnwarWaMahasinAshcar,0377IbnMuhammadShimshati.AnwarWaMahasinAshcar,Multiple OpenITI digital versions of one work,0377IbnMuhammadShimshati.AnwarWaMahasinAshcar.JK009283-ara1 | 0377IbnMuhammadShimshati.AnwarWaMahasinAshcar.Shamela0000601-ara1,2
openiti:0378HakimKabir.ShicarAshabHadith,0378HakimKabir.ShicarAshabHadith,Multiple OpenITI digital versions of one work,0378HakimKabir.ShicarAshabHadith.JK000580-ara1 | 0378HakimKabir.ShicarAshabHadith.Shamela0013126-ara1 | 0378HakimKabir.ShicarAshabHadith.Shia002073-ara1,3
openiti:0378IbnSalihQahtani.QasidaNuniyya,0378IbnSalihQahtani.QasidaNuniyya,Multiple OpenITI digital versions of one work,0378IbnSalihQahtani.QasidaNuniyya.JK001201-ara1 | 0378IbnSalihQahtani.QasidaNuniyya.ShamAY0033880-ara1 | 0378IbnSalihQahtani.QasidaNuniyya.Shamela0007533-ara1,3
openiti:0379IbnMuzaffarBazzaz.GharaibHadithMalik,0379IbnMuzaffarBazzaz.GharaibHadithMalik,Multiple OpenITI digital versions of one work,0379IbnMuzaffarBazzaz.GharaibHadithMalik.JK011554-ara1 | 0379IbnMuzaffarBazzaz.GharaibHadithMalik.Shamela0008236-ara1,2
openiti:0379IbnMuzaffarBazzaz.Hadith,0379IbnMuzaffarBazzaz.Hadith,Multiple OpenITI digital versions of one work,0379IbnMuzaffarBazzaz.Hadith.ShamAY0032751-ara1 | 0379IbnMuzaffarBazzaz.Hadith.Shamela0029739-ara1,2
openiti:0379IbnMuzaffarBazzaz.HadithShucba,0379IbnMuzaffarBazzaz.HadithShucba,Multiple OpenITI digital versions of one work,0379IbnMuzaffarBazzaz.HadithShucba.JK007105-ara1 | 0379IbnMuzaffarBazzaz.HadithShucba.Shamela0005732-ara1,2
openiti:0379IbnMuzaffarBazzaz.MuntaqaMinHadithIbnCammar,0379IbnMuzaffarBazzaz.MuntaqaMinHadithIbnCammar,Multiple OpenITI digital versions of one work,0379IbnMuzaffarBazzaz.MuntaqaMinHadithIbnCammar.Masaha004097Vols-ara1 | 0379IbnMuzaffarBazzaz.MuntaqaMinHadithIbnCammar.ShamAY0032955-ara1,2
openiti:0379IbnZabrRabci.TarikhMawlidCulama,0379IbnZabrRabci.TarikhMawlidCulama,Multiple OpenITI digital versions of one work,0379IbnZabrRabci.TarikhMawlidCulama.JK000651-ara1 | 0379IbnZabrRabci.TarikhMawlidCulama.Shamela0005791-ara1,2
openiti:0379IbnZabrRabci.WasayaCulama,0379IbnZabrRabci.WasayaCulama,Multiple OpenITI digital versions of one work,0379IbnZabrRabci.WasayaCulama.JK000830-ara1 | 0379IbnZabrRabci.WasayaCulama.Shamela0013186-ara1,2
openiti:0380AbuBakrKalabadhi.MacaniAkhbar,0380AbuBakrKalabadhi.MacaniAkhbar,Multiple OpenITI digital versions of one work,0380AbuBakrKalabadhi.MacaniAkhbar.JK009190-ara1 | 0380AbuBakrKalabadhi.MacaniAkhbar.ShamAY0038055-ara3 | 0380AbuBakrKalabadhi.MacaniAkhbar.ShamAY0038096-ara2 | 0380AbuBakrKalabadhi.MacaniAkhbar.Shamela0013084-ara1,4
openiti:0380AbuBakrKalabadhi.TacarrufLiMadhhabAhlTasawwuf,0380AbuBakrKalabadhi.TacarrufLiMadhhabAhlTasawwuf,Multiple OpenITI digital versions of one work,0380AbuBakrKalabadhi.TacarrufLiMadhhabAhlTasawwuf.JK000347-ara1 | 0380AbuBakrKalabadhi.TacarrufLiMadhhabAhlTasawwuf.Shamela0006518-ara1,2
openiti:0380IbnCabdRahmanIsbahani.Wadih,0380IbnCabdRahmanIsbahani.Wadih,Multiple OpenITI digital versions of one work,0380IbnCabdRahmanIsbahani.Wadih.JK010779-ara1 | 0380IbnCabdRahmanIsbahani.Wadih.Shamela0000779-ara1,2
openiti:0380IbnIbrahimNucmani.Ghayba,0380IbnIbrahimNucmani.Ghayba,Multiple OpenITI digital versions of one work,0380IbnIbrahimNucmani.Ghayba.Masaha002070-ara1 | 0380IbnIbrahimNucmani.Ghayba.Shia001281-ara1 | 0380IbnIbrahimNucmani.Ghayba.Zaydiyya0000198-ara1,3
openiti:0380Khalidiyyan.AshbahWaNazair,0380Khalidiyyan.AshbahWaNazair,Multiple OpenITI digital versions of one work,0380Khalidiyyan.AshbahWaNazair.JK010747-ara1 | 0380Khalidiyyan.AshbahWaNazair.Shamela0010806-ara1,2
openiti:0380Muhallabi.MasalikWaMamalik,0380Muhallabi.MasalikWaMamalik,Multiple OpenITI digital versions of one work,0380Muhallabi.MasalikWaMamalik.Masaha004350-ara1 | 0380Muhallabi.MasalikWaMamalik.Shamela0011785-ara1,2
openiti:0381IbnBabawayhSaduq.Amali,0381IbnBabawayhSaduq.Amali,Multiple OpenITI digital versions of one work,0381IbnBabawayhSaduq.Amali.Shia001134-ara1 | 0381IbnBabawayhSaduq.Amali.Zaydiyya0000114-ara1,2
openiti:0381IbnBabawayhSaduq.CilalSharaic,0381IbnBabawayhSaduq.CilalSharaic,Multiple OpenITI digital versions of one work,0381IbnBabawayhSaduq.CilalSharaic.Shia001140Vols-ara1 | 0381IbnBabawayhSaduq.CilalSharaic.Zaydiyya0000192-ara1 | 0381IbnBabawayhSaduq.CilalSharaic.Zaydiyya0000332-ara1,3
openiti:0381IbnBabawayhSaduq.CuyunAkhbarRida,0381IbnBabawayhSaduq.CuyunAkhbarRida,Multiple OpenITI digital versions of one work,0381IbnBabawayhSaduq.CuyunAkhbarRida.Masaha002306Vols-ara1 | 0381IbnBabawayhSaduq.CuyunAkhbarRida.Shia001142Vols-ara1 | 0381IbnBabawayhSaduq.CuyunAkhbarRida.Zaydiyya0000193-ara1,3
openiti:0381IbnBabawayhSaduq.Hidaya,0381IbnBabawayhSaduq.Hidaya,Multiple OpenITI digital versions of one work,0381IbnBabawayhSaduq.Hidaya.Masaha000714-ara1 | 0381IbnBabawayhSaduq.Hidaya.Shia000004-ara1,2
openiti:0381IbnBabawayhSaduq.KamalDin,0381IbnBabawayhSaduq.KamalDin,Multiple OpenITI digital versions of one work,0381IbnBabawayhSaduq.KamalDin.Masaha002494Vols-ara1 | 0381IbnBabawayhSaduq.KamalDin.Shia001146-ara1,2
openiti:0381IbnBabawayhSaduq.Khisal,0381IbnBabawayhSaduq.Khisal,Multiple OpenITI digital versions of one work,0381IbnBabawayhSaduq.Khisal.Masaha004652Vols-ara1 | 0381IbnBabawayhSaduq.Khisal.Shia001137-ara1 | 0381IbnBabawayhSaduq.Khisal.Zaydiyya0000128-ara1,3
openiti:0381IbnBabawayhSaduq.ManLaYahduruhuFaqih,0381IbnBabawayhSaduq.ManLaYahduruhuFaqih,Multiple OpenITI digital versions of one work,0381IbnBabawayhSaduq.ManLaYahduruhuFaqih.Shia001149Vols-ara1 | 0381IbnBabawayhSaduq.ManLaYahduruhuFaqih.Zaydiyya0000239-ara1,2
openiti:0381IbnCabdRahmanZuhri.Hadith,0381IbnCabdRahmanZuhri.Hadith,Multiple OpenITI digital versions of one work,0381IbnCabdRahmanZuhri.Hadith.JK011496-ara1 | 0381IbnCabdRahmanZuhri.Hadith.Shamela0008227-ara1,2
openiti:0381IbnMuqriIsbahani.JuzNafic,0381IbnMuqriIsbahani.JuzNafic,Multiple OpenITI digital versions of one work,0381IbnMuqriIsbahani.JuzNafic.JK000634-ara1 | 0381IbnMuqriIsbahani.JuzNafic.Shamela0013103-ara1 | 0381IbnMuqriIsbahani.JuzNafic.Shia002075-ara1,3
openiti:0381IbnMuqriIsbahani.Mucjam,0381IbnMuqriIsbahani.Mucjam,Multiple OpenITI digital versions of one work,0381IbnMuqriIsbahani.Mucjam.JK011634-ara1 | 0381IbnMuqriIsbahani.Mucjam.Shamela0008244-ara1,2
openiti:0381IbnMuqriIsbahani.Rukhsa,0381IbnMuqriIsbahani.Rukhsa,Multiple OpenITI digital versions of one work,0381IbnMuqriIsbahani.Rukhsa.JK000026-ara1 | 0381IbnMuqriIsbahani.Rukhsa.Shamela0013021-ara1 | 0381IbnMuqriIsbahani.Rukhsa.Shia002074-ara1,3
openiti:0381IbnWarraq.CilalNahw,0381IbnWarraq.CilalNahw,Multiple OpenITI digital versions of one work,0381IbnWarraq.CilalNahw.JK009173-ara1 | 0381IbnWarraq.CilalNahw.Shamela0007003-ara1,2
openiti:0382IbnCabdAllahCaskari.AkhbarMusahhifin,0382IbnCabdAllahCaskari.AkhbarMusahhifin,Multiple OpenITI digital versions of one work,0382IbnCabdAllahCaskari.AkhbarMusahhifin.JK000722-ara1 | 0382IbnCabdAllahCaskari.AkhbarMusahhifin.ShamAY0034669-ara2 | 0382IbnCabdAllahCaskari.AkhbarMusahhifin.Shamela0006722-ara1 | 0382IbnCabdAllahCaskari.AkhbarMusahhifin.Shia002076-ara1,4
openiti:0382IbnCabdAllahCaskari.MasunFiAdab,0382IbnCabdAllahCaskari.MasunFiAdab,Multiple OpenITI digital versions of one work,0382IbnCabdAllahCaskari.MasunFiAdab.JK010726-ara1 | 0382IbnCabdAllahCaskari.MasunFiAdab.Shamela0005502-ara1,2
openiti:0382IbnCabdAllahCaskari.TashifatMuhaddithin,0382IbnCabdAllahCaskari.TashifatMuhaddithin,Multiple OpenITI digital versions of one work,0382IbnCabdAllahCaskari.TashifatMuhaddithin.JK000777-ara1 | 0382IbnCabdAllahCaskari.TashifatMuhaddithin.Shamela0002449-ara1 | 0382IbnCabdAllahCaskari.TashifatMuhaddithin.Shia002077Vols-ara1,3
openiti:0383IbnHayawayhKhazzaz.Mashyakha,0383IbnHayawayhKhazzaz.Mashyakha,Multiple OpenITI digital versions of one work,0383IbnHayawayhKhazzaz.Mashyakha.Shamela0029954-ara1 | 0383IbnHayawayhKhazzaz.Mashyakha.Shamela0029957-ara1 | 0383IbnHayawayhKhazzaz.Mashyakha.Shamela0029958-ara1,3
openiti:0384AbuHasanRummani.MacaniHuruf,0384AbuHasanRummani.MacaniHuruf,Multiple OpenITI digital versions of one work,0384AbuHasanRummani.MacaniHuruf.JK001218-ara1 | 0384AbuHasanRummani.MacaniHuruf.Shamela0005353-ara2 | 0384AbuHasanRummani.MacaniHuruf.Shamela0006997-ara1,3
openiti:0384AbuHasanRummani.RisalatHudud,0384AbuHasanRummani.RisalatHudud,Multiple OpenITI digital versions of one work,0384AbuHasanRummani.RisalatHudud.JK006988-ara1 | 0384AbuHasanRummani.RisalatHudud.Shamela0006981-ara1,2
openiti:0384IbnCimranMarzubani.MucjamShucara,0384IbnCimranMarzubani.MucjamShucara,Multiple OpenITI digital versions of one work,0384IbnCimranMarzubani.MucjamShucara.JK010275-ara1 | 0384IbnCimranMarzubani.MucjamShucara.Shamela0026552-ara1,2
openiti:0384MuhassinTanukhi.FarajBacdaShidda,0384MuhassinTanukhi.FarajBacdaShidda,Multiple OpenITI digital versions of one work,0384MuhassinTanukhi.FarajBacdaShidda.Shamela0012828-ara1 | 0384MuhassinTanukhi.FarajBacdaShidda.Shia001282Vols-ara1,2
openiti:0384MuhassinTanukhi.Mustajad,0384MuhassinTanukhi.Mustajad,Multiple OpenITI digital versions of one work,0384MuhassinTanukhi.Mustajad.JK010768-ara1 | 0384MuhassinTanukhi.Mustajad.Shamela0000768-ara1,2
openiti:0384MuhassinTanukhi.NishwarMuhadara,0384MuhassinTanukhi.NishwarMuhadara,Multiple OpenITI digital versions of one work,0384MuhassinTanukhi.NishwarMuhadara.JK009297-ara1 | 0384MuhassinTanukhi.NishwarMuhadara.Masaha002964VolsBK1-ara1 | 0384MuhassinTanukhi.NishwarMuhadara.ShamAY0033773-ara1 | 0384MuhassinTanukhi.NishwarMuhadara.Shamela0010275BK1-ara1,4
openiti:0385Daraqutni.Afrad,0385Daraqutni.Afrad,Multiple OpenITI digital versions of one work,0385Daraqutni.Afrad.ShamAY0033996-ara2 | 0385Daraqutni.Afrad.ShamAY0038051-ara2 | 0385Daraqutni.Afrad.Shamela0030609-ara1,3
openiti:0385Daraqutni.AhadithAllatiKhulifaFihaMalikIbnAnas,0385Daraqutni.AhadithAllatiKhulifaFihaMalikIbnAnas,Multiple OpenITI digital versions of one work,0385Daraqutni.AhadithAllatiKhulifaFihaMalikIbnAnas.JK000928-ara1 | 0385Daraqutni.AhadithAllatiKhulifaFihaMalikIbnAnas.Shamela0005651-ara1,2
openiti:0385Daraqutni.AhadithMuwatta,0385Daraqutni.AhadithMuwatta,Multiple OpenITI digital versions of one work,0385Daraqutni.AhadithMuwatta.JK009399-ara1 | 0385Daraqutni.AhadithMuwatta.Shamela0001518-ara1,2
openiti:0385Daraqutni.CilalWarida,0385Daraqutni.CilalWarida,Multiple OpenITI digital versions of one work,0385Daraqutni.CilalWarida.JK000522-ara1 | 0385Daraqutni.CilalWarida.ShamAY0034171-ara3 | 0385Daraqutni.CilalWarida.ShamAY0034177-ara2 | 0385Daraqutni.CilalWarida.ShamAY0035209-ara4 | 0385Daraqutni.CilalWarida.Shamela0009082-ara1 | 0385Daraqutni.CilalWarida.Shia003117Vols-ara1,6
openiti:0385Daraqutni.DhikrAsmaTabicin,0385Daraqutni.DhikrAsmaTabicin,Multiple OpenITI digital versions of one work,0385Daraqutni.DhikrAsmaTabicin.JK001323-ara1 | 0385Daraqutni.DhikrAsmaTabicin.Shamela0005881-ara1,2
openiti:0385Daraqutni.Ducafa,0385Daraqutni.Ducafa,Multiple OpenITI digital versions of one work,0385Daraqutni.Ducafa.ShamAY0034651-ara2 | 0385Daraqutni.Ducafa.Shamela0010802-ara1,2
openiti:0385Daraqutni.FadailSahaba,0385Daraqutni.FadailSahaba,Multiple OpenITI digital versions of one work,0385Daraqutni.FadailSahaba.JK011562-ara1 | 0385Daraqutni.FadailSahaba.Shamela0008238-ara1,2
openiti:0385Daraqutni.FawaidMuntaqatDhuhli,0385Daraqutni.FawaidMuntaqatDhuhli,Multiple OpenITI digital versions of one work,0385Daraqutni.FawaidMuntaqatDhuhli.JK000652-ara1 | 0385Daraqutni.FawaidMuntaqatDhuhli.Shamela0013097-ara1,2
openiti:0385Daraqutni.Nuzul,0385Daraqutni.Nuzul,Multiple OpenITI digital versions of one work,0385Daraqutni.Nuzul.JK011444-ara2 | 0385Daraqutni.Nuzul.Shamela0013074-ara1,2
openiti:0385Daraqutni.Ruyat,0385Daraqutni.Ruyat,Multiple OpenITI digital versions of one work,0385Daraqutni.Ruyat.JK000604-ara1 | 0385Daraqutni.Ruyat.Shamela0021794-ara1,2
openiti:0385Daraqutni.Sifat,0385Daraqutni.Sifat,Multiple OpenITI digital versions of one work,0385Daraqutni.Sifat.JK000329-ara1 | 0385Daraqutni.Sifat.Shamela0011331-ara2 | 0385Daraqutni.Sifat.Shamela0013038-ara1,3
openiti:0385Daraqutni.SualatHamza,0385Daraqutni.SualatHamza,Multiple OpenITI digital versions of one work,0385Daraqutni.SualatHamza.JK000529-ara1 | 0385Daraqutni.SualatHamza.Shia002082-ara1,2
openiti:0385Daraqutni.SualatNaysaburi,0385Daraqutni.SualatNaysaburi,Multiple OpenITI digital versions of one work,0385Daraqutni.SualatNaysaburi.JK000527-ara1 | 0385Daraqutni.SualatNaysaburi.Shamela0005950-ara1 | 0385Daraqutni.SualatNaysaburi.Shia002081-ara1,3
openiti:0385Daraqutni.Sunan,0385Daraqutni.Sunan,Multiple OpenITI digital versions of one work,0385Daraqutni.Sunan.JK000477-ara1 | 0385Daraqutni.Sunan.ShamAY0033927-ara1 | 0385Daraqutni.Sunan.Shamela0009771-ara1 | 0385Daraqutni.Sunan.Shia002083Vols-ara1,4
openiti:0385IbnNadim.Fihrist,0385IbnNadim.Fihrist,Multiple OpenITI digital versions of one work,0385IbnNadim.Fihrist.GRAR000030-ara2 | 0385IbnNadim.Fihrist.JK000557-ara3 | 0385IbnNadim.Fihrist.Shamela0007642-ara3 | 0385IbnNadim.Fihrist.Shia003355-ara1,4
openiti:0385IbnShahin.DhikrManIkhtalafaCulama,0385IbnShahin.DhikrManIkhtalafaCulama,Multiple OpenITI digital versions of one work,0385IbnShahin.DhikrManIkhtalafaCulama.JK000965-ara1 | 0385IbnShahin.DhikrManIkhtalafaCulama.ShamAY0034153-ara2 | 0385IbnShahin.DhikrManIkhtalafaCulama.Shamela0005800-ara1 | 0385IbnShahin.DhikrManIkhtalafaCulama.Shamela0008542-ara1,4
openiti:0385IbnShahin.FadailFatima,0385IbnShahin.FadailFatima,Multiple OpenITI digital versions of one work,0385IbnShahin.FadailFatima.JK000579-ara1 | 0385IbnShahin.FadailFatima.ShamAY0033622-ara1 | 0385IbnShahin.FadailFatima.Shamela0009434-ara1 | 0385IbnShahin.FadailFatima.Shamela0009449-ara1 | 0385IbnShahin.FadailFatima.Shia002087-ara1,5
openiti:0385IbnShahin.JuzHadith,0385IbnShahin.JuzHadith,Multiple OpenITI digital versions of one work,0385IbnShahin.JuzHadith.JK011503-ara1 | 0385IbnShahin.JuzHadith.Shamela0008226-ara1 | 0385IbnShahin.JuzHadith.Shamela0026517-ara1,3
openiti:0385IbnShahin.NasikhHadithWaMansukhuh,0385IbnShahin.NasikhHadithWaMansukhuh,Multiple OpenITI digital versions of one work,0385IbnShahin.NasikhHadithWaMansukhuh.JK000424-ara1 | 0385IbnShahin.NasikhHadithWaMansukhuh.Shamela0013184-ara1 | 0385IbnShahin.NasikhHadithWaMansukhuh.Shia002088-ara1,3
openiti:0385IbnShahin.SharhMadhahib,0385IbnShahin.SharhMadhahib,Multiple OpenITI digital versions of one work,0385IbnShahin.SharhMadhahib.JK001143-ara1 | 0385IbnShahin.SharhMadhahib.JK009188-ara1 | 0385IbnShahin.SharhMadhahib.ShamAY0033856-ara1 | 0385IbnShahin.SharhMadhahib.Shamela0013124-ara1,4
openiti:0385IbnShahin.TarghibFiFadailAcmal,0385IbnShahin.TarghibFiFadailAcmal,Multiple OpenITI digital versions of one work,0385IbnShahin.TarghibFiFadailAcmal.ShamAY0034002-ara2 | 0385IbnShahin.TarghibFiFadailAcmal.Shamela0008209-ara1,2
openiti:0385IbnShahin.TarikhAsmaDucafa,0385IbnShahin.TarikhAsmaDucafa,Multiple OpenITI digital versions of one work,0385IbnShahin.TarikhAsmaDucafa.ShamAY0034152-ara2 | 0385IbnShahin.TarikhAsmaDucafa.Shamela0011083-ara1,2
openiti:0385IbnShahin.TarikhAsmaThiqat,0385IbnShahin.TarikhAsmaThiqat,Multiple OpenITI digital versions of one work,0385IbnShahin.TarikhAsmaThiqat.JK000511-ara1 | 0385IbnShahin.TarikhAsmaThiqat.ShamAY0034151-ara2 | 0385IbnShahin.TarikhAsmaThiqat.Shamela0005818-ara1 | 0385IbnShahin.TarikhAsmaThiqat.Shia003116-ara1,4
openiti:0385SahibIbnCabbadTalqani.AmthalSaira,0385SahibIbnCabbadTalqani.AmthalSaira,Multiple OpenITI digital versions of one work,0385SahibIbnCabbadTalqani.AmthalSaira.ShamAY0034477-ara2 | 0385SahibIbnCabbadTalqani.AmthalSaira.Shamela0037460-ara1,2
openiti:0385SahibIbnCabbadTalqani.MuhitFiLugha,0385SahibIbnCabbadTalqani.MuhitFiLugha,Multiple OpenITI digital versions of one work,0385SahibIbnCabbadTalqani.MuhitFiLugha.JK009326-ara1 | 0385SahibIbnCabbadTalqani.MuhitFiLugha.Masaha003503Vols-ara1 | 0385SahibIbnCabbadTalqani.MuhitFiLugha.ShamAY0034686-ara1 | 0385SahibIbnCabbadTalqani.MuhitFiLugha.Shamela0000083-ara1,4
openiti:0385WaWaDimashqi.Diwan,0385WaWaDimashqi.Diwan,Multiple OpenITI digital versions of one work,0385WaWaDimashqi.Diwan.JK007611-ara1 | 0385WaWaDimashqi.Diwan.ShamAY0037832-ara1,2
openiti:0386AbuTalibMakki.QutQulub,0386AbuTalibMakki.QutQulub,Multiple OpenITI digital versions of one work,0386AbuTalibMakki.QutQulub.JK009298-ara1 | 0386AbuTalibMakki.QutQulub.Shamela0000482-ara1,2
openiti:0386IbnAbiZaydQayrawani.Risala,0386IbnAbiZaydQayrawani.Risala,Multiple OpenITI digital versions of one work,0386IbnAbiZaydQayrawani.Risala.JK000171-ara1 | 0386IbnAbiZaydQayrawani.Risala.Shamela0011373-ara1 | 0386IbnAbiZaydQayrawani.Risala.Shamela0097806-ara1 | 0386IbnAbiZaydQayrawani.Risala.Shia000903-ara1,4
openiti:0386IbnCumarHarbi.Fawaid,0386IbnCumarHarbi.Fawaid,Multiple OpenITI digital versions of one work,0386IbnCumarHarbi.Fawaid.ShamAY0032911-ara1 | 0386IbnCumarHarbi.Fawaid.Shamela0029979-ara1,2
openiti:0386IbnCumarHarbi.FawaidMuntaqa,0386IbnCumarHarbi.FawaidMuntaqa,Multiple OpenITI digital versions of one work,0386IbnCumarHarbi.FawaidMuntaqa.JK011404-ara1 | 0386IbnCumarHarbi.FawaidMuntaqa.Shamela0001360-ara1,2
openiti:0386IbnCumarHarbi.Hadith,0386IbnCumarHarbi.Hadith,Multiple OpenITI digital versions of one work,0386IbnCumarHarbi.Hadith.ShamAY0032931-ara1 | 0386IbnCumarHarbi.Hadith.ShamAY0032958-ara1 | 0386IbnCumarHarbi.Hadith.Shamela0029732-ara1,3
openiti:0386IbnCumarHarbi.Harbiyyat,0386IbnCumarHarbi.Harbiyyat,Multiple OpenITI digital versions of one work,0386IbnCumarHarbi.Harbiyyat.ShamAY0032748-ara1 | 0386IbnCumarHarbi.Harbiyyat.ShamAY0038082-ara1 | 0386IbnCumarHarbi.Harbiyyat.Shamela0010494-ara1,3
openiti:0386IbnHasnunMuqri.LughatFiQuran,0386IbnHasnunMuqri.LughatFiQuran,Multiple OpenITI digital versions of one work,0386IbnHasnunMuqri.LughatFiQuran.JK009253-ara1 | 0386IbnHasnunMuqri.LughatFiQuran.Shamela0009598-ara1,2
openiti:0387IbnBattaCukbari.IbanaCanSharica,0387IbnBattaCukbari.IbanaCanSharica,Multiple OpenITI digital versions of one work,0387IbnBattaCukbari.IbanaCanSharica.JK001487-ara1 | 0387IbnBattaCukbari.IbanaCanSharica.ShamAY0033871-ara2 | 0387IbnBattaCukbari.IbanaCanSharica.ShamAY0035405-ara3,3
openiti:0387IbnBattaCukbari.IbtalHiyal,0387IbnBattaCukbari.IbtalHiyal,Multiple OpenITI digital versions of one work,0387IbnBattaCukbari.IbtalHiyal.JK000181-ara1 | 0387IbnBattaCukbari.IbtalHiyal.Shamela0008257-ara1,2
openiti:0387IbnBattaCukbari.SabcunaFiJihad,0387IbnBattaCukbari.SabcunaFiJihad,Multiple OpenITI digital versions of one work,0387IbnBattaCukbari.SabcunaFiJihad.JK010195-ara1 | 0387IbnBattaCukbari.SabcunaFiJihad.Shamela0001582-ara1,2
openiti:0387KatibKhwarizmi.MafatihCulum,0387KatibKhwarizmi.MafatihCulum,Multiple OpenITI digital versions of one work,0387KatibKhwarizmi.MafatihCulum.JK001148-ara1 | 0387KatibKhwarizmi.MafatihCulum.Shamela0012077-ara1,2
openiti:0388AbuSulaymanKhattabi.Cuzla,0388AbuSulaymanKhattabi.Cuzla,Multiple OpenITI digital versions of one work,0388AbuSulaymanKhattabi.Cuzla.JK001213-ara1 | 0388AbuSulaymanKhattabi.Cuzla.Shamela0013042-ara1,2
openiti:0388AbuSulaymanKhattabi.GharibHadith,0388AbuSulaymanKhattabi.GharibHadith,Multiple OpenITI digital versions of one work,0388AbuSulaymanKhattabi.GharibHadith.JK000239-ara1 | 0388AbuSulaymanKhattabi.GharibHadith.ShamAY0032379-ara2 | 0388AbuSulaymanKhattabi.GharibHadith.Shamela0012042-ara1,3
openiti:0388AbuSulaymanKhattabi.GhunyaCanKalam,0388AbuSulaymanKhattabi.GhunyaCanKalam,Multiple OpenITI digital versions of one work,0388AbuSulaymanKhattabi.GhunyaCanKalam.JK000361-ara1 | 0388AbuSulaymanKhattabi.GhunyaCanKalam.ShamAY0033606-ara1,2
openiti:0388AbuSulaymanKhattabi.IslahGhalatMuhaddithin,0388AbuSulaymanKhattabi.IslahGhalatMuhaddithin,Multiple OpenITI digital versions of one work,0388AbuSulaymanKhattabi.IslahGhalatMuhaddithin.JK006918-ara1 | 0388AbuSulaymanKhattabi.IslahGhalatMuhaddithin.Shamela0006923-ara1 | 0388AbuSulaymanKhattabi.IslahGhalatMuhaddithin.Shia002089-ara1,3
openiti:0388IbnBukayrSayrafi.FadailTasmiyya,0388IbnBukayrSayrafi.FadailTasmiyya,Multiple OpenITI digital versions of one work,0388IbnBukayrSayrafi.FadailTasmiyya.JK000569-ara1 | 0388IbnBukayrSayrafi.FadailTasmiyya.Shamela0013135-ara1 | 0388IbnBukayrSayrafi.FadailTasmiyya.Shia002090-ara1,3
openiti:0388IbnHasanHatimi.RisalaWadiha,0388IbnHasanHatimi.RisalaWadiha,Multiple OpenITI digital versions of one work,0388IbnHasanHatimi.RisalaWadiha.JK010777-ara1 | 0388IbnHasanHatimi.RisalaWadiha.Shamela0000777-ara1,2
openiti:0388Shabushti.Diyarat,0388Shabushti.Diyarat,Multiple OpenITI digital versions of one work,0388Shabushti.Diyarat.JK010589-ara1 | 0388Shabushti.Diyarat.LAL2023060101-ara2 | 0388Shabushti.Diyarat.Shamela0000589-ara1,3
openiti:0390IbnCabdAllahCaskari.HaththCalaTalabCilm,0390IbnCabdAllahCaskari.HaththCalaTalabCilm,Multiple OpenITI digital versions of one work,0390IbnCabdAllahCaskari.HaththCalaTalabCilm.JK001096-ara1 | 0390IbnCabdAllahCaskari.HaththCalaTalabCilm.Shamela0006861-ara1,2
openiti:0390IbnZakariyaNahrawani.JalisSalih,0390IbnZakariyaNahrawani.JalisSalih,Multiple OpenITI digital versions of one work,0390IbnZakariyaNahrawani.JalisSalih.JK010552-ara1 | 0390IbnZakariyaNahrawani.JalisSalih.Shamela0007301-ara1,2
openiti:0390Muqaddasi.AhsanTaqasim,0390Muqaddasi.AhsanTaqasim,Multiple OpenITI digital versions of one work,0390Muqaddasi.AhsanTaqasim.JK000413-ara2 | 0390Muqaddasi.AhsanTaqasim.MSG20191024-ara1 | 0390Muqaddasi.AhsanTaqasim.MSG20230908-ara1 | 0390Muqaddasi.AhsanTaqasim.Masaha004475-ara1 | 0390Muqaddasi.AhsanTaqasim.ShamAY0033807-ara2 | 0390Muqaddasi.AhsanTaqasim.Shamela0023696-ara1,6
openiti:0392IbnCabdCazizJurjani.Wisata,0392IbnCabdCazizJurjani.Wisata,Multiple OpenITI digital versions of one work,0392IbnCabdCazizJurjani.Wisata.JK010638-ara1 | 0392IbnCabdCazizJurjani.Wisata.Shamela0000489-ara1,2
openiti:0392IbnJinniMawsili.AlfazMahmuza,0392IbnJinniMawsili.AlfazMahmuza,Multiple OpenITI digital versions of one work,0392IbnJinniMawsili.AlfazMahmuza.JK001497-ara1 | 0392IbnJinniMawsili.AlfazMahmuza.Shamela0006979-ara1,2
openiti:0392IbnJinniMawsili.Carud,0392IbnJinniMawsili.Carud,Multiple OpenITI digital versions of one work,0392IbnJinniMawsili.Carud.JK000956-ara1 | 0392IbnJinniMawsili.Carud.Shamela0006917-ara1,2
openiti:0392IbnJinniMawsili.CilalTathniya,0392IbnJinniMawsili.CilalTathniya,Multiple OpenITI digital versions of one work,0392IbnJinniMawsili.CilalTathniya.JK001272-ara1 | 0392IbnJinniMawsili.CilalTathniya.Shamela0006995-ara1,2
openiti:0392IbnJinniMawsili.CuqudHamz,0392IbnJinniMawsili.CuqudHamz,Multiple OpenITI digital versions of one work,0392IbnJinniMawsili.CuqudHamz.JK006987-ara1 | 0392IbnJinniMawsili.CuqudHamz.Shamela0006994-ara1,2
openiti:0392IbnJinniMawsili.Khasais,0392IbnJinniMawsili.Khasais,Multiple OpenITI digital versions of one work,0392IbnJinniMawsili.Khasais.JK001302-ara1 | 0392IbnJinniMawsili.Khasais.Shamela0009986-ara1,2
openiti:0392IbnJinniMawsili.LumacFiCarabiyya,0392IbnJinniMawsili.LumacFiCarabiyya,Multiple OpenITI digital versions of one work,0392IbnJinniMawsili.LumacFiCarabiyya.JK001134-ara1 | 0392IbnJinniMawsili.LumacFiCarabiyya.Shamela0006987-ara1,2
openiti:0392IbnJinniMawsili.MubhijFiTafsirAsmaShucara,0392IbnJinniMawsili.MubhijFiTafsirAsmaShucara,Multiple OpenITI digital versions of one work,0392IbnJinniMawsili.MubhijFiTafsirAsmaShucara.JK010614-ara1 | 0392IbnJinniMawsili.MubhijFiTafsirAsmaShucara.Shamela0009244-ara1,2
openiti:0392IbnJinniMawsili.SirrSinacatIcrab,0392IbnJinniMawsili.SirrSinacatIcrab,Multiple OpenITI digital versions of one work,0392IbnJinniMawsili.SirrSinacatIcrab.JK001326-ara1 | 0392IbnJinniMawsili.SirrSinacatIcrab.ShamAY0034702-ara1 | 0392IbnJinniMawsili.SirrSinacatIcrab.Shamela0012017-ara1,3
openiti:0392IbnJinniMawsili.TamamFiTafsirAshcarHudhayl,0392IbnJinniMawsili.TamamFiTafsirAshcarHudhayl,Multiple OpenITI digital versions of one work,0392IbnJinniMawsili.TamamFiTafsirAshcarHudhayl.JK010668-ara1 | 0392IbnJinniMawsili.TamamFiTafsirAshcarHudhayl.ShamAY0031951-ara1 | 0392IbnJinniMawsili.TamamFiTafsirAshcarHudhayl.Shamela0000668-ara1,3
openiti:0393AbuTahirMukhallis.SabcatMajalis,0393AbuTahirMukhallis.SabcatMajalis,Multiple OpenITI digital versions of one work,0393AbuTahirMukhallis.SabcatMajalis.Shamela0008233-ara1 | 0393AbuTahirMukhallis.SabcatMajalis.Shamela0009107BK5-ara1,2
openiti:0393IbnHammadJawhari.SihahTajLugha,0393IbnHammadJawhari.SihahTajLugha,Multiple OpenITI digital versions of one work,0393IbnHammadJawhari.SihahTajLugha.Masaha000955Vols-ara1 | 0393IbnHammadJawhari.SihahTajLugha.Shamela0023235-ara1 | 0393IbnHammadJawhari.SihahTajLugha.Shia003906Vols-ara1,3
openiti:0393IbnWakicTinnisi.MunsifLiSariq,0393IbnWakicTinnisi.MunsifLiSariq,Multiple OpenITI digital versions of one work,0393IbnWakicTinnisi.MunsifLiSariq.JK010776-ara1 | 0393IbnWakicTinnisi.MunsifLiSariq.Shamela0031373-ara1,2
openiti:0395AbuHilalCaskari.Awail,0395AbuHilalCaskari.Awail,Multiple OpenITI digital versions of one work,0395AbuHilalCaskari.Awail.JK010370-ara1 | 0395AbuHilalCaskari.Awail.Shamela0010529-ara1,2
openiti:0395AbuHilalCaskari.DiwanMacani,0395AbuHilalCaskari.DiwanMacani,Multiple OpenITI digital versions of one work,0395AbuHilalCaskari.DiwanMacani.JK006921-ara1 | 0395AbuHilalCaskari.DiwanMacani.Shamela0006909-ara1,2
openiti:0395AbuHilalCaskari.FuruqLughawiyya,0395AbuHilalCaskari.FuruqLughawiyya,Multiple OpenITI digital versions of one work,0395AbuHilalCaskari.FuruqLughawiyya.JK006960-ara1 | 0395AbuHilalCaskari.FuruqLughawiyya.Masaha004742-ara1 | 0395AbuHilalCaskari.FuruqLughawiyya.Shamela0001736-ara1 | 0395AbuHilalCaskari.FuruqLughawiyya.Shamela0010414-ara1 | 0395AbuHilalCaskari.FuruqLughawiyya.Shia003912-ara1,5
openiti:0395AbuHilalCaskari.JamharatAmthal,0395AbuHilalCaskari.JamharatAmthal,Multiple OpenITI digital versions of one work,0395AbuHilalCaskari.JamharatAmthal.JK000972-ara1 | 0395AbuHilalCaskari.JamharatAmthal.JK010560-ara1 | 0395AbuHilalCaskari.JamharatAmthal.Shamela0006897-ara1,3
openiti:0395AbuHilalCaskari.Sinacatayn,0395AbuHilalCaskari.Sinacatayn,Multiple OpenITI digital versions of one work,0395AbuHilalCaskari.Sinacatayn.JK006910-ara1 | 0395AbuHilalCaskari.Sinacatayn.Shamela0023787-ara1,2
openiti:0395IbnFarisQazwini.Ittibac,0395IbnFarisQazwini.Ittibac,Multiple OpenITI digital versions of one work,0395IbnFarisQazwini.Ittibac.JK009165-ara1 | 0395IbnFarisQazwini.Ittibac.Shamela0006933-ara1,2
openiti:0395IbnFarisQazwini.MucjamMaqayis,0395IbnFarisQazwini.MucjamMaqayis,Multiple OpenITI digital versions of one work,0395IbnFarisQazwini.MucjamMaqayis.JK008008-ara1 | 0395IbnFarisQazwini.MucjamMaqayis.Masaha003703Vols-ara1 | 0395IbnFarisQazwini.MucjamMaqayis.Shamela0021710-ara1 | 0395IbnFarisQazwini.MucjamMaqayis.Shia003913Vols-ara1,4
openiti:0395IbnFarisQazwini.Sahibi,0395IbnFarisQazwini.Sahibi,Multiple OpenITI digital versions of one work,0395IbnFarisQazwini.Sahibi.JK010092-ara1 | 0395IbnFarisQazwini.Sahibi.Shamela0009977-ara1,2
openiti:0395IbnMandaMuhammad.Amali,0395IbnMandaMuhammad.Amali,Multiple OpenITI digital versions of one work,0395IbnMandaMuhammad.Amali.Shamela0021663-ara1 | 0395IbnMandaMuhammad.Amali.Shamela0029737-ara1 | 0395IbnMandaMuhammad.Amali.Shamela0030769-ara1,3
openiti:0395IbnMandaMuhammad.FathBab,0395IbnMandaMuhammad.FathBab,Multiple OpenITI digital versions of one work,0395IbnMandaMuhammad.FathBab.JK007024-ara1 | 0395IbnMandaMuhammad.FathBab.Shamela0005813-ara1,2
openiti:0395IbnMandaMuhammad.Fawaid,0395IbnMandaMuhammad.Fawaid,Multiple OpenITI digital versions of one work,0395IbnMandaMuhammad.Fawaid.JK000587-ara1 | 0395IbnMandaMuhammad.Fawaid.Shamela0009347-ara1,2
openiti:0395IbnMandaMuhammad.Iman,0395IbnMandaMuhammad.Iman,Multiple OpenITI digital versions of one work,0395IbnMandaMuhammad.Iman.JK000384-ara1 | 0395IbnMandaMuhammad.Iman.Shamela0013005-ara1,2
openiti:0395IbnMandaMuhammad.MusnadIbnAdham,0395IbnMandaMuhammad.MusnadIbnAdham,Multiple OpenITI digital versions of one work,0395IbnMandaMuhammad.MusnadIbnAdham.JK000570-ara1 | 0395IbnMandaMuhammad.MusnadIbnAdham.Shamela0013153-ara1 | 0395IbnMandaMuhammad.MusnadIbnAdham.Shia002091-ara1,3
openiti:0395IbnMandaMuhammad.RaddCalaJahmiyya,0395IbnMandaMuhammad.RaddCalaJahmiyya,Multiple OpenITI digital versions of one work,0395IbnMandaMuhammad.RaddCalaJahmiyya.JK000248-ara1 | 0395IbnMandaMuhammad.RaddCalaJahmiyya.Shamela0003976-ara1 | 0395IbnMandaMuhammad.RaddCalaJahmiyya.Shamela0013022-ara1,3
openiti:0395IbnMandaMuhammad.RisalaFiFadlAkhbar,0395IbnMandaMuhammad.RisalaFiFadlAkhbar,Multiple OpenITI digital versions of one work,0395IbnMandaMuhammad.RisalaFiFadlAkhbar.JK000714-ara1 | 0395IbnMandaMuhammad.RisalaFiFadlAkhbar.Shamela0006015-ara1,2
openiti:0395IbnMandaMuhammad.Tawhid,0395IbnMandaMuhammad.Tawhid,Multiple OpenITI digital versions of one work,0395IbnMandaMuhammad.Tawhid.JK011329-ara1 | 0395IbnMandaMuhammad.Tawhid.Shamela0008210-ara1,2
openiti:0398AbuNasrKalabadhi.HidayaWaIrshad,0398AbuNasrKalabadhi.HidayaWaIrshad,Multiple OpenITI digital versions of one work,0398AbuNasrKalabadhi.HidayaWaIrshad.JK000689-ara1 | 0398AbuNasrKalabadhi.HidayaWaIrshad.Shamela0010902-ara1,2
openiti:0398BadicZamanHamadhani.Diwan,0398BadicZamanHamadhani.Diwan,Multiple OpenITI digital versions of one work,0398BadicZamanHamadhani.Diwan.JK007612-ara1 | 0398BadicZamanHamadhani.Diwan.ShamAY0037929-ara1,2
openiti:0398BadicZamanHamadhani.Maqamat,0398BadicZamanHamadhani.Maqamat,Multiple OpenITI digital versions of one work,0398BadicZamanHamadhani.Maqamat.JK009269-ara1 | 0398BadicZamanHamadhani.Maqamat.ShamAY0033792-ara1 | 0398BadicZamanHamadhani.Maqamat.Shamela0028113-ara1,3
openiti:0398IbnHarunDabbi.Amali,0398IbnHarunDabbi.Amali,Multiple OpenITI digital versions of one work,0398IbnHarunDabbi.Amali.ShamAY0032899-ara1 | 0398IbnHarunDabbi.Amali.ShamAY0032900-ara1,2
openiti:0399IbnAbiZamanaynIlbiri.RiyadJanna,0399IbnAbiZamanaynIlbiri.RiyadJanna,Multiple OpenITI digital versions of one work,0399IbnAbiZamanaynIlbiri.RiyadJanna.JK009194-ara1 | 0399IbnAbiZamanaynIlbiri.RiyadJanna.Shamela0009698-ara1,2
openiti:0399IbnAbiZamanaynIlbiri.Tafsir,0399IbnAbiZamanaynIlbiri.Tafsir,Multiple OpenITI digital versions of one work,0399IbnAbiZamanaynIlbiri.Tafsir.JK007095-ara1 | 0399IbnAbiZamanaynIlbiri.Tafsir.Shamela0002154-ara1 | 0399IbnAbiZamanaynIlbiri.Tafsir.Shia002520Vols-ara1 | 0399IbnAbiZamanaynIlbiri.Tafsir.Tafsir02104-ara1,4
openiti:0400AbuMajdalus.SharhAmana,0400AbuMajdalus.SharhAmana,Multiple OpenITI digital versions of one work,0400AbuMajdalus.SharhAmana.Tertullian002-ara1 | 0400AbuMajdalus.SharhAmana.Tertullian004-ara1,2
openiti:0400IbnCamashliqJacfari.JuzIbnCamashliq,0400IbnCamashliqJacfari.JuzIbnCamashliq,Multiple OpenITI digital versions of one work,0400IbnCamashliqJacfari.JuzIbnCamashliq.JK000589-ara1 | 0400IbnCamashliqJacfari.JuzIbnCamashliq.Shamela0005660-ara1 | 0400IbnCamashliqJacfari.JuzIbnCamashliq.Shia002092-ara1,3
openiti:0400IbnHusaynYamani.MudahatAmthal,0400IbnHusaynYamani.MudahatAmthal,Multiple OpenITI digital versions of one work,0400IbnHusaynYamani.MudahatAmthal.JK009361-ara1 | 0400IbnHusaynYamani.MudahatAmthal.Shamela0000674-ara1,2
openiti:0400IbnJarirTabariSaghir.Mustarshid,0400IbnJarirTabariSaghir.Mustarshid,Multiple OpenITI digital versions of one work,0400IbnJarirTabariSaghir.Mustarshid.Masaha002862-ara1 | 0400IbnJarirTabariSaghir.Mustarshid.Shia001285-ara1,2
openiti:0400IbnJarirTabariSaghir.NawadirMucjizat,0400IbnJarirTabariSaghir.NawadirMucjizat,Multiple OpenITI digital versions of one work,0400IbnJarirTabariSaghir.NawadirMucjizat.Masaha003034-ara1 | 0400IbnJarirTabariSaghir.NawadirMucjizat.Shia001287-ara1,2
openiti:0400IbnMuhammadBusti.QasidatCunwanHukm,0400IbnMuhammadBusti.QasidatCunwanHukm,Multiple OpenITI digital versions of one work,0400IbnMuhammadBusti.QasidatCunwanHukm.JK000037-ara1 | 0400IbnMuhammadBusti.QasidatCunwanHukm.Shamela0006873-ara1,2
openiti:0400IbnMuhammadKhazzaz.KifayatAthar,0400IbnMuhammadKhazzaz.KifayatAthar,Multiple OpenITI digital versions of one work,0400IbnMuhammadKhazzaz.KifayatAthar.Masaha002493-ara1 | 0400IbnMuhammadKhazzaz.KifayatAthar.Shia001154-ara1,2
openiti:0400IbnTahirMaqdisi.BadWaTarikh,0400IbnTahirMaqdisi.BadWaTarikh,Multiple OpenITI digital versions of one work,0400IbnTahirMaqdisi.BadWaTarikh.JK001289-ara1 | 0400IbnTahirMaqdisi.BadWaTarikh.Shamela0012318-ara1,2
openiti:0400IshaqMunajjim.AkamMarjan,0400IshaqMunajjim.AkamMarjan,Multiple OpenITI digital versions of one work,0400IshaqMunajjim.AkamMarjan.Masaha004478-ara1 | 0400IshaqMunajjim.AkamMarjan.Shamela0011568-ara1,2
openiti:0401IbnAyyashJawhari.MuqtadabAthar,0401IbnAyyashJawhari.MuqtadabAthar,Multiple OpenITI digital versions of one work,0401IbnAyyashJawhari.MuqtadabAthar.Masaha003308-ara1 | 0401IbnAyyashJawhari.MuqtadabAthar.Shia001289-ara1,2
openiti:0402MuhammadSaydawi.MucjamShuyukh,0402MuhammadSaydawi.MucjamShuyukh,Multiple OpenITI digital versions of one work,0402MuhammadSaydawi.MucjamShuyukh.JK000667-ara1 | 0402MuhammadSaydawi.MucjamShuyukh.Shamela0013177-ara1,2
openiti:0403AbuBakrBaqillani.IcjazQuran,0403AbuBakrBaqillani.IcjazQuran,Multiple OpenITI digital versions of one work,0403AbuBakrBaqillani.IcjazQuran.JK001020-ara1 | 0403AbuBakrBaqillani.IcjazQuran.Rafed0003267-ara1 | 0403AbuBakrBaqillani.IcjazQuran.Shamela0000953-ara1 | 0403AbuBakrBaqillani.IcjazQuran.Shia002525-ara1,4
openiti:0403AbuBakrBaqillani.Insaf,0403AbuBakrBaqillani.Insaf,Multiple OpenITI digital versions of one work,0403AbuBakrBaqillani.Insaf.JK009220-ara1 | 0403AbuBakrBaqillani.Insaf.JK010425-ara1 | 0403AbuBakrBaqillani.Insaf.ShamAY0035407-ara1,3
openiti:0403AbuBakrBaqillani.TamhidAwail,0403AbuBakrBaqillani.TamhidAwail,Multiple OpenITI digital versions of one work,0403AbuBakrBaqillani.TamhidAwail.JK001262-ara1 | 0403AbuBakrBaqillani.TamhidAwail.Shamela0006389-ara1 | 0403AbuBakrBaqillani.TamhidAwail.Shia002526-ara1,3
openiti:0403IbnFaradi.TarikhCulamaAndalus,0403IbnFaradi.TarikhCulamaAndalus,Multiple OpenITI digital versions of one work,0403IbnFaradi.TarikhCulamaAndalus.JK001462-ara1 | 0403IbnFaradi.TarikhCulamaAndalus.Shamela0030743-ara1,2
openiti:0403IbnZanjala.HujjatQiraat,0403IbnZanjala.HujjatQiraat,Multiple OpenITI digital versions of one work,0403IbnZanjala.HujjatQiraat.JK000875-ara1 | 0403IbnZanjala.HujjatQiraat.Shamela0005531-ara1,2
openiti:0405AbuFadlHarawi.MucjamFiMushtabah,0405AbuFadlHarawi.MucjamFiMushtabah,Multiple OpenITI digital versions of one work,0405AbuFadlHarawi.MucjamFiMushtabah.JK000867-ara1 | 0405AbuFadlHarawi.MucjamFiMushtabah.Shamela0005804-ara1,2
openiti:0405CabdKarimNahshaliQayrawani.Mumtic,0405CabdKarimNahshaliQayrawani.Mumtic,Multiple OpenITI digital versions of one work,0405CabdKarimNahshaliQayrawani.Mumtic.Sham19Y0014786-ara1 | 0405CabdKarimNahshaliQayrawani.Mumtic.ShamAY0032088-ara1,2
openiti:0405HakimNaysaburi.MacrifatCulumHadith,0405HakimNaysaburi.MacrifatCulumHadith,Multiple OpenITI digital versions of one work,0405HakimNaysaburi.MacrifatCulumHadith.JK000108-ara1 | 0405HakimNaysaburi.MacrifatCulumHadith.ShamAY0034041-ara1 | 0405HakimNaysaburi.MacrifatCulumHadith.Shamela0013179-ara1 | 0405HakimNaysaburi.MacrifatCulumHadith.Shia002093-ara1,4
openiti:0405HakimNaysaburi.MadkhalIlaIklil,0405HakimNaysaburi.MadkhalIlaIklil,Multiple OpenITI digital versions of one work,0405HakimNaysaburi.MadkhalIlaIklil.JK000804-ara1 | 0405HakimNaysaburi.MadkhalIlaIklil.Shamela0005997-ara1,2
openiti:0405HakimNaysaburi.MadkhalIlaSahih,0405HakimNaysaburi.MadkhalIlaSahih,Multiple OpenITI digital versions of one work,0405HakimNaysaburi.MadkhalIlaSahih.JK000719-ara1 | 0405HakimNaysaburi.MadkhalIlaSahih.ShamAY0034014-ara1 | 0405HakimNaysaburi.MadkhalIlaSahih.Shamela0006027-ara1,3
openiti:0405HakimNaysaburi.Mustadrak,0405HakimNaysaburi.Mustadrak,Multiple OpenITI digital versions of one work,0405HakimNaysaburi.Mustadrak.JK000467-ara1 | 0405HakimNaysaburi.Mustadrak.ShamAY0033941-ara3 | 0405HakimNaysaburi.Mustadrak.ShamAY0033945-ara4 | 0405HakimNaysaburi.Mustadrak.Shamela0002266-ara1 | 0405HakimNaysaburi.Mustadrak.Shia001750Vols-ara1,5
openiti:0405HakimNaysaburi.Sualat,0405HakimNaysaburi.Sualat,Multiple OpenITI digital versions of one work,0405HakimNaysaburi.Sualat.ShamAY0034162-ara1 | 0405HakimNaysaburi.Sualat.ShamAY0034163-ara1 | 0405HakimNaysaburi.Sualat.Shamela0000535-ara1,3
openiti:0405HakimNaysaburi.TasmiyatManAkhrajahum,0405HakimNaysaburi.TasmiyatManAkhrajahum,Multiple OpenITI digital versions of one work,0405HakimNaysaburi.TasmiyatManAkhrajahum.JK000759-ara1 | 0405HakimNaysaburi.TasmiyatManAkhrajahum.Shamela0005853-ara1,2
openiti:0406IbnFurakIsbahani.MushkilHadith,0406IbnFurakIsbahani.MushkilHadith,Multiple OpenITI digital versions of one work,0406IbnFurakIsbahani.MushkilHadith.JK001187-ara1 | 0406IbnFurakIsbahani.MushkilHadith.Shamela0005899-ara1,2
openiti:0406IbnHabibNaysaburi.CuqalaMajanin,0406IbnHabibNaysaburi.CuqalaMajanin,Multiple OpenITI digital versions of one work,0406IbnHabibNaysaburi.CuqalaMajanin.JK010625-ara1 | 0406IbnHabibNaysaburi.CuqalaMajanin.Shamela0001593-ara1,2
openiti:0406SharifRadi.Diwan,0406SharifRadi.Diwan,Multiple OpenITI digital versions of one work,0406SharifRadi.Diwan.JK007608-ara1 | 0406SharifRadi.Diwan.Masaha003399Vols-ara1 | 0406SharifRadi.Diwan.ShamAY0037890-ara1,3
openiti:0406SharifRadi.NahjBalagha,0406SharifRadi.NahjBalagha,Multiple OpenITI digital versions of one work,0406SharifRadi.NahjBalagha.Shia20200618-ara1 | 0406SharifRadi.NahjBalagha.Zaydiyya0000009-ara2 | 0406SharifRadi.NahjBalagha.Zaydiyya0000212-ara3,3
openiti:0409CabdGhaniAzdi.Awham,0409CabdGhaniAzdi.Awham,Multiple OpenITI digital versions of one work,0409CabdGhaniAzdi.Awham.JK000683-ara1 | 0409CabdGhaniAzdi.Awham.Shamela0013004-ara1,2
openiti:0409CabdGhaniAzdi.Mutawarin,0409CabdGhaniAzdi.Mutawarin,Multiple OpenITI digital versions of one work,0409CabdGhaniAzdi.Mutawarin.JK000395-ara1 | 0409CabdGhaniAzdi.Mutawarin.Shamela0001139-ara1 | 0409CabdGhaniAzdi.Mutawarin.Shia003486-ara1,3
openiti:0410CabdWahidTamimi.IctiqadIbnHanbal,0410CabdWahidTamimi.IctiqadIbnHanbal,Multiple OpenITI digital versions of one work,0410CabdWahidTamimi.IctiqadIbnHanbal.JK000200-ara1 | 0410CabdWahidTamimi.IctiqadIbnHanbal.ShamAY0033902-ara1,2
openiti:0410IbnMardawayh.Majalis,0410IbnMardawayh.Majalis,Multiple OpenITI digital versions of one work,0410IbnMardawayh.Majalis.JK000859-ara1 | 0410IbnMardawayh.Majalis.JK011266-ara1 | 0410IbnMardawayh.Majalis.ShamAY0038153-ara1 | 0410IbnMardawayh.Majalis.Shamela0008275-ara1 | 0410IbnMardawayh.Majalis.Shamela0026497-ara1,5
openiti:0410IbnMardawayh.ManaqibCali,0410IbnMardawayh.ManaqibCali,Multiple OpenITI digital versions of one work,0410IbnMardawayh.ManaqibCali.Masaha003294-ara1 | 0410IbnMardawayh.ManaqibCali.Shia003429-ara1,2
openiti:0410IbnSalamaBaghdadi.NasikhWaMansukh,0410IbnSalamaBaghdadi.NasikhWaMansukh,Multiple OpenITI digital versions of one work,0410IbnSalamaBaghdadi.NasikhWaMansukh.JK000444-ara1 | 0410IbnSalamaBaghdadi.NasikhWaMansukh.Shamela0005515-ara1,2
openiti:0411MuayyadAhmad.Tajrid,0411MuayyadAhmad.Tajrid,Multiple OpenITI digital versions of one work,0411MuayyadAhmad.Tajrid.Zaydiyya0000068-ara1 | 0411MuayyadAhmad.Tajrid.Zaydiyya0000267-ara1,2
openiti:0412Sulami.AdabSuhba,0412Sulami.AdabSuhba,Multiple OpenITI digital versions of one work,0412Sulami.AdabSuhba.JK000838-ara1 | 0412Sulami.AdabSuhba.Shamela0012982-ara1,2
openiti:0412Sulami.CuyubNafs,0412Sulami.CuyubNafs,Multiple OpenITI digital versions of one work,0412Sulami.CuyubNafs.JK000833-ara1 | 0412Sulami.CuyubNafs.Shamela0006786-ara1,2
openiti:0412Sulami.DhikrNiswaMutacabbidat,0412Sulami.DhikrNiswaMutacabbidat,Multiple OpenITI digital versions of one work,0412Sulami.DhikrNiswaMutacabbidat.JK001243BK2-ara1 | 0412Sulami.DhikrNiswaMutacabbidat.Shamela0006686BK2-ara1,2
openiti:0412Sulami.Majlis,0412Sulami.Majlis,Multiple OpenITI digital versions of one work,0412Sulami.Majlis.ShamAY0033640-ara1 | 0412Sulami.Majlis.Shamela0030142-ara1,2
openiti:0412Sulami.TabaqatSufiyya,0412Sulami.TabaqatSufiyya,Multiple OpenITI digital versions of one work,0412Sulami.TabaqatSufiyya.JK001243BK1-ara1 | 0412Sulami.TabaqatSufiyya.JK009213-ara1 | 0412Sulami.TabaqatSufiyya.Shamela0006686BK1-ara1,3
openiti:0412Sulami.Tafsir,0412Sulami.Tafsir,Multiple OpenITI digital versions of one work,0412Sulami.Tafsir.JK007094-ara1 | 0412Sulami.Tafsir.ShamAY0034058-ara1 | 0412Sulami.Tafsir.Shia002527Vols-ara1 | 0412Sulami.Tafsir.Tafsir03030-ara1,4
openiti:0412Sulami.Wasiyya,0412Sulami.Wasiyya,Multiple OpenITI digital versions of one work,0412Sulami.Wasiyya.JK008002-ara1 | 0412Sulami.Wasiyya.Shamela0006890-ara1,2
openiti:0413AbuIshaqHusri.JamcJawahir,0413AbuIshaqHusri.JamcJawahir,Multiple OpenITI digital versions of one work,0413AbuIshaqHusri.JamcJawahir.JK010621-ara1 | 0413AbuIshaqHusri.JamcJawahir.Shamela0000621-ara1,2
openiti:0413AbuIshaqHusri.ZahrAdab,0413AbuIshaqHusri.ZahrAdab,Multiple OpenITI digital versions of one work,0413AbuIshaqHusri.ZahrAdab.JK009230-ara1 | 0413AbuIshaqHusri.ZahrAdab.ShamAY0033784-ara1 | 0413AbuIshaqHusri.ZahrAdab.Shamela0010768-ara1,3
openiti:0413ShaykhMufid.AhkamNisa,0413ShaykhMufid.AhkamNisa,Multiple OpenITI digital versions of one work,0413ShaykhMufid.AhkamNisa.Masaha000974-ara1 | 0413ShaykhMufid.AhkamNisa.Shia000005-ara1,2
openiti:0413ShaykhMufid.Ashraf,0413ShaykhMufid.Ashraf,Multiple OpenITI digital versions of one work,0413ShaykhMufid.Ashraf.Masaha000976-ara1 | 0413ShaykhMufid.Ashraf.Shia001296-ara1 | 0413ShaykhMufid.Ashraf.Zaydiyya0000307-ara1,3
openiti:0413ShaykhMufid.AwailMaqalat,0413ShaykhMufid.AwailMaqalat,Multiple OpenITI digital versions of one work,0413ShaykhMufid.AwailMaqalat.Masaha000188-ara1 | 0413ShaykhMufid.AwailMaqalat.Shia001292-ara1 | 0413ShaykhMufid.AwailMaqalat.Zaydiyya0000323-ara1,3
openiti:0413ShaykhMufid.Cawis,0413ShaykhMufid.Cawis,Multiple OpenITI digital versions of one work,0413ShaykhMufid.Cawis.Masaha000981-ara1 | 0413ShaykhMufid.Cawis.Shia000006-ara1,2
openiti:0413ShaykhMufid.FusulCashara,0413ShaykhMufid.FusulCashara,Multiple OpenITI digital versions of one work,0413ShaykhMufid.FusulCashara.Shia001302-ara1 | 0413ShaykhMufid.FusulCashara.Zaydiyya0000318-ara1,2
openiti:0413ShaykhMufid.FusulMukhtara,0413ShaykhMufid.FusulMukhtara,Multiple OpenITI digital versions of one work,0413ShaykhMufid.FusulMukhtara.Shia001303-ara1 | 0413ShaykhMufid.FusulMukhtara.Zaydiyya0000319-ara1,2
openiti:0413ShaykhMufid.Hikayat,0413ShaykhMufid.Hikayat,Multiple OpenITI digital versions of one work,0413ShaykhMufid.Hikayat.Masaha004544-ara1 | 0413ShaykhMufid.Hikayat.Shia001301-ara1 | 0413ShaykhMufid.Hikayat.Zaydiyya0000317-ara1,3
openiti:0413ShaykhMufid.Iclam,0413ShaykhMufid.Iclam,Multiple OpenITI digital versions of one work,0413ShaykhMufid.Iclam.Masaha000977-ara1 | 0413ShaykhMufid.Iclam.Shia001297-ara1 | 0413ShaykhMufid.Iclam.Zaydiyya0000309-ara1,3
openiti:0413ShaykhMufid.Ifsah,0413ShaykhMufid.Ifsah,Multiple OpenITI digital versions of one work,0413ShaykhMufid.Ifsah.Masaha000147-ara1 | 0413ShaykhMufid.Ifsah.Shia001298-ara1 | 0413ShaykhMufid.Ifsah.Zaydiyya0000316-ara1,3
openiti:0413ShaykhMufid.Ikhtisas,0413ShaykhMufid.Ikhtisas,Multiple OpenITI digital versions of one work,0413ShaykhMufid.Ikhtisas.Shia001300-ara1 | 0413ShaykhMufid.Ikhtisas.Zaydiyya0000321-ara1,2
openiti:0413ShaykhMufid.ImanAbiTalib,0413ShaykhMufid.ImanAbiTalib,Multiple OpenITI digital versions of one work,0413ShaykhMufid.ImanAbiTalib.Shia001293-ara1 | 0413ShaykhMufid.ImanAbiTalib.Zaydiyya0000324-ara1,2
openiti:0413ShaykhMufid.Irshad,0413ShaykhMufid.Irshad,Multiple OpenITI digital versions of one work,0413ShaykhMufid.Irshad.Masaha001842Vols-ara1 | 0413ShaykhMufid.Irshad.Shia001294Vols-ara1 | 0413ShaykhMufid.Irshad.Zaydiyya0000306-ara1,3
openiti:0413ShaykhMufid.JawabatAhlMawsil,0413ShaykhMufid.JawabatAhlMawsil,Multiple OpenITI digital versions of one work,0413ShaykhMufid.JawabatAhlMawsil.Masaha000980-ara1 | 0413ShaykhMufid.JawabatAhlMawsil.Shia000012-ara1,2
openiti:0413ShaykhMufid.Kafia,0413ShaykhMufid.Kafia,Multiple OpenITI digital versions of one work,0413ShaykhMufid.Kafia.Masaha004761-ara1 | 0413ShaykhMufid.Kafia.Shia001304-ara1,2
openiti:0413ShaykhMufid.MasailCukbariyya,0413ShaykhMufid.MasailCukbariyya,Multiple OpenITI digital versions of one work,0413ShaykhMufid.MasailCukbariyya.Shia001307-ara1 | 0413ShaykhMufid.MasailCukbariyya.Zaydiyya0000322-ara1,2
openiti:0413ShaykhMufid.MasailJarudiyya,0413ShaykhMufid.MasailJarudiyya,Multiple OpenITI digital versions of one work,0413ShaykhMufid.MasailJarudiyya.Shia001306-ara1 | 0413ShaykhMufid.MasailJarudiyya.Zaydiyya0000305-ara1,2
openiti:0413ShaykhMufid.MasarShica,0413ShaykhMufid.MasarShica,Multiple OpenITI digital versions of one work,0413ShaykhMufid.MasarShica.Shia001324-ara1 | 0413ShaykhMufid.MasarShica.Shia001325-ara1 | 0413ShaykhMufid.MasarShica.Zaydiyya0000326-ara1 | 0413ShaykhMufid.MasarShica.Zaydiyya0000327-ara1,4
openiti:0413ShaykhMufid.MashCalaRijlayn,0413ShaykhMufid.MashCalaRijlayn,Multiple OpenITI digital versions of one work,0413ShaykhMufid.MashCalaRijlayn.Masaha000988-ara1 | 0413ShaykhMufid.MashCalaRijlayn.Shia000010-ara1,2
openiti:0413ShaykhMufid.Mazar,0413ShaykhMufid.Mazar,Multiple OpenITI digital versions of one work,0413ShaykhMufid.Mazar.Masaha000699Vols-ara1 | 0413ShaykhMufid.Mazar.Shia001305-ara1 | 0413ShaykhMufid.Mazar.Zaydiyya0000320-ara1,3
openiti:0413ShaykhMufid.Muqnica,0413ShaykhMufid.Muqnica,Multiple OpenITI digital versions of one work,0413ShaykhMufid.Muqnica.Masaha000989-ara1 | 0413ShaykhMufid.Muqnica.Shia000011-ara1,2
openiti:0413ShaykhMufid.NukatIctiqadiyya,0413ShaykhMufid.NukatIctiqadiyya,Multiple OpenITI digital versions of one work,0413ShaykhMufid.NukatIctiqadiyya.Shia001308-ara1 | 0413ShaykhMufid.NukatIctiqadiyya.Zaydiyya0000308-ara1,2
openiti:0413ShaykhMufid.RisalatMutca,0413ShaykhMufid.RisalatMutca,Multiple OpenITI digital versions of one work,0413ShaykhMufid.RisalatMutca.Masaha000983-ara1 | 0413ShaykhMufid.RisalatMutca.Shia000015-ara1,2
openiti:0413ShaykhMufid.TashihIctiqadat,0413ShaykhMufid.TashihIctiqadat,Multiple OpenITI digital versions of one work,0413ShaykhMufid.TashihIctiqadat.Shia001310-ara1 | 0413ShaykhMufid.TashihIctiqadat.Zaydiyya0000325-ara1,2
openiti:0414AbuHayyanTawhidi.AkhlaqWazirayn,0414AbuHayyanTawhidi.AkhlaqWazirayn,Multiple OpenITI digital versions of one work,0414AbuHayyanTawhidi.AkhlaqWazirayn.JK009310-ara2 | 0414AbuHayyanTawhidi.AkhlaqWazirayn.Shamela0012541-ara1,2
openiti:0414AbuHayyanTawhidi.Basair,0414AbuHayyanTawhidi.Basair,Multiple OpenITI digital versions of one work,0414AbuHayyanTawhidi.Basair.JK009288-ara1 | 0414AbuHayyanTawhidi.Basair.Shamela0026423-ara1,2
openiti:0414AbuHayyanTawhidi.Imtac,0414AbuHayyanTawhidi.Imtac,Multiple OpenITI digital versions of one work,0414AbuHayyanTawhidi.Imtac.JK009314-ara2 | 0414AbuHayyanTawhidi.Imtac.ShamAY0033777-ara2 | 0414AbuHayyanTawhidi.Imtac.Shamela0010521-ara1,3
openiti:0414AbuHayyanTawhidi.Sadaqa,0414AbuHayyanTawhidi.Sadaqa,Multiple OpenITI digital versions of one work,0414AbuHayyanTawhidi.Sadaqa.JK010611-ara1 | 0414AbuHayyanTawhidi.Sadaqa.Shamela0011485-ara1,2
openiti:0414AbuQasimRazi.Fawaid,0414AbuQasimRazi.Fawaid,Multiple OpenITI digital versions of one work,0414AbuQasimRazi.Fawaid.JK000624-ara1 | 0414AbuQasimRazi.Fawaid.Shamela0013147-ara1,2
openiti:0414AbuQasimRazi.MusnadMuqallin,0414AbuQasimRazi.MusnadMuqallin,Multiple OpenITI digital versions of one work,0414AbuQasimRazi.MusnadMuqallin.JK000738-ara1 | 0414AbuQasimRazi.MusnadMuqallin.Shamela0013164-ara1 | 0414AbuQasimRazi.MusnadMuqallin.Shia002095-ara1,3
openiti:0414AbuSacidNaqqash.FawaidCiraqiyyin,0414AbuSacidNaqqash.FawaidCiraqiyyin,Multiple OpenITI digital versions of one work,0414AbuSacidNaqqash.FawaidCiraqiyyin.JK000600-ara1 | 0414AbuSacidNaqqash.FawaidCiraqiyyin.Shamela0013146-ara1 | 0414AbuSacidNaqqash.FawaidCiraqiyyin.Shia002094-ara1,3
openiti:0414AbuSacidNaqqash.FununCajaib,0414AbuSacidNaqqash.FununCajaib,Multiple OpenITI digital versions of one work,0414AbuSacidNaqqash.FununCajaib.JK009216-ara1 | 0414AbuSacidNaqqash.FununCajaib.Shamela0009754-ara1,2
openiti:0414AbuSacidNaqqash.Majalis,0414AbuSacidNaqqash.Majalis,Multiple OpenITI digital versions of one work,0414AbuSacidNaqqash.Majalis.Shamela0021702-ara1 | 0414AbuSacidNaqqash.Majalis.Shamela0029747-ara1,2
openiti:0415CaliIbnBishranUmawi.Amali,0415CaliIbnBishranUmawi.Amali,Multiple OpenITI digital versions of one work,0415CaliIbnBishranUmawi.Amali.ShamAY0038034-ara1 | 0415CaliIbnBishranUmawi.Amali.Shamela0026562-ara1 | 0415CaliIbnBishranUmawi.Amali.Shamela0030399-ara1,3
openiti:0415CaliIbnBishranUmawi.Fawaid,0415CaliIbnBishranUmawi.Fawaid,Multiple OpenITI digital versions of one work,0415CaliIbnBishranUmawi.Fawaid.ShamAY0032879-ara1 | 0415CaliIbnBishranUmawi.Fawaid.Shamela0009383-ara1,2
openiti:0415QadiCabdJabbar.TanzihQuran,0415QadiCabdJabbar.TanzihQuran,Multiple OpenITI digital versions of one work,0415QadiCabdJabbar.TanzihQuran.ShamAY0034106-ara1 | 0415QadiCabdJabbar.TanzihQuran.ShamAY0036757-ara1,2
openiti:0415QadiCabdJabbar.TathbitDalailNubuwwa,0415QadiCabdJabbar.TathbitDalailNubuwwa,Multiple OpenITI digital versions of one work,0415QadiCabdJabbar.TathbitDalailNubuwwa.Masaha001985Vols-ara1 | 0415QadiCabdJabbar.TathbitDalailNubuwwa.Shamela0009789-ara1,2
openiti:0416CaliIbnMuhammadTihami.Diwan,0416CaliIbnMuhammadTihami.Diwan,Multiple OpenITI digital versions of one work,0416CaliIbnMuhammadTihami.Diwan.JK007623-ara1 | 0416CaliIbnMuhammadTihami.Diwan.ShamAY0037899-ara1,2
openiti:0418HibatAllahLalikai.KaramatAwliya,0418HibatAllahLalikai.KaramatAwliya,Multiple OpenITI digital versions of one work,0418HibatAllahLalikai.KaramatAwliya.JK000326-ara1 | 0418HibatAllahLalikai.KaramatAwliya.Shamela0013150-ara1,2
openiti:0418HibatAllahLalikai.SharhUsulIctiqad,0418HibatAllahLalikai.SharhUsulIctiqad,Multiple OpenITI digital versions of one work,0418HibatAllahLalikai.SharhUsulIctiqad.JK000764-ara1 | 0418HibatAllahLalikai.SharhUsulIctiqad.Shamela0009200-ara1,2
openiti:0418WazirMaghribi.AdabKhawass,0418WazirMaghribi.AdabKhawass,Multiple OpenITI digital versions of one work,0418WazirMaghribi.AdabKhawass.JK010667-ara1 | 0418WazirMaghribi.AdabKhawass.Shamela0012392-ara1,2
openiti:0418WazirMaghribi.Inas,0418WazirMaghribi.Inas,Multiple OpenITI digital versions of one work,0418WazirMaghribi.Inas.JK010492-ara1 | 0418WazirMaghribi.Inas.Shamela0000492-ara1,2
openiti:0418WazirMaghribi.Siyasa,0418WazirMaghribi.Siyasa,Multiple OpenITI digital versions of one work,0418WazirMaghribi.Siyasa.JK001314-ara1 | 0418WazirMaghribi.Siyasa.Shamela0007229-ara1,2
openiti:0420IbnHasanTabib.Tashbihat,0420IbnHasanTabib.Tashbihat,Multiple OpenITI digital versions of one work,0420IbnHasanTabib.Tashbihat.JK011024-ara1 | 0420IbnHasanTabib.Tashbihat.Shamela0001024-ara1,2
openiti:0420Musabbihi.AkhbarMisr,0420Musabbihi.AkhbarMisr,Multiple OpenITI digital versions of one work,0420Musabbihi.AkhbarMisr.Kraken210223142004-ara1 | 0420Musabbihi.AkhbarMisr.Kraken210719221409-ara1 | 0420Musabbihi.AkhbarMisr.MAB07012022-ara1,3
openiti:0421AbuSacdAbi.NathrDurr,0421AbuSacdAbi.NathrDurr,Multiple OpenITI digital versions of one work,0421AbuSacdAbi.NathrDurr.JK009302-ara1 | 0421AbuSacdAbi.NathrDurr.Shamela0007853-ara1,2
openiti:0421IbnDarrajQastali.Diwan,0421IbnDarrajQastali.Diwan,Multiple OpenITI digital versions of one work,0421IbnDarrajQastali.Diwan.JK007566-ara1 | 0421IbnDarrajQastali.Diwan.ShamAY0037866-ara1,2
openiti:0421IbnMuhammadMarzuqi.AmaliMarzuqi,0421IbnMuhammadMarzuqi.AmaliMarzuqi,Multiple OpenITI digital versions of one work,0421IbnMuhammadMarzuqi.AmaliMarzuqi.JK010722-ara1 | 0421IbnMuhammadMarzuqi.AmaliMarzuqi.Shamela0000722-ara1,2
openiti:0421IbnMuhammadMarzuqi.AzminaWaAmkina,0421IbnMuhammadMarzuqi.AzminaWaAmkina,Multiple OpenITI digital versions of one work,0421IbnMuhammadMarzuqi.AzminaWaAmkina.JK010461-ara1 | 0421IbnMuhammadMarzuqi.AzminaWaAmkina.Masaha004122-ara1 | 0421IbnMuhammadMarzuqi.AzminaWaAmkina.Shamela0011469-ara1,3
openiti:0421IbnMuhammadMarzuqi.SharhDiwanHamasa,0421IbnMuhammadMarzuqi.SharhDiwanHamasa,Multiple OpenITI digital versions of one work,0421IbnMuhammadMarzuqi.SharhDiwanHamasa.JK010521-ara1 | 0421IbnMuhammadMarzuqi.SharhDiwanHamasa.Shamela0026536-ara1,2
openiti:0421Miskawayh.HawamilWaShawamil,0421Miskawayh.HawamilWaShawamil,Multiple OpenITI digital versions of one work,0421Miskawayh.HawamilWaShawamil.JK009255-ara1 | 0421Miskawayh.HawamilWaShawamil.LAL2019100801-ara2 | 0421Miskawayh.HawamilWaShawamil.Shamela0004135-ara1,3
openiti:0421Miskawayh.TahdhibAkhlaq,0421Miskawayh.TahdhibAkhlaq,Multiple OpenITI digital versions of one work,0421Miskawayh.TahdhibAkhlaq.JK010252-ara1 | 0421Miskawayh.TahdhibAkhlaq.Shamela0012720-ara1,2
openiti:0422QadiCabdWahhabThaclabi.TalqinFiFiqh,0422QadiCabdWahhabThaclabi.TalqinFiFiqh,Multiple OpenITI digital versions of one work,0422QadiCabdWahhabThaclabi.TalqinFiFiqh.JK000120-ara1 | 0422QadiCabdWahhabThaclabi.TalqinFiFiqh.Shamela0007262-ara1,2
openiti:0423AbuQasimHurfi.Fawaid,0423AbuQasimHurfi.Fawaid,Multiple OpenITI digital versions of one work,0423AbuQasimHurfi.Fawaid.Shamela0026533-ara1 | 0423AbuQasimHurfi.Fawaid.Shamela0026584-ara1,2
openiti:0424AbuTalibYahyaHaruni.Tahrir,0424AbuTalibYahyaHaruni.Tahrir,Multiple OpenITI digital versions of one work,0424AbuTalibYahyaHaruni.Tahrir.Zaydiyya0000069-ara1 | 0424AbuTalibYahyaHaruni.Tahrir.Zaydiyya0000232-ara1,2
openiti:0425RaqiqQayrawani.QutbSurur,0425RaqiqQayrawani.QutbSurur,Multiple OpenITI digital versions of one work,0425RaqiqQayrawani.QutbSurur.JK010672-ara1 | 0425RaqiqQayrawani.QutbSurur.Shamela0000672-ara1,2
openiti:0425RaqiqQayrawani.TarikhIfriqiya,0425RaqiqQayrawani.TarikhIfriqiya,Multiple OpenITI digital versions of one work,0425RaqiqQayrawani.TarikhIfriqiya.Masaha004657-ara1 | 0425RaqiqQayrawani.TarikhIfriqiya.Rafed0002215-ara1,2
openiti:0426IbnAhmadIbnShadhan.MashyakhaSughra,0426IbnAhmadIbnShadhan.MashyakhaSughra,Multiple OpenITI digital versions of one work,0426IbnAhmadIbnShadhan.MashyakhaSughra.JK001230-ara1 | 0426IbnAhmadIbnShadhan.MashyakhaSughra.Shamela0005723-ara1,2
openiti:0426IbnMuhammadBarqani.SualatLiDaraqutni,0426IbnMuhammadBarqani.SualatLiDaraqutni,Multiple OpenITI digital versions of one work,0426IbnMuhammadBarqani.SualatLiDaraqutni.JK000506-ara1 | 0426IbnMuhammadBarqani.SualatLiDaraqutni.ShamAY0034158-ara1 | 0426IbnMuhammadBarqani.SualatLiDaraqutni.Shamela0001060-ara2 | 0426IbnMuhammadBarqani.SualatLiDaraqutni.Shamela0011237-ara1 | 0426IbnMuhammadBarqani.SualatLiDaraqutni.Shia002080-ara2,5
openiti:0426IbnShuhaydAshjaci.Diwan,0426IbnShuhaydAshjaci.Diwan,Multiple OpenITI digital versions of one work,0426IbnShuhaydAshjaci.Diwan.JK007570-ara1 | 0426IbnShuhaydAshjaci.Diwan.ShamAY0037873-ara1,2
openiti:0426IbnShuhaydAshjaci.TawabicWaZawabic,0426IbnShuhaydAshjaci.TawabicWaZawabic,Multiple OpenITI digital versions of one work,0426IbnShuhaydAshjaci.TawabicWaZawabic.JK010545-ara1 | 0426IbnShuhaydAshjaci.TawabicWaZawabic.Shamela0012858-ara1,2
openiti:0427AbuIshaqThaclabi.KashfWaBayan,0427AbuIshaqThaclabi.KashfWaBayan,Multiple OpenITI digital versions of one work,0427AbuIshaqThaclabi.KashfWaBayan.JK000449-ara1 | 0427AbuIshaqThaclabi.KashfWaBayan.JK007093-ara1 | 0427AbuIshaqThaclabi.KashfWaBayan.Rafed0001643Vols-ara1 | 0427AbuIshaqThaclabi.KashfWaBayan.Sham19Y0018686-ara1 | 0427AbuIshaqThaclabi.KashfWaBayan.Shamela0023578-ara1 | 0427AbuIshaqThaclabi.KashfWaBayan.Shia002529Vols-ara1 | 0427AbuIshaqThaclabi.KashfWaBayan.Tafsir02075-ara1,7
openiti:0427Sahmi.Sualat,0427Sahmi.Sualat,Multiple OpenITI digital versions of one work,0427Sahmi.Sualat.ShamAY0034166-ara1 | 0427Sahmi.Sualat.Shamela0002491-ara1,2
openiti:0427Sahmi.TarikhJurjan,0427Sahmi.TarikhJurjan,Multiple OpenITI digital versions of one work,0427Sahmi.TarikhJurjan.JK000496BK1-ara1 | 0427Sahmi.TarikhJurjan.Masaha004497BK1-ara1 | 0427Sahmi.TarikhJurjan.Shamela0011077BK1-ara1 | 0427Sahmi.TarikhJurjan.Shia003487BK1-ara1,4
openiti:0428IbnManjuwayhIsbahani.RijalSahihMuslim,0428IbnManjuwayhIsbahani.RijalSahihMuslim,Multiple OpenITI digital versions of one work,0428IbnManjuwayhIsbahani.RijalSahihMuslim.JK000670-ara1 | 0428IbnManjuwayhIsbahani.RijalSahihMuslim.Shamela0005860-ara1,2
openiti:0428IbnSina.IsharatWaTanbihat,0428IbnSina.IsharatWaTanbihat,Multiple OpenITI digital versions of one work,0428IbnSina.IsharatWaTanbihat.JK001037BK1-ara1 | 0428IbnSina.IsharatWaTanbihat.Shamela0006534BK1-ara1,2
openiti:0428IbnSina.QanunFiTibb,0428IbnSina.QanunFiTibb,Multiple OpenITI digital versions of one work,0428IbnSina.QanunFiTibb.ALCorpus00024-ara1 | 0428IbnSina.QanunFiTibb.JK007079-ara1 | 0428IbnSina.QanunFiTibb.Shamela0010706-ara1 | 0428IbnSina.QanunFiTibb.Shia004669Vols-ara1,4
openiti:0428IbnSina.ShifaIlahiyyat,0428IbnSina.ShifaIlahiyyat,Multiple OpenITI digital versions of one work,0428IbnSina.ShifaIlahiyyat.ALCorpus00013-ara1 | 0428IbnSina.ShifaIlahiyyat.MP001-ara1 | 0428IbnSina.ShifaIlahiyyat.Rafed0001128-ara1,3
openiti:0428IbnSina.ShifaMantiq,0428IbnSina.ShifaMantiq,Multiple OpenITI digital versions of one work,0428IbnSina.ShifaMantiq.JK010704-ara1 | 0428IbnSina.ShifaMantiq.ShamAY0035934-ara1,2
openiti:0428IbnSina.ShifaNafs,0428IbnSina.ShifaNafs,Multiple OpenITI digital versions of one work,0428IbnSina.ShifaNafs.ALCorpus00004-ara1 | 0428IbnSina.ShifaNafs.Rafed0000904-ara1,2
openiti:0428IbnSina.ShifaShicr,0428IbnSina.ShifaShicr,Multiple OpenITI digital versions of one work,0428IbnSina.ShifaShicr.GRAR000034-ara1 | 0428IbnSina.ShifaShicr.GRAR000035-ara2,2
openiti:0428IbnSina.ShifaTabiciyyat,0428IbnSina.ShifaTabiciyyat,Multiple OpenITI digital versions of one work,0428IbnSina.ShifaTabiciyyat.PV20230224-ara1 | 0428IbnSina.ShifaTabiciyyat.Rafed0003037Vols-ara1,2
openiti:0428IbnSina.Siyasa,0428IbnSina.Siyasa,Multiple OpenITI digital versions of one work,0428IbnSina.Siyasa.JK001313-ara1 | 0428IbnSina.Siyasa.Shamela0007227-ara1,2
openiti:0428MihyarDaylami.Diwan,0428MihyarDaylami.Diwan,Multiple OpenITI digital versions of one work,0428MihyarDaylami.Diwan.JK007630-ara1 | 0428MihyarDaylami.Diwan.ShamAY0037863-ara1,2
openiti:0429AbuMansurThacalibi.Diwan,0429AbuMansurThacalibi.Diwan,Multiple OpenITI digital versions of one work,0429AbuMansurThacalibi.Diwan.JK007585-ara1 | 0429AbuMansurThacalibi.Diwan.ShamAY0037824-ara1,2
openiti:0429AbuMansurThacalibi.FiqhLugha,0429AbuMansurThacalibi.FiqhLugha,Multiple OpenITI digital versions of one work,0429AbuMansurThacalibi.FiqhLugha.JK010074-ara2 | 0429AbuMansurThacalibi.FiqhLugha.Shamela0011235-ara1,2
openiti:0429AbuMansurThacalibi.IcjazWaIjaz,0429AbuMansurThacalibi.IcjazWaIjaz,Multiple OpenITI digital versions of one work,0429AbuMansurThacalibi.IcjazWaIjaz.JK009260-ara1 | 0429AbuMansurThacalibi.IcjazWaIjaz.ShamAY0033776-ara1 | 0429AbuMansurThacalibi.IcjazWaIjaz.Shamela0023741-ara1,3
openiti:0429AbuMansurThacalibi.KhassKhass,0429AbuMansurThacalibi.KhassKhass,Multiple OpenITI digital versions of one work,0429AbuMansurThacalibi.KhassKhass.JK009322-ara1 | 0429AbuMansurThacalibi.KhassKhass.Shamela0007830-ara1,2
openiti:0429AbuMansurThacalibi.KinayaWaTacrid,0429AbuMansurThacalibi.KinayaWaTacrid,Multiple OpenITI digital versions of one work,0429AbuMansurThacalibi.KinayaWaTacrid.JK010623BK2-ara1 | 0429AbuMansurThacalibi.KinayaWaTacrid.Shamela0000623BK2-ara1,2
openiti:0429AbuMansurThacalibi.LubabAdab,0429AbuMansurThacalibi.LubabAdab,Multiple OpenITI digital versions of one work,0429AbuMansurThacalibi.LubabAdab.JK009320-ara1 | 0429AbuMansurThacalibi.LubabAdab.Shamela0000418-ara1,2
openiti:0429AbuMansurThacalibi.ManGhabaCanhuMutrib,0429AbuMansurThacalibi.ManGhabaCanhuMutrib,Multiple OpenITI digital versions of one work,0429AbuMansurThacalibi.ManGhabaCanhuMutrib.JK010591-ara2 | 0429AbuMansurThacalibi.ManGhabaCanhuMutrib.Shamela0028115-ara1,2
openiti:0429AbuMansurThacalibi.Muntahal,0429AbuMansurThacalibi.Muntahal,Multiple OpenITI digital versions of one work,0429AbuMansurThacalibi.Muntahal.JK010736-ara1 | 0429AbuMansurThacalibi.Muntahal.Shamela0021105-ara1,2
openiti:0429AbuMansurThacalibi.NathrNazm,0429AbuMansurThacalibi.NathrNazm,Multiple OpenITI digital versions of one work,0429AbuMansurThacalibi.NathrNazm.JK010623BK1-ara1 | 0429AbuMansurThacalibi.NathrNazm.Shamela0000623BK1-ara1,2
openiti:0429AbuMansurThacalibi.SihrBalagha,0429AbuMansurThacalibi.SihrBalagha,Multiple OpenITI digital versions of one work,0429AbuMansurThacalibi.SihrBalagha.JK009267-ara1 | 0429AbuMansurThacalibi.SihrBalagha.Shamela0008279-ara1,2
openiti:0429AbuMansurThacalibi.TahsinQabih,0429AbuMansurThacalibi.TahsinQabih,Multiple OpenITI digital versions of one work,0429AbuMansurThacalibi.TahsinQabih.JK009363-ara1 | 0429AbuMansurThacalibi.TahsinQabih.Shamela0006040-ara1,2
openiti:0429AbuMansurThacalibi.Tamthil,0429AbuMansurThacalibi.Tamthil,Multiple OpenITI digital versions of one work,0429AbuMansurThacalibi.Tamthil.JK010529-ara1 | 0429AbuMansurThacalibi.Tamthil.Shamela0005683-ara1,2
openiti:0429AbuMansurThacalibi.ThimarQulub,0429AbuMansurThacalibi.ThimarQulub,Multiple OpenITI digital versions of one work,0429AbuMansurThacalibi.ThimarQulub.JK000982-ara1 | 0429AbuMansurThacalibi.ThimarQulub.ShamAY0032557-ara1 | 0429AbuMansurThacalibi.ThimarQulub.Shamela0006896-ara1,3
openiti:0429AbuMansurThacalibi.YatimatDahr,0429AbuMansurThacalibi.YatimatDahr,Multiple OpenITI digital versions of one work,0429AbuMansurThacalibi.YatimatDahr.JK001317-ara1 | 0429AbuMansurThacalibi.YatimatDahr.Shamela0006743-ara1 | 0429AbuMansurThacalibi.YatimatDahr.Shia004644Vols-ara1,3
openiti:0429IbnShihabCukburi.RisalaFiUsulFiqh,0429IbnShihabCukburi.RisalaFiUsulFiqh,Multiple OpenITI digital versions of one work,0429IbnShihabCukburi.RisalaFiUsulFiqh.JK006965-ara1 | 0429IbnShihabCukburi.RisalaFiUsulFiqh.Shamela0006311-ara1,2
openiti:0429IbnTahirBaghdadi.FarqBaynaFiraq,0429IbnTahirBaghdadi.FarqBaynaFiraq,Multiple OpenITI digital versions of one work,0429IbnTahirBaghdadi.FarqBaynaFiraq.JK000334-ara1 | 0429IbnTahirBaghdadi.FarqBaynaFiraq.Rafed0003488-ara1 | 0429IbnTahirBaghdadi.FarqBaynaFiraq.Shamela0006520-ara1,3
openiti:0430AbuNucaymIsbahani.ArbacunaCalaMadhhabMutahaqqiqin,0430AbuNucaymIsbahani.ArbacunaCalaMadhhabMutahaqqiqin,Multiple OpenITI digital versions of one work,0430AbuNucaymIsbahani.ArbacunaCalaMadhhabMutahaqqiqin.Masaha000050-ara1 | 0430AbuNucaymIsbahani.ArbacunaCalaMadhhabMutahaqqiqin.ShamAY0035231-ara1 | 0430AbuNucaymIsbahani.ArbacunaCalaMadhhabMutahaqqiqin.Shamela0008246-ara1,3
openiti:0430AbuNucaymIsbahani.DhikrManIsmuhuShucba,0430AbuNucaymIsbahani.DhikrManIsmuhuShucba,Multiple OpenITI digital versions of one work,0430AbuNucaymIsbahani.DhikrManIsmuhuShucba.JK001241-ara1 | 0430AbuNucaymIsbahani.DhikrManIsmuhuShucba.Shamela0013181-ara1,2
openiti:0430AbuNucaymIsbahani.Ducafa,0430AbuNucaymIsbahani.Ducafa,Multiple OpenITI digital versions of one work,0430AbuNucaymIsbahani.Ducafa.JK000502-ara1 | 0430AbuNucaymIsbahani.Ducafa.Shamela0005843-ara1 | 0430AbuNucaymIsbahani.Ducafa.Shia003128-ara1,3
openiti:0430AbuNucaymIsbahani.FadailKhulafaRashidin,0430AbuNucaymIsbahani.FadailKhulafaRashidin,Multiple OpenITI digital versions of one work,0430AbuNucaymIsbahani.FadailKhulafaRashidin.JK011558-ara1 | 0430AbuNucaymIsbahani.FadailKhulafaRashidin.Shamela0008237-ara1,2
openiti:0430AbuNucaymIsbahani.FadilatCadilin,0430AbuNucaymIsbahani.FadilatCadilin,Multiple OpenITI digital versions of one work,0430AbuNucaymIsbahani.FadilatCadilin.JK000860-ara1 | 0430AbuNucaymIsbahani.FadilatCadilin.Shamela0013141-ara1,2
openiti:0430AbuNucaymIsbahani.HilyatAwliya,0430AbuNucaymIsbahani.HilyatAwliya,Multiple OpenITI digital versions of one work,0430AbuNucaymIsbahani.HilyatAwliya.JK000022-ara1 | 0430AbuNucaymIsbahani.HilyatAwliya.Shamela0010495-ara1,2
openiti:0430AbuNucaymIsbahani.ImamaWaRaddCalaRafida,0430AbuNucaymIsbahani.ImamaWaRaddCalaRafida,Multiple OpenITI digital versions of one work,0430AbuNucaymIsbahani.ImamaWaRaddCalaRafida.JK009185-ara1 | 0430AbuNucaymIsbahani.ImamaWaRaddCalaRafida.JK011454-ara1 | 0430AbuNucaymIsbahani.ImamaWaRaddCalaRafida.Shamela0006449-ara1 | 0430AbuNucaymIsbahani.ImamaWaRaddCalaRafida.Shamela0008221-ara1,4
openiti:0430AbuNucaymIsbahani.JuzAhadithCanAbiCaliSawwaf,0430AbuNucaymIsbahani.JuzAhadithCanAbiCaliSawwaf,Multiple OpenITI digital versions of one work,0430AbuNucaymIsbahani.JuzAhadithCanAbiCaliSawwaf.JK011498-ara1 | 0430AbuNucaymIsbahani.JuzAhadithCanAbiCaliSawwaf.Shamela0009416-ara1,2
openiti:0430AbuNucaymIsbahani.MacrifatSahaba,0430AbuNucaymIsbahani.MacrifatSahaba,Multiple OpenITI digital versions of one work,0430AbuNucaymIsbahani.MacrifatSahaba.JK009408-ara1 | 0430AbuNucaymIsbahani.MacrifatSahaba.Shamela0010490-ara1,2
openiti:0430AbuNucaymIsbahani.MajlisMinAmali,0430AbuNucaymIsbahani.MajlisMinAmali,Multiple OpenITI digital versions of one work,0430AbuNucaymIsbahani.MajlisMinAmali.JK000505-ara1 | 0430AbuNucaymIsbahani.MajlisMinAmali.JK000750-ara1 | 0430AbuNucaymIsbahani.MajlisMinAmali.Shamela0005709-ara1 | 0430AbuNucaymIsbahani.MajlisMinAmali.Shamela0013080-ara1,4
openiti:0430AbuNucaymIsbahani.MasanidAbiYahyaKufi,0430AbuNucaymIsbahani.MasanidAbiYahyaKufi,Multiple OpenITI digital versions of one work,0430AbuNucaymIsbahani.MasanidAbiYahyaKufi.JK000611-ara1 | 0430AbuNucaymIsbahani.MasanidAbiYahyaKufi.Shamela0010659-ara1 | 0430AbuNucaymIsbahani.MasanidAbiYahyaKufi.Shia001877-ara1,3
openiti:0430AbuNucaymIsbahani.MusnadAbiHanifa,0430AbuNucaymIsbahani.MusnadAbiHanifa,Multiple OpenITI digital versions of one work,0430AbuNucaymIsbahani.MusnadAbiHanifa.JK000736-ara1 | 0430AbuNucaymIsbahani.MusnadAbiHanifa.Shamela0006721-ara1 | 0430AbuNucaymIsbahani.MusnadAbiHanifa.Shia002099-ara1,3
openiti:0430AbuNucaymIsbahani.MusnadMustakhrajCalaSahihMuslim,0430AbuNucaymIsbahani.MusnadMustakhrajCalaSahihMuslim,Multiple OpenITI digital versions of one work,0430AbuNucaymIsbahani.MusnadMustakhrajCalaSahihMuslim.JK000977-ara1 | 0430AbuNucaymIsbahani.MusnadMustakhrajCalaSahihMuslim.Shamela0005562-ara1,2
openiti:0430AbuNucaymIsbahani.RiyadatAbdan,0430AbuNucaymIsbahani.RiyadatAbdan,Multiple OpenITI digital versions of one work,0430AbuNucaymIsbahani.RiyadatAbdan.JK000596-ara1 | 0430AbuNucaymIsbahani.RiyadatAbdan.Shamela0013118-ara1,2
openiti:0430AbuNucaymIsbahani.SifatJanna,0430AbuNucaymIsbahani.SifatJanna,Multiple OpenITI digital versions of one work,0430AbuNucaymIsbahani.SifatJanna.JK009155-ara1 | 0430AbuNucaymIsbahani.SifatJanna.Shamela0021602-ara1,2
openiti:0430AbuNucaymIsbahani.TarikhIsbahan,0430AbuNucaymIsbahani.TarikhIsbahan,Multiple OpenITI digital versions of one work,0430AbuNucaymIsbahani.TarikhIsbahan.JK003506-ara1 | 0430AbuNucaymIsbahani.TarikhIsbahan.JK011254-ara1 | 0430AbuNucaymIsbahani.TarikhIsbahan.Masaha004135Vols-ara1 | 0430AbuNucaymIsbahani.TarikhIsbahan.Shamela0001714-ara1 | 0430AbuNucaymIsbahani.TarikhIsbahan.Shia003488Vols-ara1,5
openiti:0430AbuNucaymIsbahani.TasmiyatRuwatCanFadlIbnDakin,0430AbuNucaymIsbahani.TasmiyatRuwatCanFadlIbnDakin,Multiple OpenITI digital versions of one work,0430AbuNucaymIsbahani.TasmiyatRuwatCanFadlIbnDakin.JK011458-ara1 | 0430AbuNucaymIsbahani.TasmiyatRuwatCanFadlIbnDakin.Shamela0009312-ara1,2
openiti:0430AbuNucaymIsbahani.TasmiyatRuwatCanSacidIbnMansur,0430AbuNucaymIsbahani.TasmiyatRuwatCanSacidIbnMansur,Multiple OpenITI digital versions of one work,0430AbuNucaymIsbahani.TasmiyatRuwatCanSacidIbnMansur.JK000717-ara1 | 0430AbuNucaymIsbahani.TasmiyatRuwatCanSacidIbnMansur.Shamela0008224-ara1 | 0430AbuNucaymIsbahani.TasmiyatRuwatCanSacidIbnMansur.Shia002097-ara1,3
openiti:0430AbuNucaymIsbahani.TuruqHadithInnaLillah99Isman,0430AbuNucaymIsbahani.TuruqHadithInnaLillah99Isman,Multiple OpenITI digital versions of one work,0430AbuNucaymIsbahani.TuruqHadithInnaLillah99Isman.JK000848-ara1 | 0430AbuNucaymIsbahani.TuruqHadithInnaLillah99Isman.Shamela0021783-ara1 | 0430AbuNucaymIsbahani.TuruqHadithInnaLillah99Isman.Shia002098-ara1,3
openiti:0430AswadGhundijani.FarhatAdib,0430AswadGhundijani.FarhatAdib,Multiple OpenITI digital versions of one work,0430AswadGhundijani.FarhatAdib.JK010640-ara1 | 0430AswadGhundijani.FarhatAdib.Shamela0000640-ara1,2
openiti:0430CabdMalikIbnBishranUmawi.Amali,0430CabdMalikIbnBishranUmawi.Amali,Multiple OpenITI digital versions of one work,0430CabdMalikIbnBishranUmawi.Amali.Shamela0001453-ara1 | 0430CabdMalikIbnBishranUmawi.Amali.Shamela0011431-ara1 | 0430CabdMalikIbnBishranUmawi.Amali.Shamela0012842-ara1 | 0430CabdMalikIbnBishranUmawi.Amali.Shamela0029888-ara1,4
openiti:0430IbnHaytham.Manazir,0430IbnHaytham.Manazir,Multiple OpenITI digital versions of one work,0430IbnHaytham.Manazir.ALCorpus00006-ara2 | 0430IbnHaytham.Manazir.ShamAY0035933-ara1,2
openiti:0431IbnMuhammadZuzani.HamasatZurafa,0431IbnMuhammadZuzani.HamasatZurafa,Multiple OpenITI digital versions of one work,0431IbnMuhammadZuzani.HamasatZurafa.JK010752-ara1 | 0431IbnMuhammadZuzani.HamasatZurafa.Shamela0000752-ara1,2
openiti:0434IbnAhmadHarawi.Fawaid,0434IbnAhmadHarawi.Fawaid,Multiple OpenITI digital versions of one work,0434IbnAhmadHarawi.Fawaid.JK001095-ara1 | 0434IbnAhmadHarawi.Fawaid.Shamela0013143-ara1,2
openiti:0436AbuFadlMikali.Diwan,0436AbuFadlMikali.Diwan,Multiple OpenITI digital versions of one work,0436AbuFadlMikali.Diwan.JK007581-ara1 | 0436AbuFadlMikali.Diwan.ShamAY0037817-ara1,2
openiti:0436HusaynSaymari.AkhbarAbiHanifa,0436HusaynSaymari.AkhbarAbiHanifa,Multiple OpenITI digital versions of one work,0436HusaynSaymari.AkhbarAbiHanifa.JK000932-ara1 | 0436HusaynSaymari.AkhbarAbiHanifa.Shamela0006651-ara1,2
openiti:0436IbnCaliBasri.MuctamadFiUsulFiqh,0436IbnCaliBasri.MuctamadFiUsulFiqh,Multiple OpenITI digital versions of one work,0436IbnCaliBasri.MuctamadFiUsulFiqh.JK000231-ara1 | 0436IbnCaliBasri.MuctamadFiUsulFiqh.Shamela0006319-ara1,2
openiti:0436SharifMurtada.Amali,0436SharifMurtada.Amali,Multiple OpenITI digital versions of one work,0436SharifMurtada.Amali.Masaha003390Vols-ara1 | 0436SharifMurtada.Amali.Sham19Y0020937-ara1 | 0436SharifMurtada.Amali.ShamAY0034519-ara2 | 0436SharifMurtada.Amali.Shia001326Vols-ara1,4
openiti:0436SharifMurtada.Dharica,0436SharifMurtada.Dharica,Multiple OpenITI digital versions of one work,0436SharifMurtada.Dharica.Masaha003448Vols-ara1 | 0436SharifMurtada.Dharica.Shia002746Vols-ara1,2
openiti:0436SharifMurtada.MuqnicFiGhayba,0436SharifMurtada.MuqnicFiGhayba,Multiple OpenITI digital versions of one work,0436SharifMurtada.MuqnicFiGhayba.Masaha000428-ara1 | 0436SharifMurtada.MuqnicFiGhayba.Shia003688-ara1,2
openiti:0436SharifMurtada.Rasail,0436SharifMurtada.Rasail,Multiple OpenITI digital versions of one work,0436SharifMurtada.Rasail.Masaha000998Vols-ara1 | 0436SharifMurtada.Rasail.Rafed0003614Vols-ara1 | 0436SharifMurtada.Rasail.Shia000019Vols-ara1,3
openiti:0436SharifMurtada.ShafiFiImama,0436SharifMurtada.ShafiFiImama,Multiple OpenITI digital versions of one work,0436SharifMurtada.ShafiFiImama.Shia003996Vols-ara1 | 0436SharifMurtada.ShafiFiImama.Zaydiyya0000119-ara1,2
openiti:0436SharifMurtada.TanzihAnbiya,0436SharifMurtada.TanzihAnbiya,Multiple OpenITI digital versions of one work,0436SharifMurtada.TanzihAnbiya.Masaha004743-ara1 | 0436SharifMurtada.TanzihAnbiya.Rafed0001746-ara1 | 0436SharifMurtada.TanzihAnbiya.Shia003689-ara1,3
openiti:0437MakkiIbnHammushQaysi.Hidaya,0437MakkiIbnHammushQaysi.Hidaya,Multiple OpenITI digital versions of one work,0437MakkiIbnHammushQaysi.Hidaya.Shamela0022593-ara1 | 0437MakkiIbnHammushQaysi.Hidaya.Tafsir03092-ara1,2
openiti:0437MakkiIbnHammushQaysi.MushkilIcrabQuran,0437MakkiIbnHammushQaysi.MushkilIcrabQuran,Multiple OpenITI digital versions of one work,0437MakkiIbnHammushQaysi.MushkilIcrabQuran.JK000445-ara1 | 0437MakkiIbnHammushQaysi.MushkilIcrabQuran.Shamela0005538-ara1,2
openiti:0438AbuSacidBaradhici.TahdhibMudawwana,0438AbuSacidBaradhici.TahdhibMudawwana,Multiple OpenITI digital versions of one work,0438AbuSacidBaradhici.TahdhibMudawwana.JK011147-ara1 | 0438AbuSacidBaradhici.TahdhibMudawwana.Shamela0008487-ara1,2
openiti:0438IbnYusufJuwayni.RisalaFiIthbat,0438IbnYusufJuwayni.RisalaFiIthbat,Multiple OpenITI digital versions of one work,0438IbnYusufJuwayni.RisalaFiIthbat.JK001045-ara1 | 0438IbnYusufJuwayni.RisalaFiIthbat.Shamela0006475-ara1,2
openiti:0439IbnMuhammadKhallal.Amali,0439IbnMuhammadKhallal.Amali,Multiple OpenITI digital versions of one work,0439IbnMuhammadKhallal.Amali.JK011420-ara1 | 0439IbnMuhammadKhallal.Amali.Shamela0009311-ara1 | 0439IbnMuhammadKhallal.Amali.Shamela0030446-ara1,3
openiti:0439IbnMuhammadKhallal.FadailSuratIkhlas,0439IbnMuhammadKhallal.FadailSuratIkhlas,Multiple OpenITI digital versions of one work,0439IbnMuhammadKhallal.FadailSuratIkhlas.JK001026-ara1 | 0439IbnMuhammadKhallal.FadailSuratIkhlas.Shamela0013138-ara1,2
openiti:0440AbuRayhanBiruni.Jamahir,0440AbuRayhanBiruni.Jamahir,Multiple OpenITI digital versions of one work,0440AbuRayhanBiruni.Jamahir.JK010699-ara1 | 0440AbuRayhanBiruni.Jamahir.Shamela0000699-ara1,2
openiti:0440AbuRayhanBiruni.TahqiqMaLilHind,0440AbuRayhanBiruni.TahqiqMaLilHind,Multiple OpenITI digital versions of one work,0440AbuRayhanBiruni.TahqiqMaLilHind.JK010648-ara1 | 0440AbuRayhanBiruni.TahqiqMaLilHind.Masaha004804-ara1 | 0440AbuRayhanBiruni.TahqiqMaLilHind.Shamela0011655-ara1,3
openiti:0440IbnMuhammadHimyari.Badic,0440IbnMuhammadHimyari.Badic,Multiple OpenITI digital versions of one work,0440IbnMuhammadHimyari.Badic.JK010723-ara1 | 0440IbnMuhammadHimyari.Badic.Shamela0001704-ara1,2
openiti:0441IbnCaliSuri.FawaidCawali,0441IbnCaliSuri.FawaidCawali,Multiple OpenITI digital versions of one work,0441IbnCaliSuri.FawaidCawali.JK000602-ara1 | 0441IbnCaliSuri.FawaidCawali.Shamela0012721-ara1,2
openiti:0441IbnCaliSuri.FawaidMuntaqat,0441IbnCaliSuri.FawaidMuntaqat,Multiple OpenITI digital versions of one work,0441IbnCaliSuri.FawaidMuntaqat.JK000605-ara1 | 0441IbnCaliSuri.FawaidMuntaqat.Shamela0005693-ara1 | 0441IbnCaliSuri.FawaidMuntaqat.Shia002100-ara1,3
openiti:0441IbnIflili.SharhShicrMutanabbi,0441IbnIflili.SharhShicrMutanabbi,Multiple OpenITI digital versions of one work,0441IbnIflili.SharhShicrMutanabbi.ShamAY0000454-ara1 | 0441IbnIflili.SharhShicrMutanabbi.ShamAY0000458-ara1 | 0441IbnIflili.SharhShicrMutanabbi.Shamela0037065-ara1 | 0441IbnIflili.SharhShicrMutanabbi.Shamela0037327-ara1,4
openiti:0442AbuHasanQazwini.Amali,0442AbuHasanQazwini.Amali,Multiple OpenITI digital versions of one work,0442AbuHasanQazwini.Amali.ShamAY0032789-ara1 | 0442AbuHasanQazwini.Amali.ShamAY0032792-ara1 | 0442AbuHasanQazwini.Amali.ShamAY0032861-ara1 | 0442AbuHasanQazwini.Amali.ShamAY0032862-ara1,4
openiti:0442Tanukhi.TarikhCulamaNahwiyyin,0442Tanukhi.TarikhCulamaNahwiyyin,Multiple OpenITI digital versions of one work,0442Tanukhi.TarikhCulamaNahwiyyin.JK010105-ara1 | 0442Tanukhi.TarikhCulamaNahwiyyin.Shamela0001386-ara1,2
openiti:0443IbnCaliShamukhi.Ahadith,0443IbnCaliShamukhi.Ahadith,Multiple OpenITI digital versions of one work,0443IbnCaliShamukhi.Ahadith.JK000586-ara1 | 0443IbnCaliShamukhi.Ahadith.ShamAY0033612-ara1 | 0443IbnCaliShamukhi.Ahadith.Shamela0008272-ara1 | 0443IbnCaliShamukhi.Ahadith.Shia002101-ara1,4
openiti:0444AbuCamrDani.AhrufSabca,0444AbuCamrDani.AhrufSabca,Multiple OpenITI digital versions of one work,0444AbuCamrDani.AhrufSabca.JK000453-ara1 | 0444AbuCamrDani.AhrufSabca.Shamela0005526-ara1,2
openiti:0444AbuCamrDani.BayanFiCaddAyyQuran,0444AbuCamrDani.BayanFiCaddAyyQuran,Multiple OpenITI digital versions of one work,0444AbuCamrDani.BayanFiCaddAyyQuran.JK001013-ara1 | 0444AbuCamrDani.BayanFiCaddAyyQuran.Shamela0005542-ara1 | 0444AbuCamrDani.BayanFiCaddAyyQuran.Shia002539-ara1,3
openiti:0444AbuCamrDani.CilmHadith,0444AbuCamrDani.CilmHadith,Multiple OpenITI digital versions of one work,0444AbuCamrDani.CilmHadith.ShamAY0034012-ara1 | 0444AbuCamrDani.CilmHadith.Shamela0030386-ara1,2
openiti:0444AbuCamrDani.MuhkamFiNaqtMasahif,0444AbuCamrDani.MuhkamFiNaqtMasahif,Multiple OpenITI digital versions of one work,0444AbuCamrDani.MuhkamFiNaqtMasahif.JK000438-ara1 | 0444AbuCamrDani.MuhkamFiNaqtMasahif.Shamela0005552-ara1,2
openiti:0444AbuCamrDani.SunanWarida,0444AbuCamrDani.SunanWarida,Multiple OpenITI digital versions of one work,0444AbuCamrDani.SunanWarida.JK000020-ara1 | 0444AbuCamrDani.SunanWarida.Shamela0013034-ara1,2
openiti:0444AbuCamrDani.TaysirFiQiraatSabc,0444AbuCamrDani.TaysirFiQiraatSabc,Multiple OpenITI digital versions of one work,0444AbuCamrDani.TaysirFiQiraatSabc.JK001278-ara1 | 0444AbuCamrDani.TaysirFiQiraatSabc.Sham19Y0147812-ara2 | 0444AbuCamrDani.TaysirFiQiraatSabc.Shamela0005527-ara1,3
openiti:0444AbuFadlIbnMahdi.DhikrShuyukh,0444AbuFadlIbnMahdi.DhikrShuyukh,Multiple OpenITI digital versions of one work,0444AbuFadlIbnMahdi.DhikrShuyukh.ShamAY0033644-ara1 | 0444AbuFadlIbnMahdi.DhikrShuyukh.Shamela0021641-ara1,2
openiti:0444IbnAbiHawl.FadailSham,0444IbnAbiHawl.FadailSham,Multiple OpenITI digital versions of one work,0444IbnAbiHawl.FadailSham.Masaha004845BK2-ara1 | 0444IbnAbiHawl.FadailSham.Shamela0026527-ara1,2
openiti:0445AbuCabdAllahCalawi.JamicKafi,0445AbuCabdAllahCalawi.JamicKafi,Multiple OpenITI digital versions of one work,0445AbuCabdAllahCalawi.JamicKafi.Zaydiyya0000055-ara2 | 0445AbuCabdAllahCalawi.JamicKafi.Zaydiyya0000364Vols-ara1 | 0445AbuCabdAllahCalawi.JamicKafi.Zaydiyya0000412Vols-ara1,3
openiti:0445IbnCaliShajari.FadlZiyaratHusayn,0445IbnCaliShajari.FadlZiyaratHusayn,Multiple OpenITI digital versions of one work,0445IbnCaliShajari.FadlZiyaratHusayn.Shia003690-ara1 | 0445IbnCaliShajari.FadlZiyaratHusayn.Zaydiyya0000123-ara1,2
openiti:0446AbuYaclaKhalili.Fawaid,0446AbuYaclaKhalili.Fawaid,Multiple OpenITI digital versions of one work,0446AbuYaclaKhalili.Fawaid.JK011577-ara1 | 0446AbuYaclaKhalili.Fawaid.Shamela0008240-ara1,2
openiti:0446AbuYaclaKhalili.IrshadFiMacrifaCulama,0446AbuYaclaKhalili.IrshadFiMacrifaCulama,Multiple OpenITI digital versions of one work,0446AbuYaclaKhalili.IrshadFiMacrifaCulama.JK000732-ara1 | 0446AbuYaclaKhalili.IrshadFiMacrifaCulama.Shamela0012993-ara1,2
openiti:0447AbuSalahHalabi.Kafi,0447AbuSalahHalabi.Kafi,Multiple OpenITI digital versions of one work,0447AbuSalahHalabi.Kafi.Masaha000582-ara1 | 0447AbuSalahHalabi.Kafi.Shia000023-ara1,2
openiti:0448HilalSabi.RusumDarKhilafa,0448HilalSabi.RusumDarKhilafa,Multiple OpenITI digital versions of one work,0448HilalSabi.RusumDarKhilafa.JK006980-ara1 | 0448HilalSabi.RusumDarKhilafa.Shamela0008173-ara1,2
openiti:0448HilalSabi.TuhfatUmara,0448HilalSabi.TuhfatUmara,Multiple OpenITI digital versions of one work,0448HilalSabi.TuhfatUmara.JK009368-ara1 | 0448HilalSabi.TuhfatUmara.ShamAY0033825-ara1 | 0448HilalSabi.TuhfatUmara.Shamela0026106-ara1,3
openiti:0448SallarIbnCabdCaziz.MarasimCalawiyya,0448SallarIbnCabdCaziz.MarasimCalawiyya,Multiple OpenITI digital versions of one work,0448SallarIbnCabdCaziz.MarasimCalawiyya.Masaha000984-ara1 | 0448SallarIbnCabdCaziz.MarasimCalawiyya.Shia000024-ara1,2
openiti:0449AbuCalaMacarri.Diwan,0449AbuCalaMacarri.Diwan,Multiple OpenITI digital versions of one work,0449AbuCalaMacarri.Diwan.JK007580-ara1 | 0449AbuCalaMacarri.Diwan.ShamAY0037816-ara1,2
openiti:0449AbuCalaMacarri.FusulWaGhayat,0449AbuCalaMacarri.FusulWaGhayat,Multiple OpenITI digital versions of one work,0449AbuCalaMacarri.FusulWaGhayat.JK010612-ara1 | 0449AbuCalaMacarri.FusulWaGhayat.Shamela0000612-ara1,2
openiti:0449AbuCalaMacarri.MucjizAhmad,0449AbuCalaMacarri.MucjizAhmad,Multiple OpenITI digital versions of one work,0449AbuCalaMacarri.MucjizAhmad.JK010753-ara1 | 0449AbuCalaMacarri.MucjizAhmad.Sham19Y0029591-ara1 | 0449AbuCalaMacarri.MucjizAhmad.Shamela0000753-ara1,3
openiti:0449AbuCalaMacarri.RisalatGhufran,0449AbuCalaMacarri.RisalatGhufran,Multiple OpenITI digital versions of one work,0449AbuCalaMacarri.RisalatGhufran.JK009234-ara1 | 0449AbuCalaMacarri.RisalatGhufran.ShamAY0033783-ara1 | 0449AbuCalaMacarri.RisalatGhufran.Shamela0001589-ara1,3
openiti:0449AbuCalaMacarri.RisalatMalaika,0449AbuCalaMacarri.RisalatMalaika,Multiple OpenITI digital versions of one work,0449AbuCalaMacarri.RisalatMalaika.JK009294-ara1 | 0449AbuCalaMacarri.RisalatMalaika.Sham19Y0018276-ara1 | 0449AbuCalaMacarri.RisalatMalaika.Shamela0012817-ara1,3
openiti:0449AbuFathKarajiki.DalilNass,0449AbuFathKarajiki.DalilNass,Multiple OpenITI digital versions of one work,0449AbuFathKarajiki.DalilNass.Masaha000259-ara1 | 0449AbuFathKarajiki.DalilNass.Shia004002-ara1,2
openiti:0449AbuFathKarajiki.KanzFawaid,0449AbuFathKarajiki.KanzFawaid,Multiple OpenITI digital versions of one work,0449AbuFathKarajiki.KanzFawaid.Masaha004568Vols-ara1 | 0449AbuFathKarajiki.KanzFawaid.Rafed0003896Vols-ara1 | 0449AbuFathKarajiki.KanzFawaid.Shia001332-ara1 | 0449AbuFathKarajiki.KanzFawaid.Zaydiyya0000201-ara1,4
openiti:0449AbuFathKarajiki.MacdinJawahir,0449AbuFathKarajiki.MacdinJawahir,Multiple OpenITI digital versions of one work,0449AbuFathKarajiki.MacdinJawahir.Shia001333-ara1 | 0449AbuFathKarajiki.MacdinJawahir.Zaydiyya0000228-ara1,2
openiti:0449AbuFathKarajiki.Tacajjub,0449AbuFathKarajiki.Tacajjub,Multiple OpenITI digital versions of one work,0449AbuFathKarajiki.Tacajjub.Shia001331-ara1 | 0449AbuFathKarajiki.Tacajjub.Zaydiyya0000116-ara1,2
openiti:0449IbnBattalQurtubi.SharhSahihBukhari,0449IbnBattalQurtubi.SharhSahihBukhari,Multiple OpenITI digital versions of one work,0449IbnBattalQurtubi.SharhSahihBukhari.JK009324-ara1 | 0449IbnBattalQurtubi.SharhSahihBukhari.Shamela0010486-ara1,2
openiti:0450AbuHasanMawardi.AclamNubuwwa,0450AbuHasanMawardi.AclamNubuwwa,Multiple OpenITI digital versions of one work,0450AbuHasanMawardi.AclamNubuwwa.JK000545-ara1 | 0450AbuHasanMawardi.AclamNubuwwa.Shamela0009768-ara1,2
openiti:0450AbuHasanMawardi.AdabDunyaWaDin,0450AbuHasanMawardi.AdabDunyaWaDin,Multiple OpenITI digital versions of one work,0450AbuHasanMawardi.AdabDunyaWaDin.JK011658-ara1 | 0450AbuHasanMawardi.AdabDunyaWaDin.ShamAY0033725-ara2 | 0450AbuHasanMawardi.AdabDunyaWaDin.Shamela0000765-ara1,3
openiti:0450AbuHasanMawardi.AhkamSultaniyya,0450AbuHasanMawardi.AhkamSultaniyya,Multiple OpenITI digital versions of one work,0450AbuHasanMawardi.AhkamSultaniyya.JK001309-ara2 | 0450AbuHasanMawardi.AhkamSultaniyya.Shamela0022881-ara1,2
openiti:0450AbuHasanMawardi.DurarSuluk,0450AbuHasanMawardi.DurarSuluk,Multiple OpenITI digital versions of one work,0450AbuHasanMawardi.DurarSuluk.JK001238-ara1 | 0450AbuHasanMawardi.DurarSuluk.Shamela0007242-ara1,2
openiti:0450AbuHasanMawardi.HawiKabir,0450AbuHasanMawardi.HawiKabir,Multiple OpenITI digital versions of one work,0450AbuHasanMawardi.HawiKabir.JK009139-ara1 | 0450AbuHasanMawardi.HawiKabir.ShamAY0034249-ara1 | 0450AbuHasanMawardi.HawiKabir.Shamela0006157-ara1,3
openiti:0450AbuHasanMawardi.IqnacFiFiqh,0450AbuHasanMawardi.IqnacFiFiqh,Multiple OpenITI digital versions of one work,0450AbuHasanMawardi.IqnacFiFiqh.JK000290-ara1 | 0450AbuHasanMawardi.IqnacFiFiqh.Shamela0006120-ara1,2
openiti:0450AbuHasanMawardi.NukatWaCuyun,0450AbuHasanMawardi.NukatWaCuyun,Multiple OpenITI digital versions of one work,0450AbuHasanMawardi.NukatWaCuyun.JK009396-ara1 | 0450AbuHasanMawardi.NukatWaCuyun.Shamela0008346-ara1 | 0450AbuHasanMawardi.NukatWaCuyun.Tafsir02012-ara1,3
openiti:0450AbuHasanMawardi.TashilNazar,0450AbuHasanMawardi.TashilNazar,Multiple OpenITI digital versions of one work,0450AbuHasanMawardi.TashilNazar.JK001269-ara1 | 0450AbuHasanMawardi.TashilNazar.Shamela0007239-ara1,2
openiti:0450Jubbi.SharhMudawwana,0450Jubbi.SharhMudawwana,Multiple OpenITI digital versions of one work,0450Jubbi.SharhMudawwana.Sham19Y0014607-ara1 | 0450Jubbi.SharhMudawwana.ShamAY0032026-ara1,2
openiti:0450Najashi.Rijal,0450Najashi.Rijal,Multiple OpenITI digital versions of one work,0450Najashi.Rijal.Shia002931-ara1 | 0450Najashi.Rijal.Shia003026VolsBK1-ara1 | 0450Najashi.Rijal.Zaydiyya0000188-ara1,3
openiti:0453CaliIbnRidwan.TacaliqLiTafsirJalinus,0453CaliIbnRidwan.TacaliqLiTafsirJalinus,Multiple OpenITI digital versions of one work,0453CaliIbnRidwan.TacaliqLiTafsirJalinus.ArabCommAph052065977-ara1 | 0453CaliIbnRidwan.TacaliqLiTafsirJalinus.GRAR000031-ara1,2
openiti:0454AbuMuhammadJawhari.Amali,0454AbuMuhammadJawhari.Amali,Multiple OpenITI digital versions of one work,0454AbuMuhammadJawhari.Amali.ShamAY0032885-ara1 | 0454AbuMuhammadJawhari.Amali.ShamAY0032895-ara1 | 0454AbuMuhammadJawhari.Amali.ShamAY0032954-ara1 | 0454AbuMuhammadJawhari.Amali.Shamela0029770-ara1 | 0454AbuMuhammadJawhari.Amali.Shamela0029771-ara1 | 0454AbuMuhammadJawhari.Amali.Shamela0030071-ara1,6
openiti:0454AbuMuhammadJawhari.MajlisFiTawaduc,0454AbuMuhammadJawhari.MajlisFiTawaduc,Multiple OpenITI digital versions of one work,0454AbuMuhammadJawhari.MajlisFiTawaduc.ShamAY0033587-ara1 | 0454AbuMuhammadJawhari.MajlisFiTawaduc.Shamela0027100-ara1,2
openiti:0454IbnAhmadRazi.AhadithFiDhammKalam,0454IbnAhmadRazi.AhadithFiDhammKalam,Multiple OpenITI digital versions of one work,0454IbnAhmadRazi.AhadithFiDhammKalam.JK008000-ara1 | 0454IbnAhmadRazi.AhadithFiDhammKalam.Shamela0026462-ara1 | 0454IbnAhmadRazi.AhadithFiDhammKalam.Shia004492-ara1,3
openiti:0454Qudaci.DusturMacalim,0454Qudaci.DusturMacalim,Multiple OpenITI digital versions of one work,0454Qudaci.DusturMacalim.LAL2013020401BK1-ara2 | 0454Qudaci.DusturMacalim.ShamAY0035175-ara1 | 0454Qudaci.DusturMacalim.Shia002102-ara1,3
openiti:0454Qudaci.MusnadShihab,0454Qudaci.MusnadShihab,Multiple OpenITI digital versions of one work,0454Qudaci.MusnadShihab.JK000480-ara1 | 0454Qudaci.MusnadShihab.Shamela0013163-ara1 | 0454Qudaci.MusnadShihab.Shia002103Vols-ara1,3
openiti:0455IbnKhalafSaraqusti.CunwanFiQiraatSabca,0455IbnKhalafSaraqusti.CunwanFiQiraatSabca,Multiple OpenITI digital versions of one work,0455IbnKhalafSaraqusti.CunwanFiQiraatSabca.JK009227-ara1 | 0455IbnKhalafSaraqusti.CunwanFiQiraatSabca.Shamela0012228-ara1,2
openiti:0456IbnHazm.AkhlaqWaSiyar,0456IbnHazm.AkhlaqWaSiyar,Multiple OpenITI digital versions of one work,0456IbnHazm.AkhlaqWaSiyar.JK000426-ara1 | 0456IbnHazm.AkhlaqWaSiyar.ShamAY0033746-ara1 | 0456IbnHazm.AkhlaqWaSiyar.Shamela0006874-ara1,3
openiti:0456IbnHazm.FadlAndalus,0456IbnHazm.FadlAndalus,Multiple OpenITI digital versions of one work,0456IbnHazm.FadlAndalus.JK000950-ara1 | 0456IbnHazm.FadlAndalus.JK009343-ara1 | 0456IbnHazm.FadlAndalus.ShamAY0033827-ara1 | 0456IbnHazm.FadlAndalus.Shamela0006701-ara1,4
openiti:0456IbnHazm.FisalFiMilal,0456IbnHazm.FisalFiMilal,Multiple OpenITI digital versions of one work,0456IbnHazm.FisalFiMilal.JK000343-ara1 | 0456IbnHazm.FisalFiMilal.Rafed0003571Vols-ara1 | 0456IbnHazm.FisalFiMilal.Shamela0006521-ara1,3
openiti:0456IbnHazm.HajjatWidac,0456IbnHazm.HajjatWidac,Multiple OpenITI digital versions of one work,0456IbnHazm.HajjatWidac.JK001284-ara1 | 0456IbnHazm.HajjatWidac.Shamela0013109-ara1,2
openiti:0456IbnHazm.IhkamFiUsulAhkam,0456IbnHazm.IhkamFiUsulAhkam,Multiple OpenITI digital versions of one work,0456IbnHazm.IhkamFiUsulAhkam.JK000122-ara1 | 0456IbnHazm.IhkamFiUsulAhkam.ShamAY0034182-ara1 | 0456IbnHazm.IhkamFiUsulAhkam.Shamela0010432-ara1 | 0456IbnHazm.IhkamFiUsulAhkam.Shia002905Vols-ara1,4
openiti:0456IbnHazm.JamharatAnsab,0456IbnHazm.JamharatAnsab,Multiple OpenITI digital versions of one work,0456IbnHazm.JamharatAnsab.JK009221-ara1 | 0456IbnHazm.JamharatAnsab.Masaha001960-ara1 | 0456IbnHazm.JamharatAnsab.Shamela0009793-ara1,3
openiti:0456IbnHazm.JawamicSira,0456IbnHazm.JawamicSira,Multiple OpenITI digital versions of one work,0456IbnHazm.JawamicSira.JK011036-ara1 | 0456IbnHazm.JawamicSira.Shamela0001036-ara1 | 0456IbnHazm.JawamicSira.Shamela0009728-ara1,3
openiti:0456IbnHazm.MaratibIjmac,0456IbnHazm.MaratibIjmac,Multiple OpenITI digital versions of one work,0456IbnHazm.MaratibIjmac.JK000182-ara1 | 0456IbnHazm.MaratibIjmac.Shamela0012446-ara1,2
openiti:0456IbnHazm.MuhallaBiAthar,0456IbnHazm.MuhallaBiAthar,Multiple OpenITI digital versions of one work,0456IbnHazm.MuhallaBiAthar.JK000229-ara1 | 0456IbnHazm.MuhallaBiAthar.JK000538-ara1 | 0456IbnHazm.MuhallaBiAthar.ShamAY0034276-ara1 | 0456IbnHazm.MuhallaBiAthar.Shamela0000767-ara1 | 0456IbnHazm.MuhallaBiAthar.Shia001028Vols-ara1,5
openiti:0456IbnHazm.NasikhWaMansukh,0456IbnHazm.NasikhWaMansukh,Multiple OpenITI digital versions of one work,0456IbnHazm.NasikhWaMansukh.JK000452-ara1 | 0456IbnHazm.NasikhWaMansukh.Shamela0002216-ara1 | 0456IbnHazm.NasikhWaMansukh.Shia002540-ara1,3
openiti:0456IbnHazm.NubdhaKafiya,0456IbnHazm.NubdhaKafiya,Multiple OpenITI digital versions of one work,0456IbnHazm.NubdhaKafiya.JK000283-ara1 | 0456IbnHazm.NubdhaKafiya.Shamela0006321-ara1,2
openiti:0456IbnHazm.TaqribLiHaddMantiq,0456IbnHazm.TaqribLiHaddMantiq,Multiple OpenITI digital versions of one work,0456IbnHazm.TaqribLiHaddMantiq.JK009305-ara1 | 0456IbnHazm.TaqribLiHaddMantiq.Shamela0001028-ara1,2
openiti:0456IbnHazm.TawqHamama,0456IbnHazm.TawqHamama,Multiple OpenITI digital versions of one work,0456IbnHazm.TawqHamama.JK009337-ara1 | 0456IbnHazm.TawqHamama.Shamela0010518-ara1,2
openiti:0458AbuYaclaIbnFarra.Amali,0458AbuYaclaIbnFarra.Amali,Multiple OpenITI digital versions of one work,0458AbuYaclaIbnFarra.Amali.Shamela0026579-ara1 | 0458AbuYaclaIbnFarra.Amali.Shamela0029876-ara1,2
openiti:0458AbuYaclaIbnFarra.CuddaFiUsulFiqh,0458AbuYaclaIbnFarra.CuddaFiUsulFiqh,Multiple OpenITI digital versions of one work,0458AbuYaclaIbnFarra.CuddaFiUsulFiqh.ShamAY0038640-ara1 | 0458AbuYaclaIbnFarra.CuddaFiUsulFiqh.Shamela0022793-ara1,2
openiti:0458AbuYaclaIbnFarra.RusulMuluk,0458AbuYaclaIbnFarra.RusulMuluk,Multiple OpenITI digital versions of one work,0458AbuYaclaIbnFarra.RusulMuluk.JK001316-ara1 | 0458AbuYaclaIbnFarra.RusulMuluk.Shamela0007243-ara1,2
openiti:0458Bayhaqi.Adab,0458Bayhaqi.Adab,Multiple OpenITI digital versions of one work,0458Bayhaqi.Adab.JK011283-ara1 | 0458Bayhaqi.Adab.ShamAY0033542-ara1 | 0458Bayhaqi.Adab.Shamela0008203-ara1,3
openiti:0458Bayhaqi.ArbacunaSughra,0458Bayhaqi.ArbacunaSughra,Multiple OpenITI digital versions of one work,0458Bayhaqi.ArbacunaSughra.JK000733-ara1 | 0458Bayhaqi.ArbacunaSughra.ShamAY0033600-ara1 | 0458Bayhaqi.ArbacunaSughra.Shamela0012992-ara1 | 0458Bayhaqi.ArbacunaSughra.Shia002107-ara1,4
openiti:0458Bayhaqi.AsmaWaSifat,0458Bayhaqi.AsmaWaSifat,Multiple OpenITI digital versions of one work,0458Bayhaqi.AsmaWaSifat.JK011293-ara1 | 0458Bayhaqi.AsmaWaSifat.ShamAY0033978-ara1 | 0458Bayhaqi.AsmaWaSifat.Shamela0009270-ara1,3
openiti:0458Bayhaqi.BacthWaNushur,0458Bayhaqi.BacthWaNushur,Multiple OpenITI digital versions of one work,0458Bayhaqi.BacthWaNushur.JK011320-ara1 | 0458Bayhaqi.BacthWaNushur.Sham19Y0147811-ara1 | 0458Bayhaqi.BacthWaNushur.ShamAY0033977-ara1 | 0458Bayhaqi.BacthWaNushur.ShamAY0034010-ara1 | 0458Bayhaqi.BacthWaNushur.Shamela0009292-ara1,5
openiti:0458Bayhaqi.BayanKhata,0458Bayhaqi.BayanKhata,Multiple OpenITI digital versions of one work,0458Bayhaqi.BayanKhata.JK000711-ara1 | 0458Bayhaqi.BayanKhata.Shamela0013085-ara1,2
openiti:0458Bayhaqi.DacawatKabir,0458Bayhaqi.DacawatKabir,Multiple OpenITI digital versions of one work,0458Bayhaqi.DacawatKabir.JK007124-ara1 | 0458Bayhaqi.DacawatKabir.Shamela0008970-ara1,2
openiti:0458Bayhaqi.DalailNubuwwa,0458Bayhaqi.DalailNubuwwa,Multiple OpenITI digital versions of one work,0458Bayhaqi.DalailNubuwwa.JK006838-ara1 | 0458Bayhaqi.DalailNubuwwa.Masaha002188Vols-ara1 | 0458Bayhaqi.DalailNubuwwa.Shamela0007478-ara1 | 0458Bayhaqi.DalailNubuwwa.Shamela0013115-ara1,4
openiti:0458Bayhaqi.FadailAwqat,0458Bayhaqi.FadailAwqat,Multiple OpenITI digital versions of one work,0458Bayhaqi.FadailAwqat.JK000024-ara1 | 0458Bayhaqi.FadailAwqat.Shamela0013134-ara1 | 0458Bayhaqi.FadailAwqat.Shia002106-ara1,3
openiti:0458Bayhaqi.HayatAnbiya,0458Bayhaqi.HayatAnbiya,Multiple OpenITI digital versions of one work,0458Bayhaqi.HayatAnbiya.JK000949-ara1 | 0458Bayhaqi.HayatAnbiya.Shamela0013114-ara1,2
openiti:0458Bayhaqi.Ictiqad,0458Bayhaqi.Ictiqad,Multiple OpenITI digital versions of one work,0458Bayhaqi.Ictiqad.JK000698-ara1 | 0458Bayhaqi.Ictiqad.ShamAY0034009-ara1 | 0458Bayhaqi.Ictiqad.Shamela0012997-ara1,3
openiti:0458Bayhaqi.IthbatCadhabQabr,0458Bayhaqi.IthbatCadhabQabr,Multiple OpenITI digital versions of one work,0458Bayhaqi.IthbatCadhabQabr.JK000314-ara1 | 0458Bayhaqi.IthbatCadhabQabr.ShamAY0034008-ara1 | 0458Bayhaqi.IthbatCadhabQabr.Shamela0008258-ara1 | 0458Bayhaqi.IthbatCadhabQabr.Shia002105-ara1,4
openiti:0458Bayhaqi.JamicFiKhatim,0458Bayhaqi.JamicFiKhatim,Multiple OpenITI digital versions of one work,0458Bayhaqi.JamicFiKhatim.JK011331-ara1 | 0458Bayhaqi.JamicFiKhatim.Shamela0009300-ara1,2
openiti:0458Bayhaqi.MacrifatSunanWaAthar,0458Bayhaqi.MacrifatSunanWaAthar,Multiple OpenITI digital versions of one work,0458Bayhaqi.MacrifatSunanWaAthar.JK007027-ara1 | 0458Bayhaqi.MacrifatSunanWaAthar.ShamAY0033950-ara1 | 0458Bayhaqi.MacrifatSunanWaAthar.Shamela0002863-ara1 | 0458Bayhaqi.MacrifatSunanWaAthar.Shia002108Vols-ara1,4
openiti:0458Bayhaqi.MadkhalIlaSunanKubra,0458Bayhaqi.MadkhalIlaSunanKubra,Multiple OpenITI digital versions of one work,0458Bayhaqi.MadkhalIlaSunanKubra.JK000728-ara1 | 0458Bayhaqi.MadkhalIlaSunanKubra.Shamela0013061-ara1,2
openiti:0458Bayhaqi.QadaWaQadar,0458Bayhaqi.QadaWaQadar,Multiple OpenITI digital versions of one work,0458Bayhaqi.QadaWaQadar.JK009179-ara1 | 0458Bayhaqi.QadaWaQadar.Shamela0013053-ara1,2
openiti:0458Bayhaqi.QiraaKhalfaImam,0458Bayhaqi.QiraaKhalfaImam,Multiple OpenITI digital versions of one work,0458Bayhaqi.QiraaKhalfaImam.JK000631-ara1 | 0458Bayhaqi.QiraaKhalfaImam.Shamela0001378-ara1,2
openiti:0458Bayhaqi.ShucabIman,0458Bayhaqi.ShucabIman,Multiple OpenITI digital versions of one work,0458Bayhaqi.ShucabIman.JK000021-ara1 | 0458Bayhaqi.ShucabIman.ShamAY0033962-ara1 | 0458Bayhaqi.ShucabIman.Shamela0010660-ara1,3
openiti:0458Bayhaqi.SunanKubra,0458Bayhaqi.SunanKubra,Multiple OpenITI digital versions of one work,0458Bayhaqi.SunanKubra.JK000484-ara1 | 0458Bayhaqi.SunanKubra.Sham19Y0148486-ara1 | 0458Bayhaqi.SunanKubra.ShamAY0033909-ara1 | 0458Bayhaqi.SunanKubra.ShamAY0033917-ara1 | 0458Bayhaqi.SunanKubra.Shamela0007861-ara1 | 0458Bayhaqi.SunanKubra.Shia001754Vols-ara1,6
openiti:0458Bayhaqi.SunanSaghir,0458Bayhaqi.SunanSaghir,Multiple OpenITI digital versions of one work,0458Bayhaqi.SunanSaghir.ShamAY0033602-ara1 | 0458Bayhaqi.SunanSaghir.Shamela0012415-ara1,2
openiti:0458Bayhaqi.ZuhdKabir,0458Bayhaqi.ZuhdKabir,Multiple OpenITI digital versions of one work,0458Bayhaqi.ZuhdKabir.JK001288-ara1 | 0458Bayhaqi.ZuhdKabir.Shamela0013025-ara1,2
openiti:0458IbnSidaMursi.CadadFiLugha,0458IbnSidaMursi.CadadFiLugha,Multiple OpenITI digital versions of one work,0458IbnSidaMursi.CadadFiLugha.JK000909-ara1 | 0458IbnSidaMursi.CadadFiLugha.Shamela0006983-ara1,2
openiti:0458IbnSidaMursi.MuhkamWaMuhit,0458IbnSidaMursi.MuhkamWaMuhit,Multiple OpenITI digital versions of one work,0458IbnSidaMursi.MuhkamWaMuhit.JK006962-ara1 | 0458IbnSidaMursi.MuhkamWaMuhit.Shamela0009757-ara1,2
openiti:0458IbnSidaMursi.Mukhassas,0458IbnSidaMursi.Mukhassas,Multiple OpenITI digital versions of one work,0458IbnSidaMursi.Mukhassas.JK000849-ara1 | 0458IbnSidaMursi.Mukhassas.Shamela0003590-ara1,2
openiti:0458IbnSidaMursi.SharhMushkil,0458IbnSidaMursi.SharhMushkil,Multiple OpenITI digital versions of one work,0458IbnSidaMursi.SharhMushkil.JK010775-ara1 | 0458IbnSidaMursi.SharhMushkil.Shamela0000775-ara1,2
openiti:0458YahyaIbnSacidAntaki.Tarikh,0458YahyaIbnSacidAntaki.Tarikh,Multiple OpenITI digital versions of one work,0458YahyaIbnSacidAntaki.Tarikh.Kraken22080816591301-ara1 | 0458YahyaIbnSacidAntaki.Tarikh.Sham19Y0014512BK1-ara1,2
openiti:0459IbnSufi.Majdi,0459IbnSufi.Majdi,Multiple OpenITI digital versions of one work,0459IbnSufi.Majdi.Masaha002861-ara1 | 0459IbnSufi.Majdi.Shia003445-ara1 | 0459IbnSufi.Majdi.Zaydiyya0000156-ara1,3
openiti:0460AbuIshaqIlbiri.Diwan,0460AbuIshaqIlbiri.Diwan,Multiple OpenITI digital versions of one work,0460AbuIshaqIlbiri.Diwan.JK000032-ara1 | 0460AbuIshaqIlbiri.Diwan.JK007563-ara1 | 0460AbuIshaqIlbiri.Diwan.Shamela0006869-ara1,3
openiti:0460IbnSharafQayruwani.MasailIntiqad,0460IbnSharafQayruwani.MasailIntiqad,Multiple OpenITI digital versions of one work,0460IbnSharafQayruwani.MasailIntiqad.JK010786-ara1 | 0460IbnSharafQayruwani.MasailIntiqad.Shamela0000786-ara1,2
openiti:0460ShaykhTusi.Amali,0460ShaykhTusi.Amali,Multiple OpenITI digital versions of one work,0460ShaykhTusi.Amali.Shia001334-ara1 | 0460ShaykhTusi.Amali.Zaydiyya0000277-ara1,2
openiti:0460ShaykhTusi.CiddatUsul,0460ShaykhTusi.CiddatUsul,Multiple OpenITI digital versions of one work,0460ShaykhTusi.CiddatUsul.Shia002748Vols-ara1 | 0460ShaykhTusi.CiddatUsul.Shia002750Vols-ara1,2
openiti:0460ShaykhTusi.Fihrist,0460ShaykhTusi.Fihrist,Multiple OpenITI digital versions of one work,0460ShaykhTusi.Fihrist.Shia002934-ara1 | 0460ShaykhTusi.Fihrist.Zaydiyya0000284-ara1,2
openiti:0460ShaykhTusi.Ghayba,0460ShaykhTusi.Ghayba,Multiple OpenITI digital versions of one work,0460ShaykhTusi.Ghayba.Masaha002069Vols-ara1 | 0460ShaykhTusi.Ghayba.Shia001335-ara1 | 0460ShaykhTusi.Ghayba.Zaydiyya0000283-ara1,3
openiti:0460ShaykhTusi.IkhtiyarMacrifatRijal,0460ShaykhTusi.IkhtiyarMacrifatRijal,Multiple OpenITI digital versions of one work,0460ShaykhTusi.IkhtiyarMacrifatRijal.Masaha000524Vols-ara1 | 0460ShaykhTusi.IkhtiyarMacrifatRijal.Shia002932VolsBK1-ara1 | 0460ShaykhTusi.IkhtiyarMacrifatRijal.Zaydiyya0000278-ara1,3
openiti:0460ShaykhTusi.Iqtisad,0460ShaykhTusi.Iqtisad,Multiple OpenITI digital versions of one work,0460ShaykhTusi.Iqtisad.Masaha001015-ara1 | 0460ShaykhTusi.Iqtisad.Rafed0003319-ara2 | 0460ShaykhTusi.Iqtisad.Shia000025-ara1,3
openiti:0460ShaykhTusi.RasailCashar,0460ShaykhTusi.RasailCashar,Multiple OpenITI digital versions of one work,0460ShaykhTusi.RasailCashar.Masaha001023-ara1 | 0460ShaykhTusi.RasailCashar.Rafed0001252-ara1 | 0460ShaykhTusi.RasailCashar.Shia000032-ara1,3
openiti:0460ShaykhTusi.Rijal,0460ShaykhTusi.Rijal,Multiple OpenITI digital versions of one work,0460ShaykhTusi.Rijal.Shia002935-ara1 | 0460ShaykhTusi.Rijal.Zaydiyya0000285-ara1,2
openiti:0460ShaykhTusi.TahdhibAhkam,0460ShaykhTusi.TahdhibAhkam,Multiple OpenITI digital versions of one work,0460ShaykhTusi.TahdhibAhkam.Shia001161Vols-ara1 | 0460ShaykhTusi.TahdhibAhkam.Zaydiyya0000302-ara1,2
openiti:0460ShaykhTusi.Tibyan,0460ShaykhTusi.Tibyan,Multiple OpenITI digital versions of one work,0460ShaykhTusi.Tibyan.Shia002341Vols-ara1 | 0460ShaykhTusi.Tibyan.Tafsir04039-ara1 | 0460ShaykhTusi.Tibyan.Zaydiyya0000279-ara1,3
openiti:0461IbnHusaynSughdi.NutafFifatawa,0461IbnHusaynSughdi.NutafFifatawa,Multiple OpenITI digital versions of one work,0461IbnHusaynSughdi.NutafFifatawa.JK000282-ara1 | 0461IbnHusaynSughdi.NutafFifatawa.Shamela0006178-ara1,2
openiti:0463IbnCabdBarr.AdabMujalasa,0463IbnCabdBarr.AdabMujalasa,Multiple OpenITI digital versions of one work,0463IbnCabdBarr.AdabMujalasa.JK000035-ara1 | 0463IbnCabdBarr.AdabMujalasa.Shamela0006780-ara1 | 0463IbnCabdBarr.AdabMujalasa.Shia002115-ara1,3
openiti:0463IbnCabdBarr.Durar,0463IbnCabdBarr.Durar,Multiple OpenITI digital versions of one work,0463IbnCabdBarr.Durar.JK000118-ara1 | 0463IbnCabdBarr.Durar.Shamela0010695-ara1 | 0463IbnCabdBarr.Durar.Shia002155-ara1,3
openiti:0463IbnCabdBarr.InbahCalaQabail,0463IbnCabdBarr.InbahCalaQabail,Multiple OpenITI digital versions of one work,0463IbnCabdBarr.InbahCalaQabail.JK000948-ara1 | 0463IbnCabdBarr.InbahCalaQabail.Shamela0006696-ara1 | 0463IbnCabdBarr.InbahCalaQabail.Shia002117-ara1,3
openiti:0463IbnCabdBarr.Insaf,0463IbnCabdBarr.Insaf,Multiple OpenITI digital versions of one work,0463IbnCabdBarr.Insaf.JK011303-ara1 | 0463IbnCabdBarr.Insaf.Shamela0013000-ara1,2
openiti:0463IbnCabdBarr.IntiqaFiFadail,0463IbnCabdBarr.IntiqaFiFadail,Multiple OpenITI digital versions of one work,0463IbnCabdBarr.IntiqaFiFadail.JK001033-ara1 | 0463IbnCabdBarr.IntiqaFiFadail.Shamela0006733-ara1 | 0463IbnCabdBarr.IntiqaFiFadail.Shia002118-ara1,3
openiti:0463IbnCabdBarr.IsticabFiMacrifatAshab,0463IbnCabdBarr.IsticabFiMacrifatAshab,Multiple OpenITI digital versions of one work,0463IbnCabdBarr.IsticabFiMacrifatAshab.JK000778-ara1 | 0463IbnCabdBarr.IsticabFiMacrifatAshab.Shamela0012288-ara1 | 0463IbnCabdBarr.IsticabFiMacrifatAshab.Shia002127Vols-ara1 | 0463IbnCabdBarr.IsticabFiMacrifatAshab.Zaydiyya0000058-ara1,4
openiti:0463IbnCabdBarr.IstidhkarJamic,0463IbnCabdBarr.IstidhkarJamic,Multiple OpenITI digital versions of one work,0463IbnCabdBarr.IstidhkarJamic.JK001503-ara1 | 0463IbnCabdBarr.IstidhkarJamic.ShamAY0033530-ara1 | 0463IbnCabdBarr.IstidhkarJamic.Shamela0001722-ara1 | 0463IbnCabdBarr.IstidhkarJamic.Shia002119Vols-ara1,4
openiti:0463IbnCabdBarr.JamicBayan,0463IbnCabdBarr.JamicBayan,Multiple OpenITI digital versions of one work,0463IbnCabdBarr.JamicBayan.JK000005-ara1 | 0463IbnCabdBarr.JamicBayan.ShamAY0033956-ara1 | 0463IbnCabdBarr.JamicBayan.ShamAY0034003-ara1 | 0463IbnCabdBarr.JamicBayan.Shamela0022367-ara1 | 0463IbnCabdBarr.JamicBayan.Shia002159Vols-ara1,5
openiti:0463IbnCabdBarr.KafiFiFiqh,0463IbnCabdBarr.KafiFiFiqh,Multiple OpenITI digital versions of one work,0463IbnCabdBarr.KafiFiFiqh.JK000881-ara1 | 0463IbnCabdBarr.KafiFiFiqh.ShamAY0034246-ara1 | 0463IbnCabdBarr.KafiFiFiqh.Shamela0007367-ara1 | 0463IbnCabdBarr.KafiFiFiqh.Shia002157-ara1,4
openiti:0463IbnCabdBarr.TamhidMuwatta,0463IbnCabdBarr.TamhidMuwatta,Multiple OpenITI digital versions of one work,0463IbnCabdBarr.TamhidMuwatta.JK000585-ara1 | 0463IbnCabdBarr.TamhidMuwatta.Shamela0001719-ara1 | 0463IbnCabdBarr.TamhidMuwatta.Shia002131Vols-ara1,3
openiti:0463IbnRashiqQayrawani.CumdaFiMahasinShicr,0463IbnRashiqQayrawani.CumdaFiMahasinShicr,Multiple OpenITI digital versions of one work,0463IbnRashiqQayrawani.CumdaFiMahasinShicr.JK010637-ara1 | 0463IbnRashiqQayrawani.CumdaFiMahasinShicr.Shamela0010909-ara1,2
openiti:0463IbnRashiqQayrawani.Diwan,0463IbnRashiqQayrawani.Diwan,Multiple OpenITI digital versions of one work,0463IbnRashiqQayrawani.Diwan.JK007596-ara1 | 0463IbnRashiqQayrawani.Diwan.ShamAY0037868-ara1,2
openiti:0463IbnZaydun.Diwan,0463IbnZaydun.Diwan,Multiple OpenITI digital versions of one work,0463IbnZaydun.Diwan.JK007568-ara1 | 0463IbnZaydun.Diwan.ShamAY0037870-ara1,2
openiti:0463KhatibBaghdadi.AsmaMubhama,0463KhatibBaghdadi.AsmaMubhama,Multiple OpenITI digital versions of one work,0463KhatibBaghdadi.AsmaMubhama.JK009142-ara1 | 0463KhatibBaghdadi.AsmaMubhama.Shamela0005815-ara1,2
openiti:0463KhatibBaghdadi.FaqihWaMutafaqqih,0463KhatibBaghdadi.FaqihWaMutafaqqih,Multiple OpenITI digital versions of one work,0463KhatibBaghdadi.FaqihWaMutafaqqih.JK007078-ara1 | 0463KhatibBaghdadi.FaqihWaMutafaqqih.Shamela0013048-ara1,2
openiti:0463KhatibBaghdadi.FaslLiWaslMudrajFiNaql,0463KhatibBaghdadi.FaslLiWaslMudrajFiNaql,Multiple OpenITI digital versions of one work,0463KhatibBaghdadi.FaslLiWaslMudrajFiNaql.JK000720-ara1 | 0463KhatibBaghdadi.FaslLiWaslMudrajFiNaql.Shamela0010842-ara1,2
openiti:0463KhatibBaghdadi.GhunyatMultamis,0463KhatibBaghdadi.GhunyatMultamis,Multiple OpenITI digital versions of one work,0463KhatibBaghdadi.GhunyatMultamis.JK007120-ara1 | 0463KhatibBaghdadi.GhunyatMultamis.Shamela0005777-ara1,2
openiti:0463KhatibBaghdadi.HadithSittaMinTabicin,0463KhatibBaghdadi.HadithSittaMinTabicin,Multiple OpenITI digital versions of one work,0463KhatibBaghdadi.HadithSittaMinTabicin.JK000636-ara1 | 0463KhatibBaghdadi.HadithSittaMinTabicin.Shamela0005673-ara1 | 0463KhatibBaghdadi.HadithSittaMinTabicin.Shia002161-ara1,3
openiti:0463KhatibBaghdadi.IhtijajBiShafici,0463KhatibBaghdadi.IhtijajBiShafici,Multiple OpenITI digital versions of one work,0463KhatibBaghdadi.IhtijajBiShafici.JK000275-ara1 | 0463KhatibBaghdadi.IhtijajBiShafici.Shamela0006353-ara1,2
openiti:0463KhatibBaghdadi.IqtidaCilmCamal,0463KhatibBaghdadi.IqtidaCilmCamal,Multiple OpenITI digital versions of one work,0463KhatibBaghdadi.IqtidaCilmCamal.JK000607-ara1 | 0463KhatibBaghdadi.IqtidaCilmCamal.Shamela0012985-ara1 | 0463KhatibBaghdadi.IqtidaCilmCamal.Shia002116-ara1,3
openiti:0463KhatibBaghdadi.JamicLiAkhlaqRawiWaAdabSamic,0463KhatibBaghdadi.JamicLiAkhlaqRawiWaAdabSamic,Multiple OpenITI digital versions of one work,0463KhatibBaghdadi.JamicLiAkhlaqRawiWaAdabSamic.JK000761-ara1 | 0463KhatibBaghdadi.JamicLiAkhlaqRawiWaAdabSamic.Shamela0013012-ara1,2
openiti:0463KhatibBaghdadi.JuzTuruqHadithIbnCumarFiTaraiHilal,0463KhatibBaghdadi.JuzTuruqHadithIbnCumarFiTaraiHilal,Multiple OpenITI digital versions of one work,0463KhatibBaghdadi.JuzTuruqHadithIbnCumarFiTaraiHilal.JK009195-ara1 | 0463KhatibBaghdadi.JuzTuruqHadithIbnCumarFiTaraiHilal.ShamAY0033621-ara1 | 0463KhatibBaghdadi.JuzTuruqHadithIbnCumarFiTaraiHilal.ShamAY0033682-ara1 | 0463KhatibBaghdadi.JuzTuruqHadithIbnCumarFiTaraiHilal.Shamela0001932-ara1,4
openiti:0463KhatibBaghdadi.KalamCalaSifat,0463KhatibBaghdadi.KalamCalaSifat,Multiple OpenITI digital versions of one work,0463KhatibBaghdadi.KalamCalaSifat.JK009382-ara1 | 0463KhatibBaghdadi.KalamCalaSifat.ShamAY0035236-ara1 | 0463KhatibBaghdadi.KalamCalaSifat.ShamAY0035653-ara1,3
openiti:0463KhatibBaghdadi.KifayaFiCilmRiwaya,0463KhatibBaghdadi.KifayaFiCilmRiwaya,Multiple OpenITI digital versions of one work,0463KhatibBaghdadi.KifayaFiCilmRiwaya.JK000135-ara1 | 0463KhatibBaghdadi.KifayaFiCilmRiwaya.ShamAY0033976-ara1 | 0463KhatibBaghdadi.KifayaFiCilmRiwaya.Shamela0013055-ara1 | 0463KhatibBaghdadi.KifayaFiCilmRiwaya.Shia002158-ara1,4
openiti:0463KhatibBaghdadi.MuntakhabMinZuhdWaRaqaiq,0463KhatibBaghdadi.MuntakhabMinZuhdWaRaqaiq,Multiple OpenITI digital versions of one work,0463KhatibBaghdadi.MuntakhabMinZuhdWaRaqaiq.JK009186-ara1 | 0463KhatibBaghdadi.MuntakhabMinZuhdWaRaqaiq.Shamela0022551-ara1,2
openiti:0463KhatibBaghdadi.MuwaddihAwham,0463KhatibBaghdadi.MuwaddihAwham,Multiple OpenITI digital versions of one work,0463KhatibBaghdadi.MuwaddihAwham.JK000776-ara1 | 0463KhatibBaghdadi.MuwaddihAwham.Shamela0006025-ara1,2
openiti:0463KhatibBaghdadi.NasihatAhlHadith,0463KhatibBaghdadi.NasihatAhlHadith,Multiple OpenITI digital versions of one work,0463KhatibBaghdadi.NasihatAhlHadith.JK000632-ara1 | 0463KhatibBaghdadi.NasihatAhlHadith.Shamela0005646-ara1 | 0463KhatibBaghdadi.NasihatAhlHadith.Shia002162-ara1,3
openiti:0463KhatibBaghdadi.RihlaFiTalabCilm,0463KhatibBaghdadi.RihlaFiTalabCilm,Multiple OpenITI digital versions of one work,0463KhatibBaghdadi.RihlaFiTalabCilm.JK000727-ara1 | 0463KhatibBaghdadi.RihlaFiTalabCilm.Shamela0013020-ara1 | 0463KhatibBaghdadi.RihlaFiTalabCilm.Shia002156-ara1,3
openiti:0463KhatibBaghdadi.SharafAshabHadith,0463KhatibBaghdadi.SharafAshabHadith,Multiple OpenITI digital versions of one work,0463KhatibBaghdadi.SharafAshabHadith.JK000837-ara1 | 0463KhatibBaghdadi.SharafAshabHadith.Shamela0013125-ara1,2
openiti:0463KhatibBaghdadi.TaliTalkhisMutashabih,0463KhatibBaghdadi.TaliTalkhisMutashabih,Multiple OpenITI digital versions of one work,0463KhatibBaghdadi.TaliTalkhisMutashabih.JK000617-ara1 | 0463KhatibBaghdadi.TaliTalkhisMutashabih.Shamela0006003-ara1,2
openiti:0463KhatibBaghdadi.TaqyidCilm,0463KhatibBaghdadi.TaqyidCilm,Multiple OpenITI digital versions of one work,0463KhatibBaghdadi.TaqyidCilm.JK000627-ara1 | 0463KhatibBaghdadi.TaqyidCilm.Shamela0013089-ara1,2
openiti:0463KhatibBaghdadi.TarikhBaghdad,0463KhatibBaghdadi.TarikhBaghdad,Multiple OpenITI digital versions of one work,0463KhatibBaghdadi.TarikhBaghdad.JK000885-ara1 | 0463KhatibBaghdadi.TarikhBaghdad.Sham30K0000736-ara1 | 0463KhatibBaghdadi.TarikhBaghdad.Sham30K0023764-ara1 | 0463KhatibBaghdadi.TarikhBaghdad.Sham30K0032383-ara1 | 0463KhatibBaghdadi.TarikhBaghdad.Sham30K0036293-ara2 | 0463KhatibBaghdadi.TarikhBaghdad.Sham30K0045859-ara1 | 0463KhatibBaghdadi.TarikhBaghdad.Shamela0000736-ara2 | 0463KhatibBaghdadi.TarikhBaghdad.Shamela0023764BK1-ara1 | 0463KhatibBaghdadi.TarikhBaghdad.Shia003129Vols-ara1,9
openiti:0465IbnHawazinQushayri.LataifIsharat,0465IbnHawazinQushayri.LataifIsharat,Multiple OpenITI digital versions of one work,0465IbnHawazinQushayri.LataifIsharat.JK009257-ara1 | 0465IbnHawazinQushayri.LataifIsharat.Shamela0023629-ara1 | 0465IbnHawazinQushayri.LataifIsharat.Tafsir03031-ara1,3
openiti:0465IbnHawazinQushayri.RisalaQushayriyya,0465IbnHawazinQushayri.RisalaQushayriyya,Multiple OpenITI digital versions of one work,0465IbnHawazinQushayri.RisalaQushayriyya.JK009321-ara1 | 0465IbnHawazinQushayri.RisalaQushayriyya.Shamela0009953-ara1,2
openiti:0465IbnMuhtadi.Mashyakha,0465IbnMuhtadi.Mashyakha,Multiple OpenITI digital versions of one work,0465IbnMuhtadi.Mashyakha.ShamAY0032750-ara1 | 0465IbnMuhtadi.Mashyakha.ShamAY0032959-ara1,2
openiti:0466CabdCazizKattani.DhaylTarikhMawlidCulama,0466CabdCazizKattani.DhaylTarikhMawlidCulama,Multiple OpenITI digital versions of one work,0466CabdCazizKattani.DhaylTarikhMawlidCulama.JK000770-ara1 | 0466CabdCazizKattani.DhaylTarikhMawlidCulama.Shamela0005790-ara1,2
openiti:0466IbnSinanKhafaji.Diwan,0466IbnSinanKhafaji.Diwan,Multiple OpenITI digital versions of one work,0466IbnSinanKhafaji.Diwan.JK007620-ara1 | 0466IbnSinanKhafaji.Diwan.ShamAY0037956-ara1,2
openiti:0466IbnSinanKhafaji.SirrFasaha,0466IbnSinanKhafaji.SirrFasaha,Multiple OpenITI digital versions of one work,0466IbnSinanKhafaji.SirrFasaha.JK001090-ara1 | 0466IbnSinanKhafaji.SirrFasaha.Rafed0002077-ara1 | 0466IbnSinanKhafaji.SirrFasaha.Shamela0011239-ara1,3
openiti:0467IbnHasanBakharzi.Diwan,0467IbnHasanBakharzi.Diwan,Multiple OpenITI digital versions of one work,0467IbnHasanBakharzi.Diwan.JK007600-ara1 | 0467IbnHasanBakharzi.Diwan.ShamAY0037843-ara1,2
openiti:0467IbnHasanBakharzi.DumyatQasr,0467IbnHasanBakharzi.DumyatQasr,Multiple OpenITI digital versions of one work,0467IbnHasanBakharzi.DumyatQasr.JK009211-ara1 | 0467IbnHasanBakharzi.DumyatQasr.Shamela0010665-ara1,2
openiti:0468IbnAhmadWahidiNaysaburi.AsbabNuzul,0468IbnAhmadWahidiNaysaburi.AsbabNuzul,Multiple OpenITI digital versions of one work,0468IbnAhmadWahidiNaysaburi.AsbabNuzul.ShamAY0036736-ara1 | 0468IbnAhmadWahidiNaysaburi.AsbabNuzul.ShamAY0036754-ara1 | 0468IbnAhmadWahidiNaysaburi.AsbabNuzul.Shamela0011314-ara1 | 0468IbnAhmadWahidiNaysaburi.AsbabNuzul.Shamela0011456-ara1 | 0468IbnAhmadWahidiNaysaburi.AsbabNuzul.Shia002541-ara1,5
openiti:0468IbnAhmadWahidiNaysaburi.SharhDiwanMutanabbi,0468IbnAhmadWahidiNaysaburi.SharhDiwanMutanabbi,Multiple OpenITI digital versions of one work,0468IbnAhmadWahidiNaysaburi.SharhDiwanMutanabbi.JK010754-ara1 | 0468IbnAhmadWahidiNaysaburi.SharhDiwanMutanabbi.Shamela0000754-ara1,2
openiti:0468IbnAhmadWahidiNaysaburi.WajizFiTafsir,0468IbnAhmadWahidiNaysaburi.WajizFiTafsir,Multiple OpenITI digital versions of one work,0468IbnAhmadWahidiNaysaburi.WajizFiTafsir.JK000462-ara1 | 0468IbnAhmadWahidiNaysaburi.WajizFiTafsir.Shamela0002547-ara1 | 0468IbnAhmadWahidiNaysaburi.WajizFiTafsir.Shia002542Vols-ara1 | 0468IbnAhmadWahidiNaysaburi.WajizFiTafsir.Tafsir08060-ara1,4
openiti:0468IbnMuhammadMihrawani.Fawaid,0468IbnMuhammadMihrawani.Fawaid,Multiple OpenITI digital versions of one work,0468IbnMuhammadMihrawani.Fawaid.JK007015-ara1 | 0468IbnMuhammadMihrawani.Fawaid.ShamAY0033616-ara1 | 0468IbnMuhammadMihrawani.Fawaid.Shamela0000727-ara1,3
openiti:0469IbnHayyanQurtubi.Muqtabas,0469IbnHayyanQurtubi.Muqtabas,Multiple OpenITI digital versions of one work,0469IbnHayyanQurtubi.Muqtabas.JK010333-ara1 | 0469IbnHayyanQurtubi.Muqtabas.Shamela0016439-ara1,2
openiti:0470IbnAjdabi.KifayatMutahaffiz,0470IbnAjdabi.KifayatMutahaffiz,Multiple OpenITI digital versions of one work,0470IbnAjdabi.KifayatMutahaffiz.JK001193-ara1 | 0470IbnAjdabi.KifayatMutahaffiz.Shamela0007061-ara1,2
openiti:0470MuayyadFiDinShirazi.Sira,0470MuayyadFiDinShirazi.Sira,Multiple OpenITI digital versions of one work,0470MuayyadFiDinShirazi.Sira.Kraken210615213257-ara1 | 0470MuayyadFiDinShirazi.Sira.Kraken210622021805-ara1,2
openiti:0471CabdQahirJurjani.AsrarBalagha,0471CabdQahirJurjani.AsrarBalagha,Multiple OpenITI digital versions of one work,0471CabdQahirJurjani.AsrarBalagha.JK006906-ara1 | 0471CabdQahirJurjani.AsrarBalagha.Sham19Y0017387-ara1 | 0471CabdQahirJurjani.AsrarBalagha.ShamAY0032338-ara1 | 0471CabdQahirJurjani.AsrarBalagha.Shamela0008187-ara1,4
openiti:0471CabdQahirJurjani.DalailIcjaz,0471CabdQahirJurjani.DalailIcjaz,Multiple OpenITI digital versions of one work,0471CabdQahirJurjani.DalailIcjaz.JK001019-ara1 | 0471CabdQahirJurjani.DalailIcjaz.Rafed0002081-ara1 | 0471CabdQahirJurjani.DalailIcjaz.ShamAY0034098-ara1 | 0471CabdQahirJurjani.DalailIcjaz.Shamela0012055-ara1 | 0471CabdQahirJurjani.DalailIcjaz.Shamela0022664-ara1 | 0471CabdQahirJurjani.DalailIcjaz.Shamela0037697-ara1,6
openiti:0471CabdQahirJurjani.DarjDurar,0471CabdQahirJurjani.DarjDurar,Multiple OpenITI digital versions of one work,0471CabdQahirJurjani.DarjDurar.Sham19Y0122173-ara1 | 0471CabdQahirJurjani.DarjDurar.Sham19Y0122187-ara1,2
openiti:0471IbnAhmadIbnBannaBaghdadi.RisalaMughniyya,0471IbnAhmadIbnBannaBaghdadi.RisalaMughniyya,Multiple OpenITI digital versions of one work,0471IbnAhmadIbnBannaBaghdadi.RisalaMughniyya.JK000051-ara1 | 0471IbnAhmadIbnBannaBaghdadi.RisalaMughniyya.Shamela0006782-ara1,2
openiti:0471IbnCaliBalkhi.Wakhshiyyat,0471IbnCaliBalkhi.Wakhshiyyat,Multiple OpenITI digital versions of one work,0471IbnCaliBalkhi.Wakhshiyyat.Shamela0029984-ara1 | 0471IbnCaliBalkhi.Wakhshiyyat.Shamela0029991-ara1,2
openiti:0471IbnMuhammadIsfaraini.TabsirFiDin,0471IbnMuhammadIsfaraini.TabsirFiDin,Multiple OpenITI digital versions of one work,0471IbnMuhammadIsfaraini.TabsirFiDin.JK001248-ara1 | 0471IbnMuhammadIsfaraini.TabsirFiDin.Shamela0006376-ara1,2
openiti:0473IbnHayyus.Diwan,0473IbnHayyus.Diwan,Multiple OpenITI digital versions of one work,0473IbnHayyus.Diwan.JK007594-ara1 | 0473IbnHayyus.Diwan.ShamAY0037864-ara1,2
openiti:0474IbnKhalafBaji.IsharaFiUsulFiqh,0474IbnKhalafBaji.IsharaFiUsulFiqh,Multiple OpenITI digital versions of one work,0474IbnKhalafBaji.IsharaFiUsulFiqh.Sham19Y0017871-ara1 | 0474IbnKhalafBaji.IsharaFiUsulFiqh.Sham19Y0020983-ara1,2
openiti:0474IbnKhalafBaji.MuntaqaSharhMuwatta,0474IbnKhalafBaji.MuntaqaSharhMuwatta,Multiple OpenITI digital versions of one work,0474IbnKhalafBaji.MuntaqaSharhMuwatta.Sham19Y0006684-ara1 | 0474IbnKhalafBaji.MuntaqaSharhMuwatta.Shamela0006684-ara1,2
openiti:0474IbnKhalafBaji.Nasiha,0474IbnKhalafBaji.Nasiha,Multiple OpenITI digital versions of one work,0474IbnKhalafBaji.Nasiha.JK001285-ara1 | 0474IbnKhalafBaji.Nasiha.Shamela0006865-ara1,2
openiti:0474IbnKhalafBaji.TacdilWaTajrih,0474IbnKhalafBaji.TacdilWaTajrih,Multiple OpenITI digital versions of one work,0474IbnKhalafBaji.TacdilWaTajrih.JK000499-ara1 | 0474IbnKhalafBaji.TacdilWaTajrih.ShamAY0034037-ara1 | 0474IbnKhalafBaji.TacdilWaTajrih.Shamela0005851-ara1 | 0474IbnKhalafBaji.TacdilWaTajrih.Shia003143Vols-ara1,4
openiti:0475IbnMakula.IkmalFiRafcIrtiyab,0475IbnMakula.IkmalFiRafcIrtiyab,Multiple OpenITI digital versions of one work,0475IbnMakula.IkmalFiRafcIrtiyab.JK000582-ara1 | 0475IbnMakula.IkmalFiRafcIrtiyab.Shamela0022659-ara1 | 0475IbnMakula.IkmalFiRafcIrtiyab.Shia003146Vols-ara1,3
openiti:0475IbnMakula.TahdhibMustamirr,0475IbnMakula.TahdhibMustamirr,Multiple OpenITI digital versions of one work,0475IbnMakula.TahdhibMustamirr.JK000773-ara1 | 0475IbnMakula.TahdhibMustamirr.Shamela0005798-ara1,2
openiti:0475IbnMandahCabdWahhabIsbahani.Fawaid,0475IbnMandahCabdWahhabIsbahani.Fawaid,Multiple OpenITI digital versions of one work,0475IbnMandahCabdWahhabIsbahani.Fawaid.JK010938-ara1 | 0475IbnMandahCabdWahhabIsbahani.Fawaid.Shia002163-ara1,2
openiti:0476AbuIshaqShirazi.LumacFiUsulFiqh,0476AbuIshaqShirazi.LumacFiUsulFiqh,Multiple OpenITI digital versions of one work,0476AbuIshaqShirazi.LumacFiUsulFiqh.JK000427-ara1 | 0476AbuIshaqShirazi.LumacFiUsulFiqh.Shamela0008536-ara1 | 0476AbuIshaqShirazi.LumacFiUsulFiqh.Shia002913-ara1,3
openiti:0476AbuIshaqShirazi.MacunaFiJadal,0476AbuIshaqShirazi.MacunaFiJadal,Multiple OpenITI digital versions of one work,0476AbuIshaqShirazi.MacunaFiJadal.JK000230-ara1 | 0476AbuIshaqShirazi.MacunaFiJadal.Shamela0006320-ara1,2
openiti:0476AbuIshaqShirazi.MuhadhdhabFiFiqh,0476AbuIshaqShirazi.MuhadhdhabFiFiqh,Multiple OpenITI digital versions of one work,0476AbuIshaqShirazi.MuhadhdhabFiFiqh.JK000272-ara1 | 0476AbuIshaqShirazi.MuhadhdhabFiFiqh.Shamela0011813-ara1,2
openiti:0476AbuIshaqShirazi.TabaqatFuqaha,0476AbuIshaqShirazi.TabaqatFuqaha,Multiple OpenITI digital versions of one work,0476AbuIshaqShirazi.TabaqatFuqaha.JK000217-ara2 | 0476AbuIshaqShirazi.TabaqatFuqaha.Shamela0001031-ara1,2
openiti:0476AbuIshaqShirazi.TabsiraFiUsulFiqh,0476AbuIshaqShirazi.TabsiraFiUsulFiqh,Multiple OpenITI digital versions of one work,0476AbuIshaqShirazi.TabsiraFiUsulFiqh.JK000214-ara1 | 0476AbuIshaqShirazi.TabsiraFiUsulFiqh.Shamela0025787-ara1,2
openiti:0476AbuIshaqShirazi.TanbihFiFiqhShafici,0476AbuIshaqShirazi.TanbihFiFiqhShafici,Multiple OpenITI digital versions of one work,0476AbuIshaqShirazi.TanbihFiFiqhShafici.JK000303-ara1 | 0476AbuIshaqShirazi.TanbihFiFiqhShafici.Shamela0007589-ara1,2
openiti:0477BibiHarawiyya.Juz,0477BibiHarawiyya.Juz,Multiple OpenITI digital versions of one work,0477BibiHarawiyya.Juz.JK000643-ara1 | 0477BibiHarawiyya.Juz.Shamela0005668-ara1,2
openiti:0478ImamHaramaynJuwayni.BurhanFiUsulFiqh,0478ImamHaramaynJuwayni.BurhanFiUsulFiqh,Multiple OpenITI digital versions of one work,0478ImamHaramaynJuwayni.BurhanFiUsulFiqh.JK000781-ara1 | 0478ImamHaramaynJuwayni.BurhanFiUsulFiqh.ShamAY0034188-ara1 | 0478ImamHaramaynJuwayni.BurhanFiUsulFiqh.Shamela0007439-ara1,3
openiti:0478ImamHaramaynJuwayni.GhiyathUmam,0478ImamHaramaynJuwayni.GhiyathUmam,Multiple OpenITI digital versions of one work,0478ImamHaramaynJuwayni.GhiyathUmam.JK000043-ara1 | 0478ImamHaramaynJuwayni.GhiyathUmam.ShamAY0034346-ara1 | 0478ImamHaramaynJuwayni.GhiyathUmam.Shamela0008323-ara1,3
openiti:0478ImamHaramaynJuwayni.IjtihadMinTalkhis,0478ImamHaramaynJuwayni.IjtihadMinTalkhis,Multiple OpenITI digital versions of one work,0478ImamHaramaynJuwayni.IjtihadMinTalkhis.JK000185-ara1 | 0478ImamHaramaynJuwayni.IjtihadMinTalkhis.Shamela0006352-ara1,2
openiti:0478ImamHaramaynJuwayni.LamcAdilla,0478ImamHaramaynJuwayni.LamcAdilla,Multiple OpenITI digital versions of one work,0478ImamHaramaynJuwayni.LamcAdilla.JK001133-ara1 | 0478ImamHaramaynJuwayni.LamcAdilla.Shamela0006398-ara1 | 0478ImamHaramaynJuwayni.LamcAdilla.Shia004493-ara1,3
openiti:0478ImamHaramaynJuwayni.TalkhisFiUsulFiqh,0478ImamHaramaynJuwayni.TalkhisFiUsulFiqh,Multiple OpenITI digital versions of one work,0478ImamHaramaynJuwayni.TalkhisFiUsulFiqh.JK007005-ara1 | 0478ImamHaramaynJuwayni.TalkhisFiUsulFiqh.Shamela0006323-ara1,2
openiti:0478ImamHaramaynJuwayni.Waraqat,0478ImamHaramaynJuwayni.Waraqat,Multiple OpenITI digital versions of one work,0478ImamHaramaynJuwayni.Waraqat.JK000308-ara1 | 0478ImamHaramaynJuwayni.Waraqat.Shamela0006297-ara1,2
openiti:0478MutawalliNaysaburi.GhunyaFiUsulDin,0478MutawalliNaysaburi.GhunyaFiUsulDin,Multiple OpenITI digital versions of one work,0478MutawalliNaysaburi.GhunyaFiUsulDin.JK001094-ara1 | 0478MutawalliNaysaburi.GhunyaFiUsulDin.ShamAY0033882-ara1,2
openiti:0480IbnHaddadQaysi.Diwan,0480IbnHaddadQaysi.Diwan,Multiple OpenITI digital versions of one work,0480IbnHaddadQaysi.Diwan.JK007573-ara1 | 0480IbnHaddadQaysi.Diwan.ShamAY0037849-ara1,2
openiti:0480IbnHilalSabi.HafawatNadira,0480IbnHilalSabi.HafawatNadira,Multiple OpenITI digital versions of one work,0480IbnHilalSabi.HafawatNadira.ShamAY0001528-ara1 | 0480IbnHilalSabi.HafawatNadira.Shamela0005363-ara1,2
openiti:0481AnsariHarawi.ArbacunaFiDalailTawhid,0481AnsariHarawi.ArbacunaFiDalailTawhid,Multiple OpenITI digital versions of one work,0481AnsariHarawi.ArbacunaFiDalailTawhid.JK000317-ara1 | 0481AnsariHarawi.ArbacunaFiDalailTawhid.Shamela0006410-ara1 | 0481AnsariHarawi.ArbacunaFiDalailTawhid.Shia002164-ara1,3
openiti:0481AnsariHarawi.DhammKalam,0481AnsariHarawi.DhammKalam,Multiple OpenITI digital versions of one work,0481AnsariHarawi.DhammKalam.JK001006-ara1 | 0481AnsariHarawi.DhammKalam.ShamAY0033886-ara1 | 0481AnsariHarawi.DhammKalam.Shamela0001427-ara1 | 0481AnsariHarawi.DhammKalam.Shia004494Vols-ara1,4
openiti:0481AnsariHarawi.ManazilSairin,0481AnsariHarawi.ManazilSairin,Multiple OpenITI digital versions of one work,0481AnsariHarawi.ManazilSairin.JK000052-ara1 | 0481AnsariHarawi.ManazilSairin.Shamela0006876-ara1,2
openiti:0481IbnBarrajTarabulusi.JawahirFiqh,0481IbnBarrajTarabulusi.JawahirFiqh,Multiple OpenITI digital versions of one work,0481IbnBarrajTarabulusi.JawahirFiqh.Masaha001052-ara1 | 0481IbnBarrajTarabulusi.JawahirFiqh.Shia000045-ara1,2
openiti:0481IbnBarrajTarabulusi.Muhadhdhib,0481IbnBarrajTarabulusi.Muhadhdhib,Multiple OpenITI digital versions of one work,0481IbnBarrajTarabulusi.Muhadhdhib.Masaha000722Vols-ara1 | 0481IbnBarrajTarabulusi.Muhadhdhib.Shia000043Vols-ara1,2
openiti:0482AbuIshaqHabbal.WafayatMisriyyin,0482AbuIshaqHabbal.WafayatMisriyyin,Multiple OpenITI digital versions of one work,0482AbuIshaqHabbal.WafayatMisriyyin.JK000712-ara1 | 0482AbuIshaqHabbal.WafayatMisriyyin.Shamela0005871-ara1,2
openiti:0483IbnAhmadSarakhsi.Mabsut,0483IbnAhmadSarakhsi.Mabsut,Multiple OpenITI digital versions of one work,0483IbnAhmadSarakhsi.Mabsut.JK000266-ara1 | 0483IbnAhmadSarakhsi.Mabsut.ShamAY0034206-ara1 | 0483IbnAhmadSarakhsi.Mabsut.Shamela0005423-ara1 | 0483IbnAhmadSarakhsi.Mabsut.Shia000923Vols-ara1,4
openiti:0483IbnAhmadSarakhsi.SharhSiyarKabir,0483IbnAhmadSarakhsi.SharhSiyarKabir,Multiple OpenITI digital versions of one work,0483IbnAhmadSarakhsi.SharhSiyarKabir.JK009218-ara1 | 0483IbnAhmadSarakhsi.SharhSiyarKabir.Shamela0005434-ara1 | 0483IbnAhmadSarakhsi.SharhSiyarKabir.Shia003154Vols-ara1,3
openiti:0483IbnAhmadSarakhsi.Usul,0483IbnAhmadSarakhsi.Usul,Multiple OpenITI digital versions of one work,0483IbnAhmadSarakhsi.Usul.JK000211-ara1 | 0483IbnAhmadSarakhsi.Usul.Shamela0006301-ara1 | 0483IbnAhmadSarakhsi.Usul.Shia002914Vols-ara1,3
openiti:0483IbnMuhammadIbnMaghaziliWasiti.ManaqibCali,0483IbnMuhammadIbnMaghaziliWasiti.ManaqibCali,Multiple OpenITI digital versions of one work,0483IbnMuhammadIbnMaghaziliWasiti.ManaqibCali.Masaha002336-ara1 | 0483IbnMuhammadIbnMaghaziliWasiti.ManaqibCali.Shamela0026456-ara1,2
openiti:0485IbnMuhammadHaddadMahdawi.HasrHarfZa,0485IbnMuhammadHaddadMahdawi.HasrHarfZa,Multiple OpenITI digital versions of one work,0485IbnMuhammadHaddadMahdawi.HasrHarfZa.JK006961-ara1 | 0485IbnMuhammadHaddadMahdawi.HasrHarfZa.Shamela0001150-ara1,2
openiti:0485NizamMulkWazir.Amali,0485NizamMulkWazir.Amali,Multiple OpenITI digital versions of one work,0485NizamMulkWazir.Amali.JK000563-ara1 | 0485NizamMulkWazir.Amali.Shamela0009608-ara1,2
openiti:0486AbuAsbaghGharnati.DiwanAhkamKubra,0486AbuAsbaghGharnati.DiwanAhkamKubra,Multiple OpenITI digital versions of one work,0486AbuAsbaghGharnati.DiwanAhkamKubra.Sham19Y0014593-ara1 | 0486AbuAsbaghGharnati.DiwanAhkamKubra.ShamAY0034231-ara1,2
openiti:0487AbuCubaydBakri.FaslMaqal,0487AbuCubaydBakri.FaslMaqal,Multiple OpenITI digital versions of one work,0487AbuCubaydBakri.FaslMaqal.JK000974-ara1 | 0487AbuCubaydBakri.FaslMaqal.Shamela0001025-ara1,2
openiti:0487AbuCubaydBakri.MasalikWaMamalik,0487AbuCubaydBakri.MasalikWaMamalik,Multiple OpenITI digital versions of one work,0487AbuCubaydBakri.MasalikWaMamalik.Masaha003951Vols-ara1 | 0487AbuCubaydBakri.MasalikWaMamalik.Shamela0023849-ara1,2
openiti:0487AbuCubaydBakri.MucjamMaIstacjama,0487AbuCubaydBakri.MucjamMaIstacjama,Multiple OpenITI digital versions of one work,0487AbuCubaydBakri.MucjamMaIstacjama.JK000800-ara1 | 0487AbuCubaydBakri.MucjamMaIstacjama.Rafed0002530Vols-ara1 | 0487AbuCubaydBakri.MucjamMaIstacjama.Shamela0011802-ara1 | 0487AbuCubaydBakri.MucjamMaIstacjama.Shia003919Vols-ara1,4
openiti:0487AbuCubaydBakri.SimtLaaliFiSharhAmali,0487AbuCubaydBakri.SimtLaaliFiSharhAmali,Multiple OpenITI digital versions of one work,0487AbuCubaydBakri.SimtLaaliFiSharhAmali.JK009225-ara1 | 0487AbuCubaydBakri.SimtLaaliFiSharhAmali.Shamela0001586-ara1,2
openiti:0487AbuCubaydBakri.TanbihCalaAwham,0487AbuCubaydBakri.TanbihCalaAwham,Multiple OpenITI digital versions of one work,0487AbuCubaydBakri.TanbihCalaAwham.JK007123-ara1 | 0487AbuCubaydBakri.TanbihCalaAwham.JK009208-ara1 | 0487AbuCubaydBakri.TanbihCalaAwham.Kraken22021606120800BK4-ara1 | 0487AbuCubaydBakri.TanbihCalaAwham.Shamela0006752-ara1,4
openiti:0488IbnFutuhHumaydi.JadhwatMuqtabis,0488IbnFutuhHumaydi.JadhwatMuqtabis,Multiple OpenITI digital versions of one work,0488IbnFutuhHumaydi.JadhwatMuqtabis.JK010310-ara1 | 0488IbnFutuhHumaydi.JadhwatMuqtabis.Shamela0005742-ara1,2
openiti:0488IbnFutuhHumaydi.JamcBaynaSahihayn,0488IbnFutuhHumaydi.JamcBaynaSahihayn,Multiple OpenITI digital versions of one work,0488IbnFutuhHumaydi.JamcBaynaSahihayn.JK007065-ara1 | 0488IbnFutuhHumaydi.JamcBaynaSahihayn.Shamela0005567-ara1,2
openiti:0488IbnFutuhHumaydi.TafsirGharib,0488IbnFutuhHumaydi.TafsirGharib,Multiple OpenITI digital versions of one work,0488IbnFutuhHumaydi.TafsirGharib.JK001211-ara1 | 0488IbnFutuhHumaydi.TafsirGharib.Shamela0007014-ara1,2
openiti:0488ZahirDin.DhaylTajaribUmam,0488ZahirDin.DhaylTajaribUmam,Multiple OpenITI digital versions of one work,0488ZahirDin.DhaylTajaribUmam.Kraken22021606121602-ara1 | 0488ZahirDin.DhaylTajaribUmam.Shamela0012396BK2-ara1,2
openiti:0489IbnFadlIsbahani.FawaidCawali,0489IbnFadlIsbahani.FawaidCawali,Multiple OpenITI digital versions of one work,0489IbnFadlIsbahani.FawaidCawali.ShamAY0032848-ara1 | 0489IbnFadlIsbahani.FawaidCawali.ShamAY0032905-ara1 | 0489IbnFadlIsbahani.FawaidCawali.ShamAY0032906-ara1 | 0489IbnFadlIsbahani.FawaidCawali.Shamela0010514-ara1,4
openiti:0489IbnMuhammadSamcani.IntisarAshabHadith,0489IbnMuhammadSamcani.IntisarAshabHadith,Multiple OpenITI digital versions of one work,0489IbnMuhammadSamcani.IntisarAshabHadith.JK000969-ara1 | 0489IbnMuhammadSamcani.IntisarAshabHadith.Shamela0005727-ara1,2
openiti:0489IbnMuhammadSamcani.QawaticAdilla,0489IbnMuhammadSamcani.QawaticAdilla,Multiple OpenITI digital versions of one work,0489IbnMuhammadSamcani.QawaticAdilla.JK001304-ara1 | 0489IbnMuhammadSamcani.QawaticAdilla.Shamela0012049-ara1,2
openiti:0489IbnMuhammadSamcani.TafsirQuran,0489IbnMuhammadSamcani.TafsirQuran,Multiple OpenITI digital versions of one work,0489IbnMuhammadSamcani.TafsirQuran.JK006476-ara1 | 0489IbnMuhammadSamcani.TafsirQuran.Shamela0008320-ara1 | 0489IbnMuhammadSamcani.TafsirQuran.Shia002544Vols-ara1,3
openiti:0490IbnIbrahimNabulusi.Amali,0490IbnIbrahimNabulusi.Amali,Multiple OpenITI digital versions of one work,0490IbnIbrahimNabulusi.Amali.Shamela0029774-ara1 | 0490IbnIbrahimNabulusi.Amali.Shamela0029895-ara1 | 0490IbnIbrahimNabulusi.Amali.Shamela0030574-ara1,3
openiti:0491IbnMuhammadZaynabi.Amali,0491IbnMuhammadZaynabi.Amali,Multiple OpenITI digital versions of one work,0491IbnMuhammadZaynabi.Amali.Shamela0012549-ara1 | 0491IbnMuhammadZaynabi.Amali.Shamela0030725-ara1,2
openiti:0492AbuHasanKhulci.Fawaid,0492AbuHasanKhulci.Fawaid,Multiple OpenITI digital versions of one work,0492AbuHasanKhulci.Fawaid.Shamela0010835-ara1 | 0492AbuHasanKhulci.Fawaid.Shamela0029775-ara1,2
openiti:0492AbuMurshidMacarri.TafsirAbyat,0492AbuMurshidMacarri.TafsirAbyat,Multiple OpenITI digital versions of one work,0492AbuMurshidMacarri.TafsirAbyat.JK010780-ara1 | 0492AbuMurshidMacarri.TafsirAbyat.Shamela0000780-ara1,2
openiti:0494AbuNasrIbnWadcan.ArbacunaWadcaniyya,0494AbuNasrIbnWadcan.ArbacunaWadcaniyya,Multiple OpenITI digital versions of one work,0494AbuNasrIbnWadcan.ArbacunaWadcaniyya.Shamela0012882-ara1 | 0494AbuNasrIbnWadcan.ArbacunaWadcaniyya.Shamela0030584-ara1,2
openiti:0494HakimJushami.TanbihGhafilin,0494HakimJushami.TanbihGhafilin,Multiple OpenITI digital versions of one work,0494HakimJushami.TanbihGhafilin.Shia003691-ara1 | 0494HakimJushami.TanbihGhafilin.Zaydiyya0000137-ara1,2
openiti:0497IbnFarajIbnTallacQurtubi.AqdiyatRasul,0497IbnFarajIbnTallacQurtubi.AqdiyatRasul,Multiple OpenITI digital versions of one work,0497IbnFarajIbnTallacQurtubi.AqdiyatRasul.Masaha001838-ara1 | 0497IbnFarajIbnTallacQurtubi.AqdiyatRasul.Shamela0009769-ara1,2
openiti:0497IbnIbnZahraTuraythithi.Hadith,0497IbnIbnZahraTuraythithi.Hadith,Multiple OpenITI digital versions of one work,0497IbnIbnZahraTuraythithi.Hadith.Shamela0011441-ara1 | 0497IbnIbnZahraTuraythithi.Hadith.Shamela0029777-ara1,2
openiti:0498AbuCaliJayyani.AlqabSahaba,0498AbuCaliJayyani.AlqabSahaba,Multiple OpenITI digital versions of one work,0498AbuCaliJayyani.AlqabSahaba.JK007034-ara1 | 0498AbuCaliJayyani.AlqabSahaba.Shamela0005895-ara1,2
openiti:0498AbuCaliJayyani.TaqyidMuhmal,0498AbuCaliJayyani.TaqyidMuhmal,Multiple OpenITI digital versions of one work,0498AbuCaliJayyani.TaqyidMuhmal.JK000986-ara1 | 0498AbuCaliJayyani.TaqyidMuhmal.ShamAY0034577-ara1 | 0498AbuCaliJayyani.TaqyidMuhmal.Shamela0005795-ara1,3
openiti:0498IbnMuhammadAbuBakrIsbahani.Juz,0498IbnMuhammadAbuBakrIsbahani.Juz,Multiple OpenITI digital versions of one work,0498IbnMuhammadAbuBakrIsbahani.Juz.JK000572-ara1 | 0498IbnMuhammadAbuBakrIsbahani.Juz.Shamela0013105-ara1,2
openiti:0499MurshidYahyaIbnShajari.Amali,0499MurshidYahyaIbnShajari.Amali,Multiple OpenITI digital versions of one work,0499MurshidYahyaIbnShajari.Amali.JK009226-ara1 | 0499MurshidYahyaIbnShajari.Amali.Shamela0009392-ara1 | 0499MurshidYahyaIbnShajari.Amali.Zaydiyya0000230-ara1 | 0499MurshidYahyaIbnShajari.Amali.Zaydiyya0000342-ara1,4
openiti:0500Anonymous.AwtanWaBuldan,0500Anonymous.AwtanWaBuldan,Multiple OpenITI digital versions of one work,0500Anonymous.AwtanWaBuldan.Shamela0010428BK36-ara1 | 0500Anonymous.AwtanWaBuldan.Shamela0010709BK2-ara2,2
openiti:0500Anonymous.ZiyadatMakhtutatTarikhJurjan,0500Anonymous.ZiyadatMakhtutatTarikhJurjan,Multiple OpenITI digital versions of one work,0500Anonymous.ZiyadatMakhtutatTarikhJurjan.JK000496BK2-ara1 | 0500Anonymous.ZiyadatMakhtutatTarikhJurjan.Masaha004497BK2-ara1 | 0500Anonymous.ZiyadatMakhtutatTarikhJurjan.Shamela0011077BK2-ara1 | 0500Anonymous.ZiyadatMakhtutatTarikhJurjan.Shia003487BK2-ara1,4
openiti:0500CabdWahidTamimiAmidi.GhurarHikam,0500CabdWahidTamimiAmidi.GhurarHikam,Multiple OpenITI digital versions of one work,0500CabdWahidTamimiAmidi.GhurarHikam.Masaha004559-ara1 | 0500CabdWahidTamimiAmidi.GhurarHikam.Masaha004580-ara1,2
openiti:0500IbnAhmadSarrajBaghdadi.Fawaid,0500IbnAhmadSarrajBaghdadi.Fawaid,Multiple OpenITI digital versions of one work,0500IbnAhmadSarrajBaghdadi.Fawaid.ShamAY0038108-ara1 | 0500IbnAhmadSarrajBaghdadi.Fawaid.ShamAY0038144-ara1,2
openiti:0500IbnAhmadSarrajBaghdadi.MasaricCushshaq,0500IbnAhmadSarrajBaghdadi.MasaricCushshaq,Multiple OpenITI digital versions of one work,0500IbnAhmadSarrajBaghdadi.MasaricCushshaq.JK009304-ara1 | 0500IbnAhmadSarrajBaghdadi.MasaricCushshaq.ShamAY0033793-ara1 | 0500IbnAhmadSarrajBaghdadi.MasaricCushshaq.Shamela0026549-ara1,3
openiti:0502IbnCaliTabriziShaybani.DiwanHamasa,0502IbnCaliTabriziShaybani.DiwanHamasa,Multiple OpenITI digital versions of one work,0502IbnCaliTabriziShaybani.DiwanHamasa.JK001099-ara1 | 0502IbnCaliTabriziShaybani.DiwanHamasa.Shamela0006907-ara1,2
openiti:0502RaghibIsbahani.Mufradat,0502RaghibIsbahani.Mufradat,Multiple OpenITI digital versions of one work,0502RaghibIsbahani.Mufradat.JK001150-ara1 | 0502RaghibIsbahani.Mufradat.Masaha003644-ara1 | 0502RaghibIsbahani.Mufradat.ShamAY0034092-ara1 | 0502RaghibIsbahani.Mufradat.Shamela0023636-ara1 | 0502RaghibIsbahani.Mufradat.Shia002552-ara1,5
openiti:0502RaghibIsbahani.MuhadaratUdaba,0502RaghibIsbahani.MuhadaratUdaba,Multiple OpenITI digital versions of one work,0502RaghibIsbahani.MuhadaratUdaba.JK006919-ara1 | 0502RaghibIsbahani.MuhadaratUdaba.Shamela0009078-ara1,2
openiti:0502RaghibIsbahani.TafsilNashatayn,0502RaghibIsbahani.TafsilNashatayn,Multiple OpenITI digital versions of one work,0502RaghibIsbahani.TafsilNashatayn.JK010181-ara1 | 0502RaghibIsbahani.TafsilNashatayn.Shamela0021562-ara1,2
openiti:0505Ghazali.AsnafMaghrurin,0505Ghazali.AsnafMaghrurin,Multiple OpenITI digital versions of one work,0505Ghazali.AsnafMaghrurin.JK010255-ara1 | 0505Ghazali.AsnafMaghrurin.Shamela0009198-ara1,2
openiti:0505Ghazali.Fadaih,0505Ghazali.Fadaih,Multiple OpenITI digital versions of one work,0505Ghazali.Fadaih.JK000345-ara1 | 0505Ghazali.Fadaih.Rafed0003529-ara1 | 0505Ghazali.Fadaih.ShamAY0033901-ara1 | 0505Ghazali.Fadaih.Shamela0006554-ara1,4
openiti:0505Ghazali.IhyaCulumDin,0505Ghazali.IhyaCulumDin,Multiple OpenITI digital versions of one work,0505Ghazali.IhyaCulumDin.JK000001-ara1 | 0505Ghazali.IhyaCulumDin.Shamela0009472-ara1,2
openiti:0505Ghazali.Iqtisad,0505Ghazali.Iqtisad,Multiple OpenITI digital versions of one work,0505Ghazali.Iqtisad.JK009219-ara1 | 0505Ghazali.Iqtisad.Rafed0003312-ara1 | 0505Ghazali.Iqtisad.Shamela0009217-ara1,3
openiti:0505Ghazali.JawahirQuran,0505Ghazali.JawahirQuran,Multiple OpenITI digital versions of one work,0505Ghazali.JawahirQuran.JK001110-ara1 | 0505Ghazali.JawahirQuran.Shamela0009883-ara1,2
openiti:0505Ghazali.MacarijQuds,0505Ghazali.MacarijQuds,Multiple OpenITI digital versions of one work,0505Ghazali.MacarijQuds.JK000061-ara1 | 0505Ghazali.MacarijQuds.Shamela0006494-ara1,2
openiti:0505Ghazali.MajmucatRasail,0505Ghazali.MajmucatRasail,Multiple OpenITI digital versions of one work,0505Ghazali.MajmucatRasail.Rafed0003457-ara1 | 0505Ghazali.MajmucatRasail.ShamAY0034794-ara1 | 0505Ghazali.MajmucatRasail.ShamAY0034797-ara1,3
openiti:0505Ghazali.Mankhul,0505Ghazali.Mankhul,Multiple OpenITI digital versions of one work,0505Ghazali.Mankhul.JK000155-ara1 | 0505Ghazali.Mankhul.Shamela0003960-ara1 | 0505Ghazali.Mankhul.Shia002917-ara1,3
openiti:0505Ghazali.MaqsadAsna,0505Ghazali.MaqsadAsna,Multiple OpenITI digital versions of one work,0505Ghazali.MaqsadAsna.JK000036-ara1 | 0505Ghazali.MaqsadAsna.Shamela0006465-ara1,2
openiti:0505Ghazali.MicyarCilm,0505Ghazali.MicyarCilm,Multiple OpenITI digital versions of one work,0505Ghazali.MicyarCilm.JK010716-ara1 | 0505Ghazali.MicyarCilm.Shamela0026575-ara1,2
openiti:0505Ghazali.MishkatAnwar,0505Ghazali.MishkatAnwar,Multiple OpenITI digital versions of one work,0505Ghazali.MishkatAnwar.JK009401-ara1 | 0505Ghazali.MishkatAnwar.Shamela0012421-ara1,2
openiti:0505Ghazali.MizanCamal,0505Ghazali.MizanCamal,Multiple OpenITI digital versions of one work,0505Ghazali.MizanCamal.JK009289-ara1 | 0505Ghazali.MizanCamal.Shamela0009264-ara1,2
openiti:0505Ghazali.Munqidh,0505Ghazali.Munqidh,Multiple OpenITI digital versions of one work,0505Ghazali.Munqidh.JK009330-ara1 | 0505Ghazali.Munqidh.ShamAY0033739-ara1 | 0505Ghazali.Munqidh.Shamela0009246-ara1,3
openiti:0505Ghazali.Mustasfa,0505Ghazali.Mustasfa,Multiple OpenITI digital versions of one work,0505Ghazali.Mustasfa.JK000276-ara1 | 0505Ghazali.Mustasfa.ShamAY0034180-ara1 | 0505Ghazali.Mustasfa.Shamela0005459-ara1 | 0505Ghazali.Mustasfa.Shia002916-ara1,4
openiti:0505Ghazali.QawacidCaqaid,0505Ghazali.QawacidCaqaid,Multiple OpenITI digital versions of one work,0505Ghazali.QawacidCaqaid.JK000954-ara1 | 0505Ghazali.QawacidCaqaid.Shamela0006397-ara1,2
openiti:0505Ghazali.SirrCalamin,0505Ghazali.SirrCalamin,Multiple OpenITI digital versions of one work,0505Ghazali.SirrCalamin.JK009402-ara1 | 0505Ghazali.SirrCalamin.JK010240-ara1,2
openiti:0505Ghazali.Wasit,0505Ghazali.Wasit,Multiple OpenITI digital versions of one work,0505Ghazali.Wasit.JK000309-ara1 | 0505Ghazali.Wasit.Shamela0006128-ara1,2
openiti:0505IbnHamzaTajQurraKirmani.AsrarTikrar,0505IbnHamzaTajQurraKirmani.AsrarTikrar,Multiple OpenITI digital versions of one work,0505IbnHamzaTajQurraKirmani.AsrarTikrar.JK000463-ara1 | 0505IbnHamzaTajQurraKirmani.AsrarTikrar.Shamela0003580-ara1,2
openiti:0507AbiwardiShacir.Diwan,0507AbiwardiShacir.Diwan,Multiple OpenITI digital versions of one work,0507AbiwardiShacir.Diwan.JK007598-ara1 | 0507AbiwardiShacir.Diwan.ShamAY0037938-ara1,2
openiti:0507AbuBakrShashi.Fawaid,0507AbuBakrShashi.Fawaid,Multiple OpenITI digital versions of one work,0507AbuBakrShashi.Fawaid.JK008003-ara1 | 0507AbuBakrShashi.Fawaid.Shamela0005695-ara1,2
openiti:0507AbuBakrShashi.HilyatCulama,0507AbuBakrShashi.HilyatCulama,Multiple OpenITI digital versions of one work,0507AbuBakrShashi.HilyatCulama.JK000244-ara1 | 0507AbuBakrShashi.HilyatCulama.Sham19Y0146126-ara1 | 0507AbuBakrShashi.HilyatCulama.Shamela0006131-ara1,3
openiti:0507IbnQaysarani.AnsabMuttafiqa,0507IbnQaysarani.AnsabMuttafiqa,Multiple OpenITI digital versions of one work,0507IbnQaysarani.AnsabMuttafiqa.JK000686-ara1 | 0507IbnQaysarani.AnsabMuttafiqa.Shamela0005794-ara1 | 0507IbnQaysarani.AnsabMuttafiqa.Shamela0021552-ara1,3
openiti:0507IbnQaysarani.AtrafGharaib,0507IbnQaysarani.AtrafGharaib,Multiple OpenITI digital versions of one work,0507IbnQaysarani.AtrafGharaib.JK005006-ara1 | 0507IbnQaysarani.AtrafGharaib.ShamAY0034172-ara1 | 0507IbnQaysarani.AtrafGharaib.Shamela0006083-ara1,3
openiti:0507IbnQaysarani.DhakhiratHuffaz,0507IbnQaysarani.DhakhiratHuffaz,Multiple OpenITI digital versions of one work,0507IbnQaysarani.DhakhiratHuffaz.JK005020-ara1 | 0507IbnQaysarani.DhakhiratHuffaz.Shamela0006060-ara1,2
openiti:0507IbnQaysarani.IdahIshkal,0507IbnQaysarani.IdahIshkal,Multiple OpenITI digital versions of one work,0507IbnQaysarani.IdahIshkal.JK000767-ara1 | 0507IbnQaysarani.IdahIshkal.Shamela0005996-ara1,2
openiti:0507IbnQaysarani.MacrifatTadhkira,0507IbnQaysarani.MacrifatTadhkira,Multiple OpenITI digital versions of one work,0507IbnQaysarani.MacrifatTadhkira.JK005019-ara1 | 0507IbnQaysarani.MacrifatTadhkira.Shamela0006080-ara1,2
openiti:0507IbnQaysarani.MasalatCuluwwWaNuzul,0507IbnQaysarani.MasalatCuluwwWaNuzul,Multiple OpenITI digital versions of one work,0507IbnQaysarani.MasalatCuluwwWaNuzul.JK000853-ara1 | 0507IbnQaysarani.MasalatCuluwwWaNuzul.Shamela0006002-ara1,2
openiti:0507IbnQaysarani.Samac,0507IbnQaysarani.Samac,Multiple OpenITI digital versions of one work,0507IbnQaysarani.Samac.JK009178-ara1 | 0507IbnQaysarani.Samac.Shamela0006277-ara1,2
openiti:0508FattalNaysaburi.RawdatWacizin,0508FattalNaysaburi.RawdatWacizin,Multiple OpenITI digital versions of one work,0508FattalNaysaburi.RawdatWacizin.Masaha002201Vols-ara1 | 0508FattalNaysaburi.RawdatWacizin.Shia001171-ara1,2
openiti:0509IbnShahridarDaylami.Firdaws,0509IbnShahridarDaylami.Firdaws,Multiple OpenITI digital versions of one work,0509IbnShahridarDaylami.Firdaws.JK001297-ara1 | 0509IbnShahridarDaylami.Firdaws.Shamela0006072-ara1,2
openiti:0510CawtabiSuhari.Ansab,0510CawtabiSuhari.Ansab,Multiple OpenITI digital versions of one work,0510CawtabiSuhari.Ansab.JK010491-ara1 | 0510CawtabiSuhari.Ansab.ShamIbadiyya0000248-ara1 | 0510CawtabiSuhari.Ansab.Shamela0000491-ara1,3
openiti:0510IbnCaliAbuGhanaimNursi.ThawabQada,0510IbnCaliAbuGhanaimNursi.ThawabQada,Multiple OpenITI digital versions of one work,0510IbnCaliAbuGhanaimNursi.ThawabQada.JK001253-ara1 | 0510IbnCaliAbuGhanaimNursi.ThawabQada.Shamela0006768-ara1,2
openiti:0510IbnMascudBaghawi.SharhSunna,0510IbnMascudBaghawi.SharhSunna,Multiple OpenITI digital versions of one work,0510IbnMascudBaghawi.SharhSunna.JK009152-ara1 | 0510IbnMascudBaghawi.SharhSunna.Shamela0007891-ara1,2
openiti:0510IbnMascudBaghawi.Tafsir,0510IbnMascudBaghawi.Tafsir,Multiple OpenITI digital versions of one work,0510IbnMascudBaghawi.Tafsir.JK000464-ara1 | 0510IbnMascudBaghawi.Tafsir.Shamela0000041-ara1 | 0510IbnMascudBaghawi.Tafsir.Shamela0012217-ara1 | 0510IbnMascudBaghawi.Tafsir.Shia002553Vols-ara1 | 0510IbnMascudBaghawi.Tafsir.Tafsir02013-ara1,5
openiti:0511IbnMandaYahya.JuzFihiDhikr,0511IbnMandaYahya.JuzFihiDhikr,Multiple OpenITI digital versions of one work,0511IbnMandaYahya.JuzFihiDhikr.JK000832-ara1 | 0511IbnMandaYahya.JuzFihiDhikr.Shamela0006654-ara1 | 0511IbnMandaYahya.JuzFihiDhikr.Shia003153-ara1,3
openiti:0511IbnMandaYahya.MacrifatAsamiArdaf,0511IbnMandaYahya.MacrifatAsamiArdaf,Multiple OpenITI digital versions of one work,0511IbnMandaYahya.MacrifatAsamiArdaf.JK000757-ara1 | 0511IbnMandaYahya.MacrifatAsamiArdaf.Shamela0005806-ara1,2
openiti:0513AbuWafaIbnCaqil.WadihFiUsulFiqh,0513AbuWafaIbnCaqil.WadihFiUsulFiqh,Multiple OpenITI digital versions of one work,0513AbuWafaIbnCaqil.WadihFiUsulFiqh.Sham19Y0122232-ara1 | 0513AbuWafaIbnCaqil.WadihFiUsulFiqh.ShamAY0031699-ara1,2
openiti:0515CumarKhayyam.Rubaciyyat,0515CumarKhayyam.Rubaciyyat,Multiple OpenITI digital versions of one work,0515CumarKhayyam.Rubaciyyat.JK010581-ara1 | 0515CumarKhayyam.Rubaciyyat.Shamela0012857-ara1,2
openiti:0515IbnQattac.Afcal,0515IbnQattac.Afcal,Multiple OpenITI digital versions of one work,0515IbnQattac.Afcal.JK000925-ara1 | 0515IbnQattac.Afcal.Sham19Y0018251-ara1 | 0515IbnQattac.Afcal.Shamela0012050-ara1,3
openiti:0516IbnCaliHariri.DurratGhawwas,0516IbnCaliHariri.DurratGhawwas,Multiple OpenITI digital versions of one work,0516IbnCaliHariri.DurratGhawwas.JK001016-ara1 | 0516IbnCaliHariri.DurratGhawwas.Shamela0006920-ara1,2
openiti:0516IbnCaliHariri.Maqamat,0516IbnCaliHariri.Maqamat,Multiple OpenITI digital versions of one work,0516IbnCaliHariri.Maqamat.JK009202-ara1 | 0516IbnCaliHariri.Maqamat.ShamAY0033787-ara1 | 0516IbnCaliHariri.Maqamat.Shamela0026585-ara1,3
openiti:0516IbnCaliHariri.MulhatIcrab,0516IbnCaliHariri.MulhatIcrab,Multiple OpenITI digital versions of one work,0516IbnCaliHariri.MulhatIcrab.JK009281-ara1 | 0516IbnCaliHariri.MulhatIcrab.Shamela0007840-ara1,2
openiti:0517IbnKhayyatShacir.Diwan,0517IbnKhayyatShacir.Diwan,Multiple OpenITI digital versions of one work,0517IbnKhayyatShacir.Diwan.JK007588-ara1 | 0517IbnKhayyatShacir.Diwan.Sham19Y0148537-ara1 | 0517IbnKhayyatShacir.Diwan.ShamAY0037837-ara1,3
openiti:0518IbnMuhammadMaydaniNaysaburi.MajmacAmthal,0518IbnMuhammadMaydaniNaysaburi.MajmacAmthal,Multiple OpenITI digital versions of one work,0518IbnMuhammadMaydaniNaysaburi.MajmacAmthal.JK000882-ara1 | 0518IbnMuhammadMaydaniNaysaburi.MajmacAmthal.Shamela0012929-ara1,2
openiti:0520IbnRushdJadd.RaddCalaManDhahaba,0520IbnRushdJadd.RaddCalaManDhahaba,Multiple OpenITI digital versions of one work,0520IbnRushdJadd.RaddCalaManDhahaba.JK000338-ara1 | 0520IbnRushdJadd.RaddCalaManDhahaba.Shamela0006542-ara1,2
openiti:0520IbnWalidTurtushi.SirajMuluk,0520IbnWalidTurtushi.SirajMuluk,Multiple OpenITI digital versions of one work,0520IbnWalidTurtushi.SirajMuluk.JK010572-ara2 | 0520IbnWalidTurtushi.SirajMuluk.Shamela0001585-ara1,2
openiti:0521IbnMuhammadBatalyawsi.Hadaiq,0521IbnMuhammadBatalyawsi.Hadaiq,Multiple OpenITI digital versions of one work,0521IbnMuhammadBatalyawsi.Hadaiq.JK001097-ara1 | 0521IbnMuhammadBatalyawsi.Hadaiq.Shamela0006461-ara1,2
openiti:0521IbnMuhammadBatalyawsi.HulalFiSharh,0521IbnMuhammadBatalyawsi.HulalFiSharh,Multiple OpenITI digital versions of one work,0521IbnMuhammadBatalyawsi.HulalFiSharh.JK009366-ara1 | 0521IbnMuhammadBatalyawsi.HulalFiSharh.Shamela0000634-ara1,2
openiti:0521IbnMuhammadBatalyawsi.InsafFiTanbih,0521IbnMuhammadBatalyawsi.InsafFiTanbih,Multiple OpenITI digital versions of one work,0521IbnMuhammadBatalyawsi.InsafFiTanbih.JK000294-ara1 | 0521IbnMuhammadBatalyawsi.InsafFiTanbih.Shamela0006350-ara1,2
openiti:0521IbnMuhammadBatalyawsi.MushkilatMuwatta,0521IbnMuhammadBatalyawsi.MushkilatMuwatta,Multiple OpenITI digital versions of one work,0521IbnMuhammadBatalyawsi.MushkilatMuwatta.JK009183-ara1 | 0521IbnMuhammadBatalyawsi.MushkilatMuwatta.Shamela0006037-ara1,2
openiti:0521MuhammadHamadhani.TakmilatTarikhTabari,0521MuhammadHamadhani.TakmilatTarikhTabari,Multiple OpenITI digital versions of one work,0521MuhammadHamadhani.TakmilatTarikhTabari.JK000414-ara1 | 0521MuhammadHamadhani.TakmilatTarikhTabari.Shamela0006616-ara1 | 0521MuhammadHamadhani.TakmilatTarikhTabari.Shamela0009783BK3-ara1,3
openiti:0524IbnAkfani.DhaylDhaylTarikhMawlidCulama,0524IbnAkfani.DhaylDhaylTarikhMawlidCulama,Multiple OpenITI digital versions of one work,0524IbnAkfani.DhaylDhaylTarikhMawlidCulama.JK000695-ara1 | 0524IbnAkfani.DhaylDhaylTarikhMawlidCulama.Shamela0005789-ara1,2
openiti:0525IbnCaliTabari.BisharatMustafa,0525IbnCaliTabari.BisharatMustafa,Multiple OpenITI digital versions of one work,0525IbnCaliTabari.BisharatMustafa.Masaha001944-ara1 | 0525IbnCaliTabari.BisharatMustafa.Shia003692-ara1,2
openiti:0526IbnAbiYacla.TabaqatHanabila,0526IbnAbiYacla.TabaqatHanabila,Multiple OpenITI digital versions of one work,0526IbnAbiYacla.TabaqatHanabila.JK000213-ara1 | 0526IbnAbiYacla.TabaqatHanabila.Shamela0009543-ara1,2
openiti:0527IbnHamdis.Diwan,0527IbnHamdis.Diwan,Multiple OpenITI digital versions of one work,0527IbnHamdis.Diwan.JK007576-ara1 | 0527IbnHamdis.Diwan.ShamAY0037952-ara1,2
openiti:0528IbnMuhammadIbnHaqanIshbili.MatmahAnfus,0528IbnMuhammadIbnHaqanIshbili.MatmahAnfus,Multiple OpenITI digital versions of one work,0528IbnMuhammadIbnHaqanIshbili.MatmahAnfus.JK006920-ara1 | 0528IbnMuhammadIbnHaqanIshbili.MatmahAnfus.Shamela0006910-ara1 | 0528IbnMuhammadIbnHaqanIshbili.MatmahAnfus.Shamela0095581-ara1,3
openiti:0528IbnZaqqaqBalansi.Diwan,0528IbnZaqqaqBalansi.Diwan,Multiple OpenITI digital versions of one work,0528IbnZaqqaqBalansi.Diwan.JK007564-ara1 | 0528IbnZaqqaqBalansi.Diwan.ShamAY0037839-ara1,2
openiti:0533IbnKhafajaShacir.Diwan,0533IbnKhafajaShacir.Diwan,Multiple OpenITI digital versions of one work,0533IbnKhafajaShacir.Diwan.JK007565-ara1 | 0533IbnKhafajaShacir.Diwan.ShamAY0037865-ara1,2
openiti:0533IbnTahirAbuQasimShahhami.Ahadith,0533IbnTahirAbuQasimShahhami.Ahadith,Multiple OpenITI digital versions of one work,0533IbnTahirAbuQasimShahhami.Ahadith.ShamAY0032798-ara1 | 0533IbnTahirAbuQasimShahhami.Ahadith.ShamAY0032847-ara1 | 0533IbnTahirAbuQasimShahhami.Ahadith.ShamAY0032884-ara1,3
openiti:0535QawwamSunna.DalailNubuwwa,0535QawwamSunna.DalailNubuwwa,Multiple OpenITI digital versions of one work,0535QawwamSunna.DalailNubuwwa.JK000657-ara1 | 0535QawwamSunna.DalailNubuwwa.Shamela0006569-ara1 | 0535QawwamSunna.DalailNubuwwa.Shia002166Vols-ara1,3
openiti:0535QawwamSunna.HujjaFiBayanMahajja,0535QawwamSunna.HujjaFiBayanMahajja,Multiple OpenITI digital versions of one work,0535QawwamSunna.HujjaFiBayanMahajja.JK009160-ara1 | 0535QawwamSunna.HujjaFiBayanMahajja.Shamela0006446-ara1,2
openiti:0535YehudaHalevi.HujjaWaDalil,0535YehudaHalevi.HujjaWaDalil,Multiple OpenITI digital versions of one work,0535YehudaHalevi.HujjaWaDalil.Kraken210416235755-ara1 | 0535YehudaHalevi.HujjaWaDalil.Wiki20211119-ara1,2
openiti:0537NajmDinAbuHafsNasafi.Qand,0537NajmDinAbuHafsNasafi.Qand,Multiple OpenITI digital versions of one work,0537NajmDinAbuHafsNasafi.Qand.ShamAY0034644-ara1 | 0537NajmDinAbuHafsNasafi.Qand.ShamAY0037124-ara1,2
openiti:0537NajmDinAbuHafsNasafi.TalibatTalaba,0537NajmDinAbuHafsNasafi.TalibatTalaba,Multiple OpenITI digital versions of one work,0537NajmDinAbuHafsNasafi.TalibatTalaba.JK007118-ara1 | 0537NajmDinAbuHafsNasafi.TalibatTalaba.ShamAY0034685-ara1 | 0537NajmDinAbuHafsNasafi.TalibatTalaba.Shamela0006039-ara1,3
openiti:0538JarAllahZamakhshari.AsasBalagha,0538JarAllahZamakhshari.AsasBalagha,Multiple OpenITI digital versions of one work,0538JarAllahZamakhshari.AsasBalagha.JK007032-ara1 | 0538JarAllahZamakhshari.AsasBalagha.ShamAY0034676-ara1 | 0538JarAllahZamakhshari.AsasBalagha.Shamela0021568-ara1,3
openiti:0538JarAllahZamakhshari.AtwaqDhahab,0538JarAllahZamakhshari.AtwaqDhahab,Multiple OpenITI digital versions of one work,0538JarAllahZamakhshari.AtwaqDhahab.JK009316-ara1 | 0538JarAllahZamakhshari.AtwaqDhahab.Shamela0000277-ara1,2
openiti:0538JarAllahZamakhshari.FaiqFiGharib,0538JarAllahZamakhshari.FaiqFiGharib,Multiple OpenITI digital versions of one work,0538JarAllahZamakhshari.FaiqFiGharib.JK000584-ara1 | 0538JarAllahZamakhshari.FaiqFiGharib.Masaha003492Vols-ara1 | 0538JarAllahZamakhshari.FaiqFiGharib.Shamela0007015-ara1 | 0538JarAllahZamakhshari.FaiqFiGharib.Shia002170Vols-ara1,4
openiti:0538JarAllahZamakhshari.KalimNawabigh,0538JarAllahZamakhshari.KalimNawabigh,Multiple OpenITI digital versions of one work,0538JarAllahZamakhshari.KalimNawabigh.JK010647-ara1 | 0538JarAllahZamakhshari.KalimNawabigh.Shamela0021500-ara1,2
openiti:0538JarAllahZamakhshari.Kashshaf,0538JarAllahZamakhshari.Kashshaf,Multiple OpenITI digital versions of one work,0538JarAllahZamakhshari.Kashshaf.JK001496-ara1 | 0538JarAllahZamakhshari.Kashshaf.ShamAY0034052-ara1 | 0538JarAllahZamakhshari.Kashshaf.Shamela0023627-ara1 | 0538JarAllahZamakhshari.Kashshaf.Shia002352Vols-ara1 | 0538JarAllahZamakhshari.Kashshaf.Tafsir01002-ara1,5
openiti:0538JarAllahZamakhshari.Maqamat,0538JarAllahZamakhshari.Maqamat,Multiple OpenITI digital versions of one work,0538JarAllahZamakhshari.Maqamat.JK009308-ara1 | 0538JarAllahZamakhshari.Maqamat.ShamAY0033788-ara1 | 0538JarAllahZamakhshari.Maqamat.Shamela0026586-ara1,3
openiti:0538JarAllahZamakhshari.MufassalFiSuncatIcrab,0538JarAllahZamakhshari.MufassalFiSuncatIcrab,Multiple OpenITI digital versions of one work,0538JarAllahZamakhshari.MufassalFiSuncatIcrab.JK001224-ara1 | 0538JarAllahZamakhshari.MufassalFiSuncatIcrab.Shamela0000759-ara1,2
openiti:0538JarAllahZamakhshari.MustaqsaFiAmthal,0538JarAllahZamakhshari.MustaqsaFiAmthal,Multiple OpenITI digital versions of one work,0538JarAllahZamakhshari.MustaqsaFiAmthal.JK000975-ara1 | 0538JarAllahZamakhshari.MustaqsaFiAmthal.Shamela0006895-ara1,2
openiti:0538JarAllahZamakhshari.Qustas,0538JarAllahZamakhshari.Qustas,Multiple OpenITI digital versions of one work,0538JarAllahZamakhshari.Qustas.JK010093-ara1 | 0538JarAllahZamakhshari.Qustas.Shamela0000658-ara1,2
openiti:0538JarAllahZamakhshari.RabicAbrar,0538JarAllahZamakhshari.RabicAbrar,Multiple OpenITI digital versions of one work,0538JarAllahZamakhshari.RabicAbrar.JK010561-ara1 | 0538JarAllahZamakhshari.RabicAbrar.Masaha002979Vols-ara1 | 0538JarAllahZamakhshari.RabicAbrar.Shamela0010668-ara1,3
openiti:0540AbuMansurJawaliqi.MaJaaCalaFacaltu,0540AbuMansurJawaliqi.MaJaaCalaFacaltu,Multiple OpenITI digital versions of one work,0540AbuMansurJawaliqi.MaJaaCalaFacaltu.JK001078-ara1 | 0540AbuMansurJawaliqi.MaJaaCalaFacaltu.Shamela0007062-ara1,2
openiti:0540AbuMansurJawaliqi.SharhAdabKatib,0540AbuMansurJawaliqi.SharhAdabKatib,Multiple OpenITI digital versions of one work,0540AbuMansurJawaliqi.SharhAdabKatib.JK010646-ara1 | 0540AbuMansurJawaliqi.SharhAdabKatib.Shamela0001587-ara1,2
openiti:0540IbnAhmadAbuSacdIsbahani.Amali,0540IbnAhmadAbuSacdIsbahani.Amali,Multiple OpenITI digital versions of one work,0540IbnAhmadAbuSacdIsbahani.Amali.Shamela0029783-ara1 | 0540IbnAhmadAbuSacdIsbahani.Amali.Shamela0029903-ara1,2
openiti:0540IbnAhmadCalaDinSamarqandi.TuhfatFuqaha,0540IbnAhmadCalaDinSamarqandi.TuhfatFuqaha,Multiple OpenITI digital versions of one work,0540IbnAhmadCalaDinSamarqandi.TuhfatFuqaha.JK000220-ara1 | 0540IbnAhmadCalaDinSamarqandi.TuhfatFuqaha.Shamela0007691-ara1 | 0540IbnAhmadCalaDinSamarqandi.TuhfatFuqaha.Shia000953Vols-ara1,3
openiti:0541IbnCatiyyaAndalusi.Fahrasa,0541IbnCatiyyaAndalusi.Fahrasa,Multiple OpenITI digital versions of one work,0541IbnCatiyyaAndalusi.Fahrasa.JK001007-ara1 | 0541IbnCatiyyaAndalusi.Fahrasa.Shamela0010728-ara1,2
openiti:0541IbnCatiyyaAndalusi.MuharrarWajiz,0541IbnCatiyyaAndalusi.MuharrarWajiz,Multiple OpenITI digital versions of one work,0541IbnCatiyyaAndalusi.MuharrarWajiz.JK001447-ara1 | 0541IbnCatiyyaAndalusi.MuharrarWajiz.Shamela0023632-ara1 | 0541IbnCatiyyaAndalusi.MuharrarWajiz.Shia002565Vols-ara1 | 0541IbnCatiyyaAndalusi.MuharrarWajiz.Tafsir02014-ara1,4
openiti:0542IbnBassamShantarini.Dhakhira,0542IbnBassamShantarini.Dhakhira,Multiple OpenITI digital versions of one work,0542IbnBassamShantarini.Dhakhira.JK006900-ara1 | 0542IbnBassamShantarini.Dhakhira.Shamela0001035-ara1,2
openiti:0543IbnCarabiIshbili.AhkamQuran,0543IbnCarabiIshbili.AhkamQuran,Multiple OpenITI digital versions of one work,0543IbnCarabiIshbili.AhkamQuran.JK000917-ara1 | 0543IbnCarabiIshbili.AhkamQuran.Shamela0001464-ara1 | 0543IbnCarabiIshbili.AhkamQuran.Shia002561Vols-ara1,3
openiti:0543IbnCarabiIshbili.CawasimMinQawasim,0543IbnCarabiIshbili.CawasimMinQawasim,Multiple OpenITI digital versions of one work,0543IbnCarabiIshbili.CawasimMinQawasim.JK000402-ara1 | 0543IbnCarabiIshbili.CawasimMinQawasim.Shamela0008314-ara1 | 0543IbnCarabiIshbili.CawasimMinQawasim.Shamela0030897-ara1 | 0543IbnCarabiIshbili.CawasimMinQawasim.Shamela0096180-ara1,4
openiti:0543IbnCarabiIshbili.Mahsul,0543IbnCarabiIshbili.Mahsul,Multiple OpenITI digital versions of one work,0543IbnCarabiIshbili.Mahsul.JK006901-ara1 | 0543IbnCarabiIshbili.Mahsul.Shamela0006281-ara1,2
openiti:0543IbnHusaynBaquliIsbahani.IcrabQuran,0543IbnHusaynBaquliIsbahani.IcrabQuran,Multiple OpenITI digital versions of one work,0543IbnHusaynBaquliIsbahani.IcrabQuran.JK010075-ara1 | 0543IbnHusaynBaquliIsbahani.IcrabQuran.Shamela0023585-ara1,2
openiti:0544QadiCiyad.IlmacIlaMacrifa,0544QadiCiyad.IlmacIlaMacrifa,Multiple OpenITI digital versions of one work,0544QadiCiyad.IlmacIlaMacrifa.JK000968-ara1 | 0544QadiCiyad.IlmacIlaMacrifa.Shamela0006030-ara1,2
openiti:0544QadiCiyad.MashariqAnwar,0544QadiCiyad.MashariqAnwar,Multiple OpenITI digital versions of one work,0544QadiCiyad.MashariqAnwar.JK000953-ara1 | 0544QadiCiyad.MashariqAnwar.Shamela0010527-ara1,2
openiti:0544QadiCiyad.Shifa,0544QadiCiyad.Shifa,Multiple OpenITI digital versions of one work,0544QadiCiyad.Shifa.JK009263-ara1 | 0544QadiCiyad.Shifa.Masaha002067Vols-ara1 | 0544QadiCiyad.Shifa.ShamAY0038635-ara1 | 0544QadiCiyad.Shifa.Shamela0001753-ara1 | 0544QadiCiyad.Shifa.Shamela0023645-ara1 | 0544QadiCiyad.Shifa.Shia003693Vols-ara1,6
openiti:0544QadiCiyad.TartibMadarik,0544QadiCiyad.TartibMadarik,Multiple OpenITI digital versions of one work,0544QadiCiyad.TartibMadarik.JK009277-ara1 | 0544QadiCiyad.TartibMadarik.Shamela0031215-ara1,2
openiti:0548IbnHasanTabarsi.MakarimAkhlaq,0548IbnHasanTabarsi.MakarimAkhlaq,Multiple OpenITI digital versions of one work,0548IbnHasanTabarsi.MakarimAkhlaq.Masaha004687-ara1 | 0548IbnHasanTabarsi.MakarimAkhlaq.Shia001340-ara1,2
openiti:0548IbnHasanTabarsi.TafsirMajmacBayan,0548IbnHasanTabarsi.TafsirMajmacBayan,Multiple OpenITI digital versions of one work,0548IbnHasanTabarsi.TafsirMajmacBayan.Masaha002554Vols-ara1 | 0548IbnHasanTabarsi.TafsirMajmacBayan.Shia002359Vols-ara1 | 0548IbnHasanTabarsi.TafsirMajmacBayan.Tafsir04003-ara1 | 0548IbnHasanTabarsi.TafsirMajmacBayan.Zaydiyya0000301-ara1,4
openiti:0548IbnHasanTabarsi.TajMawalid,0548IbnHasanTabarsi.TajMawalid,Multiple OpenITI digital versions of one work,0548IbnHasanTabarsi.TajMawalid.Masaha001949-ara1 | 0548IbnHasanTabarsi.TajMawalid.Shia001339-ara1,2
openiti:0548IbnQaysaraniShacir.Diwan,0548IbnQaysaraniShacir.Diwan,Multiple OpenITI digital versions of one work,0548IbnQaysaraniShacir.Diwan.JK007591-ara1 | 0548IbnQaysaraniShacir.Diwan.ShamAY0037840-ara1,2
openiti:0548Shahrastani.MilalWaNihal,0548Shahrastani.MilalWaNihal,Multiple OpenITI digital versions of one work,0548Shahrastani.MilalWaNihal.JK000344-ara1 | 0548Shahrastani.MilalWaNihal.Rafed0003569-ara1 | 0548Shahrastani.MilalWaNihal.ShamAY0033890-ara2 | 0548Shahrastani.MilalWaNihal.Shamela0011812-ara1 | 0548Shahrastani.MilalWaNihal.Shia004499Vols-ara1,5
openiti:0548Shahrastani.NihayatAqdam,0548Shahrastani.NihayatAqdam,Multiple OpenITI digital versions of one work,0548Shahrastani.NihayatAqdam.JK009331-ara1 | 0548Shahrastani.NihayatAqdam.Rafed0003495-ara1 | 0548Shahrastani.NihayatAqdam.ShamAY0033895-ara1 | 0548Shahrastani.NihayatAqdam.ShamAY0035590-ara1,4
openiti:0550AbuHajjajAshcari.TacrifFiAnsab,0550AbuHajjajAshcari.TacrifFiAnsab,Multiple OpenITI digital versions of one work,0550AbuHajjajAshcari.TacrifFiAnsab.JK010487-ara1 | 0550AbuHajjajAshcari.TacrifFiAnsab.Shamela0000487-ara1,2
openiti:0555IbnQalanisi.TarikhDimashq,0555IbnQalanisi.TarikhDimashq,Multiple OpenITI digital versions of one work,0555IbnQalanisi.TarikhDimashq.JK010402-ara1 | 0555IbnQalanisi.TarikhDimashq.Masaha003958Vols-ara1 | 0555IbnQalanisi.TarikhDimashq.Rafed0002261BK1-ara1 | 0555IbnQalanisi.TarikhDimashq.Rafed0002269-ara1 | 0555IbnQalanisi.TarikhDimashq.Shamela0022799-ara1,5
openiti:0558IbnAbiKhayrCimraniYamani.IntisarFiRadd,0558IbnAbiKhayrCimraniYamani.IntisarFiRadd,Multiple OpenITI digital versions of one work,0558IbnAbiKhayrCimraniYamani.IntisarFiRadd.JK007004-ara1 | 0558IbnAbiKhayrCimraniYamani.IntisarFiRadd.Shamela0007361-ara1,2
openiti:0560AbuMansurTabarsi.Ihtijaj,0560AbuMansurTabarsi.Ihtijaj,Multiple OpenITI digital versions of one work,0560AbuMansurTabarsi.Ihtijaj.Rafed0001121-ara1 | 0560AbuMansurTabarsi.Ihtijaj.Shia001337Vols-ara1,2
openiti:0560IbnHamzaTusi.ThaqibFiManaqib,0560IbnHamzaTusi.ThaqibFiManaqib,Multiple OpenITI digital versions of one work,0560IbnHamzaTusi.ThaqibFiManaqib.Masaha001923-ara1 | 0560IbnHamzaTusi.ThaqibFiManaqib.Shia001341-ara1,2
openiti:0560IbnHamzaTusi.Wasila,0560IbnHamzaTusi.Wasila,Multiple OpenITI digital versions of one work,0560IbnHamzaTusi.Wasila.Masaha000627-ara1 | 0560IbnHamzaTusi.Wasila.Shia000046-ara1,2
openiti:0560SharifIdrisi.NuzhatMushtaq,0560SharifIdrisi.NuzhatMushtaq,Multiple OpenITI digital versions of one work,0560SharifIdrisi.NuzhatMushtaq.JK001331-ara1 | 0560SharifIdrisi.NuzhatMushtaq.Masaha004636Vols-ara1 | 0560SharifIdrisi.NuzhatMushtaq.Shamela0011787-ara1 | 0560SharifIdrisi.NuzhatMushtaq.Shia003491Vols-ara1,4
openiti:0560WazirIbnHubayraShaybani.IkhtilafAimma,0560WazirIbnHubayraShaybani.IkhtilafAimma,Multiple OpenITI digital versions of one work,0560WazirIbnHubayraShaybani.IkhtilafAimma.JK009140-ara1 | 0560WazirIbnHubayraShaybani.IkhtilafAimma.Shamela0006228-ara1,2
openiti:0562IbnHamdun.TadhkiraHamduniyya,0562IbnHamdun.TadhkiraHamduniyya,Multiple OpenITI digital versions of one work,0562IbnHamdun.TadhkiraHamduniyya.JK009325-ara1 | 0562IbnHamdun.TadhkiraHamduniyya.Shamela0010646-ara1,2
openiti:0562Samcani.AdabImla,0562Samcani.AdabImla,Multiple OpenITI digital versions of one work,0562Samcani.AdabImla.JK000448-ara1 | 0562Samcani.AdabImla.Shamela0006018-ara1 | 0562Samcani.AdabImla.Shia002173-ara1,3
openiti:0562Samcani.Ansab,0562Samcani.Ansab,Multiple OpenITI digital versions of one work,0562Samcani.Ansab.JK000952-ara1 | 0562Samcani.Ansab.Sham30K0002009-ara1 | 0562Samcani.Ansab.Sham30K0012317-ara1 | 0562Samcani.Ansab.Sham30K0045603-ara1 | 0562Samcani.Ansab.ShamAY0034668-ara1 | 0562Samcani.Ansab.Shamela0012317-ara1 | 0562Samcani.Ansab.Shia003430Vols-ara1,7
openiti:0562Samcani.FadailSham,0562Samcani.FadailSham,Multiple OpenITI digital versions of one work,0562Samcani.FadailSham.Masaha004845BK3-ara1 | 0562Samcani.FadailSham.Shamela0012743-ara1,2
openiti:0562Samcani.Tahbir,0562Samcani.Tahbir,Multiple OpenITI digital versions of one work,0562Samcani.Tahbir.JK001322-ara1 | 0562Samcani.Tahbir.Shamela0001694-ara1,2
openiti:0565IbnFunduqBayhaqi.LubabAnsab,0565IbnFunduqBayhaqi.LubabAnsab,Multiple OpenITI digital versions of one work,0565IbnFunduqBayhaqi.LubabAnsab.JK010355-ara1 | 0565IbnFunduqBayhaqi.LubabAnsab.Shamela0000355-ara1,2
openiti:0565IbnFunduqBayhaqi.TatimmatSiwanHikma,0565IbnFunduqBayhaqi.TatimmatSiwanHikma,Multiple OpenITI digital versions of one work,0565IbnFunduqBayhaqi.TatimmatSiwanHikma.JK010273-ara1 | 0565IbnFunduqBayhaqi.TatimmatSiwanHikma.Shamela0000273-ara1,2
openiti:0566MutawakkilAhmad.UsulAhkam,0566MutawakkilAhmad.UsulAhkam,Multiple OpenITI digital versions of one work,0566MutawakkilAhmad.UsulAhkam.Zaydiyya0000010-ara2 | 0566MutawakkilAhmad.UsulAhkam.Zaydiyya0000357-ara1 | 0566MutawakkilAhmad.UsulAhkam.Zaydiyya0000390Vols-ara1,3
openiti:0567CarqalaKalbi.Diwan,0567CarqalaKalbi.Diwan,Multiple OpenITI digital versions of one work,0567CarqalaKalbi.Diwan.JK007621-ara1 | 0567CarqalaKalbi.Diwan.ShamAY0037935-ara1,2
openiti:0569CumaraYamani.NukatCasriyya,0569CumaraYamani.NukatCasriyya,Multiple OpenITI digital versions of one work,0569CumaraYamani.NukatCasriyya.Kraken22030819564100-ara1 | 0569CumaraYamani.NukatCasriyya.Shamela0009248BK1-ara1,2
openiti:0569IbnAhmadCattarHamadhani.Futya,0569IbnAhmadCattarHamadhani.Futya,Multiple OpenITI digital versions of one work,0569IbnAhmadCattarHamadhani.Futya.JK001050-ara1 | 0569IbnAhmadCattarHamadhani.Futya.Shamela0006429-ara1,2
openiti:0570IbnMuhammadKarabisiNaysaburi.Furuq,0570IbnMuhammadKarabisiNaysaburi.Furuq,Multiple OpenITI digital versions of one work,0570IbnMuhammadKarabisiNaysaburi.Furuq.JK000234-ara1 | 0570IbnMuhammadKarabisiNaysaburi.Furuq.Shamela0008182-ara1,2
openiti:0570IbnYahyaSamawalMaghribi.IfhamYahud,0570IbnYahyaSamawalMaghribi.IfhamYahud,Multiple OpenITI digital versions of one work,0570IbnYahyaSamawalMaghribi.IfhamYahud.JK001024-ara1 | 0570IbnYahyaSamawalMaghribi.IfhamYahud.ShamAY0000406-ara1 | 0570IbnYahyaSamawalMaghribi.IfhamYahud.Shamela0006529-ara1 | 0570IbnYahyaSamawalMaghribi.IfhamYahud.Shamela0010719-ara2,4
openiti:0571IbnCasakir.ArbacunaBuldaniyya,0571IbnCasakir.ArbacunaBuldaniyya,Multiple OpenITI digital versions of one work,0571IbnCasakir.ArbacunaBuldaniyya.JK000854-ara1 | 0571IbnCasakir.ArbacunaBuldaniyya.JK010919-ara1 | 0571IbnCasakir.ArbacunaBuldaniyya.ShamAY0033614-ara1 | 0571IbnCasakir.ArbacunaBuldaniyya.Shamela0005713-ara1 | 0571IbnCasakir.ArbacunaBuldaniyya.Shia002174-ara1,5
openiti:0571IbnCasakir.ArbacunaFiHathth,0571IbnCasakir.ArbacunaFiHathth,Multiple OpenITI digital versions of one work,0571IbnCasakir.ArbacunaFiHathth.JK000616-ara1 | 0571IbnCasakir.ArbacunaFiHathth.Shamela0005716-ara1,2
openiti:0571IbnCasakir.KashfMughatta,0571IbnCasakir.KashfMughatta,Multiple OpenITI digital versions of one work,0571IbnCasakir.KashfMughatta.JK001124-ara1 | 0571IbnCasakir.KashfMughatta.Shamela0006032-ara1,2
openiti:0571IbnCasakir.TabyinKadhib,0571IbnCasakir.TabyinKadhib,Multiple OpenITI digital versions of one work,0571IbnCasakir.TabyinKadhib.JK000318-ara1 | 0571IbnCasakir.TabyinKadhib.Shamela0006549-ara1,2
openiti:0571IbnCasakir.TacziyatMuslim,0571IbnCasakir.TacziyatMuslim,Multiple OpenITI digital versions of one work,0571IbnCasakir.TacziyatMuslim.JK000023-ara1 | 0571IbnCasakir.TacziyatMuslim.Shamela0006766-ara1 | 0571IbnCasakir.TacziyatMuslim.Shia002180-ara1,3
openiti:0571IbnCasakir.TarikhDimashq,0571IbnCasakir.TarikhDimashq,Multiple OpenITI digital versions of one work,0571IbnCasakir.TarikhDimashq.JK000916-ara1 | 0571IbnCasakir.TarikhDimashq.Masaha001980Vols-ara1 | 0571IbnCasakir.TarikhDimashq.Sham30K0000071-ara1 | 0571IbnCasakir.TarikhDimashq.Sham30K0004624-ara1 | 0571IbnCasakir.TarikhDimashq.Sham30K0032602-ara1 | 0571IbnCasakir.TarikhDimashq.Sham30K0032852-ara1 | 0571IbnCasakir.TarikhDimashq.Shamela0000071-ara1 | 0571IbnCasakir.TarikhDimashq.Shia003157Vols-ara1,8
openiti:0571IbnCasakir.Tawba,0571IbnCasakir.Tawba,Multiple OpenITI digital versions of one work,0571IbnCasakir.Tawba.JK000068-ara1 | 0571IbnCasakir.Tawba.ShamAY0033615-ara1 | 0571IbnCasakir.Tawba.Shamela0026465-ara1,3
openiti:0571IbnIbrahimIbnSacdKhayrAnsari.QurtCalaKamil,0571IbnIbrahimIbnSacdKhayrAnsari.QurtCalaKamil,Multiple OpenITI digital versions of one work,0571IbnIbrahimIbnSacdKhayrAnsari.QurtCalaKamil.JK010670-ara1 | 0571IbnIbrahimIbnSacdKhayrAnsari.QurtCalaKamil.Shamela0000670-ara1,2
openiti:0572RusafiBalansi.Diwan,0572RusafiBalansi.Diwan,Multiple OpenITI digital versions of one work,0572RusafiBalansi.Diwan.JK007575-ara1 | 0572RusafiBalansi.Diwan.ShamAY0037883-ara1,2
openiti:0573IbnHibatAllahQutbDinRawandi.Kharaij,0573IbnHibatAllahQutbDinRawandi.Kharaij,Multiple OpenITI digital versions of one work,0573IbnHibatAllahQutbDinRawandi.Kharaij.Masaha001018Vols-ara1 | 0573IbnHibatAllahQutbDinRawandi.Kharaij.Shia001344Vols-ara1 | 0573IbnHibatAllahQutbDinRawandi.Kharaij.Zaydiyya0000120-ara1,3
openiti:0573NashwanHimyari.HurCin,0573NashwanHimyari.HurCin,Multiple OpenITI digital versions of one work,0573NashwanHimyari.HurCin.JK010635-ara1 | 0573NashwanHimyari.HurCin.Shamela0022885-ara1,2
openiti:0573NashwanHimyari.KhulasatSiyar,0573NashwanHimyari.KhulasatSiyar,Multiple OpenITI digital versions of one work,0573NashwanHimyari.KhulasatSiyar.JK010763-ara1 | 0573NashwanHimyari.KhulasatSiyar.Shamela0000763-ara1,2
openiti:0573NashwanHimyari.ShamsCulum,0573NashwanHimyari.ShamsCulum,Multiple OpenITI digital versions of one work,0573NashwanHimyari.ShamsCulum.Masaha003682Vols-ara1 | 0573NashwanHimyari.ShamsCulum.ShamIbadiyya0000880-ara1 | 0573NashwanHimyari.ShamsCulum.Shamela0023358-ara1,3
openiti:0574ShuhdaBintAhmad.Cumda,0574ShuhdaBintAhmad.Cumda,Multiple OpenITI digital versions of one work,0574ShuhdaBintAhmad.Cumda.JK001207-ara1 | 0574ShuhdaBintAhmad.Cumda.Shamela0007375-ara1,2
openiti:0575IbnBabawayhMuntajabDin.Arbacuna,0575IbnBabawayhMuntajabDin.Arbacuna,Multiple OpenITI digital versions of one work,0575IbnBabawayhMuntajabDin.Arbacuna.Masaha004533-ara1 | 0575IbnBabawayhMuntajabDin.Arbacuna.ShamAY0032835-ara1 | 0575IbnBabawayhMuntajabDin.Arbacuna.Shia001348-ara1,3
openiti:0575IbnBabawayhMuntajabDin.Fihrist,0575IbnBabawayhMuntajabDin.Fihrist,Multiple OpenITI digital versions of one work,0575IbnBabawayhMuntajabDin.Fihrist.Masaha003497-ara1 | 0575IbnBabawayhMuntajabDin.Fihrist.Shia002937-ara1,2
openiti:0575IbnKhayrIshbili.Fahrasa,0575IbnKhayrIshbili.Fahrasa,Multiple OpenITI digital versions of one work,0575IbnKhayrIshbili.Fahrasa.JK001084-ara1 | 0575IbnKhayrIshbili.Fahrasa.Sham19Y0016626-ara2 | 0575IbnKhayrIshbili.Fahrasa.Shamela0010726-ara1,3
openiti:0576AbuTahirSilafi.MajalisKhamsa,0576AbuTahirSilafi.MajalisKhamsa,Multiple OpenITI digital versions of one work,0576AbuTahirSilafi.MajalisKhamsa.JK001154-ara1 | 0576AbuTahirSilafi.MajalisKhamsa.Shamela0005706-ara1,2
openiti:0576AbuTahirSilafi.Mashyakha,0576AbuTahirSilafi.Mashyakha,Multiple OpenITI digital versions of one work,0576AbuTahirSilafi.Mashyakha.JK000649-ara1 | 0576AbuTahirSilafi.Mashyakha.Shamela0005728-ara1,2
openiti:0576AbuTahirSilafi.MashyakhaBaghdadiyya,0576AbuTahirSilafi.MashyakhaBaghdadiyya,Multiple OpenITI digital versions of one work,0576AbuTahirSilafi.MashyakhaBaghdadiyya.Shamela0021634-ara1 | 0576AbuTahirSilafi.MashyakhaBaghdadiyya.Shamela0030623Vols-ara1,2
openiti:0576AbuTahirSilafi.MucjamSafar,0576AbuTahirSilafi.MucjamSafar,Multiple OpenITI digital versions of one work,0576AbuTahirSilafi.MucjamSafar.JK001222-ara1 | 0576AbuTahirSilafi.MucjamSafar.JK011029-ara1 | 0576AbuTahirSilafi.MucjamSafar.Shamela0001029-ara1 | 0576AbuTahirSilafi.MucjamSafar.Shamela0005805-ara1,4
openiti:0576AbuTahirSilafi.Sualat,0576AbuTahirSilafi.Sualat,Multiple OpenITI digital versions of one work,0576AbuTahirSilafi.Sualat.JK000610-ara1 | 0576AbuTahirSilafi.Sualat.ShamAY0034164-ara1 | 0576AbuTahirSilafi.Sualat.Shamela0026209-ara1,3
openiti:0576AbuTahirSilafi.Tuyuriyyat,0576AbuTahirSilafi.Tuyuriyyat,Multiple OpenITI digital versions of one work,0576AbuTahirSilafi.Tuyuriyyat.JK009391-ara1 | 0576AbuTahirSilafi.Tuyuriyyat.Shamela0009634-ara1,2
openiti:0576AbuTahirSilafi.Wajiz,0576AbuTahirSilafi.Wajiz,Multiple OpenITI digital versions of one work,0576AbuTahirSilafi.Wajiz.JK000987-ara1 | 0576AbuTahirSilafi.Wajiz.Shamela0006031-ara1,2
openiti:0576IbnCabdSalamQadi.ArbacunCalawiyya,0576IbnCabdSalamQadi.ArbacunCalawiyya,Multiple OpenITI digital versions of one work,0576IbnCabdSalamQadi.ArbacunCalawiyya.Zaydiyya0000340-ara1 | 0576IbnCabdSalamQadi.ArbacunCalawiyya.Zaydiyya0000399-ara1,2
openiti:0577AbuBarakatAnbari.AsrarCarabiyya,0577AbuBarakatAnbari.AsrarCarabiyya,Multiple OpenITI digital versions of one work,0577AbuBarakatAnbari.AsrarCarabiyya.JK000955-ara1 | 0577AbuBarakatAnbari.AsrarCarabiyya.ShamAY0034671-ara1 | 0577AbuBarakatAnbari.AsrarCarabiyya.Shamela0007502-ara1,3
openiti:0577AbuBarakatAnbari.BulghaFiFarq,0577AbuBarakatAnbari.BulghaFiFarq,Multiple OpenITI digital versions of one work,0577AbuBarakatAnbari.BulghaFiFarq.JK009167-ara1 | 0577AbuBarakatAnbari.BulghaFiFarq.Shamela0007002-ara1,2
openiti:0577AbuBarakatAnbari.InsafFiMasail,0577AbuBarakatAnbari.InsafFiMasail,Multiple OpenITI digital versions of one work,0577AbuBarakatAnbari.InsafFiMasail.JK001424-ara1 | 0577AbuBarakatAnbari.InsafFiMasail.ShamAY0034700-ara1 | 0577AbuBarakatAnbari.InsafFiMasail.Shamela0007362-ara1,3
openiti:0578IbnBashkuwal.AkhbarIbnWahb,0578IbnBashkuwal.AkhbarIbnWahb,Multiple OpenITI digital versions of one work,0578IbnBashkuwal.AkhbarIbnWahb.ShamAY0033539-ara1 | 0578IbnBashkuwal.AkhbarIbnWahb.ShamAY0033540-ara1,2
openiti:0578IbnBashkuwal.GhawamidAsma,0578IbnBashkuwal.GhawamidAsma,Multiple OpenITI digital versions of one work,0578IbnBashkuwal.GhawamidAsma.JK000726-ara1 | 0578IbnBashkuwal.GhawamidAsma.Shamela0005803-ara1,2
openiti:0578IbnBashkuwal.MaRuwiyaFiHawd,0578IbnBashkuwal.MaRuwiyaFiHawd,Multiple OpenITI digital versions of one work,0578IbnBashkuwal.MaRuwiyaFiHawd.Shamela0006753-ara1 | 0578IbnBashkuwal.MaRuwiyaFiHawd.Shia002176-ara1,2
openiti:0578IbnBashkuwal.Sila,0578IbnBashkuwal.Sila,Multiple OpenITI digital versions of one work,0578IbnBashkuwal.Sila.JK010268-ara1 | 0578IbnBashkuwal.Sila.Shamela0022788-ara1,2
openiti:0581AbuMusaMadini.KhasaisMusnadAhmad,0581AbuMusaMadini.KhasaisMusnadAhmad,Multiple OpenITI digital versions of one work,0581AbuMusaMadini.KhasaisMusnadAhmad.JK000715-ara1 | 0581AbuMusaMadini.KhasaisMusnadAhmad.Shamela0011174-ara1 | 0581AbuMusaMadini.KhasaisMusnadAhmad.Shia002177-ara1,3
openiti:0581AbuMusaMadini.Lataif,0581AbuMusaMadini.Lataif,Multiple OpenITI digital versions of one work,0581AbuMusaMadini.Lataif.Shamela0026878-ara1 | 0581AbuMusaMadini.Lataif.Shamela0029911-ara1,2
openiti:0581AbuMusaMadini.NuzhatHuffaz,0581AbuMusaMadini.NuzhatHuffaz,Multiple OpenITI digital versions of one work,0581AbuMusaMadini.NuzhatHuffaz.JK000614-ara1 | 0581AbuMusaMadini.NuzhatHuffaz.Shamela0005995-ara1,2
openiti:0581AbuQasimSuhayli.Faraid,0581AbuQasimSuhayli.Faraid,Multiple OpenITI digital versions of one work,0581AbuQasimSuhayli.Faraid.JK000301-ara1 | 0581AbuQasimSuhayli.Faraid.Shamela0006251-ara1,2
openiti:0581AbuQasimSuhayli.RawdUnuf,0581AbuQasimSuhayli.RawdUnuf,Multiple OpenITI digital versions of one work,0581AbuQasimSuhayli.RawdUnuf.JK001463-ara1 | 0581AbuQasimSuhayli.RawdUnuf.Masaha002028Vols-ara1 | 0581AbuQasimSuhayli.RawdUnuf.Shamela0001514-ara1 | 0581AbuQasimSuhayli.RawdUnuf.Shamela0006864-ara1,4
openiti:0581IbnKharratIshbili.AhkamSharciyya,0581IbnKharratIshbili.AhkamSharciyya,Multiple OpenITI digital versions of one work,0581IbnKharratIshbili.AhkamSharciyya.JK009141-ara1 | 0581IbnKharratIshbili.AhkamSharciyya.Shamela0004289-ara1,2
openiti:0581IbnKharratIshbili.CaqibaFiDhikrMawt,0581IbnKharratIshbili.CaqibaFiDhikrMawt,Multiple OpenITI digital versions of one work,0581IbnKharratIshbili.CaqibaFiDhikrMawt.JK000030-ara1 | 0581IbnKharratIshbili.CaqibaFiDhikrMawt.Shamela0006862-ara1,2
openiti:0582IbnBarri.FiTacrib,0582IbnBarri.FiTacrib,Multiple OpenITI digital versions of one work,0582IbnBarri.FiTacrib.JK001246-ara1 | 0582IbnBarri.FiTacrib.Shamela0007060-ara1,2
openiti:0582IbnBarri.GhalatDucafaMinFuqaha,0582IbnBarri.GhalatDucafaMinFuqaha,Multiple OpenITI digital versions of one work,0582IbnBarri.GhalatDucafaMinFuqaha.JK006917-ara1 | 0582IbnBarri.GhalatDucafaMinFuqaha.Shamela0006922-ara1,2
openiti:0583SibtIbnTacawidhiShacir.Diwan,0583SibtIbnTacawidhiShacir.Diwan,Multiple OpenITI digital versions of one work,0583SibtIbnTacawidhiShacir.Diwan.JK007618-ara1 | 0583SibtIbnTacawidhiShacir.Diwan.ShamAY0037949-ara1,2
openiti:0584IbnMunqidhShayzari.BadicFiNaqdShicr,0584IbnMunqidhShayzari.BadicFiNaqdShicr,Multiple OpenITI digital versions of one work,0584IbnMunqidhShayzari.BadicFiNaqdShicr.JK010749-ara1 | 0584IbnMunqidhShayzari.BadicFiNaqdShicr.Shamela0009225-ara1,2
openiti:0584IbnMunqidhShayzari.Diwan,0584IbnMunqidhShayzari.Diwan,Multiple OpenITI digital versions of one work,0584IbnMunqidhShayzari.Diwan.JK007587-ara1 | 0584IbnMunqidhShayzari.Diwan.ShamAY0037915-ara1,2
openiti:0584IbnMunqidhShayzari.Ictibar,0584IbnMunqidhShayzari.Ictibar,Multiple OpenITI digital versions of one work,0584IbnMunqidhShayzari.Ictibar.JK009309-ara1 | 0584IbnMunqidhShayzari.Ictibar.Shamela0021564-ara1,2
openiti:0584IbnMunqidhShayzari.LubabAdab,0584IbnMunqidhShayzari.LubabAdab,Multiple OpenITI digital versions of one work,0584IbnMunqidhShayzari.LubabAdab.JK010729-ara1 | 0584IbnMunqidhShayzari.LubabAdab.Shamela0010496-ara1,2
openiti:0584IbnMusaHazimi.Amakin,0584IbnMusaHazimi.Amakin,Multiple OpenITI digital versions of one work,0584IbnMusaHazimi.Amakin.JK010104-ara1 | 0584IbnMusaHazimi.Amakin.Shamela0000122-ara1,2
openiti:0584IbnMusaHazimi.CujalatMubtadi,0584IbnMusaHazimi.CujalatMubtadi,Multiple OpenITI digital versions of one work,0584IbnMusaHazimi.CujalatMubtadi.JK010497-ara1 | 0584IbnMusaHazimi.CujalatMubtadi.Shamela0096966-ara1,2
openiti:0585IbnCaliIbnZuhraHalabi.GhunyatNuzuc,0585IbnCaliIbnZuhraHalabi.GhunyatNuzuc,Multiple OpenITI digital versions of one work,0585IbnCaliIbnZuhraHalabi.GhunyatNuzuc.Masaha000707-ara1 | 0585IbnCaliIbnZuhraHalabi.GhunyatNuzuc.Shia000048-ara1,2
openiti:0586IbnMuhammadAbuNasrCattabi.SharhNukat,0586IbnMuhammadAbuNasrCattabi.SharhNukat,Multiple OpenITI digital versions of one work,0586IbnMuhammadAbuNasrCattabi.SharhNukat.JK000285-ara1 | 0586IbnMuhammadAbuNasrCattabi.SharhNukat.JK000891-ara1 | 0586IbnMuhammadAbuNasrCattabi.SharhNukat.Shamela0022362-ara1,3
openiti:0587AbuMacaliFurawi.Subaciyyat,0587AbuMacaliFurawi.Subaciyyat,Multiple OpenITI digital versions of one work,0587AbuMacaliFurawi.Subaciyyat.JK011523-ara1 | 0587AbuMacaliFurawi.Subaciyyat.Shamela0009664-ara1,2
openiti:0587IbnMascudCalaDinKasani.BadaicSanaic,0587IbnMascudCalaDinKasani.BadaicSanaic,Multiple OpenITI digital versions of one work,0587IbnMascudCalaDinKasani.BadaicSanaic.JK000150-ara1 | 0587IbnMascudCalaDinKasani.BadaicSanaic.Shamela0008183-ara1 | 0587IbnMascudCalaDinKasani.BadaicSanaic.Shia000956Vols-ara1,3
openiti:0588IbnShahrAshub.MacalimCulama,0588IbnShahrAshub.MacalimCulama,Multiple OpenITI digital versions of one work,0588IbnShahrAshub.MacalimCulama.Masaha003552-ara1 | 0588IbnShahrAshub.MacalimCulama.Shia002938-ara1,2
openiti:0588IbnShahrAshub.ManaqibAlAbiTalib,0588IbnShahrAshub.ManaqibAlAbiTalib,Multiple OpenITI digital versions of one work,0588IbnShahrAshub.ManaqibAlAbiTalib.Masaha003007Vols-ara1 | 0588IbnShahrAshub.ManaqibAlAbiTalib.Shia001349Vols-ara1,2
openiti:0590IbnFirruhShatibi.HirzAmani,0590IbnFirruhShatibi.HirzAmani,Multiple OpenITI digital versions of one work,0590IbnFirruhShatibi.HirzAmani.JK000450-ara1 | 0590IbnFirruhShatibi.HirzAmani.ShamAY0034095-ara1 | 0590IbnFirruhShatibi.HirzAmani.Shamela0007754-ara1,3
openiti:0590IbnNasrJalalDinShayzari.ManhajMasluk,0590IbnNasrJalalDinShayzari.ManhajMasluk,Multiple OpenITI digital versions of one work,0590IbnNasrJalalDinShayzari.ManhajMasluk.JK001189-ara1 | 0590IbnNasrJalalDinShayzari.ManhajMasluk.Shamela0007235-ara1,2
openiti:0590IbnNasrJalalDinShayzari.NihayatRutba,0590IbnNasrJalalDinShayzari.NihayatRutba,Multiple OpenITI digital versions of one work,0590IbnNasrJalalDinShayzari.NihayatRutba.JK011689-ara2 | 0590IbnNasrJalalDinShayzari.NihayatRutba.Shamela0021584-ara1,2
openiti:0592IbnCaliFakhrDinIbnDahhan.TaqwimNazar,0592IbnCaliFakhrDinIbnDahhan.TaqwimNazar,Multiple OpenITI digital versions of one work,0592IbnCaliFakhrDinIbnDahhan.TaqwimNazar.JK009148-ara1 | 0592IbnCaliFakhrDinIbnDahhan.TaqwimNazar.Shamela0006337-ara1,2
openiti:0593BurhanDinFarghaniMarghinani.Bidaya,0593BurhanDinFarghaniMarghinani.Bidaya,Multiple OpenITI digital versions of one work,0593BurhanDinFarghaniMarghinani.Bidaya.JK000278-ara1 | 0593BurhanDinFarghaniMarghinani.Bidaya.Shamela0006170-ara1,2
openiti:0593BurhanDinFarghaniMarghinani.HidayaFiSharhBidaya,0593BurhanDinFarghaniMarghinani.HidayaFiSharhBidaya,Multiple OpenITI digital versions of one work,0593BurhanDinFarghaniMarghinani.HidayaFiSharhBidaya.JK000242-ara1 | 0593BurhanDinFarghaniMarghinani.HidayaFiSharhBidaya.JK011690BK1-ara1 | 0593BurhanDinFarghaniMarghinani.HidayaFiSharhBidaya.ShamAY0034209-ara1 | 0593BurhanDinFarghaniMarghinani.HidayaFiSharhBidaya.Shamela0000427BK1-ara1 | 0593BurhanDinFarghaniMarghinani.HidayaFiSharhBidaya.Shamela0009403BK1-ara1 | 0593BurhanDinFarghaniMarghinani.HidayaFiSharhBidaya.Shamela0011820-ara1,6
openiti:0593IbnMuhammadJamalDinGhaznawi.UsulDin,0593IbnMuhammadJamalDinGhaznawi.UsulDin,Multiple OpenITI digital versions of one work,0593IbnMuhammadJamalDinGhaznawi.UsulDin.JK001464-ara1 | 0593IbnMuhammadJamalDinGhaznawi.UsulDin.Shamela0006371-ara1,2
openiti:0595Daylami.SharhAnfasRuhaniyya,0595Daylami.SharhAnfasRuhaniyya,Multiple OpenITI digital versions of one work,0595Daylami.SharhAnfasRuhaniyya.EScr20112317-ara1 | 0595Daylami.SharhAnfasRuhaniyya.Kraken220413202903-ara1,2
openiti:0595IbnRushdHafid.BidayatMujtahid,0595IbnRushdHafid.BidayatMujtahid,Multiple OpenITI digital versions of one work,0595IbnRushdHafid.BidayatMujtahid.JK000222-ara1 | 0595IbnRushdHafid.BidayatMujtahid.ShamAY0034220-ara1 | 0595IbnRushdHafid.BidayatMujtahid.ShamAY0034221-ara1 | 0595IbnRushdHafid.BidayatMujtahid.Shamela0021739-ara1 | 0595IbnRushdHafid.BidayatMujtahid.Shia001039Vols-ara1,5
openiti:0595IbnRushdHafid.FaslMaqal,0595IbnRushdHafid.FaslMaqal,Multiple OpenITI digital versions of one work,0595IbnRushdHafid.FaslMaqal.JK010686-ara1 | 0595IbnRushdHafid.FaslMaqal.Shamela0012727-ara1,2
openiti:0595IbnRushdHafid.TalkhisCibara,0595IbnRushdHafid.TalkhisCibara,Multiple OpenITI digital versions of one work,0595IbnRushdHafid.TalkhisCibara.ALCorpus00023-ara1 | 0595IbnRushdHafid.TalkhisCibara.DARE00018-ara1,2
openiti:0595IbnRushdHafid.TalkhisHassLiAristu,0595IbnRushdHafid.TalkhisHassLiAristu,Multiple OpenITI digital versions of one work,0595IbnRushdHafid.TalkhisHassLiAristu.ALCorpus00022-ara1 | 0595IbnRushdHafid.TalkhisHassLiAristu.GRAR000033-ara1,2
openiti:0595IbnRushdHafid.TalkhisKawnWaFasad,0595IbnRushdHafid.TalkhisKawnWaFasad,Multiple OpenITI digital versions of one work,0595IbnRushdHafid.TalkhisKawnWaFasad.DARE00021-ara1 | 0595IbnRushdHafid.TalkhisKawnWaFasad.Rafed0001722-ara1,2
openiti:0595IbnRushdHafid.TalkhisKhitaba,0595IbnRushdHafid.TalkhisKhitaba,Multiple OpenITI digital versions of one work,0595IbnRushdHafid.TalkhisKhitaba.JK010698-ara1 | 0595IbnRushdHafid.TalkhisKhitaba.Shamela0000698-ara1,2
openiti:0595IbnRushdHafid.TalkhisQiyas,0595IbnRushdHafid.TalkhisQiyas,Multiple OpenITI digital versions of one work,0595IbnRushdHafid.TalkhisQiyas.DARE00107-ara1 | 0595IbnRushdHafid.TalkhisQiyas.ShamAY0034178-ara1 | 0595IbnRushdHafid.TalkhisQiyas.Shamela0009707-ara1,3
openiti:0595IbnRushdHafid.TalkhisShicrLiAristutalis,0595IbnRushdHafid.TalkhisShicrLiAristutalis,Multiple OpenITI digital versions of one work,0595IbnRushdHafid.TalkhisShicrLiAristutalis.GRAR000032-ara1 | 0595IbnRushdHafid.TalkhisShicrLiAristutalis.ShamAY0033797-ara1,2
openiti:0596IbnWasifShah.MukhtasarCajaibDunya,0596IbnWasifShah.MukhtasarCajaibDunya,Multiple OpenITI digital versions of one work,0596IbnWasifShah.MukhtasarCajaibDunya.Masaha004092-ara1 | 0596IbnWasifShah.MukhtasarCajaibDunya.Rafed0002460-ara1,2
openiti:0597CimadDinKatibIsfahani.BarqShami,0597CimadDinKatibIsfahani.BarqShami,Multiple OpenITI digital versions of one work,0597CimadDinKatibIsfahani.BarqShami.JK000393-ara1 | 0597CimadDinKatibIsfahani.BarqShami.Shamela0006628-ara1,2
openiti:0597CimadDinKatibIsfahani.Diwan,0597CimadDinKatibIsfahani.Diwan,Multiple OpenITI digital versions of one work,0597CimadDinKatibIsfahani.Diwan.JK007625-ara1 | 0597CimadDinKatibIsfahani.Diwan.ShamAY0037901-ara1,2
openiti:0597CimadDinKatibIsfahani.FathQussi,0597CimadDinKatibIsfahani.FathQussi,Multiple OpenITI digital versions of one work,0597CimadDinKatibIsfahani.FathQussi.Sham19Y0014789-ara1 | 0597CimadDinKatibIsfahani.FathQussi.Sham19Y014789-ara1,2
openiti:0597CimadDinKatibIsfahani.KharidatQasr,0597CimadDinKatibIsfahani.KharidatQasr,Multiple OpenITI digital versions of one work,0597CimadDinKatibIsfahani.KharidatQasr.JK009370Vols-ara1 | 0597CimadDinKatibIsfahani.KharidatQasr.Shamela0012815Vols-ara2,2
openiti:0597IbnJawzi.Adhkiya,0597IbnJawzi.Adhkiya,Multiple OpenITI digital versions of one work,0597IbnJawzi.Adhkiya.JK000910-ara1 | 0597IbnJawzi.Adhkiya.Shamela0006938-ara1,2
openiti:0597IbnJawzi.AkhbarHamqaWaMughaffalin,0597IbnJawzi.AkhbarHamqaWaMughaffalin,Multiple OpenITI digital versions of one work,0597IbnJawzi.AkhbarHamqaWaMughaffalin.JK000004-ara1 | 0597IbnJawzi.AkhbarHamqaWaMughaffalin.ShamAY0033774-ara1 | 0597IbnJawzi.AkhbarHamqaWaMughaffalin.Shamela0011068-ara1,3
openiti:0597IbnJawzi.AkhbarNisa,0597IbnJawzi.AkhbarNisa,Multiple OpenITI digital versions of one work,0597IbnJawzi.AkhbarNisa.ShamAY0034338-ara1 | 0597IbnJawzi.AkhbarNisa.Shamela0021563-ara1,2
openiti:0597IbnJawzi.BirrWalidayn,0597IbnJawzi.BirrWalidayn,Multiple OpenITI digital versions of one work,0597IbnJawzi.BirrWalidayn.JK010244-ara1 | 0597IbnJawzi.BirrWalidayn.Shamela0000244-ara1,2
openiti:0597IbnJawzi.BustanWacizin,0597IbnJawzi.BustanWacizin,Multiple OpenITI digital versions of one work,0597IbnJawzi.BustanWacizin.JK000999-ara1 | 0597IbnJawzi.BustanWacizin.Shamela0006948-ara1,2
openiti:0597IbnJawzi.CilalMutanahiyya,0597IbnJawzi.CilalMutanahiyya,Multiple OpenITI digital versions of one work,0597IbnJawzi.CilalMutanahiyya.JK000629-ara1 | 0597IbnJawzi.CilalMutanahiyya.ShamAY0034148-ara1 | 0597IbnJawzi.CilalMutanahiyya.Shamela0007351-ara1,3
openiti:0597IbnJawzi.DafcShubahTashbih,0597IbnJawzi.DafcShubahTashbih,Multiple OpenITI digital versions of one work,0597IbnJawzi.DafcShubahTashbih.JK001469-ara1 | 0597IbnJawzi.DafcShubahTashbih.Shia002178-ara1,2
openiti:0597IbnJawzi.DhammHawa,0597IbnJawzi.DhammHawa,Multiple OpenITI digital versions of one work,0597IbnJawzi.DhammHawa.JK000003-ara1 | 0597IbnJawzi.DhammHawa.Shamela0006870-ara1,2
openiti:0597IbnJawzi.DucafaWaMatrukin,0597IbnJawzi.DucafaWaMatrukin,Multiple OpenITI digital versions of one work,0597IbnJawzi.DucafaWaMatrukin.JK000721-ara1 | 0597IbnJawzi.DucafaWaMatrukin.Shamela0005830-ara1,2
openiti:0597IbnJawzi.FadailQuds,0597IbnJawzi.FadailQuds,Multiple OpenITI digital versions of one work,0597IbnJawzi.FadailQuds.JK010192-ara1 | 0597IbnJawzi.FadailQuds.ShamAY0032164-ara1 | 0597IbnJawzi.FadailQuds.Shamela0001599-ara1,3
openiti:0597IbnJawzi.GharibHadith,0597IbnJawzi.GharibHadith,Multiple OpenITI digital versions of one work,0597IbnJawzi.GharibHadith.JK001467-ara1 | 0597IbnJawzi.GharibHadith.Shamela0002911-ara1,2
openiti:0597IbnJawzi.KashfMushkil,0597IbnJawzi.KashfMushkil,Multiple OpenITI digital versions of one work,0597IbnJawzi.KashfMushkil.JK007128-ara1 | 0597IbnJawzi.KashfMushkil.Shamela0005906-ara1,2
openiti:0597IbnJawzi.Laali,0597IbnJawzi.Laali,Multiple OpenITI digital versions of one work,0597IbnJawzi.Laali.JK010659-ara1 | 0597IbnJawzi.Laali.Shamela0000659-ara1,2
openiti:0597IbnJawzi.Lataif,0597IbnJawzi.Lataif,Multiple OpenITI digital versions of one work,0597IbnJawzi.Lataif.JK010243-ara1 | 0597IbnJawzi.Lataif.Shamela0000243-ara1,2
openiti:0597IbnJawzi.ManaqibImamAhmad,0597IbnJawzi.ManaqibImamAhmad,Multiple OpenITI digital versions of one work,0597IbnJawzi.ManaqibImamAhmad.LAL2013082302-ara2 | 0597IbnJawzi.ManaqibImamAhmad.Sham19Y0013250-ara1,2
openiti:0597IbnJawzi.Manthur,0597IbnJawzi.Manthur,Multiple OpenITI digital versions of one work,0597IbnJawzi.Manthur.JK010180-ara1 | 0597IbnJawzi.Manthur.Shamela0000180-ara1,2
openiti:0597IbnJawzi.Mawducat,0597IbnJawzi.Mawducat,Multiple OpenITI digital versions of one work,0597IbnJawzi.Mawducat.JK005007-ara1 | 0597IbnJawzi.Mawducat.ShamAY0034138-ara1 | 0597IbnJawzi.Mawducat.Shamela0000882-ara1 | 0597IbnJawzi.Mawducat.Shia003227Vols-ara1,4
openiti:0597IbnJawzi.Mudhish,0597IbnJawzi.Mudhish,Multiple OpenITI digital versions of one work,0597IbnJawzi.Mudhish.JK001210-ara1 | 0597IbnJawzi.Mudhish.Shamela0006940-ara1,2
openiti:0597IbnJawzi.Muntazam,0597IbnJawzi.Muntazam,Multiple OpenITI digital versions of one work,0597IbnJawzi.Muntazam.JK001209-ara1 | 0597IbnJawzi.Muntazam.Masaha002923Vols-ara1 | 0597IbnJawzi.Muntazam.Sham30K0004592-ara3 | 0597IbnJawzi.Muntazam.Sham30K0012406-ara1 | 0597IbnJawzi.Muntazam.Sham30K0036167-ara2 | 0597IbnJawzi.Muntazam.ShamAY0034611-ara3 | 0597IbnJawzi.Muntazam.Shamela0012406-ara1,7
openiti:0597IbnJawzi.MusaffaBiAkuff,0597IbnJawzi.MusaffaBiAkuff,Multiple OpenITI digital versions of one work,0597IbnJawzi.MusaffaBiAkuff.JK000456-ara1 | 0597IbnJawzi.MusaffaBiAkuff.Shamela0008554-ara1,2
openiti:0597IbnJawzi.MuthirGharam,0597IbnJawzi.MuthirGharam,Multiple OpenITI digital versions of one work,0597IbnJawzi.MuthirGharam.Shamela0010437-ara1 | 0597IbnJawzi.MuthirGharam.Shamela0026674-ara1,2
openiti:0597IbnJawzi.NawasikhQuran,0597IbnJawzi.NawasikhQuran,Multiple OpenITI digital versions of one work,0597IbnJawzi.NawasikhQuran.JK000441-ara1 | 0597IbnJawzi.NawasikhQuran.ShamAY0001226-ara1 | 0597IbnJawzi.NawasikhQuran.ShamAY0034097-ara1 | 0597IbnJawzi.NawasikhQuran.Shamela0002176-ara1 | 0597IbnJawzi.NawasikhQuran.Shamela0038121-ara1 | 0597IbnJawzi.NawasikhQuran.Shia002578-ara1,6
openiti:0597IbnJawzi.NuzhatAcyun,0597IbnJawzi.NuzhatAcyun,Multiple OpenITI digital versions of one work,0597IbnJawzi.NuzhatAcyun.JK007134-ara1 | 0597IbnJawzi.NuzhatAcyun.Shamela0006334-ara1,2
openiti:0597IbnJawzi.QussasWaMudhakkirin,0597IbnJawzi.QussasWaMudhakkirin,Multiple OpenITI digital versions of one work,0597IbnJawzi.QussasWaMudhakkirin.JK005003-ara1 | 0597IbnJawzi.QussasWaMudhakkirin.Shamela0003617-ara1,2
openiti:0597IbnJawzi.SaydKhatir,0597IbnJawzi.SaydKhatir,Multiple OpenITI digital versions of one work,0597IbnJawzi.SaydKhatir.JK010547-ara1 | 0597IbnJawzi.SaydKhatir.Shamela0012028-ara1,2
openiti:0597IbnJawzi.SifatSafwa,0597IbnJawzi.SifatSafwa,Multiple OpenITI digital versions of one work,0597IbnJawzi.SifatSafwa.JK000067-ara2 | 0597IbnJawzi.SifatSafwa.ShamAY0033757-ara2 | 0597IbnJawzi.SifatSafwa.Shamela0012031-ara1,3
openiti:0597IbnJawzi.Tabsira,0597IbnJawzi.Tabsira,Multiple OpenITI digital versions of one work,0597IbnJawzi.Tabsira.JK007063-ara1 | 0597IbnJawzi.Tabsira.Shamela0026351-ara1,2
openiti:0597IbnJawzi.TadhkiraFiWacz,0597IbnJawzi.TadhkiraFiWacz,Multiple OpenITI digital versions of one work,0597IbnJawzi.TadhkiraFiWacz.JK000074-ara1 | 0597IbnJawzi.TadhkiraFiWacz.Shamela0006858-ara1,2
openiti:0597IbnJawzi.TadhkiratArib,0597IbnJawzi.TadhkiratArib,Multiple OpenITI digital versions of one work,0597IbnJawzi.TadhkiratArib.JK000704-ara1 | 0597IbnJawzi.TadhkiratArib.Shamela0010450-ara1,2
openiti:0597IbnJawzi.TahqiqFiAhadithKhilaf,0597IbnJawzi.TahqiqFiAhadithKhilaf,Multiple OpenITI digital versions of one work,0597IbnJawzi.TahqiqFiAhadithKhilaf.JK000221-ara1 | 0597IbnJawzi.TahqiqFiAhadithKhilaf.Shamela0005907-ara1,2
openiti:0597IbnJawzi.TalbisIblis,0597IbnJawzi.TalbisIblis,Multiple OpenITI digital versions of one work,0597IbnJawzi.TalbisIblis.JK000072-ara1 | 0597IbnJawzi.TalbisIblis.ShamAY0033755-ara1 | 0597IbnJawzi.TalbisIblis.Shamela0011438-ara1,3
openiti:0597IbnJawzi.TalqihFuhum,0597IbnJawzi.TalqihFuhum,Multiple OpenITI digital versions of one work,0597IbnJawzi.TalqihFuhum.JK001083-ara1 | 0597IbnJawzi.TalqihFuhum.Shamela0006700-ara1,2
openiti:0597IbnJawzi.TanbihNaim,0597IbnJawzi.TanbihNaim,Multiple OpenITI digital versions of one work,0597IbnJawzi.TanbihNaim.JK010245-ara1 | 0597IbnJawzi.TanbihNaim.Shamela0011023-ara1 | 0597IbnJawzi.TanbihNaim.Shamela0026678-ara1,3
openiti:0597IbnJawzi.TanwirGhabash,0597IbnJawzi.TanwirGhabash,Multiple OpenITI digital versions of one work,0597IbnJawzi.TanwirGhabash.JK009191-ara1 | 0597IbnJawzi.TanwirGhabash.Shamela0005748-ara1,2
openiti:0597IbnJawzi.TarikhBaytMuqaddas,0597IbnJawzi.TarikhBaytMuqaddas,Multiple OpenITI digital versions of one work,0597IbnJawzi.TarikhBaytMuqaddas.JK010412-ara1 | 0597IbnJawzi.TarikhBaytMuqaddas.Shamela0010927-ara1,2
openiti:0597IbnJawzi.ThibatCindaMamat,0597IbnJawzi.ThibatCindaMamat,Multiple OpenITI digital versions of one work,0597IbnJawzi.ThibatCindaMamat.JK000841-ara1 | 0597IbnJawzi.ThibatCindaMamat.Shamela0006789-ara1,2
openiti:0597IbnJawzi.WafaBiAhwalMustafa,0597IbnJawzi.WafaBiAhwalMustafa,Multiple OpenITI digital versions of one work,0597IbnJawzi.WafaBiAhwalMustafa.JK009242-ara1 | 0597IbnJawzi.WafaBiAhwalMustafa.ShamAY0037387-ara1,2
openiti:0597IbnJawzi.ZadMasir,0597IbnJawzi.ZadMasir,Multiple OpenITI digital versions of one work,0597IbnJawzi.ZadMasir.JK000791-ara1 | 0597IbnJawzi.ZadMasir.ShamAY0034060-ara1 | 0597IbnJawzi.ZadMasir.Shamela0023619-ara1 | 0597IbnJawzi.ZadMasir.Shia002570Vols-ara1 | 0597IbnJawzi.ZadMasir.Tafsir02015-ara1,5
openiti:0597IbnJawzi.ZirafWaMutamajinin,0597IbnJawzi.ZirafWaMutamajinin,Multiple OpenITI digital versions of one work,0597IbnJawzi.ZirafWaMutamajinin.JK007056-ara1 | 0597IbnJawzi.ZirafWaMutamajinin.Shamela0006952-ara1,2
openiti:0597IbnMubarakBaghdadi.MuntahaTalab,0597IbnMubarakBaghdadi.MuntahaTalab,Multiple OpenITI digital versions of one work,0597IbnMubarakBaghdadi.MuntahaTalab.JK010732-ara1 | 0597IbnMubarakBaghdadi.MuntahaTalab.Shamela0000732-ara1,2
openiti:0598IbnIbrahimIbnHajjQunawi.HazzGhalasim,0598IbnIbrahimIbnHajjQunawi.HazzGhalasim,Multiple OpenITI digital versions of one work,0598IbnIbrahimIbnHajjQunawi.HazzGhalasim.JK000322-ara1 | 0598IbnIbrahimIbnHajjQunawi.HazzGhalasim.JK011115-ara1 | 0598IbnIbrahimIbnHajjQunawi.HazzGhalasim.Shamela0006550-ara1 | 0598IbnIbrahimIbnHajjQunawi.HazzGhalasim.Shia002179-ara1,4
openiti:0599IbnYahyaHanafiKufi.Ahadith,0599IbnYahyaHanafiKufi.Ahadith,Multiple OpenITI digital versions of one work,0599IbnYahyaHanafiKufi.Ahadith.ShamAY0033639-ara1 | 0599IbnYahyaHanafiKufi.Ahadith.Shamela0029786-ara1,2
openiti:0600AbuBaqaHilli.ManaqibMazyadiyya,0600AbuBaqaHilli.ManaqibMazyadiyya,Multiple OpenITI digital versions of one work,0600AbuBaqaHilli.ManaqibMazyadiyya.JK009228-ara1 | 0600AbuBaqaHilli.ManaqibMazyadiyya.Shamela0030797-ara1,2
openiti:0600CabdGhaniMaqdisi.CumdatAhkam,0600CabdGhaniMaqdisi.CumdatAhkam,Multiple OpenITI digital versions of one work,0600CabdGhaniMaqdisi.CumdatAhkam.Sham19Y0011194-ara1 | 0600CabdGhaniMaqdisi.CumdatAhkam.Sham19Y0017103-ara1 | 0600CabdGhaniMaqdisi.CumdatAhkam.Shamela0006075-ara1,3
openiti:0600CabdGhaniMaqdisi.JuzAhadithShicr,0600CabdGhaniMaqdisi.JuzAhadithShicr,Multiple OpenITI digital versions of one work,0600CabdGhaniMaqdisi.JuzAhadithShicr.JK000672-ara1 | 0600CabdGhaniMaqdisi.JuzAhadithShicr.Shamela0006900-ara1 | 0600CabdGhaniMaqdisi.JuzAhadithShicr.Shia002181-ara1,3
openiti:0600CabdGhaniMaqdisi.TarghibFiDuca,0600CabdGhaniMaqdisi.TarghibFiDuca,Multiple OpenITI digital versions of one work,0600CabdGhaniMaqdisi.TarghibFiDuca.JK001266-ara1 | 0600CabdGhaniMaqdisi.TarghibFiDuca.Shamela0006749-ara1,2
openiti:0600CabdGhaniMaqdisi.TawhidLiLlah,0600CabdGhaniMaqdisi.TawhidLiLlah,Multiple OpenITI digital versions of one work,0600CabdGhaniMaqdisi.TawhidLiLlah.JK001277-ara1 | 0600CabdGhaniMaqdisi.TawhidLiLlah.Shamela0009381-ara1,2
openiti:0600IbnHasabAbuMajdHalabi.IsharatSabq,0600IbnHasabAbuMajdHalabi.IsharatSabq,Multiple OpenITI digital versions of one work,0600IbnHasabAbuMajdHalabi.IsharatSabq.Masaha000616Vols-ara1 | 0600IbnHasabAbuMajdHalabi.IsharatSabq.Rafed0001256-ara1 | 0600IbnHasabAbuMajdHalabi.IsharatSabq.Shia000052-ara1,3
openiti:0600PseudoMascudi.AkhbarZaman,0600PseudoMascudi.AkhbarZaman,Multiple OpenITI digital versions of one work,0600PseudoMascudi.AkhbarZaman.JK011221-ara1 | 0600PseudoMascudi.AkhbarZaman.Rafed0001745-ara1 | 0600PseudoMascudi.AkhbarZaman.Shamela0008620-ara1 | 0600PseudoMascudi.AkhbarZaman.Shia003483-ara1,4
openiti:0606FakhrDinRazi.Ictiqadat,0606FakhrDinRazi.Ictiqadat,Multiple OpenITI digital versions of one work,0606FakhrDinRazi.Ictiqadat.JK000346-ara1 | 0606FakhrDinRazi.Ictiqadat.Shamela0006516-ara1,2
openiti:0606FakhrDinRazi.MacalimUsulDin,0606FakhrDinRazi.MacalimUsulDin,Multiple OpenITI digital versions of one work,0606FakhrDinRazi.MacalimUsulDin.JK001465-ara1 | 0606FakhrDinRazi.MacalimUsulDin.Shamela0006372-ara1,2
openiti:0606FakhrDinRazi.MafatihGhayb,0606FakhrDinRazi.MafatihGhayb,Multiple OpenITI digital versions of one work,0606FakhrDinRazi.MafatihGhayb.JK006478-ara1 | 0606FakhrDinRazi.MafatihGhayb.Masaha002591Vols-ara1 | 0606FakhrDinRazi.MafatihGhayb.ShamAY0031578-ara1 | 0606FakhrDinRazi.MafatihGhayb.Shamela0023635-ara1 | 0606FakhrDinRazi.MafatihGhayb.Shia002579Vols-ara1 | 0606FakhrDinRazi.MafatihGhayb.Tafsir01004-ara1,6
openiti:0606FakhrDinRazi.Mahsul,0606FakhrDinRazi.Mahsul,Multiple OpenITI digital versions of one work,0606FakhrDinRazi.Mahsul.JK000153-ara1 | 0606FakhrDinRazi.Mahsul.ShamAY0034194-ara1 | 0606FakhrDinRazi.Mahsul.Shamela0002022-ara1 | 0606FakhrDinRazi.Mahsul.Shia002918Vols-ara1,4
openiti:0606IbnAthirMajdDin.JamicUsul,0606IbnAthirMajdDin.JamicUsul,Multiple OpenITI digital versions of one work,0606IbnAthirMajdDin.JamicUsul.JK009336-ara1 | 0606IbnAthirMajdDin.JamicUsul.Shamela0025800-ara1,2
openiti:0606IbnAthirMajdDin.NihayaFiGharib,0606IbnAthirMajdDin.NihayaFiGharib,Multiple OpenITI digital versions of one work,0606IbnAthirMajdDin.NihayaFiGharib.JK000124-ara1 | 0606IbnAthirMajdDin.NihayaFiGharib.Masaha000969Vols-ara1 | 0606IbnAthirMajdDin.NihayaFiGharib.Shamela0023691-ara1 | 0606IbnAthirMajdDin.NihayaFiGharib.Shia003923Vols-ara1,4
openiti:0606RuzbihanBaqli.CaraisBayan,0606RuzbihanBaqli.CaraisBayan,Multiple OpenITI digital versions of one work,0606RuzbihanBaqli.CaraisBayan.Rafed0003943Vols-ara1 | 0606RuzbihanBaqli.CaraisBayan.Tafsir03032-ara1,2
openiti:0608IbnSanaMulk.DarTiraz,0608IbnSanaMulk.DarTiraz,Multiple OpenITI digital versions of one work,0608IbnSanaMulk.DarTiraz.JK010570-ara1 | 0608IbnSanaMulk.DarTiraz.Shamela0023119-ara1,2
openiti:0609AbuCabbasJarrawi.HamasaMaghribiyya,0609AbuCabbasJarrawi.HamasaMaghribiyya,Multiple OpenITI digital versions of one work,0609AbuCabbasJarrawi.HamasaMaghribiyya.JK006908-ara1 | 0609AbuCabbasJarrawi.HamasaMaghribiyya.Shamela0006902-ara1,2
openiti:0610MuhammadIbnMashhadi.Mazar,0610MuhammadIbnMashhadi.Mazar,Multiple OpenITI digital versions of one work,0610MuhammadIbnMashhadi.Mazar.Masaha001025-ara1 | 0610MuhammadIbnMashhadi.Mazar.Shia001357-ara1,2
openiti:0610Mutarrizi.MughribFiTartibMucrib,0610Mutarrizi.MughribFiTartibMucrib,Multiple OpenITI digital versions of one work,0610Mutarrizi.MughribFiTartibMucrib.JK001174-ara1 | 0610Mutarrizi.MughribFiTartibMucrib.ShamAY0034680-ara1 | 0610Mutarrizi.MughribFiTartibMucrib.Shamela0008459-ara1,3
openiti:0611CaliHarawi.Isharat,0611CaliHarawi.Isharat,Multiple OpenITI digital versions of one work,0611CaliHarawi.Isharat.Masaha004640-ara1 | 0611CaliHarawi.Isharat.Shamela0010797-ara1,2
openiti:0613CaliIbnZafir.BadaicBadaih,0613CaliIbnZafir.BadaicBadaih,Multiple OpenITI digital versions of one work,0613CaliIbnZafir.BadaicBadaih.JK010565-ara1 | 0613CaliIbnZafir.BadaicBadaih.Shamela0021559-ara1,2
openiti:0613CaliIbnZafir.GharaibTanbihat,0613CaliIbnZafir.GharaibTanbihat,Multiple OpenITI digital versions of one work,0613CaliIbnZafir.GharaibTanbihat.JK010744-ara1 | 0613CaliIbnZafir.GharaibTanbihat.Shamela0001595-ara1,2
openiti:0613IbnBaninDaqiqiNahwi.IttifaqMabani,0613IbnBaninDaqiqiNahwi.IttifaqMabani,Multiple OpenITI digital versions of one work,0613IbnBaninDaqiqiNahwi.IttifaqMabani.JK001043-ara1 | 0613IbnBaninDaqiqiNahwi.IttifaqMabani.Shamela0007046-ara1,2
openiti:0614IbnAhmadIbnKhumayrSabti.TanzihAnbiya,0614IbnAhmadIbnKhumayrSabti.TanzihAnbiya,Multiple OpenITI digital versions of one work,0614IbnAhmadIbnKhumayrSabti.TanzihAnbiya.JK001264-ara1 | 0614IbnAhmadIbnKhumayrSabti.TanzihAnbiya.Rafed0001909-ara1 | 0614IbnAhmadIbnKhumayrSabti.TanzihAnbiya.Shamela0006470-ara1,3
openiti:0614IbnJubayr.Rihla,0614IbnJubayr.Rihla,Multiple OpenITI digital versions of one work,0614IbnJubayr.Rihla.JK000416-ara1 | 0614IbnJubayr.Rihla.Masaha004170-ara1 | 0614IbnJubayr.Rihla.Masaha004171-ara1 | 0614IbnJubayr.Rihla.Rafed0002185-ara1 | 0614IbnJubayr.Rihla.Rafed0002273-ara1 | 0614IbnJubayr.Rihla.Shamela0010883-ara1 | 0614IbnJubayr.Rihla.Shamela0011203-ara1,7
openiti:0614MansurCabdAllah.Majmuc,0614MansurCabdAllah.Majmuc,Multiple OpenITI digital versions of one work,0614MansurCabdAllah.Majmuc.Zaydiyya0000077Vols-ara1 | 0614MansurCabdAllah.Majmuc.Zaydiyya0000147-ara2,2
openiti:0614MansurCabdAllah.SafwatIkhtiyar,0614MansurCabdAllah.SafwatIkhtiyar,Multiple OpenITI digital versions of one work,0614MansurCabdAllah.SafwatIkhtiyar.Zaydiyya0000005-ara1 | 0614MansurCabdAllah.SafwatIkhtiyar.Zaydiyya0000372-ara1,2
openiti:0616BurhanDinBukhari.MuhitBurhani,0616BurhanDinBukhari.MuhitBurhani,Multiple OpenITI digital versions of one work,0616BurhanDinBukhari.MuhitBurhani.ShamAY0034208-ara1 | 0616BurhanDinBukhari.MuhitBurhani.Shamela0010875-ara1,2
openiti:0616MuhibbDinCukbari.IcrabLamiyatShanfara,0616MuhibbDinCukbari.IcrabLamiyatShanfara,Multiple OpenITI digital versions of one work,0616MuhibbDinCukbari.IcrabLamiyatShanfara.JK001129-ara1 | 0616MuhibbDinCukbari.IcrabLamiyatShanfara.Shamela0006998-ara1,2
openiti:0616MuhibbDinCukbari.IcrabMaYushkil,0616MuhibbDinCukbari.IcrabMaYushkil,Multiple OpenITI digital versions of one work,0616MuhibbDinCukbari.IcrabMaYushkil.JK007033-ara1 | 0616MuhibbDinCukbari.IcrabMaYushkil.Shamela0007001-ara1,2
openiti:0616MuhibbDinCukbari.Imla,0616MuhibbDinCukbari.Imla,Multiple OpenITI digital versions of one work,0616MuhibbDinCukbari.Imla.JK001022-ara1 | 0616MuhibbDinCukbari.Imla.ShamAY0034088-ara1 | 0616MuhibbDinCukbari.Imla.Shia002372Vols-ara1,3
openiti:0616MuhibbDinCukbari.Lubab,0616MuhibbDinCukbari.Lubab,Multiple OpenITI digital versions of one work,0616MuhibbDinCukbari.Lubab.JK001423-ara1 | 0616MuhibbDinCukbari.Lubab.Shamela0006986-ara1,2
openiti:0616MuhibbDinCukbari.MasailKhilafiyya,0616MuhibbDinCukbari.MasailKhilafiyya,Multiple OpenITI digital versions of one work,0616MuhibbDinCukbari.MasailKhilafiyya.JK001183-ara1 | 0616MuhibbDinCukbari.MasailKhilafiyya.Shamela0006996-ara1,2
openiti:0616MuhibbDinCukbari.SharhDiwanMutanabbi,0616MuhibbDinCukbari.SharhDiwanMutanabbi,Multiple OpenITI digital versions of one work,0616MuhibbDinCukbari.SharhDiwanMutanabbi.JK006914-ara1 | 0616MuhibbDinCukbari.SharhDiwanMutanabbi.Shamela0006908-ara1,2
openiti:0616MuhibbDinCukbari.TibyanFiIcrabQuran,0616MuhibbDinCukbari.TibyanFiIcrabQuran,Multiple OpenITI digital versions of one work,0616MuhibbDinCukbari.TibyanFiIcrabQuran.JK001420-ara1 | 0616MuhibbDinCukbari.TibyanFiIcrabQuran.Shamela0022928-ara1,2
openiti:0617MansurIbnShahanshah.MidmarHaqaiq,0617MansurIbnShahanshah.MidmarHaqaiq,Multiple OpenITI digital versions of one work,0617MansurIbnShahanshah.MidmarHaqaiq.JK001145-ara1 | 0617MansurIbnShahanshah.MidmarHaqaiq.Shamela0006708-ara1,2
openiti:0618IbnCabdRahmanMuqriWasiti.ArbacinaFiJihad,0618IbnCabdRahmanMuqriWasiti.ArbacinaFiJihad,Multiple OpenITI digital versions of one work,0618IbnCabdRahmanMuqriWasiti.ArbacinaFiJihad.JK000662-ara1 | 0618IbnCabdRahmanMuqriWasiti.ArbacinaFiJihad.Shamela0009374-ara1 | 0618IbnCabdRahmanMuqriWasiti.ArbacinaFiJihad.Shia002182-ara1,3
openiti:0619IbnNabih.Diwan,0619IbnNabih.Diwan,Multiple OpenITI digital versions of one work,0619IbnNabih.Diwan.JK007593-ara1 | 0619IbnNabih.Diwan.ShamAY0037842-ara1,2
openiti:0620IbnMuhammadIbnCasakir.ArbacunaFiManaqibUmmahat,0620IbnMuhammadIbnCasakir.ArbacunaFiManaqibUmmahat,Multiple OpenITI digital versions of one work,0620IbnMuhammadIbnCasakir.ArbacunaFiManaqibUmmahat.JK000574-ara1 | 0620IbnMuhammadIbnCasakir.ArbacunaFiManaqibUmmahat.Shamela0006596-ara1,2
openiti:0620IbnQudamaMaqdisi.CumdatFiqh,0620IbnQudamaMaqdisi.CumdatFiqh,Multiple OpenITI digital versions of one work,0620IbnQudamaMaqdisi.CumdatFiqh.JK000287-ara1 | 0620IbnQudamaMaqdisi.CumdatFiqh.Shamela0011315-ara1,2
openiti:0620IbnQudamaMaqdisi.DhammTawil,0620IbnQudamaMaqdisi.DhammTawil,Multiple OpenITI digital versions of one work,0620IbnQudamaMaqdisi.DhammTawil.JK000335-ara1 | 0620IbnQudamaMaqdisi.DhammTawil.Shamela0006425-ara1,2
openiti:0620IbnQudamaMaqdisi.HikayatMunazara,0620IbnQudamaMaqdisi.HikayatMunazara,Multiple OpenITI digital versions of one work,0620IbnQudamaMaqdisi.HikayatMunazara.JK000328-ara1 | 0620IbnQudamaMaqdisi.HikayatMunazara.Shamela0005554-ara1,2
openiti:0620IbnQudamaMaqdisi.IthbatSifatCuluww,0620IbnQudamaMaqdisi.IthbatSifatCuluww,Multiple OpenITI digital versions of one work,0620IbnQudamaMaqdisi.IthbatSifatCuluww.JK000337-ara1 | 0620IbnQudamaMaqdisi.IthbatSifatCuluww.ShamAY0033625-ara1 | 0620IbnQudamaMaqdisi.IthbatSifatCuluww.Shamela0007268-ara1,3
openiti:0620IbnQudamaMaqdisi.KafiFiFiqh,0620IbnQudamaMaqdisi.KafiFiFiqh,Multiple OpenITI digital versions of one work,0620IbnQudamaMaqdisi.KafiFiFiqh.JK000254-ara1 | 0620IbnQudamaMaqdisi.KafiFiFiqh.ShamAY0034259-ara1 | 0620IbnQudamaMaqdisi.KafiFiFiqh.Shamela0021731-ara1,3
openiti:0620IbnQudamaMaqdisi.LumcatIctiqad,0620IbnQudamaMaqdisi.LumcatIctiqad,Multiple OpenITI digital versions of one work,0620IbnQudamaMaqdisi.LumcatIctiqad.JK000352-ara1 | 0620IbnQudamaMaqdisi.LumcatIctiqad.Shamela0030855-ara1,2
openiti:0620IbnQudamaMaqdisi.Mughni,0620IbnQudamaMaqdisi.Mughni,Multiple OpenITI digital versions of one work,0620IbnQudamaMaqdisi.Mughni.JK000154-ara1 | 0620IbnQudamaMaqdisi.Mughni.ShamAY0034266-ara1 | 0620IbnQudamaMaqdisi.Mughni.Shamela0008463-ara1 | 0620IbnQudamaMaqdisi.Mughni.Shia000998Vols-ara1,4
openiti:0620IbnQudamaMaqdisi.MuntakhabMinCilal,0620IbnQudamaMaqdisi.MuntakhabMinCilal,Multiple OpenITI digital versions of one work,0620IbnQudamaMaqdisi.MuntakhabMinCilal.ShamAY0034173-ara1 | 0620IbnQudamaMaqdisi.MuntakhabMinCilal.Shamela0026075-ara1,2
openiti:0620IbnQudamaMaqdisi.MuqnicFiFiqh,0620IbnQudamaMaqdisi.MuqnicFiFiqh,Multiple OpenITI digital versions of one work,0620IbnQudamaMaqdisi.MuqnicFiFiqh.JK000787BK1-ara1 | 0620IbnQudamaMaqdisi.MuqnicFiFiqh.Sham19Y0019233-ara1 | 0620IbnQudamaMaqdisi.MuqnicFiFiqh.Shamela0021619BK1-ara1,3
openiti:0620IbnQudamaMaqdisi.MutahabbinFiLlah,0620IbnQudamaMaqdisi.MutahabbinFiLlah,Multiple OpenITI digital versions of one work,0620IbnQudamaMaqdisi.MutahabbinFiLlah.JK000671-ara1 | 0620IbnQudamaMaqdisi.MutahabbinFiLlah.Shamela0006763-ara1,2
openiti:0620IbnQudamaMaqdisi.RawdatNazir,0620IbnQudamaMaqdisi.RawdatNazir,Multiple OpenITI digital versions of one work,0620IbnQudamaMaqdisi.RawdatNazir.JK000156-ara1 | 0620IbnQudamaMaqdisi.RawdatNazir.ShamAY0034197-ara1 | 0620IbnQudamaMaqdisi.RawdatNazir.Shamela0012010-ara1,3
openiti:0620IbnQudamaMaqdisi.TahrimNazar,0620IbnQudamaMaqdisi.TahrimNazar,Multiple OpenITI digital versions of one work,0620IbnQudamaMaqdisi.TahrimNazar.JK000941-ara1 | 0620IbnQudamaMaqdisi.TahrimNazar.Shamela0006467-ara1,2
openiti:0620IbnQudamaMaqdisi.Tawwabin,0620IbnQudamaMaqdisi.Tawwabin,Multiple OpenITI digital versions of one work,0620IbnQudamaMaqdisi.Tawwabin.JK000430-ara1 | 0620IbnQudamaMaqdisi.Tawwabin.ShamAY0033750-ara1 | 0620IbnQudamaMaqdisi.Tawwabin.Shamela0011317-ara1 | 0620IbnQudamaMaqdisi.Tawwabin.Shia002183-ara1,4
openiti:0621IbnSirma.Arbacun,0621IbnSirma.Arbacun,Multiple OpenITI digital versions of one work,0621IbnSirma.Arbacun.ShamAY0032837-ara1 | 0621IbnSirma.Arbacun.ShamAY0033573-ara1,2
openiti:0622IbnBadrDiyaDinMawsili.MughniCanHifzWaKitab,0622IbnBadrDiyaDinMawsili.MughniCanHifzWaKitab,Multiple OpenITI digital versions of one work,0622IbnBadrDiyaDinMawsili.MughniCanHifzWaKitab.JK005016-ara1 | 0622IbnBadrDiyaDinMawsili.MughniCanHifzWaKitab.ShamAY0001502-ara1 | 0622IbnBadrDiyaDinMawsili.MughniCanHifzWaKitab.Shamela0006065-ara1,3
openiti:0623AbuQasimRafici.SawadCaynayn,0623AbuQasimRafici.SawadCaynayn,Multiple OpenITI digital versions of one work,0623AbuQasimRafici.SawadCaynayn.AOCP2023090614-ara1 | 0623AbuQasimRafici.SawadCaynayn.AOCP2023090615-ara1,2
openiti:0623AbuQasimRafici.SharhKabir,0623AbuQasimRafici.SharhKabir,Multiple OpenITI digital versions of one work,0623AbuQasimRafici.SharhKabir.JK011142-ara1 | 0623AbuQasimRafici.SharhKabir.Sham19Y0013577-ara1 | 0623AbuQasimRafici.SharhKabir.Shamela0001142-ara1 | 0623AbuQasimRafici.SharhKabir.Shia000829Vols-ara1,4
openiti:0623AbuQasimRafici.Tadwin,0623AbuQasimRafici.Tadwin,Multiple OpenITI digital versions of one work,0623AbuQasimRafici.Tadwin.JK001321-ara1 | 0623AbuQasimRafici.Tadwin.Masaha004108Vols-ara1 | 0623AbuQasimRafici.Tadwin.Shamela0007435-ara1,3
openiti:0623IbnCabdWahidBukhariMaqdisi.MajmucTakhrij,0623IbnCabdWahidBukhariMaqdisi.MajmucTakhrij,Multiple OpenITI digital versions of one work,0623IbnCabdWahidBukhariMaqdisi.MajmucTakhrij.ShamAY0032791-ara1 | 0623IbnCabdWahidBukhariMaqdisi.MajmucTakhrij.Shamela0029768-ara1 | 0623IbnCabdWahidBukhariMaqdisi.MajmucTakhrij.Shamela0030055-ara1,3
openiti:0624IbnIbrahimBahaDinMaqdisi.CuddaSharhCumda,0624IbnIbrahimBahaDinMaqdisi.CuddaSharhCumda,Multiple OpenITI digital versions of one work,0624IbnIbrahimBahaDinMaqdisi.CuddaSharhCumda.ShamAY0034263-ara1 | 0624IbnIbrahimBahaDinMaqdisi.CuddaSharhCumda.Shamela0010908-ara1,2
openiti:0625SafiDinHalabi.UnsMasjun,0625SafiDinHalabi.UnsMasjun,Multiple OpenITI digital versions of one work,0625SafiDinHalabi.UnsMasjun.Sham19Y0120146-ara1 | 0625SafiDinHalabi.UnsMasjun.ShamAY0031707-ara1,2
openiti:0626IbnMuhammadKhwarazmiSakkaki.MiftahCulum,0626IbnMuhammadKhwarazmiSakkaki.MiftahCulum,Multiple OpenITI digital versions of one work,0626IbnMuhammadKhwarazmiSakkaki.MiftahCulum.JK010081-ara1 | 0626IbnMuhammadKhwarazmiSakkaki.MiftahCulum.Shamela0026581-ara1,2
openiti:0626YaqutHamawi.MucjamBuldan,0626YaqutHamawi.MucjamBuldan,Multiple OpenITI digital versions of one work,0626YaqutHamawi.MucjamBuldan.JK000129-ara1 | 0626YaqutHamawi.MucjamBuldan.Masaha002942Vols-ara1 | 0626YaqutHamawi.MucjamBuldan.Rafed0002619Vols-ara1 | 0626YaqutHamawi.MucjamBuldan.ShamAY0033803-ara1 | 0626YaqutHamawi.MucjamBuldan.Shamela0023735-ara1 | 0626YaqutHamawi.MucjamBuldan.Shia003435Vols-ara1,6
openiti:0626YaqutHamawi.MucjamUdaba,0626YaqutHamawi.MucjamUdaba,Multiple OpenITI digital versions of one work,0626YaqutHamawi.MucjamUdaba.JK000924-ara2 | 0626YaqutHamawi.MucjamUdaba.ShamAY0034599-ara2 | 0626YaqutHamawi.MucjamUdaba.Shamela0009788-ara1,3
openiti:0628IbnCaliSanhaji.AkhbarMuluk,0628IbnCaliSanhaji.AkhbarMuluk,Multiple OpenITI digital versions of one work,0628IbnCaliSanhaji.AkhbarMuluk.JK000405-ara1 | 0628IbnCaliSanhaji.AkhbarMuluk.Shamela0006625-ara1,2
openiti:0628IbnQattanFasi.BayanWahm,0628IbnQattanFasi.BayanWahm,Multiple OpenITI digital versions of one work,0628IbnQattanFasi.BayanWahm.JK009146-ara1 | 0628IbnQattanFasi.BayanWahm.Shamela0005923-ara1,2
openiti:0629CabdLatifBaghdadi.IfadaWaIctibar,0629CabdLatifBaghdadi.IfadaWaIctibar,Multiple OpenITI digital versions of one work,0629CabdLatifBaghdadi.IfadaWaIctibar.LAL2021040601-ara2 | 0629CabdLatifBaghdadi.IfadaWaIctibar.Shamela0037031-ara1,2
openiti:0629IbnNuqta.TakmilatIkmal,0629IbnNuqta.TakmilatIkmal,Multiple OpenITI digital versions of one work,0629IbnNuqta.TakmilatIkmal.JK000618-ara1 | 0629IbnNuqta.TakmilatIkmal.Shamela0005797-ara1,2
openiti:0629IbnNuqta.TaqyidLiMacrifa,0629IbnNuqta.TaqyidLiMacrifa,Multiple OpenITI digital versions of one work,0629IbnNuqta.TaqyidLiMacrifa.JK000688-ara1 | 0629IbnNuqta.TaqyidLiMacrifa.Shamela0009584-ara1,2
openiti:0630IbnAthirCizzDin.Kamil,0630IbnAthirCizzDin.Kamil,Multiple OpenITI digital versions of one work,0630IbnAthirCizzDin.Kamil.JK000911-ara1 | 0630IbnAthirCizzDin.Kamil.Masaha002823Vols-ara1 | 0630IbnAthirCizzDin.Kamil.Sham30K0004579-ara1 | 0630IbnAthirCizzDin.Kamil.Sham30K0021712-ara2 | 0630IbnAthirCizzDin.Kamil.Sham30K0033764-ara3 | 0630IbnAthirCizzDin.Kamil.Sham30K0045325-ara1 | 0630IbnAthirCizzDin.Kamil.ShamAY0033808-ara4 | 0630IbnAthirCizzDin.Kamil.ShamAY0034612-ara1 | 0630IbnAthirCizzDin.Kamil.Shamela0021712-ara2 | 0630IbnAthirCizzDin.Kamil.Shia003493Vols-ara4,10
openiti:0630IbnAthirCizzDin.LubabFiTahdhibAnsab,0630IbnAthirCizzDin.LubabFiTahdhibAnsab,Multiple OpenITI digital versions of one work,0630IbnAthirCizzDin.LubabFiTahdhibAnsab.JK001306-ara1 | 0630IbnAthirCizzDin.LubabFiTahdhibAnsab.Shamela0005793-ara1 | 0630IbnAthirCizzDin.LubabFiTahdhibAnsab.Shia003440Vols-ara1,3
openiti:0630IbnAthirCizzDin.UsdGhaba,0630IbnAthirCizzDin.UsdGhaba,Multiple OpenITI digital versions of one work,0630IbnAthirCizzDin.UsdGhaba.JK009198-ara1 | 0630IbnAthirCizzDin.UsdGhaba.Shamela0001110-ara1 | 0630IbnAthirCizzDin.UsdGhaba.Shamela0023700-ara1 | 0630IbnAthirCizzDin.UsdGhaba.Shia003230Vols-ara1,4
openiti:0630IbnCaliShaficiQalci.TahdhibRiyasa,0630IbnCaliShaficiQalci.TahdhibRiyasa,Multiple OpenITI digital versions of one work,0630IbnCaliShaficiQalci.TahdhibRiyasa.JK001310-ara1 | 0630IbnCaliShaficiQalci.TahdhibRiyasa.Shamela0007240-ara1,2
openiti:0630IbnCunayn.Diwan,0630IbnCunayn.Diwan,Multiple OpenITI digital versions of one work,0630IbnCunayn.Diwan.JK007597-ara1 | 0630IbnCunayn.Diwan.ShamAY0037875-ara1,2
openiti:0630IbnMuhammadBadrDinRazi.HujajQuran,0630IbnMuhammadBadrDinRazi.HujajQuran,Multiple OpenITI digital versions of one work,0630IbnMuhammadBadrDinRazi.HujajQuran.JK001098-ara1 | 0630IbnMuhammadBadrDinRazi.HujajQuran.Shamela0005548-ara1,2
openiti:0631SayfDinAmidi.GhayatMaram,0631SayfDinAmidi.GhayatMaram,Multiple OpenITI digital versions of one work,0631SayfDinAmidi.GhayatMaram.JK000324-ara1 | 0631SayfDinAmidi.GhayatMaram.Rafed0003481-ara1 | 0631SayfDinAmidi.GhayatMaram.Shamela0006364-ara1,3
openiti:0631SayfDinAmidi.IhkamFiUsulAhkam,0631SayfDinAmidi.IhkamFiUsulAhkam,Multiple OpenITI digital versions of one work,0631SayfDinAmidi.IhkamFiUsulAhkam.JK000149-ara1 | 0631SayfDinAmidi.IhkamFiUsulAhkam.ShamAY0034186-ara1 | 0631SayfDinAmidi.IhkamFiUsulAhkam.Shamela0010801-ara1 | 0631SayfDinAmidi.IhkamFiUsulAhkam.Shia002924Vols-ara1,4
openiti:0632BahaDinIbnShaddad.NawadirSultaniyya,0632BahaDinIbnShaddad.NawadirSultaniyya,Multiple OpenITI digital versions of one work,0632BahaDinIbnShaddad.NawadirSultaniyya.JK009276-ara1 | 0632BahaDinIbnShaddad.NawadirSultaniyya.Shamela0012716-ara1,2
openiti:0632IsmacilMarwazi.FakhriFiAnsab,0632IsmacilMarwazi.FakhriFiAnsab,Multiple OpenITI digital versions of one work,0632IsmacilMarwazi.FakhriFiAnsab.JK010500-ara1 | 0632IsmacilMarwazi.FakhriFiAnsab.Masaha002914-ara1 | 0632IsmacilMarwazi.FakhriFiAnsab.ShamAY0037019-ara1,3
openiti:0633IbnDihyaJumayyilKalbi.AdaMaWajaba,0633IbnDihyaJumayyilKalbi.AdaMaWajaba,Multiple OpenITI digital versions of one work,0633IbnDihyaJumayyilKalbi.AdaMaWajaba.JK009389-ara1 | 0633IbnDihyaJumayyilKalbi.AdaMaWajaba.Shamela0023163-ara1,2
openiti:0633IbnDihyaJumayyilKalbi.MaWadahaWaMaIstabana,0633IbnDihyaJumayyilKalbi.MaWadahaWaMaIstabana,Multiple OpenITI digital versions of one work,0633IbnDihyaJumayyilKalbi.MaWadahaWaMaIstabana.JK009392-ara1 | 0633IbnDihyaJumayyilKalbi.MaWadahaWaMaIstabana.Shamela0009593-ara1,2
openiti:0633IbnDihyaJumayyilKalbi.MutribMinAshcar,0633IbnDihyaJumayyilKalbi.MutribMinAshcar,Multiple OpenITI digital versions of one work,0633IbnDihyaJumayyilKalbi.MutribMinAshcar.JK010658-ara1 | 0633IbnDihyaJumayyilKalbi.MutribMinAshcar.Shamela0000093-ara1,2
openiti:0634AbuRabicHimyari.Iktifa,0634AbuRabicHimyari.Iktifa,Multiple OpenITI digital versions of one work,0634AbuRabicHimyari.Iktifa.JK001294-ara1 | 0634AbuRabicHimyari.Iktifa.Masaha001852Vols-ara1 | 0634AbuRabicHimyari.Iktifa.Rafed0002513Vols-ara1 | 0634AbuRabicHimyari.Iktifa.Shamela0009770-ara1,4
openiti:0634IbnNajmIbnHanbaliJazari.IstikhrajJidal,0634IbnNajmIbnHanbaliJazari.IstikhrajJidal,Multiple OpenITI digital versions of one work,0634IbnNajmIbnHanbaliJazari.IstikhrajJidal.JK010427-ara1 | 0634IbnNajmIbnHanbaliJazari.IstikhrajJidal.Shamela0000242-ara1,2
openiti:0636AbuCabdAllahIbnCaskar.Iclam,0636AbuCabdAllahIbnCaskar.Iclam,Multiple OpenITI digital versions of one work,0636AbuCabdAllahIbnCaskar.Iclam.Sham19Y0014757-ara1 | 0636AbuCabdAllahIbnCaskar.Iclam.Shamela0009271-ara1,2
openiti:0637IbnAthirDiyaDin.JamicKabir,0637IbnAthirDiyaDin.JamicKabir,Multiple OpenITI digital versions of one work,0637IbnAthirDiyaDin.JamicKabir.ShamAY0000865-ara1 | 0637IbnAthirDiyaDin.JamicKabir.Shamela0037475-ara1,2
openiti:0637IbnAthirDiyaDin.MathalSair,0637IbnAthirDiyaDin.MathalSair,Multiple OpenITI digital versions of one work,0637IbnAthirDiyaDin.MathalSair.JK000980-ara2 | 0637IbnAthirDiyaDin.MathalSair.Shamela0010551-ara1 | 0637IbnAthirDiyaDin.MathalSair.Shamela0023794-ara2,3
openiti:0637IbnDubaythi.DhaylTarikhBaghdad,0637IbnDubaythi.DhaylTarikhBaghdad,Multiple OpenITI digital versions of one work,0637IbnDubaythi.DhaylTarikhBaghdad.Masaha004452Vols-ara1 | 0637IbnDubaythi.DhaylTarikhBaghdad.Rafed0002307Vols-ara1 | 0637IbnDubaythi.DhaylTarikhBaghdad.Sham30K0001970-ara1 | 0637IbnDubaythi.DhaylTarikhBaghdad.ShamAY0034569-ara1,4
openiti:0637IbnMustawfi.TarikhIrbil,0637IbnMustawfi.TarikhIrbil,Multiple OpenITI digital versions of one work,0637IbnMustawfi.TarikhIrbil.JK007087-ara1 | 0637IbnMustawfi.TarikhIrbil.Rafed0002314Vols-ara1 | 0637IbnMustawfi.TarikhIrbil.Shamela0011746-ara1,3
openiti:0638IbnCarabi.FutuhatMakkiyya,0638IbnCarabi.FutuhatMakkiyya,Multiple OpenITI digital versions of one work,0638IbnCarabi.FutuhatMakkiyya.JK009237-ara1 | 0638IbnCarabi.FutuhatMakkiyya.Shia004687Vols-ara1,2
openiti:0638IbnCarabi.Tafsir,0638IbnCarabi.Tafsir,Multiple OpenITI digital versions of one work,0638IbnCarabi.Tafsir.Shia002611Vols-ara1 | 0638IbnCarabi.Tafsir.Tafsir03033-ara1,2
openiti:0641Sarifini.MuntakhabSiyaq,0641Sarifini.MuntakhabSiyaq,Multiple OpenITI digital versions of one work,0641Sarifini.MuntakhabSiyaq.JK001172-ara1 | 0641Sarifini.MuntakhabSiyaq.Masaha004118-ara1 | 0641Sarifini.MuntakhabSiyaq.Shamela0012528-ara1,3
openiti:0643CaliSakhawi.JamalQurra,0643CaliSakhawi.JamalQurra,Multiple OpenITI digital versions of one work,0643CaliSakhawi.JamalQurra.Shamela0010460-ara1 | 0643CaliSakhawi.JamalQurra.Shamela0037653-ara1,2
openiti:0643DiyaDinMaqdisi.AhadithMukhatara,0643DiyaDinMaqdisi.AhadithMukhatara,Multiple OpenITI digital versions of one work,0643DiyaDinMaqdisi.AhadithMukhatara.JK000782-ara1 | 0643DiyaDinMaqdisi.AhadithMukhatara.Shamela0010480-ara1,2
openiti:0643DiyaDinMaqdisi.FadailAcmal,0643DiyaDinMaqdisi.FadailAcmal,Multiple OpenITI digital versions of one work,0643DiyaDinMaqdisi.FadailAcmal.JK001429-ara1 | 0643DiyaDinMaqdisi.FadailAcmal.ShamAY0033756-ara1 | 0643DiyaDinMaqdisi.FadailAcmal.Shamela0004425-ara1,3
openiti:0643DiyaDinMaqdisi.FadailBaytMaqdis,0643DiyaDinMaqdisi.FadailBaytMaqdis,Multiple OpenITI digital versions of one work,0643DiyaDinMaqdisi.FadailBaytMaqdis.JK000508-ara1 | 0643DiyaDinMaqdisi.FadailBaytMaqdis.Shamela0005721-ara1,2
openiti:0643DiyaDinMaqdisi.IkhtisasQuran,0643DiyaDinMaqdisi.IkhtisasQuran,Multiple OpenITI digital versions of one work,0643DiyaDinMaqdisi.IkhtisasQuran.JK001028-ara1 | 0643DiyaDinMaqdisi.IkhtisasQuran.Shamela0006404-ara1,2
openiti:0643DiyaDinMaqdisi.IttibacSunan,0643DiyaDinMaqdisi.IttibacSunan,Multiple OpenITI digital versions of one work,0643DiyaDinMaqdisi.IttibacSunan.JK010136-ara1 | 0643DiyaDinMaqdisi.IttibacSunan.Shamela0000178-ara1,2
openiti:0643DiyaDinMaqdisi.JuzAwham,0643DiyaDinMaqdisi.JuzAwham,Multiple OpenITI digital versions of one work,0643DiyaDinMaqdisi.JuzAwham.JK001005-ara1 | 0643DiyaDinMaqdisi.JuzAwham.Shamela0005799-ara1,2
openiti:0643DiyaDinMaqdisi.MinHadithIbnYazidMuqri,0643DiyaDinMaqdisi.MinHadithIbnYazidMuqri,Multiple OpenITI digital versions of one work,0643DiyaDinMaqdisi.MinHadithIbnYazidMuqri.Shamela0009624-ara1 | 0643DiyaDinMaqdisi.MinHadithIbnYazidMuqri.Shamela0026733-ara1,2
openiti:0643DiyaDinMaqdisi.SifatJanna,0643DiyaDinMaqdisi.SifatJanna,Multiple OpenITI digital versions of one work,0643DiyaDinMaqdisi.SifatJanna.ShamAY0033690-ara1 | 0643DiyaDinMaqdisi.SifatJanna.Shamela0012740-ara1,2
openiti:0643IbnNajjar.DhaylTarikhBaghdad,0643IbnNajjar.DhaylTarikhBaghdad,Multiple OpenITI digital versions of one work,0643IbnNajjar.DhaylTarikhBaghdad.JK009150-ara1 | 0643IbnNajjar.DhaylTarikhBaghdad.Rafed0002170Vols-ara1 | 0643IbnNajjar.DhaylTarikhBaghdad.ShamAY0038202-ara1 | 0643IbnNajjar.DhaylTarikhBaghdad.Shamela0023764BK3-ara1 | 0643IbnNajjar.DhaylTarikhBaghdad.Shia003236Vols-ara1,5
openiti:0643IbnNajjar.DurraThamina,0643IbnNajjar.DurraThamina,Multiple OpenITI digital versions of one work,0643IbnNajjar.DurraThamina.ShamAY0038443-ara1 | 0643IbnNajjar.DurraThamina.Shamela0008362BK3-ara2 | 0643IbnNajjar.DurraThamina.Shamela0026662-ara1,3
openiti:0643IbnNajjar.RaddCalaKhatibBaghdadi,0643IbnNajjar.RaddCalaKhatibBaghdadi,Multiple OpenITI digital versions of one work,0643IbnNajjar.RaddCalaKhatibBaghdadi.Shamela0023764BK5-ara1 | 0643IbnNajjar.RaddCalaKhatibBaghdadi.Shia003235-ara1,2
openiti:0643IbnSalahShahrazuri.AdabMuftiWaMustafti,0643IbnSalahShahrazuri.AdabMuftiWaMustafti,Multiple OpenITI digital versions of one work,0643IbnSalahShahrazuri.AdabMuftiWaMustafti.JK000280-ara1 | 0643IbnSalahShahrazuri.AdabMuftiWaMustafti.Shamela0010720-ara1,2
openiti:0643IbnSalahShahrazuri.Fatawa,0643IbnSalahShahrazuri.Fatawa,Multiple OpenITI digital versions of one work,0643IbnSalahShahrazuri.Fatawa.JK006986-ara1 | 0643IbnSalahShahrazuri.Fatawa.Shamela0006137-ara1,2
openiti:0643IbnSalahShahrazuri.MuqaddimatCulumHadith,0643IbnSalahShahrazuri.MuqaddimatCulumHadith,Multiple OpenITI digital versions of one work,0643IbnSalahShahrazuri.MuqaddimatCulumHadith.JK000537-ara1 | 0643IbnSalahShahrazuri.MuqaddimatCulumHadith.Shamela0022870-ara1 | 0643IbnSalahShahrazuri.MuqaddimatCulumHadith.Shamela0023799-ara1 | 0643IbnSalahShahrazuri.MuqaddimatCulumHadith.Shamela0029878BK1-ara1 | 0643IbnSalahShahrazuri.MuqaddimatCulumHadith.Shia002184-ara1,5
openiti:0643IbnSalahShahrazuri.SiyanatSahihMuslim,0643IbnSalahShahrazuri.SiyanatSahihMuslim,Multiple OpenITI digital versions of one work,0643IbnSalahShahrazuri.SiyanatSahihMuslim.JK000603-ara1 | 0643IbnSalahShahrazuri.SiyanatSahihMuslim.Shamela0006016-ara1,2
openiti:0643IbnSalahShahrazuri.TabaqatFuqaha,0643IbnSalahShahrazuri.TabaqatFuqaha,Multiple OpenITI digital versions of one work,0643IbnSalahShahrazuri.TabaqatFuqaha.JK007022-ara1 | 0643IbnSalahShahrazuri.TabaqatFuqaha.Shamela0006741-ara1,2
openiti:0645IbnNimaHilli.MuthirAhzan,0645IbnNimaHilli.MuthirAhzan,Multiple OpenITI digital versions of one work,0645IbnNimaHilli.MuthirAhzan.Masaha002853-ara1 | 0645IbnNimaHilli.MuthirAhzan.Shia001359-ara1,2
openiti:0645TilimsaniBurri.Jawhara,0645TilimsaniBurri.Jawhara,Multiple OpenITI digital versions of one work,0645TilimsaniBurri.Jawhara.JK010493-ara1 | 0645TilimsaniBurri.Jawhara.Shamela0026484-ara1,2
openiti:0646IbnBaytarAndalusi.JamicLiMufradat,0646IbnBaytarAndalusi.JamicLiMufradat,Multiple OpenITI digital versions of one work,0646IbnBaytarAndalusi.JamicLiMufradat.JK009278-ara1 | 0646IbnBaytarAndalusi.JamicLiMufradat.ShamAY0034792-ara1,2
openiti:0646IbnCumarIbnHajibKurdi.JamicUmmahat,0646IbnCumarIbnHajibKurdi.JamicUmmahat,Multiple OpenITI digital versions of one work,0646IbnCumarIbnHajibKurdi.JamicUmmahat.JK006903-ara1 | 0646IbnCumarIbnHajibKurdi.JamicUmmahat.ShamAY0031994-ara1 | 0646IbnCumarIbnHajibKurdi.JamicUmmahat.Shamela0006196-ara1,3
openiti:0646IbnCumarIbnHajibKurdi.ShafiyaFiCilmTasrif,0646IbnCumarIbnHajibKurdi.ShafiyaFiCilmTasrif,Multiple OpenITI digital versions of one work,0646IbnCumarIbnHajibKurdi.ShafiyaFiCilmTasrif.JK001223-ara1 | 0646IbnCumarIbnHajibKurdi.ShafiyaFiCilmTasrif.Sham19Y0122235-ara1 | 0646IbnCumarIbnHajibKurdi.ShafiyaFiCilmTasrif.Shamela0022391-ara1,3
openiti:0646IbnNamawarKhunaji.JumalFiMantiq,0646IbnNamawarKhunaji.JumalFiMantiq,Multiple OpenITI digital versions of one work,0646IbnNamawarKhunaji.JumalFiMantiq.JK010719-ara1 | 0646IbnNamawarKhunaji.JumalFiMantiq.Shamela0000719-ara1,2
openiti:0646IbnQifti.IkhbarCulama,0646IbnQifti.IkhbarCulama,Multiple OpenITI digital versions of one work,0646IbnQifti.IkhbarCulama.JK010295-ara2 | 0646IbnQifti.IkhbarCulama.Shamela0026336-ara1,2
openiti:0646IbnQifti.Muhammadun,0646IbnQifti.Muhammadun,Multiple OpenITI digital versions of one work,0646IbnQifti.Muhammadun.JK010323-ara1 | 0646IbnQifti.Muhammadun.Shamela0013031-ara1,2
openiti:0647CabdWahidMarrakushi.Mucjib,0647CabdWahidMarrakushi.Mucjib,Multiple OpenITI digital versions of one work,0647CabdWahidMarrakushi.Mucjib.JK000410-ara1 | 0647CabdWahidMarrakushi.Mucjib.Shamela0008559-ara1,2
openiti:0649IbnSahlAndalusi.Diwan,0649IbnSahlAndalusi.Diwan,Multiple OpenITI digital versions of one work,0649IbnSahlAndalusi.Diwan.JK007569-ara1 | 0649IbnSahlAndalusi.Diwan.ShamAY0037871-ara1,2
openiti:0650IbnMuhammadRadiDinSaghani.CubabZakhir,0650IbnMuhammadRadiDinSaghani.CubabZakhir,Multiple OpenITI digital versions of one work,0650IbnMuhammadRadiDinSaghani.CubabZakhir.JK010761-ara1 | 0650IbnMuhammadRadiDinSaghani.CubabZakhir.Shamela0000761-ara1,2
openiti:0650IbnMuhammadRadiDinSaghani.Mawducat,0650IbnMuhammadRadiDinSaghani.Mawducat,Multiple OpenITI digital versions of one work,0650IbnMuhammadRadiDinSaghani.Mawducat.JK005010-ara1 | 0650IbnMuhammadRadiDinSaghani.Mawducat.Shamela0006070-ara1,2
openiti:0650IbnMuhammadRadiDinSaghani.NaqcatSadyan,0650IbnMuhammadRadiDinSaghani.NaqcatSadyan,Multiple OpenITI digital versions of one work,0650IbnMuhammadRadiDinSaghani.NaqcatSadyan.JK001228-ara1 | 0650IbnMuhammadRadiDinSaghani.NaqcatSadyan.Shamela0006974-ara1,2
openiti:0650IbnNazifHamawi.TarikhMansuri,0650IbnNazifHamawi.TarikhMansuri,Multiple OpenITI digital versions of one work,0650IbnNazifHamawi.TarikhMansuri.JK001169-ara1 | 0650IbnNazifHamawi.TarikhMansuri.Shamela0006607-ara1,2
openiti:0650RashidDinDimashqi.MashyakhaBaghdadiyya,0650RashidDinDimashqi.MashyakhaBaghdadiyya,Multiple OpenITI digital versions of one work,0650RashidDinDimashqi.MashyakhaBaghdadiyya.Shamela0009389-ara1 | 0650RashidDinDimashqi.MashyakhaBaghdadiyya.Shamela0026471-ara1,2
openiti:0651Bunasi.KanzKuttab,0651Bunasi.KanzKuttab,Multiple OpenITI digital versions of one work,0651Bunasi.KanzKuttab.Sham19Y0013666-ara1 | 0651Bunasi.KanzKuttab.ShamAY0031931-ara1,2
openiti:0652IbnTalhaKamalDinNasibi.MatalibSaul,0652IbnTalhaKamalDinNasibi.MatalibSaul,Multiple OpenITI digital versions of one work,0652IbnTalhaKamalDinNasibi.MatalibSaul.Masaha002488-ara1 | 0652IbnTalhaKamalDinNasibi.MatalibSaul.Shia003702-ara1,2
openiti:0652IbnTaymiyyaMajdDin.Muharrar,0652IbnTaymiyyaMajdDin.Muharrar,Multiple OpenITI digital versions of one work,0652IbnTaymiyyaMajdDin.Muharrar.JK000269-ara1 | 0652IbnTaymiyyaMajdDin.Muharrar.Shamela0007460-ara1,2
openiti:0654IbnCabdWahidIbnAbiIsbac.TahrirTahbir,0654IbnCabdWahidIbnAbiIsbac.TahrirTahbir,Multiple OpenITI digital versions of one work,0654IbnCabdWahidIbnAbiIsbac.TahrirTahbir.JK010568-ara1 | 0654IbnCabdWahidIbnAbiIsbac.TahrirTahbir.Shamela0026520-ara1,2
openiti:0654SibtIbnJawzi.ItharInsaf,0654SibtIbnJawzi.ItharInsaf,Multiple OpenITI digital versions of one work,0654SibtIbnJawzi.ItharInsaf.JK000247-ara1 | 0654SibtIbnJawzi.ItharInsaf.Shamela0006349-ara1,2
openiti:0654SibtIbnJawzi.MiratZaman,0654SibtIbnJawzi.MiratZaman,Multiple OpenITI digital versions of one work,0654SibtIbnJawzi.MiratZaman.Rafed0002261BK2-ara1 | 0654SibtIbnJawzi.MiratZaman.Sham19Y0023644-ara1,2
openiti:0654SibtIbnJawzi.TadhkiratKhawass,0654SibtIbnJawzi.TadhkiratKhawass,Multiple OpenITI digital versions of one work,0654SibtIbnJawzi.TadhkiratKhawass.Masaha001954-ara1 | 0654SibtIbnJawzi.TadhkiratKhawass.ShamAY0033599-ara1,2
openiti:0656IbnAbiHadid.RawdaMukhtara,0656IbnAbiHadid.RawdaMukhtara,Multiple OpenITI digital versions of one work,0656IbnAbiHadid.RawdaMukhtara.Masaha001700-ara1 | 0656IbnAbiHadid.RawdaMukhtara.Shia003703-ara1 | 0656IbnAbiHadid.RawdaMukhtara.Zaydiyya0000036-ara1,3
openiti:0656IbnAbiHadid.SharhNahjBalagha,0656IbnAbiHadid.SharhNahjBalagha,Multiple OpenITI digital versions of one work,0656IbnAbiHadid.SharhNahjBalagha.JK009359-ara1 | 0656IbnAbiHadid.SharhNahjBalagha.Masaha002790Vols-ara1 | 0656IbnAbiHadid.SharhNahjBalagha.ShamAY0033785-ara1 | 0656IbnAbiHadid.SharhNahjBalagha.Shia002185Vols-ara1 | 0656IbnAbiHadid.SharhNahjBalagha.Zaydiyya0000145-ara1,5
openiti:0656IbnAhmadShihabDinZanjani.TakhrijFuruc,0656IbnAhmadShihabDinZanjani.TakhrijFuruc,Multiple OpenITI digital versions of one work,0656IbnAhmadShihabDinZanjani.TakhrijFuruc.JK000212-ara1 | 0656IbnAhmadShihabDinZanjani.TakhrijFuruc.Shamela0006298-ara1,2
openiti:0656IbnCabdQawiMundhiri.TarghibWaTarhib,0656IbnCabdQawiMundhiri.TarghibWaTarhib,Multiple OpenITI digital versions of one work,0656IbnCabdQawiMundhiri.TarghibWaTarhib.JK000080-ara1 | 0656IbnCabdQawiMundhiri.TarghibWaTarhib.Sham19Y0013223-ara2 | 0656IbnCabdQawiMundhiri.TarghibWaTarhib.Shamela0006847-ara1,3
openiti:0656IbnFadlMuzaffarCiraqi.NagratIghrid,0656IbnFadlMuzaffarCiraqi.NagratIghrid,Multiple OpenITI digital versions of one work,0656IbnFadlMuzaffarCiraqi.NagratIghrid.JK010629-ara1 | 0656IbnFadlMuzaffarCiraqi.NagratIghrid.Shamela0000629-ara1,2
openiti:0657IbnIbrahimIrbili.MudhakaraFiAlqab,0657IbnIbrahimIrbili.MudhakaraFiAlqab,Multiple OpenITI digital versions of one work,0657IbnIbrahimIrbili.MudhakaraFiAlqab.JK010746-ara1 | 0657IbnIbrahimIrbili.MudhakaraFiAlqab.Shamela0000746-ara1,2
openiti:0658IbnAbbar.HullaSiyara,0658IbnAbbar.HullaSiyara,Multiple OpenITI digital versions of one work,0658IbnAbbar.HullaSiyara.JK001300-ara1 | 0658IbnAbbar.HullaSiyara.Shamela0006630-ara1,2
openiti:0658IbnAbbar.IctabKitab,0658IbnAbbar.IctabKitab,Multiple OpenITI digital versions of one work,0658IbnAbbar.IctabKitab.JK010583-ara1 | 0658IbnAbbar.IctabKitab.Shamela0008190-ara1,2
openiti:0658IbnAbbar.MucjamAshab,0658IbnAbbar.MucjamAshab,Multiple OpenITI digital versions of one work,0658IbnAbbar.MucjamAshab.JK009189-ara1 | 0658IbnAbbar.MucjamAshab.Shamela0028740-ara1,2
openiti:0658IbnAbbar.TakmilaLiSila,0658IbnAbbar.TakmilaLiSila,Multiple OpenITI digital versions of one work,0658IbnAbbar.TakmilaLiSila.JK001319-ara1 | 0658IbnAbbar.TakmilaLiSila.Shamela0006608-ara1,2
openiti:0658IbnAbbar.TuhfatQadim,0658IbnAbbar.TuhfatQadim,Multiple OpenITI digital versions of one work,0658IbnAbbar.TuhfatQadim.JK010739-ara1 | 0658IbnAbbar.TuhfatQadim.Shamela0026108-ara1,2
openiti:0659SadrDinBasri.Hamasa,0659SadrDinBasri.Hamasa,Multiple OpenITI digital versions of one work,0659SadrDinBasri.Hamasa.JK006907-ara1 | 0659SadrDinBasri.Hamasa.Shamela0006901-ara1,2
openiti:0660IbnCadim.BughyatTalab,0660IbnCadim.BughyatTalab,Multiple OpenITI digital versions of one work,0660IbnCadim.BughyatTalab.JK001299-ara1 | 0660IbnCadim.BughyatTalab.Masaha004415Vols-ara1 | 0660IbnCadim.BughyatTalab.Rafed0002136Vols-ara1 | 0660IbnCadim.BughyatTalab.Shamela0010798-ara1,4
openiti:0660IbnCadim.ZubdatHalab,0660IbnCadim.ZubdatHalab,Multiple OpenITI digital versions of one work,0660IbnCadim.ZubdatHalab.JK009235-ara1 | 0660IbnCadim.ZubdatHalab.Masaha004190Vols-ara1 | 0660IbnCadim.ZubdatHalab.Rafed0002422Vols-ara1 | 0660IbnCadim.ZubdatHalab.Shamela0009872-ara1,4
openiti:0660ShadhanIbnJibrailQummi.Fadail,0660ShadhanIbnJibrailQummi.Fadail,Multiple OpenITI digital versions of one work,0660ShadhanIbnJibrailQummi.Fadail.Masaha002857-ara1 | 0660ShadhanIbnJibrailQummi.Fadail.Shia001361-ara1,2
openiti:0660ShadhanIbnJibrailQummi.Rawda,0660ShadhanIbnJibrailQummi.Rawda,Multiple OpenITI digital versions of one work,0660ShadhanIbnJibrailQummi.Rawda.Masaha002035-ara1 | 0660ShadhanIbnJibrailQummi.Rawda.Shia001360-ara1,2
openiti:0660SultanCulamaCizzDinDimashqi.BidayatSul,0660SultanCulamaCizzDinDimashqi.BidayatSul,Multiple OpenITI digital versions of one work,0660SultanCulamaCizzDinDimashqi.BidayatSul.JK010348-ara1 | 0660SultanCulamaCizzDinDimashqi.BidayatSul.Shamela0000348-ara1,2
openiti:0660SultanCulamaCizzDinDimashqi.FawaidFiIkhtisarMaqasid,0660SultanCulamaCizzDinDimashqi.FawaidFiIkhtisarMaqasid,Multiple OpenITI digital versions of one work,0660SultanCulamaCizzDinDimashqi.FawaidFiIkhtisarMaqasid.JK000260-ara1 | 0660SultanCulamaCizzDinDimashqi.FawaidFiIkhtisarMaqasid.Shamela0006291-ara1,2
openiti:0660SultanCulamaCizzDinDimashqi.ImamFiBayan,0660SultanCulamaCizzDinDimashqi.ImamFiBayan,Multiple OpenITI digital versions of one work,0660SultanCulamaCizzDinDimashqi.ImamFiBayan.JK000293-ara1 | 0660SultanCulamaCizzDinDimashqi.ImamFiBayan.Shamela0006278-ara1,2
openiti:0660SultanCulamaCizzDinDimashqi.MaqasidRicaya,0660SultanCulamaCizzDinDimashqi.MaqasidRicaya,Multiple OpenITI digital versions of one work,0660SultanCulamaCizzDinDimashqi.MaqasidRicaya.JK001159-ara1 | 0660SultanCulamaCizzDinDimashqi.MaqasidRicaya.Shamela0006875-ara1,2
openiti:0660SultanCulamaCizzDinDimashqi.QawacidAhkam,0660SultanCulamaCizzDinDimashqi.QawacidAhkam,Multiple OpenITI digital versions of one work,0660SultanCulamaCizzDinDimashqi.QawacidAhkam.JK000979-ara1 | 0660SultanCulamaCizzDinDimashqi.QawacidAhkam.ShamAY0034198-ara1 | 0660SultanCulamaCizzDinDimashqi.QawacidAhkam.Shamela0008608-ara1,3
openiti:0660SultanCulamaCizzDinDimashqi.TafsirQuran,0660SultanCulamaCizzDinDimashqi.TafsirQuran,Multiple OpenITI digital versions of one work,0660SultanCulamaCizzDinDimashqi.TafsirQuran.JK007018-ara1 | 0660SultanCulamaCizzDinDimashqi.TafsirQuran.Shamela0005638-ara1 | 0660SultanCulamaCizzDinDimashqi.TafsirQuran.Shia002615Vols-ara1 | 0660SultanCulamaCizzDinDimashqi.TafsirQuran.Tafsir02016-ara1,4
openiti:0662HusaynIbnBadrDin.CiqdThamin,0662HusaynIbnBadrDin.CiqdThamin,Multiple OpenITI digital versions of one work,0662HusaynIbnBadrDin.CiqdThamin.Shia004485-ara1 | 0662HusaynIbnBadrDin.CiqdThamin.Zaydiyya0000138-ara1,2
openiti:0662RashidCattar.GhurarFawaid,0662RashidCattar.GhurarFawaid,Multiple OpenITI digital versions of one work,0662RashidCattar.GhurarFawaid.JK000737-ara1 | 0662RashidCattar.GhurarFawaid.Shamela0002749-ara1 | 0662RashidCattar.GhurarFawaid.Shia002206-ara1,3
openiti:0664IbnHatimCamiliShami.DurrNazim,0664IbnHatimCamiliShami.DurrNazim,Multiple OpenITI digital versions of one work,0664IbnHatimCamiliShami.DurrNazim.Masaha004573-ara1 | 0664IbnHatimCamiliShami.DurrNazim.Shia003704-ara1,2
openiti:0664IbnTawus.FarajMahmum,0664IbnTawus.FarajMahmum,Multiple OpenITI digital versions of one work,0664IbnTawus.FarajMahmum.Masaha001035-ara1 | 0664IbnTawus.FarajMahmum.Shia001375-ara1,2
openiti:0664IbnTawus.IqbalAcmal,0664IbnTawus.IqbalAcmal,Multiple OpenITI digital versions of one work,0664IbnTawus.IqbalAcmal.Masaha001012Vols-ara1 | 0664IbnTawus.IqbalAcmal.Shia001362Vols-ara1,2
openiti:0664IbnTawus.LuhufFiQatlaTufuf,0664IbnTawus.LuhufFiQatlaTufuf,Multiple OpenITI digital versions of one work,0664IbnTawus.LuhufFiQatlaTufuf.Masaha002860-ara1 | 0664IbnTawus.LuhufFiQatlaTufuf.Shia003705-ara1,2
openiti:0664IbnTawus.MalahimWaFitan,0664IbnTawus.MalahimWaFitan,Multiple OpenITI digital versions of one work,0664IbnTawus.MalahimWaFitan.Masaha002335-ara1 | 0664IbnTawus.MalahimWaFitan.Shia001370-ara1,2
openiti:0664IbnTawus.Tahsin,0664IbnTawus.Tahsin,Multiple OpenITI digital versions of one work,0664IbnTawus.Tahsin.Masaha004805-ara1 | 0664IbnTawus.Tahsin.Shia001366-ara1,2
openiti:0664IbnTawus.TaraifFiMacrifatMadhahib,0664IbnTawus.TaraifFiMacrifatMadhahib,Multiple OpenITI digital versions of one work,0664IbnTawus.TaraifFiMacrifatMadhahib.Masaha002052Vols-ara1 | 0664IbnTawus.TaraifFiMacrifatMadhahib.Shia001368-ara1,2
openiti:0664IbnTawus.Yaqin,0664IbnTawus.Yaqin,Multiple OpenITI digital versions of one work,0664IbnTawus.Yaqin.Masaha002866-ara1 | 0664IbnTawus.Yaqin.Shia001371-ara1,2
openiti:0665AbuShama.BacithCalaInkarBidac,0665AbuShama.BacithCalaInkarBidac,Multiple OpenITI digital versions of one work,0665AbuShama.BacithCalaInkarBidac.JK000873-ara1 | 0665AbuShama.BacithCalaInkarBidac.Shamela0006276-ara1,2
openiti:0665AbuShama.IbrazMacani,0665AbuShama.IbrazMacani,Multiple OpenITI digital versions of one work,0665AbuShama.IbrazMacani.JK001292-ara1 | 0665AbuShama.IbrazMacani.ShamAY0034102-ara1 | 0665AbuShama.IbrazMacani.Shamela0005486-ara1,3
openiti:0665AbuShama.KhutbatMuammal,0665AbuShama.KhutbatMuammal,Multiple OpenITI digital versions of one work,0665AbuShama.KhutbatMuammal.JK009406-ara1 | 0665AbuShama.KhutbatMuammal.Sham19Y0014447-ara1,2
openiti:0665AbuShama.MukhtasarMuammal,0665AbuShama.MukhtasarMuammal,Multiple OpenITI digital versions of one work,0665AbuShama.MukhtasarMuammal.JK000206-ara1 | 0665AbuShama.MukhtasarMuammal.Shamela0006299-ara1,2
openiti:0665AbuShama.Rawdatayn,0665AbuShama.Rawdatayn,Multiple OpenITI digital versions of one work,0665AbuShama.Rawdatayn.JK001290-ara1 | 0665AbuShama.Rawdatayn.Shamela0006631-ara1,2
openiti:0665AbuShama.SharhHadithMuqtafa,0665AbuShama.SharhHadithMuqtafa,Multiple OpenITI digital versions of one work,0665AbuShama.SharhHadithMuqtafa.JK009395-ara1 | 0665AbuShama.SharhHadithMuqtafa.Shamela0007808-ara1,2
openiti:0666IbnAbiBakrZaynDinRazi.MukhtarSihah,0666IbnAbiBakrZaynDinRazi.MukhtarSihah,Multiple OpenITI digital versions of one work,0666IbnAbiBakrZaynDinRazi.MukhtarSihah.JK000107-ara1 | 0666IbnAbiBakrZaynDinRazi.MukhtarSihah.ShamAY0034681-ara1 | 0666IbnAbiBakrZaynDinRazi.MukhtarSihah.Shamela0023193-ara1 | 0666IbnAbiBakrZaynDinRazi.MukhtarSihah.Shia003951-ara1,4
openiti:0666IbnAbiBakrZaynDinRazi.TuhfatMuluk,0666IbnAbiBakrZaynDinRazi.TuhfatMuluk,Multiple OpenITI digital versions of one work,0666IbnAbiBakrZaynDinRazi.TuhfatMuluk.JK000114-ara1 | 0666IbnAbiBakrZaynDinRazi.TuhfatMuluk.Shamela0006173-ara1,2
openiti:0666IbnCadlanMawsiliRabci.IntikhabLiKashfAbyat,0666IbnCadlanMawsiliRabci.IntikhabLiKashfAbyat,Multiple OpenITI digital versions of one work,0666IbnCadlanMawsiliRabci.IntikhabLiKashfAbyat.JK001034-ara1 | 0666IbnCadlanMawsiliRabci.IntikhabLiKashfAbyat.Shamela0006999-ara1,2
openiti:0668IbnAbiUsaybica.CuyunAnba,0668IbnAbiUsaybica.CuyunAnba,Multiple OpenITI digital versions of one work,0668IbnAbiUsaybica.CuyunAnba.JK000962-ara1 | 0668IbnAbiUsaybica.CuyunAnba.Shamela0006687-ara1 | 0668IbnAbiUsaybica.CuyunAnba.Shia003443-ara1,3
openiti:0671AbuCabdAllahQurtubi.IclamBimaFiDinNasara,0671AbuCabdAllahQurtubi.IclamBimaFiDinNasara,Multiple OpenITI digital versions of one work,0671AbuCabdAllahQurtubi.IclamBimaFiDinNasara.JK000333-ara1 | 0671AbuCabdAllahQurtubi.IclamBimaFiDinNasara.Shamela0006517-ara1,2
openiti:0671AbuCabdAllahQurtubi.JamicLiAhkamQuran,0671AbuCabdAllahQurtubi.JamicLiAhkamQuran,Multiple OpenITI digital versions of one work,0671AbuCabdAllahQurtubi.JamicLiAhkamQuran.JK000160-ara1 | 0671AbuCabdAllahQurtubi.JamicLiAhkamQuran.Shamela0020855-ara1 | 0671AbuCabdAllahQurtubi.JamicLiAhkamQuran.Shia002616Vols-ara1 | 0671AbuCabdAllahQurtubi.JamicLiAhkamQuran.Tafsir01005-ara1,4
openiti:0671AbuCabdAllahQurtubi.TadhkiraFiAhwalMawta,0671AbuCabdAllahQurtubi.TadhkiraFiAhwalMawta,Multiple OpenITI digital versions of one work,0671AbuCabdAllahQurtubi.TadhkiraFiAhwalMawta.ShamAY0033749-ara1 | 0671AbuCabdAllahQurtubi.TadhkiraFiAhwalMawta.ShamAY0033760-ara1 | 0671AbuCabdAllahQurtubi.TadhkiraFiAhwalMawta.Shamela0021536-ara1,3
openiti:0671AbuMuzaffarNabulusi.AhadithSittaCiraqiyya,0671AbuMuzaffarNabulusi.AhadithSittaCiraqiyya,Multiple OpenITI digital versions of one work,0671AbuMuzaffarNabulusi.AhadithSittaCiraqiyya.ShamAY0032758-ara1 | 0671AbuMuzaffarNabulusi.AhadithSittaCiraqiyya.Shamela0029466-ara1,2
openiti:0672IbnAhmaLuluDarir.Juz,0672IbnAhmaLuluDarir.Juz,Multiple OpenITI digital versions of one work,0672IbnAhmaLuluDarir.Juz.JK000647-ara1 | 0672IbnAhmaLuluDarir.Juz.Shamela0005671-ara1,2
openiti:0672IbnMalik.AlfazMukhtalifa,0672IbnMalik.AlfazMukhtalifa,Multiple OpenITI digital versions of one work,0672IbnMalik.AlfazMukhtalifa.JK000739-ara1 | 0672IbnMalik.AlfazMukhtalifa.Shamela0007049-ara1,2
openiti:0672IbnMalik.IkmalAclam,0672IbnMalik.IkmalAclam,Multiple OpenITI digital versions of one work,0672IbnMalik.IkmalAclam.JK001027-ara1 | 0672IbnMalik.IkmalAclam.Shamela0007047-ara1,2
openiti:0672NasirDinTusi.TafsirIsharat,0672NasirDinTusi.TafsirIsharat,Multiple OpenITI digital versions of one work,0672NasirDinTusi.TafsirIsharat.JK001037BK2-ara1 | 0672NasirDinTusi.TafsirIsharat.Shamela0006534BK2-ara1,2
openiti:0672NasirDinTusi.TajridMantiq,0672NasirDinTusi.TajridMantiq,Multiple OpenITI digital versions of one work,0672NasirDinTusi.TajridMantiq.JK010709-ara1 | 0672NasirDinTusi.TajridMantiq.ShamAY0035935-ara1,2
openiti:0673AbuMahasinYaghmuri.NurQabas,0673AbuMahasinYaghmuri.NurQabas,Multiple OpenITI digital versions of one work,0673AbuMahasinYaghmuri.NurQabas.JK010678-ara1 | 0673AbuMahasinYaghmuri.NurQabas.Shamela0000678-ara1,2
openiti:0673IbnMansurIbnHaddad.JawharNafis,0673IbnMansurIbnHaddad.JawharNafis,Multiple OpenITI digital versions of one work,0673IbnMansurIbnHaddad.JawharNafis.JK007066-ara1 | 0673IbnMansurIbnHaddad.JawharNafis.Shamela0009681-ara1,2
openiti:0676IbnHasanMuhaqqiqHilli.MacarijUsul,0676IbnHasanMuhaqqiqHilli.MacarijUsul,Multiple OpenITI digital versions of one work,0676IbnHasanMuhaqqiqHilli.MacarijUsul.Masaha001011-ara1 | 0676IbnHasanMuhaqqiqHilli.MacarijUsul.Shia002753-ara1,2
openiti:0676IbnHasanMuhaqqiqHilli.MaslakFiUsuslDin,0676IbnHasanMuhaqqiqHilli.MaslakFiUsuslDin,Multiple OpenITI digital versions of one work,0676IbnHasanMuhaqqiqHilli.MaslakFiUsuslDin.Rafed0003474-ara1 | 0676IbnHasanMuhaqqiqHilli.MaslakFiUsuslDin.Shia004008-ara1,2
openiti:0676IbnHasanMuhaqqiqHilli.RasailTisac,0676IbnHasanMuhaqqiqHilli.RasailTisac,Multiple OpenITI digital versions of one work,0676IbnHasanMuhaqqiqHilli.RasailTisac.Masaha001022-ara1 | 0676IbnHasanMuhaqqiqHilli.RasailTisac.Shia000053-ara1,2
openiti:0676IbnHasanMuhaqqiqHilli.SharaicIslam,0676IbnHasanMuhaqqiqHilli.SharaicIslam,Multiple OpenITI digital versions of one work,0676IbnHasanMuhaqqiqHilli.SharaicIslam.Masaha001030Vols-ara1 | 0676IbnHasanMuhaqqiqHilli.SharaicIslam.Shia000057Vols-ara1 | 0676IbnHasanMuhaqqiqHilli.SharaicIslam.Shia000163VolsBK1-ara1 | 0676IbnHasanMuhaqqiqHilli.SharaicIslam.Zaydiyya0000244-ara1,4
openiti:0676Nawawi.AdabFatwa,0676Nawawi.AdabFatwa,Multiple OpenITI digital versions of one work,0676Nawawi.AdabFatwa.JK000237-ara1 | 0676Nawawi.AdabFatwa.ShamAY0034339-ara1 | 0676Nawawi.AdabFatwa.Shamela0006345-ara1,3
openiti:0676Nawawi.Adhkar,0676Nawawi.Adhkar,Multiple OpenITI digital versions of one work,0676Nawawi.Adhkar.JK001249-ara1 | 0676Nawawi.Adhkar.Sham19Y0013566-ara1 | 0676Nawawi.Adhkar.Shamela0001956-ara1 | 0676Nawawi.Adhkar.Shamela0010639-ara1 | 0676Nawawi.Adhkar.Shia002207-ara1,5
openiti:0676Nawawi.ArbacunaNawawiyya,0676Nawawi.ArbacunaNawawiyya,Multiple OpenITI digital versions of one work,0676Nawawi.ArbacunaNawawiyya.Sham19Y0147927-ara2 | 0676Nawawi.ArbacunaNawawiyya.Shamela0012836-ara1,2
openiti:0676Nawawi.BustanCarifin,0676Nawawi.BustanCarifin,Multiple OpenITI digital versions of one work,0676Nawawi.BustanCarifin.JK009329-ara1 | 0676Nawawi.BustanCarifin.Shamela0012719-ara1,2
openiti:0676Nawawi.DaqaiqMinhaj,0676Nawawi.DaqaiqMinhaj,Multiple OpenITI digital versions of one work,0676Nawawi.DaqaiqMinhaj.JK001014-ara1 | 0676Nawawi.DaqaiqMinhaj.Shamela0006134-ara1,2
openiti:0676Nawawi.KhulasatAhkam,0676Nawawi.KhulasatAhkam,Multiple OpenITI digital versions of one work,0676Nawawi.KhulasatAhkam.JK007107-ara1 | 0676Nawawi.KhulasatAhkam.Shamela0005920-ara1,2
openiti:0676Nawawi.Majmuc,0676Nawawi.Majmuc,Multiple OpenITI digital versions of one work,0676Nawawi.Majmuc.JK000913-ara1 | 0676Nawawi.Majmuc.Shamela0002186-ara1 | 0676Nawawi.Majmuc.Shia000841Vols-ara1,3
openiti:0676Nawawi.MinhajFiSharhMuslim,0676Nawawi.MinhajFiSharhMuslim,Multiple OpenITI digital versions of one work,0676Nawawi.MinhajFiSharhMuslim.JK000137-ara1 | 0676Nawawi.MinhajFiSharhMuslim.Shamela0001711-ara1 | 0676Nawawi.MinhajFiSharhMuslim.Shia001764Vols-ara1,3
openiti:0676Nawawi.MinhajTalibin,0676Nawawi.MinhajTalibin,Multiple OpenITI digital versions of one work,0676Nawawi.MinhajTalibin.JK001168-ara1 | 0676Nawawi.MinhajTalibin.ShamAY0034248-ara1 | 0676Nawawi.MinhajTalibin.Shamela0011444BK1-ara1 | 0676Nawawi.MinhajTalibin.Shamela0012096-ara1,4
openiti:0676Nawawi.RawdatTalibin,0676Nawawi.RawdatTalibin,Multiple OpenITI digital versions of one work,0676Nawawi.RawdatTalibin.JK000192-ara1 | 0676Nawawi.RawdatTalibin.ShamAY0034251BK3-ara1 | 0676Nawawi.RawdatTalibin.Shamela0000499-ara1 | 0676Nawawi.RawdatTalibin.Shia000861VolsBK3-ara1,4
openiti:0676Nawawi.RiyadSalihin,0676Nawawi.RiyadSalihin,Multiple OpenITI digital versions of one work,0676Nawawi.RiyadSalihin.JK000073-ara2 | 0676Nawawi.RiyadSalihin.ShamAY0038643-ara3 | 0676Nawawi.RiyadSalihin.Shamela0000512-ara4 | 0676Nawawi.RiyadSalihin.Shamela0002348-ara5 | 0676Nawawi.RiyadSalihin.Shamela0012014-ara1 | 0676Nawawi.RiyadSalihin.Shia002208-ara2,6
openiti:0676Nawawi.TahdhibAsma,0676Nawawi.TahdhibAsma,Multiple OpenITI digital versions of one work,0676Nawawi.TahdhibAsma.JK001320-ara1 | 0676Nawawi.TahdhibAsma.ShamAY0009702-ara1 | 0676Nawawi.TahdhibAsma.Shamela0009702-ara1,3
openiti:0676Nawawi.TahrirAlfaz,0676Nawawi.TahrirAlfaz,Multiple OpenITI digital versions of one work,0676Nawawi.TahrirAlfaz.JK000168-ara1 | 0676Nawawi.TahrirAlfaz.Shamela0007043-ara1,2
openiti:0676Nawawi.Taqrib,0676Nawawi.Taqrib,Multiple OpenITI digital versions of one work,0676Nawawi.Taqrib.JK010178-ara1 | 0676Nawawi.Taqrib.Shamela0005586-ara1,2
openiti:0676Nawawi.Tibyan,0676Nawawi.Tibyan,Multiple OpenITI digital versions of one work,0676Nawawi.Tibyan.JK000125-ara1 | 0676Nawawi.Tibyan.ShamAY0034087-ara1 | 0676Nawawi.Tibyan.Shamela0001969-ara1 | 0676Nawawi.Tibyan.Shia002636-ara1,4
openiti:0676Nawawi.UsulWaDawabit,0676Nawawi.UsulWaDawabit,Multiple OpenITI digital versions of one work,0676Nawawi.UsulWaDawabit.JK000177-ara1 | 0676Nawawi.UsulWaDawabit.Shamela0006285-ara1,2
openiti:0677IbnMuyassar.AkhbarMisr,0677IbnMuyassar.AkhbarMisr,Multiple OpenITI digital versions of one work,0677IbnMuyassar.AkhbarMisr.EScr06092021-ara1 | 0677IbnMuyassar.AkhbarMisr.Kraken210528115855-ara1,2
openiti:0677JamalDinAhmadAlTawus.CaynCibra,0677JamalDinAhmadAlTawus.CaynCibra,Multiple OpenITI digital versions of one work,0677JamalDinAhmadAlTawus.CaynCibra.Masaha004678-ara1 | 0677JamalDinAhmadAlTawus.CaynCibra.Shia001378-ara1,2
openiti:0677SahibiTaji.HalbaFiAsmaKhayl,0677SahibiTaji.HalbaFiAsmaKhayl,Multiple OpenITI digital versions of one work,0677SahibiTaji.HalbaFiAsmaKhayl.JK006957-ara1 | 0677SahibiTaji.HalbaFiAsmaKhayl.Shamela0007050-ara1,2
openiti:0678IbnAhmadCizzDinMaqdisi.KashfAsrar,0678IbnAhmadCizzDinMaqdisi.KashfAsrar,Multiple OpenITI digital versions of one work,0678IbnAhmadCizzDinMaqdisi.KashfAsrar.JK010259-ara1 | 0678IbnAhmadCizzDinMaqdisi.KashfAsrar.Shamela0031379-ara1,2
openiti:0680IbnSabuni.TakmilatIkmalIkmal,0680IbnSabuni.TakmilatIkmalIkmal,Multiple OpenITI digital versions of one work,0680IbnSabuni.TakmilatIkmalIkmal.JK000884-ara1 | 0680IbnSabuni.TakmilatIkmalIkmal.Shamela0021107-ara1,2
openiti:0681IbnKhallikan.WafayatAcyan,0681IbnKhallikan.WafayatAcyan,Multiple OpenITI digital versions of one work,0681IbnKhallikan.WafayatAcyan.JK001318-ara2 | 0681IbnKhallikan.WafayatAcyan.Shamela0001000-ara1 | 0681IbnKhallikan.WafayatAcyan.Shia003505Vols-ara1,3
openiti:0682CabdRahmanIbnQudama.SharhKabir,0682CabdRahmanIbnQudama.SharhKabir,Multiple OpenITI digital versions of one work,0682CabdRahmanIbnQudama.SharhKabir.JK011153-ara1 | 0682CabdRahmanIbnQudama.SharhKabir.Sham19Y0019188-ara1 | 0682CabdRahmanIbnQudama.SharhKabir.ShamAY0001153-ara1 | 0682CabdRahmanIbnQudama.SharhKabir.Shamela0001153-ara1 | 0682CabdRahmanIbnQudama.SharhKabir.Shia001010Vols-ara1,5
openiti:0682IbnCabdakKunji.MashyakhatDiyaDinTurkumani,0682IbnCabdakKunji.MashyakhatDiyaDinTurkumani,Multiple OpenITI digital versions of one work,0682IbnCabdakKunji.MashyakhatDiyaDinTurkumani.ShamAY0032968-ara1 | 0682IbnCabdakKunji.MashyakhatDiyaDinTurkumani.Shamela0021681-ara1,2
openiti:0682ZakariyaQazwini.AtharBilad,0682ZakariyaQazwini.AtharBilad,Multiple OpenITI digital versions of one work,0682ZakariyaQazwini.AtharBilad.JK010459-ara1 | 0682ZakariyaQazwini.AtharBilad.Masaha004128-ara1 | 0682ZakariyaQazwini.AtharBilad.Rafed0000349-ara1 | 0682ZakariyaQazwini.AtharBilad.Shamela0009631-ara1,4
openiti:0683IbnMahmudMajdDinMawsili.IkhtiyarLiTaclil,0683IbnMahmudMajdDinMawsili.IkhtiyarLiTaclil,Multiple OpenITI digital versions of one work,0683IbnMahmudMajdDinMawsili.IkhtiyarLiTaclil.JK009404-ara1 | 0683IbnMahmudMajdDinMawsili.IkhtiyarLiTaclil.ShamAY0034205-ara1 | 0683IbnMahmudMajdDinMawsili.IkhtiyarLiTaclil.Shamela0001066-ara1,3
openiti:0683IbnMansurIbnKammuna.JadidFiHikma,0683IbnMansurIbnKammuna.JadidFiHikma,Multiple OpenITI digital versions of one work,0683IbnMansurIbnKammuna.JadidFiHikma.JK007008-ara1 | 0683IbnMansurIbnKammuna.JadidFiHikma.ShamAY0033849-ara1,2
openiti:0683IbnMunayyir.Mutawari,0683IbnMunayyir.Mutawari,Multiple OpenITI digital versions of one work,0683IbnMunayyir.Mutawari.JK007017-ara1 | 0683IbnMunayyir.Mutawari.Shamela0005772-ara1,2
openiti:0684IbnShaddad.AclaqKhatira,0684IbnShaddad.AclaqKhatira,Multiple OpenITI digital versions of one work,0684IbnShaddad.AclaqKhatira.JK010758-ara1 | 0684IbnShaddad.AclaqKhatira.Shamela0000758-ara1,2
openiti:0684ShihabDinQarafi.Dhakhira,0684ShihabDinQarafi.Dhakhira,Multiple OpenITI digital versions of one work,0684ShihabDinQarafi.Dhakhira.JK003500-ara1 | 0684ShihabDinQarafi.Dhakhira.Shamela0001717-ara1,2
openiti:0684ShihabDinQarafi.Furuq,0684ShihabDinQarafi.Furuq,Multiple OpenITI digital versions of one work,0684ShihabDinQarafi.Furuq.JK007075-ara1 | 0684ShihabDinQarafi.Furuq.ShamAY0034190-ara1 | 0684ShihabDinQarafi.Furuq.Shamela0002215BK1-ara1,3
openiti:0684ShihabDinQarafi.SharhTanqih,0684ShihabDinQarafi.SharhTanqih,Multiple OpenITI digital versions of one work,0684ShihabDinQarafi.SharhTanqih.Shamela0009879-ara1 | 0684ShihabDinQarafi.SharhTanqih.Shamela0021813-ara1,2
openiti:0684ShihabDinQarafi.Umniyya,0684ShihabDinQarafi.Umniyya,Multiple OpenITI digital versions of one work,0684ShihabDinQarafi.Umniyya.JK001208-ara1 | 0684ShihabDinQarafi.Umniyya.Shamela0006245-ara1,2
openiti:0685IbnCibri.TarikhMukhtasarDuwal,0685IbnCibri.TarikhMukhtasarDuwal,Multiple OpenITI digital versions of one work,0685IbnCibri.TarikhMukhtasarDuwal.JK010376-ara2 | 0685IbnCibri.TarikhMukhtasarDuwal.Shamela0012348-ara1,2
openiti:0685IbnSacidMaghribi.Jughrafiya,0685IbnSacidMaghribi.Jughrafiya,Multiple OpenITI digital versions of one work,0685IbnSacidMaghribi.Jughrafiya.JK010463-ara1 | 0685IbnSacidMaghribi.Jughrafiya.Shamela0000463-ara1,2
openiti:0685IbnSacidMaghribi.Mughrib,0685IbnSacidMaghribi.Mughrib,Multiple OpenITI digital versions of one work,0685IbnSacidMaghribi.Mughrib.JK000404-ara1 | 0685IbnSacidMaghribi.Mughrib.Shamela0006633-ara1,2
openiti:0685IbnSacidMaghribi.MurqisatWaMutribat,0685IbnSacidMaghribi.MurqisatWaMutribat,Multiple OpenITI digital versions of one work,0685IbnSacidMaghribi.MurqisatWaMutribat.JK010665-ara1 | 0685IbnSacidMaghribi.MurqisatWaMutribat.Shamela0000665-ara1,2
openiti:0685IbnYahyaSulami.CiqdDurar,0685IbnYahyaSulami.CiqdDurar,Multiple OpenITI digital versions of one work,0685IbnYahyaSulami.CiqdDurar.JK009214-ara1 | 0685IbnYahyaSulami.CiqdDurar.Shamela0009799-ara1,2
openiti:0685NasirDinBaydawi.AnwarTanzil,0685NasirDinBaydawi.AnwarTanzil,Multiple OpenITI digital versions of one work,0685NasirDinBaydawi.AnwarTanzil.JK000128-ara1 | 0685NasirDinBaydawi.AnwarTanzil.ShamAY0034065-ara1 | 0685NasirDinBaydawi.AnwarTanzil.Shamela0023588-ara1 | 0685NasirDinBaydawi.AnwarTanzil.Shia002637Vols-ara1 | 0685NasirDinBaydawi.AnwarTanzil.Tafsir01006-ara1,5
openiti:0686IbnZakariyaManbiji.LubabFiJamc,0686IbnZakariyaManbiji.LubabFiJamc,Multiple OpenITI digital versions of one work,0686IbnZakariyaManbiji.LubabFiJamc.JK007036-ara1 | 0686IbnZakariyaManbiji.LubabFiJamc.Shamela0006226-ara1,2
openiti:0686RadiDinAstarabadhi.SharhRadiCalaKafiya,0686RadiDinAstarabadhi.SharhRadiCalaKafiya,Multiple OpenITI digital versions of one work,0686RadiDinAstarabadhi.SharhRadiCalaKafiya.ShamAY0034696-ara3 | 0686RadiDinAstarabadhi.SharhRadiCalaKafiya.ShamAY0034703-ara2 | 0686RadiDinAstarabadhi.SharhRadiCalaKafiya.Shia003928Vols-ara1,3
openiti:0686RadiDinAstarabadhi.SharhShafiyaIbnHajib,0686RadiDinAstarabadhi.SharhShafiyaIbnHajib,Multiple OpenITI digital versions of one work,0686RadiDinAstarabadhi.SharhShafiyaIbnHajib.Shamela0021567-ara1 | 0686RadiDinAstarabadhi.SharhShafiyaIbnHajib.Shia003932Vols-ara1,2
openiti:0687IbnNafis.SharhTashrihQanun,0687IbnNafis.SharhTashrihQanun,Multiple OpenITI digital versions of one work,0687IbnNafis.SharhTashrihQanun.JK009287-ara1 | 0687IbnNafis.SharhTashrihQanun.ShamAY0034791-ara1 | 0687IbnNafis.SharhTashrihQanun.Shamela0000802-ara1,3
openiti:0688ShabZarif.Diwan,0688ShabZarif.Diwan,Multiple OpenITI digital versions of one work,0688ShabZarif.Diwan.JK007607-ara1 | 0688ShabZarif.Diwan.ShamAY0037889-ara1,2
openiti:0689IbnSacidYahyaHilli.JamicLiSharaic,0689IbnSacidYahyaHilli.JamicLiSharaic,Multiple OpenITI digital versions of one work,0689IbnSacidYahyaHilli.JamicLiSharaic.Masaha001017-ara1 | 0689IbnSacidYahyaHilli.JamicLiSharaic.Shia000061-ara1,2
openiti:0690IbnAbiTalibFadilYusufi.KashfRumuz,0690IbnAbiTalibFadilYusufi.KashfRumuz,Multiple OpenITI digital versions of one work,0690IbnAbiTalibFadilYusufi.KashfRumuz.Masaha001044Vols-ara1 | 0690IbnAbiTalibFadilYusufi.KashfRumuz.Shia000063Vols-ara1,2
openiti:0690IbnBukhari.Mashyakha,0690IbnBukhari.Mashyakha,Multiple OpenITI digital versions of one work,0690IbnBukhari.Mashyakha.ShamAY0032864-ara1 | 0690IbnBukhari.Mashyakha.Shamela0029738-ara1,2
openiti:0690IbnMujawirDimashqi.TarikhMustabsir,0690IbnMujawirDimashqi.TarikhMustabsir,Multiple OpenITI digital versions of one work,0690IbnMujawirDimashqi.TarikhMustabsir.JK010471-ara1 | 0690IbnMujawirDimashqi.TarikhMustabsir.Masaha004138-ara1 | 0690IbnMujawirDimashqi.TarikhMustabsir.Rafed0002189-ara1 | 0690IbnMujawirDimashqi.TarikhMustabsir.Shamela0000471-ara1,4
openiti:0691IbnYusufLabli.Fihrist,0691IbnYusufLabli.Fihrist,Multiple OpenITI digital versions of one work,0691IbnYusufLabli.Fihrist.JK001087-ara1 | 0691IbnYusufLabli.Fihrist.Shamela0010731-ara1,2
openiti:0692IbnCisaBahaDinIrbili.RisalatTayf,0692IbnCisaBahaDinIrbili.RisalatTayf,Multiple OpenITI digital versions of one work,0692IbnCisaBahaDinIrbili.RisalatTayf.JK010764-ara1 | 0692IbnCisaBahaDinIrbili.RisalatTayf.Shamela0000764-ara1,2
openiti:0692IbnCisaBahaDinIrbili.TadhkiraFakhriyya,0692IbnCisaBahaDinIrbili.TadhkiraFakhriyya,Multiple OpenITI digital versions of one work,0692IbnCisaBahaDinIrbili.TadhkiraFakhriyya.JK010724-ara1 | 0692IbnCisaBahaDinIrbili.TadhkiraFakhriyya.Shamela0000724-ara1,2
openiti:0692TaqiDinIscirdi.FadailKitabJamic,0692TaqiDinIscirdi.FadailKitabJamic,Multiple OpenITI digital versions of one work,0692TaqiDinIscirdi.FadailKitabJamic.JK000648-ara1 | 0692TaqiDinIscirdi.FadailKitabJamic.Shamela0006028-ara1 | 0692TaqiDinIscirdi.FadailKitabJamic.Shia002209-ara1,3
openiti:0693CabdKarimIbnTawus.FarhatGhari,0693CabdKarimIbnTawus.FarhatGhari,Multiple OpenITI digital versions of one work,0693CabdKarimIbnTawus.FarhatGhari.Masaha002869-ara1 | 0693CabdKarimIbnTawus.FarhatGhari.Shia001380-ara1,2
openiti:0693IbnAbiFathIrbili.KashfGhumma,0693IbnAbiFathIrbili.KashfGhumma,Multiple OpenITI digital versions of one work,0693IbnAbiFathIrbili.KashfGhumma.Masaha002491Vols-ara1 | 0693IbnAbiFathIrbili.KashfGhumma.Shia003707Vols-ara1,2
openiti:0693IbnGhannam.TacbirRuya,0693IbnGhannam.TacbirRuya,Multiple OpenITI digital versions of one work,0693IbnGhannam.TacbirRuya.JK006855-ara1 | 0693IbnGhannam.TacbirRuya.Shamela0010696-ara1,2
openiti:0694MuhibbDinTabari.Dhakhair,0694MuhibbDinTabari.Dhakhair,Multiple OpenITI digital versions of one work,0694MuhibbDinTabari.Dhakhair.JK001015-ara1 | 0694MuhibbDinTabari.Dhakhair.Shamela0001001-ara1 | 0694MuhibbDinTabari.Dhakhair.Shia001381-ara1,3
openiti:0694MuhibbDinTabari.KhulasatSiyar,0694MuhibbDinTabari.KhulasatSiyar,Multiple OpenITI digital versions of one work,0694MuhibbDinTabari.KhulasatSiyar.JK001117-ara1 | 0694MuhibbDinTabari.KhulasatSiyar.Shamela0006583-ara1,2
openiti:0694MuhibbDinTabari.RiyadNadira,0694MuhibbDinTabari.RiyadNadira,Multiple OpenITI digital versions of one work,0694MuhibbDinTabari.RiyadNadira.JK000701-ara1 | 0694MuhibbDinTabari.RiyadNadira.Shamela0008657-ara1,2
openiti:0695IbnHamdanHarraniNumayri.SifatFatwa,0695IbnHamdanHarraniNumayri.SifatFatwa,Multiple OpenITI digital versions of one work,0695IbnHamdanHarraniNumayri.SifatFatwa.JK000236-ara1 | 0695IbnHamdanHarraniNumayri.SifatFatwa.Sham19Y0132972-ara1 | 0695IbnHamdanHarraniNumayri.SifatFatwa.Shamela0000679-ara1 | 0695IbnHamdanHarraniNumayri.SifatFatwa.Shamela0006356-ara1,4
openiti:0696CumarSunami.NisabIhtisab,0696CumarSunami.NisabIhtisab,Multiple OpenITI digital versions of one work,0696CumarSunami.NisabIhtisab.JK001311-ara1 | 0696CumarSunami.NisabIhtisab.Shamela0009679-ara1,2
openiti:0696IbnZahiri.Mashyakha,0696IbnZahiri.Mashyakha,Multiple OpenITI digital versions of one work,0696IbnZahiri.Mashyakha.JK009154-ara1 | 0696IbnZahiri.Mashyakha.Shamela0005740-ara1,2
openiti:0696SharafDinBusiri.Diwan,0696SharafDinBusiri.Diwan,Multiple OpenITI digital versions of one work,0696SharafDinBusiri.Diwan.JK007603-ara1 | 0696SharafDinBusiri.Diwan.ShamAY0037846-ara1,2
openiti:0697AbuCabbasShihabDinNabulusi.QawacidTafsirAhlam,0697AbuCabbasShihabDinNabulusi.QawacidTafsirAhlam,Multiple OpenITI digital versions of one work,0697AbuCabbasShihabDinNabulusi.QawacidTafsirAhlam.JK006858-ara1 | 0697AbuCabbasShihabDinNabulusi.QawacidTafsirAhlam.Shamela0010703-ara1,2
openiti:0697MutahharIbnYahyaHusayni.SilatIkhwan,0697MutahharIbnYahyaHusayni.SilatIkhwan,Multiple OpenITI digital versions of one work,0697MutahharIbnYahyaHusayni.SilatIkhwan.Zaydiyya0000354-ara1 | 0697MutahharIbnYahyaHusayni.SilatIkhwan.Zaydiyya0000355-ara1,2
openiti:0699IbnCabdRahmanIbnMurahhal.MatnMuwattatFasih,0699IbnCabdRahmanIbnMurahhal.MatnMuwattatFasih,Multiple OpenITI digital versions of one work,0699IbnCabdRahmanIbnMurahhal.MatnMuwattatFasih.ShamAY0000687-ara1 | 0699IbnCabdRahmanIbnMurahhal.MatnMuwattatFasih.Shamela0037482-ara1,2
openiti:0699IbnCabdRahmanQazwiniShafici.MukhtasarShucabIman,0699IbnCabdRahmanQazwiniShafici.MukhtasarShucabIman,Multiple OpenITI digital versions of one work,0699IbnCabdRahmanQazwiniShafici.MukhtasarShucabIman.JK000027-ara1 | 0699IbnCabdRahmanQazwiniShafici.MukhtasarShucabIman.Shamela0006850-ara1,2
openiti:0699ShihabDinIshbiliLakhmi.MukhtasarKhilafiyyat,0699ShihabDinIshbiliLakhmi.MukhtasarKhilafiyyat,Multiple OpenITI digital versions of one work,0699ShihabDinIshbiliLakhmi.MukhtasarKhilafiyyat.JK009138-ara1 | 0699ShihabDinIshbiliLakhmi.MukhtasarKhilafiyyat.Shamela0006227-ara1,2
openiti:0700YahyaIbnQasimIbnYahya.SiratAbiTayr,0700YahyaIbnQasimIbnYahya.SiratAbiTayr,Multiple OpenITI digital versions of one work,0700YahyaIbnQasimIbnYahya.SiratAbiTayr.Zaydiyya0000299-ara1 | 0700YahyaIbnQasimIbnYahya.SiratAbiTayr.Zaydiyya0000406-ara1,2
openiti:0701IbnNasrAllahJazari.Maqamat,0701IbnNasrAllahJazari.Maqamat,Multiple OpenITI digital versions of one work,0701IbnNasrAllahJazari.Maqamat.JK010644-ara1 | 0701IbnNasrAllahJazari.Maqamat.Shamela0000644-ara1,2
openiti:0702IbnCabdRahmanCubaydi.TadhkiraSacdiyya,0702IbnCabdRahmanCubaydi.TadhkiraSacdiyya,Multiple OpenITI digital versions of one work,0702IbnCabdRahmanCubaydi.TadhkiraSacdiyya.JK010743-ara1 | 0702IbnCabdRahmanCubaydi.TadhkiraSacdiyya.Shamela0000743-ara1,2
openiti:0702IbnDaqiqCidQushayri.IhkamAhkamSharhCumdatAhkam,0702IbnDaqiqCidQushayri.IhkamAhkamSharhCumdatAhkam,Multiple OpenITI digital versions of one work,0702IbnDaqiqCidQushayri.IhkamAhkamSharhCumdatAhkam.JK000437-ara1 | 0702IbnDaqiqCidQushayri.IhkamAhkamSharhCumdatAhkam.JK000710-ara1 | 0702IbnDaqiqCidQushayri.IhkamAhkamSharhCumdatAhkam.Shamela0001665-ara1,3
openiti:0702IbnDaqiqCidQushayri.IlmamBiAhadith,0702IbnDaqiqCidQushayri.IlmamBiAhadith,Multiple OpenITI digital versions of one work,0702IbnDaqiqCidQushayri.IlmamBiAhadith.JK007057-ara1 | 0702IbnDaqiqCidQushayri.IlmamBiAhadith.Sham19Y0000924-ara1 | 0702IbnDaqiqCidQushayri.IlmamBiAhadith.ShamAY0033975-ara1 | 0702IbnDaqiqCidQushayri.IlmamBiAhadith.Shamela0005919-ara1,4
openiti:0702IbnDaqiqCidQushayri.Iqtirah,0702IbnDaqiqCidQushayri.Iqtirah,Multiple OpenITI digital versions of one work,0702IbnDaqiqCidQushayri.Iqtirah.JK000780-ara1 | 0702IbnDaqiqCidQushayri.Iqtirah.Shamela0005968-ara1,2
openiti:0703IbnCabdMalikMarrakushi.DhaylWaTakmila,0703IbnCabdMalikMarrakushi.DhaylWaTakmila,Multiple OpenITI digital versions of one work,0703IbnCabdMalikMarrakushi.DhaylWaTakmila.JK011030-ara1 | 0703IbnCabdMalikMarrakushi.DhaylWaTakmila.Sham19Y0017056-ara1 | 0703IbnCabdMalikMarrakushi.DhaylWaTakmila.Shamela0001030-ara1,3
openiti:0705IbnYusufHilli.CudadQawiyya,0705IbnYusufHilli.CudadQawiyya,Multiple OpenITI digital versions of one work,0705IbnYusufHilli.CudadQawiyya.Masaha001072-ara1 | 0705IbnYusufHilli.CudadQawiyya.Shia003711-ara1,2
openiti:0709IbnAbiFathShamsDinBacli.MatlacCalaAbwabMuqnic,0709IbnAbiFathShamsDinBacli.MatlacCalaAbwabMuqnic,Multiple OpenITI digital versions of one work,0709IbnAbiFathShamsDinBacli.MatlacCalaAbwabMuqnic.JK000277-ara1 | 0709IbnAbiFathShamsDinBacli.MatlacCalaAbwabMuqnic.ShamAY0034683-ara1 | 0709IbnAbiFathShamsDinBacli.MatlacCalaAbwabMuqnic.Shamela0011809-ara1,3
openiti:0709IbnTiqtaqa.FakhriFiAdab,0709IbnTiqtaqa.FakhriFiAdab,Multiple OpenITI digital versions of one work,0709IbnTiqtaqa.FakhriFiAdab.JK010372-ara1 | 0709IbnTiqtaqa.FakhriFiAdab.Shamela0012400-ara1,2
openiti:0710IbnAhmadHafizDinNasafi.Tafsir,0710IbnAhmadHafizDinNasafi.Tafsir,Multiple OpenITI digital versions of one work,0710IbnAhmadHafizDinNasafi.Tafsir.JK000876-ara1 | 0710IbnAhmadHafizDinNasafi.Tafsir.ShamAY0034061-ara1 | 0710IbnAhmadHafizDinNasafi.Tafsir.Shamela0001394-ara1 | 0710IbnAhmadHafizDinNasafi.Tafsir.Shia002557Vols-ara1 | 0710IbnAhmadHafizDinNasafi.Tafsir.Tafsir02017-ara1,5
openiti:0710IbnRifca.Nafais,0710IbnRifca.Nafais,Multiple OpenITI digital versions of one work,0710IbnRifca.Nafais.GVDB20190213-ara1 | 0710IbnRifca.Nafais.ShamAY0036029-ara2,2
openiti:0711IbnIbrahimCimadDinWasiti.NasihaFiSifatRabb,0711IbnIbrahimCimadDinWasiti.NasihaFiSifatRabb,Multiple OpenITI digital versions of one work,0711IbnIbrahimCimadDinWasiti.NasihaFiSifatRabb.JK000325-ara1 | 0711IbnIbrahimCimadDinWasiti.NasihaFiSifatRabb.Shamela0006487-ara1 | 0711IbnIbrahimCimadDinWasiti.NasihaFiSifatRabb.Shia002210-ara1,3
openiti:0711IbnManzurIfriqi.LisanCarab,0711IbnManzurIfriqi.LisanCarab,Multiple OpenITI digital versions of one work,0711IbnManzurIfriqi.LisanCarab.JK000880-ara1 | 0711IbnManzurIfriqi.LisanCarab.ShamAY0034695-ara2 | 0711IbnManzurIfriqi.LisanCarab.Shamela0001687-ara1 | 0711IbnManzurIfriqi.LisanCarab.Shia003936Vols-ara1,4
openiti:0711IbnManzurIfriqi.MukhtasarTarikhDimashq,0711IbnManzurIfriqi.MukhtasarTarikhDimashq,Multiple OpenITI digital versions of one work,0711IbnManzurIfriqi.MukhtasarTarikhDimashq.JK010346-ara2 | 0711IbnManzurIfriqi.MukhtasarTarikhDimashq.Sham30K0003118-ara1 | 0711IbnManzurIfriqi.MukhtasarTarikhDimashq.Sham30K0032488-ara2 | 0711IbnManzurIfriqi.MukhtasarTarikhDimashq.Sham30K0036513-ara2 | 0711IbnManzurIfriqi.MukhtasarTarikhDimashq.Sham30K0040573-ara1 | 0711IbnManzurIfriqi.MukhtasarTarikhDimashq.Shamela0003118-ara1,6
openiti:0711IbnManzurIfriqi.NitharAzhar,0711IbnManzurIfriqi.NitharAzhar,Multiple OpenITI digital versions of one work,0711IbnManzurIfriqi.NitharAzhar.ShamAY0002072-ara1 | 0711IbnManzurIfriqi.NitharAzhar.Shamela0037632-ara1,2
openiti:0711IbnManzurIfriqi.SururNafs,0711IbnManzurIfriqi.SururNafs,Multiple OpenITI digital versions of one work,0711IbnManzurIfriqi.SururNafs.JK011032-ara1 | 0711IbnManzurIfriqi.SururNafs.Shamela0001032-ara1,2
openiti:0718AbuIshaqWatwat.GhurarKhasais,0718AbuIshaqWatwat.GhurarKhasais,Multiple OpenITI digital versions of one work,0718AbuIshaqWatwat.GhurarKhasais.JK010627-ara2 | 0718AbuIshaqWatwat.GhurarKhasais.Shamela0001349-ara1,2
openiti:0718AbuIshaqWatwat.MabahijFikar,0718AbuIshaqWatwat.MabahijFikar,Multiple OpenITI digital versions of one work,0718AbuIshaqWatwat.MabahijFikar.JK010771-ara2 | 0718AbuIshaqWatwat.MabahijFikar.Kraken21050420-ara1 | 0718AbuIshaqWatwat.MabahijFikar.Shamela0000771-ara2,3
openiti:0718IbnAhmadNabulusi.Cawali,0718IbnAhmadNabulusi.Cawali,Multiple OpenITI digital versions of one work,0718IbnAhmadNabulusi.Cawali.ShamAY0033532-ara1 | 0718IbnAhmadNabulusi.Cawali.Shamela0029481-ara1,2
openiti:0721IbnRushaydSabti.SunanAbyan,0721IbnRushaydSabti.SunanAbyan,Multiple OpenITI digital versions of one work,0721IbnRushaydSabti.SunanAbyan.JK000590-ara1 | 0721IbnRushaydSabti.SunanAbyan.Shamela0006011-ara1,2
openiti:0724IbnCattar.TuhfatTalibin,0724IbnCattar.TuhfatTalibin,Multiple OpenITI digital versions of one work,0724IbnCattar.TuhfatTalibin.JK010321-ara1 | 0724IbnCattar.TuhfatTalibin.Shamela0000321-ara1,2
openiti:0725AmirKhusraw.MatlacAnwar,0725AmirKhusraw.MatlacAnwar,Multiple OpenITI digital versions of one work,0725AmirKhusraw.MatlacAnwar.AOCP20251117020-per1 | 0725AmirKhusraw.MatlacAnwar.PDL00060-per1,2
openiti:0725IbnCidhariMarrakushi.BayanMughrib,0725IbnCidhariMarrakushi.BayanMughrib,Multiple OpenITI digital versions of one work,0725IbnCidhariMarrakushi.BayanMughrib.JK010773-ara1 | 0725IbnCidhariMarrakushi.BayanMughrib.Shamela0011782-ara1,2
openiti:0726CallamaHilli.IdahIshtibah,0726CallamaHilli.IdahIshtibah,Multiple OpenITI digital versions of one work,0726CallamaHilli.IdahIshtibah.Masaha003516-ara1 | 0726CallamaHilli.IdahIshtibah.Shia002939-ara1,2
openiti:0726CallamaHilli.IrshadAdhhan,0726CallamaHilli.IrshadAdhhan,Multiple OpenITI digital versions of one work,0726CallamaHilli.IrshadAdhhan.Masaha000749Vols-ara1 | 0726CallamaHilli.IrshadAdhhan.Shia000066Vols-ara1 | 0726CallamaHilli.IrshadAdhhan.Shia000182VolsBK1-ara1,3
openiti:0726CallamaHilli.KashfMurad,0726CallamaHilli.KashfMurad,Multiple OpenITI digital versions of one work,0726CallamaHilli.KashfMurad.Shia004016-ara1 | 0726CallamaHilli.KashfMurad.Shia004017-ara1 | 0726CallamaHilli.KashfMurad.Shia004018-ara1,3
openiti:0726CallamaHilli.KashfYaqin,0726CallamaHilli.KashfYaqin,Multiple OpenITI digital versions of one work,0726CallamaHilli.KashfYaqin.Masaha000385-ara1 | 0726CallamaHilli.KashfYaqin.Masaha004583-ara1 | 0726CallamaHilli.KashfYaqin.Shia003712-ara1,3
openiti:0726CallamaHilli.KhulasatAqwal,0726CallamaHilli.KhulasatAqwal,Multiple OpenITI digital versions of one work,0726CallamaHilli.KhulasatAqwal.Masaha000547-ara1 | 0726CallamaHilli.KhulasatAqwal.Shia002940-ara1,2
openiti:0726CallamaHilli.KitabAlfayn,0726CallamaHilli.KitabAlfayn,Multiple OpenITI digital versions of one work,0726CallamaHilli.KitabAlfayn.Masaha004040Vols-ara1 | 0726CallamaHilli.KitabAlfayn.Shia004015-ara1,2
openiti:0726CallamaHilli.MuntahaMatlab,0726CallamaHilli.MuntahaMatlab,Multiple OpenITI digital versions of one work,0726CallamaHilli.MuntahaMatlab.Shia000103Vols-ara1 | 0726CallamaHilli.MuntahaMatlab.Shia000107Vols-ara1,2
openiti:0726CallamaHilli.NahjHaqq,0726CallamaHilli.NahjHaqq,Multiple OpenITI digital versions of one work,0726CallamaHilli.NahjHaqq.Masaha004552-ara1 | 0726CallamaHilli.NahjHaqq.Shia004020-ara1,2
openiti:0726CallamaHilli.NihayatAhkam,0726CallamaHilli.NihayatAhkam,Multiple OpenITI digital versions of one work,0726CallamaHilli.NihayatAhkam.Shia000109Vols-ara1 | 0726CallamaHilli.NihayatAhkam.Zaydiyya0000245-ara1,2
openiti:0726CallamaHilli.QawacidAhkam,0726CallamaHilli.QawacidAhkam,Multiple OpenITI digital versions of one work,0726CallamaHilli.QawacidAhkam.Shia000091Vols-ara1 | 0726CallamaHilli.QawacidAhkam.Shia000134VolsBK1-ara1,2
openiti:0726CallamaHilli.TadhkiratFuqaha,0726CallamaHilli.TadhkiratFuqaha,Multiple OpenITI digital versions of one work,0726CallamaHilli.TadhkiratFuqaha.Shia000075Vols-ara1 | 0726CallamaHilli.TadhkiratFuqaha.Shia000089Vols-ara1,2
openiti:0726CallamaHilli.TahrirAhkam,0726CallamaHilli.TahrirAhkam,Multiple OpenITI digital versions of one work,0726CallamaHilli.TahrirAhkam.Shia000070Vols-ara1 | 0726CallamaHilli.TahrirAhkam.Zaydiyya0000181-ara1,2
openiti:0726Yunini.DhaylMiratZaman,0726Yunini.DhaylMiratZaman,Multiple OpenITI digital versions of one work,0726Yunini.DhaylMiratZaman.JK010379-ara1 | 0726Yunini.DhaylMiratZaman.Shamela0012722-ara1,2
openiti:0728IbnTaymiyya.AhadithCawaliMinIbnCarafa,0728IbnTaymiyya.AhadithCawaliMinIbnCarafa,Multiple OpenITI digital versions of one work,0728IbnTaymiyya.AhadithCawaliMinIbnCarafa.JK000779-ara1 | 0728IbnTaymiyya.AhadithCawaliMinIbnCarafa.Shamela0007525-ara1,2
openiti:0728IbnTaymiyya.AhadithQussas,0728IbnTaymiyya.AhadithQussas,Multiple OpenITI digital versions of one work,0728IbnTaymiyya.AhadithQussas.JK005009-ara1 | 0728IbnTaymiyya.AhadithQussas.Shamela0022812-ara1,2
openiti:0728IbnTaymiyya.AmrBiMacruf,0728IbnTaymiyya.AmrBiMacruf,Multiple OpenITI digital versions of one work,0728IbnTaymiyya.AmrBiMacruf.JK000372-ara1 | 0728IbnTaymiyya.AmrBiMacruf.Shamela0030903-ara1,2
openiti:0728IbnTaymiyya.AmradQulub,0728IbnTaymiyya.AmradQulub,Multiple OpenITI digital versions of one work,0728IbnTaymiyya.AmradQulub.JK000079-ara1 | 0728IbnTaymiyya.AmradQulub.Shamela0001512-ara1,2
openiti:0728IbnTaymiyya.BayanTalbisJahmiyya,0728IbnTaymiyya.BayanTalbisJahmiyya,Multiple OpenITI digital versions of one work,0728IbnTaymiyya.BayanTalbisJahmiyya.JK000382-ara1 | 0728IbnTaymiyya.BayanTalbisJahmiyya.ShamAY0034368-ara1 | 0728IbnTaymiyya.BayanTalbisJahmiyya.ShamAY0034382-ara1 | 0728IbnTaymiyya.BayanTalbisJahmiyya.Shamela0002864-ara1,4
openiti:0728IbnTaymiyya.BughyatMurtad,0728IbnTaymiyya.BughyatMurtad,Multiple OpenITI digital versions of one work,0728IbnTaymiyya.BughyatMurtad.JK000374-ara1 | 0728IbnTaymiyya.BughyatMurtad.Shamela0011071-ara1,2
openiti:0728IbnTaymiyya.CaqidaWasitiyya,0728IbnTaymiyya.CaqidaWasitiyya,Multiple OpenITI digital versions of one work,0728IbnTaymiyya.CaqidaWasitiyya.JK000359-ara1 | 0728IbnTaymiyya.CaqidaWasitiyya.Sham19Y0018098-ara1 | 0728IbnTaymiyya.CaqidaWasitiyya.Shamela0022665-ara1,3
openiti:0728IbnTaymiyya.DaqaiqTafsir,0728IbnTaymiyya.DaqaiqTafsir,Multiple OpenITI digital versions of one work,0728IbnTaymiyya.DaqaiqTafsir.JK000378-ara1 | 0728IbnTaymiyya.DaqaiqTafsir.Shamela0005487-ara1 | 0728IbnTaymiyya.DaqaiqTafsir.Shia002642Vols-ara1,3
openiti:0728IbnTaymiyya.DarTacarud,0728IbnTaymiyya.DarTacarud,Multiple OpenITI digital versions of one work,0728IbnTaymiyya.DarTacarud.JK000362-ara1 | 0728IbnTaymiyya.DarTacarud.ShamAY0033865-ara1 | 0728IbnTaymiyya.DarTacarud.Shamela0021506-ara1,3
openiti:0728IbnTaymiyya.FatawaKubra,0728IbnTaymiyya.FatawaKubra,Multiple OpenITI digital versions of one work,0728IbnTaymiyya.FatawaKubra.JK001414-ara1 | 0728IbnTaymiyya.FatawaKubra.ShamAY0034363-ara1 | 0728IbnTaymiyya.FatawaKubra.Shamela0009690-ara1,3
openiti:0728IbnTaymiyya.FurqanBaynaAwliya,0728IbnTaymiyya.FurqanBaynaAwliya,Multiple OpenITI digital versions of one work,0728IbnTaymiyya.FurqanBaynaAwliya.ShamAY0034364-ara1 | 0728IbnTaymiyya.FurqanBaynaAwliya.Shamela0021499-ara1,2
openiti:0728IbnTaymiyya.HasanaWaSayyia,0728IbnTaymiyya.HasanaWaSayyia,Multiple OpenITI digital versions of one work,0728IbnTaymiyya.HasanaWaSayyia.JK000351-ara1 | 0728IbnTaymiyya.HasanaWaSayyia.ShamAY0034359-ara1 | 0728IbnTaymiyya.HasanaWaSayyia.Shamela0007609-ara1,3
openiti:0728IbnTaymiyya.HijabMara,0728IbnTaymiyya.HijabMara,Multiple OpenITI digital versions of one work,0728IbnTaymiyya.HijabMara.JK010398-ara1 | 0728IbnTaymiyya.HijabMara.Shamela0011150-ara1,2
openiti:0728IbnTaymiyya.Hisba,0728IbnTaymiyya.Hisba,Multiple OpenITI digital versions of one work,0728IbnTaymiyya.Hisba.JK006982-ara1 | 0728IbnTaymiyya.Hisba.ShamAY0000351-ara1 | 0728IbnTaymiyya.Hisba.Shamela0007263-ara1 | 0728IbnTaymiyya.Hisba.Shamela0036551-ara1,4
openiti:0728IbnTaymiyya.Iman,0728IbnTaymiyya.Iman,Multiple OpenITI digital versions of one work,0728IbnTaymiyya.Iman.Sham19Y0020587-ara1 | 0728IbnTaymiyya.Iman.ShamAY0035410-ara1 | 0728IbnTaymiyya.Iman.Shamela0000264-ara1 | 0728IbnTaymiyya.Iman.Shamela0007564-ara1,4
openiti:0728IbnTaymiyya.IqtidaSirat,0728IbnTaymiyya.IqtidaSirat,Multiple OpenITI digital versions of one work,0728IbnTaymiyya.IqtidaSirat.JK000367-ara1 | 0728IbnTaymiyya.IqtidaSirat.ShamAY0034358-ara1 | 0728IbnTaymiyya.IqtidaSirat.Shamela0011620-ara1,3
openiti:0728IbnTaymiyya.Istighatha,0728IbnTaymiyya.Istighatha,Multiple OpenITI digital versions of one work,0728IbnTaymiyya.Istighatha.JK000383BK2-ara1 | 0728IbnTaymiyya.Istighatha.JK000385-ara1 | 0728IbnTaymiyya.Istighatha.Sham19Y0018328-ara2 | 0728IbnTaymiyya.Istighatha.ShamAY0034352BK2-ara1 | 0728IbnTaymiyya.Istighatha.ShamAY0034402BK2-ara1,5
openiti:0728IbnTaymiyya.Istiqama,0728IbnTaymiyya.Istiqama,Multiple OpenITI digital versions of one work,0728IbnTaymiyya.Istiqama.JK000028-ara1 | 0728IbnTaymiyya.Istiqama.Shamela0006820-ara1,2
openiti:0728IbnTaymiyya.JamicMasail,0728IbnTaymiyya.JamicMasail,Multiple OpenITI digital versions of one work,0728IbnTaymiyya.JamicMasail.Sham19Y0016953Vols-ara1 | 0728IbnTaymiyya.JamicMasail.ShamAY0037987-ara1 | 0728IbnTaymiyya.JamicMasail.Shamela0022797-ara1,3
openiti:0728IbnTaymiyya.JamicRasail,0728IbnTaymiyya.JamicRasail,Multiple OpenITI digital versions of one work,0728IbnTaymiyya.JamicRasail.JK000377-ara1 | 0728IbnTaymiyya.JamicRasail.Shamela0022653-ara1,2
openiti:0728IbnTaymiyya.JawabFiHilf,0728IbnTaymiyya.JawabFiHilf,Multiple OpenITI digital versions of one work,0728IbnTaymiyya.JawabFiHilf.ShamAY0034353-ara1 | 0728IbnTaymiyya.JawabFiHilf.ShamAY0038455-ara1 | 0728IbnTaymiyya.JawabFiHilf.Shamela0021565-ara1,3
openiti:0728IbnTaymiyya.JawabSahih,0728IbnTaymiyya.JawabSahih,Multiple OpenITI digital versions of one work,0728IbnTaymiyya.JawabSahih.JK000330-ara1 | 0728IbnTaymiyya.JawabSahih.Shamela0000170-ara1,2
openiti:0728IbnTaymiyya.KalimTayyib,0728IbnTaymiyya.KalimTayyib,Multiple OpenITI digital versions of one work,0728IbnTaymiyya.KalimTayyib.JK001440-ara1 | 0728IbnTaymiyya.KalimTayyib.Shamela0000327-ara1 | 0728IbnTaymiyya.KalimTayyib.Shamela0021578-ara1,3
openiti:0728IbnTaymiyya.MajmucFatawa,0728IbnTaymiyya.MajmucFatawa,Multiple OpenITI digital versions of one work,0728IbnTaymiyya.MajmucFatawa.JK000381-ara1 | 0728IbnTaymiyya.MajmucFatawa.Shamela0007289-ara1,2
openiti:0728IbnTaymiyya.MajmucatRasailWaMasail,0728IbnTaymiyya.MajmucatRasailWaMasail,Multiple OpenITI digital versions of one work,0728IbnTaymiyya.MajmucatRasailWaMasail.ShamAY0034371-ara1 | 0728IbnTaymiyya.MajmucatRasailWaMasail.Shamela0011730-ara1,2
openiti:0728IbnTaymiyya.MasalaFiKanais,0728IbnTaymiyya.MasalaFiKanais,Multiple OpenITI digital versions of one work,0728IbnTaymiyya.MasalaFiKanais.ShamAY0038206-ara1 | 0728IbnTaymiyya.MasalaFiKanais.Shamela0022651-ara1,2
openiti:0728IbnTaymiyya.MinhajSunna,0728IbnTaymiyya.MinhajSunna,Multiple OpenITI digital versions of one work,0728IbnTaymiyya.MinhajSunna.JK000365-ara1 | 0728IbnTaymiyya.MinhajSunna.ShamAY0034375-ara1 | 0728IbnTaymiyya.MinhajSunna.Shamela0000927-ara1 | 0728IbnTaymiyya.MinhajSunna.Zaydiyya0000108-ara1,4
openiti:0728IbnTaymiyya.MusawwadaFiUsulFiqh,0728IbnTaymiyya.MusawwadaFiUsulFiqh,Multiple OpenITI digital versions of one work,0728IbnTaymiyya.MusawwadaFiUsulFiqh.JK000388-ara1 | 0728IbnTaymiyya.MusawwadaFiUsulFiqh.Shamela0011814-ara1,2
openiti:0728IbnTaymiyya.Nubuwwat,0728IbnTaymiyya.Nubuwwat,Multiple OpenITI digital versions of one work,0728IbnTaymiyya.Nubuwwat.JK000373-ara1 | 0728IbnTaymiyya.Nubuwwat.ShamAY0034366-ara1 | 0728IbnTaymiyya.Nubuwwat.Shamela0011817-ara1,3
openiti:0728IbnTaymiyya.QacidaFiMahabba,0728IbnTaymiyya.QacidaFiMahabba,Multiple OpenITI digital versions of one work,0728IbnTaymiyya.QacidaFiMahabba.JK000379-ara1 | 0728IbnTaymiyya.QacidaFiMahabba.Shamela0011289-ara1,2
openiti:0728IbnTaymiyya.QacidaJalila,0728IbnTaymiyya.QacidaJalila,Multiple OpenITI digital versions of one work,0728IbnTaymiyya.QacidaJalila.JK000376-ara1 | 0728IbnTaymiyya.QacidaJalila.Shamela0022649-ara1,2
openiti:0728IbnTaymiyya.QasidaTaiyyaFiQadar,0728IbnTaymiyya.QasidaTaiyyaFiQadar,Multiple OpenITI digital versions of one work,0728IbnTaymiyya.QasidaTaiyyaFiQadar.ShamAY0034356-ara1 | 0728IbnTaymiyya.QasidaTaiyyaFiQadar.Shamela0000792-ara1,2
openiti:0728IbnTaymiyya.QawacidNuraniyya,0728IbnTaymiyya.QawacidNuraniyya,Multiple OpenITI digital versions of one work,0728IbnTaymiyya.QawacidNuraniyya.JK000976-ara1 | 0728IbnTaymiyya.QawacidNuraniyya.ShamAY0034365-ara1 | 0728IbnTaymiyya.QawacidNuraniyya.Shamela0021729-ara1,3
openiti:0728IbnTaymiyya.RaddCalaAkhnai,0728IbnTaymiyya.RaddCalaAkhnai,Multiple OpenITI digital versions of one work,0728IbnTaymiyya.RaddCalaAkhnai.JK000350-ara1 | 0728IbnTaymiyya.RaddCalaAkhnai.ShamAY0034360-ara1 | 0728IbnTaymiyya.RaddCalaAkhnai.Shamela0009277-ara1 | 0728IbnTaymiyya.RaddCalaAkhnai.Shamela0037816-ara1,4
openiti:0728IbnTaymiyya.RaddCalaMantiqiyyin,0728IbnTaymiyya.RaddCalaMantiqiyyin,Multiple OpenITI digital versions of one work,0728IbnTaymiyya.RaddCalaMantiqiyyin.JK000371-ara1 | 0728IbnTaymiyya.RaddCalaMantiqiyyin.Shamela0007626-ara1,2
openiti:0728IbnTaymiyya.RafcMalam,0728IbnTaymiyya.RafcMalam,Multiple OpenITI digital versions of one work,0728IbnTaymiyya.RafcMalam.ShamAY0034369-ara1 | 0728IbnTaymiyya.RafcMalam.ShamAY0034383-ara1 | 0728IbnTaymiyya.RafcMalam.Shamela0004118-ara1,3
openiti:0728IbnTaymiyya.RasHusayn,0728IbnTaymiyya.RasHusayn,Multiple OpenITI digital versions of one work,0728IbnTaymiyya.RasHusayn.JK010892-ara1 | 0728IbnTaymiyya.RasHusayn.Shamela0000892-ara1 | 0728IbnTaymiyya.RasHusayn.Shia003713-ara1,3
openiti:0728IbnTaymiyya.RasailWaFatawa,0728IbnTaymiyya.RasailWaFatawa,Multiple OpenITI digital versions of one work,0728IbnTaymiyya.RasailWaFatawa.JK000006-ara1 | 0728IbnTaymiyya.RasailWaFatawa.JK000907-ara1 | 0728IbnTaymiyya.RasailWaFatawa.JK006835-ara1 | 0728IbnTaymiyya.RasailWaFatawa.JK006950-ara1 | 0728IbnTaymiyya.RasailWaFatawa.JK006976-ara1,5
openiti:0728IbnTaymiyya.RisalaQubrusiyya,0728IbnTaymiyya.RisalaQubrusiyya,Multiple OpenITI digital versions of one work,0728IbnTaymiyya.RisalaQubrusiyya.JK006984-ara1 | 0728IbnTaymiyya.RisalaQubrusiyya.ShamAY0034378-ara1,2
openiti:0728IbnTaymiyya.RisalaTadmuriyya,0728IbnTaymiyya.RisalaTadmuriyya,Multiple OpenITI digital versions of one work,0728IbnTaymiyya.RisalaTadmuriyya.ShamAY0034381-ara1 | 0728IbnTaymiyya.RisalaTadmuriyya.Shamela0022666-ara1,2
openiti:0728IbnTaymiyya.Safadiyya,0728IbnTaymiyya.Safadiyya,Multiple OpenITI digital versions of one work,0728IbnTaymiyya.Safadiyya.JK000368-ara1 | 0728IbnTaymiyya.Safadiyya.Shamela0022874-ara1,2
openiti:0728IbnTaymiyya.SarimMaslul,0728IbnTaymiyya.SarimMaslul,Multiple OpenITI digital versions of one work,0728IbnTaymiyya.SarimMaslul.JK000370-ara1 | 0728IbnTaymiyya.SarimMaslul.ShamAY0034362-ara1 | 0728IbnTaymiyya.SarimMaslul.Shamela0007344-ara1,3
openiti:0728IbnTaymiyya.SharhCaqidaIsfahaniyya,0728IbnTaymiyya.SharhCaqidaIsfahaniyya,Multiple OpenITI digital versions of one work,0728IbnTaymiyya.SharhCaqidaIsfahaniyya.JK000375-ara1 | 0728IbnTaymiyya.SharhCaqidaIsfahaniyya.ShamAY0034373-ara1 | 0728IbnTaymiyya.SharhCaqidaIsfahaniyya.ShamAY0034392-ara1 | 0728IbnTaymiyya.SharhCaqidaIsfahaniyya.Shamela0011248-ara1,4
openiti:0728IbnTaymiyya.SharhCumdatFiqh,0728IbnTaymiyya.SharhCumdatFiqh,Multiple OpenITI digital versions of one work,0728IbnTaymiyya.SharhCumdatFiqh.JK000386-ara1 | 0728IbnTaymiyya.SharhCumdatFiqh.Sham19Y0014500-ara1 | 0728IbnTaymiyya.SharhCumdatFiqh.Sham19Y0017073-ara1 | 0728IbnTaymiyya.SharhCumdatFiqh.Sham19Y0017417-ara1 | 0728IbnTaymiyya.SharhCumdatFiqh.ShamAY0032298-ara1 | 0728IbnTaymiyya.SharhCumdatFiqh.Shamela0010810-ara1 | 0728IbnTaymiyya.SharhCumdatFiqh.Shamela0011251-ara1,7
openiti:0728IbnTaymiyya.ShubuhatHawlCaisha,0728IbnTaymiyya.ShubuhatHawlCaisha,Multiple OpenITI digital versions of one work,0728IbnTaymiyya.ShubuhatHawlCaisha.ShamAY0037806-ara1 | 0728IbnTaymiyya.ShubuhatHawlCaisha.ShamAY0037807-ara1,2
openiti:0728IbnTaymiyya.SiyasaSharciyya,0728IbnTaymiyya.SiyasaSharciyya,Multiple OpenITI digital versions of one work,0728IbnTaymiyya.SiyasaSharciyya.JK000008-ara1 | 0728IbnTaymiyya.SiyasaSharciyya.ShamAY0034347-ara1 | 0728IbnTaymiyya.SiyasaSharciyya.ShamAY0038472-ara1 | 0728IbnTaymiyya.SiyasaSharciyya.Shamela0031237-ara1,4
openiti:0728IbnTaymiyya.TanbihRajulCaqil,0728IbnTaymiyya.TanbihRajulCaqil,Multiple OpenITI digital versions of one work,0728IbnTaymiyya.TanbihRajulCaqil.Sham19Y0018645-ara1 | 0728IbnTaymiyya.TanbihRajulCaqil.ShamAY0034386-ara1 | 0728IbnTaymiyya.TanbihRajulCaqil.ShamAY0038468-ara1,3
openiti:0728IbnTaymiyya.TuhfaCiraqiyya,0728IbnTaymiyya.TuhfaCiraqiyya,Multiple OpenITI digital versions of one work,0728IbnTaymiyya.TuhfaCiraqiyya.JK000075-ara1 | 0728IbnTaymiyya.TuhfaCiraqiyya.Shamela0006827-ara1,2
openiti:0728IbnTaymiyya.WasiyyaSughra,0728IbnTaymiyya.WasiyyaSughra,Multiple OpenITI digital versions of one work,0728IbnTaymiyya.WasiyyaSughra.ShamAY0034367-ara1 | 0728IbnTaymiyya.WasiyyaSughra.ShamAY0034399-ara1,2
openiti:0728IbnTaymiyya.ZiyaratQubur,0728IbnTaymiyya.ZiyaratQubur,Multiple OpenITI digital versions of one work,0728IbnTaymiyya.ZiyaratQubur.JK000355-ara1 | 0728IbnTaymiyya.ZiyaratQubur.Shamela0006919-ara1,2
openiti:0728IbnTaymiyya.ZuhdWaWarac,0728IbnTaymiyya.ZuhdWaWarac,Multiple OpenITI digital versions of one work,0728IbnTaymiyya.ZuhdWaWarac.JK000077-ara1 | 0728IbnTaymiyya.ZuhdWaWarac.Shamela0006826-ara1,2
openiti:0729IbnUkhuwwa.MacalimQurba,0729IbnUkhuwwa.MacalimQurba,Multiple OpenITI digital versions of one work,0729IbnUkhuwwa.MacalimQurba.JK011677-ara1 | 0729IbnUkhuwwa.MacalimQurba.Shamela0010526-ara1,2
openiti:0730IbnAhmadCalaDinBukhari.KashfAsrar,0730IbnAhmadCalaDinBukhari.KashfAsrar,Multiple OpenITI digital versions of one work,0730IbnAhmadCalaDinBukhari.KashfAsrar.JK007126-ara1 | 0730IbnAhmadCalaDinBukhari.KashfAsrar.ShamAY0034199-ara1 | 0730IbnAhmadCalaDinBukhari.KashfAsrar.Shamela0009062-ara1,3
openiti:0730NizamDinNaysaburi.GharaibQuran,0730NizamDinNaysaburi.GharaibQuran,Multiple OpenITI digital versions of one work,0730NizamDinNaysaburi.GharaibQuran.JK009268-ara1 | 0730NizamDinNaysaburi.GharaibQuran.Rafed0001792Vols-ara1 | 0730NizamDinNaysaburi.GharaibQuran.Shamela0023613-ara1 | 0730NizamDinNaysaburi.GharaibQuran.Tafsir02022-ara1,4
openiti:0732AbuFida.MukhtasarFiAkhbar,0732AbuFida.MukhtasarFiAkhbar,Multiple OpenITI digital versions of one work,0732AbuFida.MukhtasarFiAkhbar.JK010358-ara1 | 0732AbuFida.MukhtasarFiAkhbar.Shamela0012715-ara1,2
openiti:0732AbuFida.TaqwimBuldan,0732AbuFida.TaqwimBuldan,Multiple OpenITI digital versions of one work,0732AbuFida.TaqwimBuldan.Masaha003961-ara1 | 0732AbuFida.TaqwimBuldan.Rafed0002296-ara1 | 0732AbuFida.TaqwimBuldan.ShamDhahabiyya0056999-ara1,3
openiti:0732AbuFida.Yawaqit,0732AbuFida.Yawaqit,Multiple OpenITI digital versions of one work,0732AbuFida.Yawaqit.JK010465-ara1 | 0732AbuFida.Yawaqit.Shamela0000465-ara1,2
openiti:0732IbnCumarBurhanDinJacbari.RusumTahdith,0732IbnCumarBurhanDinJacbari.RusumTahdith,Multiple OpenITI digital versions of one work,0732IbnCumarBurhanDinJacbari.RusumTahdith.JK009169-ara1 | 0732IbnCumarBurhanDinJacbari.RusumTahdith.Shamela0005992-ara1,2
openiti:0732IbnYacqubJanadi.SulukFiTabaqat,0732IbnYacqubJanadi.SulukFiTabaqat,Multiple OpenITI digital versions of one work,0732IbnYacqubJanadi.SulukFiTabaqat.JK007011-ara1 | 0732IbnYacqubJanadi.SulukFiTabaqat.Shamela0006668-ara1,2
openiti:0733IbnJamacaBadrDinHamawi.IdahDalil,0733IbnJamacaBadrDinHamawi.IdahDalil,Multiple OpenITI digital versions of one work,0733IbnJamacaBadrDinHamawi.IdahDalil.JK001419-ara1 | 0733IbnJamacaBadrDinHamawi.IdahDalil.Shamela0006547-ara1,2
openiti:0733IbnJamacaBadrDinHamawi.ManhalRawi,0733IbnJamacaBadrDinHamawi.ManhalRawi,Multiple OpenITI digital versions of one work,0733IbnJamacaBadrDinHamawi.ManhalRawi.JK000745-ara1 | 0733IbnJamacaBadrDinHamawi.ManhalRawi.Shamela0005959-ara1,2
openiti:0733IbnJamacaBadrDinHamawi.TahrirAhkam,0733IbnJamacaBadrDinHamawi.TahrirAhkam,Multiple OpenITI digital versions of one work,0733IbnJamacaBadrDinHamawi.TahrirAhkam.JK007090-ara1 | 0733IbnJamacaBadrDinHamawi.TahrirAhkam.Shamela0009685-ara1,2
openiti:0733Nuwayri.NihayatArab,0733Nuwayri.NihayatArab,Multiple OpenITI digital versions of one work,0733Nuwayri.NihayatArab.JK009238-ara1 | 0733Nuwayri.NihayatArab.Masaha003070Vols-ara1 | 0733Nuwayri.NihayatArab.Sham30K0005176-ara1 | 0733Nuwayri.NihayatArab.Sham30K0010283-ara1 | 0733Nuwayri.NihayatArab.ShamAY0033789-ara1 | 0733Nuwayri.NihayatArab.Shamela0010283-ara1 | 0733Nuwayri.NihayatArab.Zaydiyya0000261-ara1,7
openiti:0734IbnQaddahHawari.MasailFiqhiyya,0734IbnQaddahHawari.MasailFiqhiyya,Multiple OpenITI digital versions of one work,0734IbnQaddahHawari.MasailFiqhiyya.JK006902-ara1 | 0734IbnQaddahHawari.MasailFiqhiyya.Shamela0006255-ara1,2
openiti:0734IbnQaddahHawari.MulhaqFatawa,0734IbnQaddahHawari.MulhaqFatawa,Multiple OpenITI digital versions of one work,0734IbnQaddahHawari.MulhaqFatawa.JK008007-ara1 | 0734IbnQaddahHawari.MulhaqFatawa.Shamela0006256-ara1,2
openiti:0734IbnSayyidNas.CuyunAthar,0734IbnSayyidNas.CuyunAthar,Multiple OpenITI digital versions of one work,0734IbnSayyidNas.CuyunAthar.Masaha002308Vols-ara1 | 0734IbnSayyidNas.CuyunAthar.Shamela0023653-ara1 | 0734IbnSayyidNas.CuyunAthar.Shia003714Vols-ara1,3
openiti:0734IbnSayyidNas.NafhShadhi,0734IbnSayyidNas.NafhShadhi,Multiple OpenITI digital versions of one work,0734IbnSayyidNas.NafhShadhi.Sham19Y0007488-ara1 | 0734IbnSayyidNas.NafhShadhi.Sham19Y0016599-ara1,2
openiti:0735DawudIbnMakhila.CuyunHaqaiq,0735DawudIbnMakhila.CuyunHaqaiq,Multiple OpenITI digital versions of one work,0735DawudIbnMakhila.CuyunHaqaiq.Kraken230117000600-ara1 | 0735DawudIbnMakhila.CuyunHaqaiq.LMN230208105400-ara1,2
openiti:0736IbnDawadari.KanzDurar,0736IbnDawadari.KanzDurar,Multiple OpenITI digital versions of one work,0736IbnDawadari.KanzDurar.Sham19Y0018147-ara1 | 0736IbnDawadari.KanzDurar.ShamAY0032597-ara1,2
openiti:0737IbnMuhammadIbnHajjFasi.Madkhal,0737IbnMuhammadIbnHajjFasi.Madkhal,Multiple OpenITI digital versions of one work,0737IbnMuhammadIbnHajjFasi.Madkhal.JK007084-ara1 | 0737IbnMuhammadIbnHajjFasi.Madkhal.ShamAY0034247-ara1 | 0737IbnMuhammadIbnHajjFasi.Madkhal.Shamela0011406-ara1,3
openiti:0738IbnCabdRahimSharafDinHamawi.NasikhQuran,0738IbnCabdRahimSharafDinHamawi.NasikhQuran,Multiple OpenITI digital versions of one work,0738IbnCabdRahimSharafDinHamawi.NasikhQuran.JK000454-ara1 | 0738IbnCabdRahimSharafDinHamawi.NasikhQuran.Shamela0002209-ara1,2
openiti:0739Birzali.Mashyakha,0739Birzali.Mashyakha,Multiple OpenITI digital versions of one work,0739Birzali.Mashyakha.JK001188-ara1 | 0739Birzali.Mashyakha.Shamela0005724-ara1,2
openiti:0739CalaDinIbnBalban.Ihsan,0739CalaDinIbnBalban.Ihsan,Multiple OpenITI digital versions of one work,0739CalaDinIbnBalban.Ihsan.Sham19Y0001729-ara1 | 0739CalaDinIbnBalban.Ihsan.Sham19Y0001734-ara1,2
openiti:0739JalalDinQazwini.IdahFiCulumBalagha,0739JalalDinQazwini.IdahFiCulumBalagha,Multiple OpenITI digital versions of one work,0739JalalDinQazwini.IdahFiCulumBalagha.JK001001-ara1 | 0739JalalDinQazwini.IdahFiCulumBalagha.ShamAY0033778-ara1,2
openiti:0739SafiDinHanbali.QawacidUsul,0739SafiDinHanbali.QawacidUsul,Multiple OpenITI digital versions of one work,0739SafiDinHanbali.QawacidUsul.Sham19Y0147662-ara1 | 0739SafiDinHanbali.QawacidUsul.ShamAY0037576-ara1,2
openiti:0740IbnDawudHilli.Rijal,0740IbnDawudHilli.Rijal,Multiple OpenITI digital versions of one work,0740IbnDawudHilli.Rijal.Masaha004647-ara1 | 0740IbnDawudHilli.Rijal.Shia002941-ara1 | 0740IbnDawudHilli.Rijal.Zaydiyya0000187-ara1,3
openiti:0741IbnAhmadGharnatiKalbi.QawaninFiqhiyya,0741IbnAhmadGharnatiKalbi.QawaninFiqhiyya,Multiple OpenITI digital versions of one work,0741IbnAhmadGharnatiKalbi.QawaninFiqhiyya.JK000253-ara1 | 0741IbnAhmadGharnatiKalbi.QawaninFiqhiyya.Shamela0006193-ara1,2
openiti:0741IbnAhmadGharnatiKalbi.TashilLiCulumTanzil,0741IbnAhmadGharnatiKalbi.TashilLiCulumTanzil,Multiple OpenITI digital versions of one work,0741IbnAhmadGharnatiKalbi.TashilLiCulumTanzil.JK001480-ara1 | 0741IbnAhmadGharnatiKalbi.TashilLiCulumTanzil.Shamela0023626-ara1 | 0741IbnAhmadGharnatiKalbi.TashilLiCulumTanzil.Shia002645Vols-ara1 | 0741IbnAhmadGharnatiKalbi.TashilLiCulumTanzil.Tafsir02088-ara1,4
openiti:0741IbnYahyaAndalusiMalaqi.TamhidWaBayan,0741IbnYahyaAndalusiMalaqi.TamhidWaBayan,Multiple OpenITI digital versions of one work,0741IbnYahyaAndalusiMalaqi.TamhidWaBayan.JK000803-ara1 | 0741IbnYahyaAndalusiMalaqi.TamhidWaBayan.Shamela0006649-ara1,2
openiti:0741KhatibTabrizi.MishkatMasabih,0741KhatibTabrizi.MishkatMasabih,Multiple OpenITI digital versions of one work,0741KhatibTabrizi.MishkatMasabih.JK007045-ara1 | 0741KhatibTabrizi.MishkatMasabih.Shamela0008360-ara1,2
openiti:0741KhazinBaghdadi.LubabTawil,0741KhazinBaghdadi.LubabTawil,Multiple OpenITI digital versions of one work,0741KhazinBaghdadi.LubabTawil.JK009244-ara1 | 0741KhazinBaghdadi.LubabTawil.ShamAY0034067-ara1 | 0741KhazinBaghdadi.LubabTawil.Shamela0023628-ara1 | 0741KhazinBaghdadi.LubabTawil.Tafsir02018-ara1,4
openiti:0742Mizzi.TahdhibKamal,0742Mizzi.TahdhibKamal,Multiple OpenITI digital versions of one work,0742Mizzi.TahdhibKamal.JK000144-ara1 | 0742Mizzi.TahdhibKamal.Sham30K0003722-ara1 | 0742Mizzi.TahdhibKamal.Sham30K0036601-ara1 | 0742Mizzi.TahdhibKamal.Sham30K0038926-ara1 | 0742Mizzi.TahdhibKamal.Shamela0003722-ara1 | 0742Mizzi.TahdhibKamal.Shia003241Vols-ara1,6
openiti:0742Mizzi.TuhfatAshraf,0742Mizzi.TuhfatAshraf,Multiple OpenITI digital versions of one work,0742Mizzi.TuhfatAshraf.JK009256BK1-ara1 | 0742Mizzi.TuhfatAshraf.Shamela0011385-ara1,2
openiti:0743FakhrDinZaylaci.TabyinHaqaiq,0743FakhrDinZaylaci.TabyinHaqaiq,Multiple OpenITI digital versions of one work,0743FakhrDinZaylaci.TabyinHaqaiq.JK005200-ara1 | 0743FakhrDinZaylaci.TabyinHaqaiq.Shamela0023023BK1-ara1,2
openiti:0744IbnCabdHadi.CuqudDurriyya,0744IbnCabdHadi.CuqudDurriyya,Multiple OpenITI digital versions of one work,0744IbnCabdHadi.CuqudDurriyya.JK000363-ara1 | 0744IbnCabdHadi.CuqudDurriyya.ShamAY0038476BK1-ara1 | 0744IbnCabdHadi.CuqudDurriyya.Shamela0006663-ara1,3
openiti:0744IbnCabdHadi.FadailSham,0744IbnCabdHadi.FadailSham,Multiple OpenITI digital versions of one work,0744IbnCabdHadi.FadailSham.Masaha004845BK1-ara1 | 0744IbnCabdHadi.FadailSham.ShamAY0034310-ara1,2
openiti:0744IbnCabdHadi.MuharrirFiHadith,0744IbnCabdHadi.MuharrirFiHadith,Multiple OpenITI digital versions of one work,0744IbnCabdHadi.MuharrirFiHadith.JK007083-ara1 | 0744IbnCabdHadi.MuharrirFiHadith.Shamela0005918-ara1,2
openiti:0744IbnCabdHadi.SarimMunki,0744IbnCabdHadi.SarimMunki,Multiple OpenITI digital versions of one work,0744IbnCabdHadi.SarimMunki.JK001226-ara1 | 0744IbnCabdHadi.SarimMunki.Shamela0008622-ara1,2
openiti:0744IbnCabdHadi.TacliqaCalaCilal,0744IbnCabdHadi.TacliqaCalaCilal,Multiple OpenITI digital versions of one work,0744IbnCabdHadi.TacliqaCalaCilal.JK007091-ara1 | 0744IbnCabdHadi.TacliqaCalaCilal.Shamela0011569-ara1,2
openiti:0744IbnCabdHadi.TanqihTahqiq,0744IbnCabdHadi.TanqihTahqiq,Multiple OpenITI digital versions of one work,0744IbnCabdHadi.TanqihTahqiq.JK006803-ara1 | 0744IbnCabdHadi.TanqihTahqiq.ShamAY0034125-ara1 | 0744IbnCabdHadi.TanqihTahqiq.Shamela0010657-ara1,3
openiti:0745AbuHayyanGharnati.TafsirBahrMuhit,0745AbuHayyanGharnati.TafsirBahrMuhit,Multiple OpenITI digital versions of one work,0745AbuHayyanGharnati.TafsirBahrMuhit.JK007053-ara1 | 0745AbuHayyanGharnati.TafsirBahrMuhit.ShamAY0034064-ara1 | 0745AbuHayyanGharnati.TafsirBahrMuhit.Shamela0023591-ara1 | 0745AbuHayyanGharnati.TafsirBahrMuhit.Shia002649Vols-ara1 | 0745AbuHayyanGharnati.TafsirBahrMuhit.Tafsir02019-ara1,5
openiti:0745AbuHayyanGharnati.TuhfatArib,0745AbuHayyanGharnati.TuhfatArib,Multiple OpenITI digital versions of one work,0745AbuHayyanGharnati.TuhfatArib.Sham19Y0013304-ara1 | 0745AbuHayyanGharnati.TuhfatArib.ShamAY0036738-ara2,2
openiti:0745IbnMuhammadTaqiDinIbnImam.SilahMumin,0745IbnMuhammadTaqiDinIbnImam.SilahMumin,Multiple OpenITI digital versions of one work,0745IbnMuhammadTaqiDinIbnImam.SilahMumin.JK001236-ara1 | 0745IbnMuhammadTaqiDinIbnImam.SilahMumin.Shamela0006843-ara1,2
openiti:0745MuayyadYahyaIbnHamzaCalawi.AtwaqHamama,0745MuayyadYahyaIbnHamzaCalawi.AtwaqHamama,Multiple OpenITI digital versions of one work,0745MuayyadYahyaIbnHamzaCalawi.AtwaqHamama.ShamAY0001057-ara1 | 0745MuayyadYahyaIbnHamzaCalawi.AtwaqHamama.Shamela0012791-ara1,2
openiti:0748Dhahabi.AhadithMukhtaraMinMawducat,0748Dhahabi.AhadithMukhtaraMinMawducat,Multiple OpenITI digital versions of one work,0748Dhahabi.AhadithMukhtaraMinMawducat.JK005013-ara1 | 0748Dhahabi.AhadithMukhtaraMinMawducat.Shamela0006071-ara1,2
openiti:0748Dhahabi.CibarFiKhabar,0748Dhahabi.CibarFiKhabar,Multiple OpenITI digital versions of one work,0748Dhahabi.CibarFiKhabar.JK004500-ara1 | 0748Dhahabi.CibarFiKhabar.Sham30K0002903-ara1 | 0748Dhahabi.CibarFiKhabar.Sham30K0025841-ara1 | 0748Dhahabi.CibarFiKhabar.Sham30K0037883-ara1 | 0748Dhahabi.CibarFiKhabar.ShamAY0033810-ara1 | 0748Dhahabi.CibarFiKhabar.ShamAY0034591-ara1 | 0748Dhahabi.CibarFiKhabar.Shamela0025841-ara1,7
openiti:0748Dhahabi.Culuww,0748Dhahabi.Culuww,Multiple OpenITI digital versions of one work,0748Dhahabi.Culuww.JK001205-ara1 | 0748Dhahabi.Culuww.Shamela0006463-ara1,2
openiti:0748Dhahabi.DhaylCibar,0748Dhahabi.DhaylCibar,Multiple OpenITI digital versions of one work,0748Dhahabi.DhaylCibar.JK001291BK1-ara1 | 0748Dhahabi.DhaylCibar.ShamAY0034590BK1-ara1,2
openiti:0748Dhahabi.DhikrAsma,0748Dhahabi.DhikrAsma,Multiple OpenITI digital versions of one work,0748Dhahabi.DhikrAsma.JK000031-ara1 | 0748Dhahabi.DhikrAsma.Shamela0001892-ara1 | 0748Dhahabi.DhikrAsma.Shamela0012095-ara2,3
openiti:0748Dhahabi.DinarMinHadith,0748Dhahabi.DinarMinHadith,Multiple OpenITI digital versions of one work,0748Dhahabi.DinarMinHadith.JK000699-ara1 | 0748Dhahabi.DinarMinHadith.Shamela0005688-ara1,2
openiti:0748Dhahabi.HaqqJar,0748Dhahabi.HaqqJar,Multiple OpenITI digital versions of one work,0748Dhahabi.HaqqJar.JK010221-ara1 | 0748Dhahabi.HaqqJar.Shamela0011064-ara1,2
openiti:0748Dhahabi.Kabair,0748Dhahabi.Kabair,Multiple OpenITI digital versions of one work,0748Dhahabi.Kabair.JK000429-ara1 | 0748Dhahabi.Kabair.ShamAY0033744-ara2 | 0748Dhahabi.Kabair.Shamela0006848-ara1,3
openiti:0748Dhahabi.Kashif,0748Dhahabi.Kashif,Multiple OpenITI digital versions of one work,0748Dhahabi.Kashif.JK000111-ara1 | 0748Dhahabi.Kashif.Shamela0002171-ara1 | 0748Dhahabi.Kashif.Shia003276Vols-ara1,3
openiti:0748Dhahabi.MacrifaQurraKibar,0748Dhahabi.MacrifaQurraKibar,Multiple OpenITI digital versions of one work,0748Dhahabi.MacrifaQurraKibar.JK000443-ara1 | 0748Dhahabi.MacrifaQurraKibar.ShamAY0034609-ara1 | 0748Dhahabi.MacrifaQurraKibar.Shamela0008349-ara2,3
openiti:0748Dhahabi.MizanIctidal,0748Dhahabi.MizanIctidal,Multiple OpenITI digital versions of one work,0748Dhahabi.MizanIctidal.JK001293BK1-ara1 | 0748Dhahabi.MizanIctidal.ShamAY0034601BK1-ara1 | 0748Dhahabi.MizanIctidal.ShamAY0034652-ara2 | 0748Dhahabi.MizanIctidal.Shamela0001692-ara3 | 0748Dhahabi.MizanIctidal.Shia003306Vols-ara3,5
openiti:0748Dhahabi.MucinFiTabaqatMuhaddithin,0748Dhahabi.MucinFiTabaqatMuhaddithin,Multiple OpenITI digital versions of one work,0748Dhahabi.MucinFiTabaqatMuhaddithin.JK000658-ara1 | 0748Dhahabi.MucinFiTabaqatMuhaddithin.Shamela0005889-ara1,2
openiti:0748Dhahabi.MucjamLatif,0748Dhahabi.MucjamLatif,Multiple OpenITI digital versions of one work,0748Dhahabi.MucjamLatif.ShamAY0033668-ara1 | 0748Dhahabi.MucjamLatif.Shamela0030673-ara1,2
openiti:0748Dhahabi.MucjamMuhaddithin,0748Dhahabi.MucjamMuhaddithin,Multiple OpenITI digital versions of one work,0748Dhahabi.MucjamMuhaddithin.JK000763-ara1 | 0748Dhahabi.MucjamMuhaddithin.JK001152-ara2 | 0748Dhahabi.MucjamMuhaddithin.ShamAY0034631-ara2 | 0748Dhahabi.MucjamMuhaddithin.Shamela0009869-ara1,4
openiti:0748Dhahabi.MughniFiDucafa,0748Dhahabi.MughniFiDucafa,Multiple OpenITI digital versions of one work,0748Dhahabi.MughniFiDucafa.JK001307-ara1 | 0748Dhahabi.MughniFiDucafa.Shamela0005836-ara1,2
openiti:0748Dhahabi.MukhtasarMinDubaythi,0748Dhahabi.MukhtasarMinDubaythi,Multiple OpenITI digital versions of one work,0748Dhahabi.MukhtasarMinDubaythi.JK009161-ara1 | 0748Dhahabi.MukhtasarMinDubaythi.Shamela0023764BK2-ara1 | 0748Dhahabi.MukhtasarMinDubaythi.Shia003278-ara1,3
openiti:0748Dhahabi.MuntaqaMinMinhajIctidal,0748Dhahabi.MuntaqaMinMinhajIctidal,Multiple OpenITI digital versions of one work,0748Dhahabi.MuntaqaMinMinhajIctidal.JK001173-ara1 | 0748Dhahabi.MuntaqaMinMinhajIctidal.Shamela0006531-ara1,2
openiti:0748Dhahabi.Muqtana,0748Dhahabi.Muqtana,Multiple OpenITI digital versions of one work,0748Dhahabi.Muqtana.JK001489-ara1 | 0748Dhahabi.Muqtana.Shamela0007271-ara1,2
openiti:0748Dhahabi.Radd,0748Dhahabi.Radd,Multiple OpenITI digital versions of one work,0748Dhahabi.Radd.JK009387-ara1 | 0748Dhahabi.Radd.Shamela0009075-ara1,2
openiti:0748Dhahabi.RisalaTuruqHadith,0748Dhahabi.RisalaTuruqHadith,Multiple OpenITI digital versions of one work,0748Dhahabi.RisalaTuruqHadith.Masaha002199-ara1 | 0748Dhahabi.RisalaTuruqHadith.Shamela0002582-ara1,2
openiti:0748Dhahabi.RuwatThiqat,0748Dhahabi.RuwatThiqat,Multiple OpenITI digital versions of one work,0748Dhahabi.RuwatThiqat.JK001220-ara1 | 0748Dhahabi.RuwatThiqat.Shamela0005817-ara1,2
openiti:0748Dhahabi.SiyarAclamNubala,0748Dhahabi.SiyarAclamNubala,Multiple OpenITI digital versions of one work,0748Dhahabi.SiyarAclamNubala.JK000151-ara1 | 0748Dhahabi.SiyarAclamNubala.Sham30K0010906-ara1 | 0748Dhahabi.SiyarAclamNubala.Sham30K0022669-ara2 | 0748Dhahabi.SiyarAclamNubala.Sham30K0034515-ara1 | 0748Dhahabi.SiyarAclamNubala.Sham30K0034996-ara1 | 0748Dhahabi.SiyarAclamNubala.Sham30K0046068-ara1 | 0748Dhahabi.SiyarAclamNubala.Shamela0010906-ara1 | 0748Dhahabi.SiyarAclamNubala.Shamela0022669-ara2 | 0748Dhahabi.SiyarAclamNubala.Shia003283Vols-ara1,9
openiti:0748Dhahabi.TadhkiratHuffaz,0748Dhahabi.TadhkiratHuffaz,Multiple OpenITI digital versions of one work,0748Dhahabi.TadhkiratHuffaz.JK000532-ara1 | 0748Dhahabi.TadhkiratHuffaz.ShamAY0038192-ara2 | 0748Dhahabi.TadhkiratHuffaz.Shamela0001583-ara2 | 0748Dhahabi.TadhkiratHuffaz.Shia003279Vols-ara1,4
openiti:0748Dhahabi.TalkhisMawducatIbnJawzi,0748Dhahabi.TalkhisMawducatIbnJawzi,Multiple OpenITI digital versions of one work,0748Dhahabi.TalkhisMawducatIbnJawzi.JK005018-ara1 | 0748Dhahabi.TalkhisMawducatIbnJawzi.Shamela0006068-ara1,2
openiti:0748Dhahabi.TamassukBiSunan,0748Dhahabi.TamassukBiSunan,Multiple OpenITI digital versions of one work,0748Dhahabi.TamassukBiSunan.JK009393-ara1 | 0748Dhahabi.TamassukBiSunan.Shamela0010321-ara1,2
openiti:0748Dhahabi.TanqihTahqiq,0748Dhahabi.TanqihTahqiq,Multiple OpenITI digital versions of one work,0748Dhahabi.TanqihTahqiq.JK007039-ara1 | 0748Dhahabi.TanqihTahqiq.Shamela0022848-ara1 | 0748Dhahabi.TanqihTahqiq.Shia002211Vols-ara1,3
openiti:0748Dhahabi.TarikhIslam,0748Dhahabi.TarikhIslam,Multiple OpenITI digital versions of one work,0748Dhahabi.TarikhIslam.JK007088-ara1 | 0748Dhahabi.TarikhIslam.Masaha002238Vols-ara1 | 0748Dhahabi.TarikhIslam.Sham30K0004263-ara1 | 0748Dhahabi.TarikhIslam.Sham30K0012397-ara1 | 0748Dhahabi.TarikhIslam.Sham30K0022771-ara1 | 0748Dhahabi.TarikhIslam.Sham30K0034409-ara1 | 0748Dhahabi.TarikhIslam.Sham30K0036549-ara1 | 0748Dhahabi.TarikhIslam.Sham30K0045037-ara1 | 0748Dhahabi.TarikhIslam.Shamela0012397-ara1 | 0748Dhahabi.TarikhIslam.Shamela0022771-ara1 | 0748Dhahabi.TarikhIslam.Shamela0035100-ara1 | 0748Dhahabi.TarikhIslam.Shia003512Vols-ara1,12
openiti:0748Dhahabi.TarjamatBirzali,0748Dhahabi.TarjamatBirzali,Multiple OpenITI digital versions of one work,0748Dhahabi.TarjamatBirzali.JK001265BK2-ara1 | 0748Dhahabi.TarjamatBirzali.Shamela0006653BK2-ara1,2
openiti:0748Dhahabi.TarjamatIbnTaymiyya,0748Dhahabi.TarjamatIbnTaymiyya,Multiple OpenITI digital versions of one work,0748Dhahabi.TarjamatIbnTaymiyya.JK001265BK1-ara1 | 0748Dhahabi.TarjamatIbnTaymiyya.ShamAY0034384-ara1 | 0748Dhahabi.TarjamatIbnTaymiyya.Shamela0006653BK1-ara1,3
openiti:0748Dhahabi.TarjamatMizzi,0748Dhahabi.TarjamatMizzi,Multiple OpenITI digital versions of one work,0748Dhahabi.TarjamatMizzi.JK001265BK3-ara1 | 0748Dhahabi.TarjamatMizzi.Shamela0006653BK3-ara1,2
openiti:0748Dhahabi.ZaghlCilm,0748Dhahabi.ZaghlCilm,Multiple OpenITI digital versions of one work,0748Dhahabi.ZaghlCilm.JK006953-ara1 | 0748Dhahabi.ZaghlCilm.Shamela0006342-ara1,2
openiti:0749BadrDinMisriMuradi.JanaDani,0749BadrDinMisriMuradi.JanaDani,Multiple OpenITI digital versions of one work,0749BadrDinMisriMuradi.JanaDani.JK010091-ara1 | 0749BadrDinMisriMuradi.JanaDani.Shamela0026099-ara1,2
openiti:0749IbnAkfaniSinjari.IrshadQasid,0749IbnAkfaniSinjari.IrshadQasid,Multiple OpenITI digital versions of one work,0749IbnAkfaniSinjari.IrshadQasid.KetabOnline01046403-ara2 | 0749IbnAkfaniSinjari.IrshadQasid.Kraken220709160914-ara1 | 0749IbnAkfaniSinjari.IrshadQasid.Kraken220712113348-ara3 | 0749IbnAkfaniSinjari.IrshadQasid.ShamDhahabiyya01046403-ara2,4
openiti:0749IbnCaliSirajDinBazzar.AclamCaliyya,0749IbnCaliSirajDinBazzar.AclamCaliyya,Multiple OpenITI digital versions of one work,0749IbnCaliSirajDinBazzar.AclamCaliyya.JK000369-ara1 | 0749IbnCaliSirajDinBazzar.AclamCaliyya.ShamAY0038476BK2-ara1 | 0749IbnCaliSirajDinBazzar.AclamCaliyya.Shamela0006659-ara1,3
openiti:0749IbnDimyati.Mustafad,0749IbnDimyati.Mustafad,Multiple OpenITI digital versions of one work,0749IbnDimyati.Mustafad.JK009162-ara1 | 0749IbnDimyati.Mustafad.Shamela0023764BK4-ara1 | 0749IbnDimyati.Mustafad.Shia003310-ara1,3
openiti:0749IbnFadlAllahCumari.MasalikAbsar,0749IbnFadlAllahCumari.MasalikAbsar,Multiple OpenITI digital versions of one work,0749IbnFadlAllahCumari.MasalikAbsar.JK010407-ara1 | 0749IbnFadlAllahCumari.MasalikAbsar.Kraken210630005153-ara1 | 0749IbnFadlAllahCumari.MasalikAbsar.Shamela0011790-ara1,3
openiti:0749IbnFadlAllahCumari.TacrifBiMustalahSharif,0749IbnFadlAllahCumari.TacrifBiMustalahSharif,Multiple OpenITI digital versions of one work,0749IbnFadlAllahCumari.TacrifBiMustalahSharif.ShamAY0000446-ara1 | 0749IbnFadlAllahCumari.TacrifBiMustalahSharif.Shamela0037051-ara1,2
openiti:0749IbnJabirWadiAshi.Barnamaj,0749IbnJabirWadiAshi.Barnamaj,Multiple OpenITI digital versions of one work,0749IbnJabirWadiAshi.Barnamaj.JK001279-ara1 | 0749IbnJabirWadiAshi.Barnamaj.Shamela0010740-ara1,2
openiti:0749MuayyadYahya.DibajWadi,0749MuayyadYahya.DibajWadi,Multiple OpenITI digital versions of one work,0749MuayyadYahya.DibajWadi.Zaydiyya0000272-ara1 | 0749MuayyadYahya.DibajWadi.Zaydiyya0000543-ara1,2
openiti:0749MuayyadYahya.Intisar,0749MuayyadYahya.Intisar,Multiple OpenITI digital versions of one work,0749MuayyadYahya.Intisar.Zaydiyya0000162-ara1 | 0749MuayyadYahya.Intisar.Zaydiyya0000391Vols-ara2 | 0749MuayyadYahya.Intisar.Zaydiyya0000393Vols-ara3,3
openiti:0749ZaynDinIbnWardi.Tarikh,0749ZaynDinIbnWardi.Tarikh,Multiple OpenITI digital versions of one work,0749ZaynDinIbnWardi.Tarikh.JK009147-ara1 | 0749ZaynDinIbnWardi.Tarikh.Shamela0006624-ara1,2
openiti:0750IbnTurkamani.JawharNaqi,0750IbnTurkamani.JawharNaqi,Multiple OpenITI digital versions of one work,0750IbnTurkamani.JawharNaqi.JK011184-ara1 | 0750IbnTurkamani.JawharNaqi.Shamela0001184-ara1 | 0750IbnTurkamani.JawharNaqi.Shia000963Vols-ara1,3
openiti:0750IbnYusufZarandi.MacarijWusul,0750IbnYusufZarandi.MacarijWusul,Multiple OpenITI digital versions of one work,0750IbnYusufZarandi.MacarijWusul.Masaha002855-ara1 | 0750IbnYusufZarandi.MacarijWusul.Shia003716-ara1,2
openiti:0750IbnYusufZarandi.NazmDurar,0750IbnYusufZarandi.NazmDurar,Multiple OpenITI digital versions of one work,0750IbnYusufZarandi.NazmDurar.Masaha003104-ara1 | 0750IbnYusufZarandi.NazmDurar.Shia002213-ara1,2
openiti:0750PseudoIbnFuwati.Hawadith,0750PseudoIbnFuwati.Hawadith,Multiple OpenITI digital versions of one work,0750PseudoIbnFuwati.Hawadith.JK009307-ara1 | 0750PseudoIbnFuwati.Hawadith.ShamAY0037156-ara1 | 0750PseudoIbnFuwati.Hawadith.Shamela0000400-ara1,3
openiti:0750SafiDinHilli.Diwan,0750SafiDinHilli.Diwan,Multiple OpenITI digital versions of one work,0750SafiDinHilli.Diwan.JK007639-ara1 | 0750SafiDinHilli.Diwan.ShamAY0037951-ara1,2
openiti:0751IbnQayyimJawziyya.AclamMuwaqqicin,0751IbnQayyimJawziyya.AclamMuwaqqicin,Multiple OpenITI digital versions of one work,0751IbnQayyimJawziyya.AclamMuwaqqicin.JK000094-ara1 | 0751IbnQayyimJawziyya.AclamMuwaqqicin.Sham19Y0017798-ara1 | 0751IbnQayyimJawziyya.AclamMuwaqqicin.ShamAY0034410-ara1 | 0751IbnQayyimJawziyya.AclamMuwaqqicin.ShamAY0034411-ara1 | 0751IbnQayyimJawziyya.AclamMuwaqqicin.Shamela0011496-ara1,5
openiti:0751IbnQayyimJawziyya.AhkamAhlDhimma,0751IbnQayyimJawziyya.AhkamAhlDhimma,Multiple OpenITI digital versions of one work,0751IbnQayyimJawziyya.AhkamAhlDhimma.JK000103-ara1 | 0751IbnQayyimJawziyya.AhkamAhlDhimma.ShamAY0034409-ara1 | 0751IbnQayyimJawziyya.AhkamAhlDhimma.Shamela0021747-ara1,3
openiti:0751IbnQayyimJawziyya.AmthalFiQuran,0751IbnQayyimJawziyya.AmthalFiQuran,Multiple OpenITI digital versions of one work,0751IbnQayyimJawziyya.AmthalFiQuran.JK000869-ara1 | 0751IbnQayyimJawziyya.AmthalFiQuran.ShamAY0034421-ara1 | 0751IbnQayyimJawziyya.AmthalFiQuran.Shamela0000928-ara1 | 0751IbnQayyimJawziyya.AmthalFiQuran.Shia002657-ara1,4
openiti:0751IbnQayyimJawziyya.AsmaMuallafatIbnTaymiya,0751IbnQayyimJawziyya.AsmaMuallafatIbnTaymiya,Multiple OpenITI digital versions of one work,0751IbnQayyimJawziyya.AsmaMuallafatIbnTaymiya.JK000093-ara1 | 0751IbnQayyimJawziyya.AsmaMuallafatIbnTaymiya.Shamela0010713-ara1,2
openiti:0751IbnQayyimJawziyya.BadaicFawaid,0751IbnQayyimJawziyya.BadaicFawaid,Multiple OpenITI digital versions of one work,0751IbnQayyimJawziyya.BadaicFawaid.JK000064-ara1 | 0751IbnQayyimJawziyya.BadaicFawaid.Sham19Y0145410-ara1 | 0751IbnQayyimJawziyya.BadaicFawaid.ShamAY0034433-ara1 | 0751IbnQayyimJawziyya.BadaicFawaid.Shamela0012003-ara1,4
openiti:0751IbnQayyimJawziyya.CuddatSabirin,0751IbnQayyimJawziyya.CuddatSabirin,Multiple OpenITI digital versions of one work,0751IbnQayyimJawziyya.CuddatSabirin.JK000057-ara1 | 0751IbnQayyimJawziyya.CuddatSabirin.ShamAY0034428-ara1 | 0751IbnQayyimJawziyya.CuddatSabirin.ShamAY0038389-ara3 | 0751IbnQayyimJawziyya.CuddatSabirin.Shamela0011274-ara1,4
openiti:0751IbnQayyimJawziyya.DaWaDawa,0751IbnQayyimJawziyya.DaWaDawa,Multiple OpenITI digital versions of one work,0751IbnQayyimJawziyya.DaWaDawa.JK000062-ara1 | 0751IbnQayyimJawziyya.DaWaDawa.ShamAY0034414-ara1 | 0751IbnQayyimJawziyya.DaWaDawa.ShamAY0038516-ara1 | 0751IbnQayyimJawziyya.DaWaDawa.Shamela0000158-ara1 | 0751IbnQayyimJawziyya.DaWaDawa.Shamela0098093-ara1,5
openiti:0751IbnQayyimJawziyya.Fawaid,0751IbnQayyimJawziyya.Fawaid,Multiple OpenITI digital versions of one work,0751IbnQayyimJawziyya.Fawaid.JK000060-ara1 | 0751IbnQayyimJawziyya.Fawaid.Shamela0006832-ara1,2
openiti:0751IbnQayyimJawziyya.Furusiyya,0751IbnQayyimJawziyya.Furusiyya,Multiple OpenITI digital versions of one work,0751IbnQayyimJawziyya.Furusiyya.JK000106-ara1 | 0751IbnQayyimJawziyya.Furusiyya.Sham19Y0018169-ara1 | 0751IbnQayyimJawziyya.Furusiyya.Shamela0006275-ara1,3
openiti:0751IbnQayyimJawziyya.HadiArwah,0751IbnQayyimJawziyya.HadiArwah,Multiple OpenITI digital versions of one work,0751IbnQayyimJawziyya.HadiArwah.JK000083-ara1 | 0751IbnQayyimJawziyya.HadiArwah.ShamAY0034425-ara1 | 0751IbnQayyimJawziyya.HadiArwah.Shamela0011147-ara1,3
openiti:0751IbnQayyimJawziyya.HashiyaCalaSunanAbiDawud,0751IbnQayyimJawziyya.HashiyaCalaSunanAbiDawud,Multiple OpenITI digital versions of one work,0751IbnQayyimJawziyya.HashiyaCalaSunanAbiDawud.JK000097-ara1 | 0751IbnQayyimJawziyya.HashiyaCalaSunanAbiDawud.ShamAY0033523-ara2,2
openiti:0751IbnQayyimJawziyya.HidayatHayara,0751IbnQayyimJawziyya.HidayatHayara,Multiple OpenITI digital versions of one work,0751IbnQayyimJawziyya.HidayatHayara.JK000089-ara1 | 0751IbnQayyimJawziyya.HidayatHayara.ShamAY0034429-ara1 | 0751IbnQayyimJawziyya.HidayatHayara.ShamAY0034430-ara3 | 0751IbnQayyimJawziyya.HidayatHayara.Shamela0022707-ara1,4
openiti:0751IbnQayyimJawziyya.IghathatLahfan,0751IbnQayyimJawziyya.IghathatLahfan,Multiple OpenITI digital versions of one work,0751IbnQayyimJawziyya.IghathatLahfan.JK000087-ara1 | 0751IbnQayyimJawziyya.IghathatLahfan.JK000091-ara1 | 0751IbnQayyimJawziyya.IghathatLahfan.Sham19Y0018612-ara1 | 0751IbnQayyimJawziyya.IghathatLahfan.Sham19Y0019225-ara1 | 0751IbnQayyimJawziyya.IghathatLahfan.ShamAY0034412-ara1 | 0751IbnQayyimJawziyya.IghathatLahfan.Shamela0007513-ara1 | 0751IbnQayyimJawziyya.IghathatLahfan.Shamela0011688-ara1,7
openiti:0751IbnQayyimJawziyya.IjtimacJuyush,0751IbnQayyimJawziyya.IjtimacJuyush,Multiple OpenITI digital versions of one work,0751IbnQayyimJawziyya.IjtimacJuyush.JK000090-ara1 | 0751IbnQayyimJawziyya.IjtimacJuyush.Sham19Y0018632-ara1 | 0751IbnQayyimJawziyya.IjtimacJuyush.ShamAY0033845-ara1 | 0751IbnQayyimJawziyya.IjtimacJuyush.ShamAY0034408-ara1 | 0751IbnQayyimJawziyya.IjtimacJuyush.Shamela0021714-ara1,5
openiti:0751IbnQayyimJawziyya.JalaAfham,0751IbnQayyimJawziyya.JalaAfham,Multiple OpenITI digital versions of one work,0751IbnQayyimJawziyya.JalaAfham.JK000088-ara1 | 0751IbnQayyimJawziyya.JalaAfham.ShamAY0034424-ara3 | 0751IbnQayyimJawziyya.JalaAfham.ShamAY0038324-ara2 | 0751IbnQayyimJawziyya.JalaAfham.Shamela0006829-ara1,4
openiti:0751IbnQayyimJawziyya.JawabFiSiyaghHamd,0751IbnQayyimJawziyya.JawabFiSiyaghHamd,Multiple OpenITI digital versions of one work,0751IbnQayyimJawziyya.JawabFiSiyaghHamd.JK000059-ara1 | 0751IbnQayyimJawziyya.JawabFiSiyaghHamd.Shamela0006841-ara1,2
openiti:0751IbnQayyimJawziyya.KafiyaShafiya,0751IbnQayyimJawziyya.KafiyaShafiya,Multiple OpenITI digital versions of one work,0751IbnQayyimJawziyya.KafiyaShafiya.ShamAY0034419-ara1 | 0751IbnQayyimJawziyya.KafiyaShafiya.ShamAY0038329-ara1 | 0751IbnQayyimJawziyya.KafiyaShafiya.Shamela0011375-ara1,3
openiti:0751IbnQayyimJawziyya.MadarijSalikin,0751IbnQayyimJawziyya.MadarijSalikin,Multiple OpenITI digital versions of one work,0751IbnQayyimJawziyya.MadarijSalikin.JK000081-ara1 | 0751IbnQayyimJawziyya.MadarijSalikin.Shamela0008370-ara1,2
openiti:0751IbnQayyimJawziyya.ManarMunif,0751IbnQayyimJawziyya.ManarMunif,Multiple OpenITI digital versions of one work,0751IbnQayyimJawziyya.ManarMunif.JK000092-ara1 | 0751IbnQayyimJawziyya.ManarMunif.ShamAY0038386-ara1 | 0751IbnQayyimJawziyya.ManarMunif.Shamela0008566-ara1,3
openiti:0751IbnQayyimJawziyya.MiftahDarSacada,0751IbnQayyimJawziyya.MiftahDarSacada,Multiple OpenITI digital versions of one work,0751IbnQayyimJawziyya.MiftahDarSacada.JK000082-ara1 | 0751IbnQayyimJawziyya.MiftahDarSacada.Sham19Y0145411-ara2 | 0751IbnQayyimJawziyya.MiftahDarSacada.Shamela0006840-ara1,3
openiti:0751IbnQayyimJawziyya.NaqdManqul,0751IbnQayyimJawziyya.NaqdManqul,Multiple OpenITI digital versions of one work,0751IbnQayyimJawziyya.NaqdManqul.JK000096-ara1 | 0751IbnQayyimJawziyya.NaqdManqul.ShamAY0034407-ara1,2
openiti:0751IbnQayyimJawziyya.RawdatMuhibbin,0751IbnQayyimJawziyya.RawdatMuhibbin,Multiple OpenITI digital versions of one work,0751IbnQayyimJawziyya.RawdatMuhibbin.JK000063-ara1 | 0751IbnQayyimJawziyya.RawdatMuhibbin.ShamAY0038393-ara2 | 0751IbnQayyimJawziyya.RawdatMuhibbin.Shamela0011229-ara1,3
openiti:0751IbnQayyimJawziyya.RisalaIlaAhadIkhwan,0751IbnQayyimJawziyya.RisalaIlaAhadIkhwan,Multiple OpenITI digital versions of one work,0751IbnQayyimJawziyya.RisalaIlaAhadIkhwan.JK001063-ara1 | 0751IbnQayyimJawziyya.RisalaIlaAhadIkhwan.ShamAY0038350-ara1 | 0751IbnQayyimJawziyya.RisalaIlaAhadIkhwan.Shamela0006666-ara1,3
openiti:0751IbnQayyimJawziyya.RisalaTabukiyya,0751IbnQayyimJawziyya.RisalaTabukiyya,Multiple OpenITI digital versions of one work,0751IbnQayyimJawziyya.RisalaTabukiyya.JK000058-ara1 | 0751IbnQayyimJawziyya.RisalaTabukiyya.Sham19Y0014211-ara1 | 0751IbnQayyimJawziyya.RisalaTabukiyya.Shamela0007632-ara1,3
openiti:0751IbnQayyimJawziyya.RuhFiKalam,0751IbnQayyimJawziyya.RuhFiKalam,Multiple OpenITI digital versions of one work,0751IbnQayyimJawziyya.RuhFiKalam.JK000056-ara1 | 0751IbnQayyimJawziyya.RuhFiKalam.ShamAY0034432-ara1 | 0751IbnQayyimJawziyya.RuhFiKalam.ShamAY0038394-ara1 | 0751IbnQayyimJawziyya.RuhFiKalam.Shamela0006462-ara1,4
openiti:0751IbnQayyimJawziyya.Salat,0751IbnQayyimJawziyya.Salat,Multiple OpenITI digital versions of one work,0751IbnQayyimJawziyya.Salat.JK000099-ara1 | 0751IbnQayyimJawziyya.Salat.ShamAY0034415-ara1 | 0751IbnQayyimJawziyya.Salat.Shamela0007661-ara1,3
openiti:0751IbnQayyimJawziyya.SawaciqMursala,0751IbnQayyimJawziyya.SawaciqMursala,Multiple OpenITI digital versions of one work,0751IbnQayyimJawziyya.SawaciqMursala.JK000101-ara1 | 0751IbnQayyimJawziyya.SawaciqMursala.Shamela0007345-ara1,2
openiti:0751IbnQayyimJawziyya.ShifaCalil,0751IbnQayyimJawziyya.ShifaCalil,Multiple OpenITI digital versions of one work,0751IbnQayyimJawziyya.ShifaCalil.JK000100-ara1 | 0751IbnQayyimJawziyya.ShifaCalil.ShamAY0034403-ara3 | 0751IbnQayyimJawziyya.ShifaCalil.ShamAY0034426-ara1 | 0751IbnQayyimJawziyya.ShifaCalil.Shamela0012021-ara1,4
openiti:0751IbnQayyimJawziyya.TariqHijratayn,0751IbnQayyimJawziyya.TariqHijratayn,Multiple OpenITI digital versions of one work,0751IbnQayyimJawziyya.TariqHijratayn.JK000065-ara1 | 0751IbnQayyimJawziyya.TariqHijratayn.ShamAY0034427-ara1 | 0751IbnQayyimJawziyya.TariqHijratayn.ShamAY0038387-ara3 | 0751IbnQayyimJawziyya.TariqHijratayn.Shamela0012029-ara1,4
openiti:0751IbnQayyimJawziyya.TibbNabawi,0751IbnQayyimJawziyya.TibbNabawi,Multiple OpenITI digital versions of one work,0751IbnQayyimJawziyya.TibbNabawi.JK000010-ara1 | 0751IbnQayyimJawziyya.TibbNabawi.Masaha002051-ara1 | 0751IbnQayyimJawziyya.TibbNabawi.ShamAY0034416-ara1 | 0751IbnQayyimJawziyya.TibbNabawi.ShamAY0034417-ara1 | 0751IbnQayyimJawziyya.TibbNabawi.Shamela0023649-ara1 | 0751IbnQayyimJawziyya.TibbNabawi.Shia004672-ara1,6
openiti:0751IbnQayyimJawziyya.TibyanFiAqsamQuran,0751IbnQayyimJawziyya.TibyanFiAqsamQuran,Multiple OpenITI digital versions of one work,0751IbnQayyimJawziyya.TibyanFiAqsamQuran.JK000102-ara1 | 0751IbnQayyimJawziyya.TibyanFiAqsamQuran.Sham19Y0018337-ara1 | 0751IbnQayyimJawziyya.TibyanFiAqsamQuran.ShamAY0034413-ara1 | 0751IbnQayyimJawziyya.TibyanFiAqsamQuran.Shamela0007572-ara1,4
openiti:0751IbnQayyimJawziyya.TuhfatMawdud,0751IbnQayyimJawziyya.TuhfatMawdud,Multiple OpenITI digital versions of one work,0751IbnQayyimJawziyya.TuhfatMawdud.JK000095-ara1 | 0751IbnQayyimJawziyya.TuhfatMawdud.ShamAY0034423-ara2 | 0751IbnQayyimJawziyya.TuhfatMawdud.Shamela0006266-ara1,3
openiti:0751IbnQayyimJawziyya.TuruqHukmiyya,0751IbnQayyimJawziyya.TuruqHukmiyya,Multiple OpenITI digital versions of one work,0751IbnQayyimJawziyya.TuruqHukmiyya.JK000104-ara1 | 0751IbnQayyimJawziyya.TuruqHukmiyya.Sham19Y0018159-ara1 | 0751IbnQayyimJawziyya.TuruqHukmiyya.ShamAY0034418-ara1 | 0751IbnQayyimJawziyya.TuruqHukmiyya.Shamela0011495-ara1,4
openiti:0751IbnQayyimJawziyya.WabilSayyib,0751IbnQayyimJawziyya.WabilSayyib,Multiple OpenITI digital versions of one work,0751IbnQayyimJawziyya.WabilSayyib.JK000069-ara1 | 0751IbnQayyimJawziyya.WabilSayyib.ShamAY0034420-ara1 | 0751IbnQayyimJawziyya.WabilSayyib.Shamela0000216-ara1,3
openiti:0751IbnQayyimJawziyya.ZadMacad,0751IbnQayyimJawziyya.ZadMacad,Multiple OpenITI digital versions of one work,0751IbnQayyimJawziyya.ZadMacad.JK000105-ara1 | 0751IbnQayyimJawziyya.ZadMacad.Shamela0021713-ara1,2
openiti:0756CadudDinIji.Mawaqif,0756CadudDinIji.Mawaqif,Multiple OpenITI digital versions of one work,0756CadudDinIji.Mawaqif.JK001335-ara1 | 0756CadudDinIji.Mawaqif.ShamAY0033881-ara1 | 0756CadudDinIji.Mawaqif.Shia002215Vols-ara1,3
openiti:0756IbnYusufSaminHalabi.DurrMasun,0756IbnYusufSaminHalabi.DurrMasun,Multiple OpenITI digital versions of one work,0756IbnYusufSaminHalabi.DurrMasun.JK012048-ara1 | 0756IbnYusufSaminHalabi.DurrMasun.Shamela0009057-ara1 | 0756IbnYusufSaminHalabi.DurrMasun.Tafsir02079-ara1,3
openiti:0756TaqiDinSubki.Fatawa,0756TaqiDinSubki.Fatawa,Multiple OpenITI digital versions of one work,0756TaqiDinSubki.Fatawa.JK007121-ara1 | 0756TaqiDinSubki.Fatawa.Shamela0011498-ara1,2
openiti:0756TaqiDinSubki.Ibhaj,0756TaqiDinSubki.Ibhaj,Multiple OpenITI digital versions of one work,0756TaqiDinSubki.Ibhaj.JK000180-ara1 | 0756TaqiDinSubki.Ibhaj.Sham19Y0147104-ara3 | 0756TaqiDinSubki.Ibhaj.Shamela0011727-ara1,3
openiti:0756TaqiDinSubki.IbrazHikam,0756TaqiDinSubki.IbrazHikam,Multiple OpenITI digital versions of one work,0756TaqiDinSubki.IbrazHikam.JK010223-ara1 | 0756TaqiDinSubki.IbrazHikam.Shamela0008466-ara1,2
openiti:0758MaryamSittQudatHanbaliyya.Musnad,0758MaryamSittQudatHanbaliyya.Musnad,Multiple OpenITI digital versions of one work,0758MaryamSittQudatHanbaliyya.Musnad.JK000571-ara1 | 0758MaryamSittQudatHanbaliyya.Musnad.Shamela0005680-ara1,2
openiti:0758NajmDinTarsusi.TuhfatTurk,0758NajmDinTarsusi.TuhfatTurk,Multiple OpenITI digital versions of one work,0758NajmDinTarsusi.TuhfatTurk.JK011044-ara1 | 0758NajmDinTarsusi.TuhfatTurk.Shamela0001044-ara1,2
openiti:0759AbuCabdAllahMaqqari.Qawacid,0759AbuCabdAllahMaqqari.Qawacid,Multiple OpenITI digital versions of one work,0759AbuCabdAllahMaqqari.Qawacid.Kraken210316165200-ara1 | 0759AbuCabdAllahMaqqari.Qawacid.Kraken220413030809-ara1,2
openiti:0759MufaddalIbnAbiFadail.NahjSadid,0759MufaddalIbnAbiFadail.NahjSadid,Multiple OpenITI digital versions of one work,0759MufaddalIbnAbiFadail.NahjSadid.Kraken22032302241801-ara1 | 0759MufaddalIbnAbiFadail.NahjSadid.Kraken220413030924-ara1,2
openiti:0761IbnKaykaldiCalai.FusulMufida,0761IbnKaykaldiCalai.FusulMufida,Multiple OpenITI digital versions of one work,0761IbnKaykaldiCalai.FusulMufida.JK000942-ara1 | 0761IbnKaykaldiCalai.FusulMufida.Shamela0006984-ara1,2
openiti:0761IbnKaykaldiCalai.IjmalIsaba,0761IbnKaykaldiCalai.IjmalIsaba,Multiple OpenITI digital versions of one work,0761IbnKaykaldiCalai.IjmalIsaba.JK000184-ara1 | 0761IbnKaykaldiCalai.IjmalIsaba.Shamela0006347-ara1,2
openiti:0761IbnKaykaldiCalai.JamicTahsil,0761IbnKaykaldiCalai.JamicTahsil,Multiple OpenITI digital versions of one work,0761IbnKaykaldiCalai.JamicTahsil.JK000551-ara1 | 0761IbnKaykaldiCalai.JamicTahsil.Shamela0025864-ara1,2
openiti:0761IbnKaykaldiCalai.JuzFiTafsirBaqiyat,0761IbnKaykaldiCalai.JuzFiTafsirBaqiyat,Multiple OpenITI digital versions of one work,0761IbnKaykaldiCalai.JuzFiTafsirBaqiyat.JK001002-ara1 | 0761IbnKaykaldiCalai.JuzFiTafsirBaqiyat.Shamela0005509-ara1,2
openiti:0761IbnKaykaldiCalai.Mukhtalitin,0761IbnKaykaldiCalai.Mukhtalitin,Multiple OpenITI digital versions of one work,0761IbnKaykaldiCalai.Mukhtalitin.JK001165-ara1 | 0761IbnKaykaldiCalai.Mukhtalitin.Shamela0025846-ara1,2
openiti:0761IbnKaykaldiCalai.TahqiqMurad,0761IbnKaykaldiCalai.TahqiqMurad,Multiple OpenITI digital versions of one work,0761IbnKaykaldiCalai.TahqiqMurad.JK000233-ara1 | 0761IbnKaykaldiCalai.TahqiqMurad.Shamela0006355-ara1,2
openiti:0761JamalDinIbnHisham.AwdahMasalik,0761JamalDinIbnHisham.AwdahMasalik,Multiple OpenITI digital versions of one work,0761JamalDinIbnHisham.AwdahMasalik.JK001455-ara1 | 0761JamalDinIbnHisham.AwdahMasalik.ShamAY0034698-ara1 | 0761JamalDinIbnHisham.AwdahMasalik.Shamela0011825-ara1,3
openiti:0761JamalDinIbnHisham.IctiradShart,0761JamalDinIbnHisham.IctiradShart,Multiple OpenITI digital versions of one work,0761JamalDinIbnHisham.IctiradShart.JK001023-ara1 | 0761JamalDinIbnHisham.IctiradShart.Shamela0006978-ara1,2
openiti:0761JamalDinIbnHisham.MabahithMurdiyya,0761JamalDinIbnHisham.MabahithMurdiyya,Multiple OpenITI digital versions of one work,0761JamalDinIbnHisham.MabahithMurdiyya.JK001142-ara1 | 0761JamalDinIbnHisham.MabahithMurdiyya.Shamela0006991-ara1,2
openiti:0761JamalDinIbnHisham.MasailSafariyya,0761JamalDinIbnHisham.MasailSafariyya,Multiple OpenITI digital versions of one work,0761JamalDinIbnHisham.MasailSafariyya.JK006709-ara1 | 0761JamalDinIbnHisham.MasailSafariyya.Shamela0006988-ara1,2
openiti:0761JamalDinIbnHisham.MughniLabib,0761JamalDinIbnHisham.MughniLabib,Multiple OpenITI digital versions of one work,0761JamalDinIbnHisham.MughniLabib.JK001131-ara1 | 0761JamalDinIbnHisham.MughniLabib.Shamela0006972-ara1 | 0761JamalDinIbnHisham.MughniLabib.Shia003952Vols-ara1,3
openiti:0761JamalDinIbnHisham.SharhQatrNada,0761JamalDinIbnHisham.SharhQatrNada,Multiple OpenITI digital versions of one work,0761JamalDinIbnHisham.SharhQatrNada.JK000007-ara1 | 0761JamalDinIbnHisham.SharhQatrNada.Shamela0006970-ara1,2
openiti:0761JamalDinIbnHisham.SharhShudhurDhahab,0761JamalDinIbnHisham.SharhShudhurDhahab,Multiple OpenITI digital versions of one work,0761JamalDinIbnHisham.SharhShudhurDhahab.JK001231-ara1 | 0761JamalDinIbnHisham.SharhShudhurDhahab.Shamela0006969-ara1,2
openiti:0762IbnYusufZaylaci.NasbRaya,0762IbnYusufZaylaci.NasbRaya,Multiple OpenITI digital versions of one work,0762IbnYusufZaylaci.NasbRaya.JK000471-ara1 | 0762IbnYusufZaylaci.NasbRaya.Shamela0011428-ara1 | 0762IbnYusufZaylaci.NasbRaya.Shia002222Vols-ara1,3
openiti:0762IbnYusufZaylaci.TakhrijAhadith,0762IbnYusufZaylaci.TakhrijAhadith,Multiple OpenITI digital versions of one work,0762IbnYusufZaylaci.TakhrijAhadith.JK001492-ara1 | 0762IbnYusufZaylaci.TakhrijAhadith.Shamela0008636-ara1 | 0762IbnYusufZaylaci.TakhrijAhadith.Shia002218Vols-ara1,3
openiti:0762MughultayIbnQilij.IkmalTahdhib,0762MughultayIbnQilij.IkmalTahdhib,Multiple OpenITI digital versions of one work,0762MughultayIbnQilij.IkmalTahdhib.ShamAY0034632-ara4 | 0762MughultayIbnQilij.IkmalTahdhib.ShamAY0034647-ara3 | 0762MughultayIbnQilij.IkmalTahdhib.Shamela0036515-ara1 | 0762MughultayIbnQilij.IkmalTahdhib.Shia003311Vols-ara1,4
openiti:0763IbnMuflihMaqdisi.AdabSharciyya,0763IbnMuflihMaqdisi.AdabSharciyya,Multiple OpenITI digital versions of one work,0763IbnMuflihMaqdisi.AdabSharciyya.JK007054-ara1 | 0763IbnMuflihMaqdisi.AdabSharciyya.Shamela0021582-ara1,2
openiti:0763IbnMuflihMaqdisi.FurucWaTashihFuruc,0763IbnMuflihMaqdisi.FurucWaTashihFuruc,Multiple OpenITI digital versions of one work,0763IbnMuflihMaqdisi.FurucWaTashihFuruc.JK000302-ara1 | 0763IbnMuflihMaqdisi.FurucWaTashihFuruc.ShamAY0034264-ara1 | 0763IbnMuflihMaqdisi.FurucWaTashihFuruc.Shamela0012052-ara1,3
openiti:0764BahaDinIkhmimi.RisalaFiRaddCalaIbnTaymiyya,0764BahaDinIkhmimi.RisalaFiRaddCalaIbnTaymiyya,Multiple OpenITI digital versions of one work,0764BahaDinIkhmimi.RisalaFiRaddCalaIbnTaymiyya.JK001468-ara1 | 0764BahaDinIkhmimi.RisalaFiRaddCalaIbnTaymiyya.Shamela0006538-ara1,2
openiti:0764IbnShakirKutubi.FawatWafayat,0764IbnShakirKutubi.FawatWafayat,Multiple OpenITI digital versions of one work,0764IbnShakirKutubi.FawatWafayat.JK004700-ara1 | 0764IbnShakirKutubi.FawatWafayat.Shamela0001003-ara1 | 0764IbnShakirKutubi.FawatWafayat.Shia003591Vols-ara1,3
openiti:0764Safadi.KashfHal,0764Safadi.KashfHal,Multiple OpenITI digital versions of one work,0764Safadi.KashfHal.ShamAY0036062-ara2 | 0764Safadi.KashfHal.Shamela0005393-ara1,2
openiti:0764Safadi.NaktHimyan,0764Safadi.NaktHimyan,Multiple OpenITI digital versions of one work,0764Safadi.NaktHimyan.JK010550-ara1 | 0764Safadi.NaktHimyan.Shamela0028182-ara1,2
openiti:0764Safadi.NusratThair,0764Safadi.NusratThair,Multiple OpenITI digital versions of one work,0764Safadi.NusratThair.JK010514-ara1 | 0764Safadi.NusratThair.Shamela0000514-ara1,2
openiti:0764Safadi.ShucurBiCur,0764Safadi.ShucurBiCur,Multiple OpenITI digital versions of one work,0764Safadi.ShucurBiCur.JK001233-ara1 | 0764Safadi.ShucurBiCur.Shamela0006939-ara1,2
openiti:0764Safadi.WafiBiWafayat,0764Safadi.WafiBiWafayat,Multiple OpenITI digital versions of one work,0764Safadi.WafiBiWafayat.JK003609-ara1 | 0764Safadi.WafiBiWafayat.Sham30K0006677-ara1 | 0764Safadi.WafiBiWafayat.Sham30K0033390-ara2 | 0764Safadi.WafiBiWafayat.Sham30K0042941-ara1 | 0764Safadi.WafiBiWafayat.Sham30K0045089-ara1 | 0764Safadi.WafiBiWafayat.ShamAY0032241-ara1 | 0764Safadi.WafiBiWafayat.ShamAY0038166-ara1 | 0764Safadi.WafiBiWafayat.Shamela0006677-ara1 | 0764Safadi.WafiBiWafayat.Shia003564Vols-ara1,9
openiti:0765AbuMahasinHusayni.DhaylCibar,0765AbuMahasinHusayni.DhaylCibar,Multiple OpenITI digital versions of one work,0765AbuMahasinHusayni.DhaylCibar.JK001291BK2-ara1 | 0765AbuMahasinHusayni.DhaylCibar.ShamAY0034590BK2-ara1,2
openiti:0765AbuMahasinHusayni.DhaylTadhkira,0765AbuMahasinHusayni.DhaylTadhkira,Multiple OpenITI digital versions of one work,0765AbuMahasinHusayni.DhaylTadhkira.JK001250-ara1 | 0765AbuMahasinHusayni.DhaylTadhkira.ShamAY0034592-ara1 | 0765AbuMahasinHusayni.DhaylTadhkira.ShamAY0038190-ara1 | 0765AbuMahasinHusayni.DhaylTadhkira.Shamela0007307-ara1 | 0765AbuMahasinHusayni.DhaylTadhkira.Shia003313-ara1,5
openiti:0765AbuMahasinHusayni.IkmalLiRijal,0765AbuMahasinHusayni.IkmalLiRijal,Multiple OpenITI digital versions of one work,0765AbuMahasinHusayni.IkmalLiRijal.JK000547-ara1 | 0765AbuMahasinHusayni.IkmalLiRijal.Shamela0005850-ara1 | 0765AbuMahasinHusayni.IkmalLiRijal.Shia003314-ara1,3
openiti:0767CizzDinIbnJamaca.MukhtasarKabir,0767CizzDinIbnJamaca.MukhtasarKabir,Multiple OpenITI digital versions of one work,0767CizzDinIbnJamaca.MukhtasarKabir.JK007037-ara1 | 0767CizzDinIbnJamaca.MukhtasarKabir.Masaha002867-ara1 | 0767CizzDinIbnJamaca.MukhtasarKabir.Shamela0006593-ara1,3
openiti:0767IbnCisaBalawi.TajMafriq,0767IbnCisaBalawi.TajMafriq,Multiple OpenITI digital versions of one work,0767IbnCisaBalawi.TajMafriq.JK010478-ara1 | 0767IbnCisaBalawi.TajMafriq.Shamela0000478-ara1,2
openiti:0767KhalilIbnIshaq.MukhtasarKhalil,0767KhalilIbnIshaq.MukhtasarKhalil,Multiple OpenITI digital versions of one work,0767KhalilIbnIshaq.MukhtasarKhalil.JK000255-ara1 | 0767KhalilIbnIshaq.MukhtasarKhalil.ShamAY0034225-ara1 | 0767KhalilIbnIshaq.MukhtasarKhalil.Shamela0011355-ara1 | 0767KhalilIbnIshaq.MukhtasarKhalil.Shia000904-ara1,4
openiti:0768IbnNubataShacir.Diwan,0768IbnNubataShacir.Diwan,Multiple OpenITI digital versions of one work,0768IbnNubataShacir.Diwan.JK007636-ara1 | 0768IbnNubataShacir.Diwan.Sham19Y0148538-ara1,2
openiti:0768Yafici.MarhamCilalMucdila,0768Yafici.MarhamCilalMucdila,Multiple OpenITI digital versions of one work,0768Yafici.MarhamCilalMucdila.JK001140-ara1 | 0768Yafici.MarhamCilalMucdila.Shamela0006555-ara1,2
openiti:0768Yafici.MiratJinan,0768Yafici.MiratJinan,Multiple OpenITI digital versions of one work,0768Yafici.MiratJinan.JK003507-ara2 | 0768Yafici.MiratJinan.Sham30K0009091-ara1 | 0768Yafici.MiratJinan.Sham30K0034060-ara3 | 0768Yafici.MiratJinan.Sham30K0042940-ara2 | 0768Yafici.MiratJinan.Sham30K0045389-ara2 | 0768Yafici.MiratJinan.ShamAY0033823-ara2 | 0768Yafici.MiratJinan.Shamela0009091-ara1,7
openiti:0769IbnCabdAllahTaqiDinShibli.AkamMarjan,0769IbnCabdAllahTaqiDinShibli.AkamMarjan,Multiple OpenITI digital versions of one work,0769IbnCabdAllahTaqiDinShibli.AkamMarjan.JK000940-ara1 | 0769IbnCabdAllahTaqiDinShibli.AkamMarjan.Shamela0006451-ara1,2
openiti:0769IbnCaqilBahaDinMisri.SharhCalaAlfiyya,0769IbnCaqilBahaDinMisri.SharhCalaAlfiyya,Multiple OpenITI digital versions of one work,0769IbnCaqilBahaDinMisri.SharhCalaAlfiyya.JK001328-ara1 | 0769IbnCaqilBahaDinMisri.SharhCalaAlfiyya.ShamAY0034699-ara1 | 0769IbnCaqilBahaDinMisri.SharhCalaAlfiyya.Shamela0009904-ara1 | 0769IbnCaqilBahaDinMisri.SharhCalaAlfiyya.Shia003954Vols-ara1,4
openiti:0770IbnMuhammadFayyumiHamawi.MisbahMunir,0770IbnMuhammadFayyumiHamawi.MisbahMunir,Multiple OpenITI digital versions of one work,0770IbnMuhammadFayyumiHamawi.MisbahMunir.JK001451-ara1 | 0770IbnMuhammadFayyumiHamawi.MisbahMunir.Masaha003514-ara1 | 0770IbnMuhammadFayyumiHamawi.MisbahMunir.ShamAY0034679-ara1 | 0770IbnMuhammadFayyumiHamawi.MisbahMunir.Shamela0012145-ara1,4
openiti:0771TajDinSubki.RafcHajib,0771TajDinSubki.RafcHajib,Multiple OpenITI digital versions of one work,0771TajDinSubki.RafcHajib.JK009151-ara1 | 0771TajDinSubki.RafcHajib.Shamela0006338-ara1,2
openiti:0771TajDinSubki.TabaqatShaficiyyaKubra,0771TajDinSubki.TabaqatShaficiyyaKubra,Multiple OpenITI digital versions of one work,0771TajDinSubki.TabaqatShaficiyyaKubra.JK000914-ara1 | 0771TajDinSubki.TabaqatShaficiyyaKubra.Shamela0006739-ara1,2
openiti:0772IbnHasanJamalDinIsnawi.KawkabDurri,0772IbnHasanJamalDinIsnawi.KawkabDurri,Multiple OpenITI digital versions of one work,0772IbnHasanJamalDinIsnawi.KawkabDurri.JK000261-ara1 | 0772IbnHasanJamalDinIsnawi.KawkabDurri.Shamela0006280-ara1,2
openiti:0772IbnHasanJamalDinIsnawi.TamhidFiTakhrijFuruc,0772IbnHasanJamalDinIsnawi.TamhidFiTakhrijFuruc,Multiple OpenITI digital versions of one work,0772IbnHasanJamalDinIsnawi.TamhidFiTakhrijFuruc.JK000215-ara1 | 0772IbnHasanJamalDinIsnawi.TamhidFiTakhrijFuruc.Shamela0006289-ara1,2
openiti:0772ShamsDinHanbaliZarqashi.SharhCalaMukhtasarKhiraqi,0772ShamsDinHanbaliZarqashi.SharhCalaMukhtasarKhiraqi,Multiple OpenITI digital versions of one work,0772ShamsDinHanbaliZarqashi.SharhCalaMukhtasarKhiraqi.JK007111-ara1 | 0772ShamsDinHanbaliZarqashi.SharhCalaMukhtasarKhiraqi.ShamAY0034268-ara1 | 0772ShamsDinHanbaliZarqashi.SharhCalaMukhtasarKhiraqi.Shamela0021743-ara1,3
openiti:0773IbnIshaqSirajDinGhaznawi.GhurraMunifa,0773IbnIshaqSirajDinGhaznawi.GhurraMunifa,Multiple OpenITI digital versions of one work,0773IbnIshaqSirajDinGhaznawi.GhurraMunifa.JK000240-ara1 | 0773IbnIshaqSirajDinGhaznawi.GhurraMunifa.Shamela0007534-ara1,2
openiti:0774IbnKathir.AdabDukhulHammam,0774IbnKathir.AdabDukhulHammam,Multiple OpenITI digital versions of one work,0774IbnKathir.AdabDukhulHammam.JK001100-ara1 | 0774IbnKathir.AdabDukhulHammam.Shamela0006244-ara1,2
openiti:0774IbnKathir.Bidaya,0774IbnKathir.Bidaya,Multiple OpenITI digital versions of one work,0774IbnKathir.Bidaya.JK000158-ara3 | 0774IbnKathir.Bidaya.JK010930-ara6 | 0774IbnKathir.Bidaya.Masaha001924Vols-ara1 | 0774IbnKathir.Bidaya.Sham30K0004445-ara1 | 0774IbnKathir.Bidaya.Sham30K0008376-ara2 | 0774IbnKathir.Bidaya.Sham30K0023708-ara4 | 0774IbnKathir.Bidaya.Sham30K0032354-ara3 | 0774IbnKathir.Bidaya.Sham30K0036126-ara2 | 0774IbnKathir.Bidaya.Sham30K0041451-ara1 | 0774IbnKathir.Bidaya.Sham30K0045182-ara3 | 0774IbnKathir.Bidaya.Shamela0000930-ara6 | 0774IbnKathir.Bidaya.Shamela0004445-ara1 | 0774IbnKathir.Bidaya.Shamela0008376-ara2 | 0774IbnKathir.Bidaya.Shamela0023678-ara5 | 0774IbnKathir.Bidaya.Shamela0023708-ara4 | 0774IbnKathir.Bidaya.Shia003593Vols-ara2 | 0774IbnKathir.Bidaya.Shia003717Vols-ara6,17
openiti:0774IbnKathir.FadailQuran,0774IbnKathir.FadailQuran,Multiple OpenITI digital versions of one work,0774IbnKathir.FadailQuran.JK009246-ara1 | 0774IbnKathir.FadailQuran.Shamela0022800-ara1,2
openiti:0774IbnKathir.FusulMinSira,0774IbnKathir.FusulMinSira,Multiple OpenITI digital versions of one work,0774IbnKathir.FusulMinSira.JK000796-ara1 | 0774IbnKathir.FusulMinSira.Shamela0009241-ara1,2
openiti:0774IbnKathir.MusnadCumarIbnKhattab,0774IbnKathir.MusnadCumarIbnKhattab,Multiple OpenITI digital versions of one work,0774IbnKathir.MusnadCumarIbnKhattab.Sham19Y0016555-ara2 | 0774IbnKathir.MusnadCumarIbnKhattab.Shamela0026039-ara1,2
openiti:0774IbnKathir.NihayaFiFitan,0774IbnKathir.NihayaFiFitan,Multiple OpenITI digital versions of one work,0774IbnKathir.NihayaFiFitan.JK009265-ara1 | 0774IbnKathir.NihayaFiFitan.Shamela0011818-ara1,2
openiti:0774IbnKathir.QisasAnbiya,0774IbnKathir.QisasAnbiya,Multiple OpenITI digital versions of one work,0774IbnKathir.QisasAnbiya.Shamela0000932-ara1 | 0774IbnKathir.QisasAnbiya.Shia003721Vols-ara1,2
openiti:0774IbnKathir.TafsirQuran,0774IbnKathir.TafsirQuran,Multiple OpenITI digital versions of one work,0774IbnKathir.TafsirQuran.JK000161-ara2 | 0774IbnKathir.TafsirQuran.ShamAY0034045-ara5 | 0774IbnKathir.TafsirQuran.ShamAY0034063-ara3 | 0774IbnKathir.TafsirQuran.Shamela0008473-ara1 | 0774IbnKathir.TafsirQuran.Shamela0023604-ara4 | 0774IbnKathir.TafsirQuran.Shia002658Vols-ara6 | 0774IbnKathir.TafsirQuran.Tafsir01007-ara7,7
openiti:0774IbnKathir.TalkhisIstighatha,0774IbnKathir.TalkhisIstighatha,Multiple OpenITI digital versions of one work,0774IbnKathir.TalkhisIstighatha.JK000383BK1-ara1 | 0774IbnKathir.TalkhisIstighatha.ShamAY0034352BK1-ara1 | 0774IbnKathir.TalkhisIstighatha.ShamAY0034402BK1-ara1,3
openiti:0774IbnKathir.TuhfatTalib,0774IbnKathir.TuhfatTalib,Multiple OpenITI digital versions of one work,0774IbnKathir.TuhfatTalib.JK000762-ara1 | 0774IbnKathir.TuhfatTalib.ShamAY0034127-ara1 | 0774IbnKathir.TuhfatTalib.Shamela0009978-ara1,3
openiti:0774IbnMuhammadShamsDinIbnMawsili.HusnSuluk,0774IbnMuhammadShamsDinIbnMawsili.HusnSuluk,Multiple OpenITI digital versions of one work,0774IbnMuhammadShamsDinIbnMawsili.HusnSuluk.JK001103-ara1 | 0774IbnMuhammadShamsDinIbnMawsili.HusnSuluk.Shamela0007241-ara1,2
openiti:0774IbnMuhammadShamsDinIbnMawsili.MukhtasarSawaciqMursala,0774IbnMuhammadShamsDinIbnMawsili.MukhtasarSawaciqMursala,Multiple OpenITI digital versions of one work,0774IbnMuhammadShamsDinIbnMawsili.MukhtasarSawaciqMursala.ShamAY0037747-ara2 | 0774IbnMuhammadShamsDinIbnMawsili.MukhtasarSawaciqMursala.Shamela0008363-ara1,2
openiti:0774IbnRaficSallami.MashyakhatBayani,0774IbnRaficSallami.MashyakhatBayani,Multiple OpenITI digital versions of one work,0774IbnRaficSallami.MashyakhatBayani.Shamela0009620-ara1 | 0774IbnRaficSallami.MashyakhatBayani.Shamela0027103-ara1,2
openiti:0774IbnRaficSallami.Wafayat,0774IbnRaficSallami.Wafayat,Multiple OpenITI digital versions of one work,0774IbnRaficSallami.Wafayat.JK000769-ara1 | 0774IbnRaficSallami.Wafayat.Shamela0006724-ara1,2
openiti:0775Anonymous.InsafFiIntisaf,0775Anonymous.InsafFiIntisaf,Multiple OpenITI digital versions of one work,0775Anonymous.InsafFiIntisaf.Kraken211005012007-ara1 | 0775Anonymous.InsafFiIntisaf.Kraken220413030811-ara1,2
openiti:0775IbnAbiWafa.JawahirMudiya,0775IbnAbiWafa.JawahirMudiya,Multiple OpenITI digital versions of one work,0775IbnAbiWafa.JawahirMudiya.JK000806BK1-ara1 | 0775IbnAbiWafa.JawahirMudiya.JK009262BK1-ara1 | 0775IbnAbiWafa.JawahirMudiya.ShamAY0038014BK1-ara1 | 0775IbnAbiWafa.JawahirMudiya.Shamela0006725BK1-ara1,4
openiti:0776IbnAbiHajala.DiwanSababa,0776IbnAbiHajala.DiwanSababa,Multiple OpenITI digital versions of one work,0776IbnAbiHajala.DiwanSababa.JK010580-ara1 | 0776IbnAbiHajala.DiwanSababa.Shamela0000580-ara1,2
openiti:0776LisanDinIbnKhatib.Diwan,0776LisanDinIbnKhatib.Diwan,Multiple OpenITI digital versions of one work,0776LisanDinIbnKhatib.Diwan.JK007577-ara1 | 0776LisanDinIbnKhatib.Diwan.ShamAY0037834-ara1,2
openiti:0776LisanDinIbnKhatib.Ihata,0776LisanDinIbnKhatib.Ihata,Multiple OpenITI digital versions of one work,0776LisanDinIbnKhatib.Ihata.JK009224-ara1 | 0776LisanDinIbnKhatib.Ihata.Shamela0011682-ara1,2
openiti:0776LisanDinIbnKhatib.KatibaKamina,0776LisanDinIbnKhatib.KatibaKamina,Multiple OpenITI digital versions of one work,0776LisanDinIbnKhatib.KatibaKamina.JK011027-ara1 | 0776LisanDinIbnKhatib.KatibaKamina.Shamela0001027-ara1,2
openiti:0776LisanDinIbnKhatib.KhatratTayf,0776LisanDinIbnKhatib.KhatratTayf,Multiple OpenITI digital versions of one work,0776LisanDinIbnKhatib.KhatratTayf.JK010474-ara1 | 0776LisanDinIbnKhatib.KhatratTayf.Masaha004506-ara1 | 0776LisanDinIbnKhatib.KhatratTayf.ShamAY0033806-ara1 | 0776LisanDinIbnKhatib.KhatratTayf.Shamela0000474-ara1,4
openiti:0776LisanDinIbnKhatib.NufadatJirab,0776LisanDinIbnKhatib.NufadatJirab,Multiple OpenITI digital versions of one work,0776LisanDinIbnKhatib.NufadatJirab.JK010477-ara1 | 0776LisanDinIbnKhatib.NufadatJirab.Shamela0000477-ara1,2
openiti:0776LisanDinIbnKhatib.RayhanatKitab,0776LisanDinIbnKhatib.RayhanatKitab,Multiple OpenITI digital versions of one work,0776LisanDinIbnKhatib.RayhanatKitab.JK007042-ara1 | 0776LisanDinIbnKhatib.RayhanatKitab.Shamela0006955-ara1,2
openiti:0778BadrDinBacli.MukhtasarFatawaMisriyya,0778BadrDinBacli.MukhtasarFatawaMisriyya,Multiple OpenITI digital versions of one work,0778BadrDinBacli.MukhtasarFatawaMisriyya.JK000235-ara1 | 0778BadrDinBacli.MukhtasarFatawaMisriyya.Shamela0006104-ara1,2
openiti:0779IbnBattuta.Rihla,0779IbnBattuta.Rihla,Multiple OpenITI digital versions of one work,0779IbnBattuta.Rihla.JK000409-ara1 | 0779IbnBattuta.Rihla.Rafed0002357Vols-ara1 | 0779IbnBattuta.Rihla.Shamela0011769-ara1 | 0779IbnBattuta.Rihla.Shamela0012009-ara1,4
openiti:0779IbnHabibHalabi.MuqtafaMinSiratMustafa,0779IbnHabibHalabi.MuqtafaMinSiratMustafa,Multiple OpenITI digital versions of one work,0779IbnHabibHalabi.MuqtafaMinSiratMustafa.JK001164-ara1 | 0779IbnHabibHalabi.MuqtafaMinSiratMustafa.Shamela0006582-ara1,2
openiti:0779IbnHabibHalabi.NasimSaba,0779IbnHabibHalabi.NasimSaba,Multiple OpenITI digital versions of one work,0779IbnHabibHalabi.NasimSaba.JK010575-ara1 | 0779IbnHabibHalabi.NasimSaba.Shamela0000575-ara1,2
openiti:0785IbnMuhammadShamsDinManbiji.TasliyatAhlMasaib,0785IbnMuhammadShamsDinManbiji.TasliyatAhlMasaib,Multiple OpenITI digital versions of one work,0785IbnMuhammadShamsDinManbiji.TasliyatAhlMasaib.JK000829-ara1 | 0785IbnMuhammadShamsDinManbiji.TasliyatAhlMasaib.Shamela0021502-ara1,2
openiti:0786IbnCabdRahmanJamalDinHubayshi.NashrTayy,0786IbnCabdRahmanJamalDinHubayshi.NashrTayy,Multiple OpenITI digital versions of one work,0786IbnCabdRahmanJamalDinHubayshi.NashrTayy.JK001021-ara1 | 0786IbnCabdRahmanJamalDinHubayshi.NashrTayy.Shamela0006878-ara1,2
openiti:0786IbnMuhammadBabarti.CinayaSharhHidaya,0786IbnMuhammadBabarti.CinayaSharhHidaya,Multiple OpenITI digital versions of one work,0786IbnMuhammadBabarti.CinayaSharhHidaya.JK011690BK2-ara1 | 0786IbnMuhammadBabarti.CinayaSharhHidaya.Shamela0009403BK2-ara1,2
openiti:0786ShahidAwwal.Alfiyya,0786ShahidAwwal.Alfiyya,Multiple OpenITI digital versions of one work,0786ShahidAwwal.Alfiyya.Masaha000630-ara1 | 0786ShahidAwwal.Alfiyya.Masaha001056-ara1 | 0786ShahidAwwal.Alfiyya.Shia000115-ara1,3
openiti:0786ShahidAwwal.Mazar,0786ShahidAwwal.Mazar,Multiple OpenITI digital versions of one work,0786ShahidAwwal.Mazar.Masaha001074-ara1 | 0786ShahidAwwal.Mazar.Shia001386-ara1,2
openiti:0786ShahidAwwal.Qawacid,0786ShahidAwwal.Qawacid,Multiple OpenITI digital versions of one work,0786ShahidAwwal.Qawacid.Masaha001078Vols-ara1 | 0786ShahidAwwal.Qawacid.Shia001082Vols-ara1,2
openiti:0786ShahidAwwal.SahifaSajjadiyya,0786ShahidAwwal.SahifaSajjadiyya,Multiple OpenITI digital versions of one work,0786ShahidAwwal.SahifaSajjadiyya.Shia001111-ara2 | 0786ShahidAwwal.SahifaSajjadiyya.Shia001112-ara1 | 0786ShahidAwwal.SahifaSajjadiyya.Zaydiyya0000014-ara1,3
openiti:0789IbnMuhammadKhuzaci.TakhrijDalalat,0789IbnMuhammadKhuzaci.TakhrijDalalat,Multiple OpenITI digital versions of one work,0789IbnMuhammadKhuzaci.TakhrijDalalat.JK000415-ara1 | 0789IbnMuhammadKhuzaci.TakhrijDalalat.Shamela0009790-ara1,2
openiti:0790IbnMusaGharnatiShatibi.Ictisam,0790IbnMusaGharnatiShatibi.Ictisam,Multiple OpenITI digital versions of one work,0790IbnMusaGharnatiShatibi.Ictisam.JK000967-ara1 | 0790IbnMusaGharnatiShatibi.Ictisam.ShamAY0033844-ara1 | 0790IbnMusaGharnatiShatibi.Ictisam.Shamela0021720-ara1 | 0790IbnMusaGharnatiShatibi.Ictisam.Shamela0036558-ara1,4
openiti:0790IbnMusaGharnatiShatibi.Ifadat,0790IbnMusaGharnatiShatibi.Ifadat,Multiple OpenITI digital versions of one work,0790IbnMusaGharnatiShatibi.Ifadat.JK010584-ara1 | 0790IbnMusaGharnatiShatibi.Ifadat.Shamela0000584-ara1,2
openiti:0790IbnMusaGharnatiShatibi.Muwafaqat,0790IbnMusaGharnatiShatibi.Muwafaqat,Multiple OpenITI digital versions of one work,0790IbnMusaGharnatiShatibi.Muwafaqat.JK000279-ara1 | 0790IbnMusaGharnatiShatibi.Muwafaqat.ShamAY0034196-ara1 | 0790IbnMusaGharnatiShatibi.Muwafaqat.Shamela0011435-ara1,3
openiti:0791IbnCumarHalabiHamawi.QawacidWaIsharat,0791IbnCumarHalabiHamawi.QawacidWaIsharat,Multiple OpenITI digital versions of one work,0791IbnCumarHalabiHamawi.QawacidWaIsharat.JK000886-ara1 | 0791IbnCumarHalabiHamawi.QawacidWaIsharat.Shamela0009597-ara1,2
openiti:0792IbnCumarTaftazani.MukhtasarMacani,0792IbnCumarTaftazani.MukhtasarMacani,Multiple OpenITI digital versions of one work,0792IbnCumarTaftazani.MukhtasarMacani.ShamAY0033799-ara1 | 0792IbnCumarTaftazani.MukhtasarMacani.Shia003956-ara1,2
openiti:0792IbnCumarTaftazani.SharhMaqasid,0792IbnCumarTaftazani.SharhMaqasid,Multiple OpenITI digital versions of one work,0792IbnCumarTaftazani.SharhMaqasid.JK001157-ara1 | 0792IbnCumarTaftazani.SharhMaqasid.ShamAY0033884-ara1 | 0792IbnCumarTaftazani.SharhMaqasid.Shia004501Vols-ara1,3
openiti:0792IbnCumarTaftazani.TalwihCalaTawdih,0792IbnCumarTaftazani.TalwihCalaTawdih,Multiple OpenITI digital versions of one work,0792IbnCumarTaftazani.TalwihCalaTawdih.JK007110-ara1 | 0792IbnCumarTaftazani.TalwihCalaTawdih.Shamela0009508-ara1,2
openiti:0792SadrDinIbnAbiCizzAdhraci.Ittibac,0792SadrDinIbnAbiCizzAdhraci.Ittibac,Multiple OpenITI digital versions of one work,0792SadrDinIbnAbiCizzAdhraci.Ittibac.JK001042-ara1 | 0792SadrDinIbnAbiCizzAdhraci.Ittibac.Shamela0006248-ara1,2
openiti:0792SadrDinIbnAbiCizzAdhraci.SharhCaqidaTahawiyya,0792SadrDinIbnAbiCizzAdhraci.SharhCaqidaTahawiyya,Multiple OpenITI digital versions of one work,0792SadrDinIbnAbiCizzAdhraci.SharhCaqidaTahawiyya.JK000146-ara1 | 0792SadrDinIbnAbiCizzAdhraci.SharhCaqidaTahawiyya.Shamela0008352-ara1 | 0792SadrDinIbnAbiCizzAdhraci.SharhCaqidaTahawiyya.Shamela0010549-ara1 | 0792SadrDinIbnAbiCizzAdhraci.SharhCaqidaTahawiyya.Shamela0010777-ara1 | 0792SadrDinIbnAbiCizzAdhraci.SharhCaqidaTahawiyya.Shia004503-ara1,5
openiti:0793AbuHasanMalaqi.TarikhQudat,0793AbuHasanMalaqi.TarikhQudat,Multiple OpenITI digital versions of one work,0793AbuHasanMalaqi.TarikhQudat.JK009319-ara1 | 0793AbuHasanMalaqi.TarikhQudat.Shamela0004363-ara1,2
openiti:0794BadrDinZarkashi.BahrMuhit,0794BadrDinZarkashi.BahrMuhit,Multiple OpenITI digital versions of one work,0794BadrDinZarkashi.BahrMuhit.JK007060-ara1 | 0794BadrDinZarkashi.BahrMuhit.ShamAY0034187-ara1 | 0794BadrDinZarkashi.BahrMuhit.Shamela0021593-ara1,3
openiti:0794BadrDinZarkashi.BurhanFiCulumQuran,0794BadrDinZarkashi.BurhanFiCulumQuran,Multiple OpenITI digital versions of one work,0794BadrDinZarkashi.BurhanFiCulumQuran.JK000162-ara1 | 0794BadrDinZarkashi.BurhanFiCulumQuran.Shamela0011436-ara1 | 0794BadrDinZarkashi.BurhanFiCulumQuran.Shia002662Vols-ara1,3
openiti:0794BadrDinZarkashi.IjabaLiIrad,0794BadrDinZarkashi.IjabaLiIrad,Multiple OpenITI digital versions of one work,0794BadrDinZarkashi.IjabaLiIrad.JK001421-ara1 | 0794BadrDinZarkashi.IjabaLiIrad.Shamela0008490-ara1 | 0794BadrDinZarkashi.IjabaLiIrad.Shamela0012703-ara1,3
openiti:0794BadrDinZarkashi.KhabayaZawaya,0794BadrDinZarkashi.KhabayaZawaya,Multiple OpenITI digital versions of one work,0794BadrDinZarkashi.KhabayaZawaya.JK000256-ara1 | 0794BadrDinZarkashi.KhabayaZawaya.Shamela0006133-ara1,2
openiti:0794BadrDinZarkashi.MacnaLaIlahaIllaLlah,0794BadrDinZarkashi.MacnaLaIlahaIllaLlah,Multiple OpenITI digital versions of one work,0794BadrDinZarkashi.MacnaLaIlahaIllaLlah.JK001135-ara1 | 0794BadrDinZarkashi.MacnaLaIlahaIllaLlah.Shamela0006495-ara1,2
openiti:0794BadrDinZarkashi.ManthurFiQawacid,0794BadrDinZarkashi.ManthurFiQawacid,Multiple OpenITI digital versions of one work,0794BadrDinZarkashi.ManthurFiQawacid.JK000226-ara1 | 0794BadrDinZarkashi.ManthurFiQawacid.Shamela0021592-ara1,2
openiti:0794BadrDinZarkashi.NukatCalaMuqaddimatIbnSalah,0794BadrDinZarkashi.NukatCalaMuqaddimatIbnSalah,Multiple OpenITI digital versions of one work,0794BadrDinZarkashi.NukatCalaMuqaddimatIbnSalah.JK000991-ara1 | 0794BadrDinZarkashi.NukatCalaMuqaddimatIbnSalah.Shamela0005978-ara1,2
openiti:0794BadrDinZarkashi.TadhkiraFiAhadithMashhura,0794BadrDinZarkashi.TadhkiraFiAhadithMashhura,Multiple OpenITI digital versions of one work,0794BadrDinZarkashi.TadhkiraFiAhadithMashhura.JK001271-ara1 | 0794BadrDinZarkashi.TadhkiraFiAhadithMashhura.ShamAY0033924-ara1 | 0794BadrDinZarkashi.TadhkiraFiAhadithMashhura.Shamela0006061-ara1,3
openiti:0795IbnRajabHanbali.AhwalQubur,0795IbnRajabHanbali.AhwalQubur,Multiple OpenITI digital versions of one work,0795IbnRajabHanbali.AhwalQubur.ShamAY0033754-ara2 | 0795IbnRajabHanbali.AhwalQubur.ShamAY0033761-ara3 | 0795IbnRajabHanbali.AhwalQubur.Shamela0010900-ara1,3
openiti:0795IbnRajabHanbali.AsbabMaghfira,0795IbnRajabHanbali.AsbabMaghfira,Multiple OpenITI digital versions of one work,0795IbnRajabHanbali.AsbabMaghfira.JK010200-ara1 | 0795IbnRajabHanbali.AsbabMaghfira.Shamela0000200-ara1,2
openiti:0795IbnRajabHanbali.DhaylTabaqatHanabila,0795IbnRajabHanbali.DhaylTabaqatHanabila,Multiple OpenITI digital versions of one work,0795IbnRajabHanbali.DhaylTabaqatHanabila.JK010293-ara1 | 0795IbnRajabHanbali.DhaylTabaqatHanabila.Shamela0031366-ara1,2
openiti:0795IbnRajabHanbali.FadlCilmSalaf,0795IbnRajabHanbali.FadlCilmSalaf,Multiple OpenITI digital versions of one work,0795IbnRajabHanbali.FadlCilmSalaf.ShamAY0032660-ara1 | 0795IbnRajabHanbali.FadlCilmSalaf.ShamAY0038626-ara1 | 0795IbnRajabHanbali.FadlCilmSalaf.Shamela0000132-ara1,3
openiti:0795IbnRajabHanbali.FathBariFiSharhSahihBukhari,0795IbnRajabHanbali.FathBariFiSharhSahihBukhari,Multiple OpenITI digital versions of one work,0795IbnRajabHanbali.FathBariFiSharhSahihBukhari.JK009231-ara1 | 0795IbnRajabHanbali.FathBariFiSharhSahihBukhari.Shamela0000137-ara1,2
openiti:0795IbnRajabHanbali.IstikhrajLiAhkamKharaj,0795IbnRajabHanbali.IstikhrajLiAhkamKharaj,Multiple OpenITI digital versions of one work,0795IbnRajabHanbali.IstikhrajLiAhkamKharaj.JK000259-ara1 | 0795IbnRajabHanbali.IstikhrajLiAhkamKharaj.Shamela0006238-ara1,2
openiti:0795IbnRajabHanbali.JamicCulumWaHikam,0795IbnRajabHanbali.JamicCulumWaHikam,Multiple OpenITI digital versions of one work,0795IbnRajabHanbali.JamicCulumWaHikam.JK000071-ara1 | 0795IbnRajabHanbali.JamicCulumWaHikam.ShamAY0033527-ara1 | 0795IbnRajabHanbali.JamicCulumWaHikam.Shamela0004268-ara1 | 0795IbnRajabHanbali.JamicCulumWaHikam.Shamela0010443-ara1,4
openiti:0795IbnRajabHanbali.KalimatIkhsas,0795IbnRajabHanbali.KalimatIkhsas,Multiple OpenITI digital versions of one work,0795IbnRajabHanbali.KalimatIkhsas.JK000340-ara1 | 0795IbnRajabHanbali.KalimatIkhsas.Shamela0000696-ara1 | 0795IbnRajabHanbali.KalimatIkhsas.Shamela0006490-ara1,3
openiti:0795IbnRajabHanbali.QacidaDhahabiyya,0795IbnRajabHanbali.QacidaDhahabiyya,Multiple OpenITI digital versions of one work,0795IbnRajabHanbali.QacidaDhahabiyya.JK010131-ara1 | 0795IbnRajabHanbali.QacidaDhahabiyya.Shamela0010910-ara1,2
openiti:0795IbnRajabHanbali.Qawacid,0795IbnRajabHanbali.Qawacid,Multiple OpenITI digital versions of one work,0795IbnRajabHanbali.Qawacid.JK007052-ara1 | 0795IbnRajabHanbali.Qawacid.Sham19Y0017894-ara1 | 0795IbnRajabHanbali.Qawacid.ShamAY0034191-ara3 | 0795IbnRajabHanbali.Qawacid.ShamAY0034192-ara1 | 0795IbnRajabHanbali.Qawacid.Shamela0021730-ara1,5
openiti:0795IbnRajabHanbali.SharhCilalTirmidhi,0795IbnRajabHanbali.SharhCilalTirmidhi,Multiple OpenITI digital versions of one work,0795IbnRajabHanbali.SharhCilalTirmidhi.JK006673-ara1 | 0795IbnRajabHanbali.SharhCilalTirmidhi.ShamAY0034011-ara1 | 0795IbnRajabHanbali.SharhCilalTirmidhi.Shamela0009552-ara1,3
openiti:0795IbnRajabHanbali.SharhHadithLabbayka,0795IbnRajabHanbali.SharhHadithLabbayka,Multiple OpenITI digital versions of one work,0795IbnRajabHanbali.SharhHadithLabbayka.JK000034-ara1 | 0795IbnRajabHanbali.SharhHadithLabbayka.Shamela0005767-ara1,2
openiti:0795IbnRajabHanbali.TakhwifMinNar,0795IbnRajabHanbali.TakhwifMinNar,Multiple OpenITI digital versions of one work,0795IbnRajabHanbali.TakhwifMinNar.JK000127-ara1 | 0795IbnRajabHanbali.TakhwifMinNar.Shamela0004033-ara1 | 0795IbnRajabHanbali.TakhwifMinNar.Shia002228-ara1,3
openiti:0795IbnZumruq.Diwan,0795IbnZumruq.Diwan,Multiple OpenITI digital versions of one work,0795IbnZumruq.Diwan.JK007567-ara1 | 0795IbnZumruq.Diwan.ShamAY0037869-ara1,2
openiti:0799IbnFarhun.DibajMudhahhab,0799IbnFarhun.DibajMudhahhab,Multiple OpenITI digital versions of one work,0799IbnFarhun.DibajMudhahhab.JK000174-ara2 | 0799IbnFarhun.DibajMudhahhab.ShamAY0001135-ara1 | 0799IbnFarhun.DibajMudhahhab.Shamela0006730-ara1,3
openiti:0799IbnFarhun.TabsiratHukkam,0799IbnFarhun.TabsiratHukkam,Multiple OpenITI digital versions of one work,0799IbnFarhun.TabsiratHukkam.JK007089-ara1 | 0799IbnFarhun.TabsiratHukkam.Shamela0021595-ara1,2
openiti:0800IbnAhmadAbuCabdAllahSalimi.IsharaIlaCilmCibara,0800IbnAhmadAbuCabdAllahSalimi.IsharaIlaCilmCibara,Multiple OpenITI digital versions of one work,0800IbnAhmadAbuCabdAllahSalimi.IsharaIlaCilmCibara.JK006857-ara1 | 0800IbnAhmadAbuCabdAllahSalimi.IsharaIlaCilmCibara.Shamela0010698-ara1,2
openiti:0800IbnCaliYamaniZabidi.JawharaNayyira,0800IbnCaliYamaniZabidi.JawharaNayyira,Multiple OpenITI digital versions of one work,0800IbnCaliYamaniZabidi.JawharaNayyira.JK011696-ara1 | 0800IbnCaliYamaniZabidi.JawharaNayyira.Shamela0021596-ara1,2
openiti:0802IbnMusaAbnasi.ShadhaFayyah,0802IbnMusaAbnasi.ShadhaFayyah,Multiple OpenITI digital versions of one work,0802IbnMusaAbnasi.ShadhaFayyah.JK000981-ara1 | 0802IbnMusaAbnasi.ShadhaFayyah.Shamela0007349-ara1,2
openiti:0803BahaDinNiliNajafi.MuntakhabAnwar,0803BahaDinNiliNajafi.MuntakhabAnwar,Multiple OpenITI digital versions of one work,0803BahaDinNiliNajafi.MuntakhabAnwar.Masaha003293-ara1 | 0803BahaDinNiliNajafi.MuntakhabAnwar.Shia004022-ara1,2
openiti:0803IbnCarafaWarghami.MukhtasarFiMantiq,0803IbnCarafaWarghami.MukhtasarFiMantiq,Multiple OpenITI digital versions of one work,0803IbnCarafaWarghami.MukhtasarFiMantiq.JK010708-ara1 | 0803IbnCarafaWarghami.MukhtasarFiMantiq.Shamela0000708-ara1,2
openiti:0803IbnCarafaWarghami.Tafsir,0803IbnCarafaWarghami.Tafsir,Multiple OpenITI digital versions of one work,0803IbnCarafaWarghami.Tafsir.JK009258-ara1 | 0803IbnCarafaWarghami.Tafsir.Shamela0000067-ara1 | 0803IbnCarafaWarghami.Tafsir.Shamela0096753-ara1 | 0803IbnCarafaWarghami.Tafsir.Tafsir02020-ara1,4
openiti:0803IbnLahhamCalaDinBacli.MukhtasarFiUsulFiqh,0803IbnLahhamCalaDinBacli.MukhtasarFiUsulFiqh,Multiple OpenITI digital versions of one work,0803IbnLahhamCalaDinBacli.MukhtasarFiUsulFiqh.JK000223-ara1 | 0803IbnLahhamCalaDinBacli.MukhtasarFiUsulFiqh.Shamela0006308-ara1,2
openiti:0803IbnLahhamCalaDinBacli.Qawacid,0803IbnLahhamCalaDinBacli.Qawacid,Multiple OpenITI digital versions of one work,0803IbnLahhamCalaDinBacli.Qawacid.JK000879-ara1 | 0803IbnLahhamCalaDinBacli.Qawacid.ShamAY0034193-ara1 | 0803IbnLahhamCalaDinBacli.Qawacid.Shamela0008526-ara1,3
openiti:0803IbnMusaJamalDinMalati.MuctasarMinMukhtasar,0803IbnMusaJamalDinMalati.MuctasarMinMukhtasar,Multiple OpenITI digital versions of one work,0803IbnMusaJamalDinMalati.MuctasarMinMukhtasar.JK000232-ara1 | 0803IbnMusaJamalDinMalati.MuctasarMinMukhtasar.Shamela0011816-ara1,2
openiti:0804IbnMulaqqin.BadrMunir,0804IbnMulaqqin.BadrMunir,Multiple OpenITI digital versions of one work,0804IbnMulaqqin.BadrMunir.JK009137-ara1 | 0804IbnMulaqqin.BadrMunir.Shamela0005922-ara1,2
openiti:0804IbnMulaqqin.GhayatSul,0804IbnMulaqqin.GhayatSul,Multiple OpenITI digital versions of one work,0804IbnMulaqqin.GhayatSul.JK001472-ara1 | 0804IbnMulaqqin.GhayatSul.Shamela0006588-ara1,2
openiti:0804IbnMulaqqin.IclamBiFawaid,0804IbnMulaqqin.IclamBiFawaid,Multiple OpenITI digital versions of one work,0804IbnMulaqqin.IclamBiFawaid.Sham19Y0013769-ara1 | 0804IbnMulaqqin.IclamBiFawaid.ShamAY0031785-ara1,2
openiti:0804IbnMulaqqin.KhulasatBadrMunir,0804IbnMulaqqin.KhulasatBadrMunir,Multiple OpenITI digital versions of one work,0804IbnMulaqqin.KhulasatBadrMunir.JK000734-ara1 | 0804IbnMulaqqin.KhulasatBadrMunir.Shamela0021104-ara1,2
openiti:0804IbnMulaqqin.MuqnicFiCulumHadith,0804IbnMulaqqin.MuqnicFiCulumHadith,Multiple OpenITI digital versions of one work,0804IbnMulaqqin.MuqnicFiCulumHadith.JK000996-ara1 | 0804IbnMulaqqin.MuqnicFiCulumHadith.Shamela0005976-ara1,2
openiti:0804IbnMulaqqin.TabaqatAwliya,0804IbnMulaqqin.TabaqatAwliya,Multiple OpenITI digital versions of one work,0804IbnMulaqqin.TabaqatAwliya.JK010755-ara1 | 0804IbnMulaqqin.TabaqatAwliya.Shamela0001347-ara1,2
openiti:0804IbnMulaqqin.TadhkiratMuhtaj,0804IbnMulaqqin.TadhkiratMuhtaj,Multiple OpenITI digital versions of one work,0804IbnMulaqqin.TadhkiratMuhtaj.JK006802-ara1 | 0804IbnMulaqqin.TadhkiratMuhtaj.Shamela0009569-ara1,2
openiti:0804IbnMulaqqin.TuhfatMuhtaj,0804IbnMulaqqin.TuhfatMuhtaj,Multiple OpenITI digital versions of one work,0804IbnMulaqqin.TuhfatMuhtaj.JK000271-ara1 | 0804IbnMulaqqin.TuhfatMuhtaj.Shamela0005911-ara1,2
openiti:0805BahramDamiri.ShamilFiFiqhMalik,0805BahramDamiri.ShamilFiFiqhMalik,Multiple OpenITI digital versions of one work,0805BahramDamiri.ShamilFiFiqhMalik.Sham19Y0013234-ara1 | 0805BahramDamiri.ShamilFiFiqhMalik.ShamAY0034233-ara1,2
openiti:0806IbnHusaynZaynDinCiraqi.AlfiyyatSira,0806IbnHusaynZaynDinCiraqi.AlfiyyatSira,Multiple OpenITI digital versions of one work,0806IbnHusaynZaynDinCiraqi.AlfiyyatSira.Masaha001863-ara1 | 0806IbnHusaynZaynDinCiraqi.AlfiyyatSira.Shamela0023660-ara1,2
openiti:0806IbnHusaynZaynDinCiraqi.ArbacunaCushariyya,0806IbnHusaynZaynDinCiraqi.ArbacunaCushariyya,Multiple OpenITI digital versions of one work,0806IbnHusaynZaynDinCiraqi.ArbacunaCushariyya.JK000663-ara1 | 0806IbnHusaynZaynDinCiraqi.ArbacunaCushariyya.Shamela0005715-ara1 | 0806IbnHusaynZaynDinCiraqi.ArbacunaCushariyya.Shia002230-ara1,3
openiti:0806IbnHusaynZaynDinCiraqi.DhaylMizan,0806IbnHusaynZaynDinCiraqi.DhaylMizan,Multiple OpenITI digital versions of one work,0806IbnHusaynZaynDinCiraqi.DhaylMizan.JK001293BK2-ara1 | 0806IbnHusaynZaynDinCiraqi.DhaylMizan.JK005015-ara1 | 0806IbnHusaynZaynDinCiraqi.DhaylMizan.ShamAY0034601BK2-ara1 | 0806IbnHusaynZaynDinCiraqi.DhaylMizan.Shamela0005847-ara1,4
openiti:0806IbnHusaynZaynDinCiraqi.Mughni,0806IbnHusaynZaynDinCiraqi.Mughni,Multiple OpenITI digital versions of one work,0806IbnHusaynZaynDinCiraqi.Mughni.JK005021-ara1 | 0806IbnHusaynZaynDinCiraqi.Mughni.ShamAY0034126-ara1 | 0806IbnHusaynZaynDinCiraqi.Mughni.Shamela0021550-ara1,3
openiti:0806IbnHusaynZaynDinCiraqi.MustakhrajCalaMustadrak,0806IbnHusaynZaynDinCiraqi.MustakhrajCalaMustadrak,Multiple OpenITI digital versions of one work,0806IbnHusaynZaynDinCiraqi.MustakhrajCalaMustadrak.JK000628-ara1 | 0806IbnHusaynZaynDinCiraqi.MustakhrajCalaMustadrak.JK000861-ara1 | 0806IbnHusaynZaynDinCiraqi.MustakhrajCalaMustadrak.Shamela0006008-ara1 | 0806IbnHusaynZaynDinCiraqi.MustakhrajCalaMustadrak.Shia002229-ara1,4
openiti:0806IbnHusaynZaynDinCiraqi.Taqyid,0806IbnHusaynZaynDinCiraqi.Taqyid,Multiple OpenITI digital versions of one work,0806IbnHusaynZaynDinCiraqi.Taqyid.JK000985-ara1 | 0806IbnHusaynZaynDinCiraqi.Taqyid.Shamela0007581-ara1,2
openiti:0806IbnHusaynZaynDinCiraqi.TarhTarthib,0806IbnHusaynZaynDinCiraqi.TarhTarthib,Multiple OpenITI digital versions of one work,0806IbnHusaynZaynDinCiraqi.TarhTarthib.JK007117-ara1 | 0806IbnHusaynZaynDinCiraqi.TarhTarthib.Shamela0011036-ara1,2
openiti:0807IbnAhmarKhazraji.NafhaNisriniyya,0807IbnAhmarKhazraji.NafhaNisriniyya,Multiple OpenITI digital versions of one work,0807IbnAhmarKhazraji.NafhaNisriniyya.JK010401-ara1 | 0807IbnAhmarKhazraji.NafhaNisriniyya.Shamela0000401-ara1,2
openiti:0807NurDinHaythami.BughyatBahith,0807NurDinHaythami.BughyatBahith,Multiple OpenITI digital versions of one work,0807NurDinHaythami.BughyatBahith.ShamAY0033926-ara1 | 0807NurDinHaythami.BughyatBahith.ShamAY0033985-ara1,2
openiti:0807NurDinHaythami.MajmacZawaid,0807NurDinHaythami.MajmacZawaid,Multiple OpenITI digital versions of one work,0807NurDinHaythami.MajmacZawaid.JK000637-ara1 | 0807NurDinHaythami.MajmacZawaid.ShamAY0034120-ara1 | 0807NurDinHaythami.MajmacZawaid.ShamAY0038036-ara1 | 0807NurDinHaythami.MajmacZawaid.Shamela0000061-ara1 | 0807NurDinHaythami.MajmacZawaid.Shamela0096615-ara1 | 0807NurDinHaythami.MajmacZawaid.Shia001782Vols-ara1,6
openiti:0807NurDinHaythami.MawaridZaman,0807NurDinHaythami.MawaridZaman,Multiple OpenITI digital versions of one work,0807NurDinHaythami.MawaridZaman.JK000707-ara1 | 0807NurDinHaythami.MawaridZaman.Shamela0000901-ara1 | 0807NurDinHaythami.MawaridZaman.Shamela0098126-ara1 | 0807NurDinHaythami.MawaridZaman.Shia002231Vols-ara1,4
openiti:0808IbnCimadDinShihabDinAqfahsi.AdabAkl,0808IbnCimadDinShihabDinAqfahsi.AdabAkl,Multiple OpenITI digital versions of one work,0808IbnCimadDinShihabDinAqfahsi.AdabAkl.JK010210-ara1 | 0808IbnCimadDinShihabDinAqfahsi.AdabAkl.Shamela0008185-ara1,2
openiti:0808IbnKhaldun.Rihla,0808IbnKhaldun.Rihla,Multiple OpenITI digital versions of one work,0808IbnKhaldun.Rihla.Masaha003967-ara1 | 0808IbnKhaldun.Rihla.Shamela0037022-ara1,2
openiti:0808IbnKhaldun.Tarikh,0808IbnKhaldun.Tarikh,Multiple OpenITI digital versions of one work,0808IbnKhaldun.Tarikh.JK000420-ara2 | 0808IbnKhaldun.Tarikh.JK005600-ara2 | 0808IbnKhaldun.Tarikh.ShamAY0033819-ara1 | 0808IbnKhaldun.Tarikh.Shamela0012320-ara1 | 0808IbnKhaldun.Tarikh.Shia003607Vols-ara2 | 0808IbnKhaldun.Tarikh.Zaydiyya0000152-ara2,6
openiti:0808MuhammadDamiri.HayatHayawanKubra,0808MuhammadDamiri.HayatHayawanKubra,Multiple OpenITI digital versions of one work,0808MuhammadDamiri.HayatHayawanKubra.JK009229-ara1 | 0808MuhammadDamiri.HayatHayawanKubra.JK010542-ara1 | 0808MuhammadDamiri.HayatHayawanKubra.Shamela0010664-ara1 | 0808MuhammadDamiri.HayatHayawanKubra.Zaydiyya0000303-ara2,4
openiti:0809IbnQunfudh.Wafayat,0809IbnQunfudh.Wafayat,Multiple OpenITI digital versions of one work,0809IbnQunfudh.Wafayat.JK001481-ara1 | 0809IbnQunfudh.Wafayat.Shamela0010921-ara1 | 0809IbnQunfudh.Wafayat.Shia003615-ara1,3
openiti:0809IbnQunfudh.WasilatIslam,0809IbnQunfudh.WasilatIslam,Multiple OpenITI digital versions of one work,0809IbnQunfudh.WasilatIslam.JK001286-ara1 | 0809IbnQunfudh.WasilatIslam.Shamela0006587-ara1,2
openiti:0813RajabIbnMuhammadBursi.MashariqAnwar,0813RajabIbnMuhammadBursi.MashariqAnwar,Multiple OpenITI digital versions of one work,0813RajabIbnMuhammadBursi.MashariqAnwar.Masaha002876-ara1 | 0813RajabIbnMuhammadBursi.MashariqAnwar.Shia004023-ara1,2
openiti:0815IbnMuhammadShihabDinIbnHaim.TibyanFiTafsirGharib,0815IbnMuhammadShihabDinIbnHaim.TibyanFiTafsirGharib,Multiple OpenITI digital versions of one work,0815IbnMuhammadShihabDinIbnHaim.TibyanFiTafsirGharib.JK001123-ara1 | 0815IbnMuhammadShihabDinIbnHaim.TibyanFiTafsirGharib.ShamAY0034046-ara1 | 0815IbnMuhammadShihabDinIbnHaim.TibyanFiTafsirGharib.Shamela0023598-ara1,3
openiti:0815MuhibbDinIbnShihna.MacaniWaBayan,0815MuhibbDinIbnShihna.MacaniWaBayan,Multiple OpenITI digital versions of one work,0815MuhibbDinIbnShihna.MacaniWaBayan.ShamAY0034484-ara1 | 0815MuhibbDinIbnShihna.MacaniWaBayan.ShamAY0034490-ara1,2
openiti:0816IbnMuhammadSharifJurjani.DibajMudhahhab,0816IbnMuhammadSharifJurjani.DibajMudhahhab,Multiple OpenITI digital versions of one work,0816IbnMuhammadSharifJurjani.DibajMudhahhab.ShamAY0000134-ara1 | 0816IbnMuhammadSharifJurjani.DibajMudhahhab.Shamela0030531-ara1,2
openiti:0816IbnMuhammadSharifJurjani.RisalaFiUsulHadith,0816IbnMuhammadSharifJurjani.RisalaFiUsulHadith,Multiple OpenITI digital versions of one work,0816IbnMuhammadSharifJurjani.RisalaFiUsulHadith.JK006972-ara1 | 0816IbnMuhammadSharifJurjani.RisalaFiUsulHadith.Shamela0005984-ara1,2
openiti:0816IbnMuhammadSharifJurjani.Tacrifat,0816IbnMuhammadSharifJurjani.Tacrifat,Multiple OpenITI digital versions of one work,0816IbnMuhammadSharifJurjani.Tacrifat.JK000768-ara1 | 0816IbnMuhammadSharifJurjani.Tacrifat.Shamela0007312-ara1,2
openiti:0817MajdDinFiruzabadi.BulghaFiTarajim,0817MajdDinFiruzabadi.BulghaFiTarajim,Multiple OpenITI digital versions of one work,0817MajdDinFiruzabadi.BulghaFiTarajim.JK000396-ara1 | 0817MajdDinFiruzabadi.BulghaFiTarajim.Shamela0009984-ara1,2
openiti:0817MajdDinFiruzabadi.QamusMuhit,0817MajdDinFiruzabadi.QamusMuhit,Multiple OpenITI digital versions of one work,0817MajdDinFiruzabadi.QamusMuhit.JK001437-ara1 | 0817MajdDinFiruzabadi.QamusMuhit.Shamela0007283-ara1 | 0817MajdDinFiruzabadi.QamusMuhit.Shia003957Vols-ara1,3
openiti:0817MajdDinFiruzabadi.RisalaFiBayan,0817MajdDinFiruzabadi.RisalaFiBayan,Multiple OpenITI digital versions of one work,0817MajdDinFiruzabadi.RisalaFiBayan.ShamAY0034139-ara1 | 0817MajdDinFiruzabadi.RisalaFiBayan.Shamela0011760-ara1,2
openiti:0817MajdDinFiruzabadi.TanwirMiqbas,0817MajdDinFiruzabadi.TanwirMiqbas,Multiple OpenITI digital versions of one work,0817MajdDinFiruzabadi.TanwirMiqbas.JK000865-ara1 | 0817MajdDinFiruzabadi.TanwirMiqbas.Shamela0012877-ara1 | 0817MajdDinFiruzabadi.TanwirMiqbas.Shia002666-ara1 | 0817MajdDinFiruzabadi.TanwirMiqbas.Tafsir02010-ara1,4
openiti:0821Qalqashandi.Maathir,0821Qalqashandi.Maathir,Multiple OpenITI digital versions of one work,0821Qalqashandi.Maathir.JK000401-ara1 | 0821Qalqashandi.Maathir.MMS00001-ara1 | 0821Qalqashandi.Maathir.Shamela0008460-ara1,3
openiti:0821Qalqashandi.QalaidJuman,0821Qalqashandi.QalaidJuman,Multiple OpenITI digital versions of one work,0821Qalqashandi.QalaidJuman.JK010489-ara2 | 0821Qalqashandi.QalaidJuman.Shamela0000315-ara1,2
openiti:0821Qalqashandi.SubhAcsha,0821Qalqashandi.SubhAcsha,Multiple OpenITI digital versions of one work,0821Qalqashandi.SubhAcsha.JK000958-ara1 | 0821Qalqashandi.SubhAcsha.Shamela0009429-ara1,2
openiti:0826IbnCiraqi.TuhfatTahsil,0826IbnCiraqi.TuhfatTahsil,Multiple OpenITI digital versions of one work,0826IbnCiraqi.TuhfatTahsil.JK001255-ara1 | 0826IbnCiraqi.TuhfatTahsil.Shamela0005838-ara1,2
openiti:0828IbnCinaba.CumdatTalib,0828IbnCinaba.CumdatTalib,Multiple OpenITI digital versions of one work,0828IbnCinaba.CumdatTalib.Masaha002302-ara1 | 0828IbnCinaba.CumdatTalib.Shia001388-ara1 | 0828IbnCinaba.CumdatTalib.Zaydiyya0000026-ara1,3
openiti:0829TaqiDinDimashqiHisni.DafcShubh,0829TaqiDinDimashqiHisni.DafcShubh,Multiple OpenITI digital versions of one work,0829TaqiDinDimashqiHisni.DafcShubh.JK001011-ara1 | 0829TaqiDinDimashqiHisni.DafcShubh.Masaha000257-ara1 | 0829TaqiDinDimashqiHisni.DafcShubh.Shia003724-ara1,3
openiti:0829TaqiDinDimashqiHisni.KifayatAkhyar,0829TaqiDinDimashqiHisni.KifayatAkhyar,Multiple OpenITI digital versions of one work,0829TaqiDinDimashqiHisni.KifayatAkhyar.JK000119-ara1 | 0829TaqiDinDimashqiHisni.KifayatAkhyar.Shamela0006140-ara1,2
openiti:0830BuraciYamaniShacir.Diwan,0830BuraciYamaniShacir.Diwan,Multiple OpenITI digital versions of one work,0830BuraciYamaniShacir.Diwan.JK007602-ara1 | 0830BuraciYamaniShacir.Diwan.ShamAY0037845-ara1,2
openiti:0832TaqiFasi.CiqdThamin,0832TaqiFasi.CiqdThamin,Multiple OpenITI digital versions of one work,0832TaqiFasi.CiqdThamin.MMS00002-ara1 | 0832TaqiFasi.CiqdThamin.Rafed0002209Vols-ara1 | 0832TaqiFasi.CiqdThamin.Sham19Y0020989-ara1,3
openiti:0832TaqiFasi.DhaylTaqyid,0832TaqiFasi.DhaylTaqyid,Multiple OpenITI digital versions of one work,0832TaqiFasi.DhaylTaqyid.JK000680-ara1 | 0832TaqiFasi.DhaylTaqyid.Shamela0008884-ara1,2
openiti:0832TaqiFasi.ZuhurMuqtatafa,0832TaqiFasi.ZuhurMuqtatafa,Multiple OpenITI digital versions of one work,0832TaqiFasi.ZuhurMuqtatafa.MMS00004-ara1 | 0832TaqiFasi.ZuhurMuqtatafa.Masaha004654-ara1,2
openiti:0833IbnJazari.AsnaMatalib,0833IbnJazari.AsnaMatalib,Multiple OpenITI digital versions of one work,0833IbnJazari.AsnaMatalib.Masaha001832-ara1 | 0833IbnJazari.AsnaMatalib.Rafed0002614-ara1,2
openiti:0833IbnJazari.DurraMudiyya,0833IbnJazari.DurraMudiyya,Multiple OpenITI digital versions of one work,0833IbnJazari.DurraMudiyya.JK000887-ara1 | 0833IbnJazari.DurraMudiyya.Shamela0007749-ara1,2
openiti:0833IbnJazari.GhayatNihaya,0833IbnJazari.GhayatNihaya,Multiple OpenITI digital versions of one work,0833IbnJazari.GhayatNihaya.JK010283-ara1 | 0833IbnJazari.GhayatNihaya.Shamela0012040-ara1,2
openiti:0833IbnJazari.ManaqibAsadGhalib,0833IbnJazari.ManaqibAsadGhalib,Multiple OpenITI digital versions of one work,0833IbnJazari.ManaqibAsadGhalib.JK011068-ara1 | 0833IbnJazari.ManaqibAsadGhalib.Shamela0012752-ara1,2
openiti:0833IbnJazari.TahbirTaysir,0833IbnJazari.TahbirTaysir,Multiple OpenITI digital versions of one work,0833IbnJazari.TahbirTaysir.JK009168-ara1 | 0833IbnJazari.TahbirTaysir.Shamela0005556-ara1,2
openiti:0833IbnJazari.ZahrFaih,0833IbnJazari.ZahrFaih,Multiple OpenITI digital versions of one work,0833IbnJazari.ZahrFaih.JK010408-ara1 | 0833IbnJazari.ZahrFaih.Shamela0009102-ara1,2
openiti:0837IbnHijjaHamawi.BulughAmal,0837IbnHijjaHamawi.BulughAmal,Multiple OpenITI digital versions of one work,0837IbnHijjaHamawi.BulughAmal.JK010567-ara1 | 0837IbnHijjaHamawi.BulughAmal.Shamela0000567-ara1,2
openiti:0837IbnHijjaHamawi.DhaylThamaratAwraq,0837IbnHijjaHamawi.DhaylThamaratAwraq,Multiple OpenITI digital versions of one work,0837IbnHijjaHamawi.DhaylThamaratAwraq.JK009204BK2-ara1 | 0837IbnHijjaHamawi.DhaylThamaratAwraq.Shamela0011056BK2-ara1,2
openiti:0837IbnHijjaHamawi.KhizanatAdab,0837IbnHijjaHamawi.KhizanatAdab,Multiple OpenITI digital versions of one work,0837IbnHijjaHamawi.KhizanatAdab.JK001305-ara1 | 0837IbnHijjaHamawi.KhizanatAdab.Shamela0008675-ara1,2
openiti:0837IbnHijjaHamawi.QahwatInsha,0837IbnHijjaHamawi.QahwatInsha,Multiple OpenITI digital versions of one work,0837IbnHijjaHamawi.QahwatInsha.Kraken220413030901-ara1 | 0837IbnHijjaHamawi.QahwatInsha.MMS00006-ara1,2
openiti:0837IbnHijjaHamawi.ThamaratAwraq,0837IbnHijjaHamawi.ThamaratAwraq,Multiple OpenITI digital versions of one work,0837IbnHijjaHamawi.ThamaratAwraq.JK009204BK1-ara1 | 0837IbnHijjaHamawi.ThamaratAwraq.Shamela0011056BK1-ara1,2
openiti:0840IbnWazirYamani.ItharHaqq,0840IbnWazirYamani.ItharHaqq,Multiple OpenITI digital versions of one work,0840IbnWazirYamani.ItharHaqq.JK000966-ara1 | 0840IbnWazirYamani.ItharHaqq.ShamAY0001238-ara1 | 0840IbnWazirYamani.ItharHaqq.Shamela0005937-ara1,3
openiti:0840IbnWazirYamani.RawdBasim,0840IbnWazirYamani.RawdBasim,Multiple OpenITI digital versions of one work,0840IbnWazirYamani.RawdBasim.ShamAY0000028-ara1 | 0840IbnWazirYamani.RawdBasim.Shamela0036427-ara1 | 0840IbnWazirYamani.RawdBasim.Zaydiyya0000084-ara1,3
openiti:0840MahdiAhmadIbnYahyaHasani.MatnAzhar,0840MahdiAhmadIbnYahyaHasani.MatnAzhar,Multiple OpenITI digital versions of one work,0840MahdiAhmadIbnYahyaHasani.MatnAzhar.Zaydiyya0000060-ara1 | 0840MahdiAhmadIbnYahyaHasani.MatnAzhar.Zaydiyya0000489-ara1,2
openiti:0840ShihabDinBusiri.MisbahZujaja,0840ShihabDinBusiri.MisbahZujaja,Multiple OpenITI digital versions of one work,0840ShihabDinBusiri.MisbahZujaja.JK000312-ara1 | 0840ShihabDinBusiri.MisbahZujaja.ShamAY0034128-ara1 | 0840ShihabDinBusiri.MisbahZujaja.Shamela0005635-ara1,3
openiti:0841BurhanDinSibtIbnCajami.Ightibat,0841BurhanDinSibtIbnCajami.Ightibat,Multiple OpenITI digital versions of one work,0841BurhanDinSibtIbnCajami.Ightibat.JK000246-ara1 | 0841BurhanDinSibtIbnCajami.Ightibat.Shamela0000130-ara1,2
openiti:0841BurhanDinSibtIbnCajami.KashfHathith,0841BurhanDinSibtIbnCajami.KashfHathith,Multiple OpenITI digital versions of one work,0841BurhanDinSibtIbnCajami.KashfHathith.JK000495-ara1 | 0841BurhanDinSibtIbnCajami.KashfHathith.Shamela0005832-ara1 | 0841BurhanDinSibtIbnCajami.KashfHathith.Shia003316-ara1,3
openiti:0841BurhanDinSibtIbnCajami.TabyinLiAsma,0841BurhanDinSibtIbnCajami.TabyinLiAsma,Multiple OpenITI digital versions of one work,0841BurhanDinSibtIbnCajami.TabyinLiAsma.JK000501-ara1 | 0841BurhanDinSibtIbnCajami.TabyinLiAsma.ShamAY0034616-ara1 | 0841BurhanDinSibtIbnCajami.TabyinLiAsma.Shamela0001187-ara1 | 0841BurhanDinSibtIbnCajami.TabyinLiAsma.Shia003315-ara1,4
openiti:0842IbnNasirDinDimashqi.MajlisFiHadithJabir,0842IbnNasirDinDimashqi.MajlisFiHadithJabir,Multiple OpenITI digital versions of one work,0842IbnNasirDinDimashqi.MajlisFiHadithJabir.JK000591-ara1 | 0842IbnNasirDinDimashqi.MajlisFiHadithJabir.ShamAY0033624-ara1 | 0842IbnNasirDinDimashqi.MajlisFiHadithJabir.Shamela0009605-ara1 | 0842IbnNasirDinDimashqi.MajlisFiHadithJabir.Shia002239-ara1,4
openiti:0842IbnNasirDinDimashqi.RaddWafir,0842IbnNasirDinDimashqi.RaddWafir,Multiple OpenITI digital versions of one work,0842IbnNasirDinDimashqi.RaddWafir.JK000366-ara1 | 0842IbnNasirDinDimashqi.RaddWafir.Shamela0006660-ara1,2
openiti:0842IbnNasirDinDimashqi.SalwatKaib,0842IbnNasirDinDimashqi.SalwatKaib,Multiple OpenITI digital versions of one work,0842IbnNasirDinDimashqi.SalwatKaib.JK007020-ara1 | 0842IbnNasirDinDimashqi.SalwatKaib.Shamela0006594-ara1,2
openiti:0842IbnNasirDinDimashqi.TawdihMushtabih,0842IbnNasirDinDimashqi.TawdihMushtabih,Multiple OpenITI digital versions of one work,0842IbnNasirDinDimashqi.TawdihMushtabih.JK007097-ara1 | 0842IbnNasirDinDimashqi.TawdihMushtabih.Shamela0005812-ara1,2
openiti:0843IbnIsmacilJadhbati.DurraGharra,0843IbnIsmacilJadhbati.DurraGharra,Multiple OpenITI digital versions of one work,0843IbnIsmacilJadhbati.DurraGharra.JK007010-ara1 | 0843IbnIsmacilJadhbati.DurraGharra.Shamela0009683-ara1,2
openiti:0843IbnKhatibNasiriyya.DurrMuntakhab,0843IbnKhatibNasiriyya.DurrMuntakhab,Multiple OpenITI digital versions of one work,0843IbnKhatibNasiriyya.DurrMuntakhab.Kraken22021606122503-ara1 | 0843IbnKhatibNasiriyya.DurrMuntakhab.MMS00008-ara1,2
openiti:0844IbnHusaynIbnRaslanRamli.ZubadFiFiqh,0844IbnHusaynIbnRaslanRamli.ZubadFiFiqh,Multiple OpenITI digital versions of one work,0844IbnHusaynIbnRaslanRamli.ZubadFiFiqh.JK000209-ara1 | 0844IbnHusaynIbnRaslanRamli.ZubadFiFiqh.Shamela0022364-ara1,2
openiti:0844IbnKhalilCalaDinTarabulusi.MucinHukkam,0844IbnKhalilCalaDinTarabulusi.MucinHukkam,Multiple OpenITI digital versions of one work,0844IbnKhalilCalaDinTarabulusi.MucinHukkam.JK011699-ara1 | 0844IbnKhalilCalaDinTarabulusi.MucinHukkam.Shamela0021600-ara1,2
openiti:0845Maqrizi.Bayan,0845Maqrizi.Bayan,Multiple OpenITI digital versions of one work,0845Maqrizi.Bayan.JK010319-ara1 | 0845Maqrizi.Bayan.Shamela0009226-ara1,2
openiti:0845Maqrizi.DurarCuqud,0845Maqrizi.DurarCuqud,Multiple OpenITI digital versions of one work,0845Maqrizi.DurarCuqud.Kraken220413030834-ara1 | 0845Maqrizi.DurarCuqud.MMS00011-ara1,2
openiti:0845Maqrizi.ImtacAsmac,0845Maqrizi.ImtacAsmac,Multiple OpenITI digital versions of one work,0845Maqrizi.ImtacAsmac.Masaha001864Vols-ara1 | 0845Maqrizi.ImtacAsmac.Shamela0001524-ara1 | 0845Maqrizi.ImtacAsmac.Shia003616Vols-ara1,3
openiti:0845Maqrizi.ItticazHunafa,0845Maqrizi.ItticazHunafa,Multiple OpenITI digital versions of one work,0845Maqrizi.ItticazHunafa.JK009215-ara1 | 0845Maqrizi.ItticazHunafa.Shamela0000176-ara1,2
openiti:0845Maqrizi.Mawaciz,0845Maqrizi.Mawaciz,Multiple OpenITI digital versions of one work,0845Maqrizi.Mawaciz.MAB02082022-ara1 | 0845Maqrizi.Mawaciz.Masaha004351Vols-ara1 | 0845Maqrizi.Mawaciz.Rafed0002319Vols-ara1 | 0845Maqrizi.Mawaciz.Shamela0011566-ara1,4
openiti:0845Maqrizi.MukhtasarKamil,0845Maqrizi.MukhtasarKamil,Multiple OpenITI digital versions of one work,0845Maqrizi.MukhtasarKamil.JK009182-ara1 | 0845Maqrizi.MukhtasarKamil.Shamela0005848-ara1,2
openiti:0845Maqrizi.MukhtasarQiyamRamadan,0845Maqrizi.MukhtasarQiyamRamadan,Multiple OpenITI digital versions of one work,0845Maqrizi.MukhtasarQiyamRamadan.JK011588-ara1 | 0845Maqrizi.MukhtasarQiyamRamadan.Shamela0012872-ara1,2
openiti:0845Maqrizi.Suluk,0845Maqrizi.Suluk,Multiple OpenITI digital versions of one work,0845Maqrizi.Suluk.JK007071-ara1 | 0845Maqrizi.Suluk.MMS00015-ara1 | 0845Maqrizi.Suluk.Shamela0006667-ara1,3
openiti:0850ShihabDinIbshihi.Mustatraf,0850ShihabDinIbshihi.Mustatraf,Multiple OpenITI digital versions of one work,0850ShihabDinIbshihi.Mustatraf.JK001336-ara1 | 0850ShihabDinIbshihi.Mustatraf.ShamAY0033781-ara1 | 0850ShihabDinIbshihi.Mustatraf.Shamela0023802-ara1,3
openiti:0851IbnQadiShuhba.TabaqatShaficiyya,0851IbnQadiShuhba.TabaqatShaficiyya,Multiple OpenITI digital versions of one work,0851IbnQadiShuhba.TabaqatShaficiyya.JK000195-ara1 | 0851IbnQadiShuhba.TabaqatShaficiyya.Shamela0006736-ara1,2
openiti:0852IbnHajarCasqalani.AhadithCashara,0852IbnHajarCasqalani.AhadithCashara,Multiple OpenITI digital versions of one work,0852IbnHajarCasqalani.AhadithCashara.ShamAY0033613-ara1 | 0852IbnHajarCasqalani.AhadithCashara.Shamela0021489-ara1,2
openiti:0852IbnHajarCasqalani.AmaliHalabiyya,0852IbnHajarCasqalani.AmaliHalabiyya,Multiple OpenITI digital versions of one work,0852IbnHajarCasqalani.AmaliHalabiyya.JK007058-ara1 | 0852IbnHajarCasqalani.AmaliHalabiyya.Shamela0005729-ara1 | 0852IbnHajarCasqalani.AmaliHalabiyya.Shamela0009377-ara1,3
openiti:0852IbnHajarCasqalani.AmaliMutlaqa,0852IbnHajarCasqalani.AmaliMutlaqa,Multiple OpenITI digital versions of one work,0852IbnHajarCasqalani.AmaliMutlaqa.JK000685-ara1 | 0852IbnHajarCasqalani.AmaliMutlaqa.Shamela0005702-ara1,2
openiti:0852IbnHajarCasqalani.BulughMaram,0852IbnHajarCasqalani.BulughMaram,Multiple OpenITI digital versions of one work,0852IbnHajarCasqalani.BulughMaram.Sham19Y0017757-ara3 | 0852IbnHajarCasqalani.BulughMaram.ShamAY0034283-ara2 | 0852IbnHajarCasqalani.BulughMaram.Shamela0009111-ara1,3
openiti:0852IbnHajarCasqalani.CujabFiBayanAsbab,0852IbnHajarCasqalani.CujabFiBayanAsbab,Multiple OpenITI digital versions of one work,0852IbnHajarCasqalani.CujabFiBayanAsbab.JK001329-ara1 | 0852IbnHajarCasqalani.CujabFiBayanAsbab.Shamela0002102-ara1 | 0852IbnHajarCasqalani.CujabFiBayanAsbab.Shia002667Vols-ara1,3
openiti:0852IbnHajarCasqalani.DirayaFiTakhrijAhadithHidaya,0852IbnHajarCasqalani.DirayaFiTakhrijAhadithHidaya,Multiple OpenITI digital versions of one work,0852IbnHajarCasqalani.DirayaFiTakhrijAhadithHidaya.JK000775-ara1 | 0852IbnHajarCasqalani.DirayaFiTakhrijAhadithHidaya.Shamela0005908-ara1 | 0852IbnHajarCasqalani.DirayaFiTakhrijAhadithHidaya.Shia002240Vols-ara1,3
openiti:0852IbnHajarCasqalani.DurarKamina,0852IbnHajarCasqalani.DurarKamina,Multiple OpenITI digital versions of one work,0852IbnHajarCasqalani.DurarKamina.JK001301-ara1 | 0852IbnHajarCasqalani.DurarKamina.ShamAY0038015-ara1 | 0852IbnHajarCasqalani.DurarKamina.Shamela0006674-ara1,3
openiti:0852IbnHajarCasqalani.FathBari,0852IbnHajarCasqalani.FathBari,Multiple OpenITI digital versions of one work,0852IbnHajarCasqalani.FathBari.JK000166-ara1 | 0852IbnHajarCasqalani.FathBari.Shamela0001673-ara1 | 0852IbnHajarCasqalani.FathBari.Shia001792Vols-ara1,3
openiti:0852IbnHajarCasqalani.ImtacBiArbacin,0852IbnHajarCasqalani.ImtacBiArbacin,Multiple OpenITI digital versions of one work,0852IbnHajarCasqalani.ImtacBiArbacin.JK001031-ara1 | 0852IbnHajarCasqalani.ImtacBiArbacin.Shamela0005719-ara1,2
openiti:0852IbnHajarCasqalani.InbaGhumr,0852IbnHajarCasqalani.InbaGhumr,Multiple OpenITI digital versions of one work,0852IbnHajarCasqalani.InbaGhumr.JK009239-ara1 | 0852IbnHajarCasqalani.InbaGhumr.Shamela0026317-ara2,2
openiti:0852IbnHajarCasqalani.IsabaFiTamyiz,0852IbnHajarCasqalani.IsabaFiTamyiz,Multiple OpenITI digital versions of one work,0852IbnHajarCasqalani.IsabaFiTamyiz.JK000533-ara1 | 0852IbnHajarCasqalani.IsabaFiTamyiz.ShamAY0034567-ara2 | 0852IbnHajarCasqalani.IsabaFiTamyiz.ShamAY0034568-ara3 | 0852IbnHajarCasqalani.IsabaFiTamyiz.ShamAY0038004-ara1 | 0852IbnHajarCasqalani.IsabaFiTamyiz.Shamela0009767-ara4 | 0852IbnHajarCasqalani.IsabaFiTamyiz.Shia003317Vols-ara4,6
openiti:0852IbnHajarCasqalani.ItharBiMacrifa,0852IbnHajarCasqalani.ItharBiMacrifa,Multiple OpenITI digital versions of one work,0852IbnHajarCasqalani.ItharBiMacrifa.JK000656-ara1 | 0852IbnHajarCasqalani.ItharBiMacrifa.Shamela0005861-ara1,2
openiti:0852IbnHajarCasqalani.JawabJalil,0852IbnHajarCasqalani.JawabJalil,Multiple OpenITI digital versions of one work,0852IbnHajarCasqalani.JawabJalil.MMS00019-ara1 | 0852IbnHajarCasqalani.JawabJalil.ShamAY0034291-ara1,2
openiti:0852IbnHajarCasqalani.KalamCalaHadithImraati,0852IbnHajarCasqalani.KalamCalaHadithImraati,Multiple OpenITI digital versions of one work,0852IbnHajarCasqalani.KalamCalaHadithImraati.ShamAY0035242-ara1 | 0852IbnHajarCasqalani.KalamCalaHadithImraati.Shamela0011057-ara1,2
openiti:0852IbnHajarCasqalani.KhisalMukaffira,0852IbnHajarCasqalani.KhisalMukaffira,Multiple OpenITI digital versions of one work,0852IbnHajarCasqalani.KhisalMukaffira.ShamAY0033751-ara1 | 0852IbnHajarCasqalani.KhisalMukaffira.ShamAY0034819-ara1,2
openiti:0852IbnHajarCasqalani.LisanMizan,0852IbnHajarCasqalani.LisanMizan,Multiple OpenITI digital versions of one work,0852IbnHajarCasqalani.LisanMizan.JK000534-ara2 | 0852IbnHajarCasqalani.LisanMizan.Shamela0012063-ara2 | 0852IbnHajarCasqalani.LisanMizan.Shamela0036357-ara1 | 0852IbnHajarCasqalani.LisanMizan.Shia003341Vols-ara2,4
openiti:0852IbnHajarCasqalani.MatalibCaliya,0852IbnHajarCasqalani.MatalibCaliya,Multiple OpenITI digital versions of one work,0852IbnHajarCasqalani.MatalibCaliya.JK006801-ara1 | 0852IbnHajarCasqalani.MatalibCaliya.Sham19Y0037618-ara1 | 0852IbnHajarCasqalani.MatalibCaliya.Shamela0022804-ara1,3
openiti:0852IbnHajarCasqalani.MucjamMufahras,0852IbnHajarCasqalani.MucjamMufahras,Multiple OpenITI digital versions of one work,0852IbnHajarCasqalani.MucjamMufahras.JK001149-ara1 | 0852IbnHajarCasqalani.MucjamMufahras.Shamela0010714-ara1,2
openiti:0852IbnHajarCasqalani.MuqaddimatFathBari,0852IbnHajarCasqalani.MuqaddimatFathBari,Multiple OpenITI digital versions of one work,0852IbnHajarCasqalani.MuqaddimatFathBari.JK000136-ara1 | 0852IbnHajarCasqalani.MuqaddimatFathBari.ShamAY0038211-ara1 | 0852IbnHajarCasqalani.MuqaddimatFathBari.Shia001805-ara1,3
openiti:0852IbnHajarCasqalani.NukatCalaIbnSalah,0852IbnHajarCasqalani.NukatCalaIbnSalah,Multiple OpenITI digital versions of one work,0852IbnHajarCasqalani.NukatCalaIbnSalah.JK006975-ara1 | 0852IbnHajarCasqalani.NukatCalaIbnSalah.Shamela0008316-ara1,2
openiti:0852IbnHajarCasqalani.NukhbatFikar,0852IbnHajarCasqalani.NukhbatFikar,Multiple OpenITI digital versions of one work,0852IbnHajarCasqalani.NukhbatFikar.JK000434-ara1 | 0852IbnHajarCasqalani.NukhbatFikar.Shamela0005940-ara1 | 0852IbnHajarCasqalani.NukhbatFikar.Shia002248-ara1,3
openiti:0852IbnHajarCasqalani.NuzhatAlbab,0852IbnHajarCasqalani.NuzhatAlbab,Multiple OpenITI digital versions of one work,0852IbnHajarCasqalani.NuzhatAlbab.JK000936-ara1 | 0852IbnHajarCasqalani.NuzhatAlbab.Shamela0005809-ara1,2
openiti:0852IbnHajarCasqalani.NuzhatNazar,0852IbnHajarCasqalani.NuzhatNazar,Multiple OpenITI digital versions of one work,0852IbnHajarCasqalani.NuzhatNazar.Sham19Y0037456-ara1 | 0852IbnHajarCasqalani.NuzhatNazar.Shamela0001565-ara1 | 0852IbnHajarCasqalani.NuzhatNazar.Shamela0012115-ara1,3
openiti:0852IbnHajarCasqalani.NuzhatSamicin,0852IbnHajarCasqalani.NuzhatSamicin,Multiple OpenITI digital versions of one work,0852IbnHajarCasqalani.NuzhatSamicin.JK001203-ara1 | 0852IbnHajarCasqalani.NuzhatSamicin.Shamela0006009-ara1,2
openiti:0852IbnHajarCasqalani.QawlMusaddad,0852IbnHajarCasqalani.QawlMusaddad,Multiple OpenITI digital versions of one work,0852IbnHajarCasqalani.QawlMusaddad.JK000755-ara1 | 0852IbnHajarCasqalani.QawlMusaddad.Shamela0006035-ara1 | 0852IbnHajarCasqalani.QawlMusaddad.Shia002242-ara1,3
openiti:0852IbnHajarCasqalani.RafcIsr,0852IbnHajarCasqalani.RafcIsr,Multiple OpenITI digital versions of one work,0852IbnHajarCasqalani.RafcIsr.JK009280-ara1 | 0852IbnHajarCasqalani.RafcIsr.Shamela0012724-ara1,2
openiti:0852IbnHajarCasqalani.SilsilatDhahab,0852IbnHajarCasqalani.SilsilatDhahab,Multiple OpenITI digital versions of one work,0852IbnHajarCasqalani.SilsilatDhahab.JK000641-ara1 | 0852IbnHajarCasqalani.SilsilatDhahab.Shamela0006023-ara1 | 0852IbnHajarCasqalani.SilsilatDhahab.Shia002247-ara1,3
openiti:0852IbnHajarCasqalani.TabsirMuntabih,0852IbnHajarCasqalani.TabsirMuntabih,Multiple OpenITI digital versions of one work,0852IbnHajarCasqalani.TabsirMuntabih.JK009358-ara1 | 0852IbnHajarCasqalani.TabsirMuntabih.Shamela0004092-ara1,2
openiti:0852IbnHajarCasqalani.TacjilManfaca,0852IbnHajarCasqalani.TacjilManfaca,Multiple OpenITI digital versions of one work,0852IbnHajarCasqalani.TacjilManfaca.JK000536-ara2 | 0852IbnHajarCasqalani.TacjilManfaca.ShamAY0034606-ara2 | 0852IbnHajarCasqalani.TacjilManfaca.Shamela0001893-ara1 | 0852IbnHajarCasqalani.TacjilManfaca.Shia003325-ara2,4
openiti:0852IbnHajarCasqalani.TacrifAhlTaqdis,0852IbnHajarCasqalani.TacrifAhlTaqdis,Multiple OpenITI digital versions of one work,0852IbnHajarCasqalani.TacrifAhlTaqdis.JK000535-ara1 | 0852IbnHajarCasqalani.TacrifAhlTaqdis.JK010902BK1-ara1 | 0852IbnHajarCasqalani.TacrifAhlTaqdis.Shamela0001186BK1-ara1 | 0852IbnHajarCasqalani.TacrifAhlTaqdis.Shia003340BK1-ara1,4
openiti:0852IbnHajarCasqalani.TaghliqTacliq,0852IbnHajarCasqalani.TaghliqTacliq,Multiple OpenITI digital versions of one work,0852IbnHajarCasqalani.TaghliqTacliq.JK000702-ara1 | 0852IbnHajarCasqalani.TaghliqTacliq.Shamela0000347-ara1,2
openiti:0852IbnHajarCasqalani.TahdhibTahdhib,0852IbnHajarCasqalani.TahdhibTahdhib,Multiple OpenITI digital versions of one work,0852IbnHajarCasqalani.TahdhibTahdhib.JK000134-ara1 | 0852IbnHajarCasqalani.TahdhibTahdhib.ShamAY0034614-ara1 | 0852IbnHajarCasqalani.TahdhibTahdhib.Shamela0003310-ara2 | 0852IbnHajarCasqalani.TahdhibTahdhib.Shia003328Vols-ara1,4
openiti:0852IbnHajarCasqalani.TalkhisHabir,0852IbnHajarCasqalani.TalkhisHabir,Multiple OpenITI digital versions of one work,0852IbnHajarCasqalani.TalkhisHabir.JK000559-ara1 | 0852IbnHajarCasqalani.TalkhisHabir.Sham19Y0123608-ara1 | 0852IbnHajarCasqalani.TalkhisHabir.ShamAY0034124-ara1 | 0852IbnHajarCasqalani.TalkhisHabir.Shamela0001581-ara1 | 0852IbnHajarCasqalani.TalkhisHabir.Shamela0021601-ara1 | 0852IbnHajarCasqalani.TalkhisHabir.Shia001041Vols-ara1,6
openiti:0852IbnHajarCasqalani.TaqribTahdhib,0852IbnHajarCasqalani.TaqribTahdhib,Multiple OpenITI digital versions of one work,0852IbnHajarCasqalani.TaqribTahdhib.JK000121-ara1 | 0852IbnHajarCasqalani.TaqribTahdhib.ShamAY0034607-ara1 | 0852IbnHajarCasqalani.TaqribTahdhib.Shamela0008609-ara1 | 0852IbnHajarCasqalani.TaqribTahdhib.Shia003326Vols-ara1,4
openiti:0852IbnHajarCasqalani.WuqufCalaMawquf,0852IbnHajarCasqalani.WuqufCalaMawquf,Multiple OpenITI digital versions of one work,0852IbnHajarCasqalani.WuqufCalaMawquf.JK000609-ara1 | 0852IbnHajarCasqalani.WuqufCalaMawquf.Shamela0005993-ara1,2
openiti:0852IbnHajarCasqalani.ZahrNadirFiHalKhadir,0852IbnHajarCasqalani.ZahrNadirFiHalKhadir,Multiple OpenITI digital versions of one work,0852IbnHajarCasqalani.ZahrNadirFiHalKhadir.JK006670-ara1 | 0852IbnHajarCasqalani.ZahrNadirFiHalKhadir.Shamela0005738-ara1,2
openiti:0852SirajDinIbnWardi.KharidatCajaib,0852SirajDinIbnWardi.KharidatCajaib,Multiple OpenITI digital versions of one work,0852SirajDinIbnWardi.KharidatCajaib.Masaha004380-ara1 | 0852SirajDinIbnWardi.KharidatCajaib.Rafed0002213-ara1 | 0852SirajDinIbnWardi.KharidatCajaib.Shamela0003298-ara1,3
openiti:0854IbnCarabshah.CajaibMaqdur,0854IbnCarabshah.CajaibMaqdur,Multiple OpenITI digital versions of one work,0854IbnCarabshah.CajaibMaqdur.JK010338-ara1 | 0854IbnCarabshah.CajaibMaqdur.Shamela0012417-ara1,2
openiti:0854IbnCarabshah.FakihatKhulafa,0854IbnCarabshah.FakihatKhulafa,Multiple OpenITI digital versions of one work,0854IbnCarabshah.FakihatKhulafa.JK010770-ara1 | 0854IbnCarabshah.FakihatKhulafa.Shamela0012726-ara1,2
openiti:0854IbnDiyaMakki.TarikhMakka,0854IbnDiyaMakki.TarikhMakka,Multiple OpenITI digital versions of one work,0854IbnDiyaMakki.TarikhMakka.JK009303-ara1 | 0854IbnDiyaMakki.TarikhMakka.Masaha004140Vols-ara1 | 0854IbnDiyaMakki.TarikhMakka.Shamela0005539-ara1,3
openiti:0855BadrDinCayni.CiqdJuman,0855BadrDinCayni.CiqdJuman,Multiple OpenITI digital versions of one work,0855BadrDinCayni.CiqdJuman.GVDB20230424-ara4 | 0855BadrDinCayni.CiqdJuman.JK010380-ara1 | 0855BadrDinCayni.CiqdJuman.MMS00021-ara2 | 0855BadrDinCayni.CiqdJuman.PV20220525-ara3 | 0855BadrDinCayni.CiqdJuman.ShamAY0033840-ara1 | 0855BadrDinCayni.CiqdJuman.Shamela0000380-ara1,6
openiti:0855BadrDinCayni.CumdatQari,0855BadrDinCayni.CumdatQari,Multiple OpenITI digital versions of one work,0855BadrDinCayni.CumdatQari.JK006804-ara1 | 0855BadrDinCayni.CumdatQari.Shamela0005756-ara1 | 0855BadrDinCayni.CumdatQari.Shia001806Vols-ara1,3
openiti:0855BadrDinCayni.MaghaniAkhyar,0855BadrDinCayni.MaghaniAkhyar,Multiple OpenITI digital versions of one work,0855BadrDinCayni.MaghaniAkhyar.JK011148-ara1 | 0855BadrDinCayni.MaghaniAkhyar.Shamela0010452-ara1,2
openiti:0855IbnSabbaghMakki.FusulMuhimma,0855IbnSabbaghMakki.FusulMuhimma,Multiple OpenITI digital versions of one work,0855IbnSabbaghMakki.FusulMuhimma.Masaha002915Vols-ara1 | 0855IbnSabbaghMakki.FusulMuhimma.Shia003727Vols-ara1,2
openiti:0855IbnTayyFaqacani.DurrMandud,0855IbnTayyFaqacani.DurrMandud,Multiple OpenITI digital versions of one work,0855IbnTayyFaqacani.DurrMandud.Masaha001063-ara1 | 0855IbnTayyFaqacani.DurrMandud.Shia000131-ara1,2
openiti:0862IbnMuhammadMujari.Barnamaj,0862IbnMuhammadMujari.Barnamaj,Multiple OpenITI digital versions of one work,0862IbnMuhammadMujari.Barnamaj.JK001156-ara1 | 0862IbnMuhammadMujari.Barnamaj.Shamela0010735-ara1,2
openiti:0864IbnAhmadJalalDinMahalli.KanzRaghibin,0864IbnAhmadJalalDinMahalli.KanzRaghibin,Multiple OpenITI digital versions of one work,0864IbnAhmadJalalDinMahalli.KanzRaghibin.Kraken220314171616-ara1 | 0864IbnAhmadJalalDinMahalli.KanzRaghibin.Shamela0021843BK1-ara1,2
openiti:0864RadiDinGhazzi.BahjatNazirin,0864RadiDinGhazzi.BahjatNazirin,Multiple OpenITI digital versions of one work,0864RadiDinGhazzi.BahjatNazirin.MMS00025-ara1 | 0864RadiDinGhazzi.BahjatNazirin.Sham19Y0020578-ara1,2
openiti:0866MuhammadIbnSayyidHasan.RamuzCalaSihah,0866MuhammadIbnSayyidHasan.RamuzCalaSihah,Multiple OpenITI digital versions of one work,0866MuhammadIbnSayyidHasan.RamuzCalaSihah.JK001215-ara1 | 0866MuhammadIbnSayyidHasan.RamuzCalaSihah.Shamela0007051-ara1,2
openiti:0869IbnKhalilZaynDinQabuni.BisharatMahbub,0869IbnKhalilZaynDinQabuni.BisharatMahbub,Multiple OpenITI digital versions of one work,0869IbnKhalilZaynDinQabuni.BisharatMahbub.JK009315-ara1 | 0869IbnKhalilZaynDinQabuni.BisharatMahbub.Shamela0010922-ara1,2
openiti:0871IbnCuthmanShamsDinMardini.AnjumZahirat,0871IbnCuthmanShamsDinMardini.AnjumZahirat,Multiple OpenITI digital versions of one work,0871IbnCuthmanShamsDinMardini.AnjumZahirat.JK007035-ara1 | 0871IbnCuthmanShamsDinMardini.AnjumZahirat.Shamela0005990-ara1,2
openiti:0871TaqiDinIbnFahd.LahzAlhaz,0871TaqiDinIbnFahd.LahzAlhaz,Multiple OpenITI digital versions of one work,0871TaqiDinIbnFahd.LahzAlhaz.JK004502-ara1 | 0871TaqiDinIbnFahd.LahzAlhaz.Shamela0007313-ara1 | 0871TaqiDinIbnFahd.LahzAlhaz.Shia003348-ara1,3
openiti:0873AbuZaydThacalibi.JawahirHisan,0873AbuZaydThacalibi.JawahirHisan,Multiple OpenITI digital versions of one work,0873AbuZaydThacalibi.JawahirHisan.Sham19Y0023618-ara1 | 0873AbuZaydThacalibi.JawahirHisan.ShamAY0034066-ara1 | 0873AbuZaydThacalibi.JawahirHisan.Tafsir02023-ara1,3
openiti:0873IbnShahinZahiri.Isharat,0873IbnShahinZahiri.Isharat,Multiple OpenITI digital versions of one work,0873IbnShahinZahiri.Isharat.JK006851-ara1 | 0873IbnShahinZahiri.Isharat.Shamela0009968-ara1 | 0873IbnShahinZahiri.Isharat.Shia004693Vols-ara1,3
openiti:0874IbnTaghribirdi.HawadithDuhur,0874IbnTaghribirdi.HawadithDuhur,Multiple OpenITI digital versions of one work,0874IbnTaghribirdi.HawadithDuhur.JK010774-ara1 | 0874IbnTaghribirdi.HawadithDuhur.Shamela0009807-ara1,2
openiti:0874IbnTaghribirdi.ManhalSafi,0874IbnTaghribirdi.ManhalSafi,Multiple OpenITI digital versions of one work,0874IbnTaghribirdi.ManhalSafi.MMS00027-ara1 | 0874IbnTaghribirdi.ManhalSafi.Shamela0023156-ara1,2
openiti:0874IbnTaghribirdi.MawridLatafa,0874IbnTaghribirdi.MawridLatafa,Multiple OpenITI digital versions of one work,0874IbnTaghribirdi.MawridLatafa.JK007028-ara1 | 0874IbnTaghribirdi.MawridLatafa.Shamela0006669-ara1,2
openiti:0874IbnTaghribirdi.NujumZahira,0874IbnTaghribirdi.NujumZahira,Multiple OpenITI digital versions of one work,0874IbnTaghribirdi.NujumZahira.JK001330-ara1 | 0874IbnTaghribirdi.NujumZahira.Sham30K0011988-ara1 | 0874IbnTaghribirdi.NujumZahira.Sham30K0034814-ara2 | 0874IbnTaghribirdi.NujumZahira.Sham30K0043642-ara1 | 0874IbnTaghribirdi.NujumZahira.Sham30K0045924-ara1 | 0874IbnTaghribirdi.NujumZahira.Shamela0011988-ara1,6
openiti:0877CaliNabatiCamili.SiratMustaqim,0877CaliNabatiCamili.SiratMustaqim,Multiple OpenITI digital versions of one work,0877CaliNabatiCamili.SiratMustaqim.Masaha002048Vols-ara1 | 0877CaliNabatiCamili.SiratMustaqim.Shia001392Vols-ara1,2
openiti:0877IbnMiftah.SharhAzhar,0877IbnMiftah.SharhAzhar,Multiple OpenITI digital versions of one work,0877IbnMiftah.SharhAzhar.Shia000814VolsBK2-ara1 | 0877IbnMiftah.SharhAzhar.Zaydiyya0000275BK1-ara1 | 0877IbnMiftah.SharhAzhar.Zaydiyya0000570BK1-ara2,3
openiti:0879IbnMuhammadIbnAmirHajj.TaqrirWaTahbir,0879IbnMuhammadIbnAmirHajj.TaqrirWaTahbir,Multiple OpenITI digital versions of one work,0879IbnMuhammadIbnAmirHajj.TaqrirWaTahbir.JK000983-ara1 | 0879IbnMuhammadIbnAmirHajj.TaqrirWaTahbir.ShamAY0034189-ara1 | 0879IbnMuhammadIbnAmirHajj.TaqrirWaTahbir.Shamela0021605-ara1,3
openiti:0879IbnQutlubugha.KhulasatAfkar,0879IbnQutlubugha.KhulasatAfkar,Multiple OpenITI digital versions of one work,0879IbnQutlubugha.KhulasatAfkar.Sham19Y0124365-ara1 | 0879IbnQutlubugha.KhulasatAfkar.ShamAY0031950-ara1 | 0879IbnQutlubugha.KhulasatAfkar.ShamAY0037543-ara1,3
openiti:0879IbnQutlubugha.TajTarajim,0879IbnQutlubugha.TajTarajim,Multiple OpenITI digital versions of one work,0879IbnQutlubugha.TajTarajim.JK009243-ara1 | 0879IbnQutlubugha.TajTarajim.Shamela0010925-ara1,2
openiti:0879MuhyiDinKafiyaji.MukhtasarFiCilmAthar,0879MuhyiDinKafiyaji.MukhtasarFiCilmAthar,Multiple OpenITI digital versions of one work,0879MuhyiDinKafiyaji.MukhtasarFiCilmAthar.JK006971-ara1 | 0879MuhyiDinKafiyaji.MukhtasarFiCilmAthar.Shamela0005975-ara1,2
openiti:0880IbnAhmadShamsDinAsyuti.JawahirCuqud,0880IbnAhmadShamsDinAsyuti.JawahirCuqud,Multiple OpenITI digital versions of one work,0880IbnAhmadShamsDinAsyuti.JawahirCuqud.JK000252-ara1 | 0880IbnAhmadShamsDinAsyuti.JawahirCuqud.Shamela0006172-ara1 | 0880IbnAhmadShamsDinAsyuti.JawahirCuqud.Shia001053Vols-ara1,3
openiti:0880IbnCadilHanbali.LubabFiCulumKitab,0880IbnCadilHanbali.LubabFiCulumKitab,Multiple OpenITI digital versions of one work,0880IbnCadilHanbali.LubabFiCulumKitab.JK009266-ara1 | 0880IbnCadilHanbali.LubabFiCulumKitab.ShamAY0034056-ara1 | 0880IbnCadilHanbali.LubabFiCulumKitab.Shamela0009108-ara1 | 0880IbnCadilHanbali.LubabFiCulumKitab.Tafsir02024-ara1,4
openiti:0882IbnAhmadShadhiliTunisi.FarahAsma,0882IbnAhmadShadhiliTunisi.FarahAsma,Multiple OpenITI digital versions of one work,0882IbnAhmadShadhiliTunisi.FarahAsma.JK010133-ara1 | 0882IbnAhmadShadhiliTunisi.FarahAsma.Shamela0001598-ara1,2
openiti:0882LisanDinIbnShihnaHalabi.LisanHukkam,0882LisanDinIbnShihnaHalabi.LisanHukkam,Multiple OpenITI digital versions of one work,0882LisanDinIbnShihnaHalabi.LisanHukkam.JK000262-ara1 | 0882LisanDinIbnShihnaHalabi.LisanHukkam.Shamela0006179-ara1,2
openiti:0884AbuIshaqIbnMuflih.MaqsidArshad,0884AbuIshaqIbnMuflih.MaqsidArshad,Multiple OpenITI digital versions of one work,0884AbuIshaqIbnMuflih.MaqsidArshad.JK004503-ara1 | 0884AbuIshaqIbnMuflih.MaqsidArshad.Shamela0005890-ara1,2
openiti:0884AbuIshaqIbnMuflih.MubdicFiSharhMuqnic,0884AbuIshaqIbnMuflih.MubdicFiSharhMuqnic,Multiple OpenITI digital versions of one work,0884AbuIshaqIbnMuflih.MubdicFiSharhMuqnic.JK000787BK2-ara1 | 0884AbuIshaqIbnMuflih.MubdicFiSharhMuqnic.Shamela0021619BK2-ara1,2
openiti:0884AbuIshaqIbnMuflih.NukatWaFawaid,0884AbuIshaqIbnMuflih.NukatWaFawaid,Multiple OpenITI digital versions of one work,0884AbuIshaqIbnMuflih.NukatWaFawaid.JK000270-ara1 | 0884AbuIshaqIbnMuflih.NukatWaFawaid.Shamela0006094-ara1,2
openiti:0885BurhanDinBiqaci.MasracTasawwuf,0885BurhanDinBiqaci.MasracTasawwuf,Multiple OpenITI digital versions of one work,0885BurhanDinBiqaci.MasracTasawwuf.JK000066-ara1 | 0885BurhanDinBiqaci.MasracTasawwuf.Shamela0008317-ara1,2
openiti:0885BurhanDinBiqaci.NazmDurar,0885BurhanDinBiqaci.NazmDurar,Multiple OpenITI digital versions of one work,0885BurhanDinBiqaci.NazmDurar.JK009270-ara1 | 0885BurhanDinBiqaci.NazmDurar.ShamAY0034073-ara1 | 0885BurhanDinBiqaci.NazmDurar.Shamela0009098-ara1 | 0885BurhanDinBiqaci.NazmDurar.Tafsir02025-ara1,4
openiti:0885CalaDinMardawi.Insaf,0885CalaDinMardawi.Insaf,Multiple OpenITI digital versions of one work,0885CalaDinMardawi.Insaf.JK000788-ara1 | 0885CalaDinMardawi.Insaf.Sham19Y0019228-ara1 | 0885CalaDinMardawi.Insaf.Shamela0021609-ara1 | 0885CalaDinMardawi.Insaf.Shia002249Vols-ara1,4
openiti:0885CalaDinMardawi.TahbirSharhTahrir,0885CalaDinMardawi.TahbirSharhTahrir,Multiple OpenITI digital versions of one work,0885CalaDinMardawi.TahbirSharhTahrir.JK009143-ara1 | 0885CalaDinMardawi.TahbirSharhTahrir.Shamela0006336-ara1,2
openiti:0885IbnFahd.DurrKamin,0885IbnFahd.DurrKamin,Multiple OpenITI digital versions of one work,0885IbnFahd.DurrKamin.MMS00032-ara1 | 0885IbnFahd.DurrKamin.Masaha004231Vols-ara1,2
openiti:0885IbnFaramurzMullaKhusraw.DurarHukkam,0885IbnFaramurzMullaKhusraw.DurarHukkam,Multiple OpenITI digital versions of one work,0885IbnFaramurzMullaKhusraw.DurarHukkam.JK011703-ara1 | 0885IbnFaramurzMullaKhusraw.DurarHukkam.Shamela0011446-ara1,2
openiti:0893CamiriHaradi.BahjatMahafil,0893CamiriHaradi.BahjatMahafil,Multiple OpenITI digital versions of one work,0893CamiriHaradi.BahjatMahafil.Masaha001946Vols-ara1 | 0893CamiriHaradi.BahjatMahafil.Shamela0009780-ara1,2
openiti:0894CabdRahmanSaffuri.NuzhatMajalis,0894CabdRahmanSaffuri.NuzhatMajalis,Multiple OpenITI digital versions of one work,0894CabdRahmanSaffuri.NuzhatMajalis.JK009236-ara1 | 0894CabdRahmanSaffuri.NuzhatMajalis.ShamAY0033745-ara1 | 0894CabdRahmanSaffuri.NuzhatMajalis.Shamela0028168-ara1,3
openiti:0894IbnQasimRassacTunisi.SharhHudud,0894IbnQasimRassacTunisi.SharhHudud,Multiple OpenITI digital versions of one work,0894IbnQasimRassacTunisi.SharhHudud.JK011705-ara1 | 0894IbnQasimRassacTunisi.SharhHudud.Shamela0021610-ara1,2
openiti:0896AbuHamidMaqdisi.BadhlNasaih,0896AbuHamidMaqdisi.BadhlNasaih,Multiple OpenITI digital versions of one work,0896AbuHamidMaqdisi.BadhlNasaih.MMS00034-ara1 | 0896AbuHamidMaqdisi.BadhlNasaih.Sham19Y0036111-ara1,2
openiti:0896IbnCaliIbnAzraqGharnati.BadaicSilk,0896IbnCaliIbnAzraqGharnati.BadaicSilk,Multiple OpenITI digital versions of one work,0896IbnCaliIbnAzraqGharnati.BadaicSilk.JK001412-ara1 | 0896IbnCaliIbnAzraqGharnati.BadaicSilk.Shamela0007236-ara1,2
openiti:0897IbnYusufCabdariGharnati.TajWaIklilLiMukhtasarKhalil,0897IbnYusufCabdariGharnati.TajWaIklilLiMukhtasarKhalil,Multiple OpenITI digital versions of one work,0897IbnYusufCabdariGharnati.TajWaIklilLiMukhtasarKhalil.JK000289-ara1 | 0897IbnYusufCabdariGharnati.TajWaIklilLiMukhtasarKhalil.ShamAY0034219-ara1 | 0897IbnYusufCabdariGharnati.TajWaIklilLiMukhtasarKhalil.Shamela0021611-ara1,3
openiti:0899ZarruqShihabDinFasi.CuddatMurid,0899ZarruqShihabDinFasi.CuddatMurid,Multiple OpenITI digital versions of one work,0899ZarruqShihabDinFasi.CuddatMurid.Sham19Y0123663-ara1 | 0899ZarruqShihabDinFasi.CuddatMurid.ShamAY0031741-ara1,2
openiti:0899ZarruqShihabDinFasi.NasihaKafiya,0899ZarruqShihabDinFasi.NasihaKafiya,Multiple OpenITI digital versions of one work,0899ZarruqShihabDinFasi.NasihaKafiya.JK009333-ara1 | 0899ZarruqShihabDinFasi.NasihaKafiya.Shamela0000258-ara1,2
openiti:0900IbnCabdMuncimHimyari.RawdMictar,0900IbnCabdMuncimHimyari.RawdMictar,Multiple OpenITI digital versions of one work,0900IbnCabdMuncimHimyari.RawdMictar.JK009397-ara1 | 0900IbnCabdMuncimHimyari.RawdMictar.JK009398-ara1 | 0900IbnCabdMuncimHimyari.RawdMictar.Masaha004113-ara1 | 0900IbnCabdMuncimHimyari.RawdMictar.Rafed0003786-ara1 | 0900IbnCabdMuncimHimyari.RawdMictar.Shamela0001043-ara1 | 0900IbnCabdMuncimHimyari.RawdMictar.Shamela0001344-ara1,6
openiti:0902Sakhawi.Buldaniyyat,0902Sakhawi.Buldaniyyat,Multiple OpenITI digital versions of one work,0902Sakhawi.Buldaniyyat.JK007062-ara1 | 0902Sakhawi.Buldaniyyat.Masaha003716-ara1 | 0902Sakhawi.Buldaniyyat.Shamela0003576-ara1,3
openiti:0902Sakhawi.DawLamic,0902Sakhawi.DawLamic,Multiple OpenITI digital versions of one work,0902Sakhawi.DawLamic.JK003608-ara1 | 0902Sakhawi.DawLamic.Kraken220125191538-ara1 | 0902Sakhawi.DawLamic.Shamela0006675-ara1,3
openiti:0902Sakhawi.FakhrMutawali,0902Sakhawi.FakhrMutawali,Multiple OpenITI digital versions of one work,0902Sakhawi.FakhrMutawali.JK001048-ara1 | 0902Sakhawi.FakhrMutawali.Shamela0006585-ara1,2
openiti:0902Sakhawi.FathMughith,0902Sakhawi.FathMughith,Multiple OpenITI digital versions of one work,0902Sakhawi.FathMughith.JK006675-ara1 | 0902Sakhawi.FathMughith.Shamela0005963-ara1,2
openiti:0902Sakhawi.GhayaFiSharh,0902Sakhawi.GhayaFiSharh,Multiple OpenITI digital versions of one work,0902Sakhawi.GhayaFiSharh.JK007014-ara1 | 0902Sakhawi.GhayaFiSharh.Shamela0005956-ara1,2
openiti:0902Sakhawi.JawahirWaDurar,0902Sakhawi.JawahirWaDurar,Multiple OpenITI digital versions of one work,0902Sakhawi.JawahirWaDurar.Sham19Y0017372-ara1 | 0902Sakhawi.JawahirWaDurar.ShamAY0032249-ara1,2
openiti:0902Sakhawi.ManhalCadhb,0902Sakhawi.ManhalCadhb,Multiple OpenITI digital versions of one work,0902Sakhawi.ManhalCadhb.JK010317-ara1 | 0902Sakhawi.ManhalCadhb.Shamela0000317-ara1,2
openiti:0902Sakhawi.MaqasidHasana,0902Sakhawi.MaqasidHasana,Multiple OpenITI digital versions of one work,0902Sakhawi.MaqasidHasana.JK001160-ara1 | 0902Sakhawi.MaqasidHasana.Shamela0023177-ara1,2
openiti:0902Sakhawi.TawdihAbhar,0902Sakhawi.TawdihAbhar,Multiple OpenITI digital versions of one work,0902Sakhawi.TawdihAbhar.JK000997-ara1 | 0902Sakhawi.TawdihAbhar.Shamela0008663-ara1,2
openiti:0902Sakhawi.TuhfaLatifa,0902Sakhawi.TuhfaLatifa,Multiple OpenITI digital versions of one work,0902Sakhawi.TuhfaLatifa.JK001475-ara1 | 0902Sakhawi.TuhfaLatifa.Masaha004395Vols-ara1 | 0902Sakhawi.TuhfaLatifa.Rafed0002247Vols-ara1 | 0902Sakhawi.TuhfaLatifa.Shamela0007434-ara1,4
openiti:0904Burayhi.TabaqatSulahaYaman,0904Burayhi.TabaqatSulahaYaman,Multiple OpenITI digital versions of one work,0904Burayhi.TabaqatSulahaYaman.JK001237-ara1 | 0904Burayhi.TabaqatSulahaYaman.Shamela0006641-ara1,2
openiti:0905Basrawi.Tarikh,0905Basrawi.Tarikh,Multiple OpenITI digital versions of one work,0905Basrawi.Tarikh.JK000400-ara1 | 0905Basrawi.Tarikh.Shamela0006637-ara1,2
openiti:0905IbnCabdAllahWaqqadAzhari.MuwassilTullab,0905IbnCabdAllahWaqqadAzhari.MuwassilTullab,Multiple OpenITI digital versions of one work,0905IbnCabdAllahWaqqadAzhari.MuwassilTullab.JK001179-ara1 | 0905IbnCabdAllahWaqqadAzhari.MuwassilTullab.Shamela0006973-ara1,2
openiti:0905IbnCaliTaqiDinKafcami.Misbah,0905IbnCaliTaqiDinKafcami.Misbah,Multiple OpenITI digital versions of one work,0905IbnCaliTaqiDinKafcami.Misbah.Masaha001075-ara1 | 0905IbnCaliTaqiDinKafcami.Misbah.Shia001399-ara1,2
openiti:0908JalalDinDawwani.HujajBahira,0908JalalDinDawwani.HujajBahira,Multiple OpenITI digital versions of one work,0908JalalDinDawwani.HujajBahira.ShamAY0000923-ara1 | 0908JalalDinDawwani.HujajBahira.Shamela0037537-ara1,2
openiti:0909IbnMabrid.BahrDamm,0909IbnMabrid.BahrDamm,Multiple OpenITI digital versions of one work,0909IbnMabrid.BahrDamm.Shamela0002994-ara1 | 0909IbnMabrid.BahrDamm.Shia003349-ara1,2
openiti:0909IbnMabrid.JamcJuyushWaDasakir,0909IbnMabrid.JamcJuyushWaDasakir,Multiple OpenITI digital versions of one work,0909IbnMabrid.JamcJuyushWaDasakir.AOCP2023090627-ara1 | 0909IbnMabrid.JamcJuyushWaDasakir.Shamela0030312-ara1,2
openiti:0909IbnMabrid.MucjamKutub,0909IbnMabrid.MucjamKutub,Multiple OpenITI digital versions of one work,0909IbnMabrid.MucjamKutub.JK001126-ara1 | 0909IbnMabrid.MucjamKutub.Shamela0010737-ara1,2
openiti:0909IbnMabrid.SayrHathth,0909IbnMabrid.SayrHathth,Multiple OpenITI digital versions of one work,0909IbnMabrid.SayrHathth.JK009405-ara1 | 0909IbnMabrid.SayrHathth.ShamAY0034305-ara1,2
openiti:0910IbnAbiJumhurAhsai.AqtabFiqhiyya,0910IbnAbiJumhurAhsai.AqtabFiqhiyya,Multiple OpenITI digital versions of one work,0910IbnAbiJumhurAhsai.AqtabFiqhiyya.Masaha001055-ara1 | 0910IbnAbiJumhurAhsai.AqtabFiqhiyya.Shia000132-ara1,2
openiti:0910IbnAbiJumhurAhsai.CawaliLaali,0910IbnAbiJumhurAhsai.CawaliLaali,Multiple OpenITI digital versions of one work,0910IbnAbiJumhurAhsai.CawaliLaali.Masaha001108Vols-ara1 | 0910IbnAbiJumhurAhsai.CawaliLaali.Shia001395Vols-ara1,2
openiti:0911Samhudi.KhulasatWafa,0911Samhudi.KhulasatWafa,Multiple OpenITI digital versions of one work,0911Samhudi.KhulasatWafa.JK010420-ara1 | 0911Samhudi.KhulasatWafa.Shamela0031372-ara1,2
openiti:0911Samhudi.WafaWafa,0911Samhudi.WafaWafa,Multiple OpenITI digital versions of one work,0911Samhudi.WafaWafa.Masaha003028Vols-ara1 | 0911Samhudi.WafaWafa.Shamela0023695-ara1,2
openiti:0911Suyuti.Ashbah,0911Suyuti.Ashbah,Multiple OpenITI digital versions of one work,0911Suyuti.Ashbah.JK000425-ara1 | 0911Suyuti.Ashbah.Masaha003068Vols-ara1 | 0911Suyuti.Ashbah.Rafed0002058Vols-ara1 | 0911Suyuti.Ashbah.Shamela0021719-ara1,4
openiti:0911Suyuti.AsmaBiqac,0911Suyuti.AsmaBiqac,Multiple OpenITI digital versions of one work,0911Suyuti.AsmaBiqac.Masaha003709-ara1 | 0911Suyuti.AsmaBiqac.Rafed0002082-ara1,2
openiti:0911Suyuti.AsmaMudallisin,0911Suyuti.AsmaMudallisin,Multiple OpenITI digital versions of one work,0911Suyuti.AsmaMudallisin.JK010005-ara1 | 0911Suyuti.AsmaMudallisin.Shamela0000005-ara1,2
openiti:0911Suyuti.AsrarKawn,0911Suyuti.AsrarKawn,Multiple OpenITI digital versions of one work,0911Suyuti.AsrarKawn.JK010248-ara1 | 0911Suyuti.AsrarKawn.Shamela0000209-ara1,2
openiti:0911Suyuti.AsrarTartibQuran,0911Suyuti.AsrarTartibQuran,Multiple OpenITI digital versions of one work,0911Suyuti.AsrarTartibQuran.JK000440-ara1 | 0911Suyuti.AsrarTartibQuran.Shamela0009992-ara1,2
openiti:0911Suyuti.BastKaff,0911Suyuti.BastKaff,Multiple OpenITI digital versions of one work,0911Suyuti.BastKaff.JK001114-ara1 | 0911Suyuti.BastKaff.Shamela0006257-ara1,2
openiti:0911Suyuti.BughyatWucat,0911Suyuti.BughyatWucat,Multiple OpenITI digital versions of one work,0911Suyuti.BughyatWucat.JK009145-ara1 | 0911Suyuti.BughyatWucat.ShamAY0038016-ara1 | 0911Suyuti.BughyatWucat.Shamela0006744-ara1,3
openiti:0911Suyuti.BushraKaib,0911Suyuti.BushraKaib,Multiple OpenITI digital versions of one work,0911Suyuti.BushraKaib.JK010242-ara1 | 0911Suyuti.BushraKaib.Shamela0010924-ara1,2
openiti:0911Suyuti.BuzughHilal,0911Suyuti.BuzughHilal,Multiple OpenITI digital versions of one work,0911Suyuti.BuzughHilal.JK010213-ara1 | 0911Suyuti.BuzughHilal.Shamela0000213-ara1,2
openiti:0911Suyuti.CuqudZabarjad,0911Suyuti.CuqudZabarjad,Multiple OpenITI digital versions of one work,0911Suyuti.CuqudZabarjad.Sham19Y0014299-ara1 | 0911Suyuti.CuqudZabarjad.Shamela0023077-ara1,2
openiti:0911Suyuti.DafcTashnic,0911Suyuti.DafcTashnic,Multiple OpenITI digital versions of one work,0911Suyuti.DafcTashnic.JK000188-ara1 | 0911Suyuti.DafcTashnic.Shamela0006260-ara1,2
openiti:0911Suyuti.DhammMaks,0911Suyuti.DhammMaks,Multiple OpenITI digital versions of one work,0911Suyuti.DhammMaks.ShamAY0035239-ara1 | 0911Suyuti.DhammMaks.Shamela0036041-ara1,2
openiti:0911Suyuti.DhaylTabaqatHuffaz,0911Suyuti.DhaylTabaqatHuffaz,Multiple OpenITI digital versions of one work,0911Suyuti.DhaylTabaqatHuffaz.JK004504-ara1 | 0911Suyuti.DhaylTabaqatHuffaz.ShamAY0038189-ara1 | 0911Suyuti.DhaylTabaqatHuffaz.Shamela0007315-ara1,3
openiti:0911Suyuti.DibajCalaMuslim,0911Suyuti.DibajCalaMuslim,Multiple OpenITI digital versions of one work,0911Suyuti.DibajCalaMuslim.JK000552-ara1 | 0911Suyuti.DibajCalaMuslim.Shamela0001712-ara1 | 0911Suyuti.DibajCalaMuslim.Shia001831Vols-ara1,3
openiti:0911Suyuti.DurrManthur,0911Suyuti.DurrManthur,Multiple OpenITI digital versions of one work,0911Suyuti.DurrManthur.JK000167-ara1 | 0911Suyuti.DurrManthur.ShamAY0034057-ara1 | 0911Suyuti.DurrManthur.Shamela0012884-ara1 | 0911Suyuti.DurrManthur.Shia002677Vols-ara1 | 0911Suyuti.DurrManthur.Tafsir02026-ara1,5
openiti:0911Suyuti.FaddWica,0911Suyuti.FaddWica,Multiple OpenITI digital versions of one work,0911Suyuti.FaddWica.JK000086-ara1 | 0911Suyuti.FaddWica.Shamela0006262-ara1,2
openiti:0911Suyuti.Fanid,0911Suyuti.Fanid,Multiple OpenITI digital versions of one work,0911Suyuti.Fanid.Sham19Y0017739-ara1 | 0911Suyuti.Fanid.Shamela0009388-ara1,2
openiti:0911Suyuti.FathKabir,0911Suyuti.FathKabir,Multiple OpenITI digital versions of one work,0911Suyuti.FathKabir.JK009274-ara1 | 0911Suyuti.FathKabir.Shamela0001975-ara1,2
openiti:0911Suyuti.GhurarFiFadailCumar,0911Suyuti.GhurarFiFadailCumar,Multiple OpenITI digital versions of one work,0911Suyuti.GhurarFiFadailCumar.JK010193-ara1 | 0911Suyuti.GhurarFiFadailCumar.Shamela0000193-ara1,2
openiti:0911Suyuti.Habaik,0911Suyuti.Habaik,Multiple OpenITI digital versions of one work,0911Suyuti.Habaik.JK009379-ara1 | 0911Suyuti.Habaik.Shamela0021944-ara1,2
openiti:0911Suyuti.HamcHawamic,0911Suyuti.HamcHawamic,Multiple OpenITI digital versions of one work,0911Suyuti.HamcHawamic.JK006705-ara1 | 0911Suyuti.HamcHawamic.Shamela0006975-ara1,2
openiti:0911Suyuti.HawiLiFatawi,0911Suyuti.HawiLiFatawi,Multiple OpenITI digital versions of one work,0911Suyuti.HawiLiFatawi.JK009241-ara1 | 0911Suyuti.HawiLiFatawi.Shamela0021723-ara1,2
openiti:0911Suyuti.HusnMuhadara,0911Suyuti.HusnMuhadara,Multiple OpenITI digital versions of one work,0911Suyuti.HusnMuhadara.JK010772-ara1 | 0911Suyuti.HusnMuhadara.Masaha004817Vols-ara1 | 0911Suyuti.HusnMuhadara.Rafed0002158Vols-ara1 | 0911Suyuti.HusnMuhadara.Shamela0003283-ara1,4
openiti:0911Suyuti.Iqtirah,0911Suyuti.Iqtirah,Multiple OpenITI digital versions of one work,0911Suyuti.Iqtirah.Sham19Y0014246-ara1 | 0911Suyuti.Iqtirah.Sham19Y0095692-ara1,2
openiti:0911Suyuti.IscafMubatta,0911Suyuti.IscafMubatta,Multiple OpenITI digital versions of one work,0911Suyuti.IscafMubatta.JK000550-ara1 | 0911Suyuti.IscafMubatta.ShamAY0034582-ara1 | 0911Suyuti.IscafMubatta.ShamAY0034624-ara1 | 0911Suyuti.IscafMubatta.Shamela0005849-ara1,4
openiti:0911Suyuti.IthafNubala,0911Suyuti.IthafNubala,Multiple OpenITI digital versions of one work,0911Suyuti.IthafNubala.ShamAY0036024-ara1 | 0911Suyuti.IthafNubala.ShamAY0036025-ara1,2
openiti:0911Suyuti.ItmamDiraya,0911Suyuti.ItmamDiraya,Multiple OpenITI digital versions of one work,0911Suyuti.ItmamDiraya.JK001046-ara1 | 0911Suyuti.ItmamDiraya.Shamela0010733-ara1,2
openiti:0911Suyuti.Itqan,0911Suyuti.Itqan,Multiple OpenITI digital versions of one work,0911Suyuti.Itqan.JK001295-ara1 | 0911Suyuti.Itqan.Shamela0011728-ara1 | 0911Suyuti.Itqan.Shia002675Vols-ara1,3
openiti:0911Suyuti.Ittibac,0911Suyuti.Ittibac,Multiple OpenITI digital versions of one work,0911Suyuti.Ittibac.JK009166-ara1 | 0911Suyuti.Ittibac.Shamela0006935-ara1,2
openiti:0911Suyuti.Izdihar,0911Suyuti.Izdihar,Multiple OpenITI digital versions of one work,0911Suyuti.Izdihar.JK010733-ara1 | 0911Suyuti.Izdihar.Shamela0000733-ara1,2
openiti:0911Suyuti.KhasaisKubra,0911Suyuti.KhasaisKubra,Multiple OpenITI digital versions of one work,0911Suyuti.KhasaisKubra.JK001303-ara1 | 0911Suyuti.KhasaisKubra.Shamela0006590-ara1,2
openiti:0911Suyuti.LaaliMasnuca,0911Suyuti.LaaliMasnuca,Multiple OpenITI digital versions of one work,0911Suyuti.LaaliMasnuca.JK005004-ara1 | 0911Suyuti.LaaliMasnuca.Shamela0006062-ara1,2
openiti:0911Suyuti.LubabHadith,0911Suyuti.LubabHadith,Multiple OpenITI digital versions of one work,0911Suyuti.LubabHadith.JK009250-ara1 | 0911Suyuti.LubabHadith.ShamAY0033052-ara1,2
openiti:0911Suyuti.LubabNuqul,0911Suyuti.LubabNuqul,Multiple OpenITI digital versions of one work,0911Suyuti.LubabNuqul.JK000436-ara1 | 0911Suyuti.LubabNuqul.ShamAY0034090-ara1 | 0911Suyuti.LubabNuqul.Shamela0002247-ara1 | 0911Suyuti.LubabNuqul.Shia002684-ara1,4
openiti:0911Suyuti.LubbLubab,0911Suyuti.LubbLubab,Multiple OpenITI digital versions of one work,0911Suyuti.LubbLubab.JK009222-ara1 | 0911Suyuti.LubbLubab.Shamela0007418-ara1 | 0911Suyuti.LubbLubab.Zaydiyya0000205-ara1,3
openiti:0911Suyuti.LumacFiAsbabHadith,0911Suyuti.LumacFiAsbabHadith,Multiple OpenITI digital versions of one work,0911Suyuti.LumacFiAsbabHadith.JK000423-ara1 | 0911Suyuti.LumacFiAsbabHadith.ShamAY0033525-ara1 | 0911Suyuti.LumacFiAsbabHadith.Shamela0000976-ara1,3
openiti:0911Suyuti.LumcaFiKhasaisJumca,0911Suyuti.LumcaFiKhasaisJumca,Multiple OpenITI digital versions of one work,0911Suyuti.LumcaFiKhasaisJumca.JK000263-ara1 | 0911Suyuti.LumcaFiKhasaisJumca.Shamela0010747-ara1,2
openiti:0911Suyuti.LumcaFiTahqiq,0911Suyuti.LumcaFiTahqiq,Multiple OpenITI digital versions of one work,0911Suyuti.LumcaFiTahqiq.JK001217-ara1 | 0911Suyuti.LumcaFiTahqiq.Shamela0006253-ara1,2
openiti:0911Suyuti.MadrajIlaMudraj,0911Suyuti.MadrajIlaMudraj,Multiple OpenITI digital versions of one work,0911Suyuti.MadrajIlaMudraj.JK000836-ara1 | 0911Suyuti.MadrajIlaMudraj.ShamAY0034019-ara1 | 0911Suyuti.MadrajIlaMudraj.Shamela0005955-ara1,3
openiti:0911Suyuti.MatlacBadrayn,0911Suyuti.MatlacBadrayn,Multiple OpenITI digital versions of one work,0911Suyuti.MatlacBadrayn.JK010224-ara1 | 0911Suyuti.MatlacBadrayn.Shamela0026551-ara1,2
openiti:0911Suyuti.MiftahJanna,0911Suyuti.MiftahJanna,Multiple OpenITI digital versions of one work,0911Suyuti.MiftahJanna.JK000250-ara1 | 0911Suyuti.MiftahJanna.Shamela0004864-ara1,2
openiti:0911Suyuti.MimmaRawahuAsatin,0911Suyuti.MimmaRawahuAsatin,Multiple OpenITI digital versions of one work,0911Suyuti.MimmaRawahuAsatin.JK010191-ara1 | 0911Suyuti.MimmaRawahuAsatin.Shamela0000191-ara1,2
openiti:0911Suyuti.MinhajSawi,0911Suyuti.MinhajSawi,Multiple OpenITI digital versions of one work,0911Suyuti.MinhajSawi.ShamAY0034251BK1-ara1 | 0911Suyuti.MinhajSawi.Shia000861VolsBK1-ara1,2
openiti:0911Suyuti.MisbahZujaja,0911Suyuti.MisbahZujaja,Multiple OpenITI digital versions of one work,0911Suyuti.MisbahZujaja.JK000555-ara1 | 0911Suyuti.MisbahZujaja.Shamela0000791-ara1,2
openiti:0911Suyuti.MucjamMaqalid,0911Suyuti.MucjamMaqalid,Multiple OpenITI digital versions of one work,0911Suyuti.MucjamMaqalid.JK009184-ara1 | 0911Suyuti.MucjamMaqalid.Shamela0007039-ara1,2
openiti:0911Suyuti.MufhimatAqran,0911Suyuti.MufhimatAqran,Multiple OpenITI digital versions of one work,0911Suyuti.MufhimatAqran.JK009252-ara1 | 0911Suyuti.MufhimatAqran.Shamela0026582-ara1,2
openiti:0911Suyuti.MuhadhdhabFimaWaqaca,0911Suyuti.MuhadhdhabFimaWaqaca,Multiple OpenITI digital versions of one work,0911Suyuti.MuhadhdhabFimaWaqaca.JK009264-ara1 | 0911Suyuti.MuhadhdhabFimaWaqaca.ShamAY0034093-ara1 | 0911Suyuti.MuhadhdhabFimaWaqaca.Shamela0026097-ara1,3
openiti:0911Suyuti.MuntaqaYanbuc,0911Suyuti.MuntaqaYanbuc,Multiple OpenITI digital versions of one work,0911Suyuti.MuntaqaYanbuc.ShamAY0034251BK2-ara1 | 0911Suyuti.MuntaqaYanbuc.Shia000861VolsBK2-ara1,2
openiti:0911Suyuti.MuzhirFiCulumLugha,0911Suyuti.MuzhirFiCulumLugha,Multiple OpenITI digital versions of one work,0911Suyuti.MuzhirFiCulumLugha.JK001460-ara1 | 0911Suyuti.MuzhirFiCulumLugha.Shamela0006936-ara1,2
openiti:0911Suyuti.NazmCiqyan,0911Suyuti.NazmCiqyan,Multiple OpenITI digital versions of one work,0911Suyuti.NazmCiqyan.JK009212-ara1 | 0911Suyuti.NazmCiqyan.Shamela0009061-ara1,2
openiti:0911Suyuti.NuzhatJulasa,0911Suyuti.NuzhatJulasa,Multiple OpenITI digital versions of one work,0911Suyuti.NuzhatJulasa.JK010730-ara1 | 0911Suyuti.NuzhatJulasa.Shamela0008200-ara1,2
openiti:0911Suyuti.RawdAniqFiFadlSiddiq,0911Suyuti.RawdAniqFiFadlSiddiq,Multiple OpenITI digital versions of one work,0911Suyuti.RawdAniqFiFadlSiddiq.JK010194-ara1 | 0911Suyuti.RawdAniqFiFadlSiddiq.Shamela0000194-ara1,2
openiti:0911Suyuti.RihNisrin,0911Suyuti.RihNisrin,Multiple OpenITI digital versions of one work,0911Suyuti.RihNisrin.JK000851-ara1 | 0911Suyuti.RihNisrin.Shamela0005802-ara1,2
openiti:0911Suyuti.SababWadc,0911Suyuti.SababWadc,Multiple OpenITI digital versions of one work,0911Suyuti.SababWadc.JK001221-ara1 | 0911Suyuti.SababWadc.Shamela0006993-ara1,2
openiti:0911Suyuti.ShamailSharifa,0911Suyuti.ShamailSharifa,Multiple OpenITI digital versions of one work,0911Suyuti.ShamailSharifa.JK001239-ara1 | 0911Suyuti.ShamailSharifa.Shamela0006589-ara1,2
openiti:0911Suyuti.Shamarikh,0911Suyuti.Shamarikh,Multiple OpenITI digital versions of one work,0911Suyuti.Shamarikh.JK000406-ara1 | 0911Suyuti.Shamarikh.ShamAY0033817-ara1 | 0911Suyuti.Shamarikh.Shamela0007650-ara1,3
openiti:0911Suyuti.SharhSudur,0911Suyuti.SharhSudur,Multiple OpenITI digital versions of one work,0911Suyuti.SharhSudur.JK001227-ara1 | 0911Suyuti.SharhSudur.Shamela0006485-ara1,2
openiti:0911Suyuti.SharhSunanNasai,0911Suyuti.SharhSunanNasai,Multiple OpenITI digital versions of one work,0911Suyuti.SharhSunanNasai.JK000553-ara1 | 0911Suyuti.SharhSunanNasai.ShamAY0033910-ara1 | 0911Suyuti.SharhSunanNasai.Shamela0000360-ara1 | 0911Suyuti.SharhSunanNasai.Shia001837Vols-ara1,4
openiti:0911Suyuti.SifatSahibDhawqSalim,0911Suyuti.SifatSahibDhawqSalim,Multiple OpenITI digital versions of one work,0911Suyuti.SifatSahibDhawqSalim.JK010262-ara1 | 0911Suyuti.SifatSahibDhawqSalim.Shamela0001345-ara1,2
openiti:0911Suyuti.TabaqatHuffaz,0911Suyuti.TabaqatHuffaz,Multiple OpenITI digital versions of one work,0911Suyuti.TabaqatHuffaz.JK000753-ara1 | 0911Suyuti.TabaqatHuffaz.Shamela0005823-ara1,2
openiti:0911Suyuti.TabaqatMufassirin,0911Suyuti.TabaqatMufassirin,Multiple OpenITI digital versions of one work,0911Suyuti.TabaqatMufassirin.JK000442-ara1 | 0911Suyuti.TabaqatMufassirin.Shamela0006234-ara1,2
openiti:0911Suyuti.TabarriMinMacarratMacarri,0911Suyuti.TabarriMinMacarratMacarri,Multiple OpenITI digital versions of one work,0911Suyuti.TabarriMinMacarratMacarri.JK010781-ara1 | 0911Suyuti.TabarriMinMacarratMacarri.Shamela0000781-ara1,2
openiti:0911Suyuti.TadhkiratMutasi,0911Suyuti.TadhkiratMutasi,Multiple OpenITI digital versions of one work,0911Suyuti.TadhkiratMutasi.JK000684-ara1 | 0911Suyuti.TadhkiratMutasi.Shamela0006021-ara1,2
openiti:0911Suyuti.TadribRawi,0911Suyuti.TadribRawi,Multiple OpenITI digital versions of one work,0911Suyuti.TadribRawi.JK000138-ara1 | 0911Suyuti.TadribRawi.ShamAY0034038-ara1 | 0911Suyuti.TadribRawi.Shamela0009329-ara1,3
openiti:0911Suyuti.TafsirJalalayn,0911Suyuti.TafsirJalalayn,Multiple OpenITI digital versions of one work,0911Suyuti.TafsirJalalayn.JK000818-ara1 | 0911Suyuti.TafsirJalalayn.Shamela0012876-ara1 | 0911Suyuti.TafsirJalalayn.Shia002669-ara1 | 0911Suyuti.TafsirJalalayn.Tafsir01008-ara1,4
openiti:0911Suyuti.TahdhirKhawass,0911Suyuti.TahdhirKhawass,Multiple OpenITI digital versions of one work,0911Suyuti.TahdhirKhawass.JK001258-ara1 | 0911Suyuti.TahdhirKhawass.Shamela0006073-ara1,2
openiti:0911Suyuti.TakhirZalama,0911Suyuti.TakhirZalama,Multiple OpenITI digital versions of one work,0911Suyuti.TakhirZalama.Shamela0011429-ara1 | 0911Suyuti.TakhirZalama.Shamela0096851-ara1,2
openiti:0911Suyuti.TakrirIstinad,0911Suyuti.TakrirIstinad,Multiple OpenITI digital versions of one work,0911Suyuti.TakrirIstinad.JK000297-ara1 | 0911Suyuti.TakrirIstinad.Shamela0006344-ara1,2
openiti:0911Suyuti.TanwirHawalik,0911Suyuti.TanwirHawalik,Multiple OpenITI digital versions of one work,0911Suyuti.TanwirHawalik.JK000556-ara1 | 0911Suyuti.TanwirHawalik.ShamAY0033522-ara2 | 0911Suyuti.TanwirHawalik.ShamAY0033528-ara1 | 0911Suyuti.TanwirHawalik.Shamela0005757-ara1,4
openiti:0911Suyuti.TarikhKhulafa,0911Suyuti.TarikhKhulafa,Multiple OpenITI digital versions of one work,0911Suyuti.TarikhKhulafa.JK000117-ara1 | 0911Suyuti.TarikhKhulafa.ShamAY0033820-ara1 | 0911Suyuti.TarikhKhulafa.Shamela0011997-ara1,3
openiti:0911Suyuti.Tatrif,0911Suyuti.Tatrif,Multiple OpenITI digital versions of one work,0911Suyuti.Tatrif.JK000665-ara1 | 0911Suyuti.Tatrif.Shamela0006001-ara1,2
openiti:0911Suyuti.TuhfatAbrar,0911Suyuti.TuhfatAbrar,Multiple OpenITI digital versions of one work,0911Suyuti.TuhfatAbrar.JK009249-ara1 | 0911Suyuti.TuhfatAbrar.Shamela0021560-ara1,2
openiti:0914IbnYahyaWansharisi.AsnaMatajir,0914IbnYahyaWansharisi.AsnaMatajir,Multiple OpenITI digital versions of one work,0914IbnYahyaWansharisi.AsnaMatajir.JK001192-ara1 | 0914IbnYahyaWansharisi.AsnaMatajir.Shamela0006243-ara1,2
openiti:0914IbnYahyaWansharisi.IdahMasalik,0914IbnYahyaWansharisi.IdahMasalik,Multiple OpenITI digital versions of one work,0914IbnYahyaWansharisi.IdahMasalik.Sham19Y0132374-ara1 | 0914IbnYahyaWansharisi.IdahMasalik.Sham19Y0133360-ara1,2
openiti:0914SarimDinWaziri.FusulLuluiyya,0914SarimDinWaziri.FusulLuluiyya,Multiple OpenITI digital versions of one work,0914SarimDinWaziri.FusulLuluiyya.Zaydiyya0000066-ara1 | 0914SarimDinWaziri.FusulLuluiyya.Zaydiyya0000273-ara1,2
openiti:0914SarimDinWaziri.MukhtasarFiCulumHadith,0914SarimDinWaziri.MukhtasarFiCulumHadith,Multiple OpenITI digital versions of one work,0914SarimDinWaziri.MukhtasarFiCulumHadith.Zaydiyya0000252-ara1 | 0914SarimDinWaziri.MukhtasarFiCulumHadith.Zaydiyya0000470-ara1,2
openiti:0918BafadlHadrami.MuqaddimaHadramiyya,0918BafadlHadrami.MuqaddimaHadramiyya,Multiple OpenITI digital versions of one work,0918BafadlHadrami.MuqaddimaHadramiyya.JK000243-ara1 | 0918BafadlHadrami.MuqaddimaHadramiyya.Shamela0006125-ara1,2
openiti:0919IbnGhaziMiknasi.TacallulBiRusumIsnad,0919IbnGhaziMiknasi.TacallulBiRusumIsnad,Multiple OpenITI digital versions of one work,0919IbnGhaziMiknasi.TacallulBiRusumIsnad.JK001251BK2-ara1 | 0919IbnGhaziMiknasi.TacallulBiRusumIsnad.Shamela0010736BK2-ara1,2
openiti:0920IbnKhalilZaynDinMalati.GhayatSul,0920IbnKhalilZaynDinMalati.GhayatSul,Multiple OpenITI digital versions of one work,0920IbnKhalilZaynDinMalati.GhayatSul.JK001093-ara1 | 0920IbnKhalilZaynDinMalati.GhayatSul.Shamela0006591-ara1,2
openiti:0920IbnKhalilZaynDinMalati.NaylAmal,0920IbnKhalilZaynDinMalati.NaylAmal,Multiple OpenITI digital versions of one work,0920IbnKhalilZaynDinMalati.NaylAmal.Sham19Y0017097-ara1 | 0920IbnKhalilZaynDinMalati.NaylAmal.Sham30K0046779-ara1,2
openiti:0923IbnCabdAllahKhazraji.KhulasatTadhhibTahdhibKamal,0923IbnCabdAllahKhazraji.KhulasatTadhhibTahdhibKamal,Multiple OpenITI digital versions of one work,0923IbnCabdAllahKhazraji.KhulasatTadhhibTahdhibKamal.JK006672BK1-ara1 | 0923IbnCabdAllahKhazraji.KhulasatTadhhibTahdhibKamal.Shamela0005858BK1-ara1 | 0923IbnCabdAllahKhazraji.KhulasatTadhhibTahdhibKamal.Shia002282BK1-ara1,3
openiti:0925IbnCabdWahhabAcraj.TahrirSuluk,0925IbnCabdWahhabAcraj.TahrirSuluk,Multiple OpenITI digital versions of one work,0925IbnCabdWahhabAcraj.TahrirSuluk.JK001312-ara1 | 0925IbnCabdWahhabAcraj.TahrirSuluk.Shamela0007237-ara1,2
openiti:0926ZakariyyaAnsari.AsnaMatalib,0926ZakariyyaAnsari.AsnaMatalib,Multiple OpenITI digital versions of one work,0926ZakariyyaAnsari.AsnaMatalib.JK007113-ara1 | 0926ZakariyyaAnsari.AsnaMatalib.Shamela0011468BK1-ara1,2
openiti:0926ZakariyyaAnsari.FathWahhab,0926ZakariyyaAnsari.FathWahhab,Multiple OpenITI digital versions of one work,0926ZakariyyaAnsari.FathWahhab.JK000204-ara1 | 0926ZakariyyaAnsari.FathWahhab.JK007101-ara1 | 0926ZakariyyaAnsari.FathWahhab.ShamAY0034253-ara1 | 0926ZakariyyaAnsari.FathWahhab.Shamela0012036-ara1 | 0926ZakariyyaAnsari.FathWahhab.Shia000869Vols-ara1,5
openiti:0926ZakariyyaAnsari.GhayatWusul,0926ZakariyyaAnsari.GhayatWusul,Multiple OpenITI digital versions of one work,0926ZakariyyaAnsari.GhayatWusul.JK009279-ara1 | 0926ZakariyyaAnsari.GhayatWusul.Shamela0009112-ara1,2
openiti:0926ZakariyyaAnsari.HududAniqa,0926ZakariyyaAnsari.HududAniqa,Multiple OpenITI digital versions of one work,0926ZakariyyaAnsari.HududAniqa.JK000245-ara1 | 0926ZakariyyaAnsari.HududAniqa.Shamela0007036-ara1,2
openiti:0926ZakariyyaAnsari.ManhajTullab,0926ZakariyyaAnsari.ManhajTullab,Multiple OpenITI digital versions of one work,0926ZakariyyaAnsari.ManhajTullab.JK000304-ara1 | 0926ZakariyyaAnsari.ManhajTullab.Shamela0012100-ara1,2
openiti:0926ZakariyyaAnsari.MaqsidLiTalkhis,0926ZakariyyaAnsari.MaqsidLiTalkhis,Multiple OpenITI digital versions of one work,0926ZakariyyaAnsari.MaqsidLiTalkhis.JK009295-ara1 | 0926ZakariyyaAnsari.MaqsidLiTalkhis.Shamela0010917-ara1,2
openiti:0926ZakariyyaAnsari.Munfarijatan,0926ZakariyyaAnsari.Munfarijatan,Multiple OpenITI digital versions of one work,0926ZakariyyaAnsari.Munfarijatan.JK006951-ara1 | 0926ZakariyyaAnsari.Munfarijatan.JK006952-ara1 | 0926ZakariyyaAnsari.Munfarijatan.Shamela0006167-ara1,3
openiti:0927Culaymi.UnsJalil,0927Culaymi.UnsJalil,Multiple OpenITI digital versions of one work,0927Culaymi.UnsJalil.JK003501-ara1 | 0927Culaymi.UnsJalil.Shamela0006626-ara1,2
openiti:0927Nucaymi.DarisFiMadaris,0927Nucaymi.DarisFiMadaris,Multiple OpenITI digital versions of one work,0927Nucaymi.DarisFiMadaris.JK000417-ara1 | 0927Nucaymi.DarisFiMadaris.Masaha004642Vols-ara1 | 0927Nucaymi.DarisFiMadaris.Shamela0008880-ara1,3
openiti:0930IbnCumarBahraqHadrami.HadaiqAnwar,0930IbnCumarBahraqHadrami.HadaiqAnwar,Multiple OpenITI digital versions of one work,0930IbnCumarBahraqHadrami.HadaiqAnwar.JK007021-ara1 | 0930IbnCumarBahraqHadrami.HadaiqAnwar.Shamela0009795-ara1,2
openiti:0930IbnIyas.NuzhatUmam,0930IbnIyas.NuzhatUmam,Multiple OpenITI digital versions of one work,0930IbnIyas.NuzhatUmam.Masaha004846-ara1 | 0930IbnIyas.NuzhatUmam.Rafed0002538-ara1,2
openiti:0938IbnCaliBalawi.Thabat,0938IbnCaliBalawi.Thabat,Multiple OpenITI digital versions of one work,0938IbnCaliBalawi.Thabat.JK001251BK1-ara1 | 0938IbnCaliBalawi.Thabat.Shamela0010736BK1-ara1,2
openiti:0939IbnKayyal.KawakibNayyirat,0939IbnKayyal.KawakibNayyirat,Multiple OpenITI digital versions of one work,0939IbnKayyal.KawakibNayyirat.JK000500-ara1 | 0939IbnKayyal.KawakibNayyirat.ShamAY0034617-ara1 | 0939IbnKayyal.KawakibNayyirat.Shamela0000309-ara1 | 0939IbnKayyal.KawakibNayyirat.Shia003352-ara1,4
openiti:0942IbnYusufShami.SubulHuda,0942IbnYusufShami.SubulHuda,Multiple OpenITI digital versions of one work,0942IbnYusufShami.SubulHuda.JK009313-ara1 | 0942IbnYusufShami.SubulHuda.Masaha002207Vols-ara1 | 0942IbnYusufShami.SubulHuda.Shamela0001693-ara1 | 0942IbnYusufShami.SubulHuda.Shia003732Vols-ara1,4
openiti:0944IbnDaybac.MukaffiratDhunub,0944IbnDaybac.MukaffiratDhunub,Multiple OpenITI digital versions of one work,0944IbnDaybac.MukaffiratDhunub.JK010204-ara1 | 0944IbnDaybac.MukaffiratDhunub.Shamela0028114-ara1,2
openiti:0944IbnDaybac.NashrMahasin,0944IbnDaybac.NashrMahasin,Multiple OpenITI digital versions of one work,0944IbnDaybac.NashrMahasin.Masaha004524-ara1 | 0944IbnDaybac.NashrMahasin.Rafed0002551-ara1,2
openiti:0953IbnTulun.AhadithMia,0953IbnTulun.AhadithMia,Multiple OpenITI digital versions of one work,0953IbnTulun.AhadithMia.JK000846-ara1 | 0953IbnTulun.AhadithMia.Shamela0005640-ara1,2
openiti:0953IbnTulun.FassKhawatim,0953IbnTulun.FassKhawatim,Multiple OpenITI digital versions of one work,0953IbnTulun.FassKhawatim.JK010656-ara1 | 0953IbnTulun.FassKhawatim.Shamela0000656-ara1,2
openiti:0953IbnTulun.MufakahaKhillan,0953IbnTulun.MufakahaKhillan,Multiple OpenITI digital versions of one work,0953IbnTulun.MufakahaKhillan.JK009290-ara1 | 0953IbnTulun.MufakahaKhillan.Shamela0026578-ara1,2
openiti:0954HattabRucayniMaghribi.MawahibJalil,0954HattabRucayniMaghribi.MawahibJalil,Multiple OpenITI digital versions of one work,0954HattabRucayniMaghribi.MawahibJalil.JK000281-ara1 | 0954HattabRucayniMaghribi.MawahibJalil.ShamAY0034227-ara1 | 0954HattabRucayniMaghribi.MawahibJalil.Shamela0000569-ara1 | 0954HattabRucayniMaghribi.MawahibJalil.Shia000906Vols-ara1,4
openiti:0956IbnMuhammadHalabiHanafi.NicmatDharica,0956IbnMuhammadHalabiHanafi.NicmatDharica,Multiple OpenITI digital versions of one work,0956IbnMuhammadHalabiHanafi.NicmatDharica.JK001017-ara1 | 0956IbnMuhammadHalabiHanafi.NicmatDharica.Shamela0006558-ara1,2
openiti:0957ShihabDinRamli.FatawaRamli,0957ShihabDinRamli.FatawaRamli,Multiple OpenITI digital versions of one work,0957ShihabDinRamli.FatawaRamli.JK011712-ara1 | 0957ShihabDinRamli.FatawaRamli.Shamela0021623-ara1,2
openiti:0957ShihabDinRamli.HashiyatKanzRaghibin,0957ShihabDinRamli.HashiyatKanzRaghibin,Multiple OpenITI digital versions of one work,0957ShihabDinRamli.HashiyatKanzRaghibin.JK007142-ara1 | 0957ShihabDinRamli.HashiyatKanzRaghibin.Shamela0021843BK3-ara1,2
openiti:0963CabdRahmanAbuFathCabbasi.MacahidTansis,0963CabdRahmanAbuFathCabbasi.MacahidTansis,Multiple OpenITI digital versions of one work,0963CabdRahmanAbuFathCabbasi.MacahidTansis.JK001477-ara1 | 0963CabdRahmanAbuFathCabbasi.MacahidTansis.Shamela0006951-ara1,2
openiti:0963IbnMuhammadIbnCiraqKanani.TanzihSharica,0963IbnMuhammadIbnCiraqKanani.TanzihSharica,Multiple OpenITI digital versions of one work,0963IbnMuhammadIbnCiraqKanani.TanzihSharica.JK005005-ara1 | 0963IbnMuhammadIbnCiraqKanani.TanzihSharica.Shamela0001432-ara1,2
openiti:0965ShahidThani.MasalikAfham,0965ShahidThani.MasalikAfham,Multiple OpenITI digital versions of one work,0965ShahidThani.MasalikAfham.Masaha001193Vols-ara1 | 0965ShahidThani.MasalikAfham.Shia000163VolsBK2-ara1,2
openiti:0965ShahidThani.MunyatMurid,0965ShahidThani.MunyatMurid,Multiple OpenITI digital versions of one work,0965ShahidThani.MunyatMurid.Masaha004698-ara1 | 0965ShahidThani.MunyatMurid.Shia001402-ara1,2
openiti:0965ShahidThani.MusakkinFuad,0965ShahidThani.MusakkinFuad,Multiple OpenITI digital versions of one work,0965ShahidThani.MusakkinFuad.Masaha004835-ara1 | 0965ShahidThani.MusakkinFuad.Shia001401-ara1,2
openiti:0965ShahidThani.RawdaBahiyya,0965ShahidThani.RawdaBahiyya,Multiple OpenITI digital versions of one work,0965ShahidThani.RawdaBahiyya.Masaha000586-ara1 | 0965ShahidThani.RawdaBahiyya.Masaha001142Vols-ara1 | 0965ShahidThani.RawdaBahiyya.Shia000153Vols-ara1 | 0965ShahidThani.RawdaBahiyya.Zaydiyya0000218-ara1,4
openiti:0965ShahidThani.TamhidQawacid,0965ShahidThani.TamhidQawacid,Multiple OpenITI digital versions of one work,0965ShahidThani.TamhidQawacid.Masaha001151-ara1 | 0965ShahidThani.TamhidQawacid.Rafed001344-ara1,2
openiti:0966HusaynDiyarbakri.TarikhKhamis,0966HusaynDiyarbakri.TarikhKhamis,Multiple OpenITI digital versions of one work,0966HusaynDiyarbakri.TarikhKhamis.Masaha001961Vols-ara1 | 0966HusaynDiyarbakri.TarikhKhamis.Shamela0009784-ara1,2
openiti:0968IbnAhmadAbuNajaHajjawi.ZadMustaqnic,0968IbnAhmadAbuNajaHajjawi.ZadMustaqnic,Multiple OpenITI digital versions of one work,0968IbnAhmadAbuNajaHajjawi.ZadMustaqnic.JK000790-ara1 | 0968IbnAhmadAbuNajaHajjawi.ZadMustaqnic.ShamAY0034267-ara1 | 0968IbnAhmadAbuNajaHajjawi.ZadMustaqnic.Shamela0011230-ara1,3
openiti:0968Tashkuprizadah.ShaqaiqNucmaniyya,0968Tashkuprizadah.ShaqaiqNucmaniyya,Multiple OpenITI digital versions of one work,0968Tashkuprizadah.ShaqaiqNucmaniyya.JK000421-ara1 | 0968Tashkuprizadah.ShaqaiqNucmaniyya.Shamela0006723BK1-ara1,2
openiti:0970IbnIbrahimIbnNujaymMisri.AshbahWaNazair,0970IbnIbrahimIbnNujaymMisri.AshbahWaNazair,Multiple OpenITI digital versions of one work,0970IbnIbrahimIbnNujaymMisri.AshbahWaNazair.Kraken220425154200-ara1 | 0970IbnIbrahimIbnNujaymMisri.AshbahWaNazair.Shamela0001666-ara1,2
openiti:0970IbnIbrahimIbnNujaymMisri.BahrRaiq,0970IbnIbrahimIbnNujaymMisri.BahrRaiq,Multiple OpenITI digital versions of one work,0970IbnIbrahimIbnNujaymMisri.BahrRaiq.JK000189BK1-ara1 | 0970IbnIbrahimIbnNujaymMisri.BahrRaiq.ShamAY0034204BK1-ara1 | 0970IbnIbrahimIbnNujaymMisri.BahrRaiq.Shamela0012227BK1-ara1 | 0970IbnIbrahimIbnNujaymMisri.BahrRaiq.Shia000973Vols-ara1,4
openiti:0971IbnIbrahimIbnHanbaliHalabi.QafwAthar,0971IbnIbrahimIbnHanbaliHalabi.QafwAthar,Multiple OpenITI digital versions of one work,0971IbnIbrahimIbnHanbaliHalabi.QafwAthar.JK000989-ara1 | 0971IbnIbrahimIbnHanbaliHalabi.QafwAthar.Shamela0001531-ara1,2
openiti:0971IbnIbrahimIbnHanbaliHalabi.SahmAlhaz,0971IbnIbrahimIbnHanbaliHalabi.SahmAlhaz,Multiple OpenITI digital versions of one work,0971IbnIbrahimIbnHanbaliHalabi.SahmAlhaz.JK006915-ara1 | 0971IbnIbrahimIbnHanbaliHalabi.SahmAlhaz.Shamela0006921-ara1,2
openiti:0972IbnAhmadIbnNajjarHanbali.SharhKawkabMunir,0972IbnAhmadIbnNajjarHanbali.SharhKawkabMunir,Multiple OpenITI digital versions of one work,0972IbnAhmadIbnNajjarHanbali.SharhKawkabMunir.JK009286-ara1 | 0972IbnAhmadIbnNajjarHanbali.SharhKawkabMunir.Shamela0012019-ara1,2
openiti:0972IbnMahmudAmirBadishahBukhari.TaysirTahrir,0972IbnMahmudAmirBadishahBukhari.TaysirTahrir,Multiple OpenITI digital versions of one work,0972IbnMahmudAmirBadishahBukhari.TaysirTahrir.JK007098-ara1 | 0972IbnMahmudAmirBadishahBukhari.TaysirTahrir.ShamAY0032376-ara1 | 0972IbnMahmudAmirBadishahBukhari.TaysirTahrir.Shamela0006327-ara1,3
openiti:0973CabdWahhabShacrani.LawaqihAnwar,0973CabdWahhabShacrani.LawaqihAnwar,Multiple OpenITI digital versions of one work,0973CabdWahhabShacrani.LawaqihAnwar.JK009301-ara1 | 0973CabdWahhabShacrani.LawaqihAnwar.Shamela0009627-ara1,2
openiti:0974IbnHajarHaytami.FatawaHadithiyya,0974IbnHajarHaytami.FatawaHadithiyya,Multiple OpenITI digital versions of one work,0974IbnHajarHaytami.FatawaHadithiyya.JK009273-ara1 | 0974IbnHajarHaytami.FatawaHadithiyya.ShamAY0034350-ara2 | 0974IbnHajarHaytami.FatawaHadithiyya.Shamela0001922-ara1,3
openiti:0974IbnHajarHaytami.FatawaKubra,0974IbnHajarHaytami.FatawaKubra,Multiple OpenITI digital versions of one work,0974IbnHajarHaytami.FatawaKubra.JK007074-ara1 | 0974IbnHajarHaytami.FatawaKubra.Shamela0021628-ara1,2
openiti:0974IbnHajarHaytami.IfsahCanHadithNikah,0974IbnHajarHaytami.IfsahCanHadithNikah,Multiple OpenITI digital versions of one work,0974IbnHajarHaytami.IfsahCanHadithNikah.JK000678-ara1 | 0974IbnHajarHaytami.IfsahCanHadithNikah.Shamela0006247-ara1,2
openiti:0974IbnHajarHaytami.Inafa,0974IbnHajarHaytami.Inafa,Multiple OpenITI digital versions of one work,0974IbnHajarHaytami.Inafa.JK009318-ara1 | 0974IbnHajarHaytami.Inafa.Shamela0012570-ara1,2
openiti:0974IbnHajarHaytami.MablaghArab,0974IbnHajarHaytami.MablaghArab,Multiple OpenITI digital versions of one work,0974IbnHajarHaytami.MablaghArab.JK009334-ara1 | 0974IbnHajarHaytami.MablaghArab.Shamela0000661-ara1,2
openiti:0974IbnHajarHaytami.ManhajQawim,0974IbnHajarHaytami.ManhajQawim,Multiple OpenITI digital versions of one work,0974IbnHajarHaytami.ManhajQawim.JK000203-ara1 | 0974IbnHajarHaytami.ManhajQawim.Shamela0009973-ara1,2
openiti:0974IbnHajarHaytami.SawaciqMuhriqa,0974IbnHajarHaytami.SawaciqMuhriqa,Multiple OpenITI digital versions of one work,0974IbnHajarHaytami.SawaciqMuhriqa.JK001324-ara1 | 0974IbnHajarHaytami.SawaciqMuhriqa.Shamela0006544-ara1,2
openiti:0974IbnHajarHaytami.Zawajir,0974IbnHajarHaytami.Zawajir,Multiple OpenITI digital versions of one work,0974IbnHajarHaytami.Zawajir.JK007070-ara1 | 0974IbnHajarHaytami.Zawajir.ShamAY0033753-ara1 | 0974IbnHajarHaytami.Zawajir.Shamela0021629-ara1,3
openiti:0975MuttaqiHindi.KanzCummal,0975MuttaqiHindi.KanzCummal,Multiple OpenITI digital versions of one work,0975MuttaqiHindi.KanzCummal.JK008001-ara1 | 0975MuttaqiHindi.KanzCummal.Shamela0002677-ara1 | 0975MuttaqiHindi.KanzCummal.Shia002265Vols-ara1,3
openiti:0977KhatibShirbini.Iqnac,0977KhatibShirbini.Iqnac,Multiple OpenITI digital versions of one work,0977KhatibShirbini.Iqnac.JK000291-ara1 | 0977KhatibShirbini.Iqnac.Shamela0006121-ara1 | 0977KhatibShirbini.Iqnac.Shia000871Vols-ara1,3
openiti:0977KhatibShirbini.MughniMuhtaj,0977KhatibShirbini.MughniMuhtaj,Multiple OpenITI digital versions of one work,0977KhatibShirbini.MughniMuhtaj.JK000888-ara1 | 0977KhatibShirbini.MughniMuhtaj.ShamAY0034254-ara1 | 0977KhatibShirbini.MughniMuhtaj.Shamela0011444BK2-ara1 | 0977KhatibShirbini.MughniMuhtaj.Shia000873Vols-ara1,4
openiti:0977KhatibShirbini.SirajMunir,0977KhatibShirbini.SirajMunir,Multiple OpenITI digital versions of one work,0977KhatibShirbini.SirajMunir.ShamAY0034068-ara2 | 0977KhatibShirbini.SirajMunir.Shamela0001466-ara1,2
openiti:0978QasimQunawi.AnisFuqaha,0978QasimQunawi.AnisFuqaha,Multiple OpenITI digital versions of one work,0978QasimQunawi.AnisFuqaha.JK000205-ara1 | 0978QasimQunawi.AnisFuqaha.ShamAY0034684-ara1 | 0978QasimQunawi.AnisFuqaha.Shamela0010930-ara1,3
openiti:0982IbnMuhammadAbuSucud.IrshadCaqlSalim,0982IbnMuhammadAbuSucud.IrshadCaqlSalim,Multiple OpenITI digital versions of one work,0982IbnMuhammadAbuSucud.IrshadCaqlSalim.JK000458-ara1 | 0982IbnMuhammadAbuSucud.IrshadCaqlSalim.Shamela0001429-ara1 | 0982IbnMuhammadAbuSucud.IrshadCaqlSalim.Shia002686Vols-ara1 | 0982IbnMuhammadAbuSucud.IrshadCaqlSalim.Tafsir02028-ara1,4
openiti:0983IbnMuhammadSahgirAkhdari.MukhtasarFiCibadat,0983IbnMuhammadSahgirAkhdari.MukhtasarFiCibadat,Multiple OpenITI digital versions of one work,0983IbnMuhammadSahgirAkhdari.MukhtasarFiCibadat.JK009285-ara1 | 0983IbnMuhammadSahgirAkhdari.MukhtasarFiCibadat.ShamAY0031995-ara1 | 0983IbnMuhammadSahgirAkhdari.MukhtasarFiCibadat.Shamela0009548-ara1,3
openiti:0984BadrDinGhazzi.AdabCishra,0984BadrDinGhazzi.AdabCishra,Multiple OpenITI digital versions of one work,0984BadrDinGhazzi.AdabCishra.JK010253-ara1 | 0984BadrDinGhazzi.AdabCishra.Shamela0008186-ara1,2
openiti:0984BadrDinGhazzi.AdabMuwakala,0984BadrDinGhazzi.AdabMuwakala,Multiple OpenITI digital versions of one work,0984BadrDinGhazzi.AdabMuwakala.JK010254-ara1 | 0984BadrDinGhazzi.AdabMuwakala.Shamela0000466-ara1,2
openiti:0984BadrDinGhazzi.MatalicBadriya,0984BadrDinGhazzi.MatalicBadriya,Multiple OpenITI digital versions of one work,0984BadrDinGhazzi.MatalicBadriya.Rafed0002309-ara1 | 0984BadrDinGhazzi.MatalicBadriya.ShamAY0000450-ara1 | 0984BadrDinGhazzi.MatalicBadriya.Shamela0037060-ara1,3
openiti:0984BadrDinGhazzi.MurahFiMuzah,0984BadrDinGhazzi.MurahFiMuzah,Multiple OpenITI digital versions of one work,0984BadrDinGhazzi.MurahFiMuzah.JK009317-ara1 | 0984BadrDinGhazzi.MurahFiMuzah.Shamela0004126-ara1,2
openiti:0984HusaynBinCabdSamadCamili.CiqdHusayni,0984HusaynBinCabdSamadCamili.CiqdHusayni,Multiple OpenITI digital versions of one work,0984HusaynBinCabdSamadCamili.CiqdHusayni.Masaha001145-ara1 | 0984HusaynBinCabdSamadCamili.CiqdHusayni.Shia000178-ara1,2
openiti:0986IbnCaliFattani.TadhkiratMawducat,0986IbnCaliFattani.TadhkiratMawducat,Multiple OpenITI digital versions of one work,0986IbnCaliFattani.TadhkiratMawducat.Shamela0012738-ara1 | 0986IbnCaliFattani.TadhkiratMawducat.Shia002281-ara1,2
openiti:0987ZaynDinMalibari.FathMucin,0987ZaynDinMalibari.FathMucin,Multiple OpenITI digital versions of one work,0987ZaynDinMalibari.FathMucin.JK000228-ara1 | 0987ZaynDinMalibari.FathMucin.JK011226-ara1 | 0987ZaynDinMalibari.FathMucin.ShamAY0034252-ara1 | 0987ZaynDinMalibari.FathMucin.Shamela0011327-ara1 | 0987ZaynDinMalibari.FathMucin.Shia000877Vols-ara1,5
openiti:0987ZaynDinMalibari.IsticdadLiMawt,0987ZaynDinMalibari.IsticdadLiMawt,Multiple OpenITI digital versions of one work,0987ZaynDinMalibari.IsticdadLiMawt.JK010127-ara1 | 0987ZaynDinMalibari.IsticdadLiMawt.Shamela0000483-ara1,2
openiti:0989SharafDinCimriti.Tashil,0989SharafDinCimriti.Tashil,Multiple OpenITI digital versions of one work,0989SharafDinCimriti.Tashil.ShamAY0037471-ara1 | 0989SharafDinCimriti.Tashil.ShamAY0037586-ara1,2
openiti:0990QutbDinNahrawani.IclamBiAclam,0990QutbDinNahrawani.IclamBiAclam,Multiple OpenITI digital versions of one work,0990QutbDinNahrawani.IclamBiAclam.Masaha004217-ara1 | 0990QutbDinNahrawani.IclamBiAclam.Rafed0002400-ara1,2
openiti:0992CaliIbnBaliManq.KhayrKalam,0992CaliIbnBaliManq.KhayrKalam,Multiple OpenITI digital versions of one work,0992CaliIbnBaliManq.KhayrKalam.JK006913-ara1 | 0992CaliIbnBaliManq.KhayrKalam.Shamela0000310-ara1,2
openiti:0992IbnQasimCibadi.RisalaFiIsmFacil,0992IbnQasimCibadi.RisalaFiIsmFacil,Multiple OpenITI digital versions of one work,0992IbnQasimCibadi.RisalaFiIsmFacil.JK001047-ara1 | 0992IbnQasimCibadi.RisalaFiIsmFacil.Shamela0006992-ara1,2
openiti:0993MuhaqqiqArdabili.MajmacFaida,0993MuhaqqiqArdabili.MajmacFaida,Multiple OpenITI digital versions of one work,0993MuhaqqiqArdabili.MajmacFaida.Masaha001171Vols-ara1 | 0993MuhaqqiqArdabili.MajmacFaida.Shia000182VolsBK2-ara1,2
openiti:0993MuhaqqiqArdabili.RisalaUlaFiKharaj,0993MuhaqqiqArdabili.RisalaUlaFiKharaj,Multiple OpenITI digital versions of one work,0993MuhaqqiqArdabili.RisalaUlaFiKharaj.Masaha001141-ara1 | 0993MuhaqqiqArdabili.RisalaUlaFiKharaj.Shia000180BK1-ara1,2
openiti:1004ShamsDinRamli.GhayatBayan,1004ShamsDinRamli.GhayatBayan,Multiple OpenITI digital versions of one work,1004ShamsDinRamli.GhayatBayan.JK000172-ara1 | 1004ShamsDinRamli.GhayatBayan.Shamela0006136-ara1,2
openiti:1004ShamsDinRamli.NihayatMuhtaj,1004ShamsDinRamli.NihayatMuhtaj,Multiple OpenITI digital versions of one work,1004ShamsDinRamli.NihayatMuhtaj.JK007135-ara1 | 1004ShamsDinRamli.NihayatMuhtaj.Shamela0003565-ara1,2
openiti:1008DawudAntaki.TadhkiratUliAlbab,1008DawudAntaki.TadhkiratUliAlbab,Multiple OpenITI digital versions of one work,1008DawudAntaki.TadhkiratUliAlbab.Shia004673Vols-ara1 | 1008DawudAntaki.TadhkiratUliAlbab.Zaydiyya0000262-ara1,2
openiti:1008DawudAntaki.TazyinAswaq,1008DawudAntaki.TazyinAswaq,Multiple OpenITI digital versions of one work,1008DawudAntaki.TazyinAswaq.JK009233-ara1 | 1008DawudAntaki.TazyinAswaq.ShamAY0033794-ara1 | 1008DawudAntaki.TazyinAswaq.Shamela0000630-ara1,3
openiti:1010TaqiDinGhazzi.TabaqatSaniyya,1010TaqiDinGhazzi.TabaqatSaniyya,Multiple OpenITI digital versions of one work,1010TaqiDinGhazzi.TabaqatSaniyya.JK010322-ara1 | 1010TaqiDinGhazzi.TabaqatSaniyya.ShamAY0034662-ara1 | 1010TaqiDinGhazzi.TabaqatSaniyya.Shamela0000322-ara1,3
openiti:1014MullaCaliQari.Adilla,1014MullaCaliQari.Adilla,Multiple OpenITI digital versions of one work,1014MullaCaliQari.Adilla.JK000926-ara1 | 1014MullaCaliQari.Adilla.Shamela0006453-ara1,2
openiti:1014MullaCaliQari.AhadithQudsiyya,1014MullaCaliQari.AhadithQudsiyya,Multiple OpenITI digital versions of one work,1014MullaCaliQari.AhadithQudsiyya.Shamela0019482-ara1 | 1014MullaCaliQari.AhadithQudsiyya.Shamela0037652-ara1,2
openiti:1014MullaCaliQari.AsrarMarfuca,1014MullaCaliQari.AsrarMarfuca,Multiple OpenITI digital versions of one work,1014MullaCaliQari.AsrarMarfuca.JK001198-ara1 | 1014MullaCaliQari.AsrarMarfuca.Shamela0006056-ara1,2
openiti:1014MullaCaliQari.DhaylJawahirMudiya,1014MullaCaliQari.DhaylJawahirMudiya,Multiple OpenITI digital versions of one work,1014MullaCaliQari.DhaylJawahirMudiya.JK009262BK2-ara1 | 1014MullaCaliQari.DhaylJawahirMudiya.Shamela0006725BK2-ara1,2
openiti:1014MullaCaliQari.FaydMucin,1014MullaCaliQari.FaydMucin,Multiple OpenITI digital versions of one work,1014MullaCaliQari.FaydMucin.JK010189-ara1 | 1014MullaCaliQari.FaydMucin.Shamela0031378-ara1,2
openiti:1014MullaCaliQari.JamcWasail,1014MullaCaliQari.JamcWasail,Multiple OpenITI digital versions of one work,1014MullaCaliQari.JamcWasail.ShamAY0034445-ara1 | 1014MullaCaliQari.JamcWasail.Shamela0002569-ara1,2
openiti:1014MullaCaliQari.MawducatSughra,1014MullaCaliQari.MawducatSughra,Multiple OpenITI digital versions of one work,1014MullaCaliQari.MawducatSughra.JK000674-ara1 | 1014MullaCaliQari.MawducatSughra.Shamela0006064-ara1,2
openiti:1014MullaCaliQari.MirqatMafatih,1014MullaCaliQari.MirqatMafatih,Multiple OpenITI digital versions of one work,1014MullaCaliQari.MirqatMafatih.JK007044-ara1 | 1014MullaCaliQari.MirqatMafatih.Shamela0008176-ara1,2
openiti:1014MullaCaliQari.RaddCalaQailinBiWahdatWujud,1014MullaCaliQari.RaddCalaQailinBiWahdatWujud,Multiple OpenITI digital versions of one work,1014MullaCaliQari.RaddCalaQailinBiWahdatWujud.JK001111-ara1 | 1014MullaCaliQari.RaddCalaQailinBiWahdatWujud.Shamela0006541-ara1,2
openiti:1014MullaCaliQari.SharhMusnadAbiHanifa,1014MullaCaliQari.SharhMusnadAbiHanifa,Multiple OpenITI digital versions of one work,1014MullaCaliQari.SharhMusnadAbiHanifa.JK011225-ara1 | 1014MullaCaliQari.SharhMusnadAbiHanifa.Shamela0009060-ara1 | 1014MullaCaliQari.SharhMusnadAbiHanifa.Shia002283-ara1,3
openiti:1014MullaCaliQari.SharhNukhbatFikr,1014MullaCaliQari.SharhNukhbatFikr,Multiple OpenITI digital versions of one work,1014MullaCaliQari.SharhNukhbatFikr.JK007030-ara1 | 1014MullaCaliQari.SharhNukhbatFikr.Shamela0005989-ara1,2
openiti:1014ZaynDinTablawi.ShamcaMudiyya,1014ZaynDinTablawi.ShamcaMudiyya,Multiple OpenITI digital versions of one work,1014ZaynDinTablawi.ShamcaMudiyya.JK009144-ara1 | 1014ZaynDinTablawi.ShamcaMudiyya.Shamela0005555-ara1,2
openiti:1016MuhibbDinHamawi.HadiAzcan,1016MuhibbDinHamawi.HadiAzcan,Multiple OpenITI digital versions of one work,1016MuhibbDinHamawi.HadiAzcan.JK010476-ara1 | 1016MuhibbDinHamawi.HadiAzcan.Shamela0000476-ara1,2
openiti:1019NurAllahTustari.IhqaqHaqq,1019NurAllahTustari.IhqaqHaqq,Multiple OpenITI digital versions of one work,1019NurAllahTustari.IhqaqHaqq.Rafed0002654Vols-ara1 | 1019NurAllahTustari.IhqaqHaqq.Shia004026-ara1,2
openiti:1023MuhammadAminAstarabadi.FawaidMadaniyya,1023MuhammadAminAstarabadi.FawaidMadaniyya,Multiple OpenITI digital versions of one work,1023MuhammadAminAstarabadi.FawaidMadaniyya.Rafed0001325-ara1 | 1023MuhammadAminAstarabadi.FawaidMadaniyya.Shia002759BK1-ara1,2
openiti:1029QasimIbnMuhammadImam.Irshad,1029QasimIbnMuhammadImam.Irshad,Multiple OpenITI digital versions of one work,1029QasimIbnMuhammadImam.Irshad.Shia004486-ara1 | 1029QasimIbnMuhammadImam.Irshad.Zaydiyya0000043-ara1,2
openiti:1029QasimIbnMuhammadImam.JawabMukhtar,1029QasimIbnMuhammadImam.JawabMukhtar,Multiple OpenITI digital versions of one work,1029QasimIbnMuhammadImam.JawabMukhtar.Zaydiyya0000079BK1-ara1 | 1029QasimIbnMuhammadImam.JawabMukhtar.Zaydiyya0000331-ara1,2
openiti:1029QasimIbnMuhammadImam.Tahdhir,1029QasimIbnMuhammadImam.Tahdhir,Multiple OpenITI digital versions of one work,1029QasimIbnMuhammadImam.Tahdhir.Zaydiyya0000079BK2-ara1 | 1029QasimIbnMuhammadImam.Tahdhir.Zaydiyya0000330BK1-ara1,2
openiti:1029QasimIbnMuhammadImam.Wasiyya,1029QasimIbnMuhammadImam.Wasiyya,Multiple OpenITI digital versions of one work,1029QasimIbnMuhammadImam.Wasiyya.Zaydiyya0000079BK3-ara1 | 1029QasimIbnMuhammadImam.Wasiyya.Zaydiyya0000330BK2-ara1,2
openiti:1030IbnGhanimBaghdadiHanafi.MajmacDamanat,1030IbnGhanimBaghdadiHanafi.MajmacDamanat,Multiple OpenITI digital versions of one work,1030IbnGhanimBaghdadiHanafi.MajmacDamanat.JK007131-ara1 | 1030IbnGhanimBaghdadiHanafi.MajmacDamanat.ShamAY0034213-ara1 | 1030IbnGhanimBaghdadiHanafi.MajmacDamanat.Shamela0021639-ara1,3
openiti:1031BahaDinCamili.Kashkul,1031BahaDinCamili.Kashkul,Multiple OpenITI digital versions of one work,1031BahaDinCamili.Kashkul.JK009365-ara1 | 1031BahaDinCamili.Kashkul.Shamela0001571-ara1,2
openiti:1031CabdRaufMunawi.FathSamawi,1031CabdRaufMunawi.FathSamawi,Multiple OpenITI digital versions of one work,1031CabdRaufMunawi.FathSamawi.JK006671-ara1 | 1031CabdRaufMunawi.FathSamawi.Shamela0008635-ara1 | 1031CabdRaufMunawi.FathSamawi.Shia002284Vols-ara1,3
openiti:1031CabdRaufMunawi.FaydQadir,1031CabdRaufMunawi.FaydQadir,Multiple OpenITI digital versions of one work,1031CabdRaufMunawi.FaydQadir.JK000298-ara1 | 1031CabdRaufMunawi.FaydQadir.ShamAY0033524-ara1 | 1031CabdRaufMunawi.FaydQadir.Shamela0021660-ara1 | 1031CabdRaufMunawi.FaydQadir.Shia002287Vols-ara1,4
openiti:1031CabdRaufMunawi.Ittihafat,1031CabdRaufMunawi.Ittihafat,Multiple OpenITI digital versions of one work,1031CabdRaufMunawi.Ittihafat.JK001044-ara1 | 1031CabdRaufMunawi.Ittihafat.ShamAY0034121-ara1 | 1031CabdRaufMunawi.Ittihafat.Shamela0007266-ara1,3
openiti:1031CabdRaufMunawi.SayyidatNisa,1031CabdRaufMunawi.SayyidatNisa,Multiple OpenITI digital versions of one work,1031CabdRaufMunawi.SayyidatNisa.JK009332-ara1 | 1031CabdRaufMunawi.SayyidatNisa.Shamela0012731-ara1,2
openiti:1031CabdRaufMunawi.Tawqif,1031CabdRaufMunawi.Tawqif,Multiple OpenITI digital versions of one work,1031CabdRaufMunawi.Tawqif.JK000306-ara1 | 1031CabdRaufMunawi.Tawqif.ShamAY0034677-ara1 | 1031CabdRaufMunawi.Tawqif.Shamela0010640-ara1,3
openiti:1031CabdRaufMunawi.TaysirBiSharh,1031CabdRaufMunawi.TaysirBiSharh,Multiple OpenITI digital versions of one work,1031CabdRaufMunawi.TaysirBiSharh.JK007006-ara1 | 1031CabdRaufMunawi.TaysirBiSharh.Shamela0005769-ara1,2
openiti:1031CabdRaufMunawi.YawaqitWaDurar,1031CabdRaufMunawi.YawaqitWaDurar,Multiple OpenITI digital versions of one work,1031CabdRaufMunawi.YawaqitWaDurar.JK006973-ara1 | 1031CabdRaufMunawi.YawaqitWaDurar.Shamela0005979-ara1,2
openiti:1033MarciKarmi.AqawilThiqat,1033MarciKarmi.AqawilThiqat,Multiple OpenITI digital versions of one work,1033MarciKarmi.AqawilThiqat.JK000331-ara1 | 1033MarciKarmi.AqawilThiqat.Shamela0006454-ara1,2
openiti:1033MarciKarmi.DalilTalibCalaMadhhabIbnHanbal,1033MarciKarmi.DalilTalibCalaMadhhabIbnHanbal,Multiple OpenITI digital versions of one work,1033MarciKarmi.DalilTalibCalaMadhhabIbnHanbal.JK000115-ara1 | 1033MarciKarmi.DalilTalibCalaMadhhabIbnHanbal.ShamAY0034260-ara1,2
openiti:1033MarciKarmi.FawaidMawduca,1033MarciKarmi.FawaidMawduca,Multiple OpenITI digital versions of one work,1033MarciKarmi.FawaidMawduca.JK005012-ara1 | 1033MarciKarmi.FawaidMawduca.Shamela0006051-ara1,2
openiti:1033MarciKarmi.MasbukDhahab,1033MarciKarmi.MasbukDhahab,Multiple OpenITI digital versions of one work,1033MarciKarmi.MasbukDhahab.JK010502-ara1 | 1033MarciKarmi.MasbukDhahab.Shamela0026541-ara1,2
openiti:1033MarciKarmi.QalaidMarjan,1033MarciKarmi.QalaidMarjan,Multiple OpenITI digital versions of one work,1033MarciKarmi.QalaidMarjan.JK000451-ara1 | 1033MarciKarmi.QalaidMarjan.Shamela0005517-ara1,2
openiti:1033MarciKarmi.RafcShubha,1033MarciKarmi.RafcShubha,Multiple OpenITI digital versions of one work,1033MarciKarmi.RafcShubha.JK001242-ara1 | 1033MarciKarmi.RafcShubha.Shamela0006481-ara1,2
openiti:1033MarciKarmi.ShahadaZakiyya,1033MarciKarmi.ShahadaZakiyya,Multiple OpenITI digital versions of one work,1033MarciKarmi.ShahadaZakiyya.JK000364-ara1 | 1033MarciKarmi.ShahadaZakiyya.Shamela0006661-ara1,2
openiti:1038CabdQadirCaydarus.TarikhNurSafir,1038CabdQadirCaydarus.TarikhNurSafir,Multiple OpenITI digital versions of one work,1038CabdQadirCaydarus.TarikhNurSafir.JK000418-ara1 | 1038CabdQadirCaydarus.TarikhNurSafir.Shamela0006676-ara1,2
openiti:1041Maqqari.AzharRiyad,1041Maqqari.AzharRiyad,Multiple OpenITI digital versions of one work,1041Maqqari.AzharRiyad.JK010757-ara1 | 1041Maqqari.AzharRiyad.Shamela0026350-ara1,2
openiti:1041Maqqari.NafhTib,1041Maqqari.NafhTib,Multiple OpenITI digital versions of one work,1041Maqqari.NafhTib.JK001474-ara1 | 1041Maqqari.NafhTib.Rafed0002786Vols-ara1 | 1041Maqqari.NafhTib.Shamela0001002-ara1,3
openiti:1044IbnBurhanDinHalabi.SiraHalabiyya,1044IbnBurhanDinHalabi.SiraHalabiyya,Multiple OpenITI digital versions of one work,1044IbnBurhanDinHalabi.SiraHalabiyya.JK000159-ara1 | 1044IbnBurhanDinHalabi.SiraHalabiyya.ShamAY0034439-ara1 | 1044IbnBurhanDinHalabi.SiraHalabiyya.Shamela0009873-ara1 | 1044IbnBurhanDinHalabi.SiraHalabiyya.Shia003746Vols-ara1,4
openiti:1050IbnMansurBiLlahYamani.AdabCulama,1050IbnMansurBiLlahYamani.AdabCulama,Multiple OpenITI digital versions of one work,1050IbnMansurBiLlahYamani.AdabCulama.JK010649-ara1 | 1050IbnMansurBiLlahYamani.AdabCulama.Shamela0000649-ara1 | 1050IbnMansurBiLlahYamani.AdabCulama.Zaydiyya0000339-ara1,3
openiti:1051Cimadi.RawdaRayya,1051Cimadi.RawdaRayya,Multiple OpenITI digital versions of one work,1051Cimadi.RawdaRayya.JK001216-ara1 | 1051Cimadi.RawdaRayya.Shamela0005864-ara1,2
openiti:1051IbnYunusBuhutiHanbali.KashshafQinac,1051IbnYunusBuhutiHanbali.KashshafQinac,Multiple OpenITI digital versions of one work,1051IbnYunusBuhutiHanbali.KashshafQinac.JK000148-ara1 | 1051IbnYunusBuhutiHanbali.KashshafQinac.ShamAY0034261-ara1 | 1051IbnYunusBuhutiHanbali.KashshafQinac.Shamela0021642-ara1 | 1051IbnYunusBuhutiHanbali.KashshafQinac.Shia001022Vols-ara1,4
openiti:1051IbnYunusBuhutiHanbali.RawdMurbic,1051IbnYunusBuhutiHanbali.RawdMurbic,Multiple OpenITI digital versions of one work,1051IbnYunusBuhutiHanbali.RawdMurbic.JK000190-ara1 | 1051IbnYunusBuhutiHanbali.RawdMurbic.Sham19Y0147658-ara1 | 1051IbnYunusBuhutiHanbali.RawdMurbic.ShamAY0034262-ara1 | 1051IbnYunusBuhutiHanbali.RawdMurbic.ShamAY0034271-ara1 | 1051IbnYunusBuhutiHanbali.RawdMurbic.Shamela0001679-ara1,5
openiti:1051IbnYunusBuhutiHanbali.SharhMuntahaIradat,1051IbnYunusBuhutiHanbali.SharhMuntahaIradat,Multiple OpenITI digital versions of one work,1051IbnYunusBuhutiHanbali.SharhMuntahaIradat.JK000225-ara1 | 1051IbnYunusBuhutiHanbali.SharhMuntahaIradat.Shamela0021693-ara1,2
openiti:1052CabdHaqqDihlawi.MuqaddimaFiUsulHadith,1052CabdHaqqDihlawi.MuqaddimaFiUsulHadith,Multiple OpenITI digital versions of one work,1052CabdHaqqDihlawi.MuqaddimaFiUsulHadith.JK000978-ara1 | 1052CabdHaqqDihlawi.MuqaddimaFiUsulHadith.Shamela0005988-ara1,2
openiti:1057IbnCallan.DalilFalihin,1057IbnCallan.DalilFalihin,Multiple OpenITI digital versions of one work,1057IbnCallan.DalilFalihin.JK010830-ara1 | 1057IbnCallan.DalilFalihin.Shamela0000140-ara1,2
openiti:1057IbnCallan.IthafFadil,1057IbnCallan.IthafFadil,Multiple OpenITI digital versions of one work,1057IbnCallan.IthafFadil.JK006710-ara1 | 1057IbnCallan.IthafFadil.Shamela0006977-ara1,2
openiti:1060IbnQaysar.SiratNasirIbnMurshid,1060IbnQaysar.SiratNasirIbnMurshid,Multiple OpenITI digital versions of one work,1060IbnQaysar.SiratNasirIbnMurshid.ShamIbadiyya0000116-ara1 | 1060IbnQaysar.SiratNasirIbnMurshid.ShamIbadiyya0000174-ara1,2
openiti:1061IbnMullaFarrukhRumi.QawlSadid,1061IbnMullaFarrukhRumi.QawlSadid,Multiple OpenITI digital versions of one work,1061IbnMullaFarrukhRumi.QawlSadid.JK000890-ara1 | 1061IbnMullaFarrukhRumi.QawlSadid.Shamela0006354-ara1,2
openiti:1061NajmDinGhazzi.KawakibSaira,1061NajmDinGhazzi.KawakibSaira,Multiple OpenITI digital versions of one work,1061NajmDinGhazzi.KawakibSaira.JK010347-ara1 | 1061NajmDinGhazzi.KawakibSaira.Shamela0010912-ara1,2
openiti:1062CabdAllahSharafi.MasabihSatica,1062CabdAllahSharafi.MasabihSatica,Multiple OpenITI digital versions of one work,1062CabdAllahSharafi.MasabihSatica.Zaydiyya0000020-ara2 | 1062CabdAllahSharafi.MasabihSatica.Zaydiyya0000295Vols-ara1,2
openiti:1067HajjiKhalifa.KashfZunun,1067HajjiKhalifa.KashfZunun,Multiple OpenITI digital versions of one work,1067HajjiKhalifa.KashfZunun.JK000468-ara1 | 1067HajjiKhalifa.KashfZunun.Sham19Y0002118-ara1 | 1067HajjiKhalifa.KashfZunun.Shamela0002118-ara1 | 1067HajjiKhalifa.KashfZunun.Shia003356Vols-ara1,4
openiti:1069IbnCammarShurunbulali.NurIdah,1069IbnCammarShurunbulali.NurIdah,Multiple OpenITI digital versions of one work,1069IbnCammarShurunbulali.NurIdah.JK000284-ara1 | 1069IbnCammarShurunbulali.NurIdah.ShamAY0034214-ara1 | 1069IbnCammarShurunbulali.NurIdah.Shamela0012117-ara1,3
openiti:1069ShihabDinKhafaji.RayhanatAlibba,1069ShihabDinKhafaji.RayhanatAlibba,Multiple OpenITI digital versions of one work,1069ShihabDinKhafaji.RayhanatAlibba.JK010792-ara1 | 1069ShihabDinKhafaji.RayhanatAlibba.Shamela0001522-ara1,2
openiti:1069ShihabDinQalyubi.HashiyatKanzRaghibin,1069ShihabDinQalyubi.HashiyatKanzRaghibin,Multiple OpenITI digital versions of one work,1069ShihabDinQalyubi.HashiyatKanzRaghibin.JK007141-ara1 | 1069ShihabDinQalyubi.HashiyatKanzRaghibin.Shamela0021843BK2-ara1,2
openiti:1070MuhammadKibrit.JawahirThamina,1070MuhammadKibrit.JawahirThamina,Multiple OpenITI digital versions of one work,1070MuhammadKibrit.JawahirThamina.Rafed0002347-ara1 | 1070MuhammadKibrit.JawahirThamina.ShamAY0038440-ara1,2
openiti:1071IbnFaqihFussaBacliDimashqi.CaynWaAthar,1071IbnFaqihFussaBacliDimashqi.CaynWaAthar,Multiple OpenITI digital versions of one work,1071IbnFaqihFussaBacliDimashqi.CaynWaAthar.JK000923-ara1 | 1071IbnFaqihFussaBacliDimashqi.CaynWaAthar.Shamela0008518-ara1,2
openiti:1072IbnAhmadMayyaraFasi.SharhMayyara,1072IbnAhmadMayyaraFasi.SharhMayyara,Multiple OpenITI digital versions of one work,1072IbnAhmadMayyaraFasi.SharhMayyara.JK007115-ara1 | 1072IbnAhmadMayyaraFasi.SharhMayyara.Shamela0021643-ara1,2
openiti:1073YusufBadiciDimashqi.SubhMunabbi,1073YusufBadiciDimashqi.SubhMunabbi,Multiple OpenITI digital versions of one work,1073YusufBadiciDimashqi.SubhMunabbi.JK010778-ara1 | 1073YusufBadiciDimashqi.SubhMunabbi.Shamela0021498-ara1,2
openiti:1077Jurmuzi.NubdhaMushira,1077Jurmuzi.NubdhaMushira,Multiple OpenITI digital versions of one work,1077Jurmuzi.NubdhaMushira.Zaydiyya0000093-ara1 | 1077Jurmuzi.NubdhaMushira.Zaydiyya0000369-ara1,2
openiti:1078RiyadZadah.AsmaKutub,1078RiyadZadah.AsmaKutub,Multiple OpenITI digital versions of one work,1078RiyadZadah.AsmaKutub.JK001121-ara1 | 1078RiyadZadah.AsmaKutub.Shamela0010734-ara1,2
openiti:1078ShaykhiZadahDamadAfandi.MajmacAnhur,1078ShaykhiZadahDamadAfandi.MajmacAnhur,Multiple OpenITI digital versions of one work,1078ShaykhiZadahDamadAfandi.MajmacAnhur.JK007129-ara1 | 1078ShaykhiZadahDamadAfandi.MajmacAnhur.JK007130-ara1 | 1078ShaykhiZadahDamadAfandi.MajmacAnhur.ShamAY0034212-ara1 | 1078ShaykhiZadahDamadAfandi.MajmacAnhur.Shamela0006185-ara1 | 1078ShaykhiZadahDamadAfandi.MajmacAnhur.Shamela0021644-ara1,5
openiti:1079HabalShacir.Diwan,1079HabalShacir.Diwan,Multiple OpenITI digital versions of one work,1079HabalShacir.Diwan.JK007637-ara1 | 1079HabalShacir.Diwan.ShamAY0037831-ara1 | 1079HabalShacir.Diwan.Zaydiyya0000249-ara1,3
openiti:1080IbnMuhammadBayquniDimashqi.ManzumaBayquniyya,1080IbnMuhammadBayquniDimashqi.ManzumaBayquniyya,Multiple OpenITI digital versions of one work,1080IbnMuhammadBayquniDimashqi.ManzumaBayquniyya.JK010967-ara1 | 1080IbnMuhammadBayquniDimashqi.ManzumaBayquniyya.ShamAY0037317-ara1 | 1080IbnMuhammadBayquniDimashqi.ManzumaBayquniyya.Shamela0008567-ara1,3
openiti:1082IbnShadqamMadani.WaqcatJamal,1082IbnShadqamMadani.WaqcatJamal,Multiple OpenITI digital versions of one work,1082IbnShadqamMadani.WaqcatJamal.Shia001415-ara1 | 1082IbnShadqamMadani.WaqcatJamal.Zaydiyya0000122-ara1,2
openiti:1083IbnBalbanDimashqi.AkhsarMukhtasarat,1083IbnBalbanDimashqi.AkhsarMukhtasarat,Multiple OpenITI digital versions of one work,1083IbnBalbanDimashqi.AkhsarMukhtasarat.JK000202-ara1 | 1083IbnBalbanDimashqi.AkhsarMukhtasarat.Sham19Y0147656-ara1 | 1083IbnBalbanDimashqi.AkhsarMukhtasarat.Shamela0006084-ara1,3
openiti:1083NasirIbrahimMuayyadi.IsbahCalaMisbah,1083NasirIbrahimMuayyadi.IsbahCalaMisbah,Multiple OpenITI digital versions of one work,1083NasirIbrahimMuayyadi.IsbahCalaMisbah.Zaydiyya0000130-ara1 | 1083NasirIbrahimMuayyadi.IsbahCalaMisbah.Zaydiyya0000384-ara1,2
openiti:1087IbnMactuqShacir.Diwan,1087IbnMactuqShacir.Diwan,Multiple OpenITI digital versions of one work,1087IbnMactuqShacir.Diwan.JK007634-ara1 | 1087IbnMactuqShacir.Diwan.ShamAY0037877-ara1,2
openiti:1088IbnCaliHaskafi.DurrMukhtar,1088IbnCaliHaskafi.DurrMukhtar,Multiple OpenITI digital versions of one work,1088IbnCaliHaskafi.DurrMukhtar.JK000176-ara1 | 1088IbnCaliHaskafi.DurrMukhtar.Sham19Y0014250-ara1 | 1088IbnCaliHaskafi.DurrMukhtar.Shia000979Vols-ara1,3
openiti:1089IbnCimad.Shadharat,1089IbnCimad.Shadharat,Multiple OpenITI digital versions of one work,1089IbnCimad.Shadharat.JK001495-ara1 | 1089IbnCimad.Shadharat.Sham30K0004387-ara1 | 1089IbnCimad.Shadharat.Sham30K0012398-ara1 | 1089IbnCimad.Shadharat.Sham30K0035008-ara1 | 1089IbnCimad.Shadharat.Sham30K0046069-ara1 | 1089IbnCimad.Shadharat.ShamAY0034625-ara1 | 1089IbnCimad.Shadharat.Shamela0012398-ara1,7
openiti:1090NizamDinBalkhi.FatawaHindiyya,1090NizamDinBalkhi.FatawaHindiyya,Multiple OpenITI digital versions of one work,1090NizamDinBalkhi.FatawaHindiyya.JK007073-ara1 | 1090NizamDinBalkhi.FatawaHindiyya.Shamela0021640-ara1,2
openiti:1091MuhammadMuhsinFaydKashani.TafsirSafi,1091MuhammadMuhsinFaydKashani.TafsirSafi,Multiple OpenITI digital versions of one work,1091MuhammadMuhsinFaydKashani.TafsirSafi.Shia002382Vols-ara1 | 1091MuhammadMuhsinFaydKashani.TafsirSafi.Tafsir04041-ara1,2
openiti:1093CabdQadirBaghdadi.KhizanatAdab,1093CabdQadirBaghdadi.KhizanatAdab,Multiple OpenITI digital versions of one work,1093CabdQadirBaghdadi.KhizanatAdab.JK007143-ara1 | 1093CabdQadirBaghdadi.KhizanatAdab.ShamAY0033782-ara1 | 1093CabdQadirBaghdadi.KhizanatAdab.Shamela0012732-ara1 | 1093CabdQadirBaghdadi.KhizanatAdab.Shia004649Vols-ara1,4
openiti:1094IbnMusaKaffawi.Kulliyat,1094IbnMusaKaffawi.Kulliyat,Multiple OpenITI digital versions of one work,1094IbnMusaKaffawi.Kulliyat.JK007081-ara1 | 1094IbnMusaKaffawi.Kulliyat.Shamela0007037-ara1,2
openiti:1097CaliIbnSalahIbnCaliTabari.Kafil,1097CaliIbnSalahIbnCaliTabari.Kafil,Multiple OpenITI digital versions of one work,1097CaliIbnSalahIbnCaliTabari.Kafil.Zaydiyya0000176-ara1 | 1097CaliIbnSalahIbnCaliTabari.Kafil.Zaydiyya0000407-ara1,2
openiti:1097IbnQaid.RisalatAyyMushaddada,1097IbnQaid.RisalatAyyMushaddada,Multiple OpenITI digital versions of one work,1097IbnQaid.RisalatAyyMushaddada.JK001185-ara1 | 1097IbnQaid.RisalatAyyMushaddada.Shamela0006990-ara1,2
openiti:1098IbnMuhammadShihabDinHamawi.GhamzCuyun,1098IbnMuhammadShihabDinHamawi.GhamzCuyun,Multiple OpenITI digital versions of one work,1098IbnMuhammadShihabDinHamawi.GhamzCuyun.JK007119-ara1 | 1098IbnMuhammadShihabDinHamawi.GhamzCuyun.Shamela0021588-ara1,2
openiti:1100IbnCabdKarimAshmuniMisri.ManarHuda,1100IbnCabdKarimAshmuniMisri.ManarHuda,Multiple OpenITI digital versions of one work,1100IbnCabdKarimAshmuniMisri.ManarHuda.Shamela0006496-ara1 | 1100IbnCabdKarimAshmuniMisri.ManarHuda.Shamela0038091-ara1,2
openiti:1100IbnMuhammadAdnahwi.TabaqatMufassirin,1100IbnMuhammadAdnahwi.TabaqatMufassirin,Multiple OpenITI digital versions of one work,1100IbnMuhammadAdnahwi.TabaqatMufassirin.JK001444-ara1 | 1100IbnMuhammadAdnahwi.TabaqatMufassirin.Shamela0006729-ara1,2
openiti:1100MuhammadItlidi.IclamNas,1100MuhammadItlidi.IclamNas,Multiple OpenITI digital versions of one work,1100MuhammadItlidi.IclamNas.JK009306-ara1 | 1100MuhammadItlidi.IclamNas.Shamela0000408-ara1,2
openiti:1100MustafaTafrishi.NaqdRijal,1100MustafaTafrishi.NaqdRijal,Multiple OpenITI digital versions of one work,1100MustafaTafrishi.NaqdRijal.Shia002948Vols-ara1 | 1100MustafaTafrishi.NaqdRijal.Zaydiyya0000243-ara1,2
openiti:1101IbnCabdAllahKharshi.SharhMukhtasarSayyidiKhalil,1101IbnCabdAllahKharshi.SharhMukhtasarSayyidiKhalil,Multiple OpenITI digital versions of one work,1101IbnCabdAllahKharshi.SharhMukhtasarSayyidiKhalil.JK005201-ara1 | 1101IbnCabdAllahKharshi.SharhMukhtasarSayyidiKhalil.Shamela0000091-ara1,2
openiti:1102NurDinYusi.MuhadaratFiLugha,1102NurDinYusi.MuhadaratFiLugha,Multiple OpenITI digital versions of one work,1102NurDinYusi.MuhadaratFiLugha.JK010473-ara1 | 1102NurDinYusi.MuhadaratFiLugha.Shamela0000473-ara1,2
openiti:1102NurDinYusi.ZahrAkam,1102NurDinYusi.ZahrAkam,Multiple OpenITI digital versions of one work,1102NurDinYusi.ZahrAkam.JK010766-ara1 | 1102NurDinYusi.ZahrAkam.Shamela0007414-ara1,2
openiti:1104IbnHasanHurrCamili.AmalAmil,1104IbnHasanHurrCamili.AmalAmil,Multiple OpenITI digital versions of one work,1104IbnHasanHurrCamili.AmalAmil.Shia002955Vols-ara1 | 1104IbnHasanHurrCamili.AmalAmil.Zaydiyya0000178-ara1,2
openiti:1104IbnHasanHurrCamili.WasailShica,1104IbnHasanHurrCamili.WasailShica,Multiple OpenITI digital versions of one work,1104IbnHasanHurrCamili.WasailShica.Shia001187Vols-ara1 | 1104IbnHasanHurrCamili.WasailShica.Shia001217Vols-ara1 | 1104IbnHasanHurrCamili.WasailShica.Zaydiyya0000248-ara1,3
openiti:1111CabdMalikCasimi.SamtNujum,1111CabdMalikCasimi.SamtNujum,Multiple OpenITI digital versions of one work,1111CabdMalikCasimi.SamtNujum.JK003503-ara1 | 1111CabdMalikCasimi.SamtNujum.Shamela0006617-ara1,2
openiti:1111Majlisi.BiharAnwar,1111Majlisi.BiharAnwar,Multiple OpenITI digital versions of one work,1111Majlisi.BiharAnwar.Shia001432Vols-ara1 | 1111Majlisi.BiharAnwar.Zaydiyya0000202-ara1,2
openiti:1111Majlisi.IjazatHadith,1111Majlisi.IjazatHadith,Multiple OpenITI digital versions of one work,1111Majlisi.IjazatHadith.Shia002957-ara1 | 1111Majlisi.IjazatHadith.Zaydiyya0000113-ara1,2
openiti:1111MuhammadAminMuhibbi.DhaylNafahatRayhana,1111MuhammadAminMuhibbi.DhaylNafahatRayhana,Multiple OpenITI digital versions of one work,1111MuhammadAminMuhibbi.DhaylNafahatRayhana.JK009360-ara1 | 1111MuhammadAminMuhibbi.DhaylNafahatRayhana.ShamAY0034600-ara1,2
openiti:1111MuhammadAminMuhibbi.KhulasatAthar,1111MuhammadAminMuhibbi.KhulasatAthar,Multiple OpenITI digital versions of one work,1111MuhammadAminMuhibbi.KhulasatAthar.JK003502-ara1 | 1111MuhammadAminMuhibbi.KhulasatAthar.Shamela0006678-ara1,2
openiti:1111MuhammadAminMuhibbi.NafahatRayhana,1111MuhammadAminMuhibbi.NafahatRayhana,Multiple OpenITI digital versions of one work,1111MuhammadAminMuhibbi.NafahatRayhana.JK009296-ara1 | 1111MuhammadAminMuhibbi.NafahatRayhana.Shamela0000579-ara1,2
openiti:1117IbnMuhammadSharafDinDimyatti.IthafFudalaBashar,1117IbnMuhammadSharafDinDimyatti.IthafFudalaBashar,Multiple OpenITI digital versions of one work,1117IbnMuhammadSharafDinDimyatti.IthafFudalaBashar.JK001080-ara1 | 1117IbnMuhammadSharafDinDimyatti.IthafFudalaBashar.Shamela0010010-ara1,2
openiti:1118CabdHamidShirwani.HashiyaCalaTuhfatMuhtaj,1118CabdHamidShirwani.HashiyaCalaTuhfatMuhtaj,Multiple OpenITI digital versions of one work,1118CabdHamidShirwani.HashiyaCalaTuhfatMuhtaj.JK000196-ara1 | 1118CabdHamidShirwani.HashiyaCalaTuhfatMuhtaj.Shamela0009059BK2-ara1 | 1118CabdHamidShirwani.HashiyaCalaTuhfatMuhtaj.Shia000881Vols-ara1,3
openiti:1118IbnMuhammadNuriSafaqsi.TanbihGhafilin,1118IbnMuhammadNuriSafaqsi.TanbihGhafilin,Multiple OpenITI digital versions of one work,1118IbnMuhammadNuriSafaqsi.TanbihGhafilin.JK010654-ara1 | 1118IbnMuhammadNuriSafaqsi.TanbihGhafilin.Shamela0010929-ara1,2
openiti:1119IbnMacsum.Diwan,1119IbnMacsum.Diwan,Multiple OpenITI digital versions of one work,1119IbnMacsum.Diwan.JK007635-ara1 | 1119IbnMacsum.Diwan.ShamAY0037878-ara1,2
openiti:1119IbnMacsum.SulafaCasr,1119IbnMacsum.SulafaCasr,Multiple OpenITI digital versions of one work,1119IbnMacsum.SulafaCasr.JK010298-ara1 | 1119IbnMacsum.SulafaCasr.ShamAY0034642-ara1 | 1119IbnMacsum.SulafaCasr.Shamela0000298-ara1,3
openiti:1120IbnMuhammadBurhanDinDimashqi.BayanWaTacrif,1120IbnMuhammadBurhanDinDimashqi.BayanWaTacrif,Multiple OpenITI digital versions of one work,1120IbnMuhammadBurhanDinDimashqi.BayanWaTacrif.JK000216-ara1 | 1120IbnMuhammadBurhanDinDimashqi.BayanWaTacrif.Shamela0006000-ara1,2
openiti:1122MuhammadZurqani.SharhCalaMuwatta,1122MuhammadZurqani.SharhCalaMuwatta,Multiple OpenITI digital versions of one work,1122MuhammadZurqani.SharhCalaMuwatta.JK000754-ara1 | 1122MuhammadZurqani.SharhCalaMuwatta.JK000792-ara1 | 1122MuhammadZurqani.SharhCalaMuwatta.Shamela0000551-ara1,3
openiti:1125IbnGhanimAzhariNafrawi.FawakihDawani,1125IbnGhanimAzhariNafrawi.FawakihDawani,Multiple OpenITI digital versions of one work,1125IbnGhanimAzhariNafrawi.FawakihDawani.JK000238-ara1 | 1125IbnGhanimAzhariNafrawi.FawakihDawani.ShamAY0034228-ara1 | 1125IbnGhanimAzhariNafrawi.FawakihDawani.Shamela0021589-ara1,3
openiti:1127IsmacilHaqqiBurusawi.RuhBayan,1127IsmacilHaqqiBurusawi.RuhBayan,Multiple OpenITI digital versions of one work,1127IsmacilHaqqiBurusawi.RuhBayan.ShamAY0034059-ara1 | 1127IsmacilHaqqiBurusawi.RuhBayan.Shamela0023612-ara1 | 1127IsmacilHaqqiBurusawi.RuhBayan.Tafsir03036-ara1,3
openiti:1137FadilHindi.KashfLitham,1137FadilHindi.KashfLitham,Multiple OpenITI digital versions of one work,1137FadilHindi.KashfLitham.Shia000220Vols-ara1 | 1137FadilHindi.KashfLitham.Shia000231Vols-ara1,2
openiti:1138IbnCabdHadiNurDinSindi.HashiyaCalaNasai,1138IbnCabdHadiNurDinSindi.HashiyaCalaNasai,Multiple OpenITI digital versions of one work,1138IbnCabdHadiNurDinSindi.HashiyaCalaNasai.JK000554-ara1 | 1138IbnCabdHadiNurDinSindi.HashiyaCalaNasai.Shamela0000522-ara1 | 1138IbnCabdHadiNurDinSindi.HashiyaCalaNasai.Shia001845Vols-ara1,3
openiti:1138IbnHusaynQadiriTawari.TakmilatBahrRaiq,1138IbnHusaynQadiriTawari.TakmilatBahrRaiq,Multiple OpenITI digital versions of one work,1138IbnHusaynQadiriTawari.TakmilatBahrRaiq.JK000189BK2-ara1 | 1138IbnHusaynQadiriTawari.TakmilatBahrRaiq.ShamAY0034204BK2-ara1 | 1138IbnHusaynQadiriTawari.TakmilatBahrRaiq.Shamela0012227BK3-ara1 | 1138IbnHusaynQadiriTawari.TakmilatBahrRaiq.Shia000987Vols-ara1,4
openiti:1143CabdGhaniNabulusi.Diwan,1143CabdGhaniNabulusi.Diwan,Multiple OpenITI digital versions of one work,1143CabdGhaniNabulusi.Diwan.JK007641-ara1 | 1143CabdGhaniNabulusi.Diwan.ShamAY0037955-ara1,2
openiti:1143CabdGhaniNabulusi.TactirAnam,1143CabdGhaniNabulusi.TactirAnam,Multiple OpenITI digital versions of one work,1143CabdGhaniNabulusi.TactirAnam.JK006852-ara1 | 1143CabdGhaniNabulusi.TactirAnam.Shamela0001217-ara1 | 1143CabdGhaniNabulusi.TactirAnam.Shia004642Vols-ara1,3
openiti:1143IbnCabdKarimGhazziCamiri.JiddHathith,1143IbnCabdKarimGhazziCamiri.JiddHathith,Multiple OpenITI digital versions of one work,1143IbnCabdKarimGhazziCamiri.JiddHathith.JK005002-ara1 | 1143IbnCabdKarimGhazziCamiri.JiddHathith.ShamAY0034147-ara1 | 1143IbnCabdKarimGhazziCamiri.JiddHathith.Shamela0006077-ara1,3
openiti:1147CabdAllahSancani.TarikhYaman,1147CabdAllahSancani.TarikhYaman,Multiple OpenITI digital versions of one work,1147CabdAllahSancani.TarikhYaman.JK001483-ara1 | 1147CabdAllahSancani.TarikhYaman.Shamela0006640-ara1,2
openiti:1153IbnKannan.YawmiyyatShamiyya,1153IbnKannan.YawmiyyatShamiyya,Multiple OpenITI digital versions of one work,1153IbnKannan.YawmiyyatShamiyya.JK010397-ara1 | 1153IbnKannan.YawmiyyatShamiyya.Shamela0000397-ara1,2
openiti:1156IbnMuhammadAbuSacidKhadimi.BariqaMahmudiyya,1156IbnMuhammadAbuSacidKhadimi.BariqaMahmudiyya,Multiple OpenITI digital versions of one work,1156IbnMuhammadAbuSacidKhadimi.BariqaMahmudiyya.JK011730-ara1 | 1156IbnMuhammadAbuSacidKhadimi.BariqaMahmudiyya.Shamela0021654-ara1,2
openiti:1156MustafaIzmiri.TahrirNashr,1156MustafaIzmiri.TahrirNashr,Multiple OpenITI digital versions of one work,1156MustafaIzmiri.TahrirNashr.ShamAY0031692-ara1 | 1156MustafaIzmiri.TahrirNashr.ShamAY0036800-ara1,2
openiti:1162IbnMuammadAbuFidaCajluni.KashfKhafa,1162IbnMuammadAbuFidaCajluni.KashfKhafa,Multiple OpenITI digital versions of one work,1162IbnMuammadAbuFidaCajluni.KashfKhafa.JK000583-ara1 | 1162IbnMuammadAbuFidaCajluni.KashfKhafa.Shamela0000856-ara1 | 1162IbnMuammadAbuFidaCajluni.KashfKhafa.Shamela0009576-ara1 | 1162IbnMuammadAbuFidaCajluni.KashfKhafa.Shia002294Vols-ara1,4
openiti:1163MuhammadHayatSindi.FathGhufur,1163MuhammadHayatSindi.FathGhufur,Multiple OpenITI digital versions of one work,1163MuhammadHayatSindi.FathGhufur.JK010138-ara1 | 1163MuhammadHayatSindi.FathGhufur.ShamAY0036027-ara1 | 1163MuhammadHayatSindi.FathGhufur.Shamela0001596-ara1,3
openiti:1167IbnCabdRahmanGhazzi.DiwanIslam,1167IbnCabdRahmanGhazzi.DiwanIslam,Multiple OpenITI digital versions of one work,1167IbnCabdRahmanGhazzi.DiwanIslam.JK010378-ara1 | 1167IbnCabdRahmanGhazzi.DiwanIslam.Shamela0001488-ara1,2
openiti:1167IbnHamidMashtuli.SalwatAhzan,1167IbnHamidMashtuli.SalwatAhzan,Multiple OpenITI digital versions of one work,1167IbnHamidMashtuli.SalwatAhzan.JK010655-ara1 | 1167IbnHamidMashtuli.SalwatAhzan.Shamela0000655-ara1,2
openiti:1172IbnKhalifaMasakini.Fahrasa,1172IbnKhalifaMasakini.Fahrasa,Multiple OpenITI digital versions of one work,1172IbnKhalifaMasakini.Fahrasa.JK001086-ara1 | 1172IbnKhalifaMasakini.Fahrasa.Shamela0010732-ara1,2
openiti:1173IbnCaliMusawiTustari.TadhyilSulafatCasr,1173IbnCaliMusawiTustari.TadhyilSulafatCasr,Multiple OpenITI digital versions of one work,1173IbnCaliMusawiTustari.TadhyilSulafatCasr.Shamela0009085-ara1 | 1173IbnCaliMusawiTustari.TadhyilSulafatCasr.Shia004660-ara1,2
openiti:1175AhmadBudayri.HawadithDimashq,1175AhmadBudayri.HawadithDimashq,Multiple OpenITI digital versions of one work,1175AhmadBudayri.HawadithDimashq.JK010404-ara1 | 1175AhmadBudayri.HawadithDimashq.Shamela0000404-ara1,2
openiti:1176ShahWaliAllahDihlawi.CiqdJayyid,1176ShahWaliAllahDihlawi.CiqdJayyid,Multiple OpenITI digital versions of one work,1176ShahWaliAllahDihlawi.CiqdJayyid.JK000288-ara1 | 1176ShahWaliAllahDihlawi.CiqdJayyid.Shamela0006357-ara1,2
openiti:1176ShahWaliAllahDihlawi.HujjatAllahBaligha,1176ShahWaliAllahDihlawi.HujjatAllahBaligha,Multiple OpenITI digital versions of one work,1176ShahWaliAllahDihlawi.HujjatAllahBaligha.JK007104-ara1 | 1176ShahWaliAllahDihlawi.HujjatAllahBaligha.ShamAY0034274-ara1 | 1176ShahWaliAllahDihlawi.HujjatAllahBaligha.Shamela0000773-ara1,3
openiti:1176ShahWaliAllahDihlawi.InsafFiBayan,1176ShahWaliAllahDihlawi.InsafFiBayan,Multiple OpenITI digital versions of one work,1176ShahWaliAllahDihlawi.InsafFiBayan.JK000295-ara1 | 1176ShahWaliAllahDihlawi.InsafFiBayan.Shamela0000422-ara1,2
openiti:1182IbnIsmacilSancani.IftiraqUmma,1182IbnIsmacilSancani.IftiraqUmma,Multiple OpenITI digital versions of one work,1182IbnIsmacilSancani.IftiraqUmma.JK000357-ara1 | 1182IbnIsmacilSancani.IftiraqUmma.Shamela0006456-ara1 | 1182IbnIsmacilSancani.IftiraqUmma.Shia002297-ara1,3
openiti:1182IbnIsmacilSancani.InsafFiHaqiqatAwliya,1182IbnIsmacilSancani.InsafFiHaqiqatAwliya,Multiple OpenITI digital versions of one work,1182IbnIsmacilSancani.InsafFiHaqiqatAwliya.JK001032-ara1 | 1182IbnIsmacilSancani.InsafFiHaqiqatAwliya.Shamela0007556-ara1,2
openiti:1182IbnIsmacilSancani.IrshadNuqqad,1182IbnIsmacilSancani.IrshadNuqqad,Multiple OpenITI digital versions of one work,1182IbnIsmacilSancani.IrshadNuqqad.JK000296-ara1 | 1182IbnIsmacilSancani.IrshadNuqqad.Shamela0006348-ara1,2
openiti:1182IbnIsmacilSancani.RafcAstar,1182IbnIsmacilSancani.RafcAstar,Multiple OpenITI digital versions of one work,1182IbnIsmacilSancani.RafcAstar.JK000327-ara1 | 1182IbnIsmacilSancani.RafcAstar.Shamela0001756-ara1 | 1182IbnIsmacilSancani.RafcAstar.Shia002296-ara1,3
openiti:1182IbnIsmacilSancani.SubulSalam,1182IbnIsmacilSancani.SubulSalam,Multiple OpenITI digital versions of one work,1182IbnIsmacilSancani.SubulSalam.JK000123-ara1 | 1182IbnIsmacilSancani.SubulSalam.ShamAY0034278-ara1 | 1182IbnIsmacilSancani.SubulSalam.Shamela0021590-ara1 | 1182IbnIsmacilSancani.SubulSalam.Shia001055Vols-ara1,4
openiti:1182IbnIsmacilSancani.TathirIctiqad,1182IbnIsmacilSancani.TathirIctiqad,Multiple OpenITI digital versions of one work,1182IbnIsmacilSancani.TathirIctiqad.JK011796-ara1 | 1182IbnIsmacilSancani.TathirIctiqad.Shamela0011098-ara1,2
openiti:1182IbnIsmacilSancani.TawdihAfkar,1182IbnIsmacilSancani.TawdihAfkar,Multiple OpenITI digital versions of one work,1182IbnIsmacilSancani.TawdihAfkar.JK000995-ara1 | 1182IbnIsmacilSancani.TawdihAfkar.ShamAY0034039-ara1 | 1182IbnIsmacilSancani.TawdihAfkar.Shamela0011990-ara1,3
openiti:1182IbnIsmacilSancani.ThamaratNazar,1182IbnIsmacilSancani.ThamaratNazar,Multiple OpenITI digital versions of one work,1182IbnIsmacilSancani.ThamaratNazar.JK000988-ara1 | 1182IbnIsmacilSancani.ThamaratNazar.Shamela0005983-ara1,2
openiti:1182IbnIsmacilSancani.UsulFiqh,1182IbnIsmacilSancani.UsulFiqh,Multiple OpenITI digital versions of one work,1182IbnIsmacilSancani.UsulFiqh.JK000169-ara1 | 1182IbnIsmacilSancani.UsulFiqh.Shamela0006315-ara1 | 1182IbnIsmacilSancani.UsulFiqh.Zaydiyya0000127-ara1,3
openiti:1184CisamDinCumari.RawdNadir,1184CisamDinCumari.RawdNadir,Multiple OpenITI digital versions of one work,1184CisamDinCumari.RawdNadir.Sham19Y0013226-ara1 | 1184CisamDinCumari.RawdNadir.ShamAY0035857-ara1,2
openiti:1186YusufBahraniMuhaqqiq.HadaiqNadira,1186YusufBahraniMuhaqqiq.HadaiqNadira,Multiple OpenITI digital versions of one work,1186YusufBahraniMuhaqqiq.HadaiqNadira.Rafed0002698-ara1 | 1186YusufBahraniMuhaqqiq.HadaiqNadira.Shia000234Vols-ara1,2
openiti:1188ShamsDinSaffarini.DurraMudiyya,1188ShamsDinSaffarini.DurraMudiyya,Multiple OpenITI digital versions of one work,1188ShamsDinSaffarini.DurraMudiyya.JK001229-ara1 | 1188ShamsDinSaffarini.DurraMudiyya.Shamela0006382-ara1,2
openiti:1188ShamsDinSaffarini.GhidhaAlbab,1188ShamsDinSaffarini.GhidhaAlbab,Multiple OpenITI digital versions of one work,1188ShamsDinSaffarini.GhidhaAlbab.JK009245-ara1 | 1188ShamsDinSaffarini.GhidhaAlbab.ShamAY0033742-ara1 | 1188ShamsDinSaffarini.GhidhaAlbab.Shamela0025791-ara1,3
openiti:1189CaliCadawi.HashiyatCadawi,1189CaliCadawi.HashiyatCadawi,Multiple OpenITI digital versions of one work,1189CaliCadawi.HashiyatCadawi.JK000198-ara1 | 1189CaliCadawi.HashiyatCadawi.Shamela0021597-ara1,2
openiti:1191Kawkabani.IthafKhassa,1191Kawkabani.IthafKhassa,Multiple OpenITI digital versions of one work,1191Kawkabani.IthafKhassa.JK006672BK2-ara1 | 1191Kawkabani.IthafKhassa.Shamela0005858BK2-ara1 | 1191Kawkabani.IthafKhassa.Shia002282BK2-ara1,3
openiti:1192IbnCabdAllahBacliHanbali.BidayatCabid,1192IbnCabdAllahBacliHanbali.BidayatCabid,Multiple OpenITI digital versions of one work,1192IbnCabdAllahBacliHanbali.BidayatCabid.Sham19Y0147661-ara1 | 1192IbnCabdAllahBacliHanbali.BidayatCabid.Shamela0029796-ara1,2
openiti:1192IbnCabdAllahBacliHanbali.KashfMukhaddarat,1192IbnCabdAllahBacliHanbali.KashfMukhaddarat,Multiple OpenITI digital versions of one work,1192IbnCabdAllahBacliHanbali.KashfMukhaddarat.JK007127-ara1 | 1192IbnCabdAllahBacliHanbali.KashfMukhaddarat.ShamAY0034269-ara1 | 1192IbnCabdAllahBacliHanbali.KashfMukhaddarat.Shamela0006115-ara1,3
openiti:1195CabdRahmanAnsari.Tuhfa,1195CabdRahmanAnsari.Tuhfa,Multiple OpenITI digital versions of one work,1195CabdRahmanAnsari.Tuhfa.JK010276-ara1 | 1195CabdRahmanAnsari.Tuhfa.Shamela0030744-ara1,2
openiti:1200CabdNabiAhmadNagari.DusturCulama,1200CabdNabiAhmadNagari.DusturCulama,Multiple OpenITI digital versions of one work,1200CabdNabiAhmadNagari.DusturCulama.JK009149-ara1 | 1200CabdNabiAhmadNagari.DusturCulama.Shamela0007038-ara1,2
openiti:1200IbnAhmadSafiDinBukhari.TaqrizLiIbnHajarCasqalani,1200IbnAhmadSafiDinBukhari.TaqrizLiIbnHajarCasqalani,Multiple OpenITI digital versions of one work,1200IbnAhmadSafiDinBukhari.TaqrizLiIbnHajarCasqalani.JK001260-ara1 | 1200IbnAhmadSafiDinBukhari.TaqrizLiIbnHajarCasqalani.Shamela0006662-ara1,2
openiti:1201AhmadDardirAbuBarakat.SharhKabir,1201AhmadDardirAbuBarakat.SharhKabir,Multiple OpenITI digital versions of one work,1201AhmadDardirAbuBarakat.SharhKabir.JK000193-ara1 | 1201AhmadDardirAbuBarakat.SharhKabir.Shia000918Vols-ara1,2
openiti:1204SulaymanJamal.Hashiya,1204SulaymanJamal.Hashiya,Multiple OpenITI digital versions of one work,1204SulaymanJamal.Hashiya.JK007041-ara1 | 1204SulaymanJamal.Hashiya.Shamela0021598-ara1,2
openiti:1205MurtadaZabidi.BulghatArib,1205MurtadaZabidi.BulghatArib,Multiple OpenITI digital versions of one work,1205MurtadaZabidi.BulghatArib.JK000994-ara1 | 1205MurtadaZabidi.BulghatArib.Shamela0005980-ara1,2
openiti:1205MurtadaZabidi.IdahMadarik,1205MurtadaZabidi.IdahMadarik,Multiple OpenITI digital versions of one work,1205MurtadaZabidi.IdahMadarik.Sham19Y0013995-ara1 | 1205MurtadaZabidi.IdahMadarik.ShamAY0036056-ara1,2
openiti:1205MurtadaZabidi.TajCarus,1205MurtadaZabidi.TajCarus,Multiple OpenITI digital versions of one work,1205MurtadaZabidi.TajCarus.JK007140-ara1 | 1205MurtadaZabidi.TajCarus.ShamAY0034693-ara1 | 1205MurtadaZabidi.TajCarus.Shamela0007030-ara1 | 1205MurtadaZabidi.TajCarus.Shia003965Vols-ara1,4
openiti:1206IbnCabdWahhab.AdabMashyIlaSalat,1206IbnCabdWahhab.AdabMashyIlaSalat,Multiple OpenITI digital versions of one work,1206IbnCabdWahhab.AdabMashyIlaSalat.JK006883-ara1 | 1206IbnCabdWahhab.AdabMashyIlaSalat.Shamela0007495-ara1 | 1206IbnCabdWahhab.AdabMashyIlaSalat.Shamela0031246-ara1,3
openiti:1206IbnCabdWahhab.AhadithFiFitan,1206IbnCabdWahhab.AhadithFiFitan,Multiple OpenITI digital versions of one work,1206IbnCabdWahhab.AhadithFiFitan.JK006898-ara1 | 1206IbnCabdWahhab.AhadithFiFitan.Shamela0007485-ara1 | 1206IbnCabdWahhab.AhadithFiFitan.Shamela0007486-ara1,3
openiti:1206IbnCabdWahhab.AhkamTamanniMawt,1206IbnCabdWahhab.AhkamTamanniMawt,Multiple OpenITI digital versions of one work,1206IbnCabdWahhab.AhkamTamanniMawt.JK006884-ara1 | 1206IbnCabdWahhab.AhkamTamanniMawt.Shamela0007489-ara1,2
openiti:1206IbnCabdWahhab.ArbacQawacidTaduruAhkamCalayha,1206IbnCabdWahhab.ArbacQawacidTaduruAhkamCalayha,Multiple OpenITI digital versions of one work,1206IbnCabdWahhab.ArbacQawacidTaduruAhkamCalayha.JK006879-ara1 | 1206IbnCabdWahhab.ArbacQawacidTaduruAhkamCalayha.Shamela0007499-ara1,2
openiti:1206IbnCabdWahhab.BacdFawaidSulhHudaybiyya,1206IbnCabdWahhab.BacdFawaidSulhHudaybiyya,Multiple OpenITI digital versions of one work,1206IbnCabdWahhab.BacdFawaidSulhHudaybiyya.JK006894-ara1 | 1206IbnCabdWahhab.BacdFawaidSulhHudaybiyya.Shamela0011070-ara1,2
openiti:1206IbnCabdWahhab.CaqidatFirqaNajiya,1206IbnCabdWahhab.CaqidatFirqaNajiya,Multiple OpenITI digital versions of one work,1206IbnCabdWahhab.CaqidatFirqaNajiya.JK000353-ara1 | 1206IbnCabdWahhab.CaqidatFirqaNajiya.ShamAY0033869-ara1,2
openiti:1206IbnCabdWahhab.FadailQuran,1206IbnCabdWahhab.FadailQuran,Multiple OpenITI digital versions of one work,1206IbnCabdWahhab.FadailQuran.JK006888-ara1 | 1206IbnCabdWahhab.FadailQuran.Shamela0011328-ara1,2
openiti:1206IbnCabdWahhab.FadlIslam,1206IbnCabdWahhab.FadlIslam,Multiple OpenITI digital versions of one work,1206IbnCabdWahhab.FadlIslam.JK006874-ara1 | 1206IbnCabdWahhab.FadlIslam.Shamela0011221-ara1,2
openiti:1206IbnCabdWahhab.Fatawa,1206IbnCabdWahhab.Fatawa,Multiple OpenITI digital versions of one work,1206IbnCabdWahhab.Fatawa.JK006887-ara1 | 1206IbnCabdWahhab.Fatawa.Shamela0011324-ara1,2
openiti:1206IbnCabdWahhab.Hadith,1206IbnCabdWahhab.Hadith,Multiple OpenITI digital versions of one work,1206IbnCabdWahhab.Hadith.JK006897-ara1 | 1206IbnCabdWahhab.Hadith.Shamela0012061-ara1,2
openiti:1206IbnCabdWahhab.Kabair,1206IbnCabdWahhab.Kabair,Multiple OpenITI digital versions of one work,1206IbnCabdWahhab.Kabair.JK006877-ara1 | 1206IbnCabdWahhab.Kabair.Shamela0001467-ara1 | 1206IbnCabdWahhab.Kabair.Shamela0008531-ara1,3
openiti:1206IbnCabdWahhab.KashfShubuhat,1206IbnCabdWahhab.KashfShubuhat,Multiple OpenITI digital versions of one work,1206IbnCabdWahhab.KashfShubuhat.JK006871-ara1 | 1206IbnCabdWahhab.KashfShubuhat.Shamela0030850-ara1,2
openiti:1206IbnCabdWahhab.KhutabMinbariyya,1206IbnCabdWahhab.KhutabMinbariyya,Multiple OpenITI digital versions of one work,1206IbnCabdWahhab.KhutabMinbariyya.JK006896-ara1 | 1206IbnCabdWahhab.KhutabMinbariyya.Shamela0007612-ara1,2
openiti:1206IbnCabdWahhab.KitabTahara,1206IbnCabdWahhab.KitabTahara,Multiple OpenITI digital versions of one work,1206IbnCabdWahhab.KitabTahara.JK006881-ara1 | 1206IbnCabdWahhab.KitabTahara.Shamela0008383-ara1,2
openiti:1206IbnCabdWahhab.MabhathIjtihadWaKhilaf,1206IbnCabdWahhab.MabhathIjtihadWaKhilaf,Multiple OpenITI digital versions of one work,1206IbnCabdWahhab.MabhathIjtihadWaKhilaf.JK006880-ara1 | 1206IbnCabdWahhab.MabhathIjtihadWaKhilaf.Shamela0011369-ara1,2
openiti:1206IbnCabdWahhab.MacnaLaIlahaIllaLlah,1206IbnCabdWahhab.MacnaLaIlahaIllaLlah,Multiple OpenITI digital versions of one work,1206IbnCabdWahhab.MacnaLaIlahaIllaLlah.JK011797-ara1 | 1206IbnCabdWahhab.MacnaLaIlahaIllaLlah.Shamela0030882-ara1,2
openiti:1206IbnCabdWahhab.MajmucatRasailFiTawhid,1206IbnCabdWahhab.MajmucatRasailFiTawhid,Multiple OpenITI digital versions of one work,1206IbnCabdWahhab.MajmucatRasailFiTawhid.JK006876-ara1 | 1206IbnCabdWahhab.MajmucatRasailFiTawhid.Shamela0011381-ara1,2
openiti:1206IbnCabdWahhab.MasailJahiliyya,1206IbnCabdWahhab.MasailJahiliyya,Multiple OpenITI digital versions of one work,1206IbnCabdWahhab.MasailJahiliyya.JK000805-ara1 | 1206IbnCabdWahhab.MasailJahiliyya.ShamAY0033889-ara1 | 1206IbnCabdWahhab.MasailJahiliyya.Shamela0008137-ara1,3
openiti:1206IbnCabdWahhab.MasailLakhkhasahaIbnCabdWahhab,1206IbnCabdWahhab.MasailLakhkhasahaIbnCabdWahhab,Multiple OpenITI digital versions of one work,1206IbnCabdWahhab.MasailLakhkhasahaIbnCabdWahhab.JK006892-ara1 | 1206IbnCabdWahhab.MasailLakhkhasahaIbnCabdWahhab.Shamela0011572-ara1,2
openiti:1206IbnCabdWahhab.MufidMustafid,1206IbnCabdWahhab.MufidMustafid,Multiple OpenITI digital versions of one work,1206IbnCabdWahhab.MufidMustafid.JK006875-ara1 | 1206IbnCabdWahhab.MufidMustafid.Shamela0012078-ara1,2
openiti:1206IbnCabdWahhab.MukhtasarInsaf,1206IbnCabdWahhab.MukhtasarInsaf,Multiple OpenITI digital versions of one work,1206IbnCabdWahhab.MukhtasarInsaf.JK006878-ara1 | 1206IbnCabdWahhab.MukhtasarInsaf.Shamela0001685-ara1,2
openiti:1206IbnCabdWahhab.MukhtasarSira,1206IbnCabdWahhab.MukhtasarSira,Multiple OpenITI digital versions of one work,1206IbnCabdWahhab.MukhtasarSira.JK006886-ara1 | 1206IbnCabdWahhab.MukhtasarSira.ShamAY0034441-ara1 | 1206IbnCabdWahhab.MukhtasarSira.ShamAY0034442-ara1 | 1206IbnCabdWahhab.MukhtasarSira.Shamela0031465-ara1,4
openiti:1206IbnCabdWahhab.MukhtasarTafsirSuratAnfal,1206IbnCabdWahhab.MukhtasarTafsirSuratAnfal,Multiple OpenITI digital versions of one work,1206IbnCabdWahhab.MukhtasarTafsirSuratAnfal.JK006893-ara1 | 1206IbnCabdWahhab.MukhtasarTafsirSuratAnfal.Shamela0011383-ara1 | 1206IbnCabdWahhab.MukhtasarTafsirSuratAnfal.Shia002696-ara1,3
openiti:1206IbnCabdWahhab.MukhtasarZadMacad,1206IbnCabdWahhab.MukhtasarZadMacad,Multiple OpenITI digital versions of one work,1206IbnCabdWahhab.MukhtasarZadMacad.JK006890-ara1 | 1206IbnCabdWahhab.MukhtasarZadMacad.Shamela0031457-ara1,2
openiti:1206IbnCabdWahhab.QawacidArbaca,1206IbnCabdWahhab.QawacidArbaca,Multiple OpenITI digital versions of one work,1206IbnCabdWahhab.QawacidArbaca.JK006873-ara1 | 1206IbnCabdWahhab.QawacidArbaca.Shamela0008524-ara1,2
openiti:1206IbnCabdWahhab.RasailShakhsiyya,1206IbnCabdWahhab.RasailShakhsiyya,Multiple OpenITI digital versions of one work,1206IbnCabdWahhab.RasailShakhsiyya.JK006891-ara1 | 1206IbnCabdWahhab.RasailShakhsiyya.Shamela0007629-ara1,2
openiti:1206IbnCabdWahhab.RisalaFiRaddCalaRafida,1206IbnCabdWahhab.RisalaFiRaddCalaRafida,Multiple OpenITI digital versions of one work,1206IbnCabdWahhab.RisalaFiRaddCalaRafida.JK006895-ara1 | 1206IbnCabdWahhab.RisalaFiRaddCalaRafida.Shamela0011217-ara1,2
openiti:1206IbnCabdWahhab.ShurutSalat,1206IbnCabdWahhab.ShurutSalat,Multiple OpenITI digital versions of one work,1206IbnCabdWahhab.ShurutSalat.JK006882-ara1 | 1206IbnCabdWahhab.ShurutSalat.Shamela0011266-ara1,2
openiti:1206IbnCabdWahhab.TafsirAyatMinQuran,1206IbnCabdWahhab.TafsirAyatMinQuran,Multiple OpenITI digital versions of one work,1206IbnCabdWahhab.TafsirAyatMinQuran.JK006889-ara1 | 1206IbnCabdWahhab.TafsirAyatMinQuran.Shamela0011099-ara1 | 1206IbnCabdWahhab.TafsirAyatMinQuran.Shia002695-ara1,3
openiti:1206IbnCabdWahhab.Tawhid,1206IbnCabdWahhab.Tawhid,Multiple OpenITI digital versions of one work,1206IbnCabdWahhab.Tawhid.JK006870-ara1 | 1206IbnCabdWahhab.Tawhid.Shamela0011318-ara1 | 1206IbnCabdWahhab.Tawhid.Shia004041-ara1,3
openiti:1206IbnCabdWahhab.ThalathatUsul,1206IbnCabdWahhab.ThalathatUsul,Multiple OpenITI digital versions of one work,1206IbnCabdWahhab.ThalathatUsul.JK006872-ara1 | 1206IbnCabdWahhab.ThalathatUsul.Shamela0000239-ara1 | 1206IbnCabdWahhab.ThalathatUsul.Shamela0011126-ara1,3
openiti:1206IbnCabdWahhab.UsulIman,1206IbnCabdWahhab.UsulIman,Multiple OpenITI digital versions of one work,1206IbnCabdWahhab.UsulIman.JK000799-ara1 | 1206IbnCabdWahhab.UsulIman.Shamela0001395-ara1 | 1206IbnCabdWahhab.UsulIman.Shamela0007504-ara1,3
openiti:1207IbnAhmadCabdQadirKawkabani.FulkQamus,1207IbnAhmadCabdQadirKawkabani.FulkQamus,Multiple OpenITI digital versions of one work,1207IbnAhmadCabdQadirKawkabani.FulkQamus.JK001088-ara1 | 1207IbnAhmadCabdQadirKawkabani.FulkQamus.Shamela0007059-ara1,2
openiti:1208SulaymanJamzuriAffandi.TuhfatAtfal,1208SulaymanJamzuriAffandi.TuhfatAtfal,Multiple OpenITI digital versions of one work,1208SulaymanJamzuriAffandi.TuhfatAtfal.JK000963-ara1 | 1208SulaymanJamzuriAffandi.TuhfatAtfal.Shamela0009632-ara1,2
openiti:1218SalihFulani.IqazHimam,1218SalihFulani.IqazHimam,Multiple OpenITI digital versions of one work,1218SalihFulani.IqazHimam.JK000041-ara1 | 1218SalihFulani.IqazHimam.Shamela0006856-ara1,2
openiti:1218SalihFulani.QatfThamar,1218SalihFulani.QatfThamar,Multiple OpenITI digital versions of one work,1218SalihFulani.QatfThamar.JK000957-ara1 | 1218SalihFulani.QatfThamar.Shamela0010730-ara1,2
openiti:1221IbnAhmadSayyaghi.TuhfatMushtaq,1221IbnAhmadSayyaghi.TuhfatMushtaq,Multiple OpenITI digital versions of one work,1221IbnAhmadSayyaghi.TuhfatMushtaq.JK010662-ara1 | 1221IbnAhmadSayyaghi.TuhfatMushtaq.Shamela0000662-ara1,2
openiti:1221IbnMuhammadBujayrimiMisri.TajridLiNafcCabid,1221IbnMuhammadBujayrimiMisri.TajridLiNafcCabid,Multiple OpenITI digital versions of one work,1221IbnMuhammadBujayrimiMisri.TajridLiNafcCabid.JK000208-ara1 | 1221IbnMuhammadBujayrimiMisri.TajridLiNafcCabid.Shamela0021603-ara1,2
openiti:1221IbnMuhammadBujayrimiMisri.TuhfatHabib,1221IbnMuhammadBujayrimiMisri.TuhfatHabib,Multiple OpenITI digital versions of one work,1221IbnMuhammadBujayrimiMisri.TuhfatHabib.JK009248-ara1 | 1221IbnMuhammadBujayrimiMisri.TuhfatHabib.ShamAY0034250-ara1 | 1221IbnMuhammadBujayrimiMisri.TuhfatHabib.Shamela0021599-ara1,3
openiti:1224IbnCajiba.BahrMadid,1224IbnCajiba.BahrMadid,Multiple OpenITI digital versions of one work,1224IbnCajiba.BahrMadid.ShamAY0034062-ara1 | 1224IbnCajiba.BahrMadid.Shamela0010273-ara1 | 1224IbnCajiba.BahrMadid.Tafsir03037-ara1,3
openiti:1225IbnNasirNajdi.FawakihCidhab,1225IbnNasirNajdi.FawakihCidhab,Multiple OpenITI digital versions of one work,1225IbnNasirNajdi.FawakihCidhab.JK010001-ara1 | 1225IbnNasirNajdi.FawakihCidhab.Shamela0000001-ara1,2
openiti:1225IbnNasirNajdi.TuhfaMadaniyya,1225IbnNasirNajdi.TuhfaMadaniyya,Multiple OpenITI digital versions of one work,1225IbnNasirNajdi.TuhfaMadaniyya.JK001254-ara1 | 1225IbnNasirNajdi.TuhfaMadaniyya.Shamela0008585-ara1,2
openiti:1228MahmudMaqdishSafaqsi.NuzhatAnzar,1228MahmudMaqdishSafaqsi.NuzhatAnzar,Multiple OpenITI digital versions of one work,1228MahmudMaqdishSafaqsi.NuzhatAnzar.Sham19Y0017048-ara1 | 1228MahmudMaqdishSafaqsi.NuzhatAnzar.ShamAY0032217-ara1,2
openiti:1228MuhammadAmirKabirMaliki.NukhbaBahiyya,1228MuhammadAmirKabirMaliki.NukhbaBahiyya,Multiple OpenITI digital versions of one work,1228MuhammadAmirKabirMaliki.NukhbaBahiyya.JK005011-ara1 | 1228MuhammadAmirKabirMaliki.NukhbaBahiyya.Shamela0006079-ara1,2
openiti:1230IbnAhmadDasuqi.HashiyatCalaSharhKabir,1230IbnAhmadDasuqi.HashiyatCalaSharhKabir,Multiple OpenITI digital versions of one work,1230IbnAhmadDasuqi.HashiyatCalaSharhKabir.JK000241-ara1 | 1230IbnAhmadDasuqi.HashiyatCalaSharhKabir.Shamela0021604-ara1 | 1230IbnAhmadDasuqi.HashiyatCalaSharhKabir.Shia000914Vols-ara1,3
openiti:1231IbnMuhammadHanafiTahtawi.HashiyaCalaMaraqi,1231IbnMuhammadHanafiTahtawi.HashiyaCalaMaraqi,Multiple OpenITI digital versions of one work,1231IbnMuhammadHanafiTahtawi.HashiyaCalaMaraqi.JK000219-ara1 | 1231IbnMuhammadHanafiTahtawi.HashiyaCalaMaraqi.ShamAY0034210-ara1 | 1231IbnMuhammadHanafiTahtawi.HashiyaCalaMaraqi.Shamela0011993-ara1,3
openiti:1231MirzaAbuQasimQummi.QawaninUsul,1231MirzaAbuQasimQummi.QawaninUsul,Multiple OpenITI digital versions of one work,1231MirzaAbuQasimQummi.QawaninUsul.Rafed002622-ara1 | 1231MirzaAbuQasimQummi.QawaninUsul.Shia002760-ara1,2
openiti:1233SulaymanSibtIbnCabdWahhab.Taysir,1233SulaymanSibtIbnCabdWahhab.Taysir,Multiple OpenITI digital versions of one work,1233SulaymanSibtIbnCabdWahhab.Taysir.JK000116-ara1 | 1233SulaymanSibtIbnCabdWahhab.Taysir.JK007099-ara1 | 1233SulaymanSibtIbnCabdWahhab.Taysir.ShamAY0033888-ara1 | 1233SulaymanSibtIbnCabdWahhab.Taysir.Shamela0002378-ara1,4
openiti:1237Jabarti.CajaibAthar,1237Jabarti.CajaibAthar,Multiple OpenITI digital versions of one work,1237Jabarti.CajaibAthar.JK000394-ara1 | 1237Jabarti.CajaibAthar.Shamela0011998-ara1 | 1237Jabarti.CajaibAthar.Shia003630Vols-ara1,3
openiti:1240IbnMuhsinHimi.Tabsira,1240IbnMuhsinHimi.Tabsira,Multiple OpenITI digital versions of one work,1240IbnMuhsinHimi.Tabsira.Shia000814VolsBK3-ara1 | 1240IbnMuhsinHimi.Tabsira.Zaydiyya0000275BK2-ara1 | 1240IbnMuhsinHimi.Tabsira.Zaydiyya0000750BK2-ara1,3
openiti:1241IbnMuhammadKhalwatiSawi.BulghatSalik,1241IbnMuhammadKhalwatiSawi.BulghatSalik,Multiple OpenITI digital versions of one work,1241IbnMuhammadKhalwatiSawi.BulghatSalik.JK007085-ara1 | 1241IbnMuhammadKhalwatiSawi.BulghatSalik.Sham19Y0150969-ara1 | 1241IbnMuhammadKhalwatiSawi.BulghatSalik.ShamAY0034222-ara1 | 1241IbnMuhammadKhalwatiSawi.BulghatSalik.Shamela0021607-ara1,4
openiti:1243IbnSacdRahyabaniSuyuti.MatalibUliNuha,1243IbnSacdRahyabaniSuyuti.MatalibUliNuha,Multiple OpenITI digital versions of one work,1243IbnSacdRahyabaniSuyuti.MatalibUliNuha.JK005202-ara1 | 1243IbnSacdRahyabaniSuyuti.MatalibUliNuha.Shamela0021677-ara1,2
openiti:1246IbnCabdGhaniDihlawi.RisalatTawhid,1246IbnCabdGhaniDihlawi.RisalatTawhid,Multiple OpenITI digital versions of one work,1246IbnCabdGhaniDihlawi.RisalatTawhid.JK000360-ara1 | 1246IbnCabdGhaniDihlawi.RisalatTawhid.Shamela0001123-ara1,2
openiti:1246IbnHamadBassam.DurarMafakhir,1246IbnHamadBassam.DurarMafakhir,Multiple OpenITI digital versions of one work,1246IbnHamadBassam.DurarMafakhir.JK010410-ara1 | 1246IbnHamadBassam.DurarMafakhir.Shamela0000410-ara1,2
openiti:1250IbnMuhammadCattarShafici.HashiyaCalaJamcJawamic,1250IbnMuhammadCattarShafici.HashiyaCalaJamcJawamic,Multiple OpenITI digital versions of one work,1250IbnMuhammadCattarShafici.HashiyaCalaJamcJawamic.JK007102-ara1 | 1250IbnMuhammadCattarShafici.HashiyaCalaJamcJawamic.Shamela0021608-ara1,2
openiti:1252IbnCabidinDimashqi.FawaidCajiba,1252IbnCabidinDimashqi.FawaidCajiba,Multiple OpenITI digital versions of one work,1252IbnCabidinDimashqi.FawaidCajiba.JK006708-ara1 | 1252IbnCabidinDimashqi.FawaidCajiba.ShamAY0034701-ara1 | 1252IbnCabidinDimashqi.FawaidCajiba.Shamela0007000-ara1,3
openiti:1252IbnCabidinDimashqi.RaddMukhtar,1252IbnCabidinDimashqi.RaddMukhtar,Multiple OpenITI digital versions of one work,1252IbnCabidinDimashqi.RaddMukhtar.JK000170-ara1 | 1252IbnCabidinDimashqi.RaddMukhtar.Shamela0021613-ara1 | 1252IbnCabidinDimashqi.RaddMukhtar.Shia000990Vols-ara1,3
openiti:1252IbnCabidinDimashqi.TanqihFatawa,1252IbnCabidinDimashqi.TanqihFatawa,Multiple OpenITI digital versions of one work,1252IbnCabidinDimashqi.TanqihFatawa.JK011743-ara1 | 1252IbnCabidinDimashqi.TanqihFatawa.Shamela0021687-ara1,2
openiti:1255Shawkani.AdabTalab,1255Shawkani.AdabTalab,Multiple OpenITI digital versions of one work,1255Shawkani.AdabTalab.JK006955-ara1 | 1255Shawkani.AdabTalab.Shamela0006854-ara1,2
openiti:1255Shawkani.BadrTalic,1255Shawkani.BadrTalic,Multiple OpenITI digital versions of one work,1255Shawkani.BadrTalic.JK000998-ara1 | 1255Shawkani.BadrTalic.Shamela0006671-ara1,2
openiti:1255Shawkani.DarariMudiyya,1255Shawkani.DarariMudiyya,Multiple OpenITI digital versions of one work,1255Shawkani.DarariMudiyya.JK000175-ara1 | 1255Shawkani.DarariMudiyya.ShamAY0034281-ara1 | 1255Shawkani.DarariMudiyya.Shamela0007264-ara1 | 1255Shawkani.DarariMudiyya.Zaydiyya0000266-ara1,4
openiti:1255Shawkani.DurarBahiyya,1255Shawkani.DurarBahiyya,Multiple OpenITI digital versions of one work,1255Shawkani.DurarBahiyya.ShamAY0034280-ara1 | 1255Shawkani.DurarBahiyya.ShamAY0036516-ara1,2
openiti:1255Shawkani.FathQadir,1255Shawkani.FathQadir,Multiple OpenITI digital versions of one work,1255Shawkani.FathQadir.JK000465-ara1 | 1255Shawkani.FathQadir.ShamAY0034054-ara1 | 1255Shawkani.FathQadir.Shamela0023623-ara1 | 1255Shawkani.FathQadir.Shia002697Vols-ara1 | 1255Shawkani.FathQadir.Tafsir01009-ara1,5
openiti:1255Shawkani.FawaidMajmuca,1255Shawkani.FawaidMajmuca,Multiple OpenITI digital versions of one work,1255Shawkani.FawaidMajmuca.JK001091-ara1 | 1255Shawkani.FawaidMajmuca.Shamela0002671-ara1,2
openiti:1255Shawkani.HawashiCalaSharhAzhar,1255Shawkani.HawashiCalaSharhAzhar,Multiple OpenITI digital versions of one work,1255Shawkani.HawashiCalaSharhAzhar.Shia000814VolsBK4-ara1 | 1255Shawkani.HawashiCalaSharhAzhar.Zaydiyya0000275BK3-ara1 | 1255Shawkani.HawashiCalaSharhAzhar.Zaydiyya0000570BK3-ara1,3
openiti:1255Shawkani.IrshadFuhul,1255Shawkani.IrshadFuhul,Multiple OpenITI digital versions of one work,1255Shawkani.IrshadFuhul.JK000152-ara1 | 1255Shawkani.IrshadFuhul.ShamAY0034184-ara1 | 1255Shawkani.IrshadFuhul.Shamela0011437-ara1,3
openiti:1255Shawkani.IrshadThiqat,1255Shawkani.IrshadThiqat,Multiple OpenITI digital versions of one work,1255Shawkani.IrshadThiqat.JK001036-ara1 | 1255Shawkani.IrshadThiqat.Shamela0006455-ara1,2
openiti:1255Shawkani.NaylAwtar,1255Shawkani.NaylAwtar,Multiple OpenITI digital versions of one work,1255Shawkani.NaylAwtar.JK000165-ara1 | 1255Shawkani.NaylAwtar.Shamela0009242-ara1 | 1255Shawkani.NaylAwtar.Shia001060Vols-ara1,3
openiti:1255Shawkani.QawlMufid,1255Shawkani.QawlMufid,Multiple OpenITI digital versions of one work,1255Shawkani.QawlMufid.JK000187-ara1 | 1255Shawkani.QawlMufid.Shamela0006359-ara1,2
openiti:1255Shawkani.SawarimHidad,1255Shawkani.SawarimHidad,Multiple OpenITI digital versions of one work,1255Shawkani.SawarimHidad.JK001245-ara1 | 1255Shawkani.SawarimHidad.Shamela0006519-ara1,2
openiti:1255Shawkani.SaylJarrar,1255Shawkani.SaylJarrar,Multiple OpenITI digital versions of one work,1255Shawkani.SaylJarrar.JK000251-ara1 | 1255Shawkani.SaylJarrar.ShamAY0034277-ara1 | 1255Shawkani.SaylJarrar.Shamela0007342-ara1,3
openiti:1255Shawkani.SharhSudur,1255Shawkani.SharhSudur,Multiple OpenITI digital versions of one work,1255Shawkani.SharhSudur.Shamela0005208-ara1 | 1255Shawkani.SharhSudur.Shia001059-ara1,2
openiti:1255Shawkani.TuhafFiMadhahibSalaf,1255Shawkani.TuhafFiMadhahibSalaf,Multiple OpenITI digital versions of one work,1255Shawkani.TuhafFiMadhahibSalaf.JK000870-ara1 | 1255Shawkani.TuhafFiMadhahibSalaf.ShamAY0033847-ara1 | 1255Shawkani.TuhafFiMadhahibSalaf.Shamela0037029-ara1 | 1255Shawkani.TuhafFiMadhahibSalaf.Shamela0037030-ara1,4
openiti:1255Shawkani.TuhfatDhakirin,1255Shawkani.TuhfatDhakirin,Multiple OpenITI digital versions of one work,1255Shawkani.TuhfatDhakirin.JK001012-ara1 | 1255Shawkani.TuhfatDhakirin.Shamela0006844-ara1,2
openiti:1258IbnCabdSalamTusuli.Bahja,1258IbnCabdSalamTusuli.Bahja,Multiple OpenITI digital versions of one work,1258IbnCabdSalamTusuli.Bahja.JK009261-ara1 | 1258IbnCabdSalamTusuli.Bahja.Shamela0001544-ara1,2
openiti:1262IbnMuhammadKuzbari.IntikhabCawali,1262IbnMuhammadKuzbari.IntikhabCawali,Multiple OpenITI digital versions of one work,1262IbnMuhammadKuzbari.IntikhabCawali.JK001035-ara1 | 1262IbnMuhammadKuzbari.IntikhabCawali.Shamela0005726-ara1,2
openiti:1270IbnMuhammadIhsaiHanafi.TanbihAfham,1270IbnMuhammadIhsaiHanafi.TanbihAfham,Multiple OpenITI digital versions of one work,1270IbnMuhammadIhsaiHanafi.TanbihAfham.JK006853-ara1 | 1270IbnMuhammadIhsaiHanafi.TanbihAfham.Shamela0010652-ara1,2
openiti:1270ShihabDinAlusi.GharaibIghtirab,1270ShihabDinAlusi.GharaibIghtirab,Multiple OpenITI digital versions of one work,1270ShihabDinAlusi.GharaibIghtirab.JK010475-ara1 | 1270ShihabDinAlusi.GharaibIghtirab.Shamela0000475-ara1,2
openiti:1270ShihabDinAlusi.RuhMacani,1270ShihabDinAlusi.RuhMacani,Multiple OpenITI digital versions of one work,1270ShihabDinAlusi.RuhMacani.JK000906-ara1 | 1270ShihabDinAlusi.RuhMacani.Rafed0003178Vols-ara1 | 1270ShihabDinAlusi.RuhMacani.ShamAY0034055-ara1 | 1270ShihabDinAlusi.RuhMacani.Shamela0022835-ara1 | 1270ShihabDinAlusi.RuhMacani.Shia002702Vols-ara1 | 1270ShihabDinAlusi.RuhMacani.Tafsir07052-ara1,6
openiti:1277IbnDarwishHut.AsnaMatalib,1277IbnDarwishHut.AsnaMatalib,Multiple OpenITI digital versions of one work,1277IbnDarwishHut.AsnaMatalib.JK005014-ara1 | 1277IbnDarwishHut.AsnaMatalib.Shamela0006076-ara1,2
openiti:1280QadiMulkHindi.DhaylQawlMusaddad,1280QadiMulkHindi.DhaylQawlMusaddad,Multiple OpenITI digital versions of one work,1280QadiMulkHindi.DhaylQawlMusaddad.JK006923-ara1 | 1280QadiMulkHindi.DhaylQawlMusaddad.Shamela0008637-ara1,2
openiti:1281IbnShawkani.FiSulukIslami,1281IbnShawkani.FiSulukIslami,Multiple OpenITI digital versions of one work,1281IbnShawkani.FiSulukIslami.JK010250-ara1 | 1281IbnShawkani.FiSulukIslami.Shamela0031375-ara1,2
openiti:1281MurtadaAnsari.Salat,1281MurtadaAnsari.Salat,Multiple OpenITI digital versions of one work,1281MurtadaAnsari.Salat.Shia000368Vols-ara1 | 1281MurtadaAnsari.Salat.Shia000370-ara1,2
openiti:1281MurtadaAnsari.Tahara,1281MurtadaAnsari.Tahara,Multiple OpenITI digital versions of one work,1281MurtadaAnsari.Tahara.Shia000372Vols-ara1 | 1281MurtadaAnsari.Tahara.Shia000374Vols-ara1,2
openiti:1285IbnHasanAlShaykh.Iman,1285IbnHasanAlShaykh.Iman,Multiple OpenITI digital versions of one work,1285IbnHasanAlShaykh.Iman.JK012057-ara1 | 1285IbnHasanAlShaykh.Iman.Shamela0009841-ara1,2
openiti:1285IbnHasanAlShaykh.MawridCadhbZulal,1285IbnHasanAlShaykh.MawridCadhbZulal,Multiple OpenITI digital versions of one work,1285IbnHasanAlShaykh.MawridCadhbZulal.ShamAY0033876-ara1 | 1285IbnHasanAlShaykh.MawridCadhbZulal.Shamela0008571-ara1,2
openiti:1285IbnMushrifShacir.Diwan,1285IbnMushrifShacir.Diwan,Multiple OpenITI digital versions of one work,1285IbnMushrifShacir.Diwan.JK007633-ara1 | 1285IbnMushrifShacir.Diwan.ShamAY0037876-ara1,2
openiti:1286IcjazHusaynKunturi.KashfHujub,1286IcjazHusaynKunturi.KashfHujub,Multiple OpenITI digital versions of one work,1286IcjazHusaynKunturi.KashfHujub.Shia003358-ara1 | 1286IcjazHusaynKunturi.KashfHujub.Zaydiyya0000200-ara1,2
openiti:1290CabdGhaffarAkhras.Diwan,1290CabdGhaffarAkhras.Diwan,Multiple OpenITI digital versions of one work,1290CabdGhaffarAkhras.Diwan.JK007640-ara1 | 1290CabdGhaffarAkhras.Diwan.ShamAY0037954-ara1,2
openiti:1293CabdLatifAlShaykh.CuyunRasailwaAjwiba,1293CabdLatifAlShaykh.CuyunRasailwaAjwiba,Multiple OpenITI digital versions of one work,1293CabdLatifAlShaykh.CuyunRasailwaAjwiba.Shamela0011379-ara1 | 1293CabdLatifAlShaykh.CuyunRasailwaAjwiba.Shamela0012033-ara1,2
openiti:1299IbnMuhammadNajafiQurashi.Hamasa,1299IbnMuhammadNajafiQurashi.Hamasa,Multiple OpenITI digital versions of one work,1299IbnMuhammadNajafiQurashi.Hamasa.JK010727-ara1 | 1299IbnMuhammadNajafiQurashi.Hamasa.Shamela0002512-ara1,2
openiti:1299MuhammadCulayshMaliki.MinahJalil,1299MuhammadCulayshMaliki.MinahJalil,Multiple OpenITI digital versions of one work,1299MuhammadCulayshMaliki.MinahJalil.JK007132-ara1 | 1299MuhammadCulayshMaliki.MinahJalil.Shamela0021614-ara1,2
openiti:1300Anonymous.AlfLaylaWaLayla,1300Anonymous.AlfLaylaWaLayla,Multiple OpenITI digital versions of one work,1300Anonymous.AlfLaylaWaLayla.Alwaraq0000026-ara1 | 1300Anonymous.AlfLaylaWaLayla.Hindawi0061961973Vols-ara1,2
openiti:1300CabdQadirJazairi.DhikraCaqil,1300CabdQadirJazairi.DhikraCaqil,Multiple OpenITI digital versions of one work,1300CabdQadirJazairi.DhikraCaqil.JK010639-ara1 | 1300CabdQadirJazairi.DhikraCaqil.ShamAY0034499-ara1,2
openiti:1304CabdHayyLaknawi.AtharMarfuca,1304CabdHayyLaknawi.AtharMarfuca,Multiple OpenITI digital versions of one work,1304CabdHayyLaknawi.AtharMarfuca.JK005001-ara1 | 1304CabdHayyLaknawi.AtharMarfuca.Shamela0006053-ara1,2
openiti:1304CabdHayyLaknawi.InsafFiHukmIctikaf,1304CabdHayyLaknawi.InsafFiHukmIctikaf,Multiple OpenITI digital versions of one work,1304CabdHayyLaknawi.InsafFiHukmIctikaf.Sham19Y0017742-ara1 | 1304CabdHayyLaknawi.InsafFiHukmIctikaf.ShamAY0036004-ara1,2
openiti:1304CabdHayyLaknawi.RafcWaTakmil,1304CabdHayyLaknawi.RafcWaTakmil,Multiple OpenITI digital versions of one work,1304CabdHayyLaknawi.RafcWaTakmil.JK000993-ara1 | 1304CabdHayyLaknawi.RafcWaTakmil.Shamela0005973-ara1,2
openiti:1304HaydarIbnSulaymanHilli.Diwan,1304HaydarIbnSulaymanHilli.Diwan,Multiple OpenITI digital versions of one work,1304HaydarIbnSulaymanHilli.Diwan.JK007638-ara1 | 1304HaydarIbnSulaymanHilli.Diwan.ShamAY0037945-ara1 | 1304HaydarIbnSulaymanHilli.Diwan.Shia004662Vols-ara1,3
openiti:1305IbnKhalilQawuqjiTarabulusi.LuluMarsuc,1305IbnKhalilQawuqjiTarabulusi.LuluMarsuc,Multiple OpenITI digital versions of one work,1305IbnKhalilQawuqjiTarabulusi.LuluMarsuc.JK005017-ara1 | 1305IbnKhalilQawuqjiTarabulusi.LuluMarsuc.Shamela0006063-ara1,2
openiti:1306IbnMuhammadIbnCabidinDimashqi.TakmilatRaddMuhtar,1306IbnMuhammadIbnCabidinDimashqi.TakmilatRaddMuhtar,Multiple OpenITI digital versions of one work,1306IbnMuhammadIbnCabidinDimashqi.TakmilatRaddMuhtar.JK010918-ara1 | 1306IbnMuhammadIbnCabidinDimashqi.TakmilatRaddMuhtar.Shamela0000918-ara1 | 1306IbnMuhammadIbnCabidinDimashqi.TakmilatRaddMuhtar.Shia000996Vols-ara1,3
openiti:1307Qannawji.AbjadCulum,1307Qannawji.AbjadCulum,Multiple OpenITI digital versions of one work,1307Qannawji.AbjadCulum.JK000676-ara1 | 1307Qannawji.AbjadCulum.Shamela0009579-ara1,2
openiti:1307Qannawji.HittaFiDhikr,1307Qannawji.HittaFiDhikr,Multiple OpenITI digital versions of one work,1307Qannawji.HittaFiDhikr.JK000971-ara1 | 1307Qannawji.HittaFiDhikr.Shamela0010717-ara1,2
openiti:1307Qannawji.HusnUswa,1307Qannawji.HusnUswa,Multiple OpenITI digital versions of one work,1307Qannawji.HusnUswa.JK000961-ara1 | 1307Qannawji.HusnUswa.Shamela0003485-ara1,2
openiti:1307Qannawji.LuqtatCajlan,1307Qannawji.LuqtatCajlan,Multiple OpenITI digital versions of one work,1307Qannawji.LuqtatCajlan.JK001132-ara1 | 1307Qannawji.LuqtatCajlan.Shamela0010739-ara1,2
openiti:1307Qannawji.QatfThamar,1307Qannawji.QatfThamar,Multiple OpenITI digital versions of one work,1307Qannawji.QatfThamar.JK000113-ara1 | 1307Qannawji.QatfThamar.Shamela0003874-ara1,2
openiti:1307Qannawji.RawdaNadiyya,1307Qannawji.RawdaNadiyya,Multiple OpenITI digital versions of one work,1307Qannawji.RawdaNadiyya.JK007064-ara1 | 1307Qannawji.RawdaNadiyya.Shamela0007444-ara1 | 1307Qannawji.RawdaNadiyya.Shamela0009293-ara1,3
openiti:1307Qannawji.TajMukallal,1307Qannawji.TajMukallal,Multiple OpenITI digital versions of one work,1307Qannawji.TajMukallal.Sham19Y0017349-ara1 | 1307Qannawji.TajMukallal.ShamAY0032275-ara1,2
openiti:1307Qannawji.Yaqza,1307Qannawji.Yaqza,Multiple OpenITI digital versions of one work,1307Qannawji.Yaqza.JK000076-ara1 | 1307Qannawji.Yaqza.Shamela0006879-ara1,2
openiti:1308IbnKhalilHindiCuthmani.MukhtasarIzharHaqq,1308IbnKhalilHindiCuthmani.MukhtasarIzharHaqq,Multiple OpenITI digital versions of one work,1308IbnKhalilHindiCuthmani.MukhtasarIzharHaqq.JK011854-ara1 | 1308IbnKhalilHindiCuthmani.MukhtasarIzharHaqq.Shamela0030945-ara1,2
openiti:1308IbnKhalilHindiCuthmani.MunazaraTaqririyya,1308IbnKhalilHindiCuthmani.MunazaraTaqririyya,Multiple OpenITI digital versions of one work,1308IbnKhalilHindiCuthmani.MunazaraTaqririyya.JK000332-ara1 | 1308IbnKhalilHindiCuthmani.MunazaraTaqririyya.Shamela0006546-ara1,2
openiti:1310BakriDimyati.HashiyaIcanaTalibin,1310BakriDimyati.HashiyaIcanaTalibin,Multiple OpenITI digital versions of one work,1310BakriDimyati.HashiyaIcanaTalibin.JK000179-ara1 | 1310BakriDimyati.HashiyaIcanaTalibin.Shamela0000963-ara1 | 1310BakriDimyati.HashiyaIcanaTalibin.Shia000891Vols-ara1,3
openiti:1313CorneliusVanDyck.IktifaQunuc,1313CorneliusVanDyck.IktifaQunuc,Multiple OpenITI digital versions of one work,1313CorneliusVanDyck.IktifaQunuc.JK001441-ara1 | 1313CorneliusVanDyck.IktifaQunuc.Shamela0009199-ara1,2
openiti:1313SayyidCaliBurujirdi.Taraif,1313SayyidCaliBurujirdi.Taraif,Multiple OpenITI digital versions of one work,1313SayyidCaliBurujirdi.Taraif.Shia002970Vols-ara1 | 1313SayyidCaliBurujirdi.Taraif.Zaydiyya0000190-ara1,2
openiti:1315Salawi.IstiqsaLiAhkbar,1315Salawi.IstiqsaLiAhkbar,Multiple OpenITI digital versions of one work,1315Salawi.IstiqsaLiAhkbar.JK001325-ara1 | 1315Salawi.IstiqsaLiAhkbar.Shamela0006627-ara1,2
openiti:1316IbnCumarBantaniJawi.NihayatZayn,1316IbnCumarBantaniJawi.NihayatZayn,Multiple OpenITI digital versions of one work,1316IbnCumarBantaniJawi.NihayatZayn.JK000310-ara1 | 1316IbnCumarBantaniJawi.NihayatZayn.Shamela0006146-ara1,2
openiti:1317KhayrDinAlusi.AyatBayyinat,1317KhayrDinAlusi.AyatBayyinat,Multiple OpenITI digital versions of one work,1317KhayrDinAlusi.AyatBayyinat.JK001010-ara1 | 1317KhayrDinAlusi.AyatBayyinat.Shamela0000247-ara1 | 1317KhayrDinAlusi.AyatBayyinat.Shamela0006457-ara1,3
openiti:1317KhayrDinAlusi.JalaCaynayn,1317KhayrDinAlusi.JalaCaynayn,Multiple OpenITI digital versions of one work,1317KhayrDinAlusi.JalaCaynayn.Shamela0009943-ara1 | 1317KhayrDinAlusi.JalaCaynayn.Zaydiyya0000379-ara1,2
openiti:1318AhmadDimashqi.MucjamAsmaAshya,1318AhmadDimashqi.MucjamAsmaAshya,Multiple OpenITI digital versions of one work,1318AhmadDimashqi.MucjamAsmaAshya.JK001175-ara1 | 1318AhmadDimashqi.MucjamAsmaAshya.Shamela0007057-ara1,2
openiti:1320IbnAhmadSayyidFuratiKawakibi.UmmQura,1320IbnAhmadSayyidFuratiKawakibi.UmmQura,Multiple OpenITI digital versions of one work,1320IbnAhmadSayyidFuratiKawakibi.UmmQura.JK007003-ara1 | 1320IbnAhmadSayyidFuratiKawakibi.UmmQura.Shamela0009680-ara1,2
openiti:1323MuhammadCabduh.RisalatTawhid,1323MuhammadCabduh.RisalatTawhid,Multiple OpenITI digital versions of one work,1323MuhammadCabduh.RisalatTawhid.JK001276-ara1 | 1323MuhammadCabduh.RisalatTawhid.ShamAY0033867-ara1 | 1323MuhammadCabduh.RisalatTawhid.Shamela0006392-ara1,3
openiti:1327AhmadIbrahimCisa.TawdihMaqasid,1327AhmadIbrahimCisa.TawdihMaqasid,Multiple OpenITI digital versions of one work,1327AhmadIbrahimCisa.TawdihMaqasid.JK000098-ara1 | 1327AhmadIbrahimCisa.TawdihMaqasid.Shamela0006362-ara1,2
openiti:1328AbuHudaSayyadi.Diwan,1328AbuHudaSayyadi.Diwan,Multiple OpenITI digital versions of one work,1328AbuHudaSayyadi.Diwan.JK007631-ara1 | 1328AbuHudaSayyadi.Diwan.ShamAY0037820-ara1,2
openiti:1329MuhammadAshrafCazimabadi.CawnMacbud,1329MuhammadAshrafCazimabadi.CawnMacbud,Multiple OpenITI digital versions of one work,1329MuhammadAshrafCazimabadi.CawnMacbud.JK000264-ara1 | 1329MuhammadAshrafCazimabadi.CawnMacbud.ShamAY0033531-ara1 | 1329MuhammadAshrafCazimabadi.CawnMacbud.Shamela0005760-ara1 | 1329MuhammadAshrafCazimabadi.CawnMacbud.Shia001863Vols-ara1,4
openiti:1332IbnMuhammadJamalDinQasimi.IslahMasajid,1332IbnMuhammadJamalDinQasimi.IslahMasajid,Multiple OpenITI digital versions of one work,1332IbnMuhammadJamalDinQasimi.IslahMasajid.JK010190-ara1 | 1332IbnMuhammadJamalDinQasimi.IslahMasajid.Shamela0010541-ara1,2
openiti:1332IbnMuhammadJamalDinQasimi.MahasinTawil,1332IbnMuhammadJamalDinQasimi.MahasinTawil,Multiple OpenITI digital versions of one work,1332IbnMuhammadJamalDinQasimi.MahasinTawil.Rafed0003902Vols-ara1 | 1332IbnMuhammadJamalDinQasimi.MahasinTawil.Shamela0023631-ara1 | 1332IbnMuhammadJamalDinQasimi.MahasinTawil.Tafsir02102-ara1,3
openiti:1332IbnMuhammadJamalDinQasimi.Mash,1332IbnMuhammadJamalDinQasimi.Mash,Multiple OpenITI digital versions of one work,1332IbnMuhammadJamalDinQasimi.Mash.JK010343-ara1 | 1332IbnMuhammadJamalDinQasimi.Mash.Shamela0000343-ara1,2
openiti:1332IbnMuhammadJamalDinQasimi.MawcizatMuminin,1332IbnMuhammadJamalDinQasimi.MawcizatMuminin,Multiple OpenITI digital versions of one work,1332IbnMuhammadJamalDinQasimi.MawcizatMuminin.JK001197-ara1 | 1332IbnMuhammadJamalDinQasimi.MawcizatMuminin.Shamela0022842-ara1,2
openiti:1332IbnMuhammadJamalDinQasimi.QawacidTahdith,1332IbnMuhammadJamalDinQasimi.QawacidTahdith,Multiple OpenITI digital versions of one work,1332IbnMuhammadJamalDinQasimi.QawacidTahdith.JK006677-ara1 | 1332IbnMuhammadJamalDinQasimi.QawacidTahdith.Shamela0009993-ara1,2
openiti:1332MahmudSamiBarudi.Diwan,1332MahmudSamiBarudi.Diwan,Multiple OpenITI digital versions of one work,1332MahmudSamiBarudi.Diwan.Hindawi041969168-ara1 | 1332MahmudSamiBarudi.Diwan.ShamAY0037857-ara1,2
openiti:1332NurDinSalimi.BahjatAnwar,1332NurDinSalimi.BahjatAnwar,Multiple OpenITI digital versions of one work,1332NurDinSalimi.BahjatAnwar.ShamIbadiyya0000038-ara1 | 1332NurDinSalimi.BahjatAnwar.ShamIbadiyya0000146-ara1,2
openiti:1332NurDinSalimi.HujjajMuqannaca,1332NurDinSalimi.HujjajMuqannaca,Multiple OpenITI digital versions of one work,1332NurDinSalimi.HujjajMuqannaca.ShamIbadiyya0000486-ara1 | 1332NurDinSalimi.HujjajMuqannaca.ShamIbadiyya0000487-ara1,2
openiti:1332NurDinSalimi.MacarijAmal,1332NurDinSalimi.MacarijAmal,Multiple OpenITI digital versions of one work,1332NurDinSalimi.MacarijAmal.ShamIbadiyya0000229-ara1 | 1332NurDinSalimi.MacarijAmal.ShamIbadiyya0000975-ara1,2
openiti:1332QutbAtfayyish.HamayanZad,1332QutbAtfayyish.HamayanZad,Multiple OpenITI digital versions of one work,1332QutbAtfayyish.HamayanZad.ShamIbadiyya0000050-ara1 | 1332QutbAtfayyish.HamayanZad.Tafsir06049-ara1,2
openiti:1332QutbAtfayyish.SharhNilWaShifaCalil,1332QutbAtfayyish.SharhNilWaShifaCalil,Multiple OpenITI digital versions of one work,1332QutbAtfayyish.SharhNilWaShifaCalil.ShamIbadiyya0000109-ara1 | 1332QutbAtfayyish.SharhNilWaShifaCalil.ShamIbadiyya0000926-ara1,2
openiti:1333CaliHairiYazdi.IlzamNasib,1333CaliHairiYazdi.IlzamNasib,Multiple OpenITI digital versions of one work,1333CaliHairiYazdi.IlzamNasib.Rafed0002565Vols-ara1 | 1333CaliHairiYazdi.IlzamNasib.Shia004053Vols-ara1,2
openiti:1335CabdRazzaqBaytar.HilyatBashar,1335CabdRazzaqBaytar.HilyatBashar,Multiple OpenITI digital versions of one work,1335CabdRazzaqBaytar.HilyatBashar.JK010388-ara1 | 1335CabdRazzaqBaytar.HilyatBashar.Shamela0031371-ara1,2
openiti:1335IbnCabdSamicAbiAzhari.ThamrDani,1335IbnCabdSamicAbiAzhari.ThamrDani,Multiple OpenITI digital versions of one work,1335IbnCabdSamicAbiAzhari.ThamrDani.JK000218-ara1 | 1335IbnCabdSamicAbiAzhari.ThamrDani.Shamela0007441-ara1 | 1335IbnCabdSamicAbiAzhari.ThamrDani.Shia000922-ara1,3
openiti:1336CabdHamidThani.MudhakkaratiSiyasiya,1336CabdHamidThani.MudhakkaratiSiyasiya,Multiple OpenITI digital versions of one work,1336CabdHamidThani.MudhakkaratiSiyasiya.JK000391-ara1 | 1336CabdHamidThani.MudhakkaratiSiyasiya.Shamela0009118-ara1,2
openiti:1337MuhammadZahriGhamrawi.SirajWahhaj,1337MuhammadZahriGhamrawi.SirajWahhaj,Multiple OpenITI digital versions of one work,1337MuhammadZahriGhamrawi.SirajWahhaj.JK001244-ara1 | 1337MuhammadZahriGhamrawi.SirajWahhaj.Shamela0006123-ara1,2
openiti:1338MuhammadFaridBey.Tarikh,1338MuhammadFaridBey.Tarikh,Multiple OpenITI digital versions of one work,1338MuhammadFaridBey.Tarikh.JK000411-ara1 | 1338MuhammadFaridBey.Tarikh.Shamela0006638-ara1,2
openiti:1338TahirJazairiDimashqi.TawjihNazar,1338TahirJazairiDimashqi.TawjihNazar,Multiple OpenITI digital versions of one work,1338TahirJazairiDimashqi.TawjihNazar.JK000990-ara1 | 1338TahirJazairiDimashqi.TawjihNazar.Shamela0005981-ara1,2
openiti:1339FursatDawlaShirazi.AtharCajam,1339FursatDawlaShirazi.AtharCajam,Multiple OpenITI digital versions of one work,1339FursatDawlaShirazi.AtharCajam.Kraken210903013118-per1 | 1339FursatDawlaShirazi.AtharCajam.Qaemiyeh000000-per1,2
openiti:1339IsmacilBashaBaghdadi.HadiyyatCarifin,1339IsmacilBashaBaghdadi.HadiyyatCarifin,Multiple OpenITI digital versions of one work,1339IsmacilBashaBaghdadi.HadiyyatCarifin.JK001418-ara1 | 1339IsmacilBashaBaghdadi.HadiyyatCarifin.Shamela0003003-ara1 | 1339IsmacilBashaBaghdadi.HadiyyatCarifin.Shia003362Vols-ara1 | 1339IsmacilBashaBaghdadi.HadiyyatCarifin.Zaydiyya0000247-ara1,4
openiti:1339IsmacilBashaBaghdadi.IdahMaknun,1339IsmacilBashaBaghdadi.IdahMaknun,Multiple OpenITI digital versions of one work,1339IsmacilBashaBaghdadi.IdahMaknun.JK000845-ara1 | 1339IsmacilBashaBaghdadi.IdahMaknun.Shamela0000851-ara1 | 1339IsmacilBashaBaghdadi.IdahMaknun.Shia003360Vols-ara1,3
openiti:1340CaliBahrani.ManarHuda,1340CaliBahrani.ManarHuda,Multiple OpenITI digital versions of one work,1340CaliBahrani.ManarHuda.Rafed0003574-ara1 | 1340CaliBahrani.ManarHuda.Shia004525-ara1,2
openiti:1342MahmudShukriAlusi.FaslKhitab,1342MahmudShukriAlusi.FaslKhitab,Multiple OpenITI digital versions of one work,1342MahmudShukriAlusi.FaslKhitab.Shamela0008549-ara1 | 1342MahmudShukriAlusi.FaslKhitab.Shamela0009637-ara1 | 1342MahmudShukriAlusi.FaslKhitab.Shamela0030866-ara1,3
openiti:1342MahmudShukriAlusi.MaDallaCalayhiQuran,1342MahmudShukriAlusi.MaDallaCalayhiQuran,Multiple OpenITI digital versions of one work,1342MahmudShukriAlusi.MaDallaCalayhiQuran.JK001137-ara1 | 1342MahmudShukriAlusi.MaDallaCalayhiQuran.ShamAY0001529-ara1 | 1342MahmudShukriAlusi.MaDallaCalayhiQuran.Shamela0005551-ara1,3
openiti:1342MahmudShukriAlusi.Suyuf,1342MahmudShukriAlusi.Suyuf,Multiple OpenITI digital versions of one work,1342MahmudShukriAlusi.Suyuf.ShamAY0001783-ara1 | 1342MahmudShukriAlusi.Suyuf.Shamela0096337-ara1,2
openiti:1342MustafaLutfiManfaluti.Nazarat,1342MustafaLutfiManfaluti.Nazarat,Multiple OpenITI digital versions of one work,1342MustafaLutfiManfaluti.Nazarat.Hindawi094061468-ara1 | 1342MustafaLutfiManfaluti.Nazarat.Shamela0011400-ara1,2
openiti:1345IbnCafifiKhudari.NurYaqin,1345IbnCafifiKhudari.NurYaqin,Multiple OpenITI digital versions of one work,1345IbnCafifiKhudari.NurYaqin.JK009247-ara1 | 1345IbnCafifiKhudari.NurYaqin.ShamAY0034443-ara1 | 1345IbnCafifiKhudari.NurYaqin.Shamela0023692-ara1,3
openiti:1345IbnJacfarKattani.NazmMutanathir,1345IbnJacfarKattani.NazmMutanathir,Multiple OpenITI digital versions of one work,1345IbnJacfarKattani.NazmMutanathir.JK000772-ara1 | 1345IbnJacfarKattani.NazmMutanathir.Shamela0007016-ara1 | 1345IbnJacfarKattani.NazmMutanathir.Shia002298-ara1,3
openiti:1345IbnJacfarKattani.RisalaMustatrafa,1345IbnJacfarKattani.RisalaMustatrafa,Multiple OpenITI digital versions of one work,1345IbnJacfarKattani.RisalaMustatrafa.JK000224-ara1 | 1345IbnJacfarKattani.RisalaMustatrafa.ShamAY0037613-ara1 | 1345IbnJacfarKattani.RisalaMustatrafa.Shamela0007636-ara1,3
openiti:1346CabdQadirBadran.MadkhalIlaMadhhabAhmad,1346CabdQadirBadran.MadkhalIlaMadhhabAhmad,Multiple OpenITI digital versions of one work,1346CabdQadirBadran.MadkhalIlaMadhhabAhmad.JK000268-ara1 | 1346CabdQadirBadran.MadkhalIlaMadhhabAhmad.ShamAY0034195-ara1 | 1346CabdQadirBadran.MadkhalIlaMadhhabAhmad.Shamela0006309-ara1,3
openiti:1346CabdQadirBadran.Munadama,1346CabdQadirBadran.Munadama,Multiple OpenITI digital versions of one work,1346CabdQadirBadran.Munadama.JK000964-ara1 | 1346CabdQadirBadran.Munadama.Shamela0006710-ara1,2
openiti:1349IbnSahmanKhathcami.Futyayan,1349IbnSahmanKhathcami.Futyayan,Multiple OpenITI digital versions of one work,1349IbnSahmanKhathcami.Futyayan.JK009136-ara1 | 1349IbnSahmanKhathcami.Futyayan.Shamela0006515-ara1,2
openiti:1349IbnSahmanKhathcami.KashfAwham,1349IbnSahmanKhathcami.KashfAwham,Multiple OpenITI digital versions of one work,1349IbnSahmanKhathcami.KashfAwham.JK001025-ara1 | 1349IbnSahmanKhathcami.KashfAwham.Shamela0006504-ara1,2
openiti:1349IbnSahmanKhathcami.TamayyuzSidq,1349IbnSahmanKhathcami.TamayyuzSidq,Multiple OpenITI digital versions of one work,1349IbnSahmanKhathcami.TamayyuzSidq.JK006834-ara1 | 1349IbnSahmanKhathcami.TamayyuzSidq.Shamela0006488-ara1,2
openiti:1351YusufIlyanSarkis.MucjamMatbucat,1351YusufIlyanSarkis.MucjamMatbucat,Multiple OpenITI digital versions of one work,1351YusufIlyanSarkis.MucjamMatbucat.Shamela0001242-ara1 | 1351YusufIlyanSarkis.MucjamMatbucat.Shia003364Vols-ara1 | 1351YusufIlyanSarkis.MucjamMatbucat.Zaydiyya0000223-ara1,3
openiti:1353IbnCabdRahimMubarakfuri.TuhfatAhwadhi,1353IbnCabdRahimMubarakfuri.TuhfatAhwadhi,Multiple OpenITI digital versions of one work,1353IbnCabdRahimMubarakfuri.TuhfatAhwadhi.JK000201-ara1 | 1353IbnCabdRahimMubarakfuri.TuhfatAhwadhi.Shamela0021662-ara1 | 1353IbnCabdRahimMubarakfuri.TuhfatAhwadhi.Shia001853Vols-ara1,3
openiti:1354RashidRida.Manar,1354RashidRida.Manar,Multiple OpenITI digital versions of one work,1354RashidRida.Manar.ShamAY0012304-ara1 | 1354RashidRida.Manar.Shamela0006947-ara1 | 1354RashidRida.Manar.Tafsir02103-ara1,3
openiti:1355AhmadTahtawi.TanbihWaIqaz,1355AhmadTahtawi.TanbihWaIqaz,Multiple OpenITI digital versions of one work,1355AhmadTahtawi.TanbihWaIqaz.JK004505-ara1 | 1355AhmadTahtawi.TanbihWaIqaz.Shamela0001116-ara1 | 1355AhmadTahtawi.TanbihWaIqaz.Shia003354-ara1,3
openiti:1364CamirIbnKHamisMaliki.GhayatMatlub,1364CamirIbnKHamisMaliki.GhayatMatlub,Multiple OpenITI digital versions of one work,1364CamirIbnKHamisMaliki.GhayatMatlub.ShamIbadiyya0000459-ara1 | 1364CamirIbnKHamisMaliki.GhayatMatlub.ShamIbadiyya0000942-ara1,2
openiti:1364IbnHamdMughiri.MuntakhabQabail,1364IbnHamdMughiri.MuntakhabQabail,Multiple OpenITI digital versions of one work,1364IbnHamdMughiri.MuntakhabQabail.JK010494-ara1 | 1364IbnHamdMughiri.MuntakhabQabail.Shamela0000494-ara1,2
openiti:1364MacrufRusafi.Diwan,1364MacrufRusafi.Diwan,Multiple OpenITI digital versions of one work,1364MacrufRusafi.Diwan.Hindawi051703160-ara1 | 1364MacrufRusafi.Diwan.JK007642-ara1,2
openiti:1369MuhammadRida.AbuBakr,1369MuhammadRida.AbuBakr,Multiple OpenITI digital versions of one work,1369MuhammadRida.AbuBakr.Shamela0007472-ara1 | 1369MuhammadRida.AbuBakr.Shamela0021515-ara1,2
openiti:1371AhmadMustafaMaraghi.Tafsir,1371AhmadMustafaMaraghi.Tafsir,Multiple OpenITI digital versions of one work,1371AhmadMustafaMaraghi.Tafsir.Rafed0001658Vols-ara1 | 1371AhmadMustafaMaraghi.Tafsir.Sham19Y0023608-ara1 | 1371AhmadMustafaMaraghi.Tafsir.ShamAY0023608-ara1,3
openiti:1372KurdCali.KhitatSham,1372KurdCali.KhitatSham,Multiple OpenITI digital versions of one work,1372KurdCali.KhitatSham.Rafed0002276Vols-ara1 | 1372KurdCali.KhitatSham.ShamAY0000451-ara1 | 1372KurdCali.KhitatSham.ShamAY0033802-ara1 | 1372KurdCali.KhitatSham.Shamela0037063-ara1,4
openiti:1372KurdCali.MajallatMuqtabas,1372KurdCali.MajallatMuqtabas,Multiple OpenITI digital versions of one work,1372KurdCali.MajallatMuqtabas.Sham19Y0026523-ara1 | 1372KurdCali.MajallatMuqtabas.ShamAY0000443-ara1,2
openiti:1377AhmadMuhammadShakir.BacithHathith,1377AhmadMuhammadShakir.BacithHathith,Multiple OpenITI digital versions of one work,1377AhmadMuhammadShakir.BacithHathith.JK006970-ara1 | 1377AhmadMuhammadShakir.BacithHathith.Shamela0021571-ara1,2
openiti:1379BadicZamanNursi.IsharatIcjaz,1379BadicZamanNursi.IsharatIcjaz,Multiple OpenITI digital versions of one work,1379BadicZamanNursi.IsharatIcjaz.Sham19Y0007849-ara1 | 1379BadicZamanNursi.IsharatIcjaz.ShamAY0007849-ara1,2
openiti:1381MuhammadSancani.MulhaqBadr,1381MuhammadSancani.MulhaqBadr,Multiple OpenITI digital versions of one work,1381MuhammadSancani.MulhaqBadr.JK008005-ara1 | 1381MuhammadSancani.MulhaqBadr.Shamela0006672-ara1,2
openiti:1382Kattani.FahrasFaharis,1382Kattani.FahrasFaharis,Multiple OpenITI digital versions of one work,1382Kattani.FahrasFaharis.JK001082-ara1 | 1382Kattani.FahrasFaharis.Shamela0001037-ara1,2
openiti:1389AghaBuzurgTihrani.DharicaIlaTasanifShica,1389AghaBuzurgTihrani.DharicaIlaTasanifShica,Multiple OpenITI digital versions of one work,1389AghaBuzurgTihrani.DharicaIlaTasanifShica.Shia003366Vols-ara1 | 1389AghaBuzurgTihrani.DharicaIlaTasanifShica.Zaydiyya0000134-ara1,2
openiti:1390HamadSulaymi.HidayatMubassirin,1390HamadSulaymi.HidayatMubassirin,Multiple OpenITI digital versions of one work,1390HamadSulaymi.HidayatMubassirin.ShamIbadiyya0000823-ara1 | 1390HamadSulaymi.HidayatMubassirin.ShamIbadiyya0000824-ara1,2
openiti:1392CazraHaddad.RihlatBinyaminTutili,1392CazraHaddad.RihlatBinyaminTutili,Multiple OpenITI digital versions of one work,1392CazraHaddad.RihlatBinyaminTutili.Masaha004577-ara1 | 1392CazraHaddad.RihlatBinyaminTutili.Shamela0011681-ara1,2
openiti:1393MuhammadTahirIbnCashurTunisi.TahrirWaTanwir,1393MuhammadTahirIbnCashurTunisi.TahrirWaTanwir,Multiple OpenITI digital versions of one work,1393MuhammadTahirIbnCashurTunisi.TahrirWaTanwir.JK009362-ara1 | 1393MuhammadTahirIbnCashurTunisi.TahrirWaTanwir.Rafed0002905Vols-ara1 | 1393MuhammadTahirIbnCashurTunisi.TahrirWaTanwir.Shamela0009776-ara1 | 1393MuhammadTahirIbnCashurTunisi.TahrirWaTanwir.Tafsir07054-ara1,4
openiti:1396KhayrDinZirikli.Aclam,1396KhayrDinZirikli.Aclam,Multiple OpenITI digital versions of one work,1396KhayrDinZirikli.Aclam.Sham30K0012286-ara1 | 1396KhayrDinZirikli.Aclam.Sham30K0032952-ara1 | 1396KhayrDinZirikli.Aclam.Sham30K0044666-ara1 | 1396KhayrDinZirikli.Aclam.Shamela0012286-ara1 | 1396KhayrDinZirikli.Aclam.Shia003396Vols-ara1,5
openiti:1400MuhammadIbrahimSalim.TabaicNisa,1400MuhammadIbrahimSalim.TabaicNisa,Multiple OpenITI digital versions of one work,1400MuhammadIbrahimSalim.TabaicNisa.JK000009-ara1 | 1400MuhammadIbrahimSalim.TabaicNisa.Shamela0006945-ara1,2
openiti:1402SayyidTabatabai.TafsirMizan,1402SayyidTabatabai.TafsirMizan,Multiple OpenITI digital versions of one work,1402SayyidTabatabai.TafsirMizan.Rafed0001433Vols-ara1 | 1402SayyidTabatabai.TafsirMizan.Shia002406Vols-ara1 | 1402SayyidTabatabai.TafsirMizan.Tafsir04056-ara1 | 1402SayyidTabatabai.TafsirMizan.Zaydiyya0000282-ara1,4
openiti:1404IbrahimQattan.TaysirTafsir,1404IbrahimQattan.TaysirTafsir,Multiple OpenITI digital versions of one work,1404IbrahimQattan.TaysirTafsir.ShamAY0000029-ara1 | 1404IbrahimQattan.TaysirTafsir.Tafsir09068-ara1,2
openiti:1408CabdSalamHarun.NawadirMakhtutat,1408CabdSalamHarun.NawadirMakhtutat,Multiple OpenITI digital versions of one work,1408CabdSalamHarun.NawadirMakhtutat.Sham19Y0021514-ara1 | 1408CabdSalamHarun.NawadirMakhtutat.ShamAY0021514-ara1,2
openiti:1408CumarKahhala.MucjamMuallifin,1408CumarKahhala.MucjamMuallifin,Multiple OpenITI digital versions of one work,1408CumarKahhala.MucjamMuallifin.Sham30K0003901-ara1 | 1408CumarKahhala.MucjamMuallifin.Sham30K0035638-ara1 | 1408CumarKahhala.MucjamMuallifin.Sham30K0036917-ara1 | 1408CumarKahhala.MucjamMuallifin.Sham30K0042922-ara1 | 1408CumarKahhala.MucjamMuallifin.Shamela0003901-ara1 | 1408CumarKahhala.MucjamMuallifin.Shia003408Vols-ara1,6
openiti:1408CumarKahhala.MucjamQabail,1408CumarKahhala.MucjamQabail,Multiple OpenITI digital versions of one work,1408CumarKahhala.MucjamQabail.Shamela0012402-ara1 | 1408CumarKahhala.MucjamQabail.Shia003451Vols-ara1,2
openiti:1409MuhammadHusaynShahriyar.HaydarBaba,1409MuhammadHusaynShahriyar.HaydarBaba,Multiple OpenITI digital versions of one work,1409MuhammadHusaynShahriyar.HaydarBaba.PDL00113-per1 | 1409MuhammadHusaynShahriyar.HaydarBaba.PDL00114-per1,2
openiti:1409RuhAllahKhumayni.ArbacunHadithan,1409RuhAllahKhumayni.ArbacunHadithan,Multiple OpenITI digital versions of one work,1409RuhAllahKhumayni.ArbacunHadithan.Zaydiyya0000111-ara1 | 1409RuhAllahKhumayni.ArbacunHadithan.Zaydiyya0000256-ara1,2
openiti:1416CabbudShaliji.NishwarQuotes,1416CabbudShaliji.NishwarQuotes,Multiple OpenITI digital versions of one work,1416CabbudShaliji.NishwarQuotes.Masaha002964VolsBK2-ara1 | 1416CabbudShaliji.NishwarQuotes.Shamela0010275BK2-ara1,2
openiti:1419MahmudTanahi.MaqalatTanahi,1419MahmudTanahi.MaqalatTanahi,Multiple OpenITI digital versions of one work,1419MahmudTanahi.MaqalatTanahi.Sham19Y0148533-ara1 | 1419MahmudTanahi.MaqalatTanahi.ShamAY0038630-ara1,2
openiti:1420CaliTantawi.NurWaHidaya,1420CaliTantawi.NurWaHidaya,Multiple OpenITI digital versions of one work,1420CaliTantawi.NurWaHidaya.Sham19Y0001791-ara1 | 1420CaliTantawi.NurWaHidaya.ShamAY0031960-ara1,2
openiti:1420CaliTantawi.TacrifCamm,1420CaliTantawi.TacrifCamm,Multiple OpenITI digital versions of one work,1420CaliTantawi.TacrifCamm.Sham19Y0037562-ara1 | 1420CaliTantawi.TacrifCamm.ShamAY0000986-ara1,2
openiti:1420IbnBaz.FatawaNurCalaDarb,1420IbnBaz.FatawaNurCalaDarb,Multiple OpenITI digital versions of one work,1420IbnBaz.FatawaNurCalaDarb.Shamela0000107-ara1 | 1420IbnBaz.FatawaNurCalaDarb.Shamela0008380-ara1,2
openiti:1421MuhammadHadiAmini.MucjamMatbucatNajafiyya,1421MuhammadHadiAmini.MucjamMatbucatNajafiyya,Multiple OpenITI digital versions of one work,1421MuhammadHadiAmini.MucjamMatbucatNajafiyya.Shia003421-ara1 | 1421MuhammadHadiAmini.MucjamMatbucatNajafiyya.Zaydiyya0000225-ara1,2
openiti:1422CabdCazizSalman.MajmucatQasaid,1422CabdCazizSalman.MajmucatQasaid,Multiple OpenITI digital versions of one work,1422CabdCazizSalman.MajmucatQasaid.Sham19Y0038155-ara1 | 1422CabdCazizSalman.MajmucatQasaid.ShamAY0001268-ara1,2
openiti:1428MajdDinMuayyadi.Tuhaf,1428MajdDinMuayyadi.Tuhaf,Multiple OpenITI digital versions of one work,1428MajdDinMuayyadi.Tuhaf.Zaydiyya0000086-ara1 | 1428MajdDinMuayyadi.Tuhaf.Zaydiyya0000392-ara1,2
openiti:1430MunicCabdHalimMahmud.ManahijMufassirin,1430MunicCabdHalimMahmud.ManahijMufassirin,Multiple OpenITI digital versions of one work,1430MunicCabdHalimMahmud.ManahijMufassirin.Rafed0000876-ara1 | 1430MunicCabdHalimMahmud.ManahijMufassirin.Sham19Y0038093-ara1 | 1430MunicCabdHalimMahmud.ManahijMufassirin.ShamAY0001236-ara1,3
openiti:1431MuhammadSayyidTantawi.TafsirWasit,1431MuhammadSayyidTantawi.TafsirWasit,Multiple OpenITI digital versions of one work,1431MuhammadSayyidTantawi.TafsirWasit.Rafed0003931Vols-ara1 | 1431MuhammadSayyidTantawi.TafsirWasit.Sham19Y0023590-ara1 | 1431MuhammadSayyidTantawi.TafsirWasit.Tafsir07057-ara1,3
openiti:1432YahyaKhashshab.SafarNamah,1432YahyaKhashshab.SafarNamah,Multiple OpenITI digital versions of one work,1432YahyaKhashshab.SafarNamah.JK000392-ara1 | 1432YahyaKhashshab.SafarNamah.Shamela0006707-ara1 | 1432YahyaKhashshab.SafarNamah.Shia003490-ara1,3
openiti:1450Anonymous.AnwarYaqin,1450Anonymous.AnwarYaqin,Multiple OpenITI digital versions of one work,1450Anonymous.AnwarYaqin.Zaydiyya0000288-ara2 | 1450Anonymous.AnwarYaqin.Zaydiyya0000410Vols-ara1,2
openiti:1450Anonymous.KhatmMayyit,1450Anonymous.KhatmMayyit,Multiple OpenITI digital versions of one work,1450Anonymous.KhatmMayyit.Zaydiyya0000234-ara1 | 1450Anonymous.KhatmMayyit.Zaydiyya0000235-ara1,2
openiti:1450CabdKarimKhudayr.SharhAlfiyyatTabsira,1450CabdKarimKhudayr.SharhAlfiyyatTabsira,Multiple OpenITI digital versions of one work,1450CabdKarimKhudayr.SharhAlfiyyatTabsira.Shamela0001779-ara1 | 1450CabdKarimKhudayr.SharhAlfiyyatTabsira.Shamela0023769-ara1,2
openiti:1450CabdKarimKhudayr.SharhArbacinaNawawi,1450CabdKarimKhudayr.SharhArbacinaNawawi,Multiple OpenITI digital versions of one work,1450CabdKarimKhudayr.SharhArbacinaNawawi.JK010183-ara1 | 1450CabdKarimKhudayr.SharhArbacinaNawawi.Shamela0023423-ara1,2
openiti:1450CabdMajidBadawi.TarikhBukhara,1450CabdMajidBadawi.TarikhBukhara,Multiple OpenITI digital versions of one work,1450CabdMajidBadawi.TarikhBukhara.Masaha004565-ara1 | 1450CabdMajidBadawi.TarikhBukhara.ShamAY0033828-ara1,2
openiti:1450CasimQaryuti.MalahiqTacrifAhlTaqdis,1450CasimQaryuti.MalahiqTacrifAhlTaqdis,Multiple OpenITI digital versions of one work,1450CasimQaryuti.MalahiqTacrifAhlTaqdis.JK010902BK2-ara1 | 1450CasimQaryuti.MalahiqTacrifAhlTaqdis.Shamela0001186BK2-ara1 | 1450CasimQaryuti.MalahiqTacrifAhlTaqdis.Shia003340BK2-ara1,3
openiti:1450DarIftaMisriyya.FatawaDarIfta,1450DarIftaMisriyya.FatawaDarIfta,Multiple OpenITI digital versions of one work,1450DarIftaMisriyya.FatawaDarIfta.Sham30K0000432-ara1 | 1450DarIftaMisriyya.FatawaDarIfta.Shamela0000432-ara1,2
openiti:1450HusamDinMusaCaffana.Fatawa,1450HusamDinMusaCaffana.Fatawa,Multiple OpenITI digital versions of one work,1450HusamDinMusaCaffana.Fatawa.Shamela0009087-ara1 | 1450HusamDinMusaCaffana.Fatawa.Shamela0010517-ara1,2
openiti:1450KazimZaydi.MajmucRasailKazim,1450KazimZaydi.MajmucRasailKazim,Multiple OpenITI digital versions of one work,1450KazimZaydi.MajmucRasailKazim.Zaydiyya0000367-ara1 | 1450KazimZaydi.MajmucRasailKazim.Zaydiyya0000494-ara1 | 1450KazimZaydi.MajmucRasailKazim.Zaydiyya0000516-ara1 | 1450KazimZaydi.MajmucRasailKazim.Zaydiyya0000589-ara1,4
openiti:1450MajmacFikrIslami.MawsucatMuallifiImamiyya,1450MajmacFikrIslami.MawsucatMuallifiImamiyya,Multiple OpenITI digital versions of one work,1450MajmacFikrIslami.MawsucatMuallifiImamiyya.Shia003422Vols-ara1 | 1450MajmacFikrIslami.MawsucatMuallifiImamiyya.Zaydiyya0000242-ara1,2
openiti:1450MuhammadHadiYusufi.MawsucatTarikhIslam,1450MuhammadHadiYusufi.MawsucatTarikhIslam,Multiple OpenITI digital versions of one work,1450MuhammadHadiYusufi.MawsucatTarikhIslam.ShamAY0037152-ara1 | 1450MuhammadHadiYusufi.MawsucatTarikhIslam.Shia003656Vols-ara1,2
openiti:1450MuhammadHasanBakkai.TartibIslahMantiq,1450MuhammadHasanBakkai.TartibIslahMantiq,Multiple OpenITI digital versions of one work,1450MuhammadHasanBakkai.TartibIslahMantiq.JK010886-ara1 | 1450MuhammadHasanBakkai.TartibIslahMantiq.Shia003900-ara1,2
openiti:1450MuhammadIsmacilMuqaddam.CuluwwHimma,1450MuhammadIsmacilMuqaddam.CuluwwHimma,Multiple OpenITI digital versions of one work,1450MuhammadIsmacilMuqaddam.CuluwwHimma.Sham19Y0096278-ara1 | 1450MuhammadIsmacilMuqaddam.CuluwwHimma.ShamAY0001760-ara1,2
openiti:1450MuhammadYahyaCazzan.HayyCalaKhayrCamal,1450MuhammadYahyaCazzan.HayyCalaKhayrCamal,Multiple OpenITI digital versions of one work,1450MuhammadYahyaCazzan.HayyCalaKhayrCamal.Zaydiyya0000157-ara1 | 1450MuhammadYahyaCazzan.HayyCalaKhayrCamal.Zaydiyya0000465-ara1,2
openiti:1450MurtadaCaskari.MacalimMadrasatayn,1450MurtadaCaskari.MacalimMadrasatayn,Multiple OpenITI digital versions of one work,1450MurtadaCaskari.MacalimMadrasatayn.Shia001663Vols-ara1 | 1450MurtadaCaskari.MacalimMadrasatayn.Zaydiyya0000169-ara1,2
openiti:1450QasimCaliSacd.JamharatTarajimFuqahaMalikiyya,1450QasimCaliSacd.JamharatTarajimFuqahaMalikiyya,Multiple OpenITI digital versions of one work,1450QasimCaliSacd.JamharatTarajimFuqahaMalikiyya.Sham19Y0004324-ara1 | 1450QasimCaliSacd.JamharatTarajimFuqahaMalikiyya.ShamAY0034657-ara1,2
openiti:1450TullabKSU.IkmalTahdhibTarajimSaqita,1450TullabKSU.IkmalTahdhibTarajimSaqita,Multiple OpenITI digital versions of one work,1450TullabKSU.IkmalTahdhibTarajimSaqita.ShamAY0000958-ara1 | 1450TullabKSU.IkmalTahdhibTarajimSaqita.Shamela0037551-ara1,2
openiti:1450YasirCabdRahman.MawsucatAkhlaq,1450YasirCabdRahman.MawsucatAkhlaq,Multiple OpenITI digital versions of one work,1450YasirCabdRahman.MawsucatAkhlaq.Sham19Y0096918-ara1 | 1450YasirCabdRahman.MawsucatAkhlaq.ShamAY0002038-ara1,2
openiti:1450YusufBakar.SiyasatNamaNizamMulk,1450YusufBakar.SiyasatNamaNizamMulk,Multiple OpenITI digital versions of one work,1450YusufBakar.SiyasatNamaNizamMulk.JK000419-ara1 | 1450YusufBakar.SiyasatNamaNizamMulk.Shamela0008345-ara1,2
openiti:1450YusufHadi.HududCalam,1450YusufHadi.HududCalam,Multiple OpenITI digital versions of one work,1450YusufHadi.HududCalam.Rafed0002458-ara1 | 1450YusufHadi.HududCalam.Shamela0010809-ara1,2
hathi:006790012,UNRESOLVED,One Hathi bibliographic record contains 15 digitized volume items; do not count HTIDs as 15 works.,uva.x030214766 | coo.31924005505163 | 13 additional source-evidence items,15
